tree
version=v4
num_class=1
num_tree_per_iteration=1
label_index=0
max_feature_idx=27
objective=quantile
feature_names=sig_lag_1 sig_lag_2 sig_lag_3 sig_lag_7 sig_lag_14 sig_lag_21 sig_lag_28 sig_roll_mean_7 sig_roll_mean_14 sig_roll_mean_28 sig_roll_std_7 sig_roll_std_14 sig_roll_std_28 sig_zero_rate_7 sig_zero_rate_14 sig_zero_rate_28 promo_flag is_weekend is_holiday is_payday_week day_of_month month unit_cost_rp unit_price_rp margin_rp shelf_life_days is_perishable promised_lead_time_days
feature_infos=[0:72] [0:72] [0:72] [0:72] [0:72] [0:72] [0:72] [0:44] [0:44] [0:44] [0:22.786796511095964] [0:17.139376936115319] [0:16.069317439236894] [0:1] [0:1] [0:0.9642857142857143] [0:1] [0:1] [0:1] none [1:31] [1:5] [3633:54611] [4700:64300] [1067:16070] [92:917] [0:1] [2:4]
tree_sizes=1987 2113 2125 2169 2160 2158 2163 2155 2153 2168 2180 2163 2160 2158 2167 2170 2157 2190 2186 2183 2184 2177 2194 2181 2193 2185 2196 2195 2181 2192 2191 2193 2188 2202 2194 2191 2193 2202 2200 2205 2196 2196 2198 2206 2217 2208 2209 2173 2229 2215 2181 2189 2209 2178 2178 2181 2197 2200 2183 2170 2201 2197 2191 2205 2200 2188 2192 2195 2201 2199 2198 2226 2203 2190 2202 2206 2200 2195 2188 2211 2200 2200 2221 2188 2184 2182 2195 2197 2217 2198 2200 2205 2211 2203 2223 2214 2202 2226 2190 2205 2211 2191 2192 2210 2198 2178 2179 2194 2221 2230 2199 2217 2221 2200 2175 2214 2193 2206 2201 2209 2223 2232 2219 2229 2218 2222 2229 2184 2207 2216 2209 2178 2220 2198 2220 2194 2234 2200 2212 2196 2188 2195 2221 2195 2204 2199 2210 2193 2197 2193 2199 2190 2191 2181 2218 2227 2199 2194 2200 2193 2190 2200 2193 2185 2208 2198 2166 2213 2209 2211 2207 2192 2195 2196 2212 2225 2193 2221 2213 2191

Tree=0
num_leaves=23
num_cat=0
split_feature=9 9 9 9 9 24 16 25 24 20 20 25 8 11 10 24 0 0 7 9 9 12
split_gain=2868.78 109.331 72.5115 14.722 10.6549 7.16595 5.93477 4.0315 3.88538 3.20742 2.85878 2.84105 2.78914 2.64374 2.11572 1.93348 1.82376 1.80494 1.68547 1.59392 1.88418 1.18713
threshold=5.8571475160156901 8.7171428571428589 4.6726190476190483 2.5714480930513881 11.00390880604777 4472.0000000000009 1.0000000180025095e-35 210.50000000000003 10081.000000000002 23.500000000000004 13.500000000000002 166.00000000000003 5.7074308839208543 3.8171324550682155 2.3248185358047766 9349.5000000000018 4.9584559719734012 3.9805079009487661 7.2898096838443935 6.179742730425505 6.6589897138451519 2.7584249131554466
decision_type=2 2 2 2 2 2 2 2 2 2 2 2 2 2 2 2 2 2 2 2 2 2
left_child=2 5 3 -1 -3 19 8 9 -5 10 16 -4 14 -12 15 -13 -7 -9 -18 -2 -21 -11
right_child=1 4 11 6 -6 7 -8 17 -10 21 13 12 -14 -15 -16 -17 18 -19 -20 20 -22 -23
leaf_value=4.8600000000000003 5 5.1399999999999997 5.0525000000000002 4.926666662693024 5.4199999999999999 5.0350000000000001 4.9649999999999999 5.0700000000000003 4.9299999999999997 5.0700000000000003 5.0281550502777099 4.9649999999999999 5.0350000000000001 5.0700000000000003 5.0021794807910922 5 5.0700000000000003 5.0700000000000003 5.1050000000000004 5.0700000000000003 5.0350000000000001 5.1050000000000004
leaf_weight=5295 54 1311 66 2293 4776 85 142 63 482 50 214 187 92 90 86 57 132 1042 199 88 198 171
leaf_count=5295 54 1311 66 2293 4776 85 142 63 482 50 214 187 92 90 86 57 132 1042 199 88 198 171
internal_value=4.99921 5.0137 4.98509 4.98431 5.01619 5.00731 4.98642 5.0081 4.98605 5.00629 5.00504 4.99826 4.99717 5.00232 4.99566 4.99403 5.00694 5.00959 5.00812 5.00249 5.00355 5.01007
internal_weight=17173 8473 8700 8212 6087 2386 2917 2046 2775 941 720 488 422 304 330 244 416 1105 331 340 286 221
internal_count=17173 8473 8700 8212 6087 2386 2917 2046 2775 941 720 488 422 304 330 244 416 1105 331 340 286 221
is_linear=0
shrinkage=1


Tree=1
num_leaves=23
num_cat=0
split_feature=9 9 9 9 9 9 16 20 21 20 22 25 20 20 20 27 8 0 12 10 22 9
split_gain=2574.78 154.626 45.2283 14.5295 10.8868 9.67362 9.15158 2.82457 2.66927 3.58005 2.51204 3.64558 2.41036 3.3381 2.27477 2.02081 1.93413 1.52406 1.80151 1.44398 1.41644 1.41117
threshold=5.0010043527900683 8.7171428571428589 2.2581248134303693 6.179742730425505 11.00390880604777 3.7866219275002684 1.0000000180025095e-35 23.500000000000004 1.5000000000000002 11.500000000000002 25082.000000000004 233.00000000000003 29.500000000000004 30.500000000000004 22.500000000000004 3.5000000000000004 4.0036998727253499 6.2773772910142949 2.5998907441972867 3.0937725468153898 47274.500000000007 1.3566482833550577
decision_type=2 2 2 2 2 2 2 2 2 2 2 2 2 2 2 2 2 2 2 2 2 2
left_child=2 3 21 8 -3 6 12 10 14 17 -5 -12 16 -14 -2 20 -4 18 -10 -11 -7 -1
right_child=1 4 5 7 -6 15 -8 -9 9 19 11 -13 13 -15 -16 -17 -18 -19 -20 -21 -22 -23
leaf_value=-0.17010000000000003 -0.033774999999999999 0.13510000000000003 -0.084296790754795098 0.033774999999999999 0.40530000000000005 -0.067433333194255846 -0.033774999999999999 0.101325 0.068162500000000001 0.0099923231184482486 0.067549999999999999 0.067549999999999999 -0.030100000000000016 -0.085075017011165641 0.035574359086155895 -0.022433337962627423 -0.067433333194255846 0.067549999999999999 0 -0.0012250000000000052 -0.067549999999999999 -0.10010000000000002
leaf_weight=2363 221 1304 2960 221 4821 128 145 517 65 135 638 786 77 53 54 67 77 67 46 52 298 2060
leaf_count=2363 221 1304 2960 221 4821 128 145 517 65 135 638 786 77 53 54 67 77 67 46 52 298 2060
internal_value=4.8951e-05 0.0130643 -0.0140693 0.00622818 0.0161811 -0.0112257 -0.0119181 0.00759922 0.00154651 0.0035 0.00680909 0.00736004 -0.012314 -0.00687037 -0.001 -0.00646586 -0.0125296 0.00698087 0.00392241 0 -0.00734919 -0.0164962
internal_weight=17155 8927 8228 2802 6125 3805 3312 2162 640 365 1645 1424 3167 130 275 493 3037 178 111 187 426 4423
internal_count=17155 8927 8228 2802 6125 3805 3312 2162 640 365 1645 1424 3167 130 275 493 3037 178 111 187 426 4423
is_linear=0
shrinkage=0.035


Tree=2
num_leaves=23
num_cat=0
split_feature=9 9 9 9 9 9 16 24 15 25 24 0 20 21 27 20 20 11 20 16 20 6
split_gain=2593.53 149.666 47.2158 15.705 10.5237 10.1413 7.58532 5.48101 3.90054 3.37511 2.6044 2.56418 2.9466 1.97182 1.86099 1.84979 2.23757 2.51799 2.29722 1.77331 1.44853 1.78228
threshold=5.0010043527900683 8.7171428571428589 2.5000195216228165 6.0000046588728333 11.00390880604777 3.7866219275002684 1.0000000180025095e-35 4472.0000000000009 0.20416666666666669 210.50000000000003 11523.000000000002 6.9686127082414542 12.500000000000002 2.5000000000000004 3.5000000000000004 23.500000000000004 13.500000000000002 3.7227072302619812 7.5000000000000009 1.0000000180025095e-35 4.5000000000000009 6.9747745027976142
decision_type=2 2 2 2 2 2 2 2 2 2 2 2 2 2 2 2 2 2 2 2 2 2
left_child=2 3 8 11 -3 6 10 13 19 15 -4 -2 -13 -5 -7 16 18 -18 20 -1 21 -9
right_child=1 4 5 7 -6 14 -8 9 -10 -11 -12 12 -14 -15 -16 -17 17 -19 -20 -21 -22 -23
leaf_value=-0.096596500000000016 -0.001160687499999984 0.1303715 -0.072524307386219511 -0.0024071250000000169 0.39111450000000003 -0.0650731665324569 -0.032592874999999986 0.031410750000000008 -0.13159650000000001 0.065185750000000001 -0.064599612323582162 0.067812768690854314 0.00026276869085432256 0.034217705315962431 -0.015489833171308047 0.097778624999999994 0.031650323240280165 0.065185750000000001 0.09896075 -0.061596500000000005 0.030164312500000005 0.09896075
leaf_weight=2106 381 1289 2262 108 4814 414 126 68 2979 1077 244 59 70 216 65 205 186 96 169 83 103 59
leaf_count=2106 381 1289 2262 108 4814 414 126 68 2979 1077 244 59 70 216 65 205 186 96 169 83 103 59
internal_value=0 0.0131137 -0.0140946 0.00638294 0.0161878 -0.010637 -0.0115008 0.00761998 -0.0161604 0.00832317 -0.0119245 0.000781553 0.00496269 0.00324468 -0.00578512 0.00657969 0.00556122 0.0029878 0.00727723 -0.01482 0.00469149 0.00715909
internal_weight=17179 8900 8279 2797 6103 3111 2632 2287 5168 1963 2506 510 129 324 479 886 681 282 399 2189 230 127
internal_count=17179 8900 8279 2797 6103 3111 2632 2287 5168 1963 2506 510 129 324 479 886 681 282 399 2189 230 127
is_linear=0
shrinkage=0.035


Tree=3
num_leaves=23
num_cat=0
split_feature=8 8 8 8 8 8 8 20 24 16 16 24 5 20 22 20 22 20 20 6 6 6
split_gain=2518.5 133.1 42.5372 15.2971 12.8657 11.726 7.42781 5.75634 5.33841 5.32518 4.68133 3.32697 3.39281 3.22693 2.84565 2.47217 2.38967 2.36628 2.78739 2.14945 2.04897 2.03639
threshold=5.0056043956043963 8.9736488350169576 2.9845125473974528 6.3410822967592075 1.7847258520610045 13.203768832316007 4.0036998727253499 22.500000000000004 5252.0000000000009 1.0000000180025095e-35 1.0000000180025095e-35 4685.0000000000009 5.0127769206881263 26.500000000000004 52360.000000000007 23.500000000000004 33201.500000000007 29.500000000000004 30.500000000000004 6.9747745027976142 4.0075510609739959 6.2149784522836695
decision_type=2 2 2 2 2 2 2 2 2 2 2 2 2 2 2 2 2 2 2 2 2 2
left_child=2 3 4 11 -1 14 10 8 21 17 13 12 -2 -4 -3 20 -13 -6 -19 -18 -8 -5
right_child=1 5 6 7 9 -7 15 -9 -10 -11 -12 16 -14 -15 -16 -17 19 18 -20 -21 -22 -23
leaf_value=-0.12821562249999999 -0.03241971408483476 0.16080849750000001 -0.062338625892256784 0.030542561926870368 -0.093215622499999998 0.41242549249999999 -0.062795605703820909 0.096722123749999986 0.062904248749999989 -0.044542402285232541 -0.030292656773182002 0.065803537138902302 0.031395255313941314 -0.028841482435738169 0.055808497500000005 0.0025523109896877518 0.0041572799455680005 -0.026508149241482343 -0.093215622499999998 0.06172212375000001 -0.032447689010312253 0.062904248749999989
leaf_weight=3331 190 1940 1263 333 2861 3975 140 601 1023 121 70 144 93 141 76 57 244 77 57 98 177 192
leaf_count=3331 190 1940 1263 333 2861 3975 140 601 1023 121 70 144 93 141 76 57 244 77 57 98 177 192
internal_value=-0.000121012 0.0127962 -0.0139958 0.00663958 -0.0153464 0.0157839 -0.00924582 0.00815692 0.00695267 -0.013631 -0.0103769 0.00235142 -0.000607639 -0.010818 0.0134649 -0.00466359 0.00409878 -0.01393 -0.00843525 0.00237032 -0.00586957 0.00396226
internal_weight=17204 8909 8295 2918 6447 5991 1848 2149 1548 3116 1474 769 283 1404 2016 374 486 2995 134 342 317 525
internal_count=17204 8909 8295 2918 6447 5991 1848 2149 1548 3116 1474 769 283 1404 2016 374 486 2995 134 342 317 525
is_linear=0
shrinkage=0.035


Tree=4
num_leaves=23
num_cat=0
split_feature=9 9 9 9 9 9 16 20 24 20 23 9 22 2 6 1 25 27 20 6 20 20
split_gain=2506.24 135.59 45.7308 13.8311 11.9998 11.5447 12.0696 4.01797 3.76779 2.87554 2.43672 1.83586 2.14044 2.01039 1.80516 2.24104 1.76242 1.91394 2.28733 1.70154 1.70012 3.08606
threshold=5.0010043527900683 8.7171428571428589 2.2581248134303693 6.179742730425505 13.559095523217161 3.6567302843784719 1.0000000180025095e-35 27.500000000000004 4472.0000000000009 29.500000000000004 21250.000000000004 8.1809193133760143 31797.000000000004 11.852133989485408 7.8497385984851009 5.2938371853575159 637.50000000000011 3.5000000000000004 25.500000000000004 6.006203158824877 6.5000000000000009 12.500000000000002
decision_type=2 2 2 2 2 2 2 2 2 2 2 2 2 2 2 2 2 2 2 2 2 2
left_child=2 3 -1 10 14 6 9 8 -5 -4 -2 12 -10 20 15 -3 17 18 -7 -12 -14 -22
right_child=1 4 5 7 -6 16 -8 -9 11 -11 19 -13 13 -15 -16 -17 -18 -19 -20 -21 21 -23
leaf_value=-0.1206764200444798 -0.067642560944530791 0.060686085830755604 -0.0755455055323596 0.030326265646500865 0.39799060026249999 -0.060613753797591916 -0.026964577587499997 0.12597109879374999 0.060702600043749999 -0.042628857939787219 0.0035824390554692223 0.086109230724444569 0.028109725043750013 0.025702600043749996 0.15518020008750003 0.12360684879375002 -0.061659936588459974 0.0043583239467249032 -0.024762742853091359 0.030643297455424413 0.095724412700000011 0.050905370918383756
leaf_weight=4432 45 114 2880 255 3758 382 147 219 293 110 447 326 201 108 1365 817 115 54 65 143 224 509
leaf_count=4432 45 114 2880 255 3758 382 147 219 293 110 447 326 201 108 1365 817 115 54 65 143 224 509
internal_value=-0.000156342 0.0127786 -0.0141026 0.00633784 0.0157151 -0.0112134 -0.0120863 0.00768692 0.00711478 -0.0125684 0.00175 0.00773109 0.00705224 0.00620105 0.0135908 0.0120406 -0.00667874 -0.00560277 -0.00634956 0.00238235 0.0067279 0.00754065
internal_weight=17009 8824 8185 2770 6054 3753 3137 2135 1916 2990 635 1661 1335 1042 2296 931 616 501 447 590 934 733
internal_count=17009 8824 8185 2770 6054 3753 3137 2135 1916 2990 635 1661 1335 1042 2296 931 616 501 447 590 934 733
is_linear=0
shrinkage=0.035


Tree=5
num_leaves=23
num_cat=0
split_feature=9 9 9 9 9 24 16 4 25 6 23 24 9 12 20 9 20 8 20 12 10 22
split_gain=2485.58 145.522 41.5773 15.5898 12.027 10.5592 7.09299 4.25469 3.41111 3.02272 2.79687 2.75485 2.74758 2.12525 2.08158 2.04665 2.03379 1.85241 1.58234 1.50994 1.70081 1.43519
threshold=4.6726190476190483 8.1809193133760143 2.321297033566406 15.672619047619049 6.0000046588728333 10081.000000000002 1.0000000180025095e-35 5.9680479807034317 191.00000000000003 9.0039695662631729 21250.000000000004 7066.5000000000009 10.03132202993814 3.8228808250260653 23.500000000000004 1.3566482833550577 29.500000000000004 4.0036998727253499 12.500000000000002 3.3051050908088722 1.5118578920369083 31797.000000000004
decision_type=2 2 2 2 2 2 2 2 2 2 2 2 2 2 2 2 2 2 2 2 2 2
left_child=2 4 15 7 10 6 16 8 -3 11 -2 13 -9 14 18 -1 17 -4 -6 20 -12 -13
right_child=1 3 5 -5 9 -7 -8 12 -10 -11 19 21 -14 -15 -16 -17 -18 -19 -20 -21 -22 -23
leaf_value=-0.15082940101094325 -0.082162571311472199 0.019673182083423543 -0.071606341110042965 0.41906092925331251 0.035573238833663916 -0.057512681292395201 -0.029448121172376131 0.091287641825587421 0.11474889308443752 0.089567265705428292 -0.019205131940694068 0.058578009042218757 0.1913658880844375 -0.0057547498816264073 0.06139117052027538 -0.085729401010943215 -0.053986940089216659 -0.0576928768806729 0.025375599613476945 -0.037335875971881892 0.030513954934958298 0.056555161436606556
leaf_weight=2381 50 51 2677 3245 202 509 137 916 549 308 50 280 1705 66 119 2222 115 145 205 49 428 718
leaf_count=2381 50 51 2677 3245 202 509 137 916 549 308 50 280 1705 66 119 2222 115 145 205 49 428 718
internal_value=-0.000261499 0.0124922 -0.0141927 0.0152554 0.00525 -0.0113155 -0.0121005 0.0134423 0.0104421 0.00659354 0.000781787 0.00591379 0.0141013 0.00389866 0.00464689 -0.0164138 -0.0124677 -0.0126716 0.00331311 0.00157895 0.00221014 0.0070663
internal_weight=17127 8941 8186 6466 2475 3583 3074 3221 600 1898 577 1590 2621 592 526 4603 2937 2822 407 527 478 998
internal_count=17127 8941 8186 6466 2475 3583 3074 3221 600 1898 577 1590 2621 592 526 4603 2937 2822 407 527 478 998
is_linear=0
shrinkage=0.035


Tree=6
num_leaves=23
num_cat=0
split_feature=9 9 9 9 8 9 16 9 20 24 20 24 11 22 16 11 8 20 22 9 11 20
split_gain=2503.05 142.585 44.1488 16.8035 10.6311 9.43079 8.74869 4.9703 4.65633 5.10051 2.65442 2.65384 2.74846 2.6662 2.19555 2.13043 2.0748 1.98359 1.92969 1.86052 1.85973 1.66623
threshold=5.0010043527900683 8.7171428571428589 2.5714480930513881 6.179742730425505 13.000357142857146 3.7156373141723038 1.0000000180025095e-35 1.3566482833550577 22.500000000000004 5252.0000000000009 13.500000000000002 4685.0000000000009 2.4314785444432601 33201.500000000007 1.0000000180025095e-35 2.897998786779457 6.3410822967592075 7.5000000000000009 52360.000000000007 4.6726190476190483 2.3268157275482158 29.500000000000004
decision_type=2 2 2 2 2 2 2 2 2 2 2 2 2 2 2 2 2 2 2 2 2 2
left_child=2 3 7 11 18 6 21 -1 9 10 17 12 20 -13 -9 -14 -10 -5 -3 -7 -2 -4
right_child=1 4 5 8 -6 19 -8 14 16 -11 -12 13 15 -15 -16 -17 -18 -19 -20 -21 -22 -23
leaf_value=-0.14555037197556023 -3.8162302211217638e-05 0.1246621358421194 -0.05608520564050179 0.026950302148867799 0.36939379672944656 -0.056196439259664784 -0.027918695838421177 -0.082728871975560198 0.027708089628522441 0.055786057761916599 0.018947867111983981 0.080739496430945398 0.066443069726457346 0.026473424508060249 -0.047728871975560194 -0.003237265706912225 0.085762900079175947 0.0898327162788813 0.045370787371152695 -0.028245308923499163 -0.061786881315570676 -0.055273257121832259
leaf_weight=2360 77 2051 2202 190 4048 461 116 2847 102 1085 195 78 68 272 101 55 482 122 58 77 90 80
leaf_count=2360 77 2051 2202 190 4048 461 116 2847 102 1085 195 78 68 272 101 55 482 122 58 77 90 80
internal_value=-0.000152421 0.0126348 -0.0140717 0.00608561 0.0156199 -0.0105738 -0.0115283 -0.0159914 0.00755044 0.00649812 0.00348633 0.00105814 -0.00136441 0.00310563 -0.0148806 0.00246094 0.0103098 0.0054653 0.0134603 -0.00622007 -0.00427326 -0.0120059
internal_weight=17217 8973 8244 2816 6157 2936 2398 5308 2176 1592 507 640 290 350 2948 123 584 312 2109 538 167 2282
internal_count=17217 8973 8244 2816 6157 2936 2398 5308 2176 1592 507 640 290 350 2948 123 584 312 2109 538 167 2282
is_linear=0
shrinkage=0.035


Tree=7
num_leaves=23
num_cat=0
split_feature=9 9 9 9 9 16 20 22 22 15 3 1 25 20 11 20 8 12 20 3 0 20
split_gain=2484.71 137.314 43.0919 19.2359 13.383 10.0424 6.71404 6.68358 4.64895 3.83731 3.35467 3.20812 2.33707 2.25709 2.17998 2.08656 1.94487 1.84795 1.64101 1.63025 2.28428 1.56264
threshold=4.6726190476190483 8.7171428571428589 2.5000195216228165 6.179742730425505 14.335642961906251 1.0000000180025095e-35 23.500000000000004 47274.500000000007 25082.000000000004 0.19615384615384621 5.0127769206881263 5.6639676383952429 233.00000000000003 13.500000000000002 3.7227072302619812 29.500000000000004 6.0000093177456657 2.5727776279586263 7.5000000000000009 5.7672630030662937 15.950345293025352 4.5000000000000009
decision_type=2 2 2 2 2 2 2 2 2 2 2 2 2 2 2 2 2 2 2 2 2 2
left_child=2 3 9 10 -3 7 8 15 -5 -1 11 -2 13 18 -15 -4 -8 -14 21 20 -6 -10
right_child=1 4 5 6 19 -7 16 -9 12 -11 -12 -13 17 14 -16 -17 -18 -19 -20 -21 -22 -23
leaf_value=-0.079833361456415577 -0.030448393888150786 0.13868791224700802 -0.059960759430218065 0.024718863375675158 0.15711593510982655 -0.024172352603156023 0.052295936706398642 -0.053536755249743828 0.057581441995270446 -0.1136083614564156 0.027599868006714847 0.027468200656281059 0.020786816995270432 0.022056517345381384 0.051968404982522053 -0.02624266955069144 0.084126257376727701 0.05498896938965827 0.086688571209120477 0.39146501384391591 0.28646501384391593 0.021107522162964076
leaf_weight=2141 297 2528 2316 225 82 145 55 477 116 2986 274 149 203 164 95 88 473 604 155 3355 133 92
leaf_count=2141 297 2528 2316 225 82 145 55 477 116 2986 274 149 203 164 95 88 473 604 155 3355 133 92
internal_value=-0.000199907 0.0124745 -0.0141922 0.00618249 0.0154584 -0.0108256 0.00781779 -0.0112786 0.00665612 -0.0161633 0.00118276 -0.000659645 0.0073954 0.00561005 0.00291667 -0.0120517 0.0113274 0.0087069 0.00741848 0.016893 0.0127273 0.00501174
internal_weight=17153 9000 8153 2902 6098 3026 2182 2881 1654 5127 720 446 1429 622 259 2404 528 807 363 3570 215 208
internal_count=17153 9000 8153 2902 6098 3026 2182 2881 1654 5127 720 446 1429 622 259 2404 528 807 363 3570 215 208
is_linear=0
shrinkage=0.035


Tree=8
num_leaves=23
num_cat=0
split_feature=9 9 9 9 7 24 16 21 20 9 9 3 0 24 6 20 12 20 2 10 25 20
split_gain=2377.29 113.69 50.0143 17.8328 15.406 13.2993 10.0516 4.916 4.69274 4.29389 3.93983 3.34572 3.41727 2.79869 2.66165 2.54336 3.55458 2.51419 2.29933 2.2388 2.226 1.85203
threshold=5.4630697224330254 8.7171428571428589 2.5714480930513881 4.0416958810886738 13.002427551174311 4472.0000000000009 1.0000000180025095e-35 1.5000000000000002 29.500000000000004 2.2581248134303693 6.179742730425505 5.9978252760003432 14.523794177969004 11523.000000000002 10.000130448439306 22.500000000000004 2.3957082438014008 12.500000000000002 5.9978252760003432 2.2886885410853224 233.00000000000003 22.500000000000004
decision_type=2 2 2 2 2 2 2 2 2 2 2 2 2 2 2 2 2 2 2 2 2 2
left_child=2 5 9 6 14 7 8 -2 13 -1 19 12 -6 -4 21 16 18 -9 -12 -7 -18 -3
right_child=1 4 3 -5 11 10 -8 17 -10 -11 15 -13 -14 -15 -16 -17 20 -19 -20 -21 -22 -23
leaf_value=-0.10388694130544104 -0.039818406694219752 0.10262049743864403 -0.053686847494508388 -0.0205642940250855 0.14096595611507201 0.057324849726469111 -0.026095509142965986 0.034934431146243249 -0.02167908684773286 -0.077259070233478944 -0.016096145248972796 0.3427637383593789 0.2414387383593789 -0.05166296881600279 0.15801472884033452 0.078972959964209902 0.054953591525435982 0.013782865576273159 0.019261430794823793 -0.0008543423242723592 0.053064355461020236 0.14235479421515634
leaf_weight=4414 120 1070 2102 392 91 189 127 156 95 886 45 3706 161 338 760 482 585 220 105 119 638 289
leaf_count=4414 120 1070 2102 392 91 189 127 156 95 886 45 3706 161 338 760 482 585 220 105 119 638 289
internal_value=-0.000390026 0.0123707 -0.0137358 -0.0101201 0.015014 0.00630631 -0.0111483 0.00108283 -0.0116299 -0.0158044 0.00749077 0.016343 0.011644 -0.0119315 0.0124906 0.00811022 0.00723875 0.00307743 0.00191935 0.00363419 0.00786645 0.0113673
internal_weight=17090 8736 8354 3054 6077 2659 2662 496 2535 5300 2163 3958 252 2440 2119 1855 1373 376 150 308 1223 1359
internal_count=17090 8736 8354 3054 6077 2659 2662 496 2535 5300 2163 3958 252 2440 2119 1855 1373 376 150 308 1223 1359
is_linear=0
shrinkage=0.035


Tree=9
num_leaves=23
num_cat=0
split_feature=8 8 8 8 8 8 16 25 16 20 24 24 4 20 5 23 20 20 8 7 12 8
split_gain=2302.67 122.972 36.2308 23.791 16.1268 8.74369 7.17065 5.93297 5.66573 5.38456 5.3682 4.1178 3.55071 3.07407 2.33469 2.16581 2.01616 2.22355 1.99887 1.69598 1.65689 1.65586
threshold=4.8263308037724721 8.8592600247559705 2.9845125473974528 15.433015574650915 6.3410822967592075 1.2844387755102045 1.0000000180025095e-35 277.00000000000006 1.0000000180025095e-35 24.500000000000004 9349.5000000000018 5252.0000000000009 7.0056524229269748 25.500000000000004 5.0127769206881263 37400.000000000007 29.500000000000004 30.500000000000004 4.0036998727253499 12.004964222543288 4.8041526812563085 6.5023426037081506
decision_type=2 2 2 2 2 2 2 2 2 2 2 2 2 2 2 2 2 2 2 2 2 2
left_child=2 4 5 12 7 -1 16 15 10 11 18 -6 -3 14 -9 -2 -7 -18 -4 -14 21 -13
right_child=1 3 8 -5 9 6 -8 13 -10 -11 -12 20 19 -15 -16 -17 17 -19 -20 -21 -22 -23
leaf_value=-0.13284377335975064 -0.043309735984296556 0.1000765109716059 -0.049190497914870429 0.36576700751680064 0.028927272053880147 -0.073403150859750591 -0.03827244423319473 -0.026730167450990629 -0.019646326745301784 0.087288968971786673 -0.049854764907442693 0.015956332666962735 0.13024211790801021 0.034554907658272502 0.021532928343119619 0.033394937280879035 -0.035974588359750613 -0.076053401208776863 -0.032425232349170427 0.16992031480895103 0.023063901117121647 0.051207103019884515
leaf_weight=2243 46 772 1141 3253 563 3853 157 236 82 441 399 66 1141 48 89 431 106 70 180 821 56 960
leaf_count=2243 46 772 1141 3253 563 3853 157 236 82 441 399 66 1141 48 89 431 106 70 180 821 56 960
internal_value=-0.000535433 0.0117764 -0.0138836 0.0146554 0.0058849 -0.0151228 -0.0140927 0.0017807 -0.00942308 0.00754065 -0.00985072 0.00655455 0.0121714 -0.00148148 -0.00275758 0.00435685 -0.0143852 -0.00976519 -0.010954 0.0130338 0.00784039 0.0081644
internal_weight=17154 8923 8231 5987 2936 6429 4186 850 1802 2086 1720 1645 2734 373 325 477 4029 176 1321 1962 1082 1026
internal_count=17154 8923 8231 5987 2936 6429 4186 850 1802 2086 1720 1645 2734 373 325 477 4029 176 1321 1962 1082 1026
is_linear=0
shrinkage=0.035


Tree=10
num_leaves=23
num_cat=0
split_feature=9 9 9 9 9 24 24 9 16 12 9 25 25 20 20 12 22 20 20 16 0 12
split_gain=2249.96 126.053 34.7343 25.1809 16.4989 8.08382 7.34396 6.20923 5.73379 5.16482 4.82215 2.84296 4.07863 2.75596 2.62549 2.2754 3.06586 2.86944 4.34074 1.97101 1.95719 2.99812
threshold=4.6726190476190483 10.03132202993814 2.5714480930513881 6.1071475160156901 15.672619047619049 10081.000000000002 4472.0000000000009 1.2974831614982973 1.0000000180025095e-35 3.0359399231426196 8.1809193133760143 277.00000000000006 421.00000000000006 22.500000000000004 29.500000000000004 2.3957082438014008 31797.000000000004 13.500000000000002 7.5000000000000009 1.0000000180025095e-35 12.035714285714286 6.3030390952350634
decision_type=2 2 2 2 2 2 2 2 2 2 2 2 2 2 2 2 2 2 2 2 2 2
left_child=2 3 7 11 9 8 -5 -1 14 -3 13 -2 -13 15 -4 -8 -17 18 -18 -9 21 -11
right_child=1 4 5 6 -6 -7 10 19 -10 20 -12 12 -14 -15 -16 16 17 -19 -20 -21 -22 -23
leaf_value=-0.12819424129215937 0.023446546803827087 0.034345323847990043 -0.05419179178381172 0.023976202584331772 0.35296516225371261 -0.048109848135682184 0.015296705442512406 -0.070834040579659335 -0.024993285979798399 0.12748223674994485 0.079566194021743197 -0.075898282950953133 -0.00019598153471287461 0.071661968012562277 -0.026951386752839698 0.049482692878129557 0.02121425158315985 0.020024593101665066 0.083483225000719585 -0.038288615311588794 0.17043032768284966 0.098405706076511085
leaf_weight=2283 313 53 2169 307 3287 510 166 2877 118 1021 1160 56 283 422 81 188 269 288 215 107 871 95
leaf_count=2283 313 53 2169 307 3287 510 166 2877 118 1021 1160 56 283 422 81 188 269 288 215 107 871 95
internal_value=-0.000432804 0.011631 -0.0137552 0.00661492 0.0150713 -0.0106044 0.00796192 -0.0154619 -0.0114823 0.0124853 0.00854681 0.000346271 -0.0018314 0.00717804 -0.0118814 0.00617374 0.00683679 0.00574324 0.00740798 -0.0142799 0.0127736 0.0115366
internal_weight=17139 8994 8145 3667 5327 2878 3015 5267 2368 2040 2708 652 339 1548 2250 1126 960 772 484 2984 1987 1116
internal_count=17139 8994 8145 3667 5327 2878 3015 5267 2368 2040 2708 652 339 1548 2250 1126 960 772 484 2984 1987 1116
is_linear=0
shrinkage=0.035


Tree=11
num_leaves=23
num_cat=0
split_feature=9 9 9 9 9 9 16 24 12 20 25 9 12 20 20 2 12 24 22 2 20 12
split_gain=2173.64 114.563 34.1488 22.8191 14.6302 9.34476 7.79134 6.44511 4.58671 3.82447 3.20475 3.1787 3.08946 2.91933 3.92212 2.65059 3.39795 2.30628 2.74597 2.54189 2.25756 1.84353
threshold=4.6726190476190483 10.03132202993814 1.7184794675355068 6.179742730425505 16.134658032596921 3.6005036195605942 1.0000000180025095e-35 4472.0000000000009 3.0359399231426196 22.500000000000004 191.00000000000003 7.3044554304393552 2.3500135178256505 29.500000000000004 30.500000000000004 5.6225331621782955 2.9243610878923083 4472.0000000000009 34795.000000000007 4.9584559719734012 25.500000000000004 1.8804062922096489
decision_type=2 2 2 2 2 2 2 2 2 2 2 2 2 2 2 2 2 2 2 2 2 2
left_child=2 3 -1 15 8 6 13 20 -3 10 -9 -11 -12 -4 -15 17 -17 19 -19 -2 -5 -8
right_child=1 4 5 7 -6 -7 21 9 -10 11 12 -13 -14 14 -16 16 -18 18 -20 -21 -22 -23
leaf_value=-0.10212984915937125 0.0020062495304388997 0.065941010809605585 -0.068354849159371261 0.02089209709925241 0.34061138157483267 -0.046534944489483004 -0.036948513775683187 0.039854704375046547 0.14496942722572348 0.041093179418134486 0.015928496119997349 0.095135962010649486 0.057506632904809833 -0.011942437662545409 -0.06826209039715532 0.029168273222252718 -0.011557286238121574 0.054134076505787616 -0.0092962041766004779 -0.039957902438216723 0.058557368556216391 0.0035263988371536928
leaf_weight=3145 89 59 4082 245 3143 606 134 311 2087 220 143 494 1496 104 64 211 59 115 122 124 51 57
leaf_count=3145 89 59 4082 245 3143 606 134 311 2087 220 143 494 1496 104 64 211 59 115 122 124 51 57
internal_value=-0.000473028 0.0114275 -0.0135034 0.00666282 0.0147299 -0.0116805 -0.0122492 0.00802108 0.0123907 0.00856969 0.00768926 0.0108797 0.00832421 -0.0125646 -0.00738439 0.00103793 0.00375455 -0.000576923 0.00173554 -0.00321101 0.00296512 -0.005
internal_weight=17161 8969 8192 3680 5289 5047 4441 2960 2146 2664 1950 714 1639 4250 168 720 270 450 237 213 296 191
internal_count=17161 8969 8192 3680 5289 5047 4441 2960 2146 2664 1950 714 1639 4250 168 720 270 450 237 213 296 191
is_linear=0
shrinkage=0.035


Tree=12
num_leaves=23
num_cat=0
split_feature=9 8 9 9 9 9 4 16 1 24 25 12 15 24 10 10 20 20 9 6 7 22
split_gain=2113.68 114.025 46.7841 22.5557 16.6225 11.5028 6.62662 6.06832 3.80002 2.88929 3.33717 2.71283 2.20777 2.13891 2.18079 2.25975 2.1387 4.02055 1.82113 1.76608 2.49 1.75472
threshold=5.0010043527900683 8.7841199852211975 1.7184794675355068 16.134658032596921 6.179742730425505 3.7866219275002684 5.9680479807034317 1.0000000180025095e-35 6.9966807769941894 4472.0000000000009 210.50000000000003 2.5727776279586263 0.085144927536231887 4472.0000000000009 2.2175168379162637 2.19152661386611 29.500000000000004 30.500000000000004 6.8971923788929539 6.086651859151325 6.7131055452484034 33201.500000000007
decision_type=2 2 2 2 2 2 2 2 2 2 2 2 2 2 2 2 2 2 2 2 2 2
left_child=2 4 -1 6 13 7 8 16 -3 18 19 -12 -9 14 15 -2 -4 -18 -6 20 -11 -15
right_child=1 3 5 -5 9 -7 -8 12 -10 10 11 -13 -14 21 -16 -17 17 -19 -20 -21 -22 -23
leaf_value=-0.098555304438793248 -0.00064855706458940795 0.030835302134974197 -0.064737429438793251 0.32868998321971354 0.045509849078621496 -0.045639736954655029 0.12438883345786024 -0.021674667783358536 0.09260728890513685 0.044552397298436533 0.022204936400877628 0.056532557141276994 -0.03858387850105114 0.060723909675816243 0.0044243543510160939 -0.060648114067930622 -0.014512304293335993 -0.065872917233254877 0.011345180067854966 0.066979464111158613 0.018116323193955945 0.019564148023873136
leaf_weight=3117 91 107 4269 3155 126 480 2418 133 403 167 258 869 71 78 122 68 105 73 147 359 259 273
leaf_count=3117 91 107 4269 3155 126 480 2418 133 403 167 258 869 71 78 122 68 105 73 147 359 259 273
internal_value=-0.00031117 0.011514 -0.0130725 0.0142116 0.00566797 -0.0109852 0.0119272 -0.0115238 0.0080534 0.00711187 0.00760433 0.00887367 -0.00527512 0.000631868 -0.00159091 -0.00426829 -0.0118003 -0.00736339 0.00352518 0.00571519 0.00401972 0.00245787
internal_weight=17148 8900 8248 6083 2817 5131 2928 4651 510 2185 1912 1127 204 632 281 159 4447 178 273 785 426 351
internal_count=17148 8900 8248 6083 2817 5131 2928 4651 510 2185 1912 1127 204 632 281 159 4447 178 273 785 426 351
is_linear=0
shrinkage=0.035


Tree=13
num_leaves=23
num_cat=0
split_feature=9 9 9 9 9 9 16 12 9 3 0 0 6 12 2 0 11 3 8 8 12 9
split_gain=2055.41 113.162 49.2207 19.0966 15.9333 12.1007 8.92027 5.56713 4.40395 3.54847 2.77492 2.74682 4.50226 2.41002 2.00452 2.82696 2.30561 2.00307 1.86336 1.83402 1.69473 1.59448
threshold=5.0010043527900683 9.4190891200756948 1.7184794675355068 16.134658032596921 6.179742730425505 3.7866219275002684 1.0000000180025095e-35 2.6509567158117577 7.5740190356493597 7.2326461957764456 5.0127769206881263 10.314292272644416 8.3843943056541033 4.4915595442794816 12.996151141142256 10.946439606378263 4.1777142787878914 4.9063382803216653 7.501658163265307 4.0036998727253499 1.6342077348473547 4.6726190476190483
decision_type=2 2 2 2 2 2 2 2 2 2 2 2 2 2 2 2 2 2 2 2 2 2
left_child=2 4 -1 7 10 6 19 -3 14 -5 -2 12 13 -9 15 16 17 -6 -19 -4 -8 -7
right_child=1 3 5 9 8 21 20 11 -10 -11 -12 -13 -14 -15 -16 -17 -18 18 -20 -21 -22 -23
leaf_value=-0.095105868783435465 -0.0036429421760131244 0.017341692957533322 -0.063087997206101948 0.20231840387414546 0.059667907248036556 -0.044254776118795004 -0.034304880045997493 0.0871103966770575 0.061617723190306152 0.31718583380702353 0.020784909999983402 0.15044165552514621 0.11777233632749413 0.063408078109564558 -0.01307397674881028 0.077007689035860832 -0.021853827731954985 0.017692402376800639 0.048174809670975705 -0.042043152154476245 -0.011850473882654337 -0.017408367105956682
leaf_weight=3129 360 58 4412 200 187 411 89 254 1322 2915 281 1402 535 233 53 126 50 654 175 83 101 80
leaf_count=3129 360 58 4412 200 187 411 89 254 1322 2915 281 1402 535 233 53 126 50 654 175 83 101 80
internal_value=-0.00045092 0.0113263 -0.0129386 0.0143324 0.00606209 -0.0108121 -0.0113657 0.0119552 0.00729393 0.0161987 0.00108359 0.0122118 0.0105818 0.00789634 0.005712 0.00600877 0.00534314 0.00570764 0.00486811 -0.0116822 -0.00367949 -0.00543347
internal_weight=17110 8805 8305 5597 3208 5176 4685 2482 2567 3115 641 2424 1022 487 1245 1192 1066 1016 829 4495 190 491
internal_count=17110 8805 8305 5597 3208 5176 4685 2482 2567 3115 641 2424 1022 487 1245 1192 1066 1016 829 4495 190 491
is_linear=0
shrinkage=0.035


Tree=14
num_leaves=23
num_cat=0
split_feature=9 9 9 8 9 24 16 22 12 25 9 25 8 0 6 21 12 11 0 10 9 9
split_gain=1981.32 113.135 45.8671 20.4605 14.8326 7.94088 4.57016 3.39262 3.09565 2.93549 2.90647 2.48775 2.71936 2.39322 3.5155 2.84597 2.33357 2.15508 2.13103 2.00657 2.54968 1.80707
threshold=4.6726190476190483 9.0316254564328862 1.7184794675355068 16.151466294475643 6.179742730425505 10081.000000000002 1.0000000180025095e-35 19263.000000000004 2.5451381627577256 277.00000000000006 7.465476190476191 210.50000000000003 7.1428664606028081 12.035714285714286 5.9680479807034317 3.5000000000000004 3.4940176071360587 2.3026588269569919 2.9034839912341348 1.8898223650461381 5.2333743906199679 20.006673737631434
decision_type=2 2 2 2 2 2 2 2 2 2 2 2 2 2 2 2 2 2 2 2 2 2
left_child=2 4 -1 8 7 6 18 -2 -3 17 16 12 -12 14 -10 -16 -6 -9 -4 -11 -21 -5
right_child=1 3 5 21 10 -7 -8 9 13 19 11 -13 -14 -15 15 -17 -18 -19 -20 20 -22 -23
leaf_value=-0.091777163376015228 -0.055617275046613165 0.017607956230396671 -0.061488539506221927 0.23608432962377768 0.040138202215256887 -0.039559693797783992 -0.033104209244387575 0.046177634003687441 0.080907287293147376 -0.029967032838734621 0.098606974637944544 0.057551515168870492 0.034283503411870787 0.15531116682460883 0.11618350526879134 0.077521939726713521 0.0076479081339282393 0.021539067781039159 -0.049095863529671567 0.043887487374253985 -0.0022625293835908723 0.37608432962377769
leaf_weight=3096 60 56 2471 1377 964 509 179 77 476 88 52 853 333 1133 728 470 155 251 1882 56 180 1682
leaf_count=3096 60 56 2471 1377 964 509 179 77 476 88 52 853 333 1133 728 470 155 251 1882 56 180 1682
internal_value=-0.000528074 0.0107926 -0.013038 0.0136203 0.00531718 -0.0109453 -0.0114211 0.000854254 0.0114226 0.00162481 0.00665326 0.00787007 0.00529487 0.0115878 0.0105792 0.0116521 0.00526246 0.00394144 -0.0116533 -0.000691489 0.000943983 0.0156495
internal_weight=17128 8991 8137 5922 3069 5041 4532 712 2863 652 2357 1238 385 2807 1674 1198 1119 328 4353 324 236 3059
internal_count=17128 8991 8137 5922 3069 5041 4532 712 2863 652 2357 1238 385 2807 1674 1198 1119 328 4353 324 236 3059
is_linear=0
shrinkage=0.035


Tree=15
num_leaves=23
num_cat=0
split_feature=9 9 9 9 9 9 16 20 8 6 9 11 20 20 12 20 25 22 4 2 25 2
split_gain=1892.47 107.772 62.5013 22.3027 7.11987 7.02817 6.37426 6.2401 5.93668 3.48347 2.99609 2.81942 2.65795 3.01006 2.58903 2.53088 2.39649 2.27855 2.21652 2.08391 1.71043 1.55669
threshold=5.0010043527900683 12.179112554112557 1.7184794675355068 7.465476190476191 3.8693356326414681 5.8571475160156901 1.0000000180025095e-35 25.500000000000004 16.151466294475643 5.2852117926282993 2.2581248134303693 4.2148785789142886 11.500000000000002 6.5000000000000009 2.5451381627577256 25.500000000000004 637.50000000000011 52360.000000000007 5.0127769206881263 12.996151141142256 191.00000000000003 5.8887296755550986
decision_type=2 2 2 2 2 2 2 2 2 2 2 2 2 2 2 2 2 2 2 2 2 2
left_child=2 3 -1 5 6 -2 10 9 18 14 -4 19 13 -11 -5 -12 -6 -16 -3 21 -14 -7
right_child=1 8 4 7 16 11 -8 -9 -10 12 15 -13 20 -15 17 -17 -18 -19 -20 -21 -22 -23
leaf_value=-0.088564962657854684 0.00016414858138314337 0.11532722913887558 -0.059336440623504155 -0.0072777325795503611 -0.022960424715465375 0.020785200408702787 -0.021909917647941823 0.11449998555208735 0.29782137808694548 0.065487965546649179 -0.053025144416391695 -0.025834025055734861 0.020805676453028315 0.14654696097555345 0.050043244241571694 -0.03764113478566071 -0.046482770289868108 0.010731497508311559 0.16332743455630905 -0.015356176503370872 0.059898892616586707 0.040030753693847981
leaf_weight=3116 432 183 1276 54 364 449 191 442 3075 431 2720 51 60 384 670 536 47 89 1064 47 724 776
leaf_count=3116 432 183 1276 54 364 449 191 442 3075 431 2720 51 60 384 670 536 47 89 1064 47 724 776
internal_value=-0.000401199 0.0107593 -0.0124843 0.00701669 -0.0100832 0.00387784 -0.0104748 0.00893057 0.0147336 0.00817439 -0.0107422 0.00513931 0.00916459 0.0106707 0.00616137 -0.0100943 -0.00546875 0.00668848 0.0124681 0.00546789 0.00751901 0.00574797
internal_weight=17181 8931 8250 4609 5134 1755 4723 2854 4322 2412 4532 1323 1599 815 813 3256 411 759 1247 1272 784 1225
internal_count=17181 8931 8250 4609 5134 1755 4723 2854 4322 2412 4532 1323 1599 815 813 3256 411 759 1247 1272 784 1225
is_linear=0
shrinkage=0.035


Tree=16
num_leaves=23
num_cat=0
split_feature=8 7 8 8 8 8 3 20 8 20 21 8 25 0 20 11 2 24 20 21 2 20
split_gain=1768.6 114.543 76.1241 23.2553 10.3064 6.38735 6.13359 4.17381 3.90915 3.62903 3.54141 3.39612 3.13266 2.82168 2.66475 2.60552 2.60398 2.45548 2.29362 2.24724 2.08272 2.64369
threshold=4.8263308037724721 13.14782136540043 1.7847258520610045 6.5023426037081506 2.8334331497562437 8.6533702435584079 9.0039695662631729 24.500000000000004 16.151466294475643 25.500000000000004 1.5000000000000002 1.2844387755102045 191.00000000000003 10.946439606378263 13.500000000000002 2.5797469136336 14.999072958688698 9349.5000000000018 25.500000000000004 3.5000000000000004 5.8887296755550986 4.5000000000000009
decision_type=2 2 2 2 2 2 2 2 2 2 2 2 2 2 2 2 2 2 2 2 2 2
left_child=2 3 11 10 9 18 13 12 -8 -4 17 -1 -7 -3 16 -12 -14 -2 20 -16 21 -5
right_child=1 6 4 5 -6 7 8 -9 -10 -11 15 -13 14 -15 19 -17 -18 -19 -20 -21 -22 -23
leaf_value=-0.10704278265239232 -0.018012705757749197 0.055849785576263328 -0.05769340886086078 -0.027772389835786223 -0.036319224460287833 -0.0010239426579348044 0.16097871335486055 0.13717143006552351 0.3174976298539024 -0.04754811886741548 0.029809326760092899 -0.069359598249210855 0.10374001580279164 0.18195780987772775 0.074594243225446263 0.011922231766827936 0.048806568759066964 0.013291981497362458 0.090778855717933149 0.032402516713246121 0.037355448935230587 0.034177917463667579
leaf_weight=2259 266 45 2275 52 2106 50 762 385 2817 495 341 1086 835 332 577 265 137 118 317 197 1051 360
leaf_count=2259 266 45 2275 52 2106 50 762 385 2817 495 341 1086 835 332 577 265 137 118 317 197 1051 360
internal_value=-0.000307448 0.0104937 -0.0120113 0.00692797 -0.00919637 0.00812784 0.0149375 0.00943047 0.0154102 -0.0106261 0.00209296 -0.0160896 0.00863826 0.0102618 0.00888492 0.00375205 0.0101919 -0.000494859 0.0065 0.00716624 0.00584128 0.00356715
internal_weight=17128 8907 8221 4951 4876 3961 3956 2181 3579 2770 990 3345 1796 377 1746 606 972 384 1780 774 1463 412
internal_count=17128 8907 8221 4951 4876 3961 3956 2181 3579 2770 990 3345 1796 377 1746 606 972 384 1780 774 1463 412
is_linear=0
shrinkage=0.035


Tree=17
num_leaves=23
num_cat=0
split_feature=9 7 9 9 9 22 2 20 20 16 3 25 25 21 18 17 24 22 20 9 11 8
split_gain=1622.29 100.437 75.8547 20.7457 13.5518 8.66188 6.50005 5.41528 5.20262 3.92276 3.71975 2.96883 2.80275 2.73116 2.23028 2.84677 2.46181 2.02999 1.94901 1.73847 1.60311 3.29218
threshold=5.0010043527900683 13.14782136540043 1.7184794675355068 7.5740190356493597 2.9287756300286603 16785.000000000004 5.172349027628159 25.500000000000004 23.500000000000004 1.0000000180025095e-35 7.9712513399742182 191.00000000000003 729.50000000000011 2.5000000000000004 1.0000000180025095e-35 1.0000000180025095e-35 4472.0000000000009 5643.5000000000009 29.500000000000004 4.6726190476190483 2.7063214561791864 6.8594947785966722
decision_type=2 2 2 2 2 2 2 2 2 2 2 2 2 2 2 2 2 2 2 2 2 2
left_child=2 3 -1 6 9 -3 13 11 10 12 -7 -5 17 -2 15 16 -13 -4 19 -6 -8 -22
right_child=1 5 4 7 18 8 20 -9 -10 -11 -12 14 -14 -15 -16 -17 -18 -19 -20 -21 21 -23
leaf_value=-0.083037603026107382 -0.0014891929175307129 0.34138521280901579 -0.04165793819481952 0.013861384723925617 -0.035048051604177774 0.095600440728984826 0.038695594313448774 0.11565356365640775 0.2676964977114184 -0.020693608231803981 0.17128521280901582 -0.017643063582948051 -0.053607079262959108 0.020915603122616831 0.13156364336263612 0.082136890357482811 0.054474791703159275 -0.055240395891551393 -0.005039787621077943 -0.020026226716869763 0.0061559252220890984 0.031877932844744709
leaf_weight=3125 479 1663 203 148 1728 208 528 505 462 142 1616 49 480 300 271 639 1484 2422 61 71 223 344
leaf_count=3125 479 1663 203 148 1728 208 528 505 462 142 1616 49 480 300 271 639 1484 2422 61 71 223 344
internal_value=-0.000336617 0.0100011 -0.0115385 0.00667286 -0.00888693 0.0141717 0.0037347 0.00843679 0.0126571 -0.0102675 0.0117017 0.00773883 -0.0105338 0.00125 0.00803513 0.00759646 0.00669051 -0.011019 -0.00644638 -0.00665466 0.00547273 0.00403846
internal_weight=17151 8919 8232 4970 5107 3949 1874 3096 2286 3247 1824 2591 3105 779 2443 2172 1533 2625 1860 1799 1095 567
internal_count=17151 8919 8232 4970 5107 3949 1874 3096 2286 3247 1824 2591 3105 779 2443 2172 1533 2625 1860 1799 1095 567
is_linear=0
shrinkage=0.035


Tree=18
num_leaves=23
num_cat=0
split_feature=7 7 15 7 15 12 22 20 3 5 18 26 11 16 21 12 5 20 0 20 7 20
split_gain=1534.48 108.107 64.7938 20.1058 14.0002 11.9123 9.2336 6.50407 4.85444 4.41002 4.21732 4.22106 3.7315 3.50181 3.45581 3.29767 2.74066 2.66665 2.45109 2.41071 2.38984 2.37772
threshold=4.7277820077321424 13.288932148986737 0.10912698412698414 6.4273742654167272 0.37268518518518523 1.8995961698386343 16785.000000000004 25.500000000000004 8.9137438819749804 5.0127769206881263 1.0000000180025095e-35 1.0000000180025095e-35 2.1218654594341788 1.0000000180025095e-35 3.5000000000000004 2.6778086365565383 7.9927388748624617 21.500000000000004 15.950345293025352 13.500000000000002 4.1439643496121894 11.500000000000002
decision_type=2 2 2 2 2 2 2 2 2 2 2 2 2 2 2 2 2 2 2 2 2 2
left_child=2 3 5 9 12 -1 -3 10 18 -2 11 14 -4 20 15 -5 -16 19 -8 -10 -7 -12
right_child=1 6 4 7 -6 13 8 -9 17 -11 21 -13 -14 -15 16 -17 -18 -19 -20 -21 -22 -23
leaf_value=-0.053306982035347089 7.54697293198392e-05 0.32943673036070026 -0.057520597977331812 0.01534550898683505 -0.10038996915364483 -0.032115000047852574 0.06102499872381021 0.096737664882124805 0.20029023036070026 0.037025383441097862 0.13102944711968173 0.012497520314664749 -0.031883654017180109 0.016946606507111672 0.01073583144992917 0.067323183498790642 0.047245669031757358 0.2319158353891162 0.14621797284582719 0.13029023036070025 -0.017980098813439718 0.027597926961207959
leaf_weight=2474 607 1634 2373 291 1797 1060 110 658 943 401 290 293 150 61 251 1705 462 549 138 540 243 63
leaf_count=2474 607 1634 2373 291 1797 1060 110 658 943 401 290 293 150 61 251 1705 462 549 138 540 243 63
internal_value=-0.000229267 0.00978747 -0.0112015 0.00637187 -0.0141497 -0.0078643 0.0141509 0.00748258 0.0125985 0.00191757 0.00682292 0.00636099 -0.0123774 -0.00517714 0.00679624 0.00756497 0.00458217 0.0131873 0.00753953 0.0122312 -0.00556575 0.0105587
internal_weight=17093 8935 8158 5021 4320 3838 3914 4013 2280 1008 3355 3002 2523 1364 2709 1996 713 2032 248 1483 1303 353
internal_count=17093 8935 8158 5021 4320 3838 3914 4013 2280 1008 3355 3002 2523 1364 2709 1996 713 2032 248 1483 1303 353
is_linear=0
shrinkage=0.035


Tree=19
num_leaves=23
num_cat=0
split_feature=9 9 9 9 9 22 9 9 24 16 20 20 6 25 24 0 3 15 22 4 12 23
split_gain=1516.9 109.023 76.3438 18.4118 11.8774 10.2894 8.16991 6.47463 5.16813 3.35602 3.3304 3.29754 2.52144 2.50638 2.50153 3.20435 2.23269 2.23113 3.35627 2.23749 2.12098 2.11597
threshold=4.6726190476190483 13.037423469387758 2.2581248134303693 6.0000046588728333 0.8377192982456142 16785.000000000004 8.1809193133760143 3.110641021714653 4685.0000000000009 1.0000000180025095e-35 23.500000000000004 26.500000000000004 9.4925210516034237 191.00000000000003 9349.5000000000018 11.454014904367032 13.013525075797139 1.0000000180025095e-35 31960.500000000004 3.9929401464817613 8.4771323195708188 21250.000000000004
decision_type=2 2 2 2 2 2 2 2 2 2 2 2 2 2 2 2 2 2 2 2 2 2
left_child=2 3 4 21 -1 -3 12 9 -7 -4 16 13 -5 -8 -15 -16 20 18 -9 -20 -10 -2
right_child=1 5 7 6 -6 8 11 17 10 -11 -12 -13 -14 14 15 -17 -18 -19 19 -21 -22 -23
leaf_value=-0.096876320233267255 -0.049587792834559073 0.31790644479807573 -0.052905764833694059 0.028965786761818834 -0.054789155112580021 0.055570314586952559 0.0071777216990710699 -0.062887374283094349 0.1341522569047183 -0.011905111638423074 0.23818076010396033 0.1164087037616391 0.061678143247166979 0.08090835390490031 0.035597687633049963 0.092269396282537011 0.16500753177562244 -0.030792456406754938 -0.0079358136289579533 -0.036171456374522126 0.015830072298075724 0.006233979218855535
leaf_weight=1647 51 1659 2194 1585 2792 76 76 197 522 108 493 313 298 1001 792 303 1187 817 160 209 49 522
leaf_count=1647 51 1659 2194 1585 2792 76 76 197 522 108 493 313 298 1001 792 303 1187 817 160 209 49 522
internal_value=-0.000350903 0.00960423 -0.0112914 0.00611403 -0.0143891 0.0139132 0.00688715 -0.00754065 0.012307 -0.00870069 0.012613 0.00822289 0.00509799 0.00767685 0.00790457 0.00661818 0.0117626 -0.00557277 -0.00732487 -0.00514706 0.00960069 0.000181661
internal_weight=17051 8927 8124 4941 4439 3986 4368 3685 2327 2302 2251 2485 1883 2172 2096 1095 1758 1383 566 369 571 573
internal_count=17051 8927 8124 4941 4439 3986 4368 3685 2327 2302 2251 2485 1883 2172 2096 1095 1758 1383 566 369 571 573
is_linear=0
shrinkage=0.035


Tree=20
num_leaves=23
num_cat=0
split_feature=9 7 9 9 9 9 9 9 3 20 18 16 1 6 20 20 14 23 0 12 10 6
split_gain=1485.62 105.354 76.05 22.1679 10.8348 8.71304 7.49977 6.19663 5.87993 4.46516 3.21196 2.79378 3.09119 2.72226 2.35008 2.29157 2.01417 3.28205 1.56291 2.29436 2.14264 1.50393
threshold=4.6726190476190483 13.14782136540043 2.2581248134303693 8.1809193133760143 0.8377192982456142 19.630947522710851 3.110641021714653 6.0000046588728333 5.9978252760003432 23.500000000000004 1.0000000180025095e-35 1.0000000180025095e-35 2.4086027502999445 9.0039695662631729 29.500000000000004 22.500000000000004 1.0000000180025095e-35 52700.000000000007 6.9686127082414542 2.8924204516498357 2.3248185358047766 6.1466474533550786
decision_type=2 2 2 2 2 2 2 2 2 2 2 2 2 2 2 2 2 2 2 2 2 2
left_child=2 3 4 7 -1 8 11 18 -3 -5 13 -4 -13 -9 16 -10 17 -8 19 20 -2 -12
right_child=1 5 6 9 -6 -7 14 10 15 -11 21 12 -14 -15 -16 -17 -18 -19 -20 -21 -22 -23
leaf_value=-0.093485649025102896 -0.0059228579280297643 0.077733599239275364 -0.051241784452612349 0.064454999374218641 -0.050557980790399484 0.30677971923014302 -0.044106237545192342 0.014140334416933152 0.15250480868592897 0.11104566897564894 0.09284518928706112 0.022472816934074376 -0.041568442388209996 0.050414499969667445 0.026178797547911647 0.20163224532718782 -0.029479495412762041 -0.031677871949780896 0.023035652816717801 -0.043669375808917839 0.023795880670519777 0.049797696848922594
leaf_weight=1666 276 131 2225 1938 2761 1801 376 1439 1491 586 81 47 61 257 48 500 557 427 140 77 79 125
leaf_count=1666 276 131 2225 1938 2761 1801 376 1439 1491 586 81 47 61 257 48 500 557 427 140 77 79 125
internal_value=-0.000542588 0.00932837 -0.0113248 0.00594293 -0.0144359 0.013624 -0.00762413 0.00356495 0.0119875 0.00825524 0.00452412 -0.00886228 -0.00294248 0.00398148 -0.00553609 0.0124674 -0.00580769 -0.00697401 0.000333622 -0.000680778 0.000486111 0.00870853
internal_weight=17089 8921 8168 4998 4427 3923 3741 2474 2122 2524 1902 2333 108 1696 1408 1991 1360 803 572 432 355 206
internal_count=17089 8921 8168 4998 4427 3923 3741 2474 2122 2524 1902 2333 108 1696 1408 1991 1360 803 572 432 355 206
is_linear=0
shrinkage=0.035


Tree=21
num_leaves=23
num_cat=0
split_feature=9 9 9 9 9 9 9 20 9 5 20 27 20 22 24 18 25 0 22 8 1 8
split_gain=1443.56 100.528 78.7517 17.3711 12.9448 11.7489 6.63098 5.87965 5.13325 4.35292 4.35376 3.37275 3.1449 2.69048 2.20276 2.19483 2.05791 2.7741 2.0227 2.00338 1.93527 2.97599
threshold=5.0010043527900683 12.329768857599921 2.321297033566406 7.5740190356493597 0.92978902904902838 20.006673737631434 3.2517607586512871 26.500000000000004 6.0000046588728333 5.0127769206881263 8.5000000000000018 3.5000000000000004 28.500000000000004 52360.000000000007 4472.0000000000009 1.0000000180025095e-35 248.50000000000003 11.454014904367032 33201.500000000007 8.0955073894160083 1.9426269464856782 3.0003337402748032
decision_type=2 2 2 2 2 2 2 2 2 2 2 2 2 2 2 2 2 2 2 2 2 2
left_child=2 3 4 8 -1 9 11 13 14 10 -3 20 -13 16 -2 -10 -5 -18 -16 -15 21 -4
right_child=1 5 6 7 -6 -7 -8 -9 15 -11 -12 12 -14 19 18 -17 17 -19 -20 -21 -22 -23
leaf_value=-0.090213651309224305 -0.0087434217876139076 0.059749761906554961 -0.03130701956508862 0.064771487508106629 -0.050338845946742303 0.29604242905708805 -0.029655828732022566 0.11146413335150641 0.014596026854186369 0.16154911933538468 0.14306104011900958 -0.051575945721894681 -0.028512195620655684 0.046323901783206813 0.084901947951466855 0.061171616689842549 0.032682883168453809 0.075165084115564135 0.011372926583327097 -0.0044757877895401071 -0.040208302648136525 0.0052653583924158771
leaf_weight=1749 246 182 336 1092 2853 1665 1181 341 1221 2054 312 632 53 58 56 139 856 282 199 127 1338 92
leaf_count=1749 246 182 336 1092 2853 1665 1181 341 1221 2054 312 632 53 58 56 139 856 282 199 127 1338 92
internal_value=-0.000677691 0.00914912 -0.0112171 0.00556577 -0.0142636 0.0130607 -0.00733778 0.00733339 0.00292605 0.0114816 0.00824148 -0.00839373 -0.0106014 0.00668182 -6.917e-05 0.00403846 0.00702349 0.00586395 0.00215385 0.00239474 -0.0075 -0.00521363
internal_weight=17064 8830 8234 4617 4602 4213 3632 2756 1861 2548 494 2451 685 2415 501 1360 2230 1138 255 185 1766 428
internal_count=17064 8830 8234 4617 4602 4213 3632 2756 1861 2548 494 2451 685 2415 501 1360 2230 1138 255 185 1766 428
is_linear=0
shrinkage=0.035


Tree=22
num_leaves=23
num_cat=0
split_feature=9 9 9 9 9 22 8 9 20 3 18 24 16 16 20 25 11 0 22 20 20 1
split_gain=1394.91 103.882 81.9297 19.1357 13.3652 10.2617 6.99914 6.41168 6.3025 6.06971 4.31188 4.05999 3.16924 3.0409 3.03667 2.58234 2.35723 2.23244 1.9866 1.97564 1.67895 1.67883
threshold=4.6726190476190483 13.037423469387758 2.321297033566406 8.1809193133760143 0.92978902904902838 16785.000000000004 2.9845125473974528 5.8571475160156901 26.500000000000004 5.2614774216179452 1.0000000180025095e-35 4685.0000000000009 1.0000000180025095e-35 1.0000000180025095e-35 29.500000000000004 191.00000000000003 1.3848965593938203 15.950345293025352 52360.000000000007 24.500000000000004 25.500000000000004 2.0698635556870548
decision_type=2 2 2 2 2 2 2 2 2 2 2 2 2 2 2 2 2 2 2 2 2 2
left_child=2 3 4 7 -1 -3 12 -2 15 17 14 -11 20 -6 -9 -5 -8 -7 -17 -13 -4 -18
right_child=1 5 6 8 13 9 16 10 -10 11 -12 19 -14 -15 -16 18 21 -19 -20 -21 -22 -23
leaf_value=-0.087056173513401447 -0.001033437260775636 0.28568094404008998 -0.049623311063658887 0.00026954943932334442 -0.050287034159018369 0.016992125217925758 -0.046298701918975387 0.015371508369483549 0.11548660495462873 0.044464583303301136 0.066048774974579713 0.14731065376250696 -0.0097527168121362539 -0.024048978176452209 0.11877838702832909 0.061073556303357257 -0.027362055694251385 0.11311309289899596 0.016373389373052678 0.22263318517544758 -0.032402571258990015 -0.029502060862087471
leaf_weight=1739 478 1638 1339 69 2748 83 129 1727 320 60 217 1684 72 101 64 2001 504 92 112 425 362 1114
leaf_count=1739 478 1638 1339 69 2748 83 129 1727 320 60 217 1684 72 101 64 2001 504 92 112 425 362 1114
internal_value=-0.000648452 0.00885822 -0.011167 0.00547817 -0.0142538 0.0130756 -0.00712411 0.00328081 0.0076436 0.0114953 0.0041468 0.0120101 -0.00870079 -0.0126927 0.00354677 0.00692158 -0.00549372 0.00486111 0.00713881 0.0122682 -0.00900645 -0.00507856
internal_weight=17078 8970 8108 4988 4588 3982 3520 2486 2502 2344 2008 2169 1773 2849 1791 2182 1747 175 2113 2109 1701 1618
internal_count=17078 8970 8108 4988 4588 3982 3520 2486 2502 2344 2008 2169 1773 2849 1791 2182 1747 175 2113 2109 1701 1618
is_linear=0
shrinkage=0.035


Tree=23
num_leaves=23
num_cat=0
split_feature=9 9 9 9 9 9 9 20 9 16 20 18 11 27 12 1 12 7 20 18 21 0
split_gain=1325.49 93.5035 80.3118 17.1436 14.2327 11.886 9.47785 5.79461 5.61102 4.99831 3.60672 3.27143 3.21373 2.8285 2.55549 2.28526 2.27921 2.145 1.9615 1.89501 2.82267 3.2538
threshold=4.6726190476190483 13.037423469387758 2.2581248134303693 8.1809193133760143 0.92978902904902838 20.006673737631434 3.2517607586512871 24.500000000000004 6.0000046588728333 1.0000000180025095e-35 25.500000000000004 1.0000000180025095e-35 8.1598049688090466 3.5000000000000004 8.9378733062503795 2.4086027502999445 2.6255756093393221 10.858297628196111 28.500000000000004 1.0000000180025095e-35 3.5000000000000004 10.095760798250753
decision_type=2 2 2 2 2 2 2 2 2 2 2 2 2 2 2 2 2 2 2 2 2 2
left_child=2 3 4 8 -1 7 9 12 -2 13 16 -10 17 -4 -14 -11 -5 -3 -15 20 -18 -22
right_child=1 5 6 10 -6 -7 -8 -9 11 15 -12 -13 14 18 -16 -17 19 -19 -20 -21 21 -23
leaf_value=-0.084009207440432401 0.0013768314173540077 0.048680865146715428 -0.038573531948414216 0.0080250967455280132 -0.047990134255754394 0.27568211099868684 -0.027574627260146874 0.1969016408781662 0.021632051436907204 0.027997259750294122 0.10667334523072833 0.067381523192540066 0.12581448606826992 -0.048033971734400306 -0.0046054207236987657 -0.036323196896948774 0.059133978913297684 0.13880704832349527 -0.044518824322952594 0.11655068936463708 0.017511357768270317 0.054514766219409032
leaf_weight=1745 589 45 1785 75 2687 1704 1112 438 1685 50 381 199 190 668 55 74 1257 1621 51 202 350 204
leaf_count=1745 589 45 1785 75 2687 1704 1112 438 1685 50 381 199 190 668 55 74 1257 1621 51 202 350 204
internal_value=-0.000745982 0.00852056 -0.0109469 0.00527441 -0.0141396 0.012463 -0.00714486 0.0107647 0.00319209 -0.00830137 0.00734236 0.00412255 0.00984603 -0.00864189 0.00574 -0.00122093 0.00671405 0.0104204 -0.0106354 0.00693756 0.00651432 0.00428891
internal_weight=17167 8995 8172 4942 4432 4053 3740 2349 2473 2628 2469 1884 1911 2504 245 124 2088 1666 719 2013 1811 554
internal_count=17167 8995 8172 4942 4432 4053 3740 2349 2473 2628 2469 1884 1911 2504 245 124 2088 1666 719 2013 1811 554
is_linear=0
shrinkage=0.035


Tree=24
num_leaves=23
num_cat=0
split_feature=9 9 9 9 9 9 0 24 6 20 24 15 20 25 9 18 17 20 27 3 1 1
split_gain=1261.97 102.563 73.9844 21.1035 15.4419 11.9642 10.953 5.22393 4.81837 4.64208 4.52882 3.9856 3.97043 3.31073 2.42745 2.39801 3.11325 2.3882 2.38279 2.23867 2.44044 2.19047
threshold=4.6726190476190483 13.037423469387758 2.321297033566406 0.92978902904902838 8.7171428571428589 2.9287756300286603 16.03274297468673 4472.0000000000009 12.569566440578475 29.500000000000004 10081.000000000002 1.0000000180025095e-35 27.500000000000004 430.00000000000006 20.551106820578845 1.0000000180025095e-35 1.0000000180025095e-35 26.500000000000004 3.5000000000000004 6.9966807769941894 2.4388928766369471 10.866071428571431
decision_type=2 2 2 2 2 2 2 2 2 2 2 2 2 2 2 2 2 2 2 2 2 2
left_child=2 4 3 -1 7 9 8 13 21 18 11 -7 15 -2 -8 16 -9 -6 -4 20 -13 -3
right_child=1 6 5 -5 17 10 14 12 -10 -11 -12 19 -14 -15 -16 -17 -18 -19 -20 -21 -22 -23
leaf_value=-0.081068885180017272 -0.082350919090782237 0.034578800422172991 -0.041192515621003505 -0.045343787426245979 0.058852928926391032 -0.037291148644907665 0.17520032076821182 0.012800111548627247 0.16539190545617838 -0.015247452589949124 -0.026788550116053758 -0.021679224045182705 0.070742300903910635 0.0083760334632276591 0.30103323711373275 0.056709642359782264 0.03476439282474908 0.10690425196262762 -0.04663904982490609 0.0053977086590553678 -0.02660951530604173 0.11852773991506853
leaf_weight=1727 54 128 1131 2831 1839 431 1162 1256 905 81 464 281 229 552 1264 257 537 277 563 69 537 573
leaf_count=1727 54 128 1131 2831 1839 431 1162 1256 905 81 464 281 229 552 1264 257 537 277 563 69 537 573
internal_value=-0.000592753 0.00840341 -0.0106078 -0.0135651 0.00504095 -0.00679955 0.0125582 0.00335467 0.0102002 -0.00884831 -0.00472999 -0.00578042 0.00412215 0.000429624 0.0140878 0.00360219 0.00311457 0.00731848 -0.00923926 -0.00435538 -0.00486938 0.00783286
internal_weight=17148 9033 8115 4558 5001 3557 4032 2885 1606 1775 1782 1318 2279 606 2426 2050 1793 2116 1694 887 818 701
internal_count=17148 9033 8115 4558 5001 3557 4032 2885 1606 1775 1782 1318 2279 606 2426 2050 1793 2116 1694 887 818 701
is_linear=0
shrinkage=0.035


Tree=25
num_leaves=23
num_cat=0
split_feature=9 9 9 9 9 22 9 4 16 9 0 6 9 0 20 18 16 9 20 23 20 20
split_gain=1233.85 97.5265 72.8346 21.9995 20.2082 10.2668 7.51932 6.44125 6.21806 4.36046 3.99095 3.41082 2.961 2.77642 2.52922 3.40431 2.49021 2.3267 2.22619 2.1922 2.18279 2.08467
threshold=4.438070263070264 14.150589420573777 1.3566482833550577 3.110641021714653 8.7171428571428589 16785.000000000004 6.0000046588728333 6.9966807769941894 1.0000000180025095e-35 2.4444909400534773 11.852133989485408 10.210017261824339 0.69236835154341714 15.411663809346749 29.500000000000004 1.0000000180025095e-35 1.0000000180025095e-35 3.6005036195605942 29.500000000000004 21250.000000000004 25.500000000000004 23.500000000000004
decision_type=2 2 2 2 2 2 2 2 2 2 2 2 2 2 2 2 2 2 2 2 2 2
left_child=2 4 12 8 6 -3 19 10 9 -4 -7 13 -1 -6 15 16 -8 -5 -11 -2 -9 -19
right_child=1 5 3 17 11 7 14 20 -10 18 -12 -13 -14 -15 -16 -17 -18 21 -20 -21 -22 -23
leaf_value=-0.078231474198716663 -0.047620699164296017 0.25549707381475206 -0.041308928028144544 -0.024922582717957713 0.052382701932501836 -0.034308210476050587 0.018398949104978565 0.14765295058290834 -0.013408328261243632 -0.038640025908122169 0.095935626389970038 0.085403941452708632 -0.052901005405262283 0.10459349307214423 0.08376483769109444 0.068266425013058768 0.1108123930396747 -0.028963246074595106 -0.02510832769469833 0.0019657991579588342 0.21721595787193582 0.0019857667111245281
leaf_weight=1493 58 1649 2487 783 1362 54 1899 1422 177 1671 213 884 854 205 94 222 71 410 72 595 310 120
leaf_count=1493 58 1649 2487 783 1362 54 1899 1422 177 1671 213 884 854 205 94 222 71 410 72 595 310 120
internal_value=-0.000771186 0.00810655 -0.0107185 -0.00856812 0.00510241 0.0125274 0.0031267 0.010741 -0.00975748 -0.0100289 0.00540441 0.00745318 -0.0159226 0.00638995 0.00407137 0.0037995 0.00330506 -0.00454097 -0.00856979 -0.000159574 0.0115357 -0.00264953
internal_weight=17105 9038 8067 5720 5390 3648 2939 1999 4407 4230 267 2451 2347 1567 2286 2192 1970 1313 1743 653 1732 530
internal_count=17105 9038 8067 5720 5390 3648 2939 1999 4407 4230 267 2451 2347 1567 2286 2192 1970 1313 1743 653 1732 530
is_linear=0
shrinkage=0.035


Tree=26
num_leaves=23
num_cat=0
split_feature=8 8 8 8 22 7 24 6 16 12 0 20 15 1 24 15 17 24 18 21 20 4
split_gain=1199.82 91.0586 69.5844 27.3706 15.8757 14.7183 8.15565 6.95648 5.92473 4.49479 4.17111 4.10962 3.93055 3.53213 3.41868 3.33131 3.26567 3.21878 2.59046 3.48517 2.89296 2.61987
threshold=4.6125000000000007 12.566255918639103 1.2844387755102045 2.9845125473974528 16785.000000000004 6.5627621156174589 10081.000000000002 12.035714285714286 1.0000000180025095e-35 2.7584249131554466 17.009731282911645 25.500000000000004 0.37268518518518523 7.9927388748624617 4685.0000000000009 1.0000000180025095e-35 1.0000000180025095e-35 11523.000000000002 1.0000000180025095e-35 3.5000000000000004 11.500000000000002 6.006203158824877
decision_type=2 2 2 2 2 2 2 2 2 2 2 2 2 2 2 2 2 2 2 2 2 2
left_child=2 5 12 8 -3 16 15 10 17 -7 13 18 -1 -6 -15 -5 -2 -4 19 21 -20 -11
right_child=1 4 3 6 7 9 -8 -9 -10 11 -12 -13 -14 14 -16 -17 -18 -19 20 -21 -22 -23
leaf_value=-0.051049470216078099 0.0013168344203752993 0.250958828303329 -0.039953426023128236 -0.033711913473063786 -0.01553146615006667 0.012601808721181348 -0.0027869481298120262 0.15554223167080486 -0.015986929298184259 0.025746311494175386 0.1551989371348837 0.082046890038341258 -0.075493372601761588 -0.01199217739666668 0.10019498826375337 -0.023816815769852832 0.026581332116593248 -0.02088905252219175 0.10032036480007347 0.021260556440505576 0.017945372723972602 0.051430719576827155
leaf_weight=501 912 1628 3926 417 63 547 381 1417 159 590 355 535 1765 50 625 946 300 105 212 718 56 1048
leaf_count=501 912 1628 3926 417 63 547 381 1417 159 590 355 535 1765 50 625 946 300 105 212 718 56 1048
internal_value=-0.000893199 0.00788572 -0.0105896 -0.00857762 0.0117131 0.00465316 -0.00485277 0.00990159 -0.0101162 0.00574845 0.00768215 0.00626106 -0.0158201 0.00605316 0.00679412 -0.00611477 0.00127979 -0.0103803 0.00565139 0.00524036 0.00903846 0.00614577
internal_weight=17256 9056 8200 5934 4138 4918 1744 2510 4190 3706 1093 3159 2266 738 675 1363 1212 4031 2624 2356 268 1638
internal_count=17256 9056 8200 5934 4138 4918 1744 2510 4190 3706 1093 3159 2266 738 675 1363 1212 4031 2624 2356 268 1638
is_linear=0
shrinkage=0.035


Tree=27
num_leaves=23
num_cat=0
split_feature=9 9 9 9 9 9 24 3 24 15 9 20 20 21 4 14 9 20 3 20 1 17
split_gain=1174.21 81.3649 75.1101 28.3442 12.3987 11.0756 5.58007 5.08955 3.99845 3.99442 3.71092 3.53851 4.14632 3.32689 3.23034 3.02308 3.69809 2.8542 2.69742 2.4077 2.25009 2.23137
threshold=5.0010043527900683 12.179112554112557 1.3566482833550577 2.9287756300286603 20.551106820578845 8.8218253968253979 10081.000000000002 7.2326461957764456 4472.0000000000009 1.0000000180025095e-35 0.92978902904902838 29.500000000000004 30.500000000000004 1.5000000000000002 3.9929401464817613 0.32051282051282054 2.4444909400534773 24.500000000000004 6.9966807769941894 12.500000000000002 2.490382550267952 1.0000000180025095e-35
decision_type=2 2 2 2 2 2 2 2 2 2 2 2 2 2 2 2 2 2 2 2 2 2
left_child=2 5 10 11 7 8 9 -3 13 -5 -1 15 -13 -2 -8 16 -4 -9 20 -15 -11 -10
right_child=1 4 3 6 -6 -7 14 17 21 18 -12 12 -14 19 -16 -17 -18 -19 -20 -21 -22 -23
leaf_value=-0.072851104560699917 -0.023539225101389977 0.064400117814793795 -0.038555056112318749 -0.033996684818575318 0.26741953794243822 0.054362759801414688 0.0029990274403697286 0.11941841710688555 0.023022261458007592 -0.019073149039045646 -0.049262738758515369 0.0029546884607392389 -0.047246186934684908 0.025428943980118818 -0.029083095426837558 -0.02739101578001658 -0.036872537713416413 0.16890085531966578 0.0071942855963324469 -0.00081769668987752742 -0.024177727648302259 0.035056282680967214
leaf_weight=1744 157 245 2368 461 1494 1728 233 2029 1667 267 651 97 65 194 264 122 1376 552 71 218 556 621
leaf_count=1744 157 245 2368 461 1494 1728 233 2029 1667 267 651 97 65 194 264 122 1376 552 71 218 556 621
internal_value=-0.000980652 0.0078367 -0.0104704 -0.00832328 0.011285 0.00457516 -0.00470248 0.00985959 0.00321628 -0.00586765 -0.0157063 -0.00997582 -0.00450599 0.00054878 -0.00146414 -0.0101944 -0.0103768 0.0103268 -0.0044188 0.00222422 -0.00498792 0.00386939
internal_weight=17180 8905 8275 5880 4320 4585 1852 2826 2857 1355 2395 4028 162 569 497 3866 3744 2581 894 412 823 2288
internal_count=17180 8905 8275 5880 4320 4585 1852 2826 2857 1355 2395 4028 162 569 497 3866 3744 2581 894 412 823 2288
is_linear=0
shrinkage=0.035


Tree=28
num_leaves=23
num_cat=0
split_feature=9 9 9 9 9 7 4 11 24 15 9 21 11 14 22 1 24 11 2 9 9 11
split_gain=1139.42 87.4047 75.7523 20.536 20.2752 7.72204 5.17302 4.47503 4.02008 4.87373 3.67393 2.89434 2.84106 2.58075 2.42753 2.19292 2.19202 2.17933 2.51046 1.93286 1.83613 2.01564
threshold=4.438070263070264 10.03132202993814 1.3566482833550577 2.9287756300286603 18.846774957782937 6.4273742654167272 5.172349027628159 3.1238184579520238 11523.000000000002 1.0000000180025095e-35 0.8377192982456142 1.5000000000000002 2.4581404538452269 0.32051282051282054 33201.500000000007 2.4583500637544722 4472.0000000000009 1.762016913337098 4.9584559719734012 2.321297033566406 14.512308379836307 7.7787151680189615
decision_type=2 2 2 2 2 2 2 2 2 2 2 2 2 2 2 2 2 2 2 2 2 2
left_child=2 5 10 13 6 11 14 -6 9 -5 -1 16 15 19 -3 -11 -2 -13 -19 -4 -8 -22
right_child=1 4 3 8 7 -7 20 -9 -10 12 -12 17 -14 -15 -16 -17 -18 18 -20 -21 21 -23
leaf_value=-0.070301315901075412 -0.023033321261462146 0.098254635040548627 -0.036979494081009437 -0.033665729656878932 0.034397062159450757 0.027413952267194446 0.076729632832897493 0.22841143341263395 -0.024436539222308245 -0.01900450781267779 -0.04753854290196733 -0.017634131363869474 -0.012644610612524735 -0.026432330227716003 0.019056748186309286 -0.024183160106835747 0.010498693713669852 0.0011551947888510617 0.033623702811595053 -0.038557217561576214 0.14384743034812697 0.10162923989157176
leaf_weight=1625 180 234 2098 426 65 2624 1500 1993 419 233 730 56 184 124 217 466 274 227 370 1773 1105 185
leaf_count=1625 180 234 2098 426 65 2624 1500 1993 419 233 730 56 184 124 217 466 274 227 370 1773 1105 185
internal_value=-0.000937737 0.00760238 -0.0104853 -0.00829172 0.0104921 0.00348501 0.00872304 0.0132416 -0.00505915 -0.00601979 -0.0157797 0.00100719 -0.00445383 -0.0096775 0.00506579 -0.00546875 -0.00110566 0.0025 0.00313953 -0.00984262 0.00929785 0.0103919
internal_weight=17108 9030 8078 5723 5299 3731 3241 2058 1728 1309 2355 1107 883 3995 451 699 454 653 597 3871 2790 1290
internal_count=17108 9030 8078 5723 5299 3731 3241 2058 1728 1309 2355 1107 883 3995 451 699 454 653 597 3871 2790 1290
is_linear=0
shrinkage=0.035


Tree=29
num_leaves=23
num_cat=0
split_feature=9 9 9 9 9 3 9 16 24 1 22 15 12 20 20 25 8 20 14 11 0 18
split_gain=1025.79 90.0974 56.592 20.3187 17.3009 9.65456 7.68936 7.67596 5.09051 3.75567 3.22287 5.24854 3.1434 3.11031 5.09496 2.97496 4.45995 2.84778 2.75421 2.71035 2.52415 2.2084
threshold=4.438070263070264 14.512308379836307 1.3566482833550577 8.1809193133760143 3.110641021714653 5.7672630030662937 20.401106820578843 1.0000000180025095e-35 3345.5000000000005 1.3800681417141047 44839.000000000007 0.048809523809523817 2.5451381627577256 29.500000000000004 30.500000000000004 277.00000000000006 6.4293354925570769 24.500000000000004 0.29285714285714287 2.0446635687051073 11.454014904367032 1.0000000180025095e-35
decision_type=2 2 2 2 2 2 2 2 2 2 2 2 2 2 2 2 2 2 2 2 2 2
left_child=2 3 -1 8 7 -3 17 13 -2 -9 11 -6 -5 18 -15 21 -17 -7 -4 -13 -14 -10
right_child=1 5 4 12 10 6 -8 9 15 -11 -12 19 20 14 -16 16 -18 -19 -20 -21 -22 -23
leaf_value=-0.067840769844537782 -0.048944925615579095 0.088994585523565109 -0.03583268834614356 -0.0038165231889298839 -0.029797301056384954 0.12500122454452933 0.25541703324319176 0.027254068519264169 0.016651067696903808 -0.016194295131075148 -0.02300124285469923 -0.021620672266277306 0.046390861737395379 0.004487931509548411 -0.044863890743869886 -0.005682509430214225 0.019682023239459924 0.17779324997630269 -0.025507198669745938 0.0045327625876906558 0.071420621894088182 0.053671757645397909
leaf_weight=2332 54 220 3921 75 420 1467 1440 47 1512 134 632 91 1821 102 73 430 304 372 125 176 1074 228
leaf_count=2332 54 220 3921 75 420 1467 1440 47 1512 134 632 91 1821 102 73 430 304 372 125 176 1074 228
internal_value=-0.000883465 0.00723561 -0.00995532 0.00442986 -0.00806235 0.0116267 0.0121072 -0.00912128 0.00210719 -0.00188172 -0.00449396 -0.00617052 0.00639412 -0.00942499 -0.00447222 0.00235075 0.000449932 0.0104962 -0.0096291 -0.0021875 0.00657759 0.00313897
internal_weight=17050 8997 8053 5498 5721 3499 3279 4402 2528 181 1319 687 2970 4221 175 2474 734 1839 4046 267 2895 1740
internal_count=17050 8997 8053 5498 5721 3499 3279 4402 2528 181 1319 687 2970 4221 175 2474 734 1839 4046 267 2895 1740
is_linear=0
shrinkage=0.035


Tree=30
num_leaves=23
num_cat=0
split_feature=9 0 9 9 6 9 2 16 1 24 11 22 18 8 12 24 15 22 2 22 10 4
split_gain=942.725 79.3288 68.6078 19.0495 13.9312 13.0451 7.36443 4.4475 4.43114 4.26034 3.81225 3.46926 3.36541 3.23138 2.79689 2.74357 3.24119 2.52733 2.42738 2.24481 2.58147 2.11572
threshold=4.438070263070264 11.852133989485408 1.3566482833550577 20.006673737631434 10.000130448439306 3.2517607586512871 5.6225331621782955 1.0000000180025095e-35 1.9999246801866812 4472.0000000000009 3.1796053387000938 54348.000000000007 1.0000000180025095e-35 0.42696347511940796 2.514245129542577 11523.000000000002 1.0000000180025095e-35 31797.000000000004 4.8090909090909095 47274.500000000007 1.6035674514745473 6.7495676523807981
decision_type=2 2 2 2 2 2 2 2 2 2 2 2 2 2 2 2 2 2 2 2 2 2
left_child=2 4 13 14 6 7 9 11 -9 18 -5 19 21 -1 -3 16 -7 -11 -2 -4 -21 -8
right_child=1 3 5 10 -6 15 12 8 -10 17 -12 -13 -14 -15 -16 -17 -18 -19 -20 20 -22 -23
leaf_value=-0.065466342899978949 0.00019546775616525737 0.019268026885467374 -0.034223459104257961 0.066500996243335622 0.065339533037368905 -0.028177555285588671 0.016925741006426513 0.034339331125659393 -0.031188848816338727 0.051357863507761357 0.23679516963732139 -0.05849316243113506 0.077165558189043554 -0.043814352089345705 0.10110833547633596 -0.023842308248748677 -0.020200119040381336 0.0054758095300787664 -0.042726365125914455 -0.023316420844470095 0.011836929758721897 0.031428932422738975
leaf_weight=894 147 65 4185 55 985 220 1036 45 151 122 1576 190 149 1498 2812 339 480 623 163 49 80 1256
leaf_count=894 147 65 4185 55 985 220 1036 45 151 122 1576 190 149 1498 2812 339 480 623 163 49 80 1256
internal_value=-0.000753139 0.00705526 -0.00938668 0.010334 0.00374498 -0.0072937 0.00269423 -0.00808236 -0.002699 0.000231132 0.0133924 -0.00830949 0.00374898 -0.0143753 0.00857391 -0.00368774 -0.00493972 0.00168 -0.00316667 -0.00807536 -0.00313433 0.00339029
internal_weight=17120 8989 8131 4508 4481 5739 3496 4700 196 1055 1631 4504 2441 2392 2877 1039 700 745 310 4314 129 2292
internal_count=17120 8989 8131 4508 4481 5739 3496 4700 196 1055 1631 4504 2441 2392 2877 1039 700 745 310 4314 129 2292
is_linear=0
shrinkage=0.035


Tree=31
num_leaves=23
num_cat=0
split_feature=8 0 8 8 24 22 11 4 12 8 20 20 8 27 14 4 20 20 21 23 23 24
split_gain=892.038 75.975 58.968 15.964 13.7429 12.8341 5.83086 5.16388 4.52628 4.30098 3.85988 3.58487 3.36195 3.23691 2.83785 2.73699 2.6928 8.36143 4.5003 2.25656 3.56578 2.2429
threshold=4.432092945874003 12.600843035355068 1.3548781993631764 8.7841199852211975 11523.000000000002 16785.000000000004 1.3424596091494918 6.9966807769941894 2.5451381627577256 0.42696347511940796 22.500000000000004 25.500000000000004 2.9845125473974528 3.5000000000000004 1.0000000180025095e-35 13.982558156555685 11.500000000000002 6.5000000000000009 1.5000000000000002 60300.000000000007 51350.000000000007 3345.5000000000005
decision_type=2 2 2 2 2 2 2 2 2 2 2 2 2 2 2 2 2 2 2 2 2 2
left_child=2 3 9 10 6 15 -4 -5 -7 -1 16 13 -8 -10 -14 -3 17 19 -19 20 21 -2
right_child=1 5 4 7 -6 8 12 -9 11 -11 -12 -13 14 -15 -16 -17 -18 18 -20 -21 -22 -23
leaf_value=-0.063175020898479692 -0.048858258377752428 0.17253198761931102 -0.037137334673505794 0.028860428851772958 -0.020099150035315184 0.0017994817890873362 -0.032878161477639438 0.061294978636495155 0.098169227561142394 -0.04274115946098641 0.026764706040075407 0.14818109452169342 -0.022263472910774958 0.038701363655273185 -0.018782300680880222 0.23818960614237383 -0.0021049748393188717 -0.0033912079869282243 0.062623062934284129 0.025589551139995292 -0.072981155903605349 0.0015492301838648094
leaf_weight=851 51 291 1702 509 459 74 2391 1662 1754 1554 728 485 659 210 558 1235 892 100 356 166 52 457
leaf_count=851 51 291 1702 509 459 74 2391 1662 1754 1554 728 485 659 210 558 1235 892 100 356 166 52 457
internal_value=-0.00102654 0.00655838 -0.00939938 0.00364906 -0.0074619 0.0101184 -0.00796472 0.00590303 0.00852848 -0.0140145 0.00188903 0.00878566 -0.00712497 0.00804342 -0.00552782 0.0126992 0.00110269 0.00219671 0.00588395 -0.000119699 -0.00120796 -0.000238791
internal_weight=17196 9022 8174 4973 5769 4049 5310 2171 2523 2405 2802 2449 3608 1964 1217 1526 2074 1182 456 726 560 508
internal_count=17196 9022 8174 4973 5769 4049 5310 2171 2523 2405 2802 2449 3608 1964 1217 1526 2074 1182 456 726 560 508
is_linear=0
shrinkage=0.035


Tree=32
num_leaves=23
num_cat=0
split_feature=9 9 9 9 9 9 16 16 9 1 24 22 12 3 11 1 5 12 2 9 9 22
split_gain=853.621 68.3935 68.3415 13.847 12.6483 11.8366 4.35732 4.20768 3.9401 3.87412 3.05768 2.94707 2.87416 2.62858 2.58771 2.45519 2.35339 2.23952 2.14998 1.8698 3.2138 2.16702
threshold=4.438070263070264 1.3566482833550577 13.037423469387758 20.006673737631434 3.110641021714653 8.8218253968253979 1.0000000180025095e-35 1.0000000180025095e-35 0.57332179065277356 9.9933189851049971 3345.5000000000005 54348.000000000007 1.4982657932405294 9.9759097374375028 1.5281246137553179 1.3800681417141047 17.961864802538603 2.8337999945130155 16.535714285714288 2.2581248134303693 1.7560281505042352 47274.500000000007
decision_type=2 2 2 2 2 2 2 2 2 2 2 2 2 2 2 2 2 2 2 2 2 2
left_child=1 8 5 9 6 7 11 10 -1 13 -2 19 -6 -4 -12 -8 -5 -7 -19 20 -3 -21
right_child=2 4 3 16 12 17 15 -9 -10 -11 14 -13 -14 -15 -16 -17 -18 18 -20 21 -22 -23
leaf_value=-0.060963895167032905 -0.045070303253721446 -0.040668829204847524 -0.015527713351220359 0.1672846217200766 -0.035695659397265884 0.0017129292734832503 0.022669347065621643 0.11536365928187725 -0.040470824051578015 0.10777629002468417 -0.014490158377148782 -0.055146095032472628 -0.019819826458664765 0.091479549642945898 0.015315856812965489 -0.014827006525799947 0.22985296992739077 0.052157480568593206 0.018819263900187854 -0.034864139650653603 -0.031727425825922057 -0.014244196561779351
leaf_weight=1281 50 615 51 588 69 95 45 98 1098 2121 58 197 1243 162 2754 130 1073 1771 175 2138 1191 97
leaf_count=1281 50 615 51 588 69 95 45 98 1098 2121 58 197 1243 162 2754 130 1073 1771 175 2138 1191 97
internal_value=-0.00091976 -0.0091568 0.00649956 0.00991375 -0.00706719 0.00376149 -0.00796967 0.00233137 -0.0141527 0.00811779 0.00206924 -0.00819526 -0.00399962 0.00337156 0.00223021 -0.00233333 0.012395 0.00581623 0.00607253 -0.00795848 -0.0070058 -0.00870313
internal_weight=17100 8104 8996 3995 5725 5001 4413 2960 2379 2334 2862 4238 1312 213 2812 175 1661 2041 1946 4041 1806 2235
internal_count=17100 8104 8996 3995 5725 5001 4413 2960 2379 2334 2862 4238 1312 213 2812 175 1661 2041 1946 4041 1806 2235
is_linear=0
shrinkage=0.035


Tree=33
num_leaves=23
num_cat=0
split_feature=9 9 9 9 9 24 20 16 3 9 25 1 18 25 11 3 23 17 20 6 16 23
split_gain=824.245 73.0204 70.3112 17.9034 10.3246 10.2481 4.97327 4.87434 4.33431 3.70091 3.49513 3.47831 3.42672 3.39165 3.26921 3.20673 3.17755 3.17321 2.8975 2.43929 2.29916 2.63471
threshold=4.2613636363636376 11.26284180873056 1.3566482833550577 20.006673737631434 8.0036823498036949 11523.000000000002 24.500000000000004 1.0000000180025095e-35 6.9966807769941894 0.53708791208791218 277.00000000000006 9.7975184575539469 1.0000000180025095e-35 421.00000000000006 8.2969527007627129 6.9966807769941894 62250.000000000007 1.0000000180025095e-35 2.5000000000000004 3.7535612974585661 1.0000000180025095e-35 63800.000000000007
decision_type=2 2 2 2 2 2 2 2 2 2 2 2 2 2 2 2 2 2 2 2 2 2
left_child=2 4 9 6 10 7 11 8 16 -1 -2 -3 14 -12 17 -5 -4 18 -13 -10 21 -6
right_child=1 3 5 15 20 -7 -8 -9 19 -11 13 12 -14 -15 -16 -17 -18 -19 -20 -21 -22 -23
leaf_value=-0.058830158836186759 0.015389673000300622 0.051084282265444314 -0.030672537500129663 0.085857238295149824 0.037612329069086077 -0.020469671702743216 0.1392524551815629 -0.0079266180710332312 -0.02151817085750694 -0.039054345209772787 -0.032275406783541689 0.15745898654198809 0.21273924955936693 0.003436731618523186 0.023800011315360543 0.20499941573354277 -0.053215981706336082 0.12401051062259592 0.062960265961522169 0.014365292434399797 0.17748405062782496 -0.00089698015535220952
leaf_weight=1199 1694 369 4663 107 1734 439 579 216 79 1191 141 111 228 648 158 1568 201 475 1076 51 68 133
leaf_count=1199 1694 369 4663 107 1734 439 579 216 79 1191 141 111 228 648 158 1568 201 475 1076 51 68 133
internal_value=-0.00101019 0.00620794 -0.00917205 0.00925898 0.0029714 -0.007026 0.0075983 -0.00745973 -0.00768404 -0.0142119 0.00146302 0.00684971 0.0074245 -0.000440806 0.00685616 0.0121875 -0.00785326 0.00731704 0.00625419 -0.00116667 0.00488918 0.00461806
internal_weight=17128 9089 8039 4671 4418 5649 2996 5210 4994 2390 2483 2417 2048 789 1820 1675 4864 1662 1187 130 1935 1867
internal_count=17128 9089 8039 4671 4418 5649 2996 5210 4994 2390 2483 2417 2048 789 1820 1675 4864 1662 1187 130 1935 1867
is_linear=0
shrinkage=0.035


Tree=34
num_leaves=23
num_cat=0
split_feature=9 9 9 9 24 9 22 0 9 16 20 16 4 5 25 11 18 20 20 20 20 20
split_gain=804.526 73.8849 70.0145 17.6412 9.99 8.47978 4.92401 4.33572 4.18525 3.34191 3.32086 3.14925 3.09736 3.04561 2.91619 2.60996 2.65568 4.58251 3.06114 2.56807 5.45507 3.91668
threshold=4.2613636363636376 1.3566482833550577 16.752241043269517 8.1809193133760143 11523.000000000002 20.551106820578845 54348.000000000007 16.03274297468673 0.53708791208791218 1.0000000180025095e-35 25.500000000000004 1.0000000180025095e-35 6.3184650747182145 10.946439606378263 455.50000000000006 1.3424596091494918 1.0000000180025095e-35 29.500000000000004 11.500000000000002 11.500000000000002 6.5000000000000009 22.500000000000004
decision_type=2 2 2 2 2 2 2 2 2 2 2 2 2 2 2 2 2 2 2 2 2 2
left_child=1 8 3 9 6 10 11 12 -1 -2 14 15 -5 -7 -4 -3 17 -17 -18 20 -14 -21
right_child=2 4 5 7 -6 13 -8 -9 -10 -11 -12 -13 19 -15 -16 16 18 -19 -20 21 -22 -23
leaf_value=-0.056771103276920219 0.0090180863635254994 -0.032936429095221563 0.12242402036080448 0.025059762652010941 -0.017876813212879376 0.11785223495481958 -0.051353422346614323 0.099530743085191678 -0.037687443127430734 0.11141382575790505 0.1873141017069094 -0.0091765604613294298 0.045772764251799263 0.21463313642925808 0.057593311041303497 -0.028785912370172841 -0.0059636486554675936 0.0028028891560784057 -0.01936572712447138 0.025668431810830821 0.12558930884618996 0.070172348344212335
leaf_weight=1200 2530 1572 969 753 440 247 195 542 1183 91 234 213 430 1262 215 2816 251 94 109 852 332 654
leaf_count=1200 2530 1572 969 753 440 247 195 542 1183 91 234 213 430 1262 215 2816 251 94 109 852 332 654
internal_value=-0.000890831 -0.00893414 0.00623519 0.00411415 -0.0067511 0.0106958 -0.0071765 0.00571889 -0.0141143 0.00191927 0.00864547 -0.00694466 0.00517019 0.012576 0.00778595 -0.0071307 -0.00651374 -0.00687393 -0.0035 0.0058282 0.00755215 0.00492224
internal_weight=17184 8073 9111 6184 5690 2927 5250 3563 2383 2621 1418 5055 3021 1509 1184 4842 3270 2910 360 2268 762 1506
internal_count=17184 8073 9111 6184 5690 2927 5250 3563 2383 2621 1418 5055 3021 1509 1184 4842 3270 2910 360 2268 762 1506
is_linear=0
shrinkage=0.035


Tree=35
num_leaves=23
num_cat=0
split_feature=9 9 9 9 9 24 18 20 1 24 21 22 17 20 18 15 3 20 20 20 20 0
split_gain=735.995 77.4182 67.3881 15.8786 10.9541 5.74589 4.8647 4.7391 4.46836 3.80972 3.58613 3.40177 3.12427 3.39649 3.05 3.00788 3.94602 2.71917 2.71173 2.89993 2.72455 2.62352
threshold=4.6726190476190483 1.7560281505042352 16.752241043269517 8.8218253968253979 0.57332179065277356 10081.000000000002 1.0000000180025095e-35 23.500000000000004 12.996151141142256 3345.5000000000005 4.5000000000000009 19263.000000000004 1.0000000180025095e-35 22.500000000000004 1.0000000180025095e-35 1.0000000180025095e-35 6.9966807769941894 11.500000000000002 22.500000000000004 16.500000000000004 18.500000000000004 8.942279580511066
decision_type=2 2 2 2 2 2 2 2 2 2 2 2 2 2 2 2 2 2 2 2 2 2
left_child=1 4 3 9 -1 15 11 8 -4 -2 17 -5 -13 -14 18 -3 -17 -8 19 -11 -21 -16
right_child=2 5 7 6 -6 -7 10 -9 -10 14 -12 12 13 -15 21 16 -18 -19 -20 20 -22 -23
leaf_value=-0.05478411466222801 -0.04642503029838476 -0.028389057587291659 0.071942677483147047 0.11259018435302598 -0.036368382617970652 -0.020268536310706374 0.18407928664325623 0.20931086884149003 0.14287033924379774 0.010508267376748424 0.0054203855824391757 0.033854672127228473 0.048971743448190865 0.10527674322749055 0.030889547266151271 -0.028042440837921605 0.00056870171692137937 0.055165542620172023 0.021899436579407495 -0.011810370279159731 0.0043883259890348204 0.06969096444249126
leaf_weight=1274 47 764 247 322 1924 530 164 639 2030 1325 46 1800 546 193 258 3571 126 94 672 174 335 134
leaf_count=1274 47 764 247 322 1924 530 164 639 2030 1325 46 1800 546 193 258 3571 126 94 672 174 335 134
internal_value=-0.000993902 -0.00858982 0.00589663 0.00379763 -0.012845 -0.00584968 0.0055205 0.0102747 0.00944785 0.0019339 0.00979773 0.00504361 0.00458137 0.00653898 0.00210386 -0.00626176 -0.00581442 0.0113783 0.00163779 0.000923056 -0.00129377 0.00498111
internal_weight=17215 8189 9026 6110 3198 4991 3165 2916 2277 2945 304 2861 2539 739 2898 4461 3697 258 2506 1834 509 392
internal_count=17215 8189 9026 6110 3198 4991 3165 2916 2277 2945 304 2861 2539 739 2898 4461 3697 258 2506 1834 509 392
is_linear=0
shrinkage=0.035


Tree=36
num_leaves=23
num_cat=0
split_feature=9 9 9 9 9 24 25 18 21 21 20 20 4 21 15 9 9 25 4 20 20 2
split_gain=718.609 74.1976 67.1255 15.8314 10.693 7.0718 6.72966 4.7925 3.94838 3.51313 3.46029 5.23467 3.15961 3.02234 3.00958 4.28165 3.19784 4.69199 2.91595 3.2851 2.83275 2.73939
threshold=4.438070263070264 1.7560281505042352 16.752241043269517 7.7387393115140801 0.57332179065277356 11523.000000000002 210.50000000000003 1.0000000180025095e-35 3.5000000000000004 4.5000000000000009 25.500000000000004 13.500000000000002 5.9680479807034317 2.5000000000000004 1.0000000180025095e-35 3.2517607586512871 2.5357338073371021 729.50000000000011 7.8750000000000009 2.5000000000000004 11.500000000000002 11.454014904367032
decision_type=2 2 2 2 2 2 2 2 2 2 2 2 2 2 2 2 2 2 2 2 2 2
left_child=1 4 3 13 -1 14 -4 8 18 20 11 -10 -8 -2 -3 16 17 -16 -5 -20 -9 -15
right_child=2 5 6 7 -6 -7 12 9 10 -11 -12 -13 -14 21 15 -17 -18 -19 19 -21 -22 -23
leaf_value=-0.052866670649050027 -0.00025488690725540054 -0.027829184230915717 0.19367792671903791 0.026651792949869767 -0.035095489226341682 -0.018358422998022445 0.037325965082568385 0.16974630213064626 0.0335919187293061 0.0016019441581370231 0.090973721632633398 -0.0083643910282151339 0.1204610478823631 0.021460690774310631 -0.027762657307734979 -0.015491033221104804 -0.025149019599340319 -0.00099462772477418196 0.15241519900354841 0.052271374351909927 0.036946890930537442 -0.021746118734975527
leaf_weight=1270 1141 775 1538 923 1877 456 139 210 477 56 149 374 1194 899 1743 486 1236 183 95 1578 117 71
leaf_count=1270 1141 775 1538 923 1877 456 139 210 477 56 149 374 1194 899 1743 486 1236 183 95 1578 117 71
internal_value=-0.00104843 -0.00865303 0.00576177 0.00367227 -0.0128474 -0.00593366 0.0101739 0.00497239 0.0045536 0.00875 0.00262935 0.00171729 0.00823991 0.00120747 -0.00636292 -0.00590679 -0.00638222 -0.00542853 0.00528162 0.00617402 0.0101205 0.00263846
internal_weight=16987 8026 8961 6090 3147 4879 2871 3979 3596 383 1000 851 1333 2111 4423 3648 3162 1926 2596 1673 327 970
internal_count=16987 8026 8961 6090 3147 4879 2871 3979 3596 383 1000 851 1333 2111 4423 3648 3162 1926 2596 1673 327 970
is_linear=0
shrinkage=0.035


Tree=37
num_leaves=23
num_cat=0
split_feature=9 9 9 9 9 5 24 16 20 20 20 21 3 4 20 9 20 21 3 9 18 25
split_gain=683.132 67.4723 64.5996 14.3012 13.1156 7.78436 6.78921 5.08363 4.75893 4.21565 3.49925 5.01852 3.80838 3.46361 2.83593 2.74586 2.58383 5.96584 2.70318 2.76499 4.29715 2.55973
threshold=4.2613636363636376 0.8377192982456142 16.587121212121215 1.7560281505042352 7.7387393115140801 18.049040346336252 11523.000000000002 1.0000000180025095e-35 24.500000000000004 7.5000000000000009 13.500000000000002 3.5000000000000004 10.000130448439306 6.7843164825256759 6.5000000000000009 20.215047969410843 27.500000000000004 1.5000000000000002 6.9966807769941894 2.5714480930513881 1.0000000180025095e-35 224.50000000000003
decision_type=2 2 2 2 2 2 2 2 2 2 2 2 2 2 2 2 2 2 2 2 2 2
left_child=1 -1 4 -3 -2 9 7 16 10 -4 12 -12 -6 -14 -15 -7 18 -18 19 -5 -21 -11
right_child=2 3 5 6 8 15 -8 -9 -10 21 11 -13 13 14 -16 -17 17 -19 -20 20 -22 -23
leaf_value=-0.051016337176333276 0.007019405687179155 -0.033867147103419724 0.07485127170205752 -0.027016485400635483 0.025350609131774619 0.12559350580145015 -0.017775601154890922 -0.0036600947585624204 0.078497104656590183 0.16250427764517872 0.035734799315801404 -0.0038846269551839189 0.030922008636595003 0.049714357801116812 0.12028301547803011 0.20815329770926813 -0.045078673765979821 -0.0046421593957789598 -0.0090232087775493821 -0.025149777266195911 -0.0077544600304328935 0.10861997085149663
leaf_weight=1630 2157 1528 428 1790 986 473 451 184 751 491 974 354 219 323 322 939 136 307 124 1688 181 620
leaf_count=1630 2157 1528 428 1790 986 473 451 184 751 491 974 354 219 323 322 939 136 307 124 1688 181 620
internal_value=-0.00100624 -0.0084403 0.00558947 -0.00680404 0.00351954 0.00983931 -0.00585491 -0.00627463 0.0047242 0.00802461 0.00410697 0.0026913 0.00510377 0.00682681 0.00813077 0.0117696 -0.00652269 -0.00382813 -0.00682814 -0.00700191 -0.0079936 0.00918907
internal_weight=17056 8019 9037 6389 6086 2951 4861 4410 3929 1539 3178 1328 1850 864 645 1412 4226 443 3783 3659 1869 1111
internal_count=17056 8019 9037 6389 6086 2951 4861 4410 3929 1539 3178 1328 1850 864 645 1412 4226 443 3783 3659 1869 1111
is_linear=0
shrinkage=0.035


Tree=38
num_leaves=23
num_cat=0
split_feature=9 9 9 9 9 9 16 9 20 20 21 20 20 14 22 5 12 11 10 9 21 20
split_gain=653.286 69.8096 64.4406 10.1936 9.27646 9.12039 6.18571 5.06888 4.50888 4.13029 6.05052 5.25896 4.11117 4.10386 3.47861 3.41649 3.39689 3.10603 3.10106 3.20403 3.078 2.99646
threshold=4.2613636363636376 0.8377192982456142 14.512308379836307 8.8218253968253979 1.7560281505042352 21.108196777804341 1.0000000180025095e-35 3.6005036195605942 6.5000000000000009 11.500000000000002 1.5000000000000002 19.500000000000004 23.500000000000004 0.29285714285714287 47334.500000000007 15.797447538600709 2.5451381627577256 8.2969527007627129 2.9439202887759515 2.5714480930513881 4.5000000000000009 27.500000000000004
decision_type=2 2 2 2 2 2 2 2 2 2 2 2 2 2 2 2 2 2 2 2 2 2
left_child=1 -1 3 8 13 12 7 18 14 10 -10 -11 17 -3 -2 -7 -5 -4 19 -6 -12 -9
right_child=2 4 5 16 6 15 -8 21 9 11 20 -13 -14 -15 -16 -17 -18 -19 -20 -21 -22 -23
leaf_value=-0.049230765375161613 -0.0059824784310718521 -0.03268179695480003 0.10098093664295657 -0.018099722004768535 -0.025945458529192122 0.10276449651624635 5.4527749972750347e-05 -0.018464500873750563 -0.0092516688007137308 -0.0031839923587996212 0.067353343165036272 0.020493543653030508 0.14568612705533893 -0.03260558526389732 0.023903226030161505 0.19509823430923265 0.044606212324146834 0.045739309986807572 -0.0092039531995629312 -0.01875113936485541 0.0086891518071890231 0.035898451001714925
leaf_weight=1642 647 1119 1406 53 2076 302 205 392 117 712 361 1002 504 419 167 1002 2463 279 123 2059 64 47
leaf_count=1642 647 1119 1406 53 2076 302 205 392 117 712 361 1002 504 419 167 1002 2463 279 123 2059 64 47
internal_value=-0.00105412 -0.00829016 0.00538639 0.00304552 -0.00663344 0.00911521 -0.00586662 -0.00612612 0.00167886 0.00248452 0.00515082 0.00161867 0.0076732 -0.00903921 -0.000534188 0.011484 0.00469952 0.00677219 -0.00649836 -0.00666184 0.0070814 -0.00244369
internal_weight=17161 8082 9079 5586 6440 3493 4902 4697 3070 2256 542 1714 2189 1538 814 1304 2516 1685 4258 4135 425 439
internal_count=17161 8082 9079 5586 6440 3493 4902 4697 3070 2256 542 1714 2189 1538 814 1304 2516 1685 4258 4135 425 439
is_linear=0
shrinkage=0.035


Tree=39
num_leaves=23
num_cat=0
split_feature=9 9 7 9 9 9 16 24 24 18 3 20 9 9 9 24 16 20 21 2 12 17
split_gain=649.533 69.6081 58.5383 12.197 12.0331 10.0499 7.44176 5.50044 4.36424 4.21402 4.07866 3.66554 3.65935 4.20448 3.66367 3.13311 2.867 2.56345 3.7281 2.55314 3.15282 2.48725
threshold=4.6726190476190483 0.8377192982456142 15.44637328615657 1.7920850130358559 9.5007289286802958 21.108196777804341 1.0000000180025095e-35 10081.000000000002 4472.0000000000009 1.0000000180025095e-35 8.7917610864307907 23.500000000000004 2.5714480930513881 3.110641021714653 2.321297033566406 8120.5000000000009 1.0000000180025095e-35 21.500000000000004 3.5000000000000004 5.9978252760003432 2.514245129542577 1.0000000180025095e-35
decision_type=2 2 2 2 2 2 2 2 2 2 2 2 2 2 2 2 2 2 2 2 2 2
left_child=1 -1 4 -3 8 -4 7 12 19 11 -7 17 14 -14 15 -5 -10 -6 -19 20 -2 -13
right_child=2 3 5 6 9 10 -8 -9 16 -11 -12 21 13 -15 -16 -17 -18 18 -20 -21 -22 -23
leaf_value=-0.047507688587030958 -0.037354619367489371 -0.031540601470563624 0.10372072611224133 -0.024906923263151019 0.036807538330217542 0.073602263649185831 0.0015893715033672142 -0.017648189163898407 0.016008157492917528 0.10544214463448663 0.1859218539012216 0.071024980040790317 -0.024988918774736732 -0.015008802946567829 -0.027136864533117411 -0.024582211114649723 0.14256917395222291 0.048749345804454752 -0.069607921542887516 0.0082872243621260836 0.0045412413674868332 0.12253555389238673
leaf_weight=1656 145 1615 1869 1068 1426 91 201 518 2690 222 1197 371 1304 924 685 213 93 121 47 281 174 167
leaf_count=1656 145 1615 1869 1068 1426 91 201 518 2690 222 1197 371 1304 924 685 213 93 121 47 281 174 167
internal_value=-0.00106436 -0.00817835 0.00548067 -0.00653873 0.00336468 0.00930898 -0.00565067 -0.00593227 0.00201446 0.00528932 0.0117343 0.00477422 -0.00635568 -0.00735893 -0.00519406 -0.00631415 0.00259864 0.00388524 -0.000101156 -0.000665289 -0.00280864 0.00731584
internal_weight=17078 8184 8894 6528 5737 3157 4913 4712 3383 2354 1288 2132 4194 2228 1966 1281 2783 1594 168 600 319 538
internal_count=17078 8184 8894 6528 5737 3157 4913 4712 3383 2354 1288 2132 4194 2228 1966 1281 2783 1594 168 600 319 538
is_linear=0
shrinkage=0.035


Tree=40
num_leaves=23
num_cat=0
split_feature=9 9 9 9 9 22 16 24 22 18 17 21 2 24 10 10 14 9 16 16 1 11
split_gain=562.48 77.6163 52.3706 10.1733 9.36736 8.21168 5.39538 4.39509 4.38856 3.60746 4.13999 3.66807 3.13184 3.0121 2.61481 2.56541 2.9398 2.4185 2.20773 2.17829 2.09891 2.02955
threshold=4.438070263070264 0.8377192982456142 16.752241043269517 7.8086010760935052 1.7560281505042352 16785.000000000004 1.0000000180025095e-35 11523.000000000002 17236.500000000004 1.0000000180025095e-35 1.0000000180025095e-35 4.5000000000000009 12.996151141142256 3345.5000000000005 3.4364987719368982 2.7516228977511781 1.0000000180025095e-35 19.25430457580925 1.0000000180025095e-35 1.0000000180025095e-35 16.03274297468673 1.4734386303047928
decision_type=2 2 2 2 2 2 2 2 2 2 2 2 2 2 2 2 2 2 2 2 2 2
left_child=1 -1 3 13 18 17 7 15 -5 10 -10 -11 14 -2 -7 -6 -17 -4 -3 21 -16 -15
right_child=2 4 5 8 6 12 -8 -9 9 11 -12 -13 -14 19 20 16 -18 -19 -20 -21 -22 -23
leaf_value=-0.045844919486484878 -0.036047207689627242 -0.030436680419093896 0.13159265206300308 0.095958183663174615 -0.023710468800439442 -0.0085256045937137787 0.00071931795027414542 -0.01703050254316197 0.02090829134776705 0.08658888993446702 0.047025534060369363 -0.0061525694328756859 0.10390183831882037 -0.01848016786751135 0.029812793222994089 -0.01773783605377768 0.0065125014062409319 0.17728330959762836 -0.0057003437137063068 0.12583680207746231 0.10975768504040599 0.0070402529952170211
leaf_weight=1650 51 1449 240 345 4070 63 215 453 2255 293 943 59 1110 48 78 75 116 1332 55 62 77 2034
leaf_count=1650 51 1449 240 345 4070 63 215 453 2255 293 943 59 1110 48 78 75 116 1332 55 62 77 2034
internal_value=-0.00115177 -0.0078499 0.00486965 0.00301764 -0.00609972 0.00874096 -0.00534151 -0.00558858 0.00409231 0.00370675 0.00331642 0.00710784 0.00662978 0.00109773 0.00258969 -0.00593999 -0.00178571 0.0104867 -0.00854705 0.00131107 0.00503125 0.00109847
internal_weight=17073 8083 8990 6090 6433 2900 4929 4714 3895 3550 3198 352 1328 2195 218 4261 191 1572 1504 2144 155 2082
internal_count=17073 8083 8990 6090 6433 2900 4929 4714 3895 3550 3198 352 1328 2195 218 4261 191 1572 1504 2144 155 2082
is_linear=0
shrinkage=0.035


Tree=41
num_leaves=23
num_cat=0
split_feature=8 9 9 9 9 20 9 9 24 18 20 0 24 15 11 3 1 1 10 20 20 20
split_gain=545.52 87.6949 48.4683 14.7298 14.417 5.19933 4.42175 3.87022 3.84666 3.8293 3.81459 3.8132 3.65959 3.45672 3.32587 3.14427 3.08792 2.90619 2.72607 2.66508 2.40168 2.63082
threshold=4.8263308037724721 0.8377192982456142 18.846774957782937 10.03132202993814 2.1888710017658437 24.500000000000004 23.506673737631434 6.179742730425505 10081.000000000002 1.0000000180025095e-35 21.500000000000004 18.510883648048786 8120.5000000000009 1.0000000180025095e-35 7.7787151680189615 5.7672630030662937 10.946439606378263 2.0428215958214628 4.7194880254571965 2.5000000000000004 6.5000000000000009 12.500000000000002
decision_type=2 2 2 2 2 2 2 2 2 2 2 2 2 2 2 2 2 2 2 2 2 2
left_child=1 -1 3 7 12 6 -4 -2 13 10 -9 14 -3 -6 15 16 -5 -15 -8 -17 -21 -22
right_child=2 4 5 11 8 -7 18 9 -10 -11 -12 -13 -14 17 -16 19 -18 -19 -20 20 21 -23
leaf_value=-0.044240347304457903 -0.0023149323344949036 -0.02784615837317973 0.10238286587786924 -0.020051818710722168 -0.022866142363884793 0.21233703152081404 0.12106092528037732 0.0068511097352303325 -0.015358311207826937 0.048437597490489134 0.027210575756780427 0.098711628834244849 -0.021924159508580388 -0.014909397103093526 0.0017657280696101998 0.11142512482916628 0.056234221551651996 -0.020582767278865065 0.20351580300242783 0.019378271495563787 0.090211886671152333 0.05586316394291467
leaf_weight=1648 680 2401 1087 73 773 374 141 1819 502 285 825 627 184 1176 193 126 112 1525 468 312 443 1342
leaf_count=1648 680 2401 1087 73 773 374 141 1819 502 285 825 627 184 1176 193 126 112 1525 468 312 443 1342
internal_value=-0.0011499 -0.00765705 0.00484627 0.00341713 -0.00583156 0.00953855 0.00863169 0.00186912 -0.00448819 0.00242161 0.00198849 0.00513687 -0.00787838 -0.00490443 0.00451266 0.00486635 0.000368421 -0.00428123 0.0111156 0.00523115 0.00489534 0.00539665
internal_weight=17116 8209 8907 6837 6561 2070 1696 3609 3976 2929 2644 3228 2585 3474 2601 2408 185 2701 609 2223 2097 1785
internal_count=17116 8209 8907 6837 6561 2070 1696 3609 3976 2929 2644 3228 2585 3474 2601 2408 185 2701 609 2223 2097 1785
is_linear=0
shrinkage=0.035


Tree=42
num_leaves=23
num_cat=0
split_feature=9 9 0 22 9 6 20 8 18 20 24 5 1 24 24 0 18 17 3 8 4 20
split_gain=492.383 82.0358 43.1486 13.0618 12.7397 7.43427 4.72358 3.5801 3.56125 3.84814 3.08002 3.03627 3.01318 2.3538 2.25321 2.22959 2.19156 3.05594 2.48327 2.18151 2.1286 2.10512
threshold=4.438070263070264 0.8377192982456142 13.982558156555685 16785.000000000004 2.2143052359085309 10.441887007478826 25.500000000000004 5.7074308839208543 1.0000000180025095e-35 23.500000000000004 8120.5000000000009 23.023809523809529 2.0428215958214628 11523.000000000002 4163.5000000000009 16.03274297468673 1.0000000180025095e-35 1.0000000180025095e-35 13.714261283220216 0.35299200622699706 5.9680479807034317 27.500000000000004
decision_type=2 2 2 2 2 2 2 2 2 2 2 2 2 2 2 2 2 2 2 2 2 2
left_child=1 19 5 11 10 6 7 -2 9 -5 14 -4 21 -14 -3 -11 17 -9 -19 -1 -8 -6
right_child=2 4 3 8 12 -7 20 16 -10 15 -12 -13 13 -15 -16 -17 -18 18 -20 -21 -22 -23
leaf_value=-0.042691935148801874 -0.010566615265282634 -0.022407934588395913 0.13560253923430202 0.047880747236118043 -0.016359347556082496 0.048498646129358912 0.011350014274707445 0.0049690994383618844 0.1640418211079393 0.081690237602595292 -0.021436946925506243 0.19695325208169523 -0.019625107978433046 -0.016115272561563448 -0.028396781061364319 0.1361358226484628 0.038180794709368027 0.015976363176540841 0.06871072856981103 -0.042691935148801874 0.053731518207706025 0.0048146166606215617
leaf_weight=729 439 1412 986 1448 1439 1361 140 2107 272 181 195 469 1883 325 1041 286 220 612 114 925 351 148
leaf_count=729 439 1412 986 1448 1439 1361 140 2107 272 181 195 469 1883 325 1041 286 220 612 114 925 351 148
internal_value=-0.00112447 -0.00738275 0.00451368 0.00745202 -0.00558545 0.0025028 0.00172894 0.00126609 0.00570027 0.0051224 -0.00746042 0.0100445 -0.00426447 -0.00511636 -0.00780309 0.00793432 0.00169392 0.00141825 0.00337551 -0.0143354 0.00493952 -0.0030559
internal_weight=17083 8097 8986 3642 6443 5344 3983 3492 2187 1915 2648 1455 3795 2208 2453 467 3053 2833 726 1654 491 1587
internal_count=17083 8097 8986 3642 6443 5344 3983 3492 2187 1915 2648 1455 3795 2208 2453 467 3053 2833 726 1654 491 1587
is_linear=0
shrinkage=0.035


Tree=43
num_leaves=23
num_cat=0
split_feature=9 9 9 9 22 0 20 16 1 16 24 17 20 8 20 20 18 20 24 20 3 20
split_gain=486.036 89.1576 46.8009 16.6379 13.2035 6.36352 4.47804 4.14732 3.9422 3.68786 3.52879 3.33795 3.09692 3.67006 2.98365 2.94057 2.93204 4.50201 2.86708 2.70227 2.68949 3.50194
threshold=4.438070263070264 0.8377192982456142 12.535576826469368 2.1888710017658437 16785.000000000004 11.454014904367032 25.500000000000004 1.0000000180025095e-35 2.0428215958214628 1.0000000180025095e-35 8120.5000000000009 1.0000000180025095e-35 23.500000000000004 24.821428571428573 25.500000000000004 3.5000000000000004 1.0000000180025095e-35 9.5000000000000018 4685.0000000000009 13.500000000000002 6.7356787634919089 13.500000000000002
decision_type=2 2 2 2 2 2 2 2 2 2 2 2 2 2 2 2 2 2 2 2 2 2
left_child=1 -1 5 10 12 9 18 8 14 11 -3 16 13 15 19 -4 -2 -18 -6 -5 -20 -22
right_child=2 3 4 7 6 -7 -8 -9 -10 -11 -12 -13 -14 -15 -16 -17 17 -19 20 -21 21 -23
leaf_value=-0.041197717418593814 0.0017684580629310489 -0.025256538776100585 0.17222358319832973 -0.010410927495409257 -0.0098267372393593538 0.04114404957648498 0.11741390443597391 0.0032013936608602583 -0.019210390238289885 0.16474455137805286 -0.01988787455309883 0.018768786964196125 0.20282623710161962 0.19092223603230807 0.00048358802421049843 0.092095172503697614 0.0083605520527226199 0.078622349705246522 0.032839055947003967 -0.025592403361341203 0.092827378540314837 0.052866091165953269
leaf_weight=1653 2459 2411 128 676 99 872 389 168 2117 77 167 1002 372 377 248 759 270 120 187 653 964 860
leaf_count=1653 2459 2411 128 676 99 872 389 168 2117 77 167 1002 372 377 248 759 270 120 187 653 964 860
internal_value=-0.00108393 -0.00729563 0.00454139 -0.00542242 0.00727053 0.00218158 0.00563299 -0.00395074 -0.0041964 0.00157068 -0.0076084 0.0014069 0.00973644 0.00878448 -0.00283186 0.00741592 0.000784863 0.00358861 0.00495626 -0.00348951 0.00524306 0.00565473
internal_weight=17028 8093 8935 6440 4135 4800 2499 3862 3694 3928 2578 3851 1636 1264 1577 887 2849 390 2110 1329 2011 1824
internal_count=17028 8093 8935 6440 4135 4800 2499 3862 3694 3928 2578 3851 1636 1264 1577 887 2849 390 2110 1329 2011 1824
is_linear=0
shrinkage=0.035


Tree=44
num_leaves=23
num_cat=0
split_feature=8 15 3 8 22 0 6 16 25 8 25 1 24 20 18 20 27 20 12 11 18 20
split_gain=458.835 86.7893 43.9038 10.8349 10.1721 9.25919 4.40589 3.47344 3.40734 3.33891 3.12548 2.9266 3.4948 2.70307 3.02862 2.67663 2.53456 3.65586 2.80371 3.08433 2.46037 3.58859
threshold=4.6125000000000007 0.39642857142857152 15.022525042907136 2.2140066897881838 16785.000000000004 11.852133989485408 8.0097912782270964 1.0000000180025095e-35 191.00000000000003 0.42696347511940796 729.50000000000011 2.2751209043800462 10081.000000000002 5.5000000000000009 1.0000000180025095e-35 23.500000000000004 3.5000000000000004 13.500000000000002 1.8048146182064551 1.9402942247514998 1.0000000180025095e-35 11.500000000000002
decision_type=2 2 2 2 2 2 2 2 2 2 2 2 2 2 2 2 2 2 2 2 2 2
left_child=1 3 5 7 -4 6 13 10 -6 -3 -1 16 -13 -2 -15 20 18 -18 19 -5 -7 -22
right_child=2 9 4 11 8 15 -8 -9 -10 -11 -12 12 -14 14 -16 -17 17 -19 -20 -21 21 -23
leaf_value=-0.024666646086738041 -0.0028063232273763507 -0.039755797308943033 0.15714990967949347 0.00089292693995477682 0.12602274419850301 0.034165873760244513 0.030541143525088413 -0.0022282496046403845 0.063067087450330198 -0.04122880213762746 -0.020211157246804397 -0.019938053182449986 -0.013454765148478938 0.006669953699962595 0.039491999532738957 0.077179434380779968 -0.0061468964082105632 -0.024848968961856625 -0.012760949776485057 -0.034386771131057238 0.18350109928859415 0.0056408145362683284
leaf_weight=2446 635 873 1316 529 372 1310 1223 94 1147 795 85 1869 304 2012 171 540 195 275 579 48 170 88
leaf_count=2446 635 873 1316 529 372 1310 1223 94 1147 795 85 1869 304 2012 171 540 195 275 579 48 170 88
internal_value=-0.00106039 -0.00710417 0.0043823 -0.00524537 0.00798592 0.00271287 0.00172145 -0.00698669 0.00597113 -0.0142155 -0.00723186 -0.00402997 -0.00488522 0.000948459 0.00153565 0.00459655 -0.00286481 -0.00504737 -0.00194444 -0.000180412 0.00381596 0.00698669
internal_weight=17076 8092 8984 6424 2835 6149 4041 2625 1519 1668 2531 3799 2173 2818 2183 2108 1626 470 1156 577 1568 258
internal_count=17076 8092 8984 6424 2835 6149 4041 2625 1519 1668 2531 3799 2173 2818 2183 2108 1626 470 1156 577 1568 258
is_linear=0
shrinkage=0.035


Tree=45
num_leaves=23
num_cat=0
split_feature=9 9 9 9 9 22 1 7 22 18 24 16 5 22 17 6 5 24 24 24 16 17
split_gain=448.738 95.0275 46.3612 19.3562 7.65838 7.4271 4.08362 3.72368 3.18883 3.13572 3.02278 2.7466 2.54886 2.45581 2.4147 2.74063 2.30422 2.20162 2.89201 2.84305 2.64543 2.10682
threshold=4.438070263070264 0.8377192982456142 16.752241043269517 2.2143052359085309 9.8121262525618356 16785.000000000004 2.0428215958214628 20.289929968360216 25082.000000000004 1.0000000180025095e-35 3345.5000000000005 1.0000000180025095e-35 12.035714285714286 19263.000000000004 1.0000000180025095e-35 10.946439606378263 18.604970943495172 12965.500000000002 7576.0000000000009 4472.0000000000009 1.0000000180025095e-35 1.0000000180025095e-35
decision_type=2 2 2 2 2 2 2 2 2 2 2 2 2 2 2 2 2 2 2 2 2 2
left_child=1 -1 4 -3 10 7 -5 -4 -7 13 -2 -8 -10 -6 -15 -16 -9 18 19 -12 21 -20
right_child=2 3 5 6 9 8 11 16 12 -11 17 -13 -14 14 15 -17 -18 -19 20 -21 -22 -23
leaf_value=-0.038364344403130024 -0.043368746786940797 -0.022440060625465007 0.085243585568038377 -0.011915992014799091 0.090334507509170173 0.033191779539667864 -0.016606203706160984 0.14008936537066943 0.053494404374861866 0.078827951742845015 -3.68543731528459e-05 0.0026112509322647128 0.10795647955192364 0.024640179152417115 0.018381566891878934 0.077656127720105508 0.1773168609745705 0.035834236745112255 -0.0077269933003498541 0.021152678937140543 0.094287060967137945 0.0083996063209564754
leaf_weight=1650 57 2652 501 1576 325 263 2095 395 265 243 576 111 789 1374 281 288 669 537 835 1257 50 311
leaf_count=1650 57 2652 501 1576 325 263 2095 395 265 243 576 111 789 1374 281 288 669 537 835 1257 50 311
internal_value=-0.00118986 -0.0071761 0.00417664 -0.00524266 0.00244869 0.00783772 -0.0036183 0.00949682 0.00582451 0.0039368 0.00140849 -0.0045986 0.00669263 0.00350308 0.00300051 0.00493902 0.0107226 0.00154369 0.00116513 0.00203754 -0.000160283 -0.000532146
internal_weight=17100 8084 9016 6434 6134 2882 3782 1565 1317 2511 3623 2206 1054 2268 1943 569 1064 3566 3029 1833 1196 1146
internal_count=17100 8084 9016 6434 6134 2882 3782 1565 1317 2511 3623 2206 1054 2268 1943 569 1064 3566 3029 1833 1196 1146
is_linear=0
shrinkage=0.035


Tree=46
num_leaves=23
num_cat=0
split_feature=9 9 9 9 8 25 20 20 4 16 20 11 24 17 20 20 18 17 1 20 22 20
split_gain=433.374 94.0662 40.918 16.3247 8.67974 7.64641 4.07835 4.6779 3.81477 3.38499 3.24376 3.20315 2.99419 2.87125 2.84826 4.52341 2.66081 3.9909 2.62046 2.59914 2.59167 2.56588
threshold=4.2613636363636376 0.8377192982456142 16.752241043269517 2.2143052359085309 8.4634227218032283 210.50000000000003 25.500000000000004 13.500000000000002 5.9680479807034317 1.0000000180025095e-35 25.500000000000004 7.7787151680189615 12965.500000000002 1.0000000180025095e-35 30.500000000000004 29.500000000000004 1.0000000180025095e-35 1.0000000180025095e-35 2.227876177689875 23.500000000000004 54348.000000000007 16.500000000000004
decision_type=2 2 2 2 2 2 2 2 2 2 2 2 2 2 2 2 2 2 2 2 2 2
left_child=1 -1 4 20 12 19 7 8 -7 10 21 -9 13 -2 15 18 17 -6 -12 -4 -3 -5
right_child=2 3 5 9 16 6 -8 11 -10 -11 14 -13 -14 -15 -16 -17 -18 -19 -20 -21 -22 -23
leaf_value=-0.037021592349020471 -0.00073020172635172474 -0.019363242493484582 0.12005295871055538 -0.013090848261652573 0.023881868710762942 0.021861943034286818 0.14887664172213685 0.047612638203580304 0.11613447006109218 0.0036400881504485764 0.00078059115283751767 -0.020933457659693497 0.047896540661279886 0.013471618054557372 -0.020539611867520232 0.029199293677639345 0.061509027985388508 0.046260817050475356 -0.01576486990075341 0.17297469744716862 -0.024870180132125937 -0.023869766866252543
leaf_weight=1649 1894 2174 1202 1935 2162 144 223 365 501 162 203 143 221 697 55 82 354 909 254 346 510 989
leaf_count=1649 1894 2174 1202 1935 2162 144 223 365 501 162 203 143 221 697 55 82 354 909 254 346 510 989
internal_value=-0.00121122 -0.00715453 0.00398647 -0.00521236 0.00237744 0.0074027 0.00543628 0.00453368 0.00651538 -0.00368046 -0.00390931 0.00194444 0.00092563 0.000579738 -0.00148998 -0.000643382 0.00356122 0.00320871 -0.00204545 0.00911623 -0.00729546 -0.00439143
internal_weight=17174 8013 9161 6364 6237 2924 1376 1153 645 3680 3518 508 2812 2591 594 539 3425 3071 457 1548 2684 2924
internal_count=17174 8013 9161 6364 6237 2924 1376 1153 645 3680 3518 508 2812 2591 594 539 3425 3071 457 1548 2684 2924
is_linear=0
shrinkage=0.035


Tree=47
num_leaves=23
num_cat=0
split_feature=9 9 9 9 9 20 20 21 8 18 8 20 21 16 20 20 11 20 21 21 5 20
split_gain=411.345 90.87 40.777 15.0377 11.6531 5.28761 4.24342 8.43918 3.93561 4.12375 3.76363 3.54468 4.19005 3.08745 3.38441 2.99628 3.82998 2.90679 3.76208 5.23917 2.83843 2.7864
threshold=4.2613636363636376 0.8377192982456142 11.786321173507865 2.2143052359085309 20.401106820578843 23.500000000000004 27.500000000000004 1.5000000000000002 6.3410822967592075 1.0000000180025095e-35 24.24880952380953 29.500000000000004 2.5000000000000004 1.0000000180025095e-35 23.500000000000004 13.500000000000002 7.608604816174334 11.500000000000002 2.5000000000000004 4.5000000000000009 12.778846153846155 8.5000000000000018
decision_type=2 2 2 2 2 2 2 2 2 2 2 2 2 2 2 2 2 2 2 2 2 2
left_child=1 -1 8 -3 13 10 -5 -8 -2 11 -6 -10 -13 14 15 20 -17 18 -11 -20 21 -4
right_child=2 3 4 6 5 -7 7 -9 9 17 -12 12 -14 -15 -16 16 -18 -19 19 -21 -22 -23
leaf_value=-0.035725836616804757 -0.00080854958824972745 -0.019709799887078074 0.025322575345493707 -0.01573775490117596 0.086094834664244141 0.20041187756798062 -0.035590915069777102 0.01299925986229261 0.010195642677719125 0.0043105501733453179 0.16690891728559107 0.0067587179420930919 0.23673047730627367 0.36715671054740617 0.089915360287498247 0.033325980559947441 -0.025552885057877922 0.010686611452227405 0.13215448321964063 0.0011064847972464698 0.095746900526134063 0.073234913543103825
leaf_weight=1640 1021 2646 386 3318 690 329 128 272 3162 67 538 54 56 109 643 689 143 118 148 56 664 220
leaf_count=1640 1021 2646 386 3318 690 329 128 272 3162 67 538 54 56 109 643 689 143 118 148 56 664 220
internal_value=-0.0012443 -0.00702928 0.003847 -0.00512443 0.00626132 0.00871639 -0.0036711 -0.000216049 0.00156443 0.00210038 0.00756488 0.00168218 0.00776087 0.00490294 0.00464545 0.00392857 0.00223716 0.00550761 0.00748188 0.00979665 0.0050098 0.00317921
internal_weight=17097 8004 9093 6364 4411 1557 3718 400 4682 3661 1228 3272 110 2854 2745 2102 832 389 271 204 1270 606
internal_count=17097 8004 9093 6364 4411 1557 3718 400 4682 3661 1228 3272 110 2854 2745 2102 832 389 271 204 1270 606
is_linear=0
shrinkage=0.035


Tree=48
num_leaves=23
num_cat=0
split_feature=9 9 3 9 9 9 16 12 16 0 16 11 16 4 23 18 7 8 10 9 1 11
split_gain=355.272 52.5674 34.5836 10.0979 7.76992 7.64023 3.97697 3.71739 3.67687 3.37221 3.25394 3.17468 3.02875 2.8673 2.28767 2.20711 2.1493 2.60841 2.28449 2.10346 2.6436 2.08422
threshold=4.2613636363636376 1.7920850130358559 13.013525075797139 21.357905112267982 0.8377192982456142 9.1250851930786308 1.0000000180025095e-35 3.0359399231426196 1.0000000180025095e-35 21.011946453809166 1.0000000180025095e-35 1.3363062095621221 1.0000000180025095e-35 26.068648301856552 62950.000000000007 1.0000000180025095e-35 9.1479591836734695 6.5023426037081506 3.9940431835899073 2.321297033566406 2.8822479905990654 8.1598049688090466
decision_type=2 2 2 2 2 2 2 2 2 2 2 2 2 2 2 2 2 2 2 2 2 2
left_child=1 4 5 14 10 8 11 -7 16 13 -1 -3 -6 15 21 -9 17 -2 -18 -13 -21 -4
right_child=2 6 3 -5 12 7 -8 9 -10 -11 -12 19 -14 -15 -16 -17 18 -19 -20 20 -22 -23
leaf_value=-0.034475432335216591 -0.0011839714974819593 -0.019058000320974065 0.070078776829114675 0.14296419733738325 -0.0233098808314538 -0.0098470727167929342 0.0034464128585657066 0.032621564697617206 0.11414424193386301 0.10547150752747608 -0.0042407630374383899 -0.017808824354085817 -0.00056631046972438481 -0.030450051099586279 0.0081185509411294769 0.077028737398970468 0.00074990366579279493 0.012648148611422451 -0.028473102753095107 -0.0085127506402991639 -0.012214682761157251 0.034588042811731355
leaf_weight=1648 1151 1090 1999 1108 1508 216 203 1787 106 205 59 728 61 69 152 196 135 1639 114 1246 1486 272
leaf_count=1648 1151 1090 1999 1108 1508 216 203 1787 106 205 59 728 61 69 152 196 135 1639 114 1246 1486 272
internal_value=-0.00102354 -0.00639532 0.00368964 0.00640413 -0.00980875 0.00197626 -0.00403111 0.0034322 0.000822222 0.00385279 -0.0114895 -0.00424533 -0.00793837 0.00339451 0.00510297 0.00364437 0.000586399 0.000870304 -0.00248031 -0.00370202 -0.0032289 0.00538225
internal_weight=17178 8029 9149 3531 3276 5618 4753 2473 3145 2257 1707 4550 1569 2052 2423 1983 3039 2790 249 3460 2732 2271
internal_count=17178 8029 9149 3531 3276 5618 4753 2473 3145 2257 1707 4550 1569 2052 2423 1983 3039 2790 249 3460 2732 2271
is_linear=0
shrinkage=0.035


Tree=49
num_leaves=23
num_cat=0
split_feature=8 8 8 7 16 12 18 20 12 6 21 11 20 24 6 5 20 10 25 25 18 11
split_gain=315.731 34.7967 31.9176 10.5311 6.32606 4.33691 4.39168 4.79748 4.24298 4.17131 3.64642 3.58035 3.291 3.33459 2.64891 3.06168 2.60656 2.56286 2.26002 2.19945 2.1662 3.06185
threshold=4.432092945874003 1.7859246489067384 11.823910255916593 20.007492563953981 1.0000000180025095e-35 2.5727776279586263 1.0000000180025095e-35 29.500000000000004 0.47737976031977752 24.170466578992038 2.5000000000000004 1.3363062095621221 23.500000000000004 12965.500000000002 2.3744258531167257 2.0386904761904767 25.500000000000004 2.2677868380553665 637.50000000000011 729.50000000000011 1.0000000180025095e-35 8.1598049688090466
decision_type=2 2 2 2 2 2 2 2 2 2 2 2 2 2 2 2 2 2 2 2 2 2
left_child=1 4 5 12 8 -2 7 -7 -1 16 -9 -3 13 20 15 -13 -5 -16 -19 -17 21 -4
right_child=2 11 3 9 -6 6 -8 10 -10 -11 -12 14 -14 -15 17 19 -18 18 -20 -21 -22 -23
leaf_value=-0.033268792203484013 -0.0029625917079672084 -0.019340907094528185 0.042642667123512903 0.089519731897131971 -0.00065614576497227803 0.0084296018315690238 0.03714648342337766 0.023710394441071658 -0.028082520020298086 0.18378101093225055 0.24690108710617154 -0.018695490260882634 0.087161439791173134 -0.006179763098909912 -0.013340428851606575 -0.015078129061980351 0.20966475582154265 0.0052223319895520499 -0.01114434659058088 -0.00017553608320380445 0.13644374200394482 -0.014315940416666468
leaf_weight=496 853 1019 1529 1143 111 3251 391 60 2788 421 66 712 637 164 1786 546 147 333 150 208 221 177
leaf_count=496 853 1019 1529 1143 111 3251 391 60 2788 421 66 712 637 164 1786 546 147 333 150 208 221 177
internal_value=-0.000990182 -0.00598786 0.00350386 0.00562331 -0.00869853 0.00146022 0.00197124 0.00155234 -0.00897613 0.00779138 0.00814885 -0.00404129 0.00424533 0.00354008 -0.00351872 -0.00469918 0.00671622 -0.00273967 -0.000430328 -0.00306653 0.00394928 0.00348773
internal_weight=17209 8149 9060 4439 3395 4621 3768 3377 3284 1711 126 4754 2728 2091 3735 1466 1290 2269 483 754 1927 1706
internal_count=17209 8149 9060 4439 3395 4621 3768 3377 3284 1711 126 4754 2728 2091 3735 1466 1290 2269 483 754 1927 1706
is_linear=0
shrinkage=0.035


Tree=50
num_leaves=23
num_cat=0
split_feature=9 9 7 9 20 12 20 20 20 21 20 21 20 18 18 25 11 24 21 11 20 21
split_gain=297.101 36.0638 27.0405 11.4675 5.4454 4.62862 3.8471 3.77639 6.07199 5.0468 5.00299 5.59058 3.72769 3.93061 3.64518 3.51429 3.29741 3.13029 3.10122 2.88882 2.8438 2.99777
threshold=4.438070263070264 2.2143052359085309 20.172203644549398 10.03132202993814 23.500000000000004 0.54899847081191699 23.500000000000004 13.500000000000002 7.5000000000000009 2.5000000000000004 11.500000000000002 4.5000000000000009 25.500000000000004 1.0000000180025095e-35 1.0000000180025095e-35 210.50000000000003 3.0928844249234566 3345.5000000000005 4.5000000000000009 8.1598049688090466 2.5000000000000004 3.5000000000000004
decision_type=2 2 2 2 2 2 2 2 2 2 2 2 2 2 2 2 2 2 2 2 2 2
left_child=1 5 3 17 14 -1 7 8 16 -10 11 -11 13 -3 15 -4 -5 -2 -15 -9 21 -18
right_child=2 12 4 6 -6 -7 -8 19 9 10 -12 -13 -14 18 -16 -17 20 -19 -20 -21 -22 -23
leaf_value=-0.032104384476362068 -0.044677705301285578 -0.017096907803935472 0.11793016765738729 -0.012480133288454091 0.18267666521223105 -0.021511146801642483 0.076512747050185057 0.022357636358253771 0.040127143838408437 0.23738261868293276 0.013990591418831581 0.025124035935288697 -0.0040910396950479284 0.0039006358769381679 0.25951533635200097 0.041801576491978992 0.14795242301026634 0.0078414856146915794 -0.023290607301612903 -0.018820313159590363 0.023034965291079429 0.022226888980087057
leaf_weight=708 54 2848 754 139 286 3625 869 1022 321 234 101 62 632 263 148 456 86 3678 66 137 590 100
leaf_count=708 54 2848 754 139 286 3625 869 1022 321 234 101 62 632 263 148 456 86 3678 66 137 590 100
internal_value=-0.000945065 -0.00579324 0.00342181 0.00251217 0.00748181 -0.00797948 0.0039048 0.00324723 0.00433761 0.00675311 0.00940299 0.011686 -0.00329444 -0.00378378 0.00648386 0.00577572 0.00239674 0.00113794 -0.00010479 0.00168385 0.00329385 0.00705497
internal_weight=17179 8142 9037 7393 1644 4333 3661 2792 1633 718 397 296 3809 3177 1358 1210 915 3732 329 1159 776 186
internal_count=17179 8142 9037 7393 1644 4333 3661 2792 1633 718 397 296 3809 3177 1358 1210 915 3732 329 1159 776 186
is_linear=0
shrinkage=0.035


Tree=51
num_leaves=23
num_cat=0
split_feature=9 9 9 8 9 12 25 16 16 24 16 18 21 21 3 4 10 21 25 12 10 5
split_gain=272.585 30.0664 27.8567 6.70799 6.11039 5.4348 3.96441 3.89656 3.78878 2.93146 2.872 2.84695 4.2954 3.1034 2.83383 2.5473 2.5069 3.02979 2.29489 2.16601 2.12464 1.9828
threshold=4.0416958810886738 2.2143052359085309 16.752241043269517 24.24880952380953 7.1077571794828254 0.47737976031977752 637.50000000000011 1.0000000180025095e-35 1.0000000180025095e-35 8120.5000000000009 1.0000000180025095e-35 1.0000000180025095e-35 4.5000000000000009 3.5000000000000004 16.987659160272365 5.0127769206881263 5.0332229568471698 2.5000000000000004 455.50000000000006 3.4940176071360587 2.8784916685156952 7.9927388748624617
decision_type=2 2 2 2 2 2 2 2 2 2 2 2 2 2 2 2 2 2 2 2 2 2
left_child=1 5 4 18 6 -1 19 11 9 -7 -3 13 16 15 21 -6 17 -13 -4 -2 -5 -15
right_child=2 10 3 20 7 8 -8 -9 -10 -11 -12 12 -14 14 -16 -17 -18 -19 -20 -21 -22 -23
leaf_value=-0.030980731019689397 0.0038700829900146652 -0.013071972767177151 0.080374529730063468 0.017818035153189121 0.0058338386435898802 -0.023296654160781912 -0.052453494580709255 0.17109583528353489 -0.0038420638322826687 -0.015599651337507516 0.0048166236192836416 0.013334297946304875 -0.017100222888713632 -0.014929035204310727 0.05533557374278434 0.029714882547000551 0.0075790682647252803 0.074313154029260572 0.026138328782399245 -0.021485519104382622 0.15784625632569424 0.0035865576966025883
leaf_weight=527 1474 3471 2041 45 742 3433 50 150 132 192 156 63 63 301 140 2229 67 247 254 109 552 650
leaf_count=527 1474 3471 2041 45 742 3433 50 150 132 192 156 63 63 301 140 2229 67 247 254 109 552 650
internal_value=-0.000934739 -0.0056948 0.00316761 0.00601053 0.00185294 -0.00768303 0 0.00249893 -0.00718235 -0.00739532 -0.00333425 0.00230253 0.00499438 0.00200086 0.000383212 0.00258737 0.00641361 0.00772222 0.00511304 0.000330605 0.00936047 -0.000292887
internal_weight=17088 7911 9177 2892 6285 4284 1633 4652 3757 3625 3627 4502 440 4062 1091 2971 377 310 2295 1583 597 951
internal_count=17088 7911 9177 2892 6285 4284 1633 4652 3757 3625 3627 4502 440 4062 1091 2971 377 310 2295 1583 597 951
is_linear=0
shrinkage=0.035


Tree=52
num_leaves=23
num_cat=0
split_feature=7 9 7 16 9 12 16 20 20 21 20 21 21 24 21 3 9 20 16 16 1 21
split_gain=265.548 35.4779 26.5829 6.47538 6.05477 5.69921 4.66357 3.9675 10.0078 8.3386 7.47353 5.36173 4.52569 3.5634 3.54544 3.26605 3.17358 2.91379 2.69265 2.6641 2.73771 2.62727
threshold=5.0043161206207767 2.1888710017658437 14.716713265460024 1.0000000180025095e-35 21.357905112267982 0.47737976031977752 1.0000000180025095e-35 6.5000000000000009 11.500000000000002 1.5000000000000002 22.500000000000004 3.5000000000000004 4.5000000000000009 8120.5000000000009 3.5000000000000004 10.982153892092549 6.5000046588728333 27.500000000000004 1.0000000180025095e-35 1.0000000180025095e-35 4.5357142857142865 2.5000000000000004
decision_type=2 2 2 2 2 2 2 2 2 2 2 2 2 2 2 2 2 2 2 2 2 2
left_child=1 3 6 5 18 -1 7 -2 9 -9 11 16 14 17 -11 -6 -10 -7 -4 -3 -21 -19
right_child=2 19 4 -5 15 13 -8 8 10 12 -12 -13 -14 -15 -16 -17 -18 21 -20 20 -22 -23
leaf_value=-0.029896405434000271 -0.00063412927550585705 -0.012378618383121253 0.060855834351428342 -0.0025393075575898651 0.023028983920639078 -0.023729234851731427 0.12525857932366127 -0.012366458748130882 -0.014168240850228246 0.056065036871154321 0.030254251143252611 -0.021788183206775731 0.0083746289755105077 -0.013439959915566499 0.11592105322923828 0.12846521599358346 0.010897350669499799 -0.023094741995251227 0.38772566483772652 0.025218474191953603 -0.032787336839955529 -0.0011276581680973875
leaf_weight=514 1203 3955 2096 150 113 3010 167 192 167 403 1310 400 115 171 193 1142 1157 169 91 114 49 180
leaf_count=514 1203 3955 2096 150 113 3010 167 192 167 403 1310 400 115 171 193 1142 1157 169 91 114 49 180
internal_value=-0.000867514 -0.00534658 0.00338645 -0.00761431 0.00578256 -0.00787911 0.00182511 0.00162925 0.00216641 0.00539648 0.001192 -0.000313765 0.00713687 -0.00734158 0.00835691 0.00775 0.000750564 -0.00759512 0.00463047 -0.00302632 0.00125 -0.00435028
internal_weight=17061 8312 8749 4194 3442 4044 5307 5140 3937 903 3034 1724 711 3530 596 1255 1324 3359 2187 4118 163 349
internal_count=17061 8312 8749 4194 3442 4044 5307 5140 3937 903 3034 1724 711 3530 596 1255 1324 3359 2187 4118 163 349
is_linear=0
shrinkage=0.035


Tree=53
num_leaves=23
num_cat=0
split_feature=9 9 3 12 9 0 20 20 20 21 20 20 20 1 20 0 10 11 20 25 10 21
split_gain=241.485 28.2942 22.497 6.90473 6.54763 5.46082 3.46846 3.42772 6.4041 7.70198 6.22879 3.25501 4.33038 3.07748 3.05472 2.87505 2.79814 2.75095 2.5551 2.30235 2.26594 2.18514
threshold=4.6726190476190483 2.321297033566406 13.013525075797139 0.47737976031977752 21.357905112267982 15.798157719979523 23.500000000000004 10.500000000000002 6.5000000000000009 1.5000000000000002 22.500000000000004 23.500000000000004 12.500000000000002 2.2751209043800462 2.5000000000000004 15.638733474143338 2.6276913640612212 7.0258549204091469 27.500000000000004 729.50000000000011 9.4541486666532162 3.5000000000000004
decision_type=2 2 2 2 2 2 2 2 2 2 2 2 2 2 2 2 2 2 2 2 2 2
left_child=1 3 5 -1 7 6 21 8 14 -10 20 12 -6 -3 -4 -16 -7 -14 19 -5 -9 -2
right_child=2 13 4 18 11 16 -8 10 9 -11 -12 -13 17 -15 15 -17 -18 -19 -20 -21 -22 -23
leaf_value=-0.028850031243810258 0.009469126105312432 -0.0071318691891598188 0.091989962467531591 -0.020029088856940356 0.16738962526007678 -0.01498298851381308 0.022988352569924226 0.018306031808063897 -0.026492998284849138 0.17621011486906563 0.081019498949178925 0.16609362634978209 -0.0016974332430188357 -0.012701537036522069 0.035515288141352019 -0.02379967204745944 0.056694054920227901 0.077085544967286951 -0.014339675171512089 -0.0051805393727133971 -0.0390778259046368 -0.0031619052260971748
leaf_weight=527 2641 1509 138 3559 458 86 1062 872 83 361 552 239 137 2126 188 170 710 268 414 60 74 932
leaf_count=527 2641 1509 138 3559 458 86 1062 872 83 361 552 239 137 2126 188 170 710 268 414 60 74 932
internal_value=-0.000830616 -0.00517317 0.00313503 -0.0070115 0.00530677 0.00171266 0.00124461 0.00426218 0.00594444 0.00900334 0.00317864 0.00757227 0.00645161 -0.00285577 0.00310878 0.00130165 0.00439139 0.00367073 -0.00649208 -0.00679912 0.00141693 0.000714086
internal_weight=17166 8195 8971 4560 3540 5431 4635 2438 940 444 1498 1102 863 3635 496 358 796 405 4033 3619 946 3573
internal_count=17166 8195 8971 4560 3540 5431 4635 2438 940 444 1498 1102 863 3635 496 358 796 405 4033 3619 946 3573
is_linear=0
shrinkage=0.035


Tree=54
num_leaves=23
num_cat=0
split_feature=9 9 9 12 7 0 12 20 16 20 20 23 20 20 21 18 21 20 21 20 20 11
split_gain=216.206 24.2743 22.4218 9.22282 8.6128 4.25343 4.06926 3.99801 3.68258 3.09611 2.99842 2.8484 3.44538 6.19105 4.19854 2.80834 6.95918 4.97378 3.90407 3.49498 3.96927 3.28801
threshold=4.438070263070264 10.03132202993814 2.321297033566406 0.47737976031977752 20.448979591836736 17.441102747256298 2.5998907441972867 23.500000000000004 1.0000000180025095e-35 27.500000000000004 22.500000000000004 21250.000000000004 11.500000000000002 6.5000000000000009 1.5000000000000002 1.0000000180025095e-35 4.5000000000000009 11.500000000000002 2.5000000000000004 2.5000000000000004 23.500000000000004 8.025542996937256
decision_type=2 2 2 2 2 2 2 2 2 2 2 2 2 2 2 2 2 2 2 2 2 2
left_child=2 7 3 -1 6 -6 -3 11 15 -5 -7 -2 13 -13 -15 19 17 18 -17 -8 21 -21
right_child=1 4 -4 9 5 10 8 -9 -10 -11 -12 12 -14 14 -16 16 -18 -19 -20 20 -22 -23
leaf_value=-0.027840280150276901 -0.0619964467116116 -0.040459370142637396 -0.010503540135495884 -0.018813684882060453 0.040079153441129743 0.104255681096414 0.085255564872978237 0.021729580603061516 0.31364219462610465 -0.013241515726641919 0.15934964248627276 -0.0013260098267045175 -0.0048778998953965544 -0.011620854062616197 0.04798211051119014 0.017622325167171039 -0.036098300865949395 0.0097175674153335487 0.25173418159618199 0.024515386815879048 0.062829959901199675 -0.021974840789682305
leaf_weight=529 64 64 3510 3616 337 952 178 826 98 430 248 867 1357 140 491 53 63 93 143 1964 836 249
leaf_count=529 64 64 3510 3616 337 952 178 826 98 430 248 867 1357 140 491 53 63 93 143 1964 836 249
internal_value=-0.000776164 0.00294639 -0.00493201 -0.00654913 0.0044752 0.00669585 0.00355045 0.000784 0.00370722 -0.00595717 0.00768257 0.000167579 0.000342657 0.001502 0.00412736 0.00350586 0.00651961 0.00880952 0.0119279 0.00316213 0.00286509 0.00206718
internal_weight=17108 9023 8085 4575 5278 1537 3741 3745 3677 4046 1200 2919 2855 1498 631 3579 352 289 196 3227 3049 2213
internal_count=17108 9023 8085 4575 5278 1537 3741 3745 3677 4046 1200 2919 2855 1498 631 3579 352 289 196 3227 3049 2213
is_linear=0
shrinkage=0.035


Tree=55
num_leaves=23
num_cat=0
split_feature=9 9 3 12 20 20 20 8 25 23 23 20 21 20 16 10 8 21 20 20 20 9
split_gain=208.468 25.3009 22.4799 8.57949 5.46164 5.12652 9.49247 3.94534 3.28017 3.01373 3.47582 3.0131 4.77612 4.77117 2.9485 2.81015 2.8178 2.76728 4.55695 4.9819 6.11526 2.73501
threshold=4.438070263070264 2.321297033566406 15.022525042907136 0.54899847081191699 23.500000000000004 23.500000000000004 13.500000000000002 7.7870228156727048 277.00000000000006 60300.000000000007 51350.000000000007 6.5000000000000009 3.5000000000000004 3.5000000000000004 1.0000000180025095e-35 7.7444294892003978 24.51467325084613 1.5000000000000002 27.500000000000004 11.500000000000002 6.5000000000000009 23.787301587301592
decision_type=2 2 2 2 2 2 2 2 2 2 2 2 2 2 2 2 2 2 2 2 2 2
left_child=1 3 4 8 7 6 11 9 -1 10 -2 13 15 -4 -9 -13 -17 -3 19 20 -19 -8
right_child=2 17 5 -5 -6 -7 21 14 -10 -11 -12 12 -14 -15 -16 16 -18 18 -20 -21 -22 -23
leaf_value=-0.026865870345017206 -0.0019150327675554869 -0.019263760380197389 0.11977164614545163 -0.017752853467282004 0.037446381319209444 0.12293238686166935 0.014720648570297904 0.012412509396564497 -0.026865870345017206 0.020096030084850443 -0.063881440861777369 0.093086408028648357 0.24158116088257214 0.02313241252512235 0.18296713778564513 -0.034940822195597965 0.13897304744342612 -0.010422986656426292 0.0078280043811253287 -0.015253760937362519 0.0060281895452726046 0.099582042295633236
leaf_weight=85 1213 838 271 3878 1414 564 780 3013 618 317 89 325 266 321 121 76 53 683 255 1273 489 190
leaf_count=85 1213 838 271 3878 1414 564 780 3013 618 317 89 325 266 321 121 76 53 683 255 1273 489 190
internal_value=-0.000693383 -0.00476059 0.00296906 -0.0064795 0.00177495 0.00554279 0.00476716 0.00119903 -0.0100847 -0.000193966 -0.00095065 0.00671033 0.00827931 0.00471943 0.00192338 0.00590959 0.00130597 -0.00252399 -0.00196026 -0.00242857 -0.000758284 0.0021
internal_weight=17132 8119 9013 4581 6167 2846 2282 4753 703 1619 1302 1312 720 592 3134 454 129 3538 2700 2445 1172 970
internal_count=17132 8119 9013 4581 6167 2846 2282 4753 703 1619 1302 1312 720 592 3134 454 129 3538 2700 2445 1172 970
is_linear=0
shrinkage=0.035


Tree=56
num_leaves=23
num_cat=0
split_feature=9 0 9 9 22 9 5 17 16 20 22 25 15 4 21 20 20 20 21 4 20 3
split_gain=196.387 21.6658 18.7012 9.77641 6.6067 4.56209 3.00135 2.79818 2.62656 2.75744 2.58382 2.51814 3.22926 2.44792 2.35523 4.46538 3.2688 8.39555 2.55689 2.19229 2.15997 2.10095
threshold=4.438070263070264 13.714261283220216 0.3956951516321271 2.321297033566406 16785.000000000004 9.8121262525618356 18.604970943495172 1.0000000180025095e-35 1.0000000180025095e-35 29.500000000000004 34795.000000000007 729.50000000000011 0.21240601503759401 5.9680479807034317 1.5000000000000002 27.500000000000004 11.500000000000002 7.5000000000000009 3.5000000000000004 8.9846950015344529 29.500000000000004 3.9260782193255599
decision_type=2 2 2 2 2 2 2 2 2 2 2 2 2 2 2 2 2 2 2 2 2 2
left_child=2 5 10 11 6 -2 -3 13 9 -6 -1 12 -4 -7 -5 16 17 -16 21 -10 -14 -19
right_child=1 4 3 14 8 7 -8 -9 19 -11 -12 -13 20 -15 15 -17 -18 18 -20 -21 -22 -23
leaf_value=-0.025925564882941603 0.0038648617845332559 0.065764629951775649 -0.013067026533240669 -0.019045025568361056 0.033081232477757093 -0.0086818929583954586 0.12217324894262462 0.04362269988683079 0.083336718044033503 0.18748235165909469 -0.025925564882941603 0.016337117651171226 -0.017531188630651874 0.025920621538989209 -0.010506963301984345 0.0074605178957299328 -0.014719879304554834 0.0057358885274047915 0.026037880039907688 0.26547259303953424 0.001143197917363148 -0.011772745354304816
leaf_weight=333 3429 662 1571 824 1916 245 830 479 67 107 540 64 1973 1202 791 249 1291 117 173 100 85 76
leaf_count=333 3429 662 1571 824 1916 245 830 479 67 107 540 64 1973 1202 791 249 1291 117 173 100 85 76
internal_value=-0.000679403 0.00286441 -0.004641 -0.00404592 0.00493152 0.00143657 0.00674516 0.00280036 0.0036754 0.00329635 -0.00948747 -0.00530963 -0.00543203 0.00200069 -0.00270987 -0.00218912 -0.00264676 -0.00126506 0.00306604 0.00793605 -0.00447043 0.000176768
internal_weight=17124 9037 8087 7214 3682 5355 1492 1926 2190 2023 873 3693 3629 1447 3521 2697 2448 1157 366 167 2058 193
internal_count=17124 9037 8087 7214 3682 5355 1492 1926 2190 2023 873 3693 3629 1447 3521 2697 2448 1157 366 167 2058 193
is_linear=0
shrinkage=0.035


Tree=57
num_leaves=23
num_cat=0
split_feature=9 8 9 9 20 20 5 20 20 20 20 21 20 21 20 24 21 22 21 16 15 21
split_gain=194.428 21.5796 18.2428 9.35113 5.41677 4.14925 5.49465 4.47247 5.50371 4.0678 5.70729 10.7122 5.66075 6.69963 4.67795 5.28508 4.48399 4.04914 3.67893 3.14232 2.80242 2.73348
threshold=4.438070263070264 15.783213123016756 0.3956951516321271 2.321297033566406 25.500000000000004 12.500000000000002 8.9846950015344529 6.5000000000000009 3.5000000000000004 6.5000000000000009 11.500000000000002 1.5000000000000002 23.500000000000004 3.5000000000000004 2.5000000000000004 9795.0000000000018 4.5000000000000009 34795.000000000007 1.5000000000000002 1.0000000180025095e-35 0.19615384615384621 3.5000000000000004
decision_type=2 2 2 2 2 2 2 2 2 2 2 2 2 2 2 2 2 2 2 2 2 2
left_child=2 9 17 19 5 6 -3 8 -8 14 11 -11 13 -12 15 18 -13 -1 -2 20 -4 -9
right_child=1 4 3 -5 -6 -7 7 21 -10 10 12 16 -14 -15 -16 -17 -18 -19 -20 -21 -22 -23
leaf_value=-0.025018170112038648 -0.048404712941584029 0.031170569047514071 -0.012751882843462663 -0.0094789438901090352 0.14612441468736992 0.039338877784132614 0.1159772073403115 0.13501752319062921 0.016694224615547731 -0.023114804665986532 0.010356163277810169 0.076450535102064468 0.030820512747094245 -0.018618722708656187 -0.007976424307649662 0.079771271427262855 0.0044261866418306012 -0.025018170112038648 0.027507773484552661 6.5883924513802651e-05 -0.016917597028579059 0.29497390489856673
leaf_weight=315 140 326 1537 3529 458 1299 278 288 295 227 1630 623 1341 498 875 165 130 541 225 134 2042 259
leaf_count=315 140 326 1537 3529 458 1299 278 288 295 227 1630 623 1341 498 875 165 130 541 225 134 2042 259
internal_value=-0.000671037 0.00285036 -0.00461095 -0.00403029 0.00516054 0.00454364 0.00584941 0.00701556 0.00472318 0.00158005 0.00209811 0.00445939 0.00142055 0.000287154 -4.96454e-05 0.00251869 0.00646438 -0.00945122 9.45946e-05 -0.00526224 -0.00545898 0.00932065
internal_weight=17155 9057 8098 7242 3203 2745 1446 1120 573 5854 4449 980 3469 2128 1405 530 753 856 365 3713 3579 547
internal_count=17155 9057 8098 7242 3203 2745 1446 1120 573 5854 4449 980 3469 2128 1405 530 753 856 365 3713 3579 547
is_linear=0
shrinkage=0.035


Tree=58
num_leaves=23
num_cat=0
split_feature=9 9 22 15 16 18 20 21 21 17 20 20 22 11 5 21 20 20 20 7 22 16
split_gain=179.978 27.319 15.8859 8.92715 6.92855 5.36211 9.00646 7.93076 7.44858 6.61502 4.16731 3.68227 3.45499 3.34786 3.1295 3.6046 2.87358 2.68518 4.50137 3.45344 2.63939 2.48162
threshold=6.179742730425505 2.321297033566406 16785.000000000004 0.68139097744360921 1.0000000180025095e-35 1.0000000180025095e-35 29.500000000000004 2.5000000000000004 4.5000000000000009 1.0000000180025095e-35 11.500000000000002 28.500000000000004 34795.000000000007 1.3259870882635925 11.827380952380954 3.5000000000000004 3.5000000000000004 22.500000000000004 12.500000000000002 19.8975866949656 52360.000000000007 1.0000000180025095e-35
decision_type=2 2 2 2 2 2 2 2 2 2 2 2 2 2 2 2 2 2 2 2 2 2
left_child=1 3 17 -1 5 6 14 -8 9 10 -7 -12 -5 -3 15 20 -16 18 -2 -19 -4 -15
right_child=2 13 4 12 -6 8 7 -9 -10 -11 11 -13 -14 21 16 -17 -18 19 -20 -21 -22 -23
leaf_value=-0.015431967979766778 0.12030864534230329 -0.01871866716028572 0.013613816355130638 -0.024142534158117294 0.16649089872656814 0.14664000258214863 0.020222486227347528 0.26790645173729327 -0.03012555731982057 -0.0054761285144962375 -0.0092006689968650301 0.067531713491934653 -0.024142534158117294 -0.0068586246795850764 0.04904576114471685 -0.0067719426608482611 0.022207635589802897 0.082142617689248798 0.04432513046121065 0.14215060263687904 -0.011290921754084065 0.014358389125040942
leaf_weight=3812 726 563 2435 217 238 298 88 106 98 109 98 54 512 3592 306 800 1714 168 505 261 223 150
leaf_count=3812 726 563 2435 217 238 298 88 106 98 109 98 54 512 3592 306 800 1714 168 505 261 223 150
internal_value=-0.00063737 -0.00410264 0.00308673 -0.00599758 0.002306 0.00207768 0.00172318 0.00905779 0.00507553 0.00664007 0.0085 0.00345541 -0.00958447 -0.00209513 0.00145222 0.000803494 0.00254938 0.00614865 0.00523867 0.00862903 0.00142602 -0.0017047
internal_weight=17073 8846 8227 4541 6567 6329 5672 194 657 559 450 152 729 4305 5478 3458 2020 1660 1231 429 2658 3742
internal_count=17073 8846 8227 4541 6567 6329 5672 194 657 559 450 152 729 4305 5478 3458 2020 1660 1231 429 2658 3742
is_linear=0
shrinkage=0.035


Tree=59
num_leaves=23
num_cat=0
split_feature=8 0 9 9 22 20 8 12 20 16 24 20 20 20 20 21 20 21 5 16 3 21
split_gain=154.939 19.5758 18.941 8.84166 5.62373 4.79265 4.54773 3.69764 3.47522 2.97292 2.88559 2.7952 7.50681 5.35229 5.24898 4.91844 4.80967 3.90224 2.83446 2.67894 2.6599 2.83906
threshold=4.8263308037724721 13.982558156555685 0.3956951516321271 2.4444909400534773 34795.000000000007 29.500000000000004 24.01467325084613 2.5727776279586263 30.500000000000004 1.0000000180025095e-35 4326.0000000000009 11.500000000000002 6.5000000000000009 3.5000000000000004 22.500000000000004 2.5000000000000004 10.500000000000002 1.5000000000000002 24.170466578992038 1.0000000180025095e-35 7.9712513399742182 3.5000000000000004
decision_type=2 2 2 2 2 2 2 2 2 2 2 2 2 2 2 2 2 2 2 2 2 2
left_child=2 7 4 9 -1 6 11 -2 -7 10 -4 12 13 20 -13 16 17 -14 -16 -9 -3 -22
right_child=1 5 3 -5 -6 8 -8 19 -10 -11 -12 14 15 -15 18 -17 -18 -19 -20 -21 21 -23
leaf_value=-0.02329754546258319 -0.0034763118594285363 -0.0060915570921882892 -0.014588298739451762 -0.0076394952263397703 -0.02329754546258319 0.37307212376483556 0.11473724106292209 0.010176657458347419 0.020846429189247655 3.9118403575575391e-05 -0.01538567721856221 0.0099990472681816475 0.014622527687379058 -0.012174627748038335 0.051243057887463236 0.22448610982739145 -0.03469064906711232 0.28694925798628312 0.11239968885902392 0.13337489392277843 0.13477660955704726 0.025762150518455203
leaf_weight=327 802 74 2538 3235 541 113 611 4372 58 142 1364 974 75 306 589 298 57 96 121 83 145 167
leaf_count=327 802 74 2538 3235 541 113 611 4372 58 142 1364 974 75 306 589 298 57 96 121 83 145 167
internal_value=-0.000738168 0.00244131 -0.00422902 -0.00363742 -0.00912085 0.00439753 0.00409892 0.00106423 0.010142 -0.00473265 -0.00491362 0.00349759 0.00479354 0.00233501 0.00253848 0.00794256 0.00383047 0.00676136 0.00482168 0.00145964 0.00505754 0.00645899
internal_weight=17088 8941 8147 7279 868 3684 3513 5257 171 4044 3902 2902 1218 692 1684 526 228 171 710 4455 386 312
internal_count=17088 8941 8147 7279 868 3684 3513 5257 171 4044 3902 2902 1218 692 1684 526 228 171 710 4455 386 312
is_linear=0
shrinkage=0.035


Tree=60
num_leaves=23
num_cat=0
split_feature=9 9 5 9 7 23 12 16 18 17 21 21 20 20 20 20 23 20 8 17 24 11
split_gain=145.321 23.0391 19.1363 11.1314 5.81009 5.09383 4.14532 4.13463 4.26172 6.20613 5.23831 4.42148 5.52196 6.27873 4.29147 3.74759 3.73916 3.66559 3.43863 3.01362 2.52992 2.5023
threshold=6.0000046588728333 0.3956951516321271 15.945025446116915 2.4444909400534773 20.172203644549398 40250.000000000007 2.5727776279586263 1.0000000180025095e-35 1.0000000180025095e-35 1.0000000180025095e-35 4.5000000000000009 3.5000000000000004 25.500000000000004 13.500000000000002 7.5000000000000009 2.5000000000000004 63800.000000000007 5.5000000000000009 19.756312873683516 1.0000000180025095e-35 9795.0000000000018 6.4619765701316263
decision_type=2 2 2 2 2 2 2 2 2 2 2 2 2 2 2 2 2 2 2 2 2 2
left_child=1 5 6 -3 -4 -1 -2 8 11 10 21 15 13 14 19 -8 17 -17 -6 -13 -15 -10
right_child=2 3 4 -5 18 -7 7 -9 9 -11 -12 12 -14 20 -16 16 -18 -19 -20 -21 -22 -23
leaf_value=-0.022482131371392777 -0.0042464333471468147 -0.014844511106730933 0.042063949282117145 -0.0063897771021789113 0.0024258113207437583 -0.022482131371392777 0.077432930437845104 0.15472807471244523 0.054951091493671569 -0.024838244938024109 -0.013841664221059428 -0.015819038864452534 0.051776457441851817 -0.03694363665056246 0.099015273389178635 -0.0090102831880063006 -0.021998060672104504 0.021233074949923138 0.11210226363408406 0.037576335710166039 -0.0093425637563175293 0.32927686367367176
leaf_weight=337 550 4074 1283 3866 109 546 128 190 329 75 71 305 180 279 91 342 190 2780 1054 152 165 66
leaf_count=337 550 4074 1283 3866 109 546 128 190 329 75 71 305 180 279 91 342 190 2780 1054 152 165 66
internal_value=-0.000651395 -0.00378228 0.0026594 -0.00317841 0.00526214 -0.00914414 0.00157257 0.00187173 0.00167604 0.00461538 0.00613057 0.00132283 -0.000520391 -0.00156219 0.000917722 0.00195573 0.00171465 0.00200911 0.00707192 -0.000454545 -0.00463808 0.0077
internal_weight=17162 8823 8339 7940 2446 883 5893 5343 5153 541 466 4612 1172 992 548 3440 3312 3122 1163 457 444 395
internal_count=17162 8823 8339 7940 2446 883 5893 5343 5153 541 466 4612 1172 992 548 3440 3312 3122 1163 457 444 395
is_linear=0
shrinkage=0.035


Tree=61
num_leaves=23
num_cat=0
split_feature=12 9 0 15 20 20 18 20 9 16 20 20 7 16 3 20 21 6 20 20 24 20
split_gain=144.864 22.8017 17.488 12.3366 5.76325 4.50705 5.05602 4.57881 4.49687 4.21272 3.73524 4.19377 3.98443 3.27532 2.76767 3.24018 3.97609 3.77464 2.62273 4.88165 2.69697 2.65074
threshold=2.5727776279586263 2.4444909400534773 16.535714285714288 0.68139097744360921 23.500000000000004 11.500000000000002 1.0000000180025095e-35 10.500000000000002 6.9790904435902474 1.0000000180025095e-35 8.5000000000000018 3.5000000000000004 21.430126684909297 1.0000000180025095e-35 13.013525075797139 13.500000000000002 3.5000000000000004 14.007413885646328 11.500000000000002 4.5000000000000009 9349.5000000000018 22.500000000000004
decision_type=2 2 2 2 2 2 2 2 2 2 2 2 2 2 2 2 2 2 2 2 2 2
left_child=1 3 8 9 5 6 7 10 -2 -1 11 -4 -13 14 -10 -16 -17 -18 19 20 -3 -20
right_child=2 18 4 -5 -6 -7 -8 -9 13 -11 -12 12 -14 -15 15 16 17 -19 21 -21 -22 -23
leaf_value=-0.014327620627176952 -0.004613515810672846 -0.017110153985420519 0.089779498624080981 -0.021695256773394029 0.1103251443570499 0.022743235546132931 0.26949808592024249 -0.043489011074500206 0.0090464078398905367 0.0011218856110580956 0.25248294932246496 -0.013817202570206844 0.08863006984514292 0.14770013742168567 0.056575042823231517 0.037958131404025139 -0.043458481234929458 0.027412072737874941 -0.016650546082594864 0.0026033085522447433 0.0096723281416271692 -0.0029956855114281148
leaf_weight=4094 888 641 279 724 603 904 221 50 3200 148 94 178 227 97 667 593 152 124 1240 945 162 895
leaf_count=4094 888 641 279 724 603 904 221 50 3200 148 94 178 227 97 667 593 152 124 1240 945 162 895
internal_value=-0.000697712 -0.00381071 0.00262859 -0.00538272 0.00503612 0.00407559 0.00564516 0.00430672 0.00154645 -0.00464387 0.00498404 0.00398766 0.00162195 0.00196776 0.00182715 0.00305483 0.00160183 -0.00180605 -0.00179141 -0.000768682 -0.00277228 -0.00261682
internal_weight=17126 8849 8277 4966 2556 1953 1049 828 5721 4242 778 684 405 4833 4736 1536 869 276 3883 1748 803 2135
internal_count=17126 8849 8277 4966 2556 1953 1049 828 5721 4242 778 684 405 4833 4736 1536 869 276 3883 1748 803 2135
is_linear=0
shrinkage=0.035


Tree=62
num_leaves=23
num_cat=0
split_feature=9 9 3 9 20 20 18 21 21 21 20 20 20 16 9 21 20 25 18 1 20 21
split_gain=140.34 20.359 18.3121 11.2979 4.19295 8.33183 5.61878 6.1473 5.3578 5.58914 6.7258 3.88781 6.97495 3.67742 3.49795 3.25626 2.71379 2.69512 2.53598 2.43993 2.29594 4.03377
threshold=6.179742730425505 0.28576014119515097 16.987659160272365 2.4444909400534773 29.500000000000004 30.500000000000004 1.0000000180025095e-35 3.5000000000000004 2.5000000000000004 4.5000000000000009 11.500000000000002 23.500000000000004 12.500000000000002 1.0000000180025095e-35 7.8648728259941691 2.5000000000000004 28.500000000000004 200.00000000000003 1.0000000180025095e-35 2.3187937187736569 6.5000000000000009 3.5000000000000004
decision_type=2 2 2 2 2 2 2 2 2 2 2 2 2 2 2 2 2 2 2 2 2 2
left_child=1 -1 4 13 6 15 7 14 -8 10 -10 12 20 18 -2 -6 -12 -14 -3 -5 -4 -22
right_child=2 3 11 19 5 -7 8 -9 9 -11 16 -13 17 -15 -16 -17 -18 -19 -20 -21 21 -23
leaf_value=-0.02093592278632524 -0.00063550806647751481 -0.014253747186719365 0.055307399074539271 -0.0022253323643867721 0.043791780464004344 -0.014066377392328654 -0.016047430270659156 -0.0070687635083112894 0.14519032065588997 -0.0080843269437274792 -0.014314542045843509 0.1055068905876165 0.052172121066478033 0.00051804115179897748 0.024991149245399955 0.24079636507558941 0.0706177703629359 0.0045556076552632436 -0.0086146623974568994 -0.0081759320549837627 0.078563750951431491 0.24085949756192426
leaf_weight=621 983 3803 510 1331 53 82 78 1252 233 102 114 490 454 152 2707 100 50 468 381 2598 342 216
leaf_count=621 983 3803 510 1331 53 82 78 1252 233 102 114 490 454 152 2707 100 50 468 381 2598 342 216
internal_value=-0.000628467 -0.00367872 0.00266143 -0.00321221 0.00157102 0.006125 0.00136857 0.000979887 0.00463058 0.00597222 0.00783582 0.00517606 0.00444737 -0.00444656 0.00170027 0.0108544 0.00217456 0.00217098 -0.00464132 -0.00184164 0.00637698 0.00798845
internal_weight=17120 8886 8234 8265 5754 235 5519 4942 577 499 397 2480 1990 4336 3690 153 164 922 4184 3929 1068 558
internal_count=17120 8886 8234 8265 5754 235 5519 4942 577 499 397 2480 1990 4336 3690 153 164 922 4184 3929 1068 558
is_linear=0
shrinkage=0.035


Tree=63
num_leaves=23
num_cat=0
split_feature=7 9 9 9 20 20 4 23 16 9 16 1 16 20 20 20 25 2 20 20 4 6
split_gain=133.906 20.5452 18.2749 10.7945 5.90686 4.95652 5.68383 4.14749 3.50608 3.43722 2.95035 2.88729 2.82921 2.68504 3.07489 3.38099 2.51243 2.35181 2.34792 6.63047 3.60693 2.72165
threshold=5.0043161206207767 0.3956951516321271 12.535576826469368 2.4444909400534773 23.500000000000004 13.500000000000002 16.03274297468673 40250.000000000007 1.0000000180025095e-35 20.715476190476192 1.0000000180025095e-35 12.996151141142256 1.0000000180025095e-35 27.500000000000004 16.500000000000004 6.5000000000000009 637.50000000000011 6.7089214165236131 6.5000000000000009 11.500000000000002 6.7495676523807981 11.946428571428573
decision_type=2 2 2 2 2 2 2 2 2 2 2 2 2 2 2 2 2 2 2 2 2 2
left_child=1 7 10 8 5 6 17 -1 13 -6 18 -12 -7 14 15 -3 -17 -4 -2 20 -20 -22
right_child=2 3 4 -5 9 12 -8 -9 -10 -11 11 -13 -14 -15 -16 16 -18 -19 19 -21 21 -23
leaf_value=-0.020203165488803854 -0.0032328491358417379 -0.01735323263260441 -0.0078665633694503263 -0.0063577110064385921 0.060999564421318701 0.015916398638629259 0.10475855260843224 -0.020203165488803854 0.0019032258994180419 0.12596898164129597 0.11836919193357752 -0.038630762569562369 0.34410280151990352 -0.0072837481511036067 -0.014483822181889108 -0.011173626750584436 0.0053498419364676388 0.038432396161373589 0.013954359196153241 0.0014506759929266979 0.090167092931501852 0.032169569985166069
leaf_weight=321 1105 850 119 3367 645 1214 841 543 137 294 93 51 51 407 1395 1158 141 1022 360 2571 264 143
leaf_count=321 1105 850 119 3367 645 1214 841 543 137 294 93 51 51 407 1395 1158 141 1022 360 2571 264 143
internal_value=-0.000590601 -0.00377162 0.00242424 -0.00317158 0.00409628 0.0033687 0.00446527 -0.0088809 -0.00438248 0.0065625 0.000891768 0.00575503 0.00162598 -0.00457406 -0.00488659 -0.00401346 -0.00284509 0.00280977 0.000723921 0.0011883 0.00403497 0.00628641
internal_weight=17092 8319 8773 7455 4186 3247 1982 864 4088 939 4587 144 1265 3951 3544 2149 1299 1141 4443 3338 767 407
internal_count=17092 8319 8773 7455 4186 3247 1982 864 4088 939 4587 144 1265 3951 3544 2149 1299 1141 4443 3338 767 407
is_linear=0
shrinkage=0.035


Tree=64
num_leaves=23
num_cat=0
split_feature=9 15 9 9 20 20 20 20 17 16 16 6 20 17 10 8 4 22 16 25 9 15
split_gain=126.775 21.1723 16.1449 11.0047 7.17136 5.69676 4.56647 4.06076 3.91065 3.81635 3.66142 2.82753 5.68502 3.59649 2.87804 2.61211 2.59458 2.56818 2.49792 2.44434 2.79135 3.42149
threshold=5.0010043527900683 0.68139097744360921 12.535576826469368 2.4444909400534773 23.500000000000004 13.500000000000002 7.5000000000000009 2.5000000000000004 1.0000000180025095e-35 1.0000000180025095e-35 1.0000000180025095e-35 7.9927388748624617 11.500000000000002 1.0000000180025095e-35 6.6739510446817381 17.855519703650462 8.9846950015344529 34795.000000000007 1.0000000180025095e-35 729.50000000000011 1.7184794675355068 0.23303167420814483
decision_type=2 2 2 2 2 2 2 2 2 2 2 2 2 2 2 2 2 2 2 2 2 2
left_child=1 3 9 10 5 6 7 16 -9 -2 19 -8 13 -13 -15 -10 -4 -3 -7 20 21 -1
right_child=2 17 4 -5 -6 18 11 8 15 -11 -12 12 -14 14 -16 -17 -18 -19 -20 -21 -22 -23
leaf_value=-0.016707175091167051 0.0037985531264698395 -0.019496054696695717 -0.01238005739680002 -0.0057480681346743188 0.079114062594120044 0.01209328614333602 0.039351860830345517 -0.0027355843767276956 0.01449028671079166 0.10989787839476597 0.0015813578619719663 0.27079434668341296 0.0078733484170875213 0.15631190936157374 -0.021745333545534803 0.10379838967647344 0.094590992146455902 -0.019496054696695717 0.35913488740143562 0.010378347886342338 -0.0091524377143254055 -0.016701070858294243
leaf_weight=600 4575 226 61 3299 916 1233 202 543 131 141 140 323 183 69 53 167 250 520 50 133 1644 1695
leaf_count=600 4575 226 61 3299 916 1233 202 543 131 141 140 323 183 69 53 167 250 520 50 133 1644 1695
internal_value=-0.000600705 -0.00372367 0.00229611 -0.00315726 0.0038796 0.00309327 0.00427151 0.00279818 0.00148936 0.000885935 -0.00434491 0.00626647 0.00743681 0.00956667 0.00399606 0.00467822 0.00620253 -0.00934421 0.00125 -0.00453704 -0.00469447 -0.00386522
internal_weight=17154 8257 8897 7511 4181 3265 1982 1152 841 4716 4212 830 628 445 122 298 311 746 1283 4072 3939 2295
internal_count=17154 8257 8897 7511 4181 3265 1982 1152 841 4716 4212 830 628 445 122 298 311 746 1283 4072 3939 2295
is_linear=0
shrinkage=0.035


Tree=65
num_leaves=23
num_cat=0
split_feature=7 9 5 9 9 20 20 21 21 18 20 21 20 9 22 21 9 9 12 20 6 27
split_gain=117.684 19.2441 17.519 9.38336 4.44754 4.32271 5.94149 10.4664 6.6379 4.55372 7.99288 4.5215 6.51721 4.70629 4.2278 3.90319 3.24585 3.02244 3.26215 2.82821 2.73454 2.59868
threshold=4.4296786353264741 0.3956951516321271 15.945025446116915 2.321297033566406 24.043050911137353 6.5000000000000009 11.500000000000002 1.5000000000000002 4.5000000000000009 1.0000000180025095e-35 7.5000000000000009 3.5000000000000004 25.500000000000004 6.7367139420991249 34795.000000000007 3.5000000000000004 1.7184794675355068 1.3566482833550577 1.0945553872080129 29.500000000000004 16.940434238785283 3.5000000000000004
decision_type=2 2 2 2 2 2 2 2 2 2 2 2 2 2 2 2 2 2 2 2 2 2
left_child=1 14 5 16 19 -2 7 -7 15 10 -10 13 -13 -8 -1 20 17 18 -3 -4 -9 -5
right_child=2 3 4 21 -6 6 11 8 9 -11 -12 12 -14 -15 -16 -17 -18 -19 -20 -21 -22 -23
leaf_value=-0.018813692782311368 -0.0023263276418888038 -0.015156631933748206 0.040961538887714012 -0.0046735576339458698 0.11859443784344387 -0.015803761876250492 -0.0058796792435174515 0.060431496784210927 -0.043766940301979723 -0.061833526990342814 0.16677435247094524 -0.022213149003749023 0.044967313199544307 0.018631957735747665 -0.018813692782311368 0.13681986182090475 -0.0081970816612329349 -0.02056506381645884 -0.01234899092819822 0.1713386591683656 -0.0038170806088841228 -0.015528805939882748
leaf_weight=329 1620 1214 1918 2664 463 331 510 409 58 54 53 603 206 2428 529 265 1490 739 287 107 82 771
leaf_count=329 1620 1214 1918 2664 463 331 510 409 58 54 53 603 206 2428 529 265 1490 739 287 107 82 771
internal_value=-0.000654654 -0.00374502 0.00206651 -0.00314365 0.0045698 0.00112017 0.0016297 0.00371718 0.00563175 -0.000617647 0.00331897 0.000923507 -0.00137592 0.00156388 -0.0086993 0.0070138 -0.00436212 -0.00348441 -0.00439243 0.00382759 0.00501008 -0.00181105
internal_weight=17130 8023 9107 7165 2488 6619 4999 1252 921 165 111 3747 809 2938 858 756 3730 2240 1501 2025 491 3435
internal_count=17130 8023 9107 7165 2488 6619 4999 1252 921 165 111 3747 809 2938 858 756 3730 2240 1501 2025 491 3435
is_linear=0
shrinkage=0.035


Tree=66
num_leaves=23
num_cat=0
split_feature=9 9 3 9 16 22 8 20 9 20 16 4 20 6 20 0 7 24 21 12 2 21
split_gain=123.934 20.3602 18.1629 11.2326 6.65963 5.67348 4.14294 3.32449 3.1458 2.84547 2.75192 2.71134 2.53442 4.56267 2.89527 3.04621 2.47974 2.38961 2.36417 2.63172 2.3255 2.30736
threshold=4.2613636363636376 0.3956951516321271 16.987659160272365 2.4444909400534773 1.0000000180025095e-35 34795.000000000007 24.24880952380953 25.500000000000004 9.8121262525618356 10.500000000000002 1.0000000180025095e-35 8.1342290082565736 6.5000000000000009 6.9747745027976142 2.5000000000000004 15.950345293025352 10.572875446774797 4326.0000000000009 4.5000000000000009 2.5998907441972867 24.170466578992038 1.5000000000000002
decision_type=2 2 2 2 2 2 2 2 2 2 2 2 2 2 2 2 2 2 2 2 2 2
left_child=1 5 4 10 8 -1 7 9 16 12 17 -6 14 -14 -4 -16 -2 -3 19 -10 -17 -5
right_child=2 3 6 21 11 -7 -8 -9 18 -11 -12 -13 13 -15 15 20 -18 -19 -20 -21 -22 -23
leaf_value=-0.018155213534930471 0.002020969994754747 -0.012032483295321545 0.11784936378099786 -0.01512661808025356 0.044493910014404954 -0.018155213534930471 0.11610632947344891 0.11076983797748542 -0.019219524092056874 0.018720897460529625 0.00021596621725631594 0.21760026749212091 -0.0042400043350872352 0.17789018199968284 0.058293666993100096 -0.044730008008301035 -0.020058137255146963 -0.011895394787773822 -0.0055793029674509722 0.025043116702478319 0.062065065329020813 -0.0037432950543361868
leaf_weight=336 3374 2564 115 718 131 543 492 313 107 929 134 107 73 275 124 144 147 1400 192 2489 49 2391
leaf_count=336 3374 2564 115 718 131 543 492 313 107 929 134 107 73 275 124 144 147 1400 192 2489 49 2391
internal_value=-0.000689715 -0.00383914 0.00211946 -0.00321755 0.00114316 -0.00886878 0.00464768 0.00391095 0.000920177 0.00326721 -0.00442298 0.00684156 0.00483758 0.00708924 0.00292334 0.00108696 0.000218378 -0.00458995 0.00179825 0.00207901 -0.00159091 -0.0016185
internal_weight=17147 8086 9061 7207 6547 879 2514 2022 6309 1709 4098 238 780 348 432 317 3521 3964 2788 2596 193 3109
internal_count=17147 8086 9061 7207 6547 879 2514 2022 6309 1709 4098 238 780 348 432 317 3521 3964 2788 2596 193 3109
is_linear=0
shrinkage=0.035


Tree=67
num_leaves=23
num_cat=0
split_feature=12 15 9 9 20 16 16 20 20 20 3 21 20 21 1 22 25 1 20 20 4 20
split_gain=112.098 24.0582 13.353 12.656 4.31897 3.74138 3.57181 3.38659 4.04659 4.4327 4.03935 3.44353 5.27029 3.72929 3.22678 2.96674 2.80517 3.25175 2.7466 2.97422 4.25607 4.4682
threshold=2.5451381627577256 0.68139097744360921 16.587121212121215 2.4444909400534773 25.500000000000004 1.0000000180025095e-35 1.0000000180025095e-35 12.500000000000002 7.5000000000000009 3.5000000000000004 26.94184716045481 2.5000000000000004 11.500000000000002 4.5000000000000009 2.2751209043800462 34795.000000000007 224.50000000000003 21.965076773329255 25.500000000000004 11.500000000000002 7.0056524229269748 6.5000000000000009
decision_type=2 2 2 2 2 2 2 2 2 2 2 2 2 2 2 2 2 2 2 2 2 2
left_child=1 3 6 5 7 -1 18 8 9 -4 -11 -10 13 -13 -5 -3 17 -9 19 20 -2 -22
right_child=2 15 4 14 -6 -7 -8 16 11 10 -12 12 -14 -15 -16 -17 -18 -19 -20 -21 21 -23
leaf_value=-0.011516585074962447 0.00015589613057064746 -0.017519781061207905 0.084755392349193853 0.00010883740166013457 0.10387747202759112 0.00090087257991457734 0.10533389928296971 0.066586332346728574 0.047733504808652169 -0.005294125993300783 0.14122344049224339 0.29070622899294346 -0.018571902127945576 0.12253303316121619 -0.0067229812812288469 -0.017519781061207905 0.0029053921333893219 0.0087904036200042602 0.030338475832281848 -0.0021756873443834835 0.0076662967884226245 0.078074645517982474
leaf_weight=4061 1100 223 292 1196 469 141 167 368 200 386 99 200 52 54 2633 506 569 262 875 2299 563 446
leaf_count=4061 1100 223 292 1196 469 141 167 368 200 386 99 200 52 54 2633 506 569 262 875 2299 563 446
internal_value=-0.000734009 -0.00350399 0.00215263 -0.00294425 0.00404939 -0.00427205 0.00111962 0.00344089 0.00470109 0.00304348 0.000928571 0.00715753 0.00950965 0.0115541 -0.00147887 -0.00958447 0.00206395 0.00366535 0.000953101 0.000590868 0.00153974 0.00317554
internal_weight=17161 8760 8401 8031 2951 4202 5450 2482 1283 777 485 506 306 254 3829 729 1199 630 5283 4408 2109 1009
internal_count=17161 8760 8401 8031 2951 4202 5450 2482 1283 777 485 506 306 254 3829 729 1199 630 5283 4408 2109 1009
is_linear=0
shrinkage=0.035


Tree=68
num_leaves=23
num_cat=0
split_feature=9 15 9 9 25 23 16 16 1 2 5 15 8 20 9 27 10 25 25 25 3 25
split_gain=107.682 20.9066 16.9386 10.0461 4.19769 4.10416 3.29381 3.10896 3.00424 2.50267 2.50001 2.45535 2.73445 2.6539 2.39768 2.3307 2.27869 2.27333 3.35956 2.37599 2.98665 2.11322
threshold=4.438070263070264 0.68139097744360921 16.752241043269517 2.4444909400534773 210.50000000000003 40250.000000000007 1.0000000180025095e-35 1.0000000180025095e-35 36.500000000000007 5.8887296755550986 8.1342290082565736 0.072751322751322761 2.5000864540425067 27.500000000000004 23.787301587301592 3.5000000000000004 4.0999419275794375 499.50000000000006 421.00000000000006 277.00000000000006 3.9853480954257141 421.00000000000006
decision_type=2 2 2 2 2 2 2 2 2 2 2 2 2 2 2 2 2 2 2 2 2 2
left_child=1 3 7 6 8 -3 11 9 14 17 -6 12 -1 -13 -4 -9 -16 18 19 20 -2 -11
right_child=2 5 4 -5 10 -7 -8 15 -10 21 -12 13 -14 -15 16 -17 -18 -19 -20 -21 -22 -23
leaf_value=-0.013450193300701001 0.052965204114163091 -0.016906588724065631 0.060078082452270719 -0.0054335462947266216 -0.0065675023592416219 -0.016906588724065631 0.00086934203961756785 0.1049352589188111 -0.005292439091455688 0.0023726244994791835 0.03765802999880509 -0.01120078068015364 -0.0013283393792261091 -0.0046016200984150052 0.035671806634521186 -0.0012187318928998448 0.13882841671771032 -0.01542921284321914 0.069851984362324621 -0.041534062674321692 -0.0030066569130210354 0.017692097657369617
leaf_weight=512 58 212 939 3106 224 517 135 131 101 2729 1154 3131 73 365 92 67 413 369 78 80 701 1823
leaf_count=512 58 212 939 3106 224 517 135 131 101 2729 1154 3131 73 365 92 67 413 369 78 80 701 1823
internal_value=-0.000760065 -0.00369724 0.00187807 -0.00312645 0.00406421 -0.00934605 -0.00424129 0.000814021 0.00532903 0.000661903 0.00261931 -0.00441997 -0.00658475 -0.00404384 0.00573671 0.00508621 0.0077549 -0.000691325 0.000227766 -0.000414692 0.000183246 0.00104839
internal_weight=17010 8051 8959 7322 2923 729 4216 6036 1545 5838 1378 4081 585 3496 1444 198 505 1286 917 839 759 4552
internal_count=17010 8051 8959 7322 2923 729 4216 6036 1545 5838 1378 4081 585 3496 1444 198 505 1286 917 839 759 4552
is_linear=0
shrinkage=0.035


Tree=69
num_leaves=23
num_cat=0
split_feature=9 9 3 9 16 16 23 20 20 20 21 17 2 4 18 18 21 21 20 21 20 21
split_gain=101.546 23.2373 16.3436 8.90717 4.24866 4.21637 3.82863 3.18143 3.19497 4.68727 4.84566 3.15752 3.48393 3.00528 2.71475 2.70544 5.22419 8.13569 9.72162 4.33539 3.329 6.26507
threshold=5.0010043527900683 0.3956951516321271 16.987659160272365 2.4444909400534773 1.0000000180025095e-35 1.0000000180025095e-35 40250.000000000007 23.500000000000004 30.500000000000004 29.500000000000004 2.5000000000000004 1.0000000180025095e-35 11.00884074265187 8.1342290082565736 1.0000000180025095e-35 1.0000000180025095e-35 2.5000000000000004 4.5000000000000009 11.500000000000002 3.5000000000000004 2.5000000000000004 1.5000000000000002
decision_type=2 2 2 2 2 2 2 2 2 2 2 2 2 2 2 2 2 2 2 2 2 2
left_child=1 6 4 5 7 -3 -1 15 9 14 -11 12 -4 -6 -9 19 -17 18 -18 20 21 -2
right_child=2 3 11 -5 13 -7 -8 8 -10 10 -12 -13 -14 -15 -16 16 17 -19 -20 -21 -22 -23
leaf_value=-0.016314858118723331 -0.026512364300186768 -0.010592140195796081 -0.0053067880204660297 -0.0052390919680743598 0.036154103864761193 0.0034314181628159876 -0.016314858118723331 0.011629965427685188 -0.023644096498139772 0.014726669521201604 0.21929930838596465 0.076227086796425675 0.05081903225793067 0.18472490892113511 0.061240543408819903 -0.016287116357809182 0.12934430270275585 -0.029882824043702915 -0.019239916603425684 -0.010466100396496295 0.0017201034538493734 0.061643933366158421
leaf_weight=328 83 3983 182 3234 122 140 546 1129 93 59 95 872 1461 104 51 206 241 102 116 968 2812 193
leaf_count=328 83 3983 182 3234 122 140 546 1129 93 59 95 872 1461 104 51 206 241 102 116 968 2812 193
internal_value=-0.000785839 -0.00358669 0.00180627 -0.00293806 0.000858677 -0.0040189 -0.00897895 0.00067975 0.0021264 0.00257468 0.00825472 0.00419444 0.00324939 0.0055303 0.00178692 0.000236987 0.00229851 0.004375 0.00686464 -9.91135e-05 0.000537504 0.0041726
internal_weight=17120 8231 8889 7357 6374 4123 874 6148 1427 1334 154 2515 1643 226 1180 4721 665 459 357 4056 3088 276
internal_count=17120 8231 8889 7357 6374 4123 874 6148 1427 1334 154 2515 1643 226 1180 4721 665 459 357 4056 3088 276
is_linear=0
shrinkage=0.035


Tree=70
num_leaves=23
num_cat=0
split_feature=9 9 3 9 22 25 20 16 27 20 20 11 18 20 20 4 20 20 9 10 5 20
split_gain=99.1207 22.9954 13.027 9.21431 7.20955 3.95116 3.86049 3.74439 3.52986 3.27268 7.10171 3.10717 2.93943 4.61567 2.74857 3.83642 5.0663 3.60334 3.03188 2.88565 3.11898 2.49765
threshold=5.4630697224330254 0.3956951516321271 16.987659160272365 2.4444909400534773 34795.000000000007 200.00000000000003 12.500000000000002 1.0000000180025095e-35 3.5000000000000004 29.500000000000004 30.500000000000004 7.7787151680189615 1.0000000180025095e-35 9.5000000000000018 11.500000000000002 4.1419333031218928 7.5000000000000009 22.500000000000004 3.4764836132753412 0.97590007294853509 2.0727513227513232 26.500000000000004
decision_type=2 2 2 2 2 2 2 2 2 2 2 2 2 2 2 2 2 2 2 2 2 2
left_child=1 4 7 -3 -1 21 -7 9 -9 12 -11 -8 -2 -14 15 16 -5 -16 -17 -19 -21 -4
right_child=2 3 5 14 -6 6 11 8 -10 10 -12 -13 13 -15 17 18 -18 19 -20 20 -22 -23
leaf_value=-0.015743838084568015 0.0023527814905433255 -0.010118318513986577 0.066390110122711662 -0.0015743546567848112 -0.015743838084568015 0.064339666624195227 0.019731092523069274 0.14984842986512595 -0.023733353891235282 0.13403138909028037 -0.024587818935391314 -0.030578115556495717 -1.588742379699415e-05 0.042459075356036435 -0.015843780619827462 -0.00088695225407523068 0.014341356567270841 -0.018878516342464329 -0.014416147120804565 -0.0093083009417666528 0.0066163411872963689 0.11993839325274805
leaf_weight=328 5055 4093 1086 621 542 536 551 152 74 147 86 136 368 348 1170 292 277 99 219 286 481 169
leaf_count=328 5055 4093 1086 621 542 536 551 152 74 147 86 136 368 348 1170 292 277 99 219 286 481 169
internal_value=-0.00076558 -0.00347587 0.00184982 -0.00284668 -0.00886 0.00399617 0.00253664 0.000990778 0.00537879 0.000818356 0.00485294 0.000758671 0.000648373 0.00274272 -0.00150145 -0.00029703 0.00106589 -0.00232362 -0.00271318 -0.000582664 0.00013601 0.00538889
internal_weight=17116 8408 8708 7538 870 2478 1223 6230 226 6004 233 687 5771 716 3445 1409 898 2036 511 866 767 1255
internal_count=17116 8408 8708 7538 870 2478 1223 6230 226 6004 233 687 5771 716 3445 1409 898 2036 511 866 767 1255
is_linear=0
shrinkage=0.035


Tree=71
num_leaves=23
num_cat=0
split_feature=9 9 9 16 22 5 16 22 20 20 0 10 10 1 20 24 15 9 20 20 20 5
split_gain=95.9982 24.7605 13.8527 5.99682 5.76487 4.46561 4.32031 3.67868 3.5083 7.93628 3.35668 3.05358 3.0059 2.66683 2.6571 2.43737 2.63533 2.72512 2.40827 5.03335 4.30344 4.42562
threshold=2.4444909400534773 10.404336971991631 0.28576014119515097 1.0000000180025095e-35 16785.000000000004 1.8664466268405147 1.0000000180025095e-35 34795.000000000007 29.500000000000004 30.500000000000004 23.937493722930562 0.97590007294853509 1.5118578920369108 23.023809523809529 23.500000000000004 4326.0000000000009 0.072751322751322761 0.53708791208791218 11.500000000000002 6.5000000000000009 22.500000000000004 4.1419333031218928
decision_type=2 2 2 2 2 2 2 2 2 2 2 2 2 2 2 2 2 2 2 2 2 2
left_child=2 5 7 4 -3 -2 15 -1 11 -10 12 -7 -6 -5 -14 -4 -17 -18 19 -13 21 -20
right_child=1 3 6 13 10 8 -8 -9 9 -11 -12 18 14 -15 -16 16 17 -19 20 -21 -22 -23
leaf_value=-0.015192803751608135 -0.010949661404121845 0.059516505045105993 -0.010307551905509259 0.3643092100950211 0.075585652467658984 -0.013215926425937266 0.0019585292467280647 -0.015192803751608135 0.083439106058841514 -0.016120631476982814 0.068545343370579909 -0.0018270167202993994 0.0054164654866785704 0.079178669962472234 0.039972105437138784 -0.02842449094818426 -0.018477752468470391 -0.0096685773399844011 -0.017057476206527752 0.014899175332033299 0.0035464089197335307 -0.004091012989964591
leaf_weight=141 557 1588 2730 131 51 352 147 493 154 95 314 1518 2288 70 649 161 49 1203 552 1070 1273 1504
leaf_count=141 557 1588 2730 131 51 352 147 493 154 95 314 1518 2288 70 649 161 49 1203 552 1070 1273 1504
internal_value=-0.000760603 0.00090728 -0.00488182 0.00276786 0.00251328 -0.000430085 -0.00415192 -0.00972222 -0.000169017 0.00385827 0.00166692 -0.000334715 0.00129218 0.00866505 0.00113018 -0.00436234 -0.00557828 -0.00497017 -0.000141844 0.000654647 -0.000766347 -0.00175764
internal_weight=17090 12166 4924 5091 4890 7075 4290 634 6518 249 3302 6269 2988 201 2937 4143 1413 1252 5917 2588 3329 2056
internal_count=17090 12166 4924 5091 4890 7075 4290 634 6518 249 3302 6269 2988 201 2937 4143 1413 1252 5917 2588 3329 2056
is_linear=0
shrinkage=0.035


Tree=72
num_leaves=23
num_cat=0
split_feature=12 15 8 11 8 11 18 22 18 8 11 16 11 18 24 2 20 20 20 5 1 10
split_gain=92.4938 20.3605 14.996 4.76779 4.67632 3.93742 4.35651 3.57942 3.29783 3.53965 3.14669 2.3678 2.28299 2.75718 2.44886 2.24072 2.22845 2.85904 6.14058 2.20112 2.23497 2.11884
threshold=2.0156931096332822 0.68139097744360921 15.783213123016756 1.3259870882635925 24.24880952380953 7.7787151680189615 1.0000000180025095e-35 34795.000000000007 1.0000000180025095e-35 2.2857089057276201 2.4011019588260019 1.0000000180025095e-35 2.3740765385351823 1.0000000180025095e-35 4472.0000000000009 31.032336348011363 23.500000000000004 30.500000000000004 29.500000000000004 2.4260456986287315 2.6805047445960049 0.53452248382485024
decision_type=2 2 2 2 2 2 2 2 2 2 2 2 2 2 2 2 2 2 2 2 2 2
left_child=1 3 10 -1 5 11 -7 21 9 -5 12 -4 -2 -14 -15 -6 -12 18 -18 -11 -21 -3
right_child=2 7 4 8 15 6 -8 -9 -10 19 16 -13 13 14 -16 -17 17 -19 -20 20 -22 -23
leaf_value=-0.010898946553134085 -0.00043533160670680807 -0.014661055620301849 0.040476226664015569 -0.0069663204723801704 0.1188412786181131 -0.0051692689041246001 0.21145894645149171 -0.014661055620301849 0.0042831881331672145 -0.0087506039240025646 0.0030230382679898864 0.38082580031429414 -0.026747558282903365 -0.052073131038255498 0.052331660718204567 0.038080812816258525 0.013749931107687862 -0.026196885313188294 0.12386835026407662 0.0037164920480179569 -0.0058062458805667487 -0.014661055620301849
leaf_weight=3197 1325 138 1816 967 432 565 86 515 324 753 4153 75 157 57 74 152 945 92 119 473 616 76
leaf_count=3197 1325 138 1816 967 432 565 86 515 324 753 4153 75 157 57 74 152 945 92 119 473 616 76
internal_value=-0.000740416 -0.00381016 0.00141525 -0.00316298 0.00342622 0.0027552 0.000373476 -0.00934605 -0.00217495 -0.00256219 0.000502743 0.00356276 -0.000843634 -0.00364334 0 0.0062691 0.000915506 0.00227606 0.00279935 -0.00163914 -0.000607861 -0.00519406
internal_weight=17107 7059 10048 6330 3126 2542 651 729 3133 2809 6922 1891 1613 288 131 584 5309 1156 1064 1842 1089 214
internal_count=17107 7059 10048 6330 3126 2542 651 729 3133 2809 6922 1891 1613 288 131 584 5309 1156 1064 1842 1089 214
is_linear=0
shrinkage=0.035


Tree=73
num_leaves=23
num_cat=0
split_feature=9 3 15 9 23 16 5 20 20 20 20 20 20 2 20 18 12 5 20 20 4 5
split_gain=92.5919 24.3989 15.6752 7.64967 4.32005 4.20959 3.50404 3.36494 2.77782 3.41716 3.07709 4.1226 2.77696 2.43532 3.07135 2.3942 3.01925 2.28575 2.17216 5.10345 2.14539 2.46282
threshold=2.4444909400534773 16.987659160272365 0.68139097744360921 6.9790904435902474 40250.000000000007 1.0000000180025095e-35 21.965076773329255 23.500000000000004 11.500000000000002 9.5000000000000018 25.500000000000004 30.500000000000004 29.500000000000004 5.8887296755550986 7.5000000000000009 1.0000000180025095e-35 6.4952350456122856 13.272026472482283 30.500000000000004 29.500000000000004 2.9974617545665088 1.9999246801866812
decision_type=2 2 2 2 2 2 2 2 2 2 2 2 2 2 2 2 2 2 2 2 2 2
left_child=2 3 5 8 -4 -1 -3 13 9 -2 -10 12 20 14 -5 -15 17 -17 19 -9 -12 -22
right_child=1 6 4 7 -6 -7 -8 18 10 -11 11 -13 -14 15 -16 16 -18 -19 -20 -21 21 -23
leaf_value=-0.0094495744434363507 -0.0024181833233436613 0.038073549753994212 -0.014147918673591284 -0.033402768933591058 -0.014147918673591284 0.0022714438524522843 0.07958314301532142 0.01979248373201966 -0.012202706341004895 0.013521156556615043 -0.010938696651978689 -0.020852032524786616 0.033792728607017472 0.0021430067398926123 0.0038178688083598971 0.024697498587486245 0.15818969165299959 -0.013913694581185113 -0.024017397999683051 0.14609777298301957 -0.02976807164117868 0.0082607524689376731
leaf_weight=4095 1667 1720 223 248 518 147 812 1030 1889 281 175 62 98 2954 316 269 76 93 77 128 47 302
leaf_count=4095 1667 1720 223 248 518 147 812 1030 1889 281 175 62 98 2954 316 269 76 93 77 128 47 302
internal_value=-0.000891655 0.000744346 -0.00491179 -5.22281e-05 -0.00961796 -0.00407523 0.00380075 0.000862202 -0.00110583 -9.85663e-05 -0.00185997 0.000126996 0.0010327 0.000357864 -0.00175308 0.000716073 0.00312077 0.00166894 0.00245565 0.00284394 0 0.00158192
internal_weight=17227 12244 4983 9712 741 4242 2532 5191 4521 1948 2573 684 622 3956 564 3392 438 362 1235 1158 524 349
internal_count=17227 12244 4983 9712 741 4242 2532 5191 4521 1948 2573 684 622 3956 564 3392 438 362 1235 1158 524 349
is_linear=0
shrinkage=0.035


Tree=74
num_leaves=23
num_cat=0
split_feature=7 3 15 16 12 22 25 6 16 20 21 5 20 20 20 20 20 21 20 20 0 1
split_gain=83.7667 16.7658 16.2122 5.00812 4.98714 4.68177 3.83151 3.75792 3.67043 3.31251 5.08078 3.20285 3.1641 3.8835 6.32023 3.00344 3.70913 5.86109 3.55724 3.07142 5.25129 2.84668
threshold=2.714197881277439 16.987659160272365 0.68139097744360921 1.0000000180025095e-35 2.0156931096332822 34795.000000000007 729.50000000000011 1.8516343351454452 1.0000000180025095e-35 27.500000000000004 2.5000000000000004 23.023809523809529 23.500000000000004 30.500000000000004 29.500000000000004 10.500000000000002 6.5000000000000009 1.5000000000000002 25.500000000000004 2.5000000000000004 15.950345293025352 0.97613398113309346
decision_type=2 2 2 2 2 2 2 2 2 2 2 2 2 2 2 2 2 2 2 2 2 2
left_child=2 4 3 6 -2 -4 9 -6 12 -1 21 15 -9 14 -14 16 19 -18 -17 -3 -21 -11
right_child=1 11 5 -5 7 -7 -8 8 -10 10 -12 -13 13 -15 -16 18 17 -19 -20 20 -22 -23
leaf_value=-0.0091226079474407678 -0.0044965272323671864 0.16312698776098628 -0.013652741520015591 0.0051634087651613843 -0.010235735691765084 -0.013652741520015591 -0.0009818650716835809 0.0014033324153020833 0.10140069058664546 0.0089548555248400736 0.007200595861694024 0.069749202427710336 0.013298638899447802 -0.019634257440321233 0.11665828737687997 0.0085116966474386591 -0.034183640929209037 0.17185346462107226 0.082191147526855454 0.065403042129547576 -0.035467295900997425 -0.017322450135191111
leaf_weight=3960 1648 59 204 161 190 516 377 5298 250 57 239 615 1282 99 152 905 81 311 234 100 182 174
leaf_count=3960 1648 59 204 161 190 516 377 5298 250 57 239 615 1282 99 152 905 81 311 234 100 182 174
internal_value=-0.000672408 0.00105666 -0.00414061 -0.00341695 0.000345137 -0.00905172 -0.00362219 0.000740792 0.000874259 -0.00391037 -0.00106842 0.00359551 0.000716793 0.00211638 0.00259034 0.00284363 0.00460027 0.00692065 0.00168269 0.00182081 0.000182927 -0.00474576
internal_weight=17094 11406 5688 4968 8919 720 4807 7271 7081 4430 470 2487 6831 1533 1434 1872 733 392 1139 341 282 231
internal_count=17094 11406 5688 4968 8919 720 4807 7271 7081 4430 470 2487 6831 1533 1434 1872 733 392 1139 341 282 231
is_linear=0
shrinkage=0.035


Tree=75
num_leaves=23
num_cat=0
split_feature=9 9 15 22 20 22 16 16 11 2 9 18 21 20 21 21 20 3 11 20 11 20
split_gain=91.6629 19.0329 15.7821 5.72154 4.36439 3.776 3.65118 3.23674 3.18087 2.88782 2.97396 2.36659 7.00147 3.92009 6.14385 2.22614 4.05537 3.69651 2.83571 4.66035 2.49937 2.82691
threshold=2.4444909400534773 9.8121262525618356 0.68139097744360921 16785.000000000004 23.500000000000004 34795.000000000007 1.0000000180025095e-35 1.0000000180025095e-35 1.2719433830548408 36.500000000000007 24.043050911137353 1.0000000180025095e-35 4.5000000000000009 11.500000000000002 2.5000000000000004 3.5000000000000004 12.500000000000002 16.987659160272365 2.6835240602807988 2.5000000000000004 7.4308162378331515 6.5000000000000009
decision_type=2 2 2 2 2 2 2 2 2 2 2 2 2 2 2 2 2 2 2 2 2 2
left_child=2 8 6 9 7 -4 -1 11 -2 10 -3 15 13 14 -13 18 17 -17 -5 -20 21 -21
right_child=1 3 5 4 -6 -7 -8 -9 -10 -11 -12 12 -14 -15 -16 16 -18 -19 19 20 -22 -23
leaf_value=-0.0087738819122549685 -0.017251314956765674 0.044541407308035609 -0.013174895566815044 -0.02598709223184658 0.042471697404222422 -0.013174895566815044 0.001125651344629658 0.16079884442748643 -0.00082754533299677529 -0.035848070130427435 0.099020923315524839 -0.013256358274222935 -0.050098591359397829 -0.0077014107754089884 0.17505006774119122 -0.011650345674494798 -0.034643471310866418 0.063914104321463425 0.088714149548140969 -0.01329056920356886 -0.022924263077848991 0.020663846554557001
leaf_weight=4066 393 1110 218 115 820 532 143 127 6410 98 451 45 68 63 145 254 358 196 101 266 212 1025
leaf_count=4066 393 1110 218 115 820 532 143 127 6410 98 451 45 68 63 145 254 358 196 101 266 212 1025
internal_value=-0.000781459 0.000842032 -0.00479452 0.00238185 0.00162105 -0.00948013 -0.00394518 0.000986577 -0.000390717 0.00410156 0.00446999 0.000729933 0.00354294 0.00624031 0.00870513 0.0003594 -0.00114084 0.00103846 0.00107599 0.0014683 0.000951592 0.00153935
internal_weight=17216 12257 4959 5454 3795 750 4209 2975 6803 1659 1561 2848 321 253 190 2527 808 450 1719 1604 1503 1291
internal_count=17216 12257 4959 5454 3795 750 4209 2975 6803 1659 1561 2848 321 253 190 2527 808 450 1719 1604 1503 1291
is_linear=0
shrinkage=0.035


Tree=76
num_leaves=23
num_cat=0
split_feature=9 5 9 16 22 11 16 20 20 20 20 21 0 9 1 20 20 21 6 22 21 21
split_gain=77.8855 19.1673 17.4001 6.74446 6.33423 5.23648 4.2193 3.69107 8.19501 8.53926 6.10073 4.32821 3.08174 3.05939 2.67928 2.63885 4.34286 10.5321 4.58435 3.89384 3.81959 2.97862
threshold=2.4444909400534773 11.827380952380954 0.3956951516321271 1.0000000180025095e-35 34795.000000000007 1.7444527221758717 1.0000000180025095e-35 11.500000000000002 6.5000000000000009 3.5000000000000004 23.500000000000004 2.5000000000000004 15.022525042907136 16.911343790730683 11.00884074265187 6.5000000000000009 11.500000000000002 1.5000000000000002 3.0003581617680068 31797.000000000004 4.5000000000000009 3.5000000000000004
decision_type=2 2 2 2 2 2 2 2 2 2 2 2 2 2 2 2 2 2 2 2 2 2
left_child=2 5 4 7 -1 -2 -4 8 9 11 -9 -3 15 -12 -10 -7 17 19 -18 -17 21 -19
right_child=1 3 6 -5 -6 12 -8 10 14 -11 13 -13 -14 -15 -16 16 18 20 -20 -21 -22 -23
leaf_value=-0.012713774221976516 -0.0081598570857524672 0.11890224518130872 -0.0080042951820781735 0.2572902240918078 -0.012713774221976516 -0.0047968672128451441 0.0039751376228065174 0.0010160652546068239 0.036962996259600527 -0.014606696494570706 0.01222197919183607 0.019762701803315144 0.026905983087671281 0.063762343940228949 0.18232187134318414 0.004489705031471794 -0.009287516907928714 0.032815192201111447 0.0021708382784438032 -0.035764394533456069 -0.0022269455673647933 0.053906977916680039
leaf_weight=329 1632 97 3966 141 545 1427 143 1325 109 369 366 420 801 557 426 136 648 431 2723 185 148 247
leaf_count=329 1632 97 3966 141 545 1427 143 1325 109 369 366 420 801 557 426 136 648 431 2723 185 148 247
internal_value=-0.000686714 0.000819528 -0.00437149 0.00287615 -0.0088595 -0.000114816 -0.00340301 0.00257213 0.00397616 0.00186588 0.00167 0.00476054 0.000313657 0.00384698 0.00738889 3.52941e-05 0.000452686 0.00230903 -0.000176244 -0.00300613 0.00440132 0.00550878
internal_weight=17171 12188 4983 3810 874 8378 4109 3669 1421 886 2248 517 6746 923 535 5945 4518 1147 3371 321 826 678
internal_count=17171 12188 4983 3810 874 8378 4109 3669 1421 886 2248 517 6746 923 535 5945 4518 1147 3371 321 826 678
is_linear=0
shrinkage=0.035


Tree=77
num_leaves=23
num_cat=0
split_feature=9 5 15 10 16 20 20 20 20 21 20 3 23 0 20 16 6 21 15 8 11 9
split_gain=80.253 20.1149 17.5463 5.79358 4.94713 4.53946 4.55387 4.41319 9.71496 8.12264 4.51266 4.94082 4.15246 3.95935 3.28669 3.26686 2.79833 2.64064 2.08328 2.60455 2.04138 1.89305
threshold=2.4444909400534773 11.827380952380954 0.68139097744360921 0.97590007294853509 1.0000000180025095e-35 29.500000000000004 30.500000000000004 11.500000000000002 7.5000000000000009 2.5000000000000004 3.5000000000000004 26.94184716045481 40250.000000000007 15.022525042907136 22.500000000000004 1.0000000180025095e-35 9.4925210516034237 2.5000000000000004 0.072751322751322761 2.5000864540425067 3.0678006920872076 23.787301587301592
decision_type=2 2 2 2 2 2 2 2 2 2 2 2 2 2 2 2 2 2 2 2 2 2
left_child=2 3 15 -2 5 7 -7 8 10 -10 17 -12 -4 16 21 18 -5 -3 19 -1 -16 -9
right_child=1 4 12 13 -6 6 -8 14 9 -11 11 -13 -14 -15 20 -17 -18 -19 -20 -21 -22 -23
leaf_value=-0.0098801310866342799 -0.01308478240575983 0.098782667365355098 -0.012268792124207339 -0.0023233627809631278 0.26704216479559439 0.28202647974410711 0.0010491780438277411 -0.0044199369366835486 0.013055124633678991 0.20876410524683958 -0.015373938349046405 0.1292011686785218 -0.012268792124207339 0.026619593595009417 -0.010377194260483665 0.00094712373076939261 0.013992159974515845 0.018636611965100029 -0.0079101482227121774 -0.0010792392941913977 0.031578713682038267 0.032458415106138734
leaf_weight=511 425 98 218 6132 152 109 59 985 120 297 392 96 524 784 95 145 1059 391 3485 82 770 193
leaf_count=511 425 98 218 6132 152 109 59 985 120 297 392 96 524 784 95 145 1059 391 3485 82 770 193
internal_value=-0.000773486 0.000756866 -0.00452113 -0.000193635 0.0028841 0.00260803 0.00819364 0.00231842 0.00384024 0.00829384 0.001889 -0.00046146 -0.00948795 1.75439e-05 0.00126465 -0.00363411 -0.000238327 0.00425101 -0.00381888 -0.00579431 0.00289655 4.43787e-05
internal_weight=17122 12157 4965 8400 3757 3605 168 3437 1394 417 977 488 742 7975 2043 4223 7191 489 4078 593 865 1178
internal_count=17122 12157 4965 8400 3757 3605 168 3437 1394 417 977 488 742 7975 2043 4223 7191 489 4078 593 865 1178
is_linear=0
shrinkage=0.035


Tree=78
num_leaves=23
num_cat=0
split_feature=7 15 9 16 20 8 22 1 16 7 7 11 2 1 9 15 1 5 11 20 21 1
split_gain=78.4156 16.433 15.4487 6.55454 4.82759 4.29306 3.96582 3.8812 3.75107 3.30036 2.9647 2.8499 3.04414 2.61456 2.59012 2.7523 2.44642 2.32825 2.22788 4.08016 3.67319 2.17715
threshold=2.7155315457269595 0.68139097744360921 10.03132202993814 1.0000000180025095e-35 25.500000000000004 24.24880952380953 34795.000000000007 22.052447947677845 1.0000000180025095e-35 25.347602214538849 19.8975866949656 1.762016913337098 9.0039695662631729 19.556552062598733 2.4444909400534773 0.072751322751322761 15.950345293025352 17.961864802538603 2.967285821746811 2.5000000000000004 3.5000000000000004 10.345238095238097
decision_type=2 2 2 2 2 2 2 2 2 2 2 2 2 2 2 2 2 2 2 2 2 2
left_child=1 8 11 4 5 18 -3 -5 14 -7 -6 -2 16 -11 15 -1 -13 -15 21 20 -20 -4
right_child=2 6 3 7 10 9 -8 -9 -10 13 -12 12 -14 17 -16 -17 -18 -19 19 -21 -22 -23
leaf_value=-0.0094937380818117985 -0.0059372040841019422 -0.011839384399860082 -0.041740365626685254 0.32328151644965247 0.035837354503454613 0.11542949229007421 -0.011839384399860082 0.034229827088498262 0.0038765967544161033 0.088641614874444052 0.095854766231865146 0.0017747979837726049 -0.0095119255236917246 -0.040057282984650215 -0.011887418142673892 -0.0079381240828406627 -0.019727824521666038 0.041110168131074591 0.11456863986624742 0.0083183674153064855 0.011524982109496859 0.010166350377139555
leaf_weight=529 1063 212 85 137 585 199 517 78 174 82 229 3945 872 97 1105 3349 68 174 127 3253 146 124
leaf_count=529 1063 212 85 137 585 199 517 78 174 82 229 3945 872 97 1105 3349 68 174 127 3253 146 124
internal_value=-0.000912999 -0.00418562 0.000796655 0.00216736 0.0019056 0.00142707 -0.00910763 0.00811364 -0.0034783 0.00430431 0.00438034 -0.000426256 -6.44172e-05 0.00215084 -0.00365577 -0.00408769 0.000339721 0.000380435 0.000991979 0.00120433 0.00528777 -0.00245327
internal_weight=17150 5886 11264 5316 5101 4287 729 215 5157 552 814 5948 4885 353 4983 3878 4013 271 3735 3526 273 209
internal_count=17150 5886 11264 5316 5101 4287 729 215 5157 552 814 5948 4885 353 4983 3878 4013 271 3735 3526 273 209
is_linear=0
shrinkage=0.035


Tree=79
num_leaves=23
num_cat=0
split_feature=11 15 9 9 9 12 2 22 20 22 9 16 20 20 21 20 21 0 5 6 2 6
split_gain=74.4507 20.993 13.0687 4.64883 3.78889 3.53705 3.33639 3.20713 3.07376 2.90863 3.81839 2.87839 3.11595 5.83297 10.4451 5.55183 3.83307 2.60481 2.84616 2.47651 2.46964 2.24261
threshold=1.762016913337098 0.68139097744360921 15.395433867372985 23.787301587301592 2.3928766644799593 6.6698995303957984 36.500000000000007 34795.000000000007 23.500000000000004 54348.000000000007 0.92978902904902838 1.0000000180025095e-35 11.500000000000002 7.5000000000000009 2.5000000000000004 9.5000000000000018 3.5000000000000004 23.937493722930562 27.851297849228462 19.908514249778566 5.9978252760003432 2.647123939246129
decision_type=2 2 2 2 2 2 2 2 2 2 2 2 2 2 2 2 2 2 2 2 2 2
left_child=1 9 4 5 -2 -4 -5 -3 11 20 -11 12 13 -6 -15 -16 21 18 19 -7 -1 -14
right_child=2 7 3 6 8 17 -8 -9 -10 10 -12 -13 16 14 15 -17 -18 -19 -20 -21 -22 -23
leaf_value=-0.0074496192744562453 -0.0040905603697102451 -0.011425005945864979 0.040414699329453622 0.087783481219165904 -0.0021829458608675625 -0.022219123075414394 -0.026608438997904094 -0.011425005945864979 0.011616520139424972 0.0011179501688587518 -0.0092006919402567323 0.047004873398790836 -0.018130933349625587 -0.0057788639047076391 0.022864967685607286 0.11345274177547583 -0.015052018519628963 0.061751604684197922 0.046885731287881482 0.025199182966792348 0.0012452641221180861 0.00037686119433163914
leaf_weight=4896 312 219 1411 568 1920 527 71 513 1533 79 445 191 158 423 326 221 691 308 130 282 213 1707
leaf_count=4896 312 219 1411 568 1920 527 71 513 1533 79 445 191 158 423 326 221 691 308 130 282 213 1707
internal_value=-0.00080719 -0.00380769 0.000963928 0.0027983 0.00015193 0.00213575 0.00548913 -0.00937924 0.000319512 -0.0030729 -0.00559074 -5.58313e-05 -0.000208677 0.000574266 0.00278205 0.00596014 -0.00110016 0.000754792 -0.000148305 -0.000945946 -0.00280602 -0.000262032
internal_weight=17144 6365 10779 3297 7482 2658 639 732 7170 5633 524 5637 5446 2890 970 547 2556 1247 939 809 5109 1865
internal_count=17144 6365 10779 3297 7482 2658 639 732 7170 5633 524 5637 5446 2890 970 547 2556 1247 939 809 5109 1865
is_linear=0
shrinkage=0.035


Tree=80
num_leaves=23
num_cat=0
split_feature=9 15 5 16 20 20 21 20 20 20 3 20 21 20 11 20 6 3 16 22 22 20
split_gain=69.4347 18.7588 17.9589 6.12436 4.09516 9.68005 7.47631 6.58879 6.55322 6.51481 4.84529 4.5472 4.47852 4.12985 3.65623 3.73212 3.55242 3.52998 3.51003 3.4842 3.22756 2.97536
threshold=2.4444909400534773 0.68139097744360921 8.2950862850224016 1.0000000180025095e-35 11.500000000000002 7.5000000000000009 2.5000000000000004 23.500000000000004 3.5000000000000004 9.5000000000000018 25.102403528914756 10.500000000000002 3.5000000000000004 8.5000000000000018 1.762016913337098 25.500000000000004 18.719087295446389 9.4660690456137484 1.0000000180025095e-35 13885.000000000002 34795.000000000007 2.5000000000000004
decision_type=2 2 2 2 2 2 2 2 2 2 2 2 2 2 2 2 2 2 2 2 2 2
left_child=1 18 14 4 5 8 11 -6 12 13 16 -7 21 -8 -2 19 -10 -9 -1 -16 -3 -4
right_child=2 20 3 -5 7 6 9 17 10 -11 -12 -13 -14 -15 15 -17 -18 -19 -20 -21 -22 -23
leaf_value=-0.0070334344741088415 -0.0076171840958412238 -0.011025130737759703 0.089130824952381407 0.20153722629139678 -0.0011263768637896909 0.064820235685225769 0.20282196672574163 -6.3772131564361346e-05 -0.0025630057437803291 0.2394983424930589 0.11520678000865568 -0.076517610537368261 0.0098743713278298412 0.019875623424177653 0.0075065805494728376 0.013184438296980981 -0.057738559980682891 0.047923951552867466 0.0033351523023250362 -0.0032440712861711955 -0.011025130737759703 0.025871510430987243
leaf_weight=4078 1698 226 191 173 1760 119 119 328 374 175 128 47 344 136 549 682 169 923 147 4196 519 88
leaf_count=4078 1698 226 191 173 1760 119 119 328 374 175 128 47 344 136 549 682 169 923 147 4196 519 88
internal_value=-0.000774426 -0.0042598 0.00064528 0.00223617 0.00199755 0.00327836 0.00695923 0.00118369 0.00154927 0.00937356 -0.000828402 0.000511696 0.0041242 0.00551923 -0.000485975 -3.86598e-05 -0.00229927 0.00312102 -0.00334279 -0.000390526 -0.00938 0.00739437
internal_weight=17169 4970 12199 5074 4901 1890 596 3011 1294 430 671 166 623 255 7125 5427 543 1251 4225 4745 745 279
internal_count=17169 4970 12199 5074 4901 1890 596 3011 1294 430 671 166 623 255 7125 5427 543 1251 4225 4745 745 279
is_linear=0
shrinkage=0.035


Tree=81
num_leaves=23
num_cat=0
split_feature=8 15 3 22 10 20 5 0 20 20 21 21 5 20 22 21 20 20 21 20 23 12
split_gain=73.4999 21.2067 11.684 4.02368 3.98896 3.83325 3.08349 2.89982 3.11926 5.00341 5.44892 6.2528 3.99378 3.67834 3.52972 2.71716 7.89258 4.63627 3.0355 2.49985 2.41655 2.38889
threshold=2.7861226886287489 0.68139097744360921 16.987659160272365 34795.000000000007 1.0000000000000016 27.500000000000004 21.965076773329255 23.937493722930562 6.5000000000000009 11.500000000000002 1.5000000000000002 4.5000000000000009 2.4260456986287315 22.500000000000004 31797.000000000004 2.5000000000000004 9.5000000000000018 9.5000000000000018 3.5000000000000004 7.5000000000000009 60300.000000000007 3.7301431392663469
decision_type=2 2 2 2 2 2 2 2 2 2 2 2 2 2 2 2 2 2 2 2 2 2
left_child=1 5 4 -3 -2 -1 -4 8 20 10 14 15 -11 -14 -10 16 -12 18 19 -17 -6 -13
right_child=2 3 6 -5 7 -7 -8 -9 9 12 11 21 13 -15 -16 17 -18 -19 -20 -21 -22 -23
leaf_value=-0.0073648397248497798 -0.010316082997885053 -0.010639251161938115 0.026237357836187664 -0.010639251161938115 -0.0056233630945124527 -0.0012358861619538432 0.06036720842642785 0.043940024101836291 0.0091334636625739745 -0.012131241094525194 0.08741934918210699 0.0048971411935292055 -0.0019262474903120009 0.013548399837641455 -0.031031360893602224 -0.022502407822515672 -0.028478369847377009 0.092586678921169438 0.07270052741325847 0.022012959317715623 0.0081887200394316472 -0.05328170169433296
leaf_weight=4689 294 215 1700 524 1533 587 800 310 153 420 163 112 2477 1839 173 54 98 252 155 119 425 68
leaf_count=4689 294 215 1700 524 1533 587 800 310 153 420 163 112 2477 1839 173 54 98 252 155 119 425 68
internal_value=-0.000790125 -0.00390698 0.00089148 -0.00945565 0.000279191 -0.00311825 0.00299701 0.000423049 0.000291449 0.000684133 0.00256287 0.00382066 0.000143957 0.000465749 -0.00132175 0.00508865 0.00197368 0.00643162 0.00352102 0.000196629 -0.000918237 -0.00198649
internal_weight=17160 6015 11145 739 8645 5276 2500 8351 8041 6083 1347 1021 4736 4316 326 841 261 580 328 173 1958 180
internal_count=17160 6015 11145 739 8645 5276 2500 8351 8041 6083 1347 1021 4736 4316 326 841 261 580 328 173 1958 180
is_linear=0
shrinkage=0.035


Tree=82
num_leaves=23
num_cat=0
split_feature=9 15 9 22 22 10 20 20 9 20 18 20 17 24 5 17 18 20 10 11 11 20
split_gain=65.8421 19.6027 12.0202 4.30324 3.75739 3.52358 3.379 3.30642 2.9359 2.91857 2.68958 3.22471 2.55735 2.31387 2.12167 2.25089 2.51839 4.15762 1.95368 2.20632 1.94461 1.88055
threshold=2.79394321958477 0.68139097744360921 11.786321173507865 16785.000000000004 34795.000000000007 0.97590007294853509 25.500000000000004 16.500000000000004 0.57332179065277356 23.500000000000004 1.0000000180025095e-35 2.5000000000000004 1.0000000180025095e-35 12965.500000000002 17.469540622712071 1.0000000180025095e-35 1.0000000180025095e-35 29.500000000000004 8.6362431112875893 3.3131084965084701 3.5400053144562924 4.5000000000000009
decision_type=2 2 2 2 2 2 2 2 2 2 2 2 2 2 2 2 2 2 2 2 2 2
left_child=1 6 5 10 -3 -2 7 8 -1 13 11 -4 21 18 15 -7 17 -17 19 -5 -21 -13
right_child=2 4 3 9 -6 14 -8 -9 -10 -11 -12 12 -14 -15 -16 16 -18 -19 -20 20 -22 -23
leaf_value=-0.015014064871775203 -0.010091301764015145 -0.010266877371270283 0.11465237847040979 -0.016339772053668947 -0.010266877371270283 -0.0015879391226646146 -0.0031438612470015407 -0.010308573225888564 -0.0048813147680283539 0.035687685129155836 0.11818910790953809 -0.098191993277142439 0.078746368761680008 -0.036977895298644273 -0.033827663077140357 0.0038711590387394326 -0.017365436397597345 0.19611133014988349 -0.015585340617949665 0.069809353664096491 0.019586334410958896 0.029307918698734493
leaf_weight=327 244 223 99 188 508 4604 891 1465 2614 616 168 69 436 119 94 1618 91 49 299 52 1491 883
leaf_count=327 244 223 99 188 508 4604 891 1465 2614 616 168 69 436 119 94 1618 91 49 299 52 1491 883
internal_value=-0.000864135 -0.00380864 0.000731461 0.00214746 -0.00917799 -0.000200969 -0.00305639 -0.00345557 -0.00275628 0.00128881 0.00356325 0.0030496 0.00257538 0.000666202 -4.06284e-05 3.57311e-05 0.00110182 0.00142344 0.000954545 0.00141129 0.00185401 0.00151776
internal_weight=17148 6028 11120 4420 731 6700 5297 4406 2941 2765 1655 1487 1388 2149 6456 6362 1758 1667 2030 1731 1543 952
internal_count=17148 6028 11120 4420 731 6700 5297 4406 2941 2765 1655 1487 1388 2149 6456 6362 1758 1667 2030 1731 1543 952
is_linear=0
shrinkage=0.035


Tree=83
num_leaves=23
num_cat=0
split_feature=12 9 9 0 16 1 23 20 20 21 23 20 20 2 0 11 0 14 20 2 12 8
split_gain=62.1487 16.041 14.9494 5.83294 3.66363 4.05852 3.59955 3.23705 8.11658 5.26312 3.02096 2.99885 3.42747 3.54211 2.54357 3.03929 2.94457 2.22319 2.19231 2.18843 2.59262 2.16052
threshold=1.4415368573177589 0.28576014119515097 15.672619047619049 2.9519925495886379 1.0000000180025095e-35 23.023809523809529 21250.000000000004 29.500000000000004 30.500000000000004 2.5000000000000004 40250.000000000007 29.500000000000004 11.500000000000002 36.500000000000007 23.937493722930562 4.0990905445054358 17.903471131289511 0.21825396825396828 9.5000000000000018 16.535714285714288 6.6698995303957984 9.1458333333333339
decision_type=2 2 2 2 2 2 2 2 2 2 2 2 2 2 2 2 2 2 2 2 2 2
left_child=1 10 3 17 6 -6 11 19 9 -9 -1 12 13 18 15 16 -8 -2 -4 21 -21 -5
right_child=2 -3 4 7 5 -7 14 8 -10 -11 -12 -13 -14 -15 -16 -17 -18 -19 -20 20 -22 -23
leaf_value=-0.0099075366632758212 -0.0057791572312412302 -0.0087389527500631448 0.074155533509102367 -0.00072156608744888167 0.48137069055506093 0.025831434473679381 0.086356374295165073 -0.0045398336973500267 -0.014817942085557536 0.13182141426348529 -0.0099075366632758212 0.13693341699002709 0.022594180777832797 -0.039817987474675985 0.061458344468065598 -0.0023633390847003625 -0.0043145750292211908 0.0025109061154903242 0.17830797954086575 -0.017073738100724906 0.1244346979750444 0.0090212749546939291
leaf_weight=121 1930 3729 468 4684 77 71 115 56 125 127 490 63 862 57 256 1102 87 196 99 334 45 2081
leaf_count=121 1930 3729 468 4684 77 71 115 56 125 127 490 63 862 57 256 1102 87 196 99 334 45 2081
internal_value=-0.000727299 -0.0043458 0.000496106 -0.00019905 0.00254292 0.00789216 0.00227039 0.000260493 0.00374601 0.00837766 -0.00960227 0.00346847 0.00311033 0.00509141 0.0010623 0.000414439 0.00431159 -0.00181488 0.00593531 0.000105259 -0.00246094 0.000253323
internal_weight=17175 4340 12835 9578 3257 148 3109 7452 308 183 611 1549 1486 624 1560 1304 202 2126 567 7144 379 6765
internal_count=17175 4340 12835 9578 3257 148 3109 7452 308 183 611 1549 1486 624 1560 1304 202 2126 567 7144 379 6765
is_linear=0
shrinkage=0.035


Tree=84
num_leaves=23
num_cat=0
split_feature=12 9 9 16 8 20 5 20 20 20 5 20 21 20 20 20 21 9 6 11 18 22
split_gain=57.4315 20.4663 13.0834 5.17768 4.07662 3.19672 3.06118 2.87235 7.72016 2.76092 4.53846 4.91761 4.33238 5.03502 4.95983 4.2004 3.9288 2.55498 2.52806 2.56265 2.52096 2.3861
threshold=1.595178283109683 0.28576014119515097 10.507034530153202 1.0000000180025095e-35 24.24880952380953 25.500000000000004 1.2384258821115111 29.500000000000004 30.500000000000004 11.500000000000002 7.9927388748624617 7.5000000000000009 2.5000000000000004 9.5000000000000018 8.5000000000000018 3.5000000000000004 3.5000000000000004 20.715476190476192 17.961864802538603 5.3633964730300194 1.0000000180025095e-35 34795.000000000007
decision_type=2 2 2 2 2 2 2 2 2 2 2 2 2 2 2 2 2 2 2 2 2 2
left_child=1 21 6 4 5 9 20 -8 -9 10 -4 15 -13 14 -14 -12 -11 -7 19 -17 -2 -1
right_child=2 -3 3 -5 -6 17 7 8 -10 16 11 12 13 -15 -16 18 -18 -19 -20 -21 -22 -23
leaf_value=-0.0095607728800611684 -0.010958954169680894 -0.006533427240743378 -0.013105728599518352 0.21139646903657869 0.069370077619039683 0.02547195797979461 -0.0014217197024238072 0.084472315976619791 -0.019796885310484236 0.0087772438365161867 0.036746802365943687 -0.001115837283877994 0.18604265019064212 0.23414929658713057 -0.019611686330656714 -0.0090035958486843811 -0.027266769561353831 0.10829198380131426 -0.045776723994489357 0.047235122302280039 0.007897450100696507 -0.0095607728800611684
leaf_weight=130 534 4574 388 212 555 583 6039 143 92 1356 394 105 91 116 96 186 478 167 204 108 88 495
leaf_count=130 534 4574 388 212 555 583 6039 143 92 1356 394 105 91 116 96 186 478 167 204 108 88 495
internal_value=-0.000832166 -0.00390085 0.000504188 0.00185964 0.00161527 0.00123977 -0.00048435 -0.000248049 0.0035 0.000788914 0.00180892 0.00280268 0.00597458 0.00806818 0.00419271 0.00130713 -0.000142741 0.00331457 -0.000800199 0.0012291 -0.00281898 -0.00983333
internal_weight=17134 5199 11935 5039 4827 4272 6896 6274 235 3522 1688 1300 408 303 187 892 1834 750 498 294 622 625
internal_count=17134 5199 11935 5039 4827 4272 6896 6274 235 3522 1688 1300 408 303 187 892 1834 750 498 294 622 625
is_linear=0
shrinkage=0.035


Tree=85
num_leaves=23
num_cat=0
split_feature=12 15 8 22 22 12 16 1 10 2 20 20 20 22 23 2 20 1 20 20 12 10
split_gain=57.0291 19.5286 15.3658 4.83334 4.77566 3.27781 2.85064 3.442 2.84311 2.79805 2.56516 2.89838 2.49491 2.43817 2.62511 2.42485 2.17443 2.15202 2.00093 3.67527 1.78834 1.75874
threshold=1.4415368573177589 0.68139097744360921 8.4634227218032283 34795.000000000007 16785.000000000004 2.5451381627577256 1.0000000180025095e-35 20.983158914892449 1.2414501221333021 9.9933189851049971 11.500000000000002 29.500000000000004 23.500000000000004 54348.000000000007 60300.000000000007 36.500000000000007 2.5000000000000004 0.97613398113309346 30.500000000000004 29.500000000000004 9.9122595090745627 1.7182493859684496
decision_type=2 2 2 2 2 2 2 2 2 2 2 2 2 2 2 2 2 2 2 2 2 2
left_child=1 -1 8 -3 10 -6 12 9 17 -8 15 20 -7 14 21 -4 -16 -2 19 -14 -12 -10
right_child=2 3 4 -5 5 6 7 -9 13 -11 11 -13 18 -15 16 -17 -18 -19 -20 -21 -22 -23
leaf_value=-0.0064225488070769991 0.0059494524067535666 -0.0092261458292590259 0.080902314665526581 -0.0092261458292590259 -0.028192736072073503 0.003794006211998613 0.069067083398565765 -0.025294246779647759 0.00085224077167849637 0.26478824520891397 0.014394715804417847 0.11749201198552373 0.019441602981135665 -0.021628937644056427 0.035609456693758146 -0.031969431449954767 0.0079825505129492765 -0.0073413773498228916 -0.041463122138060859 0.17003598898830383 0.047597507177354718 -0.0032412784013167921
leaf_weight=3560 66 225 619 513 81 3448 45 60 1341 88 787 62 750 65 60 55 575 863 63 92 127 3609
leaf_count=3560 66 225 619 513 81 3448 45 60 1341 88 787 62 750 65 60 55 575 863 63 92 127 3609
internal_value=-0.000778163 -0.00426621 0.0003878 -0.00944482 0.00162687 0.00104275 0.00117282 0.00530303 -0.000792072 0.00836957 0.00324622 0.00205148 0.000979807 -0.000492042 -0.000406977 0.00492268 0.00169531 -0.00258565 0.00261538 0.00307851 0.00150435 -0.000681635
internal_weight=17154 4298 12856 738 6277 4627 4546 193 6579 133 1650 976 4353 5650 5585 674 635 929 905 842 914 4950
internal_count=17154 4298 12856 738 6277 4627 4546 193 6579 133 1650 976 4353 5650 5585 674 635 929 905 842 914 4950
is_linear=0
shrinkage=0.035


Tree=86
num_leaves=23
num_cat=0
split_feature=12 15 7 22 5 18 16 20 1 20 18 21 20 21 21 5 17 20 1 0 6 4
split_gain=57.2643 20.3052 12.7872 4.69773 4.4095 3.90667 3.82314 3.74101 3.36922 2.59938 2.57059 6.35826 6.04984 6.76479 2.6762 4.34608 3.15304 2.87289 2.19711 2.18946 2.61044 2.14686
threshold=1.4510484563410848 0.68139097744360921 14.716713265460024 34795.000000000007 2.8075548694824484 1.0000000180025095e-35 1.0000000180025095e-35 23.500000000000004 23.023809523809529 25.500000000000004 1.0000000180025095e-35 4.5000000000000009 11.500000000000002 2.5000000000000004 3.5000000000000004 22.052447947677845 1.0000000180025095e-35 2.5000000000000004 11.852133989485408 19.556552062598733 13.982558156555685 0.72511993027812494
decision_type=2 2 2 2 2 2 2 2 2 2 2 2 2 2 2 2 2 2 2 2 2 2
left_child=1 -1 4 21 5 -2 9 -6 -8 10 14 12 13 -12 17 16 19 18 -4 20 -16 -3
right_child=2 3 6 -5 7 -7 8 -9 -10 -11 11 -13 -14 -15 15 -17 -18 -19 -20 -21 -22 -23
leaf_value=-0.0058772270561935677 -0.006211166770088033 -0.0089032307252349605 0.0031945633940554255 -0.0089032307252349605 -0.00072343502404591644 0.0034581314435765979 0.378951034342353 0.010897473686645719 0.036631796699672266 0.056364133494836516 -0.0012095731963622214 -0.073371236085123748 -0.031833757704942352 0.27548301496272204 -0.058077755169232297 0.029028111063757439 0.035273043548489889 0.022962801516024124 0.1026553485674517 -0.0723501977259806 0.0022542541933257979 -0.0089032307252349605
leaf_weight=3593 1470 156 52 529 5952 233 86 1681 69 514 55 54 56 133 87 295 145 1508 100 114 165 65
leaf_count=3593 1470 156 52 529 5952 233 86 1681 69 514 55 54 56 133 87 295 145 1508 100 114 165 65
internal_value=-0.000683969 -0.00415363 0.000495929 -0.00938742 -0.000174232 -0.00178279 0.00232112 0.000183294 0.00765625 0.00205224 0.00161159 0.00467822 0.00709839 0.0100648 0.00122521 -0.000409988 -0.00237403 0.00202853 0.00657643 -0.00410377 -0.00211089 -0.00480088
internal_weight=17112 4343 12769 750 9336 1703 3433 7633 155 3278 2764 298 244 188 2466 806 511 1660 152 366 252 221
internal_count=17112 4343 12769 750 9336 1703 3433 7633 155 3278 2764 298 244 188 2466 806 511 1660 152 366 252 221
is_linear=0
shrinkage=0.035


Tree=87
num_leaves=23
num_cat=0
split_feature=12 15 9 22 22 15 9 10 22 12 10 11 12 25 24 16 1 1 7 9 7 18
split_gain=56.2088 20.2501 13.4769 5.12533 4.23614 2.99108 4.01522 2.8037 2.53753 2.9479 2.77368 2.55452 2.96383 2.47816 2.4106 2.39423 2.95732 2.33095 2.25317 2.07749 2.87057 2.18563
threshold=1.4415368573177589 0.68139097744360921 8.9286768434793569 31488.000000000004 34795.000000000007 0.21240601503759401 2.4444909400534773 2.19152661386611 48992.500000000007 4.7503502577289867 2.4784787961282118 3.2284790417589679 7.8123347644045165 637.50000000000011 12965.500000000002 1.0000000180025095e-35 26.068648301856552 12.600843035355068 9.288043385963908 23.787301587301592 26.035714285714288 1.0000000180025095e-35
decision_type=2 2 2 2 2 2 2 2 2 2 2 2 2 2 2 2 2 2 2 2 2 2
left_child=1 -1 5 15 -3 6 13 -5 9 10 -9 -10 -13 -2 17 19 -17 -8 -16 20 -4 -21
right_child=2 4 3 7 -6 -7 14 8 11 -11 -12 12 -14 -15 18 16 -18 -19 -20 21 -22 -23
leaf_value=-0.0059920566518625292 -0.0041211585735816299 -0.0085916176498517377 0.025456308135896628 0.033250090312184059 -0.0085916176498517377 0.0022873575266386605 -0.0014242307912421582 -0.014793345939556463 -0.043594487650440314 -0.013242042917459057 0.016759495136990432 0.038326443948886298 -0.03171328195517524 0.00024449011304910066 0.037613358451704521 0.32787001876936922 0.0086029585832101321 -0.01874165210624611 -0.011178346373877155 0.058192341746878769 -0.032175776802133113 0.20804886077405946
leaf_weight=3600 591 222 2435 179 518 385 5378 137 52 836 976 439 63 159 221 73 45 166 54 532 107 64
leaf_count=3600 591 222 2435 179 518 385 5378 137 52 836 976 439 63 159 221 73 45 166 54 532 107 64
internal_value=-0.000660933 -0.00410414 0.000497984 0.00172261 -0.00937248 -0.000545696 -0.000724064 0.000579643 0.000265152 -0.000322416 0.000845259 0.00234794 0.00314103 -0.00312914 -0.000408654 0.00265639 0.00754065 -0.000570824 0.00275 0.00245546 0.00199941 0.0043386
internal_weight=17232 4340 12892 5938 740 6954 6569 2682 2503 1949 1113 554 502 750 5819 3256 118 5544 275 3138 2542 596
internal_count=17232 4340 12892 5938 740 6954 6569 2682 2503 1949 1113 554 502 750 5819 3256 118 5544 275 3138 2542 596
is_linear=0
shrinkage=0.035


Tree=88
num_leaves=23
num_cat=0
split_feature=12 15 8 16 22 1 10 22 6 17 10 22 14 7 21 20 16 7 6 21 20 18
split_gain=51.5741 22.0934 10.8189 4.22771 3.40046 2.99168 2.75796 2.66964 2.54928 2.26808 2.08233 2.1367 2.51328 2.0762 2.40123 4.26299 3.23786 2.76839 2.76785 2.55219 3.56147 2.7818
threshold=1.4415368573177589 0.68139097744360921 8.4634227218032283 1.0000000180025095e-35 31488.000000000004 21.965076773329255 1.9760470401187082 34795.000000000007 28.125319265124826 1.0000000180025095e-35 1.2414501221333021 54348.000000000007 0.32051282051282054 9.1479591836734695 2.5000000000000004 27.500000000000004 1.0000000180025095e-35 2.4047020061498245 2.6045658338550122 3.5000000000000004 29.500000000000004 1.0000000180025095e-35
decision_type=2 2 2 2 2 2 2 2 2 2 2 2 2 2 2 2 2 2 2 2 2 2
left_child=1 9 10 4 -4 -5 -6 -3 -8 -1 -2 12 13 14 17 16 18 -12 -16 21 -21 -17
right_child=2 7 3 5 6 -7 8 -9 -10 -11 11 -13 -14 -15 15 19 -18 -19 -20 20 -22 -23
leaf_value=-0.0076391225681219036 -0.0047396699891007 -0.0082909110321069263 0.023069671220764702 0.19291731500325382 0.033662654717382078 0.015790218065408406 0.002488751807658343 -0.0082909110321069263 -0.059590557757669402 -0.003004101393087856 -0.009005019858478628 -0.0209266621141052 0.015398239729404274 -0.032602544485205082 -0.0037916157229920182 0.12486805105265211 0.036765872800493253 -0.0021983472492132432 0.001105722254754279 -0.0096405494707994324 0.050075857703443971 0.0090799401017496988
leaf_weight=2590 908 226 3197 153 139 83 2645 504 55 981 347 67 52 112 750 81 111 2246 1672 92 45 77
leaf_count=2590 908 226 3197 153 139 83 2645 504 55 981 347 67 52 112 750 81 111 2246 1672 92 45 77
internal_value=-0.000692321 -0.0040072 0.000418517 0.0014581 0.00127173 0.00602697 0.000381505 -0.00954762 0.000122921 -0.00285794 -0.000573115 -0.000318632 -0.000237925 -0.000315999 -0.000212864 0.000487999 1.37904e-05 -0.000983449 -0.000252369 0.00443333 0.000739437 0.00740798
internal_weight=17133 4301 12832 6272 6036 236 2839 730 2700 3571 6560 5652 5585 5533 5421 2828 2533 2593 2422 295 137 158
internal_count=17133 4301 12832 6272 6036 236 2839 730 2700 3571 6560 5652 5585 5533 5421 2828 2533 2593 2422 295 137 158
is_linear=0
shrinkage=0.035


Tree=89
num_leaves=23
num_cat=0
split_feature=9 12 22 9 22 16 4 14 20 20 20 21 21 20 21 18 20 21 9 21 4 1
split_gain=56.8156 18.05 11.8405 5.54313 4.43548 3.82803 4.27147 3.82696 3.7455 5.08781 7.79814 9.67458 6.87131 5.14238 4.94441 5.28277 8.44699 3.47363 3.78494 3.23554 3.48276 3.04907
threshold=1.3566482833550577 2.5727776279586263 34795.000000000007 24.043050911137353 54348.000000000007 1.0000000180025095e-35 8.9846950015344529 0.43650793650793657 25.500000000000004 11.500000000000002 6.5000000000000009 1.5000000000000002 3.5000000000000004 3.5000000000000004 4.5000000000000009 1.0000000180025095e-35 7.5000000000000009 3.5000000000000004 15.003401360544219 3.5000000000000004 7.1165179051553791 20.983158914892449
decision_type=2 2 2 2 2 2 2 2 2 2 2 2 2 2 2 2 2 2 2 2 2 2
left_child=2 -2 -1 5 -4 8 -7 -6 9 10 13 -12 -11 19 17 16 -16 -13 -19 20 -3 -8
right_child=1 3 4 -5 7 6 21 -9 -10 12 11 14 -14 -15 15 -17 -18 18 -20 -21 -22 -23
leaf_value=-0.0092917061507638895 -0.0025099910919538517 -0.0019615954308081253 -0.0080007291459831837 0.073501350848910088 -0.0050936798695181374 -0.0060356279436896637 0.24530187521675589 0.0033923640000804627 0.026194438592877428 0.0032587800742940255 -0.017176032762347641 0.060680733623303618 -0.021294912042861439 -0.011806010810443014 -0.040844581496211264 -0.076717284884808348 0.16030596028496169 0.066706324539028028 0.25044111175920214 -0.0025698538413944185 0.060476811034225537 0.042795557203600697
leaf_weight=1456 6544 122 550 577 305 114 100 50 1230 2402 309 563 846 901 58 58 60 203 117 360 275 62
leaf_count=1456 6544 122 550 577 305 114 100 50 1230 2402 309 563 846 901 58 58 60 203 117 360 275 62
internal_value=-0.000730729 6.80934e-05 -0.00576923 0.00114685 -0.00892308 0.000896917 0.00491993 -0.00563889 0.000743441 0.000392977 0.0014261 0.00337764 -0.000564863 -0.000178894 0.00496711 -0.000290055 0.00384146 0.00603041 0.00899231 0.00192913 0.00409204 0.00848802
internal_weight=17262 14901 2361 8357 905 7780 276 355 7504 6274 3026 1368 3248 1658 1059 176 118 883 320 757 397 162
internal_count=17262 14901 2361 8357 905 7780 276 355 7504 6274 3026 1368 3248 1658 1059 176 118 883 320 757 397 162
is_linear=0
shrinkage=0.035


Tree=90
num_leaves=23
num_cat=0
split_feature=12 15 9 23 9 15 16 8 7 20 9 17 2 1 10 0 10 23 1 1 16 23
split_gain=49.9298 21.7258 12.4494 4.53188 3.6072 4.44529 3.53658 2.89199 4.10923 2.21638 2.18381 2.12914 2.09888 2.09228 1.98003 1.95341 2.51158 2.52749 1.93934 1.89782 3.04255 2.1562
threshold=1.4415368573177589 0.68139097744360921 11.985865601625543 40250.000000000007 2.8930613443143747 0.21240601503759401 1.0000000180025095e-35 24.24880952380953 28.467699617561198 22.500000000000004 2.3334151686354567 1.0000000180025095e-35 23.023809523809529 21.965076773329255 1.0000000000000016 2.5730536332156606 1.2149857925879115 35850.000000000007 32.106343334591671 12.48529411764706 1.0000000180025095e-35 46750.000000000007
decision_type=2 2 2 2 2 2 2 2 2 2 2 2 2 2 2 2 2 2 2 2 2 2
left_child=1 11 4 -3 5 10 7 9 18 -4 15 -1 -10 -8 -6 -2 -17 -18 -9 20 -16 -22
right_child=2 3 6 -5 14 -7 13 8 12 -11 -12 -13 -14 -15 19 16 17 -19 -20 -21 21 -23
leaf_value=-0.0078035063916545681 -0.0039048511133120316 -0.0076755194307064475 0.0086840530493200035 -0.0077207036258737718 -0.0063029886996816527 0.0020658653910699877 0.28350514664289861 0.087352123327100531 0.061676749804932443 0.028957678825888497 -0.0090549826023624304 -0.0029055242294260247 -0.018666692314090644 0.037187268902801496 0.00073915893213278964 0.027227377333337889 -0.0066318687575949884 0.0030419233078911793 -0.0074121634481785397 -0.0083187845059343336 0.01430587534430354 0.093985035501155625
leaf_weight=2612 379 225 2606 511 192 375 95 336 45 999 1216 984 126 84 5362 47 79 59 46 583 81 72
leaf_count=2612 379 225 2606 511 192 375 95 336 45 999 1216 984 126 84 5362 47 79 59 46 583 81 72
internal_value=-0.000753403 -0.00399873 0.00034625 -0.00947031 -0.000434911 -0.00166898 0.00187011 0.00165205 0.00401434 0.00127978 -0.00240196 -0.0028624 -0.000397727 0.00665761 -8.33995e-06 -0.00421353 -0.00110526 -0.00354895 0.00601421 0.00010036 0.000304348 0.00509494
internal_weight=17114 4332 12782 736 8445 2155 4337 4158 553 3605 1780 3596 171 179 6290 564 185 138 382 6098 5515 153
internal_count=17114 4332 12782 736 8445 2155 4337 4158 553 3605 1780 3596 171 179 6290 564 185 138 382 6098 5515 153
is_linear=0
shrinkage=0.035


Tree=91
num_leaves=23
num_cat=0
split_feature=9 2 22 5 22 18 21 17 21 21 9 11 21 1 12 11 22 15 1 11 4 4
split_gain=51.3794 15.0027 13.511 5.17083 4.96249 3.67919 6.67223 6.30976 4.87768 4.57978 3.43679 2.46738 3.47901 2.35943 2.18314 3.45305 2.12301 2.04991 1.98525 3.20936 3.08373 1.90882
threshold=1.3566482833550577 5.8887296755550986 34795.000000000007 15.945025446116915 54348.000000000007 1.0000000180025095e-35 2.5000000000000004 1.0000000180025095e-35 3.5000000000000004 4.5000000000000009 0.92978902904902838 2.4314785444432601 2.5000000000000004 0.97613398113309346 6.1306865385641736 3.3422043130738834 15527.500000000002 0.21240601503759401 2.2520525147951038 1.5045717874984452 1.4444546508177714 1.244817030871882
decision_type=2 2 2 2 2 2 2 2 2 2 2 2 2 2 2 2 2 2 2 2 2 2
left_child=2 11 -1 5 -4 7 -7 8 -3 14 -6 12 18 17 15 -8 -15 -14 -2 20 -20 -21
right_child=1 3 4 -5 10 6 9 -9 -10 -11 -12 -13 13 16 -16 -17 -18 -19 19 21 -22 -23
leaf_value=-0.0083667399682710447 -0.0022891921741238185 0.0012798558688664175 -0.0074504789989681902 0.02945678749146545 0.0033024679760787928 -0.050124042063306472 0.039742737824524116 0.014554830790131376 -0.013376076073539231 -0.01671788525982347 -0.0045809874536267628 0.0016587377092447133 0.000233304945668702 0.00073120737299793191 0.2550457600188602 0.017798465010302408 -0.0030877796550240638 0.016415628856148699 -0.030368864282746197 0.009537453283244993 -0.011426755480249589 -0.0091194682378110351
leaf_weight=1450 1354 2764 542 2446 72 73 124 1334 879 69 273 1215 182 653 69 225 1917 84 96 105 356 821
leaf_count=1450 1354 2764 542 2446 72 73 124 1334 879 69 273 1215 182 653 69 225 1917 84 96 105 356 821
internal_value=-0.000683306 7.93785e-05 -0.00549957 0.00110854 -0.00890695 0.000511548 0.00319027 0.000203733 -0.000546875 0.00469512 -0.0054 -0.0011292 -0.00144132 -0.000572862 0.00608156 0.00474576 -0.000903883 0.00251845 -0.00233376 -0.0032773 -0.00570569 -0.00204887
internal_weight=17103 14766 2337 7983 887 5537 560 4977 3643 487 345 6783 5568 2836 418 349 2570 266 2732 1378 452 926
internal_count=17103 14766 2337 7983 887 5537 560 4977 3643 487 345 6783 5568 2836 418 349 2570 266 2732 1378 452 926
is_linear=0
shrinkage=0.035


Tree=92
num_leaves=23
num_cat=0
split_feature=9 12 22 22 7 9 18 21 12 16 17 16 15 8 7 22 3 3 0 21 2 8
split_gain=51.6801 14.0919 13.2457 6.48422 6.30717 3.64901 2.67756 5.72549 4.85597 2.5938 2.51797 2.26904 2.20917 2.41929 2.35826 2.12762 2.33073 1.86181 1.66926 1.63091 1.55787 1.82928
threshold=1.3566482833550577 2.0156931096332822 34795.000000000007 54348.000000000007 15.717747209918626 0.92978902904902838 1.0000000180025095e-35 4.5000000000000009 6.3950488628745097 1.0000000180025095e-35 1.0000000180025095e-35 1.0000000180025095e-35 0.21240601503759401 1.6441046834441899 2.1429083088240017 24335.000000000004 6.9966807769941894 15.022525042907136 34.129284693525193 2.5000000000000004 16.03274297468673 15.00474509636665
decision_type=2 2 2 2 2 2 2 2 2 2 2 2 2 2 2 2 2 2 2 2 2 2
left_child=2 12 -1 -4 9 -5 10 8 -8 20 11 18 15 19 -15 -2 -17 -12 -6 -14 -3 -22
right_child=1 4 3 5 6 -7 7 -9 -10 -11 17 -13 13 14 -16 16 -18 -19 -20 -21 21 -23
leaf_value=-0.0080302298942819504 -0.0016664618833593982 0.001152734328827142 -0.0071897122340043038 0.0031868815969160343 0.0070960925607208491 -0.0044288699260286446 0.019803451745559173 -0.059500636577143225 0.2006940135973472 0.050421422930224488 -0.0030489352053536139 0.24874526084889287 -0.017456361245621867 0.0055878119153492155 -0.0045367160837019305 -0.0046364316412128041 0.011122556797053269 0.060995276321889121 0.050888162640070955 0.0088526297602772325 -0.021735175791794951 0.014067741827701969
leaf_weight=1492 1714 6492 544 78 1767 280 100 53 171 215 120 92 179 182 101 2309 66 662 68 150 287 112
leaf_count=1492 1714 6492 544 78 1767 280 100 53 171 215 120 92 179 182 101 2309 66 662 68 150 287 112
internal_value=-0.000697401 7.19097e-05 -0.00546373 -0.00881753 0.000807374 -0.00496556 0.00214286 0.00515957 0.00722826 0.000233793 0.00176676 0.00106884 -0.00150977 0.000425446 0.00279514 -0.00180386 -0.00248529 0.00344663 0.000779891 -0.00157186 0.000111659 -0.00199257
internal_weight=17234 14840 2394 902 10139 358 3033 324 271 7106 2709 1927 4701 612 283 4089 2375 782 1835 329 6891 399
internal_count=17234 14840 2394 902 10139 358 3033 324 271 7106 2709 1927 4701 612 283 4089 2375 782 1835 329 6891 399
is_linear=0
shrinkage=0.035


Tree=93
num_leaves=23
num_cat=0
split_feature=9 3 22 22 20 20 20 20 4 20 20 9 10 9 20 2 6 1 22 8 6 10
split_gain=50.9922 15.0291 13.5274 6.00346 4.75958 6.59484 3.54076 8.14345 7.25455 6.43844 4.54025 3.22714 3.06639 3.03379 3.02302 2.74066 2.63134 2.31994 2.75512 2.23756 2.08578 2.05265
threshold=1.3566482833550577 7.69680936421629 34795.000000000007 54348.000000000007 29.500000000000004 30.500000000000004 11.500000000000002 6.5000000000000009 6.7843164825256759 3.5000000000000004 18.500000000000004 12.714511183261184 1.3801311186847085 0.92978902904902838 27.500000000000004 27.062749211546333 17.961864802538603 2.3187937187736569 15527.500000000002 19.572953081678822 16.940434238785283 5.087807417394191
decision_type=2 2 2 2 2 2 2 2 2 2 2 2 2 2 2 2 2 2 2 2 2 2
left_child=2 12 14 -4 6 -6 7 9 -9 -3 -8 -12 17 -5 -1 16 21 18 -2 20 -10 -11
right_child=1 4 3 13 5 -7 10 8 19 15 11 -13 -14 -15 -16 -17 -18 -19 -20 -21 -22 -23
leaf_value=-0.0081523964597053356 0.0020506910692511915 0.025099483672039707 -0.0069380723058141526 0.0030885053522482163 0.19513128856889453 -0.0053905487583268573 -0.0079436929529193463 0.00037818413842227733 0.077938140160773883 -0.019025520139258938 -0.0005434950018896157 0.027782875530652798 -0.0010578435301372548 -0.0042629750361572218 0.0057912836616699987 0.080873259354707322 -0.060658923780414771 -0.0073589708570150044 -0.0056211271593907004 0.19226576713505983 0.022559584760934961 0.013748993987686583
leaf_weight=1311 377 604 555 77 148 96 1451 355 360 339 809 1343 5750 275 150 54 154 1080 1193 280 199 130
leaf_count=1311 377 604 555 77 148 96 1451 355 360 339 809 1343 5750 275 150 54 154 1080 1193 280 199 130
internal_value=-0.000703276 6.29796e-05 -0.0054646 -0.00882675 0.00135254 0.00611446 0.00115362 0.00217339 0.00424729 0.000217729 0.000446231 0.00146847 -0.000905711 -0.00504902 -0.00334243 -0.00210411 -0.00278662 -0.00189171 -0.00101111 0.00601303 0.0045922 -0.00140295
internal_weight=17090 14722 2368 907 6322 244 6078 2475 1194 1281 3603 2152 8400 352 1461 677 623 2650 1570 839 559 469
internal_count=17090 14722 2368 907 6322 244 6078 2475 1194 1281 3603 2152 8400 352 1461 677 623 2650 1570 839 559 469
is_linear=0
shrinkage=0.035


Tree=94
num_leaves=23
num_cat=0
split_feature=9 15 2 22 25 5 12 4 16 3 10 18 21 3 8 1 25 10 4 17 25 10
split_gain=49.9244 13.3235 11.749 3.99639 3.77838 3.1583 2.81469 2.64093 2.537 2.35684 2.18061 2.20979 2.51395 3.16426 2.1523 2.29334 2.12586 2.60558 1.98398 2.06294 2.04092 2.35402
threshold=1.3566482833550577 0.68139097744360921 5.8887296755550986 34795.000000000007 200.00000000000003 1.6117723313051522 1.0945553872080129 4.9547980748721674 1.0000000180025095e-35 2.6536137363740666 1.5118578920369108 1.0000000180025095e-35 3.5000000000000004 31.032336348011363 21.761108290698008 23.023809523809529 324.00000000000006 8.8061116617679662 3.7899203501381034 1.0000000180025095e-35 248.50000000000003 2.4411644428562478
decision_type=2 2 2 2 2 2 2 2 2 2 2 2 2 2 2 2 2 2 2 2 2 2
left_child=1 6 8 -3 7 -6 -1 -4 9 -2 -9 12 14 -14 15 -12 18 -18 -7 20 21 -20
right_child=2 3 4 -5 5 16 -8 10 -10 -11 11 -13 13 -15 -16 -17 17 -19 19 -21 -22 -23
leaf_value=-0.0090564822043523729 -0.0044175058275444587 -0.0065476484293526798 -0.015168350282218409 -0.0066952397751106575 -0.017039353590521611 0.027580128690142834 -0.0041164383190733268 0.053195687490710533 0.007945659592209716 -0.0011837341248770628 0.022743650391111803 0.068349205817887115 -0.0087367169120959078 0.13111896038771434 0.074182529983101445 -0.03656775540101518 0.010527051619677836 -0.022293747600129948 0.011388148498926864 0.011417305378050272 -0.014036904419058419 -0.0085601010216338081
leaf_weight=1327 2795 223 161 510 86 138 296 48 263 3659 964 244 514 86 438 110 2807 197 278 611 286 1009
leaf_count=1327 2795 223 161 510 86 138 296 48 263 3659 964 244 514 86 438 110 2807 197 278 611 286 1009
internal_value=-0.000649516 -0.00537378 0.000108341 -0.00929539 0.00101729 0.000487816 -0.0035688 0.00212451 -0.000968462 -0.00110814 0.00241905 0.00224587 0.00185994 -2.89256e-05 0.00261866 0.0017354 0.000600732 0.00121552 -0.00018801 -0.000455688 -0.00113118 -0.000514706
internal_weight=17050 2356 14694 733 7977 5412 1623 2565 6717 6454 2404 2356 2112 600 1512 1074 5326 3004 2322 2184 1573 1287
internal_count=17050 2356 14694 733 7977 5412 1623 2565 6717 6454 2404 2356 2112 600 1512 1074 5326 3004 2322 2184 1573 1287
is_linear=0
shrinkage=0.035


Tree=95
num_leaves=23
num_cat=0
split_feature=9 15 12 22 12 18 21 21 17 17 12 16 5 1 21 5 1 5 9 1 18 25
split_gain=56.5205 14.4442 10.948 3.96879 3.09388 2.93284 6.5668 8.81214 6.17859 4.89549 2.59175 2.56018 2.77183 2.39547 2.31657 2.8905 3.36062 2.27234 2.18828 2.01594 2.5053 2.59261
threshold=1.3566482833550577 0.68139097744360921 2.5727776279586263 34795.000000000007 1.0945553872080129 1.0000000180025095e-35 4.5000000000000009 2.5000000000000004 1.0000000180025095e-35 1.0000000180025095e-35 6.1306865385641736 1.0000000180025095e-35 11.827380952380954 12.996151141142256 3.5000000000000004 22.052447947677845 20.503494464828545 7.2326461957764456 7.1812704906524027 0.97613398113309346 1.0000000180025095e-35 729.50000000000011
decision_type=2 2 2 2 2 2 2 2 2 2 2 2 2 2 2 2 2 2 2 2 2 2
left_child=1 4 19 -3 -1 9 7 -7 10 11 -9 14 13 -13 18 16 17 -16 -4 -2 21 -21
right_child=2 3 5 -5 -6 6 -8 8 -10 -11 -12 12 -14 -15 15 -17 -18 -19 -20 20 -22 -23
leaf_value=-0.0087395053272000412 0.001121304716850783 -0.0063184807343253362 -0.0089922644867606975 -0.0064609063829817849 -0.0041697309455299486 -0.035470003077479474 -0.03145020264362898 0.043427043575892027 -0.026239084617683119 0.017423005465770736 0.21581771331881647 0.079642655962058551 0.24329437053250058 -0.07687221592634802 -0.017380576855037921 0.016722820928846558 -0.043904490631115324 -0.00091855011117201188 0.0084167899698462337 -0.0035681206624519138 0.0012271661453631189 0.00092216739256933088
leaf_weight=1347 555 218 498 520 311 125 131 381 68 2220 159 48 88 57 333 263 151 699 3020 4310 714 916
leaf_count=1347 555 218 498 520 311 125 131 381 68 2220 159 48 88 57 333 263 151 699 3020 4310 714 916
internal_value=-0.000668874 -0.00564869 0.000141273 -0.00972746 -0.00379886 0.000988964 0.00292002 0.00422087 0.00596656 0.000758602 0.00722477 0.000162728 0.00406566 0 3.52184e-06 -0.00116988 -0.00191498 -0.00116442 0.000491768 -0.000931538 -0.00112153 -0.00138836
internal_weight=17132 2396 14736 738 1658 8241 864 733 608 7377 540 5157 193 105 4964 1446 1183 1032 3518 6495 5940 5226
internal_count=17132 2396 14736 738 1658 8241 864 733 608 7377 540 5157 193 105 4964 1446 1183 1032 3518 6495 5940 5226
is_linear=0
shrinkage=0.035


Tree=96
num_leaves=23
num_cat=0
split_feature=9 22 2 22 9 22 22 1 20 16 11 20 20 20 21 21 21 20 20 5 17 25
split_gain=50.97 16.6533 10.9883 6.21406 3.75128 3.47486 4.137 3.10775 3.0646 3.04097 2.65277 2.62624 4.91014 5.09495 3.86521 2.97805 2.82033 3.6315 2.81653 2.60019 2.38964 2.28312
threshold=1.3566482833550577 34795.000000000007 5.8887296755550986 54348.000000000007 0.92978902904902838 28242.500000000004 32208.500000000004 36.500000000000007 26.500000000000004 1.0000000180025095e-35 8.2969527007627129 25.500000000000004 11.500000000000002 6.5000000000000009 1.5000000000000002 3.5000000000000004 2.5000000000000004 26.500000000000004 2.5000000000000004 24.170466578992038 1.0000000180025095e-35 430.00000000000006
decision_type=2 2 2 2 2 2 2 2 2 2 2 2 2 2 2 2 2 2 2 2 2 2
left_child=1 8 -2 -3 -5 7 20 9 -1 11 -8 12 13 18 -15 21 17 -13 -4 -17 -7 -14
right_child=2 3 5 4 -6 6 10 -9 -10 -11 -12 16 15 14 -16 19 -18 -19 -20 -21 -22 -23
leaf_value=-0.0073883109134046552 -0.0022523715223168143 -0.0062347746595774224 0.027708326452726358 0.0035328145136329383 -0.0038237549856306088 -0.011717578974479262 0.007833748457547092 -0.061161750310807048 0.0034662283815702186 0.2469386589372484 -0.038626187851414688 0.10644288927798475 0.019386023742240559 -0.0016710063653317909 0.098128196799202774 -0.031062846068082416 0.076609472034918122 -0.002049968048754507 -0.005185012154268592 0.00874001188903069 0.006576792198354893 -0.0091056808432870857
leaf_weight=1297 6752 554 213 75 281 621 3326 113 191 108 182 54 669 118 496 296 273 243 547 93 223 444
leaf_count=1297 6752 554 213 75 281 621 3326 113 191 108 182 54 669 118 496 296 273 243 547 93 223 444
internal_value=-0.000741819 -0.00546921 2.60558e-05 -0.00919945 -0.00538089 0.000902916 0.000228942 0.00169662 -0.00315305 0.00188325 0.000762169 0.00168864 0.00124523 0.00275381 0.00511712 -0.000127737 0.00386522 0.00139073 0.000800654 -0.00275381 -0.00195819 0.000782648
internal_weight=17169 2398 14771 910 356 8019 4352 3667 1488 3554 3508 3446 2876 1374 614 1502 570 297 760 389 844 1113
internal_count=17169 2398 14771 910 356 8019 4352 3667 1488 3554 3508 3446 2876 1374 614 1502 570 297 760 389 844 1113
is_linear=0
shrinkage=0.035


Tree=97
num_leaves=23
num_cat=0
split_feature=9 22 9 22 16 7 24 1 5 1 22 11 18 17 3 17 1 11 0 14 8 8
split_gain=49.8865 14.2927 6.98654 5.21865 3.57149 2.61735 2.97729 2.12839 2.86663 2.08739 2.2027 2.27431 2.38596 3.00242 2.31029 2.13295 2.15071 2.00985 1.86782 1.74481 1.61965 1.55809
threshold=1.3566482833550577 34795.000000000007 10.507034530153202 54348.000000000007 1.0000000180025095e-35 11.002915714721178 12965.500000000002 29.073923966709916 10.946439606378263 0.97613398113309346 54348.000000000007 1.2838814775327398 1.0000000180025095e-35 1.0000000180025095e-35 11.00884074265187 1.0000000180025095e-35 3.9805079009487661 0.75955452531275025 2.2067564465434555 0.20714285714285716 10.142949051805648 0.43179375919907664
decision_type=2 2 2 2 2 2 2 2 2 2 2 2 2 2 2 2 2 2 2 2 2 2
left_child=1 21 5 -3 -4 6 9 8 -6 -2 11 -11 13 -13 19 16 18 -5 -14 -15 -7 -1
right_child=2 3 4 17 7 20 -8 -9 -10 10 -12 12 15 14 -16 -17 -18 -19 -20 -21 -22 -23
leaf_value=-0.0082573778625818911 0.0016927897014556716 -0.0060165575464922131 0.0096499971432751786 0.0030092905057581922 0.077769459278732564 -0.0038342355623279261 0.018692879198465944 -0.011167593818165972 0.28544244911440186 -0.0065547073501838176 -0.018359262842311454 -0.0034143153575551814 0.0038137691321100458 -0.00054699604646466285 0.042010063402947447 -0.0066850471373440428 0.0063255178301468143 -0.0038072924720670234 0.015293426537762696 0.004685253496888365 -0.035205594938180457 -0.0057657864707133357
leaf_weight=462 582 539 4838 46 56 98 610 50 95 1303 160 4244 87 1514 115 109 485 286 152 130 108 1013
leaf_count=462 582 539 4838 46 56 98 610 50 95 1303 160 4244 87 1514 115 109 485 286 152 130 108 1013
internal_value=-0.000736379 -0.00547108 1.78075e-05 -0.00902968 0.00107554 -0.000530303 -0.000442291 0.0056068 0.00762821 -0.000606572 -0.000750241 -0.000666135 -0.000406739 -0.000652463 0.000555556 0.00133652 0.00204047 -0.00534866 0.00473361 0.000201637 -0.00439573 -0.00333446
internal_weight=17082 2346 14736 871 5039 9697 9491 201 151 8881 8299 8139 6836 6003 1759 833 724 332 239 1644 206 1475
internal_count=17082 2346 14736 871 5039 9697 9491 201 151 8881 8299 8139 6836 6003 1759 833 724 332 239 1644 206 1475
is_linear=0
shrinkage=0.035


Tree=98
num_leaves=23
num_cat=0
split_feature=9 22 3 9 9 20 20 20 21 20 20 20 9 10 21 20 10 21 21 20 6 21
split_gain=49.0712 13.2002 9.18717 5.23555 3.56881 3.15647 5.32203 8.08422 6.95621 4.55246 3.7779 7.21168 3.52675 3.12552 2.87267 2.76611 2.72661 2.54439 5.85973 4.26394 2.42575 2.34747
threshold=1.3566482833550577 34795.000000000007 9.4660690456137484 0.57332179065277356 0.92978902904902838 23.500000000000004 11.500000000000002 6.5000000000000009 1.5000000000000002 3.5000000000000004 30.500000000000004 29.500000000000004 13.358395989974939 1.3801311186847085 2.5000000000000004 27.500000000000004 3.9460649476951732 4.5000000000000009 3.5000000000000004 8.5000000000000018 16.940434238785283 3.5000000000000004
decision_type=2 2 2 2 2 2 2 2 2 2 2 2 2 2 2 2 2 2 2 2 2 2
left_child=1 15 13 -3 -5 6 7 9 -9 12 11 -7 16 -2 -14 -1 -4 18 20 -19 -10 -8
right_child=2 3 5 4 -6 10 21 8 17 -11 -12 -13 14 -15 -16 -17 -18 19 -20 -21 -22 -23
leaf_value=-0.0068427570876708624 -0.0043764180294661699 -0.0058059780323649855 0.011256698171958034 0.0034451927862874081 -0.0035593357337927937 0.02471961491189395 0.003414462146284887 -0.014466461304403114 0.095475934773072549 -0.015850450802364541 -0.032520025717587053 0.26808269088903391 0.096174378310111566 -0.00043161952177640079 0.020266579629240857 0.0041265871475582644 -0.046497203543046123 0.09339860893632676 0.15898016517471969 -0.066009568267526686 0.018199081672214564 -0.016583656634843218
leaf_weight=1321 2712 541 97 70 276 940 1429 191 232 573 77 111 79 6795 280 149 54 104 228 45 208 581
leaf_count=1321 2712 541 97 70 276 940 1429 191 232 573 77 111 79 6795 280 149 54 104 228 45 208 581
internal_value=-0.000650953 -0.00533446 9.85347e-05 -0.00871076 -0.00513533 0.00127723 0.000818315 0.00205391 0.00430158 -3.21691e-05 0.00291924 0.00348011 0.00234466 -0.000548255 0.00423077 -0.00326271 -0.00201923 0.0057056 0.00663076 0.00136364 0.00412921 -0.000460298
internal_weight=17093 2357 14736 887 346 5229 4101 2091 1008 1083 1128 1051 510 9507 359 1470 151 817 668 149 440 2010
internal_count=17093 2357 14736 887 346 5229 4101 2091 1008 1083 1128 1051 510 9507 359 1470 151 817 668 149 440 2010
is_linear=0
shrinkage=0.035


Tree=99
num_leaves=23
num_cat=0
split_feature=15 11 20 20 20 4 4 20 20 17 20 9 12 23 3 18 20 0 17 20 18 23
split_gain=50.2965 13.5971 5.27408 5.357 8.2074 8.79436 5.2159 4.34255 6.42832 4.29905 4.11174 3.8712 3.55327 3.36994 3.36475 3.11475 4.60231 3.0742 3.05461 3.02768 5.84915 2.84125
threshold=0.68139097744360921 1.762016913337098 25.500000000000004 11.500000000000002 7.5000000000000009 7.0056524229269748 4.0075510609739959 30.500000000000004 29.500000000000004 1.0000000180025095e-35 10.500000000000002 1.3566482833550577 1.1069254434621634 40250.000000000007 33.500000000000007 1.0000000180025095e-35 9.5000000000000018 14.999072958688698 1.0000000180025095e-35 9.5000000000000018 1.0000000180025095e-35 46750.000000000007
decision_type=2 2 2 2 2 2 2 2 2 2 2 2 2 2 2 2 2 2 2 2 2 2
left_child=1 11 3 4 14 6 -6 8 -4 19 15 12 -1 -2 -3 16 -11 -10 -5 20 -7 -8
right_child=13 2 7 18 5 9 21 -9 17 10 -12 -13 -14 -15 -16 -17 -18 -19 -20 -21 -22 -23
leaf_value=-0.0063721924166871254 -0.0053102383033959387 -0.0012782994081721988 0.014602939237200144 -0.0074682405582333893 0.024686878712638631 0.19153775340336693 0.002639176448956209 -0.016521871606132939 0.032863001279005988 0.0066913128674454302 -0.079754188589338568 -0.0020905679367433242 -0.003549460484861924 -0.0056027688012322109 0.14738889032613747 -0.012194647812623055 0.21756361574941455 0.27696699264071101 0.0031775412232154725 0.15524873624581315 0.0094267494575968423 -0.023792178535194039
leaf_weight=1374 214 2937 1247 3312 222 144 358 154 141 57 58 3952 256 524 65 54 62 99 1320 148 197 214
leaf_count=1374 214 2937 1247 3312 222 144 358 154 141 57 58 3952 256 524 65 54 62 99 1320 148 197 214
internal_value=-0.000678976 -0.000273571 0.000450713 0.000120452 0.000979319 0.00307604 0.000503755 0.00227521 0.00286193 0.00586552 0.00177966 -0.00167577 -0.00311468 -0.00958614 -7.56568e-05 0.00452247 0.00762097 0.00807143 -0.000713284 0.00772267 0.00566474 -0.0012435
internal_weight=17109 16371 10789 9148 4516 1514 794 1641 1487 720 231 5582 1630 738 3002 173 119 240 4632 489 341 572
internal_count=17109 16371 10789 9148 4516 1514 794 1641 1487 720 231 5582 1630 738 3002 173 119 240 4632 489 341 572
is_linear=0
shrinkage=0.035


Tree=100
num_leaves=23
num_cat=0
split_feature=9 2 9 22 3 20 21 20 20 20 3 20 21 21 20 1 13 20 2 9 7 20
split_gain=50.5306 12.886 6.25735 5.27933 4.18035 3.30075 2.43326 4.12404 2.88351 2.58227 2.22875 2.22789 2.7966 3.03921 2.58964 2.20779 2.17726 2.11738 2.49344 2.91084 2.08193 1.79491
threshold=0.3956951516321271 5.8887296755550986 1.3566482833550577 34795.000000000007 15.022525042907136 27.500000000000004 1.5000000000000002 27.500000000000004 16.500000000000004 22.500000000000004 2.6090985782424796 30.500000000000004 2.5000000000000004 3.5000000000000004 29.500000000000004 3.1593164340055768 1.0000000180025095e-35 29.500000000000004 33.500000000000007 24.043050911137353 2.9725620361411011 1.5000000000000002
decision_type=2 2 2 2 2 2 2 2 2 2 2 2 2 2 2 2 2 2 2 2 2 2
left_child=3 2 5 -1 -3 -2 -4 8 10 -10 16 12 -9 -14 -15 -12 -8 18 19 -6 -17 -18
right_child=1 4 6 -5 17 -7 7 11 9 -11 15 -13 13 14 -16 20 21 -19 -20 -21 -22 -23
leaf_value=-0.006415356967557787 -0.0061600461399036804 0.00085085478874739277 -0.0075875621965425426 -0.0054066718931890835 0.017044684977609751 0.0065653015958086524 -0.0079553433300436592 -0.0020908267200259226 -0.0096183210061255645 -0.00059855506029632421 0.0059873962005933586 -0.0071538299460555442 0.047952899545718915 -0.005011613194881216 0.037542049949543958 -0.013761407582992539 0.01202187682553906 0.10869735895860552 -0.031486442197509082 0.065857418825580882 0.00086871579453076566 -0.00050943126750799261
leaf_weight=318 1367 5233 1812 526 2134 139 588 104 950 777 771 57 146 112 45 71 51 94 167 400 580 667
leaf_count=318 1367 5233 1812 526 2134 139 588 104 950 777 771 57 146 112 45 71 51 94 167 400 580 667
internal_value=-0.000723969 -0.000288261 -0.00126122 -0.00904888 0.000708017 -0.00330079 -0.000800178 -0.000390942 -0.000721973 -0.00183891 -6.40322e-06 0.00272388 0.00365291 0.00534091 0.0017284 0.000944289 -0.00105454 0.0018 0.00160384 0.00188165 -0.000533537 0.000217842
internal_weight=17109 16265 8237 844 8028 1506 6731 4919 4455 1727 2728 464 407 303 157 1422 1306 2795 2701 2534 651 718
internal_count=17109 16265 8237 844 8028 1506 6731 4919 4455 1727 2728 464 407 303 157 1422 1306 2795 2701 2534 651 718
is_linear=0
shrinkage=0.035


Tree=101
num_leaves=23
num_cat=0
split_feature=9 11 22 9 22 9 1 16 9 8 7 9 0 25 6 17 6 16 1 3 22 6
split_gain=50.7991 11.3437 7.55546 5.66942 4.03778 3.58088 3.29403 4.12968 2.92658 2.57566 2.73725 2.17474 2.15102 2.12277 1.83778 1.81923 2.49766 1.81456 5.72674 2.21391 1.78099 1.77333
threshold=0.3956951516321271 1.762016913337098 34795.000000000007 17.384285681935161 54348.000000000007 0.92978902904902838 33.500000000000007 1.0000000180025095e-35 0.69236835154341714 24.24880952380953 28.467699617561198 2.2400445813187457 1.9717784752471823 324.00000000000006 28.125319265124826 1.0000000180025095e-35 34.129284693525193 1.0000000180025095e-35 12.996151141142256 2.6090985782424796 31797.000000000004 1.1428467635660768
decision_type=2 2 2 2 2 2 2 2 2 2 2 2 2 2 2 2 2 2 2 2 2 2
left_child=2 4 -1 17 8 -6 7 9 -2 15 14 13 -13 21 -11 -5 -17 -3 19 -19 -21 -10
right_child=1 3 -4 6 5 -7 -8 -9 11 10 -12 12 -14 -15 -16 16 -18 18 -20 20 -22 -23
leaf_value=-0.0048998424689125578 -0.012492612773325711 -0.00018345891100920222 -0.0052174383769274654 0.0072076609639383808 0.0035888573728061787 -0.0047996199883578805 -0.0098291083307091315 0.39962151224018544 -0.0024964531013374671 0.064101039631340451 -0.0012549976725620483 -0.010869439655080238 -0.0032180733664310826 0.0012240126355169945 0.12170496450361087 0.057962670708684161 -0.01715729100589105 -0.0095482880656018402 -0.067802406368999271 0.031510773987416009 0.093266486633785811 0.00022927001996098984
leaf_weight=347 626 7956 546 1351 78 454 226 91 614 282 111 429 1741 678 70 464 51 46 76 58 92 862
leaf_count=347 626 7956 546 1351 78 454 226 91 614 282 111 429 1741 678 70 464 51 46 76 58 92 862
internal_value=-0.000586241 -0.00014012 -0.00869154 0.000513145 -0.0014384 -0.00433426 0.00192097 0.00230206 -0.00111958 0.00199443 0.00433761 -0.000788288 -0.00156897 0 0.00583333 0.00139364 0.00316346 5.7391e-05 0.00284296 0.00600746 0.00801613 -0.000744429
internal_weight=17249 16356 893 10874 5482 532 2646 2420 4950 2329 463 4324 2170 2154 352 1866 515 8228 272 196 150 1476
internal_count=17249 16356 893 10874 5482 532 2646 2420 4950 2329 463 4324 2170 2154 352 1866 515 8228 272 196 150 1476
is_linear=0
shrinkage=0.035


Tree=102
num_leaves=23
num_cat=0
split_feature=9 22 2 22 9 8 20 21 20 16 2 1 1 22 21 20 1 6 9 9 11 17
split_gain=49.6432 11.132 11.1027 5.07035 3.66288 3.38639 3.16693 6.14098 4.73054 2.65518 3.6903 2.85112 2.49427 2.80344 2.39195 2.56638 2.25623 2.11801 2.62858 2.05153 2.18466 1.96052
threshold=0.53708791208791218 34795.000000000007 5.172349027628159 54348.000000000007 0.92978902904902838 24.24880952380953 27.500000000000004 2.5000000000000004 30.500000000000004 1.0000000180025095e-35 10.095760798250753 21.965076773329255 1.2739059848253513 31488.000000000004 3.5000000000000004 29.500000000000004 11.852133989485408 1.6568908723441151 2.1436720521541957 1.3566482833550577 1.0860019357503572 1.0000000180025095e-35
decision_type=2 2 2 2 2 2 2 2 2 2 2 2 2 2 2 2 2 2 2 2 2 2
left_child=1 -1 3 6 -5 9 17 12 14 21 16 -12 -8 -14 -9 -16 -11 -2 19 20 -19 -4
right_child=2 -3 5 4 -6 -7 7 8 -10 10 11 -13 13 -15 15 -17 -18 18 -20 -21 -22 -23
leaf_value=-0.00726076139155548 -0.0052847531326001094 -0.0050348280337350051 0.00021197489552558403 0.0035404009243090871 -0.0048902752832149145 0.05149590267569009 0.0046277239396931048 0.044754037538830671 -0.0093107662005627416 0.043832546283171007 0.20153026650996783 0.0050134648963839727 -0.016596200478240931 0.0018858446642896001 -0.0032985179819932189 0.033847886582935131 -0.084741249226427562 -6.0384024348435489e-05 -0.003168781111298279 0.001102586326385523 -0.011927355353769686 0.010393077701133851
leaf_weight=638 1569 561 5283 67 476 551 88 160 61 58 99 47 131 87 109 54 50 214 3976 831 71 1996
leaf_count=638 1569 561 5283 67 476 551 88 160 61 58 99 47 131 87 109 54 50 214 3976 831 71 1996
internal_value=-0.000733326 -0.00758721 -0.000215698 -0.00114983 -0.00440693 0.000694462 -0.000904024 0.00133453 0.00427378 0.000496816 0.00398649 0.00753311 -0.00230707 -0.00431614 0.00597561 0.00270833 -0.000774336 -0.00113936 -0.000786247 0.000702498 -0.00181034 0.000369989
internal_weight=17177 1199 15978 7894 543 8084 7351 690 384 7533 254 146 306 218 323 163 108 6661 5092 1116 285 7279
internal_count=17177 1199 15978 7894 543 8084 7351 690 384 7533 254 146 306 218 323 163 108 6661 5092 1116 285 7279
is_linear=0
shrinkage=0.035


Tree=103
num_leaves=23
num_cat=0
split_feature=8 22 12 16 22 22 24 1 12 15 20 20 20 12 0 20 20 20 20 17 20 20
split_gain=47.2645 11.6903 10.7575 3.77582 3.65688 3.18366 2.3505 2.7935 2.54005 2.89683 2.23423 2.70499 2.5536 2.30835 2.36858 2.08391 1.96502 2.50026 3.66666 2.68878 2.09027 3.58951
threshold=0.5723960849627322 34795.000000000007 2.0156931096332822 1.0000000180025095e-35 48992.500000000007 15527.500000000002 1706.5000000000002 33.500000000000007 2.3500135178256505 0.069047619047619066 11.500000000000002 25.500000000000004 6.5000000000000009 10.450532250253669 27.944847149584415 2.5000000000000004 23.500000000000004 30.500000000000004 29.500000000000004 1.0000000180025095e-35 11.500000000000002 7.5000000000000009
decision_type=2 2 2 2 2 2 2 2 2 2 2 2 2 2 2 2 2 2 2 2 2 2
left_child=1 -1 4 5 -2 6 8 10 -4 -10 12 13 15 14 -12 -8 20 18 -18 -20 21 -7
right_child=2 -3 3 -5 -6 16 7 -9 9 -11 11 -13 -14 -15 -16 -17 17 -19 19 -21 -22 -23
leaf_value=-0.0070066347428510379 -0.0019494875713224127 -0.0048586090525542793 0.0032727467863843487 0.063642540521459456 -0.0030186240497707818 -0.0019700807590230874 0.075490116628350423 -0.011496214652116185 -0.031036193102951082 0.0024116628514595697 0.0015320338130637358 0.059882528314179798 0.10228388348010876 0.099638587071237558 -0.07500996972201901 -0.0014002511777121819 0.0063408049952679594 -0.02527939941203761 0.030421272724453854 0.2294002398765041 -0.0047289270001068442 0.019316768673449666
leaf_weight=752 5181 554 143 373 550 2153 119 125 66 68 537 249 278 64 60 209 1422 110 107 53 2869 1057
leaf_count=752 5181 554 143 373 550 2153 119 125 66 68 537 249 278 64 60 209 1422 110 107 53 2869 1057
internal_value=-0.000675281 -0.0070614 -0.000144006 0.000544104 -0.0013546 0.000407984 0.00168357 0.00219016 -0.00124113 -0.00465827 0.00261177 0.00147268 0.00426759 0.000262763 -0.000406977 0.00204955 9.00206e-05 0.00114467 0.00151071 0.0064697 -0.000201348 0.000408243
internal_weight=17099 1306 15793 10062 5731 9689 1918 1641 277 134 1516 910 606 661 597 328 7771 1692 1582 160 6079 3210
internal_count=17099 1306 15793 10062 5731 9689 1918 1641 277 134 1516 910 606 661 597 328 7771 1692 1582 160 6079 3210
is_linear=0
shrinkage=0.035


Tree=104
num_leaves=23
num_cat=0
split_feature=15 12 9 22 16 14 5 1 20 21 20 20 20 20 21 20 21 20 20 21 21 17
split_gain=49.5809 11.4298 4.695 3.51427 3.40489 3.40037 3.31585 2.87599 2.66051 3.53182 4.1967 9.53291 3.0491 2.66704 6.23614 5.69771 18.352 6.18021 4.2283 3.96853 3.48186 5.01768
threshold=0.68139097744360921 2.5727776279586263 1.394122775479413 34795.000000000007 1.0000000180025095e-35 0.29285714285714287 12.996151141142256 13.714261283220216 25.500000000000004 2.5000000000000004 30.500000000000004 29.500000000000004 26.500000000000004 11.500000000000002 3.5000000000000004 7.5000000000000009 2.5000000000000004 9.5000000000000018 8.5000000000000018 4.5000000000000009 2.5000000000000004 1.0000000180025095e-35
decision_type=2 2 2 2 2 2 2 2 2 2 2 2 2 2 2 2 2 2 2 2 2 2
left_child=1 2 -1 -2 8 -4 7 -6 13 12 11 -11 -10 15 -15 20 -17 18 -18 -20 -3 -22
right_child=3 4 5 -5 6 -7 -8 -9 9 10 -12 -13 -14 14 -16 16 17 -19 19 -21 21 -23
leaf_value=-0.0053564176875525128 -0.0042289891177963897 0.016882930397332484 -0.0017335176610148342 -0.00468855773571488 0.071197867522570388 0.017093883940415399 0.23000802146524044 -0.070163643235253897 0.042532741378098982 0.020380550235107438 -0.026385500253416724 0.22106598626709398 -0.0086461819159848654 0.0042117709982263923 -0.016883054316813747 -0.017194312716558705 0.089466190940295953 0.13866720582456959 0.04917085309358725 -0.078306459068705619 -0.01382221976138328 0.027666651841695544
leaf_weight=1739 218 708 6283 521 100 109 127 75 117 515 67 133 471 2551 968 493 189 247 121 65 969 373
leaf_count=1739 218 708 6283 521 100 109 127 75 117 515 67 133 471 2551 968 493 189 247 121 65 969 373
internal_value=-0.000664763 -0.000263166 -0.00119592 -0.00950269 0.000649867 -0.000752306 0.00427524 0.000972222 0.000508008 0.00195336 0.00359722 0.0044755 -2.9511e-05 0.00022238 -0.000437003 0.000960568 0.00296875 0.00694976 0.00396053 9.1623e-05 -0.000127737 -0.00118226
internal_weight=17159 16420 8131 739 8289 6392 302 175 7987 1303 715 648 588 6684 3519 3165 1115 622 375 186 2050 1342
internal_count=17159 16420 8131 739 8289 6392 302 175 7987 1303 715 648 588 6684 3519 3165 1115 622 375 186 2050 1342
is_linear=0
shrinkage=0.035


Tree=105
num_leaves=23
num_cat=0
split_feature=9 22 5 20 20 21 20 21 20 20 20 21 3 3 20 22 14 21 6 12 20 20
split_gain=52.967 11.2265 8.10203 3.1246 7.41811 6.51815 5.8417 5.19778 4.58016 4.22413 4.0967 5.07 3.25713 3.2374 4.46568 3.08633 2.45018 2.18843 1.80991 2.57907 2.16293 3.45015
threshold=0.57332179065277356 34795.000000000007 8.1342290082565736 11.500000000000002 7.5000000000000009 2.5000000000000004 9.5000000000000018 2.5000000000000004 22.500000000000004 10.500000000000002 8.5000000000000018 4.5000000000000009 12.600843035355068 34.129284693525193 3.5000000000000004 54348.000000000007 0.48076923076923084 4.5000000000000009 3.2043185905978562 3.3870657989300579 4.5000000000000009 2.5000000000000004
decision_type=2 2 2 2 2 2 2 2 2 2 2 2 2 2 2 2 2 2 2 2 2 2
left_child=1 -1 15 4 7 9 10 -4 -5 -6 17 -12 -10 14 -9 18 -17 -7 19 -2 21 -20
right_child=2 -3 3 8 5 6 -8 13 12 -11 11 -13 -14 -15 -16 16 -18 -19 20 -21 -22 -23
leaf_value=-0.0066133879077283778 -0.001787409455637617 -0.0045244582149648587 0.052924165597414342 -0.0069971215593041406 0.049133619719506735 0.10537904604860619 0.17272367415662121 0.010089388720238334 -0.00018300976893239175 -0.091475818260973799 0.066088422211802736 -0.090781828601500705 0.034887684640523831 0.16917503054281535 -0.021424448881975356 -0.0035012901464573326 0.0037740128278620066 0.22128294812841334 0.0017687989854000459 -0.03326017383328881 0.00054221199327638976 -0.019575134817934964
leaf_weight=730 4010 538 300 1628 130 73 174 522 652 47 95 45 844 47 489 504 51 49 410 50 5214 465
leaf_count=730 4010 538 300 1628 130 73 174 522 652 47 95 45 844 47 489 504 51 49 410 50 5214 465
internal_value=-0.000596591 -0.00746465 -4.2078e-05 0.0011049 0.00219636 0.00538026 0.00765873 0.000731842 0.000408277 -0.000192308 0.00412921 0 0.00180713 -0.000411571 -0.00086122 -0.000589924 -0.003125 0.0086811 -0.000448099 -0.0010203 -6.31769e-05 -0.00167045
internal_weight=17067 1268 15799 5095 1971 613 436 1358 3124 177 262 140 1496 1058 1011 10704 555 122 10149 4060 6089 875
internal_count=17067 1268 15799 5095 1971 613 436 1358 3124 177 262 140 1496 1058 1011 10704 555 122 10149 4060 6089 875
is_linear=0
shrinkage=0.035


Tree=106
num_leaves=23
num_cat=0
split_feature=9 22 5 22 16 9 20 20 20 20 21 21 1 20 3 20 21 21 10 1 20 20
split_gain=48.1349 13.2147 7.81357 6.11041 4.27302 3.01424 2.66563 6.13379 3.41145 5.90301 4.93017 3.02196 2.70374 2.51051 2.48905 3.59345 3.24204 3.36101 2.04193 1.88385 1.80364 2.51612
threshold=0.57332179065277356 34795.000000000007 11.827380952380954 54348.000000000007 1.0000000180025095e-35 1.0014611999653302 29.500000000000004 30.500000000000004 11.500000000000002 7.5000000000000009 2.5000000000000004 2.5000000000000004 21.965076773329255 14.500000000000002 34.129284693525193 4.5000000000000009 4.5000000000000009 3.5000000000000004 3.1620382566543399 19.556552062598733 3.5000000000000004 5.5000000000000009
decision_type=2 2 2 2 2 2 2 2 2 2 2 2 2 2 2 2 2 2 2 2 2 2
left_child=1 -1 3 -2 6 -5 8 -8 9 11 -11 20 -12 -10 15 18 17 -17 -13 -6 -4 -22
right_child=2 -3 4 5 19 -7 7 -9 13 10 12 14 -14 -15 -16 16 -18 -19 -20 -21 21 -23
leaf_value=-0.0063819193309578841 -0.0011143279180494648 -0.0043661021774410889 0.085704272367816484 0.0002104020323489392 0.24462403315172493 -0.0046295537329350215 0.22412566401427081 -0.022450682822723177 -0.021688718241694393 -0.0056664808920390188 0.08674911314341209 0.045880925676766486 0.21046173530262363 0.0026388298322759245 0.13614417480189198 -0.056474005883907594 -0.075473278461595156 0.049271460697958347 -0.0011880212705616346 0.08621719227652791 -0.048303774093156976 0.098745216697525187
leaf_weight=737 11516 546 93 121 61 420 114 58 252 114 212 74 90 1800 48 83 96 68 410 85 62 55
leaf_count=737 11516 546 93 121 61 420 114 58 252 114 212 74 90 1800 48 83 96 68 410 85 62 55
internal_value=-0.000639895 -0.00714674 -0.000109396 -0.000545515 0.00127778 -0.00416667 0.00103054 0.00524011 0.000808781 0.00213475 0.00561164 0.000633803 0.00792345 -9.35829e-05 -0.000357143 -0.000903533 -0.00430556 -0.000897436 0.000823108 0.00706954 0.00431395 0.00114754
internal_weight=17115 1283 15832 12057 3775 541 3629 172 3457 1405 416 989 302 2052 779 731 247 151 484 146 210 117
internal_count=17115 1283 15832 12057 3775 541 3629 172 3457 1405 416 989 302 2052 779 731 247 151 484 146 210 117
is_linear=0
shrinkage=0.035


Tree=107
num_leaves=23
num_cat=0
split_feature=15 12 22 5 1 8 16 23 8 4 10 20 7 20 3 7 4 20 20 20 21 24
split_gain=47.595 9.49458 4.69883 3.43334 3.36622 3.22575 2.80068 2.78275 2.40199 2.05951 2.5665 1.95809 2.07221 2.27905 1.98884 2.84758 2.47291 1.89618 2.98825 2.64674 4.76754 2.11001
threshold=0.68139097744360921 2.0156931096332822 34795.000000000007 15.945025446116915 33.500000000000007 0.5723960849627322 1.0000000180025095e-35 61700.000000000007 1.0027227233636931 10.786321963483829 4.7559486560567157 25.500000000000004 20.172203644549398 27.500000000000004 20.503494464828545 28.467699617561198 21.011946453809166 23.500000000000004 30.500000000000004 29.500000000000004 2.5000000000000004 7066.5000000000009
decision_type=2 2 2 2 2 2 2 2 2 2 2 2 2 2 2 2 2 2 2 2 2 2
left_child=1 5 -2 17 6 -1 9 -7 -9 10 -5 14 13 -13 -11 16 -16 -3 19 21 -21 -19
right_child=2 3 -4 4 -6 7 -8 8 -10 11 -12 12 -14 -15 15 -17 -18 18 -20 20 -22 -23
leaf_value=-0.0084182124925917933 -0.0036261387453194968 -0.00094481269033600782 -0.0042132886012306503 -0.025215768883807638 -0.016472900593341288 -0.0014672069129046219 0.25175755429204089 0.0002030379612167277 -0.0053233039404753041 0.0046963443089152969 0.039941534357940199 0.063314287543003459 0.096008325148034895 -0.011334242398228033 0.015074702848413467 -0.027332850097345446 0.073465736233491521 0.015842653505651505 -0.022563383594796219 -0.0090168573420202468 0.11651457199819987 -0.0026375920149074084
leaf_weight=567 219 6015 517 202 184 5231 76 133 397 860 72 65 134 115 394 68 289 646 111 52 95 697
leaf_count=567 219 6015 517 202 184 5231 76 133 397 860 72 65 134 115 394 68 289 646 111 52 95 697
internal_value=-0.000604293 -0.000211177 -0.00928138 0.000454861 0.00159091 -0.00127388 0.00196491 -0.00101977 -0.00343458 0.00171506 -0.00106631 0.00212176 0.00466301 0.00198649 0.00160272 0.00291667 0.00361192 8.49626e-05 0.00115504 0.00158027 0.00598684 0.00106454
internal_weight=17139 16403 736 10075 2459 6328 2275 5761 530 2199 274 1925 314 180 1611 751 683 7616 1601 1490 147 1343
internal_count=17139 16403 736 10075 2459 6328 2275 5761 530 2199 274 1925 314 180 1611 751 683 7616 1601 1490 147 1343
is_linear=0
shrinkage=0.035


Tree=108
num_leaves=23
num_cat=0
split_feature=15 11 22 7 20 20 20 21 20 20 21 20 20 18 21 20 21 21 20 20 20 20
split_gain=45.7255 10.3947 4.43137 4.32772 2.95949 3.67 3.39573 6.1052 2.77169 3.71249 2.67094 5.45831 7.4638 5.07828 4.09855 3.64465 2.25478 5.48936 3.87153 5.84279 2.21375 2.75782
threshold=0.68139097744360921 1.2838814775327398 34795.000000000007 15.717747209918626 23.500000000000004 30.500000000000004 29.500000000000004 2.5000000000000004 16.500000000000004 6.5000000000000009 2.5000000000000004 11.500000000000002 9.5000000000000018 1.0000000180025095e-35 3.5000000000000004 14.500000000000002 4.5000000000000009 3.5000000000000004 8.5000000000000018 7.5000000000000009 18.500000000000004 20.500000000000004
decision_type=2 2 2 2 2 2 2 2 2 2 2 2 2 2 2 2 2 2 2 2 2 2
left_child=1 -1 -2 4 8 6 -6 -8 9 -3 13 12 16 -11 15 -13 17 -12 19 -18 -10 -22
right_child=2 3 -4 -5 5 -7 7 -9 20 10 11 14 -14 -15 -16 -17 18 -19 -20 -21 21 -23
leaf_value=-0.0047158617618975086 -0.0034992238892333142 -0.0038422756015377636 -0.0040658235001875776 0.016148677024185067 0.002427188393186053 -0.014612023497738087 -0.018384445042946233 0.094778383151724113 -0.013608173313239406 0.00031878171658650619 -0.0056661489728362605 -0.0049094679926304334 0.057518970570532124 -0.022655494531007993 -0.01654183349183469 0.029732570408193923 -0.026056231460810795 0.038382939525287312 -0.029599861966801658 0.06152412192616119 0.0018506670884989264 -0.0075594118382202877
leaf_weight=3094 223 2315 512 3081 1874 142 73 152 618 1490 225 224 326 162 399 151 71 249 85 73 654 984
leaf_count=3094 223 2315 512 3081 1874 142 73 152 618 1490 225 224 326 162 399 151 71 249 85 73 654 984
internal_value=-0.000664067 -0.000279838 -0.00917568 0.000142852 -0.000201032 0.000919412 0.00129753 0.00532609 -0.000516436 -0.000106061 0.000617052 0.00154867 0.00321567 -0.000390766 -0.000651476 0.00193421 0.00113701 0.00252088 -0.0016453 0.00176174 -0.00155573 -0.000862751
internal_weight=17177 16442 735 13348 10267 2241 2099 225 8026 5770 3455 1803 1029 1652 774 375 703 474 229 144 2256 1638
internal_count=17177 16442 735 13348 10267 2241 2099 225 8026 5770 3455 1803 1029 1652 774 375 703 474 229 144 2256 1638
is_linear=0
shrinkage=0.035


Tree=109
num_leaves=23
num_cat=0
split_feature=9 22 7 22 9 2 22 25 18 21 21 17 17 12 15 12 24 8 8 10 23 9
split_gain=46.5014 13.0967 5.17871 3.84255 3.65177 2.53049 2.20318 1.84769 1.81967 4.87941 7.01937 4.51706 2.42339 1.85282 2.3846 1.83162 3.1843 2.73599 1.9877 1.79342 1.72715 2.76354
threshold=0.57332179065277356 34795.000000000007 20.007492563953981 54348.000000000007 1.0014611999653302 36.500000000000007 48992.500000000007 210.50000000000003 1.0000000180025095e-35 4.5000000000000009 2.5000000000000004 1.0000000180025095e-35 1.0000000180025095e-35 1.0492520049945619 0.38795986622073586 4.8041526812563085 6315.0000000000009 12.792517006802724 15.00474509636665 6.1065269697972715 51350.000000000007 3.0716258664974467
decision_type=2 2 2 2 2 2 2 2 2 2 2 2 2 2 2 2 2 2 2 2 2 2
left_child=1 -1 3 6 -5 7 8 -4 12 10 -10 20 13 -2 15 18 17 -17 -15 -9 -12 -22
right_child=2 -3 5 4 -6 -7 -8 19 9 -11 11 -13 -14 14 -16 16 -18 -19 -20 -21 21 -23
leaf_value=-0.0059091644621650091 -0.0094934910506848831 -0.0039235196776810123 0.048595781180182436 0.0010452076789322397 -0.0040050301854125349 -0.044156578275941355 0.01096142137103414 0.048252871507335836 -0.015411499490385588 -0.01453703711417541 0.023278918616667234 -0.0084112144877853054 0.0010900902124848411 -0.0012813750248991452 0.0012432369848981895 0.045986493850937976 -0.031698162033709884 -0.012908856480521279 0.053747526471018915 -0.010176731248454206 -0.012649658234774102 0.017364977042098627
leaf_weight=728 494 530 987 126 422 144 994 211 312 191 593 91 3306 6047 50 82 484 661 146 328 58 119
leaf_count=728 494 530 987 126 422 144 994 211 312 191 593 91 3306 6047 50 82 484 661 146 328 58 119
internal_value=-0.000506312 -0.00696952 7.72822e-06 -0.000208554 -0.00306962 0.00184925 -9.11391e-05 0.00227466 -0.000217383 0.000984295 0.00184211 0.00347575 -0.000364745 -0.000696135 -0.000554849 -0.000610438 -0.00184659 -0.000374332 -0.000361407 0.000579044 0.00435806 0.00115385
internal_weight=17104 1258 15846 14176 548 1670 13628 1526 12634 1364 1173 861 11270 7964 7470 7420 1227 743 6193 539 770 177
internal_count=17104 1258 15846 14176 548 1670 13628 1526 12634 1364 1173 861 11270 7964 7470 7420 1227 743 6193 539 770 177
is_linear=0
shrinkage=0.035


Tree=110
num_leaves=23
num_cat=0
split_feature=14 22 22 5 20 20 21 21 20 20 20 20 20 20 7 10 20 21 21 2 4 12
split_gain=47.0514 10.4392 6.36969 4.25603 2.50316 8.36696 7.19855 5.18884 5.0267 4.35908 4.82244 3.86907 2.87139 6.72287 2.47149 3.19614 3.4966 4.07609 3.29701 2.35317 2.11853 2.10595
threshold=0.52272727272727282 34795.000000000007 54348.000000000007 8.2950862850224016 11.500000000000002 7.5000000000000009 2.5000000000000004 2.5000000000000004 22.500000000000004 9.5000000000000018 8.5000000000000018 10.500000000000002 30.500000000000004 29.500000000000004 28.467699617561198 8.4303861491954688 2.5000000000000004 3.5000000000000004 3.5000000000000004 18.955902356631452 31.032336348011363 5.9777162238917123
decision_type=2 2 2 2 2 2 2 2 2 2 2 2 2 2 2 2 2 2 2 2 2 2
left_child=2 -2 3 -1 5 7 11 19 21 10 -8 -7 13 20 15 16 17 -9 -18 -5 -10 -6
right_child=1 -3 -4 4 8 6 9 14 12 -11 -12 -13 -14 -15 -16 -17 18 -19 -20 -21 -22 -23
leaf_value=-0.00074199146785590257 -0.0057023437059892344 -0.0037861964889621775 -0.003911214555983894 0.028461503654041251 2.1374358956025577e-05 0.042607171693206734 0.16381814466650385 0.082445767435625289 0.0087524541168904346 0.14767804969372655 -0.00023905956836156153 -0.090555770856547535 -0.026690230635525992 0.1349779837224282 -0.066147179894745875 0.042962219839917215 -0.049244561436515746 -0.0069572858137391322 -0.0062202122051986126 0.10423225702215889 0.091650684964778004 -0.024777619309923032
leaf_weight=10247 722 553 543 178 951 130 127 104 1154 181 135 47 91 158 58 151 205 202 327 108 97 665
leaf_count=10247 722 553 543 178 951 130 127 104 1154 181 135 47 91 158 58 151 205 202 327 108 97 665
internal_value=-0.000517679 -0.00697266 2.20625e-06 0.000135925 0.000965708 0.00194842 0.005292 0.000366218 0.000342038 0.00765625 0.00452247 -0.000576923 0.00180233 0.00220297 -0.000765209 -0.000316901 -0.00118327 0.00174437 -0.00290037 0.00451031 0.00130971 -0.00100401
internal_weight=17134 1275 15859 15316 5069 1953 620 1333 3116 443 262 177 1500 1409 1047 989 838 306 532 286 1251 1616
internal_count=17134 1275 15859 15316 5069 1953 620 1333 3116 443 262 177 1500 1409 1047 989 838 306 532 286 1251 1616
is_linear=0
shrinkage=0.035


Tree=111
num_leaves=23
num_cat=0
split_feature=9 23 5 9 15 12 9 9 8 1 7 20 20 20 21 18 21 21 21 20 20 20
split_gain=48.7312 11.7923 5.19752 2.74498 3.33389 3.88316 3.3093 2.63019 4.3071 2.62075 2.50851 2.34058 2.17995 4.44443 9.47663 2.32972 5.29999 4.58569 6.58719 4.78094 4.89464 3.05108
threshold=0.53708791208791218 40250.000000000007 15.945025446116915 1.573233841878634 0.3585714285714286 0.69341176683614714 1.3566482833550577 0.8377192982456142 1.2132111502410419 33.500000000000007 19.8975866949656 26.500000000000004 30.500000000000004 29.500000000000004 2.5000000000000004 1.0000000180025095e-35 3.5000000000000004 2.5000000000000004 4.5000000000000009 11.500000000000002 28.500000000000004 2.5000000000000004
decision_type=2 2 2 2 2 2 2 2 2 2 2 2 2 2 2 2 2 2 2 2 2 2
left_child=1 -1 3 4 5 -2 -7 11 -9 10 -4 -6 13 15 -15 16 21 -17 19 -19 -21 -5
right_child=2 -3 9 12 7 6 -8 8 -10 -11 -12 -13 -14 14 -16 17 -18 18 -20 20 -22 -23
leaf_value=-0.0055027616762796105 0.014195114733950166 -0.0036536796118485011 0.0056720490814758809 0.012048750939544993 -0.012980624918402085 -0.0017170842434740671 -0.013941836389875381 0.0017232182509690076 -0.004055529370798245 -0.014133956865957932 0.04412698798477694 0.015095243224185628 -0.013649108150632092 -0.019858270514704002 0.089792966632526117 -0.016212892289272956 -0.0072591508194918839 0.037042163357655367 -0.014133688785393858 -0.0098169078395706072 0.028133270861999442 -0.00017017444159238005
leaf_weight=647 67 542 1248 443 363 516 435 149 52 168 1041 50 183 87 163 306 2664 454 171 191 95 7114
leaf_count=647 67 542 1248 443 363 516 435 149 52 168 1041 50 183 87 163 306 2664 454 171 191 95 7114
internal_value=-0.000595779 -0.00741625 -8.44034e-05 -0.000354975 -0.00169976 -0.00292522 -0.00351464 0.000310985 0.00356796 0.00139318 0.00170881 -0.00125598 -0.000167986 -0.00010626 0.00446078 -0.000209517 -0.000383337 0.00123159 0.00248362 0.00392282 0.000300687 8.79397e-05
internal_weight=17149 1189 15960 13503 1632 1018 951 614 201 2457 2289 413 11871 11688 250 11438 10221 1217 911 740 286 7557
internal_count=17149 1189 15960 13503 1632 1018 951 614 201 2457 2289 413 11871 11688 250 11438 10221 1217 911 740 286 7557
is_linear=0
shrinkage=0.035


Tree=112
num_leaves=23
num_cat=0
split_feature=15 9 22 10 9 14 23 16 1 23 15 12 23 5 21 20 21 20 20 24 20 17
split_gain=48.0884 9.0612 4.92434 4.07814 2.81357 2.46003 2.42112 2.24433 2.21103 2.10233 2.35468 2.06946 2.58452 2.04516 1.97434 4.9545 3.73069 5.14147 3.59506 2.43825 2.39427 2.3456
threshold=0.68139097744360921 1.394122775479413 34795.000000000007 0.75592894601845484 11.786321173507865 0.32051282051282054 62950.000000000007 1.0000000180025095e-35 21.965076773329255 21250.000000000004 0.051315789473684217 4.7503502577289867 42000.000000000007 18.955902356631452 2.5000000000000004 27.500000000000004 3.5000000000000004 30.500000000000004 29.500000000000004 4019.0000000000005 27.500000000000004 1.0000000180025095e-35
decision_type=2 2 2 2 2 2 2 2 2 2 2 2 2 2 2 2 2 2 2 2 2 2
left_child=1 -1 -2 9 5 13 7 11 -9 -3 -11 12 -6 14 20 21 17 19 -18 -17 -5 -16
right_child=2 3 -4 4 6 -7 -8 8 -10 10 -12 -13 -14 -15 15 16 18 -19 -20 -21 -22 -23
leaf_value=-0.004238155047532651 -0.0027777516085549631 -0.00058294383587880426 -0.0035258008254338037 -0.00094083349432268269 0.0060138284909841437 0.013096923147863492 -0.017119383744257744 0.2650224476444204 0.037413902441253179 -0.014011392678668912 -0.0054158667169147082 0.0056185549888909496 0.039954338966576547 -0.033057762593313583 -0.0013258673579679783 0.019619908823351715 -0.012245755145824991 -0.0021287832234490756 0.046974409514771685 0.091487583679285209 -0.011040112473497895 0.0027593024467984935
leaf_weight=1713 219 166 520 4106 394 103 150 82 90 143 134 3353 344 63 3325 70 151 71 73 161 454 1220
leaf_count=1713 219 166 520 4106 394 103 150 82 90 143 134 3353 344 63 3325 70 151 71 73 161 454 1220
internal_value=-0.000517534 -0.000120793 -0.00922043 0.000159981 0.000264685 -6.42726e-05 0.000998189 0.00115628 0.00504237 -0.003125 -0.00496454 0.000982666 0.00266151 -0.000124497 -7.99087e-05 0.000393026 0.00359228 0.00609935 7.64192e-05 0.00860169 -0.000609529 1.53846e-05
internal_weight=17105 16366 739 14653 14210 9797 4413 4263 172 443 277 4091 738 9694 9631 5071 526 302 224 231 4560 4545
internal_count=17105 16366 739 14653 14210 9797 4413 4263 172 443 277 4091 738 9694 9631 5071 526 302 224 231 4560 4545
is_linear=0
shrinkage=0.035


Tree=113
num_leaves=23
num_cat=0
split_feature=15 9 22 16 5 3 1 1 7 20 5 20 10 11 15 20 20 21 6 21 18 21
split_gain=47.0426 8.81671 4.11513 3.63834 2.72341 2.71216 2.70182 2.57991 2.21678 2.8619 3.08266 3.3673 2.39254 3.03755 2.00413 1.88634 5.25166 8.82585 1.81211 1.78287 4.76232 9.74766
threshold=0.68139097744360921 1.5010753820005218 34795.000000000007 1.0000000180025095e-35 11.827380952380954 20.946428571428573 1.9999246801866812 25.102403528914756 28.467699617561198 10.500000000000002 5.9680479807034317 6.5000000000000009 8.0666851289565731 6.5601611445048018 0.21240601503759401 30.500000000000004 29.500000000000004 2.5000000000000004 7.9927388748624617 3.5000000000000004 1.0000000180025095e-35 4.5000000000000009
decision_type=2 2 2 2 2 2 2 2 2 2 2 2 2 2 2 2 2 2 2 2 2 2
left_child=1 -1 -2 5 6 14 -5 -6 9 10 -7 -12 13 -11 15 16 19 -18 -19 -3 -21 -22
right_child=2 3 -4 4 7 8 -8 -9 -10 12 11 -13 -14 -15 -16 -17 17 18 -20 20 21 -23
leaf_value=-0.0041169052230076242 -0.0026805303022555396 7.3374766663005805e-05 -0.0034023977965436207 0.048512817798527473 0.21504360982141532 -0.051674202347560538 0.00079331578786625342 0.0071186855453451168 -0.026173506255383564 -0.0024779647244915371 0.034871161295888603 0.13070119198518326 -0.043155641599936581 0.047463037659245144 0.0031498415028303529 -0.013226594311688714 -0.021338927366269626 0.024513540040871046 0.18963005231968608 -0.0064257640184545127 0.021159668823736589 -0.01738884626779667
leaf_weight=1987 226 8163 529 53 93 51 358 47 138 364 254 220 171 210 454 189 93 95 89 2748 464 199
leaf_count=1987 226 8163 529 53 93 51 358 47 138 364 254 220 171 210 454 189 93 95 89 2748 464 199
internal_value=-0.000512791 -0.000118121 -0.00902632 0.00018156 0.00295863 6.92098e-05 0.00143029 0.00712069 0.00152335 0.0019902 0.00396226 0.00485908 0.00056 0.00166235 -9.38075e-05 -0.000181611 -0.000123988 0.0045922 0.00898148 -0.000240306 -0.000911885 0.00172904
internal_weight=17195 16440 755 14453 551 13902 411 140 1408 1270 525 474 745 574 12494 12040 11851 277 184 11574 3411 663
internal_count=17195 16440 755 14453 551 13902 411 140 1408 1270 525 474 745 574 12494 12040 11851 277 184 11574 3411 663
is_linear=0
shrinkage=0.035


Tree=114
num_leaves=23
num_cat=0
split_feature=8 22 22 3 15 16 25 20 20 20 4 20 0 20 20 8 27 1 1 3 6 0
split_gain=47.6655 10.5011 5.62433 3.82904 3.4238 2.30051 1.71172 1.83062 3.46063 3.02686 3.57178 3.08592 3.62331 2.64892 2.47623 2.27976 1.71938 1.6773 1.41131 2.60813 3.17106 1.38865
threshold=0.5723960849627322 34795.000000000007 54348.000000000007 13.013525075797139 0.40588235294117653 1.0000000180025095e-35 430.00000000000006 23.500000000000004 11.500000000000002 6.5000000000000009 6.8390138906295155 2.5000000000000004 15.950345293025352 18.500000000000004 20.500000000000004 27.446428571428573 2.5000000000000004 21.965076773329255 22.052447947677845 26.068648301856552 18.049040346336252 20.983158914892449
decision_type=2 2 2 2 2 2 2 2 2 2 2 2 2 2 2 2 2 2 2 2 2 2
left_child=1 -1 3 -2 -4 6 7 8 9 11 -11 -5 -13 15 -15 21 -14 -7 19 20 -12 -10
right_child=2 -3 4 5 -6 17 -8 -9 13 10 18 12 16 14 -16 -17 -18 -19 -20 -21 -22 -23
leaf_value=-0.0051191251507314572 -0.0010145103370064823 -0.0032833138736645937 -0.0037049752777450489 0.045708862410210854 0.0011564375200319784 0.19155760825506304 -0.0030006064048167949 0.033572322044999214 -0.016626733231357032 -0.019794792905669649 0.085753583399475239 0.017514437384967385 0.0095221780758067281 0.056876295222382758 -0.0069437560466687085 0.053761298537313248 -0.058585543945919014 0.030000404542306465 0.16429688161650011 0.21548571420089579 -0.037320884559591254 -0.045092886380960866
leaf_weight=714 11745 560 477 152 67 72 979 511 364 100 104 139 53 155 212 53 152 69 96 60 116 146
leaf_count=714 11745 560 477 152 67 72 979 511 364 100 104 139 53 155 212 53 152 69 96 60 116 146
internal_value=-0.000711216 -0.00721071 -0.000184653 -5.83982e-05 -0.00366576 0.000949689 0.000757286 0.00125931 0.000743314 0.00220317 0.00418399 0.000244511 -0.00155444 -0.00076738 0.00150538 -0.00227993 -0.0045 0.00527397 0.00574147 0.00423684 0.00225556 -0.00302427
internal_weight=17096 1274 15822 15278 544 3533 3392 2413 1902 972 476 496 344 930 367 563 205 141 376 280 220 510
internal_count=17096 1274 15822 15278 544 3533 3392 2413 1902 972 476 496 344 930 367 563 205 141 376 280 220 510
is_linear=0
shrinkage=0.035


Tree=115
num_leaves=23
num_cat=0
split_feature=15 9 9 22 20 20 21 10 20 20 21 21 21 21 20 20 20 21 21 12 24 9
split_gain=52.7543 9.45784 3.87533 3.23706 2.61025 6.30084 9.90391 2.27202 2.1976 6.26845 9.64774 6.19082 6.73935 5.38376 5.32078 9.89253 3.00876 3.9101 6.70436 3.50026 2.66671 2.36679
threshold=0.68139097744360921 1.7184794675355068 23.506673737631434 34795.000000000007 30.500000000000004 29.500000000000004 2.5000000000000004 2.9113897843109959 6.5000000000000009 11.500000000000002 1.5000000000000002 4.5000000000000009 3.5000000000000004 3.5000000000000004 8.5000000000000018 7.5000000000000009 2.5000000000000004 3.5000000000000004 1.5000000000000002 1.4756628168558421 9349.5000000000018 14.743587018140591
decision_type=2 2 2 2 2 2 2 2 2 2 2 2 2 2 2 2 2 2 2 2 2 2
left_child=1 -1 4 -2 5 8 -7 -4 16 10 -10 12 -12 -11 15 -13 17 18 20 -20 -3 -14
right_child=3 2 7 -5 -6 6 -8 -9 9 13 11 14 21 -15 -16 -17 -18 -19 19 -21 -22 -23
leaf_value=-0.0043555105503301104 -0.0024075423614009946 -0.031169364771815582 -0.046775979874632376 -0.0031683978880863331 -0.014778955505557256 -0.017421465746685769 0.098202309826585066 0.048313579445017775 -0.010310965652065126 0.0005760970173896324 0.014502083132531126 -0.030164855270104197 0.032025741167347327 -0.0089430676487993258 -0.040730059451352871 0.085771496169433026 -0.0077005612682034463 -0.0050831309216184152 -0.0054976021703393154 0.041361316761813025 0.076459592118495734 0.17132328484067738
leaf_weight=2343 223 164 58 506 209 103 204 676 505 5520 1034 98 396 1823 103 104 2044 408 49 365 50 105
leaf_count=2343 223 164 58 506 209 103 204 676 505 5520 1034 98 396 1823 103 104 2044 408 49 365 50 105
internal_value=-0.000547675 -0.000134731 0.000208408 -0.00972752 6.97946e-05 0.000133792 0.00504808 0.00267591 1.23307e-05 0.000272619 0.00184681 0.00302575 0.00393182 -0.000228634 -0.00146774 0.00177536 -0.000799838 0.000722863 0.00246051 0.0050537 -0.00247717 0.00726285
internal_weight=17090 16361 14018 729 13284 13075 307 734 12768 9688 2345 1840 1535 7343 305 202 3080 1036 628 414 214 501
internal_count=17090 16361 14018 729 13284 13075 307 734 12768 9688 2345 1840 1535 7343 305 202 3080 1036 628 414 214 501
is_linear=0
shrinkage=0.035


Tree=116
num_leaves=23
num_cat=0
split_feature=15 9 22 16 4 1 7 1 10 9 8 15 11 9 8 17 18 12 18 21 21 1
split_gain=49.8322 8.05191 4.08838 3.29018 4.1208 3.06877 2.67395 2.52473 2.38259 2.21136 2.05751 4.65752 3.31735 2.21943 4.37438 2.05183 3.83329 2.86071 2.82274 6.53432 8.31765 3.19855
threshold=0.68139097744360921 1.394122775479413 34795.000000000007 1.0000000180025095e-35 8.1342290082565736 4.5357142857142865 1.6269715917855294 19.556552062598733 1.6329931618554532 20.895292207792213 0.64512287944562419 0.3585714285714286 0.75955452531275025 0.8377192982456142 1.1437298603651989 1.0000000180025095e-35 1.0000000180025095e-35 1.0945553872080129 1.0000000180025095e-35 4.5000000000000009 2.5000000000000004 21.011946453809166
decision_type=2 2 2 2 2 2 2 2 2 2 2 2 2 2 2 2 2 2 2 2 2 2
left_child=1 6 -2 15 5 8 10 -6 -5 -9 -1 12 -12 -13 -15 17 -17 -3 -19 20 -20 -22
right_child=2 3 -4 4 7 -7 -8 9 -10 -11 11 13 -14 14 -16 16 -18 18 19 -21 21 -23
leaf_value=-0.0072096042380307389 -0.0023232783787519597 -0.0169020064876973 -0.0030575039620033113 -0.00011110313477607826 0.16081814468143141 -0.026111416193312861 -0.0062966229905792124 -0.091927339680979006 0.031379814798702117 0.351243013574003 0.012793818403834804 -0.010878408547986556 -0.00096908916491725012 0.0017834655912285606 -0.0042646483698398265 0.0029978807011453936 -0.013649067578593467 -0.0017065688661165781 -0.02288074159489047 -0.018087068564466045 0.013227805780154908 0.15530987516345365
leaf_weight=692 213 243 503 104 95 175 92 45 85 47 85 219 470 124 46 3688 223 8682 238 217 733 132
leaf_count=692 213 243 503 104 95 175 92 45 85 47 85 219 470 124 46 3688 223 8682 238 217 733 132
internal_value=-0.000532467 -0.000136253 -0.00953883 0.000128467 0.00276978 0.00052168 -0.00239325 0.00692708 0.00360825 0.00234536 -0.00203687 -0.000940464 -0.003 0.00195431 0.0049 2.348e-05 0.000706078 -0.00023561 -0.000141651 0.00136038 0.0024639 0.00406322
internal_weight=17151 16435 716 14707 551 364 1728 187 189 92 1636 944 555 389 170 14156 3911 10245 10002 1320 1103 865
internal_count=17151 16435 716 14707 551 364 1728 187 189 92 1636 944 555 389 170 14156 3911 10245 10002 1320 1103 865
is_linear=0
shrinkage=0.035


Tree=117
num_leaves=23
num_cat=0
split_feature=15 9 23 9 12 2 16 10 16 0 9 9 10 12 10 12 20 20 12 0 12 21
split_gain=47.672 8.60506 5.67904 2.98858 2.98482 2.43678 2.19551 2.13056 1.95332 2.54454 1.91317 3.65963 2.53785 2.44364 1.84626 2.71009 2.14817 5.70688 2.9017 2.80061 2.46817 2.73449
threshold=0.68139097744360921 1.573233841878634 40250.000000000007 15.672619047619049 7.6109599464759841 16.535714285714288 1.0000000180025095e-35 3.0550504633038957 1.0000000180025095e-35 27.944847149584415 2.0994666115670144 2.8930613443143747 0.95118973121134187 1.5714886953385068 8.2404345701402111 8.9378733062503795 11.500000000000002 9.5000000000000018 6.5858494204307316 14.999072958688698 7.1418532970840225 2.5000000000000004
decision_type=2 2 2 2 2 2 2 2 2 2 2 2 2 2 2 2 2 2 2 2 2 2
left_child=1 6 -2 4 5 10 -1 -5 14 -10 13 -12 -13 -3 15 16 17 20 19 -18 21 -9
right_child=2 3 -4 7 -6 -7 -8 8 9 -11 11 12 -14 -15 -16 -17 18 -19 -20 -21 -22 -23
leaf_value=-0.004360077216787682 -0.0022419636354956414 0.00048955351989852906 -0.0029504913233331953 -0.014164969073930377 0.096440337061762638 -0.015818197459675932 0.0094038835530718661 0.040996720922536381 0.28008626530641056 0.032685110714854547 -0.0032252125142428149 -0.0085636432854023364 0.0008569034266442089 0.0030614658022267635 -0.0040218438888140369 0.050455013341617012 0.064853596592208587 0.12331647046301231 -0.012921502555414738 0.0039072135309365487 0.054360609701033222 -0.01850333834776275
leaf_weight=2027 223 892 517 337 80 397 64 205 48 79 2313 187 6903 210 675 239 147 101 513 506 163 252
leaf_count=2027 223 892 517 337 80 397 64 205 48 79 2313 187 6903 210 675 239 147 101 513 506 163 252
internal_value=-0.000572645 -0.000176681 -0.00923154 0.000130157 -0.000144944 -0.00019735 -0.00227099 0.00105963 0.00136635 0.00556818 -9.32445e-05 -0.000256696 0.000135659 0.00128049 0.00116001 0.00166706 0.00120243 0.00269972 0.000254056 0.00180851 0.001372 0
internal_weight=17078 16338 740 14247 10982 10902 2091 3265 2928 127 10505 9403 7090 1102 2801 2126 1887 721 1166 653 620 457
internal_count=17078 16338 740 14247 10982 10902 2091 3265 2928 127 10505 9403 7090 1102 2801 2126 1887 721 1166 653 620 457
is_linear=0
shrinkage=0.035


Tree=118
num_leaves=23
num_cat=0
split_feature=15 2 9 23 20 21 20 21 7 16 5 1 20 20 21 20 20 21 21 17 20 20
split_gain=48.7027 6.04261 4.01028 3.2344 2.57579 7.12609 2.39519 4.35617 3.03821 2.33903 2.83192 2.39264 2.03958 4.96845 8.68486 9.02187 4.76055 4.38577 4.70425 4.25168 6.49706 3.41872
threshold=0.68139097744360921 5.172349027628159 0.57332179065277356 40250.000000000007 2.5000000000000004 3.5000000000000004 27.500000000000004 2.5000000000000004 1.2503707257122016 1.0000000180025095e-35 12.996151141142256 21.965076773329255 6.5000000000000009 11.500000000000002 2.5000000000000004 9.5000000000000018 18.500000000000004 3.5000000000000004 4.5000000000000009 1.0000000180025095e-35 7.5000000000000009 7.5000000000000009
decision_type=2 2 2 2 2 2 2 2 2 2 2 2 2 2 2 2 2 2 2 2 2 2
left_child=1 2 -1 -2 5 -3 -4 8 -8 12 -11 -12 -6 14 19 17 -15 -16 -19 20 -14 -20
right_child=3 4 6 -5 9 -7 7 -9 -10 10 11 -13 13 16 15 -17 -18 18 21 -21 -22 -23
leaf_value=-0.0063305422392047747 -0.0021634949082532939 0.062734543691658512 -0.0013760464330824598 -0.0028472241270165338 -0.0080182317506584874 -0.0036676023961528673 0.0055235064283794683 0.011587417735619386 -0.009051094511139942 0.0069882880183500711 0.20605355204576942 0.06667220442419064 0.21565075529865399 -0.0087806103167346154 -0.023361131625530426 0.12220161999429259 0.0066533918757066719 0.11136199187916361 -0.044458077949157591 -0.042562627630584132 -0.0065875466463842262 0.040073309213380787
leaf_weight=559 229 255 7065 513 1209 281 51 411 275 166 60 57 58 1706 164 248 2930 184 65 177 335 119
leaf_count=559 229 255 7065 513 1209 281 51 411 275 166 60 57 58 1706 164 248 2930 184 65 177 335 119
internal_value=-0.000607114 -0.000207265 -0.000866005 -0.00934739 0.000477927 0.00281423 -0.000656782 0.00122642 -0.00174471 0.000306361 0.00340278 0.00745902 0.000179861 0.00044692 0.00231181 0.00470382 -9.42685e-05 0.00205307 0.0041756 -0.000943478 0.00105528 9.25926e-05
internal_weight=17117 16375 8361 742 8014 536 7802 737 326 7478 283 117 7195 5986 1350 780 4636 532 368 570 393 184
internal_count=17117 16375 8361 742 8014 536 7802 737 326 7478 283 117 7195 5986 1350 780 4636 532 368 570 393 184
is_linear=0
shrinkage=0.035


Tree=119
num_leaves=23
num_cat=0
split_feature=9 22 9 3 18 1 15 10 1 20 21 20 21 20 20 7 20 20 1 20 2 10
split_gain=48.5989 6.91181 5.68681 3.12835 2.22249 2.44151 2.07758 2.48337 2.04755 1.94647 6.42947 3.39985 5.24836 2.85583 4.42257 2.38737 2.06341 1.92457 1.84935 2.16437 1.79347 1.77871
threshold=0.3956951516321271 34795.000000000007 1.7560281505042352 19.010370193622947 1.0000000180025095e-35 0.55266442227249601 0.21240601503759401 0.87600555302173799 2.3187937187736569 25.500000000000004 2.5000000000000004 27.500000000000004 1.5000000000000002 30.500000000000004 29.500000000000004 8.5703912678374952 16.500000000000004 15.500000000000002 20.983158914892449 22.500000000000004 17.903471131289511 3.0937725468153898
decision_type=2 2 2 2 2 2 2 2 2 2 2 2 2 2 2 2 2 2 2 2 2 2
left_child=1 -1 4 6 -2 -6 7 8 -4 16 11 12 15 14 20 -11 17 -9 -18 -20 -12 -5
right_child=2 -3 3 21 5 -7 -8 9 -10 10 13 -13 -14 -15 -16 -17 18 -19 19 -21 -22 -23
leaf_value=-0.0020877725864644286 -0.0044647523617160675 -0.0027475712825709548 -0.0022184449678906383 -0.039607676800775364 -0.0099279956990830417 0.014196788849245115 0.0028988153042869623 8.7565471102388781e-05 -0.012129180027183868 0.0076867865734327849 0.0073842523440945445 -0.013509415610051459 -0.0093239041319483212 -0.012407500561504973 0.08513338542443985 0.1149471311757229 -0.0027889133467663778 0.014969156674967963 -0.07039063279491159 0.0061702279411307353 0.10226363440067003 0.023044493384028596
leaf_weight=332 2086 537 289 79 77 160 248 6085 240 118 671 536 196 96 186 70 2998 334 85 56 66 1613
leaf_count=332 2086 537 289 79 77 160 248 6085 240 118 671 536 196 96 186 70 2998 334 85 56 66 1613
internal_value=-0.000529191 -0.00856979 -9.66613e-05 0.0001691 -0.00169888 0.00144628 -2.42284e-05 -9.16383e-05 -0.00242509 1.52147e-05 0.00102623 -0.00107838 0.0013946 0.00293945 0.00354526 0.00553109 -0.000188487 0.000168898 -0.000923982 -0.00479452 0.00226415 0.00157778
internal_weight=17158 869 16289 13966 2323 237 12274 12026 529 11497 1939 920 384 1019 923 188 9558 6419 3139 141 737 1692
internal_count=17158 869 16289 13966 2323 237 12274 12026 529 11497 1939 920 384 1019 923 188 9558 6419 3139 141 737 1692
is_linear=0
shrinkage=0.035


Tree=120
num_leaves=23
num_cat=0
split_feature=15 9 22 22 9 22 11 3 15 9 11 10 20 20 21 11 9 25 9 9 21 2
split_gain=51.7048 7.23023 3.95991 2.91449 3.14065 3.10707 2.55413 2.312 2.15165 2.48626 2.26382 2.12504 1.95532 6.01968 6.87191 1.95042 2.29938 2.15219 1.97072 2.88636 2.06495 2.73024
threshold=0.68139097744360921 0.69236835154341714 34795.000000000007 15527.500000000002 3.110641021714653 6498.5000000000009 1.9057460827371895 2.0715637597750507 0.11651583710407241 2.1436720521541957 1.0509022810878306 2.5071326821120414 30.500000000000004 29.500000000000004 2.5000000000000004 1.8125789272193893 1.1086040571081874 195.50000000000003 1.5010753820005218 2.3334151686354567 3.5000000000000004 2.9852237017189558
decision_type=2 2 2 2 2 2 2 2 2 2 2 2 2 2 2 2 2 2 2 2 2 2
left_child=1 -1 -2 5 6 8 15 11 10 -10 -3 -8 13 -6 -15 16 17 -5 -18 20 -20 -22
right_child=2 3 -4 4 12 -7 7 -9 9 -11 -12 -13 -14 14 -16 -17 18 -19 19 -21 21 -23
leaf_value=-0.0068817957003772454 -0.0020147005459381735 -0.015980208979907127 -0.0026514062876809713 -0.014976122613394094 0.0003515141098547048 0.010529145142544556 -0.018793600139089432 -0.0029661810462040155 0.0030776601917144189 -0.0081421700934693631 -0.0012475972130803936 -0.0034361503020263052 -0.0215218976269691 -0.017549752539910486 0.1332873073009925 0.013087708151258003 -0.0034747003686304932 0.0015049522636205036 0.00081557263887250609 -0.008822920592934479 -0.00020320286908685815 -0.030077136054555576
leaf_weight=754 202 97 522 109 7915 1630 162 261 314 128 1211 64 121 62 127 174 658 288 967 930 266 89
leaf_count=754 202 97 522 109 7915 1630 162 261 314 128 1211 64 121 62 127 174 658 288 967 930 266 89
internal_value=-0.000554057 -0.000145726 -0.00967421 1.57273e-05 -0.000235284 0.000925406 -0.00104392 -0.00341463 -8.97436e-05 0.00199664 -0.000813024 -0.00598485 0.000153098 0.000222284 0.00631443 -0.000702811 -0.000898249 0.00156716 -0.00124271 -0.000736597 0.000303316 -0.00194444
internal_weight=17051 16327 724 15573 12193 3380 3968 487 1750 442 1308 226 8225 8104 189 3481 3307 397 2910 2252 1322 355
internal_count=17051 16327 724 15573 12193 3380 3968 487 1750 442 1308 226 8225 8104 189 3481 3307 397 2910 2252 1322 355
is_linear=0
shrinkage=0.035


Tree=121
num_leaves=23
num_cat=0
split_feature=8 22 11 16 9 1 22 22 20 20 20 21 0 5 12 5 2 20 1 12 20 21
split_gain=50.6389 8.62484 4.98425 2.86158 2.38188 2.90993 2.47255 2.26788 2.11485 4.02876 5.93352 10.1424 3.71387 3.14035 2.83896 2.62474 2.58259 2.41272 2.38442 2.33339 2.21124 4.71924
threshold=0.43179375919907664 34795.000000000007 1.762016913337098 1.0000000180025095e-35 0.57332179065277356 2.3448639871546617 15527.500000000002 16785.000000000004 22.500000000000004 11.500000000000002 6.5000000000000009 1.5000000000000002 13.714261283220216 5.9680479807034317 8.9378733062503795 4.8493515340940085 21.965076773329255 14.500000000000002 11.00884074265187 7.1418532970840225 16.500000000000004 3.5000000000000004
decision_type=2 2 2 2 2 2 2 2 2 2 2 2 2 2 2 2 2 2 2 2 2 2
left_child=1 -1 4 8 -2 6 -6 -7 9 10 -4 -12 -13 15 19 -11 -16 -15 -14 -10 21 -19
right_child=2 -3 3 -5 5 7 -8 -9 14 13 11 12 18 17 16 -17 -18 20 -20 -21 -22 -23
leaf_value=-0.0032626249617382854 -0.0081477561693113331 -0.0025586070676121373 -0.0021581581126867144 0.047006044148764185 0.0031271998384837731 -0.0085864698981124067 -0.00046432812113565654 -0.0017847377192051052 0.0080383659922197027 -0.0039839514573975967 -0.015290742022153565 0.011545335240822274 0.0094318317726869074 -0.021264020171127732 0.08964442242077042 0.012667100340287823 0.0083156500259825364 0.03817957396168753 0.11054058002790455 -0.035673156539306403 -0.011287295381155145 -0.029516442057119514
leaf_weight=485 315 540 2487 404 723 587 2509 1231 2199 567 418 935 101 519 61 893 62 231 402 200 1186 118
leaf_count=485 315 540 2487 404 723 587 2509 1231 2199 567 418 935 101 519 61 893 62 231 402 200 1186 118
internal_value=-0.00049511 -0.00801942 -1.40841e-05 0.000418521 -0.000886406 -0.000695846 -5.94686e-05 -0.00181432 0.000303351 1.78072e-05 0.000732521 0.00222864 0.00362613 -0.00086033 0.00118421 0.000370307 0.00628906 -0.00174235 0.00606299 0.000902662 -0.00102273 0.00138418
internal_weight=17173 1025 16148 10783 5365 5050 3232 1818 10379 7857 4343 1856 1438 3514 2522 1460 123 2054 503 2399 1535 349
internal_count=17173 1025 16148 10783 5365 5050 3232 1818 10379 7857 4343 1856 1438 3514 2522 1460 123 2054 503 2399 1535 349
is_linear=0
shrinkage=0.035


Tree=122
num_leaves=23
num_cat=0
split_feature=9 23 7 6 17 18 21 21 18 1 16 7 6 6 24 24 12 9 1 12 5 24
split_gain=46.9073 10.9021 3.21437 2.92835 2.55483 2.7311 4.52568 5.43136 2.6743 2.55351 3.32647 2.49707 2.68883 2.18547 1.97874 2.30608 2.46142 2.38276 2.09205 2.73424 1.97488 2.57643
threshold=0.57332179065277356 40250.000000000007 20.172203644549398 36.500000000000007 1.0000000180025095e-35 1.0000000180025095e-35 4.5000000000000009 2.5000000000000004 1.0000000180025095e-35 33.500000000000007 1.0000000180025095e-35 28.467699617561198 22.797540755617458 20.696428571428573 10740.000000000002 11523.000000000002 4.2831993510066786 13.559095523217161 0.97613398113309346 1.2324882352367639 5.7847660902793931 8654.0000000000018
decision_type=2 2 2 2 2 2 2 2 2 2 2 2 2 2 2 2 2 2 2 2 2 2
left_child=1 -1 3 4 5 14 7 20 -6 10 11 12 -4 -9 18 17 -17 -16 19 -2 21 -7
right_child=2 -3 9 -5 8 6 -8 13 -10 -11 -12 -13 -14 -15 15 16 -18 -19 -20 -21 -22 -23
leaf_value=-0.0043624075622243595 -0.0010457169536927347 -0.0024690558202457124 0.009880490609959526 -0.094525406658260522 0.0019737614678002127 -0.026030952179612848 -0.011819168453959287 0.011605136678103624 -0.012981133710265148 -0.012884154689109072 0.32279674099665956 -0.024151362725731727 0.061568119808739573 0.1541997039705906 0.12028431299151066 0.0014256120640081594 -0.022452433448598482 0.020591820898289794 -0.0039518499891649855 0.0063591263686567905 -0.065059249320931156 0.03640805640779312
leaf_weight=735 269 542 848 49 3665 156 221 810 222 224 73 122 396 48 47 828 214 242 6994 284 47 46
leaf_count=735 269 542 848 49 3665 156 221 810 222 224 73 122 396 48 47 828 214 242 6994 284 47 46
internal_value=-0.000631913 -0.00707098 -0.000108476 -0.000280802 -0.000248262 -0.000539859 0.000932108 0.00185701 0.00051259 0.00134293 0.00189058 0.00146791 0.00194756 0.00318366 -0.000762411 0.000471557 -0.000284145 0.00321429 -0.000982521 0.00106631 -0.00261811 -0.000929952
internal_weight=17082 1277 15805 14142 14093 10206 1328 1107 3887 1663 1439 1366 1244 858 8878 1331 1042 289 7547 553 249 202
internal_count=17082 1277 15805 14142 14093 10206 1328 1107 3887 1663 1439 1366 1244 858 8878 1331 1042 289 7547 553 249 202
is_linear=0
shrinkage=0.035


Tree=123
num_leaves=23
num_cat=0
split_feature=15 9 2 22 9 2 7 2 17 5 22 4 7 17 18 21 21 18 21 21 7 12
split_gain=53.7775 6.95839 4.17982 3.88949 2.33156 2.32019 1.68732 1.52426 1.67608 1.62015 1.43158 1.3785 1.34634 1.48921 2.63388 4.65951 3.72383 2.33063 2.21713 2.44325 2.40529 2.57923
threshold=0.68139097744360921 0.57332179065277356 5.172349027628159 34795.000000000007 24.043050911137353 33.500000000000007 0.28764931278260691 1.9999246801866812 1.0000000180025095e-35 6.9966807769941894 52360.000000000007 0.72511993027812494 28.467699617561198 1.0000000180025095e-35 1.0000000180025095e-35 2.5000000000000004 4.5000000000000009 1.0000000180025095e-35 3.5000000000000004 4.5000000000000009 22.289929968360216 6.0424626708126405
decision_type=2 2 2 2 2 2 2 2 2 2 2 2 2 2 2 2 2 2 2 2 2 2
left_child=1 6 7 11 12 -6 -1 9 10 -3 -9 -2 13 14 18 -16 -17 -15 20 -20 -4 -22
right_child=3 2 4 -5 5 -7 -8 8 -10 -11 -12 -13 -14 17 15 16 -18 -19 19 -21 21 -23
leaf_value=-0.0032449224856047022 -0.0016773098884916451 -4.2403494534156708e-05 0.00035021732786629124 -0.0023826388665371123 0.062395868842075611 -0.016856928099126343 -0.0075579670525510309 -0.0030616402542341416 0.00022465261002860618 0.013687296159468012 -0.014905866281528549 -0.0016773098884916451 -0.054614457539982342 0.012555130796710194 -0.063760802138664696 0.038043869646284124 -0.010855796835539736 -0.024813403020153956 -0.014907563500350492 0.013102784182066049 0.11951159763090587 0.010234677783331821
leaf_weight=188 153 2544 3255 518 444 106 355 3601 1389 50 254 67 51 1941 62 485 115 102 997 290 65 114
leaf_count=188 153 2544 3255 518 444 106 355 3601 1389 50 254 67 51 1941 62 485 115 102 997 290 65 114
internal_value=-0.000564253 -0.000146073 -1.10271e-05 -0.00977456 0.000549054 0.00274324 -0.00402372 -0.000586829 -0.000930177 0.000101 -0.0013057 -0.00552222 0.000383587 0.000426255 0.000116927 0.00217766 0.00315289 0.00123047 -0.000170334 -0.00140867 0.000290055 0.00418478
internal_weight=17146 16408 15865 738 8027 550 543 7838 5244 2594 3855 220 7477 7426 5383 662 600 2043 4721 1287 3434 179
internal_count=17146 16408 15865 738 8027 550 543 7838 5244 2594 3855 220 7477 7426 5383 662 600 2043 4721 1287 3434 179
is_linear=0
shrinkage=0.035


Tree=124
num_leaves=23
num_cat=0
split_feature=9 22 22 22 9 16 9 12 0 3 26 0 8 7 21 3 9 24 3 10 7 22
split_gain=53.2048 10.8586 2.94151 2.45222 2.37232 2.23372 2.04235 1.92312 3.34681 2.35986 1.89139 2.29325 1.85735 1.71998 1.72067 1.69406 2.10973 1.67799 1.88712 2.0802 1.59737 2.30478
threshold=0.57332179065277356 34795.000000000007 15527.500000000002 6498.5000000000009 3.2861027560100231 1.0000000180025095e-35 1.1086040571081874 4.2831993510066786 3.7899203501381034 16.987659160272365 1.0000000180025095e-35 23.937493722930562 18.501524510250249 26.035714285714288 2.5000000000000004 6.9966807769941894 3.3578323788309925 4472.0000000000009 3.1111009883802421 0.97590007294853354 6.9974489795918382 47274.500000000007
decision_type=2 2 2 2 2 2 2 2 2 2 2 2 2 2 2 2 2 2 2 2 2 2
left_child=1 -1 3 13 6 -5 -4 9 -9 17 11 12 -10 14 15 16 -2 -6 20 -20 21 -19
right_child=2 -3 4 5 7 -7 -8 8 10 -11 -12 -13 -14 -15 -16 -17 -18 18 19 -21 -22 -23
leaf_value=-0.0041510174514492989 -0.0027068251247368206 -0.0022992465062083136 0.00063795397794922781 0.0074889565623848719 -0.0031695394034610882 0.23411341532343474 -0.002532526835094038 -0.046285271560698192 -0.0043688380663627858 0.043843180848164229 0.021852896823229301 0.033481731077925111 -0.031356905550289811 -0.077312164850069864 0.0023663175463781317 0.025835036951363473 -0.032662664930396733 0.020459917196964363 -0.024484085146856113 0.002742540558167559 -0.014979473054123954 0.0012590775265024236
leaf_weight=733 557 554 548 1618 691 60 3809 55 1854 145 547 230 318 50 907 227 76 175 79 3686 63 217
leaf_count=733 557 554 548 1618 691 60 3809 55 1854 145 547 230 318 50 907 227 76 175 79 3686 63 217
internal_value=-0.000510637 -0.00734133 4.28787e-05 0.00094 -0.000208501 0.00190285 -0.000866575 0.000145381 -0.000552509 0.000563624 -0.000379147 -0.000807021 -0.00116559 3.84193e-05 0.00023702 -0.000869942 -0.00181034 0.000427177 0.000691716 0.000427056 0.00281522 0.00365869
internal_weight=17199 1287 15912 3495 12417 1678 4357 8060 3004 5056 2949 2402 2172 1817 1767 860 633 4911 4220 3765 455 392
internal_count=17199 1287 15912 3495 12417 1678 4357 8060 3004 5056 2949 2402 2172 1817 1767 860 633 4911 4220 3765 455 392
is_linear=0
shrinkage=0.035


Tree=125
num_leaves=23
num_cat=0
split_feature=8 23 0 2 10 25 20 18 3 21 20 11 10 5 1 15 21 11 23 8 25 8
split_gain=49.3863 8.97054 3.23164 2.07211 2.08851 1.72765 2.74477 2.07505 2.65058 2.0073 1.80534 1.82838 1.69286 2.31498 1.68442 2.67444 2.35372 2.13614 2.00386 1.98974 1.79865 1.76675
threshold=0.43179375919907664 40250.000000000007 2.5730536332156606 8.9846950015344529 2.3704530408864106 195.50000000000003 22.500000000000004 1.0000000180025095e-35 26.94184716045481 4.5000000000000009 10.500000000000002 8.2969527007627129 1.7043362064926952 23.023809523809529 2.3187937187736569 0.52086956521739147 2.5000000000000004 2.1838568563966763 19200.000000000004 1.1437298603651989 637.50000000000011 0.72077922077922085
decision_type=2 2 2 2 2 2 2 2 2 2 2 2 2 2 2 2 2 2 2 2 2 2
left_child=1 -1 3 4 14 6 7 8 -4 -9 -10 -12 -8 -14 15 17 -16 18 21 -20 -21 -2
right_child=2 -3 5 -5 -6 -7 12 9 10 -11 11 -13 13 -15 16 -17 -18 -19 19 20 -22 -23
leaf_value=-0.0027642954363744161 -0.010088288590326931 -0.0022187728784910225 -0.0039189786530255382 -0.040864858254545285 0.0058274979608140915 -9.5655687390629475e-05 0.020243554417948263 0.049019413701078485 0.095532284379512805 -0.019652662213282799 -0.039449043382738386 0.042990809078550934 0.0091268145703262988 0.081665826909355269 -0.0089857043061581047 -0.0073793668776923026 -0.0015125325334305985 -0.025076728781568795 0.00051729959762265301 -0.0035954570105040133 0.0020242171169445478 0.0030672669019815562
leaf_weight=468 66 533 1857 54 298 8166 119 286 141 55 73 84 579 140 621 329 666 73 496 1149 370 494
leaf_count=468 66 533 1857 54 298 8166 119 286 141 55 73 84 579 140 621 329 666 73 496 1149 370 494
internal_value=-0.000547833 -0.00807157 -7.70734e-05 -0.000859662 -0.000770199 0.000235767 0.000906709 0.000314874 -8.10185e-05 0.00283237 0.00294554 0.000216049 0.00263642 0.0019337 -0.000971539 -0.000504695 -0.00203173 -0.00012533 4.06977e-05 -0.000467822 -0.00110236 0.00188938
internal_weight=17117 1001 16116 4616 4562 11500 3334 2496 2155 341 298 157 838 719 4264 2977 1287 2648 2575 2015 1519 560
internal_count=17117 1001 16116 4616 4562 11500 3334 2496 2155 341 298 157 838 719 4264 2977 1287 2648 2575 2015 1519 560
is_linear=0
shrinkage=0.035


Tree=126
num_leaves=23
num_cat=0
split_feature=9 22 25 17 20 20 18 20 20 4 2 2 3 20 20 21 1 4 22 6 20 10
split_gain=52.9051 13.762 2.73808 1.96026 3.78557 2.85261 7.1693 3.02712 2.92499 3.0387 2.85378 2.66772 3.05864 2.53861 8.27886 8.77442 3.94943 2.87363 2.32218 2.29157 2.92703 2.36363
threshold=0.57332179065277356 34795.000000000007 166.00000000000003 1.0000000180025095e-35 2.5000000000000004 29.500000000000004 1.0000000180025095e-35 27.500000000000004 5.5000000000000009 2.612443059847831 3.1082911943165921 26.94184716045481 12.600843035355068 11.500000000000002 7.5000000000000009 1.5000000000000002 22.052447947677845 14.007413885646328 52360.000000000007 18.719087295446389 3.5000000000000004 2.2677868380553665
decision_type=2 2 2 2 2 2 2 2 2 2 2 2 2 2 2 2 2 2 2 2 2 2
left_child=1 -1 -2 13 -5 7 -7 8 -6 -10 -8 12 -11 14 19 -16 -17 18 -15 21 -21 -4
right_child=2 -3 3 4 5 6 10 -9 9 11 -12 -13 -14 17 15 16 -18 -19 -20 20 -22 -23
leaf_value=-0.0039089815003754682 0.013676712912612016 -0.0021411158277438364 -0.0038855266994838812 0.034022521704366954 -0.0088084687737592926 0.10475591637878899 0.002411555765305762 -0.017687923962407547 -0.0021068387410253923 0.0017402776155602058 -0.040238283176360835 -0.028482501978770291 0.042722153355885806 -0.001216410641870478 -0.0093535962789112314 0.014713173839391002 0.20544820749327489 -0.023855399796092133 -0.0049212219341139424 0.01546210916171612 -0.070422495179775391 0.0012343533303967415
leaf_weight=727 1639 582 1409 116 535 118 52 202 648 1536 60 69 603 4527 420 1019 62 975 445 51 126 1176
leaf_count=727 1639 582 1409 116 535 118 52 202 648 1536 60 69 603 4527 420 1019 62 975 445 51 126 1176
internal_value=-0.000656941 -0.00740487 -9.41873e-05 -0.000252226 0.000408215 0.000210293 0.00394681 -2.91829e-05 0.000216431 0.000666725 -0.00224359 0.00128897 0.00151819 -0.000508811 0.00013941 0.00223108 0.00389963 -0.000976142 -0.000629395 -0.000992953 -0.00480769 -0.000716216
internal_weight=17097 1309 15788 14149 3939 3823 230 3593 3391 2856 112 2208 2139 10210 4263 1501 1081 5947 4972 2762 177 2585
internal_count=17097 1309 15788 14149 3939 3823 230 3593 3391 2856 112 2208 2139 10210 4263 1501 1081 5947 4972 2762 177 2585
is_linear=0
shrinkage=0.035


Tree=127
num_leaves=23
num_cat=0
split_feature=9 22 9 1 22 4 7 9 8 11 12 24 10 0 20 7 8 3 1 20 21 20
split_gain=44.8895 11.8088 3.18443 3.39256 3.19688 2.23265 2.34875 2.12109 3.22717 2.14585 1.70267 3.20325 1.73633 1.65274 1.64383 1.5795 1.8075 1.56606 2.19022 1.69608 3.08663 2.59208
threshold=0.57332179065277356 34795.000000000007 3.2861027560100231 2.3187937187736569 15527.500000000002 3.9711588101833488 2.9025822443491589 2.2581248134303693 2.0714541544120011 2.6070487714469968 2.5998907441972867 4472.0000000000009 2.672612419124246 5.0127769206881263 6.5000000000000009 2.0542389651649455 2.4646238718097773 15.950345293025352 32.106343334591671 2.5000000000000004 3.5000000000000004 6.5000000000000009
decision_type=2 2 2 2 2 2 2 2 2 2 2 2 2 2 2 2 2 2 2 2 2 2
left_child=1 -1 3 4 -2 10 -7 8 14 13 12 -12 -4 -9 -5 -10 -17 18 -8 20 -19 -21
right_child=2 -3 5 7 -6 6 17 9 15 -11 11 -13 -14 -15 -16 16 -18 19 -20 21 -22 -23
leaf_value=-0.0034779127722433523 0.0025517542019952836 -0.0020661767737728022 0.0081543397682541079 -0.019243394124707266 -0.00073750595887871033 -0.02354304531972097 0.00040497197892029217 -0.0070065414280945579 -0.0023493892172260812 0.0040644161542400638 -0.027302338943500985 0.012543215953330154 -0.0015316533871771922 -0.024639666949197659 -0.0014453722580264796 0.00417101670603175 -0.00042959515636093295 0.10384712112161766 -0.042194912273425658 -0.015562909458266062 -0.0044877330828132726 0.016219661983001805
leaf_weight=730 859 540 430 116 2940 82 6266 1251 49 46 65 226 84 94 322 125 54 82 68 420 82 2201
leaf_count=730 859 540 430 116 2940 82 6266 1251 49 46 65 226 84 94 322 125 54 82 68 420 82 2201
internal_value=-0.000448299 -0.00676667 5.84547e-05 -0.00058821 2.76025e-05 0.000438767 0.000281338 -0.00173133 -7.82414e-05 -0.00250716 0.0022037 0 0.00340559 -0.00277407 -0.00185666 0.00322961 0.00475543 0.000337571 3.03676e-05 0.00102867 0.00445266 0.000799695
internal_weight=17132 1270 15862 5856 3799 10006 9201 2057 666 1391 805 291 514 1345 438 228 179 9119 6334 2785 164 2621
internal_count=17132 1270 15862 5856 3799 10006 9201 2057 666 1391 805 291 514 1345 438 228 179 9119 6334 2785 164 2621
is_linear=0
shrinkage=0.035


Tree=128
num_leaves=23
num_cat=0
split_feature=15 8 23 20 20 21 0 20 21 20 20 21 20 20 21 20 20 3 5 20 23 6
split_gain=54.079 6.28243 3.99654 2.79264 6.47474 8.69822 4.81194 3.35173 3.51726 3.22958 7.22455 2.64276 7.11906 5.11578 5.89002 9.76647 8.23912 3.89239 3.04853 2.42578 2.462 2.50938
threshold=0.68139097744360921 0.64512287944562419 40250.000000000007 11.500000000000002 6.5000000000000009 1.5000000000000002 13.714261283220216 22.500000000000004 3.5000000000000004 18.500000000000004 20.500000000000004 2.5000000000000004 26.500000000000004 27.500000000000004 3.5000000000000004 30.500000000000004 29.500000000000004 2.0443068603213237 4.5357142857142865 13.500000000000002 52700.000000000007 3.9380374998817405
decision_type=2 2 2 2 2 2 2 2 2 2 2 2 2 2 2 2 2 2 2 2 2 2
left_child=1 -1 -2 4 -3 -6 -7 8 -5 19 -11 12 17 -13 15 18 -16 -9 -15 -10 -21 -22
right_child=2 3 -4 7 5 6 -8 11 9 10 -12 13 -14 14 16 -17 -18 -19 -20 20 21 -23
leaf_value=-0.0052476678116469902 -0.0011180267917789487 -0.0011084998346189946 -0.0019938605866907542 -0.00076991270508946726 -0.0091939225537659725 0.0087014286423807933 0.08864006047576066 -0.0046385387763918937 -0.0041406648640012252 0.0093092998697253942 -0.017646668962962672 -0.00025698646991429878 -0.0078976298153619895 0.02325125207910533 -0.014760885630188507 -0.012892096761843285 0.046080506760524179 0.017156704810679393 0.18353254348931305 -0.02286849606293824 -0.034339388776071463 0.0055074331832144236
leaf_weight=674 220 3661 521 3997 582 1628 554 252 233 237 251 1198 958 161 236 117 117 706 198 460 48 95
leaf_count=674 220 3661 521 3997 582 1628 554 252 233 237 251 1198 958 161 236 117 117 706 198 460 48 95
internal_value=-0.000449033 -2.77981e-05 -0.00966488 0.000113738 0.000674961 0.00195287 0.00296868 -0.000273762 -0.000847728 -0.00240971 -0.000106491 0.000496454 -0.000428162 0.00137795 0.00348321 0.00600312 0 0.00169003 0.00884615 -0.00372473 -0.00489309 -0.000709459
internal_weight=17104 16363 741 15689 6425 2764 2182 9264 5321 1324 488 3943 1916 2027 829 476 353 958 359 836 603 143
internal_count=17104 16363 741 15689 6425 2764 2182 9264 5321 1324 488 3943 1916 2027 829 476 353 958 359 836 603 143
is_linear=0
shrinkage=0.035


Tree=129
num_leaves=23
num_cat=0
split_feature=9 22 20 21 20 9 20 20 21 21 12 6 20 20 20 20 21 20 22 4 22 6
split_gain=47.9649 12.2873 2.37256 8.10697 9.34333 2.90983 2.88995 4.92441 10.0981 4.68764 3.78962 3.61348 2.90217 7.14654 4.15952 4.98302 2.86586 2.85111 2.75893 2.9338 2.61493 2.53916
threshold=0.57332179065277356 34795.000000000007 29.500000000000004 2.5000000000000004 30.500000000000004 8.0036823498036949 11.500000000000002 6.5000000000000009 1.5000000000000002 3.5000000000000004 6.6698995303957984 27.062749211546333 18.500000000000004 20.500000000000004 23.500000000000004 27.500000000000004 3.5000000000000004 2.5000000000000004 52360.000000000007 4.0075510609739959 31797.000000000004 5.7574969127869009
decision_type=2 2 2 2 2 2 2 2 2 2 2 2 2 2 2 2 2 2 2 2 2 2
left_child=1 -1 6 -4 5 -5 7 17 20 18 11 -10 -11 -14 -15 -16 -12 21 19 -8 -9 -2
right_child=2 -3 3 4 -6 -7 9 8 10 12 16 -13 13 14 15 -17 -18 -19 -20 -21 -22 -23
leaf_value=-0.0035455177670209066 -0.00060131766064877915 -0.0019240754661565777 -0.014275960328412517 0.030009395187060809 -0.011548628085729706 0.25025394171248694 -0.0019534400881646586 -0.0009657936201768947 0.011302224947380908 -0.013958770484771336 0.01405464608682788 -0.082192471829688876 0.012394039369254088 -0.024798772639477704 0.004526117374551223 -0.015800098895154373 0.1403753611677126 -0.0051611546085785793 -0.0035007893969465223 0.0060181611475138702 -0.024903486051055246 0.01975009902774021
leaf_weight=728 746 554 236 138 120 102 2466 330 1928 859 80 50 227 360 483 237 160 2436 449 3660 276 487
leaf_count=728 746 554 236 138 120 102 2466 330 1928 859 80 50 227 360 483 237 160 2436 449 3660 276 487
internal_value=-0.000559239 -0.00705711 -2.9839e-05 0.00212562 0.00541781 0.00935714 -0.000115985 0.000441674 0.0015403 -0.000532243 0.0026372 0.00210918 -0.00194265 -0.000880335 -0.00208065 -0.000506897 0.00678571 -0.000400109 -6.38298e-05 0.000128446 -0.00243453 0.000961228
internal_weight=17112 1282 15830 596 360 240 15234 6493 2824 8741 2218 1978 2166 1307 1080 720 240 3669 6575 6126 606 1233
internal_count=17112 1282 15830 596 360 240 15234 6493 2824 8741 2218 1978 2166 1307 1080 720 240 3669 6575 6126 606 1233
is_linear=0
shrinkage=0.035


Tree=130
num_leaves=23
num_cat=0
split_feature=9 22 8 20 21 18 0 11 4 9 8 15 5 12 6 3 10 9 9 10 20 9
split_gain=51.162 6.52237 4.80574 1.84455 7.93676 6.56036 3.41013 2.04866 1.96789 2.01272 2.52232 2.02875 1.92887 1.70168 1.8645 1.6895 1.49926 3.62718 4.55634 1.74358 2.32317 1.92252
threshold=0.3956951516321271 34795.000000000007 0.5723960849627322 29.500000000000004 2.5000000000000004 1.0000000180025095e-35 15.022525042907136 3.5400053144562924 2.9974617545665088 2.2143052359085309 1.6371921543960082 0.29814814814814822 2.8075548694824484 1.0797154152493629 3.9929401464817613 3.9853480954257141 1.5118578920369083 2.2581248134303693 2.9646741845814515 1.2535663410560194 2.5000000000000004 1.8251638013966984
decision_type=2 2 2 2 2 2 2 2 2 2 2 2 2 2 2 2 2 2 2 2 2 2
left_child=1 -1 -2 8 -5 6 -6 -7 16 10 11 13 15 -10 -15 -11 17 19 -19 20 -4 -22
right_child=2 -3 3 4 5 7 -8 -9 9 12 -12 -13 -14 14 -16 -17 -18 18 -20 -21 21 -23
leaf_value=-0.00095480273222095383 -0.0068226137809571964 -0.0018567328248410976 0.012763164471803753 -0.011654960571138713 0.029555430241549219 0.0027828292189588191 0.37289551103678603 -0.046262902717258296 0.00023279052254252615 -0.0072176108290693186 0.0021194504219491225 0.0033309915236382206 0.00079141231462754214 -0.0049140940509459176 -0.017155222071638398 0.0026571776385011341 0.00035992519226044854 -0.010136306244580836 0.0052998032932264558 -0.0046386469886414332 -0.001191428811308588 0.0018356218707509344
leaf_weight=341 450 541 95 243 171 78 76 45 86 558 458 112 9776 64 54 321 1411 505 180 322 1004 294
leaf_count=341 450 541 95 243 171 78 76 45 86 558 458 112 9776 64 54 321 1411 505 180 322 1004 294
internal_value=-0.00055381 -0.00874014 -0.000107309 -4.41418e-06 0.00186893 0.00508667 0.00833333 -0.00136719 -8.15021e-05 0.00014693 0.00186457 -0.000490654 1.96998e-05 -0.00259569 -0.00526423 -0.00154412 -0.00077044 -0.00130249 -0.00344928 -0.000427326 0.000100143 -0.000282041
internal_weight=17185 882 16303 15853 613 370 247 123 15240 11429 774 316 10655 204 118 879 3811 2400 685 1715 1393 1298
internal_count=17185 882 16303 15853 613 370 247 123 15240 11429 774 316 10655 204 118 879 3811 2400 685 1715 1393 1298
is_linear=0
shrinkage=0.035


Tree=131
num_leaves=23
num_cat=0
split_feature=9 22 7 20 1 18 20 9 7 10 1 0 6 22 12 6 0 9 2 9 27 11
split_gain=47.6448 12.3547 2.60939 3.07861 1.73826 2.59583 2.79826 2.26048 3.49814 2.16449 1.87383 1.70482 1.35257 2.20792 1.80488 1.7603 1.3028 3.02896 2.36498 3.39197 2.03799 3.20333
threshold=0.53708791208791218 34795.000000000007 20.172203644549398 27.500000000000004 19.556552062598733 1.0000000180025095e-35 2.5000000000000004 25.375000000000004 21.887490267042047 7.1746909672954091 26.94184716045481 23.937493722930562 14.711070944525238 16785.000000000004 5.8103854169690763 26.068648301856552 2.9519925495886379 2.2400445813187457 8.9846950015344529 3.2177908092972891 3.5000000000000004 0.84189738614109566
decision_type=2 2 2 2 2 2 2 2 2 2 2 2 2 2 2 2 2 2 2 2 2 2
left_child=1 -1 16 4 7 6 9 8 -4 -6 -7 -9 -8 14 -14 -16 17 20 19 -19 -2 -22
right_child=2 -3 3 -5 5 10 12 11 -10 -11 -12 -13 13 -15 15 -17 -18 18 -20 -21 21 -23
leaf_value=-0.002857120738335322 -0.00072677260195728186 -0.0017917471759716591 0.065619768158935041 0.080624708779657148 0.13618413657127082 -0.01001164470500652 0.0034869828098542314 0.12658710563897194 -0.016257672634796761 -0.0038707108188499278 0.10885523337078822 0.005861917348361648 0.06809312842837055 -0.068061069060255358 -0.041509586618112722 0.022061972246634139 -3.5725503468058145e-05 -0.0061547843213241886 -0.054254346136769618 0.0019130464305383522 -0.0090081333363313306 0.0019273828116759186
leaf_weight=640 1823 549 195 157 45 46 248 51 222 46 87 45 60 121 239 94 9799 1414 49 470 204 558
leaf_count=640 1823 549 195 157 45 46 248 51 222 46 87 45 60 121 239 94 9799 1414 49 470 204 558
internal_value=-0.000584115 -0.00732831 -7.88584e-05 0.00123269 0.00072141 -0.000123613 -0.000856643 0.00236486 0.00116114 0.00473958 0.00431159 0.00710396 -0.00157432 -0.00259634 -0.00123116 -0.00227811 -0.00023216 -0.000723524 -0.00176987 -0.00154711 5.40541e-05 0.00157432
internal_weight=17162 1189 15973 1656 1499 986 853 513 417 91 133 96 762 514 393 333 14317 4518 1933 1884 2585 762
internal_count=17162 1189 15973 1656 1499 986 853 513 417 91 133 96 762 514 393 333 14317 4518 1933 1884 2585 762
is_linear=0
shrinkage=0.035


Tree=132
num_leaves=23
num_cat=0
split_feature=8 22 15 3 4 11 10 22 12 21 11 10 15 22 0 27 11 11 17 15 0 22
split_gain=47.7837 9.49907 2.58863 2.15032 1.82763 1.74882 1.71108 1.54455 2.01339 1.74472 1.46676 1.2269 1.19196 3.01406 1.81933 1.47018 2.1484 2.07977 1.2083 1.94133 1.9912 1.62534
threshold=0.50378643844840409 34795.000000000007 0.52086956521739147 20.017857142857146 34.129284693525193 3.7541186173863239 3.2071349029490954 31488.000000000004 5.1139140002659813 2.5000000000000004 0.90621303993092428 0.42429768886763164 0.21240601503759401 54348.000000000007 1.9999246801866812 3.5000000000000004 0.94053994312596167 0.85492966673622606 1.0000000180025095e-35 0.36700336700336705 0.99502319985380738 54348.000000000007
decision_type=2 2 2 2 2 2 2 2 2 2 2 2 2 2 2 2 2 2 2 2 2 2
left_child=1 11 3 12 5 -5 -7 8 -8 -9 -4 -1 13 14 -2 17 -17 -14 -19 20 -20 -22
right_child=2 -3 10 4 -6 6 7 9 -10 -11 -12 -13 15 -15 -16 16 -18 18 19 -21 21 -23
leaf_value=-0.0019404204690650923 -0.0031962229840092845 -0.0017290360248126511 -0.0076134382566204768 0.0864493743417655 0.085609753561846552 -0.054037904000988485 0.06472342721589662 -0.07153811803857732 0.014884391852450066 0.0072849097415197588 -0.0046286310693031242 -0.0034524828036184381 0.0018800609108429436 -0.014148240372573669 9.0142664983539078e-05 -0.0091145266412713134 0.0044634202292818548 -0.0014053680221681264 -0.014768149722076376 0.013448213968622736 0.0097360480239368948 -0.0013273854978053091
leaf_weight=208 1420 548 146 52 85 54 101 100 913 189 108 412 192 109 11089 75 214 778 58 61 120 72
leaf_count=208 1420 548 146 52 85 54 101 100 913 189 108 412 192 109 11089 75 214 778 58 61 120 72
internal_value=-0.000477673 -0.0072954 2.30538e-05 8.14369e-05 0.00134256 0.00101485 0.000745228 0.00101682 0.00166585 -0.00119048 -0.00344595 -0.004228 -5.05531e-05 -0.000164977 -0.000111875 0.000855556 0.00309524 0.000326594 -0.000255941 0.00155063 6.86275e-05 0.00186548
internal_weight=17104 1168 15936 15682 1494 1409 1357 1303 1014 289 254 620 14188 12618 12509 1570 289 1281 1089 311 250 192
internal_count=17104 1168 15936 15682 1494 1409 1357 1303 1014 289 254 620 14188 12618 12509 1570 289 1281 1089 311 250 192
is_linear=0
shrinkage=0.035


Tree=133
num_leaves=23
num_cat=0
split_feature=9 22 2 1 4 20 3 21 20 21 20 20 17 20 20 20 21 21 20 20 20 21
split_gain=50.3486 11.8329 2.70874 2.21296 2.1044 2.06869 3.59041 3.03743 4.63157 3.73151 10.4239 10.1254 3.58086 3.39917 3.2123 3.03266 17.0676 2.36473 2.65166 2.37718 2.70622 2.351
threshold=0.57332179065277356 34795.000000000007 5.8887296755550986 0.89891575775293053 0.72511993027812494 11.500000000000002 33.500000000000007 3.5000000000000004 29.500000000000004 2.5000000000000004 27.500000000000004 30.500000000000004 1.0000000180025095e-35 27.500000000000004 22.500000000000004 9.5000000000000018 2.5000000000000004 1.5000000000000002 13.500000000000002 18.500000000000004 20.500000000000004 2.5000000000000004
decision_type=2 2 2 2 2 2 2 2 2 2 2 2 2 2 2 2 2 2 2 2 2 2
left_child=1 4 3 -2 -1 6 15 9 12 13 -11 -12 -9 14 17 21 -17 18 -7 -20 -21 -4
right_child=2 -3 5 -5 -6 7 -8 8 -10 10 11 -13 -14 -15 -16 16 -18 -19 19 20 -22 -23
leaf_value=-0.0024468790160775979 0.0011963964076159837 -0.0016685197639442085 0.016916380693562997 -0.0015239719367104011 -0.0041121354501121674 0.062066744886718359 0.12338016984377327 -0.024163551983476108 0.10130535099581167 0.0033691550147297534 0.18582028808700654 -0.028097184117861364 0.0022646215325152499 -0.021683813369000611 0.020191246010448742 -0.025154917909460197 0.10743331635881398 -0.010869571575355438 -0.015987284080125744 0.089238785858451838 -0.009228740795587928 -0.0023630887579505666
leaf_weight=457 968 544 932 6850 276 108 95 766 66 1006 183 55 405 404 609 238 257 679 287 108 109 1683
leaf_count=457 968 544 932 6850 276 108 95 766 66 1006 183 55 405 404 609 238 257 679 287 108 109 1683
internal_value=-0.000536571 -0.00720749 3.32005e-06 -0.000458584 -0.00422087 0.000457473 0.00114486 0 -0.00149356 0.000517169 0.00205965 0.00856996 -0.00202381 -0.000310741 0.00030315 0.000926966 0.00343 -0.000675154 0.000879254 -0.000171906 0.00252252 0.00044084
internal_weight=17085 1277 15808 7818 733 7990 3205 4785 1237 3548 1244 238 1171 2304 1900 3110 495 1291 612 504 217 2615
internal_count=17085 1277 15808 7818 733 7990 3205 4785 1237 3548 1244 238 1171 2304 1900 3110 495 1291 612 504 217 2615
is_linear=0
shrinkage=0.035


Tree=134
num_leaves=23
num_cat=0
split_feature=9 22 7 25 1 9 16 15 25 11 11 0 1 14 13 22 12 6 24 11 10 14
split_gain=47.6158 12.4244 2.63264 2.66288 1.9963 1.82201 2.56212 2.37117 2.59455 2.4494 1.94241 2.27251 2.09798 2.75615 2.55236 2.0311 1.92427 1.88632 1.85981 1.76552 3.31688 1.96333
threshold=0.57332179065277356 34795.000000000007 14.716713265460024 430.00000000000006 12.600843035355068 5.8571475160156901 1.0000000180025095e-35 0.048809523809523817 421.00000000000006 2.103111248383434 2.4314785444432601 4.9584559719734012 2.0428215958214628 0.10555555555555557 1.0000000180025095e-35 15527.500000000002 2.1488892171828846 3.9929401464817613 8654.0000000000018 0.84189738614109566 1.2535663410560174 0.36931818181818188
decision_type=2 2 2 2 2 2 2 2 2 2 2 2 2 2 2 2 2 2 2 2 2 2
left_child=1 -1 4 -4 5 7 -7 8 -2 -10 12 -12 13 14 17 19 -11 -9 -16 21 -21 -15
right_child=2 -3 3 -5 -6 6 -8 10 9 16 11 -13 -14 15 18 -17 -18 -19 -20 20 -22 -23
leaf_value=-0.0029666358349652268 -0.007333513945209728 -0.0016101215722061611 0.017053248552740617 -0.0065990919832494398 -0.0079707619311198043 0.0013843534283235082 0.073121634598675711 -0.0025993069817117952 0.0015068920743825022 -0.027876281629574527 0.016704195426044333 -0.0092201263445566197 -0.0025677897101073822 0.0054970390756997004 0.014083333359192486 -0.00090029851769545758 -0.0052284216603629367 0.0055518895019248575 -0.0029870747354822794 0.0091414213354710176 0.00063949019267416367 -0.011828340121410397
leaf_weight=727 1546 543 2547 923 1033 3882 98 264 797 69 160 69 1463 45 233 1858 245 104 48 128 229 70
leaf_count=727 1546 543 2547 923 1033 3882 98 264 797 69 160 69 1463 45 233 1858 245 104 48 128 229 70
internal_value=-0.000534648 -0.00704118 -8.8518e-06 0.000841007 -0.000249474 -0.000112923 0.000487453 -0.000441497 -0.00127536 0 2.99401e-05 0.00314103 -0.000129863 0.000398794 0.00240826 -0.000157388 -0.00257837 0.000422252 0.0048951 0.00187107 0.00309392 -0.00175
internal_weight=17081 1270 15811 3470 12341 11308 3980 7328 2657 1111 4671 229 4442 2979 649 2330 314 368 281 472 357 115
internal_count=17081 1270 15811 3470 12341 11308 3980 7328 2657 1111 4671 229 4442 2979 649 2330 314 368 281 472 357 115
is_linear=0
shrinkage=0.035


Tree=135
num_leaves=23
num_cat=0
split_feature=9 22 9 18 1 6 21 20 21 18 20 20 20 2 4 20 18 7 11 1 1 20
split_gain=53.2903 12.8378 2.24437 1.82476 2.2605 1.70329 1.67418 6.11081 7.38231 9.43386 4.45451 15.202 4.36102 3.28081 3.02798 2.68426 3.13232 2.92669 2.24916 1.92493 3.16822 1.90793
threshold=0.57332179065277356 34795.000000000007 23.787301587301592 1.0000000180025095e-35 32.106343334591671 36.500000000000007 2.5000000000000004 27.500000000000004 3.5000000000000004 1.0000000180025095e-35 11.500000000000002 9.5000000000000018 29.500000000000004 6.9791014967533531 7.2326461957764456 27.500000000000004 1.0000000180025095e-35 1.2503707257122016 4.1369863056542906 8.9846950015344529 24.170466578992038 7.5000000000000009
decision_type=2 2 2 2 2 2 2 2 2 2 2 2 2 2 2 2 2 2 2 2 2 2
left_child=1 -1 5 4 -4 6 15 10 9 13 11 21 -10 -9 -13 16 19 -17 -11 -2 -21 -8
right_child=2 -3 3 -5 -6 -7 7 8 12 18 -12 14 -14 -15 -16 17 -18 -19 -20 20 -22 -23
leaf_value=-0.002981702845002863 -0.00095907135946879504 -0.0015537673171789454 0.041384597939053643 0.08949400779254145 -0.028960715043555924 -0.052496140474288258 -0.0014516393070226254 0.032874108697627275 -0.013127988874370652 0.0073557393860413066 -0.0030031965242317874 0.017465159135135976 0.028725764515050531 0.24208027969372414 0.10386917930765278 0.0054407915837796379 -0.017396856651523716 -0.013136928571771695 -0.047047042460132776 0.01547013806877093 -0.038024313064955496 0.010102538136880855
leaf_weight=738 4040 567 502 54 94 72 2381 115 223 182 3673 278 122 117 194 58 369 659 45 1807 162 666
leaf_count=738 4040 567 502 54 94 72 2381 115 223 182 3673 278 122 117 194 58 369 659 45 1807 162 666
internal_value=-0.000509987 -0.00729389 5.08914e-05 0.00205725 0.00142679 -3.46123e-05 -6.95548e-06 0.00033902 0.00322311 0.00610991 1.21578e-05 0.000903802 -0.0006 0.0110021 0.00671384 -0.000399296 -0.000167241 -0.00242382 0.000905172 2.3279e-05 0.000921986 0
internal_weight=17118 1305 15813 650 596 15163 15091 7996 804 459 7192 3519 345 232 472 7095 6378 717 227 6009 1969 3047
internal_count=17118 1305 15813 650 596 15163 15091 7996 804 459 7192 3519 345 232 472 7095 6378 717 227 6009 1969 3047
is_linear=0
shrinkage=0.035


Tree=136
num_leaves=23
num_cat=0
split_feature=9 22 21 20 21 18 20 20 8 17 20 20 20 9 3 18 25 11 1 11 20 20
split_gain=49.9075 10.279 2.19283 7.78177 8.06032 8.57771 4.47837 4.18013 3.22492 3.14029 3.48446 10.5345 6.75446 5.66236 3.55911 3.0791 2.74637 2.68171 2.47154 3.12016 2.86084 2.34172
threshold=0.53708791208791218 34795.000000000007 2.5000000000000004 27.500000000000004 3.5000000000000004 1.0000000180025095e-35 27.500000000000004 29.500000000000004 7.501658163265307 1.0000000180025095e-35 7.5000000000000009 11.500000000000002 5.5000000000000009 15.003401360544219 13.982558156555685 1.0000000180025095e-35 299.00000000000006 2.8220068609190014 8.9846950015344529 4.5717719651245661 3.5000000000000004 12.500000000000002
decision_type=2 2 2 2 2 2 2 2 2 2 2 2 2 2 2 2 2 2 2 2 2 2
left_child=1 -1 6 9 5 8 15 17 -5 10 12 13 -4 -12 16 18 -14 -6 -2 -20 -21 -11
right_child=2 -3 3 4 7 -7 -8 -9 -10 21 11 -13 14 -15 -16 -17 -18 -19 19 20 -22 -23
leaf_value=-0.0022950828358304846 -0.0012987258594491502 -0.0014993854610776823 -0.0013983606075094902 0.042621764917570866 -0.00028350921369462437 0.002753497717790552 -0.011884862764382326 0.030337823748657955 0.32559755342626828 0.0077395073023618999 0.0093806939487567128 -0.0038914365861979485 -0.021811764675736586 0.10449918870955786 -0.088941746157090953 -0.014966942568431245 -0.0014582534601500553 -0.047515841658277741 0.019558683782739703 0.058934824456560911 -0.0076701625752048719 1.1998796403631108e-05
leaf_weight=651 4122 557 1365 144 140 249 735 118 110 959 756 2830 206 225 109 377 186 102 990 84 1094 1106
leaf_count=651 4122 557 1365 144 140 249 735 118 110 959 756 2830 206 225 109 377 186 102 990 84 1094 1106
internal_value=-0.000613821 -0.00745878 -9.3992e-05 0.000284553 0.00342742 0.00626969 -0.000536317 -0.000527397 0.0107432 -6.55092e-05 -0.000492784 0.000110063 -0.00173036 0.00323022 -0.00518775 -0.000246553 -0.00348237 -0.00318826 -5.83797e-05 0.000893925 -0.000310651 0.00109903
internal_weight=17215 1208 16007 8605 863 503 7402 360 254 7742 5677 3811 1866 981 501 6667 392 242 6290 2168 1178 2065
internal_count=17215 1208 16007 8605 863 503 7402 360 254 7742 5677 3811 1866 981 501 6667 392 242 6290 2168 1178 2065
is_linear=0
shrinkage=0.035


Tree=137
num_leaves=23
num_cat=0
split_feature=9 22 16 1 2 1 12 1 17 8 22 12 0 25 10 9 12 11 9 25 14 11
split_gain=50.6948 11.109 3.05091 2.78389 3.47376 3.72297 2.96129 2.50402 1.68305 1.61998 4.77487 4.02141 1.97504 1.87073 1.65733 1.58578 1.4953 1.91076 1.35373 2.46627 1.87863 1.7893
threshold=0.57332179065277356 34795.000000000007 1.0000000180025095e-35 1.5800039031569326 10.095760798250753 11.852133989485408 2.4250674389462761 29.073923966709916 1.0000000180025095e-35 1.2844387755102045 54348.000000000007 1.0797154152493629 34.129284693525193 195.50000000000003 1.0690449676497 25.375000000000004 1.2828451946772625 0.99449031619769424 2.2400445813187457 200.00000000000003 0.20714285714285716 1.406422281611247
decision_type=2 2 2 2 2 2 2 2 2 2 2 2 2 2 2 2 2 2 2 2 2 2
left_child=1 -1 8 -4 5 6 -5 -6 9 13 11 -11 18 -2 -12 -10 17 -15 19 20 -13 -21
right_child=2 -3 3 4 7 -7 -8 -9 15 10 14 12 -14 16 -16 -17 -18 -19 -20 21 -22 -23
leaf_value=-0.0026781160819122764 -0.01182607525490309 -0.0014469069699399634 0.03624664429002937 -0.0016400965815648141 0.1846193512846622 -0.084338931031054859 0.05522987288975801 -0.082796656525959425 0.0010826787354926682 -0.011076485468164565 -0.0019096005968793585 0.0023793794088845794 0.046666125202637493 0.00053781586921462408 -0.0147892078087258 0.074497475002144958 -0.00087534706356913298 0.001541534174260032 -0.0018442992449445739 0.00079297917532419556 -0.017998853544448846 0.0017829015367868625
leaf_weight=728 160 547 77 207 137 54 81 45 4173 255 69 150 103 265 128 88 60 177 8761 417 157 378
leaf_count=728 160 547 77 207 137 54 81 45 4173 255 69 150 103 265 128 88 60 177 8761 417 157 378
internal_value=-0.000489781 -0.00719141 4.71876e-05 0.0024835 0.00148866 -0.000554755 0.00101536 0.00533422 -4.78952e-05 -0.000276274 -0.000384486 -0.000277235 -0.000163223 0.00139055 -0.00571782 0.000541491 0.00245069 0.00317114 -0.000216356 0.000932701 -0.00168269 0.00196875
internal_weight=17217 1275 15942 601 524 342 288 182 15341 11080 10418 10221 9966 662 197 4261 502 442 9863 1102 307 795
internal_count=17217 1275 15942 601 524 342 288 182 15341 11080 10418 10221 9966 662 197 4261 502 442 9863 1102 307 795
is_linear=0
shrinkage=0.035


Tree=138
num_leaves=23
num_cat=0
split_feature=9 22 16 4 1 1 20 20 21 21 21 20 20 20 7 17 20 20 20 12 20 21
split_gain=50.1759 11.6761 2.50609 2.86801 3.19912 1.98425 1.79398 4.75478 6.83042 3.6792 6.53072 6.36132 10.0917 3.12853 2.8262 2.66631 10.9638 2.91482 2.48427 2.45342 2.34112 2.17082
threshold=0.57332179065277356 34795.000000000007 1.0000000180025095e-35 11.503534173707413 1.5247919701716623 19.556552062598733 11.500000000000002 6.5000000000000009 1.5000000000000002 4.5000000000000009 3.5000000000000004 8.5000000000000018 7.5000000000000009 22.500000000000004 15.287460124205923 1.0000000180025095e-35 8.5000000000000018 10.500000000000002 7.5000000000000009 9.0869913384272163 9.5000000000000018 1.5000000000000002
decision_type=2 2 2 2 2 2 2 2 2 2 2 2 2 2 2 2 2 2 2 2 2 2
left_child=1 -1 6 4 -4 -5 7 -2 -9 10 15 12 -11 21 -12 16 18 20 -10 -15 -17 -8
right_child=2 -3 3 5 -6 -7 13 8 9 11 14 -13 -14 19 -16 17 -18 -19 -20 -21 -22 -23
leaf_value=-0.0023604740087409546 -0.0010586745158804557 -0.0013962652259920645 0.035599556175859769 0.18262276676782038 -0.0011197986486338918 0.15694226214564116 0.00093786028787124062 -0.0084769040060351884 0.0070530699248841817 -0.020730313528995303 0.027004039506058477 -0.032508388137517961 0.081019504763640837 0.00099434143769439975 0.13920528487098377 -0.0043196888609692589 0.091310124407142076 -0.027514610757118939 -0.011759866195488373 0.045603813279312504 0.020091534237691128 -0.0044746508399180979
leaf_weight=736 3523 540 82 62 379 76 1301 564 230 118 457 115 114 3814 138 118 239 116 239 107 244 3910
leaf_count=736 3523 540 82 62 379 76 1301 564 230 118 457 115 114 3814 138 118 239 116 239 107 244 3910
internal_value=-0.000370784 -0.00703552 0.000163469 0.00237583 0.000976395 0.00673077 7.52345e-05 0.000534566 0.00164164 0.00255157 0.00319429 -0.000696023 0.00258439 -0.000235581 0.00618333 0.00166037 0.00301893 -0.000326087 -7.38397e-05 0.000508151 0.0011921 -0.000798505
internal_weight=17222 1276 15946 599 461 138 15347 6215 2692 2128 1781 347 232 9132 595 1186 708 478 469 3921 362 5211
internal_count=17222 1276 15946 599 461 138 15347 6215 2692 2128 1781 347 232 9132 595 1186 708 478 469 3921 362 5211
is_linear=0
shrinkage=0.035


Tree=139
num_leaves=23
num_cat=0
split_feature=15 23 9 3 20 7 25 5 27 3 20 20 20 21 20 20 21 20 21 20 20 21
split_gain=52.6517 5.8772 5.64327 2.09296 2.62298 3.12659 2.04239 1.69634 2.30554 1.6601 1.51517 2.41466 1.49988 3.46495 3.2056 2.87492 3.25633 2.73232 6.86628 8.94102 4.41484 3.79787
threshold=0.64495798319327746 40250.000000000007 0.57332179065277356 20.017857142857146 10.500000000000002 27.456079625851221 200.00000000000003 12.996151141142256 2.5000000000000004 22.052447947677845 6.5000000000000009 3.5000000000000004 25.500000000000004 2.5000000000000004 16.500000000000004 27.500000000000004 1.5000000000000002 27.500000000000004 3.5000000000000004 30.500000000000004 29.500000000000004 3.5000000000000004
decision_type=2 2 2 2 2 2 2 2 2 2 2 2 2 2 2 2 2 2 2 2 2 2
left_child=2 -2 -1 12 5 7 -6 -5 -9 -8 11 -10 14 15 -4 16 -14 21 19 -19 -20 -15
right_child=1 -3 3 4 6 -7 9 8 10 -11 -12 -13 13 17 -16 -17 -18 18 20 -21 -22 -23
leaf_value=-0.005027947458986444 -0.00020295952254567666 -0.0013473959430823422 0.00032577788123097309 0.00059624520670110038 0.014111420534424114 -0.038490913372216898 0.020078684830027557 0.12720523144606224 0.071837770668723044 -0.040665774436831496 0.11046819968055545 -0.024385668912603863 0.026575655145028982 -0.010959612690381154 -0.0035192509210259363 -0.0065637095337391579 -0.0069253237298969985 0.063144738638360079 -0.010975706282474197 -0.0074410018987084601 0.030944122398508286 0.012175604442670535
leaf_weight=446 309 540 8007 116 490 96 115 99 75 259 145 99 225 227 3939 665 236 334 225 114 117 216
leaf_count=446 309 540 8007 116 490 96 115 99 75 259 145 99 225 227 3939 665 236 334 225 114 117 216
internal_value=-0.000504562 -0.00897541 -5.81538e-05 5.09365e-05 0.00129586 0.00300394 2.01381e-05 0.00405844 0.00508865 -0.00189314 0.00345679 0.00107542 -7.82669e-05 0.000725465 -0.000238683 -0.00066534 0.00142704 0.00200727 0.00323585 0.00606512 -0.00045389 -0.00015625
internal_weight=17094 849 16245 15799 1494 630 864 534 418 374 319 174 14305 2359 11946 1126 461 1233 790 448 342 443
internal_count=17094 849 16245 15799 1494 630 864 534 418 374 319 174 14305 2359 11946 1126 461 1233 790 448 342 443
is_linear=0
shrinkage=0.035


Tree=140
num_leaves=23
num_cat=0
split_feature=9 22 9 1 16 1 9 20 20 4 0 20 0 3 12 2 12 20 20 10 12 25
split_gain=46.1297 11.8174 2.0386 2.96005 1.91987 2.20495 2.45077 1.69924 4.03918 3.40739 2.41278 2.19193 2.40064 2.14391 1.83733 3.09854 1.8372 1.57118 3.26824 2.36752 1.97371 1.81099
threshold=0.57332179065277356 34795.000000000007 10.507034530153202 12.996151141142256 1.0000000180025095e-35 21.011946453809166 14.512308379836307 11.500000000000002 22.500000000000004 8.9846950015344529 14.999072958688698 9.5000000000000018 13.982558156555685 26.94184716045481 8.9378733062503795 22.052447947677845 8.6219335438479856 30.500000000000004 29.500000000000004 4.8892496259407752 7.1418532970840225 455.50000000000006
decision_type=2 2 2 2 2 2 2 2 2 2 2 2 2 2 2 2 2 2 2 2 2 2
left_child=1 -1 3 -2 7 6 -6 11 9 -9 -11 13 -13 -4 17 -16 -15 18 20 -20 21 -10
right_child=2 -3 4 -5 5 -7 -8 8 14 10 -12 12 -14 16 15 -17 -18 -19 19 -21 -22 -23
leaf_value=-0.0025809170404170016 -0.00040861706471538313 -0.0013002370850744602 0.00057188661114892635 -0.012229484307977333 0.00045181179175184387 -0.0057391008979846177 0.26517938001514119 0.023094312975969797 0.030871737727288545 -0.00075952566256142894 -0.023813693013461406 -0.017512784595859136 0.068555274757457166 0.076168351413642574 0.066372174291916136 -0.0052591924211945786 -0.047027296425666332 -0.043203358957237065 0.030456400076287783 0.32233119582665121 -0.02764391221523756 -0.0071264296526681653
leaf_weight=730 10411 527 1461 389 45 88 72 242 574 540 847 67 214 148 67 60 73 70 45 52 181 170
leaf_count=730 10411 527 1461 389 45 88 72 242 574 540 847 67 214 148 67 60 73 70 45 52 181 170
internal_value=-0.000549245 -0.00698891 -3.42899e-05 -0.000306108 0.000547202 0.00383333 0.00688525 0.000399709 -0.00014108 -0.00128519 -0.00196121 0.00119157 0.00403846 0.000695021 0.00137255 0.00530303 0.00387168 0.000877393 0.00124391 0.00720588 0.000564516 0.0013785
internal_weight=17073 1257 15816 10800 5016 205 117 4811 2848 1629 1387 1963 281 1682 1219 127 221 1092 1022 97 925 744
internal_count=17073 1257 15816 10800 5016 205 117 4811 2848 1629 1387 1963 281 1682 1219 127 221 1092 1022 97 925 744
is_linear=0
shrinkage=0.035


Tree=141
num_leaves=23
num_cat=0
split_feature=9 22 20 20 4 20 20 22 4 10 3 4 5 2 7 0 9 9 9 10 12 8
split_gain=49.1077 11.61 1.8974 4.09516 4.5172 3.80602 3.46047 3.15052 2.8578 2.90385 2.89774 2.22561 2.14139 2.05824 1.81152 1.86664 1.80951 4.10062 3.93694 2.38629 1.91443 1.85804
threshold=0.53708791208791218 34795.000000000007 11.500000000000002 6.5000000000000009 7.2326461957764456 2.5000000000000004 23.500000000000004 25082.000000000004 8.1342290082565736 4.0355562548072959 16.987659160272365 32.106343334591671 6.9966807769941894 4.9584559719734012 9.575742840367413 8.0097912782270964 2.2581248134303693 1.8251638013966984 2.79394321958477 1.9023794624226864 1.402049732447844 1.2844387755102045
decision_type=2 2 2 2 2 2 2 2 2 2 2 2 2 2 2 2 2 2 2 2 2 2
left_child=1 -1 3 5 7 8 16 12 -2 -10 -11 -8 -5 -6 15 -9 17 21 -18 20 -19 -4
right_child=2 -3 6 4 13 -7 11 14 9 10 -12 -13 -14 -15 -16 -17 18 19 -20 -21 -22 -23
leaf_value=-0.0019410127694112253 0.00036917970982834202 -0.0012547287870968544 0.00020618611198958443 0.0052160113138931827 -0.0045832545203152632 -0.0047145501297060416 0.0014422104005933846 -0.00074017854056671669 0.071987153678584048 -0.011624849167926589 0.063570157334130795 0.095888598161706889 0.096463940937202022 0.049658628718262564 -0.043789413514183431 0.027046829868177212 -0.0080404192832928024 0.0011033842279752305 -0.0038629510054569828 -0.0017723055337202987 0.0036886959183613614 -0.010751020746720415
leaf_weight=646 888 551 410 826 56 2448 3456 770 129 111 103 79 54 850 169 85 559 193 4088 68 181 401
leaf_count=646 888 551 410 826 56 2448 3456 770 129 111 103 79 54 850 169 85 559 193 4088 68 181 401
internal_value=-0.000457783 -0.00727953 5.60299e-05 0.000517401 0.00152309 -0.000247014 -0.000259534 0.000540859 0.00133091 0.00402299 0.00135845 0.000603107 0.00207627 0.00355379 -0.000765306 -8.13953e-05 -0.000779424 0.000389507 -0.00109845 0.00309284 0.00420185 -0.0010723
internal_weight=17121 1197 15924 6489 2810 3679 9435 1904 1231 343 214 3535 880 906 1024 855 5900 1253 4647 442 374 811
internal_count=17121 1197 15924 6489 2810 3679 9435 1904 1231 343 214 3535 880 906 1024 855 5900 1253 4647 442 374 811
is_linear=0
shrinkage=0.035


Tree=142
num_leaves=23
num_cat=0
split_feature=9 22 9 24 21 18 17 18 21 6 6 21 1 10 21 1 6 5 11 0 5 5
split_gain=38.3255 20.5976 5.38542 1.43875 1.90811 3.01681 1.88994 3.65338 6.1851 4.04244 3.71696 2.45821 2.33689 2.68727 2.28658 2.59216 2.24297 2.12968 1.86832 1.78095 1.94565 1.56441
threshold=0.57332179065277356 34795.000000000007 0.28576014119515097 10740.000000000002 2.5000000000000004 1.0000000180025095e-35 1.0000000180025095e-35 1.0000000180025095e-35 4.5000000000000009 17.961864802538603 20.696428571428573 3.5000000000000004 21.965076773329255 6.198966626596718 4.5000000000000009 3.0003581617680068 1.8516343351454452 23.023809523809529 8.4235408307209809 22.797540755617458 16.940434238785283 2.7050038112090919
decision_type=2 2 2 2 2 2 2 2 2 2 2 2 2 2 2 2 2 2 2 2 2 2
left_child=1 2 -1 4 5 -2 7 11 10 -10 -9 18 13 -8 15 16 -13 -17 -6 20 -16 -18
right_child=3 -3 -4 -5 6 -7 12 8 9 -11 -12 14 -14 -15 19 17 21 -19 -20 -21 -22 -23
leaf_value=2.0695579278619916e-05 -0.0014426505530176837 -0.0012108132795484643 -0.0036122658062712251 0.0045392571030970965 0.00032897224237803146 -0.018863611302018628 0.0023785485071798548 0.010190905899126907 -0.0027376136473283739 -0.13283660051729868 0.11627038762313194 -0.0058226960628120876 -0.025843951672346235 0.076497419285886673 0.0011226529052582148 -0.019414094775632825 -0.0025389789748176076 0.0097817835772590206 0.092532497226047131 -0.018728374962657952 0.076985104851971645 0.0083869958139995877
leaf_weight=127 6003 553 588 2211 1816 329 1778 741 162 47 92 327 181 134 401 930 209 166 45 45 76 175
leaf_count=127 6003 553 588 2211 1816 329 1778 741 162 47 92 327 181 134 401 930 209 166 45 45 76 175
internal_value=-0.000521702 -0.00636489 -0.00238194 -5.18176e-05 -0.000187015 -0.000632397 0.000195771 -0.000157056 0.00168816 -0.00359813 0.00304893 -0.000621573 0.00108437 0.00145149 -0.00137961 -0.0019702 -0.000293296 -0.00303588 0.000318864 0.00063093 0.00130705 0.00148458
internal_weight=17136 1268 715 15868 13657 6332 7325 5232 1042 209 833 4190 2093 1912 2329 1807 711 1096 1861 522 477 384
internal_count=17136 1268 715 15868 13657 6332 7325 5232 1042 209 833 4190 2093 1912 2329 1807 711 1096 1861 522 477 384
is_linear=0
shrinkage=0.035


Tree=143
num_leaves=23
num_cat=0
split_feature=9 22 9 8 2 9 6 10 6 0 10 1 8 15 8 9 15 22 22 11 11 9
split_gain=33.8883 17.3415 6.38041 2.62722 3.01738 1.43646 1.41251 1.26722 1.01691 1.61047 1.04441 1.44056 3.18794 2.70124 1.39907 2.97843 3.14828 2.74585 1.97282 1.81951 1.77768 1.46066
threshold=0.57332179065277356 34795.000000000007 0.25004585548086528 26.357883585258786 31.032336348011363 26.501239154220524 2.982783402872585 1.0564524048220496 35.433215501771933 18.955902356631452 0.53452248382485024 1.9999246801866812 2.4646238718097773 0.38795986622073586 1.2132111502410419 0.8377192982456142 0.39642857142857152 54348.000000000007 17834.500000000004 1.0994504121565514 1.178967083741272 1.573233841878634
decision_type=2 2 2 2 2 2 2 2 2 2 2 2 2 2 2 2 2 2 2 2 2 2
left_child=1 2 -1 5 -5 8 7 -4 10 -10 11 13 -13 -2 15 18 19 21 -12 -17 -19 -16
right_child=3 -3 6 4 -6 -7 -8 -9 9 -11 14 12 -14 -15 17 16 -18 20 -20 -21 -22 -23
leaf_value=1.9971234003868219e-05 0.0038952178126366124 -0.0011684348147642679 -0.0027755064730107131 0.089529132551491364 -0.011421836419268862 0.068313921322081486 -0.0021682440696056517 0.02021683653150565 0.011331343719085805 -0.067126706437859882 0.0096355444953137703 -0.017285064566203504 5.0062373445021186e-05 -0.011147408682939416 -0.0029931615608043667 0.00097205985338683976 0.0051611514631663188 0.00080303520293120495 -0.011914870588852012 -0.001015903899049654 -0.012864899080069594 -0.00010462064997317611
leaf_weight=94 109 552 481 170 101 55 115 47 49 74 98 54 65 90 478 260 63 93 184 87 204 13588
leaf_count=94 109 552 481 170 101 55 115 47 49 74 98 54 65 90 478 260 63 93 184 87 204 13588
internal_value=-0.000531666 -0.00597759 -0.00240566 -8.51393e-05 0.0032971 -0.000146246 -0.00367284 -0.00443246 -0.000168215 -0.00328125 -0.000141111 -0.002113 -0.00508065 -0.000171569 -9.76096e-05 0.00143113 0.00333133 -0.000172954 -0.00128049 0.0018892 -0.00347682 -0.000100739
internal_weight=17111 1289 737 15822 271 15551 643 528 15496 123 15373 318 119 199 15055 692 410 14363 282 347 297 14066
internal_count=17111 1289 737 15822 271 15551 643 528 15496 123 15373 318 119 199 15055 692 410 14363 282 347 297 14066
is_linear=0
shrinkage=0.035


Tree=144
num_leaves=23
num_cat=0
split_feature=9 22 12 15 21 16 4 0 9 15 3 22 8 8 25 22 15 9 12 9 11 9
split_gain=32.0552 20.999 6.8959 6.02378 2.3647 2.12463 1.88175 2.16172 1.89697 1.61663 1.50996 1.42925 1.39959 1.27629 3.08616 2.17523 3.34378 2.14008 1.88779 1.74607 3.08253 2.29564
threshold=0.57332179065277356 34795.000000000007 0.47737976031977752 0.71130952380952395 2.5000000000000004 1.0000000180025095e-35 8.1342290082565736 29.073923966709916 14.743587018140591 0.60791925465838526 39.500000000000007 47274.500000000007 0.5723960849627322 1.2844387755102045 195.50000000000003 5643.5000000000009 0.3585714285714286 1.573233841878634 1.0135239427059755 2.2400445813187457 1.0509022810878306 1.8579467479848872
decision_type=2 2 2 2 2 2 2 2 2 2 2 2 2 2 2 2 2 2 2 2 2 2
left_child=1 2 3 -1 9 10 11 8 -8 -4 13 -7 -6 14 -2 -16 18 -15 -17 21 -21 -19
right_child=5 -3 4 -5 12 6 7 -9 -10 -11 -12 -13 -14 17 15 16 -18 19 -20 20 -22 -23
leaf_value=-0.0010602050729455752 -0.011177760874842305 -0.0011275395962475187 -0.005846699919671453 1.9272240813732834e-05 -0.0029013399292525817 -0.00067130313061781533 0.018709182808924568 -0.01570534652051336 0.28749655847656924 0.028213046786523081 0.045181315427935069 0.058105092099432355 0.0044346276486120486 -0.0031944024763353096 -0.010490315091388961 0.00097300974391778441 0.0039966059429676452 -0.0058830662280563197 -0.00022751544058233656 -0.0087934755600747195 -0.00094155642499281109 0.0013920191452799846
leaf_weight=73 231 542 173 75 271 335 68 71 61 81 90 70 46 590 136 157 164 508 244 249 11941 970
leaf_count=73 231 542 173 75 271 335 68 71 61 81 90 70 46 590 136 157 164 508 244 249 11941 970
internal_value=-0.000500991 -0.00586098 -0.00188536 0.00468954 -0.00364583 -7.26872e-05 0.00195082 0.00469512 0.00731343 -0.00101351 -0.000154563 0.000512195 -0.00565217 -0.000183119 0.00106457 0.00223088 0.00319298 -0.000266248 0.00137931 -0.000175346 -0.000314268 0.000955833
internal_weight=17146 1261 719 148 571 15885 605 200 129 254 15280 405 317 15190 932 701 565 14258 401 13668 12190 1478
internal_count=17146 1261 719 148 571 15885 605 200 129 254 15280 405 317 15190 932 701 565 14258 401 13668 12190 1478
is_linear=0
shrinkage=0.035


Tree=145
num_leaves=23
num_cat=0
split_feature=9 22 12 8 7 9 7 0 1 5 10 8 9 15 9 10 12 0 9 9 22 20
split_gain=30.95 18.9162 7.90632 1.73452 1.60903 1.54955 1.46495 1.60357 1.51602 1.36638 1.71429 1.11746 2.48255 3.65566 2.48222 2.08434 2.00135 1.96975 1.91511 3.22487 2.16138 2.32879
threshold=0.57332179065277356 34795.000000000007 0.46416658119158299 22.64496498418011 28.467699617561198 0.25004585548086528 21.366845095393852 16.535714285714288 33.500000000000007 1.0010887194926981 1.0564524048220496 1.2844387755102045 0.8377192982456142 0.34891304347826091 1.7184794675355068 0.70711369680452518 1.4510484563410848 0.99502319985380738 2.2581248134303693 3.110641021714653 28242.500000000004 24.500000000000004
decision_type=2 2 2 2 2 2 2 2 2 2 2 2 2 2 2 2 2 2 2 2 2 2
left_child=1 2 5 11 6 -1 -5 -8 -9 10 -4 12 -2 -14 16 -15 17 -13 -16 20 -20 -22
right_child=3 -3 9 4 -6 -7 7 8 -10 -11 -12 14 13 15 18 -17 -18 -19 19 -21 21 -23
leaf_value=1.8597712385252183e-05 -0.010415200980413637 -0.0010880757103788555 -0.0032431794619261823 -0.013899897652923442 -0.013628404744625275 8.4616547794236151e-05 -0.030629723450362651 0.060885075604063955 -0.0099907787612255831 -0.0019643085656072859 0.019354035285201531 -0.013958998606704022 1.6880324420858187e-05 -0.00023800300734436956 0.0011545558006306213 0.002991766187658707 0.011458695214736674 -0.0033162753588771867 -0.0014443698720368549 0.00028246372969668702 -0.0095184423206958399 0.0012757938851537455
leaf_weight=63 371 531 452 116 220 48 73 498 66 133 53 170 372 45 1318 196 94 629 1343 9423 767 204
leaf_count=63 371 531 452 116 220 48 73 498 66 133 53 170 372 45 1318 196 94 629 1343 9423 767 204
internal_value=-0.000454043 -0.00567899 -0.00204244 -3.07982e-05 0.00139571 0.00633621 0.00217018 0.00283489 0.0034754 -0.00356532 -0.00439216 -0.00012536 0.00100859 0.00237864 -0.000206945 0.00569106 -0.00198775 -0.00256841 -8.30781e-05 -0.000226537 -0.00139608 -0.00265369
internal_weight=17185 1280 749 15905 973 111 753 637 564 638 505 14932 984 613 13948 241 893 799 13055 11737 2314 971
internal_count=17185 1280 749 15905 973 111 753 637 564 638 505 14932 984 613 13948 241 893 799 13055 11737 2314 971
is_linear=0
shrinkage=0.035


Tree=146
num_leaves=23
num_cat=0
split_feature=9 22 9 20 20 4 0 6 23 20 4 6 25 2 20 9 9 9 9 4 4 8
split_gain=36.2502 20.7062 8.41525 1.59599 4.63814 5.26986 2.65172 2.92437 2.22795 2.15174 3.71224 2.84991 2.91495 2.12746 2.11956 1.96007 1.92508 4.67777 3.40463 3.21498 2.32953 2.24568
threshold=0.57332179065277356 34795.000000000007 0.28576014119515097 11.500000000000002 6.5000000000000009 7.2326461957764456 23.937493722930562 27.062749211546333 41450.000000000007 3.5000000000000004 8.6813909563685314 7.8497385984851009 324.00000000000006 4.9584559719734012 23.500000000000004 7.465476190476191 2.2581248134303693 1.8251638013966984 2.79394321958477 2.490382550267952 10.946439606378263 1.2844387755102045
decision_type=2 2 2 2 2 2 2 2 2 2 2 2 2 2 2 2 2 2 2 2 2 2
left_child=1 2 -1 4 9 8 7 13 -6 10 -2 12 15 -7 16 -11 17 21 19 -18 -20 -5
right_child=3 -3 -4 14 5 6 -8 -9 -10 11 -12 -13 -14 -15 -16 -17 18 -19 20 -21 -22 -23
leaf_value=1.7946792451768357e-05 -0.00098717616462880471 -0.0010499930605155955 -0.0033176667086397124 0.0002006315686617627 0.0037602763216208939 -0.0041115267562982323 0.11817364841253419 -0.022693836132566311 -0.0035171514063531565 -0.011156139727118878 0.019607171962474308 -0.02190915823770909 0.0015453350788207578 0.04740788987265622 0.0011951826445012737 0.0038856632015196362 -0.0088892723592456334 0.0017233246905649314 0.00018369185074596951 -0.0024438045629604356 -0.012737433430210486 -0.010632141987168395
leaf_weight=137 1308 548 600 375 1196 54 172 99 700 488 521 567 553 575 3528 195 300 433 2346 272 1763 400
leaf_count=137 1308 548 600 375 1196 54 172 99 700 488 521 567 553 575 3528 195 300 433 2346 272 1763 400
internal_value=-0.00046265 -0.00610465 -0.00221698 -2.2082e-06 0.000421654 0.00149322 0.00369337 0.00269782 0.000432667 -0.000399368 0.000438931 -0.0012583 -0.000296132 0.00358833 -0.000293462 -0.0018314 -0.000700713 0.0005338 -0.00102326 -0.00354853 -0.000663588 -0.00107692
internal_weight=17130 1285 737 15845 6428 2796 900 728 1896 3632 1829 1803 1236 629 9417 683 5889 1208 4681 572 4109 775
internal_count=17130 1285 737 15845 6428 2796 900 728 1896 3632 1829 1803 1236 629 9417 683 5889 1208 4681 572 4109 775
is_linear=0
shrinkage=0.035


Tree=147
num_leaves=23
num_cat=0
split_feature=8 22 12 20 16 4 1 1 21 23 20 12 21 20 20 20 8 1 2 21 20 20
split_gain=37.7761 19.9598 5.95086 3.24182 2.36359 2.36703 3.63352 2.76294 2.10573 1.44822 1.51388 1.20373 1.15568 4.61083 6.46862 2.94138 2.56405 2.21804 3.7087 1.97227 8.29412 5.44093
threshold=0.5723960849627322 34795.000000000007 0.47737976031977752 15.500000000000002 1.0000000180025095e-35 8.0097912782270964 19.556552062598733 1.5247919701716623 2.5000000000000004 60300.000000000007 16.500000000000004 1.6909314353100842 2.5000000000000004 29.500000000000004 30.500000000000004 27.500000000000004 9.5023139330506066 8.9846950015344529 26.94184716045481 3.5000000000000004 27.500000000000004 2.5000000000000004
decision_type=2 2 2 2 2 2 2 2 2 2 2 2 2 2 2 2 2 2 2 2 2 2
left_child=1 2 3 -1 12 7 -7 -6 -4 10 11 -9 15 19 16 17 -15 -2 -19 20 21 -14
right_child=4 -3 8 -5 5 6 -8 9 -10 -11 -12 -13 13 14 -16 -17 -18 18 -20 -21 -22 -23
leaf_value=3.5942197373449455e-05 -0.0015402853547323105 -0.0010132433033975497 -0.003848573390723932 -4.0965320475253456e-05 0.021829834673715312 0.11180220211848979 0.0045951829649852191 -0.0098097871910708522 -0.003161958412013556 0.025635092778798312 -0.022077981591520315 0.011769270313260888 0.030781879656281128 0.0240692570289513 -0.0082004995797363145 -0.0083209083206249711 0.27323377358024309 0.011869294388959962 -0.05069757294055114 -0.0017703053447998597 0.052248979305298017 -0.00070823433952029954
leaf_weight=82 4162 576 258 68 79 99 98 75 348 55 112 103 248 151 122 715 83 1992 173 4418 243 2927
leaf_count=82 4162 576 258 68 79 99 98 75 348 55 112 103 248 151 122 715 83 1992 173 4418 243 2927
internal_value=-0.000515065 -0.00616492 -0.00236859 0.00372581 -3.75158e-05 0.00206869 0.00519802 0.000530303 -0.0039239 -0.0008 -0.00183898 9.56284e-05 -0.000125172 0.00015585 0.00402355 -0.000454449 0.0073954 -0.000210044 0.000693548 -2.00867e-05 0.000608384 0.000121069
internal_weight=17187 1332 756 150 15855 621 197 424 606 345 290 178 15234 8192 356 7042 234 6327 2165 7836 3418 3175
internal_count=17187 1332 756 150 15855 621 197 424 606 345 290 178 15234 8192 356 7042 234 6327 2165 7836 3418 3175
is_linear=0
shrinkage=0.035


Tree=148
num_leaves=23
num_cat=0
split_feature=9 22 9 16 1 2 1 21 1 4 17 18 25 4 0 21 5 21 9 9 10 9
split_gain=32.0734 19.8414 6.25143 1.91192 2.15076 3.75485 2.39458 2.3735 1.9351 1.8942 1.68548 3.03262 2.59119 1.60553 1.98666 1.72373 1.55864 1.52505 1.34916 1.31464 3.04169 2.61665
threshold=0.57332179065277356 34795.000000000007 0.28576014119515097 1.0000000180025095e-35 1.3800681417141047 10.095760798250753 13.714261283220216 1.5000000000000002 22.052447947677845 2.7510802800496736 1.0000000180025095e-35 1.0000000180025095e-35 210.50000000000003 26.068648301856552 22.797540755617458 4.5000000000000009 28.125319265124826 2.5000000000000004 0.4287661851273204 2.2400445813187457 0.97590007294853509 1.8579467479848872
decision_type=2 2 2 2 2 2 2 2 2 2 2 2 2 2 2 2 2 2 2 2 2 2
left_child=1 2 -1 10 -5 6 7 -6 -7 -9 13 -12 -13 14 19 16 -16 18 -4 21 -21 -2
right_child=3 -3 17 4 5 8 -8 9 -10 -11 11 12 -14 -15 15 -17 -18 -19 -20 20 -22 -23
leaf_value=1.6060677807885731e-05 -0.00061642327579463036 -0.00097777978777863553 0.027711096990272664 0.03506928956629346 -0.024148506767339636 0.1544975592794737 -0.084884488368176289 -0.003319781295535478 0.0057718190826193637 0.037275873114829182 0.0015810845700275043 0.0032626030444378993 -0.018173079325617226 -0.028078047920846071 0.036251817157647498 -0.021952438683387643 -0.041673409107123957 -0.0022767963143773932 -0.0054955294369682505 -0.0075670603321730682 -0.0021219753299766479 0.0016857338535713441
leaf_weight=134 1462 544 68 79 70 113 47 101 74 130 4008 82 151 319 466 50 61 349 173 375 7624 664
leaf_count=134 1462 544 68 79 70 113 47 101 74 130 4008 82 151 319 466 50 61 349 173 375 7624 664
internal_value=-0.000496968 -0.0058425 -0.00199246 -6.72187e-05 0.00183764 0.000972222 -0.00114023 0 0.00492188 0.00177966 -0.000145575 0.000445125 -0.00338235 -0.000374569 -0.000299103 0.00168385 0.00230263 -0.00355882 -0.00128049 -0.00041461 -0.00062094 0.000353121
internal_weight=17144 1268 724 15876 614 535 348 301 187 231 15262 4241 233 11021 10702 577 527 590 241 10125 7999 2126
internal_count=17144 1268 724 15876 614 535 348 301 187 231 15262 4241 233 11021 10702 577 527 590 241 10125 7999 2126
is_linear=0
shrinkage=0.035


Tree=149
num_leaves=23
num_cat=0
split_feature=9 22 9 6 16 2 1 10 21 10 25 1 20 20 21 21 20 20 20 3 22 22
split_gain=38.0073 16.7986 5.74868 2.02403 1.87224 2.75092 3.17308 2.17051 1.75108 1.71474 1.44964 1.74747 1.10311 4.98942 5.76971 3.08 3.29846 6.69945 3.31972 2.91563 2.55463 2.30772
threshold=0.57332179065277356 34795.000000000007 0.28576014119515097 2.982783402872585 1.0000000180025095e-35 8.9846950015344529 11.852133989485408 1.3451854182691003 1.5000000000000002 1.0564524048220496 200.00000000000003 18.955902356631452 6.5000000000000009 11.500000000000002 1.5000000000000002 3.5000000000000004 18.500000000000004 20.500000000000004 23.500000000000004 10.000130448439306 28242.500000000004 39092.000000000007
decision_type=2 2 2 2 2 2 2 2 2 2 2 2 2 2 2 2 2 2 2 2 2 2
left_child=1 2 -1 9 12 6 7 -6 -9 -4 -7 -12 -2 14 21 -15 -17 -18 -19 -16 -20 -14
right_child=4 -3 3 -5 5 10 -8 8 -10 -11 11 -13 13 15 19 16 17 18 20 -21 -22 -23
leaf_value=1.549855408460973e-05 -0.0015000935459341426 -0.0009435574952063832 -0.0031351403490551487 0.025233823818787939 -0.0073998290224130897 0.25874587032696683 -0.091941614079491349 -0.0096582941968762354 0.027118260392395833 0.016765227907337896 0.095036014167604502 -0.019000240533244794 -0.00019929534156598152 0.00032645687801061699 0.004146299386637551 -0.012746033343512944 0.012247379615409894 -0.018207994512034711 0.0065199201196296692 0.054406002911291024 -0.0062969804665320497 -0.027986780815234053
leaf_weight=133 3498 557 453 106 117 89 46 53 178 46 65 52 391 6851 1354 815 238 358 373 727 424 182
leaf_count=133 3498 557 453 106 117 89 46 53 178 46 65 52 391 6851 1354 815 238 358 373 727 424 182
internal_value=-0.000385571 -0.00613846 -0.0026144 -0.00407377 8.6305e-05 0.00199587 0.000219298 0.00143768 0.00341102 -0.005 0.00522512 0.00229508 9.20084e-06 0.000173238 0.00150715 -0.00021624 -0.00135224 -0.000300429 -0.0014181 0.00236577 -0.000130923 -0.00157439
internal_weight=17106 1295 738 605 15811 600 394 348 231 499 206 117 15211 11713 2654 9059 2208 1393 1155 2081 797 573
internal_count=17106 1295 738 605 15811 600 394 348 231 499 206 117 15211 11713 2654 9059 2208 1393 1155 2081 797 573
is_linear=0
shrinkage=0.035


Tree=150
num_leaves=23
num_cat=0
split_feature=9 22 9 16 4 0 12 25 10 21 12 25 3 14 7 5 8 0 6 5 6 20
split_gain=34.3625 19.9297 10.0837 1.95457 1.93371 2.20717 1.83657 1.77052 1.80922 1.7691 1.36079 1.23964 1.20684 1.86972 1.41567 2.23883 2.18942 1.86762 1.3437 1.93535 1.33417 1.51688
threshold=0.57332179065277356 34795.000000000007 0.28576014119515097 1.0000000180025095e-35 8.1342290082565736 5.0127769206881263 0.46416658119158299 195.50000000000003 1.3451854182691003 1.5000000000000002 2.4250674389462761 200.00000000000003 1.5866990333739863 0.29285714285714287 1.1459071942171641 4.5357142857142865 0.72077922077922085 1.9999246801866812 0.96364657268580889 2.1225965322825933 1.1428467635660768 2.5000000000000004
decision_type=2 2 2 2 2 2 2 2 2 2 2 2 2 2 2 2 2 2 2 2 2 2
left_child=1 2 6 12 5 7 -1 -5 -9 -4 -7 -6 14 -14 16 18 -2 -17 19 -16 -20 -22
right_child=3 -3 9 4 11 10 -8 8 -10 -11 -12 -13 13 -15 15 17 -18 -19 20 -21 21 -23
leaf_value=1.4956104691648388e-05 -0.0096363925343695232 -0.0009105329828741598 -0.0040284864584291535 -0.0093078607098078699 0.24613415223687418 -0.037459288778244081 0.00022428999518092071 0.00065551594365304889 0.027724546331964237 -0.0030518715276929018 -0.0018605684095592424 0.036498232249620517 -0.00027942761002230481 0.0024189716166882467 -0.0026501886433057177 -0.0079684666105022516 0.00075095244575880383 0.0060243160100992557 -0.011417819056632092 0.0093172016682352855 0.0032532815565220188 -0.0058540624215176534
leaf_weight=82 240 549 123 65 80 54 51 78 97 452 118 110 12719 204 156 84 516 208 282 48 59 746
leaf_count=82 240 549 123 65 80 54 51 78 97 452 118 110 12719 204 156 84 516 208 282 48 59 746
internal_value=-0.000515006 -0.00607369 -0.00213534 -7.16806e-05 0.00187397 0.000461631 0.00634058 0.00264286 0.00447222 -0.00416379 -0.00247175 0.00475641 -0.00015016 -1.62438e-05 -0.000880973 -0.0014767 0.000344941 0.00123737 -0.00210648 0.00041866 -0.00259615 -0.00181481
internal_weight=17121 1257 708 15864 602 412 133 240 175 575 172 190 15262 12923 2339 1583 756 292 1291 204 1087 805
internal_count=17121 1257 708 15864 602 412 133 240 175 575 172 190 15262 12923 2339 1583 756 292 1291 204 1087 805
is_linear=0
shrinkage=0.035


Tree=151
num_leaves=23
num_cat=0
split_feature=9 22 9 21 21 14 22 1 7 0 0 1 16 10 27 5 21 9 12 3 21 10
split_gain=35.4673 19.7479 7.51943 1.94282 1.81979 1.79198 1.42643 1.69028 3.52352 1.84672 2.0353 2.23306 1.69971 2.38878 1.67779 1.7551 1.7737 1.72999 1.73096 1.49083 1.40922 1.45321
threshold=0.57332179065277356 34795.000000000007 0.28576014119515097 1.5000000000000002 1.5000000000000002 0.72077922077922085 15527.500000000002 12.48529411764706 9.719938709218118 14.999072958688698 13.508154244475653 16.987659160272365 1.0000000180025095e-35 1.3451854182691003 2.5000000000000004 28.125319265124826 4.5000000000000009 14.150589420573777 4.5761478898410957 24.170466578992038 3.5000000000000004 0.69006555934235536
decision_type=2 2 2 2 2 2 2 2 2 2 2 2 2 2 2 2 2 2 2 2 2 2
left_child=1 2 5 -4 -2 -1 -6 12 -9 10 -10 -12 20 -14 -11 16 17 18 -16 -19 21 -8
right_child=4 -3 3 -5 6 -7 7 8 9 14 11 -13 13 -15 15 -17 -18 19 -20 -21 -22 -23
leaf_value=1.4432641027440695e-05 -0.0023551301586272368 -0.00087866432847356413 0.018284560343309813 -0.0026691025137114736 0.0023091843247101764 1.4432641027440695e-05 -0.0059255104295134085 -0.019064975513458527 0.00021862425777737562 -0.026998004091320561 0.055165403665488388 -0.00044120993423860002 -0.0067941926057339423 0.035283154249949981 0.015769117359026037 -0.049967669223366297 -0.056158220974731887 0.029959613197570331 -0.046261651267892098 -0.020914088340483607 -0.0011960672899916803 0.0014360677562526745
leaf_weight=51 3753 560 118 485 2647 75 191 178 630 241 82 67 75 167 61 76 64 449 52 121 2675 4304
leaf_count=51 3753 560 118 485 2647 75 191 178 630 241 82 67 75 167 61 76 64 449 52 121 2675 4304
internal_value=-0.00037908 -0.00595054 -0.00209809 -0.00374178 7.51357e-05 0.0054771 0.000285271 8.15851e-05 -0.000811945 -0.000340909 0.0009375 0.00454545 0.000327963 0.00318826 -0.00129326 -0.000507246 0 0.000559593 -0.00326271 0.00136957 0.000226829 0.000606667
internal_weight=17122 1289 729 603 15833 126 12080 9433 2021 1843 779 149 7412 242 1064 823 747 683 113 570 7170 4495
internal_count=17122 1289 729 603 15833 126 12080 9433 2021 1843 779 149 7412 242 1064 823 747 683 113 570 7170 4495
is_linear=0
shrinkage=0.035


Tree=152
num_leaves=23
num_cat=0
split_feature=9 22 9 21 3 20 5 20 12 9 25 12 11 25 25 12 24 20 9 2 8 22
split_gain=35.2648 20.8801 7.13307 1.85521 1.65558 1.89104 1.9945 1.74859 2.62586 1.51862 3.73814 2.10663 1.64208 2.38566 1.60685 1.93478 1.38239 1.87128 1.98036 1.33205 1.48422 1.3755
threshold=0.57332179065277356 34795.000000000007 0.28576014119515097 1.5000000000000002 20.017857142857146 10.500000000000002 12.996151141142256 6.5000000000000009 9.0869913384272163 1.2157469142510446 195.50000000000003 0.8546718367736591 1.3008872711759827 499.50000000000006 294.00000000000006 1.0304431325172205 10740.000000000002 25.500000000000004 3.8693356326414681 20.983158914892449 17.366071428571434 48992.500000000007
decision_type=2 2 2 2 2 2 2 2 2 2 2 2 2 2 2 2 2 2 2 2 2 2
left_child=1 2 -1 -4 9 6 -6 8 -8 10 -2 -11 13 14 15 -12 -13 19 -19 21 -21 -18
right_child=4 -3 3 -5 5 -7 7 -9 -10 11 12 16 -14 -15 -16 -17 17 18 -20 20 -22 -23
leaf_value=1.3927498591480269e-05 -0.010221264180795841 -0.00084791107697698936 0.013577726557202512 -0.0024877490916389014 -0.012336582447969483 0.00064628701760158344 0.035352322853810909 0.10801474787319987 -0.066793764163101496 -0.013116837327709326 0.015789875519495795 -0.00093185476052077946 -0.00043692472644905336 0.00076751850330925052 0.0074305785074521343 -0.0017952753543426943 -2.2061396493120445e-05 0.034850908197846378 0.017613495734774463 -0.041182927755793332 0.0028602443357468935 0.029476808169449982
leaf_weight=135 238 540 119 467 124 854 240 214 47 83 108 11352 74 366 67 48 1347 50 298 46 48 287
leaf_count=135 238 540 119 467 124 854 240 214 47 83 108 11352 74 366 67 48 1347 50 298 46 48 287
internal_value=-0.000404937 -0.00602686 -0.002073 -0.00376058 4.18344e-05 0.00115566 0.00261111 0.00359684 0.00167808 -7.16168e-05 0.00131347 -0.00016573 0.00267216 0.00329966 0.00614035 0.00380435 -0.000128973 0.000697982 0.00302408 0.00021206 -0.00371212 0.000459121
internal_weight=17152 1261 721 586 15891 1479 625 501 287 14412 901 13511 663 589 223 156 13428 2076 348 1728 94 1634
internal_count=17152 1261 721 586 15891 1479 625 501 287 14412 901 13511 663 589 223 156 13428 2076 348 1728 94 1634
is_linear=0
shrinkage=0.035


Tree=153
num_leaves=23
num_cat=0
split_feature=9 23 9 14 20 21 8 6 20 8 7 20 20 3 11 2 24 3 7 24 20 0
split_gain=38.5208 21.3327 8.35261 1.77076 1.40083 3.64244 3.08799 2.40245 2.69816 3.15653 2.8146 2.37444 4.85674 2.11458 1.95764 2.21881 2.127 1.89387 2.26955 1.83761 1.69098 1.64647
threshold=0.57332179065277356 40250.000000000007 0.28576014119515097 0.72077922077922085 25.500000000000004 2.5000000000000004 19.933053515110455 5.9680479807034317 27.500000000000004 8.4634227218032283 1.2503707257122016 16.500000000000004 18.500000000000004 19.556552062598733 1.3587324409735155 4.9584559719734012 3792.0000000000005 36.500000000000007 27.456079625851221 12965.500000000002 15.500000000000002 1.1886731649318623
decision_type=2 2 2 2 2 2 2 2 2 2 2 2 2 2 2 2 2 2 2 2 2 2
left_child=1 2 3 -1 11 7 13 8 9 -6 -10 17 19 -7 -12 16 -16 18 20 -13 -2 -22
right_child=4 -3 -4 -5 5 6 -8 -9 10 -11 14 12 -14 -15 15 -17 -18 -19 -20 -21 21 -23
leaf_value=5.0954431789059362e-05 0.00031287446242002917 -0.00081823418928279467 -0.002724891174462942 1.344003614077846e-05 0.0017453817508528162 0.0081010065103978204 0.13387823032332219 -0.016485302904830294 0.0062207323433355732 0.10840096769186004 -0.013307815607284843 -0.011411233161861503 -0.00025617659825634577 -0.045457436962453406 -0.0043845888257056089 -0.025152803165735184 0.018776637113204157 0.058860766780413472 -0.025067124482277523 0.023899978256452611 -0.0097034983704517089 0.014982188667426486
leaf_weight=58 8071 561 580 81 280 1195 114 448 56 90 78 924 3453 49 54 127 69 89 210 67 96 370
leaf_count=58 8071 561 580 81 280 1195 114 448 56 90 78 924 3453 49 54 127 69 89 210 67 96 370
internal_value=-0.000395474 -0.00622374 -0.00217541 0.00534722 7.6207e-05 0.000825536 0.00206713 -0.000565452 0.00062253 0.00275333 -0.0013946 -6.7181e-05 -0.000727692 0.00152722 -0.00268018 -0.00102941 0.0021875 0.000263262 0.000207952 -0.00288153 0.00029911 0.00234076
internal_weight=17120 1280 719 139 15840 2560 1358 1202 754 370 384 13280 4444 1244 328 250 123 8836 8747 991 8537 466
internal_count=17120 1280 719 139 15840 2560 1358 1202 754 370 384 13280 4444 1244 328 250 123 8836 8747 991 8537 466
is_linear=0
shrinkage=0.035


Tree=154
num_leaves=23
num_cat=0
split_feature=9 22 9 1 9 7 1 0 24 22 8 9 20 20 20 3 23 17 21 21 21 20
split_gain=36.5415 21.8047 7.88831 1.56939 1.54913 1.66063 1.40574 1.64304 1.37859 1.61262 2.08497 1.60968 1.54597 1.48901 3.70478 3.84869 2.72069 2.07732 5.90123 1.65798 2.43837 3.52561
threshold=0.57332179065277356 34795.000000000007 0.28576014119515097 36.500000000000007 24.339285714285719 27.456079625851221 20.503494464828545 22.797540755617458 10740.000000000002 48992.500000000007 13.000357142857146 13.758622911117495 29.500000000000004 6.5000000000000009 11.500000000000002 26.068648301856552 51350.000000000007 1.0000000180025095e-35 2.5000000000000004 1.5000000000000002 4.5000000000000009 8.5000000000000018
decision_type=2 2 2 2 2 2 2 2 2 2 2 2 2 2 2 2 2 2 2 2 2 2
left_child=1 2 -1 4 5 8 -6 -8 13 10 12 -11 -10 -2 15 16 17 19 -19 -15 -21 -22
right_child=3 -3 -4 -5 6 -7 7 -9 9 11 -12 -13 -14 14 -16 -17 -18 18 -20 20 21 -23
leaf_value=1.2969634875851214e-05 -0.0025125890913452378 -0.00078959599265789689 -0.0023953370292488624 -0.042821389379226624 0.058600003551992665 -0.050599706716743686 -0.018974068046288973 0.033024531595294643 0.00084858919763768146 0.082654549981146797 -0.053822061307372771 0.016082073597428501 0.066557465277108957 0.00018744869465145533 -0.00099716159291093572 0.10173761200122811 -0.0038485357421634172 -0.014520030187665978 0.026916999424674695 0.022483394071477463 0.011643762970471309 -0.036363748631337414
leaf_weight=140 2948 559 606 159 156 74 113 198 1529 89 68 444 68 306 7708 73 373 246 216 819 155 80
leaf_count=140 2948 559 606 159 156 74 113 198 1529 89 68 444 68 306 7708 73 373 246 216 819 155 80
internal_value=-0.000473967 -0.0060916 -0.00212051 -7.73994e-06 2.68062e-05 -3.3386e-05 0.00200212 0.000553797 -5.78436e-06 0.000802315 0.000251497 0.00247212 0.000524345 -0.000144829 5.78599e-05 0.00130114 0.00101818 0.00158046 -0.000412206 0.00226923 0.00292493 -0.000145833
internal_weight=17127 1305 746 15822 15663 15196 467 311 15122 2198 1665 533 1597 12924 9976 2268 2195 1822 462 1360 1054 235
internal_count=17127 1305 746 15822 15663 15196 467 311 15122 2198 1665 533 1597 12924 9976 2268 2195 1822 462 1360 1054 235
is_linear=0
shrinkage=0.035


Tree=155
num_leaves=23
num_cat=0
split_feature=9 22 9 21 20 20 20 20 20 20 20 0 0 9 20 21 20 20 21 20 20 20
split_gain=35.1765 18.1596 7.99234 1.50934 4.11753 4.6655 3.18475 3.43258 3.25749 5.55396 3.37084 3.30526 3.079 3.01246 2.94969 3.64149 7.61961 5.82142 5.83025 3.28253 2.79782 3.32689
threshold=0.57332179065277356 34795.000000000007 0.28576014119515097 1.5000000000000002 27.500000000000004 25.500000000000004 29.500000000000004 30.500000000000004 11.500000000000002 6.5000000000000009 3.5000000000000004 22.797540755617458 15.950345293025352 24.043050911137353 14.500000000000002 3.5000000000000004 16.500000000000004 27.500000000000004 2.5000000000000004 28.500000000000004 4.5000000000000009 6.5000000000000009
decision_type=2 2 2 2 2 2 2 2 2 2 2 2 2 2 2 2 2 2 2 2 2 2
left_child=1 2 -1 4 5 20 8 -8 9 10 -5 -11 -12 -14 -10 16 -16 -18 -19 -20 -2 -22
right_child=3 -3 -4 6 -6 -7 7 -9 14 11 12 -13 13 -15 15 -17 17 18 19 -21 21 -23
leaf_value=1.2515697655196422e-05 -0.019321745909820578 -0.00076196013291487052 -0.0023921644491019431 0.002205351814841521 -0.013420232694362089 0.027503909804610135 0.053822354668023376 -0.0024665857748186575 -0.0080018443913001686 0.0099344559480841147 -0.0016646022580519928 0.10863403808311803 -0.057600747338395708 0.043852009361048896 0.020727644539886989 -0.0063965140829406351 -0.0023112756606166649 -0.00076194629544614151 0.13654283836605019 0.013830439224804879 0.018325349045281557 -0.0010990716621872522
leaf_weight=137 497 556 588 1469 482 227 246 120 1113 1984 1195 195 218 51 495 1834 2696 242 126 123 237 2313
leaf_count=137 497 556 588 1469 482 227 246 120 1113 1984 1195 195 218 51 495 1834 2696 242 126 123 237 2313
internal_value=-0.00039288 -0.00596034 -0.00225342 5.73481e-05 -0.000553709 -0.000101403 0.000248514 0.0034434 0.000146007 0.000810534 -0.000178693 0.00214744 -0.00136998 -0.00472628 -0.000364034 -2.85274e-05 0.000602794 -2.19298e-05 0.00345766 0.00716535 -0.000470183 0
internal_weight=17144 1281 725 15863 3756 3274 12107 366 11741 5112 2933 2179 1464 269 6629 5516 3682 3187 491 249 3047 2550
internal_count=17144 1281 725 15863 3756 3274 12107 366 11741 5112 2933 2179 1464 269 6629 5516 3682 3187 491 249 3047 2550
is_linear=0
shrinkage=0.035


Tree=156
num_leaves=23
num_cat=0
split_feature=9 22 9 17 20 20 20 3 12 2 11 6 3 20 25 20 5 12 1 1 25 21
split_gain=35.074 21.4666 8.69028 1.88775 3.14569 6.08246 3.36659 2.42719 2.26126 2.04447 2.03831 1.60266 1.54059 1.78682 2.19675 1.79188 1.69285 1.97094 1.69169 1.61988 1.54996 1.75524
threshold=0.57332179065277356 34795.000000000007 0.28576014119515097 1.0000000180025095e-35 29.500000000000004 30.500000000000004 27.500000000000004 20.503494464828545 3.1564694930341144 3.1082911943165921 8.7522601705376939 2.982783402872585 2.0635164492868676 22.500000000000004 324.00000000000006 2.5000000000000004 13.982558156555685 4.8553541829995375 7.9927388748624617 12.600843035355068 324.00000000000006 3.5000000000000004
decision_type=2 2 2 2 2 2 2 2 2 2 2 2 2 2 2 2 2 2 2 2 2 2
left_child=1 2 -1 -2 6 -6 7 10 -8 -7 12 -4 20 15 -15 -14 17 19 -16 -17 -5 -22
right_child=3 -3 11 4 5 9 8 -9 -10 -11 -12 -13 13 14 18 16 -18 -19 -20 -21 21 -23
leaf_value=1.2077648237264548e-05 -0.00071670430707927615 -0.00073529152826285003 -0.0020210109795420145 -0.0057557160291094259 0.089995109773920501 0.0069533174985634896 -0.00094259151406807413 0.036454399220227418 -0.045782863872549491 -0.019548098255365423 -0.068345686690346616 0.02264613009543711 0.039783063577288322 0.023436777085289781 -0.0062339650494635792 0.0014067490693642811 -0.015372466755513414 0.033832994393387258 0.027552814102299986 -0.019590377605657339 -0.0013745676647362393 0.004113105548852144
leaf_weight=134 11434 565 494 453 128 53 126 506 115 66 77 105 72 267 119 1352 284 164 73 127 313 101
leaf_count=134 11434 565 494 453 128 53 126 506 115 66 77 105 72 267 119 1352 284 164 73 127 313 101
internal_value=-0.000430018 -0.00594973 -0.00194444 2.32081e-05 0.000640195 0.00444444 0.000404429 0.000657424 -0.00355691 -0.00112903 0.000313326 -0.00376656 0.000451952 0.000902355 0.00286638 0.000436627 0.000217391 0.000658374 0 0.000235849 -0.000802752 0.000710024
internal_weight=17128 1298 733 15830 4396 247 4149 3908 241 119 3402 599 3325 2458 459 1999 1927 1643 192 1479 867 414
internal_count=17128 1298 733 15830 4396 247 4149 3908 241 119 3402 599 3325 2458 459 1999 1927 1643 192 1479 867 414
is_linear=0
shrinkage=0.035


Tree=157
num_leaves=23
num_cat=0
split_feature=8 22 12 21 14 20 7 2 8 11 3 8 10 7 4 20 8 4 12 8 4 8
split_gain=35.0536 18.1551 6.5417 2.61943 2.25012 1.61501 1.5442 1.85918 1.40238 1.70371 2.51305 1.83444 1.37887 1.58993 1.34206 1.23946 1.14307 1.50821 1.70695 1.36257 1.36613 1.20803
threshold=0.5723960849627322 34795.000000000007 0.47737976031977752 2.5000000000000004 0.67948717948717963 23.500000000000004 20.172203644549398 35.433215501771933 26.357883585258786 5.8257669400311958 25.102403528914756 23.786306348261736 5.7376329920102807 22.519932807777 0.58874036821468489 4.5000000000000009 1.1437298603651989 1.3033844602278735 0.8546718367736591 0.86030787602530523 1.1679287298150569 2.8575374472806065
decision_type=2 2 2 2 2 2 2 2 2 2 2 2 2 2 2 2 2 2 2 2 2 2
left_child=1 2 4 -4 -1 14 16 8 9 10 11 12 13 -8 -5 -10 19 21 -19 -2 -21 -18
right_child=6 -3 3 5 -6 -7 7 -9 15 -11 -12 -13 -14 -15 -16 -17 17 18 -20 20 -22 -23
leaf_value=-0.00051103156270178491 -0.0012851986640589155 -0.00070955632477365032 -0.0041571914292540387 -0.0013017118867622553 1.1654930548960289e-05 -0.0010166225872083122 -0.011508143956429981 -0.02708455738495115 -0.00098322955029231276 0.00085106050050130842 0.086082572251919801 -0.040377263711966413 0.090917155097548094 0.075854957650620794 -0.0039039930053037246 0.10073281737964598 -0.002327773181117473 -0.010764316586091852 -0.0002215900807781357 0.0015745215557421528 -0.00051748324789738015 0.0012832147984540643
leaf_weight=50 389 574 258 199 99 78 152 171 50 826 97 58 66 64 82 149 1386 58 11656 258 123 312
leaf_count=50 389 574 258 199 99 78 152 171 50 826 97 58 66 64 82 149 1386 58 11656 258 123 312
internal_value=-0.000495629 -0.00592007 -0.00233787 -0.00393891 0.00409091 -0.00586538 -3.31858e-05 0.000982906 0.00139571 0.000938486 0.00269231 0.00116667 0.00237805 0.000871041 -0.0070979 0.00411765 -0.000151723 -0.000228255 -8.51182e-05 0.00115161 0.00262953 -0.00120229
internal_weight=17155 1340 766 617 149 359 15815 1633 1462 1263 437 340 282 216 281 199 14182 13412 11714 770 381 1698
internal_count=17155 1340 766 617 149 359 15815 1633 1462 1263 437 340 282 216 281 199 14182 13412 11714 770 381 1698
is_linear=0
shrinkage=0.035


Tree=158
num_leaves=23
num_cat=0
split_feature=9 22 9 20 20 20 21 21 18 20 9 0 21 20 17 5 21 20 21 21 0 7
split_gain=38.8278 19.4131 9.08001 1.51134 2.18465 2.66117 4.52062 7.48096 7.1612 11.5442 3.46226 2.63818 2.61828 2.58279 3.24818 7.47972 5.21968 4.96985 2.10422 4.81177 2.66321 2.08758
threshold=0.57332179065277356 34795.000000000007 0.28576014119515097 2.5000000000000004 6.5000000000000009 11.500000000000002 3.5000000000000004 4.5000000000000009 1.0000000180025095e-35 7.5000000000000009 15.003401360544219 15.950345293025352 2.5000000000000004 8.5000000000000018 1.0000000180025095e-35 6.9966807769941894 2.5000000000000004 9.5000000000000018 3.5000000000000004 1.5000000000000002 2.1427552769461289 15.717747209918626
decision_type=2 2 2 2 2 2 2 2 2 2 2 2 2 2 2 2 2 2 2 2 2 2
left_child=1 2 -1 18 11 6 13 10 9 -9 -8 21 -13 -6 15 -15 -16 -18 19 -2 -21 -5
right_child=3 -3 -4 4 5 -7 7 8 -10 -11 -12 12 -14 14 16 -17 17 -19 -20 20 -22 -23
leaf_value=1.1247007979746678e-05 -0.0075039590180930767 -0.00068472185340657263 -0.0023726107513685002 -0.0037048524996420311 -0.0048396518886696417 -0.0006491683796735504 0.015906292223891647 -0.028298899153988127 -0.029113954437978925 0.068074700264170146 0.11597554119862026 -0.0010536087789087035 -0.048205574832591885 0.0030821681696424443 -0.018617262016767468 0.21282581832726274 -0.0040461190874285374 0.067179756999653242 -0.001810198749416121 0.00021353224769173204 0.041108293278551311 0.050305881443910343
leaf_weight=141 250 553 610 1806 738 9420 460 125 123 124 136 174 257 507 242 89 119 116 470 144 362 166
leaf_count=141 250 553 610 1806 738 9420 460 125 123 124 136 174 257 507 242 89 119 116 470 144 362 166
internal_value=-0.000476892 -0.00627005 -0.0025463 1.10529e-06 -9.70425e-05 9.17732e-05 0.00104346 0.00296763 -0.000881963 0.00248031 0.00538686 -0.00106105 -0.00353211 0 0.0011039 0.00282446 -0.0010166 0.002625 0.00117994 0.0023226 0.00428082 -0.000504552
internal_weight=17132 1304 751 15828 14602 12199 2779 968 372 249 596 2403 431 1811 1073 596 477 235 1226 756 506 1972
internal_count=17132 1304 751 15828 14602 12199 2779 968 372 249 596 2403 431 1811 1073 596 477 235 1226 756 506 1972
is_linear=0
shrinkage=0.035


Tree=159
num_leaves=23
num_cat=0
split_feature=9 22 9 21 14 8 9 4 9 9 9 9 0 1 22 8 12 17 0 24 20 9
split_gain=38.8522 19.6773 5.82997 2.42649 2.01395 1.68184 3.7482 2.75447 1.76233 1.84754 2.73971 2.16314 1.72237 1.59976 1.59534 2.4427 1.56561 2.81135 1.52842 1.38164 1.6885 1.41778
threshold=0.57332179065277356 34795.000000000007 0.28576014119515097 1.5000000000000002 0.73863636363636376 1.2132111502410419 0.8377192982456142 1.4097936930650039 2.9646741845814515 2.2400445813187457 1.7560281505042352 1.6793160786581842 3.4254378765207423 0.97613398113309346 39092.000000000007 2.8575374472806065 1.0304431325172205 1.0000000180025095e-35 1.8645103823193863 8120.5000000000009 6.5000000000000009 2.0994666115670144
decision_type=2 2 2 2 2 2 2 2 2 2 2 2 2 2 2 2 2 2 2 2 2 2
left_child=1 2 4 -4 -1 6 -2 8 9 10 11 13 -10 -7 15 18 17 -9 -11 20 -12 -22
right_child=5 -3 3 -5 -6 7 -8 16 12 14 19 -13 -14 -15 -16 -17 -18 -19 -20 -21 21 -23
leaf_value=-0.00082495041116541223 -0.0087434794036053542 -0.00066075658853734253 0.021718438934143602 -0.0019394534745699409 1.0853362700455544e-05 0.011367188599858852 0.0009518176486087497 -0.011949153580347684 0.010019375284311998 0.00023805857750356599 -0.020196877276905195 -0.025466004481100306 -0.0022174654108717108 -0.0047000663944217628 -0.011960087312163017 0.017080846919859255 0.00028051196780062767 0.0064782617438783894 -0.0063649855417484301 0.0032137470404653761 0.0036951540463212012 -0.0023135137130447427
leaf_weight=52 365 556 114 477 76 105 462 158 125 83 74 59 127 372 156 47 13108 51 213 61 180 73
leaf_count=52 365 556 114 477 76 105 462 158 125 83 74 59 127 372 156 47 13108 51 213 61 180 73
internal_value=-0.000533218 -0.00639844 -0.00251381 -0.00399329 0.00407895 -5.75076e-05 0.00147236 -0.000143529 -0.00147917 -0.00196078 -0.000998385 -0.00262015 0.00115759 -0.00174274 -0.00368056 -0.00221264 2.36451e-05 -0.00294393 -0.00343023 0.00120229 0.000210843 0.00162791
internal_weight=17094 1275 719 591 128 15819 827 14992 1675 1423 924 536 252 477 499 343 13317 209 296 388 327 253
internal_count=17094 1275 719 591 128 15819 827 14992 1675 1423 924 536 252 477 499 343 13317 209 296 388 327 253
is_linear=0
shrinkage=0.035


Tree=160
num_leaves=23
num_cat=0
split_feature=9 22 9 8 9 15 4 12 20 21 20 20 0 11 21 21 4 6 20 21 20 2
split_gain=34.4959 19.8527 5.34873 1.88232 3.05344 2.48444 1.72628 2.10013 1.95853 3.31729 4.6947 4.16602 2.83455 2.77569 2.69719 4.66822 3.51429 2.62166 2.32396 2.57188 2.2736 1.92441
threshold=0.57332179065277356 34795.000000000007 0.28576014119515097 1.2132111502410419 0.8377192982456142 0.34891304347826091 1.4097936930650039 0.8546718367736591 11.500000000000002 1.5000000000000002 6.5000000000000009 3.5000000000000004 15.638733474143338 5.0157810133863592 3.5000000000000004 4.5000000000000009 4.9547980748721674 11.946428571428573 2.5000000000000004 2.5000000000000004 2.5000000000000004 27.944847149584415
decision_type=2 2 2 2 2 2 2 2 2 2 2 2 2 2 2 2 2 2 2 2 2 2
left_child=1 2 -1 4 -2 -6 -5 -8 9 -9 11 14 -13 17 16 -16 -11 -12 -18 -20 -17 -14
right_child=3 -3 -4 6 5 -7 7 8 -10 10 13 12 21 -15 15 20 18 -19 19 -21 -22 -23
leaf_value=1.04734950059396e-05 -0.0075933690752733596 -0.00063763010793853553 -0.0015243944499267108 -0.0018117930943316104 0.00018932506650379269 0.0024859002259436458 -0.012458690808205839 -0.006992080666170711 -0.0011542495549753007 -0.0013774045597434183 0.012160096757283596 -0.0037579662057739731 -0.044019779196721648 0.062810922368224248 -0.011504792281905379 0.0018653111021512683 0.060912676116723539 -0.0068377523686517887 0.03623250162813884 -0.038753150189814997 0.037050797362307743 0.0042272949526449468
leaf_weight=131 357 551 599 1702 264 205 65 1227 7896 188 987 944 214 460 290 194 256 316 70 69 97 49
leaf_count=131 357 551 599 1702 264 205 65 1227 7896 188 987 944 214 460 290 194 256 316 70 69 97 49
internal_value=-0.000447304 -0.00596034 -0.00211905 0 0.00162154 0.00347046 -8.966e-05 4.33331e-05 7.65345e-05 0.000593552 0.0010697 4.41919e-05 -0.00138614 0.00243495 0.00154192 -0.000119454 0.00321429 0.00157875 0.005075 0.00121528 0.00295608 -0.0045709
internal_weight=17131 1281 730 15850 826 469 15024 13322 13257 5361 4134 2371 1207 1763 1164 581 583 1303 395 139 291 263
internal_count=17131 1281 730 15850 826 469 15024 13322 13257 5361 4134 2371 1207 1763 1164 581 583 1303 395 139 291 263
is_linear=0
shrinkage=0.035


Tree=161
num_leaves=23
num_cat=0
split_feature=9 22 9 17 20 18 20 4 8 8 22 2 3 3 2 20 5 10 10 2 9 27
split_gain=35.7961 18.4421 7.29248 1.85282 2.43617 5.4626 3.26755 3.5925 2.18074 3.14706 2.11741 1.93026 1.92324 1.77084 1.73881 1.68036 1.56705 1.47548 2.04715 1.46431 1.66625 1.71882
threshold=0.53708791208791218 34795.000000000007 0.28576014119515097 1.0000000180025095e-35 29.500000000000004 1.0000000180025095e-35 27.500000000000004 2.9974617545665088 1.2844387755102045 0.64512287944562419 52360.000000000007 5.9978252760003432 5.9978252760003432 2.7124934850085736 3.1082911943165921 2.5000000000000004 2.3679298735063843 2.1157009420498198 1.5118578920369108 19.556552062598733 24.339285714285719 2.5000000000000004
decision_type=2 2 2 2 2 2 2 2 2 2 2 2 2 2 2 2 2 2 2 2 2 2
left_child=1 2 -1 8 6 -6 13 -8 9 -2 -10 16 -13 17 -7 -15 -12 18 -5 -17 21 -21
right_child=3 -3 -4 4 5 14 7 -9 10 -11 11 12 -14 15 -16 19 -18 -19 -20 20 -22 -23
leaf_value=1.0106922680731713e-05 -0.0058589450882239429 -0.00061531305416068671 -0.0014859328040856337 -0.002076441363189603 0.088899034260683907 0.0025564367956526935 0.0069929464641777846 -0.032363284195236437 -0.00062369135188849794 0.0011558800580695815 -0.00042427458269952203 0.019311074806894625 -0.015755082101019717 0.043306547812221416 -0.021583591843459191 0.0060662706760101579 -0.019566730998436033 -0.014015347971192861 0.0052890378397473289 0.014936088997247429 0.066448749046305711 -0.032829465688493084
leaf_weight=139 183 559 502 675 124 50 66 175 10141 570 137 101 179 83 71 2552 194 93 174 64 76 205
leaf_count=139 183 559 502 675 124 50 66 175 10141 570 137 101 179 83 71 2552 194 93 174 64 76 205
internal_value=-0.000355766 -0.0061722 -0.00205882 8.35532e-05 0.000693972 0.00406 0.000487044 -0.00341463 -0.000149001 0.00166227 -0.000278191 -0.00227273 -6.14035e-05 0.000735294 -0.00111111 0.00115494 -0.0040625 -0.000572862 -8.19672e-05 0.00100103 -0.0011 -0.00242701
internal_weight=17113 1200 641 15913 4408 245 4163 241 11505 753 10752 611 280 3922 121 2980 331 942 849 2897 345 269
internal_count=17113 1200 641 15913 4408 245 4163 241 11505 753 10752 611 280 3922 121 2980 331 942 849 2897 345 269
is_linear=0
shrinkage=0.035


Tree=162
num_leaves=23
num_cat=0
split_feature=9 22 9 5 9 9 4 0 11 8 4 12 10 25 6 10 8 11 9 23 1 9
split_gain=37.9326 19.4456 7.5707 1.84741 1.44231 3.32915 2.57211 1.96527 2.16112 1.90714 1.82163 3.20119 2.53057 1.80387 1.77277 1.64521 1.6146 1.59652 1.59405 1.55616 1.54409 2.46682
threshold=0.57332179065277356 34795.000000000007 0.28576014119515097 1.0010887194926981 2.2581248134303693 2.8930613443143747 1.6049956839187629 1.9332284502450767 1.8883680959850138 2.8575374472806065 3.7899203501381034 1.5831721330199306 0.95118973121134298 200.00000000000003 4.3652723898902703 1.6183471874253754 2.1869318181818187 2.1838568563966763 2.5714480930513881 39000.000000000007 3.7070982822676251 3.3994581063281175
decision_type=2 2 2 2 2 2 2 2 2 2 2 2 2 2 2 2 2 2 2 2 2 2
left_child=1 2 -1 -4 13 6 9 14 18 16 11 -7 19 -2 -8 20 -6 -10 -9 -12 -13 -22
right_child=4 -3 3 -5 5 10 7 8 17 -11 12 15 -14 -15 -16 -17 -18 -19 -20 -21 21 -23
leaf_value=9.753180386906104e-06 -0.0011003487486274401 -0.00059377709726506273 -0.0021608763574055049 -0.00058233416048249556 0.00010670429504145318 -0.0083809359976790947 -0.010234203190887451 0.0085243639486545855 -0.015057681483541264 0.006286456512903881 -0.025359575630391377 0.012068518624203144 -0.00021888391971417235 0.00086742137059402427 0.0026856232166917664 0.0023303583943402708 -0.010164069100558518 0.013546107451482102 -0.0039741233919553601 0.0011638667545183614 -0.020240720831440288 0.0071598593817931658
leaf_weight=138 1017 558 466 120 70 128 257 387 129 72 86 190 9413 2125 109 819 314 61 451 54 46 86
leaf_count=138 1017 558 466 120 70 128 257 387 129 72 86 190 9413 2125 109 819 314 61 451 54 46 86
internal_value=-0.000490176 -0.00626845 -0.00242455 -0.00417513 -1.88065e-05 -0.000186361 -0.0015566 -0.000788063 0 -0.00383406 4.68736e-05 0.00129121 -0.000117179 0.00065062 -0.0029717 0.00189354 -0.00481362 -0.00332051 0.00076809 -0.0047069 0.00401376 0.000894161
internal_weight=17096 1282 724 586 15814 12672 1850 1394 1028 456 10822 1269 9553 3142 366 1141 384 190 838 140 322 132
internal_count=17096 1282 724 586 15814 12672 1850 1394 1028 456 10822 1269 9553 3142 366 1141 384 190 838 140 322 132
is_linear=0
shrinkage=0.035


Tree=163
num_leaves=23
num_cat=0
split_feature=9 22 9 3 20 1 9 1 12 12 9 16 9 1 1 15 9 15 12 7 1 17
split_gain=32.1131 21.4584 6.77201 1.58276 2.22268 1.73767 1.91226 1.73529 1.61414 1.84673 1.85215 1.23992 3.73761 4.38523 2.80502 1.5485 1.26614 4.00428 1.96988 1.63909 1.70679 1.61518
threshold=0.57332179065277356 34795.000000000007 0.28576014119515097 34.129284693525193 8.5000000000000018 33.500000000000007 26.1445911420487 20.983158914892449 6.8365581202638435 9.5923268933509522 22.693452380952383 1.0000000180025095e-35 12.913192184546258 13.714261283220216 1.5247919701716623 0.048809523809523817 1.2527268325876004 0.44722222222222224 1.0304431325172205 1.6269715917855294 0.55266442227249601 1.0000000180025095e-35
decision_type=2 2 2 2 2 2 2 2 2 2 2 2 2 2 2 2 2 2 2 2 2 2
left_child=1 2 -1 5 -5 6 11 -8 -7 10 -10 16 13 14 -13 -16 17 19 21 20 -2 -18
right_child=3 -3 -4 4 -6 8 7 -9 9 -11 -12 12 -14 -15 15 -17 18 -19 -20 -21 -22 -23
leaf_value=9.4118190733643905e-06 0.00045625413925724952 -0.00057299489886078545 -0.0016871655806753188 0.14291534721352231 0.00080878928375871528 -0.056801672948116097 0.11942443095063893 0.016962275361495992 -0.019928089953472717 -0.087397455889951972 0.050903025177629152 0.032463167905638329 0.14817911693475783 -0.090792911421845909 0.031106844900384057 -0.0076441683758446382 -0.0097181151857075754 -0.0083001832548538369 -0.00062832445261198141 -0.0015952415936267585 0.0011501183493312069 0.0112854797898651
leaf_weight=138 205 556 590 68 130 52 67 104 54 57 63 81 115 50 175 139 186 249 13518 53 410 45
leaf_count=138 205 556 590 68 130 52 67 104 54 57 63 81 115 50 175 139 186 249 13518 53 410 45
internal_value=-0.000484804 -0.00579713 -0.00179059 -5.08657e-05 0.00301724 -9.18224e-05 -4.54486e-05 0.00357955 -0.00310606 -0.00127095 0.00114754 -8.84709e-05 0.0015177 0 0.0013125 -0.000164577 -0.000151489 0.00110087 -0.000236658 0.00252229 0.00304839 -0.00341102
internal_weight=17105 1284 728 15821 198 15623 15397 171 226 174 117 15226 560 445 395 314 14666 917 13749 668 615 231
internal_count=17105 1284 728 15821 198 15623 15397 171 226 174 117 15226 560 445 395 314 14666 917 13749 668 615 231
is_linear=0
shrinkage=0.035


Tree=164
num_leaves=23
num_cat=0
split_feature=9 22 12 15 8 25 12 15 10 22 14 10 12 10 20 20 21 21 20 20 0 20
split_gain=31.8894 22.1263 7.3956 4.55496 1.77877 2.49122 1.8959 1.7622 3.15849 1.61485 3.26412 2.05924 1.46431 1.38953 1.34664 3.44329 3.67715 4.30482 6.68732 12.3449 3.15532 2.06705
threshold=0.57332179065277356 34795.000000000007 0.47737976031977752 0.69615384615384623 1.2844387755102045 195.50000000000003 1.0797154152493629 0.28285714285714292 0.53452248382484913 54348.000000000007 0.32051282051282054 1.7728105208558389 1.0945553872080129 1.0564524048220496 10.500000000000002 6.5000000000000009 1.5000000000000002 4.5000000000000009 8.5000000000000018 7.5000000000000009 8.942279580511066 2.5000000000000004
decision_type=2 2 2 2 2 2 2 2 2 2 2 2 2 2 2 2 2 2 2 2 2 2
left_child=1 2 3 -1 5 -2 -6 12 -9 10 14 -11 -7 -4 15 21 -17 20 19 -19 -18 -8
right_child=4 -3 13 -5 6 7 9 8 -10 11 -12 -13 -14 -15 -16 16 17 18 -20 -21 -22 -23
leaf_value=-0.00027851991326150512 -0.0077967707293260828 -0.00055294007740065807 -0.0019706715097377822 3.702253364341218e-05 -0.0042576814248315043 0.0013290976106621062 0.0023073255282512954 -0.0081481299675979953 0.0016224971749081258 -0.00092160535531448772 0.015596774447395377 -0.028827628429838586 -0.0086292346468947994 0.019196683961815082 -0.00097827714320879449 -0.0085468190062446998 0.0059672998621063773 -0.034753238135393709 -0.038297635439056045 0.073592039250559446 0.063723708505801488 -0.0042055985073908468
leaf_weight=73 249 546 523 75 395 126 1138 65 504 167 73 54 52 56 8861 425 725 112 98 120 579 2140
leaf_count=73 249 546 523 75 395 126 1138 65 504 167 73 54 52 56 8861 425 725 112 98 120 579 2140
internal_value=-0.000404842 -0.00572379 -0.0016735 0.00514706 2.20292e-05 0.00145105 -7.28579e-05 0.00246676 0.00341463 -6.03573e-06 3.92267e-05 -0.00294248 -0.000478142 -0.00347603 0 0.000438974 0.00156008 0.00231696 -0.00120149 0.00199367 0.00322193 -0.000261194
internal_weight=17156 1273 727 148 15883 996 14887 747 569 14492 14271 221 178 579 14198 5337 2059 1634 330 232 1304 3278
internal_count=17156 1273 727 148 15883 996 14887 747 569 14492 14271 221 178 579 14198 5337 2059 1634 330 232 1304 3278
is_linear=0
shrinkage=0.035


Tree=165
num_leaves=23
num_cat=0
split_feature=9 23 9 10 21 11 1 1 18 0 0 1 7 4 9 9 0 3 20 5 7 7
split_gain=32.7652 23.6576 5.24601 1.65044 2.00931 1.52871 1.22703 1.91034 1.78653 1.74742 1.63617 1.46079 1.45277 1.17719 1.12424 1.35604 1.74683 1.4645 2.41906 1.66765 1.63449 1.87982
threshold=0.57332179065277356 40250.000000000007 0.28576014119515097 1.0564524048220496 2.5000000000000004 0.61124984550212702 32.106343334591671 27.944847149584415 1.0000000180025095e-35 17.009731282911645 37.207737944866089 23.023809523809529 17.463259122825747 1.0000000180025095e-35 26.501239154220524 22.469137611182614 19.556552062598733 20.503494464828545 10.500000000000002 12.996151141142256 19.580392744506621 15.717747209918626
decision_type=2 2 2 2 2 2 2 2 2 2 2 2 2 2 2 2 2 2 2 2 2 2
left_child=1 2 -1 4 5 -4 7 10 -9 -8 11 14 -13 -6 15 17 -17 -2 19 -19 21 -20
right_child=6 -3 3 -5 13 -7 9 8 -10 -11 -12 12 -14 -15 -16 16 -18 18 20 -21 -22 -23
leaf_value=7.7866167282772117e-06 -2.1288229128613168e-07 -0.00053358717469163494 0.025307887766430812 0.020413497102745023 -0.00068870336702421618 -0.0041373467317867996 0.027118744848118319 0.018462272272889192 0.09288869151502864 -0.024293695091328688 0.070647125414949372 -0.064656943724872851 -0.010207539785934704 -0.002573038466524024 0.054096826498599711 0.010973241325492602 -0.025759796860558376 0.00028972354250726088 -0.024812660759939258 0.054655753760602936 -0.030577077226339375 0.034710599582926743
leaf_weight=130 13637 531 74 55 213 141 53 209 56 216 69 53 376 102 74 174 250 92 79 213 162 157
leaf_count=130 13637 531 74 55 213 141 53 209 56 216 69 53 376 102 74 174 250 92 79 213 162 157
internal_value=-0.000407832 -0.00586131 -0.00165278 -0.00308475 -0.00369626 -0.000954545 2.09449e-05 6.27964e-05 0.00298148 -0.00229927 1.02666e-05 -1.37507e-05 -0.00201613 -0.00546875 4.36233e-05 2.01435e-05 -0.00191725 7.92959e-05 0.00163136 0.00395161 -0.000130273 0.00167012
internal_weight=17116 1246 715 585 530 215 15870 15601 265 269 15336 15267 429 315 14838 14764 424 14340 703 305 398 236
internal_count=17116 1246 715 585 530 215 15870 15601 265 269 15336 15267 429 315 14838 14764 424 14340 703 305 398 236
is_linear=0
shrinkage=0.035


Tree=166
num_leaves=23
num_cat=0
split_feature=9 22 9 8 9 15 5 5 20 3 10 3 21 20 10 7 3 1 7 9 8 17
split_gain=34.9284 20.3787 6.47749 1.73087 2.13617 3.51807 1.61585 1.4562 1.33938 1.25758 1.93279 1.76523 2.35238 1.70365 1.42098 1.39136 2.31795 1.54684 1.24803 1.31283 1.2226 1.39922
threshold=0.57332179065277356 34795.000000000007 0.25004585548086528 1.2844387755102045 0.8377192982456142 0.3585714285714286 4.8493515340940085 1.136510806028489 13.500000000000002 20.017857142857146 8.2404345701402111 34.129284693525193 2.5000000000000004 2.5000000000000004 3.0937725468153898 16.443230037642703 23.023809523809529 18.049040346336252 0.99943504826342566 1.2157469142510446 21.761108290698008 1.0000000180025095e-35
decision_type=2 2 2 2 2 2 2 2 2 2 2 2 2 2 2 2 2 2 2 2 2 2
left_child=1 2 -1 4 -2 6 7 18 -9 -5 13 -12 -13 -11 -15 -16 -17 -18 -6 -20 -19 -22
right_child=3 -3 -4 9 5 -7 -8 8 -10 10 11 12 -14 14 15 16 17 20 19 -21 21 -23
leaf_value=7.5140851427875088e-06 -0.0056631584872316731 -0.00051491162357742771 -0.0011553864262458398 -0.0005265140268947777 0.00089671898099014634 0.00393200713013582 -0.0012544810134040697 6.4249204502731807e-05 0.011842196439554534 0.08709393735496547 -0.034378160855828198 -0.056589886547575165 0.051700441856568656 -0.051278486835129741 -0.0085978038121248719 0.047245412761777079 0.041872686313861228 -0.040076005999217221 0.00024143170595405109 -0.0059268150081067178 -0.011207154432971258 0.079902590730995968
leaf_weight=94 372 543 626 13392 72 173 77 56 77 52 254 60 103 54 166 294 188 96 92 59 110 77
leaf_count=94 372 543 626 13392 72 173 77 56 77 52 254 60 103 54 166 294 188 96 92 59 110 77
internal_value=-0.000427978 -0.00601735 -0.0021 1.87946e-05 0.00144201 0.00272095 0.000958904 0.00198753 0.00481884 -7.42374e-05 0.000899589 -0.0010782 0.00166667 0.00171305 0.00134343 0.00168269 0.00231818 0.000735294 0.000153509 -0.00157051 -0.000850694 0.000729167
internal_weight=17087 1263 720 15824 978 606 433 356 133 14846 1454 417 163 1037 985 931 765 471 223 151 283 187
internal_count=17087 1263 720 15824 978 606 433 356 133 14846 1454 417 163 1037 985 931 765 471 223 151 283 187
is_linear=0
shrinkage=0.035


Tree=167
num_leaves=23
num_cat=0
split_feature=9 22 9 21 11 15 25 10 22 15 10 9 10 8 21 0 2 11 20 20 21 3
split_gain=35.2216 21.1683 7.1202 1.356 1.7 1.16859 1.76664 1.68628 1.67758 1.22571 2.68449 2.00942 1.91824 2.00325 2.28684 1.09852 1.55823 1.57111 1.5094 2.50388 10.4785 2.28409
threshold=0.57332179065277356 34795.000000000007 0.28576014119515097 2.5000000000000004 0.61124984550212702 0.19615384615384621 195.50000000000003 1.2149857925879115 54348.000000000007 0.3585714285714286 0.69006555934235536 0.8377192982456142 0.89973541084243791 1.6371921543960082 2.5000000000000004 1.9999246801866812 2.9852237017189558 0.74351561001688371 11.500000000000002 9.5000000000000018 2.5000000000000004 11.00884074265187
decision_type=2 2 2 2 2 2 2 2 2 2 2 2 2 2 2 2 2 2 2 2 2 2
left_child=1 2 -1 4 -4 8 7 -7 15 12 -11 -12 -8 14 -14 -2 -17 -18 19 -19 -21 -22
right_child=5 -3 3 -5 -6 6 9 -9 -10 10 11 -13 13 -15 -16 16 17 18 -20 20 21 -23
leaf_value=7.2510921627899455e-06 -0.0023419619491212565 -0.00049688971675221783 0.02421128537223453 -0.0010790609200562952 -0.0042556864404426527 -0.0080316277222721149 0.001859080223227173 0.017399563084576096 -0.010479871313323702 -0.0076911885116534443 0.0065827697671844605 0.0022628056529969661 -0.0059103927157976585 0.0021388255164560411 0.00040489718707016376 0.0017633931507137547 -0.036186003138214171 0.00061133331298542266 -0.0011528203403582983 -0.013286378987265529 0.034465965280519401 0.10763235947878803
leaf_weight=140 1422 548 75 350 165 219 280 51 104 54 105 149 240 341 276 1988 52 3755 6156 319 202 142
leaf_count=140 1422 548 75 350 165 219 280 51 104 54 105 149 240 341 276 1988 52 3755 6156 319 202 142
internal_value=-0.000355351 -0.00593336 -0.00197619 -0.00367647 -0.0015 9.48928e-05 0.000956395 -0.00159091 -8.6603e-06 0.00144828 0.00341054 0.00493243 0.000888792 4.06032e-05 -0.00130998 2.36806e-05 0.000128972 -3.7861e-05 -4.96266e-06 0.000486661 0.00246257 0.00666905
internal_weight=17133 1278 730 590 240 15855 1715 270 14140 1445 308 254 1137 857 516 14036 12614 10626 10574 4418 663 344
internal_count=17133 1278 730 590 240 15855 1715 270 14140 1445 308 254 1137 857 516 14036 12614 10626 10574 4418 663 344
is_linear=0
shrinkage=0.035


Tree=168
num_leaves=23
num_cat=0
split_feature=9 22 12 6 4 9 5 2 9 25 4 20 20 5 4 8 9 10 9 9 10 9
split_gain=34.0932 22.4469 9.094 1.95081 1.67178 1.37453 1.65675 1.18344 1.38548 1.71618 1.12472 1.40874 1.40054 1.83991 1.07216 1.97341 2.86955 2.58865 1.86727 4.2003 2.24267 2.96143
threshold=0.57332179065277356 34795.000000000007 0.46416658119158299 2.982783402872585 0.58874036821468489 0.32393328502805191 0.99491741027542968 36.500000000000007 23.787301587301592 421.00000000000006 24.170466578992038 23.500000000000004 14.500000000000002 19.908514249778566 2.9974617545665088 1.2167400709199607 0.8377192982456142 1.5118578920369083 2.9646741845814515 2.3334151686354567 1.2149857925879142 1.928614655592682
decision_type=2 2 2 2 2 2 2 2 2 2 2 2 2 2 2 2 2 2 2 2 2 2
left_child=1 2 -1 4 5 -4 -7 8 10 -10 14 12 13 -12 15 16 -2 18 19 20 -17 -22
right_child=7 -3 3 -5 -6 6 -8 -9 9 -11 11 -13 -14 -15 -16 17 -18 -19 -20 -21 21 -23
leaf_value=6.9973039370922979e-06 -0.0070396859228491031 -0.00047949857666589019 0.00026116027523270726 0.021069221782308467 -0.0030106558411236019 -0.0021420360453800929 -0.0004863836337943273 -0.024755552997202966 0.036980125636277568 -0.020562481931545487 0.018164443375668481 0.01868956276404533 -0.04760453844277808 -0.035810313682330668 0.00044942921593033931 -3.7789270966407942e-05 0.00087353168716018063 0.00041023705015311943 0.0029914234065878324 -0.0095298144418781653 -0.014262941581298986 0.0003586172692225809
leaf_weight=119 308 571 72 112 171 170 96 155 517 71 96 149 145 75 10630 850 455 1401 173 445 208 135
leaf_count=119 308 571 72 112 171 170 96 155 517 71 96 149 145 75 10630 850 455 1401 173 445 208 135
internal_value=-0.000517981 -0.00593085 -0.0018557 -0.00357827 -0.00449416 -0.00290816 -0.00406827 -6.63801e-05 -3.46358e-05 0.0016231 -0.000100995 -0.00178723 -0.00310748 -0.000795455 -4.55168e-05 -0.000536432 0.00104818 -0.000919335 -0.0017924 -0.0021622 -0.00105175 -0.00341954
internal_weight=17124 1311 740 621 509 338 266 15813 15658 588 15070 465 316 171 14605 3975 763 3212 1811 1638 1193 343
internal_count=17124 1311 740 621 509 338 266 15813 15658 588 15070 465 316 171 14605 3975 763 3212 1811 1638 1193 343
is_linear=0
shrinkage=0.035


Tree=169
num_leaves=23
num_cat=0
split_feature=9 22 12 15 9 9 9 4 0 10 9 25 10 11 22 12 10 11 21 11 2 12
split_gain=32.6952 23.2251 6.64845 2.78896 1.55925 1.98278 1.83892 1.79209 3.00936 1.92628 1.66874 2.82079 2.23576 1.63372 1.62963 1.51647 1.98754 1.51064 1.46354 2.62029 2.37691 2.25327
threshold=0.57332179065277356 34795.000000000007 0.46416658119158299 0.69615384615384623 2.2400445813187457 1.8579467479848872 2.79394321958477 1.6049956839187629 1.3721101425487385 1.3417521125165692 1.2527268325876004 195.50000000000003 0.53452248382484913 1.2719433830548408 32208.500000000004 1.6200831156929241 0.89973541084243702 0.61124984550212702 2.5000000000000004 1.5897087143519026 2.0000375036577513 1.5373966660411522
decision_type=2 2 2 2 2 2 2 2 2 2 2 2 2 2 2 2 2 2 2 2 2 2
left_child=1 2 3 -1 5 10 7 9 -9 -6 11 -2 17 14 -8 16 -12 -13 19 -7 -20 -22
right_child=4 -3 -4 -5 6 18 13 8 -10 -11 15 12 -14 -15 -16 -17 -18 -19 20 -21 21 -23
leaf_value=-8.9061681389055036e-05 -0.0069747895479372402 -0.00046271612648258402 -0.0012868257076768133 6.7523982992940676e-06 -0.0046441698485562913 0.0014203072241634647 -0.012496474849620347 -0.0078642208198136145 0.0010615018482090855 -0.0032160846988750903 0.0035289298057643655 0.01433990182459963 0.001064904095953476 -6.8794253403026148e-05 0.011403395095788057 0.0078495475432874551 -0.0056582771973893052 -0.0081492557457448194 0.0043289524659708457 -0.0036454744141352861 -0.0058763377472473791 0.0024328119297705808
leaf_weight=46 241 545 626 64 158 338 168 347 877 259 214 46 628 10972 63 76 837 52 285 178 116 75
leaf_count=46 241 545 626 64 158 338 168 347 877 259 214 46 628 10972 63 76 837 52 285 178 116 75
internal_value=-0.000510281 -0.00587869 -0.00177126 0.00593478 -7.57766e-05 0.000628437 -0.000246517 -0.00133961 -0.000640765 -0.00331754 8.3373e-06 0.00108025 0.00217852 -8.43148e-05 -0.0029661 -0.000896643 -0.00125947 -0.00254854 0.00191324 0.000571017 0.00331081 0.000178571
internal_weight=17211 1281 736 110 15930 3086 12844 1641 1224 417 2094 967 726 11203 231 1127 1051 98 992 516 476 191
internal_count=17211 1281 736 110 15930 3086 12844 1641 1224 417 2094 967 726 11203 231 1127 1051 98 992 516 476 191
is_linear=0
shrinkage=0.035


Tree=170
num_leaves=23
num_cat=0
split_feature=9 22 9 9 10 9 7 25 5 20 20 20 10 8 20 20 9 20 20 17 1 3
split_gain=37.6918 17.5891 7.03906 1.59107 2.50652 2.12758 1.94877 1.78579 1.57575 3.00473 1.50471 1.94106 2.71438 1.63514 1.50318 1.44588 1.38464 1.34632 3.64578 3.37252 1.33685 1.28219
threshold=0.57332179065277356 34795.000000000007 0.28576014119515097 2.2857338073371021 0.97590007294853509 1.8579467479848872 1.9341622193465564 195.50000000000003 2.6805047445960049 16.500000000000004 12.500000000000002 24.500000000000004 1.9023794624226864 2.2140066897881838 22.500000000000004 10.500000000000002 3.2517607586512871 29.500000000000004 30.500000000000004 1.0000000180025095e-35 1.3800681417141047 2.3964285714285718
decision_type=2 2 2 2 2 2 2 2 2 2 2 2 2 2 2 2 2 2 2 2 2 2
left_child=1 2 -1 5 21 6 7 20 9 -6 -7 12 13 -12 16 -8 -11 -10 19 -19 -2 -5
right_child=3 -3 -4 4 8 10 15 -9 17 14 11 -13 -14 -15 -16 -17 -18 18 -20 -21 -22 -23
leaf_value=6.5160643588187749e-06 -0.0072926623925834121 -0.00044652106205569361 -0.0017288014642837539 -0.0002785180195968651 0.00082363221978834283 0.00016908486445912476 -0.019428067247902057 0.00050195219209133335 -0.00013219513548861752 -0.01268709630060323 0.0024493050664592853 0.00023666302411826825 -0.0006684460209176791 0.0037994742593651337 -0.0054161025214590078 -0.0037757182094039035 -0.0046230364154207738 0.016019538584865867 -0.010650444507692978 0.14898295157866684 0.012711741686962911 -0.0076416685243024191
leaf_weight=140 235 545 596 206 742 480 87 1577 10403 133 221 228 65 154 384 138 60 169 158 79 91 336
leaf_count=140 235 545 596 206 742 480 87 1577 10403 133 221 228 65 154 384 138 60 169 158 79 91 336
internal_value=-0.00049559 -0.00625972 -0.00266869 -2.9622e-05 -0.000208481 0.00065605 0 0.000366876 -0.000102407 -0.00124245 0.00186687 0.00293834 0.00428652 0.00543421 -0.00312715 -0.00304348 -0.00565657 3.5602e-05 0.00200122 0.00463439 -0.00195619 -0.00252742
internal_weight=17227 1281 736 15946 12670 3276 2128 1903 12128 1319 1148 668 440 375 577 225 193 10809 406 248 326 542
internal_count=17227 1281 736 15946 12670 3276 2128 1903 12128 1319 1148 668 440 375 577 225 193 10809 406 248 326 542
is_linear=0
shrinkage=0.035


Tree=171
num_leaves=23
num_cat=0
split_feature=9 22 12 15 3 10 21 7 7 9 1 20 9 5 0 15 22 22 20 7 15 21
split_gain=32.9678 19.0683 7.07557 3.13913 1.42934 1.29328 1.31847 1.34224 1.29256 1.68447 1.66432 1.19141 1.13973 1.07011 1.05871 1.10093 2.34367 2.22166 1.58002 1.39285 1.74459 1.38605
threshold=0.57332179065277356 34795.000000000007 0.47737976031977752 0.69615384615384623 38.009217265204406 1.0564524048220496 2.5000000000000004 0.56969271725119408 28.467699617561198 26.501239154220524 22.052447947677845 13.500000000000002 0.4287661851273204 0.99491741027542968 39.500000000000007 0.19615384615384621 54348.000000000007 28242.500000000004 26.500000000000004 1.1415815380977403 0.32738095238095244 3.5000000000000004
decision_type=2 2 2 2 2 2 2 2 2 2 2 2 2 2 2 2 2 2 2 2 2 2
left_child=1 2 3 -1 8 6 7 12 9 14 -11 -6 -4 -9 15 16 -2 18 19 -17 21 -21
right_child=4 -3 5 -5 11 -7 -8 13 -10 10 -12 -13 -14 -15 -16 17 -18 -19 -20 20 -22 -23
leaf_value=-7.539368390555964e-05 -0.00010480706881283442 -0.00043089282488374431 0.025132546256970551 6.2880021062601166e-06 0.065356122096851849 0.016148469615346446 -0.0013396862175577852 -0.0043725380628923186 -0.018925907602874759 0.11863398689669027 0.01673642668675264 0.0071684574280161872 -0.0036618252946015932 -0.0031241279802057664 0.078385341799013505 -0.0067430380645492564 -0.012826295709132093 0.0010748936511729491 0.015963916146357077 -0.0038193912215937495 0.0064078016980081455 0.0022436685687758882
leaf_weight=74 13592 531 50 71 54 58 295 58 199 45 64 57 76 49 55 407 101 753 130 228 84 122
leaf_count=74 13592 531 50 71 54 58 295 58 199 45 64 57 76 49 55 407 101 753 130 228 84 122
internal_value=-0.000381455 -0.00581492 -0.00209239 0.00466667 5.06417e-05 -0.0038198 -0.00436679 -0.00220588 2.10643e-05 5.83857e-05 0.00429825 0.00392241 0.000133588 -0.005 2.60063e-05 6.80846e-06 -9.70945e-05 0.000840081 -0.000251025 -0.000827423 0.000518223 -0.000542254
internal_weight=17153 1262 731 145 15891 586 528 233 15780 15581 109 111 126 107 15472 15417 13693 1724 971 841 434 350
internal_count=17153 1262 731 145 15891 586 528 233 15780 15581 109 111 126 107 15472 15417 13693 1724 971 841 434 350
is_linear=0
shrinkage=0.035


Tree=172
num_leaves=23
num_cat=0
split_feature=9 22 12 15 21 15 12 6 12 6 13 9 20 10 25 22 14 14 1 1 1 9
split_gain=31.0195 22.9492 9.74783 2.12085 1.36846 1.21825 1.1533 1.00005 1.77009 1.74391 1.59155 1.51782 1.49415 3.68141 1.322 1.29661 1.42016 1.18651 1.80837 1.18349 1.10649 1.9183
threshold=0.57332179065277356 34795.000000000007 0.46416658119158299 0.69615384615384623 1.5000000000000002 0.60791925465838526 0.63508777288479024 0.8172201977397342 1.1069254434621634 1.6568908723441151 0.2678571428571429 1.2527268325876004 22.500000000000004 0.97590007294853509 195.50000000000003 54348.000000000007 0.29285714285714287 0.20714285714285716 2.5842709647237991 1.9999246801866812 5.0127769206881263 2.79394321958477
decision_type=2 2 2 2 2 2 2 2 2 2 2 2 2 2 2 2 2 2 2 2 2 2
left_child=1 2 3 -1 5 -4 -6 8 -2 12 17 14 20 -14 -11 16 -13 18 19 -10 21 -9
right_child=7 -3 4 -5 6 -7 -8 9 10 11 -12 15 13 -15 -16 -17 -18 -19 -20 -21 -22 -23
leaf_value=0.000207776895831723 -0.0012142563920543039 -0.00041581157601281322 -0.0082229492973639844 6.0679220325410129e-06 -0.00030285266315381018 0.023006642521064245 -0.0029923604215657041 -0.0040537417669924336 0.00084661185225986158 -0.0067532110454183196 0.0092925247696630259 5.2689569211743505e-05 -0.0076977934000727688 0.0030862974557254092 0.0010302573980122077 -0.0059901448832866263 0.013746738226849731 -0.011627622289652121 -0.0040355349873932023 0.0068847320416568717 -0.019431091857465912 0.0031460533932753045
leaf_weight=51 313 556 93 71 180 45 292 766 80 59 135 13205 121 198 302 138 79 56 122 87 64 138
leaf_count=51 313 556 93 71 180 45 292 766 80 59 135 13205 121 198 302 138 79 56 122 87 64 138
internal_value=-0.00040394 -0.00561678 -0.00149593 0.00730315 -0.00332927 -0.000122378 -0.00421908 1.98513e-05 0.00122807 -4.29519e-05 0.00256186 7.10763e-05 -0.00127322 0.000756173 0.00229508 9.12341e-06 4.60908e-05 0.0012 0.00214286 0.00447674 -0.00196043 -0.00159791
internal_weight=17151 1288 732 122 610 138 472 15863 793 15070 480 13783 1287 319 361 13422 13284 345 289 167 968 904
internal_count=17151 1288 732 122 610 138 472 15863 793 15070 480 13783 1287 319 361 13422 13284 345 289 167 968 904
is_linear=0
shrinkage=0.035


Tree=173
num_leaves=23
num_cat=0
split_feature=9 22 12 15 6 4 12 5 14 0 10 7 10 3 4 9 10 0 20 10 10 10
split_gain=33.0832 23.602 8.61726 1.78659 1.54457 1.41428 1.44064 1.07766 0.894042 0.833659 1.67935 0.930304 1.52997 1.1789 1.54417 2.85858 2.3227 1.56897 2.35491 1.78834 1.99569 2.07229
threshold=0.57332179065277356 34795.000000000007 0.46416658119158299 0.71130952380952395 2.982783402872585 0.58874036821468489 0.63508777288479024 0.75706122236642648 0.60769230769230786 34.129284693525193 8.8061116617679662 28.467699617561198 10.019028385590405 20.017857142857146 11.00884074265187 9.6243158627087215 2.19152661386611 10.000130448439306 25.500000000000004 2.9439202887759515 4.8002944715233982 6.0198085715490324
decision_type=2 2 2 2 2 2 2 2 2 2 2 2 2 2 2 2 2 2 2 2 2 2
left_child=1 2 3 -1 5 6 -4 -8 -6 11 -11 13 -13 14 -2 -16 -17 18 19 -18 -21 -22
right_child=9 -3 4 -5 8 -7 7 -9 -10 10 -12 12 -14 -15 15 16 17 -19 -20 20 21 -23
leaf_value=0.00012737244052712883 0.00018783096124336043 -0.00040125817085236479 0.0001409881592158517 5.8555447614020774e-06 -0.0073809910343681593 -0.0028004873780068805 -0.0028714294310204784 -0.00022527364163155695 0.022201410032826996 0.058307385639732784 -0.0035996879030819077 -0.052067951995899649 0.011154227248692604 0.0087266410058329854 -0.016836918575305511 0.027573252018576754 -0.040540755715821504 -0.0085318800608018119 0.05954540790845457 0.034187957397896436 -0.061171538780521555 0.021125755536108001
leaf_weight=45 11639 559 139 61 62 153 122 70 55 78 130 70 83 1260 351 106 57 1799 48 182 47 54
leaf_count=45 11639 559 139 61 62 153 122 70 55 78 130 70 83 1260 351 106 57 1799 48 182 47 54
internal_value=-0.000390247 -0.00582415 -0.00152388 0.00740991 -0.00317657 -0.00404397 -0.00260417 -0.00453046 0.000286885 4.29002e-05 0.00221831 1.22604e-05 -0.00265823 4.05197e-05 -4.89922e-05 -0.000812571 -0.000350305 -0.000606752 0.00138041 0.000253623 0.00145833 -0.00231132
internal_weight=17170 1266 707 106 601 484 331 192 117 15904 208 15696 153 15543 14283 2644 2293 2187 388 340 283 101
internal_count=17170 1266 707 106 601 484 331 192 117 15904 208 15696 153 15543 14283 2644 2293 2187 388 340 283 101
is_linear=0
shrinkage=0.035


Tree=174
num_leaves=23
num_cat=0
split_feature=9 22 12 6 4 9 5 9 1 9 24 9 8 4 3 4 20 10 25 9 11 10
split_gain=34.264 20.5964 8.03088 1.58034 1.81452 1.6939 1.28583 1.14105 0.977926 1.54489 1.31415 1.59002 2.34243 2.54923 1.77681 2.63176 1.7334 1.9789 1.90439 1.731 1.47787 1.97022
threshold=0.57332179065277356 34795.000000000007 0.46416658119158299 2.982783402872585 0.58874036821468489 0.32393328502805191 0.85977426310473903 0.25004585548086528 32.106343334591671 23.787301587301592 10740.000000000002 2.2857338073371021 3.0003337402748032 2.9974617545665088 4.9063382803216653 12.619143737453959 10.500000000000002 1.2724180205607036 381.00000000000006 1.8936610336991728 0.85492966673622606 1.3972762620115433
decision_type=2 2 2 2 2 2 2 2 2 2 2 2 2 2 2 2 2 2 2 2 2 2
left_child=1 2 7 4 5 -4 -7 -1 9 10 11 19 13 16 15 -14 17 -13 -18 -2 -21 -22
right_child=8 -3 3 -5 -6 6 -8 -9 -10 -11 -12 12 14 -15 -16 -17 18 -19 -20 20 21 -23
leaf_value=5.6506006947530046e-06 -3.3595682501887938e-05 -0.00038721413487253202 0.016017207178044987 0.0064666672215009848 -0.0026339367763535209 -0.0023074667071759491 -0.00020430704576647932 0.0001498391997572327 -0.0149937787540103 0.036840596696663258 0.0037416760976109954 -0.0041368250309036696 0.004083710465487376 -0.0015697418176386681 -0.0018338842385547994 -0.029434322211307994 -0.01096680141151735 0.0023974257410874869 -0.0046681685989688705 -0.02063997818168934 0.0022734287028180317 0.00025766810131385267
leaf_weight=63 2195 542 70 114 159 169 95 50 264 531 2218 119 1323 949 6309 54 292 217 354 45 532 492
leaf_count=63 2195 542 70 114 159 169 95 50 264 531 2218 119 1323 949 6309 54 292 217 354 45 532 492
internal_value=-0.00049662 -0.00603591 -0.0021 -0.00371732 -0.00456827 -0.00294248 -0.00422862 0.00622881 -5.39342e-05 -1.67893e-05 -8.34216e-05 -0.000220006 -0.000447412 -0.00153667 -0.000170654 0.000962373 -0.00278369 -0.000667155 -0.00384409 0.000444325 0.00159683 0.00188776
internal_weight=17156 1262 720 607 493 334 264 113 15894 15630 15099 12881 9617 1931 7686 1377 982 336 646 3264 1069 1024
internal_count=17156 1262 720 607 493 334 264 113 15894 15630 15099 12881 9617 1931 7686 1377 982 336 646 3264 1069 1024
is_linear=0
shrinkage=0.035


Tree=175
num_leaves=23
num_cat=0
split_feature=9 22 12 4 15 21 7 12 12 9 15 7 5 22 10 10 5 4 6 9 8 13
split_gain=31.9811 20.4775 6.05004 1.36606 1.11564 1.31809 0.925115 0.835528 1.05372 1.22003 3.80958 1.03502 2.1361 1.49595 1.69568 1.17067 1.10201 1.87637 0.865533 1.83504 2.89504 1.45886
threshold=0.57332179065277356 34795.000000000007 0.46416658119158299 0.58874036821468489 0.60791925465838526 2.5000000000000004 0.28764931278260691 0.44547487860604157 0.63508777288479024 0.8377192982456142 0.39642857142857152 1.1415815380977403 4.8493515340940085 54348.000000000007 1.7728105208558389 0.69006555934235536 0.85977426310473903 0.99491741027542968 3.2043185905978562 2.2400445813187457 2.2143247575313469 0.2678571428571429
decision_type=2 2 2 2 2 2 2 2 2 2 2 2 2 2 2 2 2 2 2 2 2 2
left_child=1 2 3 -1 -4 -6 -7 -2 -9 -10 11 12 15 18 16 -11 -15 -18 19 20 -13 -21
right_child=7 -3 4 -5 5 6 -8 8 9 10 -12 13 -14 14 -16 -17 17 -19 -20 21 -22 -23
leaf_value=2.7827993132984087e-06 -0.020426352572469102 -0.00037366164015199344 -0.0035130399254154256 5.4528296704366488e-06 0.021198027328925517 -0.0001442341174552853 -0.0013210898263202029 0.017432501537031343 -0.0066510775616956458 -0.00034342953639118659 0.0032641375737372334 -8.7385711655973983e-05 -0.020247801237227334 0.0024147338822624168 -0.023333390468951037 0.0027159084712632363 -0.0089905997314631662 -0.00024753897316547984 0.00053794642208952585 -0.0021355388994220583 0.0023743600626120122 -0.010465328010951121
leaf_weight=61 46 544 292 46 77 119 114 48 333 71 99 1203 62 61 45 275 53 156 10885 2165 223 107
leaf_count=61 46 544 292 46 77 119 114 48 333 71 99 1203 62 61 45 275 53 156 10885 2165 223 107
internal_value=-0.00041574 -0.00578696 -0.00181373 0.005625 -0.00320016 -0.00161111 -0.00294118 9.94507e-06 2.54892e-05 7.78124e-06 5.45101e-05 8.00078e-06 0.00173729 -3.87506e-05 -0.00240625 0.00284188 -0.00120909 -0.00245327 1.19962e-05 -0.00044896 0.000525856 -0.00106829
internal_weight=17085 1253 709 107 602 310 233 15832 15786 15738 15405 15306 408 14898 315 346 270 209 14583 3698 1426 2272
internal_count=17085 1253 709 107 602 310 233 15832 15786 15738 15405 15306 408 14898 315 346 270 209 14583 3698 1426 2272
is_linear=0
shrinkage=0.035


Tree=176
num_leaves=23
num_cat=0
split_feature=8 22 12 4 2 22 9 9 11 1 6 4 22 11 3 20 21 20 0 0 27 20
split_gain=32.2388 22.4244 5.47871 2.81058 1.689 1.31626 1.99712 1.52841 2.03734 3.46947 1.61901 1.46643 1.74385 1.5599 1.41473 1.29263 1.60914 3.37905 2.06467 1.93044 1.84147 1.69661
threshold=0.5723960849627322 34795.000000000007 0.46416658119158299 0.72511993027812494 36.500000000000007 15527.500000000002 0.57332179065277356 2.1436720521541957 1.5281246137553179 2.4388928766369471 2.6045658338550122 19.010370193622947 6498.5000000000009 7.608604816174334 2.0635164492868676 23.500000000000004 2.5000000000000004 27.500000000000004 6.075782496068709 5.0127769206881263 3.5000000000000004 29.500000000000004
decision_type=2 2 2 2 2 2 2 2 2 2 2 2 2 2 2 2 2 2 2 2 2 2
left_child=1 2 3 -1 5 6 -2 -8 9 -9 -10 -12 13 -13 -11 -7 17 19 20 -17 -19 -18
right_child=4 -3 -4 -5 -6 15 7 8 10 14 11 12 -14 -15 -16 16 21 18 -20 -21 -22 -23
leaf_value=2.6854013373329642e-06 -0.0048359355936593625 -0.00036058348274667368 -0.0013083455828708057 5.2619806319713659e-06 -0.034926427377288488 -0.00096215736035605082 0.0021893627748775261 0.0034857006780111091 -0.0033118305094509129 -0.012639242902269974 0.0076944472314598011 -0.028104947379846045 0.019746016564558232 0.051598656695816904 -0.0094673519321856903 -0.0014044886848348604 0.001263876743424036 0.0037968062959006549 -0.023892904822839116 0.01716357150868195 -0.02514031038499031 0.020802453667046996
leaf_weight=70 52 557 636 46 156 9545 513 225 267 88 1262 180 563 49 151 374 1154 208 283 383 68 278
leaf_count=70 52 557 636 46 156 9545 513 225 267 88 1262 180 563 49 151 374 1154 208 283 383 68 278
internal_value=-0.000459154 -0.00572679 -0.00173382 0.00506198 -1.99317e-05 1.5657e-05 0.000631148 0.000747048 0.000413978 -0.0016791 0.000842648 0.0011814 0 -0.00254274 -0.00459016 -0.000150838 0.000514893 -0.000357684 -0.00242021 0.00114829 -0.000186833 0.00132742
internal_weight=17108 1309 752 116 15799 15643 3350 3298 2785 464 2321 2054 792 229 239 12293 2748 1316 559 757 276 1432
internal_count=17108 1309 752 116 15799 15643 3350 3298 2785 464 2321 2054 792 229 239 12293 2748 1316 559 757 276 1432
is_linear=0
shrinkage=0.035


Tree=177
num_leaves=23
num_cat=0
split_feature=9 22 12 15 9 8 11 6 20 7 12 25 22 9 21 7 4 5 15 3 20 22
split_gain=32.3049 23.1503 7.30857 2.18173 1.68171 1.50088 2.40149 2.81173 1.79945 1.68601 2.75049 2.03071 1.4259 1.42303 1.37586 1.53483 1.29792 2.3162 1.72906 1.61773 2.47357 1.27231
threshold=0.57332179065277356 34795.000000000007 0.46416658119158299 0.69615384615384623 2.2857338073371021 2.0714541544120011 1.456014464567468 2.4548535602579684 11.500000000000002 1.9341622193465564 1.6200831156929241 200.00000000000003 24335.000000000004 2.8930613443143747 1.5000000000000002 0.28764931278260691 2.37594586696614 2.1225965322825933 0.042572463768115944 3.9260782193255599 18.500000000000004 43337.000000000007
decision_type=2 2 2 2 2 2 2 2 2 2 2 2 2 2 2 2 2 2 2 2 2 2
left_child=1 2 3 -1 5 9 8 12 -7 10 -2 -11 -8 -6 -4 -16 21 18 -18 20 -19 -15
right_child=4 -3 14 -5 13 6 7 -9 -10 11 -12 -13 -14 16 15 -17 17 19 -20 -21 -22 -23
leaf_value=0.0001172950147565919 0.00032234389175744453 -0.00034796306085054006 -0.0026174548447708873 5.0778113098523686e-06 -0.0035366623823373192 -0.0018570576293344134 -0.00014648050403716752 -0.0040863811006499606 0.0042980330930575197 -0.017021339737039336 0.0097687569786612388 -0.00039265058870827433 0.0028730377604017868 0.00023590094393064034 -0.00019100040187760921 -0.0023704131610698632 -0.012977436328073893 -0.00076314771066640316 0.00052526754733364103 -0.00089966069246891331 0.014134036538532506 0.0091869925577033502
leaf_weight=47 2082 541 137 66 1775 61 80 157 179 115 108 328 113 414 199 292 339 432 125 8962 353 270
leaf_count=47 2082 541 137 66 1775 61 80 157 179 115 108 328 113 414 199 292 339 432 125 8962 353 270
internal_value=-0.000472643 -0.00580614 -0.00173592 0.00622881 -3.96276e-05 0.000672243 0.00226471 0.00034507 0.00492857 0.000305155 0.000709567 -0.00164063 0.00318182 -0.000222288 -0.0032346 -0.00409274 -7.06422e-05 -0.0001713 -0.00257463 -5.38351e-05 0.00146203 0.00139695
internal_weight=17175 1282 741 113 15893 3223 590 350 240 2633 2190 443 193 12670 628 491 10895 10211 464 9747 785 684
internal_count=17175 1282 741 113 15893 3223 590 350 240 2633 2190 443 193 12670 628 491 10895 10211 464 9747 785 684
is_linear=0
shrinkage=0.035


Tree=178
num_leaves=23
num_cat=0
split_feature=15 23 12 20 7 11 8 4 4 11 11 20 0 20 10 12 20 20 21 2 24 20
split_gain=27.3821 21.5216 6.40067 1.53375 1.73306 1.10983 1.72076 1.06703 0.97974 1.13189 1.10214 1.1149 0.923815 0.899254 0.891126 1.44643 0.863946 2.18801 2.82982 2.92509 2.76039 2.63656
threshold=0.53452380952380962 40250.000000000007 0.46416658119158299 26.500000000000004 0.3958215675061168 0.67345596942462282 1.2844387755102045 0.58874036821468489 1.6049956839187629 0.99449031619769424 0.84189738614109566 21.500000000000004 37.207737944866089 14.500000000000002 0.57735026918962573 0.54899847081191699 13.500000000000002 18.500000000000004 3.5000000000000004 23.023809523809529 8120.5000000000009 17.500000000000004
decision_type=2 2 2 2 2 2 2 2 2 2 2 2 2 2 2 2 2 2 2 2 2 2
left_child=5 2 7 4 -4 14 8 -2 9 10 13 -12 16 -7 15 -1 -8 18 19 21 -20 -18
right_child=1 -3 3 -5 -6 6 12 -9 -10 -11 11 -13 -14 -15 -16 -17 17 -19 20 -21 -22 -23
leaf_value=-0.0017336635137684114 0.00014422571734711259 -0.0003357843537207712 -0.00011502450760676537 0.015269883617931751 -0.0028424148716184087 0.0003087236866233412 0.00062292837224822153 4.9000879140075359e-06 -2.6403316094329999e-05 0.0012238935893269466 0.0011425516721406941 -0.012975094167088837 0.045946010193493148 0.0033677264535535065 0.0090176349773914942 -0.0071282068611018684 -0.00042941963047211321 0.00018227274838520714 -0.018804317157030251 0.051929517635680315 0.0021021231022622078 -0.013362982885751934
leaf_weight=72 60 542 232 109 358 67 6837 47 255 237 80 47 129 62 72 91 1282 5529 401 100 181 319
leaf_count=72 60 542 232 109 358 67 6837 47 255 237 80 47 129 62 72 91 1282 5529 401 100 181 319
internal_value=-0.000382435 -0.00516075 -0.0014889 -0.00273438 -0.00344118 2.66396e-05 6.42264e-05 0.00625 0.00169655 0.0026004 0.000871648 -0.00132576 -1.77569e-05 0.00313433 -0.00233333 -0.00375 -4.53801e-05 -0.000297748 -0.00120848 -0.000471864 -0.0033092 -0.000849938
internal_weight=17109 1348 806 699 590 15761 15526 107 748 493 256 127 14778 129 235 163 14649 7812 2283 1701 582 1601
internal_count=17109 1348 806 699 590 15761 15526 107 748 493 256 127 14778 129 235 163 14649 7812 2283 1701 582 1601
is_linear=0
shrinkage=0.035


Tree=179
num_leaves=23
num_cat=0
split_feature=15 22 9 12 7 10 16 1 12 1 8 10 9 21 5 20 9 10 27 11 10 20
split_gain=32.4311 19.7104 4.3357 3.30066 1.37517 1.44027 1.07464 2.44476 2.41518 1.45402 3.19075 1.93282 1.89447 1.35867 1.05669 1.05103 0.956741 2.39921 1.70982 4.11305 2.27072 1.65641
threshold=0.68139097744360921 34795.000000000007 0.57332179065277356 0.46416658119158299 0.3958215675061168 0.42429768886763164 1.0000000180025095e-35 1.5247919701716623 1.6909314353100842 19.556552062598733 14.575042865538849 2.3608110074759998 20.401106820578843 2.5000000000000004 1.9999246801866812 22.500000000000004 2.2857338073371021 0.8164965809277277 3.5000000000000004 0.84189738614109566 0.8164965809277277 8.5000000000000018
decision_type=2 2 2 2 2 2 2 2 2 2 2 2 2 2 2 2 2 2 2 2 2 2
left_child=2 3 4 -2 5 -1 16 -8 13 10 11 -10 -11 -9 -7 -6 18 -18 -4 21 -21 -20
right_child=1 -3 6 -5 15 14 7 8 9 12 -12 -13 -14 -15 -16 -17 17 -19 19 20 -22 -23
leaf_value=-0.0010062997010551907 4.7285848370172717e-06 -0.00032403190134054415 -6.1203456929058165e-05 -0.00016333186839049922 -0.0030540548547411924 0.020121481456733405 0.034713708972597547 -0.026675191593210211 0.039928127505508476 -0.13622479864604728 0.23638782034235836 -0.0057324074249433385 0.21027186614616863 -4.2640146297401321e-06 -0.0025218180674376695 -0.0029208850647622739 -0.0061474264683624245 -0.00084178708548174894 0.0075602065022592974 0.0067062997459674187 0.0014713969460157601 -0.0080116473227816228
leaf_weight=102 62 507 2150 154 244 73 78 55 79 51 57 157 56 65 54 72 306 11871 45 106 688 124
leaf_count=102 62 507 2150 154 244 73 78 55 79 51 57 157 56 65 54 72 306 11871 45 106 688 124
internal_value=-0.000510897 -0.00774038 -0.0001895 0.00102941 -0.00324545 -0.00104701 -8.25835e-05 0.00136401 0.000433333 0.0017716 0.00305369 0.00108921 -0.0015625 -0.00378 0.00132576 -0.00474299 -0.000140732 -0.000281563 0.000404105 0.00162707 0.00269399 -0.00321839
internal_weight=17156 723 16433 216 545 229 15888 598 520 400 293 236 107 120 127 316 15290 12177 3113 963 794 169
internal_count=17156 723 16433 216 545 229 15888 598 520 400 293 236 107 120 127 316 15290 12177 3113 963 794 169
is_linear=0
shrinkage=0.035


end of trees

feature_importances:
day_of_month=736
sig_roll_mean_28=621
month=286
unit_cost_rp=231
sig_roll_std_28=163
sig_roll_mean_14=156
promo_flag=154
sig_lag_2=151
sig_roll_std_7=123
sig_roll_std_14=117
sig_lag_1=110
sig_lag_7=107
sig_zero_rate_28=106
margin_rp=101
sig_roll_mean_7=96
sig_lag_14=94
sig_lag_21=94
shelf_life_days=93
is_holiday=92
sig_lag_28=84
sig_lag_3=78
is_weekend=64
unit_price_rp=51
sig_zero_rate_14=27
promised_lead_time_days=19
sig_zero_rate_7=4
is_perishable=2

parameters:
[boosting: gbdt]
[objective: quantile]
[metric: quantile]
[tree_learner: serial]
[device_type: cpu]
[data_sample_strategy: bagging]
[data: ]
[valid: ]
[num_iterations: 180]
[learning_rate: 0.035]
[num_leaves: 23]
[num_threads: 8]
[seed: 20260723]
[deterministic: 0]
[force_col_wise: 0]
[force_row_wise: 0]
[histogram_pool_size: -1]
[max_depth: -1]
[min_data_in_leaf: 45]
[min_sum_hessian_in_leaf: 0.001]
[bagging_fraction: 0.85]
[pos_bagging_fraction: 1]
[neg_bagging_fraction: 1]
[bagging_freq: 1]
[bagging_seed: 320]
[bagging_by_query: 0]
[feature_fraction: 0.85]
[feature_fraction_bynode: 1]
[feature_fraction_seed: 6711]
[extra_trees: 0]
[extra_seed: 20591]
[early_stopping_round: 0]
[early_stopping_min_delta: 0]
[first_metric_only: 0]
[max_delta_step: 0]
[lambda_l1: 0.5]
[lambda_l2: 5]
[linear_lambda: 0]
[min_gain_to_split: 0]
[drop_rate: 0.1]
[max_drop: 50]
[skip_drop: 0.5]
[xgboost_dart_mode: 0]
[uniform_drop: 0]
[drop_seed: 9722]
[top_rate: 0.2]
[other_rate: 0.1]
[min_data_per_group: 100]
[max_cat_threshold: 32]
[cat_l2: 10]
[cat_smooth: 10]
[max_cat_to_onehot: 4]
[top_k: 20]
[monotone_constraints: ]
[monotone_constraints_method: basic]
[monotone_penalty: 0]
[feature_contri: ]
[forcedsplits_filename: ]
[refit_decay_rate: 0.9]
[cegb_tradeoff: 1]
[cegb_penalty_split: 0]
[cegb_penalty_feature_lazy: ]
[cegb_penalty_feature_coupled: ]
[path_smooth: 0]
[interaction_constraints: ]
[verbosity: -1]
[saved_feature_importance_type: 0]
[use_quantized_grad: 0]
[num_grad_quant_bins: 4]
[quant_train_renew_leaf: 0]
[stochastic_rounding: 1]
[linear_tree: 0]
[max_bin: 255]
[max_bin_by_feature: ]
[min_data_in_bin: 3]
[bin_construct_sample_cnt: 200000]
[data_random_seed: 4442]
[is_enable_sparse: 1]
[enable_bundle: 1]
[use_missing: 1]
[zero_as_missing: 0]
[feature_pre_filter: 1]
[pre_partition: 0]
[two_round: 0]
[header: 0]
[label_column: ]
[weight_column: ]
[group_column: ]
[ignore_column: ]
[categorical_feature: ]
[forcedbins_filename: ]
[precise_float_parser: 0]
[parser_config_file: ]
[objective_seed: 5935]
[num_class: 1]
[is_unbalance: 0]
[scale_pos_weight: 1]
[sigmoid: 1]
[boost_from_average: 1]
[reg_sqrt: 0]
[alpha: 0.5]
[fair_c: 1]
[poisson_max_delta_step: 0.7]
[tweedie_variance_power: 1.5]
[lambdarank_truncation_level: 30]
[lambdarank_norm: 1]
[label_gain: ]
[lambdarank_position_bias_regularization: 0]
[eval_at: ]
[multi_error_top_k: 1]
[auc_mu_weights: ]
[num_machines: 1]
[local_listen_port: 12400]
[time_out: 120]
[machine_list_filename: ]
[machines: ]
[gpu_platform_id: -1]
[gpu_device_id: -1]
[gpu_device_id_list: ]
[gpu_use_dp: 0]
[num_gpu: 1]

end of parameters

pandas_categorical:[]
