tree
version=v4
num_class=1
num_tree_per_iteration=1
label_index=0
max_feature_idx=27
objective=quantile
feature_names=sig_lag_1 sig_lag_2 sig_lag_3 sig_lag_7 sig_lag_14 sig_lag_21 sig_lag_28 sig_roll_mean_7 sig_roll_mean_14 sig_roll_mean_28 sig_roll_std_7 sig_roll_std_14 sig_roll_std_28 sig_zero_rate_7 sig_zero_rate_14 sig_zero_rate_28 promo_flag is_weekend is_holiday is_payday_week day_of_month month unit_cost_rp unit_price_rp margin_rp shelf_life_days is_perishable promised_lead_time_days
feature_infos=[0:72] [0:72] [0:72] [0:72] [0:72] [0:72] [0:72] [0:44] [0:44] [0:44] [0:22.786796511095964] [0:17.139376936115319] [0:16.069317439236894] [0:1] [0:1] [0:0.9642857142857143] [0:1] [0:1] [0:1] none [1:31] [1:5] [3633:54611] [4700:64300] [1067:16070] [92:917] [0:1] [2:4]
tree_sizes=1941 2072 2128 2124 2135 2138 2130 2136 2138 2105 2154 2146 2154 2146 2135 2159 2149 2154 2140 2154 2159 2151 2163 2137 2147 2139 2135 2153 2131 2162 2149 2149 2151 2162 2163 2140 2171 2174 2151 2162 2175 2173 2146 2165 2154 2161 2176 2177 2175 2176 2182 2184 2199 2181 2184 2164 2180 2186 2166 2178 2194 2196 2186 2189 2182 2174 2185 2186 2202 2197 2203 2201 2210 2190 2220 2208 2197 2202 2188 2211 2219 2215 2193 2190 2201 2224 2212 2198 2222 2205 2206 2194 2218 2179 2220 2232 2198 2190 2193 2186 2171 2229 2205 2212 2200 2217 2217 2222 2238 2205 2241 2206 2206 2210 2213 2232 2196 2211 2213 2192 2208 2169 2199 2237 2222 2203 2202 2209 2215 2214 2226 2217 2201 2228 2218 2207 2215 2227 2230 2231 2215 2221 2200 2204 2236 2215 2197 2219 2197 2204 2204 2184 2212 2225 2252 2226 2238 2225 2214 2198 2213 2203 2166 2227 2206 2188 2232 2218 2227 2227 2225 2239 2205 2206 2213 2196 2237 2214 2253 2207

Tree=0
num_leaves=23
num_cat=0
split_feature=9 9 18 12 16 22 22 8 20 20 20 12 7 5 20 0 11 20 20 5 3 5
split_gain=422.843 58.3028 12.3501 11.2447 8.10933 7.61776 7.13267 7.13137 5.08971 3.97979 4.99266 3.16333 3.02289 2.84737 2.84315 2.7484 2.10795 2.04646 1.62465 1.48147 1.45653 1.44266
threshold=15.003401360544219 20.551106820578845 1.0000000180025095e-35 4.1925764121270399 1.0000000180025095e-35 16785.000000000004 16785.000000000004 12.215499489872871 26.500000000000004 11.500000000000002 9.5000000000000018 6.3030390952350634 20.448979591836736 8.9846950015344529 22.500000000000004 18.510883648048786 7.1436648350354597 2.5000000000000004 25.500000000000004 15.945025446116915 9.9759097374375028 13.982558156555685
decision_type=2 2 2 2 2 2 2 2 2 2 2 2 2 2 2 2 2 2 2 2 2 2
left_child=7 2 4 -3 6 12 11 -1 16 10 -4 13 -5 -2 17 -9 20 -14 21 -10 -8 -7
right_child=1 3 9 5 -6 18 8 15 19 -11 -12 -13 14 -15 -16 -17 -18 -19 -20 -21 -22 -23
leaf_value=19.649999999999999 20.146999901533128 20.035 20.402499937415122 20.350000000000001 20.77 20.105 19.965 19.965 20.223999911546706 20.125999946594238 20.56699995160103 20.210000000000001 20.426999943256376 20.339499847292899 20.594973105439234 20.210000000000001 20 20.489999999999998 20.559999958276748 20.489999999999998 20.140000000000001 20.411311489850576
leaf_weight=12955 60 72 76 193 68 54 81 724 54 65 59 184 69 184 196 122 271 647 51 83 691 214
leaf_count=12955 60 72 76 193 68 54 81 724 54 65 59 184 69 184 196 122 271 647 51 83 691 214
internal_value=19.9996 20.0107 20.0066 20.0159 20.0055 20.0166 20.005 19.9969 20.0035 20.0148 20.0182 20.0089 20.018 20.0115 20.019 20 20.0026 20.0175 20.0113 20.0098 20.0036 20.0097
internal_weight=17173 3372 1876 1496 1676 1424 1608 13801 1180 200 135 428 1105 244 912 846 1043 716 319 137 772 268
internal_count=17173 3372 1876 1496 1676 1424 1608 13801 1180 200 135 428 1105 244 912 846 1043 716 319 137 772 268
is_linear=0
shrinkage=1


Tree=1
num_leaves=23
num_cat=0
split_feature=9 9 22 16 18 8 20 22 20 4 8 20 20 20 5 20 20 0 20 3 6 5
split_gain=413.643 64.666 12.9483 12.3223 7.97376 7.73069 7.58878 7.0501 4.65552 3.87571 3.41796 2.97007 3.31214 2.59217 2.59196 4.08882 6.14979 2.49177 1.96431 1.85016 1.82416 1.72431
threshold=14.512308379836307 20.401106820578843 16785.000000000004 1.0000000180025095e-35 1.0000000180025095e-35 10.500723437673113 25.500000000000004 16785.000000000004 24.500000000000004 9.9933189851049971 24.24880952380953 11.500000000000002 9.5000000000000018 26.500000000000004 12.996151141142256 10.500000000000002 6.5000000000000009 16.535714285714288 3.5000000000000004 13.013525075797139 15.945025446116915 9.647624358691349
decision_type=2 2 2 2 2 2 2 2 2 2 2 2 2 2 2 2 2 2 2 2 2 2
left_child=5 3 8 4 6 -1 7 21 10 -4 17 12 -6 -7 -9 16 18 -3 20 -15 -16 -2
right_child=1 2 9 -5 11 13 -8 14 -10 -11 -12 -13 -14 19 15 -17 -18 -19 -20 -21 -22 -23
leaf_value=-0.37274999999999997 0.11625240858434766 0.19333998726606377 0.032794996261596675 0.757049936580658 0.3480666189869509 -0.068775000000000003 0.32528982996940614 0 0.66517575438946086 0.40300201057404395 0.50785000000000013 0.10059000186920168 0.54015500169396402 0.033827436551451699 0.088549962824583051 0.034999952101707463 0.55509994158744813 0.37005498095748923 0 0.28122500000000006 0.1701 0.25061730924546727
leaf_weight=12125 106 110 65 77 67 1329 284 396 225 316 455 58 59 112 55 411 71 401 102 49 46 236
leaf_count=12125 106 110 65 77 67 1329 284 396 225 316 455 58 59 112 55 411 71 401 102 49 46 236
internal_value=-0.000267192 0.0103815 0.0156756 0.0061148 0.00550844 -0.00304002 0.00471846 0.00363235 0.0175117 0.00973834 0.0161807 0.0124259 0.0154695 -0.000643814 0.00220442 0.0035 0.00678674 0.0137287 0.00339904 0.00345783 0.00673585 0.00799856
internal_weight=17155 3540 1572 1968 1891 13615 1707 1423 1191 381 966 184 126 1490 1081 685 274 511 203 161 101 342
internal_count=17155 3540 1572 1968 1891 13615 1707 1423 1191 381 966 184 126 1490 1081 685 274 511 203 161 101 342
is_linear=0
shrinkage=0.035


Tree=2
num_leaves=23
num_cat=0
split_feature=9 9 8 4 16 7 18 20 22 0 22 20 11 9 7 25 8 8 11 20 3 2
split_gain=411.524 41.7493 23.0437 9.85168 6.27188 6.1685 5.45027 6.35598 4.79632 4.11029 3.32183 3.28113 2.36883 2.20175 2.14508 2.11739 1.81615 1.73662 1.57972 1.46458 2.67671 1.45954
threshold=16.587121212121215 20.401106820578843 13.000357142857146 10.946439606378263 1.0000000180025095e-35 20.172203644549398 1.0000000180025095e-35 25.500000000000004 16785.000000000004 16.987659160272365 16785.000000000004 4.5000000000000009 7.2809816439689881 10.617849299999756 14.574646434701021 191.00000000000003 19.003725362710224 16.151466294475643 7.4308162378331515 10.500000000000002 20.946428571428573 12.282887333448043
decision_type=2 2 2 2 2 2 2 2 2 2 2 2 2 2 2 2 2 2 2 2 2 2
left_child=2 4 13 11 6 -5 7 8 16 -4 -7 -3 -8 -1 -11 -10 -2 -9 -18 20 -17 -16
right_child=1 3 9 5 -6 10 12 17 15 14 -12 -13 -14 -15 21 19 18 -19 -20 -21 -22 -23
leaf_value=-0.35970374999999999 0.18934576600675293 0.051000249999999955 0.035028727600021542 0.31446884859636881 0.77955285835218446 0.46055952963151375 0.26073008874835479 0.15391284244608353 0.16997749517337768 0.0020570098438262188 0.45647732429006066 0.25038806293255161 0.4104975660839556 -0.069382308225447928 0.4414104890682779 0.084713947779186768 0.33070563851624352 0.46146485595107084 0.15706539047890103 5.0292020905525051e-10 0.2255715020444394 0.22743095709728783
leaf_weight=12169 161 81 724 261 60 888 99 73 172 70 215 110 52 984 50 168 88 132 55 298 65 204
leaf_count=12169 161 81 724 261 60 888 99 73 172 70 215 110 52 984 50 168 88 132 55 298 65 204
internal_value=-0.000310406 0.0115067 -0.00279291 0.0154808 0.00711274 0.0165438 0.00655482 0.00570296 0.00448913 0.00218376 0.017759 0.00757143 0.0128782 -0.00319144 0.00543617 0.00282768 0.00816667 0.0113333 0.0111622 0.00165858 0.00370588 0.0069054
internal_weight=17179 2978 14201 1555 1423 1364 1363 1212 1007 1048 1103 191 151 13153 324 703 304 205 143 531 233 254
internal_count=17179 2978 14201 1555 1423 1364 1363 1212 1007 1048 1103 191 151 13153 324 703 304 205 143 531 233 254
is_linear=0
shrinkage=0.035


Tree=3
num_leaves=23
num_cat=0
split_feature=8 22 7 16 8 18 20 5 20 16 0 20 0 20 4 20 6 20 20 8 2 5
split_gain=352.492 44.7829 13.2078 11.571 10.8074 7.18671 8.9846 4.21977 3.96086 3.60027 3.28581 3.13644 5.23567 2.94045 4.31378 2.57646 2.49178 2.39366 4.50944 2.29459 2.01829 1.955
threshold=15.00474509636665 16785.000000000004 20.289929968360216 1.0000000180025095e-35 10.500723437673113 1.0000000180025095e-35 26.500000000000004 14.999072958688698 25.500000000000004 1.0000000180025095e-35 19.556552062598733 11.500000000000002 16.987659160272365 11.500000000000002 10.946439606378263 29.500000000000004 14.711070944525238 10.500000000000002 6.5000000000000009 13.000357142857146 35.433215501771933 5.7847660902793931
decision_type=2 2 2 2 2 2 2 2 2 2 2 2 2 2 2 2 2 2 2 2 2 2
left_child=4 2 21 5 -1 6 7 -3 13 15 -8 12 -7 14 -4 19 -9 18 -18 -6 -16 -2
right_child=1 3 8 -5 9 11 10 16 -10 -11 -12 -13 -14 -15 20 -17 17 -19 -20 -21 -22 -23
leaf_value=-0.34711411874999992 0.21099247615603428 0.034264581124450459 0.22272937646217397 0.66595210080888689 -0.098939494212109305 0.17695740861753162 0.3179398897711449 0.068775001658838111 0.62927507035109331 0.2266512060633718 0.59156645991733303 0.087943798697587311 0.54793025830319753 0.26395566646289703 0.57917614726267375 0.24129968060743628 0.15819728163806865 0.13052232113498619 0.51136227914504284 0.014923468604316916 0.34795551959705234 0.28645240627379392
leaf_weight=12157 126 607 93 98 954 50 79 260 164 55 76 63 74 416 370 54 131 268 73 559 45 432
leaf_count=12157 126 607 93 98 954 50 79 260 164 55 76 63 74 416 370 54 131 268 73 559 45 432
internal_value=-0.0004269 0.00961224 0.0137774 0.00572085 -0.00292615 0.00499051 0.00413509 0.00316667 0.0160654 -0.000230179 0.0120312 0.0114479 0.0146783 0.014923 0.0169678 -0.00056107 0.00495319 0.00647903 0.00939474 -0.000848486 0.0185833 0.00918206
internal_weight=17204 3425 1646 1779 13779 1681 1494 1339 1088 1622 155 187 124 924 508 1567 732 472 204 1513 415 558
internal_count=17204 3425 1646 1779 13779 1681 1494 1339 1088 1622 155 187 124 924 508 1567 732 472 204 1513 415 558
is_linear=0
shrinkage=0.035


Tree=4
num_leaves=23
num_cat=0
split_feature=9 9 9 16 5 20 18 25 11 20 22 20 9 16 20 5 20 8 7 8 21 7
split_gain=324.667 37.6767 8.48449 7.67954 7.25363 5.51635 6.16926 5.56703 3.83879 3.48238 3.41515 3.07046 2.53528 2.5109 2.23145 3.95665 4.1859 1.92385 1.83461 1.73178 1.53688 1.52415
threshold=15.003401360544219 20.401106820578843 10.507034530153202 1.0000000180025095e-35 12.996151141142256 26.500000000000004 1.0000000180025095e-35 200.00000000000003 6.8181252700229509 4.5000000000000009 16785.000000000004 29.500000000000004 16.752241043269517 1.0000000180025095e-35 10.500000000000002 11.827380952380954 6.5000000000000009 23.357668702453786 20.172203644549398 13.000357142857146 2.5000000000000004 28.467699617561198
decision_type=2 2 2 2 2 2 2 2 2 2 2 2 2 2 2 2 2 2 2 2 2 2
left_child=2 3 -1 5 9 6 7 12 -8 -3 18 13 -2 19 15 -9 -17 -11 -6 -4 -7 -20
right_child=1 4 11 -5 10 20 8 14 -10 17 -12 -13 -14 -15 -16 16 -18 -19 21 -21 -22 -23
leaf_value=-0.33496512459374994 0.020220938217928038 0.030919652157876901 -0.095476611914685428 0.6814147781218165 0.32104224194986092 0.11727028056992596 0.22625575112064278 -0.013994262910911123 0.39214854061624016 0.14242450885223748 0.36946847727552862 0.23828736993182553 0.22520971024969477 0.20202617779253015 0.028369778877227029 0.1080783679389451 0.404122175838737 0.35902848672078136 0.42671961787140011 0.0027123314711667602 0.56212198287202653 0.43930405369175862
leaf_weight=12022 69 74 980 80 145 103 97 146 56 96 265 70 325 47 540 208 79 96 687 573 114 137
leaf_count=12022 69 74 980 80 145 103 97 146 56 96 265 70 325 47 540 208 79 96 687 573 114 137
internal_value=-0.000566534 0.00924834 -0.00294806 0.00581668 0.0133605 0.00528014 0.00448688 0.00369388 0.0111203 0.00773616 0.0145226 -0.000595523 0.00720175 -0.000926792 0.00222597 0.00409132 0.00644863 0.0101802 0.0155811 -0.00118614 0.0105315 0.0163432
internal_weight=17009 3317 13692 1817 1500 1737 1520 1367 153 266 1234 1670 394 1600 973 433 287 192 969 1553 217 824
internal_count=17009 3317 13692 1817 1500 1737 1520 1367 153 266 1234 1670 394 1600 973 433 287 192 969 1553 217 824
is_linear=0
shrinkage=0.035


Tree=5
num_leaves=23
num_cat=0
split_feature=9 9 8 16 20 8 5 20 20 20 6 9 3 20 18 22 20 17 5 20 21 20
split_gain=300.463 34.9942 8.68922 7.07162 6.26263 5.91197 4.54789 3.41657 11.9781 6.94445 3.42781 2.68598 2.66103 2.36515 2.18308 2.15306 2.77709 2.32328 2.10294 2.08072 1.82977 1.81656
threshold=15.003401360544219 20.401106820578843 13.000357142857146 1.0000000180025095e-35 25.500000000000004 24.24880952380953 8.9846950015344529 11.500000000000002 6.5000000000000009 25.500000000000004 27.062749211546333 9.4190891200756948 13.982558156555685 25.500000000000004 1.0000000180025095e-35 16785.000000000004 12.500000000000002 1.0000000180025095e-35 22.797540755617458 29.500000000000004 2.5000000000000004 3.5000000000000004
decision_type=2 2 2 2 2 2 2 2 2 2 2 2 2 2 2 2 2 2 2 2 2 2
left_child=2 3 11 6 5 15 -2 8 21 -9 -10 -1 -7 -4 18 16 -3 -18 -14 -13 -17 -8
right_child=1 4 13 -5 -6 12 7 9 10 -11 -12 19 14 -15 -16 20 17 -19 -20 -21 -22 -23
leaf_value=-0.35824134523296869 0.035209988887698156 0.40704312144671301 0.0017888665313573427 0.57211106141477608 0.60281539228110559 0.27195008083554539 0.14542417742641597 0.060474934340075781 0.46944595836227837 0.31550430007572922 0.25920341615747111 -0.092134930497671491 0.35693544888352813 0.21336762752783009 0.71874931468320447 0.011259059542219471 0.19371432481409562 0.24555252872086614 0.38911750806843798 0.13621384346285575 0.30554737528443116 0.033515484702440083
leaf_weight=11484 329 257 536 75 257 75 148 594 210 261 50 1580 202 89 70 56 191 77 208 72 142 164
leaf_count=11484 329 257 536 75 257 75 148 594 210 261 50 1580 202 89 70 56 191 77 208 72 142 164
internal_value=-0.000654157 0.00871003 -0.00294828 0.0054025 0.0126136 0.0114766 0.00490715 0.00576327 0.00790381 0.00427325 0.0134057 -0.00314044 0.0143125 0.00105555 0.0153351 0.00919231 0.010434 0.00752564 0.0138735 -0.00178908 0.00563793 0.0031246
internal_weight=17127 3366 13761 1831 1535 1278 1756 1427 572 855 260 13136 555 625 480 723 525 268 410 1652 198 312
internal_count=17127 3366 13761 1831 1535 1278 1756 1427 572 855 260 13136 555 625 480 723 525 268 410 1652 198 312
is_linear=0
shrinkage=0.035


Tree=6
num_leaves=23
num_cat=0
split_feature=8 22 7 16 9 4 20 20 20 10 8 1 25 8 8 16 8 2 10 9 22 20
split_gain=274.854 29.4735 10.8105 9.80699 7.70821 4.24938 4.80553 16.8185 4.61016 4.17975 3.62996 2.60298 2.1774 2.12622 3.25541 2.39762 2.02963 3.82607 1.81747 1.74212 1.44232 1.43031
threshold=15.00474509636665 16785.000000000004 20.289929968360216 1.0000000180025095e-35 12.179112554112557 5.2852117926282993 11.500000000000002 6.5000000000000009 26.500000000000004 2.828427124746193 17.218011076995939 20.983158914892449 191.00000000000003 5.6937212231911305 5.7074308839208543 1.0000000180025095e-35 25.07353641275154 32.106343334591671 8.0666851289565731 15.672619047619049 43337.000000000007 3.5000000000000004
decision_type=2 2 2 2 2 2 2 2 2 2 2 2 2 2 2 2 2 2 2 2 2 2
left_child=4 2 -2 5 13 -3 7 21 12 -4 -9 -5 -8 -1 -15 -16 18 -18 -11 -6 -17 -7
right_child=1 3 9 11 19 6 8 10 -10 16 -12 -13 -14 14 15 20 17 -19 -20 -21 -22 -23
leaf_value=-0.45070289814981479 0.23544656503650435 -0.007834576645176965 0.1074870891848425 0.6401913089311323 -0.01677935713407204 0.11797010580623904 0.12297809317867614 0.23722342403741206 0.28058346320848127 0.39117894932011937 0.48807511607050669 0.42795725966768577 0.024444469344751335 0.28429710185018531 -0.17070289814981474 -0.079786213082210164 0.47300962326373042 0.37831753888703273 0.2733152610291843 0.11205407748380748 0.14273906000801961 0.010142839095017304
leaf_weight=8508 540 210 47 48 817 164 208 104 188 463 156 47 492 137 4071 79 250 105 230 102 67 184
leaf_count=8508 540 210 47 48 817 164 208 104 188 463 156 47 492 137 4071 79 250 105 230 102 67 184
internal_value=-0.00073203 0.00811581 0.0115244 0.00498837 -0.00294146 0.0043346 0.00498767 0.00740538 0.00328051 0.0135545 0.014066 0.01575 0.00191135 -0.0031627 -0.00251239 -0.00268759 0.0140166 0.016625 0.0125458 0.000136363 0.00159934 0.00225071
internal_weight=17217 3436 1635 1801 13781 1706 1496 608 888 1095 260 95 700 12862 4354 4217 1048 355 693 919 146 348
internal_count=17217 3436 1635 1801 13781 1706 1496 608 888 1095 260 95 700 12862 4354 4217 1048 355 693 919 146 348
is_linear=0
shrinkage=0.035


Tree=7
num_leaves=23
num_cat=0
split_feature=9 9 9 10 16 22 18 20 21 25 16 20 0 8 18 20 9 20 20 20 10 20
split_gain=254.66 29.484 7.20461 7.04737 5.89799 5.38812 4.13069 4.79992 4.72535 3.45263 3.20866 2.26096 2.70232 2.1678 2.07886 2.08251 2.37604 2.49277 1.994 3.90639 2.12892 1.93578
threshold=14.512308379836307 20.401106820578843 9.4190891200756948 2.2677868380553665 1.0000000180025095e-35 16785.000000000004 1.0000000180025095e-35 27.500000000000004 2.5000000000000004 200.00000000000003 1.0000000180025095e-35 11.500000000000002 16.987659160272365 18.866071428571434 1.0000000180025095e-35 28.500000000000004 23.787301587301592 10.500000000000002 10.500000000000002 6.5000000000000009 5.087807417394191 29.500000000000004
decision_type=2 2 2 2 2 2 2 2 2 2 2 2 2 2 2 2 2 2 2 2 2 2
left_child=2 4 -1 -3 6 14 7 9 -9 13 21 12 -8 -2 15 16 17 -5 19 -11 -21 -4
right_child=1 3 10 5 -6 -7 11 8 -10 18 -12 -13 -14 -15 -16 -17 -18 -19 -20 20 -22 -23
leaf_value=-0.3299282967145713 0.094827476093194057 -0.0079427757024154218 -0.069042021230306574 0.38659285938080151 0.63320736577617664 0.31705279830509414 0.13188915421913172 0.064050717403622032 0.60809241962097316 0.054967477650379619 0.17785145553963944 0.047237132888577185 0.41793429781306268 0.17601103454075956 0.43455540514619262 0.74302554027102874 0.38379758366955635 0.21152957659091909 0.022865095706603455 0.050611801763046242 0.44342810341236438 0.1329220603406554
leaf_weight=11494 246 60 2004 197 74 345 51 87 73 321 62 60 73 167 128 61 471 303 658 72 64 82
leaf_count=11494 246 60 2004 197 74 345 51 87 73 321 62 60 73 167 128 61 471 303 658 72 64 82
internal_value=-0.000789021 0.00760921 -0.00295373 0.0111911 0.00469836 0.0116589 0.00427571 0.00369433 0.00943939 0.00305251 -0.0010778 0.00927778 0.0119651 0.00579426 0.0128433 0.0121268 0.0115615 0.0095297 0.002 0.00377273 0.00866312 -0.00132401
internal_weight=17153 3511 13642 1565 1946 1505 1872 1688 160 1528 2148 184 124 413 1160 1032 971 500 1115 457 136 2086
internal_count=17153 3511 13642 1565 1946 1505 1872 1688 160 1528 2148 184 124 413 1160 1032 971 500 1115 457 136 2086
is_linear=0
shrinkage=0.035


Tree=8
num_leaves=23
num_cat=0
split_feature=9 9 8 3 16 2 8 0 4 20 20 20 6 20 20 25 20 10 12 7 8 8
split_gain=226.468 21.1802 8.07933 5.6382 5.30842 5.11919 4.24235 3.72778 3.21571 3.81373 9.62067 4.46506 3.37199 2.59942 5.00317 2.58781 2.07155 2.20311 1.85859 1.50727 1.48223 4.27035
threshold=15.003401360544219 20.401106820578843 10.28519563391875 10.982153892092549 1.0000000180025095e-35 34.129284693525193 25.07353641275154 18.049040346336252 6.9966807769941894 11.500000000000002 6.5000000000000009 24.500000000000004 22.052447947677845 25.500000000000004 11.500000000000002 142.00000000000003 3.5000000000000004 6.1065269697972715 6.4952350456122856 14.574646434701021 5.6937212231911305 5.7074308839208543
decision_type=2 2 2 2 2 2 2 2 2 2 2 2 2 2 2 2 2 2 2 2 2 2
left_child=2 4 20 -3 8 6 13 -4 -2 10 16 18 -12 14 15 -5 17 -10 -11 -13 -1 -22
right_child=1 3 7 5 -6 -7 -8 -9 9 11 12 19 -14 -15 -16 -17 -18 -19 -20 -21 21 -23
leaf_value=-0.42338080632956132 0.0015755907775266147 0.12188558289122832 -0.06526999555448687 0.21592665094577485 0.6054949912244979 0.18760475311444386 0.4651033768178463 0.14161949047284617 0.16439885683079053 0.070744718530252534 0.46207540834680511 0.048555869925635466 0.20148765385202949 0.52634779014071487 0.19206858413920497 0.44352161008396496 0.019806560373681999 0.0070307049900853623 -0.02158272572214438 0.25164331804317158 0.28589419367043872 -0.15318080632956124
leaf_weight=8505 210 120 1553 54 69 144 307 182 99 386 166 57 89 208 398 294 174 66 254 272 131 3352
leaf_count=8505 210 120 1553 54 69 144 307 182 99 386 166 57 89 208 398 294 174 66 254 272 131 3352
internal_value=-0.000914157 0.00721174 -0.00291106 0.0102712 0.00464835 0.0108972 0.0116224 -0.000663794 0.00423622 0.00478125 0.00701753 0.00336345 0.0121154 0.0102956 0.00912983 0.0122649 0.00301163 0.00576471 0.00160077 0.00666467 -0.00323443 -0.0025969
internal_weight=17090 3367 13723 1525 1842 1405 1261 1735 1773 1563 594 969 255 954 746 348 339 165 640 329 11988 3483
internal_count=17090 3367 13723 1525 1842 1405 1261 1735 1773 1563 594 969 255 954 746 348 339 165 640 329 11988 3483
is_linear=0
shrinkage=0.035


Tree=9
num_leaves=23
num_cat=0
split_feature=8 8 18 8 20 5 20 20 16 20 5 0 22 11 7 0 20 8 20 1 5 10
split_gain=207.42 17.9788 8.41896 8.06511 6.99671 6.217 6.56191 7.61142 4.29276 4.09551 3.10971 2.59032 2.18652 2.07752 2.69078 1.99276 1.8901 1.83663 1.71445 1.42516 1.40679 1.44977
threshold=15.00474509636665 19.572953081678822 1.0000000180025095e-35 9.9795562096650396 23.500000000000004 17.961864802538603 10.500000000000002 6.5000000000000009 1.0000000180025095e-35 11.500000000000002 12.996151141142256 24.170466578992038 16785.000000000004 7.8909114483803835 22.289929968360216 28.125319265124826 29.500000000000004 24.51467325084613 27.500000000000004 19.556552062598733 27.851297849228462 8.0666851289565731
decision_type=2 2 2 2 2 2 2 2 2 2 2 2 2 2 2 2 2 2 2 2 2 2
left_child=3 8 4 -1 5 12 7 13 10 11 -2 -4 15 14 -7 19 -5 -8 -12 -3 21 -6
right_child=1 2 9 16 20 6 17 -9 -10 -11 18 -13 -14 -15 -16 -17 -18 -19 -20 -21 -22 -23
leaf_value=-0.28781947810802655 0.051905500968431953 0.2234386507933831 0.33047520062606167 -0.040075628453733296 0.3321998580516789 0.16402551612377941 0.14086918117774533 0.6374268381345638 0.58690657783037326 0.24190552558434866 0.12340602208823617 0.61635525231555643 0.074406778605384791 0.19739608672271342 0.35336392584080628 -0.011930773954023888 0.2380349191255772 0.22415759538603677 0.40604667005499878 0.10789914524990073 0.68613538321932521 0.35571529375862559
leaf_weight=11864 532 105 75 1864 171 48 291 92 50 67 803 78 239 114 83 53 61 167 135 147 70 45
leaf_count=11864 532 105 75 1864 171 48 291 92 50 67 803 78 239 114 83 53 61 167 135 147 70 45
internal_value=-0.00101151 0.00677151 0.0091 -0.00291388 0.00815951 0.00702083 0.0090125 0.0127719 0.00391311 0.0156333 0.00352373 0.0188734 0.00402277 0.0091 0.0121985 0.00598387 -0.000797928 0.00610043 0.00473966 0.00725875 0.0132182 0.0110701
internal_weight=17154 3365 1845 13789 1625 1339 795 337 1520 220 1470 153 544 245 131 305 1925 458 938 252 286 216
internal_count=17154 3365 1845 13789 1625 1339 795 337 1520 220 1470 153 544 245 131 305 1925 458 938 252 286 216
is_linear=0
shrinkage=0.035


Tree=10
num_leaves=23
num_cat=0
split_feature=8 9 9 16 16 18 18 20 11 20 21 9 20 12 16 1 21 1 17 8 8 22
split_gain=197.118 16.3023 8.12511 7.28375 5.98347 4.53266 4.39144 4.43449 4.17713 3.97624 5.40087 3.62036 3.24992 2.97837 2.44564 2.18786 2.17111 1.70546 1.66568 1.47471 3.72969 1.34995
threshold=15.00474509636665 20.006673737631434 9.3119999834269809 1.0000000180025095e-35 1.0000000180025095e-35 1.0000000180025095e-35 1.0000000180025095e-35 11.500000000000002 6.8181252700229509 27.500000000000004 2.5000000000000004 24.043050911137353 29.500000000000004 6.6698995303957984 1.0000000180025095e-35 20.983158914892449 1.5000000000000002 22.052447947677845 1.0000000180025095e-35 5.6937212231911305 5.7074308839208543 16785.000000000004
decision_type=2 2 2 2 2 2 2 2 2 2 2 2 2 2 2 2 2 2 2 2 2 2
left_child=2 4 19 5 6 11 9 8 -8 18 -11 13 14 21 -4 -13 -17 -7 -2 -1 -21 -3
right_child=1 3 12 -5 -6 17 7 -9 -10 10 -12 15 -14 -15 -16 16 -18 -19 -20 20 -22 -23
leaf_value=-0.39848879637424578 0.057181372012913283 0.32057288745764667 -0.061582898714199197 0.86316311981224048 0.57680204753067543 0.44253003215492515 0.24015993167946209 0.021379449602816694 0.39220799601061113 0.076051665402256552 0.64899697467126916 0.33131547086745083 0.21464335851030297 0.16817303930556946 0.15417342105085147 0.17086907507402541 0.28871744239450242 0.44193031907718677 0.12346609888852683 0.27196146680744065 -0.17274579637424561 0.13697228167527239
leaf_weight=8485 955 245 2180 75 69 54 77 58 48 76 56 170 90 611 63 62 275 117 413 135 2769 56
leaf_count=8485 955 245 2180 75 69 54 77 58 48 76 56 170 90 611 63 62 275 117 413 135 2769 56
internal_value=-0.00099096 0.00652338 -0.00286512 0.00901198 0.00412948 0.0084373 0.00367417 0.00878723 0.0123846 0.00301163 0.00876277 0.00770786 -0.000970061 0.00627099 -0.00124244 0.0101719 0.00816667 0.014 0.00241406 -0.00325119 -0.00253747 0.00919608
internal_weight=17139 3417 13722 1665 1752 1590 1683 183 125 1500 132 1419 2333 912 2243 507 337 171 1368 11389 2904 301
internal_count=17139 3417 13722 1665 1752 1590 1683 183 125 1500 132 1419 2333 912 2243 507 337 171 1368 11389 2904 301
is_linear=0
shrinkage=0.035


Tree=11
num_leaves=23
num_cat=0
split_feature=8 9 9 4 16 0 20 3 20 20 20 0 9 21 20 20 8 20 4 8 8 16
split_gain=174.255 15.9649 8.0665 4.97496 4.29578 3.88458 3.63378 2.7874 2.77176 12.7805 3.1791 2.12026 1.9156 2.16782 1.64815 2.33366 3.19972 1.71772 1.59354 1.58475 3.55076 2.05905
threshold=15.00474509636665 20.551106820578845 9.3119999834269809 6.9966807769941894 1.0000000180025095e-35 26.068648301856552 29.500000000000004 13.982558156555685 11.500000000000002 6.5000000000000009 29.500000000000004 17.903471131289511 23.787301587301592 1.5000000000000002 23.500000000000004 11.500000000000002 18.866071428571434 6.5000000000000009 21.965076773329255 5.6937212231911305 5.7074308839208543 1.0000000180025095e-35
decision_type=2 2 2 2 2 2 2 2 2 2 2 2 2 2 2 2 2 2 2 2 2 2
left_child=2 5 19 -3 8 7 -4 -2 9 -5 12 -11 13 -10 15 16 17 -9 -15 -1 -21 -22
right_child=1 3 6 4 -6 -7 -8 14 10 11 -12 -13 -14 18 -16 -17 -18 -19 -20 20 21 -23
leaf_value=-0.38454168850114717 0.036859122246399673 0.074308110087179066 -0.04627616286258656 0.1708430816963106 0.76168804066883111 0.39887979300185922 0.2071308409624423 0.031202205105183026 0.18323510049086089 0.31209328907733386 0.75500887291853247 0.59754133236280138 0.1993890056319593 0.034510098280269227 0.19239419673718638 0.049437163394131886 0.23160506148005833 0.26797537247361974 0.16785264784780748 0.24844281213132016 -0.16669969350114697 0.032329837963328834
leaf_weight=8533 480 178 2240 267 63 188 90 177 71 46 46 158 334 159 258 490 160 164 151 139 2662 107
leaf_count=8533 480 178 2240 267 63 188 90 177 71 46 46 158 334 159 258 490 160 164 151 139 2662 107
internal_value=-0.00110632 0.00599484 -0.00285722 0.00874289 0.00950385 0.00385692 -0.00096681 0.00330219 0.00894947 0.0112059 0.00746606 0.0177679 0.00675694 0.00484197 0.00417544 0.00345783 0.00514624 0.00307514 0.00338889 -0.00324008 -0.00250275 -0.00278082
internal_weight=17161 3390 13771 1473 1295 1917 2330 1729 1232 471 761 204 715 381 1249 991 501 341 310 11441 2908 2769
internal_count=17161 3390 13771 1473 1295 1917 2330 1729 1232 471 761 204 715 381 1249 991 501 341 310 11441 2908 2769
is_linear=0
shrinkage=0.035


Tree=12
num_leaves=23
num_cat=0
split_feature=8 22 9 16 16 7 18 20 1 16 20 0 25 0 1 6 20 8 8 16 8 8
split_gain=170.604 15.0084 8.63802 6.42554 5.54794 4.47825 4.24814 4.9223 3.30699 2.94305 2.58961 3.15509 2.32945 2.19831 2.11101 2.16988 1.65781 1.60532 3.44493 1.90504 1.55472 1.12582
threshold=15.00474509636665 16785.000000000004 9.3119999834269809 1.0000000180025095e-35 1.0000000180025095e-35 21.430126684909297 1.0000000180025095e-35 24.500000000000004 20.983158914892449 1.0000000180025095e-35 11.500000000000002 17.903471131289511 191.00000000000003 18.049040346336252 33.500000000000007 24.170466578992038 29.500000000000004 5.6937212231911305 5.7074308839208543 1.0000000180025095e-35 18.366071428571434 13.000357142857146
decision_type=2 2 2 2 2 2 2 2 2 2 2 2 2 2 2 2 2 2 2 2 2 2
left_child=2 4 17 6 5 20 7 12 -5 13 11 -8 -3 21 15 -7 -9 -1 -19 -20 -2 -4
right_child=1 3 9 8 -6 14 10 16 -10 -11 -12 -13 -14 -15 -16 -17 -18 18 19 -21 -22 -23
leaf_value=-0.37108272940360704 0.10655343108521674 0.11628601689102341 -0.078444295692024546 0.59741742780711349 0.8338072371724029 0.23725804020694835 0.12976412747362304 0.18636265822545575 0.343217053024017 0.15342654725354773 0.025414159154839397 0.40435978635725861 0.018442070819545905 0.077167136146485807 0.22082547357201018 0.35335833909487391 0.5363097919974712 0.2642473195479792 -0.16086520422860678 0.031198228757065471 0.2104782444684398 0.0042414154602936436
leaf_weight=8523 208 349 1599 47 55 519 55 205 47 69 63 75 883 156 131 210 46 132 2684 101 498 493
leaf_count=8523 208 349 1599 47 55 519 55 205 47 69 63 75 883 156 131 210 46 132 2684 101 498 493
internal_value=-0.0011045 0.0059199 -0.00283876 0.00365775 0.00836039 0.00790675 0.00312106 0.00245094 0.0124091 -0.000877262 0.0079899 0.0107593 0.00150808 -0.00110764 0.00965029 0.0104237 0.00689062 -0.00323395 -0.00249384 -0.00275986 0.00570534 -0.00141369
internal_weight=17148 3391 13757 1770 1621 1566 1676 1483 94 2317 193 130 1232 2248 860 729 251 11440 2917 2785 706 2092
internal_count=17148 3391 13757 1770 1621 1566 1676 1483 94 2317 193 130 1232 2248 860 729 251 11440 2917 2785 706 2092
is_linear=0
shrinkage=0.035


Tree=13
num_leaves=23
num_cat=0
split_feature=9 25 16 0 9 16 5 8 16 8 3 7 0 11 2 9 10 4 7 7 0 11
split_gain=152.039 15.5022 7.50845 7.16939 5.65972 4.62231 3.51562 3.40189 4.50247 2.95001 2.84506 2.49317 2.4462 2.34095 2.13593 1.75325 1.73514 1.56334 1.30212 1.35894 1.26926 1.22108
threshold=14.512308379836307 200.00000000000003 1.0000000180025095e-35 13.272026472482283 23.787301587301592 1.0000000180025095e-35 6.9966807769941894 5.6937212231911305 1.0000000180025095e-35 5.7074308839208543 20.017857142857146 28.467699617561198 23.937493722930562 7.2809816439689881 27.944847149584415 13.358395989974939 4.0999419275794375 14.905468439290392 14.432142857142859 25.583240427793623 29.073923966709916 4.4844052124992162
decision_type=2 2 2 2 2 2 2 2 2 2 2 2 2 2 2 2 2 2 2 2 2 2
left_child=3 2 4 7 10 6 -3 -1 9 -9 20 16 18 -14 -15 -11 -6 -12 -8 -20 21 -2
right_child=1 5 -4 -5 11 -7 12 8 -10 15 17 -13 13 14 -16 -17 -18 -19 19 -21 -22 -23
leaf_value=-0.35809483387448082 0.21810033698955222 -0.029480280665269833 1.0782013774511245 0.015514375772568607 0.22761474593957526 0.41545098931645114 -0.015638737500757539 0.2584987726787184 0.13460084770350911 -0.12852617383883363 0.14258134293483463 0.23687910365725665 0.18631301480716184 0.35769722561669964 0.068883590185324819 0.013782440335054639 0.32162631668826719 0.28075452599180906 0.10714647698147235 -0.070984731769352327 0.39570934605809371 0.07831315962148569
leaf_weight=8566 116 290 72 789 77 78 155 134 92 3857 85 144 155 66 49 193 322 321 1011 49 46 443
leaf_count=8566 116 290 72 789 77 78 155 134 92 3857 85 144 155 66 49 193 322 321 1011 49 46 443
internal_value=-0.0012137 0.00531027 0.00780901 -0.00288142 0.00723124 0.00309311 0.00269382 -0.00308045 -0.0022573 -0.00243053 0.00559449 0.0101679 0.00338255 0.00642727 0.0102083 -0.00260234 0.0116609 0.00791119 0.00266803 0.00310563 0.00395902 0.0033883
internal_weight=17110 3479 1626 13631 1554 1853 1775 12842 4276 4184 1011 543 1485 270 115 4050 399 406 1215 1060 605 559
internal_count=17110 3479 1626 13631 1554 1853 1775 12842 4276 4184 1011 543 1485 270 115 4050 399 406 1215 1060 605 559
is_linear=0
shrinkage=0.035


Tree=14
num_leaves=23
num_cat=0
split_feature=9 16 9 8 18 25 5 16 3 1 3 2 0 8 9 1 17 12 5 1 1 10
split_gain=145.592 13.4068 10.2528 6.86658 4.97936 3.51966 3.40913 2.56328 2.29005 2.26104 2.25008 1.98658 1.76987 1.65056 1.35138 1.30649 1.30508 1.25197 1.4653 1.13568 1.13229 1.08046
threshold=14.512308379836307 1.0000000180025095e-35 20.006673737631434 8.4634227218032283 1.0000000180025095e-35 210.50000000000003 13.035025494568234 1.0000000180025095e-35 9.9759097374375028 23.023809523809529 22.797540755617458 35.433215501771933 23.937493722930562 13.000357142857146 18.846774957782937 30.236721569975128 1.0000000180025095e-35 8.6219335438479856 15.945025446116915 18.955902356631452 33.500000000000007 3.8172540616821116
decision_type=2 2 2 2 2 2 2 2 2 2 2 2 2 2 2 2 2 2 2 2 2 2
left_child=3 2 8 -1 5 10 -3 13 -2 -6 20 16 -10 -5 -14 -11 -12 18 -7 -20 21 -4
right_child=1 6 4 7 9 17 -8 -9 12 15 11 -13 14 -15 -16 -17 -18 -19 19 -21 -22 -23
leaf_value=-0.29073650599624645 -0.018755892481973919 0.41553341798894539 0.058326305018946235 -0.076241748494843622 0.4039127968629927 0.058239321760285304 0.74449343731521556 0.15193580547108279 0.088311233353686944 0.37118730655579363 0.27041765130382628 0.051276811823360351 0.29319363840269591 0.011512838605076271 0.054492270763523011 0.30756899115363806 0.2995328599710444 -0.0091042041356479385 0.24005033598074907 0.16650255121668153 0.019876478883141403 0.25065977664975558
leaf_weight=10822 191 56 104 2216 60 125 97 97 1370 57 264 46 135 479 64 55 170 87 81 137 59 356
leaf_count=10822 191 56 104 2216 60 125 97 97 1370 57 264 46 135 479 64 55 170 87 81 137 59 356
internal_value=-0.00128148 0.00506351 0.00457932 -0.00292176 0.00661208 0.00587238 0.0151076 -0.00136021 0.0027068 0.0123192 0.00702789 0.00884021 0.00314866 -0.00156852 0.00627941 0.0153462 0.00957517 0.0030977 0.0040431 0.00576009 0.00525 0.00583333
internal_weight=17128 3514 3361 13614 1601 1429 153 2792 1760 172 999 480 1569 2695 199 112 434 430 343 218 519 460
internal_count=17128 3514 3361 13614 1601 1429 153 2792 1760 172 999 480 1569 2695 199 112 434 430 343 218 519 460
is_linear=0
shrinkage=0.035


Tree=15
num_leaves=23
num_cat=0
split_feature=9 9 8 16 18 22 18 20 20 1 17 9 8 8 16 1 20 20 20 4 5 16
split_gain=131.605 11.389 7.25538 6.21341 4.52248 2.99612 2.9519 3.69188 2.63768 3.5546 2.21601 2.38392 1.8541 2.88429 2.82119 1.80651 1.74427 1.71405 3.39213 2.05099 1.6385 1.58936
threshold=14.512308379836307 20.006673737631434 9.9795562096650396 1.0000000180025095e-35 1.0000000180025095e-35 32208.500000000004 1.0000000180025095e-35 29.500000000000004 11.500000000000002 22.052447947677845 1.0000000180025095e-35 25.017857142857146 5.6937212231911305 5.7074308839208543 1.0000000180025095e-35 21.011946453809166 26.500000000000004 11.500000000000002 6.5000000000000009 7.9732713418271493 17.033107411818296 1.0000000180025095e-35
decision_type=2 2 2 2 2 2 2 2 2 2 2 2 2 2 2 2 2 2 2 2 2 2
left_child=2 6 12 4 5 10 7 21 9 -6 15 -12 -1 -14 -15 -3 17 18 -4 -20 -8 -2
right_child=1 3 16 -5 8 -7 20 -9 -10 -11 11 -13 13 14 -16 -17 -18 -19 19 -21 -22 -23
leaf_value=-0.33538573697900537 0.046976426066795716 0.21056029785017993 -0.10868687423564313 0.62577344728964002 0.47077608175679114 0.038790784964991935 0.25284627063818266 0.55871091349344704 0.1767676380852205 0.52847192162562073 0.1639844341294962 0.29609128355331327 0.25962709334483192 -0.14056072828637781 0.056187100915480605 0.12220028975810081 0.10809047956897394 -0.093841615863026528 -0.037341845864123757 0.080699137248975886 0.045594285536069604 0.33402258736352008
leaf_weight=8528 1530 453 403 85 50 132 133 60 54 69 274 97 139 3085 108 491 187 827 147 229 45 55
leaf_count=8528 1530 453 403 85 50 132 133 60 54 69 274 97 139 3085 108 491 187 827 147 229 45 55
internal_value=-0.00132701 0.00469275 -0.00288498 0.00675439 0.00621385 0.00551515 0.00274179 0.00224848 0.0116404 0.0145645 0.00601894 0.00841489 -0.00319912 -0.00247213 -0.00269012 0.00501949 -0.000794217 -0.00117536 0 0.00237926 0.00701912 0.00189308
internal_weight=17181 3528 13653 1705 1620 1447 1823 1645 173 119 1315 371 11860 3332 3193 944 1793 1606 779 376 178 1585
internal_count=17181 3528 13653 1705 1620 1447 1823 1645 173 119 1315 371 11860 3332 3193 944 1793 1606 779 376 178 1585
is_linear=0
shrinkage=0.035


Tree=16
num_leaves=23
num_cat=0
split_feature=8 8 16 18 8 20 22 20 16 0 8 20 21 20 6 3 16 2 12 25 8 18
split_gain=129.268 13.9324 6.53832 6.71239 5.14205 4.7628 4.7161 4.19261 3.43697 3.39315 3.15934 2.98093 2.77902 2.33267 2.22548 4.07394 2.20986 2.03278 1.7764 1.72765 1.48997 1.47269
threshold=13.000357142857146 18.866071428571434 1.0000000180025095e-35 1.0000000180025095e-35 5.6937212231911305 29.500000000000004 16785.000000000004 11.500000000000002 1.0000000180025095e-35 18.955902356631452 5.7074308839208543 26.500000000000004 2.5000000000000004 9.5000000000000018 24.170466578992038 24.170466578992038 1.0000000180025095e-35 26.94184716045481 7.0683528868058376 210.50000000000003 16.575153934138797 1.0000000180025095e-35
decision_type=2 2 2 2 2 2 2 2 2 2 2 2 2 2 2 2 2 2 2 2 2 2
left_child=4 11 3 5 -1 6 14 9 10 -5 -6 16 -13 -11 17 -16 20 -3 -12 -8 -2 -22
right_child=1 2 -4 7 8 -7 19 -9 -10 13 18 12 -14 -15 15 -17 -18 -19 -20 -21 21 -23
leaf_value=-0.32364723618474023 0.008065371499882356 0.16365336872484859 0.65830194516179663 0.16456550183448618 0.26104003910070439 0.77087097512185843 0.12449282635327519 0.1402626718081697 0.10534842447607794 0.45804953964454698 -0.10640066552341158 0.023187130585470367 0.31947356163046092 0.44732389668110006 0.1331916354040403 0.26782883291712584 0.37030886107252758 0.1010932912844469 0.058103466409988119 0.007043860574349776 0.07308095165760449 0.24973722168240381
leaf_weight=8533 902 626 105 45 128 49 253 73 149 66 4250 145 141 75 164 138 56 208 46 320 602 54
leaf_count=8533 902 626 105 45 128 49 253 73 149 66 4250 145 141 75 164 138 56 208 46 320 602 54
internal_value=-0.00129169 0.00419183 0.00614269 0.00565677 -0.00297678 0.00483806 0.00448425 0.0109508 -0.00201682 0.0137251 -0.00219609 0.00199344 0.00528007 0.0163973 0.00579448 0.00847068 0.00138573 0.00475983 -0.00236073 0.00182872 0.00111292 0.00237746
internal_weight=17128 4022 2122 2017 13106 1758 1709 259 4573 186 4424 1900 286 141 1136 302 1614 834 4296 573 1558 656
internal_count=17128 4022 2122 2017 13106 1758 1709 259 4573 186 4424 1900 286 141 1136 302 1614 834 4296 573 1558 656
is_linear=0
shrinkage=0.035


Tree=17
num_leaves=23
num_cat=0
split_feature=9 25 8 16 8 20 2 20 20 16 16 18 20 5 20 9 9 20 23 8 20 20
split_gain=117.893 10.5946 7.9949 7.41264 4.7365 3.06188 2.73345 2.83402 6.49229 2.6405 2.02484 1.93463 4.12197 2.09246 2.47042 1.54124 1.53647 1.44185 1.40095 1.3818 1.25513 1.34451
threshold=14.512308379836307 200.00000000000003 8.5396389324960769 1.0000000180025095e-35 22.441918903834296 23.500000000000004 34.129284693525193 13.500000000000002 6.5000000000000009 1.0000000180025095e-35 1.0000000180025095e-35 1.0000000180025095e-35 29.500000000000004 19.908514249778566 11.500000000000002 5.7857189445871189 17.784902708968087 21.500000000000004 22050.000000000004 12.566255918639103 26.500000000000004 11.500000000000002
decision_type=2 2 2 2 2 2 2 2 2 2 2 2 2 2 2 2 2 2 2 2 2 2
left_child=2 3 15 4 5 -2 7 8 -6 11 19 12 -3 14 16 -1 -13 -9 -17 -4 21 -21
right_child=1 9 10 -5 6 -7 -8 17 -10 -11 -12 13 -14 -15 -16 18 -18 -19 -20 20 -22 -23
leaf_value=-0.31231958291827427 0.095027156764421347 0.047366545258570245 -0.074857430789118634 0.85086431459631362 0.15331339162611804 0.19108516378244803 0.061125212541310606 0.11667054543612314 0.50034643970038162 0.33351804277515784 0.16768796287664731 0.11148363187921546 0.55364862048794916 -0.007530544881399431 0.051727900581584454 0.53190370448938185 0.33567658725720995 0.31164690818527996 -0.13191707950303519 0.049680136732725179 0.19650364595634467 -0.080952700724568741
leaf_weight=8490 615 1536 2059 73 137 244 115 166 160 86 83 47 53 45 48 48 53 148 2333 258 58 296
leaf_count=8490 615 1536 2059 73 137 244 115 166 160 86 83 47 53 45 48 48 53 148 2333 258 58 296
internal_value=-0.00134769 0.00435047 -0.00282465 0.00639176 0.00583333 0.00399421 0.00794323 0.00888636 0.0114503 0.00251708 -0.00112776 0.0021995 0.00176976 0.00551515 0.00748039 -0.00325221 0.0105 0.00626489 -0.00242917 -0.00130269 0.000130469 -0.00036941
internal_weight=17151 3526 13625 1658 1585 859 726 611 297 1868 2754 1782 1589 193 148 10871 100 314 2381 2671 612 554
internal_count=17151 3526 13625 1658 1585 859 726 611 297 1868 2754 1782 1589 193 148 10871 100 314 2381 2671 612 554
is_linear=0
shrinkage=0.035


Tree=18
num_leaves=23
num_cat=0
split_feature=7 22 7 16 16 0 20 20 5 20 5 0 7 0 20 18 20 1 20 7 20 20
split_gain=113.622 9.65853 8.70687 4.49129 4.02009 3.36373 2.90319 6.61315 4.65048 4.57102 2.44538 2.35148 1.61901 1.57192 2.44022 1.51766 1.3662 1.30593 1.55381 1.23196 1.22379 1.2032
threshold=14.574646434701021 16785.000000000004 5.2914285714285727 1.0000000180025095e-35 1.0000000180025095e-35 27.062749211546333 11.500000000000002 6.5000000000000009 11.827380952380954 23.500000000000004 14.999072958688698 10.314292272644416 5.4340659340659352 30.236721569975128 2.5000000000000004 1.0000000180025095e-35 29.500000000000004 28.125319265124826 8.5000000000000018 17.463259122825747 19.500000000000004 1.5000000000000002
decision_type=2 2 2 2 2 2 2 2 2 2 2 2 2 2 2 2 2 2 2 2 2 2
left_child=2 4 -1 11 6 10 7 13 -9 -8 15 12 21 14 -2 20 -13 18 -7 -11 -3 -4
right_child=1 5 3 -5 -6 17 9 8 -10 19 -12 16 -14 -15 -16 -17 -18 -19 -20 -21 -22 -23
leaf_value=-0.30138839751613472 0.21046057710967822 -0.023221051770502158 0.24252073217692585 0.11785159924828741 0.72283838779769161 0.08617719382162134 0.072383830190626219 0.04985897979495444 0.4850256293092377 0.061970189913515474 0.11642041462484683 -0.035099138851490401 -0.1195975304170921 -0.028137170353706688 0.10765923792999556 0.18731716775985166 0.11647598714152894 0.21721675956629377 0.48557381761299845 0.29743845964519727 0.11257342763393613 -0.16229998172042898
leaf_weight=8406 79 591 132 164 56 47 582 65 213 52 859 1459 3289 62 208 64 78 51 95 302 175 64
leaf_count=8406 79 591 132 164 56 47 582 65 213 52 859 1459 3289 62 208 64 78 51 95 302 175 64
internal_value=-0.00131992 0.00429663 -0.00276896 -0.00163235 0.00628448 0.00256518 0.00589732 0.00779747 0.0118357 0.0045712 0.00203719 -0.00182206 -0.00232665 0.0044096 0.00548973 0.0006497 -0.000662776 0.00692929 0.00864286 0.0077117 0.000177042 0.000679104
internal_weight=17093 3501 13592 5186 1619 1882 1563 627 278 936 1689 5022 3485 349 287 830 1537 193 142 354 766 196
internal_count=17093 3501 13592 5186 1619 1882 1563 627 278 936 1689 5022 3485 349 287 830 1537 193 142 354 766 196
is_linear=0
shrinkage=0.035


Tree=19
num_leaves=23
num_cat=0
split_feature=9 16 9 9 20 18 3 16 0 20 0 20 25 2 4 20 20 6 22 20 20 20
split_gain=101.048 8.82287 8.02443 6.33576 4.33325 5.17033 4.01788 3.1309 3.09281 2.76724 2.62846 2.51076 2.24803 1.73001 1.69892 1.91911 4.47523 4.95895 1.40884 1.37295 2.55729 3.40707
threshold=14.512308379836307 1.0000000180025095e-35 5.7857189445871189 21.108196777804341 29.500000000000004 1.0000000180025095e-35 32.106343334591671 1.0000000180025095e-35 23.937493722930562 8.5000000000000018 13.508154244475653 29.500000000000004 224.50000000000003 25.102403528914756 5.2852117926282993 11.500000000000002 6.5000000000000009 17.961864802538603 22034.500000000004 23.500000000000004 10.500000000000002 6.5000000000000009
decision_type=2 2 2 2 2 2 2 2 2 2 2 2 2 2 2 2 2 2 2 2 2 2
left_child=2 3 -1 8 5 6 13 10 14 -8 18 -12 -3 -5 -2 16 -16 -18 -4 20 21 -10
right_child=1 12 7 4 -6 -7 9 -9 19 -11 11 -13 -14 -15 15 -17 17 -19 -20 -21 -22 -23
leaf_value=-0.29083980360306999 -0.047441170896049475 0.8369825362491683 -0.022307300745199581 0.14067676755348632 0.65844102248370484 0.36599850423926023 0.42655650152412805 0.10533370475838504 0.034270142510841144 0.14987156151769868 -0.023387934744250074 0.14547751534576742 0.33272567245993562 0.033582668022052078 0.069948766619178926 0.046121165364161484 0.36262854527912042 0.15896439849767272 -0.11151829890282741 0.43623886590852595 0.00059749299248676045 0.51535672491364215
leaf_weight=8446 217 71 536 598 46 133 64 154 63 100 641 50 79 306 304 1060 88 144 3709 81 115 46
leaf_count=8446 217 71 536 598 46 133 64 154 63 100 641 50 79 306 304 1060 88 144 3709 81 115 46
internal_value=-0.00143357 0.00384801 -0.00280729 0.00345846 0.00544569 0.00497429 0.00410019 -0.0017002 0.00227014 0.00913314 -0.00185661 0.000120689 0.0120806 0.00312266 0.00169802 0.0020965 0.00381054 0.00742827 -0.00218235 0.00553226 0.00383624 0.00755263
internal_weight=17051 3515 13536 3365 1247 1201 1068 5090 2118 164 4936 691 150 904 1813 1596 536 232 4245 305 224 109
internal_count=17051 3515 13536 3365 1247 1201 1068 5090 2118 164 4936 691 150 904 1813 1596 536 232 4245 305 224 109
is_linear=0
shrinkage=0.035


Tree=20
num_leaves=23
num_cat=0
split_feature=9 9 9 16 18 0 1 20 20 21 3 6 18 23 0 5 20 20 6 20 8 16
split_gain=93.0701 9.41921 7.22354 3.97406 4.2494 3.39756 3.30697 3.2247 3.04361 4.65553 3.42156 4.01929 2.37455 2.219 2.13304 1.82118 3.31113 3.56221 2.71476 2.12705 1.74158 1.69859
threshold=13.758622911117495 20.215047969410843 5.7857189445871189 1.0000000180025095e-35 1.0000000180025095e-35 13.272026472482283 23.023809523809529 29.500000000000004 27.500000000000004 2.5000000000000004 31.032336348011363 24.170466578992038 1.0000000180025095e-35 21250.000000000004 27.062749211546333 11.827380952380954 11.500000000000002 6.5000000000000009 17.961864802538603 23.500000000000004 5.9308091339300484 1.0000000180025095e-35
decision_type=2 2 2 2 2 2 2 2 2 2 2 2 2 2 2 2 2 2 2 2 2 2
left_child=2 14 -1 4 8 12 -6 -7 10 -10 13 -12 21 -3 15 -2 17 -17 -19 -18 -14 -4
right_child=1 3 5 -5 6 7 -8 -9 9 -11 11 -13 20 -15 -16 16 19 18 -20 -21 -22 -23
leaf_value=-0.2806604104769625 -0.0017614269948650445 0.11594706299451835 -0.10996485297155029 0.50645367467459379 0.13996105454276295 -0.0059354671109228471 0.33694267305284831 0.17450101257690229 0.026752050407162227 0.62356295765563141 0.13187420550902224 0.36472739869352283 0.24143575632725092 0.0011696332284279068 0.26666363081524935 0.079896941426273252 -0.0089872741843169349 0.38732569128751754 0.22433018406189034 0.11170017094623313 -0.058715331911767928 0.1050060218020237
leaf_weight=8493 642 785 3606 77 63 616 105 45 60 64 134 63 144 258 148 305 488 79 113 367 357 77
leaf_count=8493 642 785 3606 77 63 616 105 45 60 64 134 63 144 258 148 305 488 79 113 367 357 77
internal_value=-0.00147912 0.00338631 -0.00284947 0.00541264 0.00497105 -0.00176083 0.0102572 0.000546546 0.0042721 0.00952326 0.00369679 0.00793564 -0.00212975 0.00284542 0.00184699 0.00152501 0.00225166 0.00451793 0.00822589 0.000895348 9.68371e-05 -0.00243709
internal_weight=17089 3751 13338 1609 1532 4845 168 661 1364 124 1240 197 4184 1043 2142 1994 1352 497 192 855 501 3683
internal_count=17089 3751 13338 1609 1532 4845 168 661 1364 124 1240 197 4184 1043 2142 1994 1352 497 192 855 501 3683
is_linear=0
shrinkage=0.035


Tree=21
num_leaves=23
num_cat=0
split_feature=8 9 22 16 20 20 5 20 16 16 20 18 12 20 9 8 12 6 8 8 1 1
split_gain=93.6717 10.23 7.64309 3.09797 2.83251 4.54777 5.43494 3.85032 2.53574 2.35652 2.5393 2.03817 1.73098 1.63121 1.6003 1.52553 1.38689 1.97814 1.26322 1.53723 1.20831 1.06311
threshold=15.00474509636665 8.1809193133760143 16785.000000000004 1.0000000180025095e-35 11.500000000000002 6.5000000000000009 5.9680479807034317 22.500000000000004 1.0000000180025095e-35 1.0000000180025095e-35 29.500000000000004 1.0000000180025095e-35 7.6109599464759841 29.500000000000004 23.787301587301592 16.727548545557891 5.1673312791154942 14.711070944525238 5.5726572161085075 5.7074308839208543 21.965076773329255 11.35416666666667
decision_type=2 2 2 2 2 2 2 2 2 2 2 2 2 2 2 2 2 2 2 2 2 2
left_child=1 18 3 4 5 16 -7 -6 12 10 11 -4 13 -3 -9 -13 -2 -18 -1 -20 -11 -15
right_child=2 8 9 -5 7 6 -8 14 -10 20 -12 15 -14 21 -16 -17 17 -19 19 -21 -22 -23
leaf_value=-0.27083729611026885 -0.013632809536926685 -0.056551657064910985 0.043843261294860214 0.4941766903031467 0.061141896008350669 0.017898255926066527 0.43320084259398373 0.1755694392418766 0.10661082587617467 0.47221381961282394 0.38630604824668746 -0.013339119767100749 0.054259689348294074 0.13543935504355595 0.30544801293042112 0.22594476138047445 0.14098703298792359 0.10678575964171527 0.063171801571622929 -0.12863146704067155 0.26119685792291319 -0.018690661110374436
leaf_weight=8452 61 2784 1428 54 523 61 219 277 103 47 70 45 91 48 123 120 75 218 175 1985 47 58
leaf_count=8452 61 2784 1428 54 523 61 219 277 103 47 70 45 91 48 123 120 75 218 175 1985 47 58
internal_value=-0.00145975 -0.00274641 0.00376356 0.0055099 0.00517157 0.00701643 0.0103772 0.00385453 -0.000961963 0.00214132 0.00180875 0.00149374 -0.00115573 -0.00131175 0.00643827 0.00514706 0.00420195 0.00519127 -0.00326265 -0.00246536 0.0074596 0.00280631
internal_weight=17064 13696 3368 1611 1557 634 280 923 3084 1757 1663 1593 2981 2890 400 165 354 293 10612 2160 94 106
internal_count=17064 13696 3368 1611 1557 634 280 923 3084 1757 1663 1593 2981 2890 400 165 354 293 10612 2160 94 106
is_linear=0
shrinkage=0.035


Tree=22
num_leaves=23
num_cat=0
split_feature=9 9 9 20 18 16 16 3 20 20 5 0 6 3 20 1 20 18 25 1 11 20
split_gain=88.3758 8.8757 7.87404 3.44381 4.70064 4.22584 3.02414 2.80901 2.85606 3.81256 4.60464 2.38644 2.25289 2.01388 1.97361 2.36952 1.92551 1.8614 1.64437 1.55845 1.51714 1.39142
threshold=13.758622911117495 20.006673737631434 5.7857189445871189 29.500000000000004 1.0000000180025095e-35 1.0000000180025095e-35 1.0000000180025095e-35 9.9759097374375028 11.500000000000002 6.5000000000000009 5.9680479807034317 13.272026472482283 21.965076773329255 21.965076773329255 10.500000000000002 20.503494464828545 22.500000000000004 1.0000000180025095e-35 421.00000000000006 21.965076773329255 5.5316223904220942 3.5000000000000004
decision_type=2 2 2 2 2 2 2 2 2 2 2 2 2 2 2 2 2 2 2 2 2 2
left_child=2 7 -1 4 5 13 11 -2 9 21 -11 17 -12 -3 15 -15 -10 -4 -8 -6 -14 -9
right_child=1 3 6 -5 19 -7 18 8 16 10 12 -13 20 14 -16 -17 -18 -19 -20 -21 -22 -23
leaf_value=-0.26135799074640942 -0.055955399886008318 0.07773582457196021 -0.10131876167093909 0.60673256476778425 0.12675500144866092 0.40967997231881337 0.0061040073058757811 0.10374362028787333 -0.0059538415103123823 -0.077135817572588916 0.33750019798780956 0.0060177293504430542 -0.050160030846322354 0.38614504998186877 0.11594891675285986 0.15640911564367999 0.10895264839052954 -0.022942546555160703 0.13332741451489816 0.35870510130845457 0.2731507784946966 -0.040111185325241328
leaf_weight=8433 257 680 3653 62 53 73 119 184 620 70 176 588 54 104 431 156 472 498 46 113 46 190
leaf_count=8433 257 680 3653 62 53 73 119 184 620 70 176 588 54 104 431 156 472 498 46 113 46 190
internal_value=-0.00146552 0.00328323 -0.00279958 0.00518217 0.00482198 0.00413285 -0.00167478 0.00173144 0.00222097 0.00393448 0.00657122 -0.00184001 0.00858185 0.00364753 0.00499856 0.00746226 0.00106244 -0.00213571 0.00288235 0.0104181 0.00383333 0.00139446
internal_weight=17078 3741 13337 1672 1610 1444 4904 2069 1812 720 346 4739 276 1371 691 260 1092 4151 165 166 100 374
internal_count=17078 3741 13337 1672 1610 1444 4904 2069 1812 720 346 4739 276 1371 691 260 1092 4151 165 166 100 374
is_linear=0
shrinkage=0.035


Tree=23
num_leaves=23
num_cat=0
split_feature=8 16 9 9 6 22 9 1 9 10 20 20 16 17 18 1 0 20 20 20 20 9
split_gain=83.393 10.0602 6.81098 6.4001 2.86082 2.67573 2.08295 2.44141 1.79768 2.10179 1.79406 2.03861 1.55777 1.47902 1.4366 1.98548 1.32869 1.23344 1.15922 2.06052 1.45024 1.14165
threshold=13.000357142857146 1.0000000180025095e-35 5.7857189445871189 18.326530612244905 22.797540755617458 17236.500000000004 17.220589712291659 23.023809523809529 23.787301587301592 8.0666851289565731 29.500000000000004 30.500000000000004 1.0000000180025095e-35 1.0000000180025095e-35 1.0000000180025095e-35 26.94184716045481 18.955902356631452 24.500000000000004 10.500000000000002 6.5000000000000009 24.500000000000004 8.4593743783416979
decision_type=2 2 2 2 2 2 2 2 2 2 2 2 2 2 2 2 2 2 2 2 2 2
left_child=2 3 -1 16 13 -4 -3 -8 -6 -10 12 21 -7 14 -5 -16 -2 -15 19 -18 -20 -12
right_child=1 6 5 4 8 10 7 -9 9 -11 11 -13 -14 17 15 -17 18 -19 20 -21 -22 -23
leaf_value=-0.25221046107028511 0.008061910910323938 0.11544029842625157 0.36751880809551651 0.074526190826841199 0.17881342243103313 -0.091896753550449614 0.65752451115843469 0.26935918459108155 0.29282423502758875 0.19042238155096994 0.039584826736333019 -0.086014323178311314 0.06803706710962179 0.11421069177059787 0.10539874678941943 0.27006024284599756 0.0298980674929261 0.49617527599472111 -0.012532055283698631 0.35202840579284056 0.22903711026505263 0.15067671378212841
leaf_weight=8505 1271 45 95 1018 400 4214 64 64 203 93 50 65 133 282 66 48 92 49 184 65 108 53
leaf_count=8505 1271 45 95 1018 400 4214 64 64 203 93 50 65 133 282 66 48 92 49 184 65 108 53
internal_value=-0.00150868 0.0028754 -0.00286509 0.00249253 0.00376201 -0.00177086 0.0110506 0.0133421 0.00563695 0.00777907 -0.00189712 0.0015578 -0.00203631 0.00284196 0.00219481 0.00591176 0.000882608 0.0049375 0.00251322 0.00492593 0.00109596 0.00460185
internal_weight=17167 4052 13115 3879 2159 4610 173 128 696 296 4515 168 4347 1463 1132 114 1720 331 449 157 292 103
internal_count=17167 4052 13115 3879 2159 4610 173 128 696 296 4515 168 4347 1463 1132 114 1720 331 449 157 292 103
is_linear=0
shrinkage=0.035


Tree=24
num_leaves=23
num_cat=0
split_feature=9 9 3 20 0 20 21 4 20 0 18 5 20 9 7 3 20 9 10 6 20 20
split_gain=76.0494 8.99829 5.28916 4.55985 3.41256 3.03855 5.90072 2.86285 3.41659 2.428 2.09583 2.04253 1.80979 1.74295 1.68007 1.5215 1.43115 1.27357 1.09061 1.07817 1.02996 3.76172
threshold=14.512308379836307 5.7857189445871189 20.017857142857146 11.500000000000002 32.106343334591671 27.500000000000004 2.5000000000000004 11.946428571428573 6.5000000000000009 13.272026472482283 1.0000000180025095e-35 19.908514249778566 29.500000000000004 5.8571475160156901 18.296728272861028 25.102403528914756 19.500000000000004 9.5007289286802958 2.9840847683606317 11.35416666666667 6.5000000000000009 10.500000000000002
decision_type=2 2 2 2 2 2 2 2 2 2 2 2 2 2 2 2 2 2 2 2 2 2
left_child=1 -1 5 7 16 10 -7 -4 15 13 18 -12 20 -3 -8 -9 -5 -15 -2 -19 -11 -22
right_child=2 9 3 4 -6 6 14 8 -10 12 11 -13 -14 17 -16 -17 -18 19 -20 -21 21 -23
leaf_value=-0.24338309493282509 -0.040449576292833411 0.13255019710876201 0.034617158695249416 0.017023755294435412 0.48630434960780666 -0.019786978312588171 0.20226647061427275 0.12835239915157193 0.41741110679773746 -0.11346730050764792 0.21791672773543233 -0.035709938718841233 0.12439930179826926 -0.1040975134610554 0.50148571971632938 0.12715244275165324 0.13025294925920466 -0.071966571455965231 0.048619702956938557 0.0033872762630236986 0.15438636444112161 -0.03669860478323482
leaf_weight=8440 263 160 76 389 52 102 69 151 249 164 156 57 53 2752 65 128 343 971 1435 498 101 474
leaf_count=8440 263 160 76 389 52 102 69 151 249 164 156 57 53 2752 65 128 343 971 1435 498 101 474
internal_value=-0.0015432 -0.00273153 0.00302542 0.00471608 0.00288783 0.00191589 0.00564938 0.00701724 0.00792589 -0.00157358 0.00143215 0.00468807 0.000188832 -0.00189603 0.0103489 0.00500352 0.00219878 -0.00203408 0.00100088 -0.001173 -0.000254033 0.000422413
internal_weight=17148 13613 3535 1388 784 2147 236 604 528 5173 1911 213 792 4381 134 279 732 4221 1698 1469 739 575
internal_count=17148 13613 3535 1388 784 2147 236 604 528 5173 1911 213 792 4381 134 279 732 4221 1698 1469 739 575
is_linear=0
shrinkage=0.035


Tree=25
num_leaves=23
num_cat=0
split_feature=9 16 9 9 6 20 20 1 0 18 4 3 20 20 20 20 20 11 7 2 20 12
split_gain=73.3612 9.11868 7.1714 5.85003 2.28164 2.26559 2.88756 1.90611 1.47083 1.43612 1.43402 1.39176 1.64435 2.49609 1.38626 1.32441 2.28928 1.30912 1.22742 1.1308 1.12688 1.08248
threshold=12.913192184546258 1.0000000180025095e-35 5.7857189445871189 18.326530612244905 20.696428571428573 29.500000000000004 30.500000000000004 30.236721569975128 18.049040346336252 1.0000000180025095e-35 11.503534173707413 35.433215501771933 7.5000000000000009 11.500000000000002 22.500000000000004 10.500000000000002 8.5000000000000018 6.6955261347271469 23.165715779559786 9.9933189851049971 24.500000000000004 7.0683528868058376
decision_type=2 2 2 2 2 2 2 2 2 2 2 2 2 2 2 2 2 2 2 2 2 2
left_child=2 3 -1 8 -5 9 19 11 -2 21 -3 12 -6 -14 -15 16 -10 -12 -16 -7 -17 -4
right_child=1 10 5 4 7 6 -8 -9 15 -11 17 -13 13 14 18 20 -18 -19 -20 -21 -22 -23
leaf_value=-0.23486468661017618 0.0014482289465043883 0.28635479213392367 -0.098576758181426791 0.097477040500025619 0.068599940032435372 0.11281467534483272 -0.12261118016876282 0.049282264079125129 0.10023792842024826 -0.019863062542449402 0.70272610330457297 0.22422776624883126 0.40453758763421455 0.031093152642134799 0.18400133769246105 -0.015329853679276004 0.36952750448569632 0.28296065288653244 0.48047452352716497 0.060953490742755551 0.15883064076074238 0.045479790996727006
leaf_weight=8456 1348 49 3785 1235 186 53 72 113 113 552 46 65 112 168 196 168 48 70 50 52 115 53
leaf_count=8456 1348 49 3785 1235 186 53 72 113 113 552 46 65 112 168 196 168 48 70 50 52 115 53
internal_value=-0.00156078 0.00252887 -0.00284449 0.00217567 0.00341784 -0.00171632 0.00207692 0.0047905 0.000687534 -0.00187543 0.0105 0.00540665 0.00484728 0.0058597 0.00443556 0.00242428 0.00493373 0.0126983 0.00612151 0.00572727 0.000874999 -0.00211567
internal_weight=17105 4082 13023 3917 2125 4567 177 890 1792 4390 165 777 712 526 414 444 161 116 246 105 283 3838
internal_count=17105 4082 13023 3917 2125 4567 177 890 1792 4390 165 777 712 526 414 444 161 116 246 105 283 3838
is_linear=0
shrinkage=0.035


Tree=26
num_leaves=23
num_cat=0
split_feature=8 8 22 16 22 20 21 18 16 0 16 20 3 20 20 20 21 6 21 1 3 4
split_gain=69.5256 7.71014 6.10131 4.98023 2.44457 1.86385 3.61986 2.19334 1.71029 1.69049 2.40163 1.72875 1.5983 1.81987 1.79473 2.77568 1.77021 2.26632 1.57312 1.39473 1.30751 1.22876
threshold=13.000357142857146 5.5726572161085075 16785.000000000004 1.0000000180025095e-35 17236.500000000004 27.500000000000004 2.5000000000000004 1.0000000180025095e-35 1.0000000180025095e-35 12.996151141142256 1.0000000180025095e-35 29.500000000000004 20.017857142857146 25.500000000000004 11.500000000000002 6.5000000000000009 2.5000000000000004 30.236721569975128 2.5000000000000004 18.049040346336252 27.944847149584415 32.106343334591671
decision_type=2 2 2 2 2 2 2 2 2 2 2 2 2 2 2 2 2 2 2 2 2 2
left_child=1 -1 3 12 -3 7 -7 8 -4 10 -6 -11 13 -2 15 20 -17 -18 -15 -8 -14 -16
right_child=2 4 5 -5 9 6 19 -9 -10 11 -12 -13 14 18 21 16 17 -19 -20 -21 -22 -23
leaf_value=-0.22664442257882 0.049392868041079979 0.23579822385693844 0.020243232343000211 0.58877983572253156 -0.095022428803055545 -0.021329911942146691 0.35845907615504874 0.16943282499268791 0.2415170967573915 -0.029961357658364548 0.10332451342657113 0.12872167420891359 0.071684420302791013 0.070179177479192348 0.086558950992361855 0.54359029901555955 0.38814693835811065 0.33812664618754906 0.44214654317494156 0.23974914112986306 0.10292267781570494 0.13628756600800584
leaf_weight=8536 631 98 1838 57 3820 92 57 226 98 679 76 47 106 77 379 72 61 46 69 62 69 60
leaf_count=8536 631 98 1838 57 3820 92 57 226 98 679 76 47 106 77 379 72 61 46 69 62 69 60
internal_value=-0.00157978 -0.00280058 0.00246005 0.00411336 -0.00165556 0.00131287 0.00443981 0.000990078 0.00059325 -0.00177534 -0.00206447 -0.000196307 0.0037 0.00249744 0.00483333 0.00673677 0.00981522 0.01275 0.00600331 0.00835484 0.00330555 0.00320045
internal_weight=17256 13256 4000 1627 4720 2373 211 2162 1936 4622 3896 726 1570 777 793 354 179 107 146 119 175 439
internal_count=17256 13256 4000 1627 4720 2373 211 2162 1936 4622 3896 726 1570 777 793 354 179 107 146 119 175 439
is_linear=0
shrinkage=0.035


Tree=27
num_leaves=23
num_cat=0
split_feature=9 9 9 25 9 23 20 20 3 7 20 20 3 12 12 10 20 20 1 20 20 20
split_gain=66.7276 7.84934 6.94819 2.38665 1.70832 1.57494 1.83557 2.24206 1.53294 1.35383 1.71616 1.40141 1.29965 1.47743 1.28353 1.23166 1.21737 2.41688 1.24987 0.950709 1.09721 2.12455
threshold=12.913192184546258 5.7857189445871189 18.326530612244905 210.50000000000003 23.787301587301592 26000.000000000004 29.500000000000004 30.500000000000004 13.714261283220216 28.467699617561198 11.500000000000002 25.500000000000004 13.982558156555685 9.3253577680273683 3.1851590157390306 9.0145384251148872 6.5000000000000009 11.500000000000002 23.023809523809529 26.500000000000004 11.500000000000002 6.5000000000000009
decision_type=2 2 2 2 2 2 2 2 2 2 2 2 2 2 2 2 2 2 2 2 2 2
left_child=1 -1 8 4 16 14 -7 -8 -2 10 -6 -12 -5 -14 -3 -11 -4 -18 -19 20 21 -10
right_child=2 5 3 12 9 6 7 -9 19 15 11 -13 13 -15 -16 -17 17 18 -20 -21 -22 -23
leaf_value=-0.2187118677885613 -0.017593421708449779 0.11670932462232562 0.06350651676901245 -0.033622221491285256 0.29162065218393446 -0.084597236348700908 0.11402242122023432 -0.092061521816020023 -0.008966004720719534 -0.044574247180846148 0.094216371352441972 0.31686471723381016 0.11840694525481929 -0.075422220318068237 -0.034300062840905858 0.2935160488443303 0.36073982677541272 0.16171520297015152 0.0021777444179947605 0.18967731639794691 -0.0029952987456457946 0.20033919016181689
leaf_weight=8532 724 119 178 178 147 3878 91 63 217 53 203 74 641 46 429 105 150 322 146 140 519 225
leaf_count=8532 724 119 178 178 147 3878 91 63 217 53 203 74 641 46 429 105 150 322 146 140 519 225
internal_value=-0.00158554 -0.00280091 0.00232617 0.00363078 0.00454772 -0.00162214 -0.00186141 0.00178302 0.000707649 0.00604003 0.00710606 0.00518794 0.00213218 0.00282225 0.000107594 0.00294172 0.00340387 0.00414045 0.00278964 0.00153164 0.00110145 0.00237248
internal_weight=17180 13112 4068 2243 1378 4580 4032 154 1825 582 424 277 865 687 548 158 796 618 468 1101 961 442
internal_count=17180 13112 4068 2243 1378 4580 4032 154 1825 582 424 277 865 687 548 158 796 618 468 1101 961 442
is_linear=0
shrinkage=0.035


Tree=28
num_leaves=23
num_cat=0
split_feature=9 9 8 2 21 22 5 25 7 7 9 12 10 22 7 8 12 1 1 6 12 12
split_gain=63.649 7.97028 5.51417 2.28624 2.86003 1.67944 1.45615 1.2507 1.26694 1.25281 0.99445 0.98823 0.84503 0.800981 0.790218 0.784106 0.635891 0.631012 0.779165 0.961217 2.22912 1.3361
threshold=13.037423469387758 5.7857189445871189 21.219916865514886 34.129284693525193 1.5000000000000002 17236.500000000004 11.827380952380954 224.50000000000003 25.347602214538849 20.289929968360216 8.1809193133760143 6.918985069027408 4.3752550946038751 16785.000000000004 22.153581910556053 23.357668702453786 6.918985069027408 33.500000000000007 29.073923966709916 28.125319265124826 6.6698995303957984 7.9592203268093682
decision_type=2 2 2 2 2 2 2 2 2 2 2 2 2 2 2 2 2 2 2 2 2 2
left_child=1 -1 6 4 11 -3 -2 12 9 -9 -7 -4 16 -8 -15 -13 -6 18 19 20 -14 -22
right_child=2 5 3 -5 7 10 13 8 -10 -11 -12 15 17 14 -16 -17 -18 -19 -20 -21 21 -23
leaf_value=-0.21105695241596162 0.0034997408780473417 0.18462998966742902 -0.034072222534222235 -0.00067809784031724548 0.18299478086202003 -0.093674669378053077 0.099189326558017765 0.018135450985608006 -0.023654396228564946 0.20329291732213758 -0.042381002389451548 -0.03926259295602378 0.46595589274779037 0.059208070234224038 -0.038872233961378698 0.17986047874018093 0.12997281767489735 0.10908606616940347 0.3837925846420675 0.35933876547638827 0.034700447624236234 0.21208407556664
leaf_weight=8462 860 86 86 162 63 2095 475 63 75 157 2462 49 60 1256 68 68 71 86 48 92 84 180
leaf_count=8462 860 86 86 162 63 2095 475 63 75 157 2462 49 60 1256 68 68 71 86 48 92 84 180
internal_value=-0.00161225 -0.00279253 0.00224601 0.00407598 0.00460868 -0.00161747 0.00130856 0.00539228 0.00326667 0.00458889 -0.00171241 0.00070673 0.00625326 0.00187417 0.00139842 0.00281147 0.00329856 0.0069054 0.00747015 0.00672565 0.00554255 0.00391636
internal_weight=17108 13105 4003 1344 1182 4643 2659 979 295 220 4557 203 684 1799 1324 117 134 550 464 416 324 264
internal_count=17108 13105 4003 1344 1182 4643 2659 979 295 220 4557 203 684 1799 1324 117 134 550 464 416 324 264
is_linear=0
shrinkage=0.035


Tree=29
num_leaves=23
num_cat=0
split_feature=9 9 16 16 3 20 21 18 20 20 0 22 20 5 0 22 5 20 20 20 22 11
split_gain=58.2518 9.04816 6.30262 3.25819 2.97788 3.69246 7.2166 4.53596 2.44066 1.99509 1.9777 1.94681 1.80084 3.04329 1.68922 1.39785 1.23273 1.09292 2.72118 1.19373 1.06919 1.52395
threshold=13.758622911117495 5.0010043527900683 1.0000000180025095e-35 1.0000000180025095e-35 20.946428571428573 27.500000000000004 2.5000000000000004 1.0000000180025095e-35 11.500000000000002 19.500000000000004 11.852133989485408 16785.000000000004 6.5000000000000009 5.9680479807034317 9.9001120243386893 32208.500000000004 27.851297849228462 6.5000000000000009 10.500000000000002 26.500000000000004 22034.500000000004 2.7304385520406673
decision_type=2 2 2 2 2 2 2 2 2 2 2 2 2 2 2 2 2 2 2 2 2 2
left_child=1 -1 4 10 5 -2 -7 -8 12 -10 20 -4 16 -14 -5 -15 -6 -12 -19 -20 21 -3
right_child=2 3 11 14 8 6 7 -9 9 -11 17 -13 13 15 -16 -17 -18 18 19 -21 -22 -23
leaf_value=-0.23866995908140295 0.021730504688141635 0.15097451821252758 0.3828841455517778 0.13967163236190969 0.049779966944776183 -0.022235592710559259 0.44612850888582029 0.022550678521703265 0.0085186955568921936 0.11970194974288045 -0.10682593072888082 0.22627695795084679 -0.088384400592775483 0.39790889504287946 0.0022663314888075803 0.10478232088090335 0.19696442309587389 0.077811566769912285 -0.064256332604361727 0.063537797482490707 -0.087438612245025166 -0.06220609563467034
leaf_weight=8185 2038 105 53 61 222 118 97 46 385 340 224 100 47 201 99 45 61 135 488 173 3506 321
leaf_count=8185 2038 105 53 61 222 118 97 46 385 340 224 100 47 201 99 45 61 135 488 173 3506 321
internal_value=-0.00159968 -0.00268697 0.00224641 -0.00152326 0.00193689 0.00116363 0.00505263 0.0102162 0.00328024 0.00186986 -0.0016854 0.00912658 0.00499398 0.00695302 0.00328788 0.00849203 0.00281944 -0.000290245 0.000301497 -0.00060961 -0.00204204 -0.000332947
internal_weight=17050 13297 3753 5112 3600 2299 261 143 1301 725 4952 153 576 293 160 246 283 1020 796 661 3932 426
internal_count=17050 13297 3753 5112 3600 2299 261 143 1301 725 4952 153 576 293 160 246 283 1020 796 661 3932 426
is_linear=0
shrinkage=0.035


Tree=30
num_leaves=23
num_cat=0
split_feature=8 9 16 9 16 4 6 1 0 22 3 0 0 1 8 10 0 11 25 3 12 6
split_gain=55.9768 7.72247 6.1534 3.59684 2.11147 1.91322 1.78724 1.63445 1.45923 1.40668 1.33563 1.07209 0.999863 0.951705 1.40642 0.721259 0.680827 0.670666 0.784086 0.638238 0.777987 0.643063
threshold=12.357390892603606 5.0010043527900683 1.0000000180025095e-35 18.326530612244905 1.0000000180025095e-35 11.503534173707413 16.040429585733566 26.94184716045481 11.454014904367032 17236.500000000004 10.117143261012473 9.9001120243386893 38.009217265204406 12.996151141142256 17.855519703650462 2.7945525240230915 17.903471131289511 6.8181252700229509 191.00000000000003 35.433215501771933 5.066988080494923 23.937493722930562
decision_type=2 2 2 2 2 2 2 2 2 2 2 2 2 2 2 2 2 2 2 2 2 2
left_child=1 -1 3 10 8 -4 15 -7 9 -3 -2 -6 13 -8 -15 -5 -12 18 -17 20 -16 -21
right_child=2 4 5 6 11 7 12 -9 -10 -11 16 -13 -14 14 19 17 -18 -19 -20 21 -22 -23
leaf_value=-0.23031651051355387 -0.049453212059399045 0.44783018935579599 0.23239222748091801 -0.049726433081095117 0.16186796287614527 0.40388923373035585 0.203510164229802 0.20711389238122821 -0.020424306044121113 -0.08399257394085638 0.016270476005677884 -0.00024133382481630718 0.42629769612180413 -0.074179866547853635 0.11670117176054952 0.19164269842379067 0.11193459353500324 0.015486546608106158 0.075514799648919134 0.10870388653642125 0.096611306829989321 0.22236316595306799
leaf_weight=8270 366 60 53 78 53 79 79 46 791 3665 1034 89 52 72 60 129 486 395 197 54 963 49
leaf_count=8270 366 60 53 78 53 79 79 46 791 3665 1034 89 52 72 60 129 486 395 197 54 963 49
internal_value=-0.00164832 -0.00278826 0.00186216 0.00156842 -0.00163854 0.00816667 0.00255485 0.0105 -0.00177361 -0.00206434 0.000442358 0.00245238 0.00334783 0.00310686 0.00281338 0.00120149 0.000906557 0.00156198 0.00273867 0.00312246 0.00279864 0.00589815
internal_weight=17120 12928 4192 4014 4658 178 2128 125 4516 3725 1886 142 1329 1277 1198 799 1520 721 326 1126 1023 103
internal_count=17120 12928 4192 4014 4658 178 2128 125 4516 3725 1886 142 1329 1277 1198 799 1520 721 326 1126 1023 103
is_linear=0
shrinkage=0.035


Tree=31
num_leaves=23
num_cat=0
split_feature=8 8 22 0 3 20 20 21 20 20 5 20 21 6 20 10 20 20 20 0 1 5
split_gain=56.1501 7.76999 3.96331 2.05149 1.75832 2.15487 1.69918 2.86465 1.81471 3.50741 2.38866 1.48007 1.52829 1.37518 1.35464 1.34828 1.22031 2.27629 1.19162 1.12904 1.12586 1.08075
threshold=13.000357142857146 4.8263308037724721 16785.000000000004 12.996151141142256 20.017857142857146 11.500000000000002 25.500000000000004 2.5000000000000004 11.500000000000002 6.5000000000000009 8.9846950015344529 1.5000000000000002 1.5000000000000002 9.9933189851049971 8.5000000000000018 4.3752550946038751 6.5000000000000009 10.500000000000002 29.500000000000004 30.236721569975128 22.052447947677845 19.908514249778566
decision_type=2 2 2 2 2 2 2 2 2 2 2 2 2 2 2 2 2 2 2 2 2 2
left_child=1 -1 4 11 -2 14 8 13 9 -4 -11 12 -3 -8 15 -6 -5 -18 -19 -7 -9 -12
right_child=2 3 6 16 5 19 7 20 -10 10 21 -13 -14 -15 -16 -17 17 18 -20 -21 -22 -23
leaf_value=-0.22225543264557948 0.087364929782479644 0.24641521081971487 -0.020010815496927025 -0.096976506615873828 0.072913128820965956 0.069188694742665133 0.15754912161911788 0.24827614788101082 -0.014486605332163277 -0.022809950746310953 0.23263189118812524 -0.075230169226980517 -0.076635405682464824 -0.073717348408394875 0.43479027207929533 0.18838491495993903 0.14617831030856629 -0.020138793524915887 0.096651107075846815 0.39270757690475894 0.10517789141755425 0.060327805850114893
leaf_weight=8293 794 131 567 170 68 417 49 147 994 131 255 3957 109 104 100 190 78 431 50 52 45 64
leaf_count=8293 794 131 567 170 68 417 49 147 994 131 255 3957 109 104 100 190 78 431 50 52 45 64
internal_value=-0.00167482 -0.00277216 0.0019671 -0.00166163 0.00330197 0.00445072 0.00103621 0.0033 0.000631944 0.00167123 0.00396154 -0.00195907 0.000642856 -0.000177216 0.00652755 0.00488403 2.86095e-05 0.000843971 -4.32107e-05 0.00277637 0.00609391 0.00557407
internal_weight=17196 13219 3977 4926 1621 827 2356 345 2011 1017 450 4197 240 153 358 258 729 559 481 469 192 319
internal_count=17196 13219 3977 4926 1621 827 2356 345 2011 1017 450 4197 240 153 358 258 729 559 481 469 192 319
is_linear=0
shrinkage=0.035


Tree=32
num_leaves=23
num_cat=0
split_feature=9 16 9 9 8 3 25 12 3 22 10 11 1 2 11 8 10 12 10 22 6 21
split_gain=52.4258 6.95684 6.32862 5.12837 2.4518 1.76204 1.49064 1.86353 1.4509 1.37239 1.30895 1.29193 1.17738 1.14615 1.66491 0.830244 0.756534 0.684742 0.977408 0.679104 0.69651 0.839607
threshold=11.51284180873056 1.0000000180025095e-35 5.0010043527900683 18.326530612244905 19.933053515110455 20.017857142857146 224.50000000000003 5.066988080494923 11.852133989485408 17236.500000000004 3.4086724129853905 6.6955261347271469 18.049040346336252 34.129284693525193 9.3698428935884497 8.3229169434961694 2.8702082220799161 6.5858494204307316 4.9904671028634136 43337.000000000007 14.711070944525238 2.5000000000000004
decision_type=2 2 2 2 2 2 2 2 2 2 2 2 2 2 2 2 2 2 2 2 2 2
left_child=2 3 -1 8 12 -5 7 -7 -2 -4 -9 15 -3 14 -12 -11 -17 18 -8 -10 -21 -22
right_child=1 4 9 5 -6 6 17 10 19 11 13 -13 -14 -15 -16 16 -18 -19 -20 20 21 -23
leaf_value=-0.21447649250298417 -0.040128135404518095 0.2629236188451331 0.4305316103632334 0.070590197523225984 0.46734917561964517 0.44636848752259256 -0.047088158388537762 -0.025686224502614759 0.042198302155606292 -0.08176290851037106 0.11003504370604478 0.043497134498140744 -0.10877271111173907 0.014182948106194722 0.30470715075717453 -0.018187524633958257 -0.056364811518587681 0.011190945880136534 0.15602388200980183 -0.043921414798121887 -0.0327984718329173 0.08712017047036609
leaf_weight=8249 694 51 48 1047 88 45 45 60 1049 2396 431 51 46 69 127 555 1255 215 63 342 57 117
leaf_count=8249 694 51 48 1047 88 45 45 60 1049 2396 431 51 46 69 127 555 1255 215 63 342 57 117
internal_value=-0.00168708 0.00152966 -0.00285345 0.00123775 0.00810526 0.00248007 0.0035 0.00438331 7.11122e-05 -0.00175406 0.00383381 -0.00182473 0.00370588 0.00430854 0.00483037 -0.00189587 -0.00130165 0.00140854 0.00362389 0.000668789 -0.000342611 0.00138827
internal_weight=17100 4546 12554 4361 185 2102 1055 732 2259 4305 687 4257 97 627 558 4206 1810 323 108 1565 516 174
internal_count=17100 4546 12554 4361 185 2102 1055 732 2259 4305 687 4257 97 627 558 4206 1810 323 108 1565 516 174
is_linear=0
shrinkage=0.035


Tree=33
num_leaves=23
num_cat=0
split_feature=9 9 16 9 20 20 21 21 1 20 20 6 6 3 20 18 23 11 3 20 21 20
split_gain=51.3183 7.09746 4.88508 3.99307 2.13881 2.11805 5.23926 3.85516 1.86632 1.82973 3.56959 4.27638 2.64131 1.66857 1.24414 1.20316 1.45197 1.17223 1.0557 0.909441 1.52928 1.17129
threshold=9.7303030303030322 18.326530612244905 1.0000000180025095e-35 4.6726190476190483 29.500000000000004 27.500000000000004 2.5000000000000004 3.5000000000000004 23.023809523809529 11.500000000000002 6.5000000000000009 9.9933189851049971 26.068648301856552 11.852133989485408 18.500000000000004 1.0000000180025095e-35 26000.000000000004 5.7750885228243831 27.944847149584415 11.500000000000002 1.5000000000000002 6.5000000000000009
decision_type=2 2 2 2 2 2 2 2 2 2 2 2 2 2 2 2 2 2 2 2 2 2
left_child=3 5 4 -1 9 13 -7 -8 -4 10 18 -12 -13 -2 -11 -5 -17 -14 -3 21 -21 -15
right_child=1 2 8 15 -6 6 7 -9 -10 14 11 12 17 19 -16 16 -18 -19 -20 20 -22 -23
leaf_value=-0.20696981526537975 -0.037713186230090207 0.038125603535776841 0.74460532847705629 -0.075943763007712051 0.46563509394413477 -0.049654203916651242 0.24282117243034354 0.021009671937899252 0.1815657203210643 -0.022151725030564701 -0.04242083971449441 0.32774066160275167 -0.037869714579257127 -0.00019092799161484294 0.065528099321994798 0.40846299398693997 -0.041589827453407821 0.30533466434499901 0.073060011295100133 0.047074308396054178 -0.045041444560260914 0.11510497788765736
leaf_weight=8174 1210 425 51 3023 74 156 96 73 57 455 65 177 46 394 700 60 395 86 84 270 683 374
leaf_count=8174 1210 425 51 3023 74 156 96 73 57 455 65 177 46 394 700 60 395 86 84 270 683 374
internal_value=-0.00164919 0.0011424 0.00266629 -0.00296256 0.00226996 9.5522e-05 0.00275757 0.00695977 0.00981858 0.00203353 0.00323986 0.00582718 0.00753503 -0.000197889 0.00108621 -0.00195248 -0.000228262 0.00339781 0.00126654 0.000494785 -0.000211901 0.00139004
internal_weight=17128 5476 2220 11652 2112 3256 325 169 108 2038 883 374 309 2931 1155 3478 455 132 509 1721 953 768
internal_count=17128 5476 2220 11652 2112 3256 325 169 108 2038 883 374 309 2931 1155 3478 455 132 509 1721 953 768
is_linear=0
shrinkage=0.035


Tree=34
num_leaves=23
num_cat=0
split_feature=9 16 9 9 20 9 10 16 0 25 4 0 2 18 8 1 20 20 21 20 22 20
split_gain=49.3052 7.61817 5.51878 4.8292 2.44851 2.01382 1.65533 1.44006 1.5547 1.40636 1.32684 1.30731 1.30497 1.06369 1.01802 0.964921 0.93608 4.55704 1.63705 1.15254 0.915012 0.902651
threshold=10.157334819439784 1.0000000180025095e-35 18.326530612244905 4.6726190476190483 29.500000000000004 22.219210728402334 5.2508502712826042 1.0000000180025095e-35 13.982558156555685 210.50000000000003 22.797540755617458 8.942279580511066 9.7278934209464918 1.0000000180025095e-35 19.360719881469411 7.0056524229269748 6.5000000000000009 11.500000000000002 1.5000000000000002 23.500000000000004 17236.500000000004 11.500000000000002
decision_type=2 2 2 2 2 2 2 2 2 2 2 2 2 2 2 2 2 2 2 2 2 2
left_child=3 2 11 -1 9 6 -3 8 20 10 -4 -2 -10 14 -11 -9 -13 18 -18 -19 -5 -12
right_child=1 5 4 7 -6 -7 -8 15 12 13 21 16 -14 -15 -16 -17 17 19 -20 -21 -22 -23
leaf_value=-0.19972587173109146 -0.070791037847662677 0.22935073606186834 0.064468357896012102 0.35916679754204733 0.42402415871701377 0.46846302579799731 0.20625708993536196 0.087788997420808743 0.087396756342649914 0.086825877192607079 0.2003674923565929 -0.05018734930656879 -0.080913258362620574 0.16899331388676253 -0.020855813228608681 -0.040290368350787018 -0.04935175738042958 -0.033242737047660363 0.13100066099263821 0.03066672240301219 -0.073285731302442106 0.085240150894025424
leaf_weight=8215 442 48 753 50 79 52 104 51 102 241 166 563 74 83 493 70 80 888 358 556 3377 339
leaf_count=8215 442 48 753 50 79 52 104 51 102 241 166 563 74 83 493 70 80 888 358 556 3377 339
internal_value=-0.0016654 0.00116 0.000883669 -0.00290807 0.00222256 0.00772009 0.00519427 -0.00184808 -0.001977 0.00196875 0.00270744 -0.000111342 0.00114088 0.000800486 0.000336264 0.00177778 0.000199999 0.00058055 0.00368962 -0.000359904 -0.00214365 0.00411765
internal_weight=17184 5245 5041 11939 2154 204 152 3724 3603 2075 1258 2887 176 817 734 121 2445 1882 438 1444 3427 505
internal_count=17184 5245 5041 11939 2154 204 152 3724 3603 2075 1258 2887 176 817 734 121 2445 1882 438 1444 3427 505
is_linear=0
shrinkage=0.035


Tree=35
num_leaves=23
num_cat=0
split_feature=9 8 9 0 3 5 20 3 20 20 21 6 20 20 20 18 20 4 7 3 22 21
split_gain=48.8707 6.35341 5.44764 2.7302 1.8857 1.71228 2.41088 2.29021 2.044 1.57959 2.70019 1.66106 1.50752 1.48658 1.97523 1.45701 1.31516 1.26208 1.22789 1.25905 1.22279 1.1133
threshold=10.507034530153202 22.221881666756548 4.6726190476190483 33.500000000000007 11.852133989485408 17.469540622712071 12.500000000000002 32.106343334591671 8.5000000000000018 25.500000000000004 2.5000000000000004 8.9846950015344529 11.500000000000002 29.500000000000004 30.500000000000004 1.0000000180025095e-35 23.500000000000004 12.820050767804002 25.347602214538849 20.017857142857146 22034.500000000004 3.5000000000000004
decision_type=2 2 2 2 2 2 2 2 2 2 2 2 2 2 2 2 2 2 2 2 2 2
left_child=2 3 -1 4 -2 18 7 8 -7 12 11 -11 17 15 -15 -4 -8 -6 19 -3 -17 -14
right_child=1 5 13 -5 9 6 16 -9 -10 10 -12 -13 21 14 -16 20 -18 -19 -20 -21 -22 -23
leaf_value=-0.19273546622050325 -0.025277531589835527 0.0078949907483305912 -0.075038802400609284 0.31857491929459397 -0.0032079882300624064 0.16619716146315197 0.071480089379590078 0.34078236868001299 0.35306021827794304 0.10033207470757717 0.19477584568692052 -0.061272750757555436 0.013269641546521506 0.084337869870657195 -0.070366990969434245 0.23109587367817783 0.16163860568572433 0.080732713499429246 -0.021098125156155275 0.15070885358851507 -0.032010399475334683 -0.089503173671204111
leaf_weight=8189 1155 86 3296 90 404 179 275 52 78 80 258 152 951 86 72 77 111 641 191 90 414 288
leaf_count=8189 1155 86 3296 90 404 179 275 52 78 80 258 152 951 86 72 77 111 641 191 90 414 288
internal_value=-0.00166463 0.00121392 -0.00287145 0.000570576 0.000423487 0.00361809 0.00465 0.00697771 0.00531679 0.000920654 0.00272222 0 0.000521406 -0.00178987 0.00143865 -0.00193091 0.00267647 0.0015 0.00158064 0.0036547 -0.000112904 -0.000292605
internal_weight=17215 5081 12134 4019 3929 1062 695 309 257 2774 490 232 2284 3945 158 3787 386 1045 367 176 491 1239
internal_count=17215 5081 12134 4019 3929 1062 695 309 257 2774 490 232 2284 3945 158 3787 386 1045 367 176 491 1239
is_linear=0
shrinkage=0.035


Tree=36
num_leaves=23
num_cat=0
split_feature=0 7 16 9 16 20 21 18 20 1 20 21 20 20 0 17 20 20 4 20 5 20
split_gain=46.6433 6.99176 6.5648 5.15973 2.84274 1.94584 2.91867 2.63516 4.38985 1.7154 1.70578 1.51646 1.50923 3.78989 3.26957 1.74486 1.26805 3.13127 2.3192 1.25423 1.18118 1.17834
threshold=9.6803634230888118 15.287460124205923 1.0000000180025095e-35 4.6726190476190483 1.0000000180025095e-35 25.500000000000004 2.5000000000000004 1.0000000180025095e-35 29.500000000000004 23.023809523809529 29.500000000000004 3.5000000000000004 11.500000000000002 6.5000000000000009 22.797540755617458 1.0000000180025095e-35 6.5000000000000009 11.500000000000002 8.9846950015344529 23.500000000000004 6.9966807769941894 18.500000000000004
decision_type=2 2 2 2 2 2 2 2 2 2 2 2 2 2 2 2 2 2 2 2 2 2
left_child=3 10 5 -1 -5 12 -7 8 11 -4 16 -8 13 -3 -15 -16 -2 18 -18 -19 21 -14
right_child=1 2 9 4 -6 6 7 -9 -10 -11 -12 -13 20 14 15 -17 17 19 -20 -21 -22 -23
leaf_value=-0.18598972490278565 -0.097628945274639389 0.023419020379956319 0.57007926529466868 -0.068094372622835284 0.086768794962898424 0.034599816668951823 0.30430805605005135 -0.041428255806716038 0.51303023747387699 0.16909289692888671 0.11355408042561331 0.062940592423092537 0.01591153502502525 0.099902165854650837 0.40187011225049651 0.083823301306701015 -0.011421362128746275 -0.064328133224973508 0.091299574946100845 0.0061181528217669843 -0.0010090149311675974 0.11875893199305253
leaf_weight=8064 446 788 82 3467 63 225 61 56 50 68 106 84 112 309 135 52 203 793 224 489 1051 59
leaf_count=8064 446 788 82 3467 63 225 61 56 50 68 106 84 112 309 135 52 203 793 224 489 1051 59
internal_value=-0.00166679 0.00101927 0.00208973 -0.00291762 -0.00178713 0.00171426 0.00377651 0.00634375 0.008225 0.00914516 -0.000457194 0.00466667 0.00130884 0.00214779 0.00453393 0.00816667 -0.000680556 -0.00023279 0.00233333 -0.00110684 0.000407905 0.0030625
internal_weight=16987 5393 3132 11594 3530 2982 476 251 195 150 2261 145 2506 1284 496 187 2155 1709 427 1282 1222 171
internal_count=16987 5393 3132 11594 3530 2982 476 251 195 150 2261 145 2506 1284 496 187 2155 1709 427 1282 1222 171
is_linear=0
shrinkage=0.035


Tree=37
num_leaves=23
num_cat=0
split_feature=9 9 16 20 21 21 18 3 20 4 20 16 22 21 20 21 25 20 20 4 18 2
split_gain=43.615 9.48482 5.20724 2.6086 5.4077 4.60183 11.1559 1.96635 2.47219 2.03355 2.69665 1.55663 1.34863 1.21114 1.18658 2.2194 1.17582 1.16975 3.3182 1.3922 1.22689 1.11127
threshold=12.913192184546258 4.6726190476190483 1.0000000180025095e-35 27.500000000000004 2.5000000000000004 3.5000000000000004 1.0000000180025095e-35 20.017857142857146 13.500000000000002 11.946428571428573 6.5000000000000009 1.0000000180025095e-35 25082.000000000004 3.5000000000000004 29.500000000000004 2.5000000000000004 200.00000000000003 11.500000000000002 8.5000000000000018 8.8679328204572201 1.0000000180025095e-35 9.5790246797893861
decision_type=2 2 2 2 2 2 2 2 2 2 2 2 2 2 2 2 2 2 2 2 2 2
left_child=1 -1 3 7 -5 6 -6 21 9 -9 -11 14 -12 -10 17 -16 -4 18 20 -20 -3 -2
right_child=2 11 16 4 5 -7 -8 8 13 10 12 -13 -14 -15 15 -17 -18 -19 19 -21 -22 -23
leaf_value=-0.17948008453118813 -0.050794832640369422 -0.078097001495941329 0.56908909791379902 -0.032683943418009127 0.53015147288880005 0.11362208826136731 0.016182056736914037 -0.039039897807148928 0.05459877786838159 0.061065846411929338 0.33413118994791513 0.059648083407975463 0.11400194140370663 -0.050057304241046353 -0.090241496608899491 0.077411651610287735 0.11588246931706456 -0.069783454001803705 -0.0027408642706128199 0.069795036959007933 0.035614705337964361 0.021746391768853072
leaf_weight=8155 250 1272 75 172 61 93 57 107 384 262 198 156 78 228 78 105 83 2549 286 178 232 1997
leaf_count=8155 250 1272 75 172 61 93 57 107 384 262 198 156 78 228 78 105 83 2549 286 178 232 1997
internal_value=-0.00165779 -0.0026449 0.00151234 0.0012482 0.00398711 0.00768055 0.0121504 0.000938586 0.00204675 0.00355385 0.00442818 -0.00141195 0.00683808 0.0004141 -0.00152869 0.00115425 0.00766564 -0.00164242 -0.000980994 0.00157463 -0.00178363 0.000307726
internal_weight=17056 13011 4045 3887 383 211 118 3504 1257 645 538 4856 276 612 4700 183 158 4517 1968 464 1504 2247
internal_count=17056 13011 4045 3887 383 211 118 3504 1257 645 538 4856 276 612 4700 183 158 4517 1968 464 1504 2247
is_linear=0
shrinkage=0.035


Tree=38
num_leaves=23
num_cat=0
split_feature=9 16 9 7 2 20 21 18 21 20 21 21 20 20 6 0 20 6 21 20 11 20
split_gain=41.9745 6.58602 4.8974 4.77359 1.87696 1.74752 4.65079 3.60418 9.77969 1.45324 1.7045 2.36099 1.24714 3.13907 2.98972 2.17836 2.55435 1.35973 1.27468 1.24307 1.01595 0.955403
threshold=9.3119999834269809 1.0000000180025095e-35 4.0416958810886738 15.287460124205923 20.983158914892449 27.500000000000004 2.5000000000000004 1.0000000180025095e-35 3.5000000000000004 27.500000000000004 2.5000000000000004 3.5000000000000004 11.500000000000002 6.5000000000000009 8.9846950015344529 22.797540755617458 9.5000000000000018 25.102403528914756 1.5000000000000002 18.500000000000004 4.7832124016314586 27.500000000000004
decision_type=2 2 2 2 2 2 2 2 2 2 2 2 2 2 2 2 2 2 2 2 2 2
left_child=2 3 -1 9 20 12 -7 8 -8 -2 -11 -12 13 -5 -15 17 -17 -16 19 -14 -3 -4
right_child=1 4 21 5 -6 6 7 -9 -10 10 11 -13 18 14 15 16 -18 -19 -20 -21 -22 -23
leaf_value=-0.17319828157259659 -0.027337009345890947 0.18018974973122667 -0.067586720384725546 0.023717292426897331 0.59482867411583351 -0.027846694677895887 0.36549684975591201 -0.054296256399796128 0.13830397758946009 -0.045895964976485737 0.14775047320781137 -0.0092175473852413366 -0.020256748501579144 -0.02910830012538948 0.16374340391826014 0.44510432821196244 0.09243543892017772 -0.0062704796239746478 -0.003256475772339347 0.13283417095675154 0.10735856046817951 -0.00096266804185020296
leaf_weight=8011 2193 58 3124 803 70 136 52 52 73 86 69 66 118 100 147 83 84 107 1132 167 94 336
leaf_count=8011 2193 58 3124 803 70 136 52 52 73 86 69 66 118 100 147 83 84 107 1132 167 94 336
internal_value=-0.00162828 0.000826601 -0.00284733 0.000580028 0.00667621 0.0015 0.00398428 0.00765385 0.0107692 -0.000577306 0.00207522 0.0045 0.0012032 0.0019778 0.00408555 0.00537324 0.00850581 0.00312162 0.000462728 0.00253448 0.00407962 -0.00173232
internal_weight=17161 5690 11471 5468 222 3054 313 177 125 2414 221 135 2741 1324 521 421 167 254 1417 285 152 3460
internal_count=17161 5690 11471 5468 222 3054 313 177 125 2414 221 135 2741 1324 521 421 167 254 1417 285 152 3460
is_linear=0
shrinkage=0.035


Tree=39
num_leaves=23
num_cat=0
split_feature=9 9 16 3 4 20 20 20 1 0 20 12 3 1 3 16 10 20 21 20 20 20
split_gain=44.0058 6.29398 5.47403 4.22311 2.3793 2.11074 2.54437 4.0962 2.19159 1.87132 1.8287 1.74123 1.47634 1.43259 1.54881 1.25312 1.14238 1.05117 3.35585 1.02672 0.971391 1.98243
threshold=10.507034530153202 4.0416958810886738 1.0000000180025095e-35 13.508154244475653 11.946428571428573 29.500000000000004 11.500000000000002 6.5000000000000009 24.170466578992038 22.797540755617458 18.500000000000004 4.7067887882309707 26.94184716045481 26.068648301856552 17.961864802538603 1.0000000180025095e-35 5.186980037050648 2.5000000000000004 3.5000000000000004 27.500000000000004 11.500000000000002 6.5000000000000009
decision_type=2 2 2 2 2 2 2 2 2 2 2 2 2 2 2 2 2 2 2 2 2 2
left_child=1 -1 3 16 -5 6 7 17 -7 11 -8 -9 -13 14 -4 19 -2 18 -6 20 21 -3
right_child=2 15 13 4 5 8 10 9 -10 -11 -12 12 -14 -15 -16 -17 -18 -19 -20 -21 -22 -23
leaf_value=-0.16713634171755568 -0.024894263125752616 -0.092901884739773413 0.2115384602800513 -0.013361398766477859 0.11236703724287614 0.40906193555346032 -0.016997909474997661 0.20147520381017786 0.09499432121728929 0.31047433955938397 0.072956171041127074 0.039021054825944777 0.13641118288151374 0.10164331447714989 0.22611992422816207 0.036512416003665317 0.022148711723616706 0.0043663846650863402 -0.10353895403586137 -0.0019069452487249696 -0.095903113477507504 0.0043477452608920988
leaf_weight=7970 1153 1015 92 577 81 56 558 55 45 155 859 170 59 62 50 132 547 380 72 396 1875 719
leaf_count=7970 1153 1015 92 577 81 56 558 55 45 155 859 170 59 62 50 132 547 380 72 396 1875 719
internal_value=-0.00161304 -0.00275157 0.00115635 0.000908004 0.00168392 0.00215331 0.00192398 0.00330655 0.00706604 0.0058018 0.000954992 0.00388754 0.00233333 0.00671531 0.00864286 -0.00163255 -0.000482406 0.00118401 0.00358861 -0.00174564 -0.0019311 -0.00130621
internal_weight=17078 12107 4971 4767 3067 2490 2389 972 101 439 1417 284 229 204 142 4137 1700 533 153 4005 3609 1734
internal_count=17078 12107 4971 4767 3067 2490 2389 972 101 439 1417 284 229 204 142 4137 1700 533 153 4005 3609 1734
is_linear=0
shrinkage=0.035


Tree=40
num_leaves=23
num_cat=0
split_feature=9 9 9 16 25 16 3 16 7 4 22 2 8 18 12 0 9 8 0 1 0 1
split_gain=39.5357 6.01568 5.40044 3.19842 1.93291 1.61836 1.54823 1.70931 1.10895 1.07166 0.969468 0.898168 0.88001 1.05493 0.8655 0.956556 0.826446 1.2215 0.813412 0.861441 0.807319 0.753378
threshold=9.3119999834269809 18.326530612244905 4.0416958810886738 1.0000000180025095e-35 210.50000000000003 1.0000000180025095e-35 11.852133989485408 1.0000000180025095e-35 7.1428757783484729 10.946439606378263 43337.000000000007 11.852133989485408 5.7074308839208543 1.0000000180025095e-35 5.066988080494923 38.009217265204406 23.21552486850624 19.185645220602812 11.852133989485408 5.8224789915966388 17.903471131289511 26.94184716045481
decision_type=2 2 2 2 2 2 2 2 2 2 2 2 2 2 2 2 2 2 2 2 2 2
left_child=2 6 -1 4 11 12 7 -2 -7 -8 -11 -3 13 -4 -13 16 17 20 -14 -20 -16 -5
right_child=1 3 5 21 -6 8 9 -9 -10 10 -12 14 18 -15 15 -17 -18 -19 19 -21 -22 -23
leaf_value=-0.16128656975744127 -0.034346445021439929 -0.051053902854931534 -0.046063751681648571 0.26324381053751339 0.02564047063410042 0.083369135808469524 -0.02127864994335877 0.15476591424865765 -0.052831570392839977 0.052180310386488432 -0.008658206119014961 0.17219524506825343 -0.081658231632092571 0.066636825481924858 0.32075365743664086 0.31887199541157768 0.081767928937277037 0.028065553756944049 0.048485394504311267 -0.060781471951359085 0.053550449419607661 0.10849478768008163
leaf_weight=7941 1473 66 514 59 813 45 645 54 71 843 450 83 2386 161 56 50 537 453 48 221 51 53
leaf_count=7941 1473 66 514 59 813 45 645 54 71 843 450 83 2386 161 56 50 537 453 48 221 51 53
internal_value=-0.00162478 0.000755842 -0.00281487 0.0021761 0.00184768 -0.00164402 -0.000151298 -0.000986946 0.00228512 0.00049897 0.00108397 0.00268755 -0.00178936 -0.000617648 0.00290486 0.00260677 0.00234392 0.00133186 -0.00207895 -0.000178833 0.004625 0.00786752
internal_weight=17073 5686 11387 2221 2109 3446 3465 1527 116 1938 1293 1296 3330 675 1230 1147 1097 560 2655 269 107 112
internal_count=17073 5686 11387 2221 2109 3446 3465 1527 116 1938 1293 1296 3330 675 1230 1147 1097 560 2655 269 107 112
is_linear=0
shrinkage=0.035


Tree=41
num_leaves=23
num_cat=0
split_feature=9 9 9 0 20 21 20 4 20 3 18 8 8 20 20 21 6 18 20 1 2 26
split_gain=41.6325 7.61301 3.56803 2.33699 1.87806 2.50261 2.10532 2.31334 2.25541 2.14371 1.14895 1.3024 1.13428 1.11502 2.78398 1.67343 3.24551 1.52974 1.13091 1.04426 1.03133 1.00046
threshold=8.1809193133760143 18.326530612244905 3.948684210526316 16.987659160272365 25.500000000000004 2.5000000000000004 11.500000000000002 11.946428571428573 7.5000000000000009 25.102403528914756 1.0000000180025095e-35 5.7074308839208543 21.430095938821676 6.5000000000000009 11.500000000000002 1.5000000000000002 11.946428571428573 1.0000000180025095e-35 23.500000000000004 14.999072958688698 20.017857142857146 1.0000000180025095e-35
decision_type=2 2 2 2 2 2 2 2 2 2 2 2 2 2 2 2 2 2 2 2 2 2
left_child=2 3 -1 13 6 20 7 -3 9 -9 -4 -12 -10 -2 15 -15 17 -17 -16 -5 -6 -7
right_child=1 4 10 19 5 21 -8 8 12 -11 11 -13 -14 14 18 16 -18 -19 -20 -21 -22 -23
leaf_value=-0.15564153981593079 -0.067870960059600957 -0.0052917148756674711 -0.076568311385122406 0.080330316243775207 0.10354998362424371 0.18851951227344962 0.020586311160811884 0.032333950501531393 0.20135082505579879 0.11585606990551738 0.067137944314756948 -0.049400723712138467 0.32636911878597452 -0.085024890018723098 -0.054986663150032415 0.14045045736154352 0.020446453779911285 0.073392421527139429 0.0042861536992727265 0.015719961928820726 -0.057629300237651067 0.34572793568766497
leaf_weight=7912 769 241 2342 365 48 134 959 329 67 152 176 214 166 152 1266 90 269 68 733 508 77 79
leaf_count=7912 769 241 2342 365 48 134 959 329 67 152 176 214 166 152 1266 90 269 68 733 508 77 79
internal_value=-0.00161518 0.000596031 -0.00296098 -0.000277516 0.0022377 0.00466326 0.00178921 0.00295312 0.00394784 0.00247737 -0.00185038 -4.43046e-05 0.00679412 -0.000701671 -0.000342819 0.00177397 0.00290046 0.00680675 -0.000967566 0.00132346 0.000538461 0.00693578
internal_weight=17116 6472 10644 4220 2252 338 1914 955 714 481 2732 390 233 3347 2578 579 427 158 1999 873 125 213
internal_count=17116 6472 10644 4220 2252 338 1914 955 714 481 2732 390 233 3347 2578 579 427 158 1999 873 125 213
is_linear=0
shrinkage=0.035


Tree=42
num_leaves=23
num_cat=0
split_feature=0 9 9 20 0 20 6 20 6 20 20 4 20 12 20 11 6 3 20 0 8 20
split_gain=40.6994 6.00195 4.79636 1.9306 2.18382 1.87851 2.65299 2.40733 2.0488 1.6686 4.80501 2.37517 1.63621 1.94805 1.59479 1.7461 1.51479 1.38945 1.38059 1.14045 1.12706 0.89173
threshold=8.942279580511066 16.752241043269517 4.0416958810886738 27.500000000000004 28.125319265124826 11.500000000000002 6.9747745027976142 6.5000000000000009 25.102403528914756 6.5000000000000009 10.500000000000002 7.9732713418271493 23.500000000000004 7.6109599464759841 4.5000000000000009 7.1436648350354597 12.820050767804002 22.797540755617458 28.500000000000004 13.508154244475653 22.441918903834296 30.500000000000004
decision_type=2 2 2 2 2 2 2 2 2 2 2 2 2 2 2 2 2 2 2 2 2 2
left_child=2 9 -1 5 18 6 -3 14 -9 -2 11 -11 13 -12 15 17 19 -8 -5 -13 -10 -14
right_child=1 3 -4 4 -6 -7 7 8 20 10 12 16 21 -15 -16 -17 -18 -19 -20 -21 -22 -23
leaf_value=-0.15019408592237318 -0.068761862481185959 -0.012776333224507328 -0.055226381393741454 0.2502033644045647 0.51203527962205575 0.028615999358291705 0.086690498266255273 0.27451108272566077 -0.022603432410087356 0.016238666438597581 -0.056301422663939567 0.059924468049292752 0.029567193432389342 0.083673439759191767 -0.024641591274730642 0.0039146687187966633 0.084275302398912191 0.12356065222749368 0.03497659909875412 0.30566731103922268 0.26073156995180852 -0.079848217332116236
leaf_weight=7919 717 244 3221 74 57 1399 153 229 78 194 1173 69 660 48 167 137 127 66 157 52 76 66
leaf_count=7919 717 244 3221 74 57 1399 153 229 78 194 1173 69 660 48 167 137 127 66 157 52 76 66
internal_value=-0.0016054 0.000730833 -0.00285307 0.00189409 0.00462287 0.00157048 0.00262121 0.00349232 0.00561082 -0.000327388 0.00011111 0.00339038 -0.000631148 -0.00141599 0.00186932 0.00318975 0.00563043 0.00509375 0.00287712 0.00844444 0.00222327 0.000665526
internal_weight=17083 5943 11140 2837 288 2549 1150 906 383 3106 2389 442 1947 1221 523 356 248 219 231 121 154 726
internal_count=17083 5943 11140 2837 288 2549 1150 906 383 3106 2389 442 1947 1221 523 356 248 219 231 121 154 726
is_linear=0
shrinkage=0.035


Tree=43
num_leaves=23
num_cat=0
split_feature=0 9 3 16 16 20 20 20 20 6 20 12 3 3 3 20 8 6 20 20 4 6
split_gain=37.0677 5.089 5.06626 3.69307 2.51095 1.98536 5.63064 2.39972 2.81987 2.71971 1.92628 1.85649 1.55711 1.48137 1.29373 1.24308 1.03899 1.70833 0.892843 2.2588 1.24315 1.43227
threshold=8.942279580511066 4.0416958810886738 11.852133989485408 1.0000000180025095e-35 1.0000000180025095e-35 29.500000000000004 30.500000000000004 11.500000000000002 6.5000000000000009 5.9680479807034317 23.500000000000004 7.7116519410830922 20.017857142857146 8.1342290082565736 27.944847149584415 1.5000000000000002 24.51467325084613 25.102403528914756 5.5000000000000009 11.500000000000002 8.9846950015344529 11.946428571428573
decision_type=2 2 2 2 2 2 2 2 2 2 2 2 2 2 2 2 2 2 2 2 2 2
left_child=1 -1 11 15 5 7 -7 8 14 -10 -9 18 -6 -13 -4 -3 17 -11 -2 20 -20 -22
right_child=2 3 4 -5 12 6 -8 10 9 16 -12 13 -14 -15 -16 -17 -18 -19 19 -21 21 -23
leaf_value=-0.14493729291509008 -0.085842504034886524 0.059012300464696327 -0.0061921882445737922 0.10262073113910572 0.15501576282643917 0.33506858011341345 -0.10798286399547849 -0.014704762610508564 -0.08057465559125776 0.16070738972538834 0.069990036796995905 0.15035748501184812 0.18469721737328534 -0.012648298844076889 0.058138178463554312 -0.062478446205600842 0.32948173106306622 -0.0041611111640814519 -0.00077149214389334443 -0.042269109682142307 0.11302071302342216 0.010941051440038416
leaf_weight=7911 478 201 653 68 83 94 67 1343 119 356 641 73 67 58 94 2907 97 109 251 1186 96 76
leaf_count=7911 478 201 653 68 83 94 67 1343 119 356 641 73 67 58 94 2907 97 109 251 1186 96 76
internal_value=-0.00165476 -0.00284998 0.000573326 -0.00165153 0.0013632 0.00116601 0.00493373 0.000976148 0.00206874 0.00369388 0.000177727 -0.000744715 0.00575806 0.00319118 0.000549201 -0.00183601 0.00470988 0.00387234 -0.00100717 -0.000594177 0.00157009 0.00381638
internal_weight=17028 11087 5941 3176 3723 3573 161 3412 1428 681 1984 2218 150 131 747 3108 562 465 2087 1609 423 172
internal_count=17028 11087 5941 3176 3723 3573 161 3412 1428 681 1984 2218 150 131 747 3108 562 465 2087 1609 423 172
is_linear=0
shrinkage=0.035


Tree=44
num_leaves=23
num_cat=0
split_feature=8 8 7 16 20 20 20 21 1 16 3 25 25 10 12 1 20 4 20 0 7 7
split_gain=33.4394 5.55896 5.5541 3.87558 2.62774 4.65621 2.3318 2.78443 1.83044 1.52515 1.37061 1.14857 1.04535 1.03348 1.01735 1.10449 0.905487 0.981188 1.3026 0.861433 0.802527 1.0861
threshold=8.9736488350169576 15.00474509636665 3.2832056170816677 1.0000000180025095e-35 29.500000000000004 30.500000000000004 29.500000000000004 2.5000000000000004 30.236721569975128 1.0000000180025095e-35 17.961864802538603 142.00000000000003 200.00000000000003 2.5009103099610894 8.6219335438479856 19.010370193622947 11.500000000000002 11.946428571428573 6.5000000000000009 20.983158914892449 14.432142857142859 21.16836734693878
decision_type=2 2 2 2 2 2 2 2 2 2 2 2 2 2 2 2 2 2 2 2 2 2
left_child=2 11 -1 4 12 -6 9 -8 10 -4 -5 -2 14 -11 16 -16 17 -3 -19 -17 -14 -22
right_child=1 3 6 8 5 -7 7 -9 -10 13 -12 -13 20 -15 15 19 -18 18 -20 -21 21 -23
leaf_value=-0.13986448766306195 0.108026699840354 -0.031001902647703951 -0.069864487663061942 0.22816365206582032 0.40078237932007282 -0.17886880152908635 -0.084140587016031429 0.075358584486258637 0.013307035285876914 0.068049133224692471 0.50093559952256894 -0.020092882190821365 -0.082254745183005379 -0.0496103213713327 0.16429205434913791 -0.026760462414673759 0.010363384902937362 0.026366500446930733 0.25958378089849043 0.099418117147258331 0.045725354124092572 -0.027229405170632815
leaf_weight=6777 55 103 4029 50 75 46 68 105 46 76 53 2479 115 83 159 99 616 194 154 187 1126 381
leaf_count=6777 55 103 4029 50 75 46 68 105 46 76 53 2479 115 83 159 99 616 194 154 187 1126 381
internal_value=-0.00154315 0.000575382 -0.00267392 0.0015 0.00123466 0.00622222 -0.00168827 0.00220225 0.00695454 -0.00185559 0.00946296 -0.0006603 0.00102692 0.00140854 0.00169117 0.00311111 0.00107089 0.00225658 0.00314306 0.00167182 0.000393668 0.00062037
internal_weight=17076 5938 11138 3404 3255 121 4361 173 149 4188 103 2534 3134 159 1512 445 1067 451 348 286 1622 1507
internal_count=17076 5938 11138 3404 3255 121 4361 173 149 4188 103 2534 3134 159 1512 445 1067 451 348 286 1622 1507
is_linear=0
shrinkage=0.035


Tree=45
num_leaves=23
num_cat=0
split_feature=0 9 9 16 16 22 22 2 0 0 4 11 10 3 10 11 4 6 4 9 6 1
split_gain=32.998 4.7159 4.18904 3.42158 1.8067 1.50076 1.11298 1.06643 1.11729 0.998147 0.820538 0.989778 1.05485 0.770758 0.765111 1.19175 0.742617 1.30907 0.734278 0.801641 0.717178 0.886587
threshold=8.942279580511066 16.752241043269517 2.8534761695782813 1.0000000180025095e-35 1.0000000180025095e-35 16785.000000000004 43337.000000000007 37.207737944866089 39.500000000000007 16.987659160272365 11.946428571428573 3.9922259731430594 3.1097980920169617 20.017857142857146 4.9904671028634136 5.8981374247622407 15.817284863354631 17.033107411818296 28.125319265124826 19.456489997302601 6.4983898488706355 14.999072958688698
decision_type=2 2 2 2 2 2 2 2 2 2 2 2 2 2 2 2 2 2 2 2 2 2
left_child=2 9 -1 7 -4 -5 -6 8 10 -2 -3 12 -12 -13 -15 -16 17 -17 19 -18 -11 -22
right_child=1 3 4 5 6 -7 -8 -9 -10 20 11 13 -14 14 15 16 18 -19 -20 -21 21 -23
leaf_value=-0.13496923059485477 -0.020892204466676279 -0.0029710877784476573 -0.067415028091690615 0.40594319212272589 -0.0090730050841345382 0.12264035437207321 0.11769029952086117 -0.051197696238653764 0.46835926356405988 -0.0055133399617913349 -0.050045798858410817 0.0270849294927526 0.1975076512618458 0.011507149884961373 0.10424393733618814 -0.00029774384974883374 0.057518410930262123 0.27093166815086045 0.10501361438126768 -0.007918732282314711 0.11797151770626768 -0.010389207610188616
leaf_weight=6127 2587 390 4863 47 82 76 46 121 47 161 45 1056 118 279 156 52 51 48 98 260 207 183
leaf_count=6127 2587 390 4863 47 82 76 46 121 47 161 45 1056 118 279 156 52 51 48 98 260 207 183
internal_value=-0.00158886 0.000504509 -0.00271649 0.00153685 -0.00195176 0.00716406 0.00202631 0.00126339 0.00141747 -0.000426504 0.00130258 0.00156919 0.00420833 0.00133541 0.00206902 0.00271642 0.00181128 0.0045 0.00106522 0.000155062 0.000906474 0.00172785
internal_weight=17100 5982 11118 2844 4991 123 128 2721 2600 3138 2553 2163 163 2000 944 665 509 100 409 311 551 390
internal_count=17100 5982 11118 2844 4991 123 128 2721 2600 3138 2553 2163 163 2000 944 665 509 100 409 311 551 390
is_linear=0
shrinkage=0.035


Tree=46
num_leaves=23
num_cat=0
split_feature=9 7 9 16 18 20 20 20 4 2 20 4 20 20 1 20 20 0 20 6 6 1
split_gain=33.4513 4.81406 3.81994 2.76609 1.47239 1.42089 2.3663 1.96416 1.52504 1.32202 1.20068 1.17985 1.68866 2.06493 1.89231 1.80642 1.41183 1.07045 2.05283 1.04239 0.935351 0.864737
threshold=8.1809193133760143 15.287460124205923 2.8534761695782813 1.0000000180025095e-35 1.0000000180025095e-35 6.5000000000000009 11.500000000000002 22.500000000000004 7.3463985739894344 20.983158914892449 27.500000000000004 11.672176208872775 11.500000000000002 25.500000000000004 14.999072958688698 6.5000000000000009 2.5000000000000004 22.797540755617458 9.5000000000000018 13.053571428571431 25.102403528914756 17.903471131289511
decision_type=2 2 2 2 2 2 2 2 2 2 2 2 2 2 2 2 2 2 2 2 2 2
left_child=2 5 -1 11 10 -2 8 -8 -7 -5 -4 -3 15 -14 -15 16 21 20 -19 -10 -17 -13
right_child=1 3 4 9 -6 6 7 -9 19 -11 -12 12 13 14 -16 17 -18 18 -20 -21 -22 -23
leaf_value=-0.13024530752403485 -0.071307795108630501 -0.0065948261295735965 -0.070985182141145714 0.10923844361116074 -0.027439264054789424 -0.012051005389158719 -0.05645181685722183 0.0072764098949741887 0.12026854854363754 0.56911553941815751 -0.0001425121368717708 0.0013057511256177668 -0.006021794835821717 0.21815141139066965 0.06772063188785668 0.13137662352853088 -0.00058531840261658009 0.36626769030080597 0.11286601198394994 0.048901142679144395 -0.013270559178816874 0.10717627230995277
leaf_weight=6162 652 600 3515 87 574 259 1134 897 188 64 378 58 1127 56 389 143 364 83 90 140 87 127
leaf_count=6162 652 600 3515 87 574 259 1134 897 188 64 378 58 1127 56 389 143 364 83 90 140 87 127
internal_value=-0.00157061 0.000395419 -0.00278249 0.00134451 -0.00198949 -0.000550383 -0.000177469 -0.00074951 0.00176182 0.00592308 -0.00223397 0.0011085 0.00144069 0.000716867 0.00272222 0.00260763 0.00123827 0.00439216 0.00652809 0.00333183 0.00260638 0.00368421
internal_weight=17174 6545 10629 3275 4467 3270 2618 2031 587 151 3893 3124 2524 1572 445 952 549 403 173 328 230 185
internal_count=17174 6545 10629 3275 4467 3270 2618 2031 587 151 3893 3124 2524 1572 445 952 549 403 173 328 230 185
is_linear=0
shrinkage=0.035


Tree=47
num_leaves=23
num_cat=0
split_feature=9 9 9 20 21 18 20 21 16 21 20 20 6 22 1 8 3 16 11 4 20 20
split_gain=30.7316 4.45687 4.22905 1.95645 2.50333 1.74275 1.66322 3.25397 1.43394 1.4075 1.05275 1.46744 1.66849 1.01874 1.00694 0.977612 0.889129 1.35437 1.08299 2.00401 0.797131 0.767535
threshold=8.1809193133760143 3.5225426318622999 18.326530612244905 26.500000000000004 2.5000000000000004 1.0000000180025095e-35 29.500000000000004 2.5000000000000004 1.0000000180025095e-35 3.5000000000000004 11.500000000000002 7.5000000000000009 9.9933189851049971 17236.500000000004 15.022525042907136 21.430095938821676 13.508154244475653 1.0000000180025095e-35 4.8321760172065948 15.411663809346749 27.500000000000004 18.500000000000004
decision_type=2 2 2 2 2 2 2 2 2 2 2 2 2 2 2 2 2 2 2 2 2 2
left_child=1 -1 6 8 -5 20 16 -8 10 -6 11 -4 -13 -7 -9 -14 17 -2 19 -18 -3 -12
right_child=2 5 3 4 9 13 7 14 -10 -11 21 12 15 -15 -16 -17 18 -19 -20 -21 -22 -23
leaf_value=-0.12568672176069362 -0.027614523838080846 -0.066301298173309223 0.021244471419662726 0.0026223925703195311 0.32162747137944903 0.39871202259430866 -0.054337053565746751 0.11338136368022485 0.12982386764285592 0.094445606418074771 -0.037276837125528067 -0.055214484243237133 0.14468265152050303 -0.025426555516235478 0.16121232158633206 0.28877073594319713 -0.0072807056514739808 0.11528328099442067 -0.019345684179884623 0.095542803298585111 -0.0039760291835746701 0.032277021643067234
leaf_weight=7471 2486 2459 603 108 89 55 74 46 100 86 467 56 73 378 46 151 572 81 692 223 270 511
leaf_count=7471 2486 2459 603 108 89 55 74 46 100 86 467 56 73 378 46 151 572 81 692 223 270 511
internal_value=-0.00157011 -0.00272683 0.000330576 0.0015578 0.00427778 -0.0016102 -0.000318936 0.00304971 0.00114649 0.00680555 0.000907823 0.00178153 0.00386842 0.000415524 0.00732474 0.00521179 -0.00046477 -0.000860032 0.000206433 0.00109375 -0.00193819 9.61335e-05
internal_weight=17097 10633 6464 2244 283 3162 4220 166 1961 175 1861 883 280 433 92 224 4054 2567 1487 795 2729 978
internal_count=17097 10633 6464 2244 283 3162 4220 166 1961 175 1861 883 280 433 92 224 4054 2567 1487 795 2729 978
is_linear=0
shrinkage=0.035


Tree=48
num_leaves=23
num_cat=0
split_feature=0 9 7 16 16 25 1 12 16 8 8 18 25 6 11 1 0 10 6 3 6 21
split_gain=31.4349 4.80342 4.20421 2.42824 1.35584 1.07948 1.05383 1.29394 1.00341 1.40416 0.744572 1.00456 0.75249 0.738872 0.840747 1.07216 0.751077 0.932696 0.719609 0.838627 0.705111 0.81623
threshold=8.942279580511066 3.7866219275002684 15.144304018203366 1.0000000180025095e-35 1.0000000180025095e-35 106.50000000000001 29.073923966709916 6.3950488628745097 1.0000000180025095e-35 2.6729746842843949 5.7074308839208543 1.0000000180025095e-35 499.50000000000006 20.696428571428573 11.447715753868545 30.236721569975128 27.062749211546333 8.4303861491954688 9.0039695662631729 14.209780574436282 9.647624358691349 3.5000000000000004
decision_type=2 2 2 2 2 2 2 2 2 2 2 2 2 2 2 2 2 2 2 2 2 2
left_child=1 8 5 10 13 -2 7 -6 -1 -10 11 -3 -13 16 15 -15 17 -4 -12 -20 -18 -22
right_child=2 3 4 -5 6 -7 -8 -9 9 -11 18 12 -14 14 -16 -17 20 -19 19 -21 21 -23
leaf_value=-0.12128768649906932 0.088921945898966764 -0.041733087873575742 0.023458592342359353 0.090900409771676641 0.14439895839835371 -0.021498462445088587 0.0049541920314087979 0.3927400980748979 -0.086287686499069316 0.046435277282704954 -0.07327909667179297 0.097956457109137696 -0.10664846133559076 0.070260687871634572 0.24383660131430099 -0.0840200009488134 -0.018543778666598905 -0.033063676180594671 -0.04454893425812103 0.018423907162206647 0.28334536458462173 0.018178776280303996
leaf_weight=7424 49 645 1473 68 50 2717 48 55 213 91 1945 134 45 857 63 96 71 352 504 90 97 91
leaf_count=7424 49 645 1473 68 50 2717 48 55 213 91 1945 134 45 857 63 96 71 352 504 90 97 91
internal_value=-0.00161994 -0.00271937 0.000416002 -0.00161554 0.0012698 -0.000582282 0.00447468 0.00636364 -0.00320581 -0.00112136 -0.00175416 -0.00079795 0.00144565 0.00109903 0.00188198 0.00157829 0.000705361 0.00043989 -0.00205543 -0.000929049 0.00246591 0.00357254
internal_weight=17178 11159 6019 3431 3253 2766 153 105 7728 304 3363 824 179 3100 1016 953 2084 1825 2539 594 259 188
internal_count=17178 11159 6019 3431 3253 2766 153 105 7728 304 3363 824 179 3100 1016 953 2084 1825 2539 594 259 188
is_linear=0
shrinkage=0.035


Tree=49
num_leaves=23
num_cat=0
split_feature=8 8 20 20 8 0 20 20 16 16 2 20 20 21 12 6 11 4 20 12 8 20
split_gain=30.4682 4.7245 3.02098 6.04109 2.59347 2.26951 1.73346 1.53247 1.38609 1.25807 1.23231 0.888767 2.32269 1.61867 1.49032 1.33101 1.14846 0.847791 1.41442 1.40253 1.19631 1.13482
threshold=8.7841199852211975 3.0003337402748032 29.500000000000004 30.500000000000004 15.00474509636665 16.987659160272365 29.500000000000004 30.500000000000004 1.0000000180025095e-35 1.0000000180025095e-35 21.965076773329255 6.5000000000000009 11.500000000000002 1.5000000000000002 7.6109599464759841 11.946428571428573 3.5121453322954688 5.2852117926282993 11.500000000000002 4.6693112497935259 21.430095938821676 7.5000000000000009
decision_type=2 2 2 2 2 2 2 2 2 2 2 2 2 2 2 2 2 2 2 2 2 2
left_child=1 -1 4 5 11 -4 9 -8 17 -3 -10 -2 13 -13 16 -15 -14 -6 19 -19 -21 -22
right_child=2 6 3 -5 8 -7 7 -9 10 -11 -12 12 14 15 -16 -17 -18 18 -20 20 21 -23
leaf_value=-0.11704261747160188 -0.062984465846591467 -0.056357344883459649 0.08811736798135178 -0.11088713436683119 -0.031644209281657787 0.40673322016419483 0.045818277294081472 -0.065028312665196902 0.090802222988847117 0.011468979182952506 0.34491403019436495 -0.063393949961356375 0.0035521942517982704 0.1088494743104504 0.075371037289091308 0.016188896314799358 -0.052739784859725782 0.20530274792840877 0.0097409455182490782 0.016507331042820331 0.035205877090886795 0.2324922131122466
leaf_weight=6586 568 4173 60 93 357 77 105 63 99 159 47 113 439 195 65 182 1052 72 1664 607 279 154
leaf_count=6586 568 4173 60 93 357 77 105 63 99 159 47 113 439 195 65 182 1052 72 1664 607 279 154
internal_value=-0.00162943 -0.0027237 0.000349542 0.00424468 0.000191081 0.00882394 -0.0018374 0.0015578 0.000848355 -0.00197475 0.00414901 -0.000626767 -0.000274745 0.00180303 -0.000943947 0.00291361 -0.00118382 0.0006826 0.000892304 0.0018581 0.00149043 0.00289269
internal_weight=17209 11086 6123 230 5893 137 4500 168 3279 4332 146 2614 2046 490 1556 377 1491 3133 2776 1112 1040 433
internal_count=17209 11086 6123 230 5893 137 4500 168 3279 4332 146 2614 2046 490 1556 377 1491 3133 2776 1112 1040 433
is_linear=0
shrinkage=0.035


Tree=50
num_leaves=23
num_cat=0
split_feature=9 9 16 20 20 20 21 18 21 20 20 21 12 7 9 16 20 22 25 9 6 7
split_gain=29.4216 6.68681 2.39832 1.48645 3.09382 1.4439 2.85093 1.64349 5.04769 1.37452 3.37524 2.18954 1.49568 1.35551 1.34123 1.9139 1.05271 1.02137 0.94615 0.887381 1.0564 1.03587
threshold=4.438070263070264 13.184377081010544 1.0000000180025095e-35 29.500000000000004 30.500000000000004 27.500000000000004 2.5000000000000004 1.0000000180025095e-35 3.5000000000000004 11.500000000000002 6.5000000000000009 1.5000000000000002 6.6698995303957984 5.4340659340659352 2.6210518539709882 1.0000000180025095e-35 29.500000000000004 16785.000000000004 200.00000000000003 7.7387393115140801 11.946428571428573 6.1445103084033788
decision_type=2 2 2 2 2 2 2 2 2 2 2 2 2 2 2 2 2 2 2 2 2 2
left_child=14 5 3 17 -5 9 -7 8 -8 10 13 -12 -11 -2 -1 16 -16 -3 -4 21 -21 -13
right_child=1 2 18 4 -6 6 7 -9 -10 12 11 19 -14 -15 15 -17 -18 -19 -20 20 -22 -23
leaf_value=-0.12196212344370376 0.042931772009443175 0.042939047217006712 0.54307666058158466 0.28289213362934845 -0.12962991234748936 -0.047913305298386839 0.095975593197842615 -0.041195760605703749 -0.003303445131970212 -0.064340990456934505 -0.0870787682758834 0.070395856089409514 0.072355199058800196 -0.069558823470188449 -0.077946125860095833 0.021183570407542065 0.012603059457361641 0.0018853934473329968 0.063363920210024113 0.10749647810881763 0.0151198909082141 -0.031133609368018521
leaf_weight=5466 196 1500 75 84 57 243 76 75 108 2424 184 122 46 1050 2462 123 91 2156 84 227 172 158
leaf_count=5466 196 1500 75 84 57 243 76 75 108 2424 184 122 46 1050 2462 123 91 2156 84 227 172 158
internal_value=-0.00157932 -0.000202058 0.000873895 0.000688584 0.00417123 -0.00104326 0.000711045 0.00326136 0.00501852 -0.00123997 -0.000569537 0.00109677 -0.00180303 -0.00173741 -0.00310476 -0.0024295 -0.002638 0.000543976 0.00503658 0.00202631 0.00308416 0.000429824
internal_weight=17179 9037 3956 3797 141 5081 502 259 184 4579 2109 863 2470 1246 8142 2676 2553 3656 159 679 399 280
internal_count=17179 9037 3956 3797 141 5081 502 259 184 4579 2109 863 2470 1246 8142 2676 2553 3656 159 679 399 280
is_linear=0
shrinkage=0.035


Tree=51
num_leaves=23
num_cat=0
split_feature=9 7 16 6 8 0 9 0 22 3 16 12 2 9 22 12 10 5 10 7 0 10
split_gain=29.7912 7.82286 1.68515 1.3466 1.49214 1.33179 1.15714 1.14096 1.12633 0.994992 0.941543 0.940647 0.815935 1.39323 0.991181 0.806489 0.797008 0.99436 0.986022 0.877286 1.45809 1.42019
threshold=4.6726190476190483 15.287460124205923 1.0000000180025095e-35 8.0097912782270964 5.7074308839208543 8.942279580511066 2.8534761695782813 9.9001120243386893 16785.000000000004 13.508154244475653 1.0000000180025095e-35 3.6953245151698315 15.950345293025352 20.895292207792213 6498.5000000000009 7.3749677635316191 8.6362431112875893 18.955902356631452 6.5246784266681539 19.149862906619465 19.556552062598733 5.087807417394191
decision_type=2 2 2 2 2 2 2 2 2 2 2 2 2 2 2 2 2 2 2 2 2 2
left_child=6 2 3 4 -2 -6 -1 -4 10 -5 12 -11 13 -3 -14 -7 17 19 -19 20 -10 -22
right_child=1 8 7 9 5 15 -8 -9 16 11 -12 -13 14 -15 -16 -17 -18 18 -20 -21 21 -23
leaf_value=-0.10867745153956619 0.0096503997115438694 0.1639652048318786 0.0680687522934353 -0.016828431869503623 -0.073386801953746084 -0.037205438159706339 -0.051308987297147793 0.012518663052807978 0.00040234500872043515 0.1062800697055018 0.35212237884592096 0.010821153532296967 -0.0084721264103604782 0.018604430572395577 0.065519543104266595 0.072348926833763386 -0.038945800422359685 0.021000269094175121 0.10411850918595153 -0.031814451994248996 0.019507164111077537 0.14364865128588489
leaf_weight=6140 437 148 61 1612 1750 1218 1972 105 457 92 56 421 392 107 886 46 328 302 113 295 82 68
leaf_count=6140 437 148 61 1612 1750 1218 1972 105 457 92 56 421 392 107 886 46 328 302 113 295 82 68
internal_value=-0.00157524 -0.000183555 -0.000960415 -0.00106675 -0.00149479 -0.00177261 -0.00311193 0.00243567 0.00118972 -0.000361503 0.00185759 0.000959459 0.0016658 0.0035 0.00127397 -0.000879827 0.000530302 0.00092133 0.00233333 0.000243108 0.00101797 0.00395161
internal_weight=17088 8976 5742 5576 3451 3014 8112 166 3234 2125 1589 513 1533 255 1278 1264 1645 1317 415 902 607 150
internal_count=17088 8976 5742 5576 3451 3014 8112 166 3234 2125 1589 513 1533 255 1278 1264 1645 1317 415 902 607 150
is_linear=0
shrinkage=0.035


Tree=52
num_leaves=23
num_cat=0
split_feature=9 9 20 20 16 0 20 21 21 18 20 20 5 16 2 6 9 20 16 18 11 18
split_gain=26.7207 6.3158 1.52512 3.21641 1.31005 1.37285 1.2014 2.28951 1.60343 4.43401 1.36821 2.55265 2.01102 1.14645 1.14052 1.0664 0.933263 1.49235 1.07506 0.893837 0.850336 0.990738
threshold=4.438070263070264 13.758622911117495 29.500000000000004 30.500000000000004 1.0000000180025095e-35 9.9001120243386893 27.500000000000004 2.5000000000000004 3.5000000000000004 1.0000000180025095e-35 11.500000000000002 6.5000000000000009 6.9966807769941894 1.0000000180025095e-35 21.965076773329255 12.820050767804002 2.4272932371031257 29.500000000000004 1.0000000180025095e-35 1.0000000180025095e-35 2.5300393082122139 1.0000000180025095e-35
decision_type=2 2 2 2 2 2 2 2 2 2 2 2 2 2 2 2 2 2 2 2 2 2
left_child=16 4 13 -4 6 -6 10 -8 9 -9 11 19 -13 -3 -15 20 -1 18 -18 -2 -14 -22
right_child=1 2 3 -5 5 -7 7 8 -10 -11 -12 12 15 14 -16 -17 17 -19 -20 -21 21 -23
leaf_value=-0.13987374073568137 -0.066123255168533471 0.02011967041805018 0.35195027531736828 -0.12412899120356194 0.1210531319604209 -0.045578023983217281 -0.045765387714200904 0.096396661661802469 -0.0040463882947699087 -0.040963359157677397 -0.059376722305029543 -0.023342039904575475 -0.020114419587988736 0.091741570527309732 0.21350323750457573 0.0084458214009071973 -0.071414300651107682 0.00099593881401376528 0.0023965716719940721 0.0503158139219975 0.12499195625610421 0.058903974585573143
leaf_weight=4840 1062 3463 85 56 62 106 237 76 106 74 2454 465 52 106 51 151 2983 123 133 163 123 90
leaf_count=4840 1062 3463 85 56 62 106 237 76 106 74 2454 465 52 106 51 151 2983 123 133 163 123 90
internal_value=-0.00152912 -0.000213031 0.000877323 0.00441096 -0.00100191 0.00196243 -0.00110577 0.000506023 0.00280268 0.00508064 -0.00128423 -0.000615112 0.000805868 0.000728965 0.00362963 0.00256888 -0.00298912 -0.00249661 -0.00264771 -0.00165041 0.00388889 0.00484862
internal_weight=17061 8982 3761 141 5221 168 5053 493 256 150 4560 2106 881 3620 157 416 8079 3239 3116 1225 265 213
internal_count=17061 8982 3761 141 5221 168 5053 493 256 150 4560 2106 881 3620 157 416 8079 3239 3116 1225 265 213
is_linear=0
shrinkage=0.035


Tree=53
num_leaves=23
num_cat=0
split_feature=9 9 20 20 25 20 21 18 21 20 20 21 12 12 20 21 1 9 20 20 10 3
split_gain=24.3424 5.7944 1.65934 3.16885 1.18791 0.936579 2.11763 1.74374 4.28136 1.00804 2.64133 1.68036 1.41947 1.15959 0.921519 2.8877 1.29177 0.90863 1.39037 0.930557 0.95451 0.805671
threshold=4.0416958810886738 13.758622911117495 29.500000000000004 30.500000000000004 233.00000000000003 27.500000000000004 2.5000000000000004 1.0000000180025095e-35 3.5000000000000004 11.500000000000002 6.5000000000000009 1.5000000000000002 6.918985069027408 2.5727776279586263 2.5000000000000004 3.5000000000000004 16.987659160272365 1.7560281505042352 29.500000000000004 30.500000000000004 1.3688469460864681 20.946428571428573
decision_type=2 2 2 2 2 2 2 2 2 2 2 2 2 2 2 2 2 2 2 2 2 2
left_child=17 5 4 -4 14 9 -7 8 -8 10 13 -12 -11 -2 15 16 -3 -1 -19 20 -20 -6
right_child=1 2 3 -5 21 6 7 -9 -10 12 11 -13 -14 -15 -16 -17 -18 18 19 -21 -22 -23
leaf_value=-0.16997815980993256 -0.0026308982689740232 0.10267247661832435 0.31982376269667884 -0.15302098351429907 -0.021472972428643634 -0.050553820257495836 0.091811102346136125 -0.047825272332136355 -0.0022702217517976391 -0.056555231633982489 -0.068806579387412248 0.039786753867027215 0.069104786905130139 -0.06422357787757571 0.031760054066977808 -0.040748118248445202 0.39653266230293677 -0.074024419226163665 -0.034798280245655046 -0.096616904152928548 0.013922921304418542 0.038422406777881821
leaf_weight=3161 358 47 90 57 1031 248 75 85 119 2590 216 738 54 943 1983 75 46 4621 46 77 73 433
leaf_count=3161 358 47 90 57 1031 248 75 85 119 2590 216 738 54 943 1983 75 46 4621 46 77 73 433
internal_value=-0.00155544 -0.000324759 0.000727501 0.00432895 0.000570441 -0.00105754 0.000315789 0.00241549 0.00423869 -0.00120901 -0.000650443 0.000733576 -0.00167667 -0.00167764 0.00109416 0.00358092 0.00757143 -0.0029695 -0.00264351 0.000156716 0.00214516 -0.000188224
internal_weight=17166 9188 3762 147 3615 5426 527 279 194 4899 2255 954 2644 1301 2151 168 93 7978 4817 196 119 1464
internal_count=17166 9188 3762 147 3615 5426 527 279 194 4899 2255 954 2644 1301 2151 168 93 7978 4817 196 119 1464
is_linear=0
shrinkage=0.035


Tree=54
num_leaves=23
num_cat=0
split_feature=9 9 16 20 21 20 21 18 21 16 15 20 21 20 21 20 25 1 4 20 20 21
split_gain=25.1431 5.54154 1.60695 1.44673 3.00443 1.35426 1.58037 1.53972 3.84587 1.13151 1.04601 0.98673 0.957115 0.925825 0.989244 2.88552 0.888655 0.889808 0.823024 0.830126 2.02335 1.87604
threshold=4.0416958810886738 13.184377081010544 1.0000000180025095e-35 25.500000000000004 2.5000000000000004 27.500000000000004 2.5000000000000004 1.0000000180025095e-35 3.5000000000000004 1.0000000180025095e-35 0.10912698412698414 27.500000000000004 1.5000000000000002 29.500000000000004 3.5000000000000004 27.500000000000004 421.00000000000006 24.170466578992038 20.60550089441811 11.500000000000002 6.5000000000000009 1.5000000000000002
decision_type=2 2 2 2 2 2 2 2 2 2 2 2 2 2 2 2 2 2 2 2 2 2
left_child=9 5 3 -3 11 18 -7 8 -8 -1 -11 12 -5 14 15 -6 17 -4 19 20 -2 -22
right_child=1 2 16 4 13 6 7 -9 -10 10 -12 -13 -14 -15 -16 -17 -18 -19 -20 -21 21 -23
leaf_value=-0.097387305137016808 -0.058990654014433569 0.0082884214695862022 0.48260562410044827 0.12279508792951241 -0.055985030479528956 -0.042068357426764617 0.073938891068677667 -0.039186661819090529 0.00053007131812918479 0.012463491790682084 -0.095506626765247057 -0.068834617787616528 -0.062015448951751248 0.26464056703331579 0.018325250859246831 0.28304190691604214 0.0062591995314951795 0.06329450176989071 0.032788902670382702 -0.053850209642478795 -0.081159623992035676 0.036424218912736159
leaf_weight=7642 1269 3181 62 57 54 242 75 80 123 153 153 162 54 86 121 50 54 45 57 2491 208 689
leaf_count=7642 1269 3181 62 57 54 242 75 80 123 153 153 162 54 86 121 50 54 45 57 2491 208 689
internal_value=-0.00154067 -0.000288326 0.000702492 0.000547745 0.00214516 -0.00103484 0.000633333 0.00243639 0.00408621 -0.0029807 -0.000799036 -0.000478418 0.00193103 0.00447468 0.00304348 0.00549082 0.00409036 0.005875 -0.00122304 -0.00127778 -0.000759328 0.000496673
internal_weight=17108 9160 3926 3765 584 5234 520 278 198 7948 306 273 111 311 225 104 161 107 4714 4657 2166 897
internal_count=17108 9160 3926 3765 584 5234 520 278 198 7948 306 273 111 311 225 104 161 107 4714 4657 2166 897
is_linear=0
shrinkage=0.035


Tree=55
num_leaves=23
num_cat=0
split_feature=9 8 20 21 16 0 20 4 20 17 20 21 21 20 20 25 23 3 16 6 20 1
split_gain=27.2054 6.16903 1.7467 2.44971 1.43642 1.39684 1.39342 1.56979 1.83983 2.21746 1.31843 2.52271 1.81769 4.04714 2.17155 1.4137 1.28379 1.23294 1.08009 1.03077 1.01887 1.4945
threshold=4.0416958810886738 16.469772842650677 25.500000000000004 2.5000000000000004 1.0000000180025095e-35 11.852133989485408 11.500000000000002 6.9966807769941894 7.5000000000000009 1.0000000180025095e-35 27.500000000000004 2.5000000000000004 3.5000000000000004 28.500000000000004 29.500000000000004 106.50000000000001 26000.000000000004 24.170466578992038 1.0000000180025095e-35 8.9846950015344529 27.500000000000004 26.068648301856552
decision_type=2 2 2 2 2 2 2 2 2 2 2 2 2 2 2 2 2 2 2 2 2 2
left_child=18 4 6 19 10 -6 7 -3 -9 -10 15 -12 13 -13 -14 -2 -17 20 -1 -4 -5 -22
right_child=1 2 3 17 5 -7 -8 8 9 -11 11 12 14 -15 -16 16 -18 -19 -20 -21 21 -23
leaf_value=-0.093978749457221233 0.10533957579747585 -0.026895185358202508 0.10829260108733314 0.063335051599567177 0.12374877016555214 -0.022793836279245552 0.00036405260075928554 0.037816542424488939 0.23654003163889845 -0.038339299675417562 -0.049413208912236738 0.098264477199606806 -0.086856280412125786 0.043932211627439537 0.063565493637362691 0.0061263879395484716 -0.036778226558308168 0.0024769382577409962 -0.021911192279801234 -0.049374220828959758 0.33520123034945115 0.12668514853699403
leaf_weight=7671 60 258 50 68 92 110 1284 642 247 89 290 47 100 144 50 869 4466 45 307 123 75 45
leaf_count=7671 60 258 50 68 92 110 1284 642 247 89 290 47 100 144 50 869 4466 45 307 123 75 45
internal_value=-0.00144538 -0.00014101 0.001181 0.00331265 -0.000765363 0.00207971 0.000824752 0.00166116 0.00230366 0.00440322 -0.00086528 0.000627358 0.00267052 0.00489286 -0.000112904 -0.00104352 -0.00110768 0.00561765 -0.00293881 3.9325e-05 0.00683679 0.00882
internal_weight=17132 9154 2926 406 6228 202 2520 1236 978 336 6026 631 341 191 150 5395 5335 233 7978 173 188 120
internal_count=17132 9154 2926 406 6228 202 2520 1236 978 336 6026 631 341 191 150 5395 5335 233 7978 173 188 120
is_linear=0
shrinkage=0.035


Tree=56
num_leaves=23
num_cat=0
split_feature=9 9 9 20 20 16 16 12 1 20 20 20 21 20 20 0 20 21 1 6 5 3
split_gain=23.2445 5.05457 1.47606 2.22181 1.41172 1.34607 1.24851 1.20093 1.19542 1.18607 3.3725 2.50306 2.39576 1.17167 3.24176 1.02959 0.979057 1.26146 0.855783 1.40081 0.932916 0.817531
threshold=4.0416958810886738 14.512308379836307 2.2581248134303693 29.500000000000004 30.500000000000004 1.0000000180025095e-35 1.0000000180025095e-35 7.6109599464759841 24.170466578992038 11.500000000000002 6.5000000000000009 22.500000000000004 1.5000000000000002 29.500000000000004 30.500000000000004 8.942279580511066 2.5000000000000004 3.5000000000000004 14.007413885646328 12.820050767804002 7.9927388748624617 11.852133989485408
decision_type=2 2 2 2 2 2 2 2 2 2 2 2 2 2 2 2 2 2 2 2 2 2
left_child=2 7 -1 5 -5 -4 13 9 -8 10 16 -11 -12 -3 -15 -14 17 -2 19 20 -17 -13
right_child=1 6 3 4 -6 -7 8 -9 -10 11 12 21 15 14 -16 18 -18 -19 -20 -21 -22 -23
leaf_value=-0.12233111230578655 0.01110931283605675 0.016755621370227843 -0.059626133544604859 0.022989248995425392 -0.077661697408823782 0.0086078283907243831 0.31445795760568246 0.069881537808628449 0.025747243193993984 -0.083191003461159443 -0.083397382184478355 -0.015759400249478635 0.01777239667600328 0.29743559199882347 -0.13199190171047406 0.079391306037903162 -0.080797460087604134 -0.068031595756344737 -0.010460369283237894 0.00835608676480829 0.11959938733011402 0.027321135882894549
leaf_weight=4422 358 3226 3248 85 52 146 87 64 66 1854 212 1159 358 79 56 117 839 158 73 97 120 248
leaf_count=4422 358 3226 3248 85 52 146 87 64 66 1854 212 1159 358 79 56 117 839 158 73 97 120 248
internal_value=-0.00149551 -0.000292176 -0.00287987 -0.00232212 0.00192253 -0.00250118 0.000746944 -0.000940834 0.00381013 -0.000999108 -0.000384896 -0.00143172 0.00116904 0.00059685 0.00375 0.00209091 -0.00151838 -0.000275433 0.00329612 0.00403687 0.00546694 -0.000302409
internal_weight=17124 9171 7953 3531 137 3394 3514 5657 153 5593 2332 3261 977 3361 135 765 1355 516 407 334 237 1407
internal_count=17124 9171 7953 3531 137 3394 3514 5657 153 5593 2332 3261 977 3361 135 765 1355 516 407 334 237 1407
is_linear=0
shrinkage=0.035


Tree=57
num_leaves=23
num_cat=0
split_feature=9 9 20 20 21 9 16 10 12 10 10 25 9 7 12 20 16 17 20 20 22 2
split_gain=23.158 5.14161 3.02495 3.93969 5.12318 2.54264 2.21107 1.57628 1.52597 1.25159 1.2134 1.08961 1.06134 0.989866 0.956479 0.868918 0.793482 0.761569 0.740801 0.991276 0.898671 0.62101
threshold=8.1809193133760143 2.5714480930513881 29.500000000000004 30.500000000000004 2.5000000000000004 14.512308379836307 1.0000000180025095e-35 3.0000000000000013 4.9350016700141772 2.3608110074759998 1.7320508075688787 210.50000000000003 23.787301587301592 25.012025516759049 7.6109599464759841 27.500000000000004 1.0000000180025095e-35 1.0000000180025095e-35 11.500000000000002 9.5000000000000018 43337.000000000007 27.062749211546333
decision_type=2 2 2 2 2 2 2 2 2 2 2 2 2 2 2 2 2 2 2 2 2 2
left_child=1 -1 5 4 -4 14 15 -7 11 10 -8 -9 21 -14 16 18 -2 -6 19 -3 -21 -10
right_child=2 6 3 -5 17 7 9 8 12 -11 -12 -13 13 -15 -16 -17 -18 -19 -20 20 -22 -23
leaf_value=-0.11804952337508402 -0.022704780659201371 -0.052709618324378107 -0.09584534175488961 -0.063387109878092027 0.1374699156504329 -0.039111932528794309 0.0068358056159504342 0.1969924048972195 0.022351544145118793 -0.012020798516291242 0.078501691098215656 0.036619795882590123 0.084457915300832062 0.03628645493646443 0.09575005841020863 -0.011807872499365053 0.076233130710626068 0.34450371324148849 -0.063985616595040221 -0.024663203411128664 0.038512867546441384 -0.023560562566369785
leaf_weight=5303 2744 1850 45 89 56 345 63 89 1880 93 49 214 273 312 68 497 84 52 2440 221 96 292
leaf_count=5303 2744 1850 45 89 56 345 63 89 1880 93 49 214 273 312 68 497 84 52 2440 221 96 292
internal_value=-0.0014257 -0.0024352 0.000209529 0.00401012 0.00735443 5.7722e-05 -0.00165582 0.00070821 0.000964926 0.00183333 0.00427778 0.00331818 0.000694423 0.00201695 -0.000700966 -0.00180104 -0.000806743 0.0113673 -0.00195187 -0.0014535 0.000304347 0.000326366
internal_weight=17155 10612 6543 242 153 6301 5309 3405 3060 205 112 303 2757 585 2896 5104 2828 108 4607 2167 317 2172
internal_count=17155 10612 6543 242 153 6301 5309 3405 3060 205 112 303 2757 585 2896 5104 2828 108 4607 2167 317 2172
is_linear=0
shrinkage=0.035


Tree=58
num_leaves=23
num_cat=0
split_feature=9 7 7 6 16 20 20 20 21 20 18 22 9 8 25 11 5 20 1 0 12 7
split_gain=22.1281 4.77446 1.70237 1.6873 1.31385 1.29027 0.878303 0.780241 2.09616 1.33513 0.792802 0.882097 0.718607 0.789435 1.26342 0.75848 0.827513 0.680972 0.680092 0.638552 0.977592 0.741257
threshold=3.6005036195605942 15.287460124205923 2.1288670841351203 11.00884074265187 1.0000000180025095e-35 29.500000000000004 30.500000000000004 27.500000000000004 2.5000000000000004 28.500000000000004 1.0000000180025095e-35 22034.500000000004 23.506673737631434 24.821428571428573 224.50000000000003 10.369810244466445 20.60550089441811 29.500000000000004 2.7935670203462863 33.500000000000007 7.3112039845502652 19.149862906619465
decision_type=2 2 2 2 2 2 2 2 2 2 2 2 2 2 2 2 2 2 2 2 2 2
left_child=2 3 -1 7 5 -4 -7 10 -9 -10 -2 -12 19 14 -14 -15 -17 -5 -6 21 -21 -3
right_child=1 12 4 17 18 6 -8 8 9 -11 11 -13 13 15 -16 16 -18 -19 -20 20 -22 -23
leaf_value=-0.11391779005695608 -0.03568205076224526 0.030312365667568651 -0.062140779953686977 0.0019873149191759224 0.050131686628932838 0.019674595133496217 -0.10073583272989126 -0.065889690198327272 0.064907175020740907 0.021905883304166936 0.15299864657218856 -0.0241858364799542 0.14984377006070251 -0.0058323847246692043 -0.058991552693832876 0.22039045031588997 0.020528150144825126 0.033899753686367773 -0.031320450380346386 0.33253362294437772 0.019105142480316275 -0.0090628706894097383
leaf_weight=4218 4160 1270 3046 1152 51 78 53 185 45 174 99 398 222 293 48 64 81 70 96 52 75 1143
leaf_count=4218 4160 1270 3046 1152 51 78 53 185 45 174 99 398 222 293 48 64 81 70 96 52 75 1143
internal_value=-0.00144853 -0.00032519 -0.00286465 -0.000889473 -0.00224887 -0.00240006 0.000874999 -0.00117173 0.00026528 0.00259375 -0.0013003 0 0.000760682 0.00175245 0.00324545 0.000766365 0.0028 0.00026528 0.000874999 0.000474459 0.00286364 0.000335814
internal_weight=17073 9531 7542 6283 3324 3177 131 5061 404 219 4657 497 3248 708 270 438 145 1222 147 2540 127 2413
internal_count=17073 9531 7542 6283 3324 3177 131 5061 404 219 4657 497 3248 708 270 438 145 1222 147 2540 127 2413
is_linear=0
shrinkage=0.035


Tree=59
num_leaves=23
num_cat=0
split_feature=8 3 16 20 22 25 20 21 21 20 20 0 2 20 20 21 9 20 20 21 12 11
split_gain=22.9792 4.67584 2.07217 1.81671 1.55932 1.24189 1.19934 1.65022 1.2219 1.07341 2.15407 0.983455 1.12905 0.903725 2.38464 1.49946 0.882864 0.846433 0.741724 0.826243 0.79091 0.731125
threshold=3.1434107462346659 11.852133989485408 1.0000000180025095e-35 23.500000000000004 16785.000000000004 106.50000000000001 27.500000000000004 2.5000000000000004 3.5000000000000004 30.500000000000004 29.500000000000004 13.508154244475653 11.35416666666667 11.500000000000002 7.5000000000000009 1.5000000000000002 2.5714480930513881 1.5000000000000002 9.5000000000000018 2.5000000000000004 6.5858494204307316 4.3928013040317833
decision_type=2 2 2 2 2 2 2 2 2 2 2 2 2 2 2 2 2 2 2 2 2 2
left_child=16 2 5 4 18 -2 13 -8 -9 10 11 12 -5 14 17 -16 -1 -7 19 20 -3 -14
right_child=1 3 -4 9 -6 6 7 8 -10 -11 -12 -13 21 -15 15 -17 -18 -19 -20 -21 -22 -23
leaf_value=-0.10993066740496264 0.072139186330074948 0.24166990947378533 0.058514191767994564 0.011693461083423147 -0.0089604824919796589 0.0014290171017759627 -0.042633396907552953 0.050234529103104157 -0.0064001737375394335 -0.090623512931468891 0.17891737624381904 0.031403015720532952 0.1233731660628526 -0.050291681349446782 -0.091918037388987781 0.035058924194544899 -0.053124795492936 -0.056675945075776411 0.020308957237905774 0.037720712917150873 0.10392319273760743 0.04812294165427089
leaf_weight=5267 74 86 238 91 2240 289 255 146 122 69 98 537 47 2754 144 588 1501 1416 696 324 48 58
leaf_count=5267 74 86 238 91 2240 289 255 146 122 69 98 537 47 2754 144 588 1501 1416 696 324 48 58
internal_value=-0.00144009 -0.000398306 -0.00102777 0.000481158 0.000104 -0.00116183 -0.00122338 0.000344696 0.00226923 0.00187569 0.00223565 0.0015271 0.0036393 -0.00138491 -0.000877151 0.000774083 -0.00302458 -0.00159649 0.00115056 0.00224514 0.00455755 0.00604545
internal_weight=17088 10320 6026 4294 3394 5788 5714 523 268 900 831 733 196 5191 2437 732 6768 1705 1154 458 134 105
internal_count=17088 10320 6026 4294 3394 5788 5714 523 268 900 831 733 196 5191 2437 732 6768 1705 1154 458 134 105
is_linear=0
shrinkage=0.035


Tree=60
num_leaves=23
num_cat=0
split_feature=8 9 20 20 20 21 12 3 4 6 25 16 9 12 24 0 24 11 7 4 20 21
split_gain=22.5893 5.28898 1.16417 2.08271 2.84969 2.00879 1.3088 1.2849 1.041 0.879745 0.797051 0.773445 0.717559 0.869656 0.70697 0.847791 1.27753 0.755702 1.73762 0.7005 0.690737 0.990696
threshold=3.0003337402748032 14.512308379836307 25.500000000000004 11.500000000000002 6.5000000000000009 1.5000000000000002 7.0683528868058376 17.469540622712071 11.503534173707413 10.000130448439306 729.50000000000011 1.0000000180025095e-35 8.1809193133760143 3.8526943538349774 11523.000000000002 3.5561747417348379 7066.5000000000009 2.6358104279717112 4.0011072067550462 21.965076773329255 2.5000000000000004 3.5000000000000004
decision_type=2 2 2 2 2 2 2 2 2 2 2 2 2 2 2 2 2 2 2 2 2 2
left_child=10 2 3 4 20 -6 12 9 -3 14 -1 -10 -5 -14 15 -7 17 18 -17 -13 21 -2
right_child=1 8 -4 6 5 7 -8 -9 11 -11 -12 19 13 -15 -16 16 -18 -19 -20 -21 -22 -23
leaf_value=-0.086660087088558671 0.01062908591584954 -0.0082280737431765696 0.00047940262140385326 -0.062384968409189105 -0.065878955476183401 -0.024581516167747629 0.068162214553740164 0.12219291369823711 0.030897027195858223 -0.0068927316833189874 -0.045844424979436742 0.055947162717274977 -0.0089464590259589125 -0.060990311860125365 0.048533212751344749 0.010216530238142339 -0.0011696356224013132 0.038339768603738777 0.1146649205099927 0.11059574360631663 -0.068488473524963692 -0.06280184767133537
leaf_weight=6007 398 665 1075 1742 300 138 51 45 2688 282 570 71 513 755 127 55 180 125 47 45 1066 217
leaf_count=6007 398 665 1075 1742 300 138 51 45 2688 282 570 71 513 755 127 55 180 125 47 45 1066 217
internal_value=-0.00146936 -0.000466006 -0.00101299 -0.00120179 -0.000533502 0.000687116 -0.00184475 0.0014502 0.000650834 0.00113504 -0.00307992 0.000948201 -0.00194445 -0.00127298 0.00182496 0.00120909 0.00202184 0.00374138 0.00598598 0.0037314 -0.00148636 -0.000508065
internal_weight=17162 10585 7116 6041 2980 1299 3061 999 3469 954 6577 2804 3010 1268 672 545 407 227 102 116 1681 615
internal_count=17162 10585 7116 6041 2980 1299 3061 999 3469 954 6577 2804 3010 1268 672 545 407 227 102 116 1681 615
is_linear=0
shrinkage=0.035


Tree=61
num_leaves=23
num_cat=0
split_feature=9 9 9 16 20 20 20 21 20 21 21 18 21 21 18 20 9 20 23 11 21 6
split_gain=20.5846 3.72994 1.63689 1.33614 1.32754 1.21659 2.48424 1.94236 1.07669 3.17361 3.08309 8.70224 1.05735 1.11405 1.2587 3.81429 1.02396 0.819743 0.814189 0.719384 0.637377 0.625669
threshold=3.5225426318622999 13.037423469387758 2.5714480930513881 1.0000000180025095e-35 25.500000000000004 11.500000000000002 6.5000000000000009 1.5000000000000002 27.500000000000004 2.5000000000000004 3.5000000000000004 1.0000000180025095e-35 2.5000000000000004 3.5000000000000004 1.0000000180025095e-35 27.500000000000004 8.1809193133760143 29.500000000000004 17650.000000000004 6.5601611445048018 4.5000000000000009 11.946428571428573
decision_type=2 2 2 2 2 2 2 2 2 2 2 2 2 2 2 2 2 2 2 2 2 2
left_child=2 4 -1 8 5 6 18 -8 -3 -10 11 -11 -6 14 15 -14 -7 -4 -2 -5 21 -9
right_child=1 3 17 19 12 16 7 20 9 10 -12 -13 13 -15 -16 -17 -18 -19 -20 -21 -22 -23
leaf_value=-0.10304999099768938 0.26532089002465209 0.0043660151132323957 -0.04963474304157877 0.4602938228758226 -0.016511755731932521 -0.068831754494131092 -0.076849979767813811 0.061564934338233915 -0.054069411849933802 0.32119634566332739 -0.0025872118814841906 -0.070679145448471148 -0.026115895375669738 -0.0072290766888381758 -0.036527156265689066 0.079488699018302855 -0.029081513837525223 0.012516502967817585 -0.051798726837190327 0.072207094751509729 -0.0081363783839391215 0.0011296603294848615
leaf_weight=5334 65 3488 2106 62 414 1314 220 471 155 58 84 59 90 218 84 81 1095 84 1266 97 126 155
leaf_count=5334 65 3488 2106 62 414 1314 220 471 155 58 84 59 90 218 84 81 1095 84 1266 97 126 155
internal_value=-0.00145079 -0.000374155 -0.00282129 0.000438372 -0.000958067 -0.00119239 -0.000603554 0.000727225 0.000300986 0.00212327 0.00499514 0.00854918 0.000266815 0.00140586 0.00296154 0.00465341 -0.00174565 -0.00198519 -0.00158758 0.00354268 0.00158586 0.00204675
internal_weight=17126 9602 7524 4003 5599 4712 2303 972 3844 356 201 117 887 473 255 171 2409 2190 1331 159 752 626
internal_count=17126 9602 7524 4003 5599 4712 2303 972 3844 356 201 117 887 473 255 171 2409 2190 1331 159 752 626
is_linear=0
shrinkage=0.035


Tree=62
num_leaves=23
num_cat=0
split_feature=9 3 9 16 20 16 20 21 21 18 20 21 21 18 20 20 6 12 17 21 20 21
split_gain=19.2115 4.21241 1.57761 1.91932 1.86535 1.52774 1.23367 2.02429 2.21361 4.36946 1.2207 1.40259 1.88953 5.03667 1.20484 2.26084 2.37797 1.60932 1.37114 2.03612 1.70273 1.09282
threshold=3.6005036195605942 13.508154244475653 1.573233841878634 1.0000000180025095e-35 29.500000000000004 1.0000000180025095e-35 27.500000000000004 2.5000000000000004 3.5000000000000004 1.0000000180025095e-35 26.500000000000004 2.5000000000000004 3.5000000000000004 1.0000000180025095e-35 11.500000000000002 6.5000000000000009 8.9846950015344529 4.6693112497935259 1.0000000180025095e-35 2.5000000000000004 7.5000000000000009 2.5000000000000004
decision_type=2 2 2 2 2 2 2 2 2 2 2 2 2 2 2 2 2 2 2 2 2 2
left_child=2 5 -1 4 -4 6 -2 -8 9 -9 14 -12 13 -13 15 -3 -17 -18 19 -19 -21 -16
right_child=1 10 3 -5 -6 -7 7 8 -10 -11 11 12 -14 -15 21 16 17 18 -20 20 -22 -23
leaf_value=-0.13444324131277025 -0.031108803977600952 -0.0066198618877149279 -0.058430353343179732 0.0181967160140592 0.011730398553249009 0.060243965633332321 -0.044369147205046304 0.14949153548806737 -0.01047619055806899 -0.021473863604586297 -0.022647439753510686 0.27619066919117308 0.012869708076402147 -0.067007094819238444 0.019322330958464935 -0.018582216349852597 0.14030524066226027 0.39638131835710494 -0.02164119268174099 -0.2054000281651647 0.17642626388503901 -0.032223857812505315
leaf_weight=2826 5232 712 4363 212 175 206 281 90 139 88 174 84 112 56 747 167 119 53 123 54 192 915
leaf_count=2826 5232 712 4363 212 175 206 281 90 139 88 174 84 112 56 747 167 119 53 123 54 192 915
internal_value=-0.00141329 -0.000366165 -0.00272899 -0.00232229 -0.00247535 -0.000927579 -0.00103471 0.000446931 0.00236956 0.0049153 0.00059479 0.00234687 0.00399027 0.00663793 0.000343537 0.00109298 0.00248878 0.00361538 0.00248361 0.00375329 0.00221713 -0.000287643
internal_weight=17120 9544 7576 4750 4538 6036 5830 598 317 178 3508 426 252 140 3082 1420 708 541 422 299 246 1662
internal_count=17120 9544 7576 4750 4538 6036 5830 598 317 178 3508 426 252 140 3082 1420 708 541 422 299 246 1662
is_linear=0
shrinkage=0.035


Tree=63
num_leaves=23
num_cat=0
split_feature=9 7 20 20 17 9 18 20 10 0 1 9 10 23 20 20 14 9 11 20 10 1
split_gain=19.9665 4.06887 1.44395 2.119 2.61035 1.26302 1.0998 1.14455 1.03847 0.891292 0.828636 0.802019 0.776237 0.748791 0.724099 0.689488 0.681929 0.649431 1.05201 0.601457 0.563579 0.561156
threshold=8.1809193133760143 2.7871348190300576 29.500000000000004 30.500000000000004 1.0000000180025095e-35 18.326530612244905 1.0000000180025095e-35 27.500000000000004 2.672612419124246 15.950345293025352 3.1082911943165921 1.6459916292040904 1.6183471874253754 56450.000000000007 12.500000000000002 6.5000000000000009 1.0000000180025095e-35 26.501239154220524 10.369810244466445 26.500000000000004 4.5039665058384175 2.2751209043800462
decision_type=2 2 2 2 2 2 2 2 2 2 2 2 2 2 2 2 2 2 2 2 2 2
left_child=1 11 5 4 -4 10 7 13 12 20 -2 -1 -8 -3 15 -15 -14 -11 -19 -13 -7 -9
right_child=2 6 3 -5 -6 9 8 21 -10 17 -12 19 16 14 -16 -17 -18 18 -20 -21 -22 -23
leaf_value=-0.1297377278668233 0.035974842088783966 -0.052487611913776093 0.035670991012924716 -0.053925927737581258 0.19332080294481913 0.18768363790019593 -0.048146914856274023 0.019567207662557932 -0.064293390370661119 0.0021290611932065317 -0.0086461897939136938 -0.065756559866190861 0.059089644221865606 -0.02187077912614048 -0.053870419073710138 0.027947865808682172 -0.049235682935367529 0.00063812981944805073 0.20620644260865786 -0.032568759049788489 0.040250592108784282 -0.010678690002227778
leaf_weight=2985 46 2937 97 97 48 95 98 45 179 1557 4044 2505 269 211 446 121 53 116 74 421 307 341
leaf_count=2985 46 2937 97 97 48 95 98 45 179 1557 4044 2505 269 211 446 121 53 116 74 421 307 341
internal_value=-0.00141806 -0.00235268 0.000110082 0.00273482 0.00536667 3.36239e-06 -0.00157333 -0.00177813 -0.000139074 0.0006922 -0.000354702 -0.00296755 0.000782352 -0.0019664 -0.000952108 0.000238872 0.00163761 0.000335616 0.00224359 -0.00252081 0.00217567 0
internal_weight=17092 10611 6481 242 145 6239 4700 4101 599 2149 4090 5911 420 3715 778 332 322 1747 190 2926 402 386
internal_count=17092 10611 6481 242 145 6239 4700 4101 599 2149 4090 5911 420 3715 778 332 322 1747 190 2926 402 386
is_linear=0
shrinkage=0.035


Tree=64
num_leaves=23
num_cat=0
split_feature=9 7 9 16 20 16 20 0 6 0 10 20 20 6 17 3 0 1 22 5 20 11
split_gain=17.8647 3.10739 2.13639 1.93914 1.83485 1.7509 0.982756 1.88709 1.26851 0.981665 0.960725 0.955386 1.62921 1.86252 2.45187 1.16021 1.10035 0.877321 0.865758 1.00111 1.80919 0.818489
threshold=3.6005036195605942 12.715694393364142 1.7560281505042352 1.0000000180025095e-35 29.500000000000004 1.0000000180025095e-35 23.500000000000004 32.106343334591671 10.786321963483829 8.942279580511066 1.2909944487358072 11.500000000000002 7.5000000000000009 7.9927388748624617 1.0000000180025095e-35 25.102403528914756 25.102403528914756 12.035714285714286 43337.000000000007 6.9966807769941894 18.500000000000004 3.9922259731430594
decision_type=2 2 2 2 2 2 2 2 2 2 2 2 2 2 2 2 2 2 2 2 2 2
left_child=2 3 -1 -2 5 -4 11 8 21 -5 -6 12 15 -14 16 -3 -15 -10 19 20 -13 -8
right_child=1 6 4 9 10 -7 7 -9 17 -11 -12 18 13 14 -16 -17 -18 -19 -20 -21 -22 -23
leaf_value=-0.12519690739148448 -0.022772438729241798 -0.012118562645390079 -0.05296036114479976 0.10344246681760699 -0.036718215386344746 0.024097813121735888 0.12548325502334925 0.33301160591303319 0.070891327927131736 0.031131252872070046 0.020729736541327037 -0.0028732677234775193 -0.066955012329988822 0.13397610367953439 -0.069032297050093006 0.048337696069430711 0.30400467178690299 -0.012441040701063071 -0.082249608418609246 -0.020807401891642745 0.10931812977596136 0.033833872128490421
leaf_weight=3184 5335 988 4052 65 68 181 50 47 79 89 99 167 119 217 123 192 94 563 283 974 69 116
leaf_count=3184 5335 988 4052 65 68 181 50 47 79 89 99 167 119 217 123 192 94 563 283 974 69 116
internal_value=-0.00136439 -0.000356398 -0.00263296 -0.000900802 -0.00211748 -0.00226121 0.000371756 0.00142442 0.000977244 0.00288365 0.00138372 8.55764e-05 0.000648446 0.00220788 0.00327676 -7.38405e-05 0.00491772 0.000232611 -0.000556076 -0.00012963 0.00187344 0.00366374
internal_weight=17154 9570 7584 5489 4400 4233 4081 855 808 154 167 3226 1733 553 434 1180 311 642 1493 1210 236 166
internal_count=17154 9570 7584 5489 4400 4233 4081 855 808 154 167 3226 1733 553 434 1180 311 642 1493 1210 236 166
is_linear=0
shrinkage=0.035


Tree=65
num_leaves=23
num_cat=0
split_feature=9 9 9 16 20 25 21 20 21 1 20 20 21 12 0 0 20 7 21 3 20 12
split_gain=19.1756 3.3255 2.1721 1.40921 1.47516 1.24348 0.949257 0.904787 1.80805 0.827184 0.787192 2.60738 2.92342 1.49725 1.10444 1.02666 2.22385 0.823694 0.819909 0.78963 0.778386 1.71683
threshold=3.5225426318622999 9.7303030303030322 1.7560281505042352 1.0000000180025095e-35 29.500000000000004 831.00000000000011 2.5000000000000004 29.500000000000004 2.5000000000000004 22.052447947677845 11.500000000000002 6.5000000000000009 1.5000000000000002 4.5275464909085619 13.982558156555685 22.797540755617458 9.5000000000000018 10.572875446774797 3.5000000000000004 25.102403528914756 29.500000000000004 3.1227165101146142
decision_type=2 2 2 2 2 2 2 2 2 2 2 2 2 2 2 2 2 2 2 2 2 2
left_child=2 20 -1 4 -4 7 -6 10 -9 -10 11 19 -13 14 17 -15 -17 -14 -12 -3 -2 -22
right_child=1 5 3 -5 6 -7 -8 8 9 -11 18 12 13 15 -16 16 -18 -19 -20 -21 21 -23
leaf_value=-0.12081501563278253 -0.027091441820312877 -0.011720323982927149 -0.050127808842318204 0.024415990642495312 -0.080892636546593982 -0.069931545406228646 0.019431637775212344 -0.092913275966087172 0.18881678326013857 0.028136698509627762 0.008943883981928016 -0.042799577907768588 0.15905264298148175 0.054637300948485464 0.26464188035259889 0.30966545610206053 0.029849917759017807 0.001191880478629127 -0.030892916600741335 0.037757027099191293 -0.03607416031987605 0.056773703279355311
leaf_weight=3166 4001 1090 3987 171 71 180 104 70 80 50 2117 212 49 361 78 92 102 57 800 146 87 59
leaf_count=3166 4001 1090 3987 171 71 180 104 70 80 50 2117 212 49 361 78 92 102 57 800 146 87 59
internal_value=-0.00134301 -0.000307286 -0.00266978 -0.00214454 -0.0022737 0.000255692 0.000777777 0.000356658 0.00264634 0.00505555 0.000261009 0.000763229 0.00213807 0.00318011 0.00594444 0.0021875 0.00423869 0.00312162 -0.000110199 -0.000284852 -0.0010554 0.00136755
internal_weight=17130 9631 7499 4333 4162 5484 175 5304 200 130 5104 2187 951 739 184 555 194 106 2917 1236 4147 146
internal_count=17130 9631 7499 4333 4162 5484 175 5304 200 130 5104 2187 951 739 184 555 194 106 2917 1236 4147 146
is_linear=0
shrinkage=0.035


Tree=66
num_leaves=23
num_cat=0
split_feature=9 22 9 6 16 20 7 20 20 20 21 12 9 1 8 1 21 3 20 11 6 11
split_gain=17.9396 3.25441 2.2825 1.66817 1.37736 0.955509 1.18592 0.757218 0.730865 2.02852 3.48712 1.28864 0.699319 0.751516 0.667799 0.748308 0.921896 0.872299 0.776074 0.66525 0.648146 0.617889
threshold=3.6005036195605942 17236.500000000004 1.7560281505042352 11.00884074265187 1.0000000180025095e-35 23.500000000000004 11.718282033618715 29.500000000000004 11.500000000000002 6.5000000000000009 1.5000000000000002 7.6109599464759841 7.7387393115140801 7.69680936421629 24.51467325084613 17.009731282911645 3.5000000000000004 8.9137438819749804 27.500000000000004 2.6358104279717112 6.006203158824877 1.8883680959850138
decision_type=2 2 2 2 2 2 2 2 2 2 2 2 2 2 2 2 2 2 2 2 2 2
left_child=2 21 -1 5 7 8 -7 -4 9 -3 -11 -10 19 -14 15 16 17 -5 -19 -12 -15 -2
right_child=1 3 4 14 -6 6 -8 -9 11 10 12 -13 13 20 -16 -17 -18 18 -20 -21 -22 -23
leaf_value=-0.11658649008563515 -0.084074545599610431 -0.050755701885673715 -0.049329839259303905 -0.022267351765416631 0.013108188112362413 -0.0077979977101117863 0.089110605442286453 0.00040461954097690709 -0.053838607209911613 -0.072794237030741352 0.073690176069424324 0.060822378880584969 0.099995908402254377 0.22361895988495306 0.13796783098619939 -0.03351718284014548 -0.0085336851247806468 0.040261431639646073 0.11455760644368672 -0.0058185390133464222 0.0064232192127239487 0.026702884272783924
leaf_weight=3224 63 1351 4048 181 184 892 116 167 1999 276 138 51 76 46 72 514 569 533 87 153 133 2274
leaf_count=3224 63 1351 4048 181 184 892 116 167 1999 276 138 51 76 46 72 514 569 533 87 153 133 2274
internal_value=-0.00138596 -0.000370606 -0.00265115 -0.000740685 -0.00211717 -0.00106685 -7.94678e-05 -0.00224763 -0.00129801 -0.000832416 0.000520555 -0.00177981 0.00215336 0.0035 0.000123151 0 0.000419999 0.00118983 0.00182 0.000874999 0.0020163 0.000759179
internal_weight=17147 9524 7623 7187 4399 5231 1008 4215 4223 2173 822 2050 546 255 1956 1884 1370 801 620 291 179 2337
internal_count=17147 9524 7623 7187 4399 5231 1008 4215 4223 2173 822 2050 546 255 1956 1884 1370 801 620 291 179 2337
is_linear=0
shrinkage=0.035


Tree=67
num_leaves=23
num_cat=0
split_feature=9 9 9 16 20 20 21 18 21 20 6 3 20 20 20 12 10 4 6 8 12 3
split_gain=17.4275 3.13212 2.16957 1.75385 1.07796 1.07247 0.982836 0.969232 1.77947 6.60006 0.914703 0.78942 0.763418 1.58546 1.02432 0.879749 0.736471 0.731087 1.25503 0.785597 0.722328 0.696875
threshold=3.5225426318622999 10.157334819439784 1.7560281505042352 1.0000000180025095e-35 29.500000000000004 25.500000000000004 2.5000000000000004 1.0000000180025095e-35 3.5000000000000004 27.500000000000004 12.315729686009409 11.852133989485408 25.500000000000004 11.500000000000002 6.5000000000000009 2.6255756093393221 1.3688469460864681 8.8679328204572201 7.1127015835801446 5.7858390853854962 8.1089825484969165 19.556552062598733
decision_type=2 2 2 2 2 2 2 2 2 2 2 2 2 2 2 2 2 2 2 2 2 2
left_child=2 12 -1 4 -4 21 10 8 9 -8 11 -7 13 14 15 -2 -6 19 -19 -16 -10 -3
right_child=1 5 3 -5 16 6 7 -9 20 -11 -12 -13 -14 -15 17 -17 -18 18 -20 -21 -22 -23
leaf_value=-0.11250596293263791 -0.0040299483504478281 -0.010307853601728097 -0.047603294885228263 0.022870329448031773 -0.032269701255370521 -0.032871513797829016 -0.074433609255132538 -0.047424233120595599 -0.0003319931910383415 0.28235895975455083 -0.047351771034015742 0.090125920467232445 -0.001247979690832468 -0.054193068576454582 0.025226023465452607 -0.052132283508099599 0.019233400298434813 0.098963470391781966 0.0080030599105289941 -0.020126637902827593 0.061781935208341215 0.020081075099931862
leaf_weight=3156 459 2941 3980 183 70 57 71 77 179 72 198 115 703 1858 165 616 95 54 119 433 57 1503
leaf_count=3156 459 2941 3980 183 70 57 71 77 179 72 198 115 703 1858 165 616 95 54 119 433 57 1503
internal_value=-0.0013673 -0.000383909 -0.0026354 -0.00211066 -0.00226024 0.000189099 0.00134356 0.00242191 0.00315365 0.00619595 0 0.00183898 -0.00107253 -0.00127299 -0.000531335 -0.00123148 0.000411764 0.000423968 0.00239888 -0.0001335 0.0011473 -2.28149e-05
internal_weight=17161 9677 7484 4328 4145 5270 826 456 379 143 370 172 4407 3704 1846 1075 165 771 173 598 236 4444
internal_count=17161 9677 7484 4328 4145 5270 826 456 379 143 370 172 4407 3704 1846 1075 165 771 173 598 236 4444
is_linear=0
shrinkage=0.035


Tree=68
num_leaves=23
num_cat=0
split_feature=9 23 9 9 16 20 8 25 1 4 6 10 1 18 20 20 20 20 21 21 6 10
split_gain=18.1427 3.22096 2.41689 1.74011 1.15797 1.0637 0.968376 1.12502 0.907862 0.711922 0.79868 0.693232 0.654196 0.605129 0.604959 1.21903 0.724226 1.94406 0.953794 0.924815 0.679632 0.818236
threshold=3.7156373141723038 17650.000000000004 1.7560281505042352 8.1809193133760143 1.0000000180025095e-35 29.500000000000004 5.7858390853854962 831.00000000000011 3.1082911943165921 5.172349027628159 9.9933189851049971 1.2909944487358072 7.9927388748624617 1.0000000180025095e-35 29.500000000000004 30.500000000000004 11.500000000000002 6.5000000000000009 4.5000000000000009 3.5000000000000004 13.982558156555685 3.5440256554351488
decision_type=2 2 2 2 2 2 2 2 2 2 2 2 2 2 2 2 2 2 2 2 2 2
left_child=2 -2 -1 6 5 -4 13 -8 -5 10 -10 -7 -9 -3 16 -16 17 -11 20 -18 21 -19
right_child=1 3 4 8 -6 11 7 12 9 14 -12 -13 -14 -15 15 -17 19 18 -20 -21 -22 -23
leaf_value=-0.10856825422999558 0.037498984104727351 -0.010854819537048418 -0.045131404079811012 0.042094677829468616 0.014662660338133623 -0.036400619885413481 -0.067280231550589598 -0.004431923954462594 -0.043635389209141916 -0.019148130420557293 0.059075807969241584 0.01718631408063 0.03921712683463538 0.047272149750627393 0.096362786500537964 -0.043097598362483135 -0.0019602402661084884 0.039830799510520112 -0.018184046038590064 -0.058946145038543736 0.059229325271040995 0.17012896870830785
leaf_weight=3196 1746 730 4092 49 185 70 1817 47 688 810 70 105 47 162 103 66 1686 97 105 727 246 166
leaf_count=3196 1746 730 4092 49 185 70 1817 47 688 810 70 105 47 162 103 66 1686 97 105 727 246 166
internal_value=-0.00134837 -0.000312748 -0.00261277 -0.00062505 -0.00207079 -0.00218914 -0.00131873 -0.00176461 -0.000216481 -0.000270812 -0.00125229 0.000388888 0.00180303 -0.000339466 -7.94075e-05 0.00193103 -0.00017491 0.000443316 0.00192811 -0.000547147 0.00256031 0.00381343
internal_weight=17010 9362 7648 7616 4452 4267 2803 1911 4813 4764 758 175 94 892 4006 169 3837 1424 614 2413 509 263
internal_count=17010 9362 7648 7616 4452 4267 2803 1911 4813 4764 758 175 94 892 4006 169 3837 1424 614 2413 509 263
is_linear=0
shrinkage=0.035


Tree=69
num_leaves=23
num_cat=0
split_feature=7 3 16 9 20 21 21 18 4 20 20 21 9 20 21 18 20 20 20 25 5 21
split_gain=15.929 3.56136 2.36187 1.6678 1.07114 2.50171 1.65376 4.1855 1.07079 0.977795 1.60219 1.48565 1.27569 1.01934 1.02473 0.959472 1.41813 1.34279 2.62925 1.13467 0.945522 0.894311
threshold=3.1038226523002144 13.982558156555685 1.0000000180025095e-35 1.3566482833550577 27.500000000000004 2.5000000000000004 3.5000000000000004 1.0000000180025095e-35 8.1342290082565736 11.500000000000002 6.5000000000000009 1.5000000000000002 7.4124350594938848 2.5000000000000004 3.5000000000000004 1.0000000180025095e-35 10.500000000000002 10.500000000000002 8.5000000000000018 233.00000000000003 9.9933189851049971 2.5000000000000004
decision_type=2 2 2 2 2 2 2 2 2 2 2 2 2 2 2 2 2 2 2 2 2 2
left_child=3 2 4 -1 9 -6 7 -7 -3 10 13 -12 -11 14 -2 17 -17 18 21 -18 -4 -13
right_child=1 8 20 -5 5 6 -8 -9 -10 12 11 15 -14 -15 -16 16 19 -19 -20 -21 -22 -23
leaf_value=-0.10476836533194575 0.018639304790081062 -0.027364481933004104 0.0078814315544397089 -0.045485259719362896 -0.041616553023943716 0.12006837627409522 -0.0070832191782025291 -0.031858239839893283 0.02434129478033523 -0.04616637820594386 -0.074477286735171136 0.090833432374489972 -0.026041852011367814 -0.063530880360963285 -0.059328987059582936 -0.039370807520822976 0.13632091610809161 -0.13852630058271648 0.12949284027243699 -0.0040357669300945956 0.21932814454786917 -0.0016606629480328233
leaf_weight=2418 433 504 220 4170 332 94 140 98 3028 1430 251 45 1732 1135 226 292 55 50 135 65 57 210
leaf_count=2418 433 504 220 4170 332 94 140 98 3028 1430 251 45 1732 1135 226 292 55 50 135 65 57 210
internal_value=-0.00130088 -0.000454067 -0.00091185 -0.00265062 -0.00104459 0.000266815 0.00241988 0.00449492 0.00044826 -0.00119129 -0.000713991 0.000322201 -0.00162125 -0.00135992 -0.000231929 0.00103325 -0.000142687 0.00216292 0.00287975 0.00294 0.00220922 0.000673076
internal_weight=17120 10532 7000 6588 6723 664 332 192 3532 6059 2897 1103 3162 1794 659 852 412 440 390 120 277 255
internal_count=17120 10532 7000 6588 6723 664 332 192 3532 6059 2897 1103 3162 1794 659 852 412 440 390 120 277 255
is_linear=0
shrinkage=0.035


Tree=70
num_leaves=23
num_cat=0
split_feature=11 3 16 9 25 20 20 20 3 0 6 4 20 0 12 11 12 2 6 9 10 12
split_gain=17.1215 4.56922 2.01783 1.38165 1.13858 1.13075 0.998478 1.75141 1.02883 1.09225 0.987898 0.976648 0.934035 0.715737 0.715275 0.675309 0.666075 0.817869 0.815363 0.879501 0.746355 0.730958
threshold=1.7323070877902575 11.852133989485408 1.0000000180025095e-35 1.3566482833550577 106.50000000000001 25.500000000000004 11.500000000000002 6.5000000000000009 9.4660690456137484 9.9001120243386893 3.8288091991096409 12.619143737453959 29.500000000000004 3.9805079009487661 3.4610800596760201 2.1403234597762544 3.4610800596760201 9.9933189851049971 5.172349027628159 16.587121212121215 3.7161167647860256 4.5275464909085619
decision_type=2 2 2 2 2 2 2 2 2 2 2 2 2 2 2 2 2 2 2 2 2 2
left_child=3 2 4 -1 -2 6 7 -6 10 -10 13 -3 -5 -9 15 -4 -13 -18 19 -19 -21 -20
right_child=1 11 14 12 5 -7 -8 8 9 -11 -12 16 -14 -15 -16 -17 17 18 21 20 -22 -23
leaf_value=-0.10110147254532764 0.075596459862669857 -0.007450550468162712 0.027496565357203556 -0.053282751393295344 -0.043081758482641209 -0.0019549191109635407 -0.046894472733865974 0.0064251941275263354 -0.0040418975359961824 0.081800961848024226 -0.011961424300128115 0.15488267453444862 0.0048361727842810617 0.051017043064752771 0.085848873652295168 -0.017683150255710659 -0.041079453461135063 0.10560638612200132 0.093324279303925339 -0.044493503120002754 0.030004913053531673 0.021244171448591084
leaf_weight=2382 68 1428 55 3652 1612 969 2660 124 72 69 733 50 164 85 98 109 169 72 189 64 138 2154
leaf_count=2382 68 1428 55 3652 1612 969 2660 124 72 69 733 50 164 85 98 109 169 72 189 64 138 2154
internal_value=-0.00121859 -0.000382268 -0.000956075 -0.00268749 -0.00108168 -0.00113312 -0.00133209 -0.000842593 0.000231617 0.0029726 -0.000173707 0.000509135 -0.00225425 0.0018972 0.00200562 0.00043491 0.000885779 0.000801325 0.000958428 0.0027724 0.00140338 0.000733389
internal_weight=17116 10918 6654 6198 6392 6324 5355 2695 1083 141 942 4264 3816 209 262 164 2836 2786 2617 274 202 2343
internal_count=17116 10918 6654 6198 6392 6324 5355 2695 1083 141 942 4264 3816 209 262 164 2836 2786 2617 274 202 2343
is_linear=0
shrinkage=0.035


Tree=71
num_leaves=23
num_cat=0
split_feature=9 9 20 20 17 9 2 15 10 16 8 1 11 20 3 1 20 20 24 22 24 20
split_gain=14.0093 4.23045 1.8487 1.58638 0.984999 0.936094 0.866638 0.862159 0.747746 0.688372 0.686118 1.42813 0.661721 0.83538 0.644215 0.963286 0.618393 0.576819 0.672902 0.544844 0.931388 0.605395
threshold=2.4444909400534773 10.507034530153202 29.500000000000004 30.500000000000004 1.0000000180025095e-35 18.326530612244905 4.2628571428571442 0.32738095238095244 2.7945525240230915 1.0000000180025095e-35 18.501524510250249 14.523794177969004 1.6751667092642408 25.500000000000004 14.999072958688698 7.0056524229269748 26.500000000000004 13.500000000000002 9795.0000000000018 17236.500000000004 1706.5000000000002 6.5000000000000009
decision_type=2 2 2 2 2 2 2 2 2 2 2 2 2 2 2 2 2 2 2 2 2 2
left_child=7 2 6 4 -4 -3 -2 -1 9 12 11 -7 -8 17 -10 -16 -15 18 19 20 -14 -21
right_child=1 5 3 -5 -6 10 8 -9 14 -11 -12 -13 13 16 15 -17 -18 -19 -20 21 -22 -23
leaf_value=-0.053230050448144411 -0.031763478882757823 -0.0061945669645560586 0.012374157747035732 -0.042818016201269828 0.08688202841565397 0.1102952131035483 -0.04625918422518329 -0.097562921006241157 -0.04215974230048266 0.034127243027307151 0.021838515115529773 0.031996057432709009 -0.01802214512842194 0.022936729687481103 0.028522411356448507 -0.040216009515814867 0.0020376738968682158 -0.042762963393136712 0.028189917159971 -0.066275513894533233 0.3885502075314925 0.005125265684148215
leaf_weight=3006 3017 2804 108 105 56 68 237 1918 1538 52 1990 168 57 74 54 83 192 692 233 348 49 241
leaf_count=3006 3017 2804 108 105 56 68 237 1918 1538 52 1990 168 57 74 54 83 192 692 233 348 49 241
internal_value=-0.00127859 -0.000638691 -0.0011866 0.00160949 0.00374852 0.00013555 -0.00129977 -0.00285383 -0.00093969 -0.000497707 0.000673016 0.00245436 -0.000605264 -0.000372026 -0.0015 0.00069014 0.00140775 -0.000678462 -8.62816e-05 -0.000650001 0.00154504 -0.00108418
internal_weight=17090 12166 7136 269 164 5030 6867 4924 3850 2175 2226 236 2123 1886 1675 137 266 1620 928 695 106 589
internal_count=17090 12166 7136 269 164 5030 6867 4924 3850 2175 2226 236 2123 1886 1675 137 266 1620 928 695 106 589
is_linear=0
shrinkage=0.035


Tree=72
num_leaves=23
num_cat=0
split_feature=12 3 15 12 20 20 18 11 6 21 16 20 20 21 0 6 21 20 21 20 20 3
split_gain=14.7659 3.36816 1.87995 1.54106 1.21442 1.03477 0.992635 0.943665 1.27458 0.849668 0.817332 0.816892 1.52204 2.18161 1.27456 1.1776 0.83888 0.804862 1.60368 0.767667 0.751386 0.733429
threshold=1.8048146182064551 9.2100218797517588 0.25462962962962971 7.7116519410830922 25.500000000000004 29.500000000000004 1.0000000180025095e-35 11.447715753868545 18.719087295446389 2.5000000000000004 1.0000000180025095e-35 11.500000000000002 6.5000000000000009 1.5000000000000002 33.500000000000007 26.068648301856552 3.5000000000000004 3.5000000000000004 3.5000000000000004 2.5000000000000004 11.500000000000002 23.023809523809529
decision_type=2 2 2 2 2 2 2 2 2 2 2 2 2 2 2 2 2 2 2 2 2 2
left_child=2 3 5 4 6 10 -2 11 -9 -7 -1 12 17 -14 16 -15 -13 18 19 -3 -8 -17
right_child=1 7 -4 -5 -6 9 20 8 -10 -11 -12 14 13 15 -16 21 -18 -19 -20 -21 -22 -23
leaf_value=-0.049554803328844946 -0.03685805661213503 0.06610970801617036 -0.094148218771022724 0.083243868969142432 0.00087460785016304902 -0.066358739455659954 0.0079868471544324929 -0.026057887247673793 0.18594369718439988 0.018482735061752541 0.0012577511627209904 -0.0005205985298856738 -0.056134106334201551 0.094551347968305222 0.19893914715830568 -0.056627953621855673 -0.042871592735908043 -0.046445482317985579 -0.045146913302929373 -0.011092078575031391 -0.077718811541153135 0.21660138565489767
leaf_weight=3787 3935 168 2278 109 886 74 500 74 88 98 159 2110 187 635 86 114 819 544 224 90 95 47
leaf_count=3787 3935 168 2278 109 886 74 500 74 88 98 159 2110 187 635 86 114 819 544 224 90 95 47
internal_value=-0.00123989 -0.00044289 -0.00257046 -0.0010443 -0.00113051 -0.00210781 -0.00136218 0.000194856 0.00278742 0.000454801 -0.00222437 0.00010509 0.000653425 0.00163664 -0.000254968 0.00244257 -0.000386504 -0.000274977 0.000740246 0.00262167 -8.27511e-10 -0.000126507
internal_weight=17107 10711 6396 5525 5416 4118 4530 5186 162 172 3946 5024 2009 983 3015 796 2929 1026 482 258 595 161
internal_count=17107 10711 6396 5525 5416 4118 4530 5186 162 172 3946 5024 2009 983 3015 796 2929 1026 482 258 595 161
is_linear=0
shrinkage=0.035


Tree=73
num_leaves=23
num_cat=0
split_feature=9 15 3 16 16 20 12 1 20 8 20 23 12 9 11 11 6 6 4 23 10 25
split_gain=14.1841 2.98925 2.6005 1.52003 1.48718 1.26956 1.11439 1.43232 1.00318 0.939885 0.754221 0.82594 0.749858 0.699626 1.15216 0.760343 0.796602 1.19002 1.07159 0.654082 0.746045 0.627353
threshold=3.7866219275002684 0.18350168350168353 15.022525042907136 1.0000000180025095e-35 1.0000000180025095e-35 29.500000000000004 3.4610800596760201 12.996151141142256 25.500000000000004 17.855519703650462 30.500000000000004 33050.000000000007 5.1139140002659813 26.501239154220524 11.447715753868545 4.2148785789142886 17.961864802538603 13.982558156555685 10.946439606378263 52700.000000000007 1.2724180205607036 106.50000000000001
decision_type=2 2 2 2 2 2 2 2 2 2 2 2 2 2 2 2 2 2 2 2 2 2
left_child=1 4 3 8 5 19 -5 -8 21 12 11 -7 -10 15 -15 16 17 18 -4 -1 -21 -2
right_child=2 -3 13 6 -6 10 7 -9 9 -11 -12 -13 -14 14 -16 -17 -18 -19 -20 20 -22 -23
leaf_value=-0.04232514928487887 0.046750978474324155 -0.090853031114036933 -0.041059659938270029 -0.015961385691528288 0.011599757196022175 -0.0039516249027901967 0.15302457558423954 0.059924136145739999 0.0060362012164516888 0.13308607494489916 -0.096268369184489958 0.028324041168308861 -0.04960650078386887 0.017294875212636555 0.24744337651110571 0.0052602333980597731 -0.011830106511381043 0.094012896600820337 0.080621603232125708 -0.035460923222602067 -0.0045086874191441655 -0.028908503664613876
leaf_weight=3561 145 3054 102 95 213 55 55 79 836 64 72 52 149 108 48 2253 141 67 150 211 580 5137
leaf_count=3561 145 3054 102 95 213 55 55 79 836 64 72 52 149 108 48 2253 141 67 150 211 580 5137
internal_value=-0.00124751 -0.00235172 -0.000331674 -0.000717061 -0.00179017 -0.00192593 0.00203419 0.00405396 -0.000820866 0.000152751 0.000874999 0.00275 -0.000106061 0.000543145 0.00280435 0.000401765 0.00169355 0.00265741 0.00140272 -0.00204602 -0.00108166 -0.0010175
internal_weight=17227 7798 9429 6560 4744 4531 229 134 6331 1049 179 107 985 2869 156 2713 460 319 252 4352 791 5282
internal_count=17227 7798 9429 6560 4744 4531 229 134 6331 1049 179 107 985 2869 156 2713 460 319 252 4352 791 5282
is_linear=0
shrinkage=0.035


Tree=74
num_leaves=23
num_cat=0
split_feature=12 3 15 16 20 20 21 16 20 21 2 12 6 4 2 10 10 18 25 8 21 10
split_gain=14.8876 2.74797 2.11229 2.02069 1.33819 2.30853 3.17195 1.01151 0.93916 1.25385 0.88208 0.845914 0.805515 0.779807 0.753487 1.08505 0.746115 0.672378 0.783768 0.665986 0.819586 0.671482
threshold=1.7627137106115056 14.209780574436282 0.25462962962962971 1.0000000180025095e-35 29.500000000000004 30.500000000000004 2.5000000000000004 1.0000000180025095e-35 27.500000000000004 2.5000000000000004 4.8090909090909095 3.4610800596760201 2.6863873637672371 8.1342290082565736 9.9933189851049971 2.3608110074759998 2.7516228977511781 1.0000000180025095e-35 195.50000000000003 28.720298472665245 3.5000000000000004 6.3733074317066709
decision_type=2 2 2 2 2 2 2 2 2 2 2 2 2 2 2 2 2 2 2 2 2 2
left_child=2 3 7 4 10 6 -6 8 -1 -10 -2 -3 -9 -13 15 -5 17 -12 -19 20 21 -15
right_child=1 11 -4 14 5 -7 -8 12 9 -11 16 13 -14 19 -16 -17 -18 18 -20 -21 -22 -23
leaf_value=-0.046562594740444642 -0.028181524752498976 0.044149215321449865 -0.087673175025045652 0.069026132534928841 -0.047264756403974414 -0.060831608241102016 0.086415948130291229 0.031207202848296305 -0.05781663533502468 0.0094879659748146623 -0.011699413190111807 -0.035810033163437144 -0.040462452407771854 0.056416953575884707 0.14699690758363315 -0.0216446847323109 -0.026299034190320755 0.24715323882266382 0.0049005154610012557 0.1539670607544662 -0.011752413335558928 -0.00081936856603162804
leaf_weight=3362 1972 98 2299 79 61 109 104 80 179 202 1850 362 75 1117 77 124 3055 70 247 65 1014 493
leaf_count=3362 1972 98 2299 79 61 109 104 80 179 202 1850 362 75 1117 77 124 3055 70 247 65 1014 493
internal_value=-0.00115425 -0.000373052 -0.0025237 -0.000728171 -0.000839757 0.00151792 0.00411765 -0.0020114 -0.00212727 -0.000417099 -0.000932978 0.000494926 0.000656249 0.000382525 0.00214912 0.000874999 -0.00068768 -0.00018048 0.00128261 0.000592427 0.000493913 0.000986067
internal_weight=17094 10897 6197 7748 7468 274 165 3898 3743 381 7194 3149 155 3051 280 203 5222 2167 317 2689 2624 1610
internal_count=17094 10897 6197 7748 7468 274 165 3898 3743 381 7194 3149 155 3051 280 203 5222 2167 317 2689 2624 1610
is_linear=0
shrinkage=0.035


Tree=75
num_leaves=23
num_cat=0
split_feature=9 3 25 9 16 17 20 20 20 21 21 20 20 2 3 20 18 12 20 20 24 0
split_gain=15.273 2.89981 1.62274 1.30977 1.19161 0.958295 0.849609 2.68624 0.813812 1.21294 2.99365 2.95298 1.91823 0.966168 0.959556 0.812458 0.794124 0.776755 0.806027 0.775731 0.69674 0.660937
threshold=2.5714480930513881 9.2100218797517588 106.50000000000001 1.3566482833550577 1.0000000180025095e-35 1.0000000180025095e-35 27.500000000000004 28.500000000000004 11.500000000000002 2.5000000000000004 1.5000000000000002 6.5000000000000009 10.500000000000002 12.996151141142256 26.94184716045481 22.500000000000004 1.0000000180025095e-35 7.7116519410830922 1.5000000000000002 29.500000000000004 9795.0000000000018 11.852133989485408
decision_type=2 2 2 2 2 2 2 2 2 2 2 2 2 2 2 2 2 2 2 2 2 2
left_child=3 2 -2 -1 15 6 8 -8 9 10 -3 -12 14 -13 -11 17 -7 18 -4 -5 -6 -17
right_child=1 5 4 19 20 16 7 -9 -10 12 11 13 -14 -15 -16 21 -18 -19 -20 -21 -22 -23
leaf_value=-0.084604613899169054 0.1306874290378682 -0.049954683443835989 0.0015501133949914207 -0.046521509525063488 0.00066046139166713535 0.019956595102475799 0.20978755292183443 -0.017556521780491625 -0.026154430342995413 -0.038624204320683565 0.011930255576466724 0.075122089000742132 0.14831340525099423 0.31067093918000926 0.05016377216729942 -0.012237579046278433 -0.12361183545576629 0.056143985562620596 -0.031878789110114082 0.002145711294085223 0.14134519098185966 0.015855684226701784
leaf_weight=2378 48 191 324 2827 192 1511 79 253 1874 809 158 53 76 61 99 1424 96 79 4311 121 68 184
leaf_count=2378 48 191 324 2827 192 1511 79 253 1874 809 158 53 76 61 99 1424 96 79 4311 121 68 184
internal_value=-0.00118103 -0.000481085 -0.000967974 -0.00273842 -0.0010186 0.000129629 -0.000179881 0.00148516 -0.000353579 0.00026033 0.00173504 0.00408123 -0.000421133 0.00826471 -0.00089321 -0.00111577 0.000842431 -0.00134912 -0.00141056 -0.00221995 0.00125472 -0.000418786
internal_weight=17216 11890 6630 5326 6582 5260 3653 332 3321 1447 463 272 984 114 908 6322 1607 4714 4635 2948 260 1608
internal_count=17216 11890 6630 5326 6582 5260 3653 332 3321 1447 463 272 984 114 908 6322 1607 4714 4635 2948 260 1608
is_linear=0
shrinkage=0.035


Tree=76
num_leaves=23
num_cat=0
split_feature=9 3 9 21 20 9 20 20 21 20 18 20 20 20 16 16 22 12 7 24 4 9
split_gain=15.7676 3.11171 1.11467 1.10458 1.78463 1.16167 1.09082 1.82865 1.51526 3.37275 5.90797 1.66862 1.62753 2.45001 1.05906 1.03038 1.02388 0.858041 0.7422 0.710582 0.956031 0.677339
threshold=2.4444909400534773 9.0039695662631729 1.3566482833550577 3.5000000000000004 2.5000000000000004 26.501239154220524 6.5000000000000009 7.5000000000000009 2.5000000000000004 27.500000000000004 1.0000000180025095e-35 16.500000000000004 9.5000000000000018 11.500000000000002 1.0000000180025095e-35 1.0000000180025095e-35 31488.000000000004 3.5521437003202547 4.1439643496121894 10740.000000000002 3.4454159024562703 17.384285681935161
decision_type=2 2 2 2 2 2 2 2 2 2 2 2 2 2 2 2 2 2 2 2 2 2
left_child=2 14 -1 4 -3 21 -6 -8 16 11 -11 12 -10 -14 19 -4 -9 18 -16 -2 -21 -5
right_child=1 3 15 5 6 -7 7 8 9 10 -12 -13 13 -15 17 -17 -18 -19 -20 20 -22 -23
leaf_value=-0.081643452412698131 -0.02965269881622597 0.063084236551618045 -0.044323645571836393 -0.037552654877047287 -0.048384806455138762 0.16925629859558319 0.080343076937297267 0.010626526573449825 -0.064559776623989845 0.22380520178004254 -0.046177823141989795 -0.027316471642702539 0.21960265433362253 0.024449034205938299 0.022657060301751165 0.0071363083112491411 -0.025018971169172153 0.11873708635752905 -0.058042315881345959 0.0090811649766003137 -0.011105085806462554 -0.0028607627165750881
leaf_weight=2394 5480 168 2496 803 358 89 90 1057 89 84 86 477 95 186 124 93 778 72 91 257 895 909
leaf_count=2394 5480 168 2496 803 358 89 90 1057 89 84 86 477 95 186 124 93 778 72 91 257 895 909
internal_value=-0.00117495 -0.000494588 -0.0028334 0.000143344 0.000510941 -0.000554264 0.000322995 0.00054988 0.000383443 0.00146575 0.0059 0.000525821 0.00228667 0.0035979 -0.00098267 -0.00229915 -0.00020924 0.00105479 -8.155e-10 -0.00107421 -0.000263181 -0.000768492
internal_weight=17171 12188 4983 5269 3468 1801 3300 2942 2852 1017 170 847 370 281 6919 2589 1835 287 215 6632 1152 1712
internal_count=17171 12188 4983 5269 3468 1801 3300 2942 2852 1017 170 847 370 281 6919 2589 1835 287 215 6632 1152 1712
is_linear=0
shrinkage=0.035


Tree=77
num_leaves=23
num_cat=0
split_feature=9 9 9 16 16 20 6 1 12 6 20 20 8 8 3 0 10 10 10 3 21 1
split_gain=16.4147 2.96907 1.47277 1.14184 1.04012 0.997111 0.792928 0.729292 1.39514 0.713351 0.688124 1.95629 0.681512 0.606665 0.89638 0.587835 0.545304 0.601153 1.00057 1.12916 0.892113 0.753434
threshold=2.6053233576087846 13.758622911117495 1.3566482833550577 1.0000000180025095e-35 1.0000000180025095e-35 29.500000000000004 2.3744258531167257 12.996151141142256 3.3870657989300579 8.7230576230351975 29.500000000000004 30.500000000000004 13.565653604684295 11.430029285932017 9.6921791352322053 5.9323336949891461 3.0550504633038957 6.3733074317066709 5.7981934789249348 13.982558156555685 3.5000000000000004 11.852133989485408
decision_type=2 2 2 2 2 2 2 2 2 2 2 2 2 2 2 2 2 2 2 2 2 2
left_child=2 3 -1 9 5 -4 -7 8 -5 -2 12 -12 -3 14 -11 -16 -14 18 19 -18 -20 -19
right_child=1 10 4 7 -6 6 -8 -9 -10 13 11 -13 16 -15 15 -17 17 21 20 -21 -22 -23
leaf_value=-0.078785931578253685 -0.023946052529687963 0.044548946913695202 -0.043341929096671998 0.010271715933678316 0.0071022989096429278 -0.03177009452218485 0.018491474930598325 -0.064763285540779869 0.14188488732534105 -0.012276032956094007 0.17508632681345584 -0.095788619728932836 -0.044145653096023085 -0.028709623485207062 -0.053228370554719462 0.025790916605137298 -0.035262393208728926 0.066687641245482765 0.10618003957679337 0.0436015018807384 -0.0043202837243282166 -0.012195637879393571
leaf_weight=2388 5913 81 2782 181 112 76 45 59 51 841 87 59 384 459 65 412 340 119 153 1220 81 1214
leaf_count=2388 5913 81 2782 181 112 76 45 59 51 841 87 59 384 459 65 412 340 119 153 1220 81 1214
internal_value=-0.0011213 -0.000383317 -0.0027169 -0.000765215 -0.00217881 -0.00230846 0.000666666 0.00134797 0.00225949 -0.000848279 0.00042733 0.00275828 0.000324019 -0.000219978 0.000150793 0.00136514 0.000242889 0.000400063 0.000819065 0.00048083 0.00294351 -0.00015172
internal_weight=17122 11719 5403 7981 3015 2903 121 291 232 7690 3738 146 3592 1777 1318 477 3511 3127 1794 1560 234 1333
internal_count=17122 11719 5403 7981 3015 2903 121 291 232 7690 3738 146 3592 1777 1318 477 3511 3127 1794 1560 234 1333
is_linear=0
shrinkage=0.035


Tree=78
num_leaves=23
num_cat=0
split_feature=9 3 16 9 16 27 11 11 22 2 20 1 20 2 11 11 10 6 4 8 24 7
split_gain=16.7555 2.1887 2.09984 0.964359 1.07921 0.935117 0.908483 1.00901 0.888721 1.29657 0.711443 0.697281 0.872265 0.635716 0.803983 0.620178 0.625566 0.585313 0.809018 0.776923 0.557885 1.24737
threshold=2.4444909400534773 13.982558156555685 1.0000000180025095e-35 1.3566482833550577 1.0000000180025095e-35 3.5000000000000004 1.8232322463624395 1.8883680959850138 31797.000000000004 4.9584559719734012 29.500000000000004 2.4583500637544722 11.500000000000002 34.129284693525193 9.3698428935884497 6.9303218716858934 8.2404345701402111 18.719087295446389 26.068648301856552 25.07353641275154 9795.0000000000018 3.5719447622651486
decision_type=2 2 2 2 2 2 2 2 2 2 2 2 2 2 2 2 2 2 2 2 2 2
left_child=3 2 6 -1 -5 8 10 11 9 -4 -2 -8 -13 14 15 16 -3 -16 19 -19 -9 -22
right_child=1 13 5 4 -6 -7 7 20 -10 -11 -12 12 -14 -15 17 -17 -18 18 -20 -21 21 -23
leaf_value=-0.076028423973014819 -0.02876067868706712 0.013827023876739319 0.027698727135859677 -0.041824961578288467 0.026696516549681332 -0.018707596125480275 0.016980034176134036 -0.024822763129485639 0.028664214730100803 0.13749547295179051 0.011554574515686058 0.014593143052851676 -0.03410367200983358 -0.072825759464055118 0.010082382637266763 -0.015364311639905617 0.078986274355651559 0.10406424554159095 -0.001915185757443504 0.23675802405429286 0.024921724483943884 -0.009446668824752506
leaf_weight=2405 1741 2299 48 2462 91 97 76 4198 144 45 78 57 77 159 163 698 49 47 51 60 122 1983
leaf_count=2405 1741 2299 48 2462 91 97 76 4198 144 45 78 57 77 159 163 698 49 47 51 60 122 1983
internal_value=-0.00111498 -0.000415226 -0.000714855 -0.00283004 -0.0023233 0.00197198 -0.000825777 -0.000627187 0.00315289 0.00578571 -0.00152358 0.0017093 2.51791e-05 0.000316199 0.000423487 0.000239757 0.000516149 0.00208282 0.00358589 0.00525 -0.0007091 -0.000232228
internal_weight=17150 12192 8666 4958 2553 334 8332 6513 237 93 1819 210 134 3526 3367 3046 2348 321 158 107 6303 2105
internal_count=17150 12192 8666 4958 2553 334 8332 6513 237 93 1819 210 134 3526 3367 3046 2348 321 158 107 6303 2105
is_linear=0
shrinkage=0.035


Tree=79
num_leaves=23
num_cat=0
split_feature=9 8 9 24 25 1 2 8 20 22 27 12 11 10 20 5 9 20 20 21 21 10
split_gain=17.1129 1.98665 1.45806 1.28457 1.08582 1.02024 0.793786 0.751566 0.704537 0.636659 0.785973 1.07864 0.693232 0.883522 0.665604 0.629385 0.603681 0.597387 1.06234 0.764276 0.584294 0.559679
threshold=2.6210518539709882 16.575153934138797 1.3566482833550577 9795.0000000000018 106.50000000000001 3.1082911943165921 6.9791014967533531 16.727548545557891 29.500000000000004 24335.000000000004 2.5000000000000004 3.1227165101146142 2.7063214561791864 2.5448360411214028 22.500000000000004 2.4260456986287315 2.1888710017658437 11.500000000000002 9.5000000000000018 2.5000000000000004 3.5000000000000004 4.5408201482824371
decision_type=2 2 2 2 2 2 2 2 2 2 2 2 2 2 2 2 2 2 2 2 2 2
left_child=2 3 -1 4 -2 6 -5 -3 -4 10 11 -6 13 -12 17 -16 -10 18 -11 -20 -15 -7
right_child=1 7 8 5 9 21 -8 -9 16 14 12 -13 -14 20 15 -17 -18 -19 19 -21 -22 -23
leaf_value=-0.073522681894232014 0.064473027556419538 0.05248967251944682 -0.03920285816301005 0.005941013688592324 0.12039499179191167 0.00050347677864060782 0.026041218891088118 0.013511203113356013 -0.0286294432677595 -0.032512349473418668 -0.023929392833729655 -0.0010089959166335774 -0.040076770344407431 0.049892280169356082 -0.059705486994198129 0.0010811981230076993 0.019353035610689618 -0.058243836696704826 -0.054137463348822155 0.066720438941852575 -0.018171255284097004 -0.037943584926482456
leaf_weight=2372 89 52 2955 297 65 1834 63 2824 71 1131 1324 807 453 87 135 674 54 1101 96 95 71 494
leaf_count=2372 89 52 2955 297 65 1834 63 2824 71 1131 1324 807 453 87 135 674 54 1101 96 95 71 494
internal_value=-0.00107945 -0.000322263 -0.00269828 -0.000583665 -0.000863444 4.80868e-05 0.00177397 0.000472578 -0.00217261 -0.000923065 -0.00052525 0.000331242 -0.000920104 -0.000534298 -0.00126182 -0.00036118 0.00026923 -0.00155395 -0.00102072 0.00132143 0.0018681 -0.000214531
internal_weight=17144 11692 5452 8816 6128 2688 360 2876 3080 6039 2807 872 1935 1482 3232 809 125 2423 1322 191 158 2328
internal_count=17144 11692 5452 8816 6128 2688 360 2876 3080 6039 2807 872 1935 1482 3232 809 125 2423 1322 191 158 2328
is_linear=0
shrinkage=0.035


Tree=80
num_leaves=23
num_cat=0
split_feature=9 9 9 16 20 16 1 21 3 11 11 7 12 3 20 20 21 7 23 6 10 20
split_gain=16.4482 2.61814 1.32561 1.12817 0.961273 0.946998 1.02735 0.784402 0.817536 0.658024 0.981079 0.653871 0.636595 0.631625 0.625076 1.37782 5.90702 1.80657 0.570275 0.694068 0.607918 0.56183
threshold=2.5714480930513881 10.157334819439784 1.3566482833550577 1.0000000180025095e-35 29.500000000000004 1.0000000180025095e-35 20.983158914892449 3.5000000000000004 9.6921791352322053 1.6391501416322993 2.6070487714469968 1.8571940231097155 7.6109599464759841 34.129284693525193 30.500000000000004 27.500000000000004 2.5000000000000004 18.296728272861028 60300.000000000007 8.9846950015344529 2.1157009420498198 13.500000000000002
decision_type=2 2 2 2 2 2 2 2 2 2 2 2 2 2 2 2 2 2 2 2 2 2
left_child=2 9 -1 4 -4 7 -7 8 12 -2 -11 -6 -3 -9 15 -10 -17 -18 19 -12 -20 -22
right_child=1 5 3 -5 11 6 -8 13 14 10 18 -13 -14 -15 -16 16 17 -19 20 -21 21 -23
leaf_value=-0.070794135267661165 -0.026408178980205917 -0.029134018871012708 -0.039198425696133556 0.013395281441785249 -0.056399078712087665 0.12382457780278693 -0.0018552151005378388 -0.016581769835136352 0.011614278828897857 -0.0046701233132356362 -0.037112538271409347 0.018458031044402998 0.049377398003537409 0.055679239186624076 -0.11119220269493278 -0.029036682423352823 0.13497071482917264 0.23736851109389168 0.050145493433545268 -0.0012280495296808098 0.0040042591792347586 -0.04726316392888584
leaf_weight=2380 1079 562 2731 108 51 104 94 1603 2378 2711 1500 75 93 94 66 147 55 48 86 391 393 420
leaf_count=2380 1079 562 2731 108 51 104 94 1603 2378 2711 1500 75 93 94 66 147 55 48 86 391 393 420
internal_value=-0.00112373 -0.000393229 -0.00273458 -0.00221549 -0.00235046 0.000187368 0.00253448 8.93874e-05 0.000402802 -0.000858391 -0.000696695 0.000507633 -0.000689395 -0.000518215 0.00067562 0.000766995 0.00322549 0.00946296 -0.00115832 -0.00150633 -0.000402656 -0.000718827
internal_weight=17169 11824 5345 2965 2857 5244 198 5046 3349 6580 5501 126 655 1697 2694 2628 250 103 2790 1891 899 813
internal_count=17169 11824 5345 2965 2857 5244 198 5046 3349 6580 5501 126 655 1697 2694 2628 250 103 2790 1891 899 813
is_linear=0
shrinkage=0.035


Tree=81
num_leaves=23
num_cat=0
split_feature=8 8 12 20 20 21 20 12 20 11 20 21 21 20 20 0 1 11 22 11 0 5
split_gain=13.9785 1.91232 1.13868 0.834533 2.16282 2.44449 1.68904 0.816035 0.70824 0.704004 0.651593 1.05913 1.22618 0.712043 0.721543 1.28989 1.54888 0.638204 0.598024 0.561524 0.556823 0.625871
threshold=2.5000864540425067 16.469772842650677 0.88116685505925996 6.5000000000000009 11.500000000000002 1.5000000000000002 22.500000000000004 6.918985069027408 1.5000000000000002 1.6856262470009944 26.500000000000004 2.5000000000000004 3.5000000000000004 11.500000000000002 6.5000000000000009 22.797540755617458 17.903471131289511 2.0821058655036846 47274.500000000007 8.5871128860910755 14.007413885646328 11.827380952380954
decision_type=2 2 2 2 2 2 2 2 2 2 2 2 2 2 2 2 2 2 2 2 2 2
left_child=2 3 -1 8 5 -5 7 -6 -2 -7 13 -12 -13 14 -3 -16 -17 -11 -10 -18 -15 -22
right_child=1 10 -4 4 6 9 -8 -9 18 17 11 12 -14 20 15 16 19 -19 -20 -21 21 -23
leaf_value=-0.090136946762548173 0.0018835808162158847 0.0023634572760091108 -0.035918567123957815 -0.039751882611780039 -0.035190826215523191 -0.018387854846915751 -0.0011288834996811832 0.038201095892540067 -0.043893037676508352 0.063770241890985124 -0.020817090386442715 0.19355001638883354 -0.0018547702537162283 0.022453081731970571 0.017943158343452691 0.26040709053810557 -0.0030589256639487971 0.025595953582637495 -0.0092639924550504144 0.13841668861222009 0.023884932636092759 -0.035731574029525384
leaf_weight=1648 401 715 3613 350 2952 154 2286 86 1331 150 146 106 76 302 326 55 84 888 359 75 178 879
leaf_count=1648 401 715 3613 350 2952 154 2286 86 1331 150 146 106 76 302 326 55 84 888 359 75 178 879
internal_value=-0.00104093 -0.000374581 -0.00254292 -0.000629548 -0.000438583 0.000708144 -0.000774349 -0.00131466 -0.00124571 0.00147076 0.000395486 0.00186036 0.0036123 0.000201794 0.000805555 0.00176605 0.0038516 0.00180201 -0.001559 0.00183537 -0.000343842 -0.000731639
internal_weight=17160 11899 5261 8957 6866 1542 5324 3038 2091 1192 2942 328 182 2614 1255 540 214 1038 1690 159 1359 1057
internal_count=17160 11899 5261 8957 6866 1542 5324 3038 2091 1192 2942 328 182 2614 1255 540 214 1038 1690 159 1359 1057
is_linear=0
shrinkage=0.035


Tree=82
num_leaves=23
num_cat=0
split_feature=9 8 9 24 8 1 20 10 20 15 22 2 8 20 21 18 21 20 20 4 1 21
split_gain=13.123 2.14987 1.4661 1.2284 0.766685 0.698841 0.763947 0.793689 0.674047 0.886551 0.650931 0.986771 0.633471 0.713812 0.927399 1.33993 2.28363 0.682658 0.688354 1.05032 0.941071 1.98291
threshold=2.5714480930513881 16.575153934138797 1.3566482833550577 9795.0000000000018 16.727548545557891 4.1192244068871 26.500000000000004 3.1620382566543399 12.500000000000002 1.0000000180025095e-35 47274.500000000007 10.946439606378263 29.964285714285719 26.500000000000004 2.5000000000000004 1.0000000180025095e-35 3.5000000000000004 12.500000000000002 6.5000000000000009 6.9966807769941894 17.903471131289511 2.5000000000000004
decision_type=2 2 2 2 2 2 2 2 2 2 2 2 2 2 2 2 2 2 2 2 2 2
left_child=2 3 -1 -2 -3 8 7 10 9 -5 11 -7 13 17 -15 16 -16 18 -6 -20 21 -21
right_child=1 4 -4 5 12 6 -8 -9 -10 -11 -12 -13 -14 14 15 -17 -18 -19 19 20 -22 -23
leaf_value=-0.068610841153487881 -0.021982540438375719 0.047398560437194419 -0.034547697785025408 0.040448819961123213 -0.0035512874437335909 0.10429899164432598 0.018735319556395479 -0.033608202799771517 -0.00051792173889674768 -0.0098020410556477599 -0.015262105206097019 -0.030929721643167703 0.17775292263451664 -0.021461758535599885 0.22057615153502183 -0.10461453056272872 0.010902906705477751 -0.01285151487960659 -0.03329614617057354 0.33849597334348841 0.070267587016490482 0.076028638827872183
leaf_weight=2406 6194 52 2923 141 640 124 321 1000 334 80 627 104 63 145 60 46 83 1222 112 46 307 118
leaf_count=2406 6194 52 2923 141 640 124 321 1000 334 80 627 104 63 145 60 46 83 1222 112 46 307 118
internal_value=-0.00104125 -0.000388956 -0.00248294 -0.000658455 0.000435839 -3.32611e-05 -0.000322559 -0.000602151 0.0010625 0.00253982 0.00016279 0.00175751 0.000347909 0.000258979 0.00176549 0.00335567 0.00501351 4.28563e-05 0.000632735 0.0015 0.00223529 0.00436982
internal_weight=17148 11819 5329 8925 2894 2731 2176 1855 555 221 855 228 2842 2779 334 189 143 2445 1223 583 471 164
internal_count=17148 11819 5329 8925 2894 2731 2176 1855 555 221 855 228 2842 2779 334 189 143 2445 1223 583 471 164
is_linear=0
shrinkage=0.035


Tree=83
num_leaves=23
num_cat=0
split_feature=9 9 6 12 17 21 20 20 20 20 5 20 1 8 23 11 10 10 16 8 0 0
split_gain=13.3531 1.7964 1.55356 0.939197 1.10008 0.722864 1.33248 1.75439 0.760985 0.925183 1.46471 0.889693 0.750318 1.21571 1.00288 0.801716 0.794784 0.756218 0.701726 0.698447 0.691563 0.665597
threshold=2.6053233576087846 0.75614179818437999 11.00884074265187 7.6109599464759841 1.0000000180025095e-35 3.5000000000000004 2.5000000000000004 6.5000000000000009 12.500000000000002 7.5000000000000009 17.961864802538603 8.5000000000000018 17.009731282911645 21.219916865514886 61700.000000000007 3.4161864220691611 4.2314018840996352 3.2877840272018823 1.0000000180025095e-35 18.65106459210639 7.2587121198963382 30.236721569975128
decision_type=2 2 2 2 2 2 2 2 2 2 2 2 2 2 2 2 2 2 2 2 2 2
left_child=1 -1 3 18 -5 6 -4 -8 9 -7 11 -11 13 14 20 -16 17 -14 -2 -19 -9 -18
right_child=2 -3 5 4 -6 8 7 12 -10 10 -12 -13 16 -15 15 -17 21 19 -20 -21 -22 -23
leaf_value=-0.097760167956231769 -0.018342642620433558 -0.033452247852143402 0.081269015629504629 -0.00091944637862655131 0.17679919813678174 -0.026595504472159769 -0.090558167087399846 0.020472584667448921 -0.034763373910670074 0.11883878582061001 0.1878824505048704 -0.040637690142256794 -0.036570292632354069 0.1657321357871574 -0.0042167475884125243 0.063228919685686641 -0.035488280389177014 0.024874797651623971 0.01342667751753647 0.17662274632873354 -0.00043895674797415473 0.069313300609482292
leaf_weight=1597 7552 3847 134 247 81 483 220 82 690 90 76 145 68 85 48 136 475 45 310 65 600 99
leaf_count=1597 7552 3847 134 247 81 483 220 82 690 90 76 145 68 85 48 136 475 45 310 65 600 99
internal_value=-0.000975845 -0.00240806 -0.000308965 -0.000574436 0.00122973 0.000300056 0.000726478 0.000475622 -0.000279719 0.000442427 0.00192721 0.000437499 0.000864753 0.00151569 0.00108094 0.00335185 1.38697e-05 0.00204645 -0.000652664 0.00380435 0.000422852 -0.000598446
internal_weight=17175 5444 11731 8190 328 3541 2057 1923 1484 794 311 235 1703 951 866 184 752 178 7862 110 682 574
internal_count=17175 5444 11731 8190 328 3541 2057 1923 1484 794 311 235 1703 951 866 184 752 178 7862 110 682 574
is_linear=0
shrinkage=0.035


Tree=84
num_leaves=23
num_cat=0
split_feature=9 9 9 24 17 11 9 16 20 10 10 22 4 6 20 12 6 25 4 8 6 4
split_gain=10.9745 2.34967 1.5788 1.29839 0.957012 1.05172 0.88907 0.754344 0.676599 1.04257 0.670423 1.10756 1.00658 0.720609 0.691231 0.648141 0.780843 0.611065 0.585129 0.815084 0.788829 0.983222
threshold=2.5714480930513881 0.75614179818437999 9.6243158627087215 10740.000000000002 1.0000000180025095e-35 9.3698428935884497 9.1250851930786308 1.0000000180025095e-35 29.500000000000004 1.3972762620115433 3.5923198500080589 47334.500000000007 3.4454159024562703 2.6863873637672371 13.500000000000002 3.5818887807140345 8.9846950015344529 455.50000000000006 5.9680479807034317 10.500723437673113 9.2654282860094579 9.2100218797517588
decision_type=2 2 2 2 2 2 2 2 2 2 2 2 2 2 2 2 2 2 2 2 2 2
left_child=1 -1 3 -2 5 17 10 8 -3 -10 11 12 13 -5 -13 16 -6 18 -4 20 21 -20
right_child=2 7 4 6 15 -7 -8 -9 9 -11 -12 14 -14 -15 -16 -17 -18 -19 19 -21 -22 -23
leaf_value=-0.094338562077763657 -0.02032065492150514 -0.033979895041338908 -0.042709446559219794 0.029916024717944755 -0.0033618829950459281 0.065015783504460981 -0.029661799956109645 0.0046917359670653677 -0.028952481150080814 0.028680055112811402 -0.041241160748588322 0.063273599180950962 -0.019322972852574116 0.0088275443883579462 0.024271287268109776 0.014970191622966381 0.12801645380984622 -0.031846258557484325 0.090918482645022211 -0.002406011659978489 -0.013942974126573922 0.034642772103779675
leaf_weight=1560 5300 3447 337 57 47 357 140 125 94 55 126 79 316 170 108 1430 52 851 48 2309 77 49
leaf_count=1560 5300 3447 337 57 47 357 140 125 94 55 126 79 316 170 108 1430 52 851 48 2309 77 49
internal_value=-0.000908543 -0.00223534 -0.000315231 -0.000694891 0.000112009 -0.000167494 0.000451048 -0.00174343 -0.00183796 0.000363636 0.000890243 0.00130952 0.000459853 0.00223276 0.00360937 0.000857887 0.00356731 -0.000348477 -9.29212e-05 8.72178e-05 0.00236592 0.00439216
internal_weight=17134 5281 11853 6296 5557 4028 996 3721 3596 149 856 730 543 227 187 1529 99 3671 2820 2483 174 97
internal_count=17134 5281 11853 6296 5557 4028 996 3721 3596 149 856 730 543 227 187 1529 99 3671 2820 2483 174 97
is_linear=0
shrinkage=0.035


Tree=85
num_leaves=23
num_cat=0
split_feature=11 12 8 20 20 20 10 8 18 22 25 22 10 21 16 1 27 21 20 21 20 18
split_gain=11.743 3.01865 1.70614 1.18398 0.946804 0.940366 0.778816 0.975696 0.669797 0.861224 1.2713 0.656229 0.801323 0.617214 0.603421 0.873196 0.547171 0.510731 1.19796 0.887963 1.17251 3.72544
threshold=1.8232322463624395 0.88116685505925996 16.321672086511153 22.500000000000004 13.500000000000002 6.5000000000000009 1.916077827082771 2.9845125473974528 1.0000000180025095e-35 33201.500000000007 233.00000000000003 28242.500000000004 5.8716429111612731 2.5000000000000004 1.0000000180025095e-35 22.052447947677845 2.5000000000000004 3.5000000000000004 29.500000000000004 2.5000000000000004 27.500000000000004 1.0000000180025095e-35
decision_type=2 2 2 2 2 2 2 2 2 2 2 2 2 2 2 2 2 2 2 2 2 2
left_child=1 -1 3 4 5 8 7 -7 -2 10 -10 12 13 -6 -4 -16 -9 19 -19 -5 -21 -22
right_child=2 -3 14 17 11 6 -8 16 9 -11 -12 -13 -14 -15 15 -17 -18 18 -20 20 21 -23
leaf_value=-0.088151243892075071 -0.029253588773027719 -0.030978403361277621 0.014884207097587823 -0.00021013144834609155 0.0024768802589847775 -0.024025352368162098 -0.0019236372630683392 -0.027882857499248317 0.36427898407810316 -0.054040642311554983 -0.027072240618542891 -0.050025432040494699 0.026664183763213618 -0.058213014531025335 0.24399931345698281 -0.0016798832355268457 0.041712963808040147 -0.028359938950243423 0.096374770398385975 0.003451490138266925 0.077552223485438207 -0.027638102532542643
leaf_weight=1696 1642 4921 2834 907 289 68 1497 46 49 75 67 1428 63 301 70 71 176 400 58 271 114 111
leaf_count=1696 1642 4921 2834 907 289 68 1497 46 49 75 67 1428 63 301 70 71 176 400 58 271 114 111
internal_value=-0.000917683 -0.00207294 -0.000189908 -0.000470399 -0.000721347 -0.000371725 0.000191405 0.00183898 -0.000929272 0.000964285 0.00286364 -0.00131879 -0.000361703 -0.000794118 0.000516778 0.00273288 0.00297577 0.000288852 -0.000703025 0.00062642 0.00180938 0.00365217
internal_weight=17154 6617 10537 7562 5701 3620 1787 290 1833 191 116 2081 653 590 2975 141 222 1861 458 1403 496 225
internal_count=17154 6617 10537 7562 5701 3620 1787 290 1833 191 116 2081 653 590 2975 141 222 1861 458 1403 496 225
is_linear=0
shrinkage=0.035


Tree=86
num_leaves=23
num_cat=0
split_feature=9 9 9 20 21 21 18 20 22 10 4 5 26 12 9 10 0 20 1 12 10 9
split_gain=10.6307 1.96267 1.64666 1.04809 2.31771 1.0627 2.97806 1.40594 0.878926 0.748471 0.921544 1.28957 0.710212 0.708986 0.625608 0.708726 0.641675 0.614434 0.503993 0.564861 0.878495 0.673778
threshold=2.1181764471546729 8.1809193133760143 0.75614179818437999 27.500000000000004 2.5000000000000004 3.5000000000000004 1.0000000180025095e-35 29.500000000000004 47274.500000000007 2.3704530408864106 3.4454159024562703 6.9966807769941894 1.0000000180025095e-35 2.514245129542577 26.1445911420487 8.8061116617679662 33.500000000000007 13.500000000000002 9.6288314454170045 8.9378733062503795 5.9528935069940099 23.787301587301592
decision_type=2 2 2 2 2 2 2 2 2 2 2 2 2 2 2 2 2 2 2 2 2 2
left_child=2 3 -1 8 -5 6 -6 -7 -2 10 -10 -12 13 -3 15 16 -15 -11 -14 -20 -21 -22
right_child=1 12 -4 4 5 7 -8 -9 9 17 11 -13 18 14 -16 -17 -18 -19 19 20 21 -23
leaf_value=-0.087951418868819298 -0.025287742727578569 -0.073238861007441217 -0.030764732444636463 -0.040667702678811153 0.073140584865815622 -0.030808706790202849 -0.0034529217732005399 0.016104097531305584 0.021291564023110034 0.00046505537661555669 -0.042632649511267884 0.023869713406420693 0.052204311626148352 -0.0014363266279917423 0.13476272284965649 -0.040812727534913072 0.062717232152731825 -0.055101962375060466 0.0077180868960939775 -0.059920615739553998 0.1275496096738665 0.046579104260599441
leaf_weight=1566 4982 128 2423 324 105 103 101 51 191 267 264 73 75 4602 137 385 48 204 864 58 54 107
leaf_count=1566 4982 128 2423 324 105 103 101 51 191 267 264 73 75 4602 137 385 48 204 864 58 54 107
internal_value=-0.000927704 -0.000444699 -0.00250977 -0.000865818 0.000411465 0.00234931 0.00396445 2.20118e-05 -0.00101504 -4.88056e-05 0.000833958 -0.000225147 -7.04091e-06 -0.000181433 -0.000112904 -0.000180556 -5.63918e-05 -0.00107353 0.00077343 0.000553308 0.002125 0.00345783
internal_weight=17112 13123 3989 6665 684 360 206 154 5981 999 528 337 6458 5300 5172 5035 4650 471 1158 1083 219 161
internal_count=17112 13123 3989 6665 684 360 206 154 5981 999 528 337 6458 5300 5172 5035 4650 471 1158 1083 219 161
is_linear=0
shrinkage=0.035


Tree=87
num_leaves=23
num_cat=0
split_feature=9 9 3 12 21 21 0 1 9 12 0 10 10 21 11 4 9 16 18 22 1 10
split_gain=11.6958 1.83343 1.56029 1.06718 0.930732 0.852593 0.820379 1.49868 0.850912 0.763008 1.07078 0.892813 1.50247 0.849032 0.686755 0.688861 0.671222 0.664305 0.562757 0.645532 0.536905 0.936143
threshold=2.1888710017658437 0.75614179818437999 9.0039695662631729 7.7116519410830922 3.5000000000000004 1.5000000000000002 19.556552062598733 17.009731282911645 20.715476190476192 3.3870657989300579 9.9001120243386893 3.2071349029490954 2.5634797778466254 2.5000000000000004 6.2977843313287449 21.011946453809166 26.1445911420487 1.0000000180025095e-35 1.0000000180025095e-35 31960.500000000004 6.5573153951392076 1.5275252316519483
decision_type=2 2 2 2 2 2 2 2 2 2 2 2 2 2 2 2 2 2 2 2 2 2
left_child=1 -1 3 17 5 -4 9 -8 -9 10 11 12 -7 -12 15 -10 -6 -2 -3 -20 21 -19
right_child=2 18 4 -5 16 6 7 8 14 -11 13 -13 -14 -15 -16 -17 -18 20 19 -21 -22 -23
leaf_value=-0.084873119208410633 -0.015014511323449454 -0.030629588961685043 -0.0092874949326065027 0.076310098469866541 -0.017644450876497349 -0.027251810171601172 0.12122466623811562 -0.026639406111030082 0.19044841757348416 6.9085752179348233e-05 0.033018292267885434 -0.045717394609699646 0.072326449519527214 0.094428076256485388 -0.00086571908821589339 0.067870300894305166 0.11902643203165454 -0.026465731428872673 -0.031734406151358828 0.0098633235108964434 -0.035952062694842739 0.038606144351085066
leaf_weight=1582 7333 2405 927 108 1694 78 247 198 64 1410 54 82 66 46 153 81 125 66 189 91 115 118
leaf_count=1582 7333 2405 927 108 1694 78 247 198 64 1410 54 82 66 46 153 81 125 66 189 91 115 118
internal_value=-0.000862361 -0.00245131 -0.000337318 -0.000653003 0.00012715 0.000470975 0.000811593 0.00178743 0.000621756 0.000379953 0.00189275 0.000439393 0.00213758 0.00483333 0.00181353 0.0035 -0.00050658 -0.0007044 -0.00187361 -0.000307018 0.000874999 0.00205555
internal_weight=17232 4267 12965 7740 5225 3406 2479 743 496 1736 326 226 144 100 298 145 1819 7632 2685 280 299 184
internal_count=17232 4267 12965 7740 5225 3406 2479 743 496 1736 326 226 144 100 298 145 1819 7632 2685 280 299 184
is_linear=0
shrinkage=0.035


Tree=88
num_leaves=23
num_cat=0
split_feature=15 7 10 20 21 18 1 12 16 1 1 22 20 5 21 5 7 20 21 20 20 20
split_gain=12.2524 2.45566 1.28754 1.23867 2.06451 2.25811 1.36486 0.750471 0.727278 0.724796 0.606894 0.774732 0.647502 1.00466 2.33156 0.664958 1.89114 0.817793 0.602412 0.871984 0.763742 1.37809
threshold=0.20416666666666669 15.44637328615657 1.2149857925879115 29.500000000000004 2.5000000000000004 1.0000000180025095e-35 3.1082911943165921 0.88116685505925996 1.0000000180025095e-35 12.996151141142256 16.03274297468673 16785.000000000004 10.500000000000002 9.9933189851049971 2.5000000000000004 17.961864802538603 16.719015344545475 25.500000000000004 3.5000000000000004 22.500000000000004 12.500000000000002 8.5000000000000018
decision_type=2 2 2 2 2 2 2 2 2 2 2 2 2 2 2 2 2 2 2 2 2 2
left_child=1 2 -1 8 -5 6 -6 -2 18 -10 12 -12 13 -3 -15 17 -17 -14 19 20 21 -4
right_child=7 10 3 4 5 -7 -8 -9 9 -11 11 -13 15 14 -16 16 -18 -19 -20 -21 -22 -23
leaf_value=-0.029143417285136336 -0.081902560036116262 -0.0021652890136981623 -0.018296438302949854 -0.038079870399664033 0.052862471217599113 -0.078611429710881447 0.036676001527961799 -0.035725398223096734 0.032894016860054005 -0.081263290366651503 0.022356502078114751 -0.021039226019636186 -0.029763277778454781 0.31657986303055075 0.042562090179214619 0.086655890673441913 -0.0041979649152495994 0.056637902408452089 -0.025174878030148465 0.0026169011263673771 -0.028955056924474153 0.013480246272095269
leaf_weight=1728 1583 140 1689 140 45 62 93 1385 254 54 1287 963 252 61 230 49 170 63 2533 1463 2072 817
leaf_count=1728 1583 140 1689 140 45 62 93 1385 254 54 1287 963 252 61 230 49 170 63 2533 1463 2072 817
internal_value=-0.000820575 -0.000390262 -0.000640576 -0.000473015 0.00157246 0.00384146 0.00629021 -0.00286428 -0.000554125 0.00108466 0.000456521 0.000131928 0.00119072 0.00219954 0.00335811 0.000331168 0.0018125 -0.000656251 -0.000615632 -0.000420279 -0.000659067 -0.000238352
internal_weight=17133 14165 10950 9222 340 200 138 2968 8882 308 3215 2250 965 431 291 534 219 315 8574 6041 4578 2506
internal_count=17133 14165 10950 9222 340 200 138 2968 8882 308 3215 2250 965 431 291 534 219 315 8574 6041 4578 2506
is_linear=0
shrinkage=0.035


Tree=89
num_leaves=23
num_cat=0
split_feature=9 5 25 20 20 20 21 18 20 20 21 20 10 21 21 12 16 1 12 20 21 5
split_gain=11.8433 2.51459 1.49922 1.20129 1.00136 1.9096 3.0097 1.12725 2.06171 1.42825 4.0146 2.24199 1.97415 1.70084 0.960204 1.06301 0.941578 0.860665 0.837391 0.81188 0.923928 1.20703
threshold=1.7560281505042352 13.035025494568234 106.50000000000001 25.500000000000004 11.500000000000002 6.5000000000000009 1.5000000000000002 1.0000000180025095e-35 10.500000000000002 10.500000000000002 2.5000000000000004 9.5000000000000018 2.7036204306285669 3.5000000000000004 1.5000000000000002 2.1689869328062064 1.0000000180025095e-35 16.987659160272365 0.93182273442540076 2.5000000000000004 3.5000000000000004 5.6225331621782955
decision_type=2 2 2 2 2 2 2 2 2 2 2 2 2 2 2 2 2 2 2 2 2 2
left_child=18 2 17 4 5 19 -7 9 -9 10 12 13 -8 -12 15 -6 -3 -2 -1 20 21 -4
right_child=1 16 3 -5 14 6 7 8 -10 -11 11 -13 -14 -15 -16 -17 -18 -19 -20 -21 -22 -23
leaf_value=-0.074016149721961702 0.15214382294787857 0.0068052215942503271 -0.0099310230373265349 0.00047119247663053295 -0.027407154891973991 -0.034643517259991617 0.046965851461616019 -0.017989393814958704 0.032884524678000265 -0.063489574833034704 -0.032834307030519851 0.10435240151530026 0.2396788152015116 0.011472250784428118 -0.031486463594388767 0.0048110462584072464 0.085450776291092989 -0.017595767963668577 -0.036690483190618191 -0.038342961020296815 -0.047179012582582641 0.033157717543276517
leaf_weight=1719 88 3037 425 1665 524 527 104 486 164 80 235 72 66 246 3256 818 116 83 1465 1710 251 125
leaf_count=1719 88 3037 425 1665 524 527 104 486 164 80 235 72 66 246 3256 818 116 83 1465 1710 251 125
internal_value=-0.000903429 -0.000465491 -0.000717293 -0.000770658 -0.000929075 -0.0005496 0.000255667 0.00108505 0 0.00195792 0.00246154 0.000953404 0.0071 2.88058e-05 -0.00129492 -0.000485895 0.000401202 0.00246591 -0.00283051 -0.00119078 -0.000243177 0.000536035
internal_weight=17262 14078 10925 10754 9089 4491 1980 1453 650 803 723 553 170 481 4598 1342 3153 171 3184 2511 801 550
internal_count=17262 14078 10925 10754 9089 4491 1980 1453 650 803 723 553 170 481 4598 1342 3153 171 3184 2511 801 550
is_linear=0
shrinkage=0.035


Tree=90
num_leaves=23
num_cat=0
split_feature=9 9 20 9 21 20 20 20 21 21 20 20 24 1 20 20 12 20 20 21 20 21
split_gain=11.7827 1.90643 1.68939 1.49744 1.17893 2.23381 3.76209 1.84112 2.19173 1.33213 2.31263 2.33961 0.82381 1.41747 0.791196 0.747671 1.17514 0.667361 1.27066 1.41579 1.22254 0.80442
threshold=2.1888710017658437 0.75614179818437999 25.500000000000004 10.282228184783714 2.5000000000000004 29.500000000000004 30.500000000000004 27.500000000000004 1.5000000000000002 3.5000000000000004 27.500000000000004 28.500000000000004 10740.000000000002 4.9584559719734012 16.500000000000004 27.500000000000004 4.3498074685151975 11.500000000000002 6.5000000000000009 1.5000000000000002 2.5000000000000004 3.5000000000000004
decision_type=2 2 2 2 2 2 2 2 2 2 2 2 2 2 2 2 2 2 2 2 2 2
left_child=1 -1 3 12 7 9 -7 8 -4 10 -6 -12 17 14 -14 16 -11 18 20 -20 21 -2
right_child=2 -3 4 -5 5 6 -8 -9 -10 15 11 -13 13 -15 -16 -17 -18 -19 19 -21 -22 -23
leaf_value=-0.076445405194583524 0.01431330721903229 -0.02689184825988997 0.037784242393868059 0.00064760353619580321 -0.029516084656046975 0.1088302991264081 -0.090721225591273852 -0.037067840742938528 -0.026966325580561328 -0.026209166440443032 0.15634613245163265 0.0049388974498036651 0.029150587119731883 -0.023996954413754601 -0.0053212857190801342 -0.037408140680603968 0.038805000531010964 -0.029161077359389057 -0.03297875631152624 0.0091522539499964278 -0.046930622324374852 -0.035334586129019421
leaf_weight=1593 355 2662 190 4323 198 203 92 592 190 117 96 100 230 651 133 201 92 2787 249 871 985 204
leaf_count=1593 355 2662 190 4323 198 203 92 592 190 117 96 100 230 651 133 201 92 2787 249 871 985 204
internal_value=-0.00084418 -0.00244014 -0.000313978 -0.000490643 0.00059682 0.00138225 0.00396667 -0.000275845 0.00159091 0.000393695 0.00185088 0.00450995 -0.000827667 7.21287e-05 0.00182609 -0.00096988 0.000425233 -0.000998168 -0.000588798 0.000295555 -0.00124048 3.72332e-05
internal_weight=17114 4255 12859 10788 2071 1099 295 972 380 804 394 196 6465 1014 363 410 209 5451 2664 1120 1544 559
internal_count=17114 4255 12859 10788 2071 1099 295 972 380 804 394 196 6465 1014 363 410 209 5451 2664 1120 1544 559
is_linear=0
shrinkage=0.035


Tree=91
num_leaves=23
num_cat=0
split_feature=9 9 9 24 9 25 17 0 2 8 25 4 3 11 11 11 11 10 3 11 0 22
split_gain=11.5913 1.99031 1.70457 1.68681 0.848941 0.793204 0.872794 1.09093 1.07941 0.929564 0.735077 0.714341 0.590701 0.558915 0.936939 0.542637 0.681826 0.627895 0.53481 0.752755 0.524144 0.924526
threshold=2.1888710017658437 0.8377192982456142 9.7303030303030322 10740.000000000002 9.1250851930786308 831.00000000000011 1.0000000180025095e-35 12.48529411764706 16.03274297468673 13.565653604684295 171.00000000000003 5.9680479807034317 11.852133989485408 5.7750885228243831 9.6395182759771405 4.255571654888465 3.3131084965084701 3.6449573777637378 14.999072958688698 3.4161864220691611 7.9927388748624617 47334.500000000007
decision_type=2 2 2 2 2 2 2 2 2 2 2 2 2 2 2 2 2 2 2 2 2 2
left_child=1 -1 3 18 15 6 10 8 9 12 13 -12 -8 -4 -15 16 20 -18 19 -2 21 -5
right_child=2 -3 5 4 -6 -7 7 -9 -10 -11 11 -13 -14 14 -16 -17 17 -19 -20 -21 -22 -23
leaf_value=-0.073769816012773118 -0.015161061598821577 -0.026402062357989566 0.05999786855269118 0.0060592245840382199 -0.033716831021054626 -0.05710065445708435 0.010445821542930358 0.01111439292643629 0.15220894506412272 -0.037176599467071129 -0.037827911512619522 -0.0015886530651779459 0.10505057885647769 -0.013217333574717069 0.11344799895820433 -0.045723366620121754 0.067809543226853966 0.0088565812467838578 0.010290122029976012 -0.052534938316389335 -0.010321525744175433 0.054777949779442829
leaf_weight=1612 5531 2573 301 505 161 186 102 1094 50 85 406 2653 115 392 101 81 45 45 89 774 140 62
leaf_count=1612 5531 2573 301 505 161 186 102 1094 50 85 406 2653 115 392 101 81 45 45 89 774 140 62
internal_value=-0.000813831 -0.00241408 -0.000293315 -0.000639017 0.000657087 0.00017213 0.000254713 0.00098656 0.00267647 0.0017443 -1.63305e-05 -0.000267298 0.00296396 0.00092428 0.000154618 0.00109796 0.00138778 0.00423684 -0.000852712 -0.000893028 0.000973314 0.00145629
internal_weight=17103 4185 12918 7433 1039 5485 5299 1446 352 302 3853 3059 217 794 493 878 797 90 6394 6305 707 567
internal_count=17103 4185 12918 7433 1039 5485 5299 1446 352 302 3853 3059 217 794 493 878 797 90 6394 6305 707 567
is_linear=0
shrinkage=0.035


Tree=92
num_leaves=23
num_cat=0
split_feature=15 9 16 12 23 17 8 7 7 7 0 7 18 12 6 12 11 3 2 9 8 21
split_gain=10.8315 2.05314 1.2599 1.16955 1.05973 0.730139 0.709505 0.707125 0.704329 1.65947 0.970313 0.600643 0.581169 0.580943 0.617604 0.56049 0.543403 0.620219 0.621566 0.809482 0.675782 0.826063
threshold=0.19615384615384621 10.157334819439784 1.0000000180025095e-35 0.91166911182833654 42000.000000000007 1.0000000180025095e-35 21.430095938821676 10.144011913910395 25.012025516759049 24.357142857142858 26.94184716045481 8.4253828275852474 1.0000000180025095e-35 2.7025559999857083 2.6863873637672371 9.9122595090745627 5.4772255750516585 5.9978252760003432 7.3463985739894344 16.460791370896189 10.500723437673113 3.5000000000000004
decision_type=2 2 2 2 2 2 2 2 2 2 2 2 2 2 2 2 2 2 2 2 2 2
left_child=1 2 4 -2 -1 6 16 -7 9 10 -8 13 -5 14 -4 -9 17 -3 -19 20 21 -20
right_child=3 5 11 12 -6 7 8 15 -10 -11 -12 -13 -14 -15 -16 -17 -18 18 19 -21 -22 -23
leaf_value=-0.022544078244784705 -0.071187872452326051 -0.067256982063135684 0.032258491607001463 -0.031937467543640526 -0.0038474753671002976 0.047113497022609953 -0.0092328703252572298 0.0083088977451600127 -0.016846043661264447 0.20034894092200087 0.1005496157499462 -0.029001846502378793 0.0042745534644765774 0.13290697628675341 -0.00932862313154759 0.10875015104568635 -0.023898002850366033 0.034952331212854765 0.11249289599332149 0.031798203452218857 -0.02607225940625664 -0.025969025063481487
leaf_weight=5712 1653 136 101 1252 2904 92 366 1265 389 69 103 45 128 51 139 89 1070 116 81 531 883 59
leaf_count=5712 1653 136 101 1252 2904 92 366 1265 389 69 103 45 128 51 139 89 1070 116 81 531 883 59
internal_value=-0.000830182 -0.00042278 -0.000745172 -0.00272811 -0.000828617 0.000123905 -0.000126839 0.00079359 0.000706008 0.00152762 0.00070886 0.00132405 -0.00193321 0.00193919 0.00107143 0.000569168 -0.000402118 -2.12598e-05 0.000156716 -2.02061e-05 -0.000606032 0.00156896
internal_weight=17234 14201 8952 3033 8616 5249 3803 1446 927 538 469 336 1380 291 240 1354 2876 1806 1670 1554 1023 140
internal_count=17234 14201 8952 3033 8616 5249 3803 1446 927 538 469 336 1380 291 240 1354 2876 1806 1670 1554 1023 140
is_linear=0
shrinkage=0.035


Tree=93
num_leaves=23
num_cat=0
split_feature=9 9 20 20 4 20 20 7 1 20 6 0 5 5 1 11 20 25 1 11 6 4
split_gain=9.55608 1.4612 1.20429 2.95203 1.02511 1.04773 1.81278 0.71746 1.25204 0.703483 0.70159 0.989534 0.793958 0.755414 0.856031 0.633068 0.611777 0.592719 0.622241 0.888277 0.891099 0.855205
threshold=2.1888710017658437 0.57332179065277356 29.500000000000004 30.500000000000004 8.0097912782270964 11.500000000000002 6.5000000000000009 18.296728272861028 3.1082911943165921 23.500000000000004 26.068648301856552 8.942279580511066 19.908514249778566 15.945025446116915 17.903471131289511 10.369810244466445 28.500000000000004 600.00000000000011 12.035714285714286 3.9922259731430594 14.711070944525238 12.820050767804002
decision_type=2 2 2 2 2 2 2 2 2 2 2 2 2 2 2 2 2 2 2 2 2 2
left_child=1 -1 4 7 15 6 -6 8 -4 -7 11 -8 13 -13 -15 -2 17 18 21 20 -20 -11
right_child=2 -3 3 -5 5 9 10 -9 -10 16 -12 12 -14 14 -16 -17 -18 -19 19 -21 -22 -23
leaf_value=-0.068696296916494634 -0.013468116411956855 -0.025112982778165861 0.037057862383971206 -0.048251814918462477 -0.0043812455527653636 -0.025511744849211586 -0.010520857474292621 0.2391458104408784 0.0066473937098035958 0.0036033147122494103 -0.020498719596997794 0.078308603564831353 -0.00082581875113033434 0.18666249306784263 0.12828773591017761 0.11291781418937273 -0.032181603338849472 -0.033230511699521827 0.081413794410101353 -0.023786866453797198 -0.012346343092836809 0.061085632313823073
leaf_weight=1271 7203 2905 70 195 1045 2131 126 58 177 164 152 326 103 55 59 48 175 163 72 371 45 176
leaf_count=1271 7203 2905 70 195 1045 2131 126 58 177 164 152 326 103 55 59 48 175 163 72 371 45 176
internal_value=-0.000789267 -0.00224432 -0.000316705 0.00135148 -0.000385821 -5.41879e-06 0.000652859 0.0035 0.00247222 -0.000383708 0.00188136 0.00236795 0.0030146 0.0036573 0.00620588 -0.00065408 0.0002959 0.000646586 0.00103781 0.000191683 0.00281147 0.00218116
internal_weight=17090 4176 12914 500 12414 5163 1866 305 247 3297 821 669 543 440 114 7251 1166 991 828 488 117 340
internal_count=17090 4176 12914 500 12414 5163 1866 305 247 3297 821 669 543 440 114 7251 1166 991 828 488 117 340
is_linear=0
shrinkage=0.035


Tree=94
num_leaves=23
num_cat=0
split_feature=11 9 15 16 0 8 25 9 2 17 1 16 1 0 3 5 5 5 25 11 8 0
split_gain=9.85294 1.56162 1.51232 1.12333 0.906506 0.943676 1.39876 1.3406 0.774477 0.779159 0.765235 0.783708 0.627944 1.00842 0.781641 0.616528 0.601063 1.05577 0.599136 0.541158 0.791749 1.0717
threshold=1.3848965593938203 18.326530612244905 0.3585714285714286 1.0000000180025095e-35 2.9974617545665088 5.7074308839208543 166.00000000000003 7.3044554304393552 4.2628571428571442 1.0000000180025095e-35 22.052447947677845 1.0000000180025095e-35 4.5357142857142865 5.9323336949891461 8.9137438819749804 25.102403528914756 27.851297849228462 32.106343334591671 455.50000000000006 4.1369863056542906 8.8592600247559705 5.9323336949891461
decision_type=2 2 2 2 2 2 2 2 2 2 2 2 2 2 2 2 2 2 2 2 2 2
left_child=2 4 3 -1 -2 6 -6 -7 -8 -10 11 18 13 -9 -15 19 -12 -18 -3 20 -14 -22
right_child=1 10 -4 -5 5 7 8 12 9 -11 16 -13 15 14 -16 -17 17 -19 -20 -21 21 -23
leaf_value=-0.026354078285243152 -0.021697626335694272 0.031652228556354911 -0.060706312564866631 0.031979791440280368 0.13171220168161041 -0.042382720614941957 -0.0023148330280499956 -0.069235512292193643 0.0084886285365584676 0.020041718443717934 -0.0187375971576135 0.37860342529335839 -0.020098538557764577 0.013428826727307096 0.042256852571433474 0.056860874937836231 0.17575797463909579 -0.037691064707233539 -0.07323332545256736 -0.015968020897779933 0.061552105175950174 0.0027880031168279326
leaf_weight=2433 2155 1205 1743 80 57 1044 1589 56 529 147 711 51 977 102 84 105 91 91 80 2190 57 1473
leaf_count=2433 2155 1205 1743 80 57 1044 1589 56 529 147 711 51 977 102 84 105 91 91 80 2190 57 1473
internal_value=-0.000735709 -0.000248575 -0.00219397 -0.00162351 -0.000427153 -0.000259953 0.00033541 -0.000489989 0.000185021 0.00117694 0.000589077 0.00111969 -0.000248862 0.00145951 0.00273037 -0.000340026 -0.000187083 0.00155348 0.00092248 -0.000403446 -4.45868e-05 0.000444625
internal_weight=17050 12794 4256 2513 10565 8410 2322 6088 2265 676 2229 1336 5044 242 186 4802 893 182 1285 4697 2507 1530
internal_count=17050 12794 4256 2513 10565 8410 2322 6088 2265 676 2229 1336 5044 242 186 4802 893 182 1285 4697 2507 1530
is_linear=0
shrinkage=0.035


Tree=95
num_leaves=23
num_cat=0
split_feature=9 9 11 9 8 1 16 24 8 1 3 12 17 4 8 25 22 5 11 18 11 3
split_gain=9.31118 1.42253 1.23781 0.88245 0.588123 1.14977 0.501151 0.45947 1.39432 0.878042 0.527471 0.899757 0.851117 0.805872 0.557088 0.530723 0.510085 0.737644 1.00113 0.573822 0.854612 0.510988
threshold=2.1888710017658437 0.57332179065277356 1.3848965593938203 18.326530612244905 18.501524510250249 14.823797653521892 1.0000000180025095e-35 10740.000000000002 3.2811628092404379 3.1082911943165921 14.999072958688698 4.235508064003624 1.0000000180025095e-35 9.9933189851049971 2.0714541544120011 106.50000000000001 24335.000000000004 13.982558156555685 3.1238184579520238 1.0000000180025095e-35 2.4581404538452269 7.69680936421629
decision_type=2 2 2 2 2 2 2 2 2 2 2 2 2 2 2 2 2 2 2 2 2 2
left_child=1 -1 -2 7 5 -5 -3 10 -9 -10 14 12 13 -12 -4 -16 19 -18 -19 21 -21 -17
right_child=2 6 3 4 -6 -7 -8 8 9 -11 11 -13 -14 -15 15 16 17 18 -20 20 -22 -23
leaf_value=-0.064167205584646989 -0.026059476420104279 -0.023653359850125497 0.0086607158485171379 0.082929636240598459 0.0070266255585802739 0.03197319713668182 0.00049419017628983932 0.026934372870034879 0.01034569281899881 -0.0043759230474379575 -0.083625859838936514 -0.0058623936073189196 0.03914953828821556 0.073494744923539509 0.065590447014028788 -0.014629978916785668 -0.02112794658880866 0.068622134762853434 -0.010169091940981295 0.041465868512154183 -0.015179573875037126 0.0063014656395502895
leaf_weight=1281 927 2852 90 72 1974 170 112 109 221 1655 71 762 88 71 84 1675 3667 79 194 191 143 644
leaf_count=1281 927 2852 90 72 1974 170 112 109 221 1655 71 762 88 71 84 1675 3667 79 194 191 143 644
internal_value=-0.000785698 -0.00220706 -0.000315468 -0.000217928 0.000408149 0.00202631 -0.00176709 -0.000362243 0.000105527 -0.000113504 -0.000484158 0.000256268 0.00215957 0.000309523 -0.000595394 -0.000634841 -0.000672629 -0.000927124 0.000780575 -0.000287059 0.00104277 -0.000487953
internal_weight=17132 4245 12887 11960 2216 242 2964 9744 1985 1876 7759 992 230 142 6767 6677 6593 3940 273 2653 334 2319
internal_count=17132 4245 12887 11960 2216 242 2964 9744 1985 1876 7759 992 230 142 6767 6677 6593 3940 273 2653 334 2319
is_linear=0
shrinkage=0.035


Tree=96
num_leaves=23
num_cat=0
split_feature=8 20 20 20 21 18 21 21 21 25 8 11 8 21 20 18 20 21 2 6 20 21
split_gain=8.14726 2.31001 1.42507 3.39952 3.00409 1.39572 1.78115 1.86993 1.74284 1.94906 1.35469 1.12028 1.32794 1.26263 1.61125 3.39657 1.47191 1.81707 1.08775 1.41583 1.00639 1.36329
threshold=1.7847258520610045 25.500000000000004 11.500000000000002 6.5000000000000009 1.5000000000000002 1.0000000180025095e-35 2.5000000000000004 4.5000000000000009 2.5000000000000004 637.50000000000011 15.220948028251184 1.6256866681058642 2.4646238718097773 2.5000000000000004 29.500000000000004 1.0000000180025095e-35 27.500000000000004 1.5000000000000002 3.9805079009487661 7.5924945809927342 2.5000000000000004 3.5000000000000004
decision_type=2 2 2 2 2 2 2 2 2 2 2 2 2 2 2 2 2 2 2 2 2 2
left_child=-1 2 3 20 -5 8 -7 -8 9 10 -6 -3 -13 16 -15 -16 17 -14 -10 -20 21 -2
right_child=1 11 -4 4 5 6 7 -9 18 -11 -12 12 13 14 15 -17 -18 -19 19 -21 -22 -23
leaf_value=-0.035379647354118339 0.011376778522692827 -0.012859353737744638 -0.022222849207511587 -0.030381874953512401 0.073671553014411473 -0.058555270796850425 0.043474883843044529 -0.091965506846371392 -0.013003158723818126 -0.0047446113180980741 0.32920664470076588 0.031063156159511135 0.056984046030501057 0.0075823829070763215 0.12838936062630199 -0.072427097628285239 -0.030691344962939564 -0.028678687635653601 0.042345837659707043 0.036331492138487818 -0.035688571680446868 -0.035924164677798902
leaf_weight=3339 648 426 5994 545 187 202 548 106 230 62 74 78 158 620 162 82 487 168 110 391 2125 427
leaf_count=3339 648 426 5994 545 187 202 548 106 230 62 74 78 158 620 162 82 487 168 110 391 2125 427
internal_value=-0.00081804 -0.000441454 -0.000637893 -0.000234983 0.000739837 0.00139817 0.000321137 0.00122686 0.00225071 0.00439634 0.00571053 0.00059881 0.000994317 0.000765754 0.00169563 0.00409036 -0.00020538 0.00157553 0.00125543 0.00217194 -0.0009883 -9.72231e-05
internal_weight=17169 13830 11649 5655 2455 1910 856 654 1054 323 261 2181 1755 1677 864 244 813 326 731 501 3200 1075
internal_count=17169 13830 11649 5655 2455 1910 856 654 1054 323 261 2181 1755 1677 864 244 813 326 731 501 3200 1075
is_linear=0
shrinkage=0.035


Tree=97
num_leaves=23
num_cat=0
split_feature=9 5 24 9 12 1 0 10 8 2 10 24 15 1 22 9 7 22 8 3 2 15
split_gain=7.49661 1.83099 1.48814 1.05275 0.849705 0.617379 0.598579 0.530134 0.526844 0.542597 0.526 0.640009 0.510615 0.485964 0.469356 0.588081 0.494483 0.454329 1.07578 0.587444 0.783094 0.450952
threshold=1.2974831614982973 8.1342290082565736 10740.000000000002 3.948684210526316 9.3253577680273683 0.97613398113309346 1.9999246801866812 1.2724180205607036 28.720298472665245 37.207737944866089 0.8997354108424388 3291.5000000000005 0.10912698412698414 5.9323336949891461 48992.500000000007 15.003401360544219 11.858542647828363 5643.5000000000009 2.7507313090965941 5.9978252760003432 9.9933189851049971 0.069047619047619066
decision_type=2 2 2 2 2 2 2 2 2 2 2 2 2 2 2 2 2 2 2 2 2 2
left_child=-1 2 4 7 5 10 12 -4 9 -3 -2 -12 -7 21 16 -16 -5 18 -8 -20 -21 -9
right_child=1 8 3 14 -6 6 17 13 -10 -11 11 -13 -14 -15 15 -17 -18 -19 19 20 -22 -23
leaf_value=-0.048477156201156696 0.015898519835932816 1.5785206146800119e-05 -0.017476032424586205 -0.0063091185293575351 0.047299951088556155 -0.027381577476902397 0.04514812490078457 0.031273258150662731 0.13473407541720117 -0.062190243729188563 0.011988968317799373 -0.020960534579446778 -0.021527111424662088 -0.034721723366911435 0.10277727442054661 -0.024859441902806 -0.088599823191098465 -0.02060716416493431 -0.018050926189555328 0.037261934289952572 -0.015976654609317346 0.0026291690733034659
leaf_weight=2282 45 4909 51 672 102 823 99 156 72 102 135 398 711 49 54 63 85 5793 301 47 55 78
leaf_count=2282 45 4909 51 672 102 823 99 156 72 102 135 398 711 49 54 63 85 5793 301 47 55 78
internal_value=-0.000837158 -0.000547282 -0.00082874 0.000308738 -0.000992366 -0.00103269 -0.00111425 0.00197198 -5.50398e-06 -5.30311e-05 4.20232e-05 -0.000247213 -0.00174886 0.00257639 -0.000314563 0.00166393 -0.000652232 -0.000955556 2.07092e-05 -0.000754903 0.00140654 0.0032364
internal_weight=17082 14800 9717 1208 8509 8407 7829 334 5083 5011 578 533 1534 283 874 117 757 6295 502 403 102 234
internal_count=17082 14800 9717 1208 8509 8407 7829 334 5083 5011 578 533 1534 283 874 117 757 6295 502 403 102 234
is_linear=0
shrinkage=0.035


Tree=98
num_leaves=23
num_cat=0
split_feature=11 9 8 16 12 24 8 7 10 7 0 20 0 7 0 7 20 2 10 25 8 7
split_gain=8.27351 1.66944 1.50162 1.11842 1.01837 0.988869 1.26745 1.01838 0.814969 1.08434 0.744645 0.611206 0.74044 0.798327 0.753775 0.585517 0.544602 0.783112 0.637072 0.672461 0.603638 0.673962
threshold=1.3848965593938203 0.57332179065277356 16.575153934138797 1.0000000180025095e-35 4.9350016700141772 10740.000000000002 3.2811628092404379 2.9725620361411011 5.087807417394191 18.446672833375377 3.7899203501381034 29.500000000000004 14.007413885646328 20.578879296849021 11.852133989485408 24.357142857142858 13.500000000000002 15.022525042907136 5.7981934789249348 421.00000000000006 21.430095938821676 23.437535601649479
decision_type=2 2 2 2 2 2 2 2 2 2 2 2 2 2 2 2 2 2 2 2 2 2
left_child=1 -1 5 -3 8 10 7 -7 9 -4 -2 12 13 14 -6 -15 17 18 -14 -20 -19 -22
right_child=2 3 4 -5 11 6 -8 -9 -10 -11 -12 -13 16 15 -16 -17 -18 20 19 -21 21 -23
leaf_value=-0.058986365264749735 -0.019663814160101434 -0.024165422155069997 0.15057552985982189 0.01226506141487994 -0.0056480726718373475 0.0046419136514408996 -0.00014849811570474594 0.059723732751810296 0.25357031440968014 -0.019854306661213881 -0.0085461897692197669 0.091409013167770448 -0.0023169270673702885 -0.075399775096977595 0.090147881794566967 0.0230414969064901 -0.023349236017413594 -0.03659871601633409 0.14587441362074668 0.11327239128128917 0.061846932063571343 -0.0067145214111950999
leaf_weight=1267 2757 2908 83 109 135 65 1788 46 48 150 5249 94 83 95 211 45 1012 308 70 49 153 368
leaf_count=1267 2757 2908 83 109 135 65 1788 46 48 150 5249 94 83 95 211 45 1012 308 70 49 153 368
internal_value=-0.00075699 -0.00208825 -0.00030974 -0.00162376 0.000386214 -0.000515642 0.000194852 0.00374138 0.00237413 0.00135294 -0.00068637 0.00016248 4.97229e-05 0.00127597 0.00218376 -0.000844828 -0.000235841 0.000317567 0.00224879 0.00383871 -0.000142687 0.000558935
internal_weight=17093 4284 12809 3017 2904 9905 1899 111 281 233 8006 2623 2529 486 346 140 2043 1031 202 119 829 521
internal_count=17093 4284 12809 3017 2904 9905 1899 111 281 233 8006 2623 2529 486 346 140 2043 1031 202 119 829 521
is_linear=0
shrinkage=0.035


Tree=99
num_leaves=23
num_cat=0
split_feature=9 11 20 20 20 5 6 20 0 8 6 11 3 12 4 6 1 11 9 23 20 20
split_gain=8.54496 1.62589 0.811556 1.58087 2.48269 1.62189 2.10364 1.14948 1.04767 1.0079 0.96988 0.848882 0.821432 1.06836 0.752778 0.727844 0.929915 0.670808 0.62586 0.606608 0.595319 0.914956
threshold=1.3566482833550577 1.6602380777659305 25.500000000000004 11.500000000000002 6.5000000000000009 6.9966807769941894 3.9380374998817405 2.5000000000000004 3.9805079009487661 2.4646238718097773 10.000130448439306 1.925534836853694 14.999072958688698 4.7503502577289867 6.9966807769941894 9.4925210516034237 9.9933189851049971 9.0838636918657567 8.1809193133760143 35850.000000000007 30.500000000000004 29.500000000000004
decision_type=2 2 2 2 2 2 2 2 2 2 2 2 2 2 2 2 2 2 2 2 2 2
left_child=-1 -2 3 4 7 6 8 -3 19 -4 15 -10 -12 -14 -8 16 -7 -15 -5 -6 21 -11
right_child=1 2 9 18 5 10 14 -9 11 20 12 -13 13 17 -16 -17 -18 -19 -20 -21 -22 -23
leaf_value=-0.04593466595868876 -0.018821180545188256 0.0047763526557790519 0.028087519037817796 -0.023737208951102162 -0.02228901601064558 0.051907951446030137 -0.018532805251663249 -0.029978916158371706 0.10199997736272959 0.00058669425280597723 -0.0036611310575590979 0.0062336268603772971 0.095124110910676879 0.023445393246781063 0.025764820836993926 0.18565634753003485 -0.0042633553193420839 0.1748898383754246 -0.01143325119648911 0.030082021539385027 -0.043157739723965728 0.071122620094020608
leaf_weight=2384 3432 927 70 2061 64 122 692 1747 45 1255 226 53 77 309 161 55 71 77 2806 77 155 243
leaf_count=2384 3432 927 70 2061 64 122 692 1747 45 1255 226 53 77 309 161 55 71 77 2806 77 155 243
internal_value=-0.00076569 -0.000449084 -0.000244115 -0.000371019 8.32617e-05 0.00100836 7.33811e-05 -0.000612729 0.00295492 0.000449652 0.00207325 0.00567476 0.0013415 0.00218376 -0.000726108 0.00397035 0.00268687 0.00133376 -0.000813219 0.000815068 0.000257538 0.000482035
internal_weight=17109 14725 11293 9570 4703 2029 1092 2674 239 1723 937 98 689 463 853 248 193 386 4867 141 1653 1498
internal_count=17109 14725 11293 9570 4703 2029 1092 2674 239 1723 937 98 689 463 853 248 193 386 4867 141 1653 1498
is_linear=0
shrinkage=0.035


Tree=100
num_leaves=23
num_cat=0
split_feature=15 0 24 20 20 20 21 18 20 21 20 21 20 0 6 20 9 25 1 4 8 6
split_gain=7.70842 1.69548 1.38402 1.01338 1.66469 2.52402 3.01359 1.64814 3.16262 4.6945 2.69888 2.42867 1.9679 1.21661 1.18227 1.09631 0.941935 0.873875 0.823609 0.744368 1.40736 0.732181
threshold=0.21583850931677021 3.7899203501381034 10081.000000000002 22.500000000000004 11.500000000000002 6.5000000000000009 1.5000000000000002 1.0000000180025095e-35 10.500000000000002 2.5000000000000004 9.5000000000000018 3.5000000000000004 10.500000000000002 14.999072958688698 10.000130448439306 7.5000000000000009 0.57332179065277356 233.00000000000003 4.1192244068871 5.9680479807034317 5.5726572161085075 1.9143859079871213
decision_type=2 2 2 2 2 2 2 2 2 2 2 2 2 2 2 2 2 2 2 2 2 2
left_child=1 2 -1 4 5 -3 -7 8 9 13 11 -11 -9 -8 -13 -16 -2 -14 -4 21 -21 -5
right_child=16 3 18 19 -6 6 7 12 -10 10 -12 14 17 -15 15 -17 -18 -19 -20 20 -22 -23
leaf_value=-0.017928312434546255 -0.055314129171929398 -0.014736011293680492 0.019048655383157129 0.042153748958357662 -0.023443216298253595 -0.049867166064407692 0.11917864570227008 -0.010540491567874878 -0.10159218686604297 -0.071229109557537501 0.17177737204378751 0.060447037431763016 0.10848084992037826 0.31143647727992069 -0.044451751342757813 0.18278927026502839 -0.024476262776317929 0.036871744542826497 -0.02923122761028378 0.052679032312537614 0.01002658687430126 -0.01619928238699091
leaf_weight=4089 1255 2396 228 47 3326 361 98 470 86 211 78 85 81 63 91 52 1378 89 154 79 1891 501
leaf_count=4089 1255 2396 228 47 3326 361 98 470 86 211 78 85 81 63 91 52 1378 89 154 79 1891 501
internal_value=-0.000710472 -0.00039179 -0.000958669 -0.000136364 -0.000341966 0.000120979 0.00112712 0.00186551 0.00296294 0.00377672 0.00206513 0.000914414 0.000515503 0.00893976 0.00340987 0.00122973 -0.00245186 0.0037 0.00102196 0.000467498 0.000788607 -0.0006519
internal_weight=17109 14476 4471 10005 7487 4161 1765 1404 764 678 517 439 640 161 228 143 2633 170 382 2518 1970 548
internal_count=17109 14476 4471 10005 7487 4161 1765 1404 764 678 517 439 640 161 228 143 2633 170 382 2518 1970 548
is_linear=0
shrinkage=0.035


Tree=101
num_leaves=23
num_cat=0
split_feature=9 16 12 3 21 3 4 6 7 11 12 9 22 21 17 1 6 1 4 0 25 1
split_gain=7.43629 1.72896 1.5533 0.793392 0.733999 0.757896 0.687625 0.655729 0.640963 0.611283 0.589463 0.5158 0.508219 0.520386 0.907804 0.694731 0.541374 0.58111 0.664046 0.839329 0.532139 0.563233
threshold=1.2974831614982973 1.0000000180025095e-35 1.7920311537267728 1.9815188507814125 3.5000000000000004 30.236721569975128 17.017817371952514 5.9680479807034317 2.3333638470330818 1.5281246137553179 1.8197468197430526 0.57332179065277356 52360.000000000007 2.5000000000000004 1.0000000180025095e-35 17.903471131289511 6.2981423116733017 16.987659160272365 5.2852117926282993 22.797540755617458 210.50000000000003 1.9999246801866812
decision_type=2 2 2 2 2 2 2 2 2 2 2 2 2 2 2 2 2 2 2 2 2 2
left_child=11 2 7 -3 9 -6 -7 -2 -9 -4 -11 -1 13 16 -15 -16 17 20 -19 -20 -12 -22
right_child=1 3 4 -5 5 6 -8 8 -10 10 12 -13 -14 14 15 -17 -18 18 19 -21 21 -23
leaf_value=-0.053378134650911881 -0.018242153157096406 0.034654305837889886 -0.04847722200587868 0.02551673629103899 -0.019063670514229084 0.16457902495727872 -0.03690225904375561 -0.025861420113856094 0.028754301742147964 0.027410548446443833 -0.019370756906319866 -0.023619593579146801 -0.039522474066830425 -0.0022820315986902076 0.03207494168275863 -0.012083074237031999 -0.016990295471345007 -0.0045848746706963822 0.057050746675512957 -0.080450038954314046 0.021423055498338301 -0.0010325001397463857
leaf_weight=1317 3738 71 147 480 3125 63 92 46 64 78 628 1044 375 1529 549 160 1634 180 177 53 120 1579
leaf_count=1317 3738 71 147 480 3125 63 92 46 64 78 628 1044 375 1529 549 160 1634 180 177 53 120 1579
internal_value=-0.000787876 -0.000496576 -0.000571539 0.00141007 -0.0003482 -0.000783106 0.00153125 -0.00117454 0.00136956 -0.000147492 -9.7567e-05 -0.00261243 -0.000134713 -6.03274e-05 0.000369816 0.00140196 -0.000284736 1.02107e-05 0.00122289 0.00245745 -0.000198114 0.000115023
internal_weight=17249 14888 14337 551 10489 3280 155 3848 110 7209 7062 2361 6984 6609 2238 709 4371 2737 410 230 2327 1699
internal_count=17249 14888 14337 551 10489 3280 155 3848 110 7209 7062 2361 6984 6609 2238 709 4371 2737 410 230 2327 1699
is_linear=0
shrinkage=0.035


Tree=102
num_leaves=23
num_cat=0
split_feature=8 12 9 20 16 3 20 21 21 20 20 24 1 11 8 20 5 11 21 11 22 21
split_gain=8.13979 1.84973 1.02414 1.04272 0.747923 0.919697 0.626505 1.7683 0.649599 0.632902 1.36643 0.620605 0.652524 1.16369 1.14972 0.904114 0.60385 0.685925 0.575361 0.54025 0.518783 0.502372
threshold=1.2844387755102045 1.7627137106115056 26.1445911420487 23.500000000000004 1.0000000180025095e-35 1.9815188507814125 27.500000000000004 2.5000000000000004 3.5000000000000004 11.500000000000002 6.5000000000000009 10740.000000000002 18.510883648048786 3.3927955011541369 3.5008585782075321 27.500000000000004 14.007413885646328 3.855209120480672 3.5000000000000004 10.369810244466445 32208.500000000004 3.5000000000000004
decision_type=2 2 2 2 2 2 2 2 2 2 2 2 2 2 2 2 2 2 2 2 2 2
left_child=-1 4 3 21 6 -6 9 -8 -9 10 -2 16 13 14 -13 -15 18 -18 -5 -4 -20 -3
right_child=1 2 19 11 5 -7 7 8 -10 -11 -12 12 -14 15 -16 -17 17 -19 20 -21 -22 -23
leaf_value=-0.0426435976776934 -0.028397080195576938 -0.0037872184997578416 0.029397563724922263 0.0011066820961004406 0.033156743074376244 -0.0076749451246165695 -0.033161295137858815 0.026162294147116839 -0.0062477522825437259 -0.019816704259922331 0.0052195405129958523 0.0089772484080836972 -0.043200854158862316 0.049510846271559911 -0.018976718025496029 0.090120242759959196 0.060070558358701211 0.012873813478573156 -0.029790865649594492 0.19062707562309683 0.0028018324639014292 -0.021839226107491266
leaf_weight=2249 858 5592 151 998 55 105 182 130 84 1893 663 55 46 112 203 62 104 461 218 92 119 2745
leaf_count=2249 858 5592 151 998 55 105 182 130 84 1893 663 55 46 112 203 62 104 461 218 92 119 2745
internal_value=-0.000745956 -0.00044837 -0.000211667 -0.00026446 -0.00109623 0.00116667 -0.00119725 7.85528e-05 0.00225342 -0.00135025 -0.000793579 0.000377465 0.0015 0.00194622 0.000359315 0.0041257 8.26763e-05 0.00104386 -0.000313434 0.00200403 -0.00155556 -0.000449773
internal_weight=17177 14928 10958 10715 3970 160 3810 396 214 3414 1521 2378 478 432 258 174 1900 565 1335 243 337 8337
internal_count=17177 14928 10958 10715 3970 160 3810 396 214 3414 1521 2378 478 432 258 174 1900 565 1335 243 337 8337
is_linear=0
shrinkage=0.035


Tree=103
num_leaves=23
num_cat=0
split_feature=11 8 11 20 20 20 20 5 4 18 20 20 20 0 1 24 5 12 16 5 10 24
split_gain=8.03024 1.58376 0.852678 0.941292 0.759384 1.59708 1.18158 0.799324 1.42348 0.814893 1.27364 1.83002 1.06436 1.01197 0.796459 0.730668 0.720912 0.709788 0.644975 0.643679 0.668666 0.639764
threshold=1.406422281611247 0.72077922077922085 9.3698428935884497 25.500000000000004 11.500000000000002 6.5000000000000009 2.5000000000000004 4.0075510609739959 6.9966807769941894 1.0000000180025095e-35 10.500000000000002 8.5000000000000018 10.500000000000002 17.903471131289511 9.7975184575539469 10740.000000000002 22.797540755617458 3.5182767032774853 1.0000000180025095e-35 6.1466474533550786 1.809457674368582 8654.0000000000018
decision_type=2 2 2 2 2 2 2 2 2 2 2 2 2 2 2 2 2 2 2 2 2 2
left_child=1 -1 3 4 5 6 -2 21 19 10 11 14 -11 17 -10 -5 -8 -13 -3 20 -9 -7
right_child=2 18 -4 15 -6 7 16 8 9 12 -12 13 -14 -15 -16 -17 -18 -19 -20 -21 -22 -23
leaf_value=-0.050017374019410692 0.0043951702423065319 -0.020278786474738807 0.027864868613947401 0.00013492722380788145 -0.017244143385589848 0.0085221869474775298 -0.031458132803201699 0.0029087675666459229 0.033857860077494591 -0.021530515710527266 -0.15941925396754472 0.082236312816100443 0.10917530053579172 0.21987900872181809 -0.006727183499780894 0.022382840418217351 0.07092715832984578 -0.017207224981384432 0.012751862464419728 0.050585658162056416 -0.050246278382266869 0.026334412019469587
leaf_weight=1541 1010 2790 497 1589 5220 406 1784 148 98 287 51 58 99 58 181 338 90 45 92 123 435 159
leaf_count=1541 1010 2790 497 1589 5220 406 1784 148 98 287 51 58 99 58 181 338 90 45 92 123 435 159
internal_value=-0.00075386 -0.00203772 -0.000303881 -0.0003631 -0.000497173 -0.000185528 -0.000725684 0.000531583 0.000114609 0.00106349 0.00200403 0.00263483 -9.84663e-05 0.00556626 0.000813379 0.000340579 -0.00124614 0.00298148 -0.00153602 -0.00103868 -0.00153572 0.00165789
internal_weight=17099 4423 12676 12179 10252 5032 2884 2148 1583 877 491 440 386 161 279 1927 1874 103 2882 706 583 565
internal_count=17099 4423 12676 12179 10252 5032 2884 2148 1583 877 491 440 386 161 279 1927 1874 103 2882 706 583 565
is_linear=0
shrinkage=0.035


Tree=104
num_leaves=23
num_cat=0
split_feature=9 9 16 3 24 10 0 12 10 4 22 12 20 1 17 0 4 11 0 20 11 5
split_gain=8.36899 1.689 1.30505 0.936764 1.08154 0.999454 0.668527 0.807816 0.704555 0.649548 0.996146 0.884016 0.595565 0.595133 0.584962 0.528466 0.946456 0.578035 0.520147 1.3099 0.496452 0.582943
threshold=2.1888710017658437 0.57332179065277356 1.0000000180025095e-35 13.982558156555685 10740.000000000002 3.8483144114694965 7.9927388748624617 3.1851590157390306 1.2724180205607036 3.4454159024562703 47334.500000000007 3.7921931863020508 6.5000000000000009 4.9584559719734012 1.0000000180025095e-35 7.9927388748624617 21.965076773329255 1.5281246137553179 26.94184716045481 9.5000000000000018 4.1369863056542906 17.033107411818296
decision_type=2 2 2 2 2 2 2 2 2 2 2 2 2 2 2 2 2 2 2 2 2 2
left_child=1 -1 3 4 -2 6 8 -8 -6 13 -11 -12 -5 -10 -7 17 -17 -4 20 -20 21 -14
right_child=2 -3 15 12 5 14 7 -9 9 10 11 -13 18 -15 -16 16 -18 -19 19 -21 -22 -23
leaf_value=-0.048266765928731324 -0.012399729009811188 -0.018589744121901852 -0.0079542833406537131 -0.020083133328714021 -0.020862854237542697 -0.047242522254302893 -0.025636252896676075 0.0092861533169580953 0.025647270552757645 -0.0048420471125686405 0.066331118233097966 -0.018764174170895237 0.039572608148449727 0.0010566620886450779 0.0048480794193983146 -0.0058098162066197506 0.052040543950318152 0.067726459450569168 0.2886312140817866 0.024095900068159211 -0.0010422211611445249 -0.068464088895299868
leaf_weight=1299 7447 2945 53 693 59 322 156 373 138 283 84 46 396 66 104 249 45 138 50 274 1814 125
leaf_count=1299 7447 2945 53 693 59 322 156 373 138 283 84 46 396 66 104 249 45 138 50 274 1814 125
internal_value=-0.000710441 -0.00205849 -0.000265481 -0.00033635 -0.000521359 0.000286674 0.000809917 -9.17611e-05 0.00153671 0.00190193 0.00102153 0.0035 0.000159517 0.00353349 -0.00114501 0.0015 0.000479932 0.00292857 0.000402026 0.00171277 0.000209401 0.00115779
internal_weight=17159 4244 12915 12430 9078 1631 1205 529 676 617 413 130 3352 204 426 485 294 191 2659 324 2335 521
internal_count=17159 4244 12915 12430 9078 1631 1205 529 676 617 413 130 3352 204 426 485 294 191 2659 324 2335 521
is_linear=0
shrinkage=0.035


Tree=105
num_leaves=23
num_cat=0
split_feature=9 8 17 20 18 14 9 2 20 20 7 18 21 20 11 21 20 21 20 5 9 12
split_gain=8.82908 1.35555 0.946339 0.942989 2.64327 0.78727 0.848995 0.75752 0.720002 0.861545 0.988665 0.574681 1.17128 1.08972 0.897448 0.6868 1.21437 0.843086 1.9615 0.597934 0.574286 0.544541
threshold=1.2974831614982973 2.9845125473974528 1.0000000180025095e-35 29.500000000000004 1.0000000180025095e-35 1.0000000180025095e-35 9.7303030303030322 4.2628571428571442 27.500000000000004 19.500000000000004 10.000510204081634 1.0000000180025095e-35 4.5000000000000009 11.500000000000002 2.1403234597762544 3.5000000000000004 29.500000000000004 4.5000000000000009 7.5000000000000009 25.102403528914756 0.57332179065277356 4.4426565696908691
decision_type=2 2 2 2 2 2 2 2 2 2 2 2 2 2 2 2 2 2 2 2 2 2
left_child=20 -2 11 5 -5 6 -4 -7 9 10 -8 15 13 14 -13 -3 17 -17 19 -19 -1 -11
right_child=1 2 3 4 -6 7 8 -9 -10 21 -12 12 -14 -15 -16 16 -18 18 -20 -21 -22 -23
leaf_value=-0.046577429121225727 -0.014551333137543976 -0.0046789948882241432 -0.010384310394939214 0.14913515316665754 -0.063086279212860599 0.014403209371763797 0.048482965330917768 0.053842281840067743 -0.090844434382839928 -0.0024982947457771552 -0.0021702507693961361 0.054507926177134139 -0.088560835187607698 -0.046365465512273253 0.047251977358164984 -0.042544813536585908 0.084263359018170586 -0.057293411116362915 0.16258937828697953 0.10371432181521462 -0.018899132750211455 0.04785969114262037
leaf_weight=1268 4074 4837 1149 79 78 134 56 51 86 95 880 50 164 248 595 1359 82 284 91 52 1034 321
leaf_count=1268 4074 4837 1149 79 78 134 56 51 86 95 880 50 164 248 595 1359 82 284 91 52 1034 321
internal_value=-0.000681058 -0.00036493 -0.00015576 0.000376959 0.00298148 0.00021804 5.13109e-05 0.00239474 0.000623353 0.000833087 0.000219447 -0.000359149 0.000388888 0.000904231 0.00166923 -0.000479882 -0.00105206 -0.00125265 6.4814e-05 -0.0011393 -0.00269593 0.00215321
internal_weight=17067 14765 10691 2929 157 2772 2587 185 1438 1352 936 7762 1057 893 645 6705 1868 1786 427 336 2302 416
internal_count=17067 14765 10691 2929 157 2772 2587 185 1438 1352 936 7762 1057 893 645 6705 1868 1786 427 336 2302 416
is_linear=0
shrinkage=0.035


Tree=106
num_leaves=23
num_cat=0
split_feature=9 9 24 12 9 9 20 20 20 20 21 9 12 22 24 21 11 10 11 11 9 10
split_gain=8.16168 1.31657 1.9414 0.733528 0.755849 0.714671 0.651055 1.60112 0.915318 0.735702 0.73675 0.870627 0.918982 0.80462 0.680787 0.668431 0.712348 0.945338 0.63684 0.676862 0.635314 0.624146
threshold=1.3566482833550577 8.1809193133760143 10740.000000000002 2.514245129542577 8.3591333284590785 3.948684210526316 11.500000000000002 6.5000000000000009 25.500000000000004 2.5000000000000004 3.5000000000000004 2.2400445813187457 1.6909314353100842 33201.500000000007 4472.0000000000009 3.5000000000000004 1.6391501416322993 2.0354009783964337 1.4373357526806561 1.3424596091494918 0.57332179065277356 1.7182493859684496
decision_type=2 2 2 2 2 2 2 2 2 2 2 2 2 2 2 2 2 2 2 2 2 2
left_child=20 2 6 -3 -5 21 7 9 -8 10 11 -2 -13 14 -14 16 18 -18 19 -10 -1 -4
right_child=1 3 5 4 -6 -7 8 -9 15 -11 -12 12 13 -15 -16 -17 17 -19 -20 -21 -22 -23
leaf_value=-0.044947219101982822 -0.029136830747235259 -0.057958401340295632 0.0039413530918990646 0.033409642627180984 -9.9211758512438375e-05 -0.0008554799788639823 -0.02123155552867707 0.0060716079589403851 -0.014075396307765563 -0.030118080211306526 -0.026129256409928102 0.027961965418257313 0.0059164167968977777 -0.046523453250688768 0.11903154705810996 -0.019401612384127034 0.028117506715040805 -0.001921168542351174 -0.030350045923405542 0.0364488952009316 -0.018237663103954055 0.023206128040898926
leaf_weight=1283 82 151 162 125 6188 326 3253 1346 255 1151 230 47 129 85 56 278 182 318 138 49 1099 182
leaf_count=1283 82 151 162 125 6188 326 3253 1346 255 1151 230 47 129 85 56 278 182 318 138 49 1099 182
internal_value=-0.000691006 -0.000381871 -0.000674282 -4.87021e-06 5.09647e-05 0.00111481 -0.000834956 -0.000437082 -0.00110831 -0.00112745 -0.000132493 0.000745049 0.00160869 0.000699999 0.00202631 -0.000271429 0.000158922 0.00107426 -0.000837808 1.1326e-05 -0.00259091 0.00221633
internal_weight=17115 14733 8269 6464 6313 670 7599 3126 4473 1780 629 399 317 270 185 1220 942 500 442 304 2382 344
internal_count=17115 14733 8269 6464 6313 670 7599 3126 4473 1780 629 399 317 270 185 1220 942 500 442 304 2382 344
is_linear=0
shrinkage=0.035


Tree=107
num_leaves=23
num_cat=0
split_feature=8 20 20 21 20 21 20 20 20 5 20 20 21 21 20 20 16 12 21 24 21 11
split_gain=7.55153 1.38477 1.44581 1.2533 2.96149 1.7577 3.4717 1.5761 1.02593 1.32466 0.943414 2.4985 2.11575 0.978786 0.9983 2.20363 0.759584 0.749373 0.938419 0.741161 0.656047 0.835533
threshold=1.2844387755102045 25.500000000000004 30.500000000000004 2.5000000000000004 29.500000000000004 3.5000000000000004 27.500000000000004 27.500000000000004 28.500000000000004 5.9680479807034317 11.500000000000002 6.5000000000000009 1.5000000000000002 4.5000000000000009 8.5000000000000018 7.5000000000000009 1.0000000180025095e-35 3.7604260387919708 1.5000000000000002 9795.0000000000018 1.5000000000000002 1.9057460827371895
decision_type=2 2 2 2 2 2 2 2 2 2 2 2 2 2 2 2 2 2 2 2 2 2
left_child=-1 10 3 7 5 6 -5 20 9 -8 11 16 -13 -14 15 -15 19 -12 -19 -2 21 -3
right_child=1 2 -4 4 -6 -7 8 -9 -10 -11 17 12 13 14 -16 -17 -18 18 -20 -21 -22 -23
leaf_value=-0.038490885333195904 -0.021950810624562021 -0.0066064023940741014 -0.051036945324391417 -0.027752191908646653 0.086650603563238629 -0.014531385857751064 0.053167370291236783 -0.027133654960460177 0.01913958190737455 0.15444089746126841 -0.018007647488007934 -0.019332409706010415 0.028443603952446175 -0.064583961869091294 -0.081697166700348989 0.10115448869662647 0.029593415898095915 0.013495500874548488 -0.02598934642216303 -0.00097668051292794443 -0.0064944584305993902 0.051805429546597649
leaf_weight=2220 2618 79 238 224 226 455 48 566 108 60 4006 571 1699 116 114 122 131 576 1851 741 217 153
leaf_count=2220 2618 79 238 224 226 455 48 566 108 60 4006 571 1699 116 114 122 131 576 1851 741 217 153
internal_value=-0.000715353 -0.000430113 0.000339848 0.000635917 0.00144227 0.000505555 0.00208427 -0.000240197 0.00521041 0.00765044 -0.000577292 -0.000261485 0.000550247 0.00107928 -0.000558824 0.000676954 -0.000876253 -0.000874185 -0.000377057 -0.000982165 0.00127973 0.00255485
internal_weight=17139 14919 2374 2136 1121 895 440 1015 216 108 12545 6112 2622 2051 352 238 3490 6433 2427 3359 449 232
internal_count=17139 14919 2374 2136 1121 895 440 1015 216 108 12545 6112 2622 2051 352 238 3490 6433 2427 3359 449 232
is_linear=0
shrinkage=0.035


Tree=108
num_leaves=23
num_cat=0
split_feature=15 8 16 20 20 21 20 10 16 20 11 10 8 1 6 21 18 15 10 6 3 18
split_gain=7.16778 1.55461 1.02821 0.686657 1.28503 0.985157 0.937643 0.766091 0.685477 0.625635 0.777542 1.02296 0.751439 0.621708 1.21869 0.616783 0.867891 0.587901 0.578279 0.56814 0.893014 1.01242
threshold=0.25462962962962971 8.8592600247559705 1.0000000180025095e-35 6.5000000000000009 11.500000000000002 1.5000000000000002 22.500000000000004 0.8164965809277277 1.0000000180025095e-35 22.500000000000004 3.9274707823045372 3.0937725468153898 9.7032235621521341 13.982558156555685 12.820050767804002 3.5000000000000004 1.0000000180025095e-35 0.60357142857142865 1.809457674368582 7.1127015835801446 2.6536137363740666 1.0000000180025095e-35
decision_type=2 2 2 2 2 2 2 2 2 2 2 2 2 2 2 2 2 2 2 2 2 2
left_child=1 2 3 15 5 18 -6 -8 17 -3 11 12 -11 -13 -15 16 -1 -2 -5 20 -7 -22
right_child=8 9 -4 4 6 19 7 -9 -10 10 -12 13 -14 14 -16 -17 -18 -19 -20 -21 21 -23
leaf_value=-0.016298183849122176 -0.017438349037929117 -0.0027257570145820973 0.015075067487580687 0.00012020776365046633 -0.020978768447369421 -0.00026536457956588338 -0.027863535183419202 -0.0016962820779702751 0.0074858316927493831 0.027285564716366607 0.0030309644370420945 0.027003318409666254 -0.027739518471304247 0.0929557831139282 0.019805281553615776 -0.032302409078758164 0.13763448536087125 -0.042026885446751559 -0.056030462356033338 -0.023051428912922362 0.038634833376107063 0.0022137295890811777
leaf_weight=1117 1220 4599 331 158 2827 402 188 2028 84 65 1010 117 132 58 56 748 127 1050 140 221 302 197
leaf_count=1117 1220 4599 331 158 2827 402 188 2028 84 65 1010 117 132 58 56 748 127 1050 140 221 302 197
internal_value=-0.000682808 -0.000396076 -0.000693153 -0.000769504 -0.000588745 0.000331578 -0.000851427 -0.000300991 -0.00247626 3.35973e-05 0.000671863 0.0019157 0 0.00347034 0.00532353 -0.00134427 -0.000837871 -0.00259231 -0.00142079 0.000816769 0.00121302 0.00219444
internal_weight=17177 14823 8786 8455 6463 1420 5043 2216 2354 6037 1438 428 197 231 114 1992 1244 2270 298 1122 901 499
internal_count=17177 14823 8786 8455 6463 1420 5043 2216 2354 6037 1438 428 197 231 114 1992 1244 2270 298 1122 901 499
is_linear=0
shrinkage=0.035


Tree=109
num_leaves=23
num_cat=0
split_feature=9 8 24 9 25 9 9 21 1 4 2 10 10 11 0 12 12 10 21 4 14 5
split_gain=7.71449 1.28909 1.00679 1.30922 0.721733 0.979978 0.614812 0.583893 0.58602 0.524323 0.633812 1.04349 0.71332 0.961094 1.06735 0.595709 0.530665 0.509072 0.588841 0.581864 0.502202 0.46273
threshold=1.3566482833550577 8.8592600247559705 10740.000000000002 3.948684210526316 729.50000000000011 2.7246111641241617 0.57332179065277356 3.5000000000000004 30.236721569975128 6.2149784522836695 7.3463985739894344 3.6860220080126287 3.3391314567863302 3.4853922753682953 12.035714285714286 9.5923268933509522 3.5182767032774853 1.2724180205607036 2.5000000000000004 3.4454159024562703 0.087121212121212141 23.937493722930562
decision_type=2 2 2 2 2 2 2 2 2 2 2 2 2 2 2 2 2 2 2 2 2 2
left_child=6 2 4 17 -2 20 -1 8 9 15 11 16 -12 14 -14 -3 -11 -4 -19 -20 -6 -15
right_child=1 7 3 -5 5 -7 -8 -9 -10 10 12 -13 13 21 -16 -17 -18 18 19 -21 -22 -23
leaf_value=-0.040555944456115267 -0.01402480911063249 -0.020300684384583444 -0.013879049819071027 -0.0084020939865149837 0.0039979397004575026 -0.0098190984775397526 -0.015641821692326283 -0.011377146172417387 -0.064309658718265106 0.061606193631340282 -0.0092864902747331109 0.0043029849512182189 0.097855687179480996 0.0045971790446628392 0.012802586147910935 0.080295956353608186 0.045545763726324434 0.0028359335203938388 0.033633844001304543 0.0036502515745082901 0.029685187996868364 0.059849669357539576
leaf_weight=1258 6738 760 48 557 230 756 1112 1920 195 45 713 132 79 1647 67 63 59 157 86 51 116 315
leaf_count=1258 6738 760 48 557 230 756 1112 1920 195 45 713 132 79 1647 67 63 59 157 86 51 116 315
internal_value=-0.00067488 -0.000374958 -0.000646044 0.000449114 -0.000774061 4.11012e-05 -0.00252737 1.74992e-05 0.000257352 0.000355855 0.000569235 0.00230913 0.000413658 0.000740416 0.00345364 -0.000414252 0.00484862 0.00214841 0.00270401 0.00438732 0.00158547 0.000521351
internal_weight=17104 14734 8739 899 7840 1102 2370 5995 4075 3880 3057 236 2821 2108 146 823 104 342 294 137 346 1962
internal_count=17104 14734 8739 899 7840 1102 2370 5995 4075 3880 3057 236 2821 2108 146 823 104 342 294 137 346 1962
is_linear=0
shrinkage=0.035


Tree=110
num_leaves=23
num_cat=0
split_feature=14 0 20 20 21 20 20 20 17 20 21 20 20 21 20 20 21 24 27 21 20 20
split_gain=6.94746 1.34712 0.824398 1.62142 0.748332 0.800186 0.75439 0.866079 3.54515 0.666754 1.10465 1.77001 1.58143 2.11893 1.02641 0.948913 2.27056 0.844666 0.821208 0.757405 0.710608 2.14789
threshold=0.36038961038961043 1.9999246801866812 18.500000000000004 13.500000000000002 3.5000000000000004 29.500000000000004 30.500000000000004 29.500000000000004 1.0000000180025095e-35 7.5000000000000009 2.5000000000000004 11.500000000000002 9.5000000000000018 3.5000000000000004 8.5000000000000018 2.5000000000000004 3.5000000000000004 9795.0000000000018 2.5000000000000004 3.5000000000000004 8.5000000000000018 9.5000000000000018
decision_type=2 2 2 2 2 2 2 2 2 2 2 2 2 2 2 2 2 2 2 2 2 2
left_child=1 -1 3 9 6 -6 7 -4 -9 15 20 12 14 -14 19 16 -3 -17 -15 -12 -11 -22
right_child=-2 2 4 -5 5 -7 -8 8 -10 10 11 -13 13 18 -16 17 -18 -19 -20 -21 21 -23
leaf_value=-0.015048724034230668 -0.037217112684221905 0.024715312058118357 0.0028733186625964544 -0.029431747005641638 -0.018835692035073757 0.030422497476029459 -0.04368715876639323 -0.060022669047244522 0.095175133377100637 -0.067661794352236002 -0.021149816618385966 -0.031270147408283544 0.087005912961509363 0.063256083611186176 -0.02217405716727645 -0.024792390268319916 -0.033024218919518289 0.0020793181311733692 -0.0028852346656821765 0.069409522276625932 0.078385077346029938 -0.019382402876992263
leaf_weight=2258 1762 628 3253 2016 1095 109 198 97 111 203 92 426 213 53 304 1872 428 630 175 204 201 806
leaf_count=2258 1762 628 3253 2016 1095 109 198 97 111 203 92 426 213 53 304 1872 428 630 175 204 201 806
internal_value=-0.000706372 -0.000465924 -0.000327884 -0.000540941 3.01964e-05 -0.000720845 0.00028275 0.000407962 0.00257981 -0.000258014 0.000153989 0.000803668 0.00158604 0.0031704 0.000376032 -0.000572692 0.00029359 -0.000945154 0.000706008 0.00184884 -0.000619342 -0.000214428
internal_weight=17134 15372 13114 8251 4863 1204 3659 3461 208 6235 2677 1467 1041 441 600 3558 1056 2502 228 296 1210 1007
internal_count=17134 15372 13114 8251 4863 1204 3659 3461 208 6235 2677 1467 1041 441 600 3558 1056 2502 228 296 1210 1007
is_linear=0
shrinkage=0.035


Tree=111
num_leaves=23
num_cat=0
split_feature=9 9 9 24 1 4 7 8 2 3 12 4 25 9 20 20 4 20 21 5 23 9
split_gain=6.81828 1.32232 1.0245 0.778234 1.13484 0.875418 0.933 0.639952 0.779341 0.610047 0.622467 0.601811 0.568003 0.954615 0.56067 0.962852 0.675927 0.882389 0.687251 0.7727 0.77649 0.627294
threshold=1.2974831614982973 10.157334819439784 0.57332179065277356 10740.000000000002 4.9584559719734012 3.4454159024562703 3.1038226523002144 9.7777689777444774 9.9933189851049971 7.3463985739894344 7.0683528868058376 4.9547980748721674 729.50000000000011 2.7501880998725912 13.500000000000002 6.5000000000000009 2.7510802800496736 2.5000000000000004 3.5000000000000004 5.6225331621782955 19200.000000000004 1.6793160786581842
decision_type=2 2 2 2 2 2 2 2 2 2 2 2 2 2 2 2 2 2 2 2 2 2
left_child=2 3 -1 12 5 6 -5 8 -3 10 -9 -7 14 -14 15 16 -2 18 19 20 -18 -17
right_child=1 7 -4 4 -6 11 -8 9 -10 -11 -12 -13 13 -15 -16 21 17 -19 -20 -21 -22 -23
leaf_value=-0.037833887456203454 -0.025543206505551485 -0.00131694461323873 -0.013791758989147097 -0.00042085612286020378 -0.0074592482939453949 -0.068865636034875985 0.027888083051103532 -0.047180427540589674 0.063241340247623595 0.0026511335973460289 0.023918732972103254 0.0079442774197938399 0.014471348218139557 -0.010604450275387685 -0.017374062249729757 0.017842211443911533 0.32669375762873099 -0.027972149568534166 -0.032709825335335299 0.043621068595600422 -0.020295719859646875 -0.0015728042990343122
leaf_weight=1282 576 61 1031 75 738 54 120 441 48 4578 98 184 382 736 3864 189 64 723 125 66 141 1573
leaf_count=1282 576 61 1031 75 738 54 120 441 48 4578 98 184 382 736 3864 189 64 723 125 66 141 1573
internal_value=-0.00067617 -0.000398795 -0.00244306 -0.000642487 0.000190475 0.00161415 0.003325 4.61662e-05 0.00264035 -8.20076e-06 -0.00111949 0.000100822 -0.000760186 -9.35079e-06 -0.000872373 -0.00053784 -0.00113235 -0.000604093 0.000689525 0.00169927 0.000499999 2.5749e-05
internal_weight=17149 14836 2313 9610 1171 433 195 5226 109 5117 539 238 8439 1118 7321 3457 1695 1119 396 271 205 1762
internal_count=17149 14836 2313 9610 1171 433 195 5226 109 5117 539 238 8439 1118 7321 3457 1695 1119 396 271 205 1762
is_linear=0
shrinkage=0.035


Tree=112
num_leaves=23
num_cat=0
split_feature=9 9 16 27 1 11 10 8 10 21 20 20 3 3 12 12 22 20 20 12 3 12
split_gain=7.30548 2.3995 0.808544 0.981324 0.775024 1.17571 0.720671 0.69444 0.596516 0.556825 1.02654 1.10976 0.644049 0.617772 0.570221 0.547114 0.529248 0.519047 0.942077 0.638497 0.570229 0.490842
threshold=2.2581248134303693 0.57332179065277356 1.0000000180025095e-35 3.5000000000000004 12.996151141142256 3.2284790417589679 1.0564524048220496 18.65106459210639 1.9880595947760116 3.5000000000000004 2.5000000000000004 8.5000000000000018 8.9137438819749804 3.9853480954257141 6.918985069027408 7.5062549710448145 33201.500000000007 13.500000000000002 7.5000000000000009 7.7116519410830922 19.556552062598733 2.1488892171828846
decision_type=2 2 2 2 2 2 2 2 2 2 2 2 2 2 2 2 2 2 2 2 2 2
left_child=1 -1 6 4 5 8 -2 -6 -4 10 12 -12 13 -8 21 -9 -15 18 19 -16 -20 -11
right_child=2 -3 3 -5 7 -7 9 15 -10 14 11 -13 -14 16 17 -17 -18 -19 20 -21 -22 -23
leaf_value=-0.036509701395236328 -0.019539435957408546 -0.013309047424526953 0.068239940789673451 -0.015288836413389115 -0.041710144068324899 0.33264430505154696 0.024860559102390455 0.37493681270000773 -0.0062219264629789295 -0.00011587880750296673 -0.019148906766758213 0.00031896410111258486 0.049970807944808432 0.065221038030563352 0.056739449965877334 -0.0052556441274063219 -0.021692206067268443 -0.025613142401038881 0.0254096933047059 -0.033594204924507855 0.16422638445735718 -0.019092313021269399
leaf_weight=1284 614 3146 83 119 75 50 65 46 74 696 1566 5837 175 196 82 55 136 393 92 171 80 2070
leaf_count=1284 614 3146 83 119 75 50 65 46 74 696 1566 5837 175 196 82 55 136 393 92 171 80 2070
internal_value=-0.000666862 -0.00189008 -0.000237383 0.00112525 0.00200258 0.00343396 -0.000295452 0.000174032 0.00168518 -0.000231236 -6.57903e-05 -0.000178592 0.00135269 0.000504974 -0.000593899 0.00211321 -7.27011e-05 0.000199878 0.00105814 -0.000244187 0.00302542 -0.000834898
internal_weight=17105 4430 12675 502 383 207 12173 176 157 11559 7975 7403 572 397 3584 101 332 818 425 253 172 2766
internal_count=17105 4430 12675 502 383 207 12173 176 157 11559 7975 7403 572 397 3584 101 332 818 425 253 172 2766
is_linear=0
shrinkage=0.035


Tree=113
num_leaves=23
num_cat=0
split_feature=9 9 5 24 7 6 10 8 23 8 11 11 3 10 3 17 0 3 1 15 8 9
split_gain=6.99036 1.98864 0.748905 0.52398 0.978459 0.779322 0.693333 1.02357 1.06379 0.623593 0.882115 0.569458 0.784752 0.74082 0.537041 1.25982 1.38273 0.519846 0.527087 0.585776 0.47976 1.95886
threshold=0.57332179065277356 2.2581248134303693 13.982558156555685 10740.000000000002 8.4253828275852474 9.9933189851049971 1.2724180205607036 3.2811628092404379 60300.000000000007 2.0714541544120011 1.3424596091494918 7.608604816174334 7.9712513399742182 6.1065269697972715 14.209780574436282 1.0000000180025095e-35 12.282887333448043 3.9853480954257141 0.97613398113309346 0.26006441223832533 5.7858390853854962 4.438070263070264
decision_type=2 2 2 2 2 2 2 2 2 2 2 2 2 2 2 2 2 2 2 2 2 2
left_child=-1 17 3 9 6 -6 -5 -8 -9 10 -3 14 -13 -14 20 -16 -17 18 19 -2 21 -11
right_child=1 2 -4 4 5 -7 7 8 -10 11 -12 12 13 -15 15 16 -18 -19 -20 -21 -22 -23
leaf_value=-0.035231861846403055 0.013551072157034905 -0.015371377949265607 0.004638453925594358 -0.025987088877155371 -0.027999794524796756 0.0022483703322423408 0.020674703280119576 -0.0034246920908181564 0.057666602764500884 -0.0087627362563709107 0.018463873927089557 0.1255588518865054 0.0906709016808636 -0.0281727290647238 -0.018084809326031369 0.06778297710234428 0.0094629745420720061 -0.0028346870111908566 -0.018347853528437687 -0.012843230764668508 -0.02688660186314373 0.028976370574171521
leaf_weight=1306 283 65 3077 58 540 418 104 380 215 3055 71 83 71 137 488 69 119 350 2155 397 3242 512
leaf_count=1306 283 65 3077 58 540 418 104 380 215 3055 71 83 71 137 488 69 119 350 2155 397 3242 512
internal_value=-0.000693896 -0.000489745 -0.000291645 -0.000444042 0.000101743 -0.000628765 0.00104724 0.00137216 0.000758333 -0.000564545 0.00171277 -0.000607699 0.000874999 -0.000213616 -0.000668225 0.000251835 0.0026658 -0.00127273 -0.00142958 -0.000536497 -0.000762255 -0.000472285
internal_weight=17195 15889 12704 9627 1715 958 757 699 595 7912 136 7776 291 208 7485 676 188 3185 2835 680 6809 3567
internal_count=17195 15889 12704 9627 1715 958 757 699 595 7912 136 7776 291 208 7485 676 188 3185 2835 680 6809 3567
is_linear=0
shrinkage=0.035


Tree=114
num_leaves=23
num_cat=0
split_feature=12 8 8 25 11 7 3 2 7 7 4 20 1 11 20 17 18 20 24 6 3 7
split_gain=3.27831 1.43449 0.719382 0.596246 0.583463 0.747463 0.679684 1.175 0.634244 0.576405 0.508326 0.708873 1.24918 0.964011 0.441987 0.409247 0.862516 1.79974 0.538801 0.637718 0.707097 1.01398
threshold=1.7224828369536844 0.35299200622699706 21.761108290698008 729.50000000000011 5.5316223904220942 25.012025516759049 16.987659160272365 28.125319265124826 22.777551020408165 1.8571940231097155 1.0000000180025095e-35 13.500000000000002 0.97613398113309346 0.74351561001688371 8.5000000000000018 1.0000000180025095e-35 1.0000000180025095e-35 29.500000000000004 4472.0000000000009 25.102403528914756 14.209780574436282 19.000701735785487
decision_type=2 2 2 2 2 2 2 2 2 2 2 2 2 2 2 2 2 2 2 2 2 2
left_child=1 -1 15 10 5 8 7 -6 -4 -5 11 12 13 -3 -14 -2 17 18 -17 20 -20 -22
right_child=2 3 4 9 6 -7 -8 -9 -10 -11 -12 -13 14 -15 -16 16 -18 -19 19 -21 21 -23
leaf_value=-0.033998746681778949 -0.0085488922643245403 -0.011619896698563613 0.0062395319627375281 0.016333630059896388 0.10049264636156381 -0.054518637530375828 -0.0036298531766361711 -0.047294964554200895 0.17917979267535544 -0.0039704868626050261 -0.012910994968142303 -0.019939804438290083 -0.021681396582274647 0.0019036905040828776 0.00014065454391227528 -0.011925393905501732 -0.097027783769606871 0.10408283432348583 0.00062482115740498175 -0.10654716889087512 0.039658168808862825 -0.033034796109635015
leaf_weight=718 7265 66 56 49 104 57 799 68 78 378 3781 571 190 101 75 653 140 73 1344 61 383 86
leaf_count=718 7265 66 56 49 104 57 799 68 78 378 3781 571 190 101 75 653 140 73 1344 61 383 86
internal_value=-0.000534385 -0.0011997 -0.000179199 -0.000990415 0.000638817 0.00239286 0.000265368 0.00223446 0.00380216 0.000226851 -0.00110284 -0.000375001 0.000664759 0.00301163 -0.000777779 -0.000276225 8.28771e-05 0.000235124 6.63499e-05 0.0003744 0.0005044 0.00166878
internal_weight=17096 5929 11167 5211 1162 191 971 172 134 427 4784 1003 432 167 265 10005 2740 2600 2527 1874 1813 469
internal_count=17096 5929 11167 5211 1162 191 971 172 134 427 4784 1003 432 167 265 10005 2740 2600 2527 1874 1813 469
is_linear=0
shrinkage=0.035


Tree=115
num_leaves=23
num_cat=0
split_feature=9 8 20 9 20 20 1 20 20 21 21 16 21 1 11 10 18 21 5 21 21 21
split_gain=4.1084 0.985174 0.847843 0.95725 0.666818 0.922096 0.936964 0.564839 1.15484 2.21589 1.23543 0.757994 0.754952 0.749918 0.640151 0.609684 0.579855 1.62978 1.15828 0.872384 0.776962 0.771727
threshold=2.2581248134303693 0.35299200622699706 22.500000000000004 24.339285714285719 13.500000000000002 6.5000000000000009 0.97613398113309346 11.500000000000002 6.5000000000000009 1.5000000000000002 4.5000000000000009 1.0000000180025095e-35 1.5000000000000002 0.97613398113309346 1.8232322463624395 3.1620382566543399 1.0000000180025095e-35 2.5000000000000004 19.908514249778566 3.5000000000000004 2.5000000000000004 3.5000000000000004
decision_type=2 2 2 2 2 2 2 2 2 2 2 2 2 2 2 2 2 2 2 2 2 2
left_child=1 -1 7 -4 5 6 -3 8 11 -10 16 -2 14 -14 -9 -16 18 -18 19 20 -11 -19
right_child=2 4 3 -5 -6 -7 -8 12 9 10 -12 -13 13 -15 15 -17 17 21 -20 -21 -22 -23
leaf_value=-0.032808790547916682 -0.014709992357974426 0.00024958151933170727 0.00063725746642069418 0.14887075868934146 -0.017381181143617735 -0.0011383682839943229 -0.021625876316406219 -0.018672208216072964 -0.026280274381375573 0.086261484405986383 -0.014371963121653283 0.050790531729263295 0.016038902704239237 -0.028870269018623919 0.017215810555167695 -0.0073031982299476775 -0.0534129186989621 0.071941602515009737 -0.029757065999800752 0.074665752037775077 0.015986998683199343 0.017508177251109439
leaf_weight=720 2875 219 3088 127 1969 932 579 253 477 260 293 115 65 3118 409 411 189 90 94 79 333 395
leaf_count=720 2875 219 3088 127 1969 932 579 253 477 260 293 115 65 3118 409 411 189 90 94 79 333 395
internal_value=-0.000602955 -0.00152215 -0.000280531 0.000206521 -0.00127943 -0.000756485 -0.00162578 -0.000447998 -0.000198368 0.000402934 0.000990793 -0.000648582 -0.000748299 -0.00101882 3.89602e-05 0.000530302 0.00141695 0.000623711 0.00208366 0.00260044 0.0020602 0.00171428
internal_weight=17090 4419 12671 3215 3699 1730 798 9456 5200 2210 1733 2990 4256 3183 1073 820 1440 674 766 672 593 485
internal_count=17090 4419 12671 3215 3699 1730 798 9456 5200 2210 1733 2990 4256 3183 1073 820 1440 674 766 672 593 485
is_linear=0
shrinkage=0.035


Tree=116
num_leaves=23
num_cat=0
split_feature=9 11 21 9 4 22 10 21 5 7 5 16 11 10 5 1 11 3 8 12 8 8
split_gain=3.4022 0.94937 0.72873 0.589854 0.822453 0.832088 1.08839 1.03474 1.02472 0.616046 0.597219 0.538886 0.5286 0.440262 1.12266 0.438219 0.59818 0.552609 0.692518 1.29353 0.539521 0.754276
threshold=2.2581248134303693 0.4688072309384958 3.5000000000000004 17.384285681935161 13.013525075797139 44839.000000000007 3.3391314567863302 4.5000000000000009 3.3306803804457639 16.719015344545475 0.99491741027542968 1.0000000180025095e-35 1.0994504121565514 2.2677868380553665 9.9933189851049971 2.227876177689875 1.4468609447374672 1.9815188507814125 3.0003337402748032 1.7224828369536844 2.1428827258405723 3.0003337402748032
decision_type=2 2 2 2 2 2 2 2 2 2 2 2 2 2 2 2 2 2 2 2 2 2
left_child=1 -1 15 4 5 10 7 8 -7 -5 -4 -3 -13 -10 -15 20 -17 18 19 -18 -2 -22
right_child=2 11 3 9 -6 6 -8 -9 13 -11 -12 12 -14 14 -16 16 17 -19 -20 -21 21 -23
leaf_value=-0.031660482878739599 0.017452705624123616 -0.012532320791747573 0.01430722567912434 0.065132949973173856 -0.065805501718240997 -0.0030985858313620292 -0.033478599637227234 -0.02750163314060743 0.053610003242871768 -0.0066456217219252609 -0.014917498281169193 0.0300744656752167 -0.019049843027647586 -0.02975129803234346 0.035759568127030517 -0.018372321419233867 -0.033503916684094824 -0.0020509614270922331 -0.010330952902639169 0.066708286283596319 -0.0047560937186006463 0.012808484075782351
leaf_weight=600 96 3714 55 126 336 132 285 130 103 882 1776 62 64 63 48 437 51 6942 103 64 679 403
leaf_count=600 96 3714 55 126 336 132 285 130 103 882 1776 62 64 63 48 437 51 6942 103 64 679 403
internal_value=-0.000484729 -0.0013189 -0.000191571 -0.000587035 -0.000838903 -0.000615904 0.000338119 0.00137526 0.00238319 0.000127837 -0.00102179 -0.00110598 0.00104198 0.0038516 0.00193103 -1.19598e-05 -0.000111419 -3.17524e-05 0.00167937 0.0035 0.000612425 0.000363845
internal_weight=17151 4440 12711 3936 2928 2592 761 476 346 1008 1831 3840 126 214 111 8775 7597 7160 218 115 1178 1082
internal_count=17151 4440 12711 3936 2928 2592 761 476 346 1008 1831 3840 126 214 111 8775 7597 7160 218 115 1178 1082
is_linear=0
shrinkage=0.035


Tree=117
num_leaves=23
num_cat=0
split_feature=9 8 20 20 21 21 20 0 0 7 0 4 3 24 20 12 4 8 2 20 21 4
split_gain=3.2579 1.17164 0.708464 0.883738 1.75739 1.25771 1.09984 0.646616 0.616031 0.937535 0.607889 0.912227 0.908266 0.593651 0.634151 0.913372 0.582399 0.588954 0.581061 0.577472 1.21436 0.899069
threshold=2.2581248134303693 0.35299200622699706 6.5000000000000009 11.500000000000002 1.5000000000000002 4.5000000000000009 18.500000000000004 33.500000000000007 22.052447947677845 18.580604475465019 18.955902356631452 25.102403528914756 19.556552062598733 5018.5000000000009 19.500000000000004 1.9906376427646346 1.0000000180025095e-35 1.3580155746509133 17.903471131289511 2.5000000000000004 3.5000000000000004 6.2149784522836695
decision_type=2 2 2 2 2 2 2 2 2 2 2 2 2 2 2 2 2 2 2 2 2 2
left_child=1 -1 19 4 -4 10 -5 8 9 13 -6 12 18 14 15 -8 17 -3 -12 20 21 -2
right_child=2 16 3 6 5 -7 7 -9 -10 -11 11 -13 -14 -15 -16 -17 -18 -19 -20 -21 -22 -23
leaf_value=-0.030552365977983709 -0.0025417280064117323 0.00061420575252631344 -0.027358442966424774 -0.018457525388733239 0.014571567703646426 -0.014234049998554594 -0.038278870824027957 0.22295146605272928 -0.056885803010113464 0.05465500947771823 0.17319027526380046 -0.032827758724891756 0.27738723279265143 0.0030097686004790531 -0.0097039738819036086 0.056271658195791552 -0.01250126836796313 -0.012569692703925052 -0.0064606062519076092 -0.024919631621858406 -0.026902579141500984 0.04152584156819724
leaf_weight=738 392 712 486 2693 1145 288 52 53 307 324 77 58 101 2425 1518 85 2707 266 64 1991 384 212
leaf_count=738 392 712 486 2693 1145 288 52 53 307 324 77 58 101 2425 1518 85 2707 266 64 1991 384 212
internal_value=-0.000500528 -0.00131843 -0.000212876 -6.54383e-05 0.000544514 0.00107135 -0.000249532 6.67847e-05 1.78109e-05 0.000127806 0.00149655 0.00292623 0.00386842 -1.28527e-05 -0.000527109 0.00167606 -0.00105285 -0.000295525 0.00177397 -0.000684987 0 0.000982758
internal_weight=17078 4423 12655 9676 2219 1733 7457 4764 4711 4404 1445 300 242 4080 1655 137 3685 978 141 2979 988 604
internal_count=17078 4423 12655 9676 2219 1733 7457 4764 4711 4404 1445 300 242 4080 1655 137 3685 978 141 2979 988 604
is_linear=0
shrinkage=0.035


Tree=118
num_leaves=23
num_cat=0
split_feature=10 9 20 20 20 21 21 25 25 20 20 21 21 21 20 24 7 1 12 1 5 3
split_gain=3.39006 1.27237 0.478633 0.557893 0.551055 1.80926 0.743188 0.530395 0.484943 0.481315 0.927978 1.87809 1.04087 0.736138 0.759914 0.878636 1.11826 0.769429 1.0127 0.747259 0.673215 0.597655
threshold=0.70711369680452518 2.2581248134303693 22.500000000000004 30.500000000000004 29.500000000000004 2.5000000000000004 3.5000000000000004 210.50000000000003 166.00000000000003 11.500000000000002 6.5000000000000009 1.5000000000000002 4.5000000000000009 1.5000000000000002 13.500000000000002 4472.0000000000009 9.1479591836734695 16.987659160272365 6.918985069027408 0.97613398113309346 18.955902356631452 16.987659160272365
decision_type=2 2 2 2 2 2 2 2 2 2 2 2 2 2 2 2 2 2 2 2 2 2
left_child=-1 -2 9 4 6 -6 8 -7 -4 10 -3 -12 -13 14 15 -11 -17 -16 -19 -15 -21 -14
right_child=1 2 3 -5 5 7 -8 -9 -10 13 11 12 21 19 17 16 -18 18 -20 20 -22 -23
leaf_value=-0.029483033168754284 -0.010670349166165591 -0.009047152495234894 0.031583973009990773 -0.040864943300747261 -0.052798275293278914 0.19704810508281179 -0.012770071649482982 0.024596099616801471 0.0030055757455140142 -0.013667214226669052 -0.027971031826549479 0.031306840671656642 -0.038048373785709848 0.016485643617358142 -0.014173743194665134 0.084778533326619651 -0.018644286273383406 -0.00874851676149461 0.044164315951797366 -0.029518932785876625 0.0018715067237668728 0.10770103036680974
leaf_weight=1561 3107 2887 259 194 92 71 705 123 1736 62 492 1402 217 62 748 71 51 83 63 2518 537 76
leaf_count=1561 3107 2887 259 194 92 71 705 123 1736 62 492 1402 217 62 748 71 51 83 63 2518 537 76
internal_value=-0.000470565 -0.000312866 -0.000152883 0.000214285 0.00033818 0.0017921 0.000174676 0.00371105 0.000524999 -0.000280786 -4.75496e-05 0.000491787 0.00105 -0.000558334 0.000216527 0.00224074 0.00394094 -0.000190768 0.00206291 -0.000831839 -0.000915034 -0.000798659
internal_weight=17117 15556 12449 3180 2986 286 2700 194 1995 9269 5074 2187 1695 4195 1078 184 122 894 146 3117 3055 293
internal_count=17117 15556 12449 3180 2986 286 2700 194 1995 9269 5074 2187 1695 4195 1078 184 122 894 146 3117 3055 293
is_linear=0
shrinkage=0.035


Tree=119
num_leaves=23
num_cat=0
split_feature=9 9 9 10 21 20 20 2 2 10 0 3 20 7 7 9 7 5 1 15 20 3
split_gain=2.56542 1.20524 0.668207 0.768323 0.690531 0.82484 1.07983 0.800989 0.711567 0.74915 0.702461 0.582175 0.638124 0.800546 0.558542 0.583033 0.618401 0.557638 0.534693 0.576502 0.544136 0.523152
threshold=2.2581248134303693 0.28576014119515097 26.1445911420487 7.1746909672954091 3.5000000000000004 2.5000000000000004 5.5000000000000009 5.9978252760003432 2.0698635556870548 1.5735915849388864 6.9686127082414542 16.535714285714288 11.500000000000002 27.732142857142861 2.1995628082941741 8.1809193133760143 7.0080666749968783 20.017857142857146 6.006203158824877 0.04083333333333334 23.500000000000004 30.236721569975128
decision_type=2 2 2 2 2 2 2 2 2 2 2 2 2 2 2 2 2 2 2 2 2 2
left_child=1 -1 4 -4 5 7 8 10 9 -7 -2 -6 13 21 -8 18 -17 -5 19 -16 -20 -13
right_child=2 -3 3 17 11 6 14 -9 -10 -11 -12 12 -14 -15 15 16 -18 -19 20 -21 -22 -23
leaf_value=-0.028451127007847882 0.02438257384135388 -0.010520657333650337 -0.015329818152561878 0.20198437440919143 -0.012445297045957242 -0.011980266843131188 0.0081024291369711458 0.039611420267780847 -0.036345183797038223 0.019720172709950176 -0.051554705563817166 0.026593916296862034 -0.037825257028320319 -0.1000259539291269 0.0015928622048555932 0.031766868379928648 0.0027572890114258789 0.10562768037907198 -0.041853790406547492 -0.012468662022965777 0.00014003362923118578 0.11167453816552862
leaf_weight=628 261 3823 135 64 3028 47 384 243 756 49 80 334 377 48 1634 46 3535 69 545 755 263 54
leaf_count=628 261 3823 135 64 3028 47 384 243 756 49 80 334 377 48 1634 46 3535 69 545 755 263 54
internal_value=-0.000459448 -0.0011829 -0.000204296 0.0015 -0.00024301 -6.63149e-05 -0.000161056 0.0011944 -0.00133547 0.00135148 4.04616e-05 -0.000633386 0.000179706 0.00110317 -1.80698e-05 -9.44281e-05 0.000208867 0.00334783 -0.000439414 -0.000166667 -0.00121833 0.00166539
internal_weight=17158 4451 12707 268 12439 8598 8014 584 852 96 341 3841 813 436 7162 6778 3581 133 3197 2389 808 388
internal_count=17158 4451 12707 268 12439 8598 8014 584 852 96 341 3841 813 436 7162 6778 3581 133 3197 2389 808 388
is_linear=0
shrinkage=0.035


Tree=120
num_leaves=23
num_cat=0
split_feature=8 5 21 20 21 20 20 20 6 11 20 1 1 20 11 20 9 3 3 20 1 25
split_gain=2.89682 0.8607 0.770881 0.624523 1.15507 1.51309 1.96445 1.09426 0.926869 0.581602 0.577978 0.713795 0.546048 0.516156 0.514408 0.512877 0.630933 0.5815 0.529348 0.657688 0.516101 0.862063
threshold=0.35299200622699706 14.007413885646328 3.5000000000000004 25.500000000000004 2.5000000000000004 27.500000000000004 30.500000000000004 27.500000000000004 5.4734877778898161 3.6512310529901488 2.5000000000000004 5.9323336949891461 0.97613398113309346 1.5000000000000002 2.967285821746811 6.5000000000000009 0.4287661851273204 5.0127769206881263 2.1013449070251609 12.500000000000002 4.9584559719734012 299.00000000000006
decision_type=2 2 2 2 2 2 2 2 2 2 2 2 2 2 2 2 2 2 2 2 2 2
left_child=-1 2 3 10 7 -6 8 -5 -7 -10 11 12 -2 -3 -13 17 -17 -12 19 -18 -21 -22
right_child=1 13 -4 4 5 6 -8 -9 9 -11 15 14 -14 -15 -16 16 18 -19 -20 20 21 -23
leaf_value=-0.027455337562573207 0.0043541570345299319 -0.017930118717143589 -0.012396870885547388 0.007347792090986586 -0.027572149925511873 0.040838305198640373 -0.035541882393860691 -0.023598545016920193 -0.0027042655569731178 0.05579367601391215 -0.010684909162531769 0.048766244389885083 -0.005747435398914905 0.0058910163044456178 0.028245031146910821 0.0031937813417237961 -0.0012930563616942673 -0.050541441472601464 -0.0046475460863407711 -0.015581029686489686 -0.037621676313967345 0.017155602451539551
leaf_weight=724 47 131 3803 436 208 176 96 613 72 49 976 67 456 2648 84 83 612 339 4074 1236 45 76
leaf_count=724 47 131 3803 436 208 176 96 613 72 49 976 67 456 2648 84 83 612 339 4074 1236 45 76
internal_value=-0.000520404 -0.000422607 -0.000537926 -0.000369744 0.000243202 0.001467 0.00274372 -0.000444972 0.00414901 0.0015 -0.000496914 0.000483307 -0.000124017 0.000133261 0.00255769 -0.000585684 -0.00044585 -0.0012197 -0.000490742 -0.00096454 -0.00139281 0.000666666
internal_weight=17051 16327 13548 9745 1650 601 393 1049 297 121 8095 654 503 2779 151 7441 6126 1315 6043 1969 1357 121
internal_count=17051 16327 13548 9745 1650 601 393 1049 297 121 8095 654 503 2779 151 7441 6126 1315 6043 1969 1357 121
is_linear=0
shrinkage=0.035


Tree=121
num_leaves=23
num_cat=0
split_feature=11 11 20 2 5 21 8 1 2 15 20 21 9 22 18 21 20 25 0 1 20 14
split_gain=2.90777 1.2909 0.671588 0.917799 1.085 0.736596 0.756821 0.637338 0.789404 0.665601 0.577205 0.75015 0.544173 0.543883 0.544906 0.767307 1.38943 0.524918 0.502742 0.499654 0.848701 0.487175
threshold=1.3848965593938203 0.4688072309384958 25.500000000000004 2.9852237017189558 2.7785142138351269 2.5000000000000004 22.441918903834296 3.048913353713417 1.9999246801866812 0.10912698412698414 27.500000000000004 1.5000000000000002 2.5000195216228165 43337.000000000007 1.0000000180025095e-35 3.5000000000000004 27.500000000000004 324.00000000000006 2.6090985782424796 11.852133989485408 28.500000000000004 0.16025641025641027
decision_type=2 2 2 2 2 2 2 2 2 2 2 2 2 2 2 2 2 2 2 2 2 2
left_child=1 -1 12 7 -5 10 13 8 9 -4 11 -6 21 14 15 16 -7 -9 -10 20 -15 -2
right_child=2 -3 3 4 5 6 -8 17 18 -11 -12 -13 -14 19 -16 -17 -18 -19 -20 -21 -22 -23
leaf_value=-0.026494400747883146 -0.012636645379516868 -0.011307598008474111 0.037265900122631548 -0.030503948261050243 0.040319181549311467 -0.022865053546064201 0.20266207570537195 0.024027537860437449 0.020965475896123423 -0.02638377496142183 -0.025090251334256745 -0.019397629750064097 -0.0031019810911234649 0.015751991574599156 -0.052030793576298556 -0.010791900547406029 0.14938401908865753 -0.052253262985762515 0.025545583677910065 -5.1307461812588613e-06 0.063092009589818462 -0.005492532013099783
leaf_weight=643 667 3673 67 158 131 87 58 56 46 52 442 142 9657 91 87 246 79 56 50 97 58 530
leaf_count=643 667 3673 67 158 131 87 58 56 46 52 442 142 9657 91 87 246 79 56 50 97 58 530
internal_value=-0.000445804 -0.00123201 -0.000180144 0.000404382 6.03799e-05 0.0003608 0.00109158 0.00208735 0.00318182 0.00101613 -0.000437501 0.000780575 -0.00028976 0.000746666 4.16658e-05 0.000612709 0.00243567 0 0.0055099 0.00207769 0.00331818 -0.000995841
internal_weight=17173 4316 12857 2003 1676 1518 803 327 215 119 715 273 10854 745 499 412 166 112 96 246 149 1197
internal_count=17173 4316 12857 2003 1676 1518 803 327 215 119 715 273 10854 745 499 412 166 112 96 246 149 1197
is_linear=0
shrinkage=0.035


Tree=122
num_leaves=23
num_cat=0
split_feature=8 9 4 1 21 11 18 14 11 6 10 4 9 8 7 8 9 7 2 2 7 10
split_gain=2.70581 1.2404 0.752361 1.09902 0.651759 0.589132 0.69881 0.513861 0.549227 0.838849 0.521678 0.499782 0.441031 0.987631 1.26825 0.767183 1.1075 0.587507 0.659647 0.585758 1.0688 0.821074
threshold=0.35299200622699706 2.2581248134303693 1.0000000180025095e-35 1.0010887194926981 3.5000000000000004 9.3698428935884497 1.0000000180025095e-35 0.27922077922077926 0.91617599132032257 1.2002467133418249 1.154700538379251 18.955902356631452 10.157334819439784 10.363846394819307 9.288043385963908 5.7074308839208543 4.438070263070264 10.000510204081634 9.0039695662631729 2.0616933082983997 2.0008168058289266 1.2724180205607036
decision_type=2 2 2 2 2 2 2 2 2 2 2 2 2 2 2 2 2 2 2 2 2 2
left_child=-1 2 3 7 12 -6 11 -2 -9 10 -10 -7 15 14 -14 16 19 -15 -19 21 -21 -3
right_child=1 4 -4 -5 5 6 -8 8 9 -11 -12 -13 13 17 -16 -17 -18 18 -20 20 -22 -23
leaf_value=-0.025567096721707237 -0.015689610247186028 -0.0099091543207537117 -0.012420234812633419 -0.018256795556475199 -0.011140770194640848 0.038119587331532083 0.07008083324662244 0.0024172698777205162 0.038818152600714459 -0.011324103341135507 0.0045896958746343497 -0.037742026103886869 -0.025571651279978697 0.023597974173350352 0.083134248759575757 -0.016822438861669599 0.032114442028536368 -0.040039382732427117 0.0049814743133204976 0.015635929449886447 -0.010228397567191799 0.008677530607230758
leaf_weight=742 88 303 2714 317 3719 61 58 367 75 77 50 102 45 95 99 2363 465 376 2887 79 1289 711
leaf_count=742 88 303 2714 317 3719 61 58 367 75 77 50 102 45 95 99 2363 465 376 2887 79 1289 711
internal_value=-0.00045207 -0.000356532 -0.000922151 -6.79273e-05 -0.000189975 -0.000563372 0.00114602 0.000729606 0.00113415 0.00258696 0.00430769 0 -1.8872e-05 0.000282434 0.00307718 -0.000224833 0.000157082 0.000152988 6.64006e-05 -0.00014223 -0.000619447 0.000484298
internal_weight=17082 16340 3688 974 12652 3940 221 657 569 202 125 163 8712 3502 144 5210 2847 3358 3263 2382 1368 1014
internal_count=17082 16340 3688 974 12652 3940 221 657 569 202 125 163 8712 3502 144 5210 2847 3358 3263 2382 1368 1014
is_linear=0
shrinkage=0.035


Tree=123
num_leaves=23
num_cat=0
split_feature=11 24 11 12 7 6 0 11 25 9 21 5 11 0 17 12 18 25 5 9 2 12
split_gain=2.96666 0.976315 0.997744 0.700949 0.686402 0.563155 0.587045 0.692246 0.549319 1.12391 0.702392 0.837897 0.695981 0.669638 0.602779 1.2232 0.867808 1.0312 0.581474 0.568689 0.523931 0.514344
threshold=0.90621303993092428 10740.000000000002 9.3698428935884497 0.52004063163607117 8.5703912678374952 9.9933189851049971 10.528634420224899 4.1369863056542906 729.50000000000011 2.7501880998725912 3.5000000000000004 12.996151141142256 1.3771289680025882 31.032336348011363 1.0000000180025095e-35 1.066040986635002 1.0000000180025095e-35 171.00000000000003 2.8075548694824484 0.92978902904902838 12.996151141142256 4.9724106268293307
decision_type=2 2 2 2 2 2 2 2 2 2 2 2 2 2 2 2 2 2 2 2 2 2
left_child=3 2 8 -1 -3 20 7 -7 10 12 11 14 -10 21 16 19 -2 -18 -11 -16 -6 -13
right_child=1 4 -4 -5 5 6 -8 -9 9 18 -12 13 -14 -15 15 -17 17 -19 -20 -21 -22 -23
leaf_value=-0.024672248336447482 -0.01347087505607341 0.0071843872881173594 0.040883602111214813 -0.01606733896387752 -0.026488789523759063 0.033754090153828721 -0.0029701900014128813 -0.013399707564239284 -0.013361285338953453 -0.02249760446214957 -0.013145882039278828 0.027860871610078414 0.017092983724654766 0.17047029782739023 -0.00032896081220263527 -0.0029335645418423683 0.11154810221103655 -0.0010186461373418022 -0.0004830889411015913 0.030653899743516119 0.0033118527621414178 -0.0053399723194715006
leaf_weight=657 4192 809 460 1283 416 126 511 88 110 225 3243 395 278 88 46 1610 63 303 1029 71 247 896
leaf_count=657 4192 809 460 1283 416 126 511 88 110 225 3243 395 278 88 46 1610 63 303 1029 71 247 896
internal_value=-0.000465484 -0.000299357 -0.000415246 -0.0017545 0.000378292 -8.29154e-05 0.000575342 0.00209361 -0.000475069 0.000112628 -0.000565158 -0.000378342 0.00175445 0.000394508 -0.000550875 0 -0.000761671 0.000839622 -0.000386419 0.00338525 -0.000827845 0.000172839
internal_weight=17146 15206 13009 1940 2197 1388 725 214 12549 1642 10907 7664 388 1379 6285 1727 4558 366 1254 117 663 1291
internal_count=17146 15206 13009 1940 2197 1388 725 214 12549 1642 10907 7664 388 1379 6285 1727 4558 366 1254 117 663 1291
is_linear=0
shrinkage=0.035


Tree=124
num_leaves=23
num_cat=0
split_feature=8 9 5 11 9 2 11 18 5 26 0 10 8 9 9 24 8 7 0 3 9 9
split_gain=3.32893 0.938936 0.505913 0.632209 0.862856 0.508729 0.47104 0.748502 0.60883 0.537359 0.429332 0.425317 0.53038 1.17213 1.05204 0.854521 1.09628 0.885779 0.717834 0.643531 0.790518 0.486628
threshold=0.35299200622699706 2.4444909400534773 27.062749211546333 6.2178843283476191 18.488914571250383 36.500000000000007 9.3698428935884497 1.0000000180025095e-35 18.955902356631452 1.0000000180025095e-35 24.170466578992038 0.75592894601845606 5.7074308839208543 5.2333743906199679 6.6589897138451519 10081.000000000002 3.2811628092404379 2.9725620361411011 7.9927388748624617 7.9712513399742182 2.8649045071632666 3.5225426318622999
decision_type=2 2 2 2 2 2 2 2 2 2 2 2 2 2 2 2 2 2 2 2 2 2
left_child=-1 -2 5 4 -4 6 11 8 9 -8 -5 -3 13 15 -14 19 17 -17 -15 20 -13 -22
right_child=1 2 3 10 -6 -7 7 -9 -10 -11 -12 12 14 18 -16 16 -18 -19 -20 -21 21 -23
leaf_value=-0.023808719644671822 -0.0085490867189108918 -0.033647574897090922 0.10165724434549037 0.16258265703086675 -0.063473225880579714 -0.049646513203077315 0.0028070774321856157 0.061630095073332766 -0.061385148741943209 0.15032989674687805 0.0019787838186489711 0.0014963496796824196 -0.046321188769094176 0.030947473818565361 -0.0056846848364353548 0.0061396069048373306 0.0011186767315673571 0.061887400276881395 0.066230621877947371 0.032622660190008895 -0.010139467016096857 -1.3529437122312876e-05
leaf_weight=737 4198 208 53 151 159 128 128 56 123 47 94 1151 574 297 6986 82 411 45 47 74 1065 385
leaf_count=737 4198 208 53 151 159 128 128 56 123 47 94 1151 574 297 6986 82 411 45 47 74 1065 385
internal_value=-0.000495176 -0.000390448 -0.000233638 0.000893939 -0.000435485 -0.000279124 -0.000252825 0.000984679 0.000196369 0.00155555 0.0021 -0.00029347 -0.000261824 8.64674e-05 -0.000427959 -0.000117465 0.00114088 0.00392424 0.00201576 -0.000378732 -0.000478128 -0.00102234
internal_weight=17199 16462 12264 457 212 11807 11679 354 298 175 245 11325 11117 3557 7560 3213 538 127 344 2675 2601 1450
internal_count=17199 16462 12264 457 212 11807 11679 354 298 175 245 11325 11117 3557 7560 3213 538 127 344 2675 2601 1450
is_linear=0
shrinkage=0.035


Tree=125
num_leaves=23
num_cat=0
split_feature=10 5 20 20 20 2 10 21 10 20 8 11 20 2 4 5 23 20 3 11 0 10
split_gain=2.64339 0.704784 0.622966 2.24541 0.825904 0.535214 0.605549 0.542883 0.786819 0.760438 0.617397 0.460814 0.802986 0.503638 0.794083 0.430885 0.744748 0.428312 0.662734 0.888676 0.666836 0.623183
threshold=0.70711369680452518 4.1419333031218928 6.5000000000000009 11.500000000000002 22.500000000000004 3.8881092392799408 2.2146697055682876 1.5000000000000002 0.8997354108424388 29.500000000000004 0.93051100474656379 1.9057460827371895 8.5000000000000018 3.7070982822676251 4.9547980748721674 2.9452186141413441 19200.000000000004 23.500000000000004 3.3306803804457639 1.5424399110243752 33.500000000000007 2.3494550495615698
decision_type=2 2 2 2 2 2 2 2 2 2 2 2 2 2 2 2 2 2 2 2 2 2
left_child=-1 2 -2 11 -5 6 7 10 -9 -10 -6 12 -4 -13 -15 16 -14 -3 19 -19 -20 -21
right_child=1 17 3 4 5 -7 -8 8 9 -11 -12 13 15 14 -16 -17 -18 18 20 21 -22 -23
leaf_value=-0.022975414457108306 -0.0184185172338567 -0.0043917138591086039 0.0019512487976189399 -0.01599980518351013 0.0061307939504070099 -0.020044662829591612 0.014919170358188292 -0.015388243686368531 0.0041315508461552634 0.012246144396570182 -0.021596226631097264 -0.01287668053545857 -0.0019265906089129209 0.015912236763166113 -0.02201155245003359 0.004029850835995467 0.037953985074814886 -0.017318009013782869 -0.00031883485311730541 0.037618136800823467 0.22016826365694744 0.047647204813594621
leaf_weight=1575 1181 8021 301 1721 45 433 90 173 591 85 277 130 68 71 88 81 215 55 1736 73 46 61
leaf_count=1575 1181 8021 301 1721 45 433 90 173 591 85 277 130 68 71 88 81 215 55 1736 73 46 61
internal_value=-0.000450123 -0.000309996 -0.000626914 -0.000427299 -0.000849416 -0.000286346 6.63499e-05 -0.000136906 0.000311475 0.000868575 -0.00135933 0.00106204 0.00156716 -4.76199e-05 0.00119512 0.00266531 0.00330555 -0.00013199 0.00032591 0.0022732 0.000103804 0.00380216
internal_weight=17117 15542 5550 4369 3415 1694 1261 1171 849 676 322 954 665 289 159 364 283 9992 1971 189 1782 134
internal_count=17117 15542 5550 4369 3415 1694 1261 1171 849 676 322 954 665 289 159 364 283 9992 1971 189 1782 134
is_linear=0
shrinkage=0.035


Tree=126
num_leaves=23
num_cat=0
split_feature=10 9 25 9 9 20 21 1 8 1 6 3 17 12 8 10 3 8 9 6 25 1
split_gain=3.23488 1.13843 0.622813 0.88988 0.603798 0.599193 1.01104 0.731324 0.598846 0.583595 0.788887 0.614746 0.575577 0.665489 0.630772 0.81764 0.593516 0.582003 0.628571 0.559476 0.55288 1.00754
threshold=0.8164965809277257 2.2581248134303693 106.50000000000001 15.937473247944052 16.752241043269517 24.500000000000004 2.5000000000000004 1.7070184425302937 0.35299200622699706 17.903471131289511 20.696428571428573 18.955902356631452 1.0000000180025095e-35 1.4756628168558421 2.6729746842843949 2.2426999217073349 2.9974617545665088 2.7507313090965941 2.4444909400534773 2.4001215530412705 299.00000000000006 4.9584559719734012
decision_type=2 2 2 2 2 2 2 2 2 2 2 2 2 2 2 2 2 2 2 2 2 2
left_child=8 5 3 -3 -5 -2 -7 -8 -1 10 11 -6 14 17 15 20 -15 18 -14 -16 -4 -22
right_child=1 2 12 4 9 6 7 -9 -10 -11 -12 -13 13 16 19 -17 -18 -19 -20 -21 21 -23
leaf_value=-0.022171274951109512 -0.012146378762213294 0.24394677514533297 -0.012538220517450642 -0.085912772056737571 0.056863623164297217 -0.015017804096747857 0.02850623561679369 -0.0023159760278186991 -0.014202013067488271 -0.0073703467126234627 0.17236525015034221 -0.050577537330949322 0.031295100388852116 -0.020361520913798659 -0.017222179197526267 0.023897971744417636 0.0035409868850300131 0.025638804921213048 -0.019325281179990755 -0.006354126675732384 0.0017222076270874825 0.019991350629349761
leaf_weight=747 2028 46 293 51 60 233 117 109 1471 269 66 58 45 297 715 82 2830 56 55 6977 447 45
leaf_count=747 2028 46 293 51 60 233 117 109 1471 269 66 58 45 297 715 82 2830 56 55 6977 447 45
internal_value=-0.000489534 -0.000301936 -0.000162903 0.000977477 0.000488211 -0.000985956 0.000120689 0.00180303 -0.00173662 0.000932314 0.00242593 0.000483739 -0.000217735 0.000172444 -0.000369454 0.000513761 5.3639e-05 0.00236956 0.000499999 -0.000471548 0.000132911 0.000866196
internal_weight=17097 14879 12392 550 504 2487 459 226 2218 453 184 118 11842 3283 8559 867 3127 156 100 7692 785 492
internal_count=17097 14879 12392 550 504 2487 459 226 2218 453 184 118 11842 3283 8559 867 3127 156 100 7692 785 492
is_linear=0
shrinkage=0.035


Tree=127
num_leaves=23
num_cat=0
split_feature=9 8 9 12 12 2 2 4 5 8 9 8 24 12 24 24 22 9 9 4 7 11
split_gain=2.52443 1.05374 0.625546 0.616079 1.55991 0.510348 0.897527 0.669825 0.540488 0.502574 1.27986 1.1533 0.646611 0.554858 0.505023 0.490229 0.644932 0.966939 0.507622 0.59561 0.491407 0.487374
threshold=2.2581248134303693 0.35299200622699706 16.752241043269517 4.6693112497935259 3.6394578264929875 13.714261283220216 11.852133989485408 22.797540755617458 13.982558156555685 5.7074308839208543 4.438070263070264 7.0714378891742369 11523.000000000002 2.2394081066876499 11523.000000000002 3555.0000000000005 44839.000000000007 3.0003052311965184 2.3928766644799593 2.3139571424755929 2.2865310915432127 9.3698428935884497
decision_type=2 2 2 2 2 2 2 2 2 2 2 2 2 2 2 2 2 2 2 2 2 2
left_child=1 -1 9 4 -4 6 -5 8 -8 10 12 -11 13 15 -12 18 17 -17 19 -2 -18 -7
right_child=2 -3 3 5 -6 21 7 -9 -10 11 14 -13 -14 -15 -16 16 20 -19 -20 -21 -22 -23
leaf_value=-0.021395280327820676 0.00048340645067806976 -0.0076665244017011898 -0.029767949401800307 -0.026091699120361272 0.1192983126667379 -0.0039248119998360823 0.010443323628184736 -0.01262111763362503 0.12122038420679442 -0.034099295249028813 0.035253409845764798 -0.0052774298837417509 0.0046132123053344541 -0.017065022113560008 -0.035730557142036136 -0.0093996314258650016 0.025084037899034607 -0.033163519923571069 0.0014592258356419152 0.029025517769872656 -0.0004802403425608453 0.039771815208281616
leaf_weight=715 64 3714 109 172 106 1925 49 53 73 991 457 4615 485 462 75 1123 82 244 836 46 341 395
leaf_count=715 64 3714 109 172 106 1925 49 53 73 991 457 4615 485 462 75 1123 82 244 836 46 341 395
internal_value=-0.000420115 -0.00113983 -0.000167454 0.000282472 0.00206818 0.000128367 0.00137216 0.00311111 0.00449213 -0.000301344 -8.29467e-06 -0.000518358 -0.000244849 -0.000429442 0.0015838 -0.000231121 -0.00057521 -0.00094898 0.000401156 0.00258696 0.000588784 -5.2689e-05
internal_weight=17132 4429 12703 2882 215 2667 347 175 122 9821 4215 5606 3683 3198 532 2736 1790 1367 946 110 423 2320
internal_count=17132 4429 12703 2882 215 2667 347 175 122 9821 4215 5606 3683 3198 532 2736 1790 1367 946 110 423 2320
is_linear=0
shrinkage=0.035


Tree=128
num_leaves=23
num_cat=0
split_feature=9 9 1 20 20 3 15 15 25 15 20 20 2 5 21 20 21 20 20 6 20 3
split_gain=2.73856 0.842691 0.699455 0.93318 1.04759 1.41772 0.625078 0.955016 0.747494 0.619017 0.594782 0.859221 0.582366 0.881963 0.66665 1.10702 0.755765 1.59708 2.74522 0.637279 0.937258 0.642164
threshold=0.35735346066116053 2.2581248134303693 1.0000000180025095e-35 6.5000000000000009 11.500000000000002 2.9974617545665088 0.28285714285714292 0.37797619047619052 324.00000000000006 0.31980519480519487 30.500000000000004 25.500000000000004 2.3674042528342922 2.7050038112090919 2.5000000000000004 29.500000000000004 3.5000000000000004 27.500000000000004 28.500000000000004 5.9680479807034317 27.500000000000004 11.852133989485408
decision_type=2 2 2 2 2 2 2 2 2 2 2 2 2 2 2 2 2 2 2 2 2 2
left_child=-1 2 -2 -4 5 -5 -6 8 9 -8 11 -3 -13 -14 19 16 17 -16 -19 20 21 -15
right_child=1 10 3 4 6 -7 7 -9 -10 -11 -12 12 13 14 15 -17 -18 18 -20 -21 -22 -23
leaf_value=-0.020646445516346951 -0.0015454124530576894 -0.0047642000025404146 -0.018839717138494992 -0.0032519660326523719 -0.00809559766177303 0.039442755747743682 0.0010863589277883201 -0.027504697941459627 -0.024706725519171534 0.012962582990511517 -0.041750357990914269 0.012773185651468386 -0.024760548690527743 0.0017185666816796469 -0.022262417082787804 0.096174585965325812 -0.011388359165707041 0.14611182255387375 -0.0019735411444537932 -0.032089874356694727 -0.024804224142466278 0.12883362906344772
leaf_weight=786 1049 10628 593 354 1067 117 62 270 90 53 194 289 155 106 145 151 302 70 77 355 123 68
leaf_count=786 1049 10628 593 354 1067 117 62 270 90 53 194 289 155 106 145 151 302 70 77 355 123 68
internal_value=-0.000423258 -0.00032442 -0.000793717 -0.00110054 -0.000724976 0.000691176 -0.00116968 -7.29175e-05 0.00166667 0.0035 -0.000187323 -0.000155444 0.000538461 0.000254013 0.000544222 0.00126 0.000531719 0.00180303 0.00432895 -0.000250381 0.000903973 0.00256145
internal_weight=17104 16318 3655 2606 2013 471 1542 475 205 115 12663 12469 1841 1552 1397 745 594 292 147 652 297 174
internal_count=17104 16318 3655 2606 2013 471 1542 475 205 115 12663 12469 1841 1552 1397 745 594 292 147 652 297 174
is_linear=0
shrinkage=0.035


Tree=129
num_leaves=23
num_cat=0
split_feature=12 16 9 1 20 7 11 9 4 8 20 9 25 4 24 7 23 9 9 20 7 5
split_gain=3.02302 1.25325 1.06851 0.522476 0.687868 0.489821 0.57388 0.528431 0.483423 0.929396 0.910028 0.738573 0.465611 0.436364 0.430159 0.618388 0.913089 0.496131 0.470739 0.506864 0.96395 0.44751
threshold=0.54899847081191699 1.0000000180025095e-35 2.2581248134303693 1.1330627853334125 29.500000000000004 1.8563963190846378 1.4373357526806561 1.573233841878634 1.0000000180025095e-35 0.35299200622699706 12.500000000000002 0.60791925465838526 499.50000000000006 2.9974617545665088 10740.000000000002 8.5703912678374952 61700.000000000007 9.1250851930786308 14.150589420573777 24.500000000000004 11.288630000435463 14.007413885646328
decision_type=2 2 2 2 2 2 2 2 2 2 2 2 2 2 2 2 2 2 2 2 2 2
left_child=-1 2 3 4 5 6 8 -8 9 -2 11 -11 -12 -9 21 -16 17 -17 19 -18 -21 -4
right_child=1 -3 14 -5 -6 -7 7 13 -10 10 12 -13 -14 -15 15 16 18 -19 -20 20 -22 -23
leaf_value=-0.01992381992327481 -0.021253979920798388 0.020999435092019732 -0.0081224331294124773 -0.011410742871150084 0.017815327952067743 -0.014147693633996027 0.037896918627259399 -0.01591740893495459 -0.013208036276248969 0.0055775389412726492 -0.017124674288140466 0.0029473746130692885 0.0060429152503180938 0.020465658862114433 0.007613061325940201 0.0013826518625470186 0.0038642772508113155 -0.039125854342038746 -0.014766690602924664 -0.00035158321878842773 0.112187479127988 0.00094706203469591967
leaf_weight=733 118 606 7729 1497 76 301 55 61 956 98 168 106 135 49 803 100 427 258 433 59 47 2297
leaf_count=733 118 606 7729 1497 76 301 55 61 956 98 168 106 135 49 803 100 427 258 433 59 47 2297
internal_value=-0.000451277 -0.000351197 -0.000412157 -0.00094138 -0.000572369 -0.00070273 -0.000461737 0.00144118 -0.000675285 5.55547e-05 0.00073828 0.00252871 -0.000431819 0 -0.000252756 0.000193714 -0.000260723 -0.00176446 0.000284757 0.000988847 0.00312162 -0.000349268
internal_weight=17112 16379 15773 3620 2123 2047 1746 165 1581 625 507 204 303 110 12153 2127 1324 358 966 533 106 10026
internal_count=17112 16379 15773 3620 2123 2047 1746 165 1581 625 507 204 303 110 12153 2127 1324 358 966 533 106 10026
is_linear=0
shrinkage=0.035


Tree=130
num_leaves=23
num_cat=0
split_feature=9 12 11 20 20 6 20 8 14 0 21 21 3 10 20 14 10 21 20 25 20 20
split_gain=2.6129 1.22038 0.574047 0.497597 1.11933 0.98383 0.562821 0.448061 0.442544 0.430063 0.419054 0.762855 0.381041 0.659092 0.493147 0.353222 0.430354 0.348472 0.567435 1.24131 0.704748 0.8074
threshold=2.2581248134303693 0.52004063163607117 1.2638361016682702 11.500000000000002 8.5000000000000018 1.3595487366540155 24.500000000000004 2.0607158352125703 0.20714285714285716 0.99502319985380738 2.5000000000000004 3.5000000000000004 3.9853480954257141 1.2909944487358072 6.5000000000000009 0.13392857142857145 1.2535663410560194 3.5000000000000004 2.5000000000000004 166.00000000000003 8.5000000000000018 10.500000000000002
decision_type=2 2 2 2 2 2 2 2 2 2 2 2 2 2 2 2 2 2 2 2 2 2
left_child=1 -1 -2 4 12 -6 -5 -4 -8 -10 -11 -12 13 -3 -14 -7 -17 18 19 -9 -20 -22
right_child=2 3 7 6 5 15 8 17 9 10 11 -13 14 -15 -16 16 -18 -19 20 -21 21 -23
leaf_value=-0.019226486225960192 -0.011465290163131558 -0.011259857100635415 0.021849222090121384 -0.016360807726190429 0.020925278960216277 -0.028141446037958356 -0.0072164091110934895 0.18017570543029818 -0.013895034801569216 -0.012701959226045802 0.026978528702169203 -0.0099953246823046692 -0.0087549660731955619 -0.02085629178752977 0.01569205457402988 -0.0060850285025134598 0.028312203162943774 -0.006395027597509333 -0.01340215270625374 0.0047125433013811661 0.034317908424106675 -0.00070334456471400641
leaf_weight=631 564 698 63 1533 162 62 231 83 203 168 97 66 150 233 46 108 62 3790 1619 528 545 5543
leaf_count=631 564 698 63 1533 162 62 231 83 203 168 97 66 150 233 46 108 62 3790 1619 528 545 5543
internal_value=-0.000452008 -0.00118238 -0.000195056 -0.000937239 -0.000426606 0.00114912 -0.00126596 -0.000142576 -0.000454546 7.14277e-05 0.000874999 0.002125 -0.000995584 -0.0012938 0.000330845 -0.000251056 0.000499999 -0.000159788 -3.06989e-05 0.000988636 -0.000114368 5.57188e-05
internal_weight=17185 4450 12735 3819 1521 394 2298 12171 765 534 331 163 1127 931 196 232 170 12108 8318 611 7707 6088
internal_count=17185 4450 12735 3819 1521 394 2298 12171 765 534 331 163 1127 931 196 232 170 12108 8318 611 7707 6088
is_linear=0
shrinkage=0.035


Tree=131
num_leaves=23
num_cat=0
split_feature=8 9 9 2 12 13 20 20 20 6 4 25 1 2 1 22 1 22 11 12 6 20
split_gain=2.73241 0.780698 0.569811 0.689217 0.552721 0.562629 0.592686 0.504533 0.507873 0.575571 0.620667 0.459913 0.748809 0.462752 1.00688 0.456522 0.466786 1.15303 0.699422 0.51146 0.477212 0.458625
threshold=0.35299200622699706 2.2581248134303693 26.1445911420487 37.207737944866089 1.360870036162025 0.18333333333333338 26.500000000000004 13.500000000000002 8.5000000000000018 1.3595487366540155 1.0000000180025095e-35 106.50000000000001 12.996151141142256 27.944847149584415 27.944847149584415 13885.000000000002 1.3122145151877842 44839.000000000007 2.350955679887321 1.7101433810229156 1.30745565925769 11.500000000000002
decision_type=2 2 2 2 2 2 2 2 2 2 2 2 2 2 2 2 2 2 2 2 2 2
left_child=-1 4 3 11 7 6 -6 8 -2 10 -10 12 -3 14 -14 21 17 20 19 -19 -17 -13
right_child=1 2 -4 -5 5 -7 -8 -9 9 -11 -12 15 13 -15 -16 16 -18 18 -20 -21 -22 -23
leaf_value=-0.018553559208051587 -0.0061973478836194898 0.11240055195960101 0.066938622615255725 -0.056958554359328395 -0.013158546858987463 -0.0035352810412232799 0.013181389069664953 -0.014127682737948018 0.0082811754309620733 -0.0011645891689226638 0.0086072023047193899 0.010224265444713592 -0.023488566070099172 0.090230253365546978 0.17191262981418476 0.025002603204053595 -0.0078850519569560688 0.018807231369631031 -0.0046835111950161495 0.039646613313670871 -0.010075912993182088 -0.0025086533959072657
leaf_weight=739 751 69 277 95 581 426 70 1409 82 231 148 834 338 60 50 78 9065 53 52 92 411 1251
leaf_count=739 751 69 277 95 581 426 70 1409 82 231 148 834 338 60 50 78 9065 53 52 92 411 1251
internal_value=-0.000433653 -0.000338326 -0.000206207 -0.000242553 -0.000787335 -0.00146211 -0.00211281 -0.000501143 8.62694e-06 0.00093133 0.00215957 -0.000217512 0.000791187 0.000208608 -0.000204835 -0.000263365 -0.000364494 0.000501446 0.00273762 0.00396667 -0.000382592 0.000200956
internal_weight=17162 16423 12725 12448 3698 1077 651 2621 1212 461 230 12353 517 448 388 11836 9751 686 197 145 489 2085
internal_count=17162 16423 12725 12448 3698 1077 651 2621 1212 461 230 12353 517 448 388 11836 9751 686 197 145 489 2085
is_linear=0
shrinkage=0.035


Tree=132
num_leaves=23
num_cat=0
split_feature=10 5 22 2 1 6 6 12 8 0 24 1 24 7 12 4 24 12 22 11 0 1
split_gain=2.71901 0.462512 0.648074 0.527679 0.464122 0.608575 0.462303 0.495464 0.785906 0.649507 0.633986 0.518305 0.812591 0.769027 0.450285 0.404285 0.474814 0.461449 0.416074 0.382152 0.348911 0.338585
threshold=0.68748748907871082 4.1419333031218928 17834.500000000004 39.500000000000007 6.006203158824877 8.5340639747025193 25.102403528914756 1.5054623232592033 5.5726572161085075 7.9927388748624617 4472.0000000000009 6.9966807769941894 8120.5000000000009 2.5508182128584127 0.52004063163607117 4.1419333031218928 10081.000000000002 1.4756628168558421 13885.000000000002 2.4581404538452269 2.9519925495886379 1.9426269464856782
decision_type=2 2 2 2 2 2 2 2 2 2 2 2 2 2 2 2 2 2 2 2 2 2
left_child=14 4 3 -3 15 -6 7 -4 9 11 -10 12 -9 -14 -1 16 -2 -17 -19 20 -15 -20
right_child=1 2 6 -5 5 -7 -8 8 10 -11 -12 -13 13 19 -16 17 -18 18 21 -21 -22 -23
leaf_value=-0.017904184635769781 -0.0059216777001001603 0.0056025026310640063 -0.014133588846181785 -0.082598241907869394 -0.038747559507581013 0.013573838735098464 -0.038632524775574682 -0.01335031368332514 -0.054363468373226274 0.041347206423116532 -0.005833099980519711 0.05303586234610335 0.0084425746999947215 0.004035560700393126 -0.01825909961138834 0.013662101032772203 0.0082281669841101426 0.017312860092342803 0.022027161497891599 0.011933656297241014 -0.010735690129180221 -0.013659225651439153
leaf_weight=616 4321 2846 343 71 324 111 188 312 291 47 5416 87 95 80 792 72 214 96 96 86 180 420
leaf_count=616 4321 2846 343 71 324 111 188 312 291 47 5416 87 95 80 792 72 214 96 96 86 180 420
internal_value=-0.000441669 -0.000307847 -0.000162686 0.0002731 -0.000562203 -0.00167046 -0.000343619 -0.000293432 -0.000222231 0.000737667 -0.000375001 0.000476331 0.000147756 0.00113004 -0.00191472 -0.00046497 -0.000585904 0.000309869 0 0.000289173 -0.000330189 -0.00040979
internal_weight=17104 15696 10042 2917 5654 435 7125 6937 6594 887 5707 840 753 441 1408 5219 4535 684 612 346 260 516
internal_count=17104 15696 10042 2917 5654 435 7125 6937 6594 887 5707 840 753 441 1408 5219 4535 684 612 346 260 516
is_linear=0
shrinkage=0.035


Tree=133
num_leaves=23
num_cat=0
split_feature=12 16 9 27 8 3 10 3 15 9 2 8 20 20 8 9 24 9 23 9 20 10
split_gain=3.02986 1.05458 0.984604 0.657176 0.597993 0.490676 0.65722 0.653946 1.04667 0.580292 0.592303 1.08269 0.762057 0.612378 0.527751 0.847587 0.72971 0.601541 0.829584 0.50148 0.481651 0.487087
threshold=0.57757224164425802 1.0000000180025095e-35 2.2581248134303693 3.5000000000000004 29.964285714285719 3.9260782193255599 1.0564524048220496 7.3463985739894344 0.036375661375661381 6.3938473089001588 7.5792109196426667 8.9736488350169576 10.500000000000002 24.500000000000004 10.363846394819307 10.282228184783714 10740.000000000002 3.948684210526316 61700.000000000007 3.6005036195605942 27.500000000000004 3.1940790139250455
decision_type=2 2 2 2 2 2 2 2 2 2 2 2 2 2 2 2 2 2 2 2 2 2
left_child=-1 2 -2 -3 5 6 -4 14 9 -9 11 -11 -13 -14 15 16 -7 19 -19 -18 21 -8
right_child=1 3 4 -5 -6 7 20 8 -10 10 -12 12 13 -15 -16 -17 17 18 -20 -21 -22 -23
leaf_value=-0.017277538173517841 -0.0074327048067623375 0.021160922982394754 -0.010378198014669807 -0.010869359744968349 0.1594100489784504 -0.012442627501265466 0.0023320514310172708 -0.028277035423698284 0.046974358238168007 -0.014844719346301367 -0.004825216564037749 0.062400363253068615 -0.015401028231875016 0.0433222960605723 -0.043619534672952029 0.024483380771075459 0.00062935356217349258 -0.023517183553566703 0.057768262484050571 0.023783988986261786 0.013423465879307725 -0.037707279505981829
leaf_weight=789 3551 469 402 142 58 2452 1753 204 45 523 4925 148 185 64 447 62 56 254 62 63 272 159
leaf_count=789 3551 469 402 142 58 2452 1753 204 45 523 4925 148 185 64 447 62 56 254 62 63 272 159
internal_value=-0.000415741 -0.000311546 -0.00036807 0.00110227 -0.000215958 -0.000234957 0.000187765 -0.000352028 -0.000131416 -0.000175752 -0.000107693 0.000699999 0.00207214 0.000771653 -0.000741988 -0.000561612 -0.000655948 0.000636363 -0.000119939 0.00270968 0.000433302 0.000224569
internal_weight=17085 16296 15685 611 12134 12076 2586 9490 6094 6049 5845 920 397 249 3396 2949 2887 435 316 119 2184 1912
internal_count=17085 16296 15685 611 12134 12076 2586 9490 6094 6049 5845 920 397 249 3396 2949 2887 435 316 119 2184 1912
is_linear=0
shrinkage=0.035


Tree=134
num_leaves=23
num_cat=0
split_feature=12 9 9 2 20 20 20 10 24 12 22 22 9 20 20 1 20 23 7 21 20 20
split_gain=2.78138 0.886921 0.632326 0.585473 0.500025 0.926424 0.883397 0.784132 0.585396 0.411725 0.370298 0.458954 1.29082 0.535025 0.486838 0.58764 0.460525 1.0604 0.683595 0.429402 0.830152 1.09806
threshold=0.52004063163607117 26.1445911420487 2.2581248134303693 37.207737944866089 12.500000000000002 8.5000000000000018 25.500000000000004 0.75592894601845606 8120.5000000000009 1.485664813694634 52360.000000000007 48992.500000000007 13.559095523217161 30.500000000000004 3.5000000000000004 17.009731282911645 29.500000000000004 51350.000000000007 18.14707282550307 3.5000000000000004 13.500000000000002 6.5000000000000009
decision_type=2 2 2 2 2 2 2 2 2 2 2 2 2 2 2 2 2 2 2 2 2 2
left_child=-1 2 4 10 5 8 -6 -7 -2 -8 11 13 -13 16 -14 -16 19 18 -18 -4 21 -21
right_child=1 -3 3 -5 6 7 9 -9 -10 -11 -12 12 14 -15 15 -17 17 -19 -20 20 -22 -23
leaf_value=-0.016672824337444717 -0.012030956199241265 0.11643790689776196 -0.00084010586092198849 -0.044419309512316506 -0.015114068846121513 0.021988985616826284 -0.0037955712706544552 0.0016583117767765608 0.019002216005363014 0.02823674405136228 -0.024155023450561648 0.11109264221902651 0.06529691545203764 -0.040795367505870629 0.012081365545947926 -0.07077856648397747 -0.012219178460631761 0.048574878759168182 0.16604812914196704 -0.018029839405492576 -0.028559724114937162 0.011969909003616264
leaf_weight=642 1072 243 7443 102 1539 117 514 383 62 96 553 68 53 175 282 156 148 60 45 1043 1405 880
leaf_count=642 1072 243 7443 102 1539 117 514 383 62 96 553 68 53 175 282 156 148 60 45 1043 1405 880
internal_value=-0.000433455 -0.00034353 -0.00037612 -0.000253101 -0.000774288 -0.000296828 -0.00112767 0.000935643 -0.000857332 0 -0.000229052 -0.00018537 0.000781914 -0.000235542 9.87895e-05 -0.000260723 -0.000202784 0.00124806 0 -0.000239051 -0.000570208 -8.71378e-05
internal_weight=17081 16439 16196 12413 3783 1634 2149 500 1134 610 12311 11758 559 11199 491 438 11024 253 193 10771 3328 1923
internal_count=17081 16439 16196 12413 3783 1634 2149 500 1134 610 12311 11758 559 11199 491 438 11024 253 193 10771 3328 1923
is_linear=0
shrinkage=0.035


Tree=135
num_leaves=23
num_cat=0
split_feature=8 9 20 20 20 1 12 11 15 6 21 21 20 20 20 21 17 11 22 1 22 22
split_gain=2.9581 0.73804 0.5937 0.992734 0.597154 0.54878 0.512474 0.634187 0.46878 0.442495 0.412118 0.411337 0.895381 0.968492 0.805363 1.26757 2.53112 0.807562 0.622794 0.604538 0.560743 0.581336
threshold=0.35299200622699706 2.2581248134303693 12.500000000000002 6.5000000000000009 22.500000000000004 0.97613398113309346 1.5258141052854193 1.395909986653572 0.21980676328502416 1.1428467635660768 2.5000000000000004 3.5000000000000004 2.5000000000000004 8.5000000000000018 10.500000000000002 1.5000000000000002 1.0000000180025095e-35 3.1796053387000938 5643.5000000000009 2.0698635556870548 13885.000000000002 6498.5000000000009
decision_type=2 2 2 2 2 2 2 2 2 2 2 2 2 2 2 2 2 2 2 2 2 2
left_child=-1 2 3 5 -4 -2 7 -5 -6 -7 -9 12 20 18 15 -15 17 -17 -14 -20 21 -3
right_child=1 11 4 6 8 9 -8 10 -10 -11 -12 -13 13 14 -16 16 -18 -19 19 -21 -22 -23
leaf_value=-0.016089275485634151 0.0050981589735100939 0.02801078687846183 -0.014716140226425487 0.0032922987860950067 -0.0065656397841119297 -0.024299488359486546 -0.021480722470622195 0.014243961631030125 0.0021186187325160253 -0.0093646303428276869 0.039948759802481588 -0.0076189787884417539 0.0057263241736222083 -0.019165066732002127 -0.00060005021640425267 0.10317510226281756 0.017842642522831017 0.23821445718825487 0.0041417650061059954 -0.02698173643827113 0.012110889571444839 0.38993323583818079
leaf_weight=749 223 67 1160 582 469 281 102 49 481 297 69 3895 151 193 5877 48 262 47 196 1367 504 49
leaf_count=749 223 67 1160 582 469 281 102 49 481 297 69 3895 151 193 5877 48 262 47 196 1367 504 49
internal_value=-0.00037876 -0.000278735 -0.000713557 -0.000191543 -0.00110047 -0.00106824 0.000663568 0.00101773 -0.000421467 -0.00163894 0.00332927 -0.000149555 -1.43746e-05 -0.00011429 8.0534e-05 0.00135586 0.00259116 0.00735 -0.000853113 -0.00106697 0.00126 0.00344215
internal_weight=17118 16369 3713 1603 2110 801 802 700 950 578 118 12656 8761 8141 6427 550 357 95 1714 1563 620 116
internal_count=17118 16369 3713 1603 2110 801 802 700 950 578 118 12656 8761 8141 6427 550 357 95 1714 1563 620 116
is_linear=0
shrinkage=0.035


Tree=136
num_leaves=23
num_cat=0
split_feature=12 6 9 24 1 25 9 9 4 7 0 7 11 7 22 2 20 20 20 12 0 4
split_gain=3.34726 0.385777 0.561853 0.629004 0.897975 0.820569 0.678988 0.971063 0.659257 0.623258 0.493285 0.748459 0.835361 0.489364 0.482721 0.544899 0.539331 0.473719 0.534034 0.468884 0.456365 0.788837
threshold=0.67014369125706297 26.068648301856552 18.326530612244905 9795.0000000000018 4.9584559719734012 729.50000000000011 3.3234917194903333 3.948684210526316 3.9929401464817613 1.8563963190846378 15.950345293025352 20.578879296849021 7.0258549204091469 24.007192378077715 46389.000000000007 2.9852237017189558 29.500000000000004 13.500000000000002 7.5000000000000009 2.4842630834195245 7.3818872065216476 10.946439606378263
decision_type=2 2 2 2 2 2 2 2 2 2 2 2 2 2 2 2 2 2 2 2 2 2
left_child=-1 2 3 5 6 -2 -5 8 -8 -7 11 12 -4 -13 -6 -16 19 18 -9 -17 21 -21
right_child=1 -3 10 4 14 9 7 17 -10 -11 -12 13 -14 -15 15 16 -18 -19 -20 20 -22 -23
leaf_value=-0.015526150843636958 -0.0073533685804839273 -0.03895411340560441 0.1272077891740363 -0.0077767959375667261 0.037898911147776569 0.028146331999895694 0.045570786985186712 0.00052537877623131139 0.0054462276817993649 0.00036968841430256845 -0.00093258390433143522 -0.066850996570419888 0.0070994823195686778 0.024312233623072336 0.020279349780315419 -0.05317997427192462 0.021603167919844356 -0.023400197984376547 0.035324412515538348 0.017677055372307952 -0.014257637392155232 -0.053179648903347712
leaf_weight=1093 9362 480 127 117 331 59 66 66 77 1478 1436 82 103 55 80 148 83 174 54 408 1217 119
leaf_count=1093 9362 480 127 117 331 59 66 66 77 1478 1436 82 103 55 80 148 83 174 54 408 1217 119
internal_value=-0.000479676 -0.000350934 -0.000319199 -0.000395407 5.34796e-05 -0.000518068 0.00132111 0.0019638 0.00430405 0.000222438 0.00025553 0.00139247 0.00260638 -0.000542254 -0.000235676 -0.000441748 -0.000565657 0.000714046 0.00238 -0.000695573 -0.000518297 0.000315789
internal_weight=17215 16122 15642 13839 2940 10899 554 437 143 1537 1803 367 230 137 2386 2055 1975 294 120 1892 1744 527
internal_count=17215 16122 15642 13839 2940 10899 554 437 143 1537 1803 367 230 137 2386 2055 1975 294 120 1892 1744 527
is_linear=0
shrinkage=0.035


Tree=137
num_leaves=23
num_cat=0
split_feature=12 0 16 22 9 12 4 1 15 9 10 15 15 22 24 10 2 0 1 2 1 12
split_gain=2.77727 0.648791 0.5372 0.468987 0.398837 0.398596 0.385328 0.622153 0.582602 0.910558 0.616013 0.503427 0.351641 0.341692 0.520792 1.09643 0.898786 0.667634 0.614059 1.02228 0.661548 0.582805
threshold=0.52004063163607117 2.9974617545665088 1.0000000180025095e-35 52360.000000000007 0.28576014119515097 1.066040986635002 1.0000000180025095e-35 1.0010887194926981 0.36181818181818187 1.1086040571081874 0.75592894601845484 0.11651583710407241 0.23303167420814483 13885.000000000002 9795.0000000000018 4.5408201482824371 19.556552062598733 7.6002769292068288 25.102403528914756 23.023809523809529 18.510883648048786 6.918985069027408
decision_type=2 2 2 2 2 2 2 2 2 2 2 2 2 2 2 2 2 2 2 2 2 2
left_child=-1 2 4 5 -2 -3 7 -6 9 10 -8 -9 13 -7 18 16 17 -16 20 21 -15 -20
right_child=1 3 -4 -5 6 12 8 11 -10 -11 -12 -13 -14 14 15 -17 -18 -19 19 -21 -22 -23
leaf_value=-0.014982735564109661 -0.016871906635535106 0.023373182408159884 0.017310841755291181 -0.026610465301671295 0.0045666036957414521 0.0031571286226857371 -0.024502423732469417 0.0183025751902718 -0.022625631562649476 -0.0071720619172739274 0.017200408379202704 -0.022682275852244752 -0.018589716242357061 -0.0046342552702078425 0.013128204519891782 -0.014815759306443171 0.053719428202524185 -5.6229493185351729e-05 0.042636130418040478 -0.089915956775564021 -0.056660272743755173 0.12820393225502913
leaf_weight=645 122 103 127 607 630 2106 46 71 486 3323 85 238 99 5436 584 861 69 1054 46 54 378 47
leaf_count=645 122 103 127 607 630 2106 46 71 486 3323 85 238 99 5436 584 861 69 1054 46 54 378 47
internal_value=-0.000390606 -0.000301292 -0.00062936 -0.000152547 -0.000689374 -9.74921e-05 -0.000633498 0 -0.000785172 -0.000616219 0.00216176 -0.0012707 -0.000120263 -9.8685e-05 -0.000198501 0.000213563 0.000731892 0.000547473 -0.000378982 0.00179605 -0.000438478 0.004
internal_weight=17217 16572 5128 11444 5001 10837 4879 939 3940 3454 131 309 10734 10635 8529 2568 1707 1638 5961 147 5814 93
internal_count=17217 16572 5128 11444 5001 10837 4879 939 3940 3454 131 309 10734 10635 8529 2568 1707 1638 5961 147 5814 93
is_linear=0
shrinkage=0.035


Tree=138
num_leaves=23
num_cat=0
split_feature=8 21 20 20 12 25 16 12 4 9 22 17 10 7 20 1 1 3 1 20 1 0
split_gain=2.71491 0.815188 1.00312 1.94768 0.814144 0.81319 0.569186 0.553297 0.506458 0.581392 0.713607 0.575264 0.548343 0.60696 0.495182 0.478518 0.47615 0.456206 0.448828 0.446549 1.09198 1.13974
threshold=0.35299200622699706 3.5000000000000004 13.500000000000002 7.5000000000000009 8.1089825484969165 499.50000000000006 1.0000000180025095e-35 1.4198477951204269 4.1419333031218928 0.4287661851273204 15527.500000000002 1.0000000180025095e-35 0.78679579246944398 1.0023000964625202 8.5000000000000018 30.236721569975128 0.97613398113309346 0.99491741027542968 30.236721569975128 22.500000000000004 3.1082911943165921 3.9805079009487661
decision_type=2 2 2 2 2 2 2 2 2 2 2 2 2 2 2 2 2 2 2 2 2 2
left_child=-1 8 3 15 5 -5 7 -4 9 17 -11 -12 -13 -14 -7 -3 -9 -2 19 -10 21 -21
right_child=1 2 6 4 -6 14 -8 16 18 10 11 12 13 -15 -16 -17 -18 -19 -20 20 -22 -23
leaf_value=-0.014458339819365822 -0.0088394050778847159 -0.014559678410598449 -0.025781804309179559 0.00020732051779257909 0.080006781372831737 0.084581119011976291 0.017485408143458059 0.011918355932587698 -0.00010005912601029997 -0.011291078223505118 -0.0044466676571207576 -0.012864631007710528 0.022699700785441486 0.0070745349494976129 0.017109193648008919 0.076657144009643699 -0.022337638913952098 0.0095180021890370684 -0.069415982576228843 0.0022048017115060201 0.010020612607498288 0.053761627236347483
leaf_weight=734 76 1688 348 669 91 65 97 61 5176 1071 2463 150 63 636 186 67 1661 48 191 79 1530 72
leaf_count=734 76 1688 348 669 91 65 97 61 5176 1071 2463 150 63 636 186 67 1661 48 191 79 1530 72
internal_value=-0.000332589 -0.000238314 -0.00061523 -0.000165465 0.00104724 0.000699999 -0.00117956 -0.00130723 -7.56929e-05 -0.000366136 -0.000437102 -0.000176214 0.00059836 0.00102415 0.00237891 -0.000875001 -0.00102751 0.00192636 0.000107684 0.000157096 0.000651838 0.00345513
internal_weight=17222 16488 4933 2766 1011 920 2167 2070 11555 4507 4383 3312 849 699 251 1755 1722 124 7048 6857 1681 151
internal_count=17222 16488 4933 2766 1011 920 2167 2070 11555 4507 4383 3312 849 699 251 1755 1722 124 7048 6857 1681 151
is_linear=0
shrinkage=0.035


Tree=139
num_leaves=23
num_cat=0
split_feature=8 16 21 6 12 10 15 20 20 20 3 12 8 9 3 2 21 20 20 8 12 20
split_gain=2.72527 0.607756 0.651577 0.712993 0.946077 1.17064 0.555833 0.678883 0.461757 0.455007 0.431532 0.645307 0.575722 1.65891 0.780781 0.659707 0.551094 0.718206 1.46578 0.534881 0.773892 0.470808
threshold=0.35299200622699706 1.0000000180025095e-35 3.5000000000000004 2.92287449715421 1.6909314353100842 1.1126972805283752 0.10620300751879701 7.5000000000000009 2.5000000000000004 11.500000000000002 9.2100218797517588 7.7116519410830922 5.7074308839208543 4.0416958810886738 3.9853480954257141 6.810351991372376 1.5000000000000002 29.500000000000004 30.500000000000004 7.2941068473382087 2.7853629848212713 6.5000000000000009
decision_type=2 2 2 2 2 2 2 2 2 2 2 2 2 2 2 2 2 2 2 2 2 2
left_child=-1 2 10 -4 5 -5 7 -7 -6 -10 11 12 13 16 -15 -14 -2 -18 -19 -12 -21 -13
right_child=1 -3 3 4 8 6 -8 -9 9 -11 19 21 15 14 -16 -17 17 18 -20 20 -22 -23
leaf_value=-0.013952297925688018 -0.0088410286412460692 0.016188721333037531 -0.013561002419436006 -0.0087252633514993475 -0.032541011202569442 0.0057432359043750048 0.0044516054829571864 0.025270134842765104 0.00075749631844234766 -0.020826873846858031 -0.035289394173117869 0.0036961964467024924 -0.03686860170551387 0.057967311612447184 0.014998240066170449 -0.0071554112914570421 -0.0012388369995167364 0.042042038838553397 -0.02893291880470672 0.072935836710823154 0.0048572008020918087 0.036241231142386678
leaf_weight=753 1557 609 1354 107 294 49 87 61 1274 1476 130 49 817 88 393 1436 3245 49 52 72 3097 45
leaf_count=753 1557 609 1354 107 294 49 87 61 1274 1476 130 49 817 88 393 1436 3245 49 52 72 3097 45
internal_value=-0.000337535 -0.0002411 -0.000284013 -0.000629808 -0.0003476 0.00148382 0.00308416 0.00471739 -0.000538374 -0.000387478 -0.000134799 -0.000278698 -0.000316934 -0.000116256 0.00182922 -0.000787423 -0.000312348 -5.32685e-05 0.00277358 0.000197033 0.00029332 0.0025101
internal_weight=17094 16341 15732 4702 3348 304 197 110 3044 2750 11030 7731 7637 5384 481 2253 4903 3346 101 3299 3169 94
internal_count=17094 16341 15732 4702 3348 304 197 110 3044 2750 11030 7731 7637 5384 481 2253 4903 3346 101 3299 3169 94
is_linear=0
shrinkage=0.035


Tree=140
num_leaves=23
num_cat=0
split_feature=9 9 16 10 2 22 1 12 15 11 1 3 9 9 7 22 20 4 1 9 2 9
split_gain=2.98622 0.571356 0.481798 0.683688 0.564268 0.481506 0.564077 0.615697 0.749367 0.655433 0.560546 0.540162 0.515988 0.589651 0.560631 0.496907 0.478034 0.75072 0.732158 0.462754 0.40914 0.400543
threshold=0.35735346066116053 10.157334819439784 1.0000000180025095e-35 2.3248185358047766 3.9805079009487661 43337.000000000007 1.0010887194926981 1.0135239427059755 0.21583850931677021 2.3740765385351823 0.97613398113309346 3.4127635668544474 1.0014611999653302 0.60791925465838526 8.8530636656576522 52360.000000000007 15.500000000000002 1.0000000180025095e-35 1.0000000180025095e-35 1.394122775479413 13.982558156555685 10.617849299999756
decision_type=2 2 2 2 2 2 2 2 2 2 2 2 2 2 2 2 2 2 2 2 2 2
left_child=-1 2 5 4 -4 12 7 -7 9 10 -9 -12 13 16 19 20 17 18 -2 -14 -8 -3
right_child=1 21 3 -5 -6 6 15 8 -10 -11 11 -13 14 -15 -16 -17 -18 -19 -20 -21 -22 -23
leaf_value=-0.013463967498288935 0.0076698200436988622 0.016156927724874832 0.011544578425069505 -0.019647843711004781 0.059975798363984888 0.014748495288816887 0.0015450210995531395 -0.022327924673585589 -0.02123069019646882 -0.018759660399460948 0.04975480463814487 0.00804551658858094 0.0030230159153903911 -0.022949457827090229 -0.038879640618532635 -0.019933786393357061 -0.018970334465312832 -0.023250613544813007 -0.01155072072883067 -0.0051413060381653441 -0.032664807904163332 -0.0011403084021064881
leaf_weight=770 81 254 216 133 59 96 1491 57 185 51 91 50 364 336 416 716 268 143 56 6208 82 4950
leaf_count=770 81 254 216 133 59 96 1491 57 185 51 91 50 364 336 416 716 268 143 56 6208 82 4950
internal_value=-0.000380783 -0.000278576 -0.00042048 0.000737287 0.00175 -0.000466624 -6.69272e-05 0.000948597 0.000326878 0.00159842 0.00253448 0.00369178 -0.000607402 -0.00141339 -0.000502003 -0.000311248 -0.0006519 0.000307017 0.00216901 -0.000418809 2.66151e-05 2.08285e-05
internal_weight=17073 16303 11099 408 275 10691 2819 530 434 249 198 141 7872 884 6988 2289 548 280 137 6572 1573 5204
internal_count=17073 16303 11099 408 275 10691 2819 530 434 249 198 141 7872 884 6988 2289 548 280 137 6572 1573 5204
is_linear=0
shrinkage=0.035


Tree=141
num_leaves=23
num_cat=0
split_feature=8 10 20 20 20 0 4 22 4 23 11 0 20 12 9 12 12 5 24 20 20 22
split_gain=2.63657 0.469962 0.491214 1.67631 0.928075 0.567575 0.55837 0.787225 0.683846 0.705489 0.610458 0.528366 1.17813 0.863751 0.766816 0.654695 0.482271 0.795824 0.475688 0.447552 0.434599 0.483756
threshold=0.35299200622699706 0.68748748907871082 6.5000000000000009 11.500000000000002 22.500000000000004 32.106343334591671 2.1289997301842822 31960.500000000004 5.4734877778898161 39000.000000000007 1.9057460827371895 22.797540755617458 9.5000000000000018 4.5275464909085619 10.507034530153202 3.1564694930341144 8.7798997480632703 20.017857142857146 9795.0000000000018 9.5000000000000018 8.5000000000000018 22034.500000000004
decision_type=2 2 2 2 2 2 2 2 2 2 2 2 2 2 2 2 2 2 2 2 2 2
left_child=-1 -2 18 6 16 -6 7 20 9 19 -9 13 -13 14 15 -10 -5 -18 -3 -8 -4 -22
right_child=1 2 3 4 5 -7 8 10 11 -11 -12 12 -14 -15 -16 -17 17 -19 -20 -21 21 -23
leaf_value=-0.012992728635848818 -0.013989641650023808 -0.011408385024338021 -0.0060436303033914434 -0.012177935855405376 0.00016890145849684433 0.1533816114983956 -0.00064047330883365832 0.03602056632070072 0.036519292695848415 -0.016311037054542146 0.00030705426702273548 0.18637111266289938 -0.0023055737924544441 -0.011254963534767687 0.057080512978224258 -0.0097353573958185637 0.04719637279145257 -0.051493932304287844 0.0018335906329267279 0.022824204183505187 0.027720037796867054 -0.025740995956060077
leaf_weight=732 734 2871 177 5093 3883 49 378 148 250 434 63 94 101 351 136 200 123 103 766 223 153 59
leaf_count=732 734 2871 177 5093 3883 49 378 148 250 434 63 94 101 351 136 200 123 103 766 223 153 59
internal_value=-0.000356827 -0.000263451 -0.000221265 -0.000111495 -0.000338808 6.48963e-05 0.000641413 0.00159091 0.000367402 -0.000269232 0.00330555 0.0009635 0.002625 0.000587048 0.0014154 0.000653845 -0.000640309 0.000893939 -0.000578529 0.000485148 0.000586294 0.00166129
internal_weight=17121 16389 15655 12018 9251 3932 2767 600 2167 1035 211 1132 195 937 586 450 5319 226 3637 601 389 212
internal_count=17121 16389 15655 12018 9251 3932 2767 600 2167 1035 211 1132 195 937 586 450 5319 226 3637 601 389 212
is_linear=0
shrinkage=0.035


Tree=142
num_leaves=23
num_cat=0
split_feature=12 10 25 7 15 1 24 7 23 9 25 6 1 21 9 12 12 4 12 11 1 9
split_gain=2.65296 0.84603 0.811614 0.618111 0.745114 0.572405 0.56673 1.20208 0.59078 0.668006 0.519332 0.454727 0.529061 0.504374 0.530199 0.952955 0.765322 0.462212 0.845242 0.572241 0.706581 0.431797
threshold=0.52004063163607117 1.1126972805283752 180.50000000000003 3.1038226523002144 0.097619047619047633 1.0010887194926981 10740.000000000002 8.4253828275852474 61700.000000000007 3.036019516910804 878.00000000000011 9.9933189851049971 17.009731282911645 3.5000000000000004 10.157334819439784 5.5303111604938815 4.0580409861443263 6.9966807769941894 5.2190184483164392 3.6272426407007825 12.996151141142256 27.017857142857146
decision_type=2 2 2 2 2 2 2 2 2 2 2 2 2 2 2 2 2 2 2 2 2 2
left_child=-1 2 3 4 -2 -4 21 8 9 -8 -7 17 13 14 -13 16 -16 -9 19 20 -19 -3
right_child=1 6 5 -5 -6 10 7 11 -10 -11 -12 12 -14 -15 15 -17 -18 18 -20 -21 -22 -23
leaf_value=-0.012537983133594107 -0.016928749503977811 -0.0027478030006062798 -0.0043279693879636491 0.073045909090525982 0.013411439086062847 -0.017555685956792039 0.023052224322342517 -0.029623957953517674 0.06302159642633634 0.0040889149704391127 0.013148567216419414 -0.0088267392921530016 -0.037697702607690384 -0.0027911249738959572 0.0079947615415288265 -0.02495399289075665 0.075295245755128526 -0.025162298343952661 0.0630356841822656 -0.039064148839660251 0.029263357473333394 0.067879341440419724
leaf_weight=642 114 11163 1565 54 97 1129 66 240 85 595 59 99 178 240 96 59 69 128 90 176 47 145
leaf_count=642 114 11163 1565 54 97 1129 66 240 85 595 59 99 178 240 96 59 69 128 90 176 47 145
internal_value=-0.000324865 -0.000237379 -0.000767616 0.00103704 6.4814e-05 -0.000949239 -0.000117092 0.000397836 0.00153329 0.00112462 -0.00153437 -0.000188859 0.000394101 0.000936619 0.00183537 0.00276637 0.00411765 -0.00084694 -0.000125561 -0.000943821 0.000388888 -0.000217494
internal_weight=17136 16494 3018 265 211 2753 13476 2168 746 661 1188 1422 741 563 323 224 165 681 441 351 175 11308
internal_count=17136 16494 3018 265 211 2753 13476 2168 746 661 1188 1422 741 563 323 224 165 681 441 351 175 11308
is_linear=0
shrinkage=0.035


Tree=143
num_leaves=23
num_cat=0
split_feature=9 17 11 11 10 18 20 20 4 8 10 24 0 20 11 20 8 20 8 20 24 21
split_gain=3.06794 0.673374 0.785499 0.702792 0.807949 0.687503 1.27089 0.948247 0.679791 1.09587 0.606844 0.577143 0.809903 0.840839 0.627425 0.547425 1.0385 0.515418 0.47815 0.476541 0.569296 0.456499
threshold=0.8377192982456142 1.0000000180025095e-35 9.3698428935884497 10.789316035479823 11.148342929865622 1.0000000180025095e-35 29.500000000000004 27.500000000000004 17.961864802538603 12.566255918639103 3.4086724129853905 5252.0000000000009 7.9927388748624617 13.500000000000002 0.88178143959067323 6.5000000000000009 16.909375000000004 22.500000000000004 23.786306348261736 5.5000000000000009 15110.000000000002 4.5000000000000009
decision_type=2 2 2 2 2 2 2 2 2 2 2 2 2 2 2 2 2 2 2 2 2 2
left_child=-1 2 -2 4 18 6 7 8 9 11 -11 14 13 21 -3 16 -12 -15 -4 -14 -21 -13
right_child=1 5 3 -5 -6 -7 -8 -9 -10 10 15 12 19 17 -16 -17 -18 -19 -20 20 -22 -23
leaf_value=-0.012099153723918314 -0.0055346791522635887 0.035507231942460422 0.023619696582416826 -0.027339320267379216 -0.0090623472882018184 -0.043676177886046878 0.058102441666519088 -0.023477346526492127 -0.014081220437987516 0.05795781184501253 -0.028234748812721557 0.028753413525779575 -0.053864760122051332 -0.0025345866159370693 -0.0028565154332156439 0.0036530806374554295 0.13737622131838273 0.012086716739144032 0.24208008352095997 -0.016887603798591506 0.034481193310038065 -0.023953636372711418
leaf_weight=1665 10813 58 67 168 60 238 114 227 626 88 46 327 98 268 1356 232 54 164 52 278 57 55
leaf_count=1665 10813 58 67 168 60 238 114 227 626 88 46 327 98 268 1356 232 54 164 52 278 57 55
internal_value=-0.00035499 -0.000199567 -0.000343261 0.00127273 0.00277717 0.000170472 0.000282383 0.000169712 0.000309266 0.000526247 0.00218235 0.000254688 0.000805111 0.00145726 -0.000219522 0.0013813 0.0035 0.000344393 0.00440323 -0.000383562 0.000205882 0.00264987
internal_weight=17111 15446 11160 347 179 4286 4048 3934 3707 3081 420 2661 1247 814 1414 332 100 432 119 433 335 382
internal_count=17111 15446 11160 347 179 4286 4048 3934 3707 3081 420 2661 1247 814 1414 332 100 432 119 433 335 382
is_linear=0
shrinkage=0.035


Tree=144
num_leaves=23
num_cat=0
split_feature=8 16 11 6 2 17 12 12 8 8 9 8 9 27 3 12 4 12 22 2 6 12
split_gain=2.39578 0.467124 0.479398 0.437371 0.572606 0.397944 0.520447 0.786179 0.729493 0.66311 0.669678 0.589704 0.495261 0.547052 0.441516 0.805541 0.577669 0.801223 0.428699 0.447163 0.569268 0.421315
threshold=0.35299200622699706 1.0000000180025095e-35 9.3698428935884497 17.033107411818296 32.106343334591671 1.0000000180025095e-35 1.4415368573177589 1.5373966660411522 2.5718369743430354 2.6191167425864443 2.2143052359085309 2.9845125473974528 1.9648926707350622 3.5000000000000004 2.1013449070251609 1.0492520049945619 17.961864802538603 6.4952350456122856 13885.000000000002 17.903471131289511 22.797540755617458 6.6698995303957984
decision_type=2 2 2 2 2 2 2 2 2 2 2 2 2 2 2 2 2 2 2 2 2 2
left_child=-1 2 5 -4 -5 6 -2 8 -8 10 12 -11 13 -9 -7 -16 17 -17 19 20 21 -13
right_child=1 -3 3 4 -6 14 7 9 -10 11 -12 18 -14 -15 15 16 -18 -19 -20 -21 -22 -23
leaf_value=-0.011675683343581171 -0.0095463324272097808 0.011439648677023051 -0.0063152470304869762 0.11293427247698258 -0.024885040856995135 -0.0057456617924734991 0.0019257678908720559 -0.0088734760465730683 0.014370887778865171 -0.024536411670920834 0.012995722499870717 0.01504160567353739 -0.015922902479993808 0.023471358659361796 0.031521893039350428 0.0010366979403117794 -0.017913527439566944 0.066337267107499306 -0.010659982297648652 -0.0084564902459122286 0.11364974930533563 -0.044298878696936557
leaf_weight=732 2486 617 230 155 75 1080 281 90 136 407 511 398 137 51 54 2382 610 138 5767 675 48 86
leaf_count=732 2486 617 230 155 75 1080 281 90 136 407 511 398 137 51 54 2382 610 138 5767 675 48 86
internal_value=-0.000357327 -0.000268379 -0.000306101 0.000790322 0.0018617 -0.000340374 -0.000451165 -0.000318553 0.00114455 -0.000396025 0.000555415 -0.000500407 -0.000779153 0.000575342 -4.83728e-05 0.00015475 7.25669e-05 0.00031188 -0.000420763 0.000167491 0.000932029 0.000508179
internal_weight=17146 16414 15797 460 230 15337 11073 8587 417 8170 789 7381 278 141 4264 3184 3130 2520 6974 1207 532 484
internal_count=17146 16414 15797 460 230 15337 11073 8587 417 8170 789 7381 278 141 4264 3184 3130 2520 6974 1207 532 484
is_linear=0
shrinkage=0.035


Tree=145
num_leaves=23
num_cat=0
split_feature=8 20 20 20 20 21 21 20 20 16 24 7 22 11 0 24 5 12 5 12 12 22
split_gain=2.81458 0.459341 0.715297 0.805254 1.10605 1.78215 0.753195 0.770899 2.09632 0.680865 0.532682 0.691077 0.621339 0.703959 0.824057 1.54638 1.04447 0.572626 0.553568 0.526189 0.830796 0.526133
threshold=0.35299200622699706 30.500000000000004 25.500000000000004 11.500000000000002 6.5000000000000009 1.5000000000000002 4.5000000000000009 7.5000000000000009 8.5000000000000018 1.0000000180025095e-35 9795.0000000000018 5.4340659340659352 13885.000000000002 1.2719433830548408 19.556552062598733 1706.5000000000002 16.940434238785283 2.1689869328062064 4.8493515340940085 1.4510484563410848 1.4756628168558421 17236.500000000004
decision_type=2 2 2 2 2 2 2 2 2 2 2 2 2 2 2 2 2 2 2 2 2 2
left_child=-1 2 3 4 10 21 -7 -8 -9 -4 12 18 13 -2 15 17 -17 -15 -12 -5 -21 -6
right_child=1 -3 9 19 5 6 7 8 -10 -11 11 -13 -14 14 -16 16 -18 -19 -20 20 -22 -23
leaf_value=-0.011267034426555831 -0.020784438232174341 -0.027303929777735353 0.0020180316806841861 -0.012402424259105956 0.00041582715678962888 0.017894012362422301 -0.052845813040701524 0.081832667911082541 -0.054499803526515588 0.043878149562301114 -0.0037053225420764311 -0.00081579834606588912 -0.013194834754896906 0.0047777293429900449 -0.01066725564958221 0.38377222303767883 0.011760390767180608 -0.029990158233564473 0.049123167370625151 0.018044664250153653 -0.0064489359352878075 -0.033218257769280363
leaf_weight=729 145 250 2326 1616 188 1906 124 117 124 81 66 631 2298 135 235 71 70 69 73 53 5444 434
leaf_count=729 145 250 2326 1616 188 1906 124 117 124 81 66 631 2298 135 235 71 70 69 73 53 5444 434
internal_value=-0.000327808 -0.000231973 -0.000207483 -0.000305275 -2.66785e-05 0.000485506 0.0009442 -0.000472974 0.000626015 0.000345356 -0.000422065 0.00038387 -0.000633422 0.000239725 0.000807691 0.0019 0.00465068 0 0.00257639 -0.000564485 -0.000395675 -0.0011555
internal_weight=17185 16456 16206 13799 6686 2893 2271 365 241 2407 3793 770 3023 725 580 345 141 204 139 7113 5497 622
internal_count=17185 16456 16206 13799 6686 2893 2271 365 241 2407 3793 770 3023 725 580 345 141 204 139 7113 5497 622
is_linear=0
shrinkage=0.035


Tree=146
num_leaves=23
num_cat=0
split_feature=8 17 25 7 0 9 18 20 3 20 12 7 20 20 20 20 20 22 24 4 8 20
split_gain=3.1148 0.621405 0.740916 0.618106 0.564317 0.663725 0.490186 0.960258 0.598302 0.668026 0.629232 0.995241 0.579349 0.711166 3.38041 0.97482 0.465617 0.597648 0.627636 0.75381 0.511667 0.406677
threshold=0.35299200622699706 1.0000000180025095e-35 180.50000000000003 1.5718492978134759 29.073923966709916 24.339285714285719 1.0000000180025095e-35 29.500000000000004 2.1013449070251609 27.500000000000004 1.5054623232592033 2.4916473616522006 5.5000000000000009 10.500000000000002 9.5000000000000018 12.500000000000002 8.5000000000000018 17236.500000000004 7066.5000000000009 5.9680479807034317 5.0056043956043963 16.500000000000004
decision_type=2 2 2 2 2 2 2 2 2 2 2 2 2 2 2 2 2 2 2 2 2 2
left_child=-1 2 3 -2 -5 -6 7 8 10 12 11 21 -10 14 16 -15 17 -14 -19 20 -20 -3
right_child=1 6 -4 4 5 -7 -8 -9 9 -11 -12 -13 13 15 -16 -17 -18 18 19 -21 -22 -23
leaf_value=-0.010872688221626381 0.023953839006716354 0.0017754581877839437 -0.0067858783259005986 -9.4416442517768267e-06 0.26242649991939537 -0.023939389338257584 -0.029137556031092821 0.07938056744657887 -0.007603008154909708 -0.039792921165983375 -0.025013798038556308 0.04549231497128834 0.035854448199201673 -0.1001446936666998 0.14374737338851251 0.0073919379019687231 -0.035649733470171391 -0.011360672179965128 0.019604979107570815 0.061158417563227825 -0.047679754360515879 -0.017309623875078291
leaf_weight=739 78 330 9860 1839 51 46 252 112 560 181 329 46 134 86 95 1666 86 145 55 65 67 308
leaf_count=739 78 330 9860 1839 51 46 252 112 560 181 329 46 134 86 95 1666 86 145 55 65 67 308
internal_value=-0.000295157 -0.000193402 -0.000326754 0.000279098 0.000142452 0.00267647 0.00015325 0.000245901 0.000153198 0.000395071 -0.000577604 5.079e-06 0.000526652 0.000765806 0.00176074 0.000384461 0.000647216 0.00110722 0.000238872 0.00160417 0 -0.000342925
internal_weight=17130 16391 11874 2014 1936 97 4517 4265 4153 3140 1013 684 2959 2399 647 1752 552 466 332 187 122 638
internal_count=17130 16391 11874 2014 1936 97 4517 4265 4153 3140 1013 684 2959 2399 647 1752 552 466 332 187 122 638
is_linear=0
shrinkage=0.035


Tree=147
num_leaves=23
num_cat=0
split_feature=8 20 20 21 20 21 20 17 24 20 20 21 20 11 10 1 12 24 22 20 20 20
split_gain=2.6052 0.443631 1.33554 1.53792 0.979463 0.893416 0.817615 2.19199 0.974837 0.761072 1.07305 0.721603 0.886531 1.0116 1.34724 0.960347 0.859689 0.718416 0.641749 0.577603 1.65071 0.561158
threshold=0.35299200622699706 6.5000000000000009 11.500000000000002 1.5000000000000002 22.500000000000004 4.5000000000000009 8.5000000000000018 1.0000000180025095e-35 10740.000000000002 10.500000000000002 9.5000000000000018 1.5000000000000002 13.500000000000002 2.1658302437978505 3.4572215654165044 16.987659160272365 6.8365581202638435 9795.0000000000018 31797.000000000004 7.5000000000000009 8.5000000000000018 30.500000000000004
decision_type=2 2 2 2 2 2 2 2 2 2 2 2 2 2 2 2 2 2 2 2 2 2
left_child=-1 17 3 18 11 6 -5 8 -8 10 -9 12 13 -4 -15 -14 -17 -2 -3 -7 -21 -6
right_child=1 2 4 5 21 19 7 9 -10 -11 -12 -13 15 14 -16 16 -18 -19 -20 20 -22 -23
leaf_value=-0.010492144133869457 -0.012715272684340362 -0.0013422387726392242 -0.0024304683596661166 0.0051154149694323837 0.0013654960902338838 -0.052268148821464029 0.059405990290339244 -0.030491316713830159 -0.0023088422242893282 -0.048868130419361562 0.039225324196741199 -0.017724468822861047 -0.012921721157349575 0.051065043726264407 -0.0023787505913108278 -0.0032581392193320249 0.038000276109198913 0.0016154948691063406 -0.035906817733253632 0.06673848404713581 -0.050708865864192397 -0.025406709790493524
leaf_weight=754 3016 343 104 770 3926 117 543 126 87 129 245 4197 978 82 63 80 71 766 281 121 126 262
leaf_count=754 3016 343 104 770 3926 117 543 126 87 129 245 4197 978 82 63 80 71 766 281 121 126 262
internal_value=-0.00038518 -0.000291277 -0.000189713 0.000468198 -0.000386262 0.000896209 0.00120341 0.00180396 0.00316929 3.46526e-05 0.000874999 -0.000689965 0 0.00187401 0.00373333 -0.000413581 0.00210897 -0.000625694 -0.00105167 -0.000654472 0.000249999 1.41895e-05
internal_weight=17187 16433 12651 2888 9763 2264 1900 1130 630 500 371 5575 1378 249 145 1129 151 3782 624 364 247 4188
internal_count=17187 16433 12651 2888 9763 2264 1900 1130 630 500 371 5575 1378 249 145 1129 151 3782 624 364 247 4188
is_linear=0
shrinkage=0.035


Tree=148
num_leaves=23
num_cat=0
split_feature=8 21 5 2 25 22 9 12 1 12 5 4 0 0 4 5 0 4 12 7 7 15
split_gain=3.25708 0.565315 0.556655 0.502164 0.498517 0.393505 0.655924 0.691239 0.383924 0.547965 0.6695 0.490837 0.374829 0.454042 0.585854 0.341398 0.448612 0.377002 0.78029 0.339598 0.5787 0.817368
threshold=0.35299200622699706 3.5000000000000004 17.469540622712071 36.500000000000007 729.50000000000011 52360.000000000007 1.1086040571081874 0.98116877806463842 1.0010887194926981 1.4198477951204269 2.1034298988961333 2.9974617545665088 16.03274297468673 10.946439606378263 14.007413885646328 1.5701758285145087 1.4308779017388806 0.58874036821468489 0.77431177036664367 0.28764931278260691 0.99943504826342566 0.28869047619047622
decision_type=2 2 2 2 2 2 2 2 2 2 2 2 2 2 2 2 2 2 2 2 2 2
left_child=-1 3 4 5 8 19 7 -7 9 15 -11 -12 13 -4 -15 17 -17 18 -3 -2 -21 -22
right_child=1 2 12 -5 -6 6 -8 -9 -10 10 11 -13 -14 14 -16 16 -18 -19 -20 20 21 -23
leaf_value=-0.010124919089184026 0.01004113494593799 -0.02129674424783563 -0.02967387991792076 -0.079106907107204111 0.0017123824509433026 0.026860500610813062 -0.021088722117871515 -0.020568679136846815 -0.013319396325629266 0.026147337600896936 -0.029605988517410375 0.013674544545252567 -0.0056044197898046672 0.080883032192463816 0.0068470627332873459 0.010592371745852945 -0.0059154172615343099 -0.021024467678864178 0.0095043078094545225 -0.012947562017438633 5.2954231722050647e-05 0.013297415131917218
leaf_weight=728 120 70 64 66 585 68 612 95 2812 148 72 67 536 78 126 64 61 179 64 611 9745 173
leaf_count=728 120 70 64 66 585 68 612 95 2812 148 72 67 536 78 126 64 61 179 64 611 9745 173
internal_value=-0.000307978 -0.00020483 -0.000518861 -6.85089e-05 -0.000684396 -4.86928e-05 -0.000807693 0.00108333 -0.000841898 -9.58912e-05 0.00105479 -0.000583334 0.000307169 0.00137179 0.00219378 -0.000892777 0.000538461 -0.00151887 0 5.25541e-06 -1.46202e-05 4.83212e-05
internal_weight=17144 16416 4926 11490 4122 11424 775 163 3537 725 287 139 804 268 204 438 125 313 134 10649 10529 9918
internal_count=17144 16416 4926 11490 4122 11424 775 163 3537 725 287 139 804 268 204 438 125 313 134 10649 10529 9918
is_linear=0
shrinkage=0.035


Tree=149
num_leaves=23
num_cat=0
split_feature=15 22 21 20 3 25 20 20 21 20 20 10 2 15 3 5 3 6 25 20 9 1
split_gain=2.32312 0.671871 0.646941 1.19709 0.993693 1.02172 0.628591 1.68112 0.897899 0.894145 1.66125 0.586094 0.555491 0.741301 0.550332 1.12158 0.666726 0.794048 0.505165 0.5009 0.460744 0.460054
threshold=0.60357142857142865 34795.000000000007 3.5000000000000004 2.5000000000000004 8.0097912782270964 233.00000000000003 5.5000000000000009 13.500000000000002 4.5000000000000009 7.5000000000000009 8.5000000000000018 2.5634797778466254 0.99502319985380738 0.67261904761904778 19.556552062598733 19.908514249778566 9.6921791352322053 8.2534813770198809 637.50000000000011 18.500000000000004 24.339285714285719 1.2197726344077777
decision_type=2 2 2 2 2 2 2 2 2 2 2 2 2 2 2 2 2 2 2 2 2 2
left_child=2 12 3 4 5 -1 -4 8 14 -10 11 -11 -2 -14 16 -16 17 21 19 -9 -21 -8
right_child=1 -3 6 -5 -6 -7 7 18 9 10 -12 -13 13 -15 15 -17 -18 -19 -20 20 -22 -23
leaf_value=0.040695929146655173 -0.011771478780434374 -0.0097705469210625819 -0.015098066138171478 -0.0013678869158980883 0.048833461427280608 -0.011873149667715839 0.040321692515856773 -0.043735856499776786 -0.046074740061774359 0.0031145139683624516 -0.049101764071377271 0.15470153864832481 -0.010615524523786371 0.011132544014412046 0.12071950354547578 -0.043680909606932335 -0.0047650816198562341 0.06797535264838514 0.0016258028211397215 -0.013071419524328474 0.028129522916367219 0.0018650403076262852
leaf_weight=220 412 539 1212 10502 184 354 125 499 242 55 113 66 74 64 71 56 248 103 360 1133 84 390
leaf_count=220 412 539 1212 10502 184 354 125 499 242 55 113 66 74 64 71 56 248 103 360 1133 84 390
internal_value=-0.000274298 -0.00183638 -0.000166459 -2.01961e-05 0.00131651 0.000550086 -0.000508611 -0.000266198 0.000631614 -0.000589398 0.000893305 0.00372222 -0.000914415 0.000905594 0.00123447 0.00339394 0.000880022 0.0015 -0.0009099 -0.00116124 -0.00075041 0.000874999
internal_weight=17106 1089 16017 11260 758 574 4757 3545 1469 476 234 121 550 138 993 127 866 618 2076 1716 1217 515
internal_count=17106 1089 16017 11260 758 574 4757 3545 1469 476 234 121 550 138 993 127 866 618 2076 1716 1217 515
is_linear=0
shrinkage=0.035


Tree=150
num_leaves=23
num_cat=0
split_feature=8 16 6 20 5 20 21 20 12 6 8 12 9 9 6 25 3 10 12 18 0 3
split_gain=2.55502 0.593468 0.588782 0.485011 0.429819 0.532952 0.413211 0.741798 0.64344 0.51011 0.495715 0.467857 0.651052 0.445122 0.485124 0.410886 0.379306 0.360078 0.401495 0.886212 0.529747 0.555008
threshold=0.35299200622699706 1.0000000180025095e-35 1.6942207729300593 22.500000000000004 2.9974617545665088 13.500000000000002 3.5000000000000004 29.500000000000004 1.3467618719166388 2.982783402872585 1.7859246489067384 1.6909314353100842 2.5714480930513881 3.0003052311965184 2.340548797712668 200.00000000000003 34.129284693525193 10.019028385590405 7.5062549710448145 1.0000000180025095e-35 19.010370193622947 18.049040346336252
decision_type=2 2 2 2 2 2 2 2 2 2 2 2 2 2 2 2 2 2 2 2 2 2
left_child=-1 6 -3 4 -4 -6 -2 8 9 -8 -11 12 -10 14 -14 -5 17 18 -13 20 21 -20
right_child=1 2 3 15 5 -7 7 -9 11 10 -12 16 13 -15 -16 -17 -18 -19 19 -21 -22 -23
leaf_value=-0.0094285777788253953 -0.0018647779124943958 0.024642106821067981 -0.024009842621922708 0.067132057649699747 0.0446974245398956 -0.011018799398301233 -0.016314357332389375 0.019485700626468025 -0.0045742066650180943 0.0080383502417970491 -0.013966613050372532 -0.012407863700953273 0.0024759020518154585 -0.00017202092724856265 0.04921132528305517 0.010732850126178591 0.044889257280975814 -0.036956248123066165 0.090961801216339372 0.070842199623027971 -0.055395151703027293 -0.010161361722525164
leaf_weight=731 11050 99 59 47 199 122 608 121 282 57 66 2777 55 71 61 86 93 131 66 78 171 91
leaf_count=731 11050 99 59 47 199 122 608 121 282 57 66 2777 55 71 61 86 93 131 66 78 171 91
internal_value=-0.000338434 -0.00024657 0.000811182 0.000283783 -0.000318183 0.000150306 -0.000288951 -0.000564231 -0.000638986 -0.00159783 0.000328124 -0.000451817 0.000561181 0.00215104 0.00344215 0.00207971 -0.000597011 -0.000663303 -0.000579675 0.000417274 -0.000346848 0.00103704
internal_weight=17121 16390 612 513 380 321 15778 4728 4607 731 123 3876 469 187 116 133 3407 3314 3183 406 328 157
internal_count=17121 16390 612 513 380 321 15778 4728 4607 731 123 3876 469 187 116 133 3407 3314 3183 406 328 157
is_linear=0
shrinkage=0.035


Tree=151
num_leaves=23
num_cat=0
split_feature=11 10 23 6 0 9 5 21 10 12 6 10 10 6 12 0 25 11 10 2 25 12
split_gain=2.62403 0.479351 0.343796 0.367387 0.475063 0.458546 0.438129 0.323772 0.3229 0.458402 0.930003 0.688632 0.570601 0.566875 0.494536 0.783805 0.568005 0.550962 0.781649 0.550179 0.448805 0.382146
threshold=0.4688072309384958 0.37796447300922675 63800.000000000007 6.9747745027976142 5.9323336949891461 6.9790904435902474 7.0056524229269748 3.5000000000000004 1.0690449676497 2.1689869328062064 3.0003581617680068 2.1491969707422425 1.7182493859684496 4.9547980748721674 2.0156931096332822 3.9805079009487661 499.50000000000006 1.5134459856552929 1.6035674514745473 2.9852237017189558 180.50000000000003 1.6804334650451358
decision_type=2 2 2 2 2 2 2 2 2 2 2 2 2 2 2 2 2 2 2 2 2 2
left_child=-1 -2 7 -4 -5 -6 -7 -3 20 10 14 12 21 -11 15 17 19 18 -10 -17 -9 -12
right_child=1 2 3 4 5 6 -8 8 9 13 11 -13 -14 -15 -16 16 -18 -19 -20 -21 -22 -23
leaf_value=-0.0090985775565665047 -0.015281766642589768 -0.00021559690991277867 -0.037505088815199851 -0.045140186444555738 -0.019588978546412627 0.064260805700714393 0.0077222168960381756 0.0060016773793335381 -0.0067064085539493539 -0.013906545714740202 0.016651180244302254 0.053407496877465876 -0.025154342248110192 -0.0049876814686685223 0.0095296671782989836 0.00039987204599587362 -0.012611214080449013 -0.025870959290852456 0.01738299335703351 0.013934364424795474 -0.012558107648184763 -0.002319740004698991
leaf_weight=624 119 11104 322 74 46 45 62 46 300 406 76 63 65 2402 95 60 72 291 55 54 683 58
leaf_count=624 119 11104 322 74 46 45 62 46 300 406 76 63 65 2402 95 60 72 291 55 54 683 58
internal_value=-0.000277312 -0.000191511 -0.00017389 -0.0010361 0 0.0011519 0.0024375 -0.000142565 -0.000385437 -0.000255373 0.000310719 0.0021367 0.000960783 -0.000501423 -0.00019528 -0.000489248 0.00144764 -0.00108065 -9.7223e-05 0.00297059 -0.00106812 0.00229137
internal_weight=17122 16498 16379 549 227 153 107 15830 4726 3997 1189 262 199 2808 927 832 186 646 355 114 729 134
internal_count=17122 16498 16379 549 227 153 107 15830 4726 3997 1189 262 199 2808 927 832 186 646 355 114 729 134
is_linear=0
shrinkage=0.035


Tree=152
num_leaves=23
num_cat=0
split_feature=8 16 22 3 3 27 0 9 20 20 21 20 21 20 20 1 9 0 2 4 6 4
split_gain=2.7478 0.373236 0.463677 0.561107 0.721861 0.400948 0.392308 0.563333 0.378962 1.11559 0.901449 0.78968 0.577109 0.5969 1.42268 0.56144 0.541503 0.521096 0.6397 0.687772 0.630753 0.724941
threshold=0.35299200622699706 1.0000000180025095e-35 24335.000000000004 14.999072958688698 2.9974617545665088 3.5000000000000004 7.9927388748624617 3.3234917194903333 6.5000000000000009 11.500000000000002 1.5000000000000002 18.500000000000004 4.5000000000000009 7.5000000000000009 8.5000000000000018 0.97613398113309346 1.7184794675355068 22.052447947677845 15.022525042907136 14.007413885646328 6.9747745027976142 9.9933189851049971
decision_type=2 2 2 2 2 2 2 2 2 2 2 2 2 2 2 2 2 2 2 2 2 2
left_child=-1 8 3 4 -3 6 7 -4 15 10 -10 -11 -12 -14 -15 -2 -17 18 -13 20 -20 -22
right_child=1 2 5 -5 -6 -7 -8 -9 9 11 12 17 13 14 -16 16 -18 -19 19 -21 21 -23
leaf_value=-0.0087801273420866806 0.0089941781311090301 0.013256772283018513 -0.0061476250868371073 -0.01718403628173867 0.07160372209157996 -0.033459974278104709 -0.0089417888347578713 0.067606502581273611 -0.01095534137342459 -0.011560125397285778 0.014914558020791016 -0.00083123966596425618 -0.043689646524309261 0.073645521331006825 -0.061099837164602162 -0.012888077232339722 -0.0093938739676726404 -0.025380124571575301 0.07497132751989885 0.002592208932832781 -0.036422493862409505 0.038356310389815275
leaf_weight=720 250 87 85 60 90 92 151 45 594 3396 1831 4939 108 114 118 341 3082 329 61 473 56 130
leaf_count=720 250 87 85 60 90 92 151 45 594 3396 1831 4939 108 114 118 341 3082 329 61 473 56 130
internal_value=-0.000278867 -0.000184615 0.000654471 0.00185124 0.00284615 -7.40749e-05 0.000538461 0.00194444 -0.000218267 -0.000122101 0.000492779 -0.000305305 0.000826745 -0.000456523 0.000487341 -0.000530996 -0.000651401 -6.01543e-05 1.60656e-05 0.000989654 0.00247222 0.0012644
internal_weight=17152 16432 610 237 177 373 281 130 15822 12149 2765 9384 2171 340 232 3673 3423 5988 5659 720 247 186
internal_count=17152 16432 610 237 177 373 281 130 15822 12149 2765 9384 2171 340 232 3673 3423 5988 5659 720 247 186
is_linear=0
shrinkage=0.035


Tree=153
num_leaves=23
num_cat=0
split_feature=8 23 27 1 24 1 10 9 23 11 20 10 10 7 8 6 24 11 21 2 27 20
split_gain=2.77292 0.424664 0.45763 0.447221 0.475216 0.743663 0.920735 0.641351 0.622329 0.606047 0.58917 0.49737 0.722447 0.503731 0.64952 0.534814 0.485358 0.979622 0.457978 0.455571 0.454565 0.538489
threshold=0.35299200622699706 22050.000000000004 3.5000000000000004 17.009731282911645 4472.0000000000009 2.8502329845143821 0.75592894601845484 6.5000046588728333 37400.000000000007 3.0377410037218238 27.500000000000004 2.0701966780270649 2.3704530408864106 1.3891258533528705 1.6441046834441899 2.982783402872585 3555.0000000000005 2.8220068609190014 2.5000000000000004 9.9933189851049971 2.5000000000000004 18.500000000000004
decision_type=2 2 2 2 2 2 2 2 2 2 2 2 2 2 2 2 2 2 2 2 2 2
left_child=-1 2 -2 4 7 6 -6 16 9 19 11 13 -13 15 -15 -8 17 -3 -16 -7 21 -10
right_child=1 3 -4 -5 5 8 10 -9 20 -11 -12 12 -14 14 18 -17 -18 -19 -20 -21 -22 -23
leaf_value=-0.008472822885113647 0.0017758963522567493 0.031943755121665758 -0.0073071881027332447 -0.025193568973711791 -0.021767305291244866 0.10158353247971766 0.012522704523960409 -0.050358137319742979 -0.0263529352608937 0.0036089970391081309 0.029662146426096079 0.040484017883686454 0.0053250174729867613 -0.023279439240986063 0.0035357197869575058 -0.0099223380832365975 -0.0057540583067763182 -0.036271769817814235 -0.011604316613736516 0.020850334228500585 -0.0043437069550995421 -0.00061226681708529296
leaf_weight=737 3888 233 1494 912 206 68 165 229 586 644 112 86 183 99 235 71 2107 84 232 47 4382 320
leaf_count=737 3888 233 1494 912 206 68 165 229 586 644 112 86 183 99 235 71 2107 84 232 47 4382 320
internal_value=-0.000319855 -0.000223823 2.79368e-05 -0.000348538 -0.00027878 -0.000132174 0.000592539 -0.000682093 -0.000301885 0.000623036 0.000978114 0.000696096 0.0019927 0.000229863 -0.00031261 0.00158299 -0.000502883 0.00073913 0.000207626 0.00291667 -0.00043841 -0.00115642
internal_weight=17120 16383 5382 11001 10089 7436 1389 2653 6047 759 1183 1071 269 802 566 236 2424 317 467 115 5288 906
internal_count=17120 16383 5382 11001 10089 7436 1389 2653 6047 759 1183 1071 269 802 566 236 2424 317 467 115 5288 906
is_linear=0
shrinkage=0.035


Tree=154
num_leaves=23
num_cat=0
split_feature=8 22 7 6 20 20 21 22 21 20 20 20 6 6 20 23 20 22 1 10 21 24
split_gain=2.71588 0.505993 0.627961 0.441684 0.438544 0.713579 1.22543 0.782529 0.74978 0.910422 0.740778 0.684804 0.723451 0.783589 0.638086 0.577933 0.450615 0.470746 0.457799 0.805751 0.51254 0.643289
threshold=0.35299200622699706 52360.000000000007 1.0023000964625202 2.982783402872585 6.5000000000000009 11.500000000000002 1.5000000000000002 31797.000000000004 4.5000000000000009 7.5000000000000009 8.5000000000000018 22.500000000000004 2.5378722717046256 6.006203158824877 30.500000000000004 42000.000000000007 3.5000000000000004 48992.500000000007 30.236721569975128 4.0355562548072959 1.5000000000000002 6315.0000000000009
decision_type=2 2 2 2 2 2 2 2 2 2 2 2 2 2 2 2 2 2 2 2 2 2
left_child=-1 4 3 -3 16 6 7 -6 -8 -10 -11 12 -7 15 -13 -14 17 18 19 20 -2 -22
right_child=1 2 -4 -5 5 11 8 -9 9 10 -12 14 13 -15 -16 -17 -18 -19 -20 -21 21 -23
leaf_value=-0.0081762740841346705 -0.031866956296608746 0.011037011290335292 -0.020321525949320261 -0.0074855192720925902 0.0010552178096075518 -0.01534661148838345 0.016698724108223123 -0.049647203587027226 -0.052338528131658908 0.051711532862293463 -0.040610607923139766 0.0017699816757439295 -0.0014862962981996664 -0.022961069539702225 -0.027885075609225152 0.0083642113805029034 -0.017607669128567996 0.075378982735403111 0.16886599918841466 -0.025322328908173 -0.0026419172920106636 0.019291107869628343
leaf_weight=757 299 128 901 72 338 1232 1761 237 125 115 106 3649 1563 1736 234 644 1768 62 57 335 676 332
leaf_count=757 299 128 901 72 338 1232 1761 237 125 115 106 3649 1563 1736 234 644 1768 62 57 335 676 332
internal_value=-0.000306854 -0.000210535 -0.00093671 0.000768292 -0.000156738 -5.21507e-05 0.00044678 -0.000965518 0.000841855 -0.000608263 0.000681415 -0.000201976 -0.000466217 -0.000228724 0.000145832 0.000202531 -0.000499152 -9.11673e-05 -0.000213616 -0.000333638 4.80175e-05 0.000438795
internal_weight=17127 16370 1101 200 15269 11740 2682 575 2107 346 221 9058 5175 3943 3883 2207 3529 1761 1699 1642 1307 1008
internal_count=17127 16370 1101 200 15269 11740 2682 575 2107 346 221 9058 5175 3943 3883 2207 3529 1761 1699 1642 1307 1008
is_linear=0
shrinkage=0.035


Tree=155
num_leaves=23
num_cat=0
split_feature=8 16 20 20 21 11 20 21 2 20 13 1 10 7 10 7 3 3 10 14 3 26
split_gain=2.96023 0.465296 0.522083 0.990529 0.704747 0.672885 0.610097 0.951794 0.585757 0.677348 0.906858 0.8356 0.879303 1.02916 0.511115 0.705841 0.521019 0.980482 0.650702 0.442539 0.470489 0.441352
threshold=0.35299200622699706 1.0000000180025095e-35 6.5000000000000009 11.500000000000002 1.5000000000000002 0.88178143959067323 2.5000000000000004 3.5000000000000004 2.3674042528342922 25.500000000000004 0.2678571428571429 3.048913353713417 1.1763113203252682 2.4047020061498245 1.5118578920369083 1.3891258533528705 3.6063547516383614 2.3744258531167257 1.8257418583505545 0.20714285714285716 1.2197726344077777 1.0000000180025095e-35
decision_type=2 2 2 2 2 2 2 2 2 2 2 2 2 2 2 2 2 2 2 2 2 2
left_child=-1 2 6 4 -4 -5 7 21 9 14 11 12 -11 -14 15 19 17 -16 -19 -7 -21 -2
right_child=1 -3 3 5 -6 8 -8 -9 -10 10 -12 -13 13 -15 16 -17 -18 18 -20 20 -22 -23
leaf_value=-0.007890104491189957 0.0046101354491999876 0.014532250552769379 -0.006623279452788588 -0.017140331076821246 0.0098353137570100727 0.016317794122886815 -0.01412325165025325 -0.012874753656839055 -0.0051801854736630258 0.0011499158782721961 -0.0070525194722694372 -0.0081798282841281534 0.037321436407250018 0.014665520649177534 0.0026175452947228102 -0.014419474702778367 -0.021152037229962267 0.025724063607180228 0.005021031241242784 -0.011150522430496843 0.011196696410293038 0.067499468652691283
leaf_weight=745 622 594 594 638 2165 56 2452 477 6517 135 203 102 74 80 254 629 262 46 48 242 86 123
leaf_count=745 622 594 594 638 2165 56 2452 477 6517 135 203 102 74 80 254 629 262 46 48 242 86 123
internal_value=-0.000228381 -0.000128872 -0.000166035 -5.36429e-05 0.000526772 -0.000226566 -0.000531803 9.41312e-05 -0.000143782 0.000343384 0.00134975 0.00233333 0.00328571 0.0050849 -1.71998e-05 -0.000508842 0.000768292 0.00165581 0.00463131 0.000638817 7.35728e-05 0.000886666
internal_weight=17144 16399 15805 12131 2759 9372 3674 1222 8734 2217 594 391 289 154 1623 1013 610 348 94 384 328 745
internal_count=17144 16399 15805 12131 2759 9372 3674 1222 8734 2217 594 391 289 154 1623 1013 610 348 94 384 328 745
is_linear=0
shrinkage=0.035


Tree=156
num_leaves=23
num_cat=0
split_feature=11 21 15 5 20 20 6 12 1 5 10 2 10 20 22 12 12 12 9 9 25 25
split_gain=2.4935 0.654464 0.52289 0.468986 0.590351 0.656879 1.37032 0.772651 0.559811 0.500327 0.460031 0.861262 0.499512 0.465562 0.503561 0.45138 0.433327 0.424065 0.692542 0.695445 0.417578 0.461401
threshold=0.4688072309384958 3.5000000000000004 0.75500000000000012 11.827380952380954 28.500000000000004 27.500000000000004 13.982558156555685 4.5275464909085619 2.1878139981818685 0.85977426310473903 2.1020600141174892 3.0003581617680068 1.6329931618554532 9.5000000000000018 39092.000000000007 0.69341176683614714 0.7425107699880612 7.0683528868058376 15.003401360544219 21.988816594774296 421.00000000000006 499.50000000000006
decision_type=2 2 2 2 2 2 2 2 2 2 2 2 2 2 2 2 2 2 2 2 2 2
left_child=-1 2 3 8 5 7 -7 -5 9 16 12 -12 13 14 -11 -15 -2 20 -19 -20 -10 -22
right_child=1 -3 -4 4 -6 6 -8 -9 17 10 11 -13 -14 15 -16 -17 -18 18 19 -21 21 -23
leaf_value=-0.0076139508339983101 0.0050031980194668686 -0.0068518338968642789 -0.011258329202190479 0.023744609708389517 -0.040051921450951877 -0.0075427577401727657 0.1576345027910824 0.001663717478854405 -0.010086509478931478 -0.0045702359520055991 0.016986101688725712 -0.00041862409464112104 -0.010653669326861348 -0.016410196924530218 0.015839064178699489 0.0066560191712072055 -0.010391822845680555 0.065887036120180792 -0.043758253582750178 0.06386425973216614 0.021953613897112111 -0.0039875015563083137
leaf_weight=647 164 4941 83 527 224 45 51 1423 3529 483 167 190 360 105 126 1355 476 78 130 86 464 1474
leaf_count=647 164 4941 83 527 224 45 51 1423 3529 483 167 190 360 105 126 1355 476 78 130 86 464 1474
internal_value=-0.000247797 -0.000162624 -1.66747e-05 2.44202e-06 0.000453845 0.000646757 0.00343069 0.000492327 -0.000107377 0.000243806 0.000450196 0.00162431 0.00026746 0.000482641 -0.000307818 0.000824231 -0.000624032 -0.000319286 0.00094816 -1.58379e-05 -0.000391448 1.26085e-05
internal_weight=17128 16481 11540 11457 2270 2046 96 1950 9187 3426 2786 357 2429 2069 609 1460 640 5761 294 216 5467 1938
internal_count=17128 16481 11540 11457 2270 2046 96 1950 9187 3426 2786 357 2429 2069 609 1460 640 5761 294 216 5467 1938
is_linear=0
shrinkage=0.035


Tree=157
num_leaves=23
num_cat=0
split_feature=8 20 20 0 2 20 20 4 6 11 10 24 11 4 10 22 22 8 8 2 12 7
split_gain=2.53865 0.580881 1.14258 0.765703 0.973292 0.567858 0.662388 0.643718 1.23794 0.635168 0.87914 0.779781 0.577166 0.54701 0.514928 0.555268 0.794035 0.779813 0.834638 0.779709 0.779102 1.17405
threshold=0.35299200622699706 6.5000000000000009 11.500000000000002 22.797540755617458 17.903471131289511 18.500000000000004 17.500000000000004 5.172349027628159 2.6610581430199187 1.6602380777659305 3.625307868699863 9795.0000000000018 1.8693596482500359 3.9929401464817613 0.89973541084243791 13885.000000000002 17236.500000000004 5.5726572161085075 6.5023426037081506 5.9978252760003432 1.5258141052854193 2.1288670841351203
decision_type=2 2 2 2 2 2 2 2 2 2 2 2 2 2 2 2 2 2 2 2 2 2
left_child=-1 -2 3 -3 -5 6 7 8 -4 -10 11 12 -11 -14 -7 20 -17 19 -19 -18 -16 -22
right_child=1 2 5 4 -6 14 -8 -9 9 10 -12 -13 13 -15 15 16 17 18 -20 -21 21 -23
leaf_value=-0.0073474625548083702 -0.0084750031268952357 0.003207522506338008 -0.016477717987761618 0.25989375249774349 0.029049034586438753 -0.010282042193614525 -0.027608746547145319 -0.024096523809274732 -0.002257863865251254 0.014328369706781439 -0.018930308732499301 0.034363912676235904 -0.018840989357700021 0.022868330183346438 -0.019266383262835193 -0.019413212499565586 0.0026423049333517265 -0.036048100101494646 -0.0025038185486703579 0.020107834196227074 0.056976703796631396 0.017857954818764111
leaf_weight=760 3804 2631 698 81 149 719 493 1392 385 84 150 90 85 153 117 549 1427 216 2127 157 49 839
leaf_count=760 3804 2631 698 81 149 719 493 1392 385 84 150 90 85 153 117 549 1427 216 2127 157 49 839
internal_value=-0.000291668 -0.000198476 -8.22492e-05 0.000530006 0.00245745 -0.000264254 -0.000618813 -0.000416503 4.24234e-05 0.000874999 0.00162346 0.00245923 0.00153058 0.000532921 -5.92273e-05 5.35901e-05 -0.000110133 6.05282e-05 -0.000339865 0.000662995 0.000797029 0.00116405
internal_weight=17155 16395 12591 2861 230 9730 3530 3037 1645 947 562 412 322 238 6200 5481 4476 3927 2343 1584 1005 888
internal_count=17155 16395 12591 2861 230 9730 3530 3037 1645 947 562 412 322 238 6200 5481 4476 3927 2343 1584 1005 888
is_linear=0
shrinkage=0.035


Tree=158
num_leaves=23
num_cat=0
split_feature=8 21 23 8 20 20 20 21 20 18 0 11 9 20 24 22 11 6 6 24 10 20
split_gain=3.17447 0.695546 0.625783 1.36182 0.503937 0.509702 1.13745 0.712247 0.507271 0.55048 0.43741 0.619351 1.06659 0.447052 0.848149 0.596642 0.865751 0.844549 0.422099 0.465141 0.432074 0.415243
threshold=0.35299200622699706 3.5000000000000004 63800.000000000007 5.5726572161085075 29.500000000000004 13.500000000000002 6.5000000000000009 4.5000000000000009 7.5000000000000009 1.0000000180025095e-35 1.9999246801866812 2.1658302437978505 2.7246111641241617 8.5000000000000018 9349.5000000000018 31797.000000000004 4.28644682384214 14.711070944525238 0.65027663668396063 1706.5000000000002 1.7728105208558389 2.5000000000000004
decision_type=2 2 2 2 2 2 2 2 2 2 2 2 2 2 2 2 2 2 2 2 2 2
left_child=-1 2 21 -4 5 6 -3 10 -9 -10 -8 12 -12 14 -13 16 -15 -18 -7 20 -20 -2
right_child=1 4 3 -5 -6 18 7 8 9 -11 11 13 -14 15 -16 -17 17 -19 19 -21 -22 -23
leaf_value=-0.0070903013653900743 0.01536988876771129 -0.01215556908786776 0.078537948045994746 -0.046688397780634633 0.017798080954829484 -0.019960013748807171 -0.0048478434944164272 -0.043378054600327919 0.046522559632423591 -0.050466516563464812 0.015567705564907525 0.0010695277945113851 0.049472431753980847 -0.012448829038457152 0.095060329053257925 -0.003444069223101455 0.08641304687791751 0.010973124328355103 0.0066162911563934449 -0.019284394961759779 -0.028588573343184719 -0.00021435390722698627
leaf_weight=749 754 1478 48 342 125 168 113 129 127 127 138 101 59 65 57 216 46 79 96 1718 46 10351
leaf_count=749 754 1478 48 342 125 168 113 129 127 127 138 101 59 65 57 216 46 79 96 1718 46 10351
internal_value=-0.000256726 -0.000153345 -3.04431e-06 -0.00137342 -0.000502862 -0.000563759 -0.000242702 0.000521394 -0.000703609 0.000148648 0.00107907 0.00138903 0.00308416 0.000744287 0.00229755 7.66415e-05 0.00152564 0.00323077 -0.000986474 -0.000816355 0.00102381 4.41036e-05
internal_weight=17132 16383 11495 390 4888 4763 2735 1257 383 254 874 761 197 564 158 406 190 125 2028 1860 142 11105
internal_count=17132 16383 11495 390 4888 4763 2735 1257 383 254 874 761 197 564 158 406 190 125 2028 1860 142 11105
is_linear=0
shrinkage=0.035


Tree=159
num_leaves=23
num_cat=0
split_feature=8 24 22 8 6 24 9 5 12 12 2 20 16 20 0 7 20 20 25 7 22 2
split_gain=2.92476 0.429572 0.499477 0.806255 0.583139 0.797626 3.29545 2.21578 0.841716 0.52498 0.739132 0.441064 0.806 0.537572 0.6295 0.644205 0.530625 0.520618 0.490793 1.03705 0.638215 0.440414
threshold=0.35299200622699706 9795.0000000000018 52360.000000000007 5.5726572161085075 26.068648301856552 11523.000000000002 13.559095523217161 10.698285975251887 4.8041526812563085 5.6731405593485951 19.556552062598733 5.5000000000000009 1.0000000180025095e-35 11.500000000000002 25.102403528914756 24.866107030220906 18.500000000000004 17.500000000000004 166.00000000000003 8.719938709218118 25082.000000000004 16.987659160272365
decision_type=2 2 2 2 2 2 2 2 2 2 2 2 2 2 2 2 2 2 2 2 2 2
left_child=-1 11 4 -4 5 6 7 -3 21 10 -8 12 18 14 -13 -16 17 -15 19 -2 -21 -7
right_child=1 2 3 -5 -6 8 9 -9 -10 -11 -12 13 -14 16 15 -17 -18 -19 -20 20 -22 -23
leaf_value=-0.0068421408176014241 0.058337728544495926 0.21162662960665601 0.064915588067382055 -0.018659168231986208 -0.037112045322104222 0.0029145834355950523 0.0066438017542820018 0.055746758206788614 -0.052901820119146348 -0.003160878016093356 0.096381983640080396 0.0012006316240942296 0.05510661620408986 -0.0071073061368786368 0.16105392055274251 -0.034130571067960101 -0.00064860264708199776 -0.023943254553854737 -0.012129435279078575 0.040336106308208421 -0.033089265957597619 -0.085960649159478611
leaf_weight=739 82 45 46 511 86 1414 291 46 197 564 66 2683 81 2402 84 57 4921 403 2107 87 135 47
leaf_count=739 82 45 46 511 86 1414 291 46 197 564 66 2683 81 2402 84 57 4921 403 2107 87 135 47
internal_value=-0.000269987 -0.00017115 0.000181434 -0.000759787 0.000379029 0.000477569 0.00124926 0.0074375 0 0.000582073 0.00162431 -0.000262092 -0.00068262 -0.000160825 0.000248674 0.00249315 -0.000312832 -0.00069751 -0.000805464 0.0004644 -0.00072467 0.000296043
internal_weight=17094 16355 3313 557 2756 2670 1012 91 1658 921 357 13042 2492 10550 2824 141 7726 2805 2411 304 222 1461
internal_count=17094 16355 3313 557 2756 2670 1012 91 1658 921 357 13042 2492 10550 2824 141 7726 2805 2411 304 222 1461
is_linear=0
shrinkage=0.035


Tree=160
num_leaves=23
num_cat=0
split_feature=11 10 17 18 20 25 20 0 20 20 14 20 27 10 11 12 10 5 5 0 2 1
split_gain=2.09772 0.457672 0.487429 0.721943 0.86291 0.600443 0.574507 0.65811 0.722461 1.55646 1.07769 0.687386 0.714253 0.61438 0.615743 0.60944 0.604321 0.528843 0.528247 0.534763 0.551831 1.09829
threshold=0.4688072309384958 0.42429768886763164 1.0000000180025095e-35 1.0000000180025095e-35 29.500000000000004 878.00000000000011 13.500000000000002 22.797540755617458 9.5000000000000018 10.500000000000002 1.0000000180025095e-35 12.500000000000002 3.5000000000000004 4.9485446134429711 7.1436648350354597 9.3253577680273683 3.78918340962462 16.535714285714288 1.4444546508177714 1.0010887194926981 4.0075510609739959 3.3322940657569697
decision_type=2 2 2 2 2 2 2 2 2 2 2 2 2 2 2 2 2 2 2 2 2 2
left_child=-1 -2 5 4 6 17 7 8 13 10 -10 -11 -13 16 -15 -8 18 -3 -4 -20 -21 -22
right_child=1 2 3 -5 -6 -7 15 -9 9 11 -12 12 -14 14 -16 -17 -18 -19 19 20 21 -23
leaf_value=-0.0066026658889853755 -0.010447413540716486 -0.0054076719556590087 -0.0096556133560750136 -0.033217658526498613 0.068787051806563762 0.0067616565754893094 -0.0043796690856141704 -0.041369794211454362 0.16478726971311397 -0.032455104886978052 0.022959577288432155 0.004101928793046601 0.018634322550095884 0.032974883844403953 -0.030571182552245037 0.12025717753189651 -0.038806368907748329 0.0068405393081246964 0.016220298602285473 -0.013296112950986502 0.040900340455615941 0.0032765766847095224
leaf_weight=620 224 9911 176 251 124 394 2194 168 67 103 45 165 62 138 57 59 130 1475 144 296 47 281
leaf_count=620 224 9911 176 251 124 394 2194 168 67 103 45 165 62 138 57 59 130 1475 144 296 47 281
internal_value=-0.000330066 -0.000253452 -0.000230298 7.60187e-05 0.000188101 -0.000348961 9.55998e-05 0.000549893 0.00076282 0.00198098 0.00547436 0.000679104 0.00178017 0.00031868 0.0021 -0.000275909 0 -0.000396674 0.000298735 0.000710866 0.000228139 0.00122973
internal_weight=17131 16511 16287 4507 4256 11780 4132 1879 1711 442 112 330 227 1269 195 2253 1074 11386 944 768 624 328
internal_count=17131 16511 16287 4507 4256 11780 4132 1879 1711 442 112 330 227 1269 195 2253 1074 11386 944 768 624 328
is_linear=0
shrinkage=0.035


Tree=161
num_leaves=23
num_cat=0
split_feature=8 17 25 23 5 5 1 3 20 24 16 3 8 10 10 10 22 6 5 10 3 3
split_gain=2.86508 0.742048 0.589935 0.705981 0.752599 0.88021 0.679169 0.448315 0.416313 0.398846 0.58535 0.507897 0.481082 0.401579 0.37618 0.476719 0.358538 0.581471 0.645602 0.519007 0.694823 0.659086
threshold=0.42696347511940796 1.0000000180025095e-35 831.00000000000011 42000.000000000007 17.961864802538603 15.945025446116915 1.0010887194926981 1.9815188507814125 27.500000000000004 3555.0000000000005 1.0000000180025095e-35 2.9974617545665088 24.24880952380953 8.2404345701402111 6.6739510446817381 1.9023794624226864 31797.000000000004 3.0003581617680068 9.0039695662631729 3.0937725468153898 6.4731991098435602 14.999072958688698
decision_type=2 2 2 2 2 2 2 2 2 2 2 2 2 2 2 2 2 2 2 2 2 2
left_child=8 9 3 16 5 6 7 -5 -1 10 -2 -12 -11 -14 15 -8 17 -3 19 -19 -21 -22
right_child=1 2 -4 4 -6 -7 14 -9 -10 12 11 -13 13 -15 -16 -17 -18 18 -20 20 21 -23
leaf_value=-0.0063715725828708911 -0.00051422366216404588 -0.006670044124981375 -0.0096563517968146096 0.017994414510132433 -0.031601521998127095 0.053318481391000476 -0.0012482400770509508 0.02852680279543161 -0.0063085433979411494 -0.0053500973890455656 -0.0080195821448236348 0.086931835541939034 0.20230464119925029 -0.002338001680572317 -0.067354262332208842 0.01521647041077424 -0.01018643955453497 0.0054940304090451142 -0.0015577203806292287 0.058435057802638676 -0.0248823087080399 0.071412643128076631
leaf_weight=791 3290 730 303 82 150 63 281 128 102 8232 47 73 45 45 60 590 469 601 791 89 64 87
leaf_count=791 3290 730 303 82 150 63 281 128 102 8232 47 73 45 45 60 590 469 601 791 89 64 87
internal_value=-0.000249037 -0.000141295 0.000239149 0.000350834 0.00100699 0.00130562 0.00105061 0.00284884 -0.00217483 -0.000288362 2.56214e-05 0.00238 -0.000419059 0.00202631 0.000613247 0.000815068 2.96183e-05 0.000211448 0.000583689 0.00125768 0.00264286 0.000987179
internal_weight=17113 16220 4488 4185 1354 1204 1141 210 893 11732 3410 120 8322 90 931 871 2831 2362 1632 841 240 151
internal_count=17113 16220 4488 4185 1354 1204 1141 210 893 11732 3410 120 8322 90 931 871 2831 2362 1632 841 240 151
is_linear=0
shrinkage=0.035


Tree=162
num_leaves=23
num_cat=0
split_feature=12 22 25 0 10 10 11 21 4 10 11 9 4 10 9 9 21 2 8 2 11 2
split_gain=2.65235 0.590007 0.557634 0.485188 0.423948 0.799493 0.984243 0.860304 0.641302 0.492805 0.493127 0.491744 0.475643 0.424685 0.385116 0.376582 0.357091 0.337022 0.537395 0.335125 0.331979 0.523772
threshold=0.67014369125706297 19263.000000000004 180.50000000000003 0.99502319985380738 1.6761634196950528 1.5118578920369083 1.6103213060362875 2.5000000000000004 4.1419333031218928 3.3594217189442319 2.7695360027141156 2.5714480930513881 5.9680479807034317 3.5440256554351488 3.0003052311965184 0.4287661851273204 2.5000000000000004 1.9999246801866812 3.1331506849560746 0.99502319985380738 9.6395182759771405 28.125319265124826
decision_type=2 2 2 2 2 2 2 2 2 2 2 2 2 2 2 2 2 2 2 2 2 2
left_child=1 3 4 19 5 7 -7 17 11 10 12 -9 -6 -11 -13 -5 -14 -2 -19 -1 -15 -22
right_child=2 -3 -4 15 9 6 -8 8 -10 13 -12 14 16 20 -16 -17 -18 18 -20 -21 21 -23
leaf_value=-0.0092761329788278706 0.0077716185992992926 -0.0061494499801974193 -0.0031440353210835967 0.0125291301505005 -0.0052828083898200512 0.040531929448552981 0.012324643493293371 0.045888270545390158 0.052418990298296435 0.061622591804928614 -0.024398147340895061 -0.026641607803126081 -0.0063263390628140927 0.00016271196098480463 0.0028043765787313193 -0.014706137969820818 0.014477505266800828 -0.012350745930708765 0.024543068424105013 0.0013490712719730323 0.097834695703858554 -0.022464581374986359
leaf_weight=260 92 555 13265 66 457 47 53 96 56 50 312 61 55 982 70 100 71 157 56 89 91 55
leaf_count=260 92 555 13265 66 457 47 53 96 56 50 312 61 55 982 70 100 71 157 56 89 91 55
internal_value=-0.000317438 -0.00200233 -0.000203263 -0.00107692 0.00024548 0.000994949 0.00383333 0.000454468 0.00184722 0 -0.000622223 0.000874999 0 0.000464496 -0.000411766 0.000388888 0.00184351 -0.000790323 -0.0015734 -0.00181921 0.000299646 0.00183113
internal_weight=17096 1070 16026 515 2761 688 100 588 283 2073 895 227 583 1178 131 166 126 305 213 349 1128 146
internal_count=17096 1070 16026 515 2761 688 100 588 283 2073 895 227 583 1178 131 166 126 305 213 349 1128 146
is_linear=0
shrinkage=0.035


Tree=163
num_leaves=23
num_cat=0
split_feature=8 20 16 22 9 12 7 10 12 14 2 22 0 9 5 10 5 9 22 7 0 9
split_gain=2.11006 0.542818 0.453907 0.418973 0.403507 0.492121 0.63356 0.578043 0.755434 0.81779 0.737293 0.399011 0.478149 0.684991 0.552825 0.48821 1.06148 0.454272 0.760835 0.961354 0.780363 0.477714
threshold=0.35299200622699706 30.500000000000004 1.0000000180025095e-35 34795.000000000007 1.7184794675355068 1.5054623232592033 1.3891258533528705 1.0564524048220496 1.4415368573177589 1.0000000180025095e-35 1.9217459220572952 13885.000000000002 20.017857142857146 25.375000000000004 17.961864802538603 4.9485446134429711 19.908514249778566 22.219210728402334 6498.5000000000009 20.289929968360216 14.999072958688698 20.551106820578845
decision_type=2 2 2 2 2 2 2 2 2 2 2 2 2 2 2 2 2 2 2 2 2 2
left_child=3 2 4 -1 -2 6 -6 -8 -9 -10 -11 12 13 17 -14 -16 -17 18 21 20 -20 -7
right_child=1 -3 -4 -5 5 11 7 8 9 10 -12 -13 14 -15 15 16 -18 -19 19 -21 -22 -23
leaf_value=-0.0057538702731334242 -0.0064099057386779543 -0.025712206940397237 0.012791902703212099 -0.0059333367931635001 0.010286884435777929 -0.00061634116454858305 -0.0033355313983674971 0.0006646192522887052 0.0085145691379371162 0.034235381515951596 -0.0040456960163074091 -0.004523893884919492 -0.027071363583989212 0.1352841750407065 -0.021901468874139629 0.067541303607905348 -0.00027582738441412035 -0.034424201757328882 0.21329462963807108 -0.036763328515335501 0.067052020177496494 0.069245279065349455
leaf_weight=263 2257 248 607 475 69 894 507 784 68 48 120 9376 263 78 186 62 310 191 58 80 109 52
leaf_count=263 2257 248 607 475 69 894 507 784 68 48 120 9376 263 78 186 62 310 191 58 80 109 52
internal_value=-0.000306839 -0.000222759 -0.00019623 -0.00213392 -0.000233906 -0.000158372 0.000413178 0.000246735 0.000734146 0.00245436 0.000950866 -0.000238255 0.000171328 0.000555896 -0.000491526 0.000105683 0.000863394 0.000355291 0.000619365 0.00233333 0.00382558 0.000143532
internal_weight=17105 16367 16119 738 15512 13255 1596 1527 1020 236 168 11659 2283 1462 821 558 372 1384 1193 247 167 946
internal_count=17105 16367 16119 738 15512 13255 1596 1527 1020 236 168 11659 2283 1462 821 558 372 1384 1193 247 167 946
is_linear=0
shrinkage=0.035


Tree=164
num_leaves=23
num_cat=0
split_feature=10 8 7 25 17 25 0 10 20 0 12 10 20 4 12 20 8 22 11 10 6 0
split_gain=2.6856 0.586269 0.6544 0.449983 0.442812 0.443311 0.578493 0.44754 0.617267 0.439282 0.80781 0.753445 0.434624 0.744087 0.428147 0.418257 0.782727 0.402557 0.789615 0.944023 0.516712 0.376349
threshold=0.42429768886763164 0.42696347511940796 0.28764931278260691 195.50000000000003 1.0000000180025095e-35 180.50000000000003 31.032336348011363 0.96921583719686422 23.500000000000004 18.049040346336252 6.0424626708126405 8.8061116617679662 12.500000000000002 1.9815188507814125 7.9592203268093682 8.5000000000000018 15.578296673993977 31960.500000000004 2.4581404538452269 1.5118578920369083 5.9680479807034317 22.797540755617458
decision_type=2 2 2 2 2 2 2 2 2 2 2 2 2 2 2 2 2 2 2 2 2 2
left_child=-1 3 -3 -2 5 6 7 -4 12 10 -6 15 17 -14 -15 -12 -17 18 19 -9 -19 -10
right_child=1 2 4 -5 9 -7 -8 8 21 -11 11 -13 13 14 -16 16 -18 20 -20 -21 -22 -23
leaf_value=-0.0057278760268753169 0.0084048264841669433 0.010377430399357145 0.0095946245187984013 -0.0080363164139171887 0.00055054982967824961 -0.0050736279158081843 0.1892601832742079 -0.012961163094486973 0.018980847862629501 -0.018288387728771501 0.10571693073420568 -0.032015009748549893 0.0035076289942246441 -0.031303135233030299 0.0062135045613597294 0.14903488253279959 0.0042587083974183673 -0.013315549637944814 -0.0024877374864875615 0.071006812132954025 0.015114591500855978 -0.056224377707483883
leaf_weight=658 82 84 98 296 3552 9635 68 45 350 600 46 73 62 463 81 50 111 245 335 84 90 48
leaf_count=658 82 84 98 296 3552 9635 68 45 350 600 46 73 62 463 81 50 111 245 335 84 90 48
internal_value=-0.00031021 -0.000221203 -0.000187753 -0.00158094 -0.000205318 -0.000319279 0.000152481 2.57075e-05 -9.29212e-05 8.9136e-05 0.000230778 0.00202631 -0.000446809 -0.00115139 -0.00158743 0.00310377 0.00198193 6.96509e-05 0.000753731 0.00302985 -0.00082353 0.00110298
internal_weight=17156 16498 16120 378 16036 11604 1969 1901 1803 4432 3832 280 1405 606 544 207 161 799 464 129 335 398
internal_count=17156 16498 16120 378 16036 11604 1969 1901 1803 4432 3832 280 1405 606 544 207 161 799 464 129 335 398
is_linear=0
shrinkage=0.035


Tree=165
num_leaves=23
num_cat=0
split_feature=9 10 20 21 20 21 20 21 20 0 2 20 9 11 6 1 11 25 25 11 25 21
split_gain=2.26718 0.467057 0.363808 0.784104 1.11687 1.1233 0.994724 1.02133 2.28323 0.985555 0.861516 0.835475 0.742551 0.673574 0.647719 1.09376 0.644603 0.578352 0.504787 0.539153 0.433712 0.315697
threshold=0.28576014119515097 0.48154242028987909 25.500000000000004 2.5000000000000004 27.500000000000004 1.5000000000000002 27.500000000000004 3.5000000000000004 28.500000000000004 6.9686127082414542 2.9852237017189558 29.500000000000004 2.79394321958477 1.9057460827371895 11.00884074265187 12.600843035355068 3.3131084965084701 233.00000000000003 324.00000000000006 1.8883680959850138 421.00000000000006 3.5000000000000004
decision_type=2 2 2 2 2 2 2 2 2 2 2 2 2 2 2 2 2 2 2 2 2 2
left_child=-1 -2 21 4 5 13 14 8 9 -8 -10 18 -7 -4 -5 -16 -15 -13 -9 -20 -6 -3
right_child=1 2 3 6 20 12 7 11 10 -11 -12 17 -14 16 15 -17 -18 -19 19 -21 -22 -23
leaf_value=-0.00552519434446214 -0.0092189365835693583 -0.00090184160209523957 0.0021684412884478417 -0.013956112156457158 -0.022884689208687751 0.014967856549510244 0.035214139055329725 -0.03506987303880179 0.028452121072497907 0.14684331962873873 3.2754709134362808e-05 0.11463415458299833 -0.04331471037667884 0.049537364781524242 0.039899904636288765 -0.028888881920199869 0.01963222531970998 0.00011502046053474779 0.026238038695551701 -0.049865505563241395 -0.004765992377381731 -0.0058061357665443363
leaf_weight=607 326 9345 102 322 476 91 61 146 107 57 259 58 159 74 69 103 76 67 45 58 271 4237
leaf_count=607 326 9345 102 322 476 91 61 146 107 57 259 58 159 74 69 103 76 67 45 58 271 4237
internal_value=-0.000261872 -0.000183118 -0.000155239 0.00022026 -0.000401915 0.000849112 0.000807295 0.00152897 0.00258384 0.0067439 0.00112264 0.000101582 -0.000754903 0.00249222 -0.000413828 0.00124576 0.00395161 0.00242308 -0.00101969 0.000712962 -0.00126596 -0.000228491
internal_weight=17116 16509 16183 2601 1249 502 1352 858 484 118 366 374 250 252 494 172 150 125 249 103 747 13582
internal_count=17116 16509 16183 2601 1249 502 1352 858 484 118 366 374 250 252 494 172 150 125 249 103 747 13582
is_linear=0
shrinkage=0.035


Tree=166
num_leaves=23
num_cat=0
split_feature=11 24 21 9 20 2 20 20 21 17 22 18 3 21 20 20 3 21 20 20 20 20
split_gain=2.09883 0.582716 0.509915 0.579603 0.566126 0.670037 0.54519 0.78642 1.22972 3.19822 0.868971 1.07934 0.817147 0.558417 0.788284 0.642593 1.52172 0.529268 2.06131 2.41501 2.15533 1.04096
threshold=0.63452932983050014 5252.0000000000009 3.5000000000000004 26.1445911420487 2.5000000000000004 5.9978252760003432 8.5000000000000018 10.500000000000002 1.5000000000000002 1.0000000180025095e-35 22034.500000000004 1.0000000180025095e-35 9.5210499713367636 2.5000000000000004 7.5000000000000009 6.5000000000000009 5.9978252760003432 2.5000000000000004 27.500000000000004 11.500000000000002 28.500000000000004 27.500000000000004
decision_type=2 2 2 2 2 2 2 2 2 2 2 2 2 2 2 2 2 2 2 2 2 2
left_child=1 -1 4 -4 5 -2 13 8 -8 -10 -11 12 -12 14 15 -6 -17 21 19 -19 -20 -9
right_child=2 -3 3 -5 6 -7 7 17 9 10 11 -13 -14 -15 -16 16 -18 18 20 -21 -22 -23
leaf_value=-0.0055791992854531246 0.0011151329883623861 -0.0053318125424059674 -0.0063814128485297269 0.14271507056394084 -0.001661476007712037 0.038431991360515186 -0.01437020283398327 -0.0012582209427489421 0.10934843738211088 -0.020219893741201429 0.033796434235078401 -0.044585397499262096 0.13970549603565796 -0.025785100667243689 -0.042568176101852033 6.0356157883760051e-05 0.23184381239017987 0.059219657248766801 0.10619568850695685 -0.008631201795396273 0.0098253873596128461 -0.018822275490082842
leaf_weight=502 508 521 4687 121 939 249 251 4265 129 138 100 80 53 743 252 179 64 123 120 1949 363 751
leaf_count=502 508 521 4687 121 939 249 251 4265 129 138 100 80 53 743 252 179 64 123 120 1949 363 751
internal_value=-0.000330097 -0.00186576 -0.000230662 -0.000533036 -9.97699e-05 0.000817584 -0.000167937 -3.65686e-05 0.00103704 0.00204455 0.000316489 0.00164706 0.00336709 -0.000660862 -0.000240793 0.000126789 0.00172177 -0.000145988 0.000259765 -0.000214011 0.00230943 -0.000356205
internal_weight=17087 1023 16064 4808 11256 757 10499 8322 751 500 371 233 153 2177 1434 1182 243 7571 2555 2072 483 5016
internal_count=17087 1023 16064 4808 11256 757 10499 8322 751 500 371 233 153 2177 1434 1182 243 7571 2555 2072 483 5016
is_linear=0
shrinkage=0.035


Tree=167
num_leaves=23
num_cat=0
split_feature=9 9 18 11 11 17 20 21 10 20 11 10 9 21 2 5 10 7 10 22 10 25
split_gain=2.97241 0.408849 0.532487 0.476484 0.513169 0.530538 0.441417 0.628576 0.558065 0.413205 0.634757 0.405593 0.554423 0.517616 0.493741 0.443983 0.445444 0.450744 0.407248 0.39855 0.391719 0.516835
threshold=0.35735346066116053 1.7184794675355068 1.0000000180025095e-35 1.0716117059605355 0.90621303993092428 1.0000000180025095e-35 18.500000000000004 2.5000000000000004 0.95118973121134298 9.5000000000000018 1.1336367440440467 6.198966626596718 26.501239154220524 4.5000000000000009 18.049040346336252 14.999072958688698 6.5246784266681539 17.154761904761909 0.70711369680452518 47334.500000000007 6.0198085715490324 233.00000000000003
decision_type=2 2 2 2 2 2 2 2 2 2 2 2 2 2 2 2 2 2 2 2 2 2
left_child=-1 2 3 4 -2 6 7 8 -6 -4 -11 13 14 18 15 19 -17 -18 -3 -13 -20 -22
right_child=1 11 9 -5 5 -7 -8 -9 -10 10 -12 12 -14 -15 -16 16 17 -19 20 -21 21 -23
leaf_value=-0.0051451991034217577 -0.0080295281210091395 -0.017465915459238705 -0.022534022315228039 -0.0080756411844107763 0.044077534928382955 0.018592035203263572 -0.020036972006247357 -0.0057684076852735711 0.00017322648334717119 0.0008190005054817364 0.034419599261138217 -0.031932025384523881 0.10768726497590404 -0.016676403428000319 -0.030033681364454522 -0.031935862889245541 0.070246503335382265 0.017730173319447751 0.0002850801122119794 0.0063916836509023489 0.19256342674584567 -0.014669711624790352
leaf_weight=789 852 277 76 783 46 123 130 84 55 98 47 262 127 841 832 48 62 268 11173 61 52 47
leaf_count=789 852 277 76 783 46 123 130 84 55 98 47 262 127 841 832 48 62 268 11173 61 52 47
internal_value=-0.000261 -0.000158206 -0.000592215 -0.000771416 -0.000337839 0.000608351 -0.000109376 0.000921052 0.00277358 0.00099115 0.0021 -8.59133e-05 -0.0005991 -1.55313e-05 -0.000791938 -7.93209e-05 0.000703655 0.00120149 4.42263e-05 -0.00104573 7.85218e-05 0.00222115
internal_weight=17133 16344 2294 2073 1290 438 315 185 101 221 145 14050 1660 12390 1533 701 378 330 11549 323 11272 99
internal_count=17133 16344 2294 2073 1290 438 315 185 101 221 145 14050 1660 12390 1533 701 378 330 11549 323 11272 99
is_linear=0
shrinkage=0.035


Tree=168
num_leaves=23
num_cat=0
split_feature=8 20 20 21 5 23 10 22 10 21 20 20 17 8 20 20 11 6 20 25 20 20
split_gain=2.75815 0.436383 0.413579 1.23863 0.402531 0.901272 0.646461 0.376022 0.407567 0.372074 0.779602 0.871841 0.721341 1.05802 0.912886 0.95749 0.684334 0.556471 0.439509 0.911051 0.73162 0.807124
threshold=0.35299200622699706 30.500000000000004 29.500000000000004 2.5000000000000004 14.007413885646328 51350.000000000007 1.6761634196950528 34795.000000000007 0.42429768886763164 3.5000000000000004 13.500000000000002 6.5000000000000009 1.0000000180025095e-35 11.677860927729853 7.5000000000000009 8.5000000000000018 1.8232322463624395 3.2043185905978562 2.5000000000000004 166.00000000000003 8.5000000000000018 10.500000000000002
decision_type=2 2 2 2 2 2 2 2 2 2 2 2 2 2 2 2 2 2 2 2 2 2
left_child=7 2 9 -4 5 6 -5 8 -1 18 11 -11 14 17 -13 16 -16 -14 19 -2 -20 -22
right_child=1 -3 3 4 -6 -7 -8 -9 -10 10 -12 12 13 -15 15 -17 -18 -19 20 -21 21 -23
leaf_value=-0.0052213977624683532 0.13211740566392124 -0.017589066016139483 -0.026857454467796662 0.01476578575753805 0.13391289897797284 0.081029036929922221 -0.010108920760448274 -0.0049651171348019975 0.0026986071936492243 -0.0093922124969432648 -0.015368705799882292 -0.041235882897278781 0.010959507275428645 -0.0358567616346833 -0.0067605515256215411 -0.00088655337592591756 0.10118487731434625 0.089903846503610163 -0.0082606075258376665 0.0050137464890881349 0.013104395067347507 -0.00068686830235688712
leaf_weight=164 76 253 129 55 72 53 68 485 114 1499 2014 130 95 83 78 623 178 70 2283 685 760 7157
leaf_count=164 76 253 129 55 72 53 68 485 114 1499 2014 130 95 83 78 623 178 70 2283 685 760 7157
internal_value=-0.000263385 -0.000165955 -0.000141843 0.000989528 0.00244862 0.00133425 -0.000218751 -0.0023151 -0.00115018 -0.000170374 -0.000428797 -3.92982e-05 0.000632329 0.00231028 0.000193293 0.000617646 0.00240038 0.00391176 -5.61745e-05 0.000749346 -0.000118325 3.88782e-05
internal_weight=17124 16361 16108 377 248 176 123 763 278 15731 4770 2756 1257 248 1009 879 256 165 10961 761 10200 7917
internal_count=17124 16361 16108 377 248 176 123 763 278 15731 4770 2756 1257 248 1009 879 256 165 10961 761 10200 7917
is_linear=0
shrinkage=0.035


Tree=169
num_leaves=23
num_cat=0
split_feature=10 15 9 15 22 12 12 4 21 4 22 7 9 20 1 4 10 9 20 9 20 22
split_gain=2.51074 0.451013 0.73548 1.14201 0.475945 0.520469 0.750058 1.02083 0.49327 0.465589 1.03234 1.09092 0.667099 0.433244 0.416106 1.08879 0.491382 0.455568 0.366132 0.61138 0.560985 0.701568
threshold=0.42429768886763164 0.37268518518518523 1.1086040571081874 0.31980519480519487 52360.000000000007 3.3870657989300579 4.4426565696908691 7.9732713418271493 3.5000000000000004 1.0000000180025095e-35 34795.000000000007 0.3958215675061168 0.57332179065277356 30.500000000000004 1.2197726344077777 3.5757562148682376 0.95118973121134298 26.1445911420487 2.5000000000000004 2.167562856332728 8.5000000000000018 4464.0000000000009
decision_type=2 2 2 2 2 2 2 2 2 2 2 2 2 2 2 2 2 2 2 2 2 2
left_child=-1 2 3 -2 8 -6 7 -7 13 10 11 -3 -12 18 15 16 -10 -16 19 -4 21 -20
right_child=1 9 4 -5 5 6 -8 -9 14 -11 12 -13 -14 -15 17 -17 -18 -19 20 -21 -22 -23
leaf_value=-0.0047935475077093776 -0.0097286885478149853 0.013420015239604193 -0.013697877755189136 0.016732615356681912 -0.016798350460410845 0.080367691724777604 -0.056392081100443907 -0.044361570056979577 0.0047290396622410667 -0.011658270249445728 -0.0073825311606543756 -0.0019460489905085024 0.021884404452114547 -0.028397801214821255 -0.0078072932700425672 0.0096398234022098839 -0.0060629593830338422 0.084665693251847293 0.018248164662131295 0.019359721277301883 0.0016052419151913698 -0.0079689673046727631
leaf_weight=661 90 106 68 125 699 76 60 64 52 551 162 391 49 218 3727 102 313 129 74 597 7046 1851
leaf_count=661 90 106 68 125 699 76 60 64 52 551 162 391 49 218 3727 102 313 129 74 597 7046 1851
internal_value=-0.000235015 -0.000149049 -9.51891e-05 0.00190909 -0.000125556 -0.000905974 0.00059756 0.00205172 -7.45319e-05 -0.000786393 -0.000161992 0.000683266 -0.0022037 6.07051e-05 -0.000386554 0.000578389 -0.000283785 -0.000508548 9.7655e-05 0.000888059 3.66525e-05 -0.000489638
internal_weight=17211 16550 15291 215 15076 899 200 140 14177 1259 708 497 211 9854 4323 467 365 3856 9636 665 8971 1925
internal_count=17211 16550 15291 215 15076 899 200 140 14177 1259 708 497 211 9854 4323 467 365 3856 9636 665 8971 1925
is_linear=0
shrinkage=0.035


Tree=170
num_leaves=23
num_cat=0
split_feature=8 17 22 8 25 25 20 9 25 6 22 20 7 0 5 10 1 9 6 25 23 10
split_gain=2.48271 0.381342 0.499573 0.632265 0.455251 0.429504 0.511267 0.620517 0.425426 0.465396 0.447494 0.448213 0.502841 0.700809 0.487331 0.416733 0.415481 0.581005 0.526958 0.452951 0.476471 0.626392
threshold=0.35299200622699706 1.0000000180025095e-35 52360.000000000007 0.93051100474656379 831.00000000000011 878.00000000000011 26.500000000000004 3.3578323788309925 180.50000000000003 0.96364657268580889 31960.500000000004 23.500000000000004 1.8571940231097155 1.769375620841543 5.9680479807034317 0.75592894601845484 20.503494464828545 23.21552486850624 23.937493722930562 807.00000000000011 42000.000000000007 1.4142135623730965
decision_type=2 2 2 2 2 2 2 2 2 2 2 2 2 2 2 2 2 2 2 2 2 2
left_child=-1 2 5 -4 15 8 7 -7 9 -2 -11 12 13 -12 -13 -3 19 -18 -19 20 -17 -22
right_child=1 4 3 -5 -6 6 -8 -9 -10 10 11 14 -14 -15 -16 16 17 18 -20 -21 21 -23
leaf_value=-0.0046235638723140984 0.01417592887797201 -0.0097554853191494702 0.012528144912417036 -0.016247969434811303 -0.0074671769253263024 0.01718084381926939 -0.027427892581736252 -0.037740012921009383 -0.0045575000978083091 0.0081183621076266373 -0.018750875332278406 -0.0045231385571106687 -0.016070245757601621 0.042797202709869878 0.035280798832757816 0.00015280003095266819 -0.036632799495301342 0.1039767702718921 -0.033542731362174935 0.052655015547940234 0.022250030798554116 0.0053110084005713026
leaf_weight=745 65 318 75 731 312 297 49 65 8673 1191 47 120 500 45 48 2208 244 48 79 124 241 1002
leaf_count=745 65 318 75 731 312 297 49 65 8673 1191 47 120 500 45 48 2208 244 48 79 124 241 1002
internal_value=-0.000268513 -0.000177686 -0.000282387 -0.00112639 9.09182e-05 -0.000219046 0.000874999 0.00136376 -0.000263139 0.000188767 7.87313e-05 -0.000571896 -0.00103769 0.00119072 0.000950866 0.000189388 0.000291444 -0.000800533 0.00100757 0.000410614 0.000328124 0.000874999
internal_weight=17227 16482 11906 806 4576 11100 411 362 10689 2016 1951 760 592 92 168 4264 3946 371 127 3575 3451 1243
internal_count=17227 16482 11906 806 4576 11100 411 362 10689 2016 1951 760 592 92 168 4264 3946 371 127 3575 3451 1243
is_linear=0
shrinkage=0.035


Tree=171
num_leaves=23
num_cat=0
split_feature=9 22 16 21 1 20 12 25 6 12 11 0 21 20 20 20 2 20 20 22 20 25
split_gain=2.43556 0.555798 0.421919 0.485209 0.403275 0.554104 0.702413 0.823087 0.480902 0.558124 0.441736 0.390192 0.387493 1.62519 1.78497 0.961791 0.714748 0.696737 5.1962 0.876362 0.812938 0.536539
threshold=0.53708791208791218 34795.000000000007 1.0000000180025095e-35 3.5000000000000004 1.0010887194926981 6.5000000000000009 1.3467618719166388 294.00000000000006 2.1062039930441485 1.5482555791841495 1.8125789272193893 2.9974617545665088 2.5000000000000004 27.500000000000004 28.500000000000004 27.500000000000004 5.5131578947368434 9.5000000000000018 11.500000000000002 17236.500000000004 2.5000000000000004 455.50000000000006
decision_type=2 2 2 2 2 2 2 2 2 2 2 2 2 2 2 2 2 2 2 2 2 2
left_child=1 -1 3 12 5 -5 -7 10 -6 -10 -8 -11 15 17 -15 -2 -16 20 19 -19 -14 -21
right_child=2 -3 -4 4 8 6 7 -9 9 11 -12 -13 13 14 16 -17 -18 18 -20 21 -22 -23
leaf_value=-0.0046716405999056342 -0.00047299819160895453 -0.0044617391367831084 0.013331684139198103 -0.011802833055771352 -0.012721020540503825 -0.0066976152089519335 0.0084066458814767066 0.02702567321531826 0.0076412341242727095 -0.026878831942513295 -0.018977007876673314 -0.0072427666627036856 0.01715194308744588 0.092516844258351272 0.019783554309618537 -0.015783275095763903 -0.0090125838145089666 0.019385478009424559 -0.0054925693665337097 0.091144823344817175 -0.024816896766895521 0.063256500321678441
leaf_weight=650 6409 529 612 172 683 198 61 161 198 238 55 2781 247 125 180 728 190 63 1862 115 836 60
leaf_count=650 6409 529 612 172 683 198 61 161 198 238 55 2781 247 125 180 728 190 63 1862 115 836 60
internal_value=-0.000252536 -0.00178547 -0.000137775 -0.000174693 -0.000478252 0.000311349 0.000947916 0.00208511 -0.000613957 -0.000425823 -2.89264e-05 -0.000548612 -4.52873e-05 0.000244229 0.0021 -0.000197004 0.000793333 -4.17198e-05 0.000324227 0.00514197 -0.000765626 0.00641667
internal_weight=17153 1179 15974 15362 4547 647 475 277 3900 3217 116 3019 10815 3678 495 7137 370 3183 2100 238 1083 175
internal_count=17153 1179 15974 15362 4547 647 475 277 3900 3217 116 3019 10815 3678 495 7137 370 3183 2100 238 1083 175
is_linear=0
shrinkage=0.035


Tree=172
num_leaves=23
num_cat=0
split_feature=12 22 0 16 8 8 9 9 1 12 22 11 0 20 7 11 2 1 0 10 11 7
split_gain=2.24589 0.684548 0.555075 0.38005 0.442189 0.405042 1.51564 1.39661 0.676072 0.571264 0.755166 0.514252 0.5087 0.489558 0.750472 0.600094 0.613329 0.541887 1.12359 0.537893 0.74454 0.990304
threshold=0.67014369125706297 19263.000000000004 0.99502319985380738 1.0000000180025095e-35 29.964285714285719 5.7074308839208543 4.438070263070264 6.9790904435902474 2.5428908052368997 2.1488892171828846 34795.000000000007 2.7063214561791864 4.2628571428571442 23.500000000000004 7.2898096838443935 2.4581404538452269 7.1165179051553791 4.5357142857142865 5.9323336949891461 2.3494550495615698 4.1369863056542906 8.2793986829086421
decision_type=2 2 2 2 2 2 2 2 2 2 2 2 2 2 2 2 2 2 2 2 2 2
left_child=1 2 -1 4 5 6 -2 -7 -8 -10 11 12 -11 15 -15 16 -9 18 -17 -16 21 -21
right_child=3 -3 -4 -5 -6 7 8 13 9 10 -12 -13 -14 14 19 17 -18 -19 -20 20 -22 -23
leaf_value=-0.005280943192656028 -0.0011817990136970052 -0.0043055782669956981 0.0041412840199743714 0.012947419129799242 0.13065343076869007 -0.039705281325356202 0.067407172678497426 -0.056858723051070391 -0.045256511317991466 0.057841745273755671 -0.020768421003887448 -0.0018637376406185683 0.034964139949700677 0.035132786548969119 -0.030707169557354138 -0.038457925136641188 -0.0060255427818796869 -0.0070667044067038625 0.049014563232382409 -0.04332782794154752 -0.0091313944948813123 0.033329206420162842
leaf_weight=371 6730 558 170 590 57 795 49 188 46 55 139 63 184 202 152 60 145 5149 158 78 746 466
leaf_count=371 6730 558 170 590 57 795 49 188 46 55 139 63 184 202 152 60 145 5149 158 78 746 466
internal_value=-0.000290919 -0.00181975 -0.000871796 -0.000184624 -0.000218822 -0.000231669 -3.89913e-05 -0.000401401 0.00174029 0.00126626 0.00167937 0.00265635 0.00338525 -0.000247177 0.000278046 -0.000401841 -0.0018432 -0.000307521 0.00136547 0 0.000229729 0.00121767
internal_weight=17151 1099 541 16052 15462 15405 7266 8139 536 487 441 302 239 7344 1644 5700 333 5367 218 1442 1290 544
internal_count=17151 1099 541 16052 15462 15405 7266 8139 536 487 441 302 239 7344 1644 5700 333 5367 218 1442 1290 544
is_linear=0
shrinkage=0.035


Tree=173
num_leaves=23
num_cat=0
split_feature=10 11 10 9 11 11 9 5 5 22 10 15 3 21 3 12 10 20 3 0 10 20
split_gain=2.28596 0.48756 0.585947 0.44703 0.43486 1.10774 0.74279 0.56323 0.547475 0.415209 0.406255 0.401186 0.378265 0.609475 0.489865 1.17905 0.590717 0.458115 0.459274 0.489656 0.38956 0.363467
threshold=0.42429768886763164 0.4688072309384958 0.4879500364742671 0.57332179065277356 1.9057460827371895 1.8232322463624395 2.3334151686354567 2.4260456986287315 1.9999246801866812 28242.500000000004 1.3688469460864681 0.60357142857142865 26.068648301856552 4.5000000000000009 20.946428571428573 4.3966711831795022 4.9485446134429711 22.500000000000004 3.3306803804457639 7.9927388748624617 2.3494550495615698 22.500000000000004
decision_type=2 2 2 2 2 2 2 2 2 2 2 2 2 2 2 2 2 2 2 2 2 2
left_child=-1 9 11 -4 5 -5 -7 -6 -8 -2 -10 -3 14 -14 17 -16 -17 -9 19 20 -19 -12
right_child=1 2 3 4 7 6 8 12 10 -11 21 -13 13 -15 15 16 -18 18 -20 -21 -22 -23
leaf_value=-0.005117731082752687 -0.0032323336149192947 0.006246160179684962 -0.0086146186055288537 1.0118483798720619e-05 -0.013896868617231977 -0.022060071190982283 0.033016353767782322 -0.0059063246627968176 0.031099318718369778 -0.0039856792077238527 0.024265628783004277 0.017687727169403821 -0.024364618991040202 0.080993958324940066 0.15978250548610065 -0.022065834418061172 0.014966512040909208 0.015833934166686704 0.0020314349106405004 0.05975710459844441 -0.012502160899883187 -0.00954592103071541
leaf_weight=663 78 100 494 5124 661 58 54 6063 46 113 138 47 523 57 59 305 506 95 1836 45 59 46
leaf_count=663 78 100 494 5124 661 58 54 6063 46 113 138 47 523 57 59 305 506 95 1836 45 59 46
internal_value=-0.000233334 -0.000150921 -0.000128884 -0.00015018 -0.000116072 0.000133704 0.00204755 -0.000251518 0.00279758 -0.00189286 0.0018617 0.00202631 -0.000180625 -0.00104701 -0.000122089 0.000659999 0.000274509 -0.000208627 0.000240195 0.00181863 0.000682389 0.000944444
internal_weight=17170 16507 16316 16169 15675 5466 342 10209 284 191 230 147 9548 580 8968 870 811 8098 2035 199 154 184
internal_count=17170 16507 16316 16169 15675 5466 342 10209 284 191 230 147 9548 580 8968 870 811 8098 2035 199 154 184
is_linear=0
shrinkage=0.035


Tree=174
num_leaves=23
num_cat=0
split_feature=8 22 0 20 22 8 9 8 8 7 9 24 8 9 0 9 3 22 24 20 7 3
split_gain=2.14944 0.493805 0.458502 0.387231 0.351638 0.505319 0.369774 0.432308 1.02282 0.74437 0.865308 0.791671 0.698924 1.35247 0.579304 0.490129 0.54127 0.520037 0.491767 0.484421 0.464878 0.414906
threshold=0.35299200622699706 34795.000000000007 0.81382618917810345 30.500000000000004 52360.000000000007 0.79285714285714304 1.0641324483029539 5.7074308839208543 7.0714378891742369 6.9974489795918382 10.157334819439784 5252.0000000000009 10.142949051805648 10.617849299999756 7.8750000000000009 4.438070263070264 3.9853480954257141 33201.500000000007 4472.0000000000009 1.5000000000000002 8.5703912678374952 7.3463985739894344
decision_type=2 2 2 2 2 2 2 2 2 2 2 2 2 2 2 2 2 2 2 2 2 2
left_child=1 2 -1 4 6 -6 -2 15 -9 11 19 -10 13 -12 -13 -8 -17 18 -18 -11 -21 -14
right_child=3 -3 -4 -5 5 -7 7 8 9 10 12 14 21 -15 -16 16 17 -19 -20 20 -22 -23
leaf_value=-0.0041558051141038239 -0.011364435619683508 -0.0039757624397545105 0.0094592414086024368 -0.01762948423701079 0.01354186998236568 -0.011138645091900512 0.00019584811396317927 -0.028334396996631067 -0.012833526846600472 0.017384644821015992 0.040304481128098035 0.030517389070093538 -0.030156549989808292 -0.0045666669287140783 0.09033117479520264 0.057522038798313982 0.016677827969312244 -0.024642926959550813 0.10965717430133093 -0.0087387523389470794 -0.021448036529511799 0.0016270615795657278
leaf_weight=224 986 465 45 261 56 1021 5771 755 105 58 82 128 476 107 49 88 224 119 47 730 903 4456
leaf_count=224 986 465 45 261 56 1021 5771 755 105 58 82 128 476 107 49 88 224 119 47 730 903 4456
internal_value=-0.000277578 -0.00212652 -0.000817519 -0.00019325 -0.000170173 -0.00078281 -0.000125026 -7.76793e-05 -0.000251338 -0.000117834 -0.000193561 0.00162195 3.00421e-05 0.00209278 0.00303846 0.000137671 0.00121014 0.000575949 0.00144565 -0.000879128 -0.001 -4.74993e-05
internal_weight=17156 734 269 16422 16161 1077 15084 14098 7849 7094 6812 282 5121 189 177 6249 478 390 271 1691 1633 4932
internal_count=17156 734 269 16422 16161 1077 15084 14098 7849 7094 6812 282 5121 189 177 6249 478 390 271 1691 1633 4932
is_linear=0
shrinkage=0.035


Tree=175
num_leaves=23
num_cat=0
split_feature=8 21 20 1 20 6 21 20 20 21 17 10 22 18 12 7 21 20 23 5 1 9
split_gain=2.11364 0.452748 0.464176 1.0808 0.752539 0.91 0.741586 0.586926 0.654224 1.2749 2.8968 0.594986 0.540891 0.474788 0.665835 0.673502 0.45691 0.582383 0.597483 0.798929 0.770494 0.532413
threshold=0.35299200622699706 3.5000000000000004 2.5000000000000004 5.9323336949891461 1.5000000000000002 9.647624358691349 2.5000000000000004 8.5000000000000018 10.500000000000002 1.5000000000000002 1.0000000180025095e-35 2.4299715851758266 3735.5000000000005 1.0000000180025095e-35 1.6909314353100842 2.2559321211907233 2.5000000000000004 7.5000000000000009 42000.000000000007 11.827380952380954 1.9999246801866812 24.339285714285719
decision_type=2 2 2 2 2 2 2 2 2 2 2 2 2 2 2 2 2 2 2 2 2 2
left_child=-1 2 3 13 6 -6 -5 12 9 -9 11 -11 -4 14 15 -2 17 18 21 20 -20 -14
right_child=1 -3 7 4 5 -7 -8 8 -10 10 -12 -13 16 -15 -16 -17 -18 -19 19 -21 -22 -23
leaf_value=-0.0038366107543631026 -0.0074717455874406345 -0.0049317062561964088 0.015384100797264152 -0.022899342278096733 0.10982635315223319 0.037113795408382604 0.073457891561744579 -0.018210322841152191 -0.0010159044861037473 0.027629103689915391 0.00185261748820108 0.198466690209881 -0.0088347389099699639 0.15242176190230527 -0.020863181709160482 0.025223926249570577 -0.0285876540105559 -0.036310572470798295 0.021177747186252423 0.25350846912815794 -0.0014534690227313658 0.19346586092758231
leaf_weight=732 124 4905 76 70 45 70 61 248 7691 66 373 58 741 133 204 45 735 240 56 54 313 45
leaf_count=732 124 4905 76 70 45 70 61 248 7691 66 373 58 741 133 204 45 735 240 56 54 313 45
internal_value=-0.000286718 -0.000202837 -8.03728e-05 0.000753632 0.00263546 0.00466667 0.000617646 -0.000140969 -4.5619e-06 0.000979999 0.00200797 0.00653876 -0.000641281 -0.000143836 -0.000814816 0.000724137 -0.000749887 -0.000370702 -4.03633e-05 0.000997663 0.000336898 -0.000623895
internal_weight=17085 16353 11448 752 246 115 131 10696 8436 745 497 124 2260 506 373 169 2184 1449 1209 423 369 786
internal_count=17085 16353 11448 752 246 115 131 10696 8436 745 497 124 2260 506 373 169 2184 1449 1209 423 369 786
is_linear=0
shrinkage=0.035


Tree=176
num_leaves=23
num_cat=0
split_feature=8 20 20 21 21 20 20 25 3 2 11 6 6 20 4 22 24 2 20 8 8 9
split_gain=2.37132 0.388688 1.09917 0.89242 0.910323 0.628334 0.701441 0.60337 0.595342 0.49253 0.786534 0.565342 0.667402 0.488236 0.479117 0.478866 0.626819 0.981638 0.471583 0.488314 1.11624 0.914905
threshold=0.35299200622699706 6.5000000000000009 11.500000000000002 1.5000000000000002 4.5000000000000009 7.5000000000000009 8.5000000000000018 233.00000000000003 27.944847149584415 3.0003581617680068 0.90621303993092428 0.96364657268580889 4.0075510609739959 25.500000000000004 3.9929401464817613 13885.000000000002 8654.0000000000018 2.0698635556870548 18.500000000000004 5.5726572161085075 6.5751331838971661 3.8693356326414681
decision_type=2 2 2 2 2 2 2 2 2 2 2 2 2 2 2 2 2 2 2 2 2 2
left_child=-1 15 3 -3 7 -6 14 8 -5 10 -4 -11 -13 -12 -7 -2 -17 -18 -14 21 -21 -20
right_child=1 2 9 4 5 6 -8 -9 -10 11 13 12 18 -15 -16 16 17 -19 19 20 -22 -23
leaf_value=-0.0037023293779603964 0.0055734499243223585 -0.0066990220254144455 -0.011321553809395153 0.031321726612084433 -0.057833767881215192 -0.0014136629092730609 -0.048588220748860454 0.0070816642430599564 -0.023596586812884502 0.024485612627397336 0.00057935131471726731 -0.020608016525768772 -0.017241084765587927 0.0061124769803191899 0.088531596107082 -0.011432162957316968 0.014073306229674591 -0.005147946555494198 -0.0045065099547300742 -0.040981255681513042 -0.00022211235227247739 0.022308659686949974
leaf_weight=733 714 633 689 752 122 50 131 1080 48 55 2265 811 1843 843 83 2027 91 942 128 186 2750 132
leaf_count=733 714 633 689 752 122 50 131 1080 48 55 2265 811 1843 843 83 2027 91 942 128 186 2750 132
internal_value=-0.00022968 -0.000141026 -4.609e-05 0.000549586 0.000876926 -0.000635551 0.000273233 0.00119761 0.00193478 -0.000226075 8.10092e-05 -0.000426397 -0.00046328 0.000322678 0.00207971 -0.000452898 -0.000645188 4.04616e-05 -0.00030809 -4.48306e-05 -0.000179702 0.00138679
internal_weight=17108 16375 12601 2899 2266 386 264 1880 800 9702 3797 5905 5850 3108 133 3774 3060 1033 5039 3196 2936 260
internal_count=17108 16375 12601 2899 2266 386 264 1880 800 9702 3797 5905 5850 3108 133 3774 3060 1033 5039 3196 2936 260
is_linear=0
shrinkage=0.035


Tree=177
num_leaves=23
num_cat=0
split_feature=8 21 20 7 8 20 20 20 8 9 3 25 9 15 20 20 20 0 6 12 9 21
split_gain=2.96714 0.433528 0.468078 1.14795 0.637244 0.542652 0.703953 0.493096 0.409909 1.2232 0.741637 0.561811 0.495468 0.734719 0.421746 0.480352 0.478296 0.76103 0.655506 1.15583 0.996172 0.650669
threshold=0.35299200622699706 4.5000000000000009 4.5000000000000009 8.9986595234537141 10.929785204158586 7.5000000000000009 8.5000000000000018 2.5000000000000004 5.7074308839208543 6.9790904435902474 2.6536137363740666 166.00000000000003 1.0014611999653302 0.31980519480519487 4.5000000000000009 3.5000000000000004 11.500000000000002 14.007413885646328 13.982558156555685 3.8526943538349774 21.357905112267982 3.5000000000000004
decision_type=2 2 2 2 2 2 2 2 2 2 2 2 2 2 2 2 2 2 2 2 2 2
left_child=-1 8 3 -3 -5 -4 -7 -6 10 -10 -2 -12 -13 -14 15 -11 21 18 -18 -20 -21 -16
right_child=1 2 5 4 7 6 -8 -9 9 14 11 12 13 -15 16 -17 17 -19 19 20 -22 -23
leaf_value=-0.0035727478497317848 -0.0016389175592628937 -0.017170083767247608 -0.03233795162005277 0.043973788346322012 -0.054225771097945075 0.043552848993913262 -0.043662812932219928 0.080201778143780239 -0.024692979943487299 -0.0045435029235915648 0.079955714024953412 -0.021702132282182981 0.0017547030225835492 0.021362729025376934 0.0017546452388374541 -0.07102213465819178 -0.0035775758310994782 -0.016209811005569254 0.034360651211951067 -0.0081652650947643107 0.11921418900178271 0.039011399745666954
leaf_weight=737 4331 294 372 51 72 114 127 75 795 677 57 77 2881 58 1225 235 2142 1911 87 378 49 430
leaf_count=737 4331 294 372 51 72 114 127 75 795 677 57 77 2881 58 1225 235 2142 1911 87 378 49 430
internal_value=-0.000248546 -0.000149639 -0.000819821 0 0.00201724 -0.00146117 -8.53667e-05 0.000644736 -9.99487e-05 -0.000275272 8.55033e-05 0.000502598 0.000427507 0.000506453 -0.000126979 -0.000828245 -2.07974e-05 -0.000208225 0.000169672 0.00128805 0.000469907 0.000484939
internal_weight=17175 16438 1105 492 198 613 241 147 15333 7929 7404 3073 3016 2939 7134 912 6222 4567 2656 514 427 1655
internal_count=17175 16438 1105 492 198 613 241 147 15333 7929 7404 3073 3016 2939 7134 912 6222 4567 2656 514 427 1655
is_linear=0
shrinkage=0.035


Tree=178
num_leaves=23
num_cat=0
split_feature=10 8 23 14 7 4 15 15 11 8 8 4 8 13 10 20 15 2 25 7 23 1
split_gain=2.44452 0.469566 0.538538 0.495069 0.408074 0.609978 0.388238 0.868888 1.36147 0.522841 0.425292 1.01688 0.930744 0.501593 0.913609 1.48862 0.501109 0.572964 0.665798 0.61951 0.499773 0.691565
threshold=0.42429768886763164 0.35299200622699706 40250.000000000007 0.78174603174603186 0.3958215675061168 0.58874036821468489 0.37268518518518523 0.31980519480519487 1.0716117059605355 1.0741758241758244 5.7074308839208543 3.5757562148682376 7.0714378891742369 0.41428571428571431 1.573591584938888 16.500000000000004 0.039230769230769243 2.1428136715447521 171.00000000000003 3.0002456206287342 27800.000000000004 2.8502329845143821
decision_type=2 2 2 2 2 2 2 2 2 2 2 2 2 2 2 2 2 2 2 2 2 2
left_child=-1 2 3 -2 5 -3 7 9 -9 -6 11 13 -12 16 15 -15 -11 18 -18 -20 -13 -22
right_child=1 4 -4 -5 6 -7 -8 8 -10 10 12 20 -14 14 -16 -17 17 -19 19 -21 21 -23
leaf_value=-0.0034477016749911707 -0.0071567030582656548 0.014430046397088756 -0.0042443060937477272 0.012650631518235318 -0.018525197420683048 -0.0075697661317281478 -0.0097247001091303031 0.017353808172404516 -0.0081741346096287255 0.0023817457756251702 -0.021447121714109459 0.0094134795779022441 -0.0024300989533957373 0.029092542386276309 -0.031913247375904036 0.00022095152551084937 0.011196296166740574 -0.0099562652534494703 -0.0043483359220819725 0.020257810016300976 0.0032668433058050191 -0.0050795471541083079
leaf_weight=653 58 64 160 52 121 63 859 141 121 1264 966 972 7484 53 60 87 197 1030 1340 118 552 694
leaf_count=653 58 64 160 52 121 63 859 141 121 1264 966 972 7484 53 60 87 197 1030 1340 118 552 694
internal_value=-0.000236006 -0.000151176 -0.00159091 0.000152173 -0.000125595 0.00180303 -0.000142493 -0.000100132 0.00187453 -0.000136553 -0.000116179 9.77707e-05 -0.000279421 -0.000222437 0.00145122 0.00301724 -0.000313354 -0.000585503 -0.000168676 -0.0004378 0.000703778 0.000221022
internal_weight=17109 16456 270 110 16186 127 16059 15200 262 14938 14817 6367 8450 4149 200 140 3949 2685 1655 1458 2218 1246
internal_count=17109 16456 270 110 16186 127 16059 15200 262 14938 14817 6367 8450 4149 200 140 3949 2685 1655 1458 2218 1246
is_linear=0
shrinkage=0.035


Tree=179
num_leaves=23
num_cat=0
split_feature=8 20 12 8 9 3 20 8 24 12 7 8 22 20 20 2 22 1 9 5 8 22
split_gain=2.65138 0.618978 0.538182 0.471792 0.916221 0.761587 0.732496 0.714596 0.583253 0.525391 0.525058 0.524997 0.633498 0.569586 0.507118 0.500272 0.480149 0.761168 0.569362 0.455989 0.525372 0.453022
threshold=0.42696347511940796 27.500000000000004 0.47737976031977752 5.7074308839208543 4.438070263070264 3.9853480954257141 20.500000000000004 8.7841199852211975 4472.0000000000009 2.5451381627577256 9.0000186354913314 10.029350398914094 33201.500000000007 3.5000000000000004 5.5000000000000009 8.0097912782270964 31797.000000000004 6.006203158824877 6.7367139420991249 7.9927388748624617 11.430029285932017 48992.500000000007
decision_type=2 2 2 2 2 2 2 2 2 2 2 2 2 2 2 2 2 2 2 2 2 2
left_child=1 -1 -3 4 -2 6 -6 8 -5 -9 14 13 -13 -11 -10 19 17 -16 -18 -14 -21 -17
right_child=3 2 -4 7 5 -7 -8 9 10 11 -12 12 15 -15 16 21 18 -19 -20 20 -22 -23
leaf_value=-0.0046335988189298849 -0.00042440489127532803 -0.0033292381378390193 0.018998722279126808 -0.033069394691551041 0.06777046500757071 0.013557083385287518 0.015750001314083866 -0.047260588606359899 0.008100083537789746 0.018894416837215884 -0.038483334724221642 0.00064370236691155551 -0.03414432713245389 0.0042543949285635185 0.046875604671670505 -0.026747416019712096 -0.045213857172863275 -0.020444028127363397 -0.009829543499514707 0.031085388800456339 -0.014425382949425183 -0.0074478055524085061
leaf_weight=778 7233 45 50 362 48 466 47 136 319 74 201 3686 90 731 97 701 314 213 901 78 78 508
leaf_count=778 7233 45 50 362 48 466 47 136 319 74 201 3686 90 731 97 701 314 213 901 78 78 508
internal_value=-0.00026942 -0.00214465 0.000349999 -0.000167179 2.73745e-05 0.00138516 0.0042 -0.000347776 -0.000859039 -0.000142025 -0.000614635 -8.88094e-05 -0.000221726 0.000734567 -0.000414549 -0.000839042 -0.000686275 0.000499999 -0.0010041 0.000543824 0.00171739 -0.00113592
internal_weight=17156 873 95 16283 7794 561 95 8489 2407 6082 2045 5946 5141 805 1844 1455 1525 310 1215 246 156 1209
internal_count=17156 873 95 16283 7794 561 95 8489 2407 6082 2045 5946 5141 805 1844 1455 1525 310 1215 246 156 1209
is_linear=0
shrinkage=0.035


end of trees

feature_importances:
day_of_month=825
sig_roll_mean_28=379
month=269
sig_roll_mean_14=239
sig_roll_std_28=178
sig_roll_std_7=173
promo_flag=167
sig_lag_2=164
sig_lag_1=163
sig_roll_std_14=157
sig_lag_7=144
sig_lag_28=133
unit_cost_rp=132
sig_roll_mean_7=122
sig_lag_21=108
sig_lag_14=107
shelf_life_days=100
sig_lag_3=96
is_holiday=94
margin_rp=67
is_weekend=41
sig_zero_rate_28=39
unit_price_rp=33
sig_zero_rate_14=12
promised_lead_time_days=11
is_perishable=4
sig_zero_rate_7=3

parameters:
[boosting: gbdt]
[objective: quantile]
[metric: quantile]
[tree_learner: serial]
[device_type: cpu]
[data_sample_strategy: bagging]
[data: ]
[valid: ]
[num_iterations: 180]
[learning_rate: 0.035]
[num_leaves: 23]
[num_threads: 8]
[seed: 20260723]
[deterministic: 0]
[force_col_wise: 0]
[force_row_wise: 0]
[histogram_pool_size: -1]
[max_depth: -1]
[min_data_in_leaf: 45]
[min_sum_hessian_in_leaf: 0.001]
[bagging_fraction: 0.85]
[pos_bagging_fraction: 1]
[neg_bagging_fraction: 1]
[bagging_freq: 1]
[bagging_seed: 320]
[bagging_by_query: 0]
[feature_fraction: 0.85]
[feature_fraction_bynode: 1]
[feature_fraction_seed: 6711]
[extra_trees: 0]
[extra_seed: 20591]
[early_stopping_round: 0]
[early_stopping_min_delta: 0]
[first_metric_only: 0]
[max_delta_step: 0]
[lambda_l1: 0.5]
[lambda_l2: 5]
[linear_lambda: 0]
[min_gain_to_split: 0]
[drop_rate: 0.1]
[max_drop: 50]
[skip_drop: 0.5]
[xgboost_dart_mode: 0]
[uniform_drop: 0]
[drop_seed: 9722]
[top_rate: 0.2]
[other_rate: 0.1]
[min_data_per_group: 100]
[max_cat_threshold: 32]
[cat_l2: 10]
[cat_smooth: 10]
[max_cat_to_onehot: 4]
[top_k: 20]
[monotone_constraints: ]
[monotone_constraints_method: basic]
[monotone_penalty: 0]
[feature_contri: ]
[forcedsplits_filename: ]
[refit_decay_rate: 0.9]
[cegb_tradeoff: 1]
[cegb_penalty_split: 0]
[cegb_penalty_feature_lazy: ]
[cegb_penalty_feature_coupled: ]
[path_smooth: 0]
[interaction_constraints: ]
[verbosity: -1]
[saved_feature_importance_type: 0]
[use_quantized_grad: 0]
[num_grad_quant_bins: 4]
[quant_train_renew_leaf: 0]
[stochastic_rounding: 1]
[linear_tree: 0]
[max_bin: 255]
[max_bin_by_feature: ]
[min_data_in_bin: 3]
[bin_construct_sample_cnt: 200000]
[data_random_seed: 4442]
[is_enable_sparse: 1]
[enable_bundle: 1]
[use_missing: 1]
[zero_as_missing: 0]
[feature_pre_filter: 1]
[pre_partition: 0]
[two_round: 0]
[header: 0]
[label_column: ]
[weight_column: ]
[group_column: ]
[ignore_column: ]
[categorical_feature: ]
[forcedbins_filename: ]
[precise_float_parser: 0]
[parser_config_file: ]
[objective_seed: 5935]
[num_class: 1]
[is_unbalance: 0]
[scale_pos_weight: 1]
[sigmoid: 1]
[boost_from_average: 1]
[reg_sqrt: 0]
[alpha: 0.9]
[fair_c: 1]
[poisson_max_delta_step: 0.7]
[tweedie_variance_power: 1.5]
[lambdarank_truncation_level: 30]
[lambdarank_norm: 1]
[label_gain: ]
[lambdarank_position_bias_regularization: 0]
[eval_at: ]
[multi_error_top_k: 1]
[auc_mu_weights: ]
[num_machines: 1]
[local_listen_port: 12400]
[time_out: 120]
[machine_list_filename: ]
[machines: ]
[gpu_platform_id: -1]
[gpu_device_id: -1]
[gpu_device_id_list: ]
[gpu_use_dp: 0]
[num_gpu: 1]

end of parameters

pandas_categorical:[]
