tree
version=v4
num_class=1
num_tree_per_iteration=1
label_index=0
max_feature_idx=27
objective=quantile
feature_names=sig_lag_1 sig_lag_2 sig_lag_3 sig_lag_7 sig_lag_14 sig_lag_21 sig_lag_28 sig_roll_mean_7 sig_roll_mean_14 sig_roll_mean_28 sig_roll_std_7 sig_roll_std_14 sig_roll_std_28 sig_zero_rate_7 sig_zero_rate_14 sig_zero_rate_28 promo_flag is_weekend is_holiday is_payday_week day_of_month month unit_cost_rp unit_price_rp margin_rp shelf_life_days is_perishable promised_lead_time_days
feature_infos=[0:72] [0:72] [0:72] [0:72] [0:72] [0:72] [0:72] [0:44] [0:44] [0:44] [0:22.786796511095964] [0:17.139376936115319] [0:16.069317439236894] [0:1] [0:1] [0:0.9642857142857143] [0:1] [0:1] [0:1] none [1:31] [1:4] [3633:54611] [4700:64300] [1067:16070] [92:917] [0:1] [2:4]
tree_sizes=1992 2047 2086 2057 2081 2079 2084 2080 2084 2086 2080 2091 2076 2089 2105 2091 2080 2086 2089 2090 2106 2092 2100 2096 2102 2102 2116 2088 2105 2108 2120 2112 2118 2108 2120 2124 2110 2136 2125 2111 2117 2109 2123 2118 2128 2125 2127 2123 2130 2140 2117 2108 2138 2129 2141 2131 2120 2139 2135 2121 2149 2146 2120 2152 2156 2137 2147 2149 2152 2152 2158 2141 2128 2115 2156 2138 2138 2133 2128 2145 2166 2154 2137 2151 2166 2156 2167 2165 2149 2122 2140 2144 2146 2167 2145 2168 2167 2150 2169 2171 2172 2146 2178 2163 2159 2161 2152 2181 2150 2176 2159 2183 2161 2163 2178 2183 2157 2169 2173 2171 2165 2149 2162 2187 2181 2143 2157 2158 2138 2183 2164 2165 2173 2177 2182 2191 2182 2174 2174 2192 2184 2203 2185 2170 2200 2178 2178 2198 2167 2177 2181 2187 2170 2201 2181 2186 2193 2194 2203 2169 2189 2202 2156 2187 2182 2154 2191 2195 2203 2184 2180 2206 2171 2215 2166 2192 2171 2190 2213 2171

Tree=0
num_leaves=23
num_cat=0
split_feature=9 22 9 25 9 4 9 20 21 3 11 20 7 12 12 25 22 9 20 11 20 20
split_gain=695.508 76.9564 34.2403 26.492 11.086 9.12924 10.2315 8.70511 7.39682 7.39247 6.6613 6.65801 5.98226 5.6263 5.10967 5.78748 4.5155 3.71225 3.45273 3.25104 2.49392 1.69342
threshold=18.216862438801559 16785.000000000004 16.789456666317523 191.00000000000003 20.473214285714288 11.946428571428573 21.459415584415588 26.500000000000004 2.5000000000000004 6.9966807769941894 6.8664657319724318 15.500000000000002 14.716713265460024 8.2165691373956609 4.9374754353777428 421.00000000000006 48992.500000000007 23.572667725649094 24.500000000000004 7.2126256479035415 7.5000000000000009 9.5000000000000018
decision_type=2 2 2 2 2 2 2 2 2 2 2 2 2 2 2 2 2 2 2 2 2 2
left_child=2 4 12 5 11 -3 10 14 -5 -6 -7 20 -1 16 15 -4 19 -11 -14 -10 -2 -16
right_child=1 3 7 8 9 6 -8 -9 13 17 -12 -13 18 -15 21 -17 -18 -19 -20 -21 -22 -23
leaf_value=276.51999999999998 282.56099969625473 281.73500000000001 282.57499999999999 280.62022872314742 283.84199990153314 283.95749992072581 284.47899980306624 283.13941239129349 280.9677591013064 283.92599918723107 281.58584125336233 283.9574996870756 280.79000000000002 280.93714067281053 281.93072467478271 281.48999954104426 283.43586751515306 285.22969973751464 281.70852600311247 282.18965637628895 281.9484999424219 281.26959453289709
leaf_weight=12241 53 47 51 170 60 96 119 69 56 488 54 126 534 74 132 51 63 472 119 48 70 253
leaf_count=12241 53 47 51 170 60 96 119 69 56 488 54 126 534 74 132 51 63 472 119 48 70 253
internal_value=281 281.019 280.997 281.01 281.024 281.018 281.02 281.006 281.004 281.026 281.013 281.017 280.997 281.008 281.004 281.011 281.011 281.027 281 281.006 281.01 281.002
internal_weight=15446 1996 13450 727 1269 316 269 556 411 1020 150 249 12894 241 487 102 167 960 653 104 123 385
internal_count=15446 1996 13450 727 1269 316 269 556 411 1020 150 249 12894 241 487 102 167 960 653 104 123 385
is_linear=0
shrinkage=1


Tree=1
num_leaves=23
num_cat=0
split_feature=9 22 8 25 9 20 4 9 21 3 12 12 20 12 25 8 22 25 9 20 9 9
split_gain=674.418 69.259 35.4256 21.7786 12.1674 9.24037 8.95778 8.63389 7.53663 7.31959 6.36274 5.42805 5.24229 6.19746 5.02287 4.8117 3.91511 3.91292 4.84038 3.65112 3.54711 1.88566
threshold=18.216862438801559 16785.000000000004 15.433015574650915 191.00000000000003 21.215047969410843 23.500000000000004 11.946428571428573 21.215047969410843 2.5000000000000004 6.9966807769941894 6.6946831940565437 8.4555325884580004 16.500000000000004 6.8727569651421678 248.50000000000003 21.751492906082621 19263.000000000004 455.50000000000006 16.789456666317523 9.5000000000000018 19.716218463335505 24.446428571428573
decision_type=2 2 2 2 2 2 2 2 2 2 2 2 2 2 2 2 2 2 2 2 2 2
left_child=2 4 -1 6 12 14 -3 10 -5 -6 -8 15 19 -14 16 -10 -4 18 -7 20 -2 -11
right_child=1 3 5 8 9 17 7 -9 11 21 -12 -13 13 -15 -16 -17 -18 -19 -20 -21 -22 -23
leaf_value=-4.1132 0.74493963820518039 0.70927499999999954 1.1962415669991768 -0.32533343651996238 2.7285299600541588 0.67520158989106371 2.8819874301761397 3.3082347982764251 1.2954897638473433 3.4675900284469128 0.23108667245185094 -0.12379997027841001 3.03992821078866 2.5774862642616041 -0.20450094606861685 2.5667781980448656 0.77387614274953642 0.23119163923263616 2.3662884908532447 2.0675895611464976 1.8315324937415434 3.9790495447783498
leaf_weight=12480 47 46 60 160 53 60 88 126 122 458 47 57 125 84 434 49 300 46 95 81 74 352
leaf_count=12480 47 46 60 160 53 60 88 126 122 458 47 57 125 84 434 49 300 46 95 81 74 352
internal_value=-7.00054e-05 0.0190355 -0.00286907 0.01 0.0238925 0.003465 0.0169167 0.0193947 0.00433715 0.0264194 0.01225 0.00836695 0.0182909 0.0225047 0.00171277 0.0114148 0.00474657 0.0100922 0.0126875 0.0134082 0.0173333 0.0272914
internal_weight=15444 1969 13475 695 1274 995 307 261 388 863 135 228 411 209 794 171 360 201 155 202 121 810
internal_count=15444 1969 13475 695 1274 995 307 261 388 863 135 228 411 209 794 171 360 201 155 202 121 810
is_linear=0
shrinkage=0.035


Tree=2
num_leaves=23
num_cat=0
split_feature=9 22 9 25 9 20 20 9 20 21 7 9 22 4 22 11 20 8 9 7 22 25
split_gain=630.598 65.6703 39.1257 21.2501 12.4832 12.1703 9.76311 7.33797 7.26013 6.29483 5.67037 5.64022 5.0368 4.49546 4.48432 3.40684 2.84737 2.726 2.80309 2.6692 2.55621 2.17304
threshold=18.385164835164836 16785.000000000004 16.789456666317523 191.00000000000003 24.446428571428573 26.500000000000004 16.500000000000004 20.143619397982267 9.5000000000000018 2.5000000000000004 14.574646434701021 21.690047969410838 32208.500000000004 10.946439606378263 16785.000000000004 6.8664657319724318 23.500000000000004 21.579214922293968 19.14208074534162 17.463259122825747 6498.5000000000009 421.00000000000006
decision_type=2 2 2 2 2 2 2 2 2 2 2 2 2 2 2 2 2 2 2 2 2 2
left_child=2 4 10 11 6 14 7 -2 -9 -5 -1 15 -11 -6 20 -3 -12 18 -14 -8 -4 -16
right_child=1 3 5 9 13 -7 19 8 -10 12 16 -13 17 -15 21 -17 -18 -19 -20 -21 -22 -23
leaf_value=-4.2039343241887348 0.8102202472072606 2.5011178534306744 0.70958216189761869 -0.35562291624327719 2.5717814344000511 2.2943654585659963 2.1085434564956707 2.7232242122271955 1.9840073432120118 -0.27521379038902355 -0.30431251286182764 3.1119466863138086 1.5709265219455113 3.8776937751197451 1.0288387969831807 0.61362567967675985 0.65156953424487662 2.2870249990458338 -0.033581103688172124 3.8161925410693094 0.99089901093078436 -0.25036345171786534
leaf_weight=12245 94 108 71 141 50 81 67 199 187 49 542 124 46 335 210 61 133 69 56 335 62 186
leaf_count=12245 94 108 71 141 50 81 67 199 187 49 542 124 46 335 210 61 133 69 56 335 62 186
internal_value=-0.000175725 0.0185613 -0.00284319 0.00940592 0.0232178 0.00577642 0.0205699 0.0167062 0.0188785 0.0035765 -0.00325358 0.016349 0.00723333 0.0288974 0.00370974 0.0113851 -0.000102942 0.0100227 0.00565888 0.0248784 0.00918116 0.00173691
internal_weight=15451 1921 13530 654 1267 610 882 480 386 361 12920 293 220 385 529 169 675 171 102 402 133 396
internal_count=15451 1921 13530 654 1267 610 882 480 386 361 12920 293 220 385 529 169 675 171 102 402 133 396
is_linear=0
shrinkage=0.035


Tree=3
num_leaves=23
num_cat=0
split_feature=8 22 8 26 20 20 8 21 22 21 21 20 4 8 20 20 7 22 7 7 8 7
split_gain=590.942 76.3986 38.4605 20.566 10.8778 10.3791 11.7034 8.00671 6.13704 5.9959 5.77361 5.53442 11.8239 7.54679 5.12654 4.12676 3.4896 3.22234 3.1398 2.5319 2.33253 2.17294
threshold=18.501524510250249 16785.000000000004 15.433015574650915 1.0000000180025095e-35 25.500000000000004 16.500000000000004 20.157280219780223 2.5000000000000004 10086.000000000002 2.5000000000000004 2.5000000000000004 9.5000000000000018 6.9966807769941894 24.821428571428573 12.500000000000002 9.5000000000000018 17.727610342216661 32208.500000000004 21.718501396931643 20.448979591836736 16.872397719833153 16.008403361344541
decision_type=2 2 2 2 2 2 2 2 2 2 2 2 2 2 2 2 2 2 2 2 2 2
left_child=2 5 -1 9 8 6 -2 -5 14 -3 20 12 -8 18 -4 -11 -7 -17 -13 -19 -6 -10
right_child=1 3 4 7 10 16 11 -9 21 15 -12 13 -14 -15 -16 17 -18 19 -20 -21 -22 -23
leaf_value=-3.8425638583270572 0.55370787489356932 -0.5316247040287766 0.51387398015690366 0.62816861927622825 -0.016999153511820943 1.942425273027419 2.5010190762686308 2.978528654932024 -0.33787497430817476 1.1779864958924176 1.9330296744617541 1.9255478778697279 3.4645175950316798 2.3069744929905545 1.43129094418485 -0.61337125015485183 3.6229740724201811 1.0003837408569347 1.221532262765652 2.0060651854458316 2.5640671865059215 0.34375863373198784
leaf_weight=12521 79 165 64 139 48 51 69 160 261 64 66 54 270 137 71 67 505 65 87 70 58 409
leaf_count=12521 79 165 64 139 48 51 69 160 261 64 66 54 270 137 71 67 505 65 87 70 58 409
internal_value=-0.000200033 0.0176198 -0.00282348 0.0085 0.00384216 0.0228683 0.019567 0.0154967 0.00207407 0.00348394 0.011726 0.0212026 0.0245814 0.016659 0.00875 0.00670295 0.0267585 0.00393961 0.0101644 0.007 0.00595946 0.000648147
internal_weight=15480 1982 13498 730 977 1252 696 299 805 431 172 617 339 278 135 266 556 202 141 135 106 670
internal_count=15480 1982 13498 730 977 1252 696 299 805 431 172 617 339 278 135 266 556 202 141 135 106 670
is_linear=0
shrinkage=0.035


Tree=4
num_leaves=23
num_cat=0
split_feature=9 22 9 25 9 20 20 20 8 3 5 21 9 22 22 7 22 7 11 22 20 8
split_gain=573.649 60.2744 31.5956 19.3145 14.8135 11.1621 10.7339 9.59198 10.4033 7.09024 6.70082 6.42551 6.24527 5.4368 4.79825 3.38962 3.2732 3.1416 2.46345 2.1657 2.01665 1.6511
threshold=18.216862438801559 16785.000000000004 16.000142857142858 191.00000000000003 24.07460317460318 16.500000000000004 26.500000000000004 8.5000000000000018 20.856840853427816 12.996151141142256 11.946428571428573 2.5000000000000004 21.90097402597403 16785.000000000004 32208.500000000004 14.432142857142859 6498.5000000000009 18.0155477880433 6.6564023547027489 33201.500000000007 22.500000000000004 21.899783549783553
decision_type=2 2 2 2 2 2 2 2 2 2 2 2 2 2 2 2 2 2 2 2 2 2
left_child=2 4 15 10 5 7 13 8 -2 -6 -3 -5 18 16 -13 -1 -4 -7 -12 20 -17 -16
right_child=1 3 6 11 9 17 -8 -9 -10 -11 12 14 -14 -15 21 19 -18 -19 -20 -21 -22 -23
leaf_value=-4.0370180276283598 0.53205472369667128 0.68732040393826599 0.63009919800339897 -0.1838366176445061 2.616483398585649 2.0235148459320511 1.6542454016432302 1.292687997734475 2.4996529302074944 3.6151704004558489 2.5896257065035657 -0.46661282152063455 2.9862799784406784 0.084374250410335583 1.2517638362048864 -0.038686453650397599 1.9708601916137398 3.2633990502550025 0.74491194581068831 -0.99065178316924896 0.79486355467331171 1.9402390116235644
leaf_weight=12070 73 54 81 167 47 92 105 239 146 390 85 51 105 555 131 208 70 280 62 210 57 61
leaf_count=12070 73 54 81 167 47 92 105 239 146 390 85 51 105 555 131 208 70 280 62 210 57 61
internal_value=-0.000265512 0.0172746 -0.00287654 0.00902427 0.0218695 0.0187994 0.00379167 0.0147181 0.0200937 0.0273824 0.0156318 0.00392169 0.0180175 0.00216104 0.00750806 -0.00331036 0.00794231 0.0235159 0.0123882 -0.000364584 0.00168518 0.0100025
internal_weight=15339 1983 13356 716 1267 830 811 458 219 437 306 410 252 706 243 12545 151 372 147 475 265 192
internal_count=15339 1983 13356 716 1267 830 811 458 219 437 306 410 252 706 243 12545 151 372 147 475 265 192
is_linear=0
shrinkage=0.035


Tree=5
num_leaves=23
num_cat=0
split_feature=9 22 9 9 25 20 20 5 9 12 21 20 8 12 4 22 12 11 22 9 12 22
split_gain=534.496 52.0771 32.5119 17.467 14.9416 9.84969 8.13233 7.93095 8.58097 7.17446 6.25651 5.25678 9.02148 5.23743 5.08755 4.79456 5.29834 4.06259 3.47452 3.13569 2.77777 2.35857
threshold=18.385164835164836 16785.000000000004 15.250178571428574 24.07460317460318 191.00000000000003 17.500000000000004 26.500000000000004 8.9846950015344529 21.459415584415588 6.6946831940565437 2.5000000000000004 8.5000000000000018 20.856840853427816 7.0185333602344437 10.946439606378263 32208.500000000004 8.4555325884580004 6.0182871499937791 16785.000000000004 16.980780885804954 8.4555325884580004 6498.5000000000009
decision_type=2 2 2 2 2 2 2 2 2 2 2 2 2 2 2 2 2 2 2 2 2 2
left_child=2 3 20 5 7 11 18 -3 9 -9 -6 12 -2 -7 -5 -12 17 -17 21 -8 -1 -4
right_child=1 4 6 14 10 13 19 8 -10 -11 15 -13 -14 -15 -16 16 -18 -19 -20 -21 -22 -23
leaf_value=-3.6565166982396264 0.37607111313081942 0.16411550108297951 0.54989737846994435 2.3499064712905002 -0.3518493824348029 3.2091393493435572 0.638343386523471 2.5704560164460659 3.035760165843814 0.013784050545470734 -0.23448173606678482 1.5191604684754343 2.3071655616399473 2.7897359946902514 3.4886394364398945 0.52174695630868473 -0.15543494136056837 2.0970511555843365 0.12023774665107341 1.9741537709373702 0.75694653948650903 0.80095643208042999
leaf_weight=12406 67 45 103 57 146 192 52 86 113 54 49 249 144 152 373 45 47 85 754 70 46 76
leaf_count=12406 67 45 103 57 146 192 52 86 113 54 49 249 144 152 373 45 47 85 754 70 46 76
internal_value=-0.000391866 0.0169426 -0.00284207 0.0212175 0.00894444 0.0178721 0.00303774 0.0147508 0.0171202 0.0105 0.00411273 0.0141129 0.018375 0.0225745 0.0271552 0.00771212 0.0103462 0.0138704 0.00187313 0.0113819 -0.00334266 0.00620109
internal_weight=15411 1904 13507 1234 670 804 1055 298 253 140 372 460 211 344 430 226 177 130 933 122 12452 179
internal_count=15411 1904 13507 1234 670 804 1055 298 253 140 372 460 211 344 430 226 177 130 933 122 12452 179
is_linear=0
shrinkage=0.035


Tree=6
num_leaves=23
num_cat=0
split_feature=9 9 22 21 20 9 20 4 9 25 25 20 7 12 12 22 25 20 9 20 7 11
split_gain=519.946 51.8105 38.3523 15.6111 12.4972 11.941 7.90708 7.35957 7.20281 4.98415 4.84722 4.63292 4.82134 4.22453 3.85628 3.32736 3.28714 3.13488 2.78862 2.34483 7.89686 4.54424
threshold=19.5082496777217 16.789456666317523 16785.000000000004 2.5000000000000004 26.500000000000004 24.07460317460318 17.500000000000004 11.946428571428573 13.898167688792691 455.50000000000006 224.50000000000003 7.5000000000000009 24.007192378077715 8.2165691373956609 7.0185333602344437 33201.500000000007 191.00000000000003 24.500000000000004 21.459415584415588 16.500000000000004 16.008403361344541 4.5434411125112151
decision_type=2 2 2 2 2 2 2 2 2 2 2 2 2 2 2 2 2 2 2 2 2 2
left_child=1 8 5 16 9 6 11 -7 -1 19 18 12 -2 -12 -8 17 -4 -10 -5 -3 -21 -22
right_child=2 4 3 10 -6 7 14 -9 15 -11 13 -13 -14 -15 -16 -17 -18 -19 -20 20 21 -23
leaf_value=-3.853336924500514 1.5054144532236999 0.65828455467827518 0.38861219753757181 2.1518597252714109 2.3781217320296375 2.248409765239725 2.9993144182750813 3.3190046059448881 0.054096455887430749 -0.44557461297534195 1.966820957565693 1.7598177547336662 2.22641476698255 0.10264933275283004 2.6538845454140754 -0.8271472863770668 -0.48890942177877833 0.72319936712222133 3.0065085116403081 -0.024301037034946345 2.2542653744612857 1.0350034221796218
leaf_weight=12138 95 411 93 45 109 64 171 392 395 172 64 253 62 49 134 256 96 105 95 106 49 114
leaf_count=12138 95 411 93 45 109 64 171 392 395 172 64 253 62 49 134 256 96 105 95 106 49 114
internal_value=-0.000425936 -0.00261869 0.018348 0.00934116 0.00519565 0.0216786 0.0184722 0.0264132 -0.00320424 0.00368786 0.0149496 0.0148012 0.0198333 0.00866102 0.0230323 8.73842e-05 0.00155155 0.00176733 0.019431 0.00503285 0.00761314 0.0123333
internal_weight=15468 13855 1613 442 961 1171 715 456 12894 852 253 410 157 113 305 756 189 500 140 680 269 163
internal_count=15468 13855 1613 442 961 1171 715 456 12894 852 253 410 157 113 305 756 189 500 140 680 269 163
is_linear=0
shrinkage=0.035


Tree=7
num_leaves=23
num_cat=0
split_feature=9 9 22 9 21 20 25 12 3 8 20 25 20 7 20 3 20 8 7 20 20 25
split_gain=482.537 52.3903 30.6157 18.2643 14.5816 11.4864 8.24268 8.09245 7.73822 7.35228 7.3444 6.58034 5.42144 3.97147 3.59252 2.73068 2.72231 2.39223 2.36909 3.08346 3.13296 2.30835
threshold=19.5082496777217 16.789456666317523 16785.000000000004 24.07460317460318 2.5000000000000004 26.500000000000004 224.50000000000003 7.0185333602344437 12.996151141142256 13.71589464592194 17.500000000000004 455.50000000000006 7.5000000000000009 22.289929968360216 23.500000000000004 14.955457323495569 17.500000000000004 20.856840853427816 16.288141836888595 19.500000000000004 7.5000000000000009 191.00000000000003
decision_type=2 2 2 2 2 2 2 2 2 2 2 2 2 2 2 2 2 2 2 2 2 2
left_child=1 9 3 7 21 11 -6 10 -5 -1 -2 15 13 -9 -11 -3 -14 -18 -17 20 -20 -4
right_child=2 5 4 8 6 -7 -8 12 -10 14 -12 -13 16 -15 -16 18 17 -19 19 -21 -22 -23
leaf_value=-3.744755077417524 2.6287245184458472 0.41241743476252535 0.3592238953357289 2.4689654113565918 2.6702807087261062 2.2974167704066359 1.3248215020090253 1.1308253196962117 3.1103718949564279 -0.27302127066117643 3.2663060198308531 -0.4689846137223847 1.1006293178776752 1.7812994079047273 0.61099311767397935 0.60029060121002276 1.6681075532334326 3.8099774623649645 1.3589045890166311 1.1690182148477879 0.56115292742329237 -0.42820812829909527
leaf_weight=11981 179 189 96 47 145 115 112 47 399 718 169 169 151 59 153 95 47 82 119 73 203 90
leaf_count=11981 179 189 96 47 145 115 112 47 399 718 169 169 151 59 153 95 47 82 119 73 203 90
internal_value=-0.000474358 -0.00259841 0.0175473 0.0205127 0.00946875 0.00525 0.0148015 0.016818 0.0263004 -0.00318966 0.0208909 0.0037626 0.0128811 0.0198333 -6.39278e-05 0.00530117 0.00988596 0.0137388 0.00668182 0.007875 0.00613303 0.00181414
internal_weight=15438 13815 1623 1180 443 963 257 734 446 12852 348 848 386 106 871 679 280 129 490 395 322 186
internal_count=15438 13815 1623 1180 443 963 257 734 446 12852 348 848 386 106 871 679 280 129 490 395 322 186
is_linear=0
shrinkage=0.035


Tree=8
num_leaves=23
num_cat=0
split_feature=9 9 25 9 22 20 25 3 25 8 21 12 11 9 21 3 22 4 7 7 20 6
split_gain=445.516 49.3118 33.6777 20.7094 11.5912 10.5508 8.23367 5.9248 5.55339 4.80338 4.76774 4.61626 4.42111 4.21338 2.97441 2.817 2.69447 2.55067 2.54378 2.51953 6.19 2.28877
threshold=19.5082496777217 16.5089783585499 210.50000000000003 23.572667725649094 16785.000000000004 26.500000000000004 106.50000000000001 12.996151141142256 455.50000000000006 24.51467325084613 2.5000000000000004 6.5077789846562988 8.925321201231057 13.720201117958425 2.5000000000000004 11.827380952380954 33201.500000000007 19.010370193622947 20.732142857142861 16.288141836888595 19.500000000000004 18.75961538461539
decision_type=2 2 2 2 2 2 2 2 2 2 2 2 2 2 2 2 2 2 2 2 2 2
left_child=1 6 3 11 9 8 -1 -5 15 21 -7 -2 17 -8 -6 -3 -15 -13 -9 -17 -21 -4
right_child=2 5 4 7 14 10 13 18 -10 -11 -12 12 -14 16 -16 19 -18 -19 -20 20 -22 -23
leaf_value=1.1127176940717711 3.1594489646928339 -0.060528648597990557 1.3194833099750454 2.3335515852426503 -0.42520082638258411 1.4376256385025796 -3.6424036281394372 2.7730249048206681 -0.35019430786416644 0.71140008191078119 1.8429355215494223 0.76601332846658465 2.3696466940961551 0.1552139990787233 1.5015709680634941 0.56018331879332051 -0.79328112473611645 2.1448772555141598 3.2571831139422915 0.80505835719915386 1.3556453307912562 1.7300179866594823
leaf_weight=80 189 111 125 46 91 76 11997 48 196 53 45 120 120 374 110 148 295 134 443 372 86 120
leaf_count=80 189 111 125 46 91 76 11997 48 196 53 45 120 120 374 110 148 295 134 443 372 86 120
internal_value=-0.000576509 -0.00260881 0.0168803 0.020319 0.00913889 0.00471944 -0.0032063 0.0253653 0.00336274 0.0134802 0.0142778 0.015294 0.0125686 -0.00327902 0.0024466 0.00478947 -0.00054006 0.00947297 0.0265605 0.00572259 0.00700756 0.01554
internal_weight=15379 13780 1599 1100 499 1034 12746 537 913 298 121 563 374 12666 201 717 669 254 491 606 458 245
internal_count=15379 13780 1599 1100 499 1034 12746 537 913 298 121 563 374 12666 201 717 669 254 491 606 458 245
is_linear=0
shrinkage=0.035


Tree=9
num_leaves=23
num_cat=0
split_feature=8 25 7 8 22 3 20 20 20 20 7 8 25 12 20 20 3 12 3 22 1 20
split_gain=401.118 47.9891 29.1955 20.4736 17.3682 10.5195 9.91384 8.52093 6.21039 6.10444 4.04267 3.88618 2.51554 2.45061 2.26097 6.96596 2.23825 2.0397 1.99784 1.91392 2.93261 1.86554
threshold=18.366071428571434 210.50000000000003 15.287460124205923 22.110937776753779 16785.000000000004 8.6813909563685314 19.500000000000004 16.500000000000004 16.500000000000004 8.5000000000000018 21.010724767698907 13.000357142857146 455.50000000000006 6.3066794743269474 17.500000000000004 9.5000000000000018 18.955902356631452 4.977661739984236 14.955457323495569 32208.500000000004 14.999072958688698 26.500000000000004
decision_type=2 2 2 2 2 2 2 2 2 2 2 2 2 2 2 2 2 2 2 2 2 2
left_child=2 3 11 8 7 -5 -4 9 18 16 -7 -1 17 -10 15 -12 -3 -8 -2 -6 -21 -13
right_child=1 4 6 5 19 10 12 -9 13 -11 14 21 -14 -15 -16 -17 -18 -19 -20 20 -22 -23
leaf_value=-3.6840927129107439 0.93042374297663644 0.98565386963676371 0.081806652603128097 1.9981273360855458 -0.33518076048223111 2.6759690069003303 1.3925503957280732 1.6449672261153903 3.0377222568162967 0.36412717369170139 2.8655727938850246 -0.30527024359950022 0.16140134886101268 1.8527718607128583 3.4918198409118544 1.884792622827159 1.3261281459297327 1.7831358040122809 2.0512149825976689 -0.37851087481156726 1.0639156312284068 0.62157028282163629
leaf_weight=11759 58 46 602 46 135 68 51 158 119 111 187 654 59 134 214 200 60 188 210 71 243 63
leaf_count=11759 58 46 602 46 135 68 51 158 119 111 187 654 59 134 214 200 60 188 210 71 243 63
internal_value=-0.000619035 0.0137373 -0.00283563 0.0181035 0.0070971 0.0220208 0.00322928 0.0126184 0.0125361 0.00769369 0.0231395 -0.00327566 0.00839769 0.0165775 0.024165 0.0215 0.013527 0.00998361 0.00842308 0.00235903 0.0038511 -0.000736843
internal_weight=15436 2060 13376 1236 824 715 900 375 521 217 669 12476 298 253 601 387 106 239 268 449 314 717
internal_count=15436 2060 13376 1236 824 715 900 375 521 217 669 12476 298 253 601 387 106 239 268 449 314 717
is_linear=0
shrinkage=0.035


Tree=10
num_leaves=23
num_cat=0
split_feature=9 7 9 4 20 4 12 21 25 21 8 20 20 8 22 20 7 20 20 21 11 9
split_gain=393.983 41.9529 29.3515 19.85 13.9862 13.4817 10.808 6.07956 6.87611 6.06285 5.03305 4.58618 11.369 4.08357 3.46463 3.75258 3.20066 2.35789 2.17197 4.72473 2.16316 2.1332
threshold=19.5082496777217 15.287460124205923 24.07460317460318 9.9933189851049971 19.500000000000004 6.9966807769941894 6.6946831940565437 2.5000000000000004 455.50000000000006 1.5000000000000002 21.213983710570677 8.5000000000000018 18.500000000000004 13.000357142857146 16785.000000000004 21.500000000000004 20.732142857142861 26.500000000000004 19.500000000000004 2.5000000000000004 5.5564981728356617 16.789456666317523
decision_type=2 2 2 2 2 2 2 2 2 2 2 2 2 2 2 2 2 2 2 2 2 2
left_child=1 13 5 -4 16 -2 14 9 -9 21 18 -12 -13 -1 15 20 -3 -15 -8 -20 -7 -6
right_child=2 4 3 -5 7 6 10 8 -10 -11 11 12 -14 17 -16 -17 -18 -19 19 -21 -22 -23
leaf_value=-3.5259762562026804 0.10875004429629007 0.0060557297561389294 1.9036928609643216 2.8464932861519006 0.73656850687080977 4.1103391080988194 0.15258886888521644 1.3954758336022495 0.84959781198669793 -0.51817705526841795 1.5722997236640128 1.0005898564564786 3.4711873712498762 -0.2605718749618095 1.8007115702958714 2.8930851575247001 0.90209188304140242 0.80082698941334529 0.15257051792847651 2.2007073334693348 1.5711326595790673 2.1513415657427397
leaf_weight=11809 107 768 90 435 67 75 99 102 47 82 109 189 136 664 65 88 144 60 65 60 86 82
leaf_count=11809 107 768 90 435 67 75 99 102 47 82 109 189 136 664 65 88 144 60 65 60 86 82
internal_value=-0.000726579 -0.00263449 0.0156641 0.0225189 0.00335428 0.0122242 0.0135164 0.00895454 0.0144545 0.00510169 0.0107534 0.0130034 0.0105 -0.00325435 0.0189922 0.0210276 0.000965648 -0.000667353 0.00612882 0.00915385 0.0165301 0.00922727
internal_weight=15429 13825 1604 525 1292 1079 972 380 149 231 658 434 325 12533 314 249 912 724 224 125 161 149
internal_count=15429 13825 1604 525 1292 1079 972 380 149 231 658 434 325 12533 314 249 912 724 224 125 161 149
is_linear=0
shrinkage=0.035


Tree=11
num_leaves=23
num_cat=0
split_feature=9 7 9 4 20 20 4 20 7 25 21 12 21 8 9 10 22 9 7 20 9 25
split_gain=337.236 43.956 29.4519 16.54 13.6707 9.51059 7.01506 8.86836 6.21272 5.9422 6.28899 4.80049 4.49364 4.06587 3.58956 3.14732 3.69457 2.53649 2.00357 3.74809 1.78967 1.73367
threshold=19.5082496777217 15.287460124205923 24.07460317460318 9.9933189851049971 22.500000000000004 19.500000000000004 6.9966807769941894 8.5000000000000018 23.732142857142861 455.50000000000006 2.5000000000000004 6.6210252830050198 1.5000000000000002 19.700802187105939 17.117731121339435 5.2599112793531644 16785.000000000004 13.898167688792691 20.732142857142861 5.5000000000000009 21.215047969410843 455.50000000000006
decision_type=2 2 2 2 2 2 2 2 2 2 2 2 2 2 2 2 2 2 2 2 2 2
left_child=1 11 4 -4 6 14 -2 8 -8 10 12 17 -7 -6 -3 16 -9 -1 -16 -20 -17 -13
right_child=2 5 3 -5 13 9 7 15 -10 -11 -12 21 -14 -15 18 20 -18 -19 19 -21 -22 -23
leaf_value=-3.2975670872355867 0.10814800461857367 -0.098084491979536448 1.4568549227624097 2.8056665101977432 2.1103723807372532 1.9650919677090704 2.1663868771425352 1.7308437895745052 1.9967103259867254 -0.018343097452241414 1.1261095287666172 0.75403077597089607 -0.27508074462220666 3.1341583778628097 0.50397215970202691 0.25115362921560008 0.58690990211023086 -0.1008722036451381 2.1085520975640644 0.31909872882419166 1.5046863154798289 -0.3890671364690228
leaf_weight=11927 116 453 87 415 76 139 137 106 88 85 103 160 61 179 368 132 60 350 56 81 203 60
leaf_count=11927 116 453 87 415 76 139 137 106 88 85 103 160 61 179 368 132 60 350 56 81 203 60
internal_value=-0.000842203 -0.00260276 0.0143491 0.0214211 0.0110145 0.00339119 0.0087314 0.0100021 0.0158261 0.00798855 0.01025 -0.00325084 0.00623171 0.0181731 0.00147923 0.00722134 0.0112368 -0.00334327 0.0035 0.00709859 0.00504412 0.00178889
internal_weight=15442 13843 1599 502 1097 1346 842 726 225 388 303 12497 200 255 958 501 166 12277 505 137 335 220
internal_count=15442 13843 1599 502 1097 1346 842 726 225 388 303 12497 200 255 958 501 166 12277 505 137 335 220
is_linear=0
shrinkage=0.035


Tree=12
num_leaves=23
num_cat=0
split_feature=9 7 25 9 4 12 5 20 7 8 9 20 22 12 12 9 12 9 22 7 7 4
split_gain=337.973 38.1603 23.4437 17.5257 11.5392 10.9671 9.03223 6.42482 4.2757 4.14079 3.8763 3.64362 3.42789 4.25985 3.14139 3.99598 2.26086 2.24326 2.23831 2.49974 2.30449 2.11715
threshold=19.5082496777217 13.718963282098105 210.50000000000003 23.572667725649094 8.7230576230351975 6.5077789846562988 6.9747745027976142 24.500000000000004 21.010724767698907 16.717976190476197 17.117731121339435 18.500000000000004 16785.000000000004 8.4555325884580004 7.7792375936535905 21.90097402597403 6.4038603519798931 22.960714285714293 10086.000000000002 20.732142857142861 22.153581910556053 16.940434238785283
decision_type=2 2 2 2 2 2 2 2 2 2 2 2 2 2 2 2 2 2 2 2 2 2
left_child=1 -1 3 5 -5 21 -4 10 -6 -9 -3 14 17 -14 -7 -16 -11 -8 -12 -20 -21 -2
right_child=2 7 6 4 8 11 12 9 -10 16 18 -13 13 -15 15 -17 -18 -19 19 20 -22 -23
leaf_value=-3.0421522391823408 2.1291625529803331 -0.099207519318884455 -0.11372761633235902 1.6168423859460315 2.4175166955458924 0.138819893059277 1.4195147530095176 0.62925164664837174 2.8892184582030107 2.027779386490673 0.73759902104492003 2.2860749314519455 1.5346322066012172 -0.48010664309526685 1.8841735368346595 0.48523156148342073 0.43938800735339162 0.65505796733483235 0.078100444454129725 1.1557988122720668 1.1485446501849654 3.0395214469366172
leaf_weight=12087 53 801 106 63 52 115 175 189 414 77 150 130 83 60 60 62 45 77 381 47 69 140
leaf_count=12087 53 801 106 63 52 115 175 189 414 77 150 130 83 60 60 62 45 77 381 47 69 140
internal_value=-0.000893304 -0.00265096 0.0143621 0.0172633 0.0219307 0.0126681 0.00791304 0.00215476 0.0238461 0.00668987 0.001149 0.00882527 0.010325 0.00548649 0.00590083 0.00972835 0.0116575 0.0128424 0.00315644 0.00193825 0.00633471 0.0194798
internal_weight=15436 13846 1590 1089 529 560 501 1759 466 311 1448 367 395 143 237 122 122 252 647 497 116 193
internal_count=15436 13846 1590 1089 529 560 501 1759 466 311 1448 367 395 143 237 122 122 252 647 497 116 193
is_linear=0
shrinkage=0.035


Tree=13
num_leaves=23
num_cat=0
split_feature=9 9 9 4 4 12 12 22 21 11 22 5 22 12 9 8 11 9 12 21 12 2
split_gain=319.861 34.301 26.8909 15.8581 8.57183 14.4722 6.13967 5.36863 4.78684 5.12173 4.64651 3.97113 3.18639 3.99677 3.94807 2.78092 2.59385 2.4918 2.50113 2.31941 2.03893 2.03814
threshold=19.5082496777217 15.250178571428574 24.07460317460318 10.946439606378263 8.9846950015344529 6.6210252830050198 7.4403419494706364 16785.000000000004 2.5000000000000004 8.7569438681231979 16785.000000000004 7.9732713418271493 25082.000000000004 5.8805796665600063 16.980780885804954 13.000357142857146 5.2857885352670371 22.408670402842265 8.0606120727905211 1.5000000000000002 4.20432162917258 22.797540755617458
decision_type=2 2 2 2 2 2 2 2 2 2 2 2 2 2 2 2 2 2 2 2 2 2
left_child=1 6 4 -4 -2 7 15 -6 19 17 20 -12 -13 14 -14 -1 -16 18 -10 -7 -3 -11
right_child=2 10 3 -5 5 8 -8 -9 9 21 11 12 13 -15 16 -17 -18 -19 -20 -21 -22 -23
leaf_value=-3.2156769108109589 0.16928804788981808 -0.010521481528624633 1.5385042780166529 2.5498500397951864 2.6422897401463978 3.1196351288025146 0.77545195691665525 1.5573519461165386 1.558363477906332 2.1281691896357224 -0.53287488861484023 -0.10653478546457726 0.18322774028629615 0.31892821207514377 1.5343696895206596 -0.21251080232795738 0.71207094027791995 1.7849941938733087 -0.14291559468650872 0.44380988267078897 1.0838834919664806 2.0878714445809075
leaf_weight=11744 123 50 84 426 239 63 85 57 157 70 194 260 113 387 66 589 66 120 51 142 244 62
leaf_count=11744 123 50 84 426 239 63 85 57 157 70 194 260 113 387 66 589 66 120 51 142 244 62
internal_value=-0.000938138 -0.00265562 0.0138796 0.0205583 0.0106414 0.0117536 -0.00323799 0.0182442 0.00872388 0.0107258 0.00256498 0.0014725 0.0024699 0.00380769 0.00728 -0.00330426 0.0113175 0.00806156 0.00537324 0.004 0.00644983 0.0166825
internal_weight=15392 13798 1594 510 1084 961 12418 296 665 460 1380 1086 892 632 245 12333 132 328 208 205 294 132
internal_count=15392 13798 1594 510 1084 961 12418 296 665 460 1380 1086 892 632 245 12333 132 328 208 205 294 132
is_linear=0
shrinkage=0.035


Tree=14
num_leaves=23
num_cat=0
split_feature=9 9 22 21 9 12 5 12 5 21 21 11 7 25 9 25 8 9 10 8 25 25
split_gain=291.79 36.1038 24.2676 16.7054 15.4939 11.4776 8.81585 6.50474 5.31733 4.8364 4.38658 3.36005 5.15038 3.2667 2.57603 2.36915 1.95045 2.90664 2.96034 1.68034 1.40614 1.58325
threshold=19.5082496777217 15.250178571428574 16785.000000000004 2.5000000000000004 24.07460317460318 6.6210252830050198 10.946439606378263 7.4403419494706364 11.946428571428573 2.5000000000000004 3.5000000000000004 5.9216495341244384 19.580392744506621 200.00000000000003 12.145154118299546 807.00000000000011 19.700802187105939 16.980780885804954 5.1547481579053569 17.839743589743595 224.50000000000003 233.00000000000003
decision_type=2 2 2 2 2 2 2 2 2 2 2 2 2 2 2 2 2 2 2 2 2 2
left_child=1 7 4 -4 5 8 -6 14 -2 11 -5 12 13 19 -1 16 17 -11 -19 -3 -16 -22
right_child=2 9 3 10 6 -7 -8 -9 -10 15 -12 -13 -14 -15 20 -17 -18 18 -20 -21 21 -23
leaf_value=-3.2962551800444952 0.47051137435891832 1.7850311656448672 -0.1776787366139651 2.3433101920026802 1.6861365619709112 1.3823421118156187 2.5212256881347965 0.88572951639027564 2.8024771954546828 0.18013616368314775 1.2499124740701344 -0.29834309649452795 2.7959074830169235 -0.12497787520954337 -1.2718870122783712 0.13180413799814772 0.36943686743619719 0.91998027768791524 0.97917081792322891 0.034514225749946281 0.63717899670784128 -0.26838027001900366
leaf_weight=11510 46 77 190 78 74 450 364 80 215 112 180 296 45 265 300 183 86 154 119 50 91 442
leaf_count=11510 46 77 190 78 74 450 364 80 215 112 180 296 45 265 300 183 86 154 119 50 91 442
internal_value=-0.000990593 -0.00263102 0.0131479 0.00608057 0.0158501 0.0124358 0.0211501 -0.00322964 0.0183421 0.00271049 0.0118042 0.000720866 0.00267647 0.0012607 -0.00329592 0.0048915 0.00620588 0.00726923 0.00921583 0.0057803 -0.00136993 -0.000247213
internal_weight=15407 13810 1597 448 1149 711 438 12423 261 1387 258 733 437 392 12343 654 471 385 273 127 833 533
internal_count=15407 13810 1597 448 1149 711 438 12423 261 1387 258 733 437 392 12343 654 471 385 273 127 833 533
is_linear=0
shrinkage=0.035


Tree=15
num_leaves=23
num_cat=0
split_feature=9 7 22 9 5 12 6 9 9 25 20 20 5 22 8 12 20 11 20 10 12 11
split_gain=274.919 32.8578 24.5464 14.7847 12.1915 8.03119 7.17016 4.76657 4.76461 4.59238 4.09166 3.73457 3.07815 2.60667 2.38497 2.23491 1.99425 3.60975 6.56061 2.80317 1.87847 2.0353
threshold=19.5082496777217 13.14782136540043 16785.000000000004 24.07460317460318 9.9933189851049971 6.6210252830050198 6.9788236341370462 16.789456666317523 21.690047969410838 455.50000000000006 25.500000000000004 22.500000000000004 16.940434238785283 33201.500000000007 16.872397719833153 7.0996185807888166 25.500000000000004 7.0733981651269149 8.5000000000000018 5.2006913713404428 4.3046812472089746 3.9900389529484266
decision_type=2 2 2 2 2 2 2 2 2 2 2 2 2 2 2 2 2 2 2 2 2 2
left_child=1 15 3 5 -5 11 -4 13 -8 10 -9 12 -2 20 -12 -1 17 -7 -19 -20 -3 -22
right_child=2 7 6 4 -6 16 8 9 -10 -11 14 -13 -14 -15 -16 -17 -18 18 19 -21 21 -23
leaf_value=-2.9177592876310179 0.70659494043278992 -0.48384911890957433 -0.21686127935864624 1.6253717818846973 2.3319606065119056 1.0753370286264301 0.95986553715501333 0.62387555950403206 2.1429993515650838 -0.2215217878496496 0.65127821473703751 2.3136006657709611 2.8933065452440112 -0.71104219470706542 1.9263627345940619 0.371375505327941 3.7735060374278899 1.2715215323164981 1.4865124606121507 0.64277836090236762 0.68452633432049492 0.10138791782339727
leaf_weight=11831 68 102 112 75 378 120 192 637 140 171 47 65 115 400 74 93 58 89 51 144 80 430
leaf_count=11831 68 102 112 75 378 120 192 637 140 171 47 65 115 400 74 93 58 89 51 144 80 430
internal_value=-0.00106897 -0.0026597 0.0126104 0.0152885 0.0203428 0.0119196 0.00546436 0.00155396 0.00802819 0.0033576 0.00452752 0.0171126 0.0136277 -9.29212e-05 0.0103889 -0.00334743 0.00894111 0.00779584 0.00994291 0.00595 0.00132172 0.00220874
internal_weight=15472 13865 1607 1163 453 710 444 1941 332 929 758 248 183 1012 121 11924 462 404 284 195 612 510
internal_count=15472 13865 1607 1163 453 710 444 1941 332 929 758 248 183 1012 121 11924 462 404 284 195 612 510
is_linear=0
shrinkage=0.035


Tree=16
num_leaves=23
num_cat=0
split_feature=8 22 7 20 7 21 25 20 21 8 20 21 21 6 8 11 6 20 12 10 3 20
split_gain=251.413 32.972 22.3211 12.2221 12.3361 9.61414 9.28544 7.11516 4.24761 4.66403 4.21518 8.58604 4.05653 3.35388 3.12699 3.10586 2.84637 2.96283 2.71911 2.65887 2.36475 2.19465
threshold=18.501524510250249 16785.000000000004 13.583536160091679 19.500000000000004 24.007192378077715 2.5000000000000004 224.50000000000003 7.5000000000000009 2.5000000000000004 21.001524510250249 26.500000000000004 2.5000000000000004 3.5000000000000004 13.945691989906068 23.094925582398712 7.0733981651269149 18.75961538461539 14.500000000000002 6.9460315646673028 4.5763172587560463 13.982558156555685 9.5000000000000018
decision_type=2 2 2 2 2 2 2 2 2 2 2 2 2 2 2 2 2 2 2 2 2 2
left_child=2 3 18 4 14 -3 12 13 9 -5 20 -12 -7 -6 19 -11 -9 -18 -1 -2 -4 -8
right_child=1 5 10 8 7 6 21 16 -10 15 11 -13 -14 -15 -16 -17 17 -19 -20 -21 -22 -23
leaf_value=-2.7437556067786706 2.226444982252028 -0.065340338976911286 -0.21511946781666094 0.80458089998808424 1.8379837252920854 2.4604613551979702 0.88020772743675224 1.2979306466567255 2.3326189492897327 3.5183982528060938 0.069326781561308226 1.331194569041307 1.1485796838393383 1.9477036860122503 1.2920962723401817 1.6767747638365538 1.1392281684956858 1.9415627035990393 0.45020383224661287 0.3967263264972487 0.31532205807474417 0.85092297759166602
leaf_weight=11885 91 292 462 73 46 76 58 93 212 71 131 78 91 122 130 56 83 51 97 220 782 202
leaf_count=11885 91 292 462 73 46 76 58 93 212 71 131 78 91 122 130 56 83 51 97 220 782 202
internal_value=-0.00109428 0.0105745 -0.00280729 0.014014 0.0113989 0.00452486 0.00784259 0.015925 0.0190779 0.0144268 0.00127709 0.00582243 0.0142035 0.0215867 0.00717264 0.0185076 0.0112845 0.0146295 -0.00330437 0.00502848 0.000479183 0.0035
internal_weight=15402 1967 13435 1248 836 719 427 395 412 200 1453 209 167 168 441 127 227 134 11982 311 1244 260
internal_count=15402 1967 13435 1248 836 719 427 395 412 200 1453 209 167 168 441 127 227 134 11982 311 1244 260
is_linear=0
shrinkage=0.035


Tree=17
num_leaves=23
num_cat=0
split_feature=9 9 9 5 12 20 20 21 7 20 21 21 7 12 4 12 8 22 12 21 7 20
split_gain=244.755 31.0826 21.9558 17.5506 7.8716 7.64277 7.21046 5.23217 4.70819 12.4117 4.39817 3.83803 3.56485 3.38759 3.1172 6.53268 3.10599 3.03313 2.30013 2.13184 2.07105 1.88358
threshold=19.5082496777217 13.156280398468322 24.07460317460318 9.9933189851049971 6.9460315646673028 24.500000000000004 24.500000000000004 2.5000000000000004 24.007192378077715 7.5000000000000009 2.5000000000000004 3.5000000000000004 20.732142857142861 5.936401662140514 11.946428571428573 5.1133023615464532 17.366071428571434 25082.000000000004 7.0996185807888166 2.5000000000000004 21.290670902596371 9.5000000000000018
decision_type=2 2 2 2 2 2 2 2 2 2 2 2 2 2 2 2 2 2 2 2 2 2
left_child=1 4 6 -4 -1 12 8 20 14 -10 16 -11 19 -12 -2 -16 -7 -5 -14 -3 -8 -21
right_child=2 5 3 17 -6 10 7 -9 9 11 13 -13 18 -15 15 -17 -18 -19 -20 21 -22 -23
leaf_value=-2.788569447820215 0.10439515165053607 -0.19978685395865797 0.40597042851170795 2.3975003908768437 1.1820798133973265 -0.07957486261492816 0.71862299093742577 2.721275867231669 1.5506217621323251 1.9453720672107278 1.0880251430832903 -0.18912265240132028 1.3918006491459938 0.24758712289898174 3.1297545209445596 0.76557440559365997 2.3797915823341613 1.1293794376224211 0.066003494187307651 0.38071092821298147 4.4568330050262119 -0.087796558114297096
leaf_weight=11896 123 786 98 375 61 148 45 91 79 76 91 75 88 51 46 491 63 45 70 235 45 396
leaf_count=11896 123 786 98 375 61 148 45 91 79 76 91 75 88 51 46 491 63 45 70 235 45 396
internal_value=-0.00116199 -0.00265335 0.0118262 0.0177811 -0.00331859 0.0014612 0.00886059 0.0153172 0.00744972 0.0118404 0.006081 0.00547436 0.000398733 0.0107857 0.00581579 0.00696125 0.00265741 0.0208765 0.00530368 -0.000152603 0.00828947 0.00134277
internal_weight=15474 13885 1589 518 11957 1928 1071 181 890 230 353 151 1575 142 660 537 211 420 158 1417 90 631
internal_count=15474 13885 1589 518 11957 1928 1071 181 890 230 353 151 1575 142 660 537 211 420 158 1417 90 631
is_linear=0
shrinkage=0.035


Tree=18
num_leaves=23
num_cat=0
split_feature=7 22 20 7 21 21 7 7 20 20 6 7 3 22 6 12 22 11 12 22 11 5
split_gain=208.785 45.794 14.9346 15.3382 11.1073 10.8739 7.33999 6.82835 6.31952 5.50095 5.2932 4.92087 3.26083 2.66709 2.55573 2.05118 1.9522 1.95084 2.38946 2.78819 2.97223 1.84131
threshold=15.717747209918626 16785.000000000004 19.500000000000004 24.007192378077715 2.5000000000000004 2.5000000000000004 12.444577672416967 20.289929968360216 24.500000000000004 7.5000000000000009 12.890294869445023 19.897829828999679 20.946428571428573 25082.000000000004 11.827380952380954 7.0996185807888166 10086.000000000002 9.3750950123576917 6.783646224184138 6498.5000000000009 5.8586863026251406 15.945025446116915
decision_type=2 2 2 2 2 2 2 2 2 2 2 2 2 2 2 2 2 2 2 2 2 2
left_child=6 2 3 17 -3 7 15 14 11 10 -5 -6 -11 -13 -4 -1 -8 18 19 21 -21 -2
right_child=1 4 5 9 8 -7 16 -9 -10 12 -12 13 -14 -15 -16 -17 -18 -19 -20 20 -22 -23
leaf_value=-2.7964057107032971 -0.5100431314965167 -0.087321249022805122 1.7648395730690989 1.8084453666254148 0.29823112616883579 2.4999686753072434 1.0361813061191283 2.5096145824129459 1.5514974786750273 0.51748099522570035 1.8201216492981902 0.1724408537892971 1.3095913621737061 1.258895089872357 0.10520075263094111 0.42695701039170164 -0.12890637181113898 0.75574239365660234 0.24984316333215031 2.6539923584373084 0.6832001695833646 0.47202472943456558
leaf_weight=11599 60 594 57 47 351 221 49 138 92 52 116 47 168 229 72 64 962 65 181 105 45 86
leaf_count=11599 60 594 57 47 351 221 49 138 92 52 116 47 168 229 72 64 962 65 181 105 45 86
internal_value=-0.00121665 0.00756005 0.0119267 0.00918279 0.00282018 0.0169462 -0.00310801 0.0116838 0.00573342 0.0145412 0.019625 0.00436392 0.0103444 0.00783452 0.0053806 -0.00335602 -0.000227363 0.005266 0.00434232 0.00626744 0.00959677 0.00252649
internal_weight=15400 2726 1413 925 1313 488 12674 267 719 383 163 627 220 276 129 11663 1011 542 477 296 150 146
internal_count=15400 2726 1413 925 1313 488 12674 267 719 383 163 627 220 276 129 11663 1011 542 477 296 150 146
is_linear=0
shrinkage=0.035


Tree=19
num_leaves=23
num_cat=0
split_feature=9 9 5 9 12 20 21 12 7 12 20 21 7 20 22 22 7 3 12 20 10 20
split_gain=207.588 29.4082 18.373 17.675 10.4257 7.51 6.0209 4.13091 3.66485 3.65638 3.28012 6.14707 4.18313 6.08641 3.09716 2.94283 2.50028 2.34523 1.91497 1.63374 4.21834 3.43154
threshold=19.5082496777217 12.145154118299546 6.9747745027976142 23.572667725649094 5.936401662140514 25.500000000000004 2.5000000000000004 9.3132291466709738 21.010724767698907 6.8727569651421678 23.500000000000004 2.5000000000000004 23.153581910556053 7.5000000000000009 25082.000000000004 33201.500000000007 18.580604475465019 10.88417315867712 8.3355461626536052 17.500000000000004 10.626785505202838 9.5000000000000018
decision_type=2 2 2 2 2 2 2 2 2 2 2 2 2 2 2 2 2 2 2 2 2 2
left_child=1 9 7 4 14 15 16 -2 -5 -1 12 -12 -6 -14 -4 17 -7 -3 -15 20 21 -10
right_child=2 5 3 8 10 6 -8 -9 19 -11 11 -13 13 18 -16 -17 -18 -19 -20 -21 -22 -23
leaf_value=-2.8041321357783566 -0.048522567789524018 -0.36269584969782154 2.4187523742941486 1.6735106534663013 0.47514609416488091 -0.048878810315966748 0.99295900929388303 1.3888018484640301 2.3240786359531858 1.1556554113283266 0.70322438809678145 1.6931515479210655 1.2699715155502127 1.9257290565749146 1.3520838345520958 -0.49057630879595698 1.642010088125843 0.35975795867630767 -0.28915949571622118 2.5665037350564592 2.1589169507300001 1.2144576431420433
leaf_weight=11502 192 224 132 61 297 176 134 66 70 48 62 80 68 86 45 617 51 1060 52 180 71 109
leaf_count=11502 192 224 132 61 297 176 134 66 70 48 62 80 68 86 45 617 51 1060 52 180 71 109
internal_value=-0.00127554 -0.00264888 0.0107576 0.0124332 0.00915417 0.000992721 0.0055847 0.00208935 0.0177399 -0.0033637 0.00694615 0.0117381 0.00545669 0.00927251 0.0166923 9.91597e-05 0.00193103 0.00106167 0.00457692 0.0189483 0.0159902 0.012288
internal_weight=15383 13812 1571 1313 822 2262 361 258 491 11550 645 142 503 206 177 1901 227 1284 138 430 250 179
internal_count=15383 13812 1571 1313 822 2262 361 258 491 11550 645 142 503 206 177 1901 227 1284 138 430 250 179
is_linear=0
shrinkage=0.035


Tree=20
num_leaves=23
num_cat=0
split_feature=9 9 5 9 20 12 21 12 12 8 9 12 20 23 3 10 20 7 7 25 7 10
split_gain=190.798 31.7139 15.5103 15.5552 8.83771 7.78421 7.08394 5.5732 4.79014 4.00865 3.53019 4.40466 4.81784 2.95909 2.87175 2.87134 2.8391 2.62846 2.26953 1.87258 2.52877 4.14494
threshold=19.716218463335505 12.698809523809524 6.9747745027976142 24.07460317460318 26.500000000000004 5.936401662140514 2.5000000000000004 7.0996185807888166 9.3132291466709738 17.366071428571434 21.690047969410838 9.3132291466709738 23.500000000000004 46750.000000000007 10.982153892092549 7.5671594595926246 6.5000000000000009 24.583454088187622 19.897829828999679 430.00000000000006 16.008403361344541 5.6680954636200793
decision_type=2 2 2 2 2 2 2 2 2 2 2 2 2 2 2 2 2 2 2 2 2 2
left_child=1 7 8 5 13 -4 9 -1 -2 -6 17 12 15 14 -3 -12 18 -7 -16 20 -18 -22
right_child=2 4 3 -5 6 10 -8 -9 -10 -11 11 -13 -14 -15 16 -17 19 -19 -20 -21 21 -23
leaf_value=-2.6175533623620315 -0.025373783464783802 -0.32888078191098852 2.2001636864075786 2.0146954540461928 -0.14917171441224544 0.66810941281543379 1.0880324861408088 1.2806352305543878 1.4927152511417587 2.4096491736722334 0.834300492549505 0.49290004808509119 4.196123002908366 -0.28813078432802758 0.21530039731198222 1.7664757032011742 -0.21775748389723576 1.1849797294708002 1.3032248683880889 -0.13149966116882525 1.124435074381446 0.0049820202763012642
leaf_weight=11634 188 218 166 397 111 277 95 46 67 51 137 87 50 564 155 94 202 56 72 371 166 145
leaf_count=11634 188 218 166 397 111 277 95 46 67 51 137 87 50 564 155 94 202 56 72 371 166 145
internal_value=-0.00131165 -0.00260698 0.0104403 0.012028 0.00129118 0.00926376 0.00732061 -0.00332627 0.00242308 0.00257784 0.00750566 0.00991823 0.012042 0.000446258 0.00135382 0.00940254 0.00208244 0.00468047 0.00555172 0.00114567 0.00251351 0.00447468
internal_weight=15349 13830 1519 1264 2150 867 257 11680 255 162 701 368 281 1893 1329 231 1111 333 227 884 513 311
internal_count=15349 13830 1519 1264 2150 867 257 11680 255 162 701 368 281 1893 1329 231 1111 333 227 884 513 311
is_linear=0
shrinkage=0.035


Tree=21
num_leaves=23
num_cat=0
split_feature=9 9 25 25 20 9 5 9 12 12 22 7 20 11 8 20 24 9 7 1 5 9
split_gain=179.387 31.8593 14.583 9.905 10.5575 8.62333 6.9092 4.41317 5.91319 2.56542 2.54402 2.48519 3.10205 2.47985 2.19848 2.12019 1.8567 2.17888 1.82314 2.38564 1.72438 1.70665
threshold=16.789456666317523 23.572667725649094 421.00000000000006 455.50000000000006 25.500000000000004 10.912831063616842 9.9933189851049971 20.143619397982267 5.936401662140514 5.8805796665600063 33201.500000000007 23.153581910556053 7.5000000000000009 8.7569438681231979 17.839743589743595 24.500000000000004 4685.0000000000009 13.312221499828377 21.290670902596371 29.073923966709916 17.961864802538603 22.647709039754044
decision_type=2 2 2 2 2 2 2 2 2 2 2 2 2 2 2 2 2 2 2 2 2 2
left_child=5 3 6 4 7 -1 -3 -2 20 -6 15 13 -13 -10 -11 16 -7 -18 -8 -20 -9 -14
right_child=1 2 -4 -5 9 10 18 8 11 14 -12 12 21 -15 -16 -17 17 -19 19 -21 -22 -23
leaf_value=-2.8953761620336187 0.48218580117099769 1.3782966502665825 -0.091227316795837773 -0.38508487613191728 1.5263743192128829 -0.61716386266378531 2.0592860628521743 1.3346952591689125 0.29268370867424182 0.56241375128461168 -0.4458236378418613 1.1857009174135491 1.730590881115915 1.0197455122028742 1.5698968775951621 0.37940745231415735 0.77247403319432928 -0.027095630465165159 2.2750968355790393 1.7508352983085926 2.2461119974490003 -0.19002757426511427
leaf_weight=11102 786 83 69 207 88 252 56 48 248 50 862 61 72 79 117 179 95 365 287 109 84 54
leaf_count=11102 786 83 69 207 88 252 56 48 248 50 862 61 72 79 117 179 95 365 287 109 84 54
internal_value=-0.00136007 0.00721115 0.0142011 0.00494128 0.0058292 -0.00302916 0.0161389 0.00461065 0.00676882 0.0123846 -0.000732652 0.00492967 0.00816667 0.00293072 0.00911628 0.000562499 -0.000278244 0.00101613 0.0178676 0.0188441 0.0133613 0.00451527
internal_weight=15353 2498 604 1894 1687 12855 535 1432 646 255 1753 514 187 327 167 891 712 460 452 396 132 126
internal_count=15353 2498 604 1894 1687 12855 535 1432 646 255 1753 514 187 327 167 891 712 460 452 396 132 126
is_linear=0
shrinkage=0.035


Tree=22
num_leaves=23
num_cat=0
split_feature=9 9 5 9 20 20 9 7 20 7 3 25 20 11 9 11 1 9 11 20 7 25
split_gain=164.822 30.6328 13.144 10.05 6.6587 5.16094 3.61252 3.49641 3.18724 4.01339 3.08658 3.07166 2.85398 4.18862 3.12872 2.62682 2.29761 2.19014 2.17921 2.12255 3.96841 4.60196
threshold=20.143619397982267 11.926421442748618 6.9747745027976142 23.572667725649094 26.500000000000004 23.500000000000004 16.980780885804954 21.16836734693878 7.5000000000000009 23.732142857142861 10.88417315867712 210.50000000000003 7.5000000000000009 4.6813721373055079 15.250178571428574 6.8664657319724318 30.236721569975128 21.459415584415588 5.4435161551949287 16.500000000000004 15.717747209918626 421.00000000000006
decision_type=2 2 2 2 2 2 2 2 2 2 2 2 2 2 2 2 2 2 2 2 2 2
left_child=1 15 11 5 10 8 -6 -5 9 -4 -3 -2 13 -12 -15 -1 -9 -7 -10 -14 -21 -22
right_child=2 4 3 7 6 17 -8 16 18 -11 12 -13 19 14 -16 -17 -18 -19 -20 20 21 -23
leaf_value=-2.5495737582774538 1.0473890477775236 -0.42251599008636193 1.1931772576870467 1.5000332811856087 0.35770694720627183 1.2331702505424562 1.2771855996446644 2.1379558409285102 2.687047398130916 1.0679594912572739 -0.21865385060006742 -0.23192341732228017 -0.39802159847352381 -0.1142016854059187 0.77313057752098091 1.1280590433746402 1.6806913974945694 2.2823576628983058 0.67822020166082364 -0.15721187248630109 0.98459559245243777 -0.036906347044706266
leaf_weight=11367 142 483 71 70 170 103 121 332 46 71 155 102 653 51 193 49 99 78 332 367 182 146
leaf_count=11367 142 483 71 70 170 103 121 332 46 71 155 102 653 51 193 49 99 78 332 367 182 146
internal_value=-0.00140974 -0.00257868 0.00981495 0.0113177 0.000906175 0.00844759 0.00584122 0.0151759 0.0065 0.0110238 0.000242728 0.00226305 0.000934931 0.00351733 0.00633936 -0.00334984 0.0164083 0.0136237 0.00463316 0.000147449 0.0015 0.00427778
internal_weight=15383 13937 1446 1202 2521 701 291 501 520 142 2230 244 1747 399 244 11416 431 181 378 1348 695 328
internal_count=15383 13937 1446 1202 2521 701 291 501 520 142 2230 244 1747 399 244 11416 431 181 378 1348 695 328
is_linear=0
shrinkage=0.035


Tree=23
num_leaves=23
num_cat=0
split_feature=9 9 5 9 20 20 20 20 21 21 12 7 22 22 12 20 10 8 7 21 20 24
split_gain=155.036 25.9416 15.5485 8.88858 8.27244 6.44803 5.55561 6.26678 4.38002 3.40455 4.5749 2.89821 2.84706 2.6517 2.58579 2.314 6.79617 2.31018 2.53749 2.13596 2.80038 2.21343
threshold=16.789456666317523 21.690047969410838 8.7570536433732169 10.786076004550843 26.500000000000004 24.500000000000004 8.5000000000000018 16.500000000000004 2.5000000000000004 2.5000000000000004 5.0271011165840376 23.026516996264409 33201.500000000007 16785.000000000004 7.7792375936535905 7.5000000000000009 6.2716292407422634 22.87263965786218 21.290670902596371 2.5000000000000004 25.500000000000004 4685.0000000000009
decision_type=2 2 2 2 2 2 2 2 2 2 2 2 2 2 2 2 2 2 2 2 2 2
left_child=3 4 -3 -1 9 6 11 -8 -6 13 -11 -4 19 -2 -7 16 -12 -9 -19 -5 21 -21
right_child=1 2 5 12 8 14 7 17 -10 10 15 -13 -14 -15 -16 -17 -18 18 -20 20 -22 -23
leaf_value=-2.76836259830307 0.45755393179668535 0.17229385170543884 0.57016430371492233 -0.15279203169704828 1.3164943305086982 2.820827927429745 0.70121913495851718 0.69155123201837176 1.3989909921910366 2.2524052928269662 -0.12141307682244644 1.9103720188028279 -0.40928421576836249 -0.22901995582164059 2.2599614002296735 0.42882570027129585 1.0903731147865101 1.8081319972557166 1.8159033264387512 -0.58888781255887201 0.73072578980326863 0.34130032664151294
leaf_weight=11045 301 182 45 541 105 72 240 70 71 51 93 139 909 357 77 476 108 52 128 133 49 187
leaf_count=11045 301 182 45 541 105 72 240 70 71 51 93 139 909 357 77 476 108 52 128 133 49 187
internal_value=-0.00145025 0.00639308 0.0107772 -0.00301861 0.00353574 0.0128164 0.0111392 0.00894444 0.010616 0.00258914 0.00423533 0.0165 -0.000736843 0.000723227 0.0196818 0.00337683 0.00652427 0.0128333 0.0150405 0.000631147 0.00267647 0.00134615
internal_weight=15431 2567 1005 12864 1562 823 674 490 176 1386 728 184 1819 658 149 677 201 250 180 910 369 320
internal_count=15431 2567 1005 12864 1562 823 674 490 176 1386 728 184 1819 658 149 677 201 250 180 910 369 320
is_linear=0
shrinkage=0.035


Tree=24
num_leaves=23
num_cat=0
split_feature=9 9 5 9 20 9 27 12 21 20 20 25 21 12 22 3 22 22 9 12 7 22
split_gain=142.026 24.437 12.675 8.95761 6.76672 6.13909 4.85269 4.74745 4.02783 3.97523 6.24352 3.61162 3.94532 2.94663 2.74156 2.1749 2.04631 1.68894 5.25719 1.68752 1.42985 1.34886
threshold=16.789456666317523 21.90097402597403 8.7570536433732169 10.786076004550843 26.500000000000004 24.07460317460318 2.5000000000000004 9.0750979634745033 2.5000000000000004 22.500000000000004 8.5000000000000018 455.50000000000006 2.5000000000000004 5.0271011165840376 33201.500000000007 21.965076773329255 19263.000000000004 25082.000000000004 14.109126984126986 6.9460315646673028 25.583240427793623 19263.000000000004
decision_type=2 2 2 2 2 2 2 2 2 2 2 2 2 2 2 2 2 2 2 2 2 2
left_child=3 4 -3 -1 11 7 20 9 -6 10 -4 12 16 -14 17 -8 -2 21 -19 -16 -7 -5
right_child=1 2 5 14 8 6 15 -9 -10 -11 -12 -13 13 -15 19 -17 -18 18 -20 -21 -22 -23
leaf_value=-2.6419072051919477 0.40902431747306234 0.26256247057884541 1.3067587880529827 0.10366362109067503 1.0347641783608987 1.8745576972057549 1.3676797589967009 0.29183286720526891 1.3201076108254834 3.8094031811706848 0.70913148246029489 -0.34970224242142878 2.2798682928336582 0.68125409142615889 -0.50606919590609545 1.9303303499998572 -0.11412672707434053 1.0290936037731289 -0.022977402273464207 0.24663762872623324 1.412826027387432 -0.66924955394043228
leaf_weight=11049 316 156 65 354 108 78 94 92 72 62 147 188 55 567 858 166 297 88 232 73 71 253
leaf_count=11049 316 156 65 354 108 78 94 92 72 62 147 188 55 567 858 166 297 88 232 73 71 253
internal_value=-0.00151275 0.00605297 0.0105598 -0.00300124 0.00339987 0.0123846 0.0154372 0.00876415 0.00974324 0.011052 0.00827419 0.00255392 0.00324597 0.00520813 -0.000738326 0.0119528 0.00120065 0.000593347 0.00263846 -0.00207906 0.0208182 -0.000468955
internal_weight=15441 2534 931 12907 1603 775 409 366 180 274 212 1423 1235 622 1858 260 613 927 320 931 149 607
internal_count=15441 2534 931 12907 1603 775 409 366 180 274 212 1423 1235 622 1858 260 613 927 320 931 149 607
is_linear=0
shrinkage=0.035


Tree=25
num_leaves=23
num_cat=0
split_feature=9 9 5 9 20 12 9 20 20 25 11 11 20 3 22 21 12 25 20 27 21 12
split_gain=128.483 21.7195 11.9985 9.63665 6.53246 5.84736 6.00493 4.66615 7.25518 3.63123 3.36856 3.0981 3.04608 2.19402 2.1029 2.0505 1.97882 1.84866 1.78862 1.72344 1.6334 1.56776
threshold=16.789456666317523 21.90097402597403 8.7570536433732169 11.207536514977493 26.500000000000004 8.910415358004137 25.589285714285719 21.500000000000004 8.5000000000000018 248.50000000000003 5.2857885352670371 8.925321201231057 16.500000000000004 16.940434238785283 33201.500000000007 2.5000000000000004 5.7633557655199708 191.00000000000003 26.500000000000004 2.5000000000000004 1.5000000000000002 5.6291706126250025
decision_type=2 2 2 2 2 2 2 2 2 2 2 2 2 2 2 2 2 2 2 2 2 2
left_child=3 4 -3 16 9 7 -7 8 -4 10 13 -12 -10 -2 18 20 -1 -15 -5 -8 -6 -11
right_child=1 2 5 14 15 6 19 -9 12 21 11 -13 -14 17 -16 -17 -18 -19 -20 -21 -22 -23
leaf_value=-2.4794404530102292 0.5905802245562729 0.08395403051808896 1.9782810949287752 0.0014176962375756393 1.6696845725113392 0.45827725468148595 1.2614016960934726 3.0522238318697386 0.83074193170977162 -0.32407719430229359 0.10480976371075783 1.0370915455790253 1.6256562625029551 1.5363553636527723 -0.3593930460078209 1.3094747519938008 1.1463490835421104 2.3095079470134654 0.47195761410244214 0.65301219711219005 0.18610407340124691 0.19952701698067021
leaf_weight=11119 90 160 109 790 63 158 58 135 135 175 430 109 92 89 773 79 45 98 110 90 46 436
leaf_count=11119 90 160 109 790 63 158 58 135 135 175 430 109 92 89 773 79 45 98 110 90 46 436
internal_value=-0.00156061 0.00560246 0.00983864 -0.00298762 0.00311111 0.0116279 0.00752894 0.0141471 0.0114853 0.00226816 0.00378989 0.00209743 0.00751293 0.00692553 -0.000496425 0.0091943 -0.00335899 0.00907812 0.000638121 0.0125131 0.00540351 0.000193181
internal_weight=15389 2552 937 12837 1615 777 306 471 336 1427 816 539 227 277 1673 188 11164 187 900 148 109 611
internal_count=15389 2552 937 12837 1615 777 306 471 336 1427 816 539 227 277 1673 188 11164 187 900 148 109 611
is_linear=0
shrinkage=0.035


Tree=26
num_leaves=23
num_cat=0
split_feature=8 6 7 8 20 22 21 20 0 7 22 11 22 20 7 6 21 20 18 8 1 3
split_gain=125.523 15.7489 12.7838 8.08936 7.48082 3.37799 4.28606 3.186 2.9779 3.19571 2.8967 2.37628 2.17673 1.76956 1.54416 2.65452 2.94901 1.28731 3.12255 1.44715 1.27414 2.16764
threshold=18.015496800719323 18.75961538461539 12.573014745929868 22.87263965786218 24.500000000000004 16785.000000000004 2.5000000000000004 17.500000000000004 31.032336348011363 21.010724767698907 6498.5000000000009 7.6614490589887634 25082.000000000004 7.5000000000000009 15.580316863587543 10.85163014869091 2.5000000000000004 1.5000000000000002 1.0000000180025095e-35 10.360585432670662 16.987659160272365 20.017857142857146
decision_type=2 2 2 2 2 2 2 2 2 2 2 2 2 2 2 2 2 2 2 2 2 2
left_child=2 5 11 4 13 10 -7 -4 9 -5 -2 17 -8 -3 -9 -16 -17 18 -1 -19 -12 -22
right_child=1 3 7 8 -6 6 12 14 -10 -11 20 -13 -14 -15 15 16 -18 19 -20 -21 21 -23
leaf_value=-2.0534455301173304 0.26101215020327179 1.3508950568564231 -0.23095692174537624 1.5811088497369696 1.8125911221551156 -0.19813092661721707 -0.4878398969567071 0.044963748950829656 0.9160489941793466 1.545387426611788 0.50055515006528162 0.27424700803583368 0.83262159915701983 0.44712042545365582 1.4751409188958025 -0.57844223954586971 0.52929653020782952 -2.6376600371548711 1.7443396223833982 -0.37661996399358533 1.2291431022591046 2.1215641846088231
leaf_weight=289 201 92 949 49 124 277 76 361 93 322 77 53 228 265 110 90 77 10522 137 808 167 161
leaf_count=289 201 92 949 49 124 277 76 361 93 322 77 53 228 265 110 90 77 10522 137 808 167 161
internal_value=-0.00159824 0.00627772 -0.0028549 0.00965263 0.00629424 0.00354698 0.00157679 8.35419e-05 0.0129925 0.0144654 0.00537889 -0.00325114 0.0044288 0.00355801 0.00199767 0.00394681 0.000976743 -0.00328573 -0.00130743 -0.00335796 0.00708537 0.00806156
internal_weight=15528 2132 13396 945 481 1187 581 1587 464 371 606 11809 304 357 638 277 167 11756 426 11330 405 328
internal_count=15528 2132 13396 945 481 1187 581 1587 464 371 606 11809 304 357 638 277 167 11756 426 11330 405 328
is_linear=0
shrinkage=0.035


Tree=27
num_leaves=23
num_cat=0
split_feature=9 9 25 9 5 20 9 12 5 8 23 7 20 21 20 20 21 4 21 12 21 12
split_gain=116.232 19.747 12.0025 8.90144 6.65881 5.66899 3.25581 3.13142 3.55199 3.05306 2.41356 2.33182 2.40589 4.85585 3.13841 2.25904 2.39333 2.67039 1.81959 2.58185 1.80961 2.38661
threshold=16.789456666317523 23.572667725649094 421.00000000000006 10.508507269154792 17.961864802538603 25.500000000000004 20.143619397982267 6.6210252830050198 16.940434238785283 16.872397719833153 12800.000000000002 21.16836734693878 16.500000000000004 2.5000000000000004 8.5000000000000018 24.500000000000004 2.5000000000000004 12.557872588367035 2.5000000000000004 6.6210252830050198 3.5000000000000004 7.3402617043732228
decision_type=2 2 2 2 2 2 2 2 2 2 2 2 2 2 2 2 2 2 2 2 2 2
left_child=3 5 4 -1 -3 6 -2 8 -8 -7 -10 -6 14 -14 -13 -5 -17 -18 19 -11 -9 -22
right_child=1 2 -4 15 11 9 7 20 10 18 -12 12 13 -15 -16 16 17 -19 -20 -21 21 -23
leaf_value=-2.4403419358544514 0.23278785785571676 1.2872828948214123 -0.54799803078365061 -0.24103094390723956 1.304508128760673 0.10908714262578564 0.092064872331123523 0.44756248435601848 1.9405949855902251 1.849178280676143 0.57029050168874051 2.0122512072906225 2.019402356740974 2.2923996711521832 0.85172273580200986 -0.039602242793031005 0.59669678386519809 0.14161058550256769 1.3179586434139527 0.012327924782027631 -0.22096812791722376 0.81208577292330608
leaf_weight=10980 959 157 71 1599 47 65 76 232 81 65 46 77 70 102 101 197 45 88 91 56 60 176
leaf_count=10980 959 157 71 1599 47 65 76 232 81 65 46 77 70 102 101 197 45 88 91 56 60 176
internal_value=-0.00162832 0.00521896 0.0106111 -0.00297421 0.0123408 0.00341946 0.00260092 0.00447337 0.00811058 0.00804255 0.0116136 0.0147836 0.0158239 0.0192401 0.0119918 -0.000767322 0.00182836 0.00537681 0.0100484 0.0065 0.00278964 0.00492324
internal_weight=15441 2532 625 12909 554 1907 1630 671 203 277 127 397 350 172 178 1929 330 133 212 121 468 236
internal_count=15441 2532 625 12909 554 1907 1630 671 203 277 127 397 350 172 178 1929 330 133 212 121 468 236
is_linear=0
shrinkage=0.035


Tree=28
num_leaves=23
num_cat=0
split_feature=9 9 9 5 25 25 12 8 21 11 9 10 3 9 10 22 21 25 25 10 10 21
split_gain=113.153 16.3876 10.2766 8.82658 5.31942 5.00382 7.35538 3.98837 3.98688 3.05592 2.84943 2.72644 2.6592 2.56213 2.04669 2.04593 2.52326 3.46231 2.44789 2.15252 1.74523 2.27193
threshold=16.789456666317523 22.176785714285717 10.508507269154792 8.9846950015344529 455.50000000000006 224.50000000000003 7.1843557144086043 24.821428571428573 2.5000000000000004 4.588182557579823 25.160714285714288 8.0292519094536683 9.9383815326929881 22.960714285714293 10.626785505202838 33201.500000000007 2.5000000000000004 224.50000000000003 210.50000000000003 5.3139528825625897 3.1014589500826255 1.5000000000000002
decision_type=2 2 2 2 2 2 2 2 2 2 2 2 2 2 2 2 2 2 2 2 2 2
left_child=2 4 -1 -3 8 6 7 -5 11 -10 -8 12 -2 -7 -11 16 18 -18 -4 -19 -14 -22
right_child=1 3 15 5 -6 13 10 -9 9 14 -12 -13 20 -15 -16 -17 17 19 -20 -21 21 -23
leaf_value=-2.3899299680995449 -0.49257123410994536 0.15331099274182444 0.70041903249348136 2.4012759233414696 -0.4605203659318311 0.53095311822133773 1.3439345233254252 1.0975708095067849 1.8977407132195601 0.55653277140109081 1.3731593075546038 -0.43218513997832614 -0.21552816591594942 -0.045384060750190011 0.98637682520298064 -0.34354289012849965 -0.18381401906234521 0.76675294088603607 -0.29138507375872436 0.035985593436935907 1.1542676214749414 0.5634780724568107
leaf_weight=10934 71 153 90 75 212 58 235 50 101 562 235 150 74 76 49 972 167 121 489 85 215 236
leaf_count=10934 71 153 90 75 212 58 235 50 101 562 235 150 74 76 49 972 167 121 489 85 215 236
internal_value=-0.0016132 0.0051097 -0.00295036 0.008969 0.0030403 0.0105668 0.0119583 0.0196538 0.00379665 0.00567713 0.00968947 0.00195273 0.00302246 0.00405396 0.004625 -0.000578798 0.00055956 0.0027963 -0.000863015 0.0057891 0.00389623 0.00471272
internal_weight=15410 2552 12858 882 1670 729 595 125 1458 712 470 746 596 134 611 1924 952 373 579 206 525 451
internal_count=15410 2552 12858 882 1670 729 595 125 1458 712 470 746 596 134 611 1924 952 373 579 206 525 451
is_linear=0
shrinkage=0.035


Tree=29
num_leaves=23
num_cat=0
split_feature=9 9 9 5 25 12 25 21 20 8 24 9 9 20 21 10 3 25 9 22 25 21
split_gain=101.42 15.601 10.9744 7.43631 4.71337 4.97686 4.49179 3.97955 3.11531 2.9505 2.86523 2.86215 2.78887 2.63725 9.93775 2.54484 1.99829 1.85105 3.55353 4.00282 3.12833 1.95635
threshold=16.789456666317523 22.176785714285717 9.8997275072500308 8.9846950015344529 224.50000000000003 7.2707186386780052 455.50000000000006 2.5000000000000004 24.500000000000004 24.821428571428573 12965.500000000002 22.960714285714293 25.160714285714288 26.500000000000004 2.5000000000000004 8.2100391583481365 9.9383815326929881 224.50000000000003 13.312221499828377 32208.500000000004 171.00000000000003 2.5000000000000004
decision_type=2 2 2 2 2 2 2 2 2 2 2 2 2 2 2 2 2 2 2 2 2 2
left_child=2 6 -1 -3 5 9 7 15 -9 -5 13 -6 -7 17 -15 16 -2 20 19 -19 -4 -20
right_child=1 3 10 4 11 12 -8 8 -10 -11 -12 -13 -14 14 -16 -17 -18 18 21 -21 -22 -23
leaf_value=-2.4706666469698231 -0.54983450533887235 0.16214398189383616 0.90205079334952343 2.3309837443618311 0.5962450238639605 1.2472315746982252 -0.39195264882345032 0.65661631366031403 1.0209030606964025 1.031624197713592 -0.84724506140735956 -0.057044267953273005 1.375939606264085 -0.21499134593861699 0.76451646831715181 -0.43609228783961995 0.65043087240921049 0.030684751387804854 -0.50963965031982517 0.58281465449907621 -0.54387279579821024 0.20536726287996462
leaf_weight=10593 64 151 99 73 64 228 208 621 118 46 470 82 243 146 65 143 528 94 359 64 676 243
leaf_count=10593 64 151 99 73 64 228 208 621 118 46 470 82 243 146 65 143 528 94 359 64 676 243
internal_value=-0.0016252 0.0047129 -0.0028991 0.00846749 0.0099143 0.0113235 0.00270332 0.00338641 0.00520296 0.0179516 -0.000647682 0.00391722 0.00944118 0 0.00362963 0.00151351 0.00253853 -0.000500001 0.000709149 0.00530368 -0.00170513 -0.000501648
internal_weight=15378 2569 12809 887 736 590 1682 1474 739 119 2216 146 471 1746 211 735 592 1535 760 158 775 602
internal_count=15378 2569 12809 887 736 590 1682 1474 739 119 2216 146 471 1746 211 735 592 1535 760 158 775 602
is_linear=0
shrinkage=0.035


Tree=30
num_leaves=23
num_cat=0
split_feature=9 9 6 9 25 25 24 8 25 8 25 11 10 11 11 25 10 10 12 12 10 9
split_gain=89.8449 14.9954 10.0843 9.86695 3.85753 2.67488 2.63793 2.34025 2.06543 2.4106 2.29572 2.01442 2.55318 1.98189 1.91214 2.64625 2.4736 1.81508 1.60267 1.40509 2.03875 1.20694
threshold=16.789456666317523 20.981133275605298 19.021343143503419 9.8997275072500308 455.50000000000006 210.50000000000003 12965.500000000002 22.366846650936655 224.50000000000003 12.357390892603606 171.00000000000003 5.8013541485353715 2.9920529661723849 7.8112072819882643 5.5047440295121728 191.00000000000003 9.6633807799290903 3.8047589248453773 5.9879249325338915 3.697868860792342 3.0365253113941866 24.803571428571434
decision_type=2 2 2 2 2 2 2 2 2 2 2 2 2 2 2 2 2 2 2 2 2 2
left_child=3 4 5 -1 11 7 8 -3 10 -10 18 12 -2 -9 -4 21 -17 -13 -5 20 -12 -16
right_child=1 2 14 6 -6 -7 -8 13 9 -11 19 17 -14 -15 15 16 -18 -19 -20 -21 -22 -23
leaf_value=-2.3783374430585891 -0.24137539404758154 0.029031229768207011 1.8687015855425468 -0.029710538923179663 -0.50085998225666939 -0.020651905304844374 -0.7899371841467685 2.5958083670560304 0.3248346399186372 0.03411236513934493 -0.19163582088550352 0.60199501818705892 0.92065324644936408 0.85097440606261388 1.2613950277961623 0.53806114079580658 1.0611688401643833 0.11280775417557933 1.6457005135612681 -0.52315806542521581 0.44165250666566569 1.0837856365663239
leaf_weight=10674 77 101 133 61 209 168 454 96 107 761 78 74 424 204 126 207 47 585 48 615 66 88
leaf_count=10674 77 101 133 61 209 168 454 96 107 761 78 74 424 204 126 207 47 585 48 615 66 88
internal_value=-0.00172138 0.00428695 0.00719362 -0.00290982 0.00177292 0.0037561 -0.000757404 0.0052931 -0.000122632 0.00107045 -0.00133505 0.00256867 0.00424703 0.00682787 0.0103614 0.00900528 0.00622973 0.00124398 0.00325439 -0.00203403 0.000963086 0.0120023
internal_weight=15403 2539 1170 12864 1369 569 2190 401 1736 868 868 1160 501 300 601 468 254 659 109 759 144 214
internal_count=15403 2539 1170 12864 1369 569 2190 401 1736 868 868 1160 501 300 601 468 254 659 109 759 144 214
is_linear=0
shrinkage=0.035


Tree=31
num_leaves=23
num_cat=0
split_feature=8 6 8 8 20 12 20 5 20 3 11 3 22 10 7 5 21 21 6 12 20 8
split_gain=85.2709 14.1142 13.0388 4.70406 3.93114 3.80457 2.95637 2.89516 2.86857 2.7433 2.45203 1.98067 1.9802 2.36226 1.97815 2.94089 1.7395 3.70754 2.1472 1.65118 2.15951 1.91916
threshold=17.685337025350446 18.75961538461539 10.78965336134454 21.899783549783553 24.500000000000004 6.1326688888443419 23.500000000000004 23.023809523809529 24.500000000000004 19.510000000000002 4.4002996900935516 18.049040346336252 16785.000000000004 4.1576092031015106 19.897829828999679 16.940434238785283 2.5000000000000004 3.5000000000000004 5.9323336949891461 5.936401662140514 5.5000000000000009 23.094925582398712
decision_type=2 2 2 2 2 2 2 2 2 2 2 2 2 2 2 2 2 2 2 2 2 2
left_child=2 8 5 10 7 -1 12 9 14 -5 -3 -12 13 -4 -2 -16 18 -18 -8 -17 -21 -22
right_child=1 3 6 4 -6 -7 16 -9 -10 -11 11 -13 -14 -15 15 19 17 -19 -20 20 21 -23
leaf_value=-2.0883900823527024 -0.065596312295121681 2.2821430960252469 1.4560286825526578 0.0080149949665371638 2.1933732560083925 1.4354028801262673 0.46512870981027282 1.0161571434960412 1.1685470699480309 1.0241258655512728 0.80483009258814842 0.20435721601333742 -0.22842299974563265 -0.12694523497855487 0.10794835816278707 1.9981323231954016 0.5942457304749208 -0.32882814375832969 -0.33874725993646665 0.58359498430969448 -0.33224274788413288 0.86522117572086199
leaf_weight=11035 412 46 54 78 81 45 99 214 137 172 183 203 1562 58 387 62 150 54 170 77 92 118
leaf_count=11035 412 46 54 78 81 45 99 214 137 172 183 203 1562 58 387 62 150 54 170 77 92 118
internal_value=-0.00171092 0.00455911 -0.00278582 0.00772709 0.00992727 -0.00326951 -0.000279741 0.0084403 0.00211628 0.00555882 0.00482952 0.00375064 -0.000977666 0.00338034 0.00150867 0.00259312 0.00213807 0.00453828 0.000204379 0.00490395 0.00357192 0.00154651
internal_weight=15489 2262 13227 977 545 11080 2147 464 1285 250 432 386 1674 112 1148 736 473 204 269 349 287 210
internal_count=15489 2262 13227 977 545 11080 2147 464 1285 250 432 386 1674 112 1148 736 473 204 269 349 287 210
is_linear=0
shrinkage=0.035


Tree=32
num_leaves=23
num_cat=0
split_feature=9 9 9 5 12 21 11 8 22 7 24 10 11 9 25 25 21 11 9 25 25 10
split_gain=80.7893 10.0671 9.53547 6.14292 4.75055 3.64346 4.04995 3.38536 2.98234 4.65139 2.63526 2.23792 2.19953 2.1635 2.10068 1.89865 3.83721 3.01821 2.41526 1.99968 1.78389 1.93676
threshold=16.789456666317523 21.90097402597403 9.8997275072500308 8.7570536433732169 8.910415358004137 2.5000000000000004 4.5434411125112151 21.899783549783553 6498.5000000000009 23.153581910556053 12965.500000000002 10.626785505202838 7.6614490589887634 26.011117216117217 807.00000000000011 224.50000000000003 2.5000000000000004 5.3899411368044641 12.88904440725347 191.00000000000003 248.50000000000003 7.5671594595926246
decision_type=2 2 2 2 2 2 2 2 2 2 2 2 2 2 2 2 2 2 2 2 2 2
left_child=2 5 -1 -3 7 20 -7 -5 -9 12 15 14 -10 -6 -8 19 18 -18 -17 -4 21 -2
right_child=1 3 10 4 13 6 11 8 9 -11 -12 -13 -14 -15 -16 16 17 -19 -20 -21 -22 -23
leaf_value=-2.2329680232071354 0.80081337179711032 0.069198204747743963 0.57419439120379756 0.2660581013288249 0.31546252405898667 1.5151599389105261 0.50313088810130935 0.23172003766534927 3.2588940856954518 1.7692219725462504 -0.72779002151865302 0.89618130828328668 1.0900424754440916 0.68564877876438357 -0.43540116763460468 0.28082527788202993 0.4186921756545488 -0.0014459260186201099 -0.29000328854245422 -0.3932562032952292 -0.2343383205711036 -0.16598494858370808
leaf_weight=10622 377 162 109 56 176 98 546 87 63 226 465 58 45 120 112 69 200 136 475 757 294 115
leaf_count=10622 377 162 109 56 176 98 546 87 63 226 465 58 45 120 112 69 200 136 475 757 294 115
internal_value=-0.00177425 0.00392716 -0.00290295 0.00681383 0.00810668 0.00221339 0.00385043 0.0102967 0.0113709 0.0129159 -0.000799189 0.00285922 0.0191106 0.00440698 0.00220136 -0.000161908 0.000968926 0.00389003 -0.000822405 -0.00133008 0.0004823 0.00178169
internal_weight=15368 2535 12833 935 773 1600 814 477 421 334 2211 716 108 296 658 1746 880 336 544 866 786 492
internal_count=15368 2535 12833 935 773 1600 814 477 421 334 2211 716 108 296 658 1746 880 336 544 866 786 492
is_linear=0
shrinkage=0.035


Tree=33
num_leaves=23
num_cat=0
split_feature=9 9 20 9 25 21 12 7 3 9 25 21 11 7 24 25 21 9 11 21 11 12
split_gain=74.5397 10.5342 9.84475 7.72248 6.89731 5.75759 5.08472 3.82602 3.07516 3.00634 2.94447 2.6027 2.58925 3.44386 2.28794 2.39623 3.75779 3.63883 3.12145 2.27638 2.22139 1.99818
threshold=16.789456666317523 10.000255712332782 26.500000000000004 23.572667725649094 224.50000000000003 2.5000000000000004 8.7471839761849939 23.153581910556053 28.125319265124826 20.473214285714288 455.50000000000006 2.5000000000000004 6.9986101905601403 22.289929968360216 12965.500000000002 224.50000000000003 2.5000000000000004 12.88904440725347 5.9216495341244384 1.5000000000000002 9.0974575009076695 5.0271011165840376
decision_type=2 2 2 2 2 2 2 2 2 2 2 2 2 2 2 2 2 2 2 2 2 2
left_child=1 -1 3 10 6 19 7 -5 -9 -7 11 12 13 -2 15 -3 17 -17 -18 -4 21 -13
right_child=2 14 5 4 -6 9 -8 8 -10 -11 -12 20 -14 -15 -16 16 18 -19 -20 -21 -22 -23
leaf_value=-2.1253197423704715 0.19177359913670894 -0.21179562157200016 1.8720800072097965 1.2643528820545737 -0.25339969794284972 0.90874453228628882 0.48594156196349558 1.1472768746298387 1.6222579336732241 2.1540925271174922 -0.4758699051914691 1.7013127212764361 -0.26931918002917199 1.5838200740654977 -0.64231437920614387 0.51020261497972863 0.39834231060509384 -0.30882767391277938 -0.10418567037715845 0.40459165889406401 1.0890675340936891 0.37646707179244099
leaf_weight=10727 377 872 81 58 81 51 265 108 55 55 192 49 269 61 426 56 252 485 98 69 100 651
leaf_count=10727 377 872 81 58 81 51 265 108 55 55 192 49 269 61 426 56 252 485 98 69 100 651
internal_value=-0.0017934 -0.00286886 0.00370222 0.0029421 0.00647378 0.0101782 0.00804786 0.0119867 0.00858333 0.0163649 0.00173768 0.00226389 0.00067837 0.0023465 -0.000644486 -7.52271e-05 0.0011875 -0.000615385 0.00399296 0.00530645 0.00363043 0.00285461
internal_weight=15438 12916 2522 2266 567 256 486 221 163 106 1699 1507 707 438 2189 1763 891 541 350 150 800 700
internal_count=15438 12916 2522 2266 567 256 486 221 163 106 1699 1507 707 438 2189 1763 891 541 350 150 800 700
is_linear=0
shrinkage=0.035


Tree=34
num_leaves=23
num_cat=0
split_feature=9 9 8 20 11 21 22 20 5 22 11 22 22 11 21 6 9 11 11 20 20 18
split_gain=79.1329 13.9846 8.86014 10.7057 6.3207 5.15512 4.48322 4.12373 4.64078 3.90321 4.40174 2.80829 3.65315 4.031 4.66811 2.25089 2.12497 2.09048 2.01803 1.99504 1.95483 3.84205
threshold=18.385164835164836 10.262855816375051 21.899783549783553 16.500000000000004 7.6614490589887634 2.5000000000000004 10086.000000000002 7.5000000000000009 17.961864802538603 10086.000000000002 4.6813721373055079 33201.500000000007 32208.500000000004 5.9216495341244384 2.5000000000000004 20.946428571428573 22.176785714285717 8.925321201231057 8.4326678037827509 13.500000000000002 1.5000000000000002 1.0000000180025095e-35
decision_type=2 2 2 2 2 2 2 2 2 2 2 2 2 2 2 2 2 2 2 2 2 2
left_child=1 20 9 7 6 -6 -5 8 -4 10 -2 12 18 14 -14 -9 -10 -7 -3 -16 21 -1
right_child=2 11 3 4 5 17 -8 15 16 -11 -12 -13 13 -15 19 -17 -18 -19 -20 -21 -22 -23
leaf_value=-1.7528812836049108 2.6630379674573206 -0.0918963229745621 0.18522797580578262 2.2350112214896121 -0.087008754119063988 0.41102966328985985 2.1914327004097158 -0.15260012529432376 0.53236884718010435 0.13744889995751458 0.53479986152897541 -0.32516705960041359 0.51015338871855576 -0.14283567112316564 0.45296415669590634 0.51879689551927011 1.6402268956766044 1.4484345180155436 0.74925228085862983 0.93906166002498648 -2.015933551387505 2.1706964605286556
leaf_weight=270 46 1138 120 99 68 78 80 210 50 617 257 1140 117 122 55 147 107 70 67 48 10440 132
leaf_count=270 46 1138 120 99 68 78 80 210 50 617 257 1140 117 122 55 147 107 70 67 48 10440 132
internal_value=-0.00178877 -0.00273969 0.00479324 0.00702708 0.01155 0.00711086 0.0164728 0.00411346 0.00729787 0.00225135 0.00547727 -0.000470655 0.000491623 0.00366138 0.00645555 0.00152762 0.0111914 0.010683 -0.00040496 0.0117315 -0.00329995 -0.000834153
internal_weight=15478 13529 1949 1029 395 216 179 634 277 920 303 2687 1547 342 220 357 157 148 1205 103 10842 402
internal_count=15478 13529 1949 1029 395 216 179 634 277 920 303 2687 1547 342 220 357 157 148 1205 103 10842 402
is_linear=0
shrinkage=0.035


Tree=35
num_leaves=23
num_cat=0
split_feature=9 9 9 20 21 5 12 9 21 24 20 21 4 27 9 12 20 18 1 11 9 7
split_gain=68.6669 11.3108 8.53212 6.07886 5.49773 4.20208 3.83648 3.75011 3.14523 2.46483 2.3424 4.03628 3.29134 2.10913 2.05929 4.21076 2.05462 4.07732 1.66893 1.65638 1.5778 1.55885
threshold=16.789456666317523 9.8997275072500308 21.690047969410838 23.500000000000004 2.5000000000000004 17.033107411818296 8.910415358004137 24.07460317460318 2.5000000000000004 12965.500000000002 24.500000000000004 2.5000000000000004 12.619143737453959 2.5000000000000004 19.972535392007416 6.6946831940565437 1.5000000000000002 1.0000000180025095e-35 27.062749211546333 8.7569438681231979 18.933035714285719 27.87177193270211
decision_type=2 2 2 2 2 2 2 2 2 2 2 2 2 2 2 2 2 2 2 2 2 2
left_child=1 16 8 5 -5 -4 7 -7 -2 10 -3 -12 -13 19 20 -16 17 -1 -9 -10 -15 -8
right_child=2 9 3 4 -6 6 21 18 13 -11 11 12 -14 14 15 -17 -18 -19 -20 -21 -22 -23
leaf_value=-1.9437361338707944 0.040457201737952586 -0.097293457369280606 0.17386687234122222 1.4291833287878448 1.7673433880499747 0.6816656674689352 -0.00023193557294154553 1.9509898794701936 -0.11974029298694268 -0.66648851713372659 -0.058673979350467212 0.62810182150701499 0.27688082268690467 0.45913886480408261 2.2482883647966387 0.45875659154372911 -2.0503758770889418 2.3397215253185846 1.1677859765870902 0.79877344206176448 -0.072545443729067766 0.38492532661011963
leaf_weight=284 766 1448 282 85 93 197 135 92 185 466 202 45 76 305 49 118 10242 135 49 47 124 60
leaf_count=284 766 1448 282 85 93 197 135 92 185 466 202 45 76 305 49 118 10242 135 49 47 124 60
internal_value=-0.00180988 -0.00285441 0.00338657 0.00593387 0.0118005 0.00456707 0.00638848 0.00864286 0.00177517 -0.000580732 7.88205e-06 0.00268902 0.00761111 0.00326471 0.0043619 0.00769186 -0.00332937 -0.000858491 0.0130411 0.000339662 0.00295161 0.002275
internal_weight=15485 12898 2587 993 178 815 533 338 1594 2237 1771 323 121 828 596 167 10661 419 141 232 429 195
internal_count=15485 12898 2587 993 178 815 533 338 1594 2237 1771 323 121 828 596 167 10661 419 141 232 429 195
is_linear=0
shrinkage=0.035


Tree=36
num_leaves=23
num_cat=0
split_feature=9 25 9 8 20 12 5 21 21 23 10 24 20 12 20 21 20 9 20 21 10 25
split_gain=68.0831 11.3885 9.98501 8.31112 8.35763 4.5198 4.48727 4.33237 2.99119 2.61889 3.19338 2.34989 2.23897 2.12608 2.22502 2.90946 2.05172 1.91801 1.70806 4.69751 1.52592 1.49969
threshold=16.5089783585499 210.50000000000003 9.4949794085136343 22.110937776753779 24.500000000000004 8.910415358004137 17.961864802538603 2.5000000000000004 2.5000000000000004 12800.000000000002 4.7056197405715965 12965.500000000002 26.500000000000004 7.5721398288265664 24.500000000000004 2.5000000000000004 27.500000000000004 13.898167688792691 8.5000000000000018 3.5000000000000004 5.6103645582252959 224.50000000000003
decision_type=2 2 2 2 2 2 2 2 2 2 2 2 2 2 2 2 2 2 2 2 2 2
left_child=2 3 -1 9 5 6 -5 -6 -3 10 -2 13 18 14 21 -16 -17 -15 19 -10 -7 -4
right_child=1 8 11 4 7 20 -8 -9 12 -11 -12 -13 -14 17 15 16 -18 -19 -20 -21 -22 -23
leaf_value=-2.0784973129461819 1.981405721821428 -0.11205718498389944 -0.35605073155765948 0.75120200427835515 2.9716943237297708 -0.20911948537430775 1.1413567798830708 1.968261119468639 -0.40891771586410919 0.27378253619066667 0.3767247491647891 -0.51189753246293523 0.88404081312445915 1.4108651661248561 -0.11204146317251391 0.21889573125094272 0.6115902002003849 -0.18199951541134002 0.079526861630403442 0.52137350465800936 0.43400642013717422 0.017652644447007641
leaf_weight=10332 80 546 742 95 45 53 259 53 85 520 92 586 54 46 185 66 59 45 454 109 189 604
leaf_count=10332 80 546 742 95 45 53 259 53 85 520 92 586 54 46 185 66 59 45 454 109 189 604
internal_value=-0.00183508 0.00327719 -0.00290055 0.00545758 0.00816667 0.0064584 0.00897911 0.017568 0.000829608 0.00267647 0.006387 -0.00082036 0.00234158 -0.000163814 -0.000465684 0.00216667 0.00619231 0.00488542 0.00169908 0.00441457 0.00259312 -0.00109067
internal_weight=15299 2634 12665 1386 694 596 354 98 1248 692 172 2333 702 1747 1656 310 125 91 648 194 242 1346
internal_count=15299 2634 12665 1386 694 596 354 98 1248 692 172 2333 702 1747 1656 310 125 91 648 194 242 1346
is_linear=0
shrinkage=0.035


Tree=37
num_leaves=23
num_cat=0
split_feature=9 9 9 25 20 5 20 21 20 20 10 21 25 11 20 18 20 10 22 9 22 24
split_gain=64.7813 11.0588 10.3089 7.59012 3.64359 3.58069 3.34294 3.43548 2.68885 2.41923 2.24609 2.12377 2.06131 1.93534 1.86428 3.59718 1.60103 2.27882 1.59811 1.5069 1.33155 1.19182
threshold=16.789456666317523 9.4949794085136343 23.572667725649094 224.50000000000003 26.500000000000004 17.961864802538603 24.500000000000004 2.5000000000000004 26.500000000000004 2.5000000000000004 5.8716429111612758 2.5000000000000004 430.00000000000006 4.588182557579823 1.5000000000000002 1.0000000180025095e-35 24.500000000000004 11.493250581918259 10086.000000000002 20.78759398496241 25082.000000000004 12965.500000000002
decision_type=2 2 2 2 2 2 2 2 2 2 2 2 2 2 2 2 2 2 2 2 2 2
left_child=1 14 4 5 9 -4 21 -8 -9 10 -2 18 13 -13 15 -1 17 -7 -11 -6 -15 -3
right_child=2 6 3 -5 19 16 7 8 -10 11 -12 12 -14 20 -16 -17 -18 -19 -20 -21 -22 -23
leaf_value=-1.8221933555448893 0.57028730913413661 -0.1286928180965046 0.81235220895647864 -0.24698821702879797 0.83372364211145578 0.78107381041096646 -0.15224881921157163 0.19901627376830497 0.58231056364749434 0.28882699168218556 0.54078095215840116 2.0526024069855073 -0.0066835079962885013 -0.00013958043576580039 -2.0223973855307427 2.2150789090323624 1.8706428508843296 1.57927693757632 -0.18490594907538935 0.98773343960391735 0.68561962629015472 -0.682057571551409
leaf_weight=274 70 1537 144 79 160 279 247 90 111 272 48 50 286 165 9932 132 65 55 487 54 349 462
leaf_count=274 70 1537 144 79 160 279 247 90 111 272 48 50 286 165 9932 132 65 55 487 54 349 462
internal_value=-0.00182443 -0.00284324 0.00324649 0.00716188 0.00196763 0.00863504 -0.000716559 0.00198565 0.00533495 0.00141051 0.0061748 0.00103222 0.00223099 0.00345079 -0.00334434 -0.000945256 0.0103614 0.00899262 -0.000293195 0.00624886 0.00270424 -0.00133433
internal_weight=15348 12785 2563 622 1941 543 2447 448 201 1727 118 1609 850 564 10338 406 399 334 759 214 514 1999
internal_count=15348 12785 2563 622 1941 543 2447 448 201 1727 118 1609 850 564 10338 406 399 334 759 214 514 1999
is_linear=0
shrinkage=0.035


Tree=38
num_leaves=23
num_cat=0
split_feature=9 9 20 21 5 10 20 12 12 21 9 25 10 20 5 12 9 12 0 12 20 12
split_gain=60.0083 17.8829 8.91473 6.28113 5.15451 2.95384 2.86078 2.75467 2.69234 2.50386 1.644 1.55955 2.30874 1.55321 2.80274 1.72226 1.47406 3.89684 1.16946 1.09194 1.07727 1.54935
threshold=11.207536514977493 20.473214285714288 24.500000000000004 2.5000000000000004 16.940434238785283 11.493250581918259 25.500000000000004 5.8805796665600063 6.5077789846562988 2.5000000000000004 9.4949794085136343 224.50000000000003 4.9665548085837949 6.5000000000000009 8.9846950015344529 5.6291706126250025 23.826587301587306 8.5792865136767791 11.623984965733095 5.936401662140514 24.500000000000004 3.6679864470623529
decision_type=2 2 2 2 2 2 2 2 2 2 2 2 2 2 2 2 2 2 2 2 2 2
left_child=7 6 4 -4 -3 8 13 10 11 -8 -1 12 -6 14 -2 -16 -10 -18 -15 -11 -12 -22
right_child=1 2 3 -5 5 -7 9 -9 16 19 20 -13 -14 18 15 -17 17 -19 -20 -21 21 -23
leaf_value=-1.9400814069441357 -0.8275493511804537 0.011444085521169878 1.1234547620066027 1.6136157217369684 2.2604768774656314 1.0468945077440945 0.016670667725136468 1.4956461632958991 0.35201292353161245 0.57929545111552094 -0.38370901127736629 0.26871652484419628 0.5194400245735884 -0.38025533108473158 0.079963221006961835 0.47010261245491142 1.3603728389550651 0.079650667877705195 -0.045897290981024484 0.66490322733572615 0.60052253696031177 -0.26220229587707133
leaf_weight=10378 167 354 104 109 47 89 250 45 258 114 653 54 47 500 209 209 107 137 1391 53 47 97
leaf_count=10378 167 354 104 109 47 89 250 45 258 114 653 54 47 500 209 209 107 137 1391 53 47 97
internal_value=-0.00188661 0.0016784 0.00506979 0.0115917 0.00373588 0.00539113 0.000135265 -0.0032225 0.00446183 0.00280332 -0.00325895 0.00862418 0.0113485 -0.00031177 0.00124576 0.00278842 0.00312722 0.0050743 -0.000804853 0.00606395 -0.00166708 0.000963086
internal_weight=15419 4199 1306 213 1093 739 2893 11220 650 417 11175 148 94 2476 585 418 502 244 1891 167 797 144
internal_count=15419 4199 1306 213 1093 739 2893 11220 650 417 11175 148 94 2476 585 418 502 244 1891 167 797 144
is_linear=0
shrinkage=0.035


Tree=39
num_leaves=23
num_cat=0
split_feature=9 9 25 21 20 10 20 7 20 6 21 21 7 24 20 12 20 12 10 10 7 21
split_gain=57.6398 9.5903 8.88921 4.64841 7.60233 4.07808 3.24641 3.25954 3.14623 5.20109 2.38431 2.26622 2.02681 1.8086 1.71915 1.71436 1.66155 1.8199 1.63085 2.02609 2.80284 1.6234
threshold=16.5089783585499 9.3912408410482708 210.50000000000003 2.5000000000000004 24.500000000000004 10.626785505202838 16.500000000000004 19.897829828999679 6.5000000000000009 5.6639676383952429 2.5000000000000004 1.5000000000000002 21.010724767698907 12965.500000000002 25.500000000000004 7.5721398288265664 23.500000000000004 7.5721398288265664 7.5671594595926246 4.9665548085837949 18.0155477880433 2.5000000000000004
decision_type=2 2 2 2 2 2 2 2 2 2 2 2 2 2 2 2 2 2 2 2 2 2
left_child=1 -1 3 8 5 6 -5 -8 9 -2 -4 18 -6 16 -12 -9 17 -3 19 20 -10 -18
right_child=2 13 10 4 12 -7 7 15 11 -11 14 -13 -14 -15 -16 -17 21 -19 -20 -21 -22 -23
leaf_value=-1.9071785577010911 0.048316004374477167 -0.18095453870830183 -0.17090613223891618 0.37319063179286194 0.78287546206165937 1.0796550058063259 0.16423613178879323 0.97253271208680347 1.5398774500169483 1.9547670922464386 0.16794267142831831 -0.097116854871583516 1.4935161265150758 -0.46121296697144759 0.65748535896194871 1.3623983244749098 -0.057187885126084595 0.37648868402383112 -0.13031845679132398 1.7668625777315532 -0.1142124064225816 0.35828498179316415
leaf_weight=10322 71 1360 547 341 52 76 71 51 47 68 603 290 58 596 81 68 227 85 50 72 84 161
leaf_count=10322 71 1360 547 341 52 76 71 51 47 68 603 290 58 596 81 68 227 85 50 72 84 161
internal_value=-0.00191447 -0.00288813 0.00279601 0.00470157 0.00668005 0.00502124 0.00381343 0.00744872 0.00256259 0.00719444 0.000605986 0.00129015 0.0150652 -0.000897289 0.00198621 0.0108952 -0.000338956 -0.000893104 0.00368992 0.00508173 0.00216176 0.00166539
internal_weight=15381 12751 2630 1399 717 607 531 190 682 139 1231 543 110 2429 684 119 1833 1445 253 203 131 388
internal_count=15381 12751 2630 1399 717 607 531 190 682 139 1231 543 110 2429 684 119 1833 1445 253 203 131 388
is_linear=0
shrinkage=0.035


Tree=40
num_leaves=23
num_cat=0
split_feature=9 9 25 21 12 10 9 24 12 10 8 11 11 24 9 12 11 21 11 7 11 22
split_gain=55.2967 14.7 7.71926 3.89649 4.39203 4.88671 3.71899 2.72315 2.47513 1.8678 2.04596 4.9292 3.797 1.69967 4.97197 3.33232 2.18031 2.13064 1.83005 1.49522 1.39719 1.31992
threshold=18.216862438801559 9.4949794085136343 210.50000000000003 2.5000000000000004 5.936401662140514 11.493250581918259 22.176785714285717 12965.500000000002 8.5792865136767791 7.0406980173437868 22.110937776753779 7.8112072819882643 4.9525372439172815 9795.0000000000018 13.505915403672711 4.0281745836284815 5.8013541485353715 2.5000000000000004 8.2995101123184156 24.357142857142858 4.4002996900935516 16785.000000000004
decision_type=2 2 2 2 2 2 2 2 2 2 2 2 2 2 2 2 2 2 2 2 2 2
left_child=1 -1 3 9 -5 6 -6 13 19 10 -2 12 -12 18 15 -15 17 -16 20 -8 -3 -22
right_child=2 7 -4 4 5 -7 8 -9 -10 -11 11 -13 -14 14 16 -17 -18 -19 -20 -21 21 -23
leaf_value=-1.7938329173124126 0.72583030788584402 0.018102109865724844 0.098404711757363705 1.503472024966346 0.01092214525397745 1.7756123227049809 1.9084175096151785 -0.4843629324346071 0.29234124853228499 0.052097183848566701 0.24583981571899274 -0.16153939098009742 2.5292659055158171 0.066004861158545647 -0.18084201580342293 0.53141580095244023 -0.65868068026661852 0.38310196833752747 0.65868945616305974 0.94897930941279252 0.13771781417948836 -0.44363957609033711
leaf_weight=10346 218 762 744 110 170 57 84 590 154 207 45 47 64 54 217 56 224 167 73 79 112 780
leaf_count=10346 218 762 744 110 170 57 84 590 154 207 45 47 64 54 217 56 224 167 73 79 112 780
internal_value=-0.00189408 -0.00270253 0.00355645 0.00525 0.00712215 0.00568033 0.00439634 -0.000552632 0.00660869 0.00306997 0.0045343 0.00758696 0.0115439 -2.85723e-05 0.00138935 0.00806522 9.70628e-05 0.00171851 -0.000630486 0.009625 -0.000883967 -0.00182219
internal_weight=15360 13381 1979 1235 654 544 487 3035 317 581 374 156 109 2445 718 110 608 384 1727 163 1654 892
internal_count=15360 13381 1979 1235 654 544 487 3035 317 581 374 156 109 2445 718 110 608 384 1727 163 1654 892
is_linear=0
shrinkage=0.035


Tree=41
num_leaves=23
num_cat=0
split_feature=9 22 20 22 21 9 12 11 21 20 7 8 20 12 10 8 21 11 21 10 9 9
split_gain=53.6156 13.5481 5.92242 4.34297 3.71768 3.66173 4.0433 2.96054 2.93073 4.24391 2.68442 2.47006 2.5054 2.34267 2.32389 2.13225 2.00098 1.9314 1.73714 2.37169 2.01421 1.68867
threshold=10.641359123216922 16785.000000000004 26.500000000000004 6498.5000000000009 2.5000000000000004 23.572667725649094 8.7471839761849939 4.8584343549926068 2.5000000000000004 26.500000000000004 23.026516996264409 17.685337025350446 9.5000000000000018 7.8875613280712829 6.1836959205717053 20.501524510250249 3.5000000000000004 9.6291110645884626 3.5000000000000004 3.3094381626464897 14.109126984126986 17.974087893652136
decision_type=2 2 2 2 2 2 2 2 2 2 2 2 2 2 2 2 2 2 2 2 2 2
left_child=-1 2 3 -2 -4 7 10 -5 -3 11 -7 18 14 -12 -13 -16 21 -9 19 20 -10 -14
right_child=1 8 4 5 -6 6 -8 17 9 -11 13 12 16 -15 15 -17 -18 -19 -20 -21 -22 -23
leaf_value=-1.5049331301427067 0.016929885594418916 -0.21714436786110727 1.298777422039568 1.4438715097208867 1.5581743172373856 2.5250751381480665 0.37299013854715535 -0.034436678383384337 0.57662548951701476 0.57389765559801842 0.83004599420255798 0.092346168387941699 -0.078368012291261363 1.7791398591347263 1.0506648856323395 0.39300188498399974 -0.40282627204884941 0.72112296169095436 -0.47759796157408951 -0.086665913352926796 -0.09112414227091338 1.1237994689764019
leaf_weight=11010 429 1442 98 113 64 49 224 292 61 114 96 59 49 53 45 47 222 55 430 356 45 66
leaf_count=11010 429 1442 98 113 64 49 224 292 61 114 96 59 49 53 45 47 222 55 430 356 45 66
internal_value=-0.00193653 0.00132102 0.00405413 0.00322872 0.0103323 0.00462852 0.0069918 0.00237097 -4.87938e-05 0.00102969 0.0106379 0.000467508 0.00246349 0.00763636 0.00614744 0.00948969 0.000695906 0.000676136 -0.000612598 0.000846894 0.00532883 0.004375
internal_weight=15419 4409 1473 1311 162 882 422 460 2936 1494 198 1380 488 149 151 92 337 347 892 462 106 115
internal_count=15419 4409 1473 1311 162 882 422 460 2936 1494 198 1380 488 149 151 92 337 347 892 462 106 115
is_linear=0
shrinkage=0.035


Tree=42
num_leaves=23
num_cat=0
split_feature=9 9 20 8 25 20 9 20 3 12 20 18 4 7 12 20 11 20 11 22 5 9
split_gain=52.6545 12.6692 4.48309 3.38219 3.3585 2.22206 2.10619 1.7219 3.7207 1.88001 1.57853 3.10024 1.56389 1.5389 2.86186 3.50198 5.26831 2.06975 2.28064 1.25173 1.15673 0.935962
threshold=10.508507269154792 20.143619397982267 25.500000000000004 21.899783549783553 430.00000000000006 26.500000000000004 9.1871076768840254 6.5000000000000009 9.9383815326929881 5.6291706126250025 1.5000000000000002 1.0000000180025095e-35 19.010370193622947 20.578879296849021 10.747645841276489 16.500000000000004 7.4828535802045586 7.5000000000000009 9.0974575009076695 10086.000000000002 16.940434238785283 23.24935897435898
decision_type=2 2 2 2 2 2 2 2 2 2 2 2 2 2 2 2 2 2 2 2 2 2
left_child=6 5 4 -4 13 7 10 8 -2 -10 11 -1 -7 -3 15 17 -17 18 20 -19 -15 -6
right_child=1 2 3 -5 21 12 -8 -9 9 -11 -12 -13 -14 14 -16 16 -18 19 -20 -21 -22 -23
leaf_value=-1.7114796321027661 -0.59061710829975922 0.32164673336912597 0.50451999549085091 1.7908503968909764 0.094326625373920003 0.15139084188319807 -0.18497049652062331 -0.13677392037707639 0.08403455271057271 0.57280872361759672 -1.7949704965206235 1.5554206083643438 0.87332316305364777 0.057045389110360438 -0.007510085921064817 1.7562995881892203 0.45870048591356993 0.78162965456849276 1.7962995981418026 -0.21279512828082661 1.0266315582746472 -0.27628094524437852
leaf_weight=276 192 215 99 95 182 284 693 2098 220 193 9836 132 57 68 103 86 106 90 45 136 88 87
leaf_count=276 192 215 99 95 182 284 693 2098 220 193 9836 132 57 68 103 86 106 90 45 136 88 87
internal_value=-0.00190992 0.00129883 0.00404804 0.00898744 0.0032052 2.41054e-05 -0.00321532 -0.000307608 0.00131967 0.00319856 -0.00334291 -0.00112712 0.00267052 0.00419108 0.00497318 0.00586699 0.00982487 0.0039537 0.00652427 0.0015 0.00410869 -0.000178833
internal_weight=15381 4444 1400 194 1206 3044 10937 2703 605 413 10244 408 341 937 722 619 192 427 201 226 156 269
internal_count=15381 4444 1400 194 1206 3044 10937 2703 605 413 10244 408 341 937 722 619 192 427 201 226 156 269
is_linear=0
shrinkage=0.035


Tree=43
num_leaves=23
num_cat=0
split_feature=9 9 20 8 11 22 24 20 21 11 21 12 12 22 6 12 20 3 8 20 18 9
split_gain=47.1644 12.4237 3.03171 4.70494 6.13571 3.34975 2.68703 2.60556 3.89891 2.21574 2.05985 2.08176 1.62479 4.01807 1.58547 2.55279 1.554 3.13494 1.327 1.28249 3.09596 1.24335
threshold=9.4949794085136343 20.143619397982267 19.500000000000004 21.899783549783553 7.4828535802045586 10086.000000000002 12965.500000000002 26.500000000000004 2.5000000000000004 9.3750950123576917 2.5000000000000004 9.3132291466709738 6.6210252830050198 10086.000000000002 8.7738147298040037 5.344229829067797 6.5000000000000009 7.9927388748624617 9.4300292859320169 1.5000000000000002 1.0000000180025095e-35 23.572667725649094
decision_type=2 2 2 2 2 2 2 2 2 2 2 2 2 2 2 2 2 2 2 2 2 2
left_child=19 6 9 12 5 -5 7 16 -9 14 -11 -12 13 -4 -3 -16 17 -2 -18 20 -1 -6
right_child=1 2 3 4 21 -7 -8 8 -10 10 11 -13 -14 -15 15 -17 18 -19 -20 -21 -22 -23
leaf_value=-1.429372267487615 -0.73379193928941278 -0.27819759500860591 0.8169093920736562 1.7941172628484996 0.99877246400693598 2.302662084536971 -0.43652295990153639 0.0081185026628727164 0.63471044636189589 0.36026743361483837 1.5316688334846844 0.21441559696758983 -0.022054340932301113 -0.091387820505677744 1.9227546421873587 0.27443053807155277 0.82081917134809002 0.24846439843149418 -0.15206938560802968 -1.6271465291424019 2.2142225583146864 0.14122822940031618
leaf_weight=275 165 165 46 73 46 55 566 220 125 129 65 61 139 47 45 451 45 439 1965 9956 128 101
leaf_count=275 165 165 46 73 46 55 566 220 125 129 65 61 139 47 45 451 45 439 1965 9956 128 101
internal_value=-0.00195481 0.000852917 0.00360784 0.00579687 0.008875 0.0143947 -0.000257791 0.000160593 0.003 0.00235233 0.00511538 0.00825572 0.00196413 0.00542857 0.00122973 0.00222854 -0.000212487 0.00132759 -0.000686105 -0.00329738 -0.00126961 0.00363816
internal_weight=15307 4948 1423 507 275 128 3525 2959 345 916 255 126 232 93 661 496 2614 604 2010 10359 403 147
internal_count=15307 4948 1423 507 275 128 3525 2959 345 916 255 126 232 93 661 496 2614 604 2010 10359 403 147
is_linear=0
shrinkage=0.035


Tree=44
num_leaves=23
num_cat=0
split_feature=7 22 8 20 21 21 22 20 20 18 8 25 1 11 22 4 0 4 20 20 8 12
split_gain=48.8938 8.22196 6.72324 4.73919 5.50538 3.8647 3.018 2.22983 2.1009 4.04335 1.79131 1.98356 1.77375 1.47478 1.32304 1.24172 1.61978 2.14591 1.18185 1.15382 1.13418 1.3667
threshold=13.14782136540043 16785.000000000004 8.6872228031575176 25.500000000000004 2.5000000000000004 2.5000000000000004 6498.5000000000009 26.500000000000004 1.5000000000000002 1.0000000180025095e-35 17.685337025350446 224.50000000000003 16.987659160272365 5.1662552462063731 25082.000000000004 33.500000000000007 20.470912355175066 22.052447947677845 19.500000000000004 4.5000000000000009 13.88340686769144 5.067838959229559
decision_type=2 2 2 2 2 2 2 2 2 2 2 2 2 2 2 2 2 2 2 2 2 2
left_child=2 3 8 6 13 20 18 -4 9 -1 11 -7 -8 -5 -12 16 -14 19 -2 -18 21 -3
right_child=1 5 7 4 -6 10 12 -9 -10 -11 14 -13 15 -15 -16 -17 17 -19 -20 -21 -22 -23
leaf_value=-1.7670945151233384 -0.034861492102630995 -0.32781943785165851 -0.2770281298868687 -0.21305019076007076 1.2221518026945628 -0.78383590269186654 0.25423752528551491 0.14549467139586522 -1.8203368924069951 2.1472247629324177 -0.15303446184587638 0.17147222662869407 0.42604661753122003 1.5768904314096919 0.60890597347505304 0.052924287411917972 1.1900544334756025 1.1723939500734282 0.29081150638768072 0.42854166004542649 -0.23497294644405076 0.58094853404506119
leaf_weight=254 315 68 1830 55 87 162 170 172 9434 135 102 403 252 71 422 82 55 138 98 156 846 45
leaf_count=254 315 68 1830 55 87 162 170 172 9434 135 102 403 252 71 422 82 55 138 98 156 846 45
internal_value=-0.00187957 0.00173216 -0.00295858 0.00371698 0.00854128 0.000284704 0.00286113 -0.00109342 -0.00333618 -0.000746194 0.00171481 0.000307017 0.00404662 0.00344656 0.00318242 0.00484302 0.00539439 0.00698023 0.000351674 0.00443981 -0.00132158 0.00183898
internal_weight=15352 3527 11825 1479 213 2048 1266 2002 9823 389 1089 565 853 126 524 683 601 349 413 211 959 113
internal_count=15352 3527 11825 1479 213 2048 1266 2002 9823 389 1089 565 853 126 524 683 601 349 413 211 959 113
is_linear=0
shrinkage=0.035


Tree=45
num_leaves=23
num_cat=0
split_feature=9 9 21 11 11 11 22 11 9 7 22 26 21 21 7 10 11 10 9 11 4 11
split_gain=46.8182 11.3656 2.38854 5.45947 2.66377 3.48159 2.38609 2.89626 3.2319 2.36342 2.30288 2.16832 1.84593 2.98037 2.8348 1.90541 1.53224 2.45026 1.07806 1.03126 0.96531 1.16454
threshold=9.3912408410482708 20.143619397982267 2.5000000000000004 4.8584343549926068 9.3750950123576917 10.288688923113623 6498.5000000000009 7.6614490589887634 23.24935897435898 24.357142857142858 16785.000000000004 1.0000000180025095e-35 2.5000000000000004 3.5000000000000004 17.727610342216661 5.8716429111612758 7.0733981651269149 5.8716429111612758 15.795833333333336 6.5238643194843755 9.9933189851049971 4.4002996900935516
decision_type=2 2 2 2 2 2 2 2 2 2 2 2 2 2 2 2 2 2 2 2 2 2
left_child=-1 11 10 -4 6 -6 -5 8 19 -10 16 12 20 15 -15 -14 17 -3 -13 -8 -2 -22
right_child=1 2 3 4 5 -7 7 -9 9 -11 -12 18 13 14 -16 -17 -18 -19 -20 -21 21 -23
leaf_value=-1.5414846093881724 -0.42393040534183235 0.45324087447715566 1.9810678578165857 -0.15546216241479432 1.5323174025674851 0.28969519191737697 -0.10279816989502136 0.069978927877603986 1.6300264817362771 0.3582626877944971 -0.40895371209943587 0.83546004037974841 0.25516798583297085 -0.43224199801311403 0.18109894023645315 -0.3438883045449409 0.22818064654353881 1.3966100234330052 0.49419490301689345 0.88854460700032478 0.071029611983588814 -0.42313746949440278
leaf_weight=10344 666 181 61 107 66 93 80 216 72 47 140 49 703 569 177 153 235 87 354 47 442 504
leaf_count=10344 666 181 61 107 66 93 80 216 72 47 140 49 703 569 177 153 235 87 354 47 442 504
internal_value=-0.00195207 0.000807478 0.00344154 0.00474307 0.00380559 0.00781097 0.00259756 0.00369486 0.00626096 0.0103306 0.00179321 -0.00023385 -0.000542561 0.000289669 -0.00130959 0.00170325 0.00290748 0.00470513 0.00216176 0.00206818 -0.00137879 -0.000629338
internal_weight=15393 5049 1432 789 728 159 569 462 246 119 643 3617 3214 1602 746 856 503 268 403 127 1612 946
internal_count=15393 5049 1432 789 728 159 569 462 246 119 643 3617 3214 1602 746 856 503 268 403 127 1612 946
is_linear=0
shrinkage=0.035


Tree=46
num_leaves=23
num_cat=0
split_feature=9 9 20 20 25 8 22 11 20 8 11 20 18 22 27 9 11 7 24 20 1 10
split_gain=43.958 11.5989 4.39577 2.96833 2.66445 2.37154 1.97617 3.57967 2.3379 3.95928 3.94913 1.91866 3.83024 1.82387 1.79044 3.43178 2.26455 2.0183 1.57578 1.56558 1.5282 1.27812
threshold=9.3912408410482708 20.143619397982267 25.500000000000004 26.500000000000004 430.00000000000006 21.899783549783553 10086.000000000002 5.2154145402102863 17.500000000000004 22.110937776753779 8.051006715954717 1.5000000000000002 1.0000000180025095e-35 33201.500000000007 2.5000000000000004 13.505915403672711 5.5047440295121728 19.897829828999679 12965.500000000002 8.5000000000000018 10.946439606378263 11.493250581918259
decision_type=2 2 2 2 2 2 2 2 2 2 2 2 2 2 2 2 2 2 2 2 2 2
left_child=11 3 4 13 6 -4 7 -3 21 -10 -11 12 -1 14 19 20 17 -17 -13 -2 -16 -8
right_child=1 2 5 -5 -6 -7 8 -9 9 10 -12 18 -14 -15 15 16 -18 -19 -20 -21 -22 -23
leaf_value=-1.3996347471583168 0.13021613841743124 1.3288439355178181 0.32048901526099227 0.29178954702784654 -0.034018677881489365 1.4046602851136019 -0.037993088912137186 0.83656211510818212 -0.099922443610573508 1.3881274208465026 0.82094496735339528 -1.6975326480595867 2.2450236189013713 -0.28297014101920759 0.091791690106067317 0.27592638536154457 -0.12291052234254984 1.3632365032298188 -0.14194775784973179 -0.31978195074377525 1.3621577755943959 0.3654592300920908
leaf_weight=281 267 72 95 405 268 95 340 273 91 47 72 9633 141 1412 48 342 436 46 357 631 53 55
leaf_count=281 267 72 95 405 268 95 340 273 91 47 72 9633 141 1412 48 342 436 46 357 631 53 55
internal_value=-0.00195878 0.000718285 0.00341083 -0.000321674 0.00259567 0.00834615 0.00346335 0.0056 0.00218033 0.00512791 0.00920161 -0.00325809 -0.00087705 -0.000680556 4.21217e-05 0.00112903 0.000341977 0.0022888 -0.00335643 -0.00105814 0.00706604 0.000524999
internal_weight=15460 5048 1408 3640 1218 190 950 345 605 210 119 10412 422 3235 1823 925 824 388 9990 898 101 395
internal_count=15460 5048 1408 3640 1218 190 950 345 605 210 119 10412 422 3235 1823 925 824 388 9990 898 101 395
is_linear=0
shrinkage=0.035


Tree=47
num_leaves=23
num_cat=0
split_feature=9 22 20 21 21 20 8 22 11 10 10 20 18 21 10 9 20 11 9 4 8 10
split_gain=43.7571 9.70345 5.95205 6.35498 2.93174 3.68043 2.75208 2.72921 2.27431 2.20744 1.98739 1.63541 3.26569 1.58392 1.90662 1.57547 1.5113 1.58733 1.45322 1.78955 1.98843 1.40554
threshold=9.3912408410482708 16785.000000000004 25.500000000000004 2.5000000000000004 2.5000000000000004 26.500000000000004 17.685337025350446 6498.5000000000009 5.4435161551949287 11.493250581918259 6.0142682787983794 1.5000000000000002 1.0000000180025095e-35 3.5000000000000004 3.3443805492851308 24.803571428571434 7.5000000000000009 3.7753416995048639 24.803571428571434 15.945025446116915 20.157280219780223 13.395816450495582
decision_type=2 2 2 2 2 2 2 2 2 2 2 2 2 2 2 2 2 2 2 2 2 2
left_child=11 2 7 10 -3 6 13 -2 18 15 -4 12 -1 14 16 -10 -6 -18 19 -9 -21 -11
right_child=1 4 3 -5 5 -7 -8 8 9 21 -12 -13 -14 -15 -16 -17 17 -19 -20 20 -22 -23
leaf_value=-1.2806470637073601 -0.013688033460211576 -0.19509114680389758 -0.25855224466586968 1.1223688868711204 -0.44978010732616697 0.44905395403752985 0.40574091432356651 0.39044712570052814 -0.04789410949510052 1.4166884130081945 1.8045260814811632 -1.4764366992012885 2.0544480325657513 -0.35807822183101523 -0.085640522186772081 0.50094429846225186 0.1721726916772863 1.2862668938055353 0.11035615331531806 1.3295072053060648 2.0349455160685661 0.3532906180723831
leaf_weight=266 428 1726 75 87 49 164 513 54 331 45 53 9942 133 563 414 191 87 53 48 49 72 51
leaf_count=266 428 1726 75 87 49 164 513 54 331 45 53 9942 133 563 414 191 87 53 48 49 72 51
internal_value=-0.00195899 0.000707196 0.0030816 0.00843182 -0.000278121 0.000685605 0.00017874 0.00213187 0.00328487 0.00211798 0.00307895 -0.00326319 -0.000987625 -0.000750214 0.000472039 0.00114896 0.00335567 0.00518965 0.00632456 0.00777778 0.0101111 0.00689604
internal_weight=15394 5053 1484 215 3569 1843 1679 1269 841 618 128 10341 399 1166 603 522 189 140 223 175 121 96
internal_count=15394 5053 1484 215 3569 1843 1679 1269 841 618 128 10341 399 1166 603 522 189 140 223 175 121 96
is_linear=0
shrinkage=0.035


Tree=48
num_leaves=23
num_cat=0
split_feature=9 9 21 25 11 22 24 10 24 21 25 12 25 7 8 11 11 10 11 7 12 11
split_gain=43.2153 8.47988 2.83968 3.81429 2.7962 2.0367 2.02063 1.70545 1.53843 1.3126 2.1513 2.64109 1.71925 1.65968 1.39201 1.35423 1.8004 1.72686 1.32564 1.29069 1.26512 1.19566
threshold=9.3912408410482708 19.972535392007416 2.5000000000000004 430.00000000000006 5.3899411368044641 16785.000000000004 12965.500000000002 11.493250581918259 12965.500000000002 2.5000000000000004 224.50000000000003 3.9879809966218258 171.00000000000003 10.572875446774797 18.015496800719323 5.9216495341244384 3.6253078686998621 3.8297084310253529 4.4002996900935516 19.293165011134729 3.9009585097828086 6.0974228398316148
decision_type=2 2 2 2 2 2 2 2 2 2 2 2 2 2 2 2 2 2 2 2 2 2
left_child=8 6 5 4 -4 21 9 -6 -1 12 11 13 19 -11 -13 16 -12 -18 -19 -2 -10 -3
right_child=1 2 3 -5 7 -7 -8 -9 20 10 15 14 -14 -15 -16 -17 17 18 -20 -21 -22 -23
leaf_value=-1.5797137740244327 0.0614547076627723 0.75607288058568023 1.1510666520117294 -0.032100758520413435 0.50528081970520411 -0.39206718159940951 -0.39648037763037375 1.0191690741848096 -0.18444509833606193 0.82977602923931681 -0.11290511564054778 -0.35827472648134867 -0.15662686530597603 -0.11463835562947164 0.20883917763133711 0.019560859873431848 0.9054435386054448 0.42126520501980363 0.17623228977691782 1.4924962625667086 0.96213429415036977 0.087750199294795592
leaf_weight=9973 179 201 106 171 506 159 592 57 307 56 95 384 1361 69 94 337 71 66 215 74 79 307
leaf_count=9973 179 201 106 171 506 159 592 57 307 56 95 384 1361 69 94 337 71 66 215 74 79 307
internal_value=-0.0019451 0.00068903 0.00288889 0.00424556 0.00543175 0.00113542 -0.000231518 0.0043257 -0.00324334 0.000132734 0.000925287 -0.000621711 -0.000538296 0.00376923 -0.00183333 0.00213371 0.00339159 0.00453921 0.00310839 0.00206201 -0.000993607 0.00223099
internal_weight=15459 5100 1507 840 669 667 3593 563 10359 3001 1387 603 1614 125 478 784 447 352 281 253 386 508
internal_count=15459 5100 1507 840 669 667 3593 563 10359 3001 1387 603 1614 125 478 784 447 352 281 253 386 508
is_linear=0
shrinkage=0.035


Tree=49
num_leaves=23
num_cat=0
split_feature=8 22 20 21 21 20 8 22 20 18 25 11 12 12 22 10 0 12 5 22 11 10
split_gain=41.2111 10.0727 6.08719 5.29305 3.91108 4.51233 3.0608 2.65629 1.81705 3.63701 1.56962 1.4546 1.42005 1.49075 1.50459 1.40498 1.33822 1.32199 1.82583 1.52042 1.45065 1.23798
threshold=8.6872228031575176 16785.000000000004 25.500000000000004 2.5000000000000004 2.5000000000000004 26.500000000000004 17.685337025350446 6498.5000000000009 1.5000000000000002 1.0000000180025095e-35 224.50000000000003 5.1662552462063731 8.3355461626536052 7.3402617043732228 25082.000000000004 5.2599112793531644 20.470912355175066 10.747645841276489 26.068648301856552 10086.000000000002 5.3321025950399861 4.9665548085837949
decision_type=2 2 2 2 2 2 2 2 2 2 2 2 2 2 2 2 2 2 2 2 2 2
left_child=8 2 7 11 -3 6 10 -2 9 -1 -6 -4 13 14 -8 -7 21 18 19 20 -18 -9
right_child=1 4 3 -5 5 15 12 16 -10 -11 -12 -13 -14 -15 -16 -17 17 -19 -20 -21 -22 -23
leaf_value=-1.5305346072857462 -0.023595183096382085 -0.21969838634253619 -0.24011538163981433 1.0068850807407714 -0.33232264721716309 0.46801728891713912 -0.5348287622932536 0.87286977662195875 -1.5638561694234621 2.0553320956942729 0.02182752331420942 1.6596406533975241 -0.081559755413247503 0.65717822339815757 0.44390519893496733 0.28628849216031599 1.2994249148971191 -0.038836844274846453 1.2421752473605792 0.10621732655012418 0.51219478230582649 -0.020885830407774014
leaf_weight=261 417 1967 51 92 532 115 57 140 9557 140 888 74 122 132 210 47 45 53 96 159 108 230
leaf_count=261 417 1967 51 92 532 115 57 140 9557 140 888 74 122 132 210 47 45 53 96 159 108 230
internal_value=-0.00195077 0.000467508 0.00295238 0.00832432 -0.000425154 0.000617646 0.000133093 0.00197486 -0.00329625 -0.000913794 -0.000700001 0.00323077 0.00242205 0.00343069 0.00177573 0.00614072 0.00311483 0.00438627 0.00505932 0.00356625 0.00602532 0.00144667
internal_weight=15493 5535 1465 217 4070 2103 1941 1248 9958 401 1420 125 521 399 267 162 831 461 408 312 153 370
internal_count=15493 5535 1465 217 4070 2103 1941 1248 9958 401 1420 125 521 399 267 162 831 461 408 312 153 370
is_linear=0
shrinkage=0.035


Tree=50
num_leaves=23
num_cat=0
split_feature=9 7 20 21 25 12 12 6 20 11 8 20 20 18 25 21 8 25 8 7 10 21
split_gain=39.7115 7.67536 4.47295 5.26393 2.76684 3.15974 2.29163 2.26625 1.99049 1.74584 2.60165 1.62823 1.44815 2.887 1.72511 1.36282 1.59357 1.33461 1.3305 1.32376 1.31937 1.34573
threshold=8.214889277389279 20.289929968360216 24.500000000000004 2.5000000000000004 210.50000000000003 8.910415358004137 5.6291706126250025 23.023809523809529 27.500000000000004 5.4435161551949287 11.786796536796539 29.500000000000004 1.5000000000000002 1.0000000180025095e-35 233.00000000000003 1.5000000000000002 11.948507718850943 421.00000000000006 23.787893649849043 15.717747209918626 7.158228479897681 2.5000000000000004
decision_type=2 2 2 2 2 2 2 2 2 2 2 2 2 2 2 2 2 2 2 2 2 2
left_child=12 2 6 15 5 7 -2 20 19 -8 -11 -10 13 -1 -15 16 -4 -18 -9 -5 -3 -22
right_child=1 4 3 8 -6 -7 9 18 11 10 -12 -13 -14 14 -16 -17 17 -19 -20 -21 21 -23
leaf_value=-1.721965723131746 -0.21697570497021415 1.0185781832108067 -0.21405874771902628 0.10099706638966847 0.068906809442524364 0.1050763375121665 0.47750771047529955 1.2009933052919499 0.56272957067523499 1.4097579022127855 -0.13079785269168176 0.2050710387288156 -1.6514187728847791 3.1217697882922679 -0.18730435358582342 -0.42951631374979526 1.0613498670692021 -0.048106244489895776 0.44555740867968324 0.35079898089756373 -0.39226124682948954 0.71469592122406889
leaf_weight=254 2534 232 102 166 469 304 207 87 78 47 774 62 9307 52 80 192 76 79 99 53 66 127
leaf_count=254 2534 232 102 166 469 304 207 87 78 47 774 62 9307 52 80 192 76 79 99 53 66 127
internal_value=-0.00199599 0.000304479 -0.000412001 0.00192435 0.00257271 0.00369022 -0.000948837 0.00513636 0.00505769 0.000430299 -0.000279662 0.00832759 -0.00336286 -0.00117264 0.00288686 -0.000570485 0.00104198 0.00328125 0.00841099 0.00275 0.00358139 0.00127273
internal_weight=15447 5754 4370 808 1384 915 3562 611 359 1028 821 140 9693 386 132 449 257 155 186 219 425 193
internal_count=15447 5754 4370 808 1384 915 3562 611 359 1028 821 140 9693 386 132 449 257 155 186 219 425 193
is_linear=0
shrinkage=0.035


Tree=51
num_leaves=23
num_cat=0
split_feature=9 9 16 22 22 12 12 25 22 12 8 12 8 8 9 12 10 9 6 8 21 12
split_gain=39.3235 7.53315 3.02664 1.92148 1.658 2.56057 2.54611 1.59896 2.19617 6.7311 5.83511 1.46405 1.38256 1.44904 1.47945 1.34535 1.3204 1.3686 1.2288 1.20291 1.20266 1.12838
threshold=8.6090456859449613 20.143619397982267 1.0000000180025095e-35 33201.500000000007 32208.500000000004 4.977661739984236 5.6824257181755788 210.50000000000003 10086.000000000002 7.0185333602344437 23.787893649849043 4.4984192253111397 21.899783549783553 24.01467325084613 23.572667725649094 8.7471839761849939 5.6680954636200793 18.385164835164836 18.75961538461539 19.700802187105939 3.5000000000000004 6.9460315646673028
decision_type=2 2 2 2 2 2 2 2 2 2 2 2 2 2 2 2 2 2 2 2 2 2
left_child=-1 3 7 4 6 11 -2 8 9 10 -3 -6 -10 14 -14 -15 17 -8 -19 20 -18 -5
right_child=1 2 -4 21 5 -7 16 -9 12 -11 -12 -13 13 15 -16 -17 19 18 -20 -21 -22 -23
leaf_value=-1.4528678941046345 -0.11709222223266211 1.5819636332334692 1.0366671403716159 -0.20899526051947953 0.38303749102237056 0.049780259250099566 0.21766747408571255 0.061166142467445145 -0.16529843869503766 0.57947816975809885 0.42638444619058891 1.1619907433138466 0.24562958118652911 0.3359533928892916 1.3995446097507558 -0.071272612341222868 0.25120716558926787 1.7044032372835805 0.55974396386591274 -0.34062493700777513 0.40875255428196333 0.24834952261851037
leaf_weight=9872 1242 55 63 1700 70 267 134 395 192 294 47 51 85 117 48 127 188 69 46 111 48 144
leaf_count=9872 1242 55 63 1700 70 267 134 395 192 294 47 51 85 117 48 127 188 69 46 111 48 144
internal_value=-0.00198113 0.000389595 0.00257843 -0.00037362 0.000312191 0.00237786 -0.000119643 0.00219231 0.00295876 0.00496633 0.012528 0.0065 0.0015 0.00273037 0.00563043 0.000997991 0.00174126 0.00366535 0.00641667 0.000278408 0.00172821 -0.00120957
internal_weight=15365 5493 1423 4070 2226 388 1838 1360 965 396 102 121 569 377 133 244 596 249 115 347 236 1844
internal_count=15365 5493 1423 4070 2226 388 1838 1360 965 396 102 121 569 377 133 244 596 249 115 347 236 1844
is_linear=0
shrinkage=0.035


Tree=52
num_leaves=23
num_cat=0
split_feature=9 7 20 21 21 11 20 9 7 21 7 12 5 20 20 18 12 7 5 11 22 20
split_gain=38.2672 6.38033 3.86121 2.93947 4.97839 3.87448 2.32116 2.83759 2.1187 2.11718 2.65382 1.90939 1.99841 2.03079 1.5511 3.32555 1.44964 1.30012 1.36494 1.33052 1.63471 1.95424
threshold=8.214889277389279 21.010724767698907 19.500000000000004 2.5000000000000004 3.5000000000000004 5.3321025950399861 26.500000000000004 22.647709039754044 15.717747209918626 1.5000000000000002 12.715694393364142 7.5721398288265664 8.9846950015344529 9.5000000000000018 1.5000000000000002 1.0000000180025095e-35 10.747645841276489 29.785714285714288 5.9272486772486781 5.8586863026251406 48992.500000000007 9.5000000000000018
decision_type=2 2 2 2 2 2 2 2 2 2 2 2 2 2 2 2 2 2 2 2 2 2
left_child=14 2 11 9 5 -5 16 -8 -6 10 -4 12 -2 -14 15 -1 17 18 -3 -20 21 -21
right_child=1 6 3 4 8 -7 7 -9 -10 -11 -12 -13 13 -15 -16 -17 -18 -19 19 20 -22 -23
leaf_value=-1.5162796430015861 -0.39878233785426653 -0.49595069730602609 -0.17544534729522868 0.51114650119217286 -0.57342166428571273 0.032860460810645468 0.4556682797051817 1.4873844298765526 0.3272070658166778 -0.36729682725459178 0.67703095693308013 0.26422943247364594 0.10884062678512978 -0.34479986055289502 -1.5427687395401501 1.9669839410959375 -0.073508304922606515 0.90368421480960848 0.79516895010006627 0.26817359211926706 1.1538776456316191 -0.048026318603419382
leaf_weight=255 1133 115 225 304 248 166 69 56 93 422 256 267 681 765 9214 126 120 86 197 172 45 370
leaf_count=255 1133 115 225 304 248 166 69 56 93 422 256 267 681 765 9214 126 120 86 197 172 45 370
internal_value=-0.00196946 0.000274805 -0.00032585 0.000979348 0.0025049 0.00482631 0.0025081 0.007 -0.000667631 -0.000377754 0.00118107 -0.00111838 -0.00141409 -0.000533081 -0.003325 -0.00105181 0.00195495 0.00240404 0.00195907 0.00248859 0.00158446 0.000978975
internal_weight=15385 5790 4560 1714 811 470 1230 125 341 903 481 2846 2579 1446 9595 381 1105 985 899 784 587 542
internal_count=15385 5790 4560 1714 811 470 1230 125 341 903 481 2846 2579 1446 9595 381 1105 985 899 784 587 542
is_linear=0
shrinkage=0.035


Tree=53
num_leaves=23
num_cat=0
split_feature=9 7 20 21 20 21 12 9 0 3 20 18 25 25 9 7 12 11 9 12 25 24
split_gain=37.0488 6.46016 2.63885 3.76292 2.14515 2.57957 1.78738 2.22512 1.65377 1.5122 1.31211 2.76134 1.38972 1.09834 1.13462 1.03271 1.00604 0.995005 1.35216 1.05332 1.00874 1.91268
threshold=8.214889277389279 20.578879296849021 26.500000000000004 2.5000000000000004 21.500000000000004 2.5000000000000004 7.4403419494706364 13.505915403672711 20.946428571428573 6.9966807769941894 1.5000000000000002 1.0000000180025095e-35 233.00000000000003 224.50000000000003 21.215047969410843 24.007192378077715 7.7792375936535905 5.2857885352670371 13.156280398468322 3.7352203966194888 421.00000000000006 9795.0000000000018
decision_type=2 2 2 2 2 2 2 2 2 2 2 2 2 2 2 2 2 2 2 2 2 2
left_child=10 2 6 -4 15 -6 9 -8 -7 -2 11 -1 -13 14 -9 -3 -15 18 -11 -20 21 -21
right_child=1 4 3 -5 5 8 7 13 -10 17 -12 12 -14 16 -16 -17 -18 -19 19 20 -22 -23
leaf_value=-1.5236349125362643 -0.44583041852272864 0.058085169490888863 -0.030290131958843499 0.4216455719631042 0.3654615678932806 0.27761135640924073 1.2956840612395941 0.93998886415485194 1.1728876582192622 -0.14524801704987547 -1.488771833656245 3.1598895473842261 -0.1105425519596511 0.20367781525603196 0.01602564731261959 0.33666060093442302 -0.35254361293102432 -0.17141020821922839 -0.41663951209995309 0.12139651602369725 0.014576969383556921 0.8462437240808488
leaf_weight=252 514 514 298 181 146 48 50 60 87 1359 9326 57 71 49 95 529 181 921 79 182 365 91
leaf_count=252 514 514 298 181 146 48 50 60 87 1359 9326 57 71 49 95 529 181 921 79 182 365 91
internal_value=-0.00201941 0.000204379 -0.000434538 0.00199587 0.0023465 0.00506643 -0.000736144 0.00135227 0.0085 -0.00100142 -0.00333781 -0.00122727 0.00281579 0.000358974 0.002625 0.00157634 -0.00111702 -0.000690207 -0.000253965 0.000959833 0.00145334 0.00304676
internal_weight=15455 5749 4425 479 1324 281 3946 435 135 3511 9706 380 128 385 155 1043 230 2997 2076 717 638 273
internal_count=15455 5749 4425 479 1324 281 3946 435 135 3511 9706 380 128 385 155 1043 230 2997 2076 717 638 273
is_linear=0
shrinkage=0.035


Tree=54
num_leaves=23
num_cat=0
split_feature=9 9 16 20 21 20 5 9 7 10 21 20 18 11 22 12 20 8 12 21 25 12
split_gain=35.0857 5.74193 2.69675 2.17008 3.3025 2.05928 1.72361 1.44585 1.29256 1.26389 2.60884 1.2508 2.55669 1.11657 1.44734 2.64165 1.37725 1.29616 2.79332 1.00488 2.00837 1.37123
threshold=8.214889277389279 20.286476540839413 1.0000000180025095e-35 27.500000000000004 2.5000000000000004 25.500000000000004 23.937493722930562 23.24935897435898 6.7166477702191996 10.970849691868963 2.5000000000000004 1.5000000000000002 1.0000000180025095e-35 5.4435161551949287 10086.000000000002 5.6291706126250025 17.500000000000004 22.366846650936655 8.7471839761849939 2.5000000000000004 200.00000000000003 3.5896557816992414
decision_type=2 2 2 2 2 2 2 2 2 2 2 2 2 2 2 2 2 2 2 2 2 2
left_child=11 3 5 6 -5 9 8 -7 -2 13 -11 12 -1 14 15 -3 -15 -18 -19 20 21 -10
right_child=1 2 -4 4 -6 7 -8 -9 19 10 -12 -13 -14 16 -16 -17 17 18 -20 -21 -22 -23
leaf_value=-1.3714503815632555 0.5412000460538825 1.4302283884191183 1.2796078279402081 -0.05016483981625465 0.42551513713932132 0.31530388874145071 0.21543728883655405 0.75562243140125163 -0.63488018636910559 -0.045295017412697952 0.90793871434178874 -1.4366648194782763 1.7175435692707375 -0.12735939348493328 0.01464747914520091 0.38923102315819463 -0.08138454128658458 1.223114474640304 -0.049949053872433306 -0.060506943505242883 -0.35866790448096986 0.1235003189682479
leaf_weight=254 61 46 62 227 139 96 188 74 101 59 69 9246 136 440 131 64 134 95 91 1842 1443 405
leaf_count=254 61 46 62 227 139 96 188 74 101 59 69 9246 136 440 131 64 134 95 91 1842 1443 405
internal_value=-0.00203031 0.000126125 0.00211127 -0.000484812 0.00206604 0.00173389 -0.000722498 0.0053 -0.000886571 0.00116049 0.00439474 -0.00332211 -0.00128481 0.000709741 0.00276016 0.00563043 2.2875e-05 0.00177692 0.0036466 -0.000973657 -0.00152968 0.000335616
internal_weight=15403 5767 1361 4406 366 1299 4040 170 3852 1129 128 9636 390 1001 241 110 760 320 186 3791 1949 506
internal_count=15403 5767 1361 4406 366 1299 4040 170 3852 1129 128 9636 390 1001 241 110 760 320 186 3791 1949 506
is_linear=0
shrinkage=0.035


Tree=55
num_leaves=23
num_cat=0
split_feature=9 9 25 11 23 12 11 21 11 8 21 20 25 25 20 10 23 25 11 20 6 23
split_gain=35.7312 5.70031 2.40664 2.13296 1.86709 1.91475 1.87586 1.68181 3.11303 6.31257 1.58753 3.23264 1.68036 1.49361 1.98485 2.84429 3.72426 2.3984 1.53798 1.45147 1.85379 2.08606
threshold=8.214889277389279 18.074005295944417 210.50000000000003 5.4435161551949287 12800.000000000002 7.1843557144086043 4.6813721373055079 2.5000000000000004 9.0974575009076695 27.821428571428573 2.5000000000000004 25.500000000000004 171.00000000000003 224.50000000000003 10.500000000000002 4.3915503282684103 41450.000000000007 248.50000000000003 5.2857885352670371 1.5000000000000002 4.8281303029948344 22050.000000000004
decision_type=2 2 2 2 2 2 2 2 2 2 2 2 2 2 2 2 2 2 2 2 2 2
left_child=19 10 3 4 5 -3 -6 -5 -9 -10 12 13 -2 -12 15 -15 -17 -16 -18 20 -1 -22
right_child=1 2 -4 7 6 -7 -8 8 9 -11 11 -13 -14 14 17 16 18 -19 -20 -21 21 -23
leaf_value=-2.7654491191984558 0.87670819537881761 1.1780902844848422 0.0061615626351679345 0.0076134021022508831 -0.23433522380327004 0.71971806688359152 1.4859971058005164 0.155088996574966 1.275516260234242 -0.074405395800584015 -0.25874386987950454 0.25144520543218468 -0.22510024547907345 -0.19081141366934032 0.39105120868020526 0.38887142403877567 0.44936942887745379 -0.3310915641304043 -0.12251486415695405 -1.3785010307619625 3.319929206387926 -0.24697045719848423
leaf_weight=208 177 91 791 412 96 52 86 378 75 59 550 209 1811 205 122 56 76 481 62 9251 46 134
leaf_count=208 177 91 791 412 96 52 86 378 75 59 550 209 1811 205 122 56 76 481 62 9251 46 134
internal_value=-0.00197373 0.000196927 0.00168582 0.00264035 0.00509091 0.00808784 0.0024893 0.00173681 0.00306673 0.00757914 -0.00060975 0.000146658 -0.00128726 -0.000397881 0.00039275 0.00230445 0.00529397 -0.000851975 0.00188461 -0.00327862 -0.00109542 0.00141892
internal_weight=15428 5789 2040 1249 325 143 182 924 512 134 3749 1761 1988 1552 1002 399 194 603 138 9639 388 180
internal_count=15428 5789 2040 1249 325 143 182 924 512 134 3749 1761 1988 1552 1002 399 194 603 138 9639 388 180
is_linear=0
shrinkage=0.035


Tree=56
num_leaves=23
num_cat=0
split_feature=9 20 21 24 9 4 25 16 12 21 11 11 10 11 9 5 3 20 6 1 1 3
split_gain=35.5366 5.24107 6.55578 3.41804 3.34389 1.5578 1.5171 1.43918 1.30682 1.25274 1.83031 1.94413 1.22121 1.20552 1.88043 1.19012 1.1888 1.17464 1.49437 1.14944 1.13632 1.0871
threshold=8.1076388888888911 26.500000000000004 2.5000000000000004 4685.0000000000009 19.972535392007416 18.955902356631452 430.00000000000006 1.0000000180025095e-35 10.454423194225415 2.5000000000000004 9.0974575009076695 7.6614490589887634 9.9618319217950688 5.6259309310979662 23.572667725649094 24.170466578992038 10.982153892092549 1.5000000000000002 4.8281303029948344 16.987659160272365 23.937493722930562 3.8319256067542198
decision_type=2 2 2 2 2 2 2 2 2 2 2 2 2 2 2 2 2 2 2 2 2 2
left_child=17 4 5 -4 15 -3 7 8 9 13 11 20 -12 14 -6 21 -5 18 -1 -17 -11 -2
right_child=1 2 3 16 6 -7 -8 -9 -10 10 12 -13 -14 -15 -16 19 -18 -19 -20 -21 -22 -23
leaf_value=-2.6896581872936474 1.1204565285053256 -0.065160533741560445 0.91460949372663003 0.32401943599973987 -0.067768624105992173 0.65845869874273588 -0.068506556369446553 1.1887672399176221 -0.044052603290250146 0.81664731167541893 0.86286053169211097 -0.126957918271252 0.98556910523454733 -0.19657685861647578 0.98122609792059146 -0.2322844639329219 0.2830577827188186 -1.3492058498894555 0.68007595752152827 0.65819558290503555 0.28114465265339122 -0.12443879035151027
leaf_weight=201 45 302 85 51 88 90 301 53 172 146 46 160 46 206 54 85 104 9187 174 70 87 3664
leaf_count=201 45 302 85 51 88 90 301 53 172 146 46 160 46 206 54 85 104 9187 174 70 87 3664
internal_value=-0.00199533 0.000149317 0.00314835 0.00764286 -0.000212893 0.000290931 0.00127273 0.00189981 0.00155941 0.00213842 0.00328571 0.00212814 0.00768557 0.000466005 0.00292857 -0.00074089 0.00415625 -0.00330976 -0.00128947 0.0021875 0.00414706 -0.00087076
internal_weight=15417 5855 632 240 5223 392 1359 1058 1005 833 485 393 92 348 142 3864 155 9562 375 155 233 3709
internal_count=15417 5855 632 240 5223 392 1359 1058 1005 833 485 393 92 348 142 3864 155 9562 375 155 233 3709
is_linear=0
shrinkage=0.035


Tree=57
num_leaves=23
num_cat=0
split_feature=9 22 21 20 21 20 9 12 10 22 9 22 20 9 22 10 7 25 21 10 20 5
split_gain=36.3386 5.78108 3.68848 3.11719 2.72268 2.12399 2.66441 1.81354 2.81395 1.64359 1.55806 3.09918 1.4865 2.68909 1.47186 1.30185 1.22121 1.61076 1.28603 1.65769 1.37659 1.17406
threshold=8.1076388888888911 16785.000000000004 2.5000000000000004 26.500000000000004 2.5000000000000004 25.500000000000004 17.557777777777783 8.3355461626536052 6.3590947678158996 6498.5000000000009 5.8061224489795924 17236.500000000004 11.500000000000002 19.716218463335505 10086.000000000002 5.0615262143989321 7.5794952464254495 224.50000000000003 3.5000000000000004 2.6726124191242469 10.500000000000002 28.125319265124826
decision_type=2 2 2 2 2 2 2 2 2 2 2 2 2 2 2 2 2 2 2 2 2 2
left_child=10 3 -3 9 15 6 16 8 -8 -2 -1 -12 -10 -14 -11 -5 -4 -18 19 -19 -20 -16
right_child=1 2 5 4 -6 -7 7 -9 12 14 11 -13 13 -15 21 -17 17 18 20 -21 -22 -23
leaf_value=-2.9801783917336402 -0.028298919860802803 -0.16399869344378196 0.17122464087902897 -0.17479649184115983 0.92388606360320158 0.31267877270842293 0.086352564820582581 -0.095393412056936883 0.7661234489753399 0.77293326592249956 3.179929025651095 -0.50617751272650557 -0.71085644861333208 1.1741628790839918 0.013161157371343315 1.6053206747409057 -0.31492182347020492 0.36787468827334185 0.1260239450857614 0.036979773463934197 -0.92737673325188275 0.72517589554125506
leaf_weight=7635 440 2197 73 46 65 251 192 117 78 428 46 1916 48 49 383 58 510 82 165 379 231 64
leaf_count=7635 440 2197 73 46 65 251 192 117 78 428 46 1916 48 49 383 58 510 82 165 379 231 64
internal_value=-0.0019377 0.000232297 -0.000405416 0.00211786 0.00655747 0.000610091 0.000201399 0.00244069 0.00365054 0.00151136 -0.00326307 -0.00234342 0.00680555 0.00336274 0.00238636 0.00260092 -0.000544984 -0.000795919 0.000113688 0.00138197 -0.00131796 0.000913716
internal_weight=15453 5856 4372 1484 169 2175 1924 484 367 1315 9597 1962 175 97 875 104 1440 1367 857 461 396 447
internal_count=15453 5856 4372 1484 169 2175 1924 484 367 1315 9597 1962 175 97 875 104 1440 1367 857 461 396 447
is_linear=0
shrinkage=0.035


Tree=58
num_leaves=23
num_cat=0
split_feature=9 22 21 20 21 20 8 8 20 7 12 7 0 17 25 22 22 11 8 5 20 21
split_gain=33.8173 5.5957 2.78373 2.58823 2.71144 2.39085 1.49024 2.52832 1.42451 1.40055 1.56661 1.46158 1.31686 1.11628 1.08932 0.990809 1.18319 1.26657 1.47641 1.37749 1.16562 0.998647
threshold=8.0222733457361439 16785.000000000004 2.5000000000000004 26.500000000000004 2.5000000000000004 26.500000000000004 5.6470832654320153 5.6616611418588318 25.500000000000004 20.732142857142861 8.4555325884580004 7.5612451726400796 39.500000000000007 1.0000000180025095e-35 421.00000000000006 6498.5000000000009 10086.000000000002 5.3321025950399861 20.016499355443397 10.946439606378263 19.500000000000004 3.5000000000000004
decision_type=2 2 2 2 2 2 2 2 2 2 2 2 2 2 2 2 2 2 2 2 2 2
left_child=6 3 -3 12 -5 9 -1 -8 -9 11 14 -4 15 -7 -11 20 17 18 -17 -19 -2 -21
right_child=1 2 5 4 -6 13 7 8 -10 10 -12 -13 -14 -15 -16 16 -18 19 -20 21 -22 -23
leaf_value=-2.8805173714174002 -0.13272408390631407 -0.16119443708910589 0.20143810872425985 0.32258350597357166 0.76306548872323543 0.35135812189371196 1.3123861262082959 -0.63597807536082973 -0.015582724590920494 0.30800740409114974 -0.20323071664230716 -0.06611397862041378 0.57954421418557023 0.088757345702509233 0.5414613530391732 0.52368616830343306 0.049572083078309383 1.0622298470652711 1.0560894236221861 -0.17303095312954431 0.20377871364574723 1.1758364350985837
leaf_weight=7646 298 2180 83 108 69 109 140 1488 248 100 60 1706 54 74 58 45 410 49 72 145 122 92
leaf_count=7646 298 2180 83 108 69 109 140 1488 248 100 60 1706 54 74 58 45 410 49 72 145 122 92
internal_value=-0.00198708 0.000108494 -0.000516001 0.00197992 0.00592308 0.000358769 -0.00327223 -0.00234636 -0.00271597 0 0.00262108 -0.000319956 0.00140325 0.00413298 0.00444478 0.00113651 0.00184841 0.00319118 0.0062541 0.0017921 -0.000205883 0.000549586
internal_weight=15356 5834 4370 1464 177 2190 9522 1876 1736 2007 218 1789 1287 183 158 1233 813 403 117 286 420 237
internal_count=15356 5834 4370 1464 177 2190 9522 1876 1736 2007 218 1789 1287 183 158 1233 813 403 117 286 420 237
is_linear=0
shrinkage=0.035


Tree=59
num_leaves=23
num_cat=0
split_feature=9 22 21 20 7 20 21 22 6 20 21 12 12 9 12 22 20 11 12 20 11 8
split_gain=31.2494 5.43299 3.22418 2.91949 3.13431 2.67753 2.92719 1.58459 1.5471 1.46502 2.51299 1.29031 1.54711 1.64143 1.56774 1.2405 1.24366 1.381 1.18948 1.088 1.04037 1.03942
threshold=7.5374323151322207 16785.000000000004 2.5000000000000004 25.500000000000004 17.574477591929064 26.500000000000004 2.5000000000000004 6498.5000000000009 10.964285714285717 1.5000000000000002 1.5000000000000002 8.7471839761849939 7.3402617043732228 21.690047969410838 7.8875613280712829 10086.000000000002 22.500000000000004 5.2857885352670371 7.8875613280712829 18.500000000000004 7.6614490589887634 27.363155615522384
decision_type=2 2 2 2 2 2 2 2 2 2 2 2 2 2 2 2 2 2 2 2 2 2
left_child=9 5 -3 4 -4 7 -7 -2 -5 10 -1 12 -6 14 -14 16 17 -9 -19 -17 -21 -20
right_child=1 2 3 8 11 6 -8 15 -10 -11 -12 -13 13 -15 -16 19 -18 18 21 20 -22 -23
leaf_value=1.3741983366322117 -0.039173139004882382 -0.19020512781119955 -0.1233766189891662 0.48836353711133201 0.07968520274218667 0.35136875237321563 0.76726019406195223 1.0431819207649087 0.11515048393649081 -1.4907058840481662 -1.5055447485924309 -0.24067753129698397 0.44820107649070412 1.0512378503515527 -0.38755582508376474 -0.04532643004947641 -0.1493493228116847 -0.1555045830287422 1.2023810266516879 0.94977847738555266 -0.072101803396791328 0.11823474692700622
leaf_weight=132 415 2396 1657 85 268 105 62 102 194 8765 221 57 53 45 47 299 70 95 104 85 45 65
leaf_count=132 415 2396 1657 85 268 105 62 102 194 8765 221 57 53 45 47 299 70 95 104 85 45 65
internal_value=-0.00205191 -0.00014215 -0.000711359 0.000187266 -0.000249532 0.00173072 0.00586046 0.00115759 0.00352465 -0.00335805 -0.00105587 0.00224737 0.00294737 0.00583333 0.00283333 0.00201149 0.0033254 0.00414151 0.00261524 0.000612902 0.00324074 0.00434483
internal_weight=15367 6249 4802 2406 2127 1447 167 1280 279 9118 353 470 413 145 100 865 436 366 264 429 130 169
internal_count=15367 6249 4802 2406 2127 1447 167 1280 279 9118 353 470 413 145 100 865 436 366 264 429 130 169
is_linear=0
shrinkage=0.035


Tree=60
num_leaves=23
num_cat=0
split_feature=9 7 20 20 7 9 21 21 27 11 9 23 12 20 25 5 21 25 20 9 11 20
split_gain=32.7783 4.88469 2.58103 2.46244 2.27039 2.05694 1.87752 4.44659 2.08985 2.0365 1.81815 2.94511 1.74806 1.73352 1.62957 1.53817 1.43554 2.46849 1.39178 1.28131 1.13666 2.40383
threshold=8.0222733457361439 20.977807638868878 18.500000000000004 26.500000000000004 7.4209183673469399 22.176785714285717 2.5000000000000004 3.5000000000000004 3.5000000000000004 5.2154145402102863 5.8061224489795924 22050.000000000004 9.5903960932474828 26.500000000000004 430.00000000000006 13.66397320109518 1.5000000000000002 191.00000000000003 9.5000000000000018 20.143619397982267 7.4828535802045586 16.500000000000004
decision_type=2 2 2 2 2 2 2 2 2 2 2 2 2 2 2 2 2 2 2 2 2 2
left_child=10 2 4 12 -2 -5 16 8 9 -8 -1 -12 14 -13 20 -6 17 -4 -17 -9 21 -3
right_child=1 3 6 5 15 -7 7 19 -10 -11 11 13 -14 -15 -16 18 -18 -19 -20 -21 -22 -23
leaf_value=-2.7366405667832781 1.2180864699876337 0.37015545381601028 1.1206546629418259 0.24229448950824739 -0.26483903613636495 1.3586594991011831 0.31389529271445232 -0.65650262890544553 0.3463889015756369 -0.052423914927227581 2.6831954830376907 -0.53876024901845931 -0.092681724085617243 0.010769833425246561 -0.033595003453334611 0.17268241996763606 -0.35576098327775263 -0.022445189998775799 -0.37084077693397138 0.19496720309452834 0.28019042738836647 1.14146930412513
leaf_weight=7673 46 244 77 65 1916 67 231 278 122 159 54 1603 228 224 222 408 476 467 330 102 338 107
leaf_count=7673 46 244 77 65 1916 67 231 278 122 159 54 1603 228 224 222 408 476 467 330 102 338 107
internal_value=-0.00198595 6.65753e-05 -0.000460148 0.00198589 -0.00115804 0.0064635 0.000516692 0.00168952 0.00381141 0.00243671 -0.00325102 -0.00223807 0.0014257 -0.00248745 0.00211681 -0.00130181 -0.000495123 0.000707649 3.29736e-05 -0.00113636 0.00295533 0.00436517
internal_weight=15437 5883 4612 1271 2700 132 1912 892 512 390 9554 1881 1139 1827 911 2654 1020 544 738 380 689 351
internal_count=15437 5883 4612 1271 2700 132 1912 892 512 390 9554 1881 1139 1827 911 2654 1020 544 738 380 689 351
is_linear=0
shrinkage=0.035


Tree=61
num_leaves=23
num_cat=0
split_feature=9 20 24 21 9 20 9 7 21 5 20 23 20 0 24 9 12 25 7 24 11 21
split_gain=34.5162 4.26742 2.91137 2.90469 2.81391 2.67376 2.28313 2.14361 2.28713 2.24366 1.60296 1.54307 1.42841 1.16705 1.06658 3.43639 1.38367 1.30143 2.00407 0.908819 1.25666 0.89955
threshold=9.0121317021009091 26.500000000000004 12965.500000000002 2.5000000000000004 5.8061224489795924 30.500000000000004 5.8214332303014045 8.7090543789850212 3.5000000000000004 16.940434238785283 7.5000000000000009 21250.000000000004 24.500000000000004 25.102403528914756 9795.0000000000018 13.505915403672711 8.0606120727905211 430.00000000000006 18.732142857142861 9349.5000000000018 3.3610568719828735 2.5000000000000004
decision_type=2 2 2 2 2 2 2 2 2 2 2 2 2 2 2 2 2 2 2 2 2 2
left_child=4 2 7 -3 -1 11 -6 8 -2 14 13 -5 -8 -11 16 -16 -9 18 -18 -14 -21 -12
right_child=1 3 -4 5 6 -7 12 9 -10 10 21 -13 19 -15 15 -17 17 -19 -20 20 -22 -23
leaf_value=-2.6459844031828395 0.32284542846867009 0.058407011372456422 -0.36809387120737586 0.64552513197076233 1.1413872682554658 -0.18550421560799535 -0.4449050497333491 -0.16988263501534195 -0.56569214568277748 0.20689592164716716 -0.076353807736536231 0.38487703805772389 -0.28419188643287524 0.82461532144117 0.45756866951781094 -0.067327112942318759 1.5758260660723207 -0.2805247234425613 0.40888077396208539 -0.021985103997150979 0.49616929172305024 0.17147308352714202
leaf_weight=7667 88 344 628 54 148 48 1917 1521 45 309 443 133 205 88 84 501 45 86 130 172 48 710
leaf_count=7667 88 344 628 54 148 48 1917 1521 45 309 443 133 205 88 84 501 45 86 130 172 48 710
internal_value=-0.0019678 0.000331242 -1.71907e-05 0.0031524 -0.00315902 0.006125 -0.00211122 0.000323674 0.00461594 0.000167771 0.00120418 0.00798437 -0.00238155 0.00311691 -0.000504638 0.000771186 -0.000934248 0.00136842 0.00311111 -0.000488373 0.00101111 0.000519861
internal_weight=15414 5257 4678 579 10157 235 2490 4050 133 3917 1550 187 2342 397 2367 585 1782 261 175 425 220 1153
internal_count=15414 5257 4678 579 10157 235 2490 4050 133 3917 1550 187 2342 397 2367 585 1782 261 175 425 220 1153
is_linear=0
shrinkage=0.035


Tree=62
num_leaves=23
num_cat=0
split_feature=9 20 21 9 20 12 22 22 5 12 1 20 4 20 8 20 12 8 12 12 12 4
split_gain=31.802 5.92631 5.63378 3.39464 2.63858 1.31496 1.12404 1.38351 1.57325 1.49749 1.16972 1.13264 1.03681 1.12544 1.66425 2.09529 1.93714 1.00352 1.59285 1.21724 0.957545 0.923094
threshold=7.4919355890340649 26.500000000000004 2.5000000000000004 18.074005295944417 29.500000000000004 3.0103437199378598 10086.000000000002 6498.5000000000009 10.946439606378263 5.4018250201421951 18.955902356631452 19.500000000000004 6.9966807769941894 9.5000000000000018 21.899783549783553 18.500000000000004 8.7471839761849939 21.751492906082621 9.0750979634745033 8.0606120727905211 6.6210252830050198 18.955902356631452
decision_type=2 2 2 2 2 2 2 2 2 2 2 2 2 2 2 2 2 2 2 2 2 2
left_child=-1 3 21 5 -4 -2 7 10 -9 -10 11 -5 -8 20 -15 -16 -17 -11 19 -19 -14 -3
right_child=1 2 4 6 -6 -7 12 8 9 17 -12 -13 13 14 15 16 -18 18 -20 -21 -22 -23
leaf_value=-1.3738446341632007 -0.3683030067773565 -0.046945314413791302 0.58436787814900426 0.004604719126339616 0.31723975252169728 -0.093898543156767253 -0.41752422117374377 1.0695483255308529 0.91433818216678597 -0.45392306801542648 -0.1323284946821334 0.46142129657712877 1.5502269582992028 -0.15870182159793003 -0.050912340662210356 0.7743269916357699 -0.020647147821783139 0.18284783370385788 -0.28781231186456391 1.874730712811834 0.20410667669262619 0.47211639279152429
leaf_weight=9035 423 334 155 88 104 3419 166 69 45 67 189 47 65 393 170 69 51 88 105 45 196 84
leaf_count=9035 423 334 155 88 104 3419 166 69 45 67 189 47 65 393 170 69 51 88 105 45 196 84
internal_value=-0.00201025 -0.000113612 0.00296627 -0.000485089 0.00697348 -0.00107993 0.000738428 0.00178743 0.00310377 0.00202113 1.06375e-05 0.0025 1.56942e-05 0.000483139 -0.000244187 0.00172034 0.00518 0.00101613 0.00211728 0.00461594 0.00242105 0.000388888
internal_weight=15407 6372 677 5695 259 3842 1853 743 419 350 324 135 1110 944 683 290 120 305 238 133 261 418
internal_count=15407 6372 677 5695 259 3842 1853 743 419 350 324 135 1110 944 683 290 120 305 238 133 261 418
is_linear=0
shrinkage=0.035


Tree=63
num_leaves=23
num_cat=0
split_feature=9 20 7 12 12 9 20 4 5 20 11 5 25 20 8 12 25 11 8 6 12 23
split_gain=32.2005 4.90136 3.58933 2.08894 1.86424 2.34487 1.64944 1.59112 1.51991 1.5166 1.481 1.4247 1.41509 1.38157 1.89803 1.26367 1.09339 0.982261 1.5382 0.962796 1.05051 1.45144
threshold=7.3945540415640245 26.500000000000004 20.732142857142861 8.910415358004137 7.5721398288265664 13.505915403672711 18.500000000000004 18.955902356631452 7.1993781608233416 9.5000000000000018 6.4194073876636955 5.9272486772486781 600.00000000000011 1.5000000000000002 5.6470832654320153 5.2131802781861181 224.50000000000003 5.1139579793748515 13.203768832316007 6.8416666666666677 3.4409667384763631 46750.000000000007
decision_type=2 2 2 2 2 2 2 2 2 2 2 2 2 2 2 2 2 2 2 2 2 2
left_child=13 2 4 11 6 -6 8 -3 -2 15 -9 -4 17 14 -1 -10 -7 18 19 -8 -21 -22
right_child=1 7 3 -5 5 16 12 10 9 -11 -12 -13 -14 -15 -16 -17 -18 -19 -20 20 21 -23
leaf_value=-2.3162726907329976 -0.4281106844439625 0.11653079143892933 -0.3348527058068842 -0.091519449366890465 1.4117960461601791 0.45103493957857471 -0.16872387200204111 0.82198408299201553 -0.081280092085961361 -0.36061035536023001 0.15718653768468641 0.39625080674037572 -0.18428040332647083 -1.4271363161772399 0.9469122935650468 0.19044529850043435 -0.13385857884137753 -0.093423247838246834 0.6823262279031731 0.32843793665114668 -0.63817511695293871 0.10497383900536622
leaf_weight=203 1198 537 125 331 49 167 238 103 593 784 49 718 266 8551 157 251 206 357 170 89 89 150
leaf_count=203 1198 537 125 331 49 167 238 103 593 784 49 718 266 8551 157 251 206 357 170 89 89 150
internal_value=-0.00195541 -7.29738e-05 -0.000408919 0.00130916 -0.000851475 0.00133606 -0.00107757 0.00270317 -0.00155899 -0.000842316 0.00586306 0.00223703 -6.15844e-05 -0.00331943 -0.00110274 0.000169022 0.000296295 0.000484516 0.00122335 0.000300349 0.00154504 0.000229507
internal_weight=15381 6470 5781 1174 4607 422 4185 689 2826 1628 152 843 1359 8911 360 844 373 1093 736 566 328 239
internal_count=15381 6470 5781 1174 4607 422 4185 689 2826 1628 152 843 1359 8911 360 844 373 1093 736 566 328 239
is_linear=0
shrinkage=0.035


Tree=64
num_leaves=23
num_cat=0
split_feature=9 20 12 9 20 25 9 23 12 9 11 12 12 23 7 9 20 12 16 8 23 20
split_gain=31.0167 4.29612 2.62578 2.13046 1.6991 1.73758 1.55218 2.58346 1.37436 1.46335 1.81356 1.4521 3.03124 1.82886 2.2173 1.71725 1.23718 1.28855 1.11451 1.26377 1.10187 1.03977
threshold=7.3945540415640245 26.500000000000004 5.6824257181755788 22.960714285714293 16.500000000000004 600.00000000000011 5.8061224489795924 22050.000000000004 4.7489207862006131 12.698809523809524 3.7180876568709116 3.4409667384763631 3.0103437199378598 42000.000000000007 8.1454742027739808 8.6090456859449613 10.500000000000002 3.5327268122738742 1.0000000180025095e-35 21.001524510250249 61700.000000000007 9.5000000000000018
decision_type=2 2 2 2 2 2 2 2 2 2 2 2 2 2 2 2 2 2 2 2 2 2
left_child=6 2 4 -3 16 8 -1 -8 9 11 -11 12 -6 -13 -15 -14 17 -2 21 -20 -19 -4
right_child=1 3 18 -5 5 -7 7 -9 -10 10 -12 13 15 14 -16 -17 -18 20 19 -21 -22 -23
leaf_value=-2.4586593404398824 -0.40734788404326888 0.13448841134438369 0.1843444239567919 0.79477496251262914 -0.1696839572780027 -0.22559039699957467 2.3089941824609683 -0.42349860294721253 -0.19476928526406284 -0.054801758834664704 0.5326534849308312 -0.52133526693822063 0.14043242355072719 0.19853275543066376 -0.032003515271991571 0.49375304478223286 -0.48740247682718824 0.071627462466733238 0.038962675715988347 1.2849018053733616 -0.19834455435700241 -0.029860914219646144
leaf_weight=7650 508 622 680 62 100 275 52 1241 286 57 87 191 80 58 172 69 840 702 55 47 193 1405
leaf_count=7650 508 622 680 62 100 275 52 1241 286 57 87 191 80 58 172 69 840 702 55 47 193 1405
internal_value=-0.00196052 -0.000115338 -0.000427712 0.00249419 -0.00100759 -2.53632e-05 -0.0032966 -0.00212481 0.000585972 0.00132906 0.00448658 0.000596295 0.00270079 -0.000624414 0.00141489 0.00581818 -0.00160053 -0.000939632 0.000523722 0.00402336 -0.000116667 0.000334927
internal_weight=15432 6489 5805 684 3618 1375 8943 1293 1100 814 144 670 249 421 230 149 2243 1403 2187 102 895 2085
internal_count=15432 6489 5805 684 3618 1375 8943 1293 1100 814 144 670 249 421 230 149 2243 1403 2187 102 895 2085
is_linear=0
shrinkage=0.035


Tree=65
num_leaves=23
num_cat=0
split_feature=9 20 21 8 20 8 8 11 20 12 21 21 20 20 12 11 27 12 11 25 22 8
split_gain=29.6211 3.92224 5.80825 2.99633 2.87715 1.63205 2.30765 1.51802 1.84721 2.32803 1.43889 1.79485 4.57753 3.92535 3.00761 2.67649 2.30965 2.12716 4.56681 1.33875 1.3144 1.65989
threshold=7.3945540415640245 26.500000000000004 2.5000000000000004 22.87263965786218 30.500000000000004 5.6470832654320153 5.6616611418588318 7.6614490589887634 15.500000000000002 7.2707186386780052 2.5000000000000004 3.5000000000000004 8.5000000000000018 16.500000000000004 3.4409667384763631 8.051006715954717 2.5000000000000004 4.4032914559363556 5.3321025950399861 807.00000000000011 16785.000000000004 9.7681770045760015
decision_type=2 2 2 2 2 2 2 2 2 2 2 2 2 2 2 2 2 2 2 2 2 2
left_child=5 3 -3 10 20 -1 -7 8 -5 -10 -2 13 15 -12 -15 19 -16 -18 -19 -13 -4 -22
right_child=1 2 4 7 -6 6 -8 -9 9 -11 11 12 -14 14 16 -17 17 18 -20 -21 21 -23
leaf_value=-2.3541025428561131 -0.16849925029761353 -0.027403995655287033 0.5781799500925604 0.17176093781471913 -0.19583870536533682 1.0101514281971047 -0.40524097350205607 0.039262608811431614 0.062010700606319517 1.8620433219229533 -0.094280995159046116 -0.023692079997242477 -0.61409095750803289 0.39509000316891557 -0.25859547486279877 0.51416522912260576 -0.026723329347775226 0.6584104356310766 0.11770345014174313 0.99877366127679301 0.70082060618440201 0.27338941103363396
leaf_weight=7649 2439 421 51 184 59 141 1173 490 51 47 801 252 910 104 97 58 114 51 114 59 53 103
leaf_count=7649 2439 421 51 184 59 141 1173 490 51 47 801 252 910 104 97 58 114 51 114 59 53 103
internal_value=-0.00197984 -0.000169504 0.00231647 -0.000470222 0.0063155 -0.00328145 -0.00209363 0.00154504 0.00357317 0.00737379 -0.000786172 -0.000197857 -0.00112851 0.000718506 0.00321134 0.00211497 0.00164436 0.00327817 0.00576471 0.00070886 0.0082217 0.00606522
internal_weight=15421 6458 687 5771 266 8963 1314 772 282 98 4999 2560 1279 1281 480 369 376 279 165 311 207 156
internal_count=15421 6458 687 5771 266 8963 1314 772 282 98 4999 2560 1279 1281 480 369 376 279 165 311 207 156
is_linear=0
shrinkage=0.035


Tree=66
num_leaves=23
num_cat=0
split_feature=9 0 7 22 20 20 12 12 22 9 20 22 21 20 3 12 11 0 22 12 0 22
split_gain=29.3079 3.48083 2.6119 2.52682 1.5937 1.52224 1.45643 1.62535 2.09597 1.51181 1.42886 1.53694 1.7775 1.10813 1.82228 1.07771 1.35387 1.01603 0.958808 0.865386 1.18384 1.08177
threshold=8.1076388888888911 16.987659160272365 5.2914285714285727 17236.500000000004 17.500000000000004 25.500000000000004 3.5625551142121235 3.0103437199378598 47334.500000000007 9.0121317021009091 26.500000000000004 16785.000000000004 2.5000000000000004 9.5000000000000018 9.9383815326929881 4.3046812472089746 4.3221891075378336 42.500000000000007 47334.500000000007 3.5327268122738742 12.035714285714286 25082.000000000004
decision_type=2 2 2 2 2 2 2 2 2 2 2 2 2 2 2 2 2 2 2 2 2 2
left_child=2 4 -1 -4 13 -5 7 -6 9 -9 15 12 -12 14 -2 -3 -17 -18 -7 -16 21 -21
right_child=1 10 3 5 6 18 -8 8 -10 -11 11 -13 -14 -15 19 16 17 -19 -20 20 -22 -23
leaf_value=-2.2937398791956771 -0.28993416141726541 -0.2107701592498622 2.5060460663584911 -0.40585728023626033 -0.075708064518593021 -0.10538800637326032 -0.032601590653400431 0.061677138360679222 -0.10308127386499392 0.55069464985096694 0.40665557884269571 0.089658073027127125 0.70575245067495074 -0.35038895043733859 -0.20414219052942559 0.87138495478362787 0.06253878182181466 0.42989627403298597 0.19107598201057868 0.21773247594694267 -0.055284363670968166 0.14338098562776844
leaf_weight=7585 435 259 51 1659 84 214 1232 48 52 104 81 152 54 942 91 139 1580 50 77 94 246 203
leaf_count=7585 435 259 51 1659 84 214 1232 48 52 104 81 152 54 942 91 139 1580 50 77 94 246 203
internal_value=-0.00198092 -2.45266e-05 -0.00317157 -0.00201695 -0.000718609 -0.0022289 0.000126229 0.00235324 0.00403588 0.00608599 0.00102586 0.00333219 0.006 -0.00136458 -0.00056704 0.000683472 0.000998308 0.000695718 4.72965e-05 0.00060798 0.00116241 0.00264238
internal_weight=15432 5846 9586 2001 3531 1950 1520 288 204 152 2315 287 135 2011 1069 2028 1769 1630 291 634 543 297
internal_count=15432 5846 9586 2001 3531 1950 1520 288 204 152 2315 287 135 2011 1069 2028 1769 1630 291 634 543 297
is_linear=0
shrinkage=0.035


Tree=67
num_leaves=23
num_cat=0
split_feature=9 20 21 9 20 12 9 21 9 20 16 27 20 4 12 25 7 10 20 20 23 21
split_gain=30.8843 4.45997 6.20244 3.63158 2.12768 1.96075 2.20541 1.79082 1.65339 1.7986 1.51167 1.53955 1.31828 1.16564 1.0318 1.09629 1.62748 0.944545 1.04417 1.03891 1.02977 1.017
threshold=7.2857189445871189 26.500000000000004 2.5000000000000004 18.074005295944417 30.500000000000004 7.4403419494706364 13.505915403672711 2.5000000000000004 4.6144343751486616 1.5000000000000002 1.0000000180025095e-35 2.5000000000000004 26.500000000000004 7.5924945809927342 6.1326688888443419 421.00000000000006 20.289929968360216 2.8702082220799361 9.5000000000000018 16.500000000000004 61700.000000000007 3.5000000000000004
decision_type=2 2 2 2 2 2 2 2 2 2 2 2 2 2 2 2 2 2 2 2 2 2
left_child=8 3 -3 5 -4 13 -7 -8 -1 -10 11 -5 -11 -2 15 16 -13 21 20 -20 -19 -15
right_child=1 2 4 10 -6 6 7 -9 9 12 -12 14 -14 17 -16 -17 -18 18 19 -21 -22 -23
leaf_value=-2.3189799217705431 -0.28786467831441981 -0.024839460524089391 0.47461682882272838 -0.081829200650716638 0.063007835257620812 1.2314056235085005 -0.8772175857864376 0.36239509134211279 0.77831724680562675 -0.48634279186454599 0.65669491309358496 0.19073715254718954 0.055012879022340533 0.10523104080331512 0.12664693888695955 -0.016626071295240435 0.9706476267927211 0.086783036053976886 -0.49267875524472782 -0.045323670823555581 -0.21804898669234921 -0.48113957245357697
leaf_weight=7320 1268 446 223 491 60 52 93 47 156 1156 87 89 179 536 988 97 94 407 592 742 133 187
leaf_count=7320 1268 446 223 491 60 52 93 47 156 1156 87 89 179 536 988 97 94 407 592 742 133 187
internal_value=-0.0019163 -0.000109162 0.00246049 -0.00043128 0.00646528 -0.00101846 0.00236294 0 -0.00327371 -0.00216644 0.000849 0.000607142 -0.00258582 -0.0011938 0.00125648 0.00313158 0.00469149 -0.000755958 -0.00117163 -0.00169642 9.63294e-05 0.000298076
internal_weight=15443 6632 729 5903 283 4057 192 140 8811 1491 1846 1759 1335 3865 1268 280 183 2597 1874 1334 540 723
internal_count=15443 6632 729 5903 283 4057 192 140 8811 1491 1846 1759 1335 3865 1268 280 183 2597 1874 1334 540 723
is_linear=0
shrinkage=0.035


Tree=68
num_leaves=23
num_cat=0
split_feature=9 9 7 20 20 20 21 21 8 25 5 20 20 23 7 6 11 10 11 23 7 23
split_gain=28.2978 3.57066 2.12444 2.05934 1.89205 1.96389 1.64364 3.74523 2.69474 3.38431 1.52445 1.5988 1.46926 1.25183 1.24542 2.68462 1.17398 1.11906 1.0105 0.925987 1.72554 1.86592
threshold=7.4497074707716076 18.074005295944417 5.0043161206207767 18.500000000000004 1.5000000000000002 26.500000000000004 3.5000000000000004 2.5000000000000004 9.7681770045760015 248.50000000000003 8.9846950015344529 9.5000000000000018 26.500000000000004 22050.000000000004 15.002551020408164 8.9846950015344529 5.5047440295121728 3.4572215654164933 3.8520010333264456 12800.000000000002 17.574477591929064 8300.0000000000018
decision_type=2 2 2 2 2 2 2 2 2 2 2 2 2 2 2 2 2 2 2 2 2 2
left_child=2 3 -1 10 13 -6 7 14 9 -9 -2 -12 19 -4 -5 -16 -14 18 -10 20 -3 -22
right_child=1 12 4 6 5 -7 -8 8 17 -11 11 -13 16 -15 15 -17 -18 -19 -20 -21 21 -23
leaf_value=-2.1672946861618589 -0.34069574313683637 0.58097007855239957 2.4004805327853971 -0.11123610641756375 -0.47058672840157822 0.055375446527943267 -0.53203563802332787 0.3967694565906365 0.13602794884082503 0.059457310863924751 0.07122059588907316 -0.34546789144619544 0.68383096631580187 -0.19341876446486217 0.78443306087200693 -0.53310122056662168 0.24428592578269503 -0.016261782015115391 0.53808351710844593 0.0092092725602656734 -0.093176729513713932 0.51705960843753351
leaf_weight=7469 1345 70 47 711 1154 180 297 90 65 79 682 648 72 130 95 95 109 181 50 1087 288 373
leaf_count=7469 1345 70 47 711 1154 180 297 90 65 79 682 648 72 130 95 95 109 181 50 1087 288 373
internal_value=-0.00197181 -0.000177705 -0.00323511 -0.000743841 -0.00199934 -0.00245444 0.000214028 0.000737782 0.00327659 0.00675862 -0.00134515 -0.00048502 0.00104092 0.00130769 -0.000564018 0.00188461 0.00402688 0.00115116 0.00379167 0.000723806 0.00168342 0.00107207
internal_weight=15317 6337 8980 4338 1511 1334 1663 1366 465 169 2675 1330 1999 177 901 190 181 296 115 1818 731 661
internal_count=15317 6337 8980 4338 1511 1334 1663 1366 465 169 2675 1330 1999 177 901 190 181 296 115 1818 731 661
is_linear=0
shrinkage=0.035


Tree=69
num_leaves=23
num_cat=0
split_feature=9 9 7 20 23 20 11 21 21 20 25 20 8 11 25 25 11 9 23 9 11 11
split_gain=27.2878 3.64886 2.43819 1.70542 1.69448 1.55526 1.13701 1.13392 2.04443 3.39525 2.55812 2.26349 3.03836 1.44901 1.06574 0.965054 0.851716 1.34232 1.32191 1.07917 0.83497 1.08414
threshold=7.4497074707716076 18.074005295944417 4.7277820077321424 26.500000000000004 17650.000000000004 26.500000000000004 5.5047440295121728 2.5000000000000004 3.5000000000000004 8.5000000000000018 807.00000000000011 16.500000000000004 9.7681770045760015 4.1034024876744084 200.00000000000003 248.50000000000003 3.2427373954371919 11.470238095238097 29500.000000000004 9.6793003572517247 5.3321025950399861 4.9525372439172815
decision_type=2 2 2 2 2 2 2 2 2 2 2 2 2 2 2 2 2 2 2 2 2 2
left_child=2 7 -1 20 -4 -6 -5 14 11 10 -10 -9 13 15 16 -13 -2 19 -19 -18 21 -3
right_child=1 3 4 6 5 -7 -8 8 9 -11 -12 12 -14 -15 -16 -17 17 18 -20 -21 -22 -23
leaf_value=-2.1264393721461938 -0.35172187067547633 0.088307315393930011 1.495950559491189 0.66469273203346446 -0.42959561653745926 0.051406006417083747 0.24113140772070879 -0.11848617851832188 -0.0088012484732503671 -0.64612072553113109 0.76693970706114833 0.28010627992612519 0.050916862599515542 0.027550433153439535 -0.22836260662249819 0.24021987166413444 0.032795049217021095 1.1373955981092472 -0.18463734270134419 0.35634961070590032 0.037954821870621831 0.53438360428111098
leaf_weight=7378 106 280 60 80 1405 199 125 599 246 673 65 89 345 45 1766 58 55 64 185 62 1439 111
leaf_count=7378 106 280 60 80 1405 199 125 599 246 673 65 89 345 45 1766 58 55 64 185 62 1439 111
internal_value=-0.00197668 -0.000223196 -0.00321372 0.000995097 -0.00196914 -0.00219484 0.004 -0.000796586 -0.000205883 -0.00137664 0.00159494 0.000794478 0.00244096 0.00591624 -0.00134663 0.00755263 9.5387e-05 0.000933961 -0.000468505 0.00395902 0.000638964 0.00206818
internal_weight=15435 6393 9042 2035 1664 1604 205 4358 2120 984 311 1136 537 192 2238 147 472 366 249 117 1830 391
internal_count=15435 6393 9042 2035 1664 1604 205 4358 2120 984 311 1136 537 192 2238 147 472 366 249 117 1830 391
is_linear=0
shrinkage=0.035


Tree=70
num_leaves=23
num_cat=0
split_feature=9 7 20 7 9 9 22 20 5 4 20 12 10 12 9 20 22 16 1 23 22 12
split_gain=28.7094 3.3433 2.85122 2.65214 2.17507 1.9688 1.64341 1.38015 1.26378 1.0042 1.13548 2.19882 1.71737 1.27363 1.24935 1.22601 1.15613 0.968209 0.931905 0.911519 0.860859 0.947622
threshold=8.1076388888888911 4.7277820077321424 26.500000000000004 6.7166477702191996 18.074005295944417 22.960714285714293 13885.000000000002 24.500000000000004 23.937493722930562 7.5924945809927342 9.5000000000000018 6.1326688888443419 3.3443805492851308 3.4679179670884719 9.7864432143945823 18.500000000000004 48992.500000000007 1.0000000180025095e-35 15.395193586479499 61700.000000000007 47334.500000000007 3.5625551142121235
decision_type=2 2 2 2 2 2 2 2 2 2 2 2 2 2 2 2 2 2 2 2 2 2
left_child=1 -1 3 -2 8 20 -3 -8 9 -5 11 19 13 14 15 -12 -15 -6 -10 -11 21 -4
right_child=2 6 5 4 17 -7 7 -9 18 10 12 -13 -14 16 -16 -17 -18 -19 -20 -21 -22 -23
leaf_value=-2.0520139941210771 0.45268701071187029 1.4435922899089977 0.22504344659886422 -0.2642936225162496 0.054841033131124019 0.92214544947214505 -0.39114763216764742 -0.015528369510880984 -0.17028255446370444 0.072536955794632041 -0.28137453612493557 0.32484740468773937 -0.21714728192492103 -0.31503530995452167 0.87664259456789984 0.22518782001050919 0.28893154092761153 0.46330396122696743 0.60417040335228345 -0.18065471444135445 -0.045165428652359237 0.12463765589926037
leaf_weight=7354 60 60 60 917 1749 58 1787 376 55 464 51 71 1065 358 45 59 58 87 45 142 103 398
leaf_count=7354 60 60 60 917 1749 58 1787 376 55 464 51 71 1065 358 45 59 58 87 45 142 103 398
internal_value=-0.00194818 -0.00312743 -1.19666e-05 -0.000281687 -0.000372946 0.00222115 -0.00191338 -0.00207934 -0.000907797 -0.00103323 -0.000631148 0.000554251 -0.00113254 0.000388888 0.0030625 0.000760869 -0.000590262 0.000587452 0.00283333 -0.000120295 0.00150883 0.00216955
internal_weight=15422 9577 5845 5226 5166 619 2223 2163 3330 3230 2313 677 1636 571 155 110 416 1836 100 606 561 458
internal_count=15422 9577 5845 5226 5166 619 2223 2163 3330 3230 2313 677 1636 571 155 110 416 1836 100 606 561 458
is_linear=0
shrinkage=0.035


Tree=71
num_leaves=23
num_cat=0
split_feature=9 22 20 5 11 0 25 20 8 20 9 3 9 9 20 23 9 9 9 20 9 11
split_gain=28.3698 4.20185 2.40197 1.9505 1.64661 2.3866 1.82507 1.52287 2.27107 1.42069 1.41579 1.16627 1.10109 1.40106 1.20007 0.990029 1.32077 1.94699 1.33474 2.68885 1.14311 1.08675
threshold=6.6994793594143482 17236.500000000004 17.500000000000004 8.9846950015344529 5.6259309310979662 39.500000000000007 430.00000000000006 1.5000000000000002 5.6470832654320153 9.5000000000000018 24.803571428571434 12.315729686009409 24.803571428571434 23.24935897435898 16.500000000000004 61700.000000000007 13.505915403672711 12.324988176330232 9.6793003572517247 25.500000000000004 8.214889277389279 8.4326678037827509
decision_type=2 2 2 2 2 2 2 2 2 2 2 2 2 2 2 2 2 2 2 2 2 2
left_child=7 4 3 -3 6 10 12 8 -1 11 -6 -5 13 14 -2 21 17 18 19 20 -17 -4
right_child=1 2 15 9 5 -7 -8 -9 -10 -11 -12 -13 -14 -15 -16 16 -18 -19 -20 -21 -22 -23
leaf_value=-1.8251627558938972 0.21201835390446852 -0.36331837279500345 -0.058300149898463181 -0.08708823003509758 -0.058191372668085793 0.41078926776425051 0.046295822533981339 -1.5908696028327809 0.76465998557958237 -0.36578647058612451 0.49265434891381182 0.18985046413973936 -0.3816086183912264 0.98051391736300553 1.0422101082168973 -0.49143271951565803 -0.12516586634485771 0.40244250738142157 -0.14267958336924058 0.218952289852444 0.15831644811660486 0.42840513288642679
leaf_weight=213 108 1579 1528 335 855 60 471 7992 149 638 251 387 54 50 110 60 187 45 128 58 59 74
leaf_count=213 108 1579 1528 335 855 60 471 7992 149 638 251 387 54 50 110 60 187 45 128 58 59 74
internal_value=-0.0019496 -0.000309146 -0.000842122 -0.00149083 0.00106212 0.000206233 0.00228947 -0.00332833 -0.00102044 -0.000500001 -0.000160667 0.000544016 0.00431345 0.00521795 0.00371973 4.24432e-05 0.00134317 0.00261268 0.00146774 0.00342308 0.000169354 -0.000385502
internal_weight=15391 7037 5078 2939 1959 1166 793 8354 362 1360 1106 722 322 268 218 2139 537 350 305 177 119 1602
internal_count=15391 7037 5078 2939 1959 1166 793 8354 362 1360 1106 722 322 268 218 2139 537 350 305 177 119 1602
is_linear=0
shrinkage=0.035


Tree=72
num_leaves=23
num_cat=0
split_feature=8 22 20 21 12 8 11 22 8 21 22 5 10 11 5 8 24 20 11 8 20 6
split_gain=28.9045 4.35962 3.11673 3.08117 2.81336 2.67323 2.29732 1.8734 3.05498 1.77101 1.87465 1.65658 1.39772 1.37172 1.33291 1.32135 1.07184 0.86469 0.85238 0.96241 0.880819 0.837675
threshold=5.6470832654320153 13885.000000000002 25.500000000000004 2.5000000000000004 6.9460315646673028 12.792517006802724 6.0974228398316148 6498.5000000000009 17.685337025350446 2.5000000000000004 48992.500000000007 8.0926461576390025 5.8716429111612758 8.7569438681231979 28.125319265124826 9.6895397657244491 6315.0000000000009 16.500000000000004 9.3750950123576917 27.821428571428573 16.500000000000004 5.9323336949891461
decision_type=2 2 2 2 2 2 2 2 2 2 2 2 2 2 2 2 2 2 2 2 2 2
left_child=-1 6 4 -4 11 -6 7 21 -9 -7 13 -3 -10 -11 18 16 -5 -15 20 -20 -8 -2
right_child=1 2 3 15 5 9 14 8 12 10 -12 -13 -14 17 -16 -17 -18 -19 19 -21 -22 -23
leaf_value=-1.8545130682276918 -0.26788011060968392 -0.30196440041443945 -0.097396294808791958 0.024519601791971539 1.2236388376641436 -0.51471234241811881 -0.24376714188483778 2.0744325907158219 0.29556708158296968 -0.34705288238168014 0.85992006034101742 -0.062566521639737929 1.1946859574773372 0.18555802905052821 0.32010873711785348 0.17440462088325207 0.54579097736479087 0.67794583552451348 0.34553514847830941 -0.0996669514218506 0.010305674394862364 0.25223295741657126
leaf_weight=7656 94 2573 490 60 51 219 274 45 275 180 60 2175 77 65 128 197 118 49 154 96 229 147
leaf_count=7656 94 2573 490 60 51 219 274 45 275 180 60 2175 77 65 128 197 118 49 154 96 229 147
internal_value=-0.00190631 -0.000397308 -0.000808556 0.00112644 -0.00112414 0.0010628 0.0012769 0.00286858 0.00433582 0.000314878 0.00186212 -0.00141605 0.00306863 0.000596989 9.48073e-05 0.0035 0.00568033 0.00355882 -0.000452507 0.00116667 -0.00129528 0.000341463
internal_weight=15412 7756 6237 865 5372 624 1519 638 397 573 354 4748 352 294 881 375 178 114 753 250 503 241
internal_count=15412 7756 6237 865 5372 624 1519 638 397 573 354 4748 352 294 881 375 178 114 753 250 503 241
is_linear=0
shrinkage=0.035


Tree=73
num_leaves=23
num_cat=0
split_feature=9 23 11 20 7 11 10 20 25 9 12 9 5 8 23 9 9 9 25 20 12 9
split_gain=29.23 4.1053 2.09558 1.92113 2.45237 2.0417 1.90258 2.37603 1.65028 1.91334 1.64598 2.99206 1.48299 1.02832 1.51695 0.981197 1.19638 1.07442 0.980102 0.966328 1.33304 0.965994
threshold=5.8061224489795924 22050.000000000004 5.6802466010347947 24.500000000000004 21.718501396931643 8.1805264013979357 11.493250581918259 7.5000000000000009 195.50000000000003 17.822478991596643 7.4403419494706364 14.109126984126986 7.9157603464599964 6.334447238559533 63800.000000000007 19.14208074534162 24.803571428571434 23.24935897435898 191.00000000000003 8.5000000000000018 3.5001385572150507 20.624321106293127
decision_type=2 2 2 2 2 2 2 2 2 2 2 2 2 2 2 2 2 2 2 2 2 2
left_child=-1 2 8 4 10 21 -4 -8 9 -2 12 -12 -3 -5 -15 -11 17 18 -17 20 -14 -6
right_child=1 3 6 13 5 -7 7 -9 -10 15 11 -13 19 14 -16 16 -18 -19 -20 -21 -22 -23
leaf_value=-1.7931745928908116 1.2926662786002359 -0.32594288736842231 -0.040932616080239868 -0.36738268054468576 0.69902628652066912 -0.14587781467037236 0.93176179931911141 -0.061180046859985952 0.062091729175489475 -0.53963984006968779 1.3702931899340964 -0.1053327475630953 -0.28045915184663384 0.032733874358777913 0.17553446191668309 -0.017920571410044158 -0.40630121808536002 1.342075154581519 1.2249023159036094 -0.20299941242161598 0.11765735422013988 0.1346484257286934
leaf_weight=7695 51 2105 1024 96 52 120 66 74 521 46 45 181 199 861 51 73 60 45 68 1521 483 76
leaf_count=7695 51 2105 1024 96 52 120 66 74 521 46 45 181 199 861 51 73 60 45 68 1521 483 76
internal_value=-0.00190089 -0.00039058 0.000958927 -0.000866696 -0.00116033 0.00217194 0 0.00374138 0.00225949 0.00414368 -0.00134865 0.0015 -0.00150371 0.000507897 0.000889312 0.00286364 0.003751 0.00511256 0.00321233 -0.000852809 0.000219068 0.00518421
internal_weight=15513 7818 2028 5790 4782 248 1164 140 864 343 4534 226 4308 1008 912 292 246 186 141 2203 682 128
internal_count=15513 7818 2028 5790 4782 248 1164 140 864 343 4534 226 4308 1008 912 292 246 186 141 2203 682 128
is_linear=0
shrinkage=0.035


Tree=74
num_leaves=23
num_cat=0
split_feature=8 22 24 8 21 21 20 20 20 21 4 25 23 7 22 10 22 25 10 20 10 10
split_gain=29.4788 4.11375 2.56789 2.28308 2.04023 2.07766 3.8728 2.54462 1.49975 1.5366 1.37864 1.2781 1.19998 4.07131 1.0535 1.00035 1.77786 1.20021 1.05175 0.998492 1.08845 0.989826
threshold=5.6470832654320153 17236.500000000004 5252.0000000000009 12.533201776428085 2.5000000000000004 3.5000000000000004 16.500000000000004 9.5000000000000018 27.500000000000004 2.5000000000000004 18.049040346336252 233.00000000000003 51350.000000000007 8.8614571260816977 47334.500000000007 2.5071326821120414 47334.500000000007 248.50000000000003 3.2877840272018823 5.5000000000000009 10.970849691868963 6.4475909122266968
decision_type=2 2 2 2 2 2 2 2 2 2 2 2 2 2 2 2 2 2 2 2 2 2
left_child=-1 3 -3 -2 11 6 10 14 19 -10 -6 12 13 -4 -7 16 -8 18 -17 20 -5 -21
right_child=1 2 4 8 5 7 15 -9 9 -11 -12 -13 -14 -15 -16 17 -18 -19 -20 21 -22 -23
leaf_value=-1.7268440000885446 1.5978480905880004 -0.31370748048690783 0.79123303621919483 0.11941795023249889 -0.17234247360665952 0.01780928763757084 0.42989325283138741 -0.55129245203719524 0.24343572909528019 0.49011773519551849 0.56819275385180212 -0.21455958563150052 -0.60537816226772978 -0.018395361843416159 0.80724228535377685 0.0026390328948525834 0.056443464905193641 0.033580809706917354 0.39064132902478788 0.058767145773890597 0.72528968432190033 -0.091580118897711643
leaf_weight=7662 77 1298 56 278 529 228 88 655 103 75 80 1283 209 703 112 59 50 197 175 909 45 525
leaf_count=7662 77 1298 56 278 529 228 88 655 103 75 80 1283 209 703 112 59 50 197 175 909 45 525
internal_value=-0.00188874 -0.000361352 -0.000841541 0.000994298 -0.000433846 0.000324609 0.00132248 -0.000840001 0.00073969 0.00376776 -0.000592835 -0.00117287 -0.000190648 0.00043979 0.00157246 0.00339024 0.00604545 0.00244037 0.00411506 0.000413166 0.00215549 2.43141e-06
internal_weight=15396 7734 5722 2012 4424 2173 1178 995 1935 178 609 2251 968 759 340 569 138 431 234 1757 323 1434
internal_count=15396 7734 5722 2012 4424 2173 1178 995 1935 178 609 2251 968 759 340 569 138 431 234 1757 323 1434
is_linear=0
shrinkage=0.035


Tree=75
num_leaves=23
num_cat=0
split_feature=9 20 21 12 21 20 24 22 11 22 0 9 11 9 9 22 12 20 7 21 9 11
split_gain=30.8186 4.43911 4.16565 3.89672 1.52206 2.00244 1.44985 1.42874 2.98002 1.41214 1.58163 1.38357 1.3382 1.24725 1.34569 1.54073 1.82447 1.15314 1.37333 1.0715 2.3496 1.16942
threshold=4.6144343751486616 25.500000000000004 2.5000000000000004 5.6824257181755788 3.5000000000000004 30.500000000000004 4685.0000000000009 17236.500000000004 4.3598441330922002 6498.5000000000009 12.587805361131595 8.0222733457361439 6.0974228398316148 15.795833333333336 20.143619397982267 16785.000000000004 5.936401662140514 17.500000000000004 7.5612451726400796 2.5000000000000004 12.532844179123261 8.925321201231057
decision_type=2 2 2 2 2 2 2 2 2 2 2 2 2 2 2 2 2 2 2 2 2 2
left_child=-1 3 -3 7 5 6 -4 8 9 -2 -11 -9 13 -5 15 -15 -17 18 -13 20 -14 -21
right_child=1 2 4 12 -6 -7 -8 11 -10 10 -12 17 19 14 -16 16 -18 -19 -20 21 -22 -23
leaf_value=-1.7823438118317603 -0.272272181028342 -0.027335578895473868 0.43602900418800006 -0.28008491809697134 -0.11532436730597491 -0.1315281358312918 0.24183213401607029 -0.32479485510554362 -0.25164254684829451 1.1785787128900764 0.3009933079225533 0.18376871613106946 1.1781911164918837 1.2218879481542151 0.20089689038511135 0.96754500901786467 -0.083638517770500659 0.0065831897461647304 -0.21480195237030142 0.0031710999257604281 -0.16911886627179748 0.2864525562119602
leaf_weight=7375 78 668 105 94 66 70 236 1833 294 67 148 45 45 63 208 47 103 786 1596 642 668 255
leaf_count=7375 78 668 105 94 66 70 236 1833 294 67 148 45 45 63 208 47 103 786 1596 642 668 255
internal_value=-0.00185807 -0.000367152 0.00164348 -0.000700803 0.00412448 0.00491346 0.00600867 -0.00124938 0.000342905 0.00284228 0.00429545 -0.00147304 0.000542253 0.00208654 0.00290845 0.00484862 0.00259677 -0.00090954 -0.00143742 3.25069e-05 -0.000965182 0.000845897
internal_weight=15492 8117 1145 6972 477 411 341 4847 587 293 215 4260 2125 515 421 213 150 2427 1641 1610 713 897
internal_count=15492 8117 1145 6972 477 411 341 4847 587 293 215 4260 2125 515 421 213 150 2427 1641 1610 713 897
is_linear=0
shrinkage=0.035


Tree=76
num_leaves=23
num_cat=0
split_feature=9 20 9 24 21 22 7 21 7 11 11 22 7 9 20 11 9 10 24 22 10 22
split_gain=29.2503 3.60294 3.49706 2.36459 2.30477 2.26354 1.94204 1.4279 1.3084 1.71526 1.68965 1.24723 1.17685 2.33312 1.08351 1.07949 1.42824 1.59051 0.996321 0.975991 1.12173 0.903207
threshold=4.6144343751486616 25.500000000000004 9.0121317021009091 12965.500000000002 2.5000000000000004 17236.500000000004 8.4253828275852474 3.5000000000000004 20.977807638868878 4.4002996900935516 3.5978827622257987 16785.000000000004 8.5703912678374952 6.9496246332794014 18.500000000000004 5.8586863026251406 20.78759398496241 5.6103645582252959 5252.0000000000009 48992.500000000007 10.318583722688594 19263.000000000004
decision_type=2 2 2 2 2 2 2 2 2 2 2 2 2 2 2 2 2 2 2 2 2 2
left_child=-1 2 5 6 -3 -2 -4 11 9 10 21 -6 13 -13 -12 16 -10 -18 -7 20 -17 -8
right_child=1 4 3 -5 7 18 8 -9 15 -11 14 12 -14 -15 -16 19 17 -19 -20 -21 -22 -23
leaf_value=-1.7228515816395953 2.1050645995202544 -0.0059275849706082479 0.1945361578115683 -0.30214896435832206 0.42566817229882109 -0.42715941076063019 0.38431639633106057 -0.15538715997867317 1.0396847192069996 -0.084587862085970481 0.15481381953819318 -0.019254471925418307 0.15060223164540124 0.56782614270637843 0.59198710573708291 -0.086178603066720094 -0.02617750082827457 0.77593754276875715 -0.18052411169956567 0.70457132574986636 0.26298681310052241 -0.22434601494709591
leaf_weight=7360 53 665 94 609 73 877 89 70 62 1762 353 45 227 66 121 509 164 46 1483 61 238 424
leaf_count=7360 53 665 94 609 73 877 89 70 62 1762 353 45 227 66 121 509 164 46 1483 61 238 424
internal_value=-0.001899 -0.000443553 -0.000745325 -0.000167402 0.00136533 -0.00182093 0.000144347 0.00319753 1.46053e-05 -0.000386348 0.000769152 0.00398798 0.00292857 0.00585345 0.00227244 0.00104839 0.00294404 0.00138372 -0.00199049 0.000374538 0 -0.000594595
internal_weight=15451 8091 6945 4532 1146 2413 3923 481 3829 2749 987 411 338 111 474 1080 272 210 2360 808 747 513
internal_count=15451 8091 6945 4532 1146 2413 3923 481 3829 2749 987 411 338 111 474 1080 272 210 2360 808 747 513
is_linear=0
shrinkage=0.035


Tree=77
num_leaves=23
num_cat=0
split_feature=9 9 20 25 20 23 21 11 11 21 21 21 25 10 25 21 5 12 8 3 6 25
split_gain=27.9348 3.50756 1.95753 1.62467 1.6389 2.68768 1.57822 1.98588 1.43245 1.6469 1.24889 2.13909 1.26234 1.52785 3.95358 1.23809 0.929456 0.86943 1.14021 1.08387 1.1009 0.948629
threshold=4.6144343751486616 16.5089783585499 26.500000000000004 106.50000000000001 19.500000000000004 22050.000000000004 2.5000000000000004 3.270893572137989 6.7662209501136115 2.5000000000000004 3.5000000000000004 2.5000000000000004 600.00000000000011 2.4784787961282118 224.50000000000003 1.5000000000000002 8.4722222222222232 2.4815453541447932 6.334447238559533 13.982558156555685 5.9323336949891461 421.00000000000006
decision_type=2 2 2 2 2 2 2 2 2 2 2 2 2 2 2 2 2 2 2 2 2 2
left_child=-1 3 -3 -2 5 6 7 -5 9 15 11 17 13 14 -13 -4 -7 18 -6 21 -21 -19
right_child=1 2 8 4 10 16 -8 -9 -10 -11 -12 12 -14 -15 -16 -17 -18 19 -20 20 -22 -23
leaf_value=-1.655889646221633 0.88972466763143354 0.029817908297805108 1.0795290566857352 0.86161538116362613 -0.3715916272508516 -0.31368736471387254 0.23448838737639333 -0.39789041014318344 -0.1386197768821448 0.40407946260943023 -0.47213372169678974 0.028182521254131912 -0.027319478435551221 0.059751438171302435 0.47948326139931963 -0.34627821103736595 -0.1104385193203524 -0.24933230836822234 0.2176569687650364 0.22406474312338021 -0.50998645719611169 -0.027391886827056015
leaf_weight=7317 83 2384 78 73 70 2142 61 113 65 75 277 89 138 249 52 61 1126 463 47 82 58 304
leaf_count=7317 83 2384 78 73 70 2142 61 113 65 75 277 89 138 249 52 61 1126 463 47 82 58 304
internal_value=-0.0019285 -0.00050803 0.00052736 -0.00101933 -0.00109862 -0.00154119 0.00191667 0.000164921 0.00327817 0.00465068 -0.000236642 0.000141618 0.00195028 0.00296835 0.00584931 0.00209028 -0.00181042 -0.000778912 0.00195082 -0.00115899 0.00156896 -0.00168653
internal_weight=15407 8090 2663 5427 5344 3515 247 186 279 214 1829 1552 528 390 141 139 3268 1024 117 907 140 767
internal_count=15407 8090 2663 5427 5344 3515 247 186 279 214 1829 1552 528 390 141 139 3268 1024 117 907 140 767
is_linear=0
shrinkage=0.035


Tree=78
num_leaves=23
num_cat=0
split_feature=9 22 20 9 11 22 9 21 7 12 20 21 10 25 9 12 8 21 8 10 10 3
split_gain=28.6715 3.59199 2.46633 2.41264 2.07078 1.48148 1.76744 1.432 1.33123 1.5375 1.45996 1.86577 2.06134 1.60521 1.34702 1.98632 1.9241 1.26597 1.19039 1.1872 1.17179 1.13476
threshold=4.6144343751486616 13885.000000000002 25.500000000000004 8.0222733457361439 5.9216495341244384 6498.5000000000009 17.974087893652136 2.5000000000000004 20.732142857142861 8.4555325884580004 10.500000000000002 3.5000000000000004 3.9880774697543058 807.00000000000011 8.9281484389793651 3.4409667384763631 13.000357142857146 2.5000000000000004 17.685337025350446 1.9760470401187102 11.493250581918259 27.851297849228462
decision_type=2 2 2 2 2 2 2 2 2 2 2 2 2 2 2 2 2 2 2 2 2 2
left_child=-1 4 3 -3 5 -2 -7 -5 10 -10 13 12 14 18 -12 -16 -17 19 -9 -4 -6 -22
right_child=1 2 17 7 20 6 -8 8 9 -11 11 -13 -14 -15 15 16 -18 -19 -20 -21 21 -23
leaf_value=-1.5980553161735314 0.050064078191222182 -0.29488402064607294 0.27636115165400832 -0.16887951985423189 -0.02763516323604329 1.9817135893466369 0.45902228314602284 -0.068161822508880046 0.35165468795454813 -0.30481643023615274 -0.25966676927498955 -0.59855067424454167 -0.15621438631603346 0.26583018917521006 0.43084240190776696 -0.16992444546824839 0.51073196684070155 0.15641401603214036 0.47509642777859529 -0.11152911786754033 0.59711777932156962 -0.059324185021326276
leaf_weight=7298 233 1852 80 1849 790 46 334 467 173 53 46 551 260 152 50 77 60 407 74 467 75 47
leaf_count=7298 233 1852 80 1849 790 46 334 467 173 53 46 551 260 152 50 77 60 407 74 467 75 47
internal_value=-0.0019025 -0.00047165 -0.000825986 -0.00110452 0.00105229 0.0026165 0.00395454 -0.000593268 5.69097e-05 0.00256061 -0.000265213 -0.00109771 0.000435742 0.00096275 0.00282353 0.00415625 0.00167606 0.000806569 2.56402e-05 -0.000266305 0 0.00311417
internal_weight=15441 8143 6618 5664 1525 613 380 3812 1963 226 1737 1044 493 693 233 187 137 954 541 547 912 122
internal_count=15441 8143 6618 5664 1525 613 380 3812 1963 226 1737 1044 493 693 233 187 137 954 541 547 912 122
is_linear=0
shrinkage=0.035


Tree=79
num_leaves=23
num_cat=0
split_feature=9 9 20 16 20 9 7 25 22 21 12 20 20 25 12 27 11 11 8 12 7 9
split_gain=28.2633 3.32761 2.25824 1.83814 1.49316 1.44231 1.45207 1.24387 1.21223 1.05997 1.15082 0.839803 1.41326 0.822056 1.09456 1.01484 1.46634 1.73663 2.07833 1.63137 1.54157 1.41152
threshold=4.6144343751486616 18.074005295944417 24.500000000000004 1.0000000180025095e-35 1.5000000000000002 8.0222733457361439 6.7166477702191996 142.00000000000003 17236.500000000004 2.5000000000000004 2.4815453541447932 27.500000000000004 30.500000000000004 210.50000000000003 8.0606120727905211 2.5000000000000004 5.5047440295121728 9.3750950123576917 26.791727044093815 7.0185333602344437 20.289929968360216 22.176785714285717
decision_type=2 2 2 2 2 2 2 2 2 2 2 2 2 2 2 2 2 2 2 2 2 2
left_child=-1 2 4 13 8 -6 -7 -4 -2 10 -9 -11 -13 15 -15 21 19 -18 -19 20 -17 -3
right_child=1 3 7 -5 5 6 -8 9 -10 11 -12 12 -14 14 -16 16 17 18 -20 -21 -22 -23
leaf_value=-1.5478358827119616 1.9403777490534979 -0.28297380384094484 -0.26808806329166746 0.49410356177689546 -0.2944804727890627 1.1536753743815729 -0.10620698280176263 0.21443817186353226 -0.025167004770399772 0.039880108079862878 -0.071115032015512253 0.33580950503945578 -0.19424910525254596 0.038812353712317296 -0.23844850369784071 0.54304744850996478 -0.035863203067456946 0.87300839426901111 -0.08415152438424299 -0.014603250198806443 1.0139634313926713 0.14143653980669652
leaf_weight=7333 57 183 136 93 1612 51 3027 62 229 209 504 132 46 551 210 52 365 75 88 75 77 260
leaf_count=7333 57 183 136 93 1612 51 3027 62 229 209 504 132 46 551 210 52 365 75 88 75 77 260
internal_value=-0.00191693 -0.000487901 -0.000899507 0.000733038 -0.00121632 -0.00136795 -0.000911613 0.000531078 0.00119072 0.000993736 0 0.00239286 0.00415027 0.000485058 -0.000392951 0.0010678 0.00186635 0.000833958 0.00379167 0.00437081 0.00668657 -0.000218751
internal_weight=15427 8094 6065 2029 4976 4690 3078 1089 286 953 566 387 178 1936 761 1175 732 528 163 204 129 443
internal_count=15427 8094 6065 2029 4976 4690 3078 1089 286 953 566 387 178 1936 761 1175 732 528 163 204 129 443
is_linear=0
shrinkage=0.035


Tree=80
num_leaves=23
num_cat=0
split_feature=9 9 20 20 25 25 21 12 25 21 3 22 12 20 21 21 10 9 20 22 3 5
split_gain=28.0075 2.96921 1.98252 1.74319 1.32921 1.29016 1.18179 1.25143 1.08714 1.06637 0.979074 1.19592 0.917827 0.911102 1.23306 2.1051 1.07498 1.73526 0.968587 0.805948 1.00535 0.94898
threshold=4.6144343751486616 16.789456666317523 26.500000000000004 24.500000000000004 106.50000000000001 430.00000000000006 2.5000000000000004 2.4815453541447932 421.00000000000006 3.5000000000000004 8.5162068318453752 13885.000000000002 8.0606120727905211 7.5000000000000009 3.5000000000000004 2.5000000000000004 2.6095064302514794 9.2861832611832629 17.500000000000004 10086.000000000002 12.996151141142256 7.1993781608233416
decision_type=2 2 2 2 2 2 2 2 2 2 2 2 2 2 2 2 2 2 2 2 2 2
left_child=-1 3 5 4 -2 19 7 -5 12 -8 11 -6 -4 -12 15 18 17 -17 -15 20 -3 -21
right_child=1 2 8 6 10 -7 9 -9 -10 -11 13 -13 -14 14 -16 16 -18 -19 -20 21 -22 -23
leaf_value=-1.4950205955615887 1.0404433750005109 0.8899945081658529 0.74836257670063755 0.20402689960264445 1.8547520220641047 -0.09174597739380129 0.17316565291310115 -0.10544321991206383 -0.0026299300851161038 -0.38187129102044376 0.018001276091957799 -0.27620663419136704 0.092023662348966737 -0.41634111073706326 -0.62695524045481132 -0.04629088683351567 0.016636813569198741 0.64438977647956641 -0.024065716093528654 -0.25621401198190341 0.26201140229820374 0.077085744063051964
leaf_weight=7324 73 47 125 69 46 597 328 534 80 84 582 2213 49 512 402 45 343 45 300 226 400 1008
leaf_count=7324 73 47 125 69 46 597 328 534 80 84 582 2213 49 512 402 45 343 45 300 226 400 1008
internal_value=-0.00192197 -0.000501726 0.000486992 -0.000953862 -0.00124639 0.000148707 0.000343136 -0.000621711 0.00339189 0.00178777 -0.00132662 -0.00184585 0.00490782 -0.000789616 -0.00121187 -0.000644001 0.00129452 0.00460526 -0.00170074 0.000651838 0.00192035 0.000172316
internal_weight=15432 8108 2532 5576 4561 2278 1015 603 254 412 4488 2259 174 2229 1647 1245 433 90 812 1681 447 1234
internal_count=15432 8108 2532 5576 4561 2278 1015 603 254 412 4488 2259 174 2229 1647 1245 433 90 812 1681 447 1234
is_linear=0
shrinkage=0.035


Tree=81
num_leaves=23
num_cat=0
split_feature=8 22 11 22 5 20 20 12 7 21 21 12 12 10 21 12 7 8 12 20 20 12
split_gain=27.8459 3.01706 2.00378 1.69124 1.38588 2.60089 1.2514 1.47132 1.31914 1.18906 2.33756 1.25246 1.17829 1.10062 1.09796 1.08143 1.05082 0.92778 1.71895 0.920345 2.26719 1.1962
threshold=5.6470832654320153 13885.000000000002 6.0974228398316148 6498.5000000000009 8.0926461576390025 17.500000000000004 9.5000000000000018 5.2131802781861181 15.580316863587543 3.5000000000000004 2.5000000000000004 7.1843557144086043 8.0606120727905211 1.9760470401187102 1.5000000000000002 8.3355461626536052 20.977807638868878 6.7857236034599504 2.4534288951514034 3.5000000000000004 15.500000000000002 6.0533660460862473
decision_type=2 2 2 2 2 2 2 2 2 2 2 2 2 2 2 2 2 2 2 2 2 2
left_child=-1 2 3 -2 5 -3 7 -6 -9 10 14 -11 -13 -12 -8 -4 -15 -7 -19 -5 -21 -22
right_child=1 4 15 19 6 17 9 8 -10 11 13 12 -14 16 -16 -17 -18 18 -20 20 21 -23
leaf_value=-1.3233345708905428 0.031393469288166519 -0.28424352068892961 -0.058542268535286553 1.7321631929461772 -0.040043430312878686 -0.25752254799884522 0.030860929001235042 0.3729470189242719 0.15416420012719437 -0.63842615101118827 0.31158352218560187 0.18148134726754145 -0.46677796947552536 0.055804335671500817 -0.34105947039442014 0.1653962659851434 0.59109354494912303 0.22944766174246059 0.031660154033466607 -0.086892256719968627 0.17750501564657534 1.2116069908058096
leaf_weight=7659 232 2122 493 59 521 237 314 60 274 427 49 57 117 591 637 383 54 45 776 120 102 107
leaf_count=7659 232 2122 493 59 521 237 314 60 274 427 49 57 117 591 637 383 54 45 776 120 102 107
internal_value=-0.00190652 -0.000428168 0.000977014 0.002492 -0.000766148 -0.00128022 -0.000232132 0.000895348 0.00269469 -0.000670147 -0.000169698 -0.00199835 0.000410614 0.00135694 -0.00130335 -8.34288e-05 0.000915384 0.000121824 0.000694914 0.00389186 0.00299701 0.00516822
internal_weight=15436 7777 1496 620 6281 3180 3101 855 334 2246 1645 601 174 694 951 876 645 1058 821 388 329 209
internal_count=15436 7777 1496 620 6281 3180 3101 855 334 2246 1645 601 174 694 951 876 645 1058 821 388 329 209
is_linear=0
shrinkage=0.035


Tree=82
num_leaves=23
num_cat=0
split_feature=9 22 11 22 9 6 7 10 11 9 5 0 20 0 25 3 20 11 25 20 21 25
split_gain=27.7085 3.37719 1.77607 1.87427 2.0647 1.68809 1.10476 1.95738 1.0935 1.05922 0.932636 0.925969 0.887605 1.04099 0.784018 1.36083 0.914678 0.773019 0.696824 0.706358 1.06728 1.60459
threshold=4.3964285714285731 13885.000000000002 5.8586863026251406 6498.5000000000009 17.822478991596643 7.0056524229269748 20.977807638868878 5.7981934789249348 5.2154145402102863 24.803571428571434 13.66397320109518 15.888781740388525 14.500000000000002 25.102403528914756 106.50000000000001 10.982153892092549 24.500000000000004 5.2857885352670371 191.00000000000003 26.500000000000004 2.5000000000000004 299.00000000000006
decision_type=2 2 2 2 2 2 2 2 2 2 2 2 2 2 2 2 2 2 2 2 2 2
left_child=-1 2 3 17 -5 10 8 -8 18 -4 14 -12 13 -6 15 -3 -16 -2 -7 -20 -21 -22
right_child=1 5 9 4 12 6 7 -9 -10 -11 11 -13 -14 -15 16 -17 -18 -19 19 20 21 -23
leaf_value=-1.417017860909374 -0.22674640966276427 1.2621202391559445 -0.033457744107852273 1.5924489718802199 -0.16521263734970626 -0.33612323210982192 0.65230160327505282 0.044008198291338174 -0.1874741629538707 0.44079171307709147 -0.17454575657598856 0.34953503150351928 0.49846945050443864 0.61495663299961079 -0.26048433909040913 -0.22198633969938716 -0.0042707371177043915 0.47250387922772441 -0.013378047395027433 -0.009225851832324326 0.43818408602595327 -0.029169109691563468
leaf_weight=7304 191 45 650 47 102 205 52 254 847 272 206 72 164 51 2498 51 397 48 1643 179 78 59
leaf_count=7304 191 45 650 47 102 205 52 254 847 272 206 72 164 51 2498 51 397 48 1643 179 78 59
internal_value=-0.00192704 -0.000515772 0.000960783 0.00242928 0.00399322 -0.000860796 -0.000297111 0.00167685 -0.000505969 0 -0.00142609 0.000457596 0.00280435 0.00070886 -0.00160748 0.00135148 -0.00171379 0 -7.90695e-05 0.000117616 0.00162461 0.00389437
internal_weight=15415 8111 1525 603 364 6586 3317 306 3011 922 3269 278 317 153 2991 96 2895 239 2164 1959 316 137
internal_count=15415 8111 1525 603 364 6586 3317 306 3011 922 3269 278 317 153 2991 96 2895 239 2164 1959 316 137
is_linear=0
shrinkage=0.035


Tree=83
num_leaves=23
num_cat=0
split_feature=9 20 9 21 23 21 4 11 16 20 20 10 25 21 11 21 11 25 12 8 23 4
split_gain=27.9078 2.64468 2.42662 2.02866 1.63508 1.08916 1.00491 0.997941 0.951934 0.928866 2.21118 1.50246 1.3452 1.12056 1.5999 1.39911 1.83259 1.92363 2.41819 1.20269 1.00185 0.922159
threshold=4.6144343751486616 26.500000000000004 8.0222733457361439 2.5000000000000004 22050.000000000004 1.5000000000000002 7.5924945809927342 2.5901334345533651 1.0000000180025095e-35 8.5000000000000018 16.500000000000004 10.970849691868963 600.00000000000011 2.5000000000000004 9.0974575009076695 3.5000000000000004 5.9216495341244384 224.50000000000003 4.4523084613230575 23.787893649849043 62950.000000000007 12.996151141142256
decision_type=2 2 2 2 2 2 2 2 2 2 2 2 2 2 2 2 2 2 2 2 2 2
left_child=-1 2 4 5 -2 -3 -4 -6 9 11 -11 -8 13 -12 15 16 17 -15 -19 20 -17 -10
right_child=1 3 6 -5 7 -7 8 -9 21 10 12 -13 -14 14 -16 19 -18 18 -20 -21 -22 -23
leaf_value=-1.349664380211536 1.6463464310039679 0.0521000102397235 -0.16647740394038635 0.21021593582540113 -0.13216596539725398 -0.22674568941968287 0.013306005159923485 -0.2954619220131966 -0.27127309497379004 -0.24456791928425353 -0.029454513963466093 0.42117776792845857 -0.17357104035037588 0.15491906538457423 0.56795396976237433 -0.46601776338356576 -0.020141619822441108 0.12549375880559099 0.53184231677407934 0.99791408708957596 0.29346219356287551 0.62817681675060111
leaf_weight=7303 58 346 1224 333 728 205 937 1198 47 1155 700 79 253 110 49 275 124 64 49 53 55 87
leaf_count=7303 58 346 1224 333 728 205 937 1198 47 1155 700 79 253 110 49 275 124 64 49 53 55 87
internal_value=-0.0019061 -0.000492256 -0.000714484 0.00130315 -0.00175792 0 -0.00031637 -0.00194122 -4.5028e-05 -0.000150461 -0.000474413 0.000750734 0.000308289 0.000721697 0.00163393 0.00116667 0.0027642 0.00463596 0.00777119 -0.000252578 -0.00109702 0.00279496
internal_weight=15432 8129 7245 884 1984 551 5261 1926 4037 3903 2887 1016 1732 1479 779 730 347 223 113 383 330 134
internal_count=15432 8129 7245 884 1984 551 5261 1926 4037 3903 2887 1016 1732 1479 779 730 347 223 113 383 330 134
is_linear=0
shrinkage=0.035


Tree=84
num_leaves=23
num_cat=0
split_feature=9 4 16 14 25 12 25 20 6 25 20 21 9 12 20 8 11 12 22 11 12 21
split_gain=29.1951 2.6329 2.42176 1.73595 1.26856 1.67121 1.29538 1.25678 0.995614 1.11232 0.972615 1.11018 1.19166 1.1071 0.974237 0.80019 1.1846 0.879177 1.00728 0.828126 0.762138 0.703244
threshold=4.6144343751486616 14.785017823573302 1.0000000180025095e-35 1.0000000180025095e-35 106.50000000000001 7.7792375936535905 142.00000000000003 27.500000000000004 7.5982142857142865 195.50000000000003 9.5000000000000018 3.5000000000000004 18.71286187019756 8.0606120727905211 16.500000000000004 22.366846650936655 5.3899411368044641 10.454423194225415 10086.000000000002 7.9341382298614844 4.7489207862006131 2.5000000000000004
decision_type=2 2 2 2 2 2 2 2 2 2 2 2 2 2 2 2 2 2 2 2 2 2
left_child=-1 3 7 4 5 -2 -6 10 9 -8 11 -3 -13 -14 -12 16 -16 18 -17 -20 21 -10
right_child=1 2 -4 -5 6 -7 8 -9 20 -11 14 12 13 -15 15 17 -18 -19 19 -21 -22 -23
leaf_value=-1.3125899501771949 -0.079542029076062185 0.0014618236957516606 0.85982139455022155 0.3458637515164123 -0.34641873696843628 0.94084366848227763 0.028379204910089415 0.29131972267570588 -0.070819933651336542 -0.18668307509858692 -0.24261506499056035 0.24817045035904908 -0.14923665826886001 0.75464282443617348 0.12046315391741097 0.028715292111813052 -0.090088867656436575 -0.16025485812377011 1.0775341683098474 0.33853583741231652 -0.14195730583226795 0.062995519500116698
leaf_weight=7374 119 368 86 45 472 47 339 210 580 2410 654 78 65 69 416 102 436 53 46 49 629 807
leaf_count=7374 119 368 86 45 472 47 339 210 580 2410 654 78 65 69 416 102 436 53 46 49 629 807
internal_value=-0.00186535 -0.000409092 0.000495069 -0.000849166 -0.000911243 0.00202631 -0.00100954 0.000286749 -0.000829141 -0.00126325 4.33567e-05 0.00128632 0.00327419 0.00103237 -0.00035974 0.00026242 -0.00023279 0.0019902 0.00308416 0.0056 -0.000226869 0.000221264
internal_weight=15454 8080 2632 5448 5403 166 5237 2546 4765 2749 2336 580 212 134 1756 1102 852 250 197 95 2016 1387
internal_count=15454 8080 2632 5448 5403 166 5237 2546 4765 2749 2336 580 212 134 1756 1102 852 250 197 95 2016 1387
is_linear=0
shrinkage=0.035


Tree=85
num_leaves=23
num_cat=0
split_feature=8 20 12 5 4 20 21 12 1 20 22 8 21 12 27 8 20 7 11 21 8 12
split_gain=27.8627 2.43627 2.07846 1.5253 1.04425 1.0359 2.03375 1.17816 1.00223 0.980334 1.42372 0.931553 0.987335 1.09065 1.05822 1.6394 1.87976 1.09266 0.848151 0.970582 1.31644 1.11111
threshold=4.8263308037724721 26.500000000000004 7.3402617043732228 8.0926461576390025 19.010370193622947 9.5000000000000018 3.5000000000000004 3.4409667384763631 5.0127769206881263 1.5000000000000002 19263.000000000004 13.545737712266419 2.5000000000000004 10.454423194225415 2.5000000000000004 23.357668702453786 15.500000000000002 19.000701735785487 6.0974228398316148 2.5000000000000004 11.358432539682541 4.1039126347782684
decision_type=2 2 2 2 2 2 2 2 2 2 2 2 2 2 2 2 2 2 2 2 2 2
left_child=-1 2 3 9 8 7 18 -5 -3 10 -2 -4 -13 14 -14 17 -17 -16 19 20 -7 -22
right_child=1 4 11 5 -6 6 -8 -9 -10 -11 -12 12 13 -15 15 16 -18 -19 -20 -21 21 -23
leaf_value=-1.2392433342139404 1.8153844794843057 0.20927516137468133 0.76445440327562697 -0.23982567384955536 0.37496712828231826 -0.25122216070109954 -0.56411955714164641 0.16019842940861617 0.0086444046021619484 -0.21819231681203738 -0.072394019501344081 -0.12915364863471568 -0.046894042034177692 -0.14855538235703611 0.29599992040714623 0.44288566463077983 1.0037560528075877 -0.073857410941281912 -0.13303770310920093 0.13777637364799544 0.4697908568688281 -0.01608033943123454
leaf_weight=7376 47 74 52 161 133 327 476 769 674 2960 137 427 176 102 79 93 72 135 365 520 66 229
leaf_count=7376 47 74 52 161 133 327 476 769 674 2960 137 427 176 102 79 93 72 135 365 520 66 229
internal_value=-0.00186946 -0.000445786 -0.000660323 -0.000919169 0.00127991 -0.000333448 -0.000788733 0.000617646 0.000729747 -0.00145491 0.000944444 0.000702453 0.000453167 0.00131118 0.0019375 0.00297135 0.00555882 0.000815068 -0.000143519 0.000314297 -0.00059729 0.00105
internal_weight=15450 8074 7193 6057 881 2913 1983 930 748 3144 184 1136 1084 657 555 379 165 214 1507 1142 622 295
internal_count=15450 8074 7193 6057 881 2913 1983 930 748 3144 184 1136 1084 657 555 379 165 214 1507 1142 622 295
is_linear=0
shrinkage=0.035


Tree=86
num_leaves=23
num_cat=0
split_feature=9 20 8 12 20 21 21 10 10 9 12 23 27 22 5 9 22 12 21 5 12 9
split_gain=28.1038 2.5823 2.51384 2.74246 1.95965 1.87654 3.39297 1.8273 1.27437 1.48746 1.84262 1.61995 1.27351 1.0289 0.985861 1.2972 1.45676 1.34774 0.966427 0.956875 0.927827 1.76911
threshold=4.3964285714285731 18.500000000000004 21.751492906082621 9.9122595090745627 10.500000000000002 3.5000000000000004 2.5000000000000004 9.6633807799290903 5.6103645582252959 7.0062292416279304 3.4409667384763631 42000.000000000007 2.5000000000000004 10086.000000000002 5.6639676383952429 5.8214332303014045 33201.500000000007 2.5084880235492499 1.5000000000000002 28.125319265124826 4.2481710965894761 9.0121317021009091
decision_type=2 2 2 2 2 2 2 2 2 2 2 2 2 2 2 2 2 2 2 2 2 2
left_child=-1 4 5 13 7 6 18 14 9 -8 11 -11 -12 -4 15 16 17 -2 -3 -6 21 -20
right_child=1 2 3 -5 19 -7 8 -9 -10 10 12 -13 -14 -15 -16 -17 -18 -19 20 -21 -22 -23
leaf_value=-1.2303106154282868 -0.22499471618680827 0.016649559087459364 0.25332766744039542 -0.16094291746153283 -0.25851153887247341 -0.35276037946036953 -0.036077846569682416 0.38586059665552314 -0.062258921461918047 0.43755710232146811 -0.073071599289084174 0.020080456382771138 0.18747309161678422 0.76674498992836515 -0.0028205941737307633 -0.30846734162650824 -0.96751203468010094 0.89208848625874149 -0.32461984854869402 0.23023802022863665 -0.56402067531945721 0.088685109207398777
leaf_weight=7248 46 822 109 84 2134 468 132 192 103 117 98 46 304 123 1618 804 103 127 263 52 310 116
leaf_count=7248 46 822 109 84 2134 468 132 192 103 117 98 46 304 123 1618 804 103 127 263 52 310 116
internal_value=-0.00187526 -0.000464898 0.000327419 0.00326012 -0.00095129 -5.02957e-06 0.000398963 -0.00034456 0.00223913 0.00278205 0.0035614 0.00670833 0.00217567 0.00521308 -0.000586571 -0.00140323 0.000610319 0.0025955 -0.000567943 -0.00174281 -0.00153314 -0.000309897
internal_weight=15419 8171 3095 316 5076 2779 2311 2890 800 697 565 163 402 232 2698 1080 276 173 1511 2186 689 379
internal_count=15419 8171 3095 316 5076 2779 2311 2890 800 697 565 163 402 232 2698 1080 276 173 1511 2186 689 379
is_linear=0
shrinkage=0.035


Tree=87
num_leaves=23
num_cat=0
split_feature=9 9 14 24 24 7 12 22 27 0 9 11 11 12 21 24 12 22 12 5 24 21
split_gain=28.4825 1.76966 2.21863 1.62441 1.57904 2.7732 1.68239 1.49567 1.41905 1.20581 0.920558 0.879591 1.68628 0.861216 0.781628 0.96549 1.13831 0.815414 0.734013 1.64235 0.714725 1.5676
threshold=4.3964285714285731 9.0121317021009091 1.0000000180025095e-35 5252.0000000000009 12965.500000000002 8.9974505560132219 4.1039126347782684 17236.500000000004 3.5000000000000004 34.129284693525193 9.5893784702334361 4.4002996900935516 3.6831961753257283 5.6291706126250025 2.5000000000000004 5252.0000000000009 5.0271011165840376 43337.000000000007 4.899903187615994 8.9846950015344529 12965.500000000002 2.5000000000000004
decision_type=2 2 2 2 2 2 2 2 2 2 2 2 2 2 2 2 2 2 2 2 2 2
left_child=-1 2 3 7 5 6 8 -2 -3 11 -6 12 -7 -13 15 16 -14 -16 19 -17 -5 -22
right_child=1 4 -4 20 10 9 -8 -9 -10 -11 -12 13 14 -15 17 18 -18 -19 -20 -21 21 -23
leaf_value=-1.1878089459764627 1.5803436682642023 0.10121298523738893 0.3171245759761086 -0.11064036010634842 0.042224058153981454 -0.058766176720415224 0.031512054552105012 -0.27639893298181478 0.25111200075996021 0.2722420275723319 -0.356910730888301 -0.13404031348446604 -0.38040774153296203 -0.0039151019031955685 0.48626005655115084 -0.00022287284194853085 0.30028729054240011 0.063930814334099501 -0.15550034448071801 0.42340181711279945 -0.07860521521444104 0.75490510915372888
leaf_weight=7318 65 49 59 1445 152 702 82 1013 64 187 573 874 122 2089 149 63 45 63 51 53 178 109
leaf_count=7318 65 49 59 1445 152 702 82 1013 64 187 573 874 122 2089 149 63 45 63 51 53 178 109
internal_value=-0.00187073 -0.000449464 -0.00114962 -0.00129929 -6.77258e-05 0.000168986 0.0042 -0.00236888 0.00688136 -1.03347e-05 -0.00158219 -0.000137809 0.000634077 -0.00046934 0.00208984 0.000939527 -0.000854652 0.00375806 0.00280814 0.00430992 -0.000618596 0.000934931
internal_weight=15505 8187 2869 2810 5318 4593 195 1078 113 4398 725 4211 1248 2963 546 334 167 212 167 116 1732 287
internal_count=15505 8187 2869 2810 5318 4593 195 1078 113 4398 725 4211 1248 2963 546 334 167 212 167 116 1732 287
is_linear=0
shrinkage=0.035


Tree=88
num_leaves=23
num_cat=0
split_feature=8 20 8 21 1 12 25 22 20 20 8 21 21 25 10 25 8 8 12 11 8 7
split_gain=26.8633 2.3512 2.2302 1.06079 1.188 0.819403 0.893977 0.818288 1.01504 1.57781 1.25436 1.5099 1.64665 2.11275 2.1201 1.46364 1.15152 0.986154 0.833245 0.964257 0.778713 1.13831
threshold=4.432092945874003 26.500000000000004 18.64658250556737 2.5000000000000004 9.4660690456137484 7.5721398288265664 200.00000000000003 17236.500000000004 16.500000000000004 10.500000000000002 6.4293354925570769 3.5000000000000004 2.5000000000000004 600.00000000000011 3.3443805492851308 210.50000000000003 8.6118387918076387 16.717976190476197 5.2131802781861181 2.5901334345533651 13.360389610389612 10.858297628196111
decision_type=2 2 2 2 2 2 2 2 2 2 2 2 2 2 2 2 2 2 2 2 2 2
left_child=-1 2 5 -3 -5 7 -7 17 9 -9 -10 12 -12 14 15 -14 -17 18 19 -2 21 -16
right_child=1 3 -4 4 -6 6 -8 8 10 -11 11 -13 13 -15 20 16 -18 -19 -20 -21 -22 -23
leaf_value=-1.1462356328672867 1.3283600739457699 0.0093976279679460865 0.036334540894866811 0.43957860322607989 0.1129104769014684 0.95359575384796835 -0.036832451609848771 -0.10901616977893687 -0.30439815564856482 -0.42329414220840794 -0.060090629951599139 -0.42923437738886489 0.29506363204798308 -0.18269213737885265 -0.067345973224195235 0.17575062437872052 0.50120777538702876 -0.25088703731560491 0.23017082005220946 -0.11151530859873111 -0.12374248220034087 0.12947583824012376
leaf_weight=7227 62 542 1773 104 233 61 150 1878 260 1076 747 392 80 72 59 49 53 209 92 182 64 46
leaf_count=7227 62 542 1773 104 233 61 150 1878 260 1076 747 392 80 72 59 49 53 209 92 182 64 46
internal_value=-0.00186307 -0.000486812 -0.000694255 0.00121154 0.00274269 -0.00104109 0.00103704 -0.00112768 -0.00127452 -0.00167844 -0.000607281 -0.000216657 0.000402127 0.00214252 0.00328371 0.00585829 0.0086028 0.000127272 0.00132405 0.000154618 0.000321838 0.00222727
internal_weight=15411 8184 7305 879 337 5532 211 5321 4776 2954 1822 1562 1170 423 351 182 102 545 336 244 169 105
internal_count=15411 8184 7305 879 337 5532 211 5321 4776 2954 1822 1562 1170 423 351 182 102 545 336 244 169 105
is_linear=0
shrinkage=0.035


Tree=89
num_leaves=23
num_cat=0
split_feature=9 9 14 22 24 20 21 21 11 21 20 20 12 12 4 7 21 22 11 11 20 8
split_gain=28.8975 2.10434 1.67666 1.18943 1.9345 1.39807 1.30775 1.64971 1.24615 1.5304 1.39256 1.126 1.11261 2.33061 1.46547 0.977485 0.989137 0.925977 1.30974 2.84977 1.18287 0.923322
threshold=4.3964285714285731 16.5089783585499 1.0000000180025095e-35 17236.500000000004 5252.0000000000009 15.500000000000002 3.5000000000000004 2.5000000000000004 2.73513300681465 2.5000000000000004 13.500000000000002 26.500000000000004 4.1548883195934261 3.8747894698165566 10.946439606378263 29.785714285714288 3.5000000000000004 47274.500000000007 3.3840127707943251 4.6813721373055079 25.500000000000004 8.3405067155067165
decision_type=2 2 2 2 2 2 2 2 2 2 2 2 2 2 2 2 2 2 2 2 2 2
left_child=-1 2 3 8 -5 -6 7 12 -2 -10 -11 15 13 -7 -15 -3 -17 18 21 -20 -19 -9
right_child=1 11 -4 4 5 6 -8 17 9 10 -12 -13 -14 14 -16 16 -18 20 19 -21 -22 -23
leaf_value=-1.1061173857169317 1.4302329197061232 -0.0024968742098115562 0.30741752466780153 -0.2356407190124685 -0.12986549686238441 -0.034688814451619171 -0.41493412135831609 0.16108623437876482 -0.22203001571841507 0.19531696475506552 -0.023519981386380645 0.25479063798926538 -0.24148567868160586 0.042468334114435582 0.25063368250753637 0.60196967375724209 -0.12397139219409632 -0.11292050370461222 -0.10741453641891745 0.34684355180137683 0.19283552875632601 0.35899741106467664
leaf_weight=7313 68 2292 58 1477 1878 577 317 84 195 45 49 283 297 46 45 66 49 100 124 55 56 47
leaf_count=7313 68 2292 58 1477 1878 577 317 84 195 45 49 283 297 46 45 66 49 100 124 55 56 47
internal_value=-0.0018431 -0.000414648 -0.000806718 -0.0008742 -0.00101273 -0.000569679 0.00013377 0.000594707 0.0010442 0 0.00357071 0.000383116 -0.000216496 0.000556463 0.00561458 0.000127694 0.00320833 0.00229618 0.00338889 0.00125543 0 0.00602206
internal_weight=15521 8208 5518 5460 5103 3626 1748 1431 357 289 94 2690 965 668 91 2407 115 466 310 179 156 131
internal_count=15521 8208 5518 5460 5103 3626 1748 1431 357 289 94 2690 965 668 91 2407 115 466 310 179 156 131
is_linear=0
shrinkage=0.035


Tree=90
num_leaves=23
num_cat=0
split_feature=9 9 20 23 21 8 21 21 9 12 23 12 8 8 20 11 4 24 7 23 12 1
split_gain=28.7461 2.16514 1.33793 2.25425 1.61633 1.6706 1.31326 2.6428 1.27979 3.08885 1.8336 1.32387 1.15768 1.22528 0.980555 1.26534 1.03516 0.880765 0.991748 2.97115 0.742577 0.932834
threshold=4.6144343751486616 16.5089783585499 17.500000000000004 22050.000000000004 2.5000000000000004 12.357390892603606 3.5000000000000004 2.5000000000000004 7.0717367670185665 3.4409667384763631 42000.000000000007 3.0103437199378598 9.5023139330506066 11.64343452838377 26.500000000000004 6.7662209501136115 19.010370193622947 5252.0000000000009 5.5821741259895017 46750.000000000007 3.0720744456482767 11.623984965733095
decision_type=2 2 2 2 2 2 2 2 2 2 2 2 2 2 2 2 2 2 2 2 2 2
left_child=-1 2 3 4 5 -2 7 -4 -9 11 -11 -10 -12 -14 -3 16 -16 -5 19 -19 -20 -22
right_child=1 14 6 17 -6 -7 -8 8 9 10 12 -13 13 -15 15 -17 -18 18 20 -21 21 -23
leaf_value=-1.0665618694409602 0.97646869875763809 0.014222080339355259 -0.059112925113669924 -0.30646454675621154 0.21984379925833336 -0.29440260716282263 -0.3615590885331571 -0.017243248770305999 0.096633737496384195 -0.19525629117612617 0.45527835298850028 0.40650267315013605 -0.078236418266097563 0.11140375927528551 0.11915166565302179 -0.2533790692957632 0.72260376418300976 1.210465706805596 -0.27775746316488292 -0.35330465080079571 -0.0054578627090285129 -0.23252177022054996
leaf_weight=7303 72 2347 1236 892 55 102 358 151 62 120 45 98 66 77 136 68 85 59 586 97 782 585
leaf_count=7303 72 2347 1236 892 55 102 358 151 62 120 45 98 66 77 136 68 85 59 586 97 782 585
internal_value=-0.00183723 -0.000395721 -0.000795339 -0.00124961 0.00203419 0.000215083 -0.000123085 0.000244623 0.00210897 0.00301163 0.000861022 0.00689394 0.0030285 0.00122973 0.000422756 0.00233333 0.00362389 -0.00150898 -0.00109934 0.0015 -0.0013192 -0.00084694
internal_weight=15382 8079 5443 3230 229 174 2213 1855 619 468 308 160 188 143 2636 289 221 3001 2109 156 1953 1367
internal_count=15382 8079 5443 3230 229 174 2213 1855 619 468 308 160 188 143 2636 289 221 3001 2109 156 1953 1367
is_linear=0
shrinkage=0.035


Tree=91
num_leaves=23
num_cat=0
split_feature=9 9 8 24 11 9 14 24 8 11 22 10 9 0 11 12 22 12 0 22 22 9
split_gain=26.4589 1.96225 2.13352 2.54319 1.94551 1.45059 1.22223 1.70953 1.16879 0.99876 1.36533 1.14353 1.02996 1.75287 0.938484 0.933858 0.896041 1.16413 0.928048 0.779419 1.34725 1.62372
threshold=4.3964285714285731 9.0121317021009091 9.5719246031746064 9349.5000000000018 2.7589874813305832 18.385164835164836 1.0000000180025095e-35 5252.0000000000009 9.0705825922444401 5.3321025950399861 10086.000000000002 4.9665548085837949 21.215047969410843 23.937493722930562 2.4371213428059835 3.5327268122738742 48992.500000000007 7.4403419494706364 41.500000000000007 33201.500000000007 32208.500000000004 14.109126984126986
decision_type=2 2 2 2 2 2 2 2 2 2 2 2 2 2 2 2 2 2 2 2 2 2
left_child=-1 6 3 4 -3 19 7 14 -6 10 12 -12 -7 -14 -2 -5 18 -18 -11 20 -4 -22
right_child=1 2 5 15 8 9 -8 -9 -10 16 11 -13 13 -15 -16 -17 17 -19 -20 -21 21 -23
leaf_value=-1.0295088288347272 -0.11397417730673158 -0.057719685475306044 -0.1061502772465787 0.08688379416961281 0.35565750899008958 0.80654705373799185 0.32365766292162851 -0.053617120052276285 0.1842789981957135 -0.021141996959772015 -0.24326721686426087 0.56365579378532371 -0.11333241597334713 0.31004604205504777 -0.31174800674528208 -0.34100813575525019 0.36639027931557588 -0.64337427245647982 0.24684084528668115 -0.16917776343868166 0.51277478682383282 0.043528266399089063
leaf_weight=7277 343 45 1308 72 54 68 61 1742 88 1333 188 58 62 52 715 107 61 47 56 1341 46 286
leaf_count=7277 343 45 1308 72 54 68 61 1742 88 1333 188 58 62 52 715 107 61 47 56 1341 46 286
internal_value=-0.00189021 -0.000515238 -0.000110765 0.0024434 0.00525 -0.000307168 -0.00125297 -0.00136631 0.00721428 0.000435232 0.0019157 0.000125497 0.0041738 0.00179412 -0.0024793 -0.000456523 0 0.00300442 -0.000236012 -0.000792365 -0.000265958 0.00169288
internal_weight=15410 8133 5272 366 187 4906 2861 2800 142 1925 428 246 182 114 1058 179 1497 108 1389 2981 1640 332
internal_count=15410 8133 5272 366 187 4906 2861 2800 142 1925 428 246 182 114 1058 179 1497 108 1389 2981 1640 332
is_linear=0
shrinkage=0.035


Tree=92
num_leaves=23
num_cat=0
split_feature=9 4 14 0 12 12 11 7 9 21 21 21 11 25 8 7 12 9 3 22 23 12
split_gain=28.2593 1.47892 1.63054 1.09549 0.897511 0.788614 1.40862 1.52825 1.19878 1.12853 1.1449 1.0171 0.984346 1.11047 2.57861 1.03107 0.986903 1.17316 0.862802 1.05299 0.923508 1.56781
threshold=4.3964285714285731 9.7975184575539469 1.0000000180025095e-35 39.500000000000007 10.454423194225415 7.4403419494706364 5.8586863026251406 20.172203644549398 20.78759398496241 1.5000000000000002 2.5000000000000004 3.5000000000000004 8.925321201231057 224.50000000000003 26.791727044093815 22.519932807777 8.5792865136767791 23.572667725649094 9.6921791352322053 46389.000000000007 42000.000000000007 4.9374754353777428
decision_type=2 2 2 2 2 2 2 2 2 2 2 2 2 2 2 2 2 2 2 2 2 2
left_child=-1 2 -2 4 5 6 7 11 -9 -7 -11 18 16 14 -14 -15 17 -12 -3 20 -20 -22
right_child=1 3 -4 -5 -6 9 -8 8 -10 10 12 -13 13 15 -16 -17 -18 -19 19 -21 21 -23
leaf_value=-0.99404080277719031 -0.10927723529974386 -0.051269510779622135 0.32614596884047825 0.30519057219676576 -0.17224968689647099 1.2945590120790524 -0.1314812783148113 0.63550610395883644 0.11305148305837942 -0.48498143346849637 -0.0039748601543900313 -0.23131833857262032 0.80333697431745632 0.15940971982680324 -0.17849701267066509 -0.23876723282975965 -0.35696774720217234 0.88536422645981905 0.054489217810807226 -0.063739538343577859 0.30505708127848102 -0.36807835096415953
leaf_weight=7317 3773 611 54 73 171 89 837 92 166 146 182 505 51 46 45 49 81 47 610 317 162 77
leaf_count=7317 3773 611 54 73 171 89 837 92 166 146 182 505 51 46 45 49 81 47 610 317 162 77
internal_value=-0.00183871 -0.000422702 -0.000924322 1.44421e-05 -5.63077e-05 4.41954e-05 -0.000178002 0.000226915 0.00275475 0.00108165 0.000526073 -5.66252e-05 0.0013419 0.00328571 0.00585643 0.000349999 5.55547e-05 0.00128632 0.000329965 0.00089368 0.00154098 0.00338525
internal_weight=15501 8184 3827 4357 4284 4113 3377 2540 258 736 647 2282 501 191 96 95 310 229 1777 1166 849 239
internal_count=15501 8184 3827 4357 4284 4113 3377 2540 258 736 647 2282 501 191 96 95 310 229 1777 1166 849 239
is_linear=0
shrinkage=0.035


Tree=93
num_leaves=23
num_cat=0
split_feature=9 20 9 11 0 10 25 9 8 12 10 12 9 7 22 20 3 12 11 7 9 10
split_gain=27.8381 2.09213 1.96609 1.11818 0.834007 0.890648 0.749176 0.754845 0.731068 1.49451 1.31521 1.0858 0.759189 1.61672 1.53923 0.948094 1.40072 1.40391 1.14553 1.13099 1.22468 0.939729
threshold=4.3964285714285731 24.500000000000004 8.5037084278155728 2.4078641832698486 29.073923966709916 6.9006555934235445 831.00000000000011 9.0121317021009091 9.5719246031746064 3.0103437199378598 2.4299715851758266 3.5896557816992414 18.385164835164836 17.017414763507777 25082.000000000004 8.5000000000000018 9.2329229311520518 7.4403419494706364 5.1139579793748515 14.716713265460024 13.312221499828377 3.3443805492851308
decision_type=2 2 2 2 2 2 2 2 2 2 2 2 2 2 2 2 2 2 2 2 2 2
left_child=-1 2 3 -2 5 -3 8 -8 9 -4 -11 -12 15 14 -14 16 -10 19 21 20 -18 -17
right_child=1 4 6 -5 -6 -7 7 -9 12 10 11 -13 13 -15 -16 18 17 -19 -20 -21 -22 -23
leaf_value=-0.95924937467998861 -0.077001546667854207 0.060244947720678961 -0.10684935720161226 -0.22464914972850403 0.48781307998815543 -0.46483567074253157 0.030082188510622946 -0.43253885125235109 -0.227092681388367 0.21166367101161729 0.19697992476872897 -0.10456628559212687 0.52666443576296174 -0.0031890129621950456 0.0090762549952126594 0.13760814772065347 0.05060231511397198 0.25428115475272467 -0.34100262054924424 -0.045589160441713343 0.54779925244618854 -0.14820421149960067
leaf_weight=7254 625 1290 67 1516 53 71 74 233 258 67 70 134 55 1484 70 350 176 50 661 249 47 543
leaf_count=7254 625 1290 67 1516 53 71 74 233 258 67 70 134 55 1484 70 350 176 50 661 249 47 543
internal_value=-0.00183204 -0.000424399 -0.000682953 -0.00155918 0.000791754 0.00059956 -0.000268997 -0.00192949 -0.000143725 0.00139796 0.00258696 0.00102153 -0.000281916 0.000294919 0.00403846 -0.000686833 0.000289808 0.0013482 -0.00118762 0.000682389 0.00248684 -0.000342985
internal_weight=15397 8143 6729 2141 1414 1361 4588 307 4281 338 271 204 3943 1609 125 2334 780 522 1554 472 223 893
internal_count=15397 8143 6729 2141 1414 1361 4588 307 4281 338 271 204 3943 1609 125 2334 780 522 1554 472 223 893
is_linear=0
shrinkage=0.035


Tree=94
num_leaves=23
num_cat=0
split_feature=9 4 14 12 8 11 11 12 7 9 12 21 7 0 12 22 9 9 23 12 7 22
split_gain=27.7985 2.02659 1.52782 1.12338 1.23349 1.2095 1.15785 2.41062 1.77631 1.03742 1.01479 1.0129 0.983713 0.979878 0.925489 0.84285 1.1205 2.04383 1.56573 2.26494 1.38016 1.11813
threshold=4.3964285714285731 9.7975184575539469 1.0000000180025095e-35 10.454423194225415 22.57902452389941 5.5047440295121728 7.0733981651269149 6.4038603519798931 24.583454088187622 8.214889277389279 5.6824257181755788 3.5000000000000004 29.030993601438642 8.2534813770198809 9.3132291466709738 46389.000000000007 20.78759398496241 18.385164835164836 42000.000000000007 4.1039126347782684 18.732142857142861 43337.000000000007
decision_type=2 2 2 2 2 2 2 2 2 2 2 2 2 2 2 2 2 2 2 2 2 2
left_child=-1 2 14 4 5 9 7 -6 -9 -3 -7 15 -8 -13 -2 16 17 18 -11 -20 -19 -21
right_child=1 3 -4 -5 6 10 12 8 -10 11 -12 13 -14 -15 -16 -17 -18 20 19 21 -22 -23
leaf_value=-0.92567564656618917 -0.11988306714802069 -0.11637363225035284 0.30958319745618323 -0.14487885890661692 -0.046555155358513144 -0.33463203288004911 -0.015860635616091811 1.8284293999532093 0.25279434757282065 0.015086350684156992 -0.020728373575680258 0.23378400783686112 0.49783983666957127 -0.35629087300462986 0.1690858527234346 -0.01284918350802451 -0.19587343219395173 1.3627158093956815 0.28389461966330004 0.78734769992971476 0.6865733167082837 -0.36623227482739695
leaf_weight=7242 3680 342 57 195 87 294 322 71 48 575 950 105 74 268 93 427 86 50 117 116 85 85
leaf_count=7242 3680 342 57 195 87 294 322 71 48 575 950 105 74 268 93 427 86 50 117 116 85 85
internal_value=-0.00182217 -0.000414044 -0.000999349 0.000104137 0.000232651 -1.49794e-05 0.00168946 0.00379858 0.00694355 0.000462847 -0.000893916 0.000786086 0.000514962 -0.000814816 -0.00109132 0.00118629 0.00169214 0.00202275 0.00137194 0.00332662 0.006 0.000917475
internal_weight=15369 8127 3830 4297 4102 3500 602 206 119 2256 1244 1914 396 373 3773 1541 1114 1028 893 318 135 201
internal_count=15369 8127 3830 4297 4102 3500 602 206 119 2256 1244 1914 396 373 3773 1541 1114 1028 893 318 135 201
is_linear=0
shrinkage=0.035


Tree=95
num_leaves=23
num_cat=0
split_feature=9 9 11 7 22 3 12 15 24 9 9 12 9 8 21 22 25 12 7 25 10 10
split_gain=27.7768 1.70413 2.1141 1.85193 1.64645 1.23667 1.30372 1.01848 0.924699 0.911202 1.9823 0.888686 0.8553 1.05684 1.49118 0.984196 0.813981 0.701664 0.635147 1.29365 1.19391 1.9855
threshold=4.3964285714285731 8.0222733457361439 2.5901334345533651 7.1428757783484729 43337.000000000007 12.035714285714286 8.910415358004137 1.0000000180025095e-35 11523.000000000002 3.4897302743485183 3.1811937276162703 4.6691717702501343 9.0121317021009091 9.4300292859320169 1.5000000000000002 46389.000000000007 831.00000000000011 9.9122595090745627 20.578879296849021 430.00000000000006 6.792853387410708 4.0178174601215018
decision_type=2 2 2 2 2 2 2 2 2 2 2 2 2 2 2 2 2 2 2 2 2 2
left_child=8 2 7 4 -3 6 11 -2 -1 10 -10 12 -5 14 -14 -16 -15 18 -7 20 21 -20
right_child=1 3 -4 5 -6 17 -8 -9 9 -11 -12 -13 13 16 15 -17 -18 -19 19 -21 -22 -23
leaf_value=-0.96327699893637242 -0.033847486979005609 -0.034670236003597671 -0.2171250564143683 -0.14312436421470284 0.36426975551941398 0.0034332441192363957 0.63026147969512392 0.25246687618482638 -0.58177708321734012 -0.33327699893637242 0.27572290426568452 -0.22563504581580582 -0.23437859539758857 -0.010132183494666226 0.13966477314796763 0.0031415470506296929 -0.43038596906460164 -0.12239433213836522 -0.18492398739313853 -0.055448174744950791 0.072748631501119099 0.54148714574232149
leaf_weight=6872 896 57 1333 383 68 2134 89 51 102 254 59 762 63 781 86 59 131 232 97 240 416 252
leaf_count=6872 896 57 1333 383 68 2134 89 51 102 254 59 762 63 781 86 59 131 232 97 240 416 252
internal_value=-0.00181604 -0.000406577 -0.00121773 -8.66789e-05 0.00403846 -0.000183247 -0.000799704 2.94109e-05 -0.00338481 -0.00166667 0.00029518 -0.000971366 -0.00045955 1.55547e-05 0.00225117 0.0042 -0.000484734 0.000242594 0.000385177 0.00110891 0.00181818 0.00332203
internal_weight=15417 8130 2280 5850 125 5725 2354 947 7287 415 161 2265 1503 1120 208 145 912 3371 3139 1005 765 349
internal_count=15417 8130 2280 5850 125 5725 2354 947 7287 415 161 2265 1503 1120 208 145 912 3371 3139 1005 765 349
is_linear=0
shrinkage=0.035


Tree=96
num_leaves=23
num_cat=0
split_feature=9 20 9 12 11 7 21 3 20 2 9 27 11 22 11 21 21 10 20 22 20 9
split_gain=28.6855 2.24876 1.8558 1.29981 1.15562 1.02876 0.965318 0.892326 1.56984 2.39099 1.10673 1.34078 1.76141 0.929836 0.926271 1.36371 1.46454 1.53076 1.18408 0.991832 0.918415 0.917852
threshold=4.2361111111111116 24.500000000000004 8.0222733457361439 2.5373173121949115 2.5901334345533651 6.7166477702191996 2.5000000000000004 8.5162068318453752 7.5000000000000009 11.827380952380954 18.385164835164836 2.5000000000000004 4.7321924549436369 48992.500000000007 6.0974228398316148 3.5000000000000004 2.5000000000000004 2.7342623276105913 17.500000000000004 47334.500000000007 4.5000000000000009 15.513274814546774
decision_type=2 2 2 2 2 2 2 2 2 2 2 2 2 2 2 2 2 2 2 2 2 2
left_child=-1 2 4 -3 -2 -4 -5 -7 9 20 14 -12 -13 -14 15 16 18 -18 -10 21 -9 -20
right_child=1 3 5 6 -6 7 -8 8 10 -11 11 12 13 -15 -16 -17 17 -19 19 -21 -22 -23
leaf_value=-0.86814395779356246 -0.075966117509421074 0.23555200967307127 0.31810434495209655 -0.030675142228914019 -0.25388538090587898 -0.12447427091082573 0.096731171441375635 0.17046625367428456 -0.26736677452459862 0.0038027723279337863 -0.10917060913932394 1.1413925208734399 0.01021794911265813 0.34005354144076755 -0.51476165747282099 -0.47634314597953803 0.4292772416534526 0.05778706794813443 -0.36839116118346088 0.17036931396506469 0.28207269539423502 0.4086797413734819
leaf_weight=7218 770 103 53 731 1153 1032 598 122 414 687 306 51 711 71 357 313 71 323 153 48 115 64
leaf_count=7218 770 103 53 731 1153 1032 598 122 414 687 306 51 711 71 357 313 71 323 153 48 115 64
internal_value=-0.0017827 -0.000369471 -0.000635945 0.000884133 -0.00155757 -0.000268792 0.000566716 -0.000327381 -7.43908e-05 0.00117169 -0.000481296 0.000354894 0.00109427 0.000635959 -0.00103719 -0.000606399 0 0.00167544 -0.000992691 0.000777777 0.00416529 -0.00018919
internal_weight=15464 8246 6814 1432 1923 4891 1329 4838 3806 924 2882 1139 833 782 1743 1386 1073 394 679 265 237 217
internal_count=15464 8246 6814 1432 1923 4891 1329 4838 3806 924 2882 1139 833 782 1743 1386 1073 394 679 265 237 217
is_linear=0
shrinkage=0.035


Tree=97
num_leaves=23
num_cat=0
split_feature=9 9 8 24 11 22 22 24 9 15 27 9 12 12 3 8 12 12 11 11 11 2
split_gain=29.2166 1.53381 1.50787 3.18359 1.43538 2.35221 1.33072 1.16449 1.2111 0.991893 0.94539 1.79461 1.50535 2.32339 1.46392 0.884745 1.47157 1.19553 1.64232 1.08766 0.906616 1.21046
threshold=4.3964285714285731 9.0121317021009091 8.978056566977914 9349.5000000000018 2.5672879190624593 43337.000000000007 47274.500000000007 12965.500000000002 9.5893784702334361 1.0000000180025095e-35 3.5000000000000004 11.587962167139674 3.5625551142121235 4.4984192253111397 8.5162068318453752 22.366846650936655 9.5903960932474828 7.8875613280712829 7.8112072819882643 9.3750950123576917 4.3598441330922002 19.510000000000002
decision_type=2 2 2 2 2 2 2 2 2 2 2 2 2 2 2 2 2 2 2 2 2 2
left_child=-1 4 3 -3 9 -6 -7 10 -9 -2 15 12 -12 14 -14 20 17 -17 -19 -20 21 -4
right_child=1 2 7 -5 5 6 -8 8 -10 -11 11 -13 13 -15 -16 16 -18 18 19 -21 -22 -23
leaf_value=-0.82917726545082449 -0.027045635861737305 0.45319168122512732 0.071370420675101923 -0.13275451707342259 -0.24463026762297119 0.2658985878570016 -0.01933905733127006 0.056964660775870354 -0.29453468158892671 0.27259666555070972 -0.13301881813211155 -0.15324421749838482 0.080094523610693039 -0.10178332601139296 0.25301093096026295 0.068837184403904919 -0.043982611724685566 1.7525128092000308 -0.25663295871789515 0.67645239126692658 -0.03388480758364501 0.55405242077874495
leaf_weight=7282 946 61 755 71 1254 68 553 109 511 45 87 761 47 72 63 292 227 57 63 93 1845 110
leaf_count=7282 946 61 755 71 1254 68 553 109 511 45 87 761 47 72 63 292 227 57 63 93 1845 110
internal_value=-0.00177697 -0.000326437 2.74423e-05 0.00365328 -0.00097649 -0.00154521 0.000190095 -6.66086e-05 -0.001484 8.43365e-05 0.000127428 -0.000794687 0.00160949 0.00342513 0.00654348 0.000409196 0.00148643 0.00253921 0.00452752 0.00236956 0.000109576 0.00104598
internal_weight=15372 8090 5224 132 2866 1875 621 5092 620 991 4472 1030 269 182 110 3442 732 505 213 156 2710 865
internal_count=15372 8090 5224 132 2866 1875 621 5092 620 991 4472 1030 269 182 110 3442 732 505 213 156 2710 865
is_linear=0
shrinkage=0.035


Tree=98
num_leaves=23
num_cat=0
split_feature=9 20 20 20 21 8 11 21 21 9 12 25 9 21 12 24 25 0 25 21 22 12
split_gain=28.1959 1.58573 2.04206 1.71774 1.58955 1.4901 2.35189 1.71179 2.48254 1.41174 3.09142 1.26101 1.19737 1.18035 1.07974 1.00855 1.00616 1.47235 1.02374 1.11761 1.14154 1.26377
threshold=4.2361111111111116 1.5000000000000002 16.500000000000004 10.500000000000002 1.5000000000000002 23.094925582398712 7.0733981651269149 3.5000000000000004 2.5000000000000004 7.0062292416279304 3.4174892201957241 106.50000000000001 23.572667725649094 1.5000000000000002 3.4679179670884719 9795.0000000000018 807.00000000000011 12.981742114742621 299.00000000000006 2.5000000000000004 33201.500000000007 5.8805796665600063
decision_type=2 2 2 2 2 2 2 2 2 2 2 2 2 2 2 2 2 2 2 2 2 2
left_child=-1 -2 3 4 -3 7 -7 8 13 -10 15 -5 -8 -4 -6 -11 18 -18 19 -16 21 -21
right_child=1 2 5 11 14 6 12 -9 9 10 -12 -13 -14 -15 16 -17 17 -19 -20 20 -22 -23
leaf_value=-0.80015606116004567 0.19268407178889446 -0.45997903851048577 0.029960625167087491 0.33279789079786815 -0.092421207949870576 1.4390723258448641 0.40827416209960876 -0.25342103193609883 -0.050976690683268801 0.44259970807973698 0.069064584814863564 -0.31326104320858622 -0.05732157719536625 -0.16322827155225508 0.25928619005977771 0.013632093479625886 0.45943808480799536 -0.0023786703779610598 -0.066251124693485222 0.22365898253319472 -0.27434174428923808 -0.094778531113110576
leaf_weight=7159 343 694 1008 102 596 82 49 626 150 129 608 1556 154 812 218 46 79 89 342 185 113 249
leaf_count=7159 343 694 1008 102 596 82 49 626 150 129 608 1556 154 812 218 46 79 89 342 185 113 249
internal_value=-0.00177205 -0.000371889 -0.000475419 -0.001 -0.00042218 0.000124965 0.00253448 -7.65375e-05 0.000294415 0.00176119 0.00236294 -0.00187944 0.000370191 -0.000450686 0.000100745 0.00641667 0.000683593 0.0031763 0.000276978 0.000999999 0.00011413 0.000964692
internal_weight=15389 8230 7887 4223 2565 3664 285 3379 2753 933 783 1658 203 1820 1871 175 1275 168 1107 765 547 434
internal_count=15389 8230 7887 4223 2565 3664 285 3379 2753 933 783 1658 203 1820 1871 175 1275 168 1107 765 547 434
is_linear=0
shrinkage=0.035


Tree=99
num_leaves=23
num_cat=0
split_feature=9 20 9 11 7 20 20 12 12 10 24 20 23 9 8 11 12 7 9 11 10 27
split_gain=26.9164 1.81595 1.68633 1.78262 1.68034 1.0132 1.62521 1.26743 1.9791 1.10887 0.985074 1.39489 0.975379 1.17112 0.958072 2.28448 1.15895 0.925759 1.55591 0.900138 1.04978 0.87573
threshold=4.0299239409697059 26.500000000000004 8.0222733457361439 2.4078641832698486 6.7166477702191996 8.5000000000000018 15.500000000000002 3.5001385572150507 3.6437836226093969 10.970849691868963 11523.000000000002 25.500000000000004 51350.000000000007 5.964900036625683 23.094925582398712 7.0733981651269149 3.5896557816992414 14.716713265460024 13.505915403672711 4.6813721373055079 4.1173269183271364 2.5000000000000004
decision_type=2 2 2 2 2 2 2 2 2 2 2 2 2 2 2 2 2 2 2 2 2 2
left_child=10 2 3 12 -4 7 -7 -6 -9 17 -1 -12 13 -2 16 -16 -8 18 19 20 -10 -18
right_child=1 -3 4 -5 5 6 14 8 9 -11 11 -13 -14 -15 15 -17 21 -19 -20 -21 -22 -23
leaf_value=-0.85705258928534211 0.29624116595990274 0.044006856131898753 0.34446658553864823 -0.20085735222946241 -0.1716450259467133 -0.24366969535146119 0.080034303281640365 0.23678546382226898 -0.034915541887521037 0.33014542868049224 -0.30420059901944407 0.20527333733423506 -0.25068549660008255 -0.11635116505639932 1.4783208192966624 -0.00068673460093437977 -0.25173209229980487 -0.039959434361442732 0.57547929233419026 -0.1803335469328623 0.3373236224223447 -0.012299450352005459
leaf_weight=6806 213 899 70 1418 299 1408 287 45 164 103 268 57 193 285 62 192 450 716 57 109 107 1175
leaf_count=6806 213 899 70 1418 299 1408 287 45 164 103 268 57 193 285 62 192 450 716 57 109 107 1175
internal_value=-0.00180777 -0.000443806 -0.000626938 -0.00146358 -0.000286055 -0.00036426 -0.000693351 0.000359812 0.0008415 0.000552339 -0.00338229 -0.00137879 0 0.000814114 -8.2221e-05 0.0019054 -0.000359677 0.000217616 0.00148869 0.000590908 0.00169927 -0.000730062
internal_weight=15383 8252 7353 2109 5244 5174 3574 1600 1301 1256 7131 325 691 498 2166 254 1912 1153 437 380 271 1625
internal_count=15383 8252 7353 2109 5244 5174 3574 1600 1301 1256 7131 325 691 498 2166 254 1912 1153 437 380 271 1625
is_linear=0
shrinkage=0.035


Tree=100
num_leaves=23
num_cat=0
split_feature=9 20 9 7 20 24 20 1 7 3 3 20 20 21 25 22 1 8 27 25 7 21
split_gain=28.2353 1.79064 1.52625 2.04848 1.14654 1.05392 1.23606 1.02575 0.928579 0.872573 0.663146 0.790271 1.66341 1.5699 0.834523 0.971275 0.959008 0.647557 0.626135 0.719462 1.38637 0.585614
threshold=4.0299239409697059 26.500000000000004 8.0222733457361439 6.7166477702191996 1.5000000000000002 11523.000000000002 25.500000000000004 4.9547980748721674 29.785714285714288 27.851297849228462 7.9927388748624617 8.5000000000000018 16.500000000000004 3.5000000000000004 807.00000000000011 31797.000000000004 15.888781740388525 16.432500007793653 2.5000000000000004 421.00000000000006 23.732142857142861 3.5000000000000004
decision_type=2 2 2 2 2 2 2 2 2 2 2 2 2 2 2 2 2 2 2 2 2 2
left_child=5 2 4 -4 -2 -1 -7 -3 10 -10 -5 13 18 -12 15 16 -15 -17 -13 -20 -21 -14
right_child=1 7 3 8 -6 6 -8 -9 9 -11 11 12 21 14 -16 17 -18 -19 19 20 -22 -23
leaf_value=-0.82357574931202204 0.17262682397038151 0.22593633834628243 0.33107406104353271 -0.16029458978389222 -0.17481428697230864 -0.29355357805376375 0.15729978749388451 0.035772227454417528 0.50040849046039704 -0.064397376148106839 -0.026413801983410472 -0.28670685489953379 0.043956180066493537 0.24053025068741435 0.3333870182187153 -0.1792433834596123 0.072665609125852543 0.17858368350730316 -0.0026048307209104145 -0.34557630696380948 0.30045426415709264 -0.090887084725066222
leaf_weight=6820 190 47 80 850 1922 278 61 847 62 51 742 391 1254 55 60 87 108 48 537 382 46 466
leaf_count=6820 190 47 80 850 1922 278 61 847 62 51 742 391 1254 55 60 87 108 48 537 382 46 466
internal_value=-0.00177604 -0.000374241 -0.000556299 -0.000230476 -0.00135073 -0.00338275 -0.00136337 0.00109399 -0.000322512 0.00272881 -0.000397238 -0.000210118 -0.000500975 0.000585972 0.00247796 0.00158251 0.003375 -0.000500001 -0.00141697 -0.000902063 -0.0019642 0.000213043
internal_weight=15384 8225 7331 5219 2112 7159 339 894 5139 113 5026 4176 3076 1100 358 298 163 135 1356 965 428 1720
internal_count=15384 8225 7331 5219 2112 7159 339 894 5139 113 5026 4176 3076 1100 358 298 163 135 1356 965 428 1720
is_linear=0
shrinkage=0.035


Tree=101
num_leaves=23
num_cat=0
split_feature=9 21 21 10 15 9 7 10 22 8 11 11 22 10 9 24 10 24 1 9 11 10
split_gain=28.8114 1.38379 1.75916 1.98493 1.62262 1.48978 2.57877 1.35222 1.30178 1.25802 1.19936 1.65299 2.24499 1.57105 1.44394 1.11166 1.07123 1.02305 1.43217 1.549 1.02274 3.04465
threshold=4.3964285714285731 2.5000000000000004 3.5000000000000004 11.493250581918259 1.0000000180025095e-35 7.0062292416279304 7.5612451726400796 2.1380899352993974 43337.000000000007 22.57902452389941 9.3750950123576917 5.3899411368044641 19263.000000000004 3.7603074107943733 16.789456666317523 11523.000000000002 3.3876526498728432 7066.5000000000009 7.0056524229269748 8.214889277389279 6.3509250569544022 4.0590873945002111
decision_type=2 2 2 2 2 2 2 2 2 2 2 2 2 2 2 2 2 2 2 2 2 2
left_child=15 4 5 16 9 -3 7 -7 -9 -2 11 12 13 -8 -15 -1 -4 -18 19 -19 21 -11
right_child=1 2 3 -5 -6 6 10 8 -10 20 -12 -13 -14 14 -16 -17 17 18 -20 -21 -22 -23
leaf_value=-0.78746034392390685 -0.11523994274618732 -0.09144120569801388 -0.22923618038593904 0.446432439634534 0.2682571970804653 0.41374873292510722 -0.0093512688270456015 -0.015681012869656407 0.27060136244033328 -0.144536388013532 0.44054369380972458 -0.071653486556882834 0.023380189814214334 0.19340564599945542 0.34977625028765019 -0.14638843507460805 -0.13867784429595845 -0.0099023360434995281 -0.0062686734505449631 0.35520061152621313 -0.030824911719065963 1.4291842179669221
leaf_weight=6894 3809 338 579 70 72 49 70 73 48 80 46 465 838 50 110 415 705 46 388 59 233 50
leaf_count=6894 3809 338 579 70 72 49 70 73 48 80 46 465 838 50 110 415 705 46 388 59 233 50
internal_value=-0.00176491 -0.000334902 0.00013417 -0.000646329 -0.000773477 0.000833173 0.00124914 0.0053 0.00288889 -0.000868926 0.000786615 0.000596228 0.0013602 0.00439362 0.00625757 -0.00336123 -0.000887767 -0.000270574 0.00092771 0.00445454 0.00106522 0.0035
internal_weight=15487 8178 3934 1847 4244 2087 1749 170 121 4172 1579 1533 1068 230 160 7309 1777 1198 493 105 363 130
internal_count=15487 8178 3934 1847 4244 2087 1749 170 121 4172 1579 1533 1068 230 160 7309 1777 1198 493 105 363 130
is_linear=0
shrinkage=0.035


Tree=102
num_leaves=23
num_cat=0
split_feature=9 24 20 20 9 7 22 11 21 20 24 7 12 20 12 7 7 20 20 21 21 3
split_gain=27.3364 1.63615 1.64184 1.32437 1.75599 1.64128 1.56204 1.13759 0.985813 0.844363 0.744255 0.73941 0.950297 0.908561 0.88654 1.23694 0.943972 0.858971 1.09669 1.18314 0.854088 0.662999
threshold=4.0299239409697059 11523.000000000002 25.500000000000004 26.500000000000004 8.0222733457361439 7.1428757783484729 43337.000000000007 2.5376289010728996 2.5000000000000004 30.500000000000004 6315.0000000000009 29.785714285714288 2.667380204971741 3.5000000000000004 7.0185333602344437 19.149862906619465 14.716713265460024 16.500000000000004 9.5000000000000018 3.5000000000000004 3.5000000000000004 9.9383815326929881
decision_type=2 2 2 2 2 2 2 2 2 2 2 2 2 2 2 2 2 2 2 2 2 2
left_child=1 -1 -3 4 7 6 -6 -2 -5 -10 -9 12 -7 14 15 16 21 18 19 -15 -13 -14
right_child=3 2 -4 8 5 11 -8 10 9 -11 -12 20 13 17 -16 -17 -18 -19 -20 -21 -22 -23
leaf_value=-0.76275653337397176 -0.034895808162132232 -0.26908645874558157 0.18310136869426108 -0.019353200554855964 -0.04450145803876273 -0.73150386174764048 0.31035567319413565 -0.26966768638506849 0.22537225437541139 -0.11210261552816446 -0.12302470317355542 0.31330044573787691 0.015819652953846672 -0.091151379682197581 -0.10359279497909853 0.55825193472472223 -0.20988774588070122 0.0081955981561893376 -0.19111745708815042 0.1619281833463595 -0.20404612316549051 0.27504172370863361
leaf_weight=6811 830 288 60 530 61 171 53 570 278 65 725 72 94 865 111 77 87 1929 1334 298 49 88
leaf_count=6811 830 288 60 530 61 171 53 570 278 65 725 72 94 865 111 77 87 1929 1334 298 49 88
internal_value=-0.00176484 -0.00334855 -0.000922097 -0.000393392 -0.000546773 -0.000200983 0.00385294 -0.00139671 0.000884965 0.00233333 -0.00204615 -0.000297298 -0.000365982 -0.000270664 0.00119697 0.00208404 0.000843065 -0.000427331 -0.000856116 -5.39392e-05 0.00233333 0.00230214
internal_weight=15446 7159 348 8287 7414 5289 114 2125 873 343 1295 5175 5054 4883 457 346 269 4426 2497 1163 121 182
internal_count=15446 7159 348 8287 7414 5289 114 2125 873 343 1295 5175 5054 4883 457 346 269 4426 2497 1163 121 182
is_linear=0
shrinkage=0.035


Tree=103
num_leaves=23
num_cat=0
split_feature=8 20 12 8 7 22 11 3 20 4 24 11 8 20 12 22 20 1 7 7 11 11
split_gain=27.7408 1.93893 1.51384 1.94613 1.19286 1.21357 0.892198 1.14366 1.32315 0.987017 0.856879 0.847216 0.841675 1.06123 3.31361 0.79469 0.780731 0.764899 0.704513 0.80121 0.91999 1.32895
threshold=4.144865848437278 26.500000000000004 7.5721398288265664 13.545737712266419 20.732142857142861 25082.000000000004 5.3321025950399861 7.9927388748624617 1.5000000000000002 7.5924945809927342 11523.000000000002 6.0974228398316148 23.357668702453786 16.500000000000004 8.7471839761849939 22034.500000000004 25.500000000000004 20.946428571428573 19.000701735785487 15.144304018203366 6.7662209501136115 8.925321201231057
decision_type=2 2 2 2 2 2 2 2 2 2 2 2 2 2 2 2 2 2 2 2 2 2
left_child=10 2 4 -4 6 11 7 8 15 -9 -1 -6 18 -14 -15 -2 -12 -7 19 -5 -21 -22
right_child=1 -3 3 12 5 17 -8 9 -10 -11 16 -13 13 14 -16 -17 -18 -19 -20 20 21 -23
leaf_value=-0.76115428451114597 1.5971559868621594 0.063060842741425774 0.90213674204369443 -0.29384328297013435 0.17171220751147795 0.16555405173833193 -0.1630552458028956 -0.085082759449126535 -0.17585958152658765 0.0211470919815736 -0.26873758153817551 -0.16309346044962503 0.0043351531860839612 1.4883687979261699 -0.012055520041610892 9.7429744060150019e-05 0.14350933224133039 0.25127390197195992 -0.1302429567556295 0.50062033594479505 -0.54134022948866212 0.26443904701112547
leaf_weight=6826 48 883 47 86 200 62 1043 896 1899 1749 286 179 303 49 100 130 73 84 274 52 65 55
leaf_count=6826 48 883 47 86 200 62 1043 896 1899 1749 286 179 303 49 100 130 73 84 274 52 65 55
internal_value=-0.00178115 -0.000387563 -0.000576168 0.000655405 -0.000781176 0.000792452 -0.000928077 -0.000715994 -0.00133141 -0.000224529 -0.00336857 -0.000218751 0.000286652 0.00140153 0.00377273 0.00147268 -0.00157692 0.00345364 -0.000632217 0.000625474 0.00203672 0.000139999
internal_weight=15389 8204 7321 1031 6290 525 5765 4722 2077 2645 7185 379 984 452 149 178 359 146 532 258 172 120
internal_count=15389 8204 7321 1031 6290 525 5765 4722 2077 2645 7185 379 984 452 149 178 359 146 532 258 172 120
is_linear=0
shrinkage=0.035


Tree=104
num_leaves=23
num_cat=0
split_feature=9 20 20 9 14 4 21 21 9 21 7 22 9 10 10 22 9 24 20 12 9 12
split_gain=28.2355 2.09834 2.36559 1.40654 1.59403 1.39752 1.23176 3.54698 1.80314 1.63063 1.16122 0.977784 1.56105 1.74071 1.06033 1.54939 0.963573 0.915196 0.864482 0.855316 1.35645 0.965335
threshold=4.0299239409697059 16.500000000000004 10.500000000000002 6.6994793594143482 1.0000000180025095e-35 8.1083281831690481 2.5000000000000004 3.5000000000000004 26.011117216117217 1.5000000000000002 7.5612451726400796 10086.000000000002 16.000142857142858 4.6097071278108039 2.7945525240230924 46389.000000000007 19.972535392007416 11523.000000000002 30.500000000000004 4.2481710965894761 9.0121317021009091 2.667380204971741
decision_type=2 2 2 2 2 2 2 2 2 2 2 2 2 2 2 2 2 2 2 2 2 2
left_child=17 2 5 4 -3 -2 9 18 -9 10 -5 -12 14 -14 15 -13 -4 -1 -8 20 21 -11
right_child=1 3 16 6 -6 -7 7 8 -10 19 11 12 13 -15 -16 -17 -18 -19 -20 -21 -22 -23
leaf_value=-0.71755520230438663 -0.10743379099116888 -0.16033206871331734 -0.31988826234028755 -0.13156289102675839 0.25522993500317526 0.040861287560258759 0.16458217924481069 -0.18482764767022761 1.1406133098718334 0.11842315015646658 -0.18715468162872109 -0.06891333876903509 0.18226498098559679 0.89786810119765004 -0.017094022348110374 0.14721265670964334 -0.010864401034903484 -0.18933176618433933 -0.16755130239155303 -0.3108240382735456 0.070655740938753542 -0.42993309632433802
leaf_weight=6818 1585 385 1384 134 61 1322 849 609 51 51 130 53 90 75 316 64 312 339 65 438 137 162
leaf_count=6818 1585 385 1384 134 61 1322 849 609 51 51 130 53 90 75 316 64 312 339 65 438 137 162
internal_value=-0.00175397 -0.000358542 -0.000856772 0.000261904 -0.00155987 -0.000242789 0.000521368 0.00122134 -0.000710527 -0.000137463 0.00090023 0.00146589 0.00207214 0.00494118 0.000894976 0.00367213 -0.00189506 -0.00336317 0.00263166 -0.00129319 0 -0.00173395
internal_weight=15430 8273 4603 3670 446 2907 3224 1574 660 1650 862 728 598 165 433 117 1696 7157 914 788 350 213
internal_count=15430 8273 4603 3670 446 2907 3224 1574 660 1650 862 728 598 165 433 117 1696 7157 914 788 350 213
is_linear=0
shrinkage=0.035


Tree=105
num_leaves=23
num_cat=0
split_feature=9 12 24 9 9 20 20 9 7 27 20 12 7 12 23 21 12 8 9 12 11 22
split_gain=27.7144 1.69825 1.21538 1.06254 2.12201 1.053 0.910206 1.04235 1.24245 0.976469 0.938934 0.852985 0.942083 0.747611 0.796239 0.95041 0.914061 0.719042 0.798173 0.751848 0.708374 0.702334
threshold=4.0299239409697059 5.6824257181755788 11523.000000000002 3.4897302743485183 3.1811937276162703 24.500000000000004 1.5000000000000002 8.0222733457361439 8.2857329212056161 3.5000000000000004 9.5000000000000018 5.8299466623242662 19.000701735785487 2.5373173121949115 42000.000000000007 2.5000000000000004 4.1548883195934261 11.358432539682541 9.5893784702334361 3.0103437199378598 2.1218654594341788 31488.000000000004
decision_type=2 2 2 2 2 2 2 2 2 2 2 2 2 2 2 2 2 2 2 2 2 2
left_child=2 5 -1 4 -4 6 -2 20 9 10 -9 12 -3 -7 15 -15 17 18 19 -16 -8 -13
right_child=1 11 3 -5 -6 13 7 8 -10 -11 -12 21 -14 14 16 -17 -18 -19 -20 -21 -22 -23
leaf_value=-0.6903697486104321 0.098461950176138763 0.018313477405929535 -0.40596156669152067 -0.20615764570882178 0.41197975389102781 0.18986342442803955 -0.012739554402666647 0.19963781594164848 -0.086696935228117944 0.06878886008503543 -0.10612650255850696 0.040296092584686548 1.2384668899555225 -0.23039287007891565 -0.017353569630729995 0.032158950517596568 -0.052977681273501553 0.32475480325920442 -0.17197626231931598 0.14656722829619664 -0.19727203618167252 -0.068206333755819665
leaf_weight=6777 265 63 99 165 58 108 302 48 2408 75 190 1651 50 282 56 229 137 45 67 88 1490 668
leaf_count=6777 265 63 99 165 58 108 302 48 2408 75 190 1651 50 282 56 229 137 45 67 88 1490 668
internal_value=-0.00175069 -0.000364593 -0.0033522 -0.00114526 0.000820987 -0.000691545 -0.000909576 -0.00102877 -0.000585474 0.00145283 0.000244855 0.000406442 0.00332203 0.000320058 0 -0.000922481 0.0011608 0.00240038 0.00136111 0.00284228 -0.00168865 0.000249999
internal_weight=15321 8222 7099 322 157 5790 4778 4513 2721 313 238 2432 113 1012 904 511 393 256 211 144 1792 2319
internal_count=15321 8222 7099 322 157 5790 4778 4513 2721 313 238 2432 113 1012 904 511 393 256 211 144 1792 2319
is_linear=0
shrinkage=0.035


Tree=106
num_leaves=23
num_cat=0
split_feature=9 20 20 21 12 9 12 21 21 12 11 22 21 12 12 22 22 22 1 24 10 20
split_gain=27.9443 1.3094 2.40057 1.8114 1.33175 1.23571 1.19242 1.312 2.30412 2.09525 1.45602 1.81656 1.45093 1.23624 1.17869 1.42328 2.04985 1.17544 1.30963 1.15172 1.12901 1.09836
threshold=4.0299239409697059 16.500000000000004 8.5000000000000018 3.5000000000000004 9.9122595090745627 6.5365010320367469 2.4815453541447932 2.5000000000000004 3.5000000000000004 7.4403419494706364 5.9216495341244384 10086.000000000002 1.5000000000000002 7.5721398288265664 5.6824257181755788 10086.000000000002 25082.000000000004 47334.500000000007 10.000130448439306 11523.000000000002 11.493250581918259 16.500000000000004
decision_type=2 2 2 2 2 2 2 2 2 2 2 2 2 2 2 2 2 2 2 2 2 2
left_child=19 2 3 -2 -4 -3 -7 12 10 -10 11 -9 14 -12 -8 -16 -17 20 -19 -1 -5 -21
right_child=1 5 4 17 -6 6 7 8 9 -11 13 -13 -14 -15 15 16 -18 18 -20 21 -22 -23
leaf_value=-0.6645752329237532 -0.059307530821463998 -0.14354055354536124 -0.2648029057633674 0.011724538020974444 0.042016686986065609 0.13453617278083346 -0.030398637876268935 0.41942671899035383 -0.25737049290429809 0.17796798682508203 -0.069115151883787362 0.12656748454276412 -0.18537495120617062 0.32020170053520086 -0.097767319682573267 1.2111199078305404 0.18300918614714229 1.1210755968546429 0.15622745802869856 -0.35048963676807854 0.6140514822516997 0.11319375511362205
leaf_weight=6780 1778 387 2171 423 80 90 596 54 457 207 181 614 768 48 94 50 145 48 58 176 48 158
leaf_count=6780 1778 387 2171 423 80 90 596 54 457 207 181 614 768 48 94 50 145 48 58 176 48 158
internal_value=-0.00173365 -0.00035076 -0.000744633 2.96602e-05 -0.00156073 0.000136363 0.000360682 0.000240291 0.000969986 -0.000570255 0.00212638 0.00294874 -0.000439084 -0.000209403 0.000511235 0.00233333 0.004025 0.00173196 0.00501351 -0.00334268 0.000911764 -0.00122861
internal_weight=15411 8297 4606 2355 2251 3691 3304 3214 1561 664 897 668 1653 229 885 289 195 577 106 7114 471 334
internal_count=15411 8297 4606 2355 2251 3691 3304 3214 1561 664 897 668 1653 229 885 289 195 577 106 7114 471 334
is_linear=0
shrinkage=0.035


Tree=107
num_leaves=23
num_cat=0
split_feature=8 8 24 20 12 20 7 22 21 12 11 11 12 8 3 11 7 7 11 5 21 8
split_gain=26.9612 1.6261 1.51247 1.40461 1.88888 1.09379 1.0429 1.10328 0.929746 0.830102 1.99702 0.806739 1.23849 0.797613 0.79441 0.792173 1.1825 1.14491 0.854248 1.05558 1.04456 0.91811
threshold=3.7861431116147957 8.0955073894160083 11523.000000000002 24.500000000000004 2.1879075781792019 25.500000000000004 7.8571614926341864 33201.500000000007 2.5000000000000004 6.9460315646673028 8.2995101123184156 2.6158806043978244 2.4815453541447932 13.71589464592194 8.5162068318453752 8.925321201231057 19.000701735785487 26.443940120452961 6.7662209501136115 6.1559636888632268 3.5000000000000004 16.432500007793653
decision_type=2 2 2 2 2 2 2 2 2 2 2 2 2 2 2 2 2 2 2 2 2 2
left_child=2 3 -1 11 -5 -4 -3 15 -6 13 -11 12 -2 14 -9 18 -17 -18 19 -8 -21 -20
right_child=1 6 5 4 8 -7 7 9 -10 10 -12 -13 -14 -15 -16 16 17 -19 21 20 -22 -23
leaf_value=-0.66489311007086949 -0.19826691862320112 0.074460081177475476 -0.22946838078753254 0.2955517122193746 -0.12684385829375974 0.15473202625594176 -0.11409579886660239 -0.12367066481230225 0.11721174371915534 0.45619060830567582 -1.3688725959543051 -0.22235128848308017 0.03272168972515959 -0.43114815029029463 -0.0037204699145431536 0.23598624640733923 -0.1439046573112063 0.31417890022961453 0.17182559449563656 0.09077589285346549 -0.060762094423103104 -0.11028152928172488
leaf_weight=6704 517 267 219 45 249 48 576 476 185 93 64 1126 489 369 840 101 209 195 46 1561 349 689
leaf_count=6704 517 267 219 45 249 48 576 476 185 93 64 1126 489 369 840 101 209 195 46 1561 349 689
internal_value=-0.00173888 -0.000406284 -0.00334948 -0.00113188 0.000549586 -0.000669118 -7.79118e-05 -0.000184013 -0.000151481 -0.000884949 0.00146913 -0.00151825 -0.000765085 -0.00111834 -0.000691522 0.000158536 0.00144118 0.000522004 -3.90585e-05 0.000265555 0.000667101 -0.00108784
internal_weight=15417 8446 6971 2611 479 267 5835 5568 434 1842 157 2132 1006 1685 1316 3726 505 404 3221 2486 1910 735
internal_count=15417 8446 6971 2611 479 267 5835 5568 434 1842 157 2132 1006 1685 1316 3726 505 404 3221 2486 1910 735
is_linear=0
shrinkage=0.035


Tree=108
num_leaves=23
num_cat=0
split_feature=8 20 25 3 2 24 21 20 24 8 25 6 5 0 25 10 20 8 11 23 10 8
split_gain=26.8412 1.88359 1.44821 1.36576 1.36054 1.07526 1.31621 1.36941 1.07269 1.26571 0.910284 0.758743 0.768301 0.947778 0.67388 0.752513 0.753691 0.728443 1.09831 0.652934 1.00686 0.743334
threshold=4.0036998727253499 24.500000000000004 106.50000000000001 7.9927388748624617 11.827380952380954 11523.000000000002 2.5000000000000004 16.500000000000004 4685.0000000000009 5.6616611418588318 191.00000000000003 16.535714285714288 18.955902356631452 21.965076773329255 142.00000000000003 7.158228479897681 9.5000000000000018 19.319760596546313 7.2126256479035415 41450.000000000007 4.9183790780990995 6.334447238559533
decision_type=2 2 2 2 2 2 2 2 2 2 2 2 2 2 2 2 2 2 2 2 2 2
left_child=5 2 4 -4 -2 -1 -7 -8 9 -3 -11 -6 -13 -14 -5 -16 17 18 -17 -10 21 -21
right_child=1 8 3 14 11 6 7 -9 19 10 -12 12 13 -15 15 16 -18 -19 -20 20 -22 -23
leaf_value=-0.63698943544690467 0.94664233515811125 0.28993830831752621 -0.16456621422065029 -0.24833716006385215 -0.082453108065603159 -0.32044698068082084 -0.2251911522067151 0.48824184748168786 -0.08052017858365397 0.83344711312448905 0.0075885201384488562 -0.10025975798843374 0.071188780275230748 0.80868730631543995 -0.0042604460183615122 -0.029549652088684472 -0.30242479957844176 -0.064016944146476545 0.1815131404888001 -0.21242133409937311 -0.32279668593183147 0.13117557688590414
leaf_weight=6753 51 46 2265 170 194 194 71 75 365 92 313 63 49 45 3340 47 458 172 45 81 104 453
leaf_count=6753 51 46 2265 170 194 194 71 75 365 92 313 63 49 45 3340 47 458 172 45 81 104 453
internal_value=-0.001715 -0.000367673 -0.000610372 -0.000738543 0.00140172 -0.00329783 -0.00126812 0.00113576 0.000770047 0.00217982 0.00145122 0.000530898 0.00233333 0.00427778 -0.000360987 -0.0002642 -0.00128542 0.000143122 0.00263402 0.00011111 0.000800155 0.00143506
internal_weight=15446 8353 6899 6497 402 7093 340 146 1454 451 405 351 157 94 4232 4062 722 264 92 1003 638 534
internal_count=15446 8353 6899 6497 402 7093 340 146 1454 451 405 351 157 94 4232 4062 722 264 92 1003 638 534
is_linear=0
shrinkage=0.035


Tree=109
num_leaves=23
num_cat=0
split_feature=9 9 7 22 11 4 4 11 24 12 10 11 9 12 25 11 12 22 9 9 10 1
split_gain=29.091 1.24122 1.60707 1.29322 1.24025 1.01326 0.811423 1.41557 0.790176 0.881187 1.29086 0.736473 1.10963 1.06705 0.979286 0.915906 1.21782 0.789981 1.87988 1.68655 1.30509 1.32107
threshold=4.0299239409697059 8.0222733457361439 7.1428757783484729 43337.000000000007 2.5901334345533651 3.9929401464817613 6.9966807769941894 10.288688923113623 6315.0000000000009 2.9590975938571598 2.6726124191242469 4.219590613906961 17.557777777777783 10.454423194225415 142.00000000000003 8.925321201231057 5.9879249325338915 46389.000000000007 9.0121317021009091 9.5893784702334361 4.6097071278108039 12.48529411764706
decision_type=2 2 2 2 2 2 2 2 2 2 2 2 2 2 2 2 2 2 2 2 2 2
left_child=-1 4 3 -3 -2 -4 7 -7 -6 -10 -11 17 -13 14 15 16 -14 18 -8 -19 21 -20
right_child=1 2 5 -5 8 6 11 -9 9 10 -12 12 13 -15 -16 -17 -18 19 20 -21 -22 -23
leaf_value=-0.56451374036143442 -0.0011767211298107203 -0.0024062731202089162 0.22083621628150135 0.32398392969918122 -0.22411231981248467 -0.13103985566797088 -0.1976750466798442 0.49817267077860383 -0.22024587992482927 -0.25619925426818208 0.083932239316690735 -0.083979127272529958 0.97903364465233056 -0.15680303012216232 0.016490447662359985 0.37155523090770298 -0.030797174760141679 0.067410597986716336 0.15369126131532235 -0.19848786438150795 0.3572806236773477 -0.0075009257455541907
leaf_weight=7122 1006 57 45 59 597 980 106 47 320 115 330 1328 74 192 1420 45 133 222 367 347 83 375
leaf_count=7122 1006 57 45 59 597 980 106 47 320 115 330 1328 74 192 1420 45 133 222 367 347 83 375
internal_value=-0.00166065 -0.000243003 2.67621e-05 0.00402066 -0.00091888 -5.39963e-05 -0.00010028 -0.000990311 -0.00160534 -0.000818183 0.000155555 9.16534e-05 -0.000204724 0.00033895 0.000632378 0.0026284 0.00145283 0.000732557 0.00136111 -0.000268294 0.00193976 0.00141968
internal_weight=15370 8248 5880 116 2368 5764 5719 1027 1362 765 445 4692 3192 1864 1672 252 207 1500 931 569 825 742
internal_count=15370 8248 5880 116 2368 5764 5719 1027 1362 765 445 4692 3192 1864 1672 252 207 1500 931 569 825 742
is_linear=0
shrinkage=0.035


Tree=110
num_leaves=23
num_cat=0
split_feature=7 20 20 4 27 10 12 24 20 21 21 12 21 11 22 12 1 24 12 25 22 12
split_gain=27.5464 1.96994 2.44145 1.22054 1.02691 1.57325 0.967474 0.926353 1.20326 0.916394 2.73515 1.96079 1.56124 1.0033 1.8424 1.28839 0.960276 0.927784 2.02356 2.00334 1.83241 1.42092
threshold=4.1439643496121894 16.500000000000004 10.500000000000002 7.9927388748624617 3.5000000000000004 2.1491969707422434 6.3066794743269474 11523.000000000002 25.500000000000004 3.5000000000000004 2.5000000000000004 7.4403419494706364 1.5000000000000002 5.9216495341244384 10086.000000000002 7.5721398288265664 7.9732713418271493 9795.0000000000018 5.2131802781861181 191.00000000000003 25082.000000000004 3.6437836226093969
decision_type=2 2 2 2 2 2 2 2 2 2 2 2 2 2 2 2 2 2 2 2 2 2
left_child=7 2 3 -2 5 -5 -4 -1 -9 10 12 -11 16 14 -12 -15 -3 18 -18 20 -20 -19
right_child=1 9 6 4 -6 -7 -8 8 -10 11 13 -13 -14 15 -16 -17 17 21 19 -21 -22 -23
leaf_value=-0.5826886994956515 -0.094751991496606167 -0.064944376614289256 -0.29466374392291345 0.23420018445915416 -0.066945141904351066 0.064320909517911112 -0.0080357068096485271 -0.23741059438357098 0.16520494966176164 -0.28110942705014541 0.31133704209607399 0.18570774808009846 -0.16249243796432253 -0.059907847823227424 0.11038189977644067 0.36984427176496837 -0.092388561374376593 0.24219580871911989 1.263592247351478 -0.019325011027707249 0.29883161917100864 0.093173798837016125
leaf_weight=6719 1491 302 1296 68 320 1081 418 298 62 465 60 207 886 181 789 51 262 74 51 130 49 160
leaf_count=6719 1491 302 1296 68 320 1081 418 298 62 465 60 207 886 181 789 51 262 74 51 130 49 160
internal_value=-0.00162804 -0.000262522 -0.000739796 -0.000123947 0.000584124 0.00107972 -0.0017897 -0.0032332 -0.00139041 0.00034123 0.000606666 -0.00081167 -0.000180564 0.00201105 0.00256557 0 0.000735236 0.0014316 0.000514084 0.00290425 0.0065 0.0032364
internal_weight=15420 8341 4674 2960 1469 1149 1714 7079 360 3667 2995 672 1914 1081 849 232 1028 726 492 230 100 234
internal_count=15420 8341 4674 2960 1469 1149 1714 7079 360 3667 2995 672 1914 1081 849 232 1028 726 492 230 100 234
is_linear=0
shrinkage=0.035


Tree=111
num_leaves=23
num_cat=0
split_feature=9 20 20 20 21 9 14 12 12 10 25 21 21 12 12 12 12 9 20 21 10 21
split_gain=26.2569 1.26588 1.69249 1.25686 1.27372 1.14603 1.31243 1.14725 1.06133 0.87121 0.863056 0.924527 1.82391 2.04482 1.57977 1.36053 1.1415 0.851472 0.972734 1.62378 0.806807 0.804584
threshold=4.0299239409697059 1.5000000000000002 16.500000000000004 10.500000000000002 1.5000000000000002 6.5365010320367469 1.0000000180025095e-35 2.3952940719033853 6.3066794743269474 4.7908643220593126 600.00000000000011 2.5000000000000004 3.5000000000000004 3.4409667384763631 3.0103437199378598 7.4403419494706364 8.5792865136767791 3.0716258664974467 26.500000000000004 2.5000000000000004 10.970849691868963 1.5000000000000002
decision_type=2 2 2 2 2 2 2 2 2 2 2 2 2 2 2 2 2 2 2 2 2 2
left_child=17 -2 3 4 -3 6 -4 -7 -5 -10 11 21 13 14 -13 -14 -17 -1 -19 -20 -6 -9
right_child=1 2 5 8 20 7 -8 10 9 -11 -12 12 15 -15 -16 16 -18 18 19 -21 -22 -23
leaf_value=-0.65184709964357956 0.18390047258059802 -0.29931497712264105 -0.15015600251252401 -0.26450149533278206 -0.0047473431720190728 0.19618137718661563 0.19460320616694954 0.064366560230558825 0.58366752465811955 -0.18602733230578145 -0.08638247882433954 0.17436641346921189 -0.25616685227977259 0.072063083792706512 0.40450762086838526 0.60807525770967541 -0.053164171945933279 -0.2299347660798596 -0.28104162942471789 0.23720375335640356 0.30070885345993159 -0.11518016231818258
leaf_weight=6111 337 681 329 1263 1781 62 54 751 66 350 549 61 375 580 106 81 95 967 68 45 82 640
leaf_count=6111 337 681 329 1263 1781 62 54 751 66 350 549 61 375 580 106 81 95 967 68 45 82 640
internal_value=-0.00170681 -0.000355602 -0.000447289 -0.000925498 -0.000424285 9.67996e-05 -0.00169588 0.000312405 -0.00167102 -9.14498e-05 0.000212611 0.0004755 0.00114697 0.00227128 0.00565698 -0.000352519 0.00210773 -0.00325195 -0.00227419 0.000652542 4.12197e-05 -0.000140402
internal_weight=15434 8243 7906 4223 2544 3683 383 3300 1679 416 3238 2689 1298 747 167 551 176 7191 1080 113 1863 1391
internal_count=15434 8243 7906 4223 2544 3683 383 3300 1679 416 3238 2689 1298 747 167 551 176 7191 1080 113 1863 1391
is_linear=0
shrinkage=0.035


Tree=112
num_leaves=23
num_cat=0
split_feature=8 20 14 24 25 8 9 12 21 20 3 20 8 10 10 9 10 20 8 25 8 9
split_gain=26.5753 1.38811 2.01899 1.26418 1.23967 1.18042 1.14851 2.45063 1.12781 1.20315 1.08919 1.41145 1.2207 1.14638 0.844729 0.976101 0.86962 0.786558 0.988885 0.765633 0.726165 2.42822
threshold=3.7861431116147957 19.500000000000004 1.0000000180025095e-35 11523.000000000002 106.50000000000001 20.856840853427816 6.5365010320367469 2.4815453541447932 2.5000000000000004 16.500000000000004 8.5162068318453752 7.5000000000000009 25.33113236522237 2.1491969707422434 10.970849691868963 18.71286187019756 4.3204937989385801 14.500000000000002 18.015496800719323 233.00000000000003 22.110937776753779 24.07460317460318
decision_type=2 2 2 2 2 2 2 2 2 2 2 2 2 2 2 2 2 2 2 2 2 2
left_child=3 4 6 -1 5 17 -3 -8 -5 -10 12 13 -6 -12 15 16 -15 18 -2 -18 -9 -22
right_child=1 2 -4 8 10 -7 7 20 9 -11 11 -13 -14 14 -16 -17 19 -19 -20 -21 21 -23
leaf_value=-0.55814904605518501 0.34269406312974782 -0.1223846777351956 0.30122313007551915 -0.26784359629931304 -0.17374064982862014 -0.1035260774450352 0.1886523569587944 -0.0047320735795036983 -0.21431005970247641 0.46265667159471985 0.22616935175997357 -0.13339810117064446 0.62056999959762171 -0.02455841501384198 0.33101851391925152 -0.10901884542037003 -0.0043262036432458705 -0.048188679010276729 1.0106855769027285 0.14738707077646193 0.58316811172835525 -0.043421681648331344
leaf_weight=6592 65 291 69 153 2174 126 67 2240 57 62 48 2103 48 369 70 204 111 56 69 165 102 168
leaf_count=6592 65 291 69 153 2174 126 67 2240 57 62 48 2103 48 369 70 204 111 56 69 165 102 168
internal_value=-0.00166985 -0.000364328 0.00024745 -0.00329109 -0.000687779 0.00140654 9.38036e-05 0.000336173 -0.000846571 0.00158064 -0.00081735 -0.000381302 -0.00140974 0.000712962 0.000401514 6.55729e-05 0.000753845 0.00314102 0.00455755 0.00222954 0.000146122 0.00184545
internal_weight=15409 8545 2937 6864 5608 316 2868 2577 272 119 5292 3070 2222 967 919 849 645 190 134 276 2510 270
internal_count=15409 8545 2937 6864 5608 316 2868 2577 272 119 5292 3070 2222 967 919 849 645 190 134 276 2510 270
is_linear=0
shrinkage=0.035


Tree=113
num_leaves=23
num_cat=0
split_feature=9 9 21 20 22 7 7 25 9 10 7 21 6 7 10 10 11 10 3 9 24 8
split_gain=26.479 1.54905 1.58811 2.67478 0.982069 1.52347 1.468 1.44875 1.10898 1.21962 1.09464 0.705461 0.694528 0.777951 1.22352 1.13437 0.790309 0.757729 0.708671 0.70799 1.20194 1.77231
threshold=4.0299239409697059 3.1432456131528803 2.5000000000000004 25.500000000000004 33201.500000000007 21.430126684909297 4.7277820077321424 248.50000000000003 6.2397892490499585 2.9277002188456001 5.4340659340659352 3.5000000000000004 9.9933189851049971 17.463259122825747 3.9174739657409643 5.7404164441598597 2.5901334345533651 2.5071326821120414 15.950345293025352 7.1434714651971118 4685.0000000000009 6.4293354925570769
decision_type=2 2 2 2 2 2 2 2 2 2 2 2 2 2 2 2 2 2 2 2 2 2
left_child=1 -1 -3 -4 6 8 -2 10 -6 11 -8 -10 17 14 16 18 -14 19 -16 20 -9 -22
right_child=4 2 3 -5 5 -7 7 12 9 -11 -12 -13 13 -15 15 -17 -18 -19 -20 -21 21 -23
leaf_value=-0.6068252704832926 0.29503826212421463 -0.37308194403766942 -0.10486183349243509 0.2159378872224503 -0.22979588459622149 0.32752660434969416 1.3057731101654639 -0.077604388888069198 0.030689473447151238 -0.084649412311841074 0.021689075340864606 -0.20721421726311615 0.27608462724462912 -0.046720886284161642 0.025723894840174996 -0.1917886168478625 -0.13865949470110295 -0.19152031213569828 0.20666146542160366 -0.34247286037103064 -0.31231440232434693 0.27340357129814036
leaf_weight=6253 114 425 478 55 449 61 68 178 775 1777 2924 151 51 429 83 52 159 695 58 162 47 53
leaf_count=6253 114 425 478 55 449 61 68 178 775 1777 2924 151 51 429 83 52 159 695 58 162 47 53
internal_value=-0.00164411 -0.00319443 -0.00182814 -0.000507436 -0.000291703 -0.000770044 8.27014e-06 -8.03796e-05 -0.000883593 -0.000604875 0.000400566 0.000409774 -0.000819981 -2.9272e-05 0.00104657 0.0030404 -0.000732559 -0.00138158 0.00465068 -0.00019663 0.000828621 0.00383333
internal_weight=15497 7211 958 533 8286 3213 5073 4959 3152 2703 2992 926 1967 832 403 193 210 1135 141 440 278 100
internal_count=15497 7211 958 533 8286 3213 5073 4959 3152 2703 2992 926 1967 832 403 193 210 1135 141 440 278 100
is_linear=0
shrinkage=0.035


Tree=114
num_leaves=23
num_cat=0
split_feature=8 4 22 22 22 8 22 12 20 20 0 27 2 3 12 12 2 0 8 11 11 22
split_gain=25.5804 1.20186 0.956037 1.08136 0.996395 0.838195 0.967965 1.07189 0.75594 1.94311 0.918384 0.741868 0.805732 1.27891 1.1541 1.19785 1.10488 0.79916 0.731919 1.4138 0.854792 0.77426
threshold=3.7861431116147957 7.5924945809927342 13885.000000000002 6498.5000000000009 10086.000000000002 2.7861226886287489 44839.000000000007 2.0951447146382209 9.5000000000000018 15.500000000000002 19.908514249778566 3.5000000000000004 12.035714285714286 8.942279580511066 5.6824257181755788 5.936401662140514 15.557390856502215 25.102403528914756 23.094925582398712 7.0733981651269149 5.6259309310979662 19263.000000000004
decision_type=2 2 2 2 2 2 2 2 2 2 2 2 2 2 2 2 2 2 2 2 2 2
left_child=5 2 3 -2 -5 -1 -7 -8 11 10 -10 12 13 -3 -14 -16 -17 -18 20 -20 21 -11
right_child=1 8 -4 4 -6 6 7 -9 9 18 -12 -13 14 -15 15 16 17 -19 19 -21 -22 -23
leaf_value=-0.66314944893837691 -0.068062875208726711 -0.058601905633921758 -0.095822543405851904 0.59228564556124785 -0.014208178774035242 -0.32853433411670441 0.0067786417932650883 -0.19838890707966378 -0.27470209121510292 0.15872812354302782 -0.0080533739118089989 -0.036417625770207969 -0.18840201861294623 0.15740482863449767 1.2137516538182489 0.54580005731484327 -0.11626828504892436 0.20654000318043739 1.1176403450181269 0.012068784442838668 -0.06459522408993934 0.009308877680100908
leaf_weight=5365 161 114 2944 57 63 1008 266 170 706 361 360 284 221 272 48 57 220 103 84 213 747 1533
leaf_count=5365 161 114 2944 57 63 1008 266 170 706 361 360 284 221 272 48 57 220 103 84 213 747 1533
internal_value=-0.00162264 -0.000344968 -0.00087771 0.00102797 0.0035 -0.00322263 -0.00241304 -0.000960318 -1.83942e-05 -0.000261038 -0.00153922 0.000703171 0.00114423 0.00240793 0.00035321 0.00143072 0.000681817 -8.53667e-05 0.000198606 0.00183113 5.29017e-06 0.000407319
internal_weight=15357 8548 3225 281 120 6809 1444 436 5323 4004 1066 1319 1035 386 649 428 380 323 2938 297 2641 1894
internal_count=15357 8548 3225 281 120 6809 1444 436 5323 4004 1066 1319 1035 386 649 428 380 323 2938 297 2641 1894
is_linear=0
shrinkage=0.035


Tree=115
num_leaves=23
num_cat=0
split_feature=8 20 20 22 11 21 24 21 9 12 7 8 10 20 6 21 21 15 9 12 21 12
split_gain=26.5564 1.46334 1.72071 1.35905 1.30941 1.24395 1.23058 1.48361 1.43098 1.22194 2.19325 1.02325 1.35059 0.965277 0.947671 0.929211 1.56916 1.28389 1.2023 2.15893 1.05383 0.870111
threshold=3.7861431116147957 16.500000000000004 10.500000000000002 13885.000000000002 7.9341382298614844 1.5000000000000002 11523.000000000002 2.5000000000000004 3.4336602785708492 7.2707186386780052 19.000701735785487 6.4293354925570769 2.1491969707422434 1.5000000000000002 7.7833734450586176 3.5000000000000004 2.5000000000000004 1.0000000180025095e-35 8.5037084278155728 4.1039126347782684 1.5000000000000002 5.9879249325338915
decision_type=2 2 2 2 2 2 2 2 2 2 2 2 2 2 2 2 2 2 2 2 2 2
left_child=6 2 5 4 21 13 -1 -8 -9 -4 -11 -7 14 -2 -13 16 17 18 -5 -20 -21 -3
right_child=1 3 9 15 -6 11 7 8 -10 10 -12 12 -14 -15 -16 -17 -18 -19 19 20 -22 -23
leaf_value=-0.51761219743910269 0.49855515302356773 0.036102676257366399 -0.25397527864994629 -0.13985907965088251 -0.10049405383301546 -0.10120442454501005 -0.25547495432686818 0.42189659312265571 -0.087655610886551077 0.50694078506289209 -0.18081074777235587 0.37783373587555275 0.017928523977650698 -0.34720598162120953 0.045382162881059271 -0.17134700698338676 0.098798414166909834 0.28214698003195277 0.074886926573861604 0.015499044851396016 -0.4417072215614179 0.41988262891054884
leaf_weight=6604 133 206 1491 582 166 280 149 66 47 60 236 48 1720 707 77 604 891 50 361 310 274 352
leaf_count=6604 133 206 1491 582 166 280 149 66 47 60 236 48 1720 707 77 604 891 50 361 310 274 352
internal_value=-0.00158418 -0.000279493 -0.000689406 0.000229281 0.00158916 -0.000164984 -0.00320456 -0.000747192 0.00213559 -0.00154688 0.000453488 0.000279342 0.000586486 -0.00130473 0.00403846 -8.75861e-05 0.000208046 -0.000446903 -0.000644257 0.000110525 -0.00118251 0.00240586
internal_weight=15414 8548 4752 3796 724 2965 6866 262 113 1787 296 2125 1845 840 125 3072 2468 1577 1527 945 584 558
internal_count=15414 8548 4752 3796 724 2965 6866 262 113 1787 296 2125 1845 840 125 3072 2468 1577 1527 945 584 558
is_linear=0
shrinkage=0.035


Tree=116
num_leaves=23
num_cat=0
split_feature=9 9 8 21 21 23 9 9 9 12 7 11 10 22 12 21 26 10 22 11 12 7
split_gain=24.6078 1.47484 2.00306 1.16635 0.728601 1.57838 1.69434 2.36937 1.31881 2.06914 1.28445 1.20224 1.10407 1.00732 0.866694 0.855725 1.33816 0.840399 0.805221 0.695311 0.711636 0.882
threshold=3.1811937276162703 8.6090456859449613 8.6118387918076387 2.5000000000000004 2.5000000000000004 41450.000000000007 3.4336602785708492 6.2397892490499585 4.0299239409697059 2.6173416627587254 7.8571614926341864 2.9064312337191436 2.4976179127511347 43337.000000000007 3.848901275797354 3.5000000000000004 1.0000000180025095e-35 2.0354009783964337 31797.000000000004 1.7415415679698938 2.0353195344438961 7.5612451726400796
decision_type=2 2 2 2 2 2 2 2 2 2 2 2 2 2 2 2 2 2 2 2 2 2
left_child=-1 4 3 -3 8 12 -7 -8 -2 19 11 -9 15 -13 -12 16 17 -6 -11 -10 -21 -22
right_child=1 2 -4 -5 5 6 7 10 9 18 14 13 -14 -15 -16 -17 -18 -19 -20 20 21 -23
leaf_value=-0.54425972839316572 -0.31826047124946144 0.14937141516671221 -0.017665297031170767 -0.052971565344117913 -0.1965458905989432 0.28484359174287427 -0.10671519258387632 0.065610024420602972 -0.35624752691732814 -0.056300177314131075 -0.092391180200987216 0.15875591220347049 -0.18644001031938096 0.32207086728943007 0.92662320099474527 -0.22439261765851201 0.14956778346580618 0.090894709638835058 -0.24621367530332031 0.26950566110453067 -0.012636603153328747 0.060629042091838073
leaf_weight=6304 401 83 5374 46 118 62 307 122 85 312 136 71 402 86 47 212 103 55 558 50 450 45
leaf_count=6304 401 83 5374 46 118 62 307 122 85 312 136 71 402 86 47 212 103 55 558 50 450 45
internal_value=-0.00167449 -0.000509858 -0.000144881 0.00407463 -0.00105859 -0.00051912 0.000561004 7.23506e-05 -0.00153515 -0.00103488 0.00167131 0.00315493 -0.00154469 0.00514197 -0.000521277 -0.000376269 0.00085943 -0.000943821 -0.00214 0.000468503 0.000954545 0.000489999
internal_weight=15429 9125 5503 129 3622 1721 831 769 1901 1500 462 279 890 157 183 488 276 173 870 630 545 495
internal_count=15429 9125 5503 129 3622 1721 831 769 1901 1500 462 279 890 157 183 488 276 173 870 630 545 495
is_linear=0
shrinkage=0.035


Tree=117
num_leaves=23
num_cat=0
split_feature=9 9 21 20 12 25 12 9 15 12 8 24 12 24 7 0 12 25 21 20 23 9
split_gain=23.407 1.54405 1.3096 2.01809 1.40197 1.24951 1.12286 1.0763 1.98125 1.06055 0.967537 1.18311 1.15172 1.15011 1.00164 0.702526 0.688747 0.933855 0.658038 1.09831 1.25245 0.621446
threshold=3.1811937276162703 8.5037084278155728 2.5000000000000004 24.500000000000004 2.2052029437029046 831.00000000000011 1.6102932950474937 4.0299239409697059 1.0000000180025095e-35 2.6173416627587254 8.6118387918076387 9349.5000000000018 3.5327268122738742 12965.500000000002 7.7132330922363943 7.2865913714874226 2.4534288951514034 248.50000000000003 3.5000000000000004 7.5000000000000009 56450.000000000007 6.4303570527654719
decision_type=2 2 2 2 2 2 2 2 2 2 2 2 2 2 2 2 2 2 2 2 2 2
left_child=-1 2 7 5 -5 6 -4 -2 9 16 11 -3 -13 14 -12 -15 -9 -18 21 20 -20 -8
right_child=1 10 3 4 -6 -7 18 8 -10 -11 13 12 -14 15 -16 -17 17 -19 19 -21 -22 -23
leaf_value=-0.52180537056314824 -0.29952822382248506 0.089254658476049145 0.036984215912218642 0.22762194273291758 0.11208493647278425 0.16369241853563957 -0.13854182945729382 -0.20719317822624506 0.25415412166461748 -0.193243920687454 0.39179047891965224 0.15825436358119163 -0.34815387422511734 0.044399844469021781 -0.0067360555409101217 -0.21866080679804356 0.13625120255371284 -0.42548679848622845 -0.06127355961928492 -0.25535701610947803 0.14648666666593313 0.04944065431972159
leaf_weight=6201 408 50 48 49 212 86 311 325 73 810 45 58 58 190 4609 571 130 137 135 488 59 315
leaf_count=6201 408 50 48 49 212 86 311 325 73 810 45 58 58 190 4609 571 130 137 135 488 59 315
internal_value=-0.0016422 -0.000515919 -0.00108285 -0.000364755 0.00242105 -0.0008877 -0.00115981 -0.00172034 -0.00125338 -0.0015597 -0.000147871 0.00243567 0.00026033 -0.000232473 -2.17866e-05 -0.00148956 -0.000392798 0.000874999 -0.00136748 -0.00212445 1.75871e-05 -0.000504755
internal_weight=15368 9167 3586 1703 261 1442 1356 1883 1475 1402 5581 166 116 5415 4654 761 592 267 1308 682 194 626
internal_count=15368 9167 3586 1703 261 1442 1356 1883 1475 1402 5581 166 116 5415 4654 761 592 267 1308 682 194 626
is_linear=0
shrinkage=0.035


Tree=118
num_leaves=23
num_cat=0
split_feature=9 9 20 21 10 7 12 1 25 23 24 11 12 12 9 11 20 11 4 7 10 12
split_gain=22.8911 1.80471 1.84608 1.4933 1.16814 1.68351 1.04667 1.40485 2.15358 0.923095 1.47269 1.31733 1.30379 0.915615 0.914286 0.910752 0.956414 0.902693 0.831124 0.727039 2.13054 1.12479
threshold=3.1811937276162703 6.4303570527654719 25.500000000000004 2.5000000000000004 1.8644544714716074 6.4321428571428578 3.1227165101146142 11.827380952380954 233.00000000000003 23700.000000000004 5252.0000000000009 4.4002996900935516 5.0271011165840376 2.3206546490501618 7.2857189445871189 9.6291110645884626 29.500000000000004 2.980246285029104 4.9547980748721674 21.718501396931643 5.7404164441598597 4.7489207862006131
decision_type=2 2 2 2 2 2 2 2 2 2 2 2 2 2 2 2 2 2 2 2 2 2
left_child=-1 2 -2 -4 5 -3 14 8 -8 11 -11 12 17 -5 -7 16 -13 -6 -12 21 -21 -20
right_child=1 4 3 13 9 6 7 -9 -10 10 18 15 -14 -15 -16 -17 -18 -19 19 20 -22 -23
leaf_value=-0.50694744992969465 -0.14584153403439332 0.17914761800777015 -0.11022048364839233 0.26682323409834763 0.58254074727388283 0.26490257971605968 0.37549833091509338 -0.3341415376002379 -0.079191723591166413 -0.14869069067944488 0.079469627295523385 -0.041933707509455742 0.4504341018488931 0.12617741268216581 -0.23984678559178982 0.086695442079414306 0.66484805481266718 -0.027196304391406561 -0.0055957042255344799 0.48072646447630935 -0.046734263071549299 -0.10794086943356766
leaf_weight=6301 1656 97 139 47 52 48 52 47 49 945 182 1284 105 46 146 256 52 172 2132 54 203 1347
leaf_count=6301 1656 97 139 47 52 48 52 47 49 945 182 1284 105 46 146 256 52 172 2132 54 203 1347
internal_value=-0.00164523 -0.000520624 -0.00148468 0.00137342 -0.000265358 0.00146622 0.000231988 0.00244771 0.00475472 -0.000380985 -0.000638456 0.000261681 0.00226347 0.00471428 -0.00138945 -0.000146839 -0.000524609 0.000626637 -0.000332782 -0.000450014 0.00130916 -0.000586683
internal_weight=15412 9111 1888 232 7223 439 342 148 101 6784 4863 1921 329 93 194 1592 1336 224 3918 3736 257 3479
internal_count=15412 9111 1888 232 7223 439 342 148 101 6784 4863 1921 329 93 194 1592 1336 224 3918 3736 257 3479
is_linear=0
shrinkage=0.035


Tree=119
num_leaves=23
num_cat=0
split_feature=9 9 20 21 7 7 9 16 20 7 10 9 6 24 9 10 9 9 7 10 21 20
split_gain=23.9714 2.05686 1.91557 1.79624 2.42541 0.86806 0.814058 0.783371 0.779812 0.776348 1.3947 0.762819 0.760276 0.753412 1.52141 0.624166 0.557058 0.552361 0.849626 0.729426 0.701465 0.805914
threshold=3.1811937276162703 8.5037084278155728 25.500000000000004 2.5000000000000004 5.2914285714285727 29.380952380952383 2.5357338073371021 1.0000000180025095e-35 1.5000000000000002 7.8571614926341864 2.1930626551751429 7.2158385093167707 7.9927388748624617 12965.500000000002 9.3912408410482708 10.318583722688594 3.2144105894105901 8.9281484389793651 10.000510204081634 3.8047589248453773 3.5000000000000004 20.500000000000004
decision_type=2 2 2 2 2 2 2 2 2 2 2 2 2 2 2 2 2 2 2 2 2 2
left_child=6 2 8 -4 -5 9 -1 -8 -2 10 -3 -6 16 17 -15 -7 -10 -11 19 20 21 -19
right_child=1 5 3 4 11 15 7 -9 12 13 -12 -13 -14 14 -16 -17 -18 18 -20 -21 -22 -23
leaf_value=-0.67201937256294297 0.047687576185970255 0.23844103615925707 -0.047430324525387896 0.19500177604022637 -0.064528084378025652 0.01702791194318698 -0.24420428918215523 0.08315013320828675 0.018498291208835036 -0.19278148254700569 0.01859636940113063 0.46706069520953691 -0.024165079968808397 0.057585244481648208 -0.23996645375890049 0.474842586712314 -0.1364547284265466 0.16333725731954657 -0.0066898618598767272 -0.057366043431214202 -0.17671799112280021 0.13383606211023438
leaf_weight=4764 209 54 282 76 68 60 1457 64 51 84 135 58 520 193 581 76 2304 130 4057 112 60 57
leaf_count=4764 209 54 282 76 68 60 1457 64 51 84 135 58 520 193 581 76 2304 130 4057 112 60 57
internal_value=-0.00156851 -0.000424336 -0.00108047 0.000937627 0.00343237 -2.49905e-06 -0.00323291 -0.00246789 -0.00140385 -7.55312e-05 0.00209278 0.000240457 -0.00155556 -0.000158459 -0.00116367 0.00270567 -0.00182415 1.16529e-05 7.04583e-05 0.00169231 0.00275 0.00379167
internal_weight=15452 9167 3568 484 202 5599 6285 1521 3084 5463 189 126 2875 5274 774 136 2355 4500 4416 359 247 187
internal_count=15452 9167 3568 484 202 5599 6285 1521 3084 5463 189 126 2875 5274 774 136 2355 4500 4416 359 247 187
is_linear=0
shrinkage=0.035


Tree=120
num_leaves=23
num_cat=0
split_feature=9 20 9 7 21 7 20 9 16 22 2 21 11 10 8 6 7 8 11 25 9 9
split_gain=23.7173 1.78206 1.87727 1.32531 1.17433 1.52346 1.06647 0.946561 1.10969 0.688927 0.66846 0.747362 0.837607 1.6017 0.776301 0.781408 0.605916 0.824159 0.99958 1.12225 0.579277 0.836388
threshold=3.1811937276162703 24.500000000000004 8.0222733457361439 7.1428757783484729 2.5000000000000004 5.5821741259895017 1.5000000000000002 2.5357338073371021 1.0000000180025095e-35 52360.000000000007 4.2354314778794793 1.5000000000000002 5.1139579793748515 6.5180842460781525 11.502482111271645 7.7833734450586176 17.463259122825747 11.072005956955199 2.7832169604526142 455.50000000000006 6.2397892490499585 3.2517607586512871
decision_type=2 2 2 2 2 2 2 2 2 2 2 2 2 2 2 2 2 2 2 2 2 2
left_child=7 2 6 -4 10 -6 -2 -1 -9 -5 -3 12 16 -14 15 -13 17 18 19 -12 21 -8
right_child=1 4 3 9 5 -7 20 8 -10 -11 11 14 13 -15 -16 -17 -18 -19 -20 -21 -22 -23
leaf_value=-0.64975377508294152 0.066109271122273952 -0.19049962083314351 0.24415816075291263 -0.014849801481861425 0.16882527244336173 0.10757393778403362 0.013732224823844974 -0.23565713906077973 0.094397718274099304 -0.65384169098598777 -0.023044060874509574 -0.33811459629952062 1.151406780510819 -0.11093695544560105 -0.57020904358076918 0.07785765197507831 -0.64942122970554184 0.31787129874038333 -0.20076749174943856 0.18875490953018348 -0.087842168131744461 -0.17404889910744695
leaf_weight=4726 206 114 90 4641 113 577 100 1437 69 97 69 71 45 48 154 100 54 87 108 47 1155 1230
leaf_count=4726 206 114 90 4641 113 577 100 1437 69 97 69 71 45 48 154 100 54 87 108 47 1155 1230
internal_value=-0.00154504 -0.000403744 -0.000629852 -0.000212188 0.00065515 0.00173741 -0.00137092 -0.00320819 -0.00238815 -0.000297386 -0.000162972 0.000186547 0.00111123 0.004 -0.00106061 0.000477272 0.000283783 0.000930379 -0.000137555 0.00199587 -0.0015743 -0.00208427
internal_weight=15338 9106 7519 4828 1587 690 2691 6232 1506 4738 897 783 458 93 325 171 365 311 224 116 2485 1330
internal_count=15338 9106 7519 4828 1587 690 2691 6232 1506 4738 897 783 458 93 325 171 365 311 224 116 2485 1330
is_linear=0
shrinkage=0.035


Tree=121
num_leaves=23
num_cat=0
split_feature=9 9 8 20 20 25 22 20 25 21 20 25 10 11 10 11 12 22 12 12 25 11
split_gain=22.2005 1.42535 1.30505 1.27608 1.1173 1.09474 1.07716 2.30149 0.942585 0.731856 0.818598 0.661087 0.756044 1.04014 0.632533 0.86083 1.03909 1.79707 1.66546 0.664063 0.54539 0.543027
threshold=3.1811937276162703 8.5037084278155728 9.7681770045760015 26.500000000000004 1.5000000000000002 831.00000000000011 3735.5000000000005 25.500000000000004 171.00000000000003 2.5000000000000004 29.500000000000004 729.50000000000011 2.0000000000000013 1.9561793638745544 4.3915503282684103 3.410164810264694 3.0103437199378598 47334.500000000007 3.6437836226093969 3.3056246396601696 455.50000000000006 4.4002996900935516
decision_type=2 2 2 2 2 2 2 2 2 2 2 2 2 2 2 2 2 2 2 2 2 2
left_child=6 3 14 4 -2 21 7 -1 -5 -10 -11 -8 -13 -14 15 16 -3 18 19 -18 -16 -4
right_child=1 2 5 8 -6 -7 11 -9 9 10 -12 12 13 -15 20 -17 17 -19 -20 -21 -22 -23
leaf_value=-0.16025216001880122 0.066999726510476448 -0.0077674950424309157 0.031294598436459528 -0.19388186543581745 -0.10485532665282707 -0.35424498454748293 -0.58490552793562112 0.08801384426123153 0.0035469405932162671 0.27742612716906495 -0.0080267792058079414 -0.18406205031396358 0.16333153989314503 -0.13707481230912591 0.71352389537913119 -0.050676849157431397 0.17634785619234883 -0.23068252988008228 0.030835587935492736 0.28609791240566917 0.062333560256192834 -0.039872262780650432
leaf_weight=236 215 128 1377 59 2964 166 5341 50 195 78 49 500 61 102 48 222 48 72 71 51 58 3334
leaf_count=236 215 128 1377 59 2964 166 5341 50 195 78 49 500 61 102 48 222 48 72 71 51 58 3334
internal_value=-0.00158328 -0.000478666 -0.000125449 -0.00102595 -0.00125754 -0.000331218 -0.00318308 -0.000974228 0.000852331 0.00163761 0.00365909 -0.00328449 -0.00213773 0 0.00127952 0.000779731 0.00182 0.00315992 0.0051 0.00794231 0.00375225 -0.0002271
internal_weight=15425 9135 5575 3560 3179 4877 6290 286 381 322 127 6004 663 163 698 592 370 242 170 99 106 4711
internal_count=15425 9135 5575 3560 3179 4877 6290 286 381 322 127 6004 663 163 698 592 370 242 170 99 106 4711
is_linear=0
shrinkage=0.035


Tree=122
num_leaves=23
num_cat=0
split_feature=9 9 7 9 16 11 4 21 9 21 7 11 9 8 4 12 12 6 12 12 11 9
split_gain=22.0174 1.54258 1.778 0.954853 0.951789 0.911354 0.811287 0.810334 1.52576 1.17605 1.12546 1.77285 1.07263 0.692443 0.543302 0.559543 1.76474 0.93554 0.794957 0.857025 0.766512 0.520274
threshold=3.1811937276162703 8.0222733457361439 6.7166477702191996 2.5000195216228165 1.0000000180025095e-35 2.5901334345533651 3.8288091991096409 2.5000000000000004 4.0299239409697059 3.5000000000000004 4.7277820077321424 1.8232322463624386 7.0717367670185665 23.094925582398712 36.500000000000007 7.8875613280712829 8.7471839761849939 12.890294869445023 7.0185333602344437 6.3066794743269474 9.6291110645884626 3.5456796574388791
decision_type=2 2 2 2 2 2 2 2 2 2 2 2 2 2 2 2 2 2 2 2 2 2
left_child=3 5 -3 -1 -5 7 -4 8 -2 10 11 -9 -12 -8 15 18 20 -18 19 -15 -17 -13
right_child=1 2 6 4 -6 -7 13 9 -10 -11 12 21 -14 14 -16 16 17 -19 -20 -21 -22 -23
leaf_value=-0.63089572183004927 -0.25900713497617328 0.24526404482693437 0.21811724631772192 -0.19839602662763314 0.075660162748767759 -0.12363887624055543 -0.024254812346071807 0.0032315088121721808 -0.012825800170439439 -0.087400315051924249 -0.13160323583949601 0.386287698789824 0.18905735387236433 -0.094906257946912181 -0.35006492938827549 1.0268116070341904 0.56895457372000269 -0.12856296333011533 -0.28518347416347728 0.18074763047273318 0.33766182989243604 0.20235086419021528
leaf_weight=4631 316 78 45 1508 65 1546 4985 124 688 289 168 48 59 115 69 66 81 209 104 74 51 46
leaf_count=4631 316 78 45 1508 65 1546 4985 124 688 289 168 48 59 115 69 66 81 209 104 74 51 46
internal_value=-0.00158035 -0.000487236 -0.000143999 -0.00318997 -0.002391 -0.00109501 -0.000219505 -0.000528113 -0.00117592 0.000336264 0.00147778 0.00324888 -0.000181035 -0.000260723 0.000705426 0.00101773 0.00185194 0.000296609 -9.39606e-05 0.00119072 0.00539344 0.00675252
internal_weight=15365 9161 5877 6204 1573 3284 5799 1738 1004 734 445 218 227 5754 769 700 407 290 293 189 117 94
internal_count=15365 9161 5877 6204 1573 3284 5799 1738 1004 734 445 218 227 5754 769 700 407 290 293 189 117 94
is_linear=0
shrinkage=0.035


Tree=123
num_leaves=23
num_cat=0
split_feature=9 9 9 11 12 8 25 9 21 12 25 15 16 4 4 9 25 12 9 7 9 11
split_gain=21.1861 1.34909 1.21288 1.26574 0.854441 0.836481 1.01873 0.803091 1.73093 1.35462 2.12187 0.953803 0.801034 0.725656 0.919162 0.849392 0.665197 0.649979 1.62042 1.57813 2.30438 1.17892
threshold=3.1811937276162703 2.5000195216228165 8.0222733457361439 2.5672879190624593 2.6395146066943016 9.4300292859320169 430.00000000000006 4.0299239409697059 2.5000000000000004 2.0951447146382209 381.00000000000006 1.0000000180025095e-35 1.0000000180025095e-35 7.1127015835801446 8.8679328204572201 8.8218253968253979 729.50000000000011 4.1039126347782684 16.789456666317523 10.719723989995103 10.000255712332782 3.812795658579708
decision_type=2 2 2 2 2 2 2 2 2 2 2 2 2 2 2 2 2 2 2 2 2 2
left_child=1 -1 3 7 -4 13 17 8 -2 10 -10 -9 -3 -6 15 -15 -12 19 -19 20 -7 -22
right_child=2 12 4 -5 5 6 -8 11 9 -11 16 -13 -14 14 -16 -17 -18 18 -20 -21 21 -23
leaf_value=-0.61035310977201451 -0.25015180609143195 -0.21259214866960396 -0.52060425766168239 -0.12421229267416918 -0.0068018873809114529 -0.0011119177289611786 -0.058870421885288661 -0.0023432479386112821 0.19988515746133723 -0.13861573951494241 -0.58088981683092922 0.14693689408545213 0.054087753049287104 0.08187420854460585 0.031534397783102193 0.1929620694387543 0.032922757252257427 -0.13241048159647736 0.038597639813463508 -0.016634124208157672 0.21182513992162352 0.3519982048580772
leaf_weight=4688 312 1525 176 1587 308 127 1535 927 85 170 67 62 68 62 325 55 96 1021 1792 347 64 45
leaf_count=4688 312 1525 176 1587 308 127 1535 927 85 170 67 62 68 62 325 55 96 1021 1792 347 64 45
internal_value=-0.00154486 -0.00311025 -0.000468805 -0.00100529 -0.000162403 -8.37152e-05 -0.000252432 -0.000332947 -0.00121429 0.000223403 0.00189526 0.000302816 -0.00218586 0.000996688 0.00190268 0.00453279 -0.000375001 8.12988e-05 -0.000134139 0.00114286 0.00332573 0.0069386
internal_weight=15444 6281 9163 3306 5857 5681 4931 1719 730 418 248 989 1593 750 442 117 163 3396 2813 583 236 109
internal_count=15444 6281 9163 3306 5857 5681 4931 1719 730 418 248 989 1593 750 442 117 163 3396 2813 583 236 109
is_linear=0
shrinkage=0.035


Tree=124
num_leaves=23
num_cat=0
split_feature=9 9 21 22 8 15 22 7 14 9 22 9 24 7 12 3 3 10 22 7 10 24
split_gain=22.3906 2.3122 0.974849 1.2421 1.59338 2.11721 0.890161 0.880078 0.824853 0.968703 0.729702 1.1671 2.96985 0.833489 0.722031 0.646062 0.622402 0.583183 0.813221 1.46058 1.07565 1.20053
threshold=4.0299239409697059 2.4643052359085309 2.5000000000000004 44839.000000000007 3.4291250319489515 0.10620300751879701 5643.5000000000009 29.380952380952383 1.0000000180025095e-35 6.5365010320367469 33201.500000000007 5.8214332303014045 4163.5000000000009 4.7277820077321424 2.2989863261242847 3.8319256067542198 27.851297849228462 6.4475909122266968 19263.000000000004 22.289929968360216 1.8644544714716074 5252.0000000000009
decision_type=2 2 2 2 2 2 2 2 2 2 2 2 2 2 2 2 2 2 2 2 2 2
left_child=1 -1 -3 6 5 -5 14 8 9 10 11 12 13 -2 -4 -11 -9 18 -17 20 -20 -22
right_child=7 2 3 4 -6 -7 -8 16 -10 15 -12 -13 -14 -15 -16 17 -18 -19 19 -21 21 -23
leaf_value=-0.59510504880243142 0.16864009436884025 -0.2572871097777516 0.036798061624235386 0.16197714373067323 -0.13826294228384772 -0.33983230861628738 -0.21631710019380332 0.46114470759715104 0.22073118035372041 0.15491243550447825 -0.18951570446946256 -0.18937588003706582 1.0564041039768779 -0.17812392096747282 -0.23269798659847099 0.055235106888204578 -0.1040626122008985 -0.068137969990587979 0.10099822692250854 0.31112338544483947 -0.12564743618567603 -0.017391415641493865
leaf_weight=4529 62 1232 136 146 160 58 790 86 73 139 502 228 47 191 61 1236 58 1234 369 63 883 3182
leaf_count=4529 62 1232 136 146 160 58 790 86 73 139 502 228 47 191 61 1236 58 1234 369 63 883 3182
internal_value=-0.00151131 -0.00295412 -0.00209351 -0.00140929 0.000294037 0.00236124 -0.00205343 -0.000279733 -0.000329804 -0.000365865 -0.00136957 -0.000413697 0.000975409 -0.000515505 0 -0.000217059 0.00237248 -0.000267069 -0.000114675 -0.000335852 -0.000417099 -0.000584767
internal_weight=15465 7112 2583 1351 364 204 987 8353 8209 8136 1030 528 300 253 197 7106 144 6967 5733 4497 4434 4065
internal_count=15465 7112 2583 1351 364 204 987 8353 8209 8136 1030 528 300 253 197 7106 144 6967 5733 4497 4434 4065
is_linear=0
shrinkage=0.035


Tree=125
num_leaves=23
num_cat=0
split_feature=8 15 23 21 8 8 20 23 5 12 25 7 20 20 15 24 7 24 8 12 10 11
split_gain=21.2429 1.81444 2.07378 1.67534 1.53885 0.953108 0.940877 1.9943 0.84276 1.50986 1.7881 2.48252 0.936337 1.24426 1.72302 4.61009 0.815775 0.808841 0.850512 1.32942 0.764332 1.0451
threshold=3.7861431116147957 0.10263157894736843 52700.000000000007 2.5000000000000004 3.427434225977219 2.5502262202386512 26.500000000000004 20400.000000000004 6.9747745027976142 7.6752969302053593 430.00000000000006 17.017414763507777 1.5000000000000002 18.500000000000004 1.0000000180025095e-35 3792.0000000000005 2.8499690203533725 9349.5000000000018 6.334447238559533 2.899552327888109 1.7994708216848718 2.8797713520158221
decision_type=2 2 2 2 2 2 2 2 2 2 2 2 2 2 2 2 2 2 2 2 2 2
left_child=1 2 6 5 16 -4 -1 -8 9 12 11 -11 -2 -14 17 -16 -5 -15 -19 -20 21 -10
right_child=8 -3 3 4 -6 -7 7 -9 20 10 -12 -13 13 14 15 -17 -18 18 19 -21 -22 -23
leaf_value=-0.2445272005535653 0.36552325298343424 -0.56819814972264537 0.073399081612310485 0.0060094668558817715 -0.086854766587546622 -0.15788000781233655 0.037900011234828994 -0.2226536680595487 0.010743284678941324 0.8943512412232949 -0.46165215849333124 0.030412772057891967 -0.159268640569588 -0.062593133415362254 0.2963702816400362 -0.24688084265973942 0.1569658952553635 -0.21908409063888082 0.25308936285950351 0.032373856784225913 -0.0079282422798939399 0.24436182301594536
leaf_weight=1795 162 4330 63 62 85 242 93 131 156 61 68 98 1994 408 45 48 84 83 62 207 5021 88
leaf_count=1795 162 4330 63 62 85 242 93 131 156 61 68 98 1994 408 45 48 84 83 62 207 5021 88
internal_value=-0.00149656 -0.00294122 -0.00217383 -0.000200555 0.00198729 -0.00191936 -0.00268725 -0.000443232 -0.00032342 -0.000767819 0.00193103 0.00396951 -0.000980094 -0.00113149 0 0.00435714 0.00414901 -0.000571896 0.000617646 0.00160949 -4.64904e-05 0.00184136
internal_weight=15386 6885 2555 536 231 305 2019 224 8501 3236 227 159 3009 2847 853 93 146 760 352 269 5265 244
internal_count=15386 6885 2555 536 231 305 2019 224 8501 3236 227 159 3009 2847 853 93 146 760 352 269 5265 244
is_linear=0
shrinkage=0.035


Tree=126
num_leaves=23
num_cat=0
split_feature=9 9 20 21 25 8 11 10 10 8 11 14 22 4 20 21 21 10 9 25 12 12
split_gain=21.6173 2.51357 2.72691 2.70539 1.37909 0.978996 0.76307 1.56693 0.780405 0.911093 1.34172 0.68852 3.84675 0.818597 0.808686 1.90048 1.96471 1.78418 1.06477 1.03872 1.17047 0.963915
threshold=3.7503880141252837 2.5000195216228165 26.500000000000004 2.5000000000000004 381.00000000000006 23.094925582398712 7.0733981651269149 5.7981934789249348 10.318583722688594 25.600079186947713 12.390296243543332 1.0000000180025095e-35 39092.000000000007 6.1339285714285721 8.5000000000000018 3.5000000000000004 2.5000000000000004 2.5634797778466254 7.6087574831176941 600.00000000000011 3.0103437199378598 3.3903879330170921
decision_type=2 2 2 2 2 2 2 2 2 2 2 2 2 2 2 2 2 2 2 2 2 2
left_child=1 -1 -3 -4 -5 11 7 -7 -8 -10 -11 13 -13 -2 -15 16 -16 19 -19 20 -18 -20
right_child=5 2 3 4 -6 6 8 -9 9 10 -12 12 -14 14 15 -17 17 18 21 -21 -22 -23
leaf_value=-0.54183782163515537 -0.067140641082819044 -0.20081663613962022 -0.14947164425220322 0.2107499611521739 0.0081225875169507571 0.051817012426407273 -0.096393349086076205 0.95132669376909074 -0.096370620372810425 0.69278429506435701 0.0013008300290740947 0.28599731114646304 -0.21390610404319754 0.034475359073381555 -0.05449286552978589 -0.28123457351279341 0.071966699095087461 -0.17728959997239307 0.31173741689727813 -0.02342644156248214 0.29232251567272816 0.038356135282816985
leaf_weight=4652 2481 2043 137 47 53 146 363 85 72 50 56 55 71 1106 1943 893 82 101 67 55 90 779
leaf_count=4652 2481 2043 137 47 53 146 363 85 72 50 56 55 71 1106 1943 893 82 101 67 55 90 779
internal_value=-0.00144972 -0.0028996 -0.00192232 0.00156198 0.00583333 -0.00026353 0.000914414 0.00258051 0.000153845 0.00204645 0.00406757 -0.000384059 0.00211069 -0.000429098 -0.000171549 -0.000405356 0 0.00113104 0.000433823 0.00389224 0.00520056 0.000859576
internal_weight=15427 6932 2280 237 100 8495 772 231 541 178 106 7723 126 7597 5116 4010 3117 1174 947 227 172 846
internal_count=15427 6932 2280 237 100 8495 772 231 541 178 106 7723 126 7597 5116 4010 3117 1174 947 227 172 846
is_linear=0
shrinkage=0.035


Tree=127
num_leaves=23
num_cat=0
split_feature=9 9 9 20 22 20 21 12 20 4 21 11 21 12 8 21 8 8 12 27 9 9
split_gain=21.7424 1.52357 1.37246 2.03636 3.12967 1.17281 0.9485 1.42891 0.795077 1.25012 1.15435 1.55111 1.52004 1.35946 1.04969 1.04915 1.17378 1.23775 1.29692 3.37025 1.16049 1.00138
threshold=3.1811937276162703 6.4303570527654719 2.4643052359085309 26.500000000000004 17236.500000000004 24.500000000000004 2.5000000000000004 2.5884165436226976 15.500000000000002 3.9929401464817613 3.5000000000000004 9.0974575009076695 2.5000000000000004 2.4815453541447932 23.787893649849043 1.5000000000000002 7.715018315018316 8.6872228031575176 5.2131802781861181 2.5000000000000004 8.3076717470484791 13.898167688792691
decision_type=2 2 2 2 2 2 2 2 2 2 2 2 2 2 2 2 2 2 2 2 2 2
left_child=2 5 -1 -4 -5 -2 -7 -8 9 -3 12 14 13 -10 -12 16 -15 20 -19 -20 -18 -21
right_child=1 8 3 4 -6 6 7 -9 10 -11 11 -13 -14 15 -16 -17 17 18 19 21 -22 -23
leaf_value=-0.54791087531703453 -0.12823801986968228 0.14662760917624704 -0.21186360193340187 0.081605743383056525 -0.11719102519654971 -0.066805004393414857 0.14785656120369875 -0.047463697184404845 0.18662575102399895 -0.055265835277663163 -0.22261513920284393 0.20728953077400142 0.10978628197131063 -0.14525345095190156 0.38306484699784882 -0.15930944479522946 0.039695834624119242 -0.06060071545615351 0.91457619728570483 0.40518700127818907 0.20499017719145157 -0.077099709506991618
leaf_weight=4558 1640 57 1476 69 133 168 77 46 62 3618 625 45 1000 176 64 836 45 319 79 47 57 238
leaf_count=4558 1640 57 1476 69 133 168 77 46 62 3618 625 45 1000 176 64 836 45 319 79 47 57 238
internal_value=-0.00145078 -0.000366581 -0.00304575 -0.00214825 0.00106522 -0.00124019 0.000756756 0.0030625 -0.000131377 -0.000494566 0.000235408 -0.000989852 0.000557262 -2.62884e-05 -0.00143228 -0.000217537 0.00055797 0.0011519 0.000569767 0.00200135 0.00467757 0.000120689
internal_weight=15435 9199 6236 1678 202 1931 291 123 7268 3675 3593 734 2859 1859 689 1797 961 785 683 364 102 285
internal_count=15435 9199 6236 1678 202 1931 291 123 7268 3675 3593 734 2859 1859 689 1797 961 785 683 364 102 285
is_linear=0
shrinkage=0.035


Tree=128
num_leaves=23
num_cat=0
split_feature=9 25 23 20 13 9 20 9 21 10 9 20 10 9 10 8 25 0 24 9 20 20
split_gain=20.2131 1.88774 1.66294 2.53924 1.06475 1.02155 1.02475 1.19098 1.47128 0.953929 2.1483 0.918803 0.704338 0.681995 0.660556 1.83645 1.41791 1.80023 0.741905 0.629088 1.53121 0.855921
threshold=3.1811937276162703 729.50000000000011 4900.0000000000009 24.500000000000004 0.2678571428571429 6.5365010320367469 25.500000000000004 5.714900036625683 2.5000000000000004 2.0000000000000013 2.6667719568627448 1.5000000000000002 2.5819888974716112 3.8506181701278601 1.7994708216848718 7.2142950320313792 233.00000000000003 10.946439606378263 9349.5000000000018 3.2517607586512871 15.500000000000002 11.500000000000002
decision_type=2 2 2 2 2 2 2 2 2 2 2 2 2 2 2 2 2 2 2 2 2 2
left_child=1 2 3 -1 9 6 11 8 13 -3 -11 -2 -4 -8 15 18 17 -17 -7 20 -13 -21
right_child=5 4 12 -5 -6 14 7 -9 -10 10 -12 19 -14 -15 -16 16 -18 -19 -20 21 -22 -23
leaf_value=-0.10981052973873862 0.15081130684260263 -0.14108563572601548 -0.49023935969564386 0.11736825952979012 0.069001893226082314 0.06248424089684982 -0.16037794481568177 -0.20549676209213077 0.16241367190304742 0.17234613077017411 -0.13113444800588961 -0.41743675594559221 -0.0676049141530701 0.14582898446882997 -0.019521508095301027 0.30773409968770843 -0.17566915678615819 -0.44232459529971579 0.24736523437979277 -0.037965307896605793 0.33328179869595087 -0.17849464686958508
leaf_weight=219 178 453 5194 48 51 55 51 72 70 53 114 65 83 53 6825 62 146 56 45 631 46 808
leaf_count=219 178 453 5194 48 51 55 51 72 70 53 114 65 83 53 6825 62 146 56 45 631 46 808
internal_value=-0.00143636 -0.00297669 -0.00319094 -0.000411766 -0.00117012 -0.000388635 -0.00109475 0.000962151 0.00256145 -0.001596 0.000569767 -0.0013996 -0.00332772 0 -0.000191688 0.00124255 -0.000247213 0.00247561 0.00516667 -0.00167685 0.000724137 -0.00187604
internal_weight=15378 6215 5544 267 671 9163 1974 246 174 620 167 1728 5277 104 7189 364 264 118 100 1550 111 1439
internal_count=15378 6215 5544 267 671 9163 1974 246 174 620 167 1728 5277 104 7189 364 264 118 100 1550 111 1439
is_linear=0
shrinkage=0.035


Tree=129
num_leaves=23
num_cat=0
split_feature=9 9 21 20 22 14 7 25 21 11 9 4 8 22 25 25 9 12 22 7 21 12
split_gain=19.3965 2.73008 1.24102 1.81618 0.968642 3.69564 1.27895 1.17196 1.23235 1.06978 1.04078 1.41758 1.18318 0.99087 1.03263 2.40466 2.04948 1.44793 1.26972 1.59364 1.2272 1.9551
threshold=3.7503880141252837 2.5000195216228165 2.5000000000000004 26.500000000000004 33201.500000000007 1.0000000180025095e-35 21.430126684909297 248.50000000000003 1.5000000000000002 2.6158806043978244 6.3307754558510103 3.9929401464817613 12.792517006802724 43337.000000000007 455.50000000000006 421.00000000000006 9.2861832611832629 4.537952965043119 47274.500000000007 8.8614571260816977 2.5000000000000004 3.4409667384763631
decision_type=2 2 2 2 2 2 2 2 2 2 2 2 2 2 2 2 2 2 2 2 2 2
left_child=1 -1 -3 -4 5 7 10 -2 -9 -10 -6 -12 13 -13 15 17 20 18 19 -15 -16 -22
right_child=4 2 3 -5 6 -7 -8 8 9 -11 11 12 -14 14 16 -17 -18 -19 -20 -21 21 -23
leaf_value=-0.49301163249967844 0.020701293225480071 -0.2405357249758111 -0.10328139937172744 0.069648234874874648 -0.12825992667182792 0.29877553446099486 0.29934393683301114 -0.28350460518692594 0.11301991145821103 -0.038893474798166135 0.14781920958394615 -0.15403525608084939 -0.2664079998064588 0.31605591474854039 -0.0049679551006589955 0.44438824803804644 -0.21918524707282086 -0.19151310324699711 -0.0083428589369530307 0.04085897964796175 -0.0069857575011434535 0.81407380615257707
leaf_weight=4640 3044 1076 1145 96 626 56 60 567 269 1164 81 328 606 54 237 49 529 157 310 166 56 70
leaf_count=4640 3044 1076 1145 96 626 56 60 567 269 1164 81 328 606 54 237 49 529 157 310 166 56 70
internal_value=-0.0014488 -0.00281629 -0.0018118 -0.00102809 -0.000317051 -1.02849e-05 -0.000781045 -0.000117153 -0.000776809 -0.000214187 -0.00088088 -0.000565711 -0.000718544 -0.000287354 5.78681e-05 0.00103441 -0.000729655 0.000445086 0.00134112 0.00334444 0.00125543 0.00398092
internal_weight=15386 6957 2317 1241 8429 5100 3329 5044 2000 1433 3269 2643 2562 1956 1628 736 892 687 530 220 363 126
internal_count=15386 6957 2317 1241 8429 5100 3329 5044 2000 1433 3269 2643 2562 1956 1628 736 892 687 530 220 363 126
is_linear=0
shrinkage=0.035


Tree=130
num_leaves=23
num_cat=0
split_feature=9 25 22 20 4 13 22 22 12 10 9 20 20 21 2 21 25 12 8 25 20 10
split_gain=21.2652 1.80426 1.45403 1.54961 1.22318 1.0775 1.01287 1.8271 1.40257 0.986039 1.30623 0.922277 1.35128 1.27011 1.27337 1.08832 1.81373 1.10456 1.17441 1.07924 0.800114 0.797667
threshold=3.1811937276162703 729.50000000000011 3735.5000000000005 24.500000000000004 7.5924945809927342 0.2678571428571429 10086.000000000002 6498.5000000000009 2.1879075781792019 1.772810520855838 2.748426913839737 8.5000000000000018 16.500000000000004 3.5000000000000004 9.4660690456137484 2.5000000000000004 233.00000000000003 5.7633557655199708 15.00474509636665 807.00000000000011 17.500000000000004 7.158228479897681
decision_type=2 2 2 2 2 2 2 2 2 2 2 2 2 2 2 2 2 2 2 2 2 2
left_child=1 2 3 -1 6 9 7 8 -2 -3 -11 13 -13 15 -15 16 17 18 -6 -17 -8 -14
right_child=4 5 -4 -5 11 -7 20 -9 -10 10 -12 12 21 14 -16 19 -18 -19 -20 -21 -22 -23
leaf_value=-0.093147880296573352 0.064793369016763289 -0.17806137453982601 -0.45277382230782298 0.11271968628075275 0.18696042268804627 0.08384223410065833 -0.12228013101215794 0.55991495187251705 -0.13028469057494238 0.057060314786020264 -0.13108902535433192 -0.14868445515471906 0.028375060900905923 0.25089427876387255 0.076574815049128567 -0.1998494820418725 -0.066156199313112479 1.0157921474926082 -0.10173591386144842 0.17007000653512824 -0.019728243364110321 -0.076138797850873283
leaf_weight=220 72 370 5340 52 74 51 2331 59 197 102 140 1459 2407 85 307 330 181 62 58 54 1191 289
leaf_count=220 72 370 5340 52 74 51 2331 59 197 102 140 1459 2407 85 307 330 181 62 58 54 1191 289
internal_value=-0.00140717 -0.00297612 -0.00318222 -0.000593864 -0.00032895 -0.00119461 -0.000803503 0.00101952 -0.000178833 -0.00162804 4.25093e-05 1.25203e-05 -0.000227164 0.000890138 0.00249496 2.74861e-05 0.00138158 0.00371105 0.00160949 -0.00125064 -0.000979445 0.00023195
internal_weight=15431 6275 5612 272 9156 663 3850 328 269 612 242 5306 4155 1151 392 759 375 194 132 384 3522 2696
internal_count=15431 6275 5612 272 9156 663 3850 328 269 612 242 5306 4155 1151 392 759 375 194 132 384 3522 2696
is_linear=0
shrinkage=0.035


Tree=131
num_leaves=23
num_cat=0
split_feature=12 9 20 21 21 25 9 27 10 27 20 22 20 21 23 22 11 11 9 22 20 21
split_gain=19.2246 1.93465 1.58386 1.4048 1.90811 2.26048 1.39586 1.11521 1.0628 0.970066 0.946929 1.56317 0.996874 1.47727 0.798216 0.764085 1.21955 0.817075 0.788649 0.840835 1.23888 0.703842
threshold=1.7717856088622941 4.0299239409697059 20.500000000000004 2.5000000000000004 3.5000000000000004 381.00000000000006 2.2020976541785888 2.5000000000000004 1.8126539343499322 3.5000000000000004 26.500000000000004 17236.500000000004 5.5000000000000009 3.5000000000000004 62950.000000000007 17236.500000000004 2.5901334345533651 1.9793144565920449 7.4497074707716076 48992.500000000007 10.500000000000002 3.5000000000000004
decision_type=2 2 2 2 2 2 2 2 2 2 2 2 2 2 2 2 2 2 2 2 2 2
left_child=6 2 -2 7 5 -5 -1 -4 14 10 12 -12 13 -8 21 16 -10 -17 19 -19 -21 -3
right_child=1 8 3 4 -6 -7 9 -9 15 -11 11 -13 -14 -15 -16 17 -18 18 -20 20 -22 -23
leaf_value=-0.59990914158141573 -0.19776008086098473 0.13699554285014515 0.11031669939131279 0.35037122513825059 -0.075557368152773308 -0.12197733668746716 -0.11773191456152154 -0.18906650207734058 0.77053437390237767 -0.291835081594289 0.10863945758993022 -0.12087516531672696 -0.1536000320313862 0.092911241988907683 -0.13384605830645477 0.14915369899426809 0.0030910408555319411 -0.12356853807327178 -0.02757292545758536 0.22666014043621729 -0.11104783124174422 -0.11647064389682589
leaf_weight=3765 1133 378 52 72 120 45 193 225 80 614 67 90 846 47 68 101 1929 1100 4187 95 162 79
leaf_count=3765 1133 378 52 72 120 45 193 225 80 614 67 90 846 47 68 101 1929 1100 4187 95 162 79
internal_value=-0.001414 -0.000477419 -0.00157203 6.74291e-06 0.00199587 0.00510656 -0.00304594 -0.0016383 -0.000254033 -0.00222181 -0.00162099 0.000820987 -0.00199221 0 0.00125472 -0.000360557 0.000218966 -0.000569912 -0.000630114 -0.00136711 0.000374045 0.00180303
internal_weight=15448 9826 1647 514 237 117 5622 277 8179 1857 1243 157 1086 240 525 7654 2009 5645 5544 1357 257 457
internal_count=15448 9826 1647 514 237 117 5622 277 8179 1857 1243 157 1086 240 525 7654 2009 5645 5544 1357 257 457
is_linear=0
shrinkage=0.035


Tree=132
num_leaves=23
num_cat=0
split_feature=12 8 10 7 8 12 12 4 11 11 8 22 15 16 12 11 21 21 11 8 12 8
split_gain=20.2184 1.83952 1.34407 1.62737 1.15558 1.1532 1.45521 0.805654 0.85743 0.725929 1.24681 1.83787 2.79105 1.07718 0.868201 0.795707 0.640209 1.50403 1.53052 1.2402 0.632229 0.905266
threshold=1.7527287316186821 6.4293354925570769 1.7994708216848718 6.4273742654167272 2.4286578826139351 3.1227165101146142 3.9879809966218258 6.1339285714285721 10.288688923113623 2.4684826500112584 3.859151562722992 33201.500000000007 1.0000000180025095e-35 1.0000000180025095e-35 2.4250674389462761 2.1031112483834358 2.5000000000000004 3.5000000000000004 2.0063376440073371 3.2861431116147957 10.454423194225415 22.366846650936655
decision_type=2 2 2 2 2 2 2 2 2 2 2 2 2 2 2 2 2 2 2 2 2 2
left_child=4 9 3 -3 -1 -5 -7 8 -4 10 13 12 14 16 -12 -16 -2 18 -18 -20 21 -9
right_child=1 2 7 5 -6 6 -8 20 -10 -11 11 -13 -14 -15 15 -17 17 -19 19 -21 -22 -23
leaf_value=-0.5023739899143842 -0.17947627014128928 0.2565048601734255 -0.077938841513461088 -0.048986886488961469 -0.15102616737708033 0.246903500141294 -0.028115416267009505 -0.0075841735813069683 0.45112994040556603 -0.1221856292195211 -0.28092565442313316 -0.13681741728525068 0.1704892305515831 0.13059594501567234 0.25744141839007018 0.13063227924340595 -0.03198182642961727 -0.16217947706781771 0.49923486247756094 0.033511638583246704 -0.13761917872090437 0.12823505268392837
leaf_weight=4285 607 57 1466 138 1320 69 50 4409 45 811 100 278 53 45 53 151 162 318 45 63 197 656
leaf_count=4285 607 57 1466 138 1320 69 50 4409 45 811 100 278 53 45 53 151 162 318 45 63 197 656
internal_value=-0.00138175 -0.000418082 -0.000119431 0.00209561 -0.00305704 0.000774808 0.00327419 -0.000226174 -0.000937336 -0.00119788 -0.000800533 0.000437499 0.00210773 -0.00144779 0.000690938 0.00202631 -0.0016625 -0.000784992 0.00108182 0.00424336 -1.79427e-05 5.5226e-05
internal_weight=15378 9773 7087 314 5605 257 119 6773 1511 2686 1875 635 357 1240 304 204 1195 588 270 108 5262 5065
internal_count=15378 9773 7087 314 5605 257 119 6773 1511 2686 1875 635 357 1240 304 204 1195 588 270 108 5262 5065
is_linear=0
shrinkage=0.035


Tree=133
num_leaves=23
num_cat=0
split_feature=9 9 20 22 21 7 20 0 20 3 12 20 11 12 11 4 21 20 10 24 8 12
split_gain=20.0706 2.75611 1.49409 1.23925 1.57505 0.883655 0.931959 1.18403 1.45324 0.792362 1.21638 1.0314 1.11779 1.5656 0.882997 0.946957 0.85186 1.66021 0.822355 0.804502 0.785755 0.758158
threshold=3.7503880141252837 2.4643052359085309 25.500000000000004 17236.500000000004 2.5000000000000004 29.030993601438642 24.500000000000004 4.4971999362562078 27.500000000000004 7.8378338365803382 7.7792375936535905 1.5000000000000002 2.1651007163322284 2.5638158698470939 5.4435161551949287 7.8497385984851009 3.5000000000000004 7.5000000000000009 5.1547481579053569 3438.0000000000005 22.57902452389941 5.067838959229559
decision_type=2 2 2 2 2 2 2 2 2 2 2 2 2 2 2 2 2 2 2 2 2 2
left_child=1 -1 -3 4 -4 6 9 8 -8 10 11 -2 13 19 15 18 21 -18 -11 -13 -9 -17
right_child=5 2 3 -5 -6 -7 7 20 -10 14 -12 12 -14 -15 -16 16 17 -19 -20 -21 -22 -23
leaf_value=-0.45626664337524736 0.18275640291641179 -0.17264826173440681 -0.027505457951894276 -0.07453596508170808 0.11136479592281766 0.25627829313548256 0.0031253670463943996 -0.0074851369877671778 0.2357149142013002 -0.057216378397804767 0.61838108884563381 0.10538138250370169 -0.13526138918750838 0.14709077838822882 -0.061110075920544633 0.037264659876709939 0.17052247190172895 -0.34266158196188662 0.15062433981217382 -0.17826959053496014 0.765062624703854 0.23680469893208267
leaf_weight=4608 197 2050 67 221 48 151 63 1255 45 834 73 75 1648 71 1760 1090 90 284 52 242 81 376
leaf_count=4608 197 2050 67 221 48 151 63 1255 45 834 73 75 1648 71 1760 1090 90 284 52 242 81 376
internal_value=-0.00142084 -0.0028049 -0.0018166 0.000297653 0.00320833 -0.000263585 -0.000314708 0.000485506 0.00393363 -0.000487642 -0.00101623 -0.0011698 -0.00140789 0.000240457 -0.000211201 0.000178139 0.000635501 -0.000821901 -0.000750281 -0.00078261 0.000180089 0.00102073
internal_weight=15381 6994 2386 336 115 8387 8236 1444 108 6792 2306 2233 2036 388 4486 2726 1840 374 886 317 1336 1466
internal_count=15381 6994 2386 336 115 8387 8236 1444 108 6792 2306 2233 2036 388 4486 2726 1840 374 886 317 1336 1466
is_linear=0
shrinkage=0.035


Tree=134
num_leaves=23
num_cat=0
split_feature=7 9 9 21 20 16 21 7 24 9 9 21 20 20 12 11 12 11 1 25 25 9
split_gain=19.9221 2.05024 1.31486 1.12978 1.07696 1.02799 0.927361 1.43019 1.62967 1.18152 1.12937 0.947887 2.70665 1.54015 1.31394 1.14254 1.6863 2.45462 1.72361 1.15605 1.1239 1.3157
threshold=2.78561448581122 3.7503880141252837 2.2594012527089604 2.5000000000000004 25.500000000000004 1.0000000180025095e-35 2.5000000000000004 4.7277820077321424 7066.5000000000009 6.2397892490499585 21.690047969410838 3.5000000000000004 8.5000000000000018 6.5000000000000009 7.1843557144086043 5.3321025950399861 4.4032914559363556 3.7753416995048639 9.5210499713367636 142.00000000000003 200.00000000000003 18.933035714285719
decision_type=2 2 2 2 2 2 2 2 2 2 2 2 2 2 2 2 2 2 2 2 2 2
left_child=2 3 -1 -2 -5 -4 10 8 -8 -9 -3 13 20 -11 -14 16 18 -18 -15 -17 -13 -22
right_child=1 6 5 4 -6 -7 7 9 -10 11 -12 12 14 15 -16 19 17 -19 -20 -21 21 -23
leaf_value=-0.52086871572855331 -0.21258388806987119 -0.057633693211703002 -0.14954202118651466 -0.10258906219921206 0.082402498684487971 0.059321078976092359 0.19202897047346706 -0.1336870019638226 0.032249646165561634 -0.076258956902750877 0.073481341932454466 -0.052487432448680142 -0.30005143296059583 0.12824431267652214 0.018280844503719921 0.45517740213149421 -0.14368274016799715 0.39223427184205856 -0.050302272713171753 -0.052770339366856024 0.19274713791877179 -0.085185329016905231
leaf_weight=3950 709 3947 1318 838 90 46 52 236 119 351 426 164 782 472 406 80 58 214 349 410 294 56
leaf_count=3950 709 3947 1318 838 90 46 52 236 119 351 426 164 782 472 406 80 58 214 349 410 294 56
internal_value=-0.00134608 -0.000427322 -0.00307887 -0.00156029 -0.000724009 -0.00209386 -0.000204074 0.000174653 0.00326136 2.97902e-05 -0.000558018 0.000191293 -0.000403926 0.000723826 -0.001329 0.00119458 0.00182331 0.00420758 0.000991525 -0.000176769 0.00169268 0.00280986
internal_weight=15367 10053 5314 1637 928 1364 8416 4043 171 3872 4373 3636 1702 1934 1188 1583 1093 272 821 490 514 350
internal_count=15367 10053 5314 1637 928 1364 8416 4043 171 3872 4373 3636 1702 1934 1188 1583 1093 272 821 490 514 350
is_linear=0
shrinkage=0.035


Tree=135
num_leaves=23
num_cat=0
split_feature=9 25 22 20 15 20 20 21 25 25 25 8 11 12 9 22 22 15 1 6 21 12
split_gain=19.3594 2.43031 1.56136 1.53266 1.22681 1.06683 1.84455 1.88423 1.02309 1.01926 1.00012 0.990428 0.875041 2.81518 1.05222 0.853377 1.26062 0.843038 1.42053 0.801697 0.97273 1.17859
threshold=3.1811937276162703 729.50000000000011 3735.5000000000005 24.500000000000004 0.051315789473684217 16.500000000000004 8.5000000000000018 3.5000000000000004 600.00000000000011 729.50000000000011 106.50000000000001 27.363155615522384 1.8232322463624386 2.1207404262391947 6.3307754558510103 47274.500000000007 31960.500000000004 0.10912698412698414 1.9999246801866812 9.8479430296661175 2.5000000000000004 6.9460315646673028
decision_type=2 2 2 2 2 2 2 2 2 2 2 2 2 2 2 2 2 2 2 2 2 2
left_child=1 2 3 -1 -3 6 7 11 12 15 -8 -2 -7 -14 -15 16 -9 18 -6 20 21 -16
right_child=5 4 -4 -5 17 8 10 9 -10 -11 -12 -13 13 14 19 -17 -18 -19 -20 -21 -22 -23
leaf_value=-0.08330993660110822 -0.055529550555938938 -0.12221203913804186 -0.386813167403733 0.13637071045981541 0.11543738657834773 -0.087191426221587043 0.24185610149365616 0.07880628860414092 -0.057490280190102772 0.2161884428316497 -0.17703730770169243 0.54655340656656148 0.26382268404922637 -0.063822964394497972 -0.015803907901139665 0.21282752440930081 -0.11502736912574099 -0.19688328506664809 -0.0049149044631743846 -0.0014288863543885728 0.13178021493406747 0.49833435087698263
leaf_weight=228 1875 303 5332 58 72 165 136 284 835 94 2349 51 90 284 720 100 132 110 192 1463 431 118
leaf_count=228 1875 303 5332 58 72 165 136 284 835 94 2349 51 90 284 720 100 132 110 192 1463 431 118
internal_value=-0.00136284 -0.00285556 -0.00309541 -0.000493128 -0.000831379 -0.000330378 -0.000672703 -1.37824e-06 8.42852e-05 0.00167886 -0.0013494 -0.000545573 0.000367521 0.000505142 0.000311651 0.00100096 0.000241092 0.000470975 0.00157435 0.000528132 0.00117033 0.000444246
internal_weight=15422 6295 5618 286 677 9127 5021 2536 4106 610 2485 1926 3271 3106 3016 516 416 374 264 2732 1269 838
internal_count=15422 6295 5618 286 677 9127 5021 2536 4106 610 2485 1926 3271 3106 3016 516 416 374 264 2732 1269 838
is_linear=0
shrinkage=0.035


Tree=136
num_leaves=23
num_cat=0
split_feature=9 11 20 12 11 20 8 8 22 9 3 2 9 22 24 7 22 22 25 20 9 12
split_gain=18.9177 2.19398 1.63358 2.68636 2.35197 2.04107 1.74894 1.36522 1.36541 1.25986 1.65256 1.36428 1.55982 1.24184 0.92382 1.05729 0.772006 1.01267 0.735859 1.12486 0.912949 0.781919
threshold=2.5000195216228165 1.7743595036946866 19.500000000000004 2.1879075781792019 2.1031112483834358 8.5000000000000018 3.4291250319489515 6.4293354925570769 10086.000000000002 2.7874516916347951 8.942279580511066 12.035714285714286 13.720201117958425 44839.000000000007 5252.0000000000009 6.8560902350935367 17236.500000000004 48992.500000000007 600.00000000000011 24.500000000000004 6.3307754558510103 10.454423194225415
decision_type=2 2 2 2 2 2 2 2 2 2 2 2 2 2 2 2 2 2 2 2 2 2
left_child=-1 -2 5 4 13 9 -6 -7 -9 -3 16 12 -12 -4 -10 -16 -11 -18 20 -20 -5 -22
right_child=1 2 3 18 6 7 -8 8 14 10 11 -13 -14 -15 15 -17 17 -19 19 -21 21 -23
leaf_value=-0.39229356088624745 -0.12423494727270322 0.13643154351780951 -0.19143156132619737 -0.075975176245360806 0.46323227352778251 -0.21328898892193385 0.21279068187305106 0.062453606850497702 -0.20415983168927618 0.072341675615586243 0.050959169499886686 -0.0074180843167473698 0.2600920667868139 0.17447434105598963 0.19232893178011462 -0.099516476146473951 -0.11413035447288593 0.12018773516068135 -0.22298445288202492 0.019903290363862132 0.039567423976136662 -0.29702440549332365
leaf_weight=4677 1425 94 127 227 45 807 48 368 811 222 443 729 78 72 111 1467 912 132 276 278 2021 84
leaf_count=4677 1425 94 127 227 45 807 48 368 811 222 443 729 78 72 111 1467 912 132 276 278 2021 84
internal_value=-0.001365 -0.000555742 -0.000357968 0.000282594 0.00345286 -0.000690485 0.00792857 -0.00123466 -0.000851558 4.68443e-05 -9.85728e-05 0.00079482 0.00215589 0.00113235 -0.00116082 -0.000647821 -0.0009941 -0.001398 -3.75311e-05 -0.00118336 0.000229139 0.000464454
internal_weight=15454 10777 9352 3178 292 6174 93 3564 2757 2610 2516 1250 521 199 2389 1578 1266 1044 2886 554 2332 2105
internal_count=15454 10777 9352 3178 292 6174 93 3564 2757 2610 2516 1250 521 199 2389 1578 1266 1044 2886 554 2332 2105
is_linear=0
shrinkage=0.035


Tree=137
num_leaves=23
num_cat=0
split_feature=9 8 25 14 22 9 12 22 9 9 10 25 10 7 9 25 10 12 24 10 9 12
split_gain=18.838 2.58347 1.28898 1.09452 1.52963 2.12988 1.63341 1.03323 1.42259 1.00089 1.17897 0.891992 0.867127 1.73163 0.826042 0.850914 1.54806 1.46204 0.795141 0.972678 0.778332 0.77637
threshold=2.5000195216228165 6.4293354925570769 729.50000000000011 1.0000000180025095e-35 24335.000000000004 3.7503880141252837 2.2052029437029046 5643.5000000000009 2.9995397029792472 2.852235312913582 1.8644544714716074 180.50000000000003 1.7320508075688787 6.4273742654167272 18.074005295944417 142.00000000000003 6.3590947678158996 6.4038603519798931 3438.0000000000005 6.1836959205717053 7.0062292416279304 3.1227165101146142
decision_type=2 2 2 2 2 2 2 2 2 2 2 2 2 2 2 2 2 2 2 2 2 2
left_child=2 3 11 -2 5 6 7 8 -5 10 -9 -1 13 -3 15 17 18 -14 -17 20 -20 -15
right_child=1 12 -4 4 -6 -7 -8 9 -10 -11 -12 -13 14 21 -16 16 -18 -19 19 -21 -22 -23
leaf_value=-0.045243633640442919 -0.11366529322478357 0.16933096331144815 -0.013753684708130201 0.044826671063201894 -0.11701305315891163 0.29422853071525162 -0.2300387221073496 -0.082641185980981066 0.1083409705803355 -0.052278623872985076 0.09367339071438914 -0.47398121147454164 -0.17473762240142796 -0.060294029666753547 0.027331038341744975 -0.12911310288900851 -0.20686110625028881 0.3031933946910888 0.13215053152614814 0.34043714563266358 -0.0096652786256886825 0.13925476399479947
leaf_weight=332 2227 55 168 87 688 50 132 98 45 175 54 4216 436 167 2006 344 416 51 187 45 3400 102
leaf_count=332 2227 55 168 87 688 50 132 98 45 175 54 4216 436 167 2006 344 416 51 187 45 3400 102
internal_value=-0.00133708 -0.000526463 -0.00318121 -0.00129837 -0.000482759 0.000726005 8.22139e-05 0.00110129 0.00365328 0 0.00207325 -0.00329245 -0.00014264 0.00160638 -0.000228593 -0.00047584 -0.000316012 -0.00186382 -9.75894e-05 5.10027e-05 -1.16935e-05 0.000332116
internal_weight=15481 10765 4716 3556 1329 641 591 459 132 327 152 4548 7209 324 6885 4879 4392 487 3976 3632 3587 269
internal_count=15481 10765 4716 3556 1329 641 591 459 132 327 152 4548 7209 324 6885 4879 4392 487 3976 3632 3587 269
is_linear=0
shrinkage=0.035


Tree=138
num_leaves=23
num_cat=0
split_feature=9 9 27 21 20 25 20 14 25 12 9 10 20 22 3 7 14 20 9 10 0 12
split_gain=18.0325 2.64924 1.93842 1.88824 2.13305 1.87451 1.80092 1.12071 1.05908 1.04359 1.02466 1.15635 1.09779 0.894675 0.733988 0.975736 0.715131 0.637914 0.761172 0.956596 0.899593 0.876472
threshold=2.3214258814352391 3.7503880141252837 3.5000000000000004 2.5000000000000004 24.500000000000004 729.50000000000011 8.5000000000000018 1.0000000180025095e-35 729.50000000000011 1.9134721480532877 2.8930613443143747 1.9148542159359152 26.500000000000004 47274.500000000007 7.8378338365803382 3.7151433660867341 1.0000000180025095e-35 19.500000000000004 7.4497074707716076 3.6968455021364792 10.946439606378263 2.7469763507812828
decision_type=2 2 2 2 2 2 2 2 2 2 2 2 2 2 2 2 2 2 2 2 2 2
left_child=8 2 3 10 6 16 7 -5 -1 -9 11 12 -2 -8 15 -3 -6 -17 21 20 -20 -19
right_child=1 14 -4 4 5 -7 13 9 -10 -11 -12 -13 -14 -15 -16 17 -18 18 19 -21 -22 -23
leaf_value=-0.44827141651867175 -0.19095955312438051 0.037550347470633808 -0.22814969151582351 -0.064979718413187088 0.06976573777704824 -0.049302542381173133 -0.11100291841051538 0.12325148778310679 0.05118044919890688 -0.074330339406859305 -0.18075860965167306 0.049167348008303711 0.12859755230694289 0.41395440830792618 -0.0037408828915228283 -0.098859199313606191 0.11613050131554736 0.050772490652079651 0.016172302515789942 -0.066205901158139804 0.16669778331527763 -0.11820715410530996
leaf_weight=4126 349 150 621 137 65 65 564 105 54 64 508 136 65 48 5635 1878 46 237 213 108 69 243
leaf_count=4126 349 150 621 137 65 65 564 105 54 64 508 136 65 48 5635 1878 46 237 213 108 69 243
internal_value=-0.00133552 -0.0006068 -0.00154716 -0.00103361 0 0.00346133 -0.000693934 0.00145177 -0.00329928 0.00333908 -0.0020842 -0.000977478 -0.00191289 -0.00179822 -0.000298431 -0.00075112 0.00615517 -0.000906467 -0.000100001 0.00101899 0.00210976 -0.00104639
internal_weight=15486 11306 2773 2152 1094 176 918 306 4180 169 1058 550 414 612 8533 2898 111 2748 870 390 282 480
internal_count=15486 11306 2773 2152 1094 176 918 306 4180 169 1058 550 414 612 8533 2898 111 2748 870 390 282 480
is_linear=0
shrinkage=0.035


Tree=139
num_leaves=23
num_cat=0
split_feature=9 9 27 14 12 21 9 12 20 15 25 20 20 11 9 21 20 20 25 12 8 12
split_gain=18.6487 2.7143 1.66982 1.69299 2.61271 1.18077 2.11108 1.94292 2.49923 0.94413 0.966188 1.22345 0.896321 0.846061 1.62839 0.813623 3.4023 1.81198 0.910281 1.51432 1.14623 0.977137
threshold=3.1811937276162703 2.2438999360427938 3.5000000000000004 1.0000000180025095e-35 1.2711243205451574 2.5000000000000004 4.0299239409697059 1.7527287316186821 10.500000000000002 1.0000000180025095e-35 455.50000000000006 1.5000000000000002 7.5000000000000009 2.7589874813305832 8.6090456859449613 3.5000000000000004 8.5000000000000018 4.5000000000000009 200.00000000000003 7.7792375936535905 19.503725362710224 3.8221179664495621
decision_type=2 2 2 2 2 2 2 2 2 2 2 2 2 2 2 2 2 2 2 2 2 2
left_child=1 -1 3 -3 -5 6 -2 8 -7 10 11 -8 -6 14 -12 17 18 -9 19 -17 21 -20
right_child=5 2 -4 4 12 7 9 15 -10 -11 13 -13 -14 -15 -16 16 -18 -19 20 -21 -22 -23
leaf_value=-0.43258191694051823 -0.17860556680527123 -0.16815164764116794 -0.22182586585130851 0.11960565003068184 0.056363993407222819 0.0991092987742071 0.76355784357508416 -0.21051664949001414 0.0026088714885331727 0.23193553852267684 -0.088850626269544805 -0.024514677048401958 -0.078754523656145881 -0.22876357672185965 0.16485098689786373 -0.22599295784196932 -0.17360569758773256 0.054366364548526995 0.055063506006999219 0.35152036109273821 -0.10769770212931062 0.2217319253225537
leaf_weight=3982 405 642 676 51 186 45 150 291 67 71 212 3036 731 702 89 131 1449 2002 163 67 56 203
leaf_count=3982 405 642 676 51 186 45 150 291 67 71 212 3036 731 702 89 131 1449 2002 163 67 56 203
internal_value=-0.00128809 -0.00275793 -0.00177368 -0.00113777 -0.000190648 -0.000277122 -0.000667024 0.000125808 0.00457692 -0.000430833 -0.000504054 -0.000198528 -0.000652929 -0.00145139 4.57508e-05 2.40356e-06 -0.000496144 0.000459964 0.001652 -0.000224139 0.00256557 0.00329245
internal_weight=15407 6268 2286 1610 968 9139 4665 4474 112 4260 4189 3186 917 1003 301 4362 2069 2293 620 198 422 366
internal_count=15407 6268 2286 1610 968 9139 4665 4474 112 4260 4189 3186 917 1003 301 4362 2069 2293 620 198 422 366
is_linear=0
shrinkage=0.035


Tree=140
num_leaves=23
num_cat=0
split_feature=9 9 20 25 22 10 20 24 7 20 20 20 11 12 11 6 25 25 9 7 12 10
split_gain=17.5879 2.05069 2.05617 1.66504 1.53574 1.68897 1.45467 1.38407 1.02474 1.00415 0.986356 0.865752 1.54426 1.86372 3.78031 0.89071 0.864456 0.782882 1.02849 1.0193 2.10296 1.51356
threshold=2.5000195216228165 8.5037084278155728 25.500000000000004 729.50000000000011 17236.500000000004 1.6035674514745459 7.5000000000000009 9349.5000000000018 7.0080666749968783 13.500000000000002 21.500000000000004 16.500000000000004 1.7896580290290414 2.0951447146382209 2.1031112483834358 9.9933189851049971 180.50000000000003 831.00000000000011 9.3912408410482708 11.288630000435463 4.3046812472089746 4.1576092031015106
decision_type=2 2 2 2 2 2 2 2 2 2 2 2 2 2 2 2 2 2 2 2 2 2
left_child=3 2 6 16 5 -4 -2 -6 -3 -5 -11 15 -13 14 -14 -8 -1 19 -19 20 -10 -22
right_child=1 8 4 9 7 -7 11 -9 17 10 -12 12 13 -15 -16 -17 -18 18 -20 -21 21 -23
leaf_value=-0.047056989546356162 -0.015240709059197857 0.18290667189941387 0.12352681829566675 -0.23549594479715338 -0.07137978914209761 0.022620473013985884 -0.21445296047934639 0.11388812727322953 0.081814531683675057 0.11383723111736238 -0.050182542044687639 -0.15370901531514888 -0.13265408757319905 -0.056019774358804668 0.35999289942332907 0.047571245525306748 -0.42153062412677705 0.013073699237454365 -0.29757733155362709 -0.020675120905354925 -0.25507496338972868 0.15941256200791243
leaf_weight=330 1316 45 53 63 374 58 1463 244 722 47 54 459 139 856 63 106 4151 148 201 4054 256 125
leaf_count=330 1316 45 53 63 374 58 1463 244 722 47 54 459 139 856 63 106 4151 148 201 4054 256 125
internal_value=-0.00133362 -0.00054922 -0.00105354 -0.00313118 0.000648501 0.00434483 -0.0013398 -1.68548e-05 -7.93745e-05 0.00022781 0.0024434 -0.00175623 -0.00113141 -0.000372061 0.00258696 -0.00234371 -0.00325814 -0.000127655 -0.00172034 -1.49175e-05 0.000922382 -0.00114249
internal_weight=15327 10682 5131 4645 729 111 4402 618 5551 164 101 3086 1517 1058 202 1569 4481 5506 349 5157 1103 381
internal_count=15327 10682 5131 4645 729 111 4402 618 5551 164 101 3086 1517 1058 202 1569 4481 5506 349 5157 1103 381
is_linear=0
shrinkage=0.035


Tree=141
num_leaves=23
num_cat=0
split_feature=9 9 25 20 10 12 14 15 20 20 12 25 0 7 24 12 12 9 12 12 10 11
split_gain=19.2949 2.14054 1.22449 1.20939 1.10754 1.37216 0.891089 1.34521 1.12271 1.52842 1.71627 0.869101 0.741493 0.67741 0.87899 0.727631 1.6565 0.827084 0.991777 1.09158 1.57206 0.956198
threshold=2.5000195216228165 3.7503880141252837 729.50000000000011 25.500000000000004 1.3972762620115453 2.2052029437029046 1.0000000180025095e-35 0.10912698412698414 8.5000000000000018 16.500000000000004 1.8951838362916464 180.50000000000003 34.129284693525193 3.7151433660867341 8654.0000000000018 1.7386808150004769 1.9422961801812175 7.4497074707716076 2.7961896728706059 2.4534288951514034 2.0586634591635535 4.219590613906961
decision_type=2 2 2 2 2 2 2 2 2 2 2 2 2 2 2 2 2 2 2 2 2 2
left_child=2 3 11 4 -2 6 -6 8 -8 -10 -11 -1 13 14 -3 -15 -17 18 19 -18 -21 -19
right_child=1 12 -4 -5 5 -7 7 -9 9 10 -12 -13 -14 15 -16 16 17 21 -20 20 -22 -23
leaf_value=-0.045800370437670997 -0.18883267896269917 0.19232828806094643 -0.002613596531420364 0.031334135679150499 -0.11038488901135707 -0.21164775155112253 0.12838921726668762 -0.20502775364961029 -0.16055998304183944 -0.048305230539104183 0.19756640901313655 -0.40677705309273338 0.1099470763831161 -0.43081910176771587 -0.0072371774197143987 0.21478873202781254 -0.065826778637434316 0.020757529870062581 -0.14987702394673011 0.15789229765098833 -0.018497160133791647 -0.032106267316912351
leaf_weight=327 680 54 153 314 409 320 122 120 152 86 67 4201 188 102 92 58 430 2482 780 129 471 3658
leaf_count=327 680 54 153 314 409 320 122 120 152 86 67 4201 188 102 92 58 430 2482 780 129 471 3658
internal_value=-0.001275 -0.000453541 -0.00314896 -0.00140769 -0.00173305 -0.00109563 -0.000404267 0.000494564 0.00144213 0.000225806 0.00270253 -0.00325292 -0.000194284 -0.000246157 0.00206291 -0.000291128 -0.000250282 -0.000296984 -0.000954546 -0.000219808 0.00072314 -9.96754e-05
internal_weight=15395 10714 4681 2270 1956 1276 956 547 427 305 153 4528 8444 8256 146 8110 8008 7950 1810 1030 600 6140
internal_count=15395 10714 4681 2270 1956 1276 956 547 427 305 153 4528 8444 8256 146 8110 8008 7950 1810 1030 600 6140
is_linear=0
shrinkage=0.035


Tree=142
num_leaves=23
num_cat=0
split_feature=9 9 27 21 12 22 22 21 12 10 7 9 11 15 15 22 24 15 7 9 12 11
split_gain=17.7881 2.74467 2.00467 2.0915 1.37498 1.32453 1.81671 1.36207 1.4471 1.10574 1.03369 0.929089 0.887357 0.868713 1.94406 0.730916 0.950652 2.67473 1.61043 0.935284 1.19723 0.879724
threshold=2.2438999360427938 4.0299239409697059 3.5000000000000004 2.5000000000000004 2.1879075781792019 13885.000000000002 44839.000000000007 3.5000000000000004 1.7874104243232651 2.1157009420498198 3.286381766263891 2.852235312913582 1.6256866681058642 0.10620300751879701 0.069047619047619066 17236.500000000004 5252.0000000000009 1.0000000180025095e-35 4.7277820077321424 7.4497074707716076 3.4409667384763631 4.7321924549436369
decision_type=2 2 2 2 2 2 2 2 2 2 2 2 2 2 2 2 2 2 2 2 2 2
left_child=-1 2 3 11 5 10 9 8 -8 -7 -5 12 -2 14 -14 21 17 18 -17 -20 -21 -3
right_child=1 15 -4 4 -6 6 7 -9 -10 -11 -12 -13 13 -15 -16 16 -18 -19 19 20 -22 -23
leaf_value=-0.39327739829326214 -0.18069190543065194 0.15509034495625701 -0.21298761441531883 0.072940524775813753 -0.085046555812523225 -0.095414786438248828 0.060279191045359531 -0.075998078875614189 0.40898302273319537 0.064549460512000723 0.018077374220262486 -0.13510800923330274 -0.26086961063832059 -0.15199974236522701 0.12263728562915334 0.079291322344321166 -0.010236016646551179 0.27191755017006819 -0.18457160621471133 0.06024981228503299 -0.181082642038083 -0.0036522234976763281
leaf_weight=3942 334 516 711 71 270 489 119 86 54 96 55 654 68 106 74 95 4733 47 640 215 522 1546
leaf_count=3942 334 516 711 71 270 489 119 86 54 96 55 654 68 106 74 95 4733 47 640 215 522 1546
internal_value=-0.00124113 -0.000543283 -0.00141667 -0.000932488 7.02803e-05 0.000699999 0.000169022 0.00259848 0.00436517 -0.000889831 0.00398092 -0.00194883 -0.000876491 0.000650197 0.00245238 -0.000205735 -0.000395478 -0.00115748 -0.00143839 -0.00175253 -0.000858491 0.000360667
internal_weight=15443 11501 3187 2476 1240 970 844 259 173 585 126 1236 582 248 142 8314 6252 1519 1472 1377 737 2062
internal_count=15443 11501 3187 2476 1240 970 844 259 173 585 126 1236 582 248 142 8314 6252 1519 1472 1377 737 2062
is_linear=0
shrinkage=0.035


Tree=143
num_leaves=23
num_cat=0
split_feature=9 5 26 21 20 20 9 5 27 20 11 9 7 22 24 21 9 16 4 10 2 8
split_gain=17.905 2.37253 1.54908 1.12982 1.60184 1.9624 1.34881 1.28347 1.24286 1.19779 1.44349 2.49783 1.00425 0.8498 1.79556 0.773322 0.762753 0.676954 1.41063 0.642233 1.00014 0.613158
threshold=2.5000195216228165 6.0607142857142859 1.0000000180025095e-35 2.5000000000000004 25.500000000000004 7.5000000000000009 4.0299239409697059 4.8705795993534231 2.5000000000000004 17.500000000000004 2.0623404729825334 3.2517607586512871 4.2943137120586199 17236.500000000004 8654.0000000000018 3.5000000000000004 6.3307754558510103 1.0000000180025095e-35 14.785017823573302 4.193636936365694 18.049040346336252 1.7847258520610045
decision_type=2 2 2 2 2 2 2 2 2 2 2 2 2 2 2 2 2 2 2 2 2 2
left_child=2 3 -1 6 5 7 -2 8 -5 -7 -11 -12 -8 -6 -15 -9 -13 -3 -19 20 -14 -4
right_child=1 17 21 4 13 9 12 15 -10 10 11 16 19 14 -16 -17 -18 18 -20 -21 -22 -23
leaf_value=-0.35350557254085829 -0.14931767575531801 -0.00017294751235121591 -0.24043273197859108 0.17031606214964659 0.17064333539819873 -0.16977062518767039 0.24814620893079839 0.031546878080595989 -0.045537653227418352 -0.08458154343935588 0.3340849425812521 -0.10172124925344594 -0.074653628182573775 -0.042803254571686128 0.35300495499456847 0.26030394340112645 0.12831764840137319 -0.059566813379585186 0.83505909103648601 -0.25158149135017088 0.38144518805685268 0.0045673514679116425
leaf_weight=4324 1093 5275 101 49 49 784 77 71 286 256 57 117 1444 128 81 63 120 100 81 547 66 223
leaf_count=4324 1093 5275 101 49 49 784 77 71 286 256 57 117 1444 128 81 63 120 100 81 547 66 223
internal_value=-0.00122683 -0.000439251 -0.00304116 -0.000967411 -0.000315102 -0.000693032 -0.00137748 0.00122574 0 -0.00138275 -9.45954e-05 0.00153344 -0.000849229 0.00222243 0.00107944 0.00405396 -2.89264e-05 6.98582e-05 0.00214516 -0.00100485 -0.000612212 -0.00062766
internal_weight=15392 10744 4648 5288 2061 1803 3227 469 335 1334 550 294 2134 258 209 134 237 5456 181 2057 1510 324
internal_count=15392 10744 4648 5288 2061 1803 3227 469 335 1334 550 294 2134 258 209 134 237 5456 181 2057 1510 324
is_linear=0
shrinkage=0.035


Tree=144
num_leaves=23
num_cat=0
split_feature=9 9 27 21 12 22 22 10 21 12 25 22 14 12 11 3 11 9 9 25 21 11
split_gain=17.739 2.66776 2.16457 2.17093 1.56448 2.41125 1.97392 1.25867 1.08797 1.72418 1.05888 0.909215 2.59942 1.06084 2.67611 0.99769 0.977251 0.958162 1.0589 0.893447 1.17768 0.870898
threshold=2.2438999360427938 3.7503880141252837 3.5000000000000004 2.5000000000000004 2.1207404262391947 13885.000000000002 44839.000000000007 2.2677868380553665 3.5000000000000004 1.7874104243232651 180.50000000000003 33201.500000000007 1.0000000180025095e-35 6.9460315646673028 8.2995101123184156 15.950345293025352 5.1139579793748515 7.4497074707716076 13.720201117958425 248.50000000000003 1.5000000000000002 4.2867749500021981
decision_type=2 2 2 2 2 2 2 2 2 2 2 2 2 2 2 2 2 2 2 2 2 2
left_child=10 2 3 -2 5 -5 7 -7 9 -8 -1 12 19 16 15 -15 17 -13 -19 21 -21 -3
right_child=1 11 -4 4 -6 6 8 -9 -10 -11 -12 13 -14 14 -16 -17 -18 18 -20 20 -22 -23
leaf_value=-0.092017502912837598 -0.12493214958630684 0.085535724918665998 -0.19730255890128431 0.063542080539580645 -0.10692705111529939 -0.073814887280811273 0.060459616679506903 0.11297497741784539 -0.12392717728713426 0.38016735139776464 -0.40530639681682606 -0.064169344649703211 0.25958725236864727 0.070401141242718082 -1.2629250699741277 0.45149947133160673 -0.29769899935551908 0.014762134309738432 -0.34750570568713873 -0.2284331516354087 -0.00019719197336815619 -0.0013427469322228329
leaf_weight=224 1117 1131 720 98 291 494 106 50 51 55 3741 987 52 52 70 52 437 1537 192 560 1485 1903
leaf_count=224 1117 1131 720 98 291 494 106 50 51 55 3741 987 52 52 70 52 437 1537 192 560 1485 1903
internal_value=-0.00119241 -0.000490827 -0.00139086 -0.000844509 0.000213043 0.000981955 0.000271353 -0.000822405 0.0031129 0.00451205 -0.00320907 -0.000170803 0.000118574 -0.00062185 0.00197486 0.00549082 -0.000773592 -0.000515804 -8.07465e-06 3.16671e-05 -0.000529269 0.000415761
internal_weight=15405 11440 2982 2262 1145 854 756 544 212 161 3965 8458 5131 3327 174 104 3153 2716 1729 5079 2045 3034
internal_count=15405 11440 2982 2262 1145 854 756 544 212 161 3965 8458 5131 3327 174 104 3153 2716 1729 5079 2045 3034
is_linear=0
shrinkage=0.035


Tree=145
num_leaves=23
num_cat=0
split_feature=9 9 27 12 14 12 25 16 22 21 11 11 12 12 12 22 8 11 20 20 21 8
split_gain=17.3475 2.46815 1.82688 1.77766 2.21798 2.08655 1.29256 1.19128 1.2635 1.20113 1.03638 1.01156 2.27611 0.871841 1.12678 1.01118 0.859909 0.797294 0.770513 1.47039 1.46599 1.02425
threshold=2.2438999360427938 3.7503880141252837 3.5000000000000004 2.1207404262391947 1.0000000180025095e-35 1.2711243205451574 180.50000000000003 1.0000000180025095e-35 13885.000000000002 2.5000000000000004 1.8883680959850138 1.6101389151895156 1.5018342907828595 1.8743605611587952 2.0353195344438961 31960.500000000004 1.7847258520610045 1.6480521608665197 16.500000000000004 9.5000000000000018 3.5000000000000004 27.363155615522384
decision_type=2 2 2 2 2 2 2 2 2 2 2 2 2 2 2 2 2 2 2 2 2 2
left_child=6 2 3 4 10 -6 16 8 9 -7 -2 -10 -13 -14 15 -15 -1 -18 19 20 21 -3
right_child=1 18 -4 -5 5 7 -8 -9 11 -11 -12 12 13 14 -16 -17 17 -19 -20 -21 -22 -23
leaf_value=-0.24629697792971608 -0.13357778325489186 -0.047365422187847207 -0.19304738371195179 -0.13461225977983463 0.10324327754418863 -0.010814409060841242 -0.39512436688094654 0.13155018298517973 -0.128308681581663 0.0758313658756994 0.021834135343570576 0.13439779213242725 -0.13479835052725719 0.012787265574988578 -0.22135202410307928 0.29630078568438001 0.066625025250261302 -0.23253407868737919 0.006579920512878857 -0.12577960414892489 0.074151256188159251 0.52631276494710211
leaf_weight=106 655 1984 721 511 54 55 3765 45 279 56 125 46 246 62 64 52 82 45 3792 1997 668 49
leaf_count=106 655 1984 721 511 54 55 3765 45 279 56 125 46 246 62 64 52 82 45 3792 1997 668 49
internal_value=-0.00120952 -0.000514653 -0.00138307 -0.000876941 -0.000329129 0.000784232 -0.00319398 0.000346153 2.02304e-05 0.00343965 -0.00171656 -0.000482759 0.000478947 -0.000318183 0.00147268 0.00355882 -0.000558824 0.00127273 -0.000208064 -0.000508293 1.81071e-05 -0.000443082
internal_weight=15459 11461 2971 2250 1739 959 3998 905 860 111 780 749 470 424 178 114 233 127 8490 4698 2701 2033
internal_count=15459 11461 2971 2250 1739 959 3998 905 860 111 780 749 470 424 178 114 233 127 8490 4698 2701 2033
is_linear=0
shrinkage=0.035


Tree=146
num_leaves=23
num_cat=0
split_feature=9 9 25 27 20 12 8 11 11 25 12 11 20 10 7 20 11 25 9 8 22 24
split_gain=17.2677 2.38706 1.56927 1.54689 1.48553 1.60065 1.06326 1.20703 1.62638 1.01072 0.940121 1.43994 1.77882 1.35718 0.74514 0.730935 0.723926 0.664455 0.616093 1.77601 1.4376 1.38367
threshold=2.3214258814352391 3.7503880141252837 180.50000000000003 3.5000000000000004 24.500000000000004 1.4168585671681513 1.7847258520610045 1.7312706399376656 1.3008872711759827 729.50000000000011 2.1879075781792019 2.046317933259227 17.500000000000004 2.2990681342044432 3.286381766263891 6.5000000000000009 2.1422985124631686 729.50000000000011 8.5037084278155728 9.7681770045760015 31488.000000000004 12965.500000000002
decision_type=2 2 2 2 2 2 2 2 2 2 2 2 2 2 2 2 2 2 2 2 2 2
left_child=2 3 6 4 10 -6 -1 8 -8 16 11 13 15 17 -3 -13 -4 -2 -16 20 -20 -21
right_child=1 14 9 -5 5 -7 7 -9 -10 -11 -12 12 -14 -15 18 -17 -18 -19 19 21 -22 -23
leaf_value=-0.28891887113211701 -0.15113138766888057 0.047797445639900848 -0.37358838527516797 -0.16872850827599872 0.10518434166123794 0.011112897523291856 -0.066998961634166146 -0.22923320047745768 0.13662204616166948 0.049395015724975309 -0.15515084264824577 0.034087130666173963 0.16405121731243313 0.12969386940779237 -0.033480295159161726 -0.16692946917708387 0.036292980827779465 -0.040739997698799699 0.19719830091745819 -0.0020595283570801455 0.019889353144709201 -0.21023490750167509
leaf_weight=96 635 73 3820 623 46 363 53 47 51 56 363 86 58 46 2790 135 45 461 111 4350 598 524
leaf_count=96 635 73 3820 623 46 363 53 47 51 56 363 86 58 46 2790 135 45 461 111 4350 598 524
internal_value=-0.00117347 -0.000458819 -0.00309741 -0.00134119 -0.000888536 0.000980676 -0.000305556 0.0014359 0.00356422 -0.00326821 -0.0013284 -0.000898318 0.00130634 -0.00145554 -0.000161934 -9.29212e-05 -0.00333721 -0.0017198 -0.000195513 1.37787e-05 0.00164706 -0.000221665
internal_weight=15430 11262 4168 2816 2193 409 247 151 104 3921 1784 1421 279 1142 8446 221 3865 1096 8373 5583 709 4874
internal_count=15430 11262 4168 2816 2193 409 247 151 104 3921 1784 1421 279 1142 8446 221 3865 1096 8373 5583 709 4874
is_linear=0
shrinkage=0.035


Tree=147
num_leaves=23
num_cat=0
split_feature=8 11 12 8 10 1 24 24 26 6 20 22 20 0 21 11 24 1 10 11 12 12
split_gain=15.0982 2.35862 2.1243 1.30636 1.45954 1.35002 1.24371 1.13937 1.09204 1.01102 0.994246 1.5181 1.44681 0.770038 0.920153 0.844605 1.06103 1.20654 0.934111 0.928681 0.904715 3.01269
threshold=2.2857089057276201 1.6256866681058642 1.5018342907828595 6.4293354925570769 1.7994708216848718 6.075782496068709 8120.5000000000009 8654.0000000000018 1.0000000180025095e-35 2.9674645054489339 23.500000000000004 5643.5000000000009 7.5000000000000009 17.901091648750974 2.5000000000000004 3.0282552188231571 9795.0000000000018 5.9272486772486781 4.8255273583013034 2.9064312337191436 4.1039126347782684 4.7489207862006131
decision_type=2 2 2 2 2 2 2 2 2 2 2 2 2 2 2 2 2 2 2 2 2 2
left_child=6 -2 9 10 5 -5 8 -8 -1 -3 12 -12 -4 14 -6 19 18 -18 -17 -16 -19 -22
right_child=1 2 3 4 13 -7 7 -9 -10 -11 11 -13 -14 -15 15 16 17 20 -20 -21 21 -23
leaf_value=-0.41465091855736685 -0.09648601411484331 0.0060935776821497145 -0.019488591287102456 0.17916789050767107 -0.080798264778969758 0.020495301910520191 0.14502081378785958 -0.074899848582317421 -0.043293813019472431 0.12515458397851953 0.11703806898988538 -0.021458421008938956 -0.14263471907330172 0.010086743931506464 0.020314729860484281 -0.14289753657222848 0.21183680791888043 -0.069288060025434958 0.013506959863235232 0.27989844491505977 0.73232988750774897 -0.049314372389281533
leaf_weight=3615 1325 47 768 75 2435 214 46 197 245 46 47 515 1507 2000 307 790 70 291 428 69 91 306
leaf_count=3615 1325 47 768 75 2435 214 46 197 245 46 47 515 1507 2000 307 790 70 291 428 69 91 306
internal_value=-0.00124662 -0.000585393 -0.000398912 -0.000450999 -0.000193264 0.00221428 -0.00306548 -0.000536291 -0.00321928 0.00471428 -0.00108621 0.000203703 -0.00141228 -0.000299912 -0.000541946 -4.00942e-05 -0.000337457 0.000674311 -0.000981603 0.00146063 0.000186868 0.00128856
internal_weight=15434 11331 10006 9913 7076 289 4103 243 3860 93 2837 562 2275 6787 4787 2352 1976 758 1218 376 688 397
internal_count=15434 11331 10006 9913 7076 289 4103 243 3860 93 2837 562 2275 6787 4787 2352 1976 758 1218 376 688 397
is_linear=0
shrinkage=0.035


Tree=148
num_leaves=23
num_cat=0
split_feature=9 9 27 14 12 15 11 12 15 12 22 25 11 11 7 22 21 22 22 5 10 10
split_gain=16.8533 1.72435 1.83126 1.63417 1.7968 1.87704 1.81725 3.89344 2.37075 2.28031 1.60642 1.29239 1.17747 1.51363 0.845009 0.882366 0.793515 1.19756 0.864237 0.738775 1.2238 0.891213
threshold=2.2438999360427938 3.7503880141252837 3.5000000000000004 1.0000000180025095e-35 2.0353195344438961 0.10620300751879701 1.6101389151895156 1.5289307364432678 0.069047619047619066 1.8527114407105285 13885.000000000002 180.50000000000003 1.3008872711759827 1.6391501416322993 3.7151433660867341 47274.500000000007 2.5000000000000004 44839.000000000007 13885.000000000002 6.0607142857142859 9.6633807799290903 1.7994708216848718
decision_type=2 2 2 2 2 2 2 2 2 2 2 2 2 2 2 2 2 2 2 2 2 2
left_child=11 2 3 16 5 6 10 -8 -9 -10 -5 12 -1 -14 15 -3 -2 18 -18 20 -16 -21
right_child=1 14 -4 4 -6 -7 7 8 9 -11 -12 -13 13 -15 19 -17 17 -19 -20 21 -22 -23
leaf_value=-0.18124660862180875 -0.1947635973394401 0.1129417351436667 -0.16006998509936243 0.11770142220101106 -0.12129752315634114 -0.066596019154794461 0.11194626979652401 -0.084509945270286005 0.075741820416258834 0.21770961632361777 -0.065846809414113291 -0.35360121225128865 0.09678186782761658 -0.19173279363472667 -0.053164220064031605 -0.0011853178631245768 0.019924866017453528 0.10394395616867687 -0.18613659650668693 0.12071149801859572 0.58861897371379412 -0.0091519195712579694
leaf_weight=105 514 57 722 45 407 315 46 127 77 51 196 3788 68 54 2922 88 80 90 300 236 61 5115
leaf_count=105 514 57 722 45 407 315 46 127 77 51 196 3788 68 54 2922 88 80 90 300 236 61 5115
internal_value=-0.00120121 -0.000514581 -0.00124118 -0.000734799 8.54996e-05 0.00100696 0.00225868 0.00404902 0.00215385 0.00544737 0 -0.00315174 -0.000482759 0.00173622 -0.000257427 0.00233333 -0.00180132 -0.000700001 -0.00159091 -0.000305973 -0.000747323 -5.61995e-05
internal_weight=15464 11449 2970 2248 1264 857 542 301 255 128 241 4015 227 122 8479 145 984 470 380 8334 2983 5351
internal_count=15464 11449 2970 2248 1264 857 542 301 255 128 241 4015 227 122 8479 145 984 470 380 8334 2983 5351
is_linear=0
shrinkage=0.035


Tree=149
num_leaves=23
num_cat=0
split_feature=15 12 13 7 10 9 12 15 22 7 12 20 21 5 9 25 20 10 10 22 7 12
split_gain=15.8838 2.11597 2.68311 1.26835 1.23181 0.948773 1.28201 1.219 1.66817 1.08514 1.01598 0.81809 0.640303 1.28834 0.945599 0.930673 0.759002 0.632067 0.58548 0.641775 1.8919 0.908326
threshold=0.10912698412698414 1.6597234074855975 0.2678571428571429 3.5299733890852214 2.2453232149263669 3.7503880141252837 2.1879075781792019 0.051315789473684217 44839.000000000007 3.2832056170816677 1.8743605611587952 7.5000000000000009 2.5000000000000004 2.1556186000523501 3.1811937276162703 878.00000000000011 25.500000000000004 2.5071326821120414 0.92866800079875766 31797.000000000004 4.7277820077321424 2.5084880235492499
decision_type=2 2 2 2 2 2 2 2 2 2 2 2 2 2 2 2 2 2 2 2 2 2
left_child=1 4 5 17 12 6 7 -3 11 -10 -7 -9 15 -14 16 -1 -15 -2 -12 20 21 -20
right_child=3 2 -4 -5 -6 10 -8 8 9 -11 18 -13 13 14 -16 -17 -18 -19 19 -21 -22 -23
leaf_value=-0.20166184168059806 -0.36433388237336689 -0.066755305453989444 0.14326470607308453 0.030557773684127376 0.041371362753372047 0.14551796767499156 -0.1329408303631687 0.058687253224413607 0.28688858797518535 0.029434607977844973 0.10261570802695918 -0.073635806375150131 -0.13753674505266511 -0.041017264325689154 0.099539086776191096 0.03207073876994132 0.04237300813176894 0.033153029661275604 0.20832071744590319 -0.03640093237504672 -0.0044975809598154651 0.11825713712936532
leaf_weight=804 3789 565 65 53 51 59 397 67 68 47 52 257 407 269 51 84 51 48 51 4210 3919 52
leaf_count=804 3789 565 65 53 51 59 397 67 68 47 52 257 407 269 51 84 51 48 51 4210 3919 52
internal_value=-0.00117136 -0.000516305 -0.000315265 -0.00310462 -0.00165041 -0.000365833 -0.00120982 -0.000516849 0.000835585 0.004375 -0.000221371 -0.000414894 -0.00182436 -0.00104151 0.000409574 -0.00248096 -0.000269232 -0.00318116 -0.000257149 -0.000283417 2.86806e-05 0.00460185
internal_weight=15416 11526 9809 3890 1717 9744 1401 1004 439 115 8343 324 1666 778 371 888 320 3837 8284 8232 4022 103
internal_count=15416 11526 9809 3890 1717 9744 1401 1004 439 115 8343 324 1666 778 371 888 320 3837 8284 8232 4022 103
is_linear=0
shrinkage=0.035


Tree=150
num_leaves=23
num_cat=0
split_feature=9 9 20 25 21 22 14 22 25 9 10 24 11 11 20 20 21 5 12 11 12 10
split_gain=16.122 2.74386 1.35935 1.03792 0.994866 1.42535 2.13851 1.09967 0.958774 1.17086 2.34901 0.832443 0.818787 1.98922 0.795007 1.95739 1.21739 0.91265 1.21999 2.05937 1.55412 1.34077
threshold=2.2020976541785888 3.7503880141252837 24.500000000000004 171.00000000000003 1.5000000000000002 17236.500000000004 1.0000000180025095e-35 39092.000000000007 729.50000000000011 2.7188802630633666 1.573591584938888 8120.5000000000009 1.3879942172687423 1.6391501416322993 16.500000000000004 8.5000000000000018 3.5000000000000004 15.945025446116915 3.924890035552846 4.8584343549926068 6.1326688888443419 2.6095064302514794
decision_type=2 2 2 2 2 2 2 2 2 2 2 2 2 2 2 2 2 2 2 2 2 2
left_child=3 2 8 12 -4 6 -6 -7 -2 10 -10 -5 -1 -14 15 16 -3 18 21 -20 -21 -18
right_child=1 14 4 11 5 7 -8 -9 9 -11 -12 -13 13 -15 -16 -17 17 -19 19 20 -22 -23
leaf_value=-0.15627017131575852 -0.13197823287743515 -0.011582027810131935 -0.14880448418834463 -0.39214214872563902 -0.017527552720623889 -0.033588444679242484 0.18150173777506065 0.069761457334816354 -0.093380371370946263 -0.086184262465142533 0.10616089666585166 -0.025807938349012245 0.10761017445390511 -0.19445586216554561 0.0084430133193877082 -0.12661898190179988 0.06211111467678293 -0.011447300184162137 0.95742164579257594 -0.053231749808508901 0.28797832119569927 -0.026558557613036049
leaf_weight=112 1806 1817 197 3476 48 138 66 117 134 491 116 166 47 50 3757 2288 45 204 50 83 50 147
leaf_count=112 1806 1817 197 3476 48 138 66 117 134 491 116 166 47 50 3757 2288 45 204 50 83 50 147
internal_value=-0.00111291 -0.000456918 -0.00134477 -0.00307339 0.000177757 0.00127273 0.00444118 -0.000134616 -0.00168966 -0.000591154 0.00130392 -0.00321209 -0.000556076 0.00164706 -0.000126806 -0.000432183 0.000260932 0.00165411 0.00267105 0.00469149 0.00207971 0.000586294
internal_weight=15405 11554 3113 3851 566 369 114 255 2547 741 250 3642 209 97 8441 4684 2396 579 375 183 133 192
internal_count=15405 11554 3113 3851 566 369 114 255 2547 741 250 3642 209 97 8441 4684 2396 579 375 183 133 192
is_linear=0
shrinkage=0.035


Tree=151
num_leaves=23
num_cat=0
split_feature=15 11 25 13 12 10 12 22 11 12 5 12 25 7 11 16 10 5 25 21 21 25
split_gain=14.7706 2.9168 1.30544 0.925474 0.992247 0.889713 0.796117 1.70591 0.741751 1.88837 0.646479 1.02317 1.2844 2.15925 0.78289 0.891294 0.937406 0.802423 0.873747 1.39351 1.14715 1.11744
threshold=0.10912698412698414 1.6256866681058642 171.00000000000003 1.0000000180025095e-35 1.6847862362617887 2.5448360411214042 1.5218029021459227 24335.000000000004 1.3665076434985421 1.5969815950728061 6.0607142857142859 7.7792375936535905 421.00000000000006 18.580604475465019 2.3074175660629379 1.0000000180025095e-35 1.3688469460864681 3.2415777174037728 600.00000000000011 1.5000000000000002 1.5000000000000002 210.50000000000003
decision_type=2 2 2 2 2 2 2 2 2 2 2 2 2 2 2 2 2 2 2 2 2 2
left_child=1 3 8 -1 -5 -4 7 -3 -2 -10 11 14 13 -13 15 16 -8 -18 19 -19 -20 -21
right_child=2 6 5 4 -6 -7 10 -9 9 -11 -12 12 -14 -15 -16 -17 17 18 20 21 -22 -23
leaf_value=-0.12325937596753236 -0.25565295915647585 0.093259317173214631 -0.35799346508509239 -0.063311849962245453 0.066695100435536045 0.066232263072464284 -0.11882637484724518 -0.11000027836030352 0.10969973140319079 -0.19503072013403647 -0.0050905726465310715 0.97805158695189276 -0.28164011186542809 -0.016284670786835601 -0.070077742404945673 0.10415951806489035 -0.031831078553779979 -0.1710910934372192 0.20841585658202261 -0.084987995824727047 0.017911305705044921 0.13991320858646228
leaf_weight=1300 69 69 3628 399 101 47 246 57 53 72 5359 55 84 74 2703 62 530 183 79 78 97 91
leaf_count=1300 69 69 3628 399 101 47 246 57 53 72 5359 55 84 74 2703 62 530 183 79 78 97 91
internal_value=-0.00118571 -0.000557121 -0.00305731 -0.0018518 -0.000519803 -0.00320516 -0.000315903 0.00237786 -0.000158292 0.00134615 -0.000354137 -0.000675182 0.00163761 0.00381343 -0.000802406 -0.000104669 -0.000318183 0.000121824 0.00109662 2.94109e-05 0.00307458 0.00233333
internal_weight=15436 11567 3869 1800 500 3675 9767 126 194 125 9641 4282 213 129 4069 1366 1304 1058 528 352 176 169
internal_count=15436 11567 3869 1800 500 3675 9767 126 194 125 9641 4282 213 129 4069 1366 1304 1058 528 352 176 169
is_linear=0
shrinkage=0.035


Tree=152
num_leaves=23
num_cat=0
split_feature=9 9 21 8 20 27 20 25 11 11 20 12 16 12 22 2 9 25 11 11 20 20
split_gain=15.7336 3.0884 1.78202 2.32417 2.25039 1.51099 1.3342 1.21874 1.11854 1.0626 3.37791 1.33554 1.0038 0.91735 0.723718 0.768084 0.716576 0.696807 0.877117 1.48125 0.597516 0.67547
threshold=1.8649500989674754 3.6794790703574112 2.5000000000000004 1.7164909823578556 26.500000000000004 3.5000000000000004 8.5000000000000018 637.50000000000011 1.456014464567468 2.1218654594341788 16.500000000000004 2.1879075781792019 1.0000000180025095e-35 2.1207404262391947 31960.500000000004 3.7601854656050162 2.5000195216228165 878.00000000000011 1.8575654633281318 1.456014464567468 1.5000000000000002 16.500000000000004
decision_type=2 2 2 2 2 2 2 2 2 2 2 2 2 2 2 2 2 2 2 2 2 2
left_child=-1 2 12 -4 5 6 13 8 -6 14 -11 -12 17 16 -8 -16 -5 -2 19 -19 -3 -22
right_child=1 20 3 4 7 -7 9 -9 -10 10 11 -13 -14 -15 15 -17 -18 18 -20 -21 21 -23
leaf_value=-0.52123518239368671 -0.14744092971539388 0.14687545664478407 0.14523272148126412 -0.032988862831510431 0.03721814089030101 -0.13877984326640827 -0.12590939429897893 -0.061255709591825844 0.25694091342260272 -0.21506508901826199 0.3186213618643674 0.0098571687124646441 0.014931861407055137 -0.080060742242523728 -0.062010211397137444 0.062898415621101225 0.066660492115954151 -0.099921227635415083 -0.10252927949559371 0.10687285862647158 -0.039180019967449013 0.0020802935075728618
leaf_weight=3098 1704 344 52 78 56 524 401 52 53 112 50 46 67 71 137 45 216 61 111 57 4304 3822
leaf_count=3098 1704 344 52 78 56 524 401 52 53 112 50 46 67 71 137 45 216 61 111 57 4304 3822
internal_value=-0.00113514 -0.000573901 -0.00138994 -0.000604848 -0.000826653 -0.00121513 -0.000485358 0.00303614 0.00509649 -0.00130151 0.0007723 0.0055099 -0.00212095 0.00122973 -0.00207143 -0.000131017 0.00211873 -0.00227193 -0.000358975 0.00162195 -0.000196166 -0.000258702
internal_weight=15461 12363 3893 1893 1841 1680 1156 161 109 791 208 96 2000 365 583 182 294 1933 229 118 8470 8126
internal_count=15461 12363 3893 1893 1841 1680 1156 161 109 791 208 96 2000 365 583 182 294 1933 229 118 8470 8126
is_linear=0
shrinkage=0.035


Tree=153
num_leaves=23
num_cat=0
split_feature=9 9 20 9 21 23 9 23 20 14 23 20 20 21 2 8 8 3 7 6 11 23
split_gain=15.0829 1.97068 1.91318 1.6137 1.31784 1.08564 1.33817 1.00214 0.978879 0.852294 1.15676 0.770604 1.04078 1.26887 2.35256 0.965316 1.29814 1.03673 0.909482 0.88376 0.813435 0.768365
threshold=2.3214258814352391 3.7503880141252837 24.500000000000004 1.573233841878634 1.5000000000000002 20400.000000000004 2.9287756300286603 35850.000000000007 6.5000000000000009 1.0000000180025095e-35 20400.000000000004 17.500000000000004 7.5000000000000009 3.5000000000000004 6.006203158824877 22.366846650936655 25.964285714285719 20.017857142857146 27.321428571428573 20.017857142857146 5.4435161551949287 21250.000000000004
decision_type=2 2 2 2 2 2 2 2 2 2 2 2 2 2 2 2 2 2 2 2 2 2
left_child=3 2 8 -1 -4 6 -6 -5 9 -2 -11 12 13 18 -15 17 -17 21 20 -14 -3 -13
right_child=1 11 4 7 5 -7 -8 -9 -10 10 -12 15 19 14 -16 16 -18 -19 -20 -21 -22 -23
leaf_value=-0.62285919553195934 -0.086606930089667966 -0.0059772932864722303 -0.14226442325051858 -0.16708421862314429 0.12995901531623022 0.0054912125806128127 0.015312290403493979 -0.032760050478526939 -0.11296607773793445 0.10472742801016489 -0.018326464142012784 0.15200980281930926 -0.12240860968319991 0.090056396506614886 0.054038435681870785 0.33713900565072924 -0.18753586630660629 -0.093468002993555593 0.50107408102696738 0.061763399439179821 -0.19602280764062874 0.00085574538774656835
leaf_weight=2569 301 1275 174 1104 58 239 46 495 1777 77 155 299 2526 73 439 236 65 287 51 310 257 2622
leaf_count=2569 301 1275 174 1104 58 239 46 495 1777 77 155 299 2526 73 439 236 65 287 51 310 257 2622
internal_value=-0.00110622 -0.000438432 -0.00123835 -0.00290451 0.000657087 0.00193103 0.00484862 -0.00199439 -0.00167063 -0.000312268 0.00122574 -0.000167852 -0.000450973 0.000133333 0.00164507 0.000225099 0.00210457 4.03042e-05 -0.000348238 -0.000888244 -0.000516917 0.000244018
internal_weight=15435 11267 2827 4168 517 343 104 1599 2310 533 232 8440 4931 2095 512 3509 301 3208 1583 2836 1532 2921
internal_count=15435 11267 2827 4168 517 343 104 1599 2310 533 232 8440 4931 2095 512 3509 301 3208 1583 2836 1532 2921
is_linear=0
shrinkage=0.035


Tree=154
num_leaves=23
num_cat=0
split_feature=9 11 20 9 8 20 20 7 8 21 25 9 21 25 27 8 9 23 9 10 21 8
split_gain=16.0791 2.64966 1.25063 1.11849 1.01735 1.03423 0.975708 1.08836 0.800778 1.74335 0.942784 1.27523 1.39913 1.14068 0.701729 0.691843 1.45406 0.801161 0.824159 0.674041 1.06018 0.977817
threshold=1.8649500989674754 1.7743595036946866 24.500000000000004 2.7566066573759609 6.4293354925570769 7.5000000000000009 16.500000000000004 3.8580005089438769 1.7164909823578556 2.5000000000000004 195.50000000000003 2.3928766644799593 1.5000000000000002 729.50000000000011 2.5000000000000004 5.6616611418588318 3.331319955860383 42000.000000000007 18.385164835164836 1.7994708216848718 3.5000000000000004 7.4320938738329074
decision_type=2 2 2 2 2 2 2 2 2 2 2 2 2 2 2 2 2 2 2 2 2 2
left_child=-1 8 4 -4 5 -3 -7 -8 9 -2 11 12 -10 -12 -5 16 -16 18 -17 20 21 -6
right_child=1 2 3 14 19 6 7 -9 10 -11 13 -13 -14 -15 15 17 -18 -19 -20 -21 -22 -23
leaf_value=-0.49528414677952576 -0.098733400512444586 -0.0009332978710176143 0.1217569566192386 0.11673767454360681 0.25778133470909464 -0.15785650484270494 0.013048846428079838 -0.13944858231015986 -0.07538872259282299 0.14603791118547979 -0.13541537147838381 -0.040861063553692303 0.13537688655772595 -0.013561086029695022 -0.04106672176961685 -0.1410444683435155 0.11119108754955398 0.025789761679903291 0.061510755486193579 -0.013956550443293194 -0.22266771112535053 0.053718695726553703
leaf_weight=3077 64 738 82 383 47 745 381 243 49 57 1658 379 57 453 72 263 157 524 206 5610 51 109
leaf_count=3077 64 738 82 383 47 745 381 243 49 57 1658 379 57 453 72 263 157 524 206 5610 51 109
internal_value=-0.00104478 -0.000477622 -0.000202372 0.000657801 -0.000388007 -0.00104735 -0.00161499 -0.000550875 -0.00144269 0.00122222 -0.00157574 -0.000142858 0.00312162 -0.00189556 0.000434782 8.55663e-06 0.00173504 -0.000378758 -0.00143249 -0.000145483 0.00178302 0.00323913
internal_weight=15405 12328 9611 1687 7924 2107 1369 624 2717 121 2596 485 106 2111 1605 1222 229 993 469 5817 207 156
internal_count=15405 12328 9611 1687 7924 2107 1369 624 2717 121 2596 485 106 2111 1605 1222 229 993 469 5817 207 156
is_linear=0
shrinkage=0.035


Tree=155
num_leaves=23
num_cat=0
split_feature=9 9 20 8 16 26 10 21 20 22 8 20 21 27 10 11 11 21 22 3 22 7
split_gain=15.4806 2.18368 1.47071 1.34585 1.12243 1.11137 0.912018 1.04863 0.913773 1.36693 0.878809 0.75025 1.16989 0.876869 0.729037 1.74266 0.623752 0.583881 0.637487 0.574073 0.536389 1.3977
threshold=1.8996542048334364 3.6794790703574112 16.500000000000004 1.7164909823578556 1.0000000180025095e-35 1.0000000180025095e-35 2.19152661386611 2.5000000000000004 24.500000000000004 5643.5000000000009 1.5657635829674368 7.5000000000000009 2.5000000000000004 3.5000000000000004 1.154700538379253 2.3074175660629379 2.0623404729825334 1.5000000000000002 39092.000000000007 2.95813533133922 33201.500000000007 21.430126684909297
decision_type=2 2 2 2 2 2 2 2 2 2 2 2 2 2 2 2 2 2 2 2 2 2
left_child=5 2 11 -4 6 -1 8 -8 16 -10 -7 12 -2 -14 15 -3 -5 -11 -19 -9 -16 -22
right_child=1 14 3 4 -6 10 7 19 9 17 -12 -13 13 -15 20 -17 -18 18 -20 -21 21 -23
leaf_value=-0.47794920164224236 -0.14448518503091093 -0.029791163948892994 0.13034086505422027 -0.11000125185046619 0.024501588412902717 -0.31774519541720947 -0.063460762198777346 0.15771496807522456 0.10753541873250085 -0.23385375002415273 0.040455114350615398 -0.15151531198605098 0.036362702885525976 -0.12147634897564792 -0.0010098387308310381 0.36970451146283917 0.017921539709735926 -0.021674563780294663 0.05692920340019697 0.020204826289620718 -0.040168434006436028 0.29994604110342032
leaf_weight=3004 387 119 55 731 70 65 98 48 65 174 72 1163 315 141 5049 46 99 222 102 53 3263 55
leaf_count=3004 387 119 55 731 70 65 98 48 65 174 72 1163 315 141 5049 46 99 222 102 53 3263 55
internal_value=-0.00107516 -0.000511012 -0.00121862 -0.00045122 -0.000644572 -0.00326637 -0.000848154 0.00130392 -0.00117167 -4.92966e-05 -4.92966e-05 -0.001864 -0.00102359 0.000144251 -0.000199661 0.00205882 -0.00190719 -0.000716701 0.00011702 0.00376415 -0.000247492 -0.000592989
internal_weight=15396 12255 3723 1717 1662 3141 1592 199 1393 563 137 2006 843 456 8532 165 830 498 324 101 8367 3318
internal_count=15396 12255 3723 1717 1662 3141 1592 199 1393 563 137 2006 843 456 8532 165 830 498 324 101 8367 3318
is_linear=0
shrinkage=0.035


Tree=156
num_leaves=23
num_cat=0
split_feature=15 11 25 20 20 12 11 21 0 20 25 27 9 12 21 9 25 12 20 25 12 13
split_gain=14.8642 2.9837 2.38623 0.97082 1.66821 1.20469 2.17236 1.19479 1.11525 1.01522 0.962854 0.912538 1.06539 1.28619 0.993631 0.896827 0.932852 0.861643 0.830969 0.81067 0.942856 0.759754
threshold=0.17519181585677754 1.6480521608665197 171.00000000000003 16.500000000000004 8.5000000000000018 2.0951447146382209 2.1651007163322284 1.5000000000000002 17.017817371952514 1.5000000000000002 106.50000000000001 3.5000000000000004 2.7874516916347951 1.7527287316186821 3.5000000000000004 6.2397892490499585 600.00000000000011 1.4490007439104911 25.500000000000004 171.00000000000003 7.6752969302053593 0.15476190476190479
decision_type=2 2 2 2 2 2 2 2 2 2 2 2 2 2 2 2 2 2 2 2 2 2
left_child=1 21 17 4 7 6 18 9 10 -3 -6 12 13 -9 -14 -7 -17 -2 -5 20 -16 -1
right_child=2 3 -4 5 8 15 -8 11 -10 -11 -12 -13 14 -15 19 16 -18 -19 -20 -21 -22 -23
leaf_value=-0.086092341377866477 0.063194342782405433 0.53390115286834761 -0.39122097958476398 -0.003918865821681574 0.66163309921976299 -0.04199265494498608 0.27230956225122371 0.0037719859634931558 0.0049141262708979755 -0.26962649789571813 -0.15143551318175966 -0.042683738134929802 -0.0039829779248784008 0.10873962075436551 -0.24550564366833844 0.029190200716461053 -0.086725587065498946 -0.1974339981556317 0.087591414841286588 0.11984478397897941 0.13386180910969936 0.0037298175709999941
leaf_weight=2105 47 136 3102 318 58 543 70 55 641 607 2020 502 947 54 74 2748 550 49 163 403 50 182
leaf_count=2105 47 136 3102 318 58 543 70 55 641 607 2020 502 947 54 74 2748 550 49 163 403 50 182
internal_value=-0.00107048 -0.00051251 -0.00319404 -0.000247788 -0.000556017 0.000137707 0.00166187 3.3356e-05 -0.00117438 -0.00116043 -0.00156769 0.000468899 0.000886019 0.00417544 0.000617646 -7.8264e-05 0.000134574 0.00204455 0.00074897 0.00182895 -0.000515505 -0.00165227
internal_weight=15424 12226 3198 9939 5547 4392 551 2828 2719 743 2078 2085 1583 109 1474 3841 3298 96 481 527 124 2287
internal_count=15424 12226 3198 9939 5547 4392 551 2828 2719 743 2078 2085 1583 109 1474 3841 3298 96 481 527 124 2287
is_linear=0
shrinkage=0.035


Tree=157
num_leaves=23
num_cat=0
split_feature=11 24 21 25 14 25 10 8 21 21 20 10 25 20 24 22 22 4 20 3 11 12
split_gain=13.4228 1.78369 2.02098 1.59848 1.43452 0.994118 0.76883 0.718077 0.687377 2.11695 3.00962 1.38602 1.29384 1.32373 1.44706 1.22298 1.31694 0.966374 0.835975 0.825904 0.998132 1.40487
threshold=1.4373357526806561 8120.5000000000009 2.5000000000000004 299.00000000000006 0.17424242424242428 171.00000000000003 2.3224763513986715 1.5657635829674368 2.5000000000000004 3.5000000000000004 8.5000000000000018 2.6726124191242469 807.00000000000011 7.5000000000000009 10740.000000000002 39092.000000000007 32208.500000000004 29.073923966709916 5.5000000000000009 7.9927388748624617 5.3321025950399861 4.20432162917258
decision_type=2 2 2 2 2 2 2 2 2 2 2 2 2 2 2 2 2 2 2 2 2 2
left_child=1 7 -3 -4 8 -6 -7 -1 -2 11 -11 12 13 -10 15 16 -15 -12 -13 -20 21 -21
right_child=4 2 3 -5 5 6 -8 -9 9 10 17 18 -14 14 -16 -17 -18 -19 19 20 -22 -23
leaf_value=-0.57337956672309054 -0.044111433348093025 -0.18654747478947623 -0.0072091827069401268 0.11649619017080048 0.033354184262111709 -0.16587386217230959 0.081429999164222139 -0.10914561488821631 -0.020616312143750971 0.049888771350647523 -0.16984870356461945 -0.24974377862249275 -0.17010483479945063 0.040686616007877346 0.26772985153711909 -0.021203942199967317 0.36570566887815809 0.13732938640372819 -0.0694147366683429 0.0014138243867939503 -0.030854441525231965 0.20315854039216097
leaf_weight=2427 5407 211 105 55 50 496 45 1329 238 767 1635 243 166 385 98 173 73 130 291 350 472 290
leaf_count=2427 5407 211 105 55 50 496 45 1329 238 767 1635 243 166 385 98 173 73 130 291 350 472 290
internal_value=-0.00109731 -0.00280542 -0.000428192 0.00243939 -0.000471452 -0.00214933 -0.00260256 -0.0030347 -0.000376341 -8.95418e-05 -0.000823611 0.000573275 0.00151318 0.00200926 0.00274659 0.00205818 0.00300108 -0.00162147 -6.57186e-05 0.00025355 0.000698746 0.00160077
internal_weight=15436 4127 371 160 11309 591 541 3756 10718 5311 2532 2779 1133 967 729 631 458 1765 1646 1403 1112 640
internal_count=15436 4127 371 160 11309 591 541 3756 10718 5311 2532 2779 1133 967 729 631 458 1765 1646 1403 1112 640
is_linear=0
shrinkage=0.035


Tree=158
num_leaves=23
num_cat=0
split_feature=9 9 26 8 21 20 18 22 20 7 22 8 0 7 12 14 20 20 21 21 21 22
split_gain=14.9736 2.9112 1.60469 1.40033 1.20311 1.65608 0.833011 0.774775 0.852708 0.707954 0.744781 0.624824 0.689443 0.618742 0.837107 0.798177 0.596567 1.34558 1.25979 0.954013 1.26534 1.02762
threshold=1.7742956901714255 3.6794790703574112 1.0000000180025095e-35 1.5657635829674368 1.5000000000000002 25.500000000000004 1.0000000180025095e-35 5643.5000000000009 5.5000000000000009 2.0008168058289266 15527.500000000002 29.654761904761909 39.500000000000007 3.2395761604798015 2.0528873862310966 1.0000000180025095e-35 15.500000000000002 10.500000000000002 1.5000000000000002 3.5000000000000004 2.5000000000000004 52360.000000000007
decision_type=2 2 2 2 2 2 2 2 2 2 2 2 2 2 2 2 2 2 2 2 2 2
left_child=2 4 -1 -4 -2 6 7 8 -6 -7 -11 12 16 -9 15 -15 17 18 -3 20 -18 -22
right_child=1 11 3 -5 5 9 -8 13 -10 10 -12 -13 -14 14 -16 -17 19 -19 -20 -21 21 -23
leaf_value=-0.50542763367739274 -0.16858643183967384 -0.18239174559033844 -0.27521209048851419 0.067939497947166153 0.10883857209922437 -0.048094693698353605 -0.16668340701544715 -0.081511526336147708 -0.0085327148118779592 0.11784878161591428 0.010170036843533454 0.11212517319399941 0.300485355389635 -0.038220673386778953 -0.20829719647247238 0.066367508131070757 -0.0096915590633501764 -0.14468454184289101 0.019529661603462894 -0.09217741574560237 0.094416904552743833 -0.079089994652818976
leaf_weight=2816 1029 808 49 48 57 91 310 1605 189 89 201 77 75 162 136 136 2096 1393 2093 818 1064 70
leaf_count=2816 1029 808 49 48 57 91 310 1605 189 89 201 77 75 162 136 136 2096 1393 2093 818 1064 70
internal_value=-0.00102546 -0.000496562 -0.0032841 0.000960784 -0.00127432 -0.000905234 -0.001225 -0.000978167 0.000822708 0.00121503 0.00207627 -0.000127251 -0.000158752 -0.00120548 0 0.00100495 -0.000191627 -0.000479531 -4.33594e-05 0.000109671 0.00038408 0.00132441
internal_weight=15412 12499 2913 97 4005 2976 2595 2285 246 381 290 8494 8417 2039 434 298 8342 4294 2901 4048 3230 1134
internal_count=15412 12499 2913 97 4005 2976 2595 2285 246 381 290 8494 8417 2039 434 298 8342 4294 2901 4048 3230 1134
is_linear=0
shrinkage=0.035


Tree=159
num_leaves=23
num_cat=0
split_feature=9 9 25 20 21 13 25 22 13 22 12 22 21 22 20 8 7 12 12 0 20 21
split_gain=14.2023 1.86557 1.55631 1.99463 1.7207 1.6992 1.20608 1.0032 1.06645 0.801631 0.682164 0.579563 0.57751 0.741284 1.7087 0.540545 0.512975 0.580002 0.659743 0.453406 0.42897 1.8339
threshold=1.7742956901714255 4.2361111111111116 729.50000000000011 24.500000000000004 2.5000000000000004 0.2678571428571429 171.00000000000003 15527.500000000002 1.0000000180025095e-35 5643.5000000000009 2.1879075781792019 31960.500000000004 1.5000000000000002 5643.5000000000009 5.5000000000000009 1.9301792102554887 29.030993601438642 1.7717856088622941 1.9676730906890025 2.9974617545665088 9.5000000000000018 2.5000000000000004
decision_type=2 2 2 2 2 2 2 2 2 2 2 2 2 2 2 2 2 2 2 2 2 2
left_child=6 2 3 12 9 10 -1 8 -6 -5 20 -9 15 14 -14 -2 17 -3 -19 -13 21 -4
right_child=1 16 5 4 7 -7 -8 11 -10 -11 -12 19 13 -15 -16 -17 -18 18 -20 -21 -22 -23
leaf_value=0.02108874347914199 0.022168526152795156 -0.92196838555240679 -0.20322477146757459 0.13290265701011991 0.0061078614540615288 0.14239905214885357 -0.47976999328528031 -0.051068490959349074 0.25231707921188584 -0.12044497971298683 -0.094781385385747166 0.060348953906185804 0.12460932560267943 -0.092394057006704292 -0.024899412352713136 -0.23455050818775527 0.27304548352703256 0.1936700914860254 -0.010578189687163949 -0.0015794349843577383 -0.017690448493118315 0.069935476616481182
leaf_weight=90 49 82 75 54 50 55 2777 60 50 308 164 47 60 1801 220 605 155 49 7928 51 543 136
leaf_count=90 49 82 75 54 50 55 2777 60 50 308 164 47 60 1801 220 605 155 49 7928 51 543 136
internal_value=-0.00102271 -0.000512434 -0.00110097 -0.00145833 0.000307999 0.000114519 -0.00324408 0.00248859 0.00516667 -0.00121117 -0.000238896 0.000579754 -0.00186496 -0.00155369 6.14027e-05 -0.00280956 -0.000199721 -0.000240452 -0.000206967 0.0022767 0.000189064 0.00152315
internal_weight=15409 12542 4328 3355 620 973 2867 258 100 362 918 158 2735 2081 280 654 8214 8059 7977 98 754 211
internal_count=15409 12542 4328 3355 620 973 2867 258 100 362 918 158 2735 2081 280 654 8214 8059 7977 98 754 211
is_linear=0
shrinkage=0.035


Tree=160
num_leaves=23
num_cat=0
split_feature=15 9 25 9 21 20 9 25 22 12 20 20 20 4 21 12 10 22 5 11 16 21
split_gain=14.7435 2.26318 1.35278 1.43687 1.11966 1.84603 1.16222 0.926588 0.803021 1.17308 1.36954 0.701706 1.47653 1.02072 0.963524 0.986167 1.45032 0.791142 0.765781 0.917565 0.693269 0.649939
threshold=0.19139194139194141 3.6794790703574112 729.50000000000011 2.3573097272802586 1.5000000000000002 25.500000000000004 2.1787756300286607 180.50000000000003 5643.5000000000009 1.8152061990235555 10.500000000000002 16.500000000000004 10.500000000000002 3.9929401464817613 3.5000000000000004 7.6752969302053593 7.5671594595926246 47274.500000000007 7.9732713418271493 6.0974228398316148 1.0000000180025095e-35 1.5000000000000002
decision_type=2 2 2 2 2 2 2 2 2 2 2 2 2 2 2 2 2 2 2 2 2 2
left_child=1 2 4 -4 -1 8 -7 -2 9 10 -6 12 13 -3 15 17 -17 18 -14 -20 -5 -15
right_child=7 11 3 20 5 6 -8 -9 -10 -11 -12 -13 14 21 -16 16 -18 -19 19 -21 -22 -23
leaf_value=-0.21713671938287513 0.022215561182423658 0.062956785630276388 0.071223094173920629 -0.033877344511431005 0.11473387299848754 -0.053361425606926402 0.060281025571279977 -0.42797804352029545 -0.10297734318906189 -0.038394740479739155 -0.008872552112685235 0.0095529456000348848 -0.11012384270031821 -0.11273087315449946 -0.47000236585826038 0.40542735584446637 -0.1327203510900708 -0.25158793588261774 0.10672495897588893 -0.2650630908173735 0.085938498862186394 0.01122600388654426
leaf_weight=794 48 130 86 774 48 101 202 2708 1891 154 76 3821 501 845 456 52 75 253 280 124 45 1988
leaf_count=794 48 130 86 774 48 101 202 2708 1891 154 76 3821 501 845 456 52 75 253 280 124 45 1988
internal_value=-0.00101601 -0.000510079 -0.0011784 0 -0.00150978 -0.00112616 0.00138636 -0.00333521 -0.00148758 0.000210247 0.00274031 -0.00018054 -0.00046751 2.35766e-06 -0.00127491 -0.000759691 0.00206818 -0.00109243 -0.000576924 0.000522004 -0.000441748 -0.000133193
internal_weight=15452 12696 4171 905 3266 2472 303 2756 2169 278 124 8525 4704 2963 1741 1285 127 1158 905 404 819 2833
internal_count=15452 12696 4171 905 3266 2472 303 2756 2169 278 124 8525 4704 2963 1741 1285 127 1158 905 404 819 2833
is_linear=0
shrinkage=0.035


Tree=161
num_leaves=23
num_cat=0
split_feature=15 8 20 22 25 20 25 4 20 9 10 0 15 20 20 3 10 16 22 22 10 25
split_gain=14.1057 2.29417 1.10869 1.89991 0.985146 0.975156 0.819013 0.648423 0.858283 0.61771 2.18111 0.584898 0.575567 0.551461 0.857106 1.21615 1.10206 0.951749 0.935706 0.81396 0.969077 0.756817
threshold=0.18019480519480521 6.7857236034599504 24.500000000000004 5643.5000000000009 729.50000000000011 1.5000000000000002 180.50000000000003 3.8288091991096409 15.500000000000002 2.7188802630633666 1.8644544714716074 1.9815188507814125 0.10620300751879701 15.500000000000002 8.5000000000000018 8.942279580511066 2.1491969707422434 1.0000000180025095e-35 22034.500000000004 10086.000000000002 5.0968595820397065 831.00000000000011
decision_type=2 2 2 2 2 2 2 2 2 2 2 2 2 2 2 2 2 2 2 2 2 2
left_child=1 2 4 -4 5 -1 -2 8 -3 10 11 -6 -5 14 15 18 -17 19 -9 20 -16 -18
right_child=6 7 3 12 9 -7 -8 13 -10 -11 -12 -13 -14 -15 17 16 21 -19 -20 -21 -22 -23
leaf_value=0.052811192257554651 0.013819238654709515 0.17918795789913022 0.13893213794291293 -0.00015677134511822826 0.045617547534084632 -0.08945732881376714 -0.41408157685227109 0.16598121248353973 -0.05105756399738056 -0.047031096642864978 0.10662385185937134 -0.095223013015855007 -0.093694288878031218 0.008333316439988173 0.40835327051296538 0.24909359039454801 0.013731161064572506 0.50628160406725653 -0.12083198083401256 -0.15938214706534062 -0.14155817066539672 0.2860425718522383
leaf_weight=237 54 48 89 685 55 3526 2761 154 65 552 82 119 273 3320 70 54 1072 67 501 1382 152 59
leaf_count=237 54 48 89 685 55 3526 2761 154 65 552 82 119 273 3320 70 54 1072 67 501 1382 152 59
internal_value=-0.00106306 -0.000558965 -0.00108492 -3.99248e-05 -0.00132015 -0.00155865 -0.00330142 -0.000130451 0.0024322 -0.000185118 0.00119349 -0.000958101 -0.000519731 -0.000177151 -0.000483789 2.84545e-05 0.000705882 -0.00105668 -0.00116667 -0.00123773 0.000662995 0.000443661
internal_weight=15377 12562 5618 1047 4571 3763 2815 6944 113 808 256 174 958 6831 3511 1840 1185 1671 655 1604 222 1131
internal_count=15377 12562 5618 1047 4571 3763 2815 6944 113 808 256 174 958 6831 3511 1840 1185 1671 655 1604 222 1131
is_linear=0
shrinkage=0.035


Tree=162
num_leaves=23
num_cat=0
split_feature=9 11 25 10 9 25 25 9 11 8 11 10 24 8 7 0 8 21 10 7 12 22
split_gain=14.6908 1.71282 1.4763 1.3007 1.55131 1.16041 1.08279 1.30535 1.29277 0.98183 0.842335 1.34357 1.50475 0.914635 1.10829 0.775757 0.773856 0.755033 1.14792 1.76454 1.21491 1.11688
threshold=1.800008590668096 1.8232322463624386 729.50000000000011 1.7043362064926952 2.748426913839737 171.00000000000003 195.50000000000003 2.3928766644799593 1.2282159126307828 1.5657635829674368 1.9561793638745544 2.3466960147552922 8120.5000000000009 6.7857236034599504 5.714304349777044 2.0616933082983997 1.6311106389694114 3.5000000000000004 4.0934741047249643 11.288630000435463 3.848901275797354 48992.500000000007
decision_type=2 2 2 2 2 2 2 2 2 2 2 2 2 2 2 2 2 2 2 2 2 2
left_child=5 2 6 15 -5 9 7 8 -2 -1 11 12 -3 -12 -15 -4 -8 -16 -19 20 -20 -21
right_child=1 10 3 4 -6 -7 16 -9 -10 -11 13 -13 -14 14 17 -17 -18 18 19 21 -22 -23
leaf_value=-0.26992587205927315 -0.033081783749054912 -0.080777354320302738 0.036763544350527859 0.13178890474414209 -0.023572997033248107 -0.43350595680725562 0.036473629345844798 -0.045945332536436449 0.10198915797848186 0.061950296114490794 -0.040003416549736173 0.15549370924270881 0.072329980491000465 0.26900283112739304 0.004063328972936351 -0.080732876817068602 -0.096125109669381786 -0.16640677161797396 -0.01948488896034295 -0.082317714975779874 0.36355351257688545 0.27204151909264229
leaf_weight=52 61 263 150 69 82 2845 62 394 80 55 2144 52 143 55 5151 204 1914 664 58 736 87 87
leaf_count=52 61 263 150 69 82 2845 62 394 80 55 2144 52 143 55 5151 204 1914 664 58 736 87 87
internal_value=-0.000949881 -0.000421596 -0.00114813 0.000549019 0.00323077 -0.00316858 -0.00149682 -6.48156e-05 0.00273288 0.000249999 -0.000187137 0.00126242 0.000502432 -0.000263659 -6.29118e-05 -0.00057521 -0.00187456 -0.000107249 -0.000763287 0 0.0035 -0.000625605
internal_weight=15408 12456 3016 505 151 2952 2511 535 141 107 9440 458 406 8982 6838 354 1976 6783 1632 968 145 823
internal_count=15408 12456 3016 505 151 2952 2511 535 141 107 9440 458 406 8982 6838 354 1976 6783 1632 968 145 823
is_linear=0
shrinkage=0.035


Tree=163
num_leaves=23
num_cat=0
split_feature=15 9 7 15 25 9 13 8 21 12 22 12 13 22 9 24 20 12 12 21 9 8
split_gain=14.1291 2.03658 1.21577 1.12465 1.08758 1.27438 1.0406 0.940858 0.815881 1.38978 0.778066 1.93422 2.19721 0.740806 1.43209 2.22796 1.72231 1.37955 2.06323 3.46525 1.0739 1.72093
threshold=0.18019480519480521 3.7503880141252837 3.286381766263891 1.0000000180025095e-35 729.50000000000011 3.3578323788309925 0.15476190476190479 3.0003337402748032 2.5000000000000004 2.0528873862310966 3735.5000000000005 2.1207404262391947 1.0000000180025095e-35 33201.500000000007 5.8214332303014045 4326.0000000000009 24.500000000000004 6.9460315646673028 8.2165691373956609 2.5000000000000004 6.2397892490499585 9.7681770045760015
decision_type=2 2 2 2 2 2 2 2 2 2 2 2 2 2 2 2 2 2 2 2 2 2
left_child=1 3 -3 -1 10 6 7 -6 -9 -10 11 12 -5 14 15 16 -4 20 19 -19 -15 -22
right_child=-2 2 13 4 5 -7 -8 8 9 -11 -12 -13 -14 17 -16 -17 -18 18 -20 -21 21 -23
leaf_value=-0.12235876401383498 -0.36963799826885646 0.084400019692161043 -0.016880742074187945 -0.0066624349868609194 -0.034246432624867922 -0.098985306322683098 0.13725323893828759 -0.0065308133004066838 0.10686726057394096 -0.11142605468229844 -0.076440301692031865 -0.15890795527337331 0.097983936183703393 -0.098649792007411891 -0.0038127432599345508 0.76095183002068101 0.19858557862360715 0.0046205603906952801 -0.90794735603468446 0.60187437704081381 0.014035873340375407 -0.14595270238443742
leaf_weight=762 2762 72 275 125 356 128 53 72 80 49 2364 121 79 551 4738 45 45 78 56 48 1288 1240
leaf_count=762 2762 72 275 125 356 128 53 72 80 49 2364 121 79 551 4738 45 45 78 56 48 1288 1240
internal_value=-0.000955497 -0.000457245 -0.000141394 -0.00108822 -0.000807693 0.000362718 0.00105284 0.000548042 0.0024466 0.00407463 -0.00113549 0.000424242 0.00252871 -0.000183595 7.67415e-05 0.00217567 0.00102308 -0.000595837 0.00230214 0.00478244 -0.000776265 -0.000460127
internal_weight=15387 12625 8436 4189 3427 738 610 557 201 129 2689 325 204 8364 5103 365 320 3261 182 126 3079 2528
internal_count=15387 12625 8436 4189 3427 738 610 557 201 129 2689 325 204 8364 5103 365 320 3261 182 126 3079 2528
is_linear=0
shrinkage=0.035


Tree=164
num_leaves=23
num_cat=0
split_feature=15 11 20 20 12 11 9 22 10 9 7 13 25 21 21 25 27 25 21 0 20 10
split_gain=14.3805 1.92533 1.82942 2.54037 1.27476 1.6688 2.66614 1.29912 1.15053 1.11534 2.58906 0.876547 0.857452 1.84693 1.84867 1.221 0.818565 1.1461 1.27313 1.51836 0.799949 1.31084
threshold=0.20416666666666669 1.7743595036946866 16.500000000000004 7.5000000000000009 2.1879075781792019 2.1031112483834358 3.0006895216881353 39092.000000000007 1.7194019224728865 7.9650178694448508 7.5612451726400796 0.41428571428571431 195.50000000000003 2.5000000000000004 3.5000000000000004 381.00000000000006 3.5000000000000004 191.00000000000003 3.5000000000000004 6.3828627130954976 19.500000000000004 1.2411150588942081
decision_type=2 2 2 2 2 2 2 2 2 2 2 2 2 2 2 2 2 2 2 2 2 2
left_child=1 11 3 16 5 7 -7 -4 -9 -5 -11 12 13 20 -15 -14 17 -3 -19 -20 -1 -22
right_child=-2 2 4 9 -6 6 -8 8 -10 10 -12 -13 15 14 -16 -17 -18 18 19 -21 21 -23
leaf_value=-0.20133420556601217 -0.36984670146251197 -0.075537078051809259 -0.060719423223164683 -0.13665793875883037 0.0034789509893712735 -0.029077138837487467 0.24507333439326334 -0.070244033939747652 0.13387368429699553 0.84450980551097621 -0.094346519639604304 0.056390465196192674 -0.12988787750276054 0.093984242695201212 -0.1479772390263763 -0.042247386711267106 -0.064438174660019151 0.016652554195068107 0.14009153400137075 0.11324935006879339 -0.26755273608695418 0.090626850480600499
leaf_weight=230 2748 452 216 1137 3753 50 90 51 76 50 1786 55 1242 145 48 1296 554 998 90 232 65 81
leaf_count=230 2748 452 216 1137 3753 50 90 51 76 50 1786 55 1242 145 48 1296 554 998 90 232 65 81
internal_value=-0.000951457 -0.000452449 -0.000201783 -0.000636125 0.000337537 0.00202254 0.00518965 0.000623562 0.00339394 -0.00131397 -0.000762358 -0.0012013 -0.00128438 -2.43911e-05 0.00268687 -0.00155938 0.000223723 0.000596792 0.00112264 0.00302905 -0.001479 0.000440397
internal_weight=15445 12697 9535 5299 4236 483 140 343 127 2973 1836 3162 3107 569 193 2538 2326 1772 1320 322 376 146
internal_count=15445 12697 9535 5299 4236 483 140 343 127 2973 1836 3162 3107 569 193 2538 2326 1772 1320 322 376 146
is_linear=0
shrinkage=0.035


Tree=165
num_leaves=23
num_cat=0
split_feature=9 9 16 21 20 7 25 20 10 23 11 7 15 21 5 21 25 10 23 11 2 25
split_gain=14.6575 1.70356 1.08368 0.942425 1.20721 0.927583 0.871961 0.811571 1.0698 0.734286 0.715859 0.696018 0.684173 1.13569 1.09275 0.622327 0.65319 0.568965 0.515103 0.514076 1.55936 0.554787
threshold=1.5412952862512337 3.7503880141252837 1.0000000180025095e-35 1.5000000000000002 25.500000000000004 1.927261177975464 637.50000000000011 6.5000000000000009 2.0000000000000013 27800.000000000004 1.922351799581717 3.286381766263891 0.069047619047619066 2.5000000000000004 2.6711926103110648 2.5000000000000004 299.00000000000006 2.2677868380553665 35850.000000000007 1.0509022810878306 1.9332284502450767 878.00000000000011
decision_type=2 2 2 2 2 2 2 2 2 2 2 2 2 2 2 2 2 2 2 2 2 2
left_child=-1 2 3 -2 7 -6 15 8 12 -10 18 -3 13 -5 -15 -7 -17 -11 -4 20 -9 -21
right_child=1 11 10 4 5 6 -8 19 9 17 -12 -13 -14 14 -16 16 -18 -19 -20 21 -22 -23
leaf_value=-0.46245128382840384 -0.13788282683668954 0.0673293927856283 0.0091197724712746356 -0.15033704370998949 -0.04429420096318476 0.081924077348515228 -0.044226555541832614 0.073888800469569596 0.0944748063198389 0.048155222742853686 -0.08902365788993008 -0.0058361725383287788 -0.082127745695023166 -0.027129272331025009 0.07067074854836726 0.032280972966283482 0.20496698054173171 -0.10792988924921636 0.10701171567785941 -0.07588871550005595 -0.081747715246288447 0.0003073962901941179
leaf_weight=2484 1078 74 71 63 99 69 109 71 93 45 50 8378 322 48 50 77 55 53 58 1687 142 224
leaf_count=2484 1078 74 71 63 99 69 109 71 93 45 50 8378 322 48 50 77 55 53 58 1687 142 224
internal_value=-0.000884941 -0.000409296 -0.00096252 -0.00107692 -0.000764945 0.000980676 0.00194444 -0.00102765 5.15381e-06 0.00221428 0.00163587 -0.00011464 -0.000846312 0.00092771 0.00329612 0.00329612 0.00467518 0 0.00302985 -0.00136285 0.00019266 -0.00154541
internal_weight=15400 12916 4464 4285 3207 409 310 2798 674 191 179 8452 483 161 98 201 132 98 129 2124 213 1911
internal_count=15400 12916 4464 4285 3207 409 310 2798 674 191 179 8452 483 161 98 201 132 98 129 2124 213 1911
is_linear=0
shrinkage=0.035


Tree=166
num_leaves=23
num_cat=0
split_feature=9 9 16 9 7 10 24 10 27 9 8 24 21 11 8 20 8 10 20 20 9 3
split_gain=14.6384 2.0371 1.87283 1.25194 0.838411 0.680289 0.600975 0.904749 0.586484 1.55465 1.1283 0.558716 0.449656 0.672334 0.559264 0.695847 0.447159 0.794185 0.424304 1.08779 0.826669 0.758752
threshold=1.4655513469079844 3.7503880141252837 1.0000000180025095e-35 2.748426913839737 3.7151433660867341 1.2411150588942081 3291.5000000000005 2.9815384075723856 3.5000000000000004 2.3928766644799593 1.6311106389694114 8654.0000000000018 2.5000000000000004 1.5281246137553179 3.0003337402748032 17.500000000000004 2.9096191506905797 1.7194019224728865 15.500000000000002 10.500000000000002 6.5365010320367469 3.9929401464817613
decision_type=2 2 2 2 2 2 2 2 2 2 2 2 2 2 2 2 2 2 2 2 2 2
left_child=-1 2 6 5 11 -4 7 8 9 -2 -10 -3 16 -14 -15 -16 17 -11 19 -6 -20 -22
right_child=1 4 3 -5 18 -7 -8 -9 10 12 -12 -13 13 14 15 -17 -18 -19 20 -21 21 -23
leaf_value=-0.48126548889440979 0.08940028712953775 0.10750110487372484 0.042337097343933754 -0.023862328623789654 -0.002750330308188702 0.083479388639617666 -0.074224161152158324 0.1297998594683068 0.056441785516340409 -0.12005007070539418 -0.12743835144433077 0.0017549577137108627 0.044199053768557928 -0.092461914750116572 -0.052626687547385885 0.037559573900630742 -0.10648010309921026 0.081403075947837092 -0.055479135471291761 -0.12302954791900697 0.20972517431961227 0.0070755069293879829
leaf_weight=2407 88 51 50 69 2933 62 3087 54 52 123 366 91 77 125 107 60 191 54 390 1395 80 3477
leaf_count=2407 88 51 50 69 2933 62 3087 54 52 123 366 91 77 125 107 60 191 54 390 1395 80 3477
internal_value=-0.000951281 -0.000484293 -0.00107987 0.00233333 -0.000158752 0.00457692 -0.00122727 -0.000569893 -0.000779648 -0.000210844 -0.00184515 0.00245238 -0.000764152 5.61489e-05 -0.000671718 0.000569767 -0.00162333 -0.00023077 -0.000207126 -0.000446689 5.13656e-05 0.000224031
internal_weight=15389 12982 4565 181 8417 112 4384 1297 1243 825 418 142 737 369 292 167 368 177 8275 4328 3947 3557
internal_count=15389 12982 4565 181 8417 112 4384 1297 1243 825 418 142 737 369 292 167 368 177 8275 4328 3947 3557
is_linear=0
shrinkage=0.035


Tree=167
num_leaves=23
num_cat=0
split_feature=9 9 21 20 11 18 8 25 9 20 11 8 10 7 23 20 3 20 10 21 21 8
split_gain=14.5715 1.73897 0.898844 1.17848 0.929218 0.787151 0.76015 0.727036 1.8045 1.31414 1.18392 1.63837 0.620026 0.592784 2.82391 0.771869 0.648455 0.682923 1.00099 1.0096 1.78813 1.18485
threshold=1.4655513469079844 3.7503880141252837 1.5000000000000002 24.500000000000004 1.8337495365063814 1.0000000180025095e-35 29.654761904761909 729.50000000000011 2.3573097272802586 10.500000000000002 1.9561793638745544 2.7861226886287489 3.0476491406635007 4.8582227003737612 41450.000000000007 8.5000000000000018 7.9927388748624617 7.5000000000000009 7.158228479897681 3.5000000000000004 2.5000000000000004 18.64658250556737
decision_type=2 2 2 2 2 2 2 2 2 2 2 2 2 2 2 2 2 2 2 2 2 2
left_child=-1 2 -2 5 -5 7 13 12 -9 10 11 -10 -4 14 15 -3 -15 -18 19 20 -19 -21
right_child=1 6 3 4 -6 -7 -8 8 9 -11 -12 -13 -14 16 -16 -17 17 18 -20 21 -22 -23
leaf_value=-0.46442119678310551 -0.12346260673089823 0.038390213284638562 -0.055884008012154623 -0.0012234120402416237 0.086963721981343389 -0.15379924396797159 0.12125812814665991 0.08644135888675597 -0.0095511903689462184 -0.079720830551175889 -0.14273654590457327 0.1358944192153444 0.035872359026702452 -0.042725370731570143 -0.034406380802475343 0.24297050437788026 0.033510936100470033 -0.02352404439194521 -0.15435147855839476 -0.22816017054148424 0.097085764353628701 0.091784954296293894
leaf_weight=2380 1136 51 1991 441 122 356 72 47 50 281 74 64 46 2367 297 136 1100 1871 693 544 1028 287
leaf_count=2380 1136 51 1991 441 122 356 72 47 50 281 74 64 46 2367 297 136 1100 1871 693 544 1028 287
internal_value=-0.000895234 -0.000433916 -0.000981033 -0.000691545 0.00075176 -0.000977695 -0.000132944 -0.000749805 0.000396352 -0.000251056 0.00194041 0.00414706 -0.00104897 -0.000166668 0.0010092 0.00433854 -0.000241609 -3.03916e-05 -0.000227643 0 0.000308539 -0.00107177
internal_weight=15434 13054 4608 3472 563 2909 8446 2553 516 469 188 114 2037 8374 484 187 7890 5523 4423 3730 2899 831
internal_count=15434 13054 4608 3472 563 2909 8446 2553 516 469 188 114 2037 8374 484 187 7890 5523 4423 3730 2899 831
is_linear=0
shrinkage=0.035


Tree=168
num_leaves=23
num_cat=0
split_feature=9 11 12 9 20 20 9 11 16 21 16 9 22 22 24 1 9 12 8 11 21 21
split_gain=14.0895 1.64321 1.46247 1.17114 1.01889 1.86168 1.12359 1.09606 0.922401 0.722408 0.682281 0.767776 0.638393 1.42561 1.04044 0.731967 0.721754 0.608731 0.987072 1.07679 0.926447 1.36958
threshold=1.4655513469079844 1.6256866681058642 1.4490007439104911 2.2438999360427938 16.500000000000004 8.5000000000000018 4.0299239409697059 2.0232168923292919 1.0000000180025095e-35 3.5000000000000004 1.0000000180025095e-35 2.3928766644799593 47274.500000000007 32208.500000000004 3792.0000000000005 17.017817371952514 9.7864432143945823 10.747645841276489 23.094925582398712 7.4828535802045586 3.5000000000000004 2.5000000000000004
decision_type=2 2 2 2 2 2 2 2 2 2 2 2 2 2 2 2 2 2 2 2 2 2
left_child=-1 10 3 -3 5 9 -7 -8 -9 -4 -2 -12 13 14 -11 16 -16 18 20 -20 21 -6
right_child=1 2 4 -5 17 6 7 8 -10 12 11 -13 -14 -15 15 -17 -18 -19 19 -21 -22 -23
leaf_value=-0.44816645489569679 -0.056221062908919262 0.036164150572878827 -0.019215387333321361 0.065093054526760799 -0.0093927193692020152 -0.12885222901949411 0.2563702872881013 -0.11727993467621511 0.63461868251338849 -0.0032948958293904426 0.094916505056705985 -0.080032559949818741 0.20791812409624288 -0.090053473765731432 0.092774924901486658 -0.018555102929421172 0.24909141024856593 -0.43181881446384873 0.98182344943519884 0.031550696231852332 -0.072455493084775044 0.057055116791014583
leaf_weight=2357 2552 77 2137 50 2224 648 59 2089 83 232 47 54 139 188 84 46 62 70 86 142 830 1194
leaf_count=2357 2552 77 2137 50 2224 648 59 2089 83 232 47 54 139 188 84 46 62 70 86 142 830 1194
internal_value=-0.000906989 -0.000456406 -0.000256344 0.00339394 -0.000304614 -0.000613653 -0.00124272 -0.000854652 -0.000991962 8.46788e-06 -0.00123514 0.00145283 0.000944444 0.0004141 0.00155827 0.00342893 0.00461258 8.38269e-05 0.000139812 0.00235837 1.39893e-05 0.000273005
internal_weight=15450 13093 10440 127 10313 5767 2879 2231 2172 2888 2653 101 751 612 424 192 146 4546 4476 228 4248 3418
internal_count=15450 13093 10440 127 10313 5767 2879 2231 2172 2888 2653 101 751 612 424 192 146 4546 4476 228 4248 3418
is_linear=0
shrinkage=0.035


Tree=169
num_leaves=23
num_cat=0
split_feature=9 20 9 16 20 21 4 22 20 23 25 11 12 9 15 10 21 20 15 7 22 7
split_gain=14.454 1.37944 1.50314 1.3969 1.29136 1.22766 1.04793 1.42208 1.016 0.980879 0.814837 0.820341 1.14806 0.895688 0.99579 0.840748 0.816961 0.917386 0.759871 0.715909 0.735409 0.701605
threshold=1.4655513469079844 24.500000000000004 6.4303570527654719 1.0000000180025095e-35 1.5000000000000002 2.5000000000000004 3.8288091991096409 33201.500000000007 30.500000000000004 41450.000000000007 600.00000000000011 2.2558163041235004 1.3620972114816998 2.3573097272802586 0.10912698412698414 1.4916032431443587 1.5000000000000002 11.500000000000002 0.14550264550264552 2.6134389949581034 17236.500000000004 3.6872237546884019
decision_type=2 2 2 2 2 2 2 2 2 2 2 2 2 2 2 2 2 2 2 2 2 2
left_child=-1 2 3 4 19 18 7 -4 -7 -5 -6 12 -12 14 -14 -15 -17 21 -3 -2 -21 -18
right_child=1 5 6 9 10 8 -8 -9 -10 -11 11 -13 13 15 -16 16 17 -19 -20 20 -22 -23
leaf_value=-0.43113239022412742 -0.15927909904706239 -0.0081340320065639935 -0.071865315917801723 -0.010296547508728092 -0.088361171266099631 0.061531171157897212 -0.016658564868924652 0.26108722889756514 -0.053688724205107466 0.074047091137666776 -0.068641910948882195 -0.13101043927717027 0.08662266515098889 -0.051842875353306686 -0.070654236569219125 0.17056833901277063 0.0024726909724074216 -0.062364233785304042 -0.19453784890394296 1.4119109572696937 0.025212083525025776 0.09740698882331654
leaf_weight=2407 52 1241 51 136 3002 898 5850 62 114 58 211 308 65 261 48 84 112 184 121 59 157 45
leaf_count=2407 52 1241 51 136 3002 898 5850 62 114 58 211 308 65 261 48 84 112 184 121 59 157 45
internal_value=-0.000892635 -0.0004331 -0.000602326 -0.00106528 -0.00119105 0.000325136 -0.000227548 0.00302542 0.00124926 0.00177638 -0.00133931 -0.000589948 -8.62077e-05 0.000504974 0.00332203 0 0.000976743 0.000141618 -0.000350769 0.00111538 0.00204299 0.00211728
internal_weight=15526 13119 10745 4782 4588 2374 5963 113 1012 194 4320 1318 1010 799 113 686 425 341 1362 268 216 157
internal_count=15526 13119 10745 4782 4588 2374 5963 113 1012 194 4320 1318 1010 799 113 686 425 341 1362 268 216 157
is_linear=0
shrinkage=0.035


Tree=170
num_leaves=23
num_cat=0
split_feature=9 9 25 9 10 14 22 14 13 20 8 20 0 4 10 10 9 7 25 10 8 22
split_gain=14.7385 1.49963 1.08254 1.1436 1.74259 1.15639 0.969684 2.28117 1.47298 1.33367 2.86178 1.89704 0.89243 0.829434 0.786383 0.709655 0.91422 0.879451 0.716217 0.770085 0.97213 0.637478
threshold=1.4655513469079844 3.7503880141252837 729.50000000000011 2.748426913839737 1.7043362064926952 0.11805555555555557 15527.500000000002 1.0000000180025095e-35 0.30952380952380959 26.500000000000004 2.3572293111853639 9.5000000000000018 1.8395072499011569 2.4311525555410216 1.9023794624226864 2.8199966227605611 7.6087574831176941 6.9974489795918382 421.00000000000006 2.22539456105675 4.8263308037724721 52360.000000000007
decision_type=2 2 2 2 2 2 2 2 2 2 2 2 2 2 2 2 2 2 2 2 2 2
left_child=-1 2 6 4 12 -6 7 -2 9 11 -11 13 -4 14 -9 18 -17 -18 -3 20 -20 -19
right_child=1 15 3 -5 5 -7 -8 8 -10 10 -12 -13 -14 -15 -16 16 17 21 19 -21 -22 -23
leaf_value=-0.4105368331003163 -0.13495992637899648 -0.0019242055660385119 0.088009277121111978 -0.025095228566147373 0.10544795668872105 0.014043690347390914 -0.076645537956607349 -0.061319456555854489 0.15547394897074421 -0.090949030930779995 0.1879990648229892 -0.0484446557851132 -0.097256304522634326 0.074671046473049799 0.050379938592721857 -0.10397883954979419 0.22128543396109313 -0.0080423682999504406 0.17256766347056068 0.11662334301035837 -0.049296684137655658 -0.40811969654128105
leaf_weight=2391 467 1784 57 615 69 65 2300 80 49 50 48 515 149 116 50 724 49 4900 78 421 421 104
leaf_count=2391 467 1784 57 615 69 65 2300 80 49 50 48 515 149 116 50 724 49 4900 78 421 421 104
internal_value=-0.000843459 -0.000380528 -0.000887272 0.000145833 0.00177536 0.00480935 -0.00116033 -0.000405798 0.000601861 0.000226851 0.00397573 -0.000255876 -0.000182465 0.00221713 0.000129629 -0.000101462 -0.000322035 -0.000150851 0.000363048 0.00115405 0.000180555 -0.000201937
internal_weight=15502 13111 4630 955 340 134 3675 1375 908 859 98 761 206 246 130 8481 5777 5053 2704 920 499 5004
internal_count=15502 13111 4630 955 340 134 3675 1375 908 859 98 761 206 246 130 8481 5777 5053 2704 920 499 5004
is_linear=0
shrinkage=0.035


Tree=171
num_leaves=23
num_cat=0
split_feature=9 11 21 21 20 25 12 11 22 7 13 20 25 18 9 11 25 12 25 11 12 9
split_gain=14.1659 1.18697 1.04927 1.62719 1.56787 1.72847 1.65789 1.47999 1.07197 0.948028 0.847471 0.846477 0.917601 0.801194 0.804 1.06607 1.09767 0.984394 1.04726 1.28926 2.42922 2.14482
threshold=1.4655513469079844 1.5544071024751493 3.5000000000000004 2.5000000000000004 8.5000000000000018 878.00000000000011 7.1843557144086043 5.3321025950399861 25082.000000000004 20.977807638868878 0.2678571428571429 1.5000000000000002 195.50000000000003 1.0000000180025095e-35 8.5037084278155728 2.3074175660629379 600.00000000000011 4.1039126347782684 191.00000000000003 5.6802466010347947 5.4785645940392262 20.286476540839413
decision_type=2 2 2 2 2 2 2 2 2 2 2 2 2 2 2 2 2 2 2 2 2 2
left_child=-1 -2 3 11 -4 6 -6 10 -9 -10 -5 12 -3 14 15 16 -13 -16 19 20 -19 -22
right_child=1 2 4 7 5 -7 -8 8 9 -11 -12 13 -14 -15 17 -17 -18 18 -20 -21 21 -23
leaf_value=-0.39677219662124857 -0.044600625935726688 1.5473984899835631 0.019386564128611079 0.042400457064140716 -0.19384413521499941 0.064028635293831335 0.030386486109936758 -0.10680078308188161 -0.016115119849539283 0.29754138663469076 0.086882657820626374 -0.03999804651100021 0.0049018644315684456 -0.2488398522475648 0.041024144258539626 -0.085467828282974515 0.044048819012211825 -0.21807236316357489 -0.10661212309931294 -0.033774009447712604 0.98974387541856612 0.45617650484187977
leaf_weight=2408 2358 59 800 2082 1315 59 416 325 164 55 55 901 158 164 834 1130 336 65 1349 295 51 45
leaf_count=2408 2358 59 800 2082 1315 59 416 325 164 55 55 901 158 164 834 1130 336 65 1349 295 51 45
internal_value=-0.000861787 -0.000403464 -0.000243882 -4.46559e-05 -0.000856456 -0.00143315 -0.00164516 0.000656738 -0.00094991 0.000874999 0.00107516 -0.000397256 0.0017027 -0.000490339 -0.000405808 -0.000873525 -0.000146539 7.94168e-06 -0.000444752 0.000979392 0.00345783 0.00689604
internal_weight=15424 13016 10658 8068 2590 1790 1731 2681 544 219 2137 5387 217 5170 5006 2367 1237 2639 1805 456 161 96
internal_count=15424 13016 10658 8068 2590 1790 1731 2681 544 219 2137 5387 217 5170 5006 2367 1237 2639 1805 456 161 96
is_linear=0
shrinkage=0.035


Tree=172
num_leaves=23
num_cat=0
split_feature=9 9 25 9 10 15 0 21 21 20 24 21 25 12 9 24 10 7 20 9 12 20
split_gain=13.6996 1.72267 1.16794 1.37185 1.74244 1.74646 1.25078 0.996436 1.10357 0.903425 1.66277 1.40375 0.985281 1.43199 0.902446 1.87746 1.19791 1.13944 0.628493 0.627512 0.610909 0.571311
threshold=1.4655513469079844 3.7503880141252837 729.50000000000011 2.748426913839737 1.7043362064926952 0.10263157894736843 1.8395072499011569 1.5000000000000002 3.5000000000000004 18.500000000000004 8654.0000000000018 2.5000000000000004 195.50000000000003 1.4284874464842268 2.1427047448279741 4326.0000000000009 1.1126972805283735 1.8563963190846378 3.5000000000000004 2.1787756300286607 1.2489474020857629 10.500000000000002
decision_type=2 2 2 2 2 2 2 2 2 2 2 2 2 2 2 2 2 2 2 2 2 2
left_child=-1 2 7 4 6 -6 -4 14 9 12 19 -12 13 -9 15 16 -2 -18 -10 -11 -21 -14
right_child=1 -3 3 -5 5 -7 -8 8 18 10 11 -13 21 -15 -16 -17 17 -19 -20 20 -22 -23
leaf_value=-0.38913517927624802 -0.046373735084675516 -0.0058626408724409083 0.086518491161139285 -0.024583963196657541 0.18508198813195456 0.034159464727467427 -0.10433181162278789 0.076951126248242088 0.022064515484857213 -0.067971388283073822 -0.010342703848371042 0.17431285866151996 -0.10386428993445297 -0.057082637220678648 -0.19327976042142028 -0.30765835322954055 0.083086741465590488 0.0063438531054503412 -0.11792014352618191 0.081927867669333937 -0.00049899986231682631 -0.072752255450355255
leaf_weight=2362 45 8497 56 592 58 79 137 77 87 272 79 91 474 224 631 151 51 46 767 45 280 363
leaf_count=2362 45 8497 56 592 58 79 137 77 87 272 79 91 474 224 631 151 51 46 767 45 280 363
internal_value=-0.000870872 -0.000426452 -0.000971801 0.000124595 0.00193283 0.00488028 -0.000141415 -0.00125081 -0.000904125 -0.000421467 0.000489636 0.0035 -0.00105031 0.000617646 -0.00225673 -0.000563759 0.00221428 0.00439216 -0.00195169 -0.000360466 0.000636363 -0.00167102
internal_weight=15464 13102 4605 922 330 137 193 3683 2759 1905 767 170 1138 301 924 293 142 97 854 597 325 837
internal_count=15464 13102 4605 922 330 137 193 3683 2759 1905 767 170 1138 301 924 293 142 97 854 597 325 837
is_linear=0
shrinkage=0.035


Tree=173
num_leaves=23
num_cat=0
split_feature=9 9 16 15 25 20 9 10 9 22 20 20 21 12 10 22 6 12 21 25 21 12
split_gain=14.017 2.09286 1.47535 0.785192 0.887505 1.0533 1.16635 0.831861 0.70168 0.935096 0.655333 1.03509 1.09171 1.0392 1.18964 0.878824 0.850318 0.888313 0.845878 0.803121 0.921266 0.840825
threshold=1.5412952862512337 3.6794790703574112 1.0000000180025095e-35 1.0000000180025095e-35 729.50000000000011 6.5000000000000009 2.3573097272802586 3.0365253113941866 2.748426913839737 31960.500000000004 16.500000000000004 9.5000000000000018 3.5000000000000004 7.6752969302053593 7.5671594595926246 47274.500000000007 5.0238095238095246 8.4555325884580004 1.5000000000000002 600.00000000000011 2.5000000000000004 6.5077789846562988
decision_type=2 2 2 2 2 2 2 2 2 2 2 2 2 2 2 2 2 2 2 2 2 2
left_child=-1 2 3 -2 7 -6 -7 -5 9 -4 11 18 13 15 -15 -13 17 -12 -3 20 21 -18
right_child=1 10 8 4 5 6 -8 -9 -10 -11 16 12 -14 14 -16 -17 19 -19 -20 -21 -22 -23
leaf_value=-0.3613460767083585 -0.091111998343542416 -0.17992689656076905 0.0085693371614684738 -0.046276241387655966 0.045166526636244805 0.065715254085416355 -0.041619342112453724 0.10908009159563743 -0.014027330282357068 0.12542283004758584 0.029117634399477187 -0.015785134125869609 -0.33445850787735815 0.2034351478557013 -0.032472984062983157 -0.20326668001459186 -0.0016659340413269969 0.88317103821728216 0.024707122567765055 -0.099821271540800352 0.05423795049456144 -0.44940100880763245
leaf_weight=2536 697 793 64 2823 122 61 499 48 66 47 1230 1029 520 69 93 292 577 55 1906 423 1264 231
leaf_count=2536 697 793 64 2823 122 61 499 48 66 47 1230 1029 520 69 93 292 577 55 1906 423 1264 231
internal_value=-0.000833658 -0.000364257 -0.000980822 -0.00111457 -0.000893199 0.000219068 -0.000402656 -0.00116342 0.00207692 0.00374138 -4.00032e-05 -0.000317507 -0.00092032 -0.000418684 0.00215868 -0.000754903 0.000300528 0.00103101 0.00012426 -7.00008e-05 0.000207269 -0.000701723
internal_weight=15445 12909 4427 4250 3553 682 560 2871 177 111 8482 4702 2003 1483 162 1321 3780 1285 2699 2495 2072 808
internal_count=15445 12909 4427 4250 3553 682 560 2871 177 111 8482 4702 2003 1483 162 1321 3780 1285 2699 2495 2072 808
is_linear=0
shrinkage=0.035


Tree=174
num_leaves=23
num_cat=0
split_feature=9 9 25 22 8 10 25 9 22 9 9 6 7 11 8 9 25 24 11 9 24 24
split_gain=13.6029 1.58335 1.37153 1.00251 1.47929 1.01909 0.883415 1.3196 1.01653 0.831082 1.42598 1.33905 0.826619 0.991281 0.814624 0.779343 0.699236 0.691142 0.666627 1.38827 0.889133 1.78021
threshold=1.4655513469079844 3.1811937276162703 381.00000000000006 54348.000000000007 1.7164909823578556 1.4638501094228007 195.50000000000003 2.680235964941486 31960.500000000004 2.852235312913582 2.6422888473493016 2.2736384639708134 1.252588089182574 1.2468141377237636 2.3333571197290919 1.6793160786581842 878.00000000000011 3792.0000000000005 2.5672879190624593 6.2397892490499585 3555.0000000000005 4685.0000000000009
decision_type=2 2 2 2 2 2 2 2 2 2 2 2 2 2 2 2 2 2 2 2 2 2
left_child=-1 2 6 4 -4 14 7 8 -2 10 16 -12 13 -8 17 -10 -7 -6 20 -20 -3 -22
right_child=1 18 3 -5 5 9 12 -9 15 -11 11 -13 -14 -15 -16 -17 -18 -19 19 -21 21 -23
leaf_value=-0.36286833531678681 0.10622256793183957 0.061327387488818316 0.078606554181769275 -0.41422896588072944 -0.047013718186511705 -0.04127924087793846 0.15022365730201453 -0.060207978450777341 0.077142993860222137 -0.027809779132514967 0.015992911289488709 0.12321928049515432 -0.10745086848534634 -0.18879993748183846 -0.078493256535644484 -0.029008552476851589 0.063585329550130756 0.051810388562168297 -0.11314359275874115 -0.0073429633577471037 -0.33545812489303489 0.018473581560736675
leaf_weight=2361 75 523 53 118 180 276 64 326 47 237 65 98 1444 45 456 276 60 73 531 6632 204 1277
leaf_count=2361 75 523 53 118 180 276 64 326 47 237 65 98 1444 45 456 276 60 73 531 6632 204 1277
internal_value=-0.000820434 -0.000376388 -0.000967933 -0.000174893 6.28734e-05 -0.000144828 -0.00152147 -0.000475309 0.000842431 0.000751011 0.00156944 0.00420833 -0.00199487 0.000798245 -0.00109804 0 0.000195014 0.000434108 -0.000122875 -0.000282227 0.000437281 0
internal_weight=15421 13060 3893 1616 1498 1445 2277 724 398 736 499 163 1553 109 709 323 336 253 9167 7163 2004 1481
internal_count=15421 13060 3893 1616 1498 1445 2277 724 398 736 499 163 1553 109 709 323 336 253 9167 7163 2004 1481
is_linear=0
shrinkage=0.035


Tree=175
num_leaves=23
num_cat=0
split_feature=9 12 24 15 22 24 15 8 24 8 13 15 12 9 21 8 9 20 20 15 22 7
split_gain=13.7955 1.48324 1.08389 1.32407 1.40327 1.35881 3.25782 1.14816 1.12561 1.06426 1.05586 1.07767 1.03904 2.80696 1.03862 1.51173 1.51669 0.773976 1.23318 1.30886 1.09907 1.16476
threshold=1.4655513469079844 1.7036763559484533 4326.0000000000009 1.0000000180025095e-35 5643.5000000000009 3792.0000000000005 0.14907407407407411 2.6434676052501795 8120.5000000000009 2.8341563330877038 0.41428571428571431 0.072751322751322761 1.3720747998010421 2.3573097272802586 2.5000000000000004 2.1428827258405723 3.1811937276162703 18.500000000000004 7.5000000000000009 1.0000000180025095e-35 31797.000000000004 5.2914285714285727
decision_type=2 2 2 2 2 2 2 2 2 2 2 2 2 2 2 2 2 2 2 2 2 2
left_child=-1 2 3 -2 -5 10 7 -7 -4 -9 11 12 -6 -14 -10 -16 -17 18 -3 20 21 -20
right_child=1 17 8 4 5 6 -8 9 14 -11 -12 -13 13 -15 15 16 -18 -19 19 -21 -22 -23
leaf_value=-0.35016794358069925 -0.10901845448453616 0.0091473282125556984 -0.2357742001015822 0.076224809684030878 -0.074966425961936659 -0.038508527198477201 0.1188594685193861 0.064035218225598725 -0.11488208047150374 -0.010405044382430863 0.089592063401792779 -0.13589136640170577 0.073732309596249157 -0.034435547491318955 0.083943105413083349 -0.049055103388051524 0.053374064114831539 0.0062355656979185469 0.21003863692016034 -0.12537389988496225 -0.12316191281212534 -0.012685169818137451
leaf_weight=2395 374 2409 455 87 182 299 59 46 314 61 57 521 66 168 52 182 54 3860 109 587 1602 1429
leaf_count=2395 374 2409 455 87 182 299 59 46 314 61 57 521 66 168 52 182 54 3860 109 587 1602 1429
internal_value=-0.000813473 -0.000360842 -0.00104695 -0.000536364 -6.99557e-05 -0.000344263 0.00119149 0 -0.00195104 0.0030625 -0.00108258 -0.00138217 -8.31436e-06 0.00147908 -0.000905273 0.000561433 -0.000595437 -0.000154335 -0.000399529 -0.000799036 -0.00050636 0.000151976
internal_weight=15368 12973 2977 1920 1546 1459 465 406 1057 107 994 937 416 234 602 288 236 9996 6136 3727 3140 1538
internal_count=15368 12973 2977 1920 1546 1459 465 406 1057 107 994 937 416 234 602 288 236 9996 6136 3727 3140 1538
is_linear=0
shrinkage=0.035


Tree=176
num_leaves=23
num_cat=0
split_feature=9 9 25 9 13 20 22 14 6 9 15 7 9 22 15 27 25 12 15 15 20 4
split_gain=12.93 1.76538 0.933233 1.10854 0.909981 0.874146 0.910145 1.44578 1.2764 1.75459 0.93889 0.80682 0.777486 1.2627 1.78847 1.06151 1.5644 1.50393 1.08785 0.883167 0.760282 0.69994
threshold=1.4655513469079844 3.7503880141252837 729.50000000000011 3.3578323788309925 0.18333333333333338 23.500000000000004 15527.500000000002 1.0000000180025095e-35 3.0003581617680068 2.2020976541785888 0.10620300751879701 3.7151433660867341 2.0989685889068528 15527.500000000002 0.12250000000000001 3.5000000000000004 195.50000000000003 1.4168585671681513 0.14907407407407411 0.21240601503759401 4.5000000000000009 2.612443059847831
decision_type=2 2 2 2 2 2 2 2 2 2 2 2 2 2 2 2 2 2 2 2 2 2
left_child=-1 2 5 4 21 12 7 -7 9 -9 -8 -3 13 14 -2 16 18 -17 -15 -16 -14 -4
right_child=1 11 3 -5 -6 6 10 8 -10 -11 -12 -13 20 15 19 17 -18 -19 -20 -21 -22 -23
leaf_value=-0.33791206555537473 -0.11468656129181076 0.032751168616254635 0.022720795685219095 -0.073679187249145586 0.082265196806838775 -0.07283662228707849 0.0099163204630821466 0.041079721090732303 -0.01017306232517534 0.15739580767249217 -0.11729612837484674 -0.0091746735571049641 -0.0080532127148733972 -0.10652327397470157 0.081507888713925822 -0.028236883891177591 -0.24715140696214341 0.094845037984050043 0.0937105452923606 0.01134311011026725 -0.084366220027499245 -0.017610001998289167
leaf_weight=2375 64 149 320 168 54 92 231 57 79 61 267 8295 304 57 88 107 444 58 60 68 1627 387
leaf_count=2375 64 149 320 168 54 92 231 57 79 61 267 8295 304 57 88 107 444 58 60 68 1627 387
internal_value=-0.000832491 -0.000397716 -0.000949979 2.24831e-05 0.000612271 -0.00120101 -0.000141415 0.00138095 0.00308416 0.00532114 -0.00106461 -9.48641e-05 -0.00148404 -0.000629338 0.00163333 -0.00134542 -0.00207774 0.00102941 0.00137705 0.00367391 -0.00189101 0.000235954
internal_weight=15412 13037 4593 929 761 3664 787 289 197 118 498 8444 2877 946 220 726 561 165 117 156 1931 707
internal_count=15412 13037 4593 929 761 3664 787 289 197 118 498 8444 2877 946 220 726 561 165 117 156 1931 707
is_linear=0
shrinkage=0.035


Tree=177
num_leaves=23
num_cat=0
split_feature=15 11 11 20 20 12 3 21 6 12 9 9 11 13 22 8 20 20 9 9 9 12
split_gain=12.7361 1.99131 1.47486 0.94789 1.6627 1.22125 2.09334 1.16608 0.872043 1.10169 1.25345 0.871977 1.42292 0.792614 1.45206 2.22586 0.832817 0.732532 0.917138 0.650683 1.18279 1.38652
threshold=0.20416666666666669 1.6480521608665197 1.3665076434985421 16.500000000000004 7.5000000000000009 7.1843557144086043 11.827380952380954 3.5000000000000004 9.9933189851049971 3.5896557816992414 19.320004727340415 22.647709039754044 6.1717628691814967 1.0000000180025095e-35 15527.500000000002 1.6311106389694114 2.5000000000000004 8.5000000000000018 1.6793160786581842 2.5000195216228165 2.7874516916347951 1.7527287316186821
decision_type=2 2 2 2 2 2 2 2 2 2 2 2 2 2 2 2 2 2 2 2 2 2
left_child=1 13 -2 4 19 7 -7 8 -6 -10 -11 12 -12 16 15 -15 -1 18 -4 -3 21 -21
right_child=2 3 17 -5 5 6 -8 -9 9 10 11 -13 -14 14 -16 -17 -18 -19 -20 20 -22 -23
leaf_value=0.046265198915606397 -0.31703843261322001 -0.090698537356949063 0.055371649025606068 0.006131880469702599 -0.0810510691590767 0.54528289823731335 -0.030435255689309278 -0.16647257378532804 0.17184466024813067 -0.23398249467881932 1.1606044125766344 -0.28595939659600811 -0.022420854702929597 0.13776687260875684 -0.044208373455920255 0.00051530464618346574 -0.085521527320821258 -0.10966247145498145 -0.045537720114087958 -0.13263987001228081 0.0053225813206519449 0.10748283332951214
leaf_weight=89 2283 114 67 4497 1463 52 379 654 121 327 46 45 45 50 797 224 1468 317 48 48 2256 56
leaf_count=89 2283 114 67 4497 1463 52 379 654 121 327 46 45 45 50 797 224 1468 317 48 48 2256 56
internal_value=-0.000874604 -0.000408371 -0.00304963 -0.000182826 -0.000487169 -0.00102311 0.000674311 -0.00130118 -0.000873295 0.000243632 -0.000508548 0.00220922 0.00415625 -0.00126681 -0.000507436 0.00164337 -0.00177465 -0.00109725 0.00116667 0.000184953 0.000318181 0.00388532
internal_weight=15446 12731 2715 10103 5606 3132 431 2701 2047 584 463 136 91 2628 1071 274 1557 432 115 2474 2360 104
internal_count=15446 12731 2715 10103 5606 3132 431 2701 2047 584 463 136 91 2628 1071 274 1557 432 115 2474 2360 104
is_linear=0
shrinkage=0.035


Tree=178
num_leaves=23
num_cat=0
split_feature=15 10 11 14 24 11 15 20 20 21 12 21 16 3 12 7 3 8 15 7 12 10
split_gain=12.9368 1.22129 1.10964 0.875368 1.14167 0.857178 0.812511 0.794587 0.942928 1.46178 1.51891 1.17506 0.964197 0.748402 0.733973 0.718372 0.708051 0.679371 0.651421 0.775423 1.16934 1.4
threshold=0.22474747474747478 1.0000000000000016 2.3074175660629379 0.21825396825396828 4326.0000000000009 1.3665076434985421 0.17028985507246377 18.500000000000004 10.500000000000002 3.5000000000000004 8.4555325884580004 1.5000000000000002 1.0000000180025095e-35 2.95813533133922 1.4389250297078708 2.5478492181000152 19.908514249778566 2.6165141011732183 0.13961038961038963 7.9994104518699931 3.3903879330170921 3.5923198500080589
decision_type=2 2 2 2 2 2 2 2 2 2 2 2 2 2 2 2 2 2 2 2 2 2
left_child=1 2 -1 6 14 -2 7 8 11 10 18 -3 15 -7 -5 -13 -12 -17 19 -10 21 -21
right_child=5 3 -4 4 -6 13 -8 -9 9 -11 16 12 -14 -15 -16 17 -18 -19 -20 20 -22 -23
leaf_value=-0.087460071268144188 -0.33596385788843891 -0.14054606970522363 0.35461253642241453 0.049954913221169947 -0.044571427436034455 -0.12676956626154404 -0.094549724507228053 0.0029310581145889042 -0.089494609661650792 -0.206466264618519 0.72293518487830832 -0.051335667282268675 0.16715983507800863 0.028215091300009047 0.07426817340886599 0.088372063918661675 0.023349617013525704 0.0081287428796717708 0.043603341600033436 0.021272808029707307 -0.043283366413247239 0.25259702261732869
leaf_weight=1057 2149 1010 45 45 58 162 459 4269 968 816 53 270 93 104 49 82 59 2482 97 118 937 47
leaf_count=1057 2149 1010 45 45 58 162 459 4269 968 816 53 270 93 104 49 82 59 2482 97 118 937 47
internal_value=-0.000830894 -0.000392235 -0.00150813 -0.000286944 0.00229618 -0.00318182 -0.00032278 -0.000261897 -0.000490906 -0.000948388 -0.000481174 -0.000126079 0.000224419 -0.00117528 0.00463131 9.98583e-05 0.00338034 0.000287465 -0.000696133 -0.000834941 -0.000180218 0.00247059
internal_weight=15429 13014 1102 11912 152 2415 11760 11301 7032 3095 2279 3937 2927 266 94 2834 112 2564 2167 2070 1102 165
internal_count=15429 13014 1102 11912 152 2415 11760 11301 7032 3095 2279 3937 2927 266 94 2834 112 2564 2167 2070 1102 165
is_linear=0
shrinkage=0.035


Tree=179
num_leaves=23
num_cat=0
split_feature=9 9 15 12 10 22 8 15 3 24 24 12 24 8 8 21 8 20 5 20 11 9
split_gain=13.0735 1.31242 1.00447 0.95758 1.6263 1.07478 2.23318 0.984225 0.875888 1.12634 0.855407 1.05708 0.826899 0.806348 0.735231 1.06784 1.02801 0.729883 1.13584 0.764352 0.891448 0.762243
threshold=1.4655513469079844 3.6794790703574112 1.0000000180025095e-35 2.2737314028868858 3.0365253113941866 5643.5000000000009 2.8575374472806065 0.06458333333333334 2.7669896944404324 8120.5000000000009 4326.0000000000009 1.5513240547951004 11523.000000000002 3.4291250319489515 2.1428827258405723 2.5000000000000004 2.985127205852542 7.5000000000000009 4.8705795993534231 18.500000000000004 1.3665076434985421 3.2517607586512871
decision_type=2 2 2 2 2 2 2 2 2 2 2 2 2 2 2 2 2 2 2 2 2 2
left_child=-1 2 12 4 5 6 7 -4 9 10 11 -7 -2 -3 15 -11 -16 18 -10 -19 -21 -22
right_child=1 13 3 -5 -6 8 -8 -9 17 14 -12 -13 -14 -15 16 -17 -18 19 -20 20 21 -23
leaf_value=-0.30323006309337858 -0.10118149862411556 0.071666171778407395 0.0083232045137329371 -0.084975741587439535 0.10410446703908467 -0.011807031398661726 -0.028255175208849886 0.1875616960263416 0.013222498195791996 -0.0074621597137589507 -0.20206710957654958 -0.10290101267428042 0.013736599380149508 -0.0054857421940764225 -0.053206884725241571 0.1036671029253423 0.15307853585041076 -0.091454936873535481 0.077280126091189755 -0.061881729571912202 0.043632651127606469 -0.07562682837748376
leaf_weight=2396 662 50 66 249 49 711 126 45 226 80 311 483 65 8490 261 48 62 476 77 162 305 50
leaf_count=2396 662 50 66 249 49 711 126 45 226 80 311 483 65 8490 261 48 62 476 77 162 305 50
internal_value=-0.00077564 -0.000337431 -0.000820204 -0.000583334 -0.000427746 -0.000524901 0.00170661 0.00525 -0.000695273 -0.00116191 -0.00162252 -0.00116472 -0.00201776 -7.98721e-05 0.000337718 0.00255263 -0.000512196 0 0.0015 -0.000448899 0.000455938 0.00145833
internal_weight=15450 13054 4514 3787 3538 3489 237 111 3252 1956 1505 1194 727 8540 451 128 323 1296 303 993 517 355
internal_count=15450 13054 4514 3787 3538 3489 237 111 3252 1956 1505 1194 727 8540 451 128 323 1296 303 993 517 355
is_linear=0
shrinkage=0.035


end of trees

feature_importances:
sig_roll_mean_28=581
day_of_month=538
sig_roll_std_28=396
month=356
sig_roll_std_14=285
unit_cost_rp=276
shelf_life_days=245
sig_roll_mean_14=231
sig_roll_mean_7=218
sig_roll_std_7=189
margin_rp=98
sig_lag_21=71
sig_lag_7=65
sig_lag_14=62
unit_price_rp=51
sig_zero_rate_28=48
sig_lag_28=39
sig_lag_1=38
promised_lead_time_days=36
promo_flag=29
sig_zero_rate_14=28
sig_lag_2=27
is_holiday=17
sig_zero_rate_7=15
sig_lag_3=13
is_perishable=7
is_weekend=1

parameters:
[boosting: gbdt]
[objective: quantile]
[metric: quantile]
[tree_learner: serial]
[device_type: cpu]
[data_sample_strategy: bagging]
[data: ]
[valid: ]
[num_iterations: 180]
[learning_rate: 0.035]
[num_leaves: 23]
[num_threads: 8]
[seed: 20260723]
[deterministic: 0]
[force_col_wise: 0]
[force_row_wise: 0]
[histogram_pool_size: -1]
[max_depth: -1]
[min_data_in_leaf: 45]
[min_sum_hessian_in_leaf: 0.001]
[bagging_fraction: 0.85]
[pos_bagging_fraction: 1]
[neg_bagging_fraction: 1]
[bagging_freq: 1]
[bagging_seed: 320]
[bagging_by_query: 0]
[feature_fraction: 0.85]
[feature_fraction_bynode: 1]
[feature_fraction_seed: 6711]
[extra_trees: 0]
[extra_seed: 20591]
[early_stopping_round: 0]
[early_stopping_min_delta: 0]
[first_metric_only: 0]
[max_delta_step: 0]
[lambda_l1: 0.5]
[lambda_l2: 5]
[linear_lambda: 0]
[min_gain_to_split: 0]
[drop_rate: 0.1]
[max_drop: 50]
[skip_drop: 0.5]
[xgboost_dart_mode: 0]
[uniform_drop: 0]
[drop_seed: 9722]
[top_rate: 0.2]
[other_rate: 0.1]
[min_data_per_group: 100]
[max_cat_threshold: 32]
[cat_l2: 10]
[cat_smooth: 10]
[max_cat_to_onehot: 4]
[top_k: 20]
[monotone_constraints: ]
[monotone_constraints_method: basic]
[monotone_penalty: 0]
[feature_contri: ]
[forcedsplits_filename: ]
[refit_decay_rate: 0.9]
[cegb_tradeoff: 1]
[cegb_penalty_split: 0]
[cegb_penalty_feature_lazy: ]
[cegb_penalty_feature_coupled: ]
[path_smooth: 0]
[interaction_constraints: ]
[verbosity: -1]
[saved_feature_importance_type: 0]
[use_quantized_grad: 0]
[num_grad_quant_bins: 4]
[quant_train_renew_leaf: 0]
[stochastic_rounding: 1]
[linear_tree: 0]
[max_bin: 255]
[max_bin_by_feature: ]
[min_data_in_bin: 3]
[bin_construct_sample_cnt: 200000]
[data_random_seed: 4442]
[is_enable_sparse: 1]
[enable_bundle: 1]
[use_missing: 1]
[zero_as_missing: 0]
[feature_pre_filter: 1]
[pre_partition: 0]
[two_round: 0]
[header: 0]
[label_column: ]
[weight_column: ]
[group_column: ]
[ignore_column: ]
[categorical_feature: ]
[forcedbins_filename: ]
[precise_float_parser: 0]
[parser_config_file: ]
[objective_seed: 5935]
[num_class: 1]
[is_unbalance: 0]
[scale_pos_weight: 1]
[sigmoid: 1]
[boost_from_average: 1]
[reg_sqrt: 0]
[alpha: 0.9]
[fair_c: 1]
[poisson_max_delta_step: 0.7]
[tweedie_variance_power: 1.5]
[lambdarank_truncation_level: 30]
[lambdarank_norm: 1]
[label_gain: ]
[lambdarank_position_bias_regularization: 0]
[eval_at: ]
[multi_error_top_k: 1]
[auc_mu_weights: ]
[num_machines: 1]
[local_listen_port: 12400]
[time_out: 120]
[machine_list_filename: ]
[machines: ]
[gpu_platform_id: -1]
[gpu_device_id: -1]
[gpu_device_id_list: ]
[gpu_use_dp: 0]
[num_gpu: 1]

end of parameters

pandas_categorical:[]
