tree
version=v4
num_class=1
num_tree_per_iteration=1
label_index=0
max_feature_idx=27
objective=quantile
feature_names=sig_lag_1 sig_lag_2 sig_lag_3 sig_lag_7 sig_lag_14 sig_lag_21 sig_lag_28 sig_roll_mean_7 sig_roll_mean_14 sig_roll_mean_28 sig_roll_std_7 sig_roll_std_14 sig_roll_std_28 sig_zero_rate_7 sig_zero_rate_14 sig_zero_rate_28 promo_flag is_weekend is_holiday is_payday_week day_of_month month unit_cost_rp unit_price_rp margin_rp shelf_life_days is_perishable promised_lead_time_days
feature_infos=[0:72] [0:72] [0:72] [0:72] [0:72] [0:72] [0:72] [0:44] [0:44] [0:44] [0:22.786796511095964] [0:17.139376936115319] [0:16.069317439236894] [0:1] [0:1] [0:0.9642857142857143] [0:1] [0:1] [0:1] none [1:31] [1:5] [3633:54611] [4700:64300] [1067:16070] [92:917] [0:1] [2:4]
tree_sizes=1714 1849 1849 2108 2109 2101 2105 2102 2125 2128 2123 2120 2110 2128 2130 2127 2138 2129 2149 2144 2145 2145 2148 2150 2153 2143 2144 2127 2148 2154 2159 2165 2161 2161 2174 2162 2162 2163 2172 2165 2163 2171 2158 2174 2169 2160 2164 2163 2161 2182 2188 2181 2170 2195 2182 2178 2166 2178 2179 2188 2188 2166 2172 2189 2184 2164 2145 2198 2178 2182 2186 2186 2193 2182 2181 2167 2189 2181 2191 2196 2173 2200 2185 2179 2197 2191 2161 2194 2166 2181 2181 2177 2191 2214 2207 2191 2170 2190 2168 2200 2185 2194 2208 2218 2191 2203 2183 2193 2196 2202 2160 2186 2200 2200 2167 2204 2197 2194 2194 2146 2227 2176 2194 2199 2220 2186 2185 2202 2195 2207 2203 2155 2202 2201 2183 2210 2195 2202 2200 2202 2204 2199 2197 2208 2198 2195 2201 2211 2157 2211 2185 2168 2224 2169 2208 2213 2179 2203 2217 2185 2193 2208 2181 2218 2170 2190 2179 2194 2188 2195 2196 2155 2206 2170 2189 2205 2204 2206 2193 2198

Tree=0
num_leaves=20
num_cat=0
split_feature=9 9 9 9 22 12 20 10 12 24 22 25 12 12 11 11 11 20 11
split_gain=3605.46 61.3696 16.5599 13.8702 8.79235 5.43586 5.36802 4.61327 2.78079 1.85706 1.57863 0.850501 1.82974 0.792656 1.84178 0.357476 0.289022 0.201455 0.120072
threshold=5.1119291819291828 6.0576699305884718 4.5774101668029585 8.1076388888888911 31488.000000000004 2.5054540252438939 3.5000000000000004 3.0557452648642953 3.71516736035356 4472.0000000000009 39092.000000000007 299.00000000000006 2.4549571206825376 2.3707229769517748 1.9793144565920449 3.0230526604000589 3.5887260104967953 17.500000000000004 2.6406742178845142
decision_type=2 2 2 2 2 2 2 2 2 2 2 2 2 2 2 2 2 2 2
left_child=2 6 -1 4 8 -4 9 11 15 -2 -11 17 -13 14 -6 18 -17 -8 -3
right_child=1 3 5 -5 13 -7 7 -9 -10 10 -12 12 -14 -15 -16 16 -18 -19 -20
leaf_value=37.159999999999997 37.475000000000001 38.275600633621217 38.07 40.380000000000003 38.13819849014282 37.509999999999998 38.244999999999997 38 38.07 38.467500019073483 37.859999999999999 38.045068588256839 38.384999999999998 38.490000000000002 38.37036762237549 38.140000000000001 38.384999999999998 38.284999980926514 38.39083037376404
leaf_weight=7780 81 70 53 6219 88 63 73 80 64 46 53 53 59 1270 128 47 51 49 48
leaf_count=7780 81 70 53 6219 88 63 73 80 64 46 53 53 59 1270 128 47 51 49 48
internal_value=37.9999 38.0157 37.9829 38.0165 38.0136 37.9964 38.0037 38.0064 38.0076 37.999 38.002 38.0089 38.0058 38.0147 38.0115 38.0094 38.0066 38.0112 38.0112
internal_weight=16375 8479 7896 7985 1766 116 494 314 280 180 99 234 112 1486 216 216 98 122 118
internal_count=16375 8479 7896 7985 1766 116 494 314 280 180 99 234 112 1486 216 216 98 122 118
is_linear=0
shrinkage=1


Tree=1
num_leaves=20
num_cat=0
split_feature=9 9 9 9 22 25 12 21 20 25 6 3 1 9 6 12 10 25 1
split_gain=3564.53 63.3242 14.1168 13.8784 8.84357 6.50276 4.25979 3.81002 4.83097 2.52721 2.39238 2.18016 1.76465 1.28532 0.884633 0.556415 0.537451 0.223687 0.152787
threshold=5.1119291819291828 6.0576699305884718 8.3080451137937903 4.5774101668029585 25082.000000000004 277.00000000000006 2.5054540252438939 1.5000000000000002 17.500000000000004 210.50000000000003 5.5950265671834734 5.9680479807034317 5.6225331621782955 3.8223362132145544 5.172349027628159 2.5065704709548395 2.6771982865316741 600.00000000000011 4.9132540468455685
decision_type=2 2 2 2 2 2 2 2 2 2 2 2 2 2 2 2 2 2 2
left_child=3 5 4 13 12 9 -5 17 16 10 11 -2 18 -1 -14 -4 -9 -7 -3
right_child=1 2 15 6 -6 7 -8 8 -10 -11 -12 -13 14 -15 -16 -17 -18 -19 -20
leaf_value=-0.81515037117004385 -0.016362500667571923 0.20035397782325742 0.96586660308837891 0.067549999999999999 0.43784999999999996 -0.61162500000000009 -0.45534999999999998 0.40652953948974618 -0.096508812332153443 0.50809979476928724 0.2014250000000001 0.18996250033378603 0.24010000000000001 -0.39059999999999989 0.35764651863574981 2.3667000000000002 0.070000000000000007 -0.072946588134765566 0.032549999999999996
leaf_weight=7425 87 67 139 56 1595 47 62 46 47 46 56 50 81 338 88 5968 49 65 47
leaf_count=7425 87 67 139 56 1595 47 62 46 47 46 56 50 81 338 88 5968 49 65 47
internal_value=-0.000115497 0.015631 0.016383 -0.0170562 0.0135781 0.00337349 -0.00469512 -0.000472973 0.00321429 0.00745902 0.00530303 0.00246479 0.00753472 -0.0172387 0.00985632 0.0172309 0.0077 -0.00523504 0.00367647
internal_weight=16359 8478 7985 7881 1878 493 118 254 142 239 193 137 283 7763 169 6107 95 112 114
internal_count=16359 8478 7985 7881 1878 493 118 254 142 239 193 137 283 7763 169 6107 95 112 114
is_linear=0
shrinkage=0.035


Tree=2
num_leaves=20
num_cat=0
split_feature=9 9 9 9 22 21 24 22 24 1 8 11 9 22 11 11 27 11 11
split_gain=3552.7 62.8603 13.8709 12.3274 7.47371 6.68804 5.61382 5.83802 4.98492 2.36617 1.64825 1.76104 1.57489 1.27572 0.720271 0.710356 0.591981 0.428512 0.237145
threshold=5.1119291819291828 6.0576699305884718 4.5774101668029585 8.5037084278155728 25082.000000000004 1.5000000000000002 4472.0000000000009 34795.000000000007 8120.5000000000009 5.172349027628159 6.2169130934036625 2.6144148169647519 3.8223362132145544 52360.000000000007 3.0790167554142278 1.5281246137553179 3.5000000000000004 3.0230526604000589 1.6967972416057495
decision_type=2 2 2 2 2 2 2 2 2 2 2 2 2 2 2 2 2 2 2
left_child=2 5 12 4 9 6 16 -8 -4 14 11 -7 -1 18 -3 -6 -2 -11 -5
right_child=1 3 8 13 15 10 7 -9 -10 17 -12 -13 -14 -15 -16 -17 -18 -19 -20
leaf_value=-0.7841296473064423 -0.69855231247663518 0.18568630190587049 0.050431874267578218 1.4578946688919068 0.24470898460769674 0.19428459526443481 0.42085400651550309 -0.21869312499999988 -0.42191274999999989 0.36283634967100631 0.29977631248831765 0.034696250078082046 -0.37692899999999996 0.28886549999999989 0.058087610776186058 0.43519743589782722 -0.070393457550048888 0.23169650000000006 2.3538654999999999
leaf_weight=7442 48 59 62 53 51 108 63 67 61 79 67 90 344 84 49 1680 59 91 5818
leaf_count=7442 48 59 62 53 51 108 63 67 61 79 67 90 344 84 49 1680 59 91 5818
internal_value=-0.000168803 0.0155829 -0.0170312 0.0163405 0.0138158 0.00348619 -0.00072314 0.00401852 -0.00492188 0.00810071 0.00725926 0.00525862 -0.017217 0.017177 0.00356195 0.0146976 -0.0065625 0.0107 0.0172558
internal_weight=16375 8466 7909 7964 2009 502 237 130 123 278 265 198 7786 5955 108 1731 107 170 5871
internal_count=16375 8466 7909 7964 2009 502 237 130 123 278 265 198 7786 5955 108 1731 107 170 5871
is_linear=0
shrinkage=0.035


Tree=3
num_leaves=23
num_cat=0
split_feature=8 8 8 8 20 6 24 22 23 23 21 24 20 11 6 0 8 11 20 24 8 11
split_gain=3463.7 62.7772 17.8416 11.684 11.4087 6.84078 3.86712 6.40996 6.14689 7.29123 5.1622 3.24424 2.60667 1.82353 1.61802 1.43969 1.34951 1.16848 0.953905 0.884751 0.605196 0.115123
threshold=5.0056043956043963 6.2169130934036625 4.432092945874003 10.027746129187973 22.500000000000004 6.2149784522836695 4472.0000000000009 33201.500000000007 60300.000000000007 51350.000000000007 1.5000000000000002 11523.000000000002 22.500000000000004 4.6106660861790632 2.9119796322237961 4.9132540468455685 3.7861431116147957 1.7081726147801028 9.5000000000000018 5018.5000000000009 6.6669863831820368 2.4053511772118221
decision_type=2 2 2 2 2 2 2 2 2 2 2 2 2 2 2 2 2 2 2 2 2 2
left_child=2 4 16 12 5 6 10 -8 9 -9 -2 19 13 14 -3 -15 -1 -16 -7 -4 -19 -5
right_child=1 3 11 21 -6 18 7 8 -10 -11 -12 -13 -14 15 17 -17 -18 20 -20 -21 -22 -23
leaf_value=-0.75804797462187767 -0.4396373956575016 0.32747954439901972 -0.13526607473039892 1.6064802075 0.25586779796289427 0.38505598842583671 0.52848489858146674 0.092293339743576092 0.16646591230724819 -0.47714580374999999 0.094106366058597513 -0.36373648500000005 0.69133188344474805 0.12729333974357609 0.17263496893425953 0.33808087912658696 -0.43373648500000006 0.26549803229804997 0.27781366197105417 0.24864642292784689 0.45148020749999995 2.6547871113391115
leaf_weight=7365 95 59 80 137 183 62 61 57 74 47 62 52 789 45 56 140 357 186 50 45 1529 4866
leaf_count=7365 95 59 80 137 183 62 61 57 74 47 62 52 789 45 56 140 357 186 50 45 1529 4866
internal_value=-0.00023046 0.0152731 -0.0169111 0.0161694 0.00507902 0.00228558 4.36409e-05 0.00286885 -0.000478142 -0.00594037 -0.00410494 -0.00557692 0.0142355 0.0133936 0.0137807 0.00921053 -0.0171648 0.0139921 0.00972222 -0.00215385 0.0141831 0.0172344
internal_weight=16397 8498 7899 7807 691 508 396 239 178 104 157 177 2804 2015 1830 185 7722 1771 112 125 1715 5003
internal_count=16397 8498 7899 7807 691 508 396 239 178 104 157 177 2804 2015 1830 185 7722 1771 112 125 1715 5003
is_linear=0
shrinkage=0.035


Tree=4
num_leaves=23
num_cat=0
split_feature=9 9 9 25 21 9 24 25 20 21 9 9 20 11 9 6 11 11 25 9 20 3
split_gain=3403.21 62.7893 14.464 13.4688 14.2841 7.4928 4.33043 4.31488 4.8169 3.76314 3.29234 3.26867 2.96897 2.21534 2.09203 2.07031 1.7645 1.72568 1.48768 1.00011 0.908713 0.428022
threshold=5.1119291819291828 7.0001034034430978 4.5774101668029585 277.00000000000006 2.5000000000000004 10.025002263940607 8120.5000000000009 210.50000000000003 21.500000000000004 1.5000000000000002 5.5161729206832293 3.8223362132145544 11.500000000000002 4.6106660861790632 5.8537154419604276 5.9272486772486781 1.7081726147801028 2.8247931730791582 166.00000000000003 5.964900036625683 16.500000000000004 5.0127769206881263
decision_type=2 2 2 2 2 2 2 2 2 2 2 2 2 2 2 2 2 2 2 2 2 2
left_child=2 3 11 7 10 13 -4 8 9 18 -5 -1 19 16 -6 -15 -3 -12 -2 -11 -14 -7
right_child=1 5 6 4 14 21 -8 -9 -10 12 17 -13 20 15 -16 -17 -18 -19 -20 -21 -22 -23
leaf_value=-0.72809352024155738 0.15300090861314442 0.16856416867587834 0.033154947016198623 0.10350054400472987 0.099052782471552747 1.5364075653147096 -0.39044570061875006 0.34853122495284478 0.32833796681487487 0.16062504472330877 -0.10585219203783267 -0.34855570802500013 -0.012053580241643901 0.19055563397414549 0.34062621413336353 0.54088445502036742 0.5056784002375001 -0.090787886731412054 -0.26143615500138689 0.39800221098933702 0.089033815798139099 2.5985626586031314
leaf_weight=7381 46 45 65 48 63 362 56 285 137 49 140 328 49 100 112 107 1999 61 70 92 48 4612
leaf_count=7381 46 45 65 48 63 362 56 285 137 49 140 328 49 100 112 107 1999 61 70 92 48 4612
internal_value=-0.000262608 0.0151708 -0.0168701 0.00768257 0.00256993 0.0164059 -0.00444444 0.0104193 0.00818548 0.00580084 -0.00275591 -0.0170599 0.00828189 0.0145523 0.0101111 0.0102358 0.0149549 -0.00475728 0.000433884 0.0115068 0.00308824 0.0172258
internal_weight=16255 8425 7830 1200 424 7225 121 776 491 354 249 7709 238 2251 175 207 2044 201 116 141 97 4974
internal_count=16255 8425 7830 1200 424 7225 121 776 491 354 249 7709 238 2251 175 207 2044 201 116 141 97 4974
is_linear=0
shrinkage=0.035


Tree=5
num_leaves=23
num_cat=0
split_feature=9 9 9 9 24 21 21 12 24 22 20 25 9 12 12 9 8 12 9 11 9 20
split_gain=3401.76 58.712 21.0506 15.5003 8.87627 6.22521 5.75334 4.96569 4.56694 7.00953 2.97516 3.02779 2.93072 2.44113 1.79808 1.71987 1.69406 1.06546 0.984707 2.24463 0.727095 0.560904
threshold=5.1119291819291828 6.0576699305884718 8.711667288956038 4.5774101668029585 4472.0000000000009 2.5000000000000004 1.5000000000000002 2.5054540252438939 4472.0000000000009 34795.000000000007 11.500000000000002 299.00000000000006 3.8223362132145544 2.5065704709548395 4.8262685747351375 7.1434714651971118 13.890554007155268 3.5116709012505347 6.6959692399551134 1.6862995183664082 10.876700159204992 10.500000000000002
decision_type=2 2 2 2 2 2 2 2 2 2 2 2 2 2 2 2 2 2 2 2 2 2
left_child=3 6 4 12 5 17 8 -5 -2 -10 -8 -12 -1 16 18 -7 -4 -3 21 -20 -15 -6
right_child=1 2 13 7 14 15 10 -9 9 -11 11 -13 -14 20 -16 -17 -18 -19 19 -21 -22 -23
leaf_value=-0.70761026133821758 -0.3819293579300384 0.10210230438837103 0.26888386326806701 0.069740648138209738 0.41907083122851757 0.30737277387490064 0.26561488011119078 -0.37678010109709381 0.40042859011073217 -0.26711133636141526 0.21628855448004505 -0.03581247473964471 -0.33635625824412502 0.69086391459481866 0.1106394799792015 0.16917763441887024 1.8780083043433919 -0.087610310695812613 0.12766442277222259 0.42914803703515647 2.6126129655520218 0.1783753489281413
leaf_weight=7400 98 52 45 56 104 115 140 68 69 63 56 70 335 1178 47 75 90 45 47 1439 4515 227
leaf_count=7400 98 52 45 56 104 115 140 68 69 63 56 70 335 1178 47 75 90 45 47 1439 4515 227
internal_value=-0.000290256 0.0150855 0.0158122 -0.0168725 0.0127435 0.00671233 0.00331836 -0.00420543 -0.000670213 0.00344891 0.00678044 0.00253817 -0.0170704 0.01693 0.0136423 0.0103205 0.011 -0.000343137 0.013831 0.0143545 0.0170577 0.01125
internal_weight=16334 8475 7979 7859 2151 287 496 124 230 132 266 126 7735 5828 1864 190 135 97 1817 1486 5693 331
internal_count=16334 8475 7979 7859 2151 287 496 124 230 132 266 126 7735 5828 1864 190 135 97 1817 1486 5693 331
is_linear=0
shrinkage=0.035


Tree=6
num_leaves=23
num_cat=0
split_feature=9 9 9 9 9 24 12 23 12 9 12 21 24 22 11 12 12 22 20 20 24 22
split_gain=3357 67.7953 15.5329 14.1919 9.70001 9.58843 5.39278 4.79058 3.46181 3.28672 2.74114 3.0843 2.71443 4.83888 2.2204 2.12277 2.08312 2.68569 1.42854 3.51719 4.19645 1.09138
threshold=5.1119291819291828 7.0001034034430978 4.5774101668029585 6.0576699305884718 11.024257222202197 4472.0000000000009 2.5054540252438939 21250.000000000004 3.6556733686778595 3.2517607586512871 2.8562778013060233 1.5000000000000002 4472.0000000000009 34795.000000000007 1.7218071138765743 2.4549571206825376 5.1395437612930941 47334.500000000007 23.500000000000004 12.500000000000002 7066.5000000000009 31488.000000000004
decision_type=2 2 2 2 2 2 2 2 2 2 2 2 2 2 2 2 2 2 2 2 2 2
left_child=2 3 9 7 5 -3 -4 -2 18 -1 11 12 -9 -14 -7 21 -16 -18 19 -5 -21 -13
right_child=1 4 6 8 -6 14 -8 10 -10 -11 -12 15 13 -15 16 -17 17 -19 -20 20 -22 -23
leaf_value=-0.71284388788626529 -0.54869787973934059 0.15866363036646081 0.067299725453372483 0.33090803682570791 2.5211715117577009 0.22255021092534802 -0.39935246063682045 -0.25914843530414383 0.047070225876984645 -0.38833193568331698 -0.014100197834690605 -0.0022002545379919349 0.46891360853034281 -0.18128503899977624 0.52668367758399981 0.34223164735410116 0.73730806220180534 0.10195805061746961 0.39158471368825881 0.024473894384740302 0.16658581115649762 0.21018508712766459
leaf_weight=6810 45 137 54 235 4539 45 68 47 47 1033 97 52 47 59 2426 107 49 50 169 98 149 46
leaf_count=6810 45 137 54 235 4539 45 68 47 47 1033 97 52 47 59 2426 107 49 50 169 98 149 46
internal_value=-0.000475509 0.0148944 -0.016771 0.00711347 0.0161726 0.0143768 -0.00399606 0.0025297 0.0103307 -0.0169648 0.00365217 0.00506198 0.00110759 0.00425676 0.0148631 0.00783333 0.0150099 0.00875 0.0109909 0.00966632 0.00638889 0.00356796
internal_weight=16409 8444 7965 1198 7246 2707 122 500 698 7843 455 358 153 106 2570 205 2525 99 651 482 247 98
internal_count=16409 8444 7965 1198 7246 2707 122 500 698 7843 455 358 153 106 2570 205 2525 99 651 482 247 98
is_linear=0
shrinkage=0.035


Tree=7
num_leaves=23
num_cat=0
split_feature=9 9 9 9 9 3 22 22 9 25 12 7 21 22 1 20 20 12 10 7 9 1
split_gain=3287.24 60.7311 14.0399 13.4629 11.902 4.62898 4.44436 4.41488 4.32785 3.96215 4.06427 3.75315 2.92464 8.74734 2.13151 1.71818 3.8478 4.17194 1.96515 1.50013 1.39802 0.986275
threshold=5.1119291819291828 7.0001034034430978 4.5774101668029585 9.6211016116549537 6.0576699305884718 5.2852117926282993 31960.500000000004 19263.000000000004 3.1832201304944365 277.00000000000006 2.9426310838960457 6.0003021807474264 2.5000000000000004 31488.000000000004 8.9137438819749804 21.500000000000004 12.500000000000002 4.0802083829452469 1.7043362064926952 8.005698005698008 5.5161729206832293 6.9966807769941894
decision_type=2 2 2 2 2 2 2 2 2 2 2 2 2 2 2 2 2 2 2 2 2 2
left_child=2 4 8 15 7 14 -4 -2 -1 10 21 20 13 -6 -5 16 18 -18 -3 -19 -11 -9
right_child=1 3 6 5 12 -7 -8 9 -10 11 -12 -13 -14 -15 -16 -17 17 19 -20 -21 -22 -23
leaf_value=-0.68967908892038388 -0.52949345394846359 0.13985498409360497 0.040599392290371843 0.52670311270942038 -0.05739251440753837 2.2579305088461812 -0.34961546143640676 0.25916823532015965 -0.38099217145666459 0.058382736781075875 -0.013606690910476333 0.27412806984090943 0.3214395370432 0.20164953895896509 1.4010383094780692 0.53816553303750558 0.27036549050292891 0.19452560343797623 0.4803386784610934 -0.0073595094970711735 -0.12954639789027114 0.12803398432964061
leaf_weight=6682 55 49 56 123 67 4809 60 129 1159 69 47 55 362 264 278 614 499 47 738 55 87 51
leaf_count=6682 55 49 56 123 67 4809 60 129 1159 69 47 55 362 264 278 614 499 47 738 55 87 51
internal_value=-0.000584046 0.0146843 -0.0166999 0.0158948 0.0072733 0.0168691 -0.00419421 0.00302209 -0.0168799 0.00422686 0.00739224 0.000648148 0.0102292 0.0075 0.0126724 0.0133146 0.0123995 0.00999175 0.0141414 0.00310748 -0.00206522 0.00974324
internal_weight=16355 8398 7957 7212 1186 5210 116 493 7841 438 227 211 693 331 401 2002 1388 601 787 102 156 180
internal_count=16355 8398 7957 7212 1186 5210 116 493 7841 438 227 211 693 331 401 2002 1388 601 787 102 156 180
is_linear=0
shrinkage=0.035


Tree=8
num_leaves=23
num_cat=0
split_feature=9 9 9 9 9 24 9 12 24 20 25 10 12 11 22 12 11 20 20 24 25 20
split_gain=3202.28 62.2088 15.8948 15.5337 9.90016 9.76387 5.15049 4.73206 4.04911 4.20695 3.6761 3.60887 2.32172 1.82754 1.83634 1.14978 1.09638 1.03742 3.05501 3.71225 0.910981 0.757542
threshold=5.1119291819291828 7.0001034034430978 11.024257222202197 4.5774101668029585 6.0576699305884718 4472.0000000000009 3.0003052311965184 5.3652381156785038 9349.5000000000018 3.5000000000000004 600.00000000000011 3.0557452648642953 3.5427433086099263 1.7081726147801028 52360.000000000007 3.1148531105018393 3.9111000110842622 23.500000000000004 11.500000000000002 7066.5000000000009 195.50000000000003 19.500000000000004
decision_type=2 2 2 2 2 2 2 2 2 2 2 2 2 2 2 2 2 2 2 2 2 2
left_child=3 4 5 6 8 16 -1 13 9 20 -5 -11 17 -7 21 -4 -3 18 -6 -20 -2 -15
right_child=1 2 15 10 12 7 -8 -9 -10 11 -12 -13 -14 14 -16 -17 -18 -19 19 -21 -22 -23
leaf_value=-0.69875558369803248 0.13139713274662171 0.018940012726060548 1.5980860492739295 -0.33737892028613248 0.34471757338642289 0.17368985223583303 -0.37091754413636591 0.21298674359144179 0.24832749400311133 0.16643900989945012 0.047087446520498059 -0.028548486499641045 0.063997145840700459 0.42852682471495507 0.25582863675679052 2.3539029410365653 0.20308111038428864 0.30540590899640324 0.0011705480924541335 0.14301979957166669 -0.50425968312390801 0.60097123201614644
leaf_weight=6274 45 71 140 67 219 45 1461 64 120 174 51 66 54 1372 273 4436 59 161 87 155 87 828
leaf_count=6274 45 71 140 67 219 45 1461 64 120 174 51 66 54 1372 273 4436 59 161 87 155 87 828
internal_value=-0.000435516 0.0145051 0.0157099 -0.0165246 0.00693734 0.0134809 -0.0167177 0.0139554 0.00306338 0.00116048 -0.00355691 0.00392857 0.00968796 0.0141984 0.0143362 0.017011 0.00375926 0.010299 0.00908798 0.00602227 -0.00370438 0.0147381
internal_weight=16309 8456 7288 7853 1168 2712 7735 2582 492 372 118 240 676 2518 2473 4576 130 622 461 242 132 2200
internal_count=16309 8456 7288 7853 1168 2712 7735 2582 492 372 118 240 676 2518 2473 4576 130 622 461 242 132 2200
is_linear=0
shrinkage=0.035


Tree=9
num_leaves=23
num_cat=0
split_feature=8 8 8 8 25 25 24 24 20 12 11 22 12 20 25 8 3 4 4 0 8 3
split_gain=3124.91 69.8525 20.1115 17.4018 16.4353 14.4378 9.55182 6.08347 4.29921 4.42339 4.01448 3.84684 3.45361 2.68392 4.24337 3.22938 2.33399 1.98349 2.99466 1.91312 1.74637 1.73035
threshold=5.0056043956043963 6.6669863831820368 11.214863099812341 4.432092945874003 277.00000000000006 421.00000000000006 4472.0000000000009 11523.000000000002 20.500000000000004 2.5364636562195213 3.0230526604000589 39092.000000000007 4.1155807028384741 18.500000000000004 210.50000000000003 6.0000093177456657 5.9680479807034317 5.4734877778898161 4.8493515340940085 8.1342290082565736 3.0003337402748032 5.8946821433870653
decision_type=2 2 2 2 2 2 2 2 2 2 2 2 2 2 2 2 2 2 2 2 2 2
left_child=3 4 6 7 13 -6 21 20 9 16 17 -5 -11 14 15 -2 -8 18 -7 -14 -1 -3
right_child=1 2 -4 11 5 10 8 -9 -10 12 -12 -13 19 -15 -16 -17 -18 -19 -20 -21 -22 -23
leaf_value=-0.67429913826860122 -0.0075505989917970607 0.022203562355887493 2.2715163381002852 -0.010870928563454358 -0.38424700172706899 0.18164803511266789 -0.0026216141500684745 -0.28467533141090851 0.62145588590206235 0.41355519789176709 -0.084863221748781054 -0.28764753270837096 0.18803220756574127 0.25001572995639137 0.36705302802838741 0.16297219618126083 0.17414074017804704 0.14776208995869075 -0.098004776301260602 0.58597279315112294 -0.39293543009159304 0.25938501807891867
leaf_weight=6195 124 70 4482 97 60 58 47 431 931 1335 45 86 155 276 125 117 102 98 112 167 1110 142
leaf_count=6195 124 70 4482 97 60 58 47 431 931 1335 45 86 155 276 125 117 102 98 112 167 1110 142
internal_value=-0.00060507 0.0141992 0.0153772 -0.0163958 0.00552451 -0.000277778 0.013045 -0.01665 0.0136069 0.0124558 0.00275157 -0.00539894 0.0129934 0.00889876 0.00665094 0.00369919 0.00613636 0.00442308 0.0019 0.00925841 -0.0169063 0.00556452
internal_weight=16365 8446 7431 7919 1015 373 2949 7736 2737 1806 313 183 1657 642 366 241 149 268 170 322 7305 212
internal_count=16365 8446 7431 7919 1015 373 2949 7736 2737 1806 313 183 1657 642 366 241 149 268 170 322 7305 212
is_linear=0
shrinkage=0.035


Tree=10
num_leaves=23
num_cat=0
split_feature=9 9 9 9 9 24 21 4 12 9 9 21 24 22 20 20 22 9 10 12 2 1
split_gain=3075.1 61.1819 21.4898 16.8734 7.3128 6.82467 7.08137 5.92894 5.0975 4.40464 4.16767 4.04111 4.17199 6.2146 3.1553 5.20523 4.62916 2.83891 2.75649 2.58267 1.81692 1.4532
threshold=5.1119291819291828 8.8027167923669971 6.0576699305884718 3.7422296529669432 13.975441294674999 4472.0000000000009 2.5000000000000004 5.0127769206881263 6.5492767057550667 4.5774101668029585 2.5357338073371021 1.5000000000000002 4472.0000000000009 34795.000000000007 22.500000000000004 11.500000000000002 31797.000000000004 6.6959692399551134 3.0557452648642953 2.5054540252438939 5.0127769206881263 10.645600883131079
decision_type=2 2 2 2 2 2 2 2 2 2 2 2 2 2 2 2 2 2 2 2 2 2
left_child=3 2 11 10 7 6 -4 20 -9 -5 -1 12 -2 -14 15 -7 -17 -18 -13 -11 -3 -19
right_child=1 4 5 9 -6 14 -8 8 -10 19 -12 18 13 -15 -16 16 17 21 -20 -21 -22 -23
leaf_value=-0.72069866842920027 -0.23529581174168618 0.21487890948501259 -0.021112422017213001 -0.27471169481152669 2.5770132662667757 0.39905395392371973 0.27123966175470121 0.70848631507001558 0.94084667718602333 0.035134757607574639 -0.39202072960005391 0.18172070228080958 0.31159696173588119 -0.19615320199614589 0.44532312701957694 0.32712948086752536 0.023805262255443761 0.16527056723489361 -0.0076619698533442115 -0.31212201301567039 0.45339736350034004 0.049053953923719688
leaf_weight=5042 103 78 100 417 3475 689 193 1800 49 48 2373 188 68 66 533 129 107 398 65 64 304 63
leaf_count=5042 103 78 100 417 3475 689 193 1800 49 48 2373 188 68 66 533 129 107 398 65 64 304 63
internal_value=-0.000709329 0.0140387 0.00965183 -0.01632 0.0161027 0.011122 0.00587248 0.0143694 0.0152346 -0.0100281 -0.0167594 0.00293434 -0.000289256 0.00365108 0.0118971 0.0108573 0.00852564 0.00699389 0.00596899 -0.00344017 0.00999354 0.0081867
internal_weight=16352 8408 2702 7944 5706 2212 293 2231 1849 529 7415 490 237 134 1919 1386 697 568 253 112 382 461
internal_count=16352 8408 2702 7944 5706 2212 293 2231 1849 529 7415 490 237 134 1919 1386 697 568 253 112 382 461
is_linear=0
shrinkage=0.035


Tree=11
num_leaves=23
num_cat=0
split_feature=9 9 8 9 24 21 9 4 20 9 22 5 20 20 20 22 21 21 24 21 20 20
split_gain=3058.55 64.88 18.4772 16.6587 11.76 9.00276 7.77993 7.44537 4.71166 4.35192 4.94457 3.63939 3.60557 3.59962 3.55996 3.26774 2.67529 4.115 2.67177 2.30335 3.99972 8.32255
threshold=5.1119291819291828 7.2857189445871189 13.203768832316007 4.5774101668029585 4472.0000000000009 1.5000000000000002 2.641162536139336 5.9680479807034317 10.500000000000002 6.0576699305884718 33201.500000000007 7.69680936421629 9.5000000000000018 17.500000000000004 4.5000000000000009 31960.500000000004 2.5000000000000004 3.5000000000000004 11523.000000000002 3.5000000000000004 11.500000000000002 22.500000000000004
decision_type=2 2 2 2 2 2 2 2 2 2 2 2 2 2 2 2 2 2 2 2 2 2
left_child=3 4 7 6 5 12 -1 11 -7 10 -6 14 -2 -12 -3 -5 -10 -18 -8 -9 -21 -22
right_child=1 2 -4 15 9 8 18 19 16 -11 13 -13 -14 -15 -16 -17 17 -19 -20 20 21 -23
leaf_value=-0.69297943163268894 -0.45623934690661377 0.086941517710893132 2.4168178019474382 0.058279837420001576 0.34631349831947239 0.31008150975630366 -0.38462070791398573 0.55315710755038161 -0.040265874625522648 0.23154400481228196 -0.012692523144425465 0.42456453944420447 0.10388214568619128 0.18121940368105449 0.28009197590861878 -0.32838116620017721 0.32499777037787536 -0.067821803386315521 -0.23152876729046476 0.72690940499305645 0.1277824659977522 0.68496836106626224
leaf_weight=5309 83 100 3785 59 55 104 2046 1718 74 735 159 238 47 51 408 54 81 45 452 283 255 231
leaf_count=5309 83 100 3785 59 55 104 2046 1718 74 735 159 238 47 51 408 54 81 45 452 283 255 231
internal_value=-0.000706326 0.0139325 0.0153222 -0.0163297 0.00708999 0.00219248 -0.0165233 0.0132952 0.00549353 0.00917662 0.00505556 0.00999667 -0.00531481 0.00236047 0.0080848 -0.00266949 0.00213415 0.00520992 -0.0147453 0.0142556 0.0122545 0.0100153
internal_weight=16372 8452 7018 7920 1434 434 7807 3233 304 1000 265 746 130 210 508 113 200 126 2498 2487 769 486
internal_count=16372 8452 7018 7920 1434 434 7807 3233 304 1000 265 746 130 210 508 113 200 126 2498 2487 769 486
is_linear=0
shrinkage=0.035


Tree=12
num_leaves=23
num_cat=0
split_feature=9 9 24 9 9 9 25 5 9 9 12 12 22 0 20 20 20 4 22 22 20 20
split_gain=2992.52 66.0411 20.0329 17.7155 9.94149 8.5897 7.38029 5.47442 4.76192 4.52099 4.30642 3.48724 3.37134 2.73584 2.52906 3.93083 3.35212 2.4057 2.29778 3.16871 2.10128 2.93326
threshold=5.1119291819291828 8.711667288956038 4472.0000000000009 3.7422296529669432 14.150589420573777 6.6959692399551134 600.00000000000011 5.172349027628159 4.5774101668029585 2.5357338073371021 6.1733661069009056 2.5054540252438939 31797.000000000004 5.154761904761906 18.500000000000004 12.500000000000002 4.5000000000000009 5.0127769206881263 22034.500000000004 43337.000000000007 19.500000000000004 11.500000000000002
decision_type=2 2 2 2 2 2 2 2 2 2 2 2 2 2 2 2 2 2 2 2 2 2
left_child=3 2 6 9 7 12 -2 17 -5 -1 -9 -10 -4 -8 15 16 -14 18 -3 -20 21 -7
right_child=1 4 5 8 -6 20 13 10 11 -11 -12 -13 14 -15 -16 -17 -18 -19 19 -21 -22 -23
leaf_value=-0.67121993492703402 -0.69190334728215097 0.57577122361597721 0.41016098361082942 -0.2411535278382109 2.4372291788792775 0.36572656677212612 0.027928056092336999 0.67279605128721165 0.056240043110301494 -0.36429574350520211 0.53833397361755309 -0.29705470931502043 0.11660084871450196 0.1562374086471697 0.1888094562378092 -0.037323886799244803 0.23673372131186379 0.53775600427676173 -0.080391983035526943 0.25786050749183592 0.41988540903065469 0.136258046884771
leaf_weight=5015 52 62 69 396 3439 566 223 1774 55 2351 48 65 123 257 180 91 129 272 60 155 575 395
leaf_count=5015 52 62 69 396 3439 566 223 1774 55 2351 48 65 123 257 180 91 129 272 60 155 575 395
internal_value=-0.00070505 0.0137336 0.00912101 -0.0162219 0.0158328 0.0106411 0.00296555 0.0139499 -0.00970729 -0.016669 0.014933 -0.00322 0.00688861 0.00436598 0.00576705 0.00382184 0.00606031 0.0105505 0.00781915 0.00572727 0.012049 0.0107971
internal_weight=16352 8470 2660 7882 5810 2128 532 2371 516 7366 1822 120 592 480 523 343 252 549 277 215 1536 961
internal_count=16352 8470 2660 7882 5810 2128 532 2371 516 7366 1822 120 592 480 523 343 252 549 277 215 1536 961
is_linear=0
shrinkage=0.035


Tree=13
num_leaves=23
num_cat=0
split_feature=9 9 9 9 9 5 9 3 9 21 22 22 25 12 12 11 8 3 12 22 2 22
split_gain=2944.55 68.1045 21.9378 15.6438 10.3691 7.36317 4.7234 4.70393 4.48999 4.31589 3.86423 3.71164 2.81213 2.73787 2.62436 2.59794 2.72406 2.44569 2.42519 2.62185 1.77638 1.46258
threshold=5.1119291819291828 8.8027167923669971 6.0576699305884718 3.6675281567069598 14.531406674658804 5.0127769206881263 2.5357338073371021 5.0127769206881263 4.5774101668029585 1.5000000000000002 25082.000000000004 31960.500000000004 277.00000000000006 2.8562778013060233 6.0947887844857682 2.926578562121096 8.002826497466204 5.7847660902793931 2.2136814966598841 33201.500000000007 5.9978252760003432 31797.000000000004
decision_type=2 2 2 2 2 2 2 2 2 2 2 2 2 2 2 2 2 2 2 2 2 2
left_child=3 2 9 6 5 7 -1 20 -5 12 15 -10 -2 -11 -7 -4 -17 -6 19 -12 -3 -20
right_child=1 4 10 8 17 14 -8 -9 11 13 18 -13 -14 -15 -16 16 -18 -19 21 -21 -22 -23
leaf_value=-0.64772723720458791 0.16826839358389437 -0.0011919212893740652 0.22599514180165201 -0.24855290516361972 1.3983364568305348 0.66510747675352622 -0.35544976697473346 0.48345084760269058 0.057017765869019112 0.1681934931753879 0.15678897700834935 -0.27930748691709023 -0.23242018526337388 -0.024404515477564104 0.57682679712963802 -0.0093596889128324898 0.25420495391068354 2.4219261576185027 0.31233062117209187 -0.0075383953529656192 0.24131657766404024 0.28984084609646521
leaf_weight=4996 125 49 139 475 215 1796 2313 408 52 201 93 63 105 59 52 109 57 3108 360 48 108 1384
leaf_count=4996 125 49 139 475 215 1796 2313 408 52 201 93 63 105 59 52 109 57 3108 360 48 108 1384
internal_value=-0.000827819 0.0135723 0.00892272 -0.0161716 0.015732 0.0138524 -0.0166243 0.0100702 -0.0104412 0.00215657 0.0104203 -0.00379167 -0.00126596 0.00521698 0.014969 0.00643548 0.00317251 0.0170688 0.011037 0.00599315 0.00453704 0.0114165
internal_weight=16315 8416 2680 7899 5736 2413 7309 565 590 490 2190 115 230 260 1848 305 166 3323 1885 141 157 1744
internal_count=16315 8416 2680 7899 5736 2413 7309 565 590 490 2190 115 230 260 1848 305 166 3323 1885 141 157 1744
is_linear=0
shrinkage=0.035


Tree=14
num_leaves=23
num_cat=0
split_feature=9 9 9 9 9 12 9 24 5 21 12 9 12 21 24 22 12 12 24 22 3 12
split_gain=2891.19 73.3196 22.8118 20.1491 12.4049 6.28609 5.39289 5.11449 4.99085 4.66616 4.60153 4.08805 4.06151 3.52509 4.45404 5.83862 3.95571 2.77274 2.71554 4.17747 2.34888 1.78401
threshold=5.1119291819291828 8.8027167923669971 6.0576699305884718 3.7422296529669432 13.058982873418367 6.1733661069009056 2.321297033566406 4472.0000000000009 5.9680479807034317 2.5000000000000004 2.5065704709548395 4.5774101668029585 4.8262685747351375 1.5000000000000002 4472.0000000000009 34795.000000000007 2.8562778013060233 2.5054540252438939 12965.500000000002 31797.000000000004 5.7847660902793931 2.1661401781727538
decision_type=2 2 2 2 2 2 2 2 2 2 2 2 2 2 2 2 2 2 2 2 2 2
left_child=3 2 13 6 5 8 -1 9 20 -4 -6 -5 18 14 -2 -16 -15 -13 19 -9 -3 -21
right_child=1 4 7 11 10 -7 -8 12 -10 -11 -12 17 -14 16 15 -17 -18 -19 -20 21 -22 -23
leaf_value=-0.66751805280425225 -0.31602432877491776 0.11223995630824789 -0.010171453272847391 -0.23985355348289297 1.3136374336395857 0.43695880672522758 -0.34740605764422561 0.30440374970946288 0.59544568427095124 0.24333339538743326 2.1621587421018553 0.052276019796025294 0.018320051669042155 0.15093120981144939 0.27327696412205182 -0.22706560030970505 -0.069230541820098371 -0.27320687866094429 0.55278170732172538 0.087174268382895326 0.36181207503175217 0.22995693436205364
leaf_weight=4390 106 103 98 402 98 84 2933 400 1491 196 3717 55 48 200 68 64 58 64 226 94 276 1182
leaf_count=4390 106 103 98 402 98 84 2933 400 1491 196 3717 55 48 200 68 64 58 64 226 94 276 1182
internal_value=-0.000731752 0.0133932 0.00863843 -0.0160552 0.0156391 0.01323 -0.0165352 0.010139 0.0136547 0.0055602 0.0168495 -0.00918251 0.0108043 0.00178144 -0.00122428 0.00293796 0.00459125 -0.00310484 0.0110579 0.0104625 0.00966146 0.00935792
internal_weight=16353 8509 2740 7844 5769 1954 7323 2244 1870 294 3815 521 1950 496 238 132 258 119 1902 1676 379 1276
internal_count=16353 8509 2740 7844 5769 1954 7323 2244 1870 294 3815 521 1950 496 238 132 258 119 1902 1676 379 1276
is_linear=0
shrinkage=0.035


Tree=15
num_leaves=23
num_cat=0
split_feature=9 9 9 9 9 22 9 4 20 20 23 9 22 20 20 8 1 22 23 11 25 25
split_gain=2842.26 72.1103 21.3675 19.2218 13.5692 8.87112 7.45056 5.42625 5.13079 7.06261 4.16687 3.46193 3.36653 3.2718 3.141 2.45468 2.20275 2.13801 7.71534 2.06625 2.13892 2.08805
threshold=5.1119291819291828 8.8027167923669971 6.0576699305884718 3.7422296529669432 15.684722134426346 52360.000000000007 2.5357338073371021 5.0127769206881263 23.500000000000004 11.500000000000002 21250.000000000004 4.5774101668029585 31960.500000000004 17.500000000000004 3.5000000000000004 6.2169130934036625 6.9966807769941894 22034.500000000004 42000.000000000007 2.3685206585314202 233.00000000000003 248.50000000000003
decision_type=2 2 2 2 2 2 2 2 2 2 2 2 2 2 2 2 2 2 2 2 2 2
left_child=3 2 10 6 5 7 -1 17 9 14 -2 -5 -13 19 -4 -12 -6 -3 -19 -11 -21 -22
right_child=1 4 8 11 16 -7 -8 -9 -10 13 15 12 -14 -15 -16 -17 -18 18 -20 20 21 -23
leaf_value=-0.60169365205427849 -0.46170400630243469 0.58256951436794113 0.16346567139910784 -0.23145867911099166 1.3201601234622002 -0.0094636491302864216 -0.32600083697781607 0.66345976729491396 0.36560920725395479 -0.010298015554790291 0.039990546440736741 0.051220116592250418 -0.29496948412185903 0.19040446719902596 0.37643851727189243 0.2106586976485971 2.2964831861282904 -0.079792796479986494 0.40432982197884332 0.019727638396521245 0.16572075360928992 0.1056326751439944
leaf_weight=5028 45 103 249 413 56 45 2363 2178 534 62 383 57 61 430 560 65 3043 85 245 154 55 167
leaf_count=5028 45 103 249 413 56 45 2363 2178 534 62 383 57 61 430 560 65 3043 85 245 154 55 167
internal_value=-0.000867204 0.0132366 0.00848191 -0.0159282 0.0154583 0.0135147 -0.0163974 0.0137806 0.00995036 0.00890606 0.00182731 -0.00927239 -0.00355691 0.00659507 0.0113084 0.00289735 0.0170941 0.00982877 0.00809701 0.00430587 0.00528215 0.00747797
internal_weight=16381 8459 2704 7922 5755 2656 7391 2611 2211 1677 493 531 118 868 809 448 3099 433 330 438 376 222
internal_count=16381 8459 2704 7922 5755 2656 7391 2611 2211 1677 493 531 118 868 809 448 3099 433 330 438 376 222
is_linear=0
shrinkage=0.035


Tree=16
num_leaves=23
num_cat=0
split_feature=8 8 8 8 8 4 8 6 3 20 24 25 25 20 20 21 3 21 12 24 20 25
split_gain=2718.94 74.0704 19.8288 19.2648 18.2163 10.8587 8.78319 8.16235 6.84785 6.36644 5.37494 5.15519 6.37585 4.17982 12.1936 7.47794 4.02381 3.97466 3.9127 3.83919 3.80925 3.41947
threshold=5.0056043956043963 8.6533702435584079 6.2169130934036625 15.42678182849369 2.5718369743430354 5.9680479807034317 4.432092945874003 6.2149784522836695 5.0127769206881263 22.500000000000004 11523.000000000002 277.00000000000006 421.00000000000006 10.500000000000002 18.500000000000004 3.5000000000000004 5.7847660902793931 2.5000000000000004 3.4870934248306749 5252.0000000000009 23.500000000000004 210.50000000000003
decision_type=2 2 2 2 2 2 2 2 2 2 2 2 2 2 2 2 2 2 2 2 2 2
left_child=4 2 7 5 -1 8 10 11 21 18 -6 -2 -13 -7 15 -15 -5 -12 -4 -20 -19 -3
right_child=1 3 9 16 6 13 -8 -9 -10 -11 17 12 -14 14 -16 -17 -18 20 19 -21 -22 -23
leaf_value=-0.58063437423237874 0.11085136602382399 -0.07946006895819166 0.20178026147711337 1.3390985693843582 -0.32040476027945436 0.76235609261973858 -0.17893834953633528 0.20024238224845467 0.46541730718748731 0.3654470923226002 -0.2233576253421069 -0.34569915439808158 -0.012825421643663227 0.37696743218883039 0.72456231946121175 0.079878028739368653 2.2861062746138003 -0.20738021073213644 0.011431211616510277 0.17840160493446425 0.017803024936092478 0.16850857969294047
leaf_weight=5198 258 50 1007 206 2096 640 169 183 320 573 190 47 198 425 988 184 2905 141 168 189 58 111
leaf_count=5198 258 50 1007 206 2096 640 169 183 320 573 190 47 198 425 988 184 2905 141 168 189 58 111
internal_value=-0.000964651 0.0128068 0.00788432 0.0150103 -0.0157894 0.0127699 -0.0133274 0.00270984 0.00777778 0.00969619 -0.0138594 0.000344488 -0.00322 0.0138158 0.0126935 0.00860749 0.0169384 -0.00968274 0.0082962 0.00493094 -0.00583333 0.00168675
internal_weight=16304 8452 2623 5829 7852 2718 2654 686 481 1937 2485 503 245 2237 1597 609 3111 389 1364 357 199 161
internal_count=16304 8452 2623 5829 7852 2718 2654 686 481 1937 2485 503 245 2237 1597 609 3111 389 1364 357 199 161
is_linear=0
shrinkage=0.035


Tree=17
num_leaves=23
num_cat=0
split_feature=9 9 24 9 9 4 22 21 9 20 20 21 21 22 24 24 22 5 16 24 12 5
split_gain=2718.06 76.543 28.9305 22.3124 11.4135 11.035 9.87222 9.63288 8.88999 8.04739 9.92488 12.5402 11.264 5.8037 5.72948 4.76691 4.22684 4.01796 3.27086 3.03281 2.9858 2.90272
threshold=5.1119291819291828 11.651280215331486 4472.0000000000009 3.7422296529669432 6.7817460317460325 5.0127769206881263 33201.500000000007 2.5000000000000004 2.321297033566406 21.500000000000004 11.500000000000002 3.5000000000000004 1.5000000000000002 31797.000000000004 10740.000000000002 7066.5000000000009 52360.000000000007 4.9547980748721674 1.0000000180025095e-35 9349.5000000000018 3.6030684514534728 6.9966807769941894
decision_type=2 2 2 2 2 2 2 2 2 2 2 2 2 2 2 2 2 2 2 2 2 2
left_child=3 2 7 8 13 6 -3 17 -1 10 12 16 -6 -4 -8 -13 -12 -2 -10 -15 -17 -19
right_child=1 5 4 -5 9 -7 14 -9 18 -11 11 15 -14 19 -16 20 -18 21 -20 -21 -22 -23
leaf_value=-0.59531217113424539 0.13740790988850898 1.4360925550023174 0.35710523170757452 -0.19339817224624825 0.072359756772439207 1.8560925550023173 -0.10744982867332373 0.18242151030469636 -0.30887030971023804 0.4599444238023247 0.23518757856748132 -0.08719051651201698 0.47866009358748318 0.030232321594659661 0.41731792274754748 0.13078890161749096 0.016062912241770935 -0.17037119802660614 -0.17317797640683816 0.17795610615423788 -0.002222100133701446 0.026063589435050896
leaf_weight=4392 53 387 83 528 192 3703 46 277 2843 925 721 70 923 201 99 67 64 164 133 361 106 55
leaf_count=4392 53 387 83 528 192 3703 46 277 2843 925 721 70 923 201 99 67 64 164 133 361 106 55
internal_value=-0.000939139 0.0127946 0.00945336 -0.0157192 0.0105621 0.016138 0.0111127 0.00189531 -0.016223 0.0114636 0.0102002 0.00760649 0.0125313 0.00619231 0.00303333 0.000564516 0.00974684 -0.00271661 -0.0146117 0.00478395 0.00373596 -0.00484375
internal_weight=16393 8497 4262 7896 3713 4235 532 549 7368 3068 2143 1028 1115 645 145 243 785 272 2976 562 173 219
internal_count=16393 8497 4262 7896 3713 4235 532 549 7368 3068 2143 1028 1115 645 145 243 785 272 2976 562 173 219
is_linear=0
shrinkage=0.035


Tree=18
num_leaves=23
num_cat=0
split_feature=7 7 7 12 12 3 20 20 21 21 15 7 24 20 15 22 24 11 20 24 6 20
split_gain=2546.12 75.7517 39.756 24.3103 13.6412 10.296 10.1031 12.0172 14.6026 12.4649 8.63826 7.94228 7.54391 5.69625 5.06192 4.95899 4.88225 4.41183 4.34968 3.76512 3.53072 2.98541
threshold=5.0043161206207767 12.004964222543288 3.5326678522170591 2.5364636562195213 2.5065704709548395 5.9680479807034317 22.500000000000004 11.500000000000002 3.5000000000000004 1.5000000000000002 0.10912698412698414 6.2938970794871718 3345.5000000000005 30.500000000000004 1.0000000180025095e-35 19263.000000000004 11523.000000000002 1.8093379942281738 9.5000000000000018 12965.500000000002 6.1559636888632268 3.5000000000000004
decision_type=2 2 2 2 2 2 2 2 2 2 2 2 2 2 2 2 2 2 2 2 2 2
left_child=2 3 10 12 18 15 7 9 11 -5 17 -9 -2 -8 16 -3 -6 -1 -4 -7 -14 -11
right_child=1 5 4 6 14 19 13 8 -10 21 -12 -13 20 -15 -16 -17 -18 -19 -20 -21 -22 -23
leaf_value=-0.32947624514454682 -0.44590737827896237 1.5331448549091569 -0.1737711724265146 0.072387043799321732 0.11400679744940882 1.8302811241996273 0.4759788964145179 0.0066159691394346437 0.0014225363732322551 0.27897925304853943 -0.60947624514454679 0.21811786102015882 0.046644455117836811 0.054737440585933543 -0.19878415245631831 0.52564700332670677 -0.20905077718218895 -0.27178643094404098 -0.28121527809718744 0.29881033263713996 0.18686312975596805 0.53250476850756412
leaf_weight=2059 50 106 268 231 151 3686 968 120 311 329 4027 874 448 52 61 178 52 813 457 139 211 705
leaf_count=2059 50 106 268 231 151 3686 968 120 311 329 4027 874 448 52 61 178 52 813 457 139 211 705
internal_value=-0.000945801 0.0124495 -0.0152252 0.00917286 -0.00855634 0.015858 0.0103442 0.00911359 0.00667939 0.0115748 -0.0161718 0.00874124 0.00318627 0.0133683 -0.00162639 0.00902249 0.00100962 -0.0145681 -0.0110274 0.0163486 0.00421687 0.0132218
internal_weight=16296 8408 7888 4299 989 4109 3590 2570 1305 1265 6899 994 709 1020 264 284 203 2872 725 3825 659 1034
internal_count=16296 8408 7888 4299 989 4109 3590 2570 1305 1265 6899 994 709 1020 264 284 203 2872 725 3825 659 1034
is_linear=0
shrinkage=0.035


Tree=19
num_leaves=23
num_cat=0
split_feature=9 9 9 9 9 20 20 21 21 3 25 21 20 24 22 20 22 22 24 4 4 20
split_gain=2562.04 86.8474 26.842 24.4187 11.6455 8.20306 11.6957 16.7418 15.007 7.22389 6.03548 7.51976 5.38712 5.27936 3.93291 3.63252 5.62686 3.30234 3.05982 2.71213 2.66147 2.60879
threshold=5.1119291819291828 13.371490800498107 7.0001034034430978 3.6675281567069598 2.321297033566406 21.500000000000004 11.500000000000002 1.5000000000000002 3.5000000000000004 5.0127769206881263 277.00000000000006 2.5000000000000004 5.5000000000000009 7066.5000000000009 52360.000000000007 23.500000000000004 47274.500000000007 19263.000000000004 5252.0000000000009 5.2852117926282993 6.9904008156964954 30.500000000000004
decision_type=2 2 2 2 2 2 2 2 2 2 2 2 2 2 2 2 2 2 2 2 2 2
left_child=3 2 10 4 -1 6 7 12 14 17 18 19 -4 -10 -8 -6 -17 -3 -2 -12 -15 -7
right_child=1 9 5 -5 15 21 8 -9 13 -11 11 -13 -14 20 -16 16 -18 -19 -20 -21 -22 -23
leaf_value=-0.56225261305284002 0.081392929527411992 1.5507432094679601 -0.054214225082236112 -0.17464275368105053 -0.30356798085227715 0.47122311131881606 0.24418151584438072 0.47342829539539982 -0.091808596373103568 1.8670694762302491 -0.14349940113433154 0.19237184311999614 0.18455557936173733 -0.084108336194037611 0.0083331486679920821 -0.24129899608943425 -0.0042500678127474784 0.62922634704330649 0.18249844124693848 0.029538784364967621 0.10354425341974823 0.11886579398979742
leaf_weight=4427 240 102 98 576 2227 1025 804 1048 113 3411 157 183 164 48 60 643 51 141 518 75 145 56
leaf_count=4427 240 102 98 576 2227 1025 804 1048 113 3411 157 183 164 48 60 643 51 141 518 75 145 56
internal_value=-0.00113149 0.0123457 0.00919129 -0.0153989 -0.0159483 0.0107081 0.00952817 0.0118308 0.00689574 0.0164095 0.00454584 0.00108333 0.00373596 0.00016881 0.00924338 -0.0141148 -0.0115415 0.0100202 0.00639908 -0.00302743 0.00371212 0.0133425
internal_weight=16312 8388 4734 7924 7348 3561 2480 1310 1170 3654 1173 415 262 306 864 2921 694 243 758 232 193 1081
internal_count=16312 8388 4734 7924 7348 3561 2480 1310 1170 3654 1173 415 262 306 864 2921 694 243 758 232 193 1081
is_linear=0
shrinkage=0.035


Tree=20
num_leaves=23
num_cat=0
split_feature=9 9 9 9 9 23 24 20 20 21 21 23 21 9 23 24 3 9 20 21 20 23
split_gain=2479.37 92.5251 27.2513 27.0744 10.5863 8.9786 7.62157 6.51998 9.85537 16.674 11.0452 6.34653 4.47273 4.26598 3.91844 4.5042 3.84801 3.59425 4.3356 3.53079 5.93075 5.13205
threshold=5.1119291819291828 14.150589420573777 7.0001034034430978 2.5357338073371021 3.6675281567069598 63800.000000000007 4472.0000000000009 21.500000000000004 11.500000000000002 3.5000000000000004 1.5000000000000002 23700.000000000004 1.5000000000000002 5.964900036625683 39000.000000000007 9795.0000000000018 5.0127769206881263 4.5774101668029585 9.5000000000000018 2.5000000000000004 23.500000000000004 17650.000000000004
decision_type=2 2 2 2 2 2 2 2 2 2 2 2 2 2 2 2 2 2 2 2 2 2
left_child=3 2 11 -1 19 6 -4 8 10 -10 14 -2 -7 -13 -8 -16 -3 18 -6 -5 -21 -22
right_child=1 16 5 4 17 12 7 -9 9 -11 -12 13 -14 -15 15 -17 -18 -19 -20 20 21 -23
leaf_value=-0.49952976613638578 -0.41335868101144513 1.0863867475342908 0.075592629487398297 -0.29998215324795691 -0.14713376375812029 -0.048729313427589217 0.36863263711315636 0.49659218854317233 0.25393705541289519 0.0006112264825036285 0.49669933307531738 0.054963136132108271 0.14607055242265712 0.14170290588592105 -0.074609509033171623 0.23690381392275212 1.8778722520817215 -0.056201047487336953 -0.20848082585681776 -0.27266576014081417 0.017115709553526932 -0.18275412304481103
leaf_weight=4976 60 221 139 1011 147 65 64 1064 831 264 997 399 202 742 96 76 3168 126 326 1006 55 253
leaf_count=4976 60 221 139 1011 147 65 64 1064 831 264 997 399 202 742 96 76 3168 126 326 1006 55 253
internal_value=-0.0011396 0.012108 0.00905775 -0.0152065 -0.0124573 0.0105147 0.010987 0.0113181 0.010194 0.00766818 0.0123829 0.00441128 0.00411765 0.00500873 0.00530083 0.00227401 0.0165822 -0.00811258 -0.00951883 -0.0135494 -0.0121399 -0.00754792
internal_weight=16288 8388 4999 7900 2924 3798 3531 3392 2328 1095 1233 1201 267 1141 236 172 3389 599 473 2325 1314 308
internal_count=16288 8388 4999 7900 2924 3798 3531 3392 2328 1095 1233 1201 267 1141 236 172 3389 599 473 2325 1314 308
is_linear=0
shrinkage=0.035


Tree=21
num_leaves=23
num_cat=0
split_feature=9 9 9 9 6 20 20 6 24 9 24 20 20 5 9 5 22 9 20 20 25 10
split_gain=2432.19 93.3372 27.4448 26.737 11.0392 9.99843 9.60518 10.2963 8.96838 8.1543 4.77748 4.70064 4.6956 4.02589 3.98196 3.84083 5.8719 3.5178 3.39612 3.37775 3.55231 4.71135
threshold=5.1119291819291828 14.531406674658804 6.0576699305884718 2.321297033566406 10.441887007478826 21.500000000000004 11.500000000000002 5.0238095238095246 10081.000000000002 4.5774101668029585 3555.0000000000005 25.500000000000004 3.5000000000000004 5.172349027628159 6.6959692399551134 6.9966807769941894 33201.500000000007 7.5542108248118387 8.5000000000000018 18.500000000000004 224.50000000000003 3.6253078686998612
decision_type=2 2 2 2 2 2 2 2 2 2 2 2 2 2 2 2 2 2 2 2 2 2
left_child=3 2 -2 -1 5 6 7 12 9 10 -5 18 -4 -14 -8 16 -3 -7 -10 20 -16 -22
right_child=1 15 4 8 -6 17 14 -9 11 -11 -12 -13 13 -15 19 -17 -18 -19 -20 -21 21 -23
leaf_value=-0.51598219329286477 0.03349754241423053 1.4087263678158659 0.035783568188969571 -0.24007533321443297 0.49440613568983272 0.21610474738796884 -0.0083095170058232175 0.38888692591664514 -0.10858356224780423 -0.0034515140959235427 -0.29149550332774365 -0.021320686493762262 0.16423127507423449 0.45453411118981296 0.050004570310418335 1.9459965157393302 0.29141947398157703 0.51047818733658501 -0.20424877934180385 0.21960635385895919 0.061689287021345955 0.24464494883698887
leaf_weight=4362 501 479 154 1115 1106 383 131 692 134 61 1772 86 317 101 316 2766 94 568 305 352 258 230
leaf_count=4362 501 479 154 1115 1106 383 131 692 134 61 1772 86 317 101 316 2766 94 568 305 352 258 230
internal_value=-0.0010873 0.0119351 0.00893821 -0.0151295 0.00978376 0.00877745 0.00758607 0.00977738 -0.0127703 -0.0135413 -0.0138088 -0.00832075 0.00615685 0.00806738 0.00539087 0.0164952 0.0133824 0.0118985 -0.00977477 0.00604436 0.00469407 0.00656694
internal_weight=16283 8448 5109 7835 4608 3502 2551 1264 3473 2948 2887 525 572 418 1287 3339 573 951 439 1156 804 488
internal_count=16283 8448 5109 7835 4608 3502 2551 1264 3473 2948 2887 525 572 418 1287 3339 573 951 439 1156 804 488
is_linear=0
shrinkage=0.035


Tree=22
num_leaves=23
num_cat=0
split_feature=9 9 9 9 20 20 6 9 3 3 24 11 24 25 22 9 9 22 20 16 3 24
split_gain=2352.87 99.5409 31.4997 28.2517 11.3505 12.1028 16.3127 9.43144 5.82253 5.53411 5.49413 4.85888 4.44528 3.8391 3.91394 5.11471 3.96753 3.82104 3.72348 3.50601 3.40179 2.90384
threshold=5.1119291819291828 14.531406674658804 2.4643052359085309 7.0001034034430978 19.500000000000004 12.500000000000002 5.0238095238095246 3.7422296529669432 6.9966807769941894 5.9680479807034317 6315.0000000000009 2.3685206585314202 7576.0000000000009 421.00000000000006 31797.000000000004 9.9288271409042093 7.5542108248118387 19263.000000000004 23.500000000000004 1.0000000180025095e-35 9.4981679394837872 3555.0000000000005
decision_type=2 2 2 2 2 2 2 2 2 2 2 2 2 2 2 2 2 2 2 2 2 2
left_child=2 3 -1 10 5 6 9 19 17 -5 18 -8 -12 14 20 16 -16 -3 -2 -4 -7 -9
right_child=1 8 7 4 -6 13 11 21 -10 -11 12 -13 -14 -15 15 -17 -18 -19 -20 -21 -22 -23
leaf_value=-0.48489516989065157 -0.0028710324320777051 1.5637200896844408 -0.25576495410960959 0.023607126436024528 0.42000164167588144 0.20627089750964633 0.11947029076778741 -0.061328502671130589 1.8078866376884537 0.22793321249991519 0.27942830769770571 0.47523556759734109 0.10545590602346462 0.23558927973968702 0.11959298003846063 0.19478623138860196 -0.063617541307920841 0.58921735373061868 0.13694269787164437 -0.12198996002208312 0.092654611891640148 -0.19418655535989451
leaf_weight=4850 485 106 2399 206 1450 102 69 130 3106 304 113 965 423 331 79 108 174 125 137 113 117 395
leaf_count=4850 485 106 2399 206 1450 102 69 130 3106 304 113 965 423 331 79 108 174 125 137 113 117 395
internal_value=-0.00120734 0.0116785 -0.0149322 0.00856354 0.00998977 0.00847967 0.0103825 -0.0120694 0.0163794 0.00513107 0.00371668 0.0129187 0.00630776 0.00519651 0.00338034 0.00105191 -0.00162791 0.0103814 0.00142344 -0.0129807 0.00703125 -0.00759434
internal_weight=16287 8400 7887 5063 3905 2455 1544 3037 3337 510 1158 1034 536 911 580 361 253 231 622 2512 219 525
internal_count=16287 8400 7887 5063 3905 2455 1544 3037 3337 510 1158 1034 536 911 580 361 253 231 622 2512 219 525
is_linear=0
shrinkage=0.035


Tree=23
num_leaves=23
num_cat=0
split_feature=9 9 9 9 20 20 21 21 24 20 22 8 20 21 20 24 20 20 8 2 20 21
split_gain=2299.7 104.954 28.9567 27.0777 12.2575 10.2227 23.1608 20.3863 10.1569 6.51734 6.1495 5.62887 5.16121 7.35833 5.94791 4.67051 4.29244 4.13927 4.12097 4.09981 3.79365 5.23627
threshold=4.8693181818181825 15.030725974600367 2.1887447115513892 7.0001034034430978 22.500000000000004 10.500000000000002 1.5000000000000002 3.5000000000000004 10081.000000000002 3.5000000000000004 52360.000000000007 8.4219707518794262 10.500000000000002 1.5000000000000002 22.500000000000004 3555.0000000000005 3.5000000000000004 23.500000000000004 9.0705825922444401 6.9966807769941894 10.500000000000002 3.5000000000000004
decision_type=2 2 2 2 2 2 2 2 2 2 2 2 2 2 2 2 2 2 2 2 2 2
left_child=2 3 -1 9 5 6 -5 10 15 -2 -7 16 13 -11 -14 -4 -8 20 -6 -3 21 -10
right_child=1 19 8 4 18 7 11 -9 17 12 -12 -13 14 -15 -16 -17 -18 -19 -20 -21 -22 -23
leaf_value=-0.51595148558144166 -0.032307540269422556 0.86547122805581311 -0.22231328873983325 0.045750723436442091 0.27221142752669886 0.24774628453335826 0.10165818332577722 0.0031662730379495765 -0.17835112784956497 -0.030080984942757249 -0.017236495330947722 0.58172815891992369 0.011363333294655293 0.2787983783937289 0.15720027395494404 -0.26136006792604322 0.3195291702062138 -0.037976558944409634 0.62572474292406577 1.7446106053693577 -0.20766847695885371 0.098986188738266159
leaf_weight=4046 277 84 1241 288 551 1119 105 428 123 58 69 776 427 210 291 2055 189 121 559 3075 222 54
leaf_count=4046 277 84 1241 288 551 1119 105 428 123 58 69 776 427 210 291 2055 189 121 559 3075 222 54
internal_value=-0.0012687 0.0113397 -0.0149107 0.00833146 0.00971937 0.00850034 0.0107722 0.00655305 -0.0126636 0.00380915 0.00890402 0.0131372 0.00513875 0.00929487 0.00350968 -0.0133967 0.00860368 -0.0079 0.012917 0.0164049 -0.00961634 -0.00538462
internal_weight=16368 8506 7862 5347 4084 2974 1358 1616 3816 1263 1188 1070 986 268 718 3296 294 520 1110 3159 399 177
internal_count=16368 8506 7862 5347 4084 2974 1358 1616 3816 1263 1188 1070 986 268 718 3296 294 520 1110 3159 399 177
is_linear=0
shrinkage=0.035


Tree=24
num_leaves=23
num_cat=0
split_feature=9 9 9 4 9 9 24 22 6 20 20 21 3 1 24 20 20 20 21 22 22 20
split_gain=2258.08 103.223 33.618 27.6995 11.0278 10.4462 9.88259 10.0646 6.01645 5.62524 9.63814 10.4379 5.54394 4.47264 4.45099 4.42617 8.00221 6.69107 3.46055 4.79035 6.24866 5.74648
threshold=5.1119291819291828 15.414215686274511 2.2573163626507533 5.9680479807034317 9.3912408410482708 3.7422296529669432 4472.0000000000009 31797.000000000004 6.2149784522836695 22.500000000000004 10.500000000000002 3.5000000000000004 5.7847660902793931 5.0127769206881263 10740.000000000002 9.5000000000000018 18.500000000000004 3.5000000000000004 2.5000000000000004 5643.5000000000009 44839.000000000007 23.500000000000004
decision_type=2 2 2 2 2 2 2 2 2 2 2 2 2 2 2 2 2 2 2 2 2 2
left_child=2 3 -1 6 15 18 13 -8 14 10 -6 -12 -3 -2 -9 17 -17 -5 -4 -20 -21 -22
right_child=1 12 5 4 9 -7 7 8 -10 -11 11 -13 -14 -15 -16 16 -18 -19 19 20 21 -23
leaf_value=-0.49033289706417954 -0.15845982759543831 0.98065920312475874 -0.26597737968755247 0.10542418910635599 0.65096895046806436 -0.1643056790011683 0.29289348159141942 0.014614431477800045 0.23217617903397456 0.59482786764133433 0.31350888176194824 0.051838352837259731 1.7535492341814303 0.082753487165255143 0.19578406894877964 0.050703741364108858 0.21771826305633091 0.36066844760624528 -0.13275009905391791 -0.24168277021483284 -0.18043750736706843 0.018912783150408789
leaf_weight=4285 170 187 1403 174 538 507 274 518 283 559 548 211 2963 139 186 554 836 309 219 1148 259 72
leaf_count=4285 170 187 1403 174 538 507 274 518 283 559 548 211 2963 139 186 554 836 309 219 1148 259 72
internal_value=-0.00119364 0.0113769 -0.0146505 0.00837387 0.0100201 -0.0121042 0.00443333 0.00580569 0.00409274 0.0119707 0.0105645 0.00787958 0.0164017 -0.00111465 0.00229549 0.00805112 0.00696237 0.0110451 -0.0128799 -0.0116427 -0.0123821 -0.0078125
internal_weight=16342 8449 7893 5299 3729 3608 1570 1261 987 1856 1297 759 3150 309 704 1873 1390 483 3101 1698 1479 331
internal_count=16342 8449 7893 5299 3729 3608 1570 1261 987 1856 1297 759 3150 309 704 1873 1390 483 3101 1698 1479 331
is_linear=0
shrinkage=0.035


Tree=25
num_leaves=23
num_cat=0
split_feature=9 9 9 9 4 22 9 4 9 23 21 20 20 20 20 20 21 7 11 9 22 20
split_gain=2147.86 104.726 31.757 23.5184 15.4168 10.1758 8.06871 6.82525 6.72663 5.84154 5.372 6.28271 7.69847 4.92231 9.91978 6.34868 4.99665 4.71472 4.34349 4.3149 4.3142 4.09858
threshold=4.8693181818181825 12.007280625749726 2.1887447115513892 7.0001034034430978 5.0127769206881263 19263.000000000004 3.6675281567069598 5.9680479807034317 15.030725974600367 21250.000000000004 2.5000000000000004 23.500000000000004 10.500000000000002 10.500000000000002 21.500000000000004 3.5000000000000004 3.5000000000000004 8.9986595234537141 3.7974108994791695 5.964900036625683 5643.5000000000009 9.5000000000000018
decision_type=2 2 2 2 2 2 2 2 2 2 2 2 2 2 2 2 2 2 2 2 2 2
left_child=2 3 -1 9 5 -3 10 -5 -6 -2 -4 12 20 15 16 17 -15 -9 19 -11 -12 -8
right_child=1 4 6 7 8 -7 21 13 -10 18 11 -13 -14 14 -16 -17 -18 -19 -20 -21 -22 -23
leaf_value=-0.48073153218884496 -0.48984736494780218 1.2356794661624013 -0.25187185120749528 0.16842208006683129 0.57151645753616098 0.32567946616240123 -0.10640309683229196 -0.0034851324448179357 1.6921750109850799 0.045283071367175763 -0.035016190415456637 -0.13457786093037094 -0.26586684868684524 0.16748287815619703 0.36283566256103655 0.49621734727074102 0.033435914651537592 0.258892832721212 -0.086063069728356825 0.12343350115748181 -0.18444223180678387 -0.16322362949001601
leaf_weight=4022 48 226 1519 775 776 303 169 71 2840 439 80 396 704 631 806 456 232 169 54 693 550 343
leaf_count=4022 48 226 1519 775 776 303 169 71 2840 439 80 396 704 631 806 456 232 169 54 693 550 343
internal_value=-0.00114291 0.010996 -0.0144305 0.00719742 0.0149867 0.00917603 -0.0120632 0.00880843 0.0158181 0.00306497 -0.0127243 -0.0112464 -0.0124291 0.0097616 0.00863501 0.0123573 0.00592742 0.00735714 0.00357053 0.00404793 -0.00939764 -0.00775145
internal_weight=16302 8519 7783 4374 4145 529 3761 3140 3616 1234 3249 1730 1334 2365 1669 696 863 240 1186 1132 630 512
internal_count=16302 8519 7783 4374 4145 529 3761 3140 3616 1234 3249 1730 1334 2365 1669 696 863 240 1186 1132 630 512
is_linear=0
shrinkage=0.035


Tree=26
num_leaves=23
num_cat=0
split_feature=8 8 15 4 24 20 20 21 20 8 22 8 4 8 11 6 21 20 20 24 20 20
split_gain=2089.24 108.8 32.8307 31.4216 12.7151 12.1312 19.3545 12.9738 11.0447 9.17412 6.33027 6.02215 5.91943 5.68933 5.36147 4.93085 4.90612 4.82213 4.74497 4.27488 4.06115 4.00243
threshold=4.8048203336059165 15.42678182849369 0.17519181585677754 5.7847660902793931 9349.5000000000018 22.500000000000004 10.500000000000002 3.5000000000000004 3.5000000000000004 6.2169130934036625 52360.000000000007 9.0705825922444401 5.7847660902793931 6.6669863831820368 1.7908550173932825 6.006203158824877 2.5000000000000004 23.500000000000004 17.500000000000004 6315.0000000000009 23.500000000000004 10.500000000000002
decision_type=2 2 2 2 2 2 2 2 2 2 2 2 2 2 2 2 2 2 2 2 2 2
left_child=2 3 4 9 14 6 8 10 16 15 13 -7 -3 -8 -1 -2 -5 -16 -15 -9 21 -6
right_child=1 12 -4 5 20 11 7 19 -10 -11 -12 -13 -14 18 17 -17 -18 -19 -20 -21 -22 -23
leaf_value=-0.24997095291624113 -0.05971172449911457 0.98788454791757696 -0.5339059285622354 0.37655935685613862 -0.092923373671593493 0.2338556298008824 0.010672612615166168 -0.1145062012700194 0.47407279484835751 0.1459987790698436 -0.0079199883342360358 0.61567704138411439 1.6679488856006022 0.15362997412803778 -0.22380823530604527 0.15748586722256072 0.11117553435712962 -0.14188288653596071 0.32447986844709736 0.06235569470515117 -0.024991592661661878 -0.1879925771504144
leaf_weight=2671 400 368 3408 99 159 595 104 124 694 1139 102 627 2765 529 1040 104 270 256 429 267 122 200
leaf_count=2671 400 368 3408 99 159 595 104 124 694 1139 102 627 2765 529 1040 104 270 256 429 267 122 200
internal_value=-0.00123521 0.0106632 -0.0142854 0.00767219 -0.0122575 0.00940767 0.00801277 0.00547436 0.0116667 0.0035892 0.00732036 0.012337 0.0158716 0.00811856 -0.0129179 -0.00030943 0.0065508 -0.010882 0.00895898 0 -0.00669753 -0.00855769
internal_weight=16472 8616 7856 5483 4448 3840 2618 1555 1063 1643 1164 1222 3133 1062 3967 504 369 1296 958 391 481 359
internal_count=16472 8616 7856 5483 4448 3840 2618 1555 1063 1643 1164 1222 3133 1062 3967 504 369 1296 958 391 481 359
is_linear=0
shrinkage=0.035


Tree=27
num_leaves=23
num_cat=0
split_feature=9 9 9 9 9 20 23 24 21 4 20 21 21 20 23 20 21 23 23 8 5 23
split_gain=2022.81 99.6825 38.1051 26.766 14.72 11.9219 11.7565 8.02585 8.81569 7.62879 6.61894 15.834 10.0468 8.04692 6.31581 5.17379 6.11327 6.45461 6.62122 4.41977 4.31639 4.04913
threshold=5.1119291819291828 14.531406674658804 1.8619363398611124 7.5542108248118387 3.6675281567069598 22.500000000000004 63800.000000000007 4472.0000000000009 2.5000000000000004 5.2852117926282993 11.500000000000002 3.5000000000000004 1.5000000000000002 3.5000000000000004 21250.000000000004 23.500000000000004 2.5000000000000004 52700.000000000007 7350.0000000000009 8.4219707518794262 4.9547980748721674 26000.000000000004
decision_type=2 2 2 2 2 2 2 2 2 2 2 2 2 2 2 2 2 2 2 2 2 2
left_child=2 3 -1 7 15 6 10 8 20 14 12 -12 21 19 -3 -4 -17 18 -18 -14 -2 -5
right_child=1 9 4 5 -6 -7 -8 -9 -10 -11 11 -13 13 -15 -16 16 17 -19 -20 -21 -22 -23
leaf_value=-0.51521922106255713 0.044480262141394875 1.4028547256696025 -0.21985197760330583 0.39239912518699233 -0.1263670241393485 0.46264776227806842 -0.019364557370821951 0.12827752109622392 0.11754950387833735 1.538678404316141 0.2532451987370456 -0.0063637328663893565 -0.026924414784453125 0.55918758221001963 0.46699841597307085 -0.2353190213019519 0.05997645192345942 0.043444252080298139 -0.16348503713588647 0.30516281079829211 -0.11983858028013472 0.02754018099851031
leaf_weight=3247 48 169 3102 48 586 891 157 1297 222 2924 825 300 52 621 223 496 46 67 384 265 193 207
leaf_count=3247 48 169 3102 48 586 891 157 1297 222 2924 825 300 52 621 223 496 46 67 384 265 193 207
internal_value=-0.00131344 0.0106052 -0.0140057 0.00752729 -0.011943 0.00935998 0.00805847 0.00399575 0 0.0153395 0.00868597 0.00665929 0.0105467 0.0122296 0.0103589 -0.0126939 -0.0102756 -0.00732072 -0.0088908 0.0073913 -0.00455285 0.00417308
internal_weight=16370 8442 7928 5126 4681 3366 2475 1760 463 3316 2318 1125 1193 938 392 4095 993 497 430 317 241 255
internal_count=16370 8442 7928 5126 4681 3366 2475 1760 463 3316 2318 1125 1193 938 392 4095 993 497 430 317 241 255
is_linear=0
shrinkage=0.035


Tree=28
num_leaves=23
num_cat=0
split_feature=9 9 9 9 24 6 9 24 21 22 25 21 12 12 22 22 3 5 8 12 22 22
split_gain=1944.53 101.856 43.9596 28.1227 13.2018 11.2613 8.55392 7.45471 7.04933 6.1777 9.29798 5.39062 6.4583 5.2422 4.71032 4.58883 6.97648 4.5159 3.92737 3.49667 7.41463 6.39947
threshold=5.1119291819291828 16.147959183673475 1.767583236713677 7.5542108248118387 10081.000000000002 10.441887007478826 4.5774101668029585 4472.0000000000009 2.5000000000000004 5643.5000000000009 729.50000000000011 1.5000000000000002 2.1661401781727538 2.565674953785313 52360.000000000007 16785.000000000004 5.9680479807034317 4.9547980748721674 7.9318006805211025 4.4754421922454606 31488.000000000004 32208.500000000004
decision_type=2 2 2 2 2 2 2 2 2 2 2 2 2 2 2 2 2 2 2 2 2 2
left_child=2 3 -1 7 6 13 9 8 17 11 -11 -4 -13 -5 19 -3 -17 -2 -16 -15 -21 -22
right_child=1 15 4 5 -6 -7 -8 -9 -10 10 -12 12 -14 14 18 16 -18 -19 -20 20 21 -23
leaf_value=-0.5321865483253676 0.1283070746838586 1.9757169304535158 -0.22281172616026118 0.0021332751857003631 -0.11184626601270505 0.45423663507455708 0.018459381034358631 0.12877427933493085 0.12264028228010503 -0.23646291353830168 -0.17126958645787951 -0.075536582888614409 -0.14579295099950007 0.26483024695080126 0.27138940601378719 0.37078685259989191 0.97480832492313274 -0.11137236443351378 -0.016220038848776961 0.54690385759851634 -0.19423059582026528 0.24131846706395929
leaf_weight=3048 47 1538 119 108 535 1175 62 1291 216 2685 1030 241 154 1480 54 104 1341 209 117 252 48 437
leaf_count=3048 47 1538 119 108 535 1175 62 1291 216 2685 1030 241 154 1480 54 104 1341 209 117 252 48 437
internal_value=-0.00131443 0.010377 -0.013813 0.00750644 -0.0116969 0.00925462 -0.012351 0.0038405 3.66876e-05 -0.0125402 -0.0130591 -0.0086657 -0.006475 0.00787185 0.00821249 0.015579 0.0139276 -0.00382184 0.00238636 0.00864761 0.00650943 0.00385714
internal_weight=16291 8417 7874 5434 4826 3671 4291 1763 472 4229 3715 514 395 2496 2388 2983 1445 256 171 2217 737 485
internal_count=16291 8417 7874 5434 4826 3671 4291 1763 472 4229 3715 514 395 2496 2388 2983 1445 256 171 2217 737 485
is_linear=0
shrinkage=0.035


Tree=29
num_leaves=23
num_cat=0
split_feature=9 9 9 9 22 3 24 22 25 24 20 20 21 21 10 22 22 24 20 20 25 25
split_gain=1870.58 108.367 42.7207 20.8187 15.9775 10.9533 10.9043 7.2308 9.16679 6.8812 7.22907 9.65027 11.0588 6.69655 6.54473 5.25476 5.24709 5.1724 4.89549 6.07678 5.82386 9.44189
threshold=4.5774101668029585 12.007280625749726 1.573233841878634 7.0001034034430978 16785.000000000004 5.2852117926282993 11523.000000000002 3735.5000000000005 729.50000000000011 4472.0000000000009 21.500000000000004 10.500000000000002 1.5000000000000002 3.5000000000000004 1.9023794624226864 19263.000000000004 52360.000000000007 11523.000000000002 20.500000000000004 10.500000000000002 191.00000000000003 224.50000000000003
decision_type=2 2 2 2 2 2 2 2 2 2 2 2 2 2 2 2 2 2 2 2 2 2
left_child=2 3 -1 15 -3 -6 7 -4 -9 -5 11 12 -11 16 -14 -2 -13 -17 19 -7 -21 -22
right_child=1 4 6 9 5 18 -8 8 -10 10 -12 13 14 -15 -16 17 -18 -19 -20 20 21 -23
leaf_value=-0.51356001913397975 -0.41885831278814384 1.8715668378876429 -0.13857768863128128 -0.00091954256170250664 0.29307768416400437 1.0498186482259064 -0.10711493539866271 -0.23356001913397978 -0.16024183032991668 0.018130128316323886 0.29694710291815873 0.15450733233395858 0.0068898724759316474 -0.0044613762270448382 0.35458514912327682 0.085468264619531067 -0.038906149313416148 -0.17227630078467071 0.86381207654248326 1.0665986390812061 -0.053812922158139896 0.3665986390812061
leaf_weight=2736 62 1541 508 129 190 725 484 3014 1037 171 912 778 63 269 761 1159 56 55 827 158 110 533
leaf_count=2736 62 1541 508 129 190 725 484 3014 1037 171 912 778 63 269 761 1159 56 55 827 158 110 533
internal_value=-0.00128002 0.010067 -0.0136781 0.00624774 0.0141789 0.0123901 -0.0117314 -0.0122699 -0.0127798 0.00778149 0.00812023 0.00693176 0.00945 0.00461191 0.0111248 0.00244536 0.00615316 0.0029717 0.0130471 0.0117162 0.00942308 0.00777778
internal_weight=16278 8499 7779 4415 4084 2543 5043 4559 4051 3139 3010 2098 995 1103 824 1276 834 1214 2353 1526 801 643
internal_count=16278 8499 7779 4415 4084 2543 5043 4559 4051 3139 3010 2098 995 1103 824 1276 834 1214 2353 1526 801 643
is_linear=0
shrinkage=0.035


Tree=30
num_leaves=23
num_cat=0
split_feature=9 9 9 8 24 22 9 24 6 22 25 12 2 22 4 12 16 24 22 10 6 8
split_gain=1823.22 107.494 49.8883 27.1765 11.114 9.85862 8.61328 7.69691 7.57656 6.6438 8.33873 6.20404 5.354 5.27669 6.66873 4.55992 4.53327 4.34487 5.6975 4.45537 4.05193 3.78722
threshold=5.1119291819291828 16.147959183673475 1.7201161577513366 8.7758782269794384 10081.000000000002 52360.000000000007 4.5774101668029585 4472.0000000000009 10.441887007478826 3735.5000000000005 729.50000000000011 2.5065704709548395 5.0127769206881263 16785.000000000004 5.9680479807034317 2.3253832818284836 1.0000000180025095e-35 12965.500000000002 31797.000000000004 1.7182493859684629 5.172349027628159 8.3365828615828637
decision_type=2 2 2 2 2 2 2 2 2 2 2 2 2 2 2 2 2 2 2 2 2 2
left_child=2 3 -1 7 6 8 9 12 11 15 -11 -5 -2 -3 -15 -4 -12 18 19 -9 -20 -19
right_child=1 13 4 5 -6 -7 -8 17 -10 10 16 -13 -14 14 -16 -17 -18 21 20 -21 -22 -23
leaf_value=-0.49558541846429049 -0.06386588058950754 1.8450809384704008 -0.12439286495113235 -0.09050037427352417 -0.10336591265970951 -0.025542277072215572 0.018946847355448784 -0.0016509964032489679 0.47825991215067637 -0.22048772971369399 -0.16702500763763503 0.3140155771920346 0.082476875357847562 0.50017781962451902 0.96749027811351052 -0.17418395550775101 -0.039516449452314008 0.38136731059232415 0.044772637033119629 0.19985664722606164 0.11832441859662475 0.1017699563677794
leaf_weight=3010 263 1512 400 46 530 87 65 63 998 2778 985 1670 241 158 1246 109 59 175 690 359 756 101
leaf_count=3010 263 1512 400 46 530 87 65 63 998 2778 985 1670 241 158 1246 109 59 175 690 359 756 101
internal_value=-0.00145744 0.00993967 -0.0134715 0.00702054 -0.011268 0.00942979 -0.0118536 0.00445251 0.00980232 -0.0120434 -0.0125614 0.00830767 0.000515717 0.0153672 0.0136001 -0.00803502 -0.00972593 0.00536645 0.00471837 0.00831967 0.00363025 0.00952847
internal_weight=16301 8365 7936 5449 4926 2801 4396 2648 2714 4331 3822 1716 504 2916 1404 509 1044 2144 1868 422 1446 276
internal_count=16301 8365 7936 5449 4926 2801 4396 2648 2714 4331 3822 1716 504 2916 1404 509 1044 2144 1868 422 1446 276
is_linear=0
shrinkage=0.035


Tree=31
num_leaves=23
num_cat=0
split_feature=8 8 8 8 22 4 24 22 20 20 20 8 12 21 5 20 20 22 21 20 12 22
split_gain=1741.21 118.09 44.4552 21.1496 17.028 12.0279 10.3956 9.37932 8.81269 6.89277 12.5787 7.63949 6.69958 6.33702 6.06775 5.47642 7.63849 6.15389 4.73894 4.7365 4.61802 4.56767
threshold=4.8048203336059165 13.000357142857146 1.6444649245412026 8.6533702435584079 16785.000000000004 5.9680479807034317 9349.5000000000018 52360.000000000007 3.5000000000000004 9.5000000000000018 21.500000000000004 6.0000093177456657 3.4870934248306749 1.5000000000000002 5.0127769206881263 23.500000000000004 11.500000000000002 3735.5000000000005 2.5000000000000004 23.500000000000004 1.8312649797841705 33201.500000000007
decision_type=2 2 2 2 2 2 2 2 2 2 2 2 2 2 2 2 2 2 2 2 2 2
left_child=2 3 -1 8 -3 21 15 14 -2 13 11 -11 -13 -10 -5 16 17 -4 -17 -8 -20 -6
right_child=1 4 6 7 5 -7 19 -9 9 10 -12 12 -14 -15 -16 18 -18 -19 20 -21 -22 -23
leaf_value=-0.47823992881804034 -0.023281359098087862 1.7414841657151112 -0.07970587239997369 0.17733297201446882 0.48111520747977521 0.79024839064355779 -0.13065195782636244 -0.032254822181402326 0.013536338866778623 -0.098039656053271862 0.15544450279562544 0.07044417443815032 -0.042989071452667608 0.26807809563511775 0.33677466592297284 -0.21275290628108967 -0.22875053619086358 -0.1785687573292539 -0.12715124376271 -0.0084125920811389237 -0.033429204685399783 -0.02010216171980023
leaf_weight=2995 437 1572 190 463 194 1934 356 93 110 176 849 581 182 367 1488 464 1765 1429 364 132 167 112
leaf_count=2995 437 1572 190 463 194 1934 356 93 110 176 849 581 182 367 1488 464 1765 1429 364 132 167 112
internal_value=-0.00144795 0.00947244 -0.0133358 0.00577194 0.0140614 0.0120122 -0.0112356 0.00846388 0.00371721 0.00459471 0.00356247 0.000741525 0.00227865 0.00835062 0.00898262 -0.0117838 -0.0124911 -0.010625 -0.00931 -0.00621197 -0.00685634 0.00534566
internal_weight=16420 8558 7862 4746 3812 2240 4867 2044 2702 2265 1788 939 763 477 1951 4379 3384 1619 995 488 531 306
internal_count=16420 8558 7862 4746 3812 2240 4867 2044 2702 2265 1788 939 763 477 1951 4379 3384 1619 995 488 531 306
is_linear=0
shrinkage=0.035


Tree=32
num_leaves=23
num_cat=0
split_feature=9 9 9 8 16 5 24 24 22 21 21 5 22 25 21 12 22 10 10 24 25 7
split_gain=1696.87 115.888 52.1884 23.2918 11.2426 9.61588 9.03431 8.65703 8.60962 6.05637 5.79011 5.51992 4.58193 6.3505 4.06404 7.28166 3.94702 3.92432 3.49643 3.35816 7.34664 3.82861
threshold=4.8693181818181825 15.684722134426346 1.573233841878634 8.6533702435584079 1.0000000180025095e-35 5.0127769206881263 10081.000000000002 4472.0000000000009 16785.000000000004 3.5000000000000004 2.5000000000000004 5.9680479807034317 3735.5000000000005 600.00000000000011 2.5000000000000004 2.3022158080024244 52360.000000000007 12.497613593336373 5.0254766528386581 12965.500000000002 277.00000000000006 8.005698005698008
decision_type=2 2 2 2 2 2 2 2 2 2 2 2 2 2 2 2 2 2 2 2 2 2
left_child=2 3 -1 7 6 16 12 10 -3 18 -2 -10 14 -14 -4 -16 -5 -13 -7 20 -9 -21
right_child=1 8 4 5 -6 9 -8 19 11 -11 -12 17 13 -15 15 -17 -18 -19 -20 21 -22 -23
leaf_value=-0.46150153130940885 -0.046301559758076115 1.6805322199150825 -0.18345273234074955 0.18750773472791604 -0.067868165435738537 0.36816477994120173 -0.10449458731760623 0.10372725168400596 0.49616392033775841 0.29631878284590407 0.11385969236025656 0.93676078396796159 -0.21117544125213628 -0.16322437694029165 -0.013297650283375033 -0.13667166625397656 -0.077070927221146279 0.12458424742771976 0.32547067748372605 0.3741804448587695 -0.44628776794799158 0.15715174529957604
leaf_weight=2702 296 1508 233 601 225 1101 499 1818 243 696 269 1274 2412 1491 157 93 50 45 292 137 46 108
leaf_count=2702 296 1508 233 601 225 1101 499 1818 243 696 269 1274 2412 1491 157 93 50 45 292 137 46 108
internal_value=-0.00138596 0.00944781 -0.0131524 0.00635219 -0.0110406 0.00862568 -0.0113947 0.00400429 0.0148821 0.00979465 0.000122807 0.0128989 -0.0119124 -0.0123324 -0.00839139 -0.0050098 0.00480183 0.0138255 0.011166 0.00503311 0.00448502 0.00896
internal_weight=16296 8484 7812 5414 5110 2740 4885 2674 3070 2089 565 1562 4386 3903 483 250 651 1319 1393 2109 1864 245
internal_count=16296 8484 7812 5414 5110 2740 4885 2674 3070 2089 565 1562 4386 3903 483 250 651 1319 1393 2109 1864 245
is_linear=0
shrinkage=0.035


Tree=33
num_leaves=23
num_cat=0
split_feature=9 9 9 9 20 16 23 20 21 21 24 24 25 21 23 24 20 20 20 20 25 20
split_gain=1617.6 116.323 51.6749 26.7951 11.7806 11.3132 9.23921 9.10962 17.4876 8.75654 8.3468 8.03561 6.90918 6.84327 6.59876 6.38168 6.07489 13.1338 10.7659 5.59911 4.69852 4.55696
threshold=4.5774101668029585 16.610529248024637 1.767583236713677 9.003070231831428 20.500000000000004 1.0000000180025095e-35 52700.000000000007 10.500000000000002 1.5000000000000002 3.5000000000000004 12965.500000000002 10740.000000000002 455.50000000000006 2.5000000000000004 4900.0000000000009 4472.0000000000009 10.500000000000002 4.5000000000000009 21.500000000000004 23.500000000000004 233.00000000000003 3.5000000000000004
decision_type=2 2 2 2 2 2 2 2 2 2 2 2 2 2 2 2 2 2 2 2 2 2
left_child=2 3 -1 10 7 6 14 8 -5 -9 11 13 -3 15 -4 -2 17 -15 -18 -8 -11 -10
right_child=1 12 5 4 -6 -7 19 9 21 20 -12 -13 -14 16 -16 -17 18 -19 -20 -21 -22 -23
leaf_value=-0.44534897771357956 -0.037398212266180515 1.4117135922180546 -0.12396043258167624 0.08495340207323783 0.40832903080209287 -0.058408961699336806 -0.14597708694954281 0.20321907149054369 0.2958756863826541 -0.20131619941017823 0.30401575225931837 -0.21748982202547829 0.41705773555684311 0.062003416653331311 -0.18795911945242746 0.058825360453825054 -0.0088954603552270587 0.3072218167812647 0.24020923126758342 -0.056475107602977991 0.071884697032869399 0.69249927295072899
leaf_weight=3025 324 2524 489 231 930 201 760 681 273 88 301 48 265 225 3090 1029 426 254 362 237 128 453
leaf_count=3025 324 2524 489 231 930 201 760 681 273 88 301 48 265 225 3090 1029 426 254 362 237 128 453
internal_value=-0.00146752 0.00905201 -0.0129855 0.00619399 0.00866529 -0.0106859 -0.011044 0.00699435 0.00938669 0.0043847 0.00386012 0.00321455 0.0149195 0.00348667 -0.0118945 0.0017268 0.00533805 0.00846074 0.00337642 -0.00792914 -0.0016629 0.0120417
internal_weight=16344 8542 7802 5753 2784 4777 4576 1854 957 897 2969 2668 2789 2620 3579 1353 1267 479 788 997 216 726
internal_count=16344 8542 7802 5753 2784 4777 4576 1854 957 897 2969 2668 2789 2620 3579 1353 1267 479 788 997 216 726
is_linear=0
shrinkage=0.035


Tree=34
num_leaves=23
num_cat=0
split_feature=9 9 9 8 20 20 21 21 22 20 22 10 20 20 21 24 20 5 24 16 21 22
split_gain=1598.46 112.086 55.4199 24.8611 13.1015 10.6029 19.5014 10.4875 9.53786 9.01464 7.47219 6.52315 6.2461 13.5252 7.66421 5.82258 5.25198 4.88764 4.76485 4.45828 4.15206 3.80438
threshold=4.8693181818181825 16.610529248024637 1.767583236713677 8.6533702435584079 21.500000000000004 10.500000000000002 1.5000000000000002 3.5000000000000004 44839.000000000007 3.5000000000000004 16785.000000000004 2.7602622373694117 10.500000000000002 20.500000000000004 1.5000000000000002 5252.0000000000009 23.500000000000004 5.9680479807034317 9349.5000000000018 1.0000000180025095e-35 4.5000000000000009 22034.500000000004
decision_type=2 2 2 2 2 2 2 2 2 2 2 2 2 2 2 2 2 2 2 2 2 2
left_child=2 3 -1 9 5 6 21 -7 11 -2 -3 19 14 15 -11 -14 -10 -12 -17 -4 -8 -5
right_child=1 10 8 4 -6 7 20 -9 16 12 17 -13 13 -15 -16 18 -18 -19 -20 -21 -22 -23
leaf_value=-0.42976176349360429 -0.033309753454980662 1.6073036164904229 -0.17352533471041648 0.33551297839716926 0.43334524861711909 0.2089708568566184 0.49533900582226659 -0.030959699200612988 -0.14714309761733893 7.6895292912588798e-05 0.46680415754612609 -0.057676657963082439 -0.051865465761450021 0.14110844384219712 0.22591685763168232 0.13054776174408339 -0.047444058216833035 0.9139442677902716 0.0015203135375952926 -0.075986364142207496 0.18002868078461134 -0.035054462130223243
leaf_weight=3049 422 1508 3390 54 822 862 774 318 811 123 200 170 330 933 427 133 247 1117 320 134 64 196
leaf_count=3049 422 1508 3390 54 822 862 774 318 811 123 200 170 330 933 427 133 247 1117 320 134 64 196
internal_value=-0.00139817 0.00900209 -0.0128683 0.00619445 0.00834006 0.00692147 0.00943047 0.00456329 -0.0104735 0.00371055 0.0147173 -0.0113308 0.00458498 0.00350813 0.00785135 8.88325e-05 -0.00742474 0.0126021 0.00267467 -0.0116584 0.0119781 0.000754902
internal_weight=16404 8603 7801 5778 3090 2268 1088 1180 4752 2688 2825 3694 2266 1716 550 783 1058 1317 453 3524 838 250
internal_count=16404 8603 7801 5778 3090 2268 1088 1180 4752 2688 2825 3694 2266 1716 550 783 1058 1317 453 3524 838 250
is_linear=0
shrinkage=0.035


Tree=35
num_leaves=23
num_cat=0
split_feature=9 9 9 8 20 11 24 22 20 21 22 20 20 21 8 3 21 20 20 20 20 27
split_gain=1542.03 111.194 61.41 22.8558 13.6139 10.4056 9.48937 9.46485 9.54156 22.115 9.0055 8.10966 8.24462 9.05276 6.79594 6.68818 5.63838 6.34465 5.60112 6.15749 9.06662 8.7731
threshold=5.1119291819291828 16.610529248024637 1.573233841878634 8.7758782269794384 21.500000000000004 1.8093379942281738 4472.0000000000009 19263.000000000004 9.5000000000000018 1.5000000000000002 16785.000000000004 21.500000000000004 10.500000000000002 1.5000000000000002 3.0718573973290817 5.9680479807034317 3.5000000000000004 11.500000000000002 21.500000000000004 10.500000000000002 4.5000000000000009 3.5000000000000004
decision_type=2 2 2 2 2 2 2 2 2 2 2 2 2 2 2 2 2 2 2 2 2 2
left_child=2 3 -1 6 7 -4 -2 -5 9 -9 -3 12 13 -7 -15 -12 -10 -18 19 20 -8 -21
right_child=1 10 5 4 -6 11 18 8 16 -11 15 -13 -14 14 -16 -17 17 -19 -20 21 -22 -23
leaf_value=-0.41472010177132812 -0.01273511619211245 1.5510479899132581 -0.16816857562868759 0.68303645179367156 0.42579555991092249 -0.21972680217522469 0.071563110572051836 -0.029452509093723073 0.1507901053241974 0.42958711585576997 0.21242908091051677 -0.071039852811125556 -0.18616058282069464 -0.11033765626081392 -0.0032945121110364898 0.81914948044763225 0.3453037155510511 -0.070532060233851945 0.19354199612888992 -0.014443460863128196 0.18459629416285409 0.13296508033499752
leaf_weight=2742 516 1525 3350 235 795 203 376 204 810 655 100 441 675 198 271 1205 56 267 727 552 374 144
leaf_count=2742 516 1525 3350 235 795 203 376 204 810 655 100 441 675 198 271 1205 56 267 727 552 374 144
internal_value=-0.00137435 0.00892406 -0.0125374 0.00609867 0.0081921 -0.0102523 0.00372866 0.00674283 0.00591512 0.00870949 0.0145988 -0.00801311 -0.0093713 -0.00648818 -0.00369198 0.0122901 0.0037522 -0.000106707 0.00474059 0.00343728 0.00563245 0.00102354
internal_weight=16421 8541 7880 5711 3022 5138 2689 2227 1992 859 2830 1788 1347 672 469 1305 1133 323 2173 1446 750 696
internal_count=16421 8541 7880 5711 3022 5138 2689 2227 1992 859 2830 1788 1347 672 469 1305 1133 323 2173 1446 750 696
is_linear=0
shrinkage=0.035


Tree=36
num_leaves=23
num_cat=0
split_feature=9 9 9 23 20 8 24 20 21 20 20 21 20 20 24 21 20 7 25 20 9 11
split_gain=1461.24 110.644 61.4614 20.2318 14.3245 13.6114 10.4704 9.19119 8.78798 8.08016 13.8558 16.3966 8.73423 8.6938 6.71399 6.51567 6.40888 9.52686 5.65403 5.39852 5.97631 9.6092
threshold=4.8693181818181825 13.199527588272966 1.7201161577513366 21250.000000000004 20.500000000000004 6.6669863831820368 4685.0000000000009 23.500000000000004 2.5000000000000004 20.500000000000004 10.500000000000002 1.5000000000000002 30.500000000000004 3.5000000000000004 12965.500000000002 2.5000000000000004 11.500000000000002 3.6945587233324511 277.00000000000006 11.500000000000002 19.831351334706785 8.8860003052625043
decision_type=2 2 2 2 2 2 2 2 2 2 2 2 2 2 2 2 2 2 2 2 2 2
left_child=2 5 -1 -3 6 18 -5 16 -9 10 11 -7 -11 -13 19 -15 17 -4 -2 -8 21 -21
right_child=1 3 7 4 -6 9 14 8 -10 12 -12 13 -14 15 -16 -17 -18 -19 -20 20 -22 -23
leaf_value=-0.40020489820933169 0.086543284316366723 1.4805657654436153 -0.14171092328297244 -0.26646835530734864 0.87028050348517194 -0.0078488746487314579 0.88493463127095018 -0.1650493598843476 -0.075715189506872296 0.27327271544775816 0.052644555696590281 0.13590099446813472 -0.080505001693008185 0.19938305592796607 -0.27835259614467511 0.46669102956048547 -0.18479091502066841 -0.058431195961351573 -0.033081391919416066 0.20333870305633708 0.77920490393517206 -0.2741463805549012
leaf_weight=2972 683 1573 1450 45 675 238 742 548 616 1134 1216 342 67 215 48 435 1883 322 394 424 129 52
leaf_count=2972 683 1573 1450 45 675 238 742 548 616 1134 1216 342 67 215 48 435 1883 322 394 424 129 52
internal_value=-0.00147705 0.00863461 -0.0123955 0.0131783 0.0108632 0.00507348 0.0088045 -0.00992537 -0.00711078 0.00609529 0.00490514 0.00752429 0.0084743 0.00949599 0.00935 0.0118893 -0.010806 -0.00918824 0.00158503 0.00981139 0.00717213 0.0052027
internal_weight=16203 8412 7791 3688 2115 4724 1440 4819 1164 3647 2446 1230 1201 992 1395 650 3655 1772 1077 1347 605 476
internal_count=16203 8412 7791 3688 2115 4724 1440 4819 1164 3647 2446 1230 1201 992 1395 650 3655 1772 1077 1347 605 476
is_linear=0
shrinkage=0.035


Tree=37
num_leaves=23
num_cat=0
split_feature=9 9 9 22 20 24 22 24 22 9 21 25 11 25 20 24 22 24 25 20 20 20
split_gain=1411.55 112.668 65.2845 23.2998 16.313 14.2914 11.0918 9.51868 8.43944 7.76991 7.71182 6.66688 6.87329 6.997 6.36388 5.94018 5.33805 8.09798 8.47611 5.09065 5.07871 10.5525
threshold=4.8693181818181825 13.199527588272966 1.7201161577513366 16785.000000000004 21.500000000000004 4472.0000000000009 44839.000000000007 4685.0000000000009 3735.5000000000005 9.3912408410482708 2.5000000000000004 106.50000000000001 8.8860003052625043 224.50000000000003 23.500000000000004 12965.500000000002 31797.000000000004 12965.500000000002 277.00000000000006 23.500000000000004 9.5000000000000018 18.500000000000004
decision_type=2 2 2 2 2 2 2 2 2 2 2 2 2 2 2 2 2 2 2 2 2 2
left_child=2 5 -1 -3 7 10 8 -5 -4 16 -2 -9 13 -13 -8 -15 -7 18 20 -11 -18 -22
right_child=1 3 6 4 -6 9 14 11 -10 19 -12 12 -14 15 -16 -17 17 -19 -20 -21 21 -23
leaf_value=-0.38619772677200509 -0.079692284429402641 1.4099415084757674 -0.095691784187528703 -0.19377358140237072 0.83652966101890358 0.14016999292965118 -0.12843592281348298 1.0410631569258901 -0.1643561686089996 0.23304003755300653 0.091565273160792354 -0.11269832320180834 0.021417523460840082 0.43470791440613399 -0.025532978740536685 -0.20904025356443634 0.13842795496074939 0.25220188031258861 -0.47631706514623218 0.37224073174737693 -0.046975703217206462 0.082066373415712726
leaf_weight=2984 304 1578 506 46 628 543 801 338 3273 1240 262 69 140 883 248 46 471 392 48 400 445 622
leaf_count=2984 304 1578 506 46 628 543 801 338 3273 1240 262 69 140 883 248 46 471 392 48 400 445 622
internal_value=-0.00157879 0.00832801 -0.0123017 0.0128777 0.010435 0.00472633 -0.00975843 0.00840046 -0.0106554 0.00543567 -0.00045972 0.0088977 0.0075175 0.0085319 -0.00647533 0.00933084 0.00418448 0.00330938 0.00216688 0.00732979 0.00264258 0.00127332
internal_weight=16267 8455 7812 3728 2150 4727 4828 1522 3779 4161 566 1476 1138 998 1049 929 2521 1978 1586 1640 1538 1067
internal_count=16267 8455 7812 3728 2150 4727 4828 1522 3779 4161 566 1476 1138 998 1049 929 2521 1978 1586 1640 1538 1067
is_linear=0
shrinkage=0.035


Tree=38
num_leaves=23
num_cat=0
split_feature=9 9 9 9 11 22 9 20 20 20 20 20 25 6 12 20 20 21 20 25 21 20
split_gain=1354.9 112.057 69.0983 19.1949 12.1936 11.8723 11.192 11.1189 9.36484 8.88739 7.22012 7.52354 7.04766 6.43779 6.20002 6.02384 9.77534 9.61201 9.60854 5.77253 6.46984 4.72564
threshold=5.1119291819291828 16.610529248024637 1.3584084897651272 9.003070231831428 1.8232322463624386 19263.000000000004 20.036375661375665 22.500000000000004 21.500000000000004 11.500000000000002 21.500000000000004 11.500000000000002 729.50000000000011 11.35416666666667 7.9131780114970178 3.5000000000000004 9.5000000000000018 1.5000000000000002 18.500000000000004 195.50000000000003 2.5000000000000004 30.500000000000004
decision_type=2 2 2 2 2 2 2 2 2 2 2 2 2 2 2 2 2 2 2 2 2 2
left_child=2 3 -1 15 12 -5 10 13 9 -6 11 -3 19 -7 -13 -2 17 -17 -18 20 -4 -20
right_child=1 6 4 5 8 7 -8 -9 -10 -11 -12 14 -14 -15 -16 16 18 -19 21 -21 -22 -23
leaf_value=-0.40768080633498488 -0.029069136038924772 0.91929175953326703 -0.18887373526472784 0.66540904255005739 -0.090866989818936914 0.1374739934729832 1.4750772964066257 0.32470660611028618 -0.047814575647155654 -0.17163783048309786 0.84225112288324211 0.26706031734084335 -0.11049276047293102 0.30013662474890895 -0.17740799823694625 -0.017761350382695867 -0.0020714965256343021 0.23336026072793176 0.10994700426927204 -0.16556958328535326 -0.060115182986558671 -0.057652140497762731
leaf_weight=2288 440 471 367 332 740 1298 1590 682 429 612 359 347 536 517 57 103 760 437 1021 2670 256 49
leaf_count=2288 440 471 367 332 740 1298 1590 682 429 612 359 347 536 517 57 103 760 437 1021 2670 256 49
internal_value=-0.00150556 0.00822095 -0.0119287 0.0053579 -0.00981434 0.00739767 0.0139122 0.00653277 -0.00734882 -0.00878224 0.0112571 0.00938636 -0.0109455 0.00505769 0.00569071 0.00328863 0.00398632 0.00812385 0.00273706 -0.0115676 -0.00830414 0.00486744
internal_weight=16361 8463 7898 5639 5610 2829 2824 2497 1781 1352 1234 875 3829 1815 404 2810 2370 540 1830 3293 623 1070
internal_count=16361 8463 7898 5639 5610 2829 2824 2497 1781 1352 1234 875 3829 1815 404 2810 2370 540 1830 3293 623 1070
is_linear=0
shrinkage=0.035


Tree=39
num_leaves=23
num_cat=0
split_feature=9 9 9 22 20 6 12 20 3 20 25 25 20 16 20 21 5 10 24 20 20 20
split_gain=1282.21 105.651 72.7332 23.2096 13.8618 12.4154 10.0462 8.70214 10.5187 8.67285 8.52651 8.52125 7.49218 6.63623 6.04326 6.17809 5.43265 4.96344 4.91555 4.85942 4.85826 4.79655
threshold=4.8693181818181825 13.773268587704081 1.5388931825379748 16785.000000000004 21.500000000000004 10.000130448439306 1.893055084871331 22.500000000000004 6.2149784522836695 10.500000000000002 106.50000000000001 224.50000000000003 11.500000000000002 1.0000000180025095e-35 3.5000000000000004 2.5000000000000004 5.9680479807034317 7.5182311413338665 4472.0000000000009 30.500000000000004 23.500000000000004 9.5000000000000018
decision_type=2 2 2 2 2 2 2 2 2 2 2 2 2 2 2 2 2 2 2 2 2 2
left_child=2 5 -1 -3 10 7 13 8 18 14 -5 -12 16 -4 -10 -16 -13 -14 -2 -9 21 -8
right_child=1 3 6 4 -6 -7 20 19 9 -11 11 12 17 -15 15 -17 -18 -19 -20 -21 -22 -23
leaf_value=-0.36468284122843625 -0.10130692145930838 1.3089658503048838 -0.15140618006769821 0.95455486144766089 0.80601411007128754 0.2439500948581646 -0.0798275451128026 0.20522744825632003 0.07647957416517262 0.058300266234707548 -0.19897158857910577 0.20897175732105652 0.17550633446262093 -0.064217285928785992 0.14867336769435743 0.37949961822174855 0.80619722676645711 -0.06893872040648355 0.036448277291559195 -0.072741811647586821 -0.045602094738722572 -0.14812660222694105
leaf_weight=2630 279 1554 3513 355 558 999 500 861 233 1053 63 141 321 154 246 260 409 123 938 48 342 716
leaf_count=2630 279 1554 3513 355 558 999 500 861 233 1053 63 141 321 154 246 260 409 123 938 48 342 716
internal_value=-0.00158134 0.00788598 -0.0117557 0.0125113 0.00991519 0.00455811 -0.00934226 0.00365345 0.00272893 0.004431 0.00799047 0.00632768 0.00712963 -0.0103608 0.00733871 0.0094863 0.00986937 0.00362472 0.000200491 0.00666302 -0.00690819 -0.00795455
internal_weight=16296 8441 7855 3524 1970 4917 5225 3918 3009 1792 1412 1057 994 3667 739 506 550 444 1217 909 1558 1216
internal_count=16296 8441 7855 3524 1970 4917 5225 3918 3009 1792 1412 1057 994 3667 739 506 550 444 1217 909 1558 1216
is_linear=0
shrinkage=0.035


Tree=40
num_leaves=23
num_cat=0
split_feature=9 8 9 8 9 24 22 10 25 25 24 21 11 24 24 12 22 22 21 12 8 24
split_gain=1276.55 105.707 69.6724 17.28 15.8895 9.93607 9.44834 7.66609 7.69557 8.47942 6.25139 5.87114 5.34145 5.05092 10.158 4.95935 4.9279 5.87133 5.8625 4.41565 4.00078 3.99857
threshold=4.5774101668029585 15.752049219590733 1.3584084897651272 8.7758782269794384 20.036375661375665 11523.000000000002 52360.000000000007 2.8199966227605588 600.00000000000011 195.50000000000003 3345.5000000000005 2.5000000000000004 10.276399433309187 12965.500000000002 11523.000000000002 2.2815164537545907 19263.000000000004 48992.500000000007 1.5000000000000002 2.3022158080024244 8.3365828615828637 5252.0000000000009
decision_type=2 2 2 2 2 2 2 2 2 2 2 2 2 2 2 2 2 2 2 2 2 2
left_child=2 3 -1 10 12 7 16 8 9 11 -2 -4 -3 14 -12 -9 -5 18 21 -13 -15 -18
right_child=1 4 5 6 -6 -7 -8 15 -10 -11 13 19 -14 20 -16 -17 17 -19 -20 -21 -22 -23
leaf_value=-0.38064807867026512 -0.45070406928660606 0.58530096161753109 -0.16885115237656539 0.49734465848695519 1.4031520455442128 -0.068234951625953333 -0.066532041947886048 0.036270526760513254 -0.12588167225221905 -0.16584468791293847 0.06629031082025659 -0.050033562820011201 -0.11726192675025182 0.30774047981689756 -0.19574658338745635 -0.14589154234107565 -0.066499322076109896 0.43414891408778511 0.24540496679507059 -0.11584963083554985 0.029139802057108109 0.15742916289937059
leaf_weight=2311 48 1398 469 247 1578 480 85 80 1496 2338 2399 377 49 164 49 97 124 234 1697 109 95 380
leaf_count=2311 48 1398 469 247 1578 480 85 80 1496 2338 2399 377 49 164 49 97 124 234 1697 109 95 380
internal_value=-0.00150975 0.00781688 -0.0117869 0.00492356 0.0130759 -0.00960237 0.00688131 -0.0100719 -0.0103379 -0.0113129 0.00294203 -0.00838542 0.0103168 0.00317478 0.00266103 -0.00269231 0.00724879 0.00672746 0.00612421 -0.00552444 0.00782197 0.00271611
internal_weight=16304 8547 7757 5522 3025 5446 2767 4966 4789 3293 2755 955 1447 2707 2448 177 2682 2435 2201 486 259 504
internal_count=16304 8547 7757 5522 3025 5446 2767 4966 4789 3293 2755 955 1447 2707 2448 177 2682 2435 2201 486 259 504
is_linear=0
shrinkage=0.035


Tree=41
num_leaves=23
num_cat=0
split_feature=9 9 9 9 9 20 11 20 20 24 24 22 12 6 10 24 21 26 20 20 21 8
split_gain=1216.29 109.505 73.3238 18.4192 12.799 10.5343 8.62119 7.85742 9.15349 7.72991 8.573 6.64501 6.56867 5.70752 5.60526 5.36904 5.36092 9.08386 5.05335 5.94109 8.68807 7.77429
threshold=4.5774101668029585 16.93000806161103 1.3584084897651272 9.2861832611832629 20.036375661375665 21.500000000000004 1.8093379942281738 22.500000000000004 11.500000000000002 12965.500000000002 11523.000000000002 19263.000000000004 7.0574484588945285 10.441887007478826 4.6496287614225347 3345.5000000000005 2.5000000000000004 1.0000000180025095e-35 21.500000000000004 9.5000000000000018 1.5000000000000002 2.8575374472806065
decision_type=2 2 2 2 2 2 2 2 2 2 2 2 2 2 2 2 2 2 2 2 2 2
left_child=2 3 -1 9 7 11 16 8 -3 10 15 -5 -10 -13 -11 -2 -4 -18 19 20 -8 -22
right_child=1 4 6 5 -6 -7 18 -9 12 14 -12 13 -14 -15 -16 -17 17 -19 -20 -21 21 -23
leaf_value=-0.36732539591680585 -0.4174294268615748 0.83841411135616306 -0.16837812884903344 0.45298498597255171 1.354041723950165 0.35903489005530931 -0.18745690717312602 0.84481542796091735 0.26652146254667064 0.25339585673528831 -0.19764473338986968 0.10663858013978617 -0.081936723661450883 0.26146618315752507 -0.053192479040454266 0.060908074716964515 -0.12921402406217994 -0.043674625660393998 -0.067493589737233406 -0.15320730369656607 -0.083913071201358894 0.0041773010997404559
leaf_weight=2281 46 427 1860 263 1565 811 160 303 292 332 48 1069 108 601 48 2661 1623 256 414 738 147 282
leaf_count=2281 46 427 1860 263 1565 811 160 303 292 332 48 1069 108 601 48 2661 1623 256 414 738 147 282
internal_value=-0.00153366 0.00754954 -0.011569 0.00485979 0.0133907 0.00695798 -0.00935141 0.0104075 0.0084976 0.00300955 0.00234601 0.00550826 0.00453704 0.00464925 0.00768182 0.00261984 -0.0103205 -0.00889862 -0.00723654 -0.0083033 -0.00553872 -0.00282258
internal_weight=16335 8574 7761 5879 2695 2744 5480 1130 827 3135 2755 1933 400 1670 380 2707 3739 1879 1741 1327 589 429
internal_count=16335 8574 7761 5879 2695 2744 5480 1130 827 3135 2755 1933 400 1670 380 2707 3739 1879 1741 1327 589 429
is_linear=0
shrinkage=0.035


Tree=42
num_leaves=23
num_cat=0
split_feature=9 9 9 9 25 20 20 24 25 25 24 24 20 9 6 20 3 20 20 20 7 22
split_gain=1144.32 112.908 79.1246 24.0419 13.4397 11.2118 10.0222 8.37752 10.1595 10.3164 7.51061 9.07864 6.2952 10.2306 6.87291 6.15287 9.62579 6.07701 8.68778 10.6662 4.46738 4.36147
threshold=4.5774101668029585 17.107946537883073 1.3584084897651272 9.2861832611832629 210.50000000000003 22.500000000000004 22.500000000000004 11523.000000000002 729.50000000000011 195.50000000000003 12965.500000000002 11523.000000000002 10.500000000000002 21.357905112267982 7.9732713418271493 10.500000000000002 5.9680479807034317 4.5000000000000009 10.500000000000002 18.500000000000004 9.1479591836734695 19263.000000000004
decision_type=2 2 2 2 2 2 2 2 2 2 2 2 2 2 2 2 2 2 2 2 2 2
left_child=2 3 -1 10 -3 15 12 8 9 -4 11 17 14 -14 -6 16 -5 20 -19 -20 -2 -17
right_child=1 4 7 5 6 -7 -8 -9 -10 -11 -12 -13 13 -15 -16 21 -18 18 19 -21 -22 -23
leaf_value=-0.35446900705971762 -0.072720342575095229 1.2716502636119094 -0.10858077475706587 0.02516712658269981 0.30613023906860415 0.37350854654249149 1.0145077660945876 -0.061452619532595072 -0.10111763899681353 -0.15222173941605047 0.22565016456836334 -0.17461132132581017 0.084674495487441354 0.60665026361190943 1.12388257244184 0.36931825719342387 0.41899979480473792 0.14851597854610299 -0.026856937498101384 0.0741913701590146 0.14553289045697654 0.080118824237715186
leaf_weight=2299 436 1445 1014 181 107 746 296 481 1069 2913 371 55 335 112 301 151 795 495 652 1043 57 965
leaf_count=2299 436 1445 1014 181 107 746 296 481 1069 2913 371 55 335 112 301 151 795 495 652 1043 57 965
internal_value=-0.00161235 0.00722684 -0.0113241 0.00455729 0.0133151 0.00688797 0.0103547 -0.00901496 -0.00944461 -0.010281 0.00241651 0.00176723 0.00830233 0.00526549 0.0114831 0.0055329 0.00758155 0.00207031 0.00286219 0.00164706 -0.00140562 0.00369982
internal_weight=16319 8543 7776 5947 2596 2838 1151 5477 4996 3927 3109 2738 855 447 408 2092 976 2683 2190 1695 493 1116
internal_count=16319 8543 7776 5947 2596 2838 1151 5477 4996 3927 3109 2738 855 447 408 2092 976 2683 2190 1695 493 1116
is_linear=0
shrinkage=0.035


Tree=43
num_leaves=23
num_cat=0
split_feature=9 9 9 9 9 24 20 20 24 24 20 12 4 22 21 22 20 21 20 16 20 20
split_gain=1089.5 101.544 80.5831 17.4983 13.7935 10.1002 10.0016 8.84726 7.32027 7.32028 6.8399 10.0654 8.80134 6.78571 6.70966 6.29131 6.13495 13.5949 6.06769 5.43186 5.12724 7.01045
threshold=4.5774101668029585 16.774921507064366 1.3584084897651272 9.2861832611832629 20.539744396851962 11523.000000000002 21.500000000000004 22.500000000000004 12965.500000000002 11523.000000000002 10.500000000000002 7.0574484588945285 5.9680479807034317 19263.000000000004 2.5000000000000004 54348.000000000007 9.5000000000000018 1.5000000000000002 3.5000000000000004 1.0000000180025095e-35 9.5000000000000018 23.500000000000004
decision_type=2 2 2 2 2 2 2 2 2 2 2 2 2 2 2 2 2 2 2 2 2 2
left_child=2 3 -1 8 7 15 13 10 9 14 12 -12 -3 -5 -2 19 17 -15 -19 20 -4 -22
right_child=1 4 5 6 -6 -7 -8 -9 -10 -11 11 -13 -14 16 -16 -17 -18 18 -20 -21 21 -23
leaf_value=-0.34206259181262749 0.013334913953909365 0.088275577254551624 -0.096168442063506956 0.51207011357072318 1.2971425043854929 -0.051527871254060574 0.33621877917165321 0.77973911616897473 0.22692914120492411 -0.17728081029185203 0.32641619091732021 -0.040536787657524942 0.94390671748032984 -0.037684186771918572 0.096063294827366835 -0.20795625466093681 0.077377690611513339 0.178501240612327 0.61296423872300698 -0.051586986532155849 -0.1553748924014508 -0.10932936594958273
leaf_weight=2263 1388 96 1392 233 1383 481 787 373 377 45 365 154 368 191 1304 173 916 227 318 207 2119 1094
leaf_count=2263 1388 96 1392 233 1383 481 787 373 377 45 365 154 368 191 1304 173 916 227 318 207 2119 1094
internal_value=-0.00151009 0.00711489 -0.011024 0.00447548 0.0126658 -0.00870362 0.00655678 0.0100422 0.00267634 0.00202954 0.0081832 0.00527672 0.011306 0.00512963 0.00227753 -0.00917435 0.00429843 0.00668354 0.00948182 -0.00891167 -0.00916377 -0.00996271
internal_weight=16254 8525 7729 5786 2739 5466 2672 1356 3114 2737 983 519 464 1885 2692 4985 1652 736 545 4812 4605 3213
internal_count=16254 8525 7729 5786 2739 5466 2672 1356 3114 2737 983 519 464 1885 2692 4985 1652 736 545 4812 4605 3213
is_linear=0
shrinkage=0.035


Tree=44
num_leaves=23
num_cat=0
split_feature=8 8 8 25 8 12 20 20 22 20 4 20 21 21 21 20 20 20 8 20 8 25
split_gain=1043.02 99.1128 85.3957 19.5353 15.7456 13.0495 10.5932 9.76218 8.4636 7.9549 8.63043 7.06388 11.9483 7.76895 6.35087 9.94995 12.0316 11.4431 10.0993 6.27242 6.08046 5.66432
threshold=4.8048203336059165 15.752049219590733 1.2857920513923358 200.00000000000003 9.0705825922444401 1.4123416706693164 22.500000000000004 22.500000000000004 5643.5000000000009 10.500000000000002 5.9680479807034317 9.5000000000000018 1.5000000000000002 3.5000000000000004 2.5000000000000004 23.500000000000004 10.500000000000002 3.5000000000000004 2.7861226886287489 2.5000000000000004 6.0000093177456657 381.00000000000006
decision_type=2 2 2 2 2 2 2 2 2 2 2 2 2 2 2 2 2 2 2 2 2 2
left_child=2 4 -1 -3 20 8 11 9 -4 10 -5 12 -6 -13 -7 16 17 -16 -19 -14 -2 -17
right_child=1 3 5 7 6 14 -8 -9 -10 -11 -12 13 19 -15 15 21 -18 18 -20 -21 -22 -23
leaf_value=-0.33009040109918553 -0.01253748873679566 1.1624809038690074 0.047353172021850763 0.17705754751845421 -0.020179957215118522 -0.1208381833977468 0.3298482988530308 0.95170912521536322 -0.139503016504541 0.17236852565780766 0.92812519211178046 0.13648016885371286 0.11051416514973156 -0.053397523438507941 -0.14568265725307189 0.021056722816815816 -0.13966534110713108 -0.064815114794217324 0.067584056181935581 0.41080721402788151 0.075035062989194448 -0.083236114866272776
leaf_weight=2223 621 1540 59 143 185 1785 651 331 1643 603 415 841 162 300 287 287 794 196 258 454 2287 200
leaf_count=2223 621 1540 59 143 185 1785 651 331 1643 603 415 841 162 300 287 287 794 196 258 454 2287 200
internal_value=-0.00146497 0.00696885 -0.0107732 0.0120489 0.00415728 -0.00841676 0.00614319 0.00910655 -0.0110003 0.00750429 0.0105373 0.00480868 0.00733871 0.00299302 -0.00724423 -0.00584484 -0.00722727 -0.00394102 -0.00041939 0.00966586 0.00237298 -0.00142276
internal_weight=16265 8533 7732 3032 5501 5509 2593 1492 1702 1161 558 1942 801 1141 3807 2022 1535 741 454 616 2908 487
internal_count=16265 8533 7732 3032 5501 5509 2593 1492 1702 1161 558 1942 801 1141 3807 2022 1535 741 454 616 2908 487
is_linear=0
shrinkage=0.035


Tree=45
num_leaves=23
num_cat=0
split_feature=9 9 9 9 21 9 10 24 5 5 11 22 9 9 2 27 3 22 24 24 10 21
split_gain=1011.24 96.3606 90.7844 19.3937 8.20334 7.70423 6.44823 5.70832 6.22937 5.36635 5.20117 5.07209 5.01351 4.97566 4.93765 4.69215 4.40598 4.24571 4.31856 6.29095 5.03212 4.25728
threshold=4.5774101668029585 18.037576967069402 1.5388931825379748 9.2861832611832629 1.5000000000000002 21.113247863247867 0.97590007294853509 4472.0000000000009 4.5357142857142865 5.0127769206881263 8.4008418383040802 19263.000000000004 2.1887447115513892 0.89642857142857157 5.172349027628159 3.5000000000000004 6.9966807769941894 31488.000000000004 12965.500000000002 11523.000000000002 4.6496287614225347 2.5000000000000004
decision_type=2 2 2 2 2 2 2 2 2 2 2 2 2 2 2 2 2 2 2 2 2 2
left_child=2 3 13 7 -4 10 -6 8 -2 11 -3 -5 -8 -1 -10 -14 -7 -9 19 21 -20 -19
right_child=1 5 4 9 6 16 12 17 14 -11 -12 -13 15 -15 -16 -17 -18 18 20 -21 -22 -23
leaf_value=-0.35353723706071399 0.15305355281384372 0.64821852620797882 -0.16441882599339433 0.36313512381964697 -0.14310601258191896 0.60000129105595501 -0.10070749998380495 0.40546977506765691 -0.10492843793621946 0.26137534403675883 0.41721930753739822 0.077784562345260044 -0.067415605736541803 -0.14413789691617987 0.02566638620316802 -0.11185474534999344 1.3064184671449688 0.02174817075417039 0.22582836143897017 -0.16181195754785396 -0.076173246034403383 0.10189613800689107
leaf_weight=1629 132 791 1222 129 651 105 796 61 244 2536 204 595 1908 1005 206 508 1108 1007 334 50 46 1037
leaf_count=1629 132 791 1222 129 651 105 796 61 244 2536 204 595 1908 1005 206 508 1108 1007 334 50 46 1037
internal_value=-0.00149043 0.00677183 -0.0106803 0.00457929 -0.00792829 0.0130716 -0.00710315 0.00258969 -0.000506814 0.00646937 0.010605 0.00372085 -0.00642446 -0.0159615 -0.0025 -0.00558757 0.0150287 0.00330709 0.00305668 0.00240948 0.0065 0.0027245
internal_weight=16304 8585 7719 6377 5085 2208 3863 3117 582 3260 995 724 3212 2634 450 2416 1213 2535 2474 2094 380 2044
internal_count=16304 8585 7719 6377 5085 2208 3863 3117 582 3260 995 724 3212 2634 450 2416 1213 2535 2474 2094 380 2044
is_linear=0
shrinkage=0.035


Tree=46
num_leaves=23
num_cat=0
split_feature=9 9 9 8 20 20 6 25 22 22 24 20 20 20 9 6 23 20 22 20 20 20
split_gain=965.006 102.432 88.9698 20.541 12.2507 12.6721 11.3564 9.89119 9.25584 10.6707 7.32504 5.82704 5.75021 5.83898 7.61218 6.88791 5.47048 5.20079 5.64097 5.07806 4.68694 4.46807
threshold=4.5774101668029585 18.037576967069402 1.3584084897651272 8.8599693546090617 22.500000000000004 9.5000000000000018 5.0238095238095246 210.50000000000003 54348.000000000007 44839.000000000007 4326.0000000000009 30.500000000000004 21.500000000000004 11.500000000000002 21.357905112267982 7.9732713418271493 21250.000000000004 10.500000000000002 3735.5000000000005 19.500000000000004 3.5000000000000004 3.5000000000000004
decision_type=2 2 2 2 2 2 2 2 2 2 2 2 2 2 2 2 2 2 2 2 2 2
left_child=2 3 -1 16 5 6 -5 -3 9 10 17 -6 13 15 -15 -9 -2 18 -4 -19 -8 -20
right_child=1 7 8 4 11 -7 20 12 -10 -11 -12 -13 -14 14 -16 -17 -18 19 21 -21 -22 -23
leaf_value=-0.30616343376358901 -0.33962945965943769 1.1880781524128077 0.010090072789663101 0.087325544697177557 0.36362565825969095 0.078245769599647672 0.19209171324958627 0.26489503626041899 -0.19119897894306309 -0.063779692351619996 -0.13279153467368715 -0.043957701158956017 0.91966351863031581 0.00064599969364834923 0.44733423550919499 1.006119496991676 0.053301609063021657 -0.15054030876810218 -0.14273908829557036 -0.099752771253202963 0.54854926931628856 -0.061670715269776265
leaf_weight=2276 58 1332 167 322 803 1571 299 98 177 974 954 59 250 190 99 244 2824 994 317 1240 501 637
leaf_count=2276 58 1332 167 322 803 1571 299 98 177 974 954 59 250 190 99 244 2824 994 317 1240 501 637
internal_value=-0.0014723 0.00655719 -0.0104512 0.00431388 0.00609551 0.00490363 0.00774845 0.01305 -0.00800869 -0.00772409 -0.00847821 0.00974913 0.00999436 0.00803459 0.00416667 0.0111455 0.00210339 -0.00766667 -0.00562611 -0.00866793 0.00997826 -0.00666058
internal_weight=16386 8650 7736 6437 3555 2693 1122 2213 5460 5283 4309 862 881 631 289 342 2882 3355 1121 2234 800 954
internal_count=16386 8650 7736 6437 3555 2693 1122 2213 5460 5283 4309 862 881 631 289 342 2882 3355 1121 2234 800 954
is_linear=0
shrinkage=0.035


Tree=47
num_leaves=23
num_cat=0
split_feature=9 9 9 9 20 11 9 20 20 20 21 21 20 23 22 20 3 6 20 20 21 20
split_gain=933.571 99.6327 91.0597 19.1558 13.6817 10.0562 7.98018 8.51604 7.39116 6.09852 16.1061 15.1568 7.09136 5.69547 5.55345 5.29365 5.27369 5.18462 4.92337 6.47242 11.2876 4.65926
threshold=4.5774101668029585 18.488914571250383 1.3584084897651272 9.3912408410482708 23.500000000000004 1.8232322463624386 21.357905112267982 20.500000000000004 30.500000000000004 10.500000000000002 3.5000000000000004 1.5000000000000002 3.5000000000000004 21250.000000000004 54348.000000000007 11.500000000000002 6.9966807769941894 8.2275493706985454 21.500000000000004 9.5000000000000018 1.5000000000000002 19.500000000000004
decision_type=2 2 2 2 2 2 2 2 2 2 2 2 2 2 2 2 2 2 2 2 2 2
left_child=2 3 -1 13 9 14 7 15 -6 11 21 -5 -13 -2 -4 17 -8 -3 19 20 -7 -11
right_child=1 6 5 4 8 18 16 -9 -10 10 -12 12 -14 -15 -16 -17 -18 -19 -20 -21 -22 -23
leaf_value=-0.29544771358186345 -0.34336973542946292 0.11059573038242346 -0.10887929481224015 -0.0072532145923786479 0.38565026462952817 -0.15408361856970498 0.53041861734607132 0.86333638924662759 -0.046476565736514888 0.091460919925542838 -0.098009459814053332 0.17629326578786578 0.6368841410944287 0.059692119134227707 -0.17523161831338838 0.20472931367010141 1.2480219670218213 0.83061724914142498 -0.034991109180652825 -0.12243977026072396 -0.0090221492390785956 0.29011826417766345
leaf_weight=2284 60 68 3640 288 707 161 103 309 53 753 306 323 554 3130 166 253 1072 264 401 683 409 337
leaf_count=2284 60 68 3640 288 707 161 103 309 53 753 306 323 554 3130 166 253 1072 264 401 683 409 337
internal_value=-0.00145646 0.00649243 -0.0102642 0.0043562 0.00621918 -0.00779094 0.0131798 0.0104922 0.0103627 0.00496493 0.0033601 0.00685043 0.00912698 0.00240454 -0.00879362 0.00783051 0.0151568 0.0107493 -0.00545359 -0.00653816 -0.00368261 0.00535388
internal_weight=16324 8580 7744 6511 3321 5460 2069 894 760 2561 1396 1165 877 3190 3806 585 1175 332 1654 1253 570 1090
internal_count=16324 8580 7744 6511 3321 5460 2069 894 760 2561 1396 1165 877 3190 3806 585 1175 332 1654 1253 570 1090
is_linear=0
shrinkage=0.035


Tree=48
num_leaves=23
num_cat=0
split_feature=9 9 9 25 8 22 22 24 22 3 8 12 23 10 12 9 9 10 21 21 8 11
split_gain=884.149 97.2356 91.0001 17.7778 13.3865 9.73647 9.65968 6.75968 6.31272 6.24537 5.23545 5.03215 4.9526 4.72371 4.86237 4.67169 4.54638 4.0008 3.51201 3.49021 4.12667 5.11962
threshold=4.5774101668029585 1.3584084897651272 16.93000806161103 210.50000000000003 8.7758782269794384 54348.000000000007 44839.000000000007 4326.0000000000009 19263.000000000004 5.9680479807034317 2.2140066897881838 2.5364636562195213 21250.000000000004 2.7602622373694117 2.3253832818284836 0.89642857142857157 21.357905112267982 2.6457850574621076 1.5000000000000002 2.5000000000000004 2.7861226886287489 2.0545874192874614
decision_type=2 2 2 2 2 2 2 2 2 2 2 2 2 2 2 2 2 2 2 2 2 2
left_child=1 15 4 -4 12 6 7 13 -6 -5 -8 -10 -2 -3 -15 -1 -11 -13 -9 -12 -21 -22
right_child=2 5 3 9 8 -7 10 18 11 16 19 17 -14 14 -16 -17 -18 -19 -20 20 21 -23
leaf_value=-0.32010704360649822 -0.37272462765801107 -0.09872206345604409 1.0335951963377901 -0.028438012795806104 0.44566611031834646 -0.17837390803908729 0.10234812201096967 -0.17077647907619764 -0.12775141361990158 0.37567767530237961 -0.084589522687042298 0.24045416895518709 0.052295106729506248 0.023027577375101044 -0.14762247222820057 -0.12410657897236947 0.88509992452697295 0.14610745008323109 -0.10428172455569992 -0.15078462766624187 0.053095749012420236 -0.081288094645083922
leaf_weight=1671 54 3236 1445 89 374 179 49 242 63 877 468 499 2708 89 68 666 229 2199 706 85 190 220
leaf_count=1671 54 3236 1445 89 374 179 49 242 63 877 468 499 2708 89 68 666 229 2199 706 85 190 220
internal_value=-0.00159847 -0.0100591 0.00619937 0.0115983 0.0037716 -0.00751264 -0.00722471 -0.00794869 0.00533917 0.00834167 -0.00407817 0.00473247 0.00197958 -0.00717922 -0.00108025 -0.0160504 0.00905716 0.00496578 -0.0106322 -0.00466426 -0.00252 -0.00096988
internal_weight=16406 7869 8537 2640 5897 5532 5353 4341 3135 1195 1012 2761 2762 3393 157 2337 1106 2698 948 963 495 410
internal_count=16406 7869 8537 2640 5897 5532 5353 4341 3135 1195 1012 2761 2762 3393 157 2337 1106 2698 948 963 495 410
is_linear=0
shrinkage=0.035


Tree=49
num_leaves=23
num_cat=0
split_feature=8 8 8 25 20 20 21 21 10 20 20 21 20 4 20 15 7 11 20 20 21 8
split_gain=830.247 102.243 87.1366 18.7539 10.7627 10.1397 20.3232 10.3892 9.80127 9.49714 8.64603 8.62223 8.52064 9.33109 8.44729 8.44606 7.25998 6.58819 6.56033 10.4893 7.62659 11.5261
threshold=5.0056043956043963 1.4977360561426372 15.752049219590733 200.00000000000003 22.500000000000004 10.500000000000002 1.5000000000000002 3.5000000000000004 1.0000000000000002 3.5000000000000004 23.500000000000004 2.5000000000000004 10.500000000000002 5.9680479807034317 30.500000000000004 0.44722222222222224 10.000510204081634 8.6995013737395332 21.500000000000004 11.500000000000002 2.5000000000000004 2.8575374472806065
decision_type=2 2 2 2 2 2 2 2 2 2 2 2 2 2 2 2 2 2 2 2 2 2
left_child=1 15 4 -4 5 6 -2 -7 -3 -8 12 -11 13 -5 16 -1 -6 -14 19 20 -10 -22
right_child=2 8 3 10 14 7 9 -9 18 11 -12 -13 17 -15 -16 -17 -18 -19 -20 -21 21 -23
leaf_value=-0.13918034995906797 -0.046216633788967398 -0.12601625744168946 0.97389170269447656 0.10734716956967312 0.14148240577607432 0.048999576962892318 0.058183505706115024 -0.075550546939603766 -0.10094622660107679 0.097723114122632432 0.90898203654543797 0.32842074902233775 0.18467358919495797 0.82087111620163278 -0.061443968437752766 -0.33595080782341197 0.34995803209875537 -0.10942984729707583 -0.054905761715741658 -0.12602748319339904 -0.074861180823468501 0.014123776520840662
leaf_weight=1076 494 933 1542 149 893 1595 520 489 762 322 291 576 538 413 89 1500 474 108 1283 1434 514 411
leaf_count=1076 494 933 1542 149 893 1595 520 489 762 322 291 576 538 413 89 1500 474 108 1283 1434 514 411
internal_value=-0.00147264 -0.00962743 0.00612438 0.01087 0.00346665 0.002515 0.00435446 0.00081259 -0.00684669 0.00648103 0.00800532 0.00866279 0.00662201 0.00978395 0.00604894 -0.0153574 0.00673469 0.00379032 -0.00613234 -0.00700896 -0.00508865 -0.00289785
internal_weight=16406 7913 8493 3041 5452 3996 1912 2084 5337 1418 1499 898 1208 562 1456 2576 1367 646 4404 3121 1687 925
internal_count=16406 7913 8493 3041 5452 3996 1912 2084 5337 1418 1499 898 1208 562 1456 2576 1367 646 4404 3121 1687 925
is_linear=0
shrinkage=0.035


Tree=50
num_leaves=23
num_cat=0
split_feature=9 9 9 8 10 20 22 20 21 21 9 21 20 20 8 20 9 20 20 24 12 25
split_gain=823.981 100.202 95.9227 19.8391 11.2948 10.2997 9.79899 8.92699 16.3799 15.8338 8.62716 7.16013 7.92993 12.7614 8.06243 6.17575 6.13649 5.98899 5.50888 5.23168 5.24239 4.80678
threshold=4.5774101668029585 1.3584084897651272 18.488914571250383 9.0705825922444401 0.97590007294853509 23.500000000000004 54348.000000000007 9.5000000000000018 3.5000000000000004 1.5000000000000002 20.401106820578843 1.5000000000000002 22.500000000000004 10.500000000000002 2.8575374472806065 30.500000000000004 0.800572271527216 3.5000000000000004 18.500000000000004 4472.0000000000009 4.3226062937579153 729.50000000000011
decision_type=2 2 2 2 2 2 2 2 2 2 2 2 2 2 2 2 2 2 2 2 2 2
left_child=1 16 3 19 -3 7 11 9 18 -5 -4 -6 13 14 -13 -7 -1 -11 -9 -2 -21 -15
right_child=2 4 10 5 6 15 -8 8 -10 17 -12 12 -14 21 -16 -17 -18 -19 -20 20 -22 -23
leaf_value=-0.30403198483170341 -0.01818195559695621 -0.12609065505569356 0.46853139430747393 -0.017116454098511123 -0.12958194927939734 0.35179302362296694 -0.17005946712772271 0.08947512975960141 -0.078646853170974682 0.17340893969142412 1.0286099482774909 -0.071142885170563788 -0.032246739337968983 -0.11571037292312507 -0.001034042231363106 -0.043755723675206262 -0.12204926972350849 0.56342810349443173 0.24776286444941009 0.060597266148506537 -0.055899889607873489 -0.077866433213483924
leaf_weight=1570 573 938 593 264 1042 701 132 850 411 340 1473 721 838 987 487 61 763 563 428 2204 160 281
leaf_count=1570 573 938 593 264 1042 701 132 850 411 340 1473 721 838 987 487 61 763 563 428 2204 160 281
internal_value=-0.00145148 -0.00972372 0.00599293 0.00391082 -0.0070986 0.00564656 -0.00634487 0.00465484 0.00299587 0.00701792 0.0125652 -0.00603933 -0.00521467 -0.00621423 -0.00359233 0.00928618 -0.0157934 0.00921256 0.00495129 0.00176071 0.00248945 -0.00867439
internal_weight=16380 7759 8621 6555 5426 3618 4488 2856 1689 1167 2066 4356 3314 2476 1208 762 2333 903 1278 2937 2364 1268
internal_count=16380 7759 8621 6555 5426 3618 4488 2856 1689 1167 2066 4356 3314 2476 1208 762 2333 903 1278 2937 2364 1268
is_linear=0
shrinkage=0.035


Tree=51
num_leaves=23
num_cat=0
split_feature=9 8 9 8 9 27 9 16 22 21 27 4 22 21 25 9 15 8 25 9 23 3
split_gain=776.125 97.0408 87.7431 15.1794 14.7091 10.2696 8.53743 8.09811 7.97963 6.52952 6.12464 5.92866 5.37635 5.09402 4.73537 4.36749 4.28166 4.92836 4.2699 4.23885 4.19028 3.92898
threshold=4.5774101668029585 1.1437298603651989 18.488914571250383 9.0705825922444401 1.8976505883434529 3.5000000000000004 23.672619047619051 1.0000000180025095e-35 52360.000000000007 1.5000000000000002 3.5000000000000004 10.946439606378263 16785.000000000004 2.5000000000000004 248.50000000000003 0.89642857142857157 1.0000000180025095e-35 6.6669863831820368 180.50000000000003 8.394759971659246 60300.000000000007 8.7570536433732169
decision_type=2 2 2 2 2 2 2 2 2 2 2 2 2 2 2 2 2 2 2 2 2 2
left_child=1 15 3 14 10 7 11 9 12 -6 18 -4 -5 -14 -2 -1 17 -16 -3 20 -19 -8
right_child=2 4 6 8 5 -7 21 -9 -10 -11 -12 -13 13 -15 16 -17 -18 19 -20 -21 -22 -23
leaf_value=-0.29339086536259384 0.071694848954733145 -0.070419206394142203 0.26249465295795987 0.44280458718084409 -0.12997254530083277 -0.11711007253605199 0.58704938134067919 0.042018893362487299 -0.11394251139453025 -0.058477037179823374 -0.054096756767242453 0.68932031503088487 0.10640814572864991 0.24187517344115445 -0.040950091760685516 -0.12851056337308694 0.31813914945728705 0.037801854482507023 -0.13273976116343264 -0.042384702833434248 0.25027003610221199 1.3238041449104578
leaf_weight=1618 1541 126 170 240 720 1274 75 146 66 2286 246 1214 1518 1747 523 369 51 451 950 245 118 580
leaf_count=1618 1541 126 170 240 720 1274 75 146 66 2286 246 1214 1518 1747 523 369 51 451 950 245 118 580
internal_value=-0.00137708 -0.00940568 0.00589478 0.00389816 -0.00708456 -0.006094 0.012226 -0.00499446 0.00543205 -0.00538774 -0.0103523 0.0105454 0.00566382 0.00526606 0.00201602 -0.0160768 0.000515075 0.000104322 -0.0115102 0.00181624 0.00347561 0.0156439
internal_weight=16274 7735 8539 6500 5748 4426 2039 3152 3571 3006 1322 1384 3505 3265 2929 1987 1388 1337 1076 814 569 655
internal_count=16274 7735 8539 6500 5748 4426 2039 3152 3571 3006 1322 1384 3505 3265 2929 1987 1388 1337 1076 814 569 655
is_linear=0
shrinkage=0.035


Tree=52
num_leaves=23
num_cat=0
split_feature=9 8 9 9 24 20 22 20 4 21 21 20 20 20 21 20 26 21 20 4 24 11
split_gain=736.968 102.019 89.0524 20.667 12.5211 9.76727 9.2105 8.41296 13.6549 13.184 7.37188 8.05076 17.5028 12.4212 11.7225 7.46993 7.12141 7.22209 6.82746 6.72652 6.63614 6.32267
threshold=4.5774101668029585 1.1437298603651989 20.230777150249171 12.215090180103827 11523.000000000002 23.500000000000004 54348.000000000007 10.500000000000002 6.9904008156964954 3.5000000000000004 2.5000000000000004 11.500000000000002 4.5000000000000009 21.500000000000004 3.5000000000000004 29.500000000000004 1.0000000180025095e-35 2.5000000000000004 19.500000000000004 6.9904008156964954 4472.0000000000009 8.138397616934224
decision_type=2 2 2 2 2 2 2 2 2 2 2 2 2 2 2 2 2 2 2 2 2 2
left_child=1 -1 3 10 6 7 16 8 -5 18 20 12 -12 -13 15 -15 -3 -18 21 -4 -2 -9
right_child=2 4 19 5 -6 -7 -8 9 -10 -11 11 13 -14 14 -16 -17 17 -19 -20 -21 -22 -23
leaf_value=-0.27623521904965098 -0.052266627739561325 -0.095368372167321996 0.39204374092467037 0.01090999939911292 -0.018767635416823459 0.4537435518048919 -0.16002980341166964 0.12999007344769462 0.60532483032201934 -0.1351676640370571 0.024920279954475721 -0.021935327563498037 0.26516234127377303 0.41187307427535852 0.013097807824019229 -0.0063448105219205617 -0.11759356267205984 -0.018854607888802628 0.40155808736266557 1.0196779338843764 0.041026541583680062 -0.16551877323361069
leaf_weight=1991 326 3958 173 233 478 608 286 513 655 231 379 714 502 270 283 72 496 529 248 1342 1940 56
leaf_count=1991 326 3958 173 233 478 608 286 513 655 231 379 714 502 270 283 72 496 529 248 1342 1940 56
internal_value=-0.00153211 -0.00935458 0.00555088 0.00388308 -0.00697323 0.00640545 -0.00746587 0.00514812 0.00766237 0.00297483 0.00244322 0.00387753 0.00647856 0.00213542 0.00572222 0.010036 -0.00709403 -0.00441748 0.00506691 0.0132401 0.00102488 0.00286585
internal_weight=16283 7738 8545 7030 5747 2544 5269 1936 888 1048 4486 2220 881 1339 625 342 4983 1025 817 1515 2266 569
internal_count=16283 7738 8545 7030 5747 2544 5269 1936 888 1048 4486 2220 881 1339 625 342 4983 1025 817 1515 2266 569
is_linear=0
shrinkage=0.035


Tree=53
num_leaves=23
num_cat=0
split_feature=9 9 9 9 9 21 20 20 20 20 21 21 5 20 21 27 25 21 24 25 10 22
split_gain=714.203 104.669 84.6795 19.1334 15.5094 9.21483 8.93255 12.0854 8.91018 13.2092 16.4189 15.1635 7.05588 6.81151 7.33171 5.6053 5.16355 5.29038 5.08086 6.91289 5.64874 5.28338
threshold=4.5774101668029585 0.96796171728274449 20.230777150249171 10.262855816375051 1.8281713441864069 1.5000000000000002 23.500000000000004 10.500000000000002 23.500000000000004 11.500000000000002 1.5000000000000002 3.5000000000000004 13.916537724517463 3.5000000000000004 3.5000000000000004 3.5000000000000004 729.50000000000011 3.5000000000000004 12965.500000000002 248.50000000000003 3.2877840272018823 34795.000000000007
decision_type=2 2 2 2 2 2 2 2 2 2 2 2 2 2 2 2 2 2 2 2 2 2
left_child=1 -1 3 18 15 -6 7 13 9 10 -5 -11 -4 -7 -15 -3 17 -9 19 -2 -20 -21
right_child=2 4 12 8 5 6 -8 16 -10 11 -12 -13 -14 14 -16 -17 -18 -19 20 21 -22 -23
leaf_value=-0.26656698638291315 0.058705160199882929 -0.10625675290965937 0.55391265123754341 0.0084148815321407264 -0.13224425827612343 -0.090238136697530683 -0.024692810189916412 -0.075395274276258278 0.35335899948792265 0.14800749672747565 0.49943434131245429 -0.13232586865790091 1.008250084310726 -0.052729773580120425 0.02587672508055101 -0.051446125703557589 -0.079339280027440534 -0.16447125846637881 0.21315684041851182 0.0043991021038490537 0.044282778822884589 -0.27774481247068084
leaf_weight=1696 1870 1288 310 304 1145 463 774 728 789 1015 968 324 1211 505 274 210 333 375 361 1068 289 81
leaf_count=1696 1870 1288 310 304 1145 463 774 728 789 1015 968 324 1211 505 274 210 333 375 361 1068 289 81
internal_value=-0.00143751 -0.00910916 0.00551978 0.00389878 -0.0069541 -0.0059246 -0.00499638 -0.00595509 0.00579222 0.00477638 0.00733164 0.00231771 0.0130046 -0.00338212 -0.00133929 -0.0100715 -0.00814885 -0.00931859 0.00213391 0.0015162 0.00494275 -0.000606586
internal_weight=16381 7791 8590 7069 6095 4597 3452 2678 3400 2611 1272 1339 1521 1242 779 1498 1436 1103 3669 3019 650 1149
internal_count=16381 7791 8590 7069 6095 4597 3452 2678 3400 2611 1272 1339 1521 1242 779 1498 1436 1103 3669 3019 650 1149
is_linear=0
shrinkage=0.035


Tree=54
num_leaves=23
num_cat=0
split_feature=9 9 9 9 9 25 10 20 5 21 20 21 21 20 20 8 27 20 20 20 21 20
split_gain=668.443 110.133 78.617 15.7047 14.6965 12.0701 9.22027 8.73114 8.41816 7.00664 6.84564 10.9287 9.82538 6.82579 13.3253 7.63505 6.59975 6.45018 5.702 7.2145 12.8649 6.44691
threshold=4.5774101668029585 0.89642857142857157 18.488914571250383 1.8976505883434529 9.2861832611832629 210.50000000000003 0.97590007294853509 23.500000000000004 10.946439606378263 1.5000000000000002 10.500000000000002 1.5000000000000002 3.5000000000000004 21.500000000000004 10.500000000000002 2.9288295239897173 3.5000000000000004 3.5000000000000004 21.500000000000004 10.500000000000002 1.5000000000000002 4.5000000000000009
decision_type=2 2 2 2 2 2 2 2 2 2 2 2 2 2 2 2 2 2 2 2 2 2
left_child=1 -1 4 16 18 -4 -5 10 -7 -8 11 -6 -12 14 15 -11 -3 -13 19 20 -2 -22
right_child=2 3 5 6 7 8 9 -9 -10 13 12 17 -14 -15 -16 -17 -18 -19 -20 -21 21 -23
leaf_value=-0.2623845059990681 -0.09703508144091251 -0.10599495217964479 0.93740040593056495 -0.12021170491218158 0.0046427778351844752 0.052897404702982917 -0.12263798196649822 0.29141349131540839 0.51863885659823739 -0.062790985864297988 0.10471809289243302 0.12445069058659201 -0.10424194561108598 -0.017828073695842033 -0.094815905991008267 0.012125464572671617 -0.050476595723343169 0.51909915004741281 0.092062797039534891 -0.027235445538824926 0.031707498135296837 0.15620000345364338
leaf_weight=1640 323 1413 1265 629 293 172 944 805 590 603 1096 320 312 838 977 442 281 564 921 1048 372 459
leaf_count=1640 323 1413 1265 629 293 172 944 805 590 603 1096 320 312 838 977 442 281 564 921 1048 372 459
internal_value=-0.00150625 -0.00893464 0.00524898 -0.0067637 0.00336683 0.0112648 -0.00564669 0.00496392 0.00764342 -0.00497572 0.00394595 0.00592217 0.00226645 -0.00408639 -0.0051887 -0.0024 -0.00965127 0.00785433 0.00162244 0.000642275 0.00255177 0.00485646
internal_weight=16307 7767 8540 6127 6513 2027 4433 3390 762 3804 2585 1177 1408 2860 2022 1045 1694 884 3123 2202 1154 831
internal_count=16307 7767 8540 6127 6513 2027 4433 3390 762 3804 2585 1177 1408 2860 2022 1045 1694 884 3123 2202 1154 831
is_linear=0
shrinkage=0.035


Tree=55
num_leaves=23
num_cat=0
split_feature=9 8 9 9 23 23 21 20 20 21 21 20 4 24 20 20 20 21 20 20 21 24
split_gain=644.275 114.5 84.2467 16.851 10.9543 10.8135 9.61396 8.49671 11.2755 9.71634 7.95329 7.80328 7.28538 6.95176 6.72448 17.4663 11.7518 10.2989 6.82625 6.29006 6.62325 5.55957
threshold=4.5774101668029585 1.1437298603651989 20.230777150249171 12.007280625749726 62250.000000000007 52700.000000000007 2.5000000000000004 21.500000000000004 11.500000000000002 1.5000000000000002 3.5000000000000004 10.500000000000002 6.9904008156964954 4163.5000000000009 11.500000000000002 21.500000000000004 4.5000000000000009 3.5000000000000004 29.500000000000004 3.5000000000000004 3.5000000000000004 4472.0000000000009
decision_type=2 2 2 2 2 2 2 2 2 2 2 2 2 2 2 2 2 2 2 2 2 2
left_child=1 -1 3 6 5 11 21 8 9 -5 -10 19 -4 -13 16 -16 -8 18 -17 -3 -21 -2
right_child=2 4 12 7 -6 -7 14 -9 10 -11 -12 13 -14 -15 15 17 -18 -19 -20 20 -22 -23
leaf_value=-0.24805368414954387 -0.060525836340710737 -0.098962891582000181 0.29686448912563629 0.03260298715779783 -0.1457788594165412 -0.037865809302713348 0.042372834362080419 0.38450331539295068 0.10680260150205727 0.50982380051307064 -0.13226485067855948 -0.089332322334174236 0.9256915071722509 -0.10605651531044309 -0.029762206201033516 0.40021055656557658 0.23090804436826365 0.018024563262122942 0.027069909812344053 -0.060535143228820969 0.014215628159059312 0.02965944166291486
leaf_weight=1989 317 511 176 245 306 988 367 783 647 767 193 2292 1339 670 697 266 492 270 69 755 257 1933
leaf_count=1989 317 511 176 245 306 988 367 783 647 767 193 2292 1339 670 697 266 492 270 69 755 257 1933
internal_value=-0.00150422 -0.00880066 0.00511557 0.00349702 -0.00629322 -0.00591639 0.00216372 0.00571402 0.00438207 0.00686578 0.00134615 -0.00664922 0.0125954 -0.00770897 0.00382964 0.00220926 0.00623843 0.00654098 0.0106029 -0.00455825 -0.00290806 0.000550998
internal_weight=16329 7768 8561 7046 5779 5473 4411 2635 1852 1012 840 4485 1515 2962 2161 1302 859 605 335 1523 1012 2250
internal_count=16329 7768 8561 7046 5779 5473 4411 2635 1852 1012 840 4485 1515 2962 2161 1302 859 605 335 1523 1012 2250
is_linear=0
shrinkage=0.035


Tree=56
num_leaves=23
num_cat=0
split_feature=9 9 9 0 9 10 20 4 21 20 20 20 21 22 27 20 21 9 20 20 2 21
split_gain=621.526 110.891 79.0632 15.8882 15.8311 10.2935 7.42618 7.35197 7.24998 9.87017 15.4329 11.5963 7.14421 6.15049 5.69947 5.37587 6.90956 5.36162 5.35131 11.4605 5.01453 4.63701
threshold=4.5774101668029585 0.96796171728274449 20.230777150249171 11.852133989485408 1.8976505883434529 0.97590007294853509 22.500000000000004 6.9904008156964954 2.5000000000000004 10.500000000000002 23.500000000000004 4.5000000000000009 3.5000000000000004 44839.000000000007 3.5000000000000004 29.500000000000004 3.5000000000000004 24.46552486850624 21.500000000000004 11.500000000000002 11.35416666666667 1.5000000000000002
decision_type=2 2 2 2 2 2 2 2 2 2 2 2 2 2 2 2 2 2 2 2 2 2
left_child=1 -1 3 8 14 -6 -5 -4 -2 11 12 20 -11 21 -3 16 -12 18 19 -9 -10 -7
right_child=2 4 7 6 5 13 -8 17 9 10 15 -13 -14 -15 -16 -17 -18 -19 -20 -21 -22 -23
leaf_value=-0.23937180520430981 0.018306634549215065 -0.094842426785519782 0.30873610268354928 0.13657630549116634 -0.11635279705157767 -0.12004582150110787 0.33011183838438091 0.95498599544422313 -0.019267049766241905 0.060335770639642274 0.42313398361380267 0.28737705353946841 -0.1006011309876219 -0.032088911699570809 -0.042883929034338915 -0.061785161976052751 0.086448773933040707 1.2542362073219455 0.95865492455881385 0.2264856320417292 0.24676786414840998 -0.056621513231390821
leaf_weight=1679 2257 1354 177 2031 637 724 784 295 221 435 191 409 395 912 274 72 194 398 321 321 80 2156
leaf_count=1679 2257 1354 177 2031 637 724 784 295 221 435 191 409 395 912 274 72 194 398 321 321 80 2156
internal_value=-0.00147745 -0.00866975 0.00500582 0.0034436 -0.00644919 -0.00534393 0.00548582 0.0122627 0.00208324 0.00361888 0.00176084 0.00692657 -0.00106886 -0.00463195 -0.00941978 0.00689394 0.00852564 0.0131642 0.011518 0.00938406 0.00160131 -0.00542894
internal_weight=16317 7736 8581 7069 6057 4429 2815 1512 4254 1997 1287 710 830 3792 1628 457 385 1335 937 616 301 2880
internal_count=16317 7736 8581 7069 6057 4429 2815 1512 4254 1997 1287 710 830 3792 1628 457 385 1335 937 616 301 2880
is_linear=0
shrinkage=0.035


Tree=57
num_leaves=23
num_cat=0
split_feature=9 9 9 9 22 22 20 20 4 21 25 25 21 21 21 12 20 20 20 20 10 9
split_gain=600.371 112.159 80.2709 16.8598 14.7046 9.86173 9.62109 9.73575 9.51962 8.80448 7.88764 10.3681 8.54616 7.59617 7.50136 5.61719 5.51075 16.3485 13.3111 5.50832 6.44372 5.22205
threshold=4.5774101668029585 0.89642857142857157 20.230777150249171 12.007280625749726 54348.000000000007 44839.000000000007 21.500000000000004 11.500000000000002 6.9904008156964954 1.5000000000000002 180.50000000000003 381.00000000000006 2.5000000000000004 2.5000000000000004 3.5000000000000004 2.3022158080024244 10.500000000000002 4.5000000000000009 23.500000000000004 24.500000000000004 1.2909944487358072 23.672619047619051
decision_type=2 2 2 2 2 2 2 2 2 2 2 2 2 2 2 2 2 2 2 2 2 2
left_child=1 -1 3 13 5 10 7 9 -4 -5 12 -12 -3 -2 -9 -14 17 -15 -18 20 -7 -10
right_child=2 4 8 6 -6 19 -8 14 21 -11 11 -13 15 16 -16 -17 18 -19 -20 -21 -22 -23
leaf_value=-0.23099379202215894 0.012954198257009681 -0.10224619888754469 0.29054120322801158 0.028001297043042331 -0.12544037881172651 -0.14558890017323498 0.36278903586707117 0.11377291684183295 0.64809226264378472 0.48237568005327219 -0.092077843561274936 -0.065435464476161109 0.020227348443668521 0.0075148011432188619 -0.12841947056436506 -0.061939024666431815 -0.00456070687930664 0.2548940868408035 0.21653558788057611 0.039537293802861098 -0.031596293968834163 1.142796586143112
leaf_weight=1636 2239 488 183 245 463 143 786 652 795 744 2092 1579 401 369 192 145 904 405 515 211 631 564
leaf_count=1636 2239 488 183 245 463 143 786 652 795 744 2092 1579 401 369 192 145 904 405 515 211 631 564
internal_value=-0.00153246 -0.00856813 0.00484415 0.00325397 -0.00638844 -0.00588455 0.00548209 0.00405604 0.0120701 0.00640845 -0.00655414 -0.00732182 -0.0037897 0.00192867 0.00125736 -0.00073049 0.00339172 0.00577343 0.00206461 -0.00265152 -0.00402118 0.0130865
internal_weight=16382 7789 8593 7051 6153 5690 2619 1833 1542 989 4705 3671 1034 4432 844 546 2193 774 1419 985 774 1359
internal_count=16382 7789 8593 7051 6153 5690 2619 1833 1542 989 4705 3671 1034 4432 844 546 2193 774 1419 985 774 1359
is_linear=0
shrinkage=0.035


Tree=58
num_leaves=23
num_cat=0
split_feature=9 9 9 22 9 20 25 22 20 25 6 25 21 21 20 20 20 21 20 15 24 9
split_gain=545.828 116.939 77.5151 13.6992 13.1355 11.7436 11.0931 8.9724 8.90164 8.70074 8.31492 8.21641 7.73276 6.56114 6.2536 11.5382 10.9747 8.46936 6.89631 5.54338 5.24327 7.12963
threshold=4.5774101668029585 0.89642857142857157 18.037576967069402 54348.000000000007 12.007280625749726 21.500000000000004 210.50000000000003 44839.000000000007 11.500000000000002 180.50000000000003 7.9732713418271493 381.00000000000006 2.5000000000000004 2.5000000000000004 10.500000000000002 4.5000000000000009 21.500000000000004 3.5000000000000004 29.500000000000004 0.085144927536231887 4472.0000000000009 5.6908959761772673
decision_type=2 2 2 2 2 2 2 2 2 2 2 2 2 2 2 2 2 2 2 2 2 2
left_child=1 -1 4 7 12 6 -4 9 10 13 -8 19 20 -3 15 -14 -16 18 -18 -11 21 -2
right_child=2 3 5 -5 -6 -7 8 -9 -10 11 -12 -13 14 -15 16 -17 17 -19 -20 -21 -22 -23
leaf_value=-0.22979597532663543 0.074220516067968798 -0.081111952435919649 0.66511004563918885 -0.11039202411758851 0.19037660204235857 0.93225608473685917 0.031169427569351458 -0.035209342065465672 0.0041936440003670587 -0.14566941702086056 0.76733707856532385 -0.065299704232299929 0.031710616826040178 -0.0095112292331438839 -0.02018524984344543 0.22031673243718772 0.36327241335885146 0.0076410477827748846 -0.051996447661367164 -0.073168155192929088 0.023944871755547867 -0.14188598996483606
leaf_weight=1614 114 477 930 457 1943 651 94 966 300 479 231 1571 380 541 770 420 273 290 72 1600 1913 200
leaf_count=1614 114 477 930 457 1943 651 94 966 300 479 231 1571 380 541 770 420 273 290 72 1600 1913 200
internal_value=-0.00143837 -0.00819844 0.00463079 -0.00596539 0.00266614 0.0102815 0.00854808 -0.00547748 0.00483333 -0.00611545 0.00880303 -0.0069186 0.00160525 -0.00319892 0.0030724 0.00554348 0.0016383 0.00503125 0.0087 -0.00838052 0.000141129 -0.0040047
internal_weight=16286 7705 8581 6091 6375 2206 1555 5634 625 4668 325 3650 4432 1018 2205 800 1405 635 345 2079 2227 314
internal_count=16286 7705 8581 6091 6375 2206 1555 5634 625 4668 325 3650 4432 1018 2205 800 1405 635 345 2079 2227 314
is_linear=0
shrinkage=0.035


Tree=59
num_leaves=23
num_cat=0
split_feature=9 9 9 9 9 20 20 21 21 21 5 21 20 20 20 21 20 20 21 25 7 24
split_gain=530.617 126.089 73.1015 15.2732 11.5393 10.5016 12.4418 13.2605 12.0387 8.65229 6.79171 6.53429 6.44467 11.2744 8.93546 7.45473 5.91218 5.73477 6.68552 5.56942 5.34575 5.29438
threshold=4.5774101668029585 0.89642857142857157 20.230777150249171 9.003070231831428 1.8976505883434529 23.500000000000004 10.500000000000002 3.5000000000000004 1.5000000000000002 1.5000000000000002 13.982558156555685 2.5000000000000004 22.500000000000004 9.5000000000000018 3.5000000000000004 3.5000000000000004 26.500000000000004 3.5000000000000004 3.5000000000000004 729.50000000000011 18.296728272861028 12965.500000000002
decision_type=2 2 2 2 2 2 2 2 2 2 2 2 2 2 2 2 2 2 2 2 2 2
left_child=1 -1 3 21 -3 6 8 -8 -5 -6 -4 16 13 14 -11 -16 -7 20 -19 -15 -10 -2
right_child=2 4 10 5 9 11 7 -9 17 12 -12 -13 -14 19 15 -17 -18 18 -20 -21 -22 -23
leaf_value=-0.22001351430450802 0.013617056248727588 -0.078737997064029383 0.44969023069697683 -0.0077199061444220979 -0.11172977950468359 0.22322219953612804 0.10376862202413585 -0.11396809062837884 0.05095237992771999 -0.075072123975347724 0.82411030287451637 0.41069032267268735 -0.016682632102225183 -0.094723768767506655 -0.033065620457095442 0.050007985287561521 0.028239615352208532 0.31514265904361122 0.75343419421886759 -0.053803526499325301 0.47101243321224323 0.19808389263629508
leaf_weight=1639 2619 1685 314 331 1096 199 1325 422 283 450 1187 494 862 1054 401 231 260 478 227 349 109 292
leaf_count=1639 2619 1685 314 331 1096 199 1325 422 283 450 1187 494 862 1054 401 231 260 478 227 349 109 292
internal_value=-0.00151913 -0.00813755 0.00449941 0.00299617 -0.00581812 0.00436547 0.00337893 0.00137842 0.00580077 -0.00486286 0.011504 0.00759916 -0.00395734 -0.00486345 -0.00214121 0.000521978 0.00445043 0.00755898 0.00946479 -0.00693537 0.00401134 0.00104424
internal_weight=16307 7767 8540 7039 6128 4128 3175 1747 1428 4443 1501 953 3347 2485 1082 632 459 1097 705 1403 392 2911
internal_count=16307 7767 8540 7039 6128 4128 3175 1747 1428 4443 1501 953 3347 2485 1082 632 459 1097 705 1403 392 2911
is_linear=0
shrinkage=0.035


Tree=60
num_leaves=23
num_cat=0
split_feature=9 9 9 9 9 20 20 23 6 23 12 20 20 20 20 21 21 20 21 20 21 21
split_gain=515.82 118.801 67.0882 12.4728 11.9523 11.3528 12.9766 11.0529 9.32224 8.74208 7.98572 7.45665 10.4815 6.49748 9.01384 14.6822 9.12796 6.49107 7.27676 5.55583 5.5084 5.01737
threshold=4.8693181818181825 0.89642857142857157 18.488914571250383 9.003070231831428 23.672619047619051 21.500000000000004 10.500000000000002 62250.000000000007 6.9747745027976142 52700.000000000007 6.5492767057550667 11.500000000000002 21.500000000000004 23.500000000000004 11.500000000000002 3.5000000000000004 1.5000000000000002 3.5000000000000004 3.5000000000000004 7.5000000000000009 1.5000000000000002 2.5000000000000004
decision_type=2 2 2 2 2 2 2 2 2 2 2 2 2 2 2 2 2 2 2 2 2 2
left_child=1 -1 3 21 5 6 8 9 -4 11 -8 17 -13 14 16 -16 -5 -3 -19 -20 -14 -2
right_child=2 7 4 13 -6 -7 10 -9 -10 -11 -12 12 20 -15 15 -17 -18 18 19 -21 -22 -23
leaf_value=-0.21405264318954542 -0.0058318830617690416 -0.089655383809138886 0.0092678610417981852 0.0034396093340576788 0.97026644227390824 0.69514853560405832 0.35482694003253218 -0.10276085724902964 0.76673235771035975 -0.036660038541457336 -0.023571289823848079 -0.10543979748860513 -0.10712775280425987 0.2307869320777709 0.098833559420317171 -0.13360339157864026 0.26679837708280796 -0.048086928765031699 0.050293336325680317 -0.028489125655057096 -0.037098035760184389 0.065603845627289603
leaf_weight=1629 1516 529 93 322 651 408 161 466 388 1024 352 1539 390 870 1068 309 1010 925 151 154 1022 1387
leaf_count=1629 1516 529 93 322 651 408 161 466 388 1024 352 1539 390 870 1068 309 1010 925 151 154 1022 1387
internal_value=-0.001408 -0.00789443 0.00454098 0.00278673 0.010051 0.00814677 0.00604354 -0.00567164 0.0101543 -0.00523567 0.00209459 -0.0058754 -0.00696211 0.00416992 0.0033014 0.00129161 0.0053534 -0.00402778 -0.00259312 0.00203226 -0.00473006 0.00107118
internal_weight=16364 7829 8535 6482 2053 1402 994 6200 481 5734 513 4710 2951 3579 2709 1377 1332 1759 1230 305 1412 2903
internal_count=16364 7829 8535 6482 2053 1402 994 6200 481 5734 513 4710 2951 3579 2709 1377 1332 1759 1230 305 1412 2903
is_linear=0
shrinkage=0.035


Tree=61
num_leaves=23
num_cat=0
split_feature=9 9 9 7 23 20 20 6 9 20 20 21 21 24 12 16 12 20 12 20 20 20
split_gain=483.258 128.463 61.1551 12.2071 11.7766 9.51973 7.28995 9.35606 7.95758 6.9306 11.0334 9.26504 6.53209 6.78651 6.76743 6.38115 5.661 5.57388 5.36407 5.31818 10.7557 11.7645
threshold=5.320212579575883 0.96796171728274449 20.230777150249171 13.002427551174311 62250.000000000007 21.500000000000004 11.500000000000002 6.9747745027976142 24.172619047619051 19.500000000000004 10.500000000000002 1.5000000000000002 2.5000000000000004 4472.0000000000009 5.8496916562031886 1.0000000180025095e-35 1.893055084871331 3.5000000000000004 6.5492767057550667 23.500000000000004 11.500000000000002 3.5000000000000004
decision_type=2 2 2 2 2 2 2 2 2 2 2 2 2 2 2 2 2 2 2 2 2 2
left_child=1 -1 3 12 15 6 7 -4 -8 10 11 -5 13 -2 19 16 -3 -13 -12 20 21 -14
right_child=2 4 5 9 -6 -7 8 -9 -10 -11 18 17 14 -15 -16 -17 -18 -19 -20 -21 -22 -23
leaf_value=-0.20245535275435148 -0.10936679084147645 -0.065292104593583852 0.22282907412022904 -0.016328425587624481 -0.11204032338976135 0.99778853840207971 0.10058606462554842 1.1121712172290816 0.52911808465541887 0.36765954935849099 0.08087733354651111 0.13881956585031605 -0.0039176367308152039 0.030868315028564342 -0.20177742716463087 0.011535199032147078 -0.045083923444512772 0.62660940478376903 -0.13799643651886045 0.21279127709631193 -0.0062565417623648405 0.19291586898328136
leaf_weight=1698 252 4006 153 173 458 462 327 426 168 716 528 247 290 2089 46 228 1515 406 192 547 829 582
leaf_count=1698 252 4006 153 173 458 462 327 426 168 716 528 247 290 2089 46 228 1515 406 192 547 829 582
internal_value=-0.00140381 -0.00761947 0.00442166 0.0030071 -0.00527366 0.0107317 0.00880677 0.0115068 0.00553 0.005118 0.00375725 0.00650722 0.00196875 0.000656436 0.003296 -0.00482968 -0.00506696 0.00840426 0.000555172 0.00358078 0.00258499 0.00528791
internal_weight=16338 7905 8433 6897 6207 1536 1074 579 495 2262 1546 826 4635 2341 2294 5749 5521 653 720 2248 1701 872
internal_count=16338 7905 8433 6897 6207 1536 1074 579 495 2262 1546 826 4635 2341 2294 5749 5521 653 720 2248 1701 872
is_linear=0
shrinkage=0.035


Tree=62
num_leaves=23
num_cat=0
split_feature=9 9 9 9 22 20 20 22 5 20 16 21 9 20 3 20 20 21 21 20 25 21
split_gain=455.699 122.992 66.854 14.0766 11.6968 10.036 13.279 8.80557 8.78231 7.54999 6.86506 6.74384 5.86468 7.79 6.43501 5.75404 7.57368 6.23625 6.12614 7.45392 5.96496 4.83127
threshold=4.5774101668029585 0.89642857142857157 20.715476190476192 12.007280625749726 54348.000000000007 19.500000000000004 11.500000000000002 44839.000000000007 7.2865913714874226 21.500000000000004 1.0000000180025095e-35 3.5000000000000004 24.172619047619051 11.500000000000002 15.888781740388525 10.500000000000002 21.500000000000004 1.5000000000000002 3.5000000000000004 3.5000000000000004 200.00000000000003 4.5000000000000009
decision_type=2 2 2 2 2 2 2 2 2 2 2 2 2 2 2 2 2 2 2 2 2 2
left_child=1 -1 3 -2 7 6 8 10 -5 12 15 -8 13 14 -4 18 -17 20 -3 -20 -18 -10
right_child=2 4 9 5 -6 -7 11 -9 21 -11 -12 -13 -14 -15 -16 16 17 -19 19 -21 -22 -23
leaf_value=-0.19947486333150907 0.035697601739834828 -0.063006880932808443 0.055753847804476217 0.0038907179029329347 -0.10145466757879368 0.28954325249940072 0.032626667603385791 -0.027871721303090083 0.47657828645399153 1.0349805354270452 0.0070614690807622709 -0.27643457992895237 0.7719461914557787 0.10786342240368492 0.77950015993500965 -0.094849532789079316 -0.021203637630088645 -0.034967448228722373 -0.067644107117794741 0.0255140851207981 -0.12791724678889391 -0.047737934434257105
leaf_weight=1639 4431 1028 71 290 453 1044 544 991 712 372 190 170 394 251 247 1622 115 973 220 250 256 58
leaf_count=1639 4431 1028 71 290 453 1044 544 991 712 372 190 170 394 251 247 1622 115 973 220 250 256 58
internal_value=-0.00155856 -0.007717 0.00399144 0.00265853 -0.0054166 0.00459352 0.00296093 -0.00496814 0.00543897 0.0111791 -0.00560796 -0.000705841 0.00940083 0.00695122 0.010565 -0.00588554 -0.00679148 -0.00478688 -0.00406354 -0.0007 -0.00865691 0.00738387
internal_weight=16321 7737 8584 7249 6098 2818 1774 5645 1060 1335 4654 714 963 569 318 4464 2966 1344 1498 470 371 770
internal_count=16321 7737 8584 7249 6098 2818 1774 5645 1060 1335 4654 714 963 569 318 4464 2966 1344 1498 470 371 770
is_linear=0
shrinkage=0.035


Tree=63
num_leaves=23
num_cat=0
split_feature=9 9 9 23 20 8 23 7 25 25 3 14 20 9 23 9 20 20 20 20 20 10
split_gain=432.317 121.906 64.0287 12.2063 11.5254 9.0843 8.98617 8.14974 7.7233 7.02087 6.66523 6.01687 5.37208 5.06337 5.74221 6.56313 4.75852 5.95724 5.66296 10.5561 4.15645 5.04144
threshold=4.5774101668029585 0.800572271527216 18.488914571250383 62250.000000000007 21.500000000000004 22.57902452389941 52700.000000000007 13.002427551174311 180.50000000000003 381.00000000000006 14.505745534324236 1.0000000180025095e-35 10.500000000000002 2.6787756300286603 51350.000000000007 2.0359184871715175 22.500000000000004 28.500000000000004 10.500000000000002 4.5000000000000009 24.500000000000004 1.3451854182691003
decision_type=2 2 2 2 2 2 2 2 2 2 2 2 2 2 2 2 2 2 2 2 2 2
left_child=1 -1 7 6 5 -4 8 16 11 13 -7 -3 -12 14 -10 -16 18 -18 19 -2 21 -8
right_child=2 3 4 -5 -6 10 20 -9 9 -11 12 -13 -14 -15 15 -17 17 -19 -20 -21 -22 -23
leaf_value=-0.19249324311490623 -0.011296443091510913 -0.099152627157279558 0.24140670591873725 -0.097903754213535865 0.81929337029404525 0.22677289095972927 -0.13151387049709959 0.19803887069846313 -0.083819397830338746 -0.056263078793084668 1.3504049719158042 -0.008432386421121452 0.43576986713043014 -0.17284477814412086 0.024882624675476698 -0.053832712419801844 0.12402239960674082 -0.013352019166221753 -0.011038079499484788 0.11323089399974072 0.042530329084037838 -0.018461628277965884
leaf_weight=1543 780 397 713 489 592 122 163 1739 1547 1563 262 632 329 155 101 305 961 327 1819 924 202 629
leaf_count=1543 780 397 713 489 592 122 163 1739 1547 1563 262 632 329 155 101 305 961 327 1819 924 202 629
internal_value=-0.00150638 -0.00750841 0.00390499 -0.00529977 0.00935121 0.00756988 -0.00483023 0.00221854 -0.00547131 -0.00622688 0.010383 -0.00274178 0.0119211 -0.00756152 -0.00702503 -0.00319343 0.00146802 0.00328886 0.000793651 0.00224254 -0.00176927 -0.00292033
internal_weight=16294 7726 8568 6183 2018 1426 5694 6550 4700 3671 713 1029 591 2108 1953 406 4811 1288 3523 1704 994 792
internal_count=16294 7726 8568 6183 2018 1426 5694 6550 4700 3671 713 1029 591 2108 1953 406 4811 1288 3523 1704 994 792
is_linear=0
shrinkage=0.035


Tree=64
num_leaves=23
num_cat=0
split_feature=9 9 9 7 22 12 22 20 20 5 11 11 9 10 20 20 25 20 20 20 20 20
split_gain=419.202 129.899 57.7836 13.6046 10.8821 7.36327 6.96124 6.22906 5.88575 7.61642 5.88108 5.42216 5.38107 5.36505 4.48256 7.53978 5.1228 4.47188 4.10443 7.5619 6.74108 4.64009
threshold=5.320212579575883 0.89642857142857157 21.113247863247867 13.002427551174311 54348.000000000007 1.4175544765268404 16785.000000000004 20.500000000000004 11.500000000000002 9.9933189851049971 9.3051772518085425 5.8799809327583619 23.672619047619051 0.97590007294853509 21.500000000000004 11.500000000000002 600.00000000000011 9.5000000000000018 4.5000000000000009 8.5000000000000018 19.500000000000004 30.500000000000004
decision_type=2 2 2 2 2 2 2 2 2 2 2 2 2 2 2 2 2 2 2 2 2 2
left_child=1 -1 3 18 5 -3 11 8 9 -4 -8 -5 -10 -7 15 -15 -17 -13 -2 -20 -21 -22
right_child=2 4 7 6 -6 13 10 -9 12 -11 -12 17 -14 14 -16 16 -18 -19 19 20 21 -23
leaf_value=-0.18406955817635082 -0.020249930901431911 -0.065463328543119176 0.23374153750622451 0.55886334529809256 -0.091043072909561526 -0.090329555571506015 0.19229156599706046 0.96713481988159178 0.023832721920412754 1.0199534803202319 -0.2104962327196401 0.71141458268873736 0.4309201035878033 -0.028919792708066779 -0.018154017720754149 -0.088364363524699646 -0.051536108962463578 0.041770428717600512 0.13959629109085098 -0.0054456577424525148 0.080212441793553468 -0.084073978201469154
leaf_weight=1641 738 1944 133 314 467 376 1905 392 165 353 101 85 192 1355 1027 769 372 203 546 1556 1673 69
leaf_count=1641 738 1944 133 314 467 376 1905 392 165 353 101 85 192 1355 1027 769 372 203 546 1556 1673 69
internal_value=-0.00152662 -0.00728947 0.00391103 0.00270222 -0.00499644 -0.0045725 0.00472158 0.0108952 0.00903892 0.0115835 0.00369841 0.00804366 0.00541436 -0.00367572 -0.00323413 -0.00403739 -0.00613874 0.00436007 0.00154513 0.00200507 0.00136164 0.00285489
internal_weight=16376 7951 8425 7190 6310 5843 2608 1235 843 486 2006 602 357 3899 3523 2496 1141 288 4582 3844 3298 1742
internal_count=16376 7951 8425 7190 6310 5843 2608 1235 843 486 2006 602 357 3899 3523 2496 1141 288 4582 3844 3298 1742
is_linear=0
shrinkage=0.035


Tree=65
num_leaves=23
num_cat=0
split_feature=9 9 9 10 20 20 21 20 21 21 21 20 22 21 20 22 20 5 9 20 20 21
split_gain=406.1 112.859 56.2902 12.1004 11.3943 12.6042 21.2104 10.902 9.60505 8.48682 15.1095 14.6076 7.68933 7.61029 6.70146 6.64464 6.06044 8.10256 6.75581 5.92273 5.64794 5.31704
threshold=4.8693181818181825 0.800572271527216 20.715476190476192 0.97590007294853509 22.500000000000004 10.500000000000002 1.5000000000000002 3.5000000000000004 3.5000000000000004 2.5000000000000004 3.5000000000000004 30.500000000000004 54348.000000000007 3.5000000000000004 22.500000000000004 44839.000000000007 11.500000000000002 10.946439606378263 24.864479482565923 18.500000000000004 26.500000000000004 2.5000000000000004
decision_type=2 2 2 2 2 2 2 2 2 2 2 2 2 2 2 2 2 2 2 2 2 2
left_child=1 -1 4 -3 5 6 -2 21 19 20 11 -11 15 -9 16 -5 17 -4 -18 -7 -6 -8
right_child=2 3 14 12 9 8 7 13 -10 10 -12 -13 -14 -15 -16 -17 18 -19 -20 -21 -22 -23
leaf_value=-0.17931354506971223 -0.061755389518531031 -0.079883840115112362 0.24053124384733027 -0.056605721224245904 0.1294235840318729 -0.0032009811532683944 0.2737494655912952 0.1540339686607472 -0.085139066931067486 0.48382994767350279 0.067826074517884083 -0.2022827776965605 -0.093447297729810308 0.47580477426576789 0.96828510118573652 -0.020111882516163276 0.15619586601078939 1.005200436058296 0.51043571815529221 0.10093582613585528 -0.0053184149298178525 -0.0028020464688949965
leaf_weight=1527 649 1335 146 3714 482 1392 191 840 618 479 416 52 304 374 339 950 329 378 138 710 478 492
leaf_count=1527 649 1335 146 3714 482 1392 191 840 618 479 416 52 304 374 339 950 329 378 138 710 478 492
internal_value=-0.00152956 -0.0072792 0.0037641 -0.00519895 0.00253065 0.00168327 0.00345061 0.00531809 1.92661e-05 0.00485094 0.00720588 0.0111007 -0.0043882 0.00730722 0.0103689 -0.00402174 0.00878514 0.011413 0.00570975 0.00115449 0.00248446 0.00172965
internal_weight=16333 7830 8503 6303 7173 5266 2546 1897 2720 1907 947 531 4968 1214 1330 4664 991 524 467 2102 960 683
internal_count=16333 7830 8503 6303 7173 5266 2546 1897 2720 1907 947 531 4968 1214 1330 4664 991 524 467 2102 960 683
is_linear=0
shrinkage=0.035


Tree=66
num_leaves=23
num_cat=0
split_feature=9 9 9 22 3 21 20 20 20 5 12 20 20 11 21 21 20 21 21 21 20 21
split_gain=372.919 120.301 55.1226 13.8011 13.2137 7.75894 10.3338 12.7054 8.96795 6.3442 6.27474 6.26356 15.0946 6.93152 6.41239 6.22666 5.90944 5.32111 5.91827 5.29767 8.61658 5.04943
threshold=5.320212579575883 0.800572271527216 21.113247863247867 54348.000000000007 13.66397320109518 2.5000000000000004 23.500000000000004 11.500000000000002 4.5000000000000009 8.7230576230351975 1.893055084871331 9.5000000000000018 20.500000000000004 7.1226137438551307 3.5000000000000004 3.5000000000000004 3.5000000000000004 2.5000000000000004 3.5000000000000004 3.5000000000000004 28.500000000000004 1.5000000000000002
decision_type=2 2 2 2 2 2 2 2 2 2 2 2 2 2 2 2 2 2 2 2 2 2
left_child=1 -1 4 10 5 -2 7 8 -7 -4 -3 16 13 14 -13 -9 17 -6 -19 20 -8 -18
right_child=2 3 9 -5 11 6 19 15 -10 -11 -12 12 -14 -15 -16 -17 21 18 -20 -21 -22 -23
leaf_value=-0.17303757099227229 0.0033382830093414031 -0.056934779027151959 0.22781032992392272 -0.083338140833347493 0.64441613597750635 0.015648834602660033 0.49424719847475984 0.041074344676058631 0.17456511524383728 0.71438295649048189 -0.034539489612852407 0.16238613474634828 0.3032525542604716 -0.14260221327451864 -0.11857443406240187 -0.086964916563925035 0.02305070550938524 -0.27779256204258779 0.1830663012050206 0.076479094059754199 0.056700448606121515 0.52903955873589992
leaf_weight=1527 2567 4284 191 494 69 419 202 471 481 1056 1642 520 671 228 146 398 58 58 76 265 115 416
leaf_count=1527 2567 4284 191 494 69 419 202 471 481 1056 1642 520 671 228 146 398 58 58 76 265 115 416
internal_value=-0.00146234 -0.00689701 0.00367392 -0.0047856 0.00248395 0.001461 0.00291171 0.00155862 0.00446685 0.0104553 -0.00430492 0.00471184 0.00345541 0.00044772 0.002269 -0.00144165 0.00754399 0.00235577 -0.00163669 0.00694634 0.01 0.00968163
internal_weight=16354 7947 8407 6420 7160 4918 2351 1769 900 1247 5926 2242 1565 894 666 869 677 203 134 582 317 474
internal_count=16354 7947 8407 6420 7160 4918 2351 1769 900 1247 5926 2242 1565 894 666 869 677 203 134 582 317 474
is_linear=0
shrinkage=0.035


Tree=67
num_leaves=23
num_cat=0
split_feature=9 9 9 20 9 22 9 20 6 15 10 12 16 20 7 22 20 20 20 21 25 9
split_gain=373.401 115.784 49.8143 12.7858 13.0019 10.5496 10.1585 9.26941 10.9711 7.11999 8.90041 7.08999 6.12579 5.15737 5.30529 4.93162 5.29616 7.33176 6.37407 10.7648 6.93751 4.88182
threshold=3.6675281567069598 0.89642857142857157 18.326530612244905 22.500000000000004 24.46552486850624 54348.000000000007 6.0576699305884718 9.5000000000000018 9.9933189851049971 1.0000000180025095e-35 2.8702082220799316 6.5492767057550667 1.0000000180025095e-35 3.5000000000000004 21.430126684909297 44839.000000000007 11.500000000000002 3.5000000000000004 21.500000000000004 1.5000000000000002 200.00000000000003 2.1887447115513892
decision_type=2 2 2 2 2 2 2 2 2 2 2 2 2 2 2 2 2 2 2 2 2 2
left_child=1 -1 6 4 7 9 -2 8 -4 -3 12 -9 15 14 -10 16 17 -11 -18 20 -20 -21
right_child=2 5 3 -5 -6 -7 -8 11 13 10 -12 -13 -14 -15 -16 -17 18 -19 19 21 -22 -23
leaf_value=-0.16422196289298102 -0.028653317264888348 -0.10132768243895901 -0.04090983430094515 0.79263440296737731 0.68291352172131192 -0.080137665905066643 0.063549405240166376 0.27942792439866371 -0.049675269759170394 -0.077596628470688531 0.063197670406810375 -0.023107180738019085 0.030923929879152878 1.0310939458958785 0.47801070914388621 -0.0088115530767074561 -0.078357763280249751 -0.013938487851769283 -0.018604720500025318 -0.045053637325953667 -0.12567367141353727 0.0015933886848277191
leaf_weight=1663 1070 753 106 527 367 454 5858 204 60 385 132 477 181 232 101 429 1222 917 100 413 227 462
leaf_count=1663 1070 753 106 527 367 454 5858 204 60 385 132 477 181 232 101 429 1222 917 100 413 227 462
internal_value=-0.00157495 -0.00743327 0.00320001 0.00795455 0.00629188 -0.00504049 0.00176944 0.00444515 0.00805556 -0.00458094 -0.00403365 0.00173469 -0.00430949 0.0107286 0.00548193 -0.00458534 -0.00499531 -0.00314652 -0.00597262 -0.00410315 -0.00948795 -0.00202841
internal_weight=16340 7338 9002 2074 1547 5675 6928 1180 499 5221 4468 681 4336 393 161 4155 3726 1302 2424 1202 327 875
internal_count=16340 7338 9002 2074 1547 5675 6928 1180 499 5221 4468 681 4336 393 161 4155 3726 1302 2424 1202 327 875
is_linear=0
shrinkage=0.035


Tree=68
num_leaves=23
num_cat=0
split_feature=9 9 9 3 9 27 4 21 20 20 20 9 20 20 10 21 20 20 20 21 7 2
split_gain=340.868 128.279 50.5506 10.7895 8.50542 8.70656 7.077 6.11653 9.0661 11.6757 10.465 5.79215 5.63287 12.6064 5.66749 5.42188 8.46179 5.27409 5.72498 7.93592 5.06265 4.96467
threshold=4.5774101668029585 0.800572271527216 21.113247863247867 13.477317666561024 1.8976505883434529 3.5000000000000004 6.9904008156964954 2.5000000000000004 23.500000000000004 11.500000000000002 4.5000000000000009 2.6787756300286603 9.5000000000000018 19.500000000000004 5.3814053340254899 3.5000000000000004 29.500000000000004 22.500000000000004 9.5000000000000018 1.5000000000000002 3.5719447622651486 10.000130448439306
decision_type=2 2 2 2 2 2 2 2 2 2 2 2 2 2 2 2 2 2 2 2 2 2
left_child=1 -1 3 7 -3 17 -4 -2 9 10 21 -7 -5 14 -14 16 -10 18 19 -6 -21 -9
right_child=2 4 6 12 5 11 -8 8 15 -11 -12 -13 13 -15 -16 -17 -18 -19 -20 20 -22 -23
leaf_value=-0.16123348730628842 0.0021801139045745724 -0.060211048257620532 0.14116336137417934 0.38137344447066251 -0.10345075677070924 -0.057340813096335194 0.66526225075599987 -0.068911136478091925 0.36974024472095834 -0.027303725539115455 0.17854380937735193 -0.14342939063339658 0.11787620806032022 0.26684637437139541 -0.083005084627497228 0.061866882960623079 -0.041922063354788666 -0.0066019781685656307 -0.064772836056144562 -0.022341285021569349 0.061147658646053656 0.10043355513233941
leaf_weight=1566 2666 1762 154 683 189 991 1033 220 243 874 478 302 454 736 360 285 74 858 1360 552 198 207
leaf_count=1566 2666 1762 154 683 189 991 1033 220 243 874 478 302 454 736 360 285 74 858 1360 552 198 207
internal_value=-0.00153138 -0.00681967 0.00332566 0.00222684 -0.00455163 -0.00371998 0.0100126 0.00132324 0.00261106 0.00133408 0.00411538 -0.00614792 0.0042538 0.00304984 2.13675e-05 0.00631384 0.00945652 -0.00271189 -0.00358507 -0.00144597 0.000162252 8.10185e-05
internal_weight=16245 7778 8467 7280 6212 4450 1187 5047 2381 1779 905 1293 2233 1550 814 602 317 3157 2299 939 750 427
internal_count=16245 7778 8467 7280 6212 4450 1187 5047 2381 1779 905 1293 2233 1550 814 602 317 3157 2299 939 750 427
is_linear=0
shrinkage=0.035


Tree=69
num_leaves=23
num_cat=0
split_feature=9 9 9 20 20 20 21 20 21 20 9 21 20 20 21 21 20 21 3 20 9 20
split_gain=333.106 129.833 44.6987 10.9938 10.1328 9.28412 19.4802 16.8648 11.7831 8.39427 8.00334 9.32208 7.18043 12.105 7.14225 8.23242 6.53011 6.42732 6.2902 6.21969 6.17284 5.58408
threshold=4.5774101668029585 0.800572271527216 21.113247863247867 23.500000000000004 27.500000000000004 9.5000000000000018 1.5000000000000002 4.5000000000000009 3.5000000000000004 18.500000000000004 1.8976505883434529 1.5000000000000002 22.500000000000004 9.5000000000000018 2.5000000000000004 3.5000000000000004 11.500000000000002 4.5000000000000009 10.875946117517978 23.500000000000004 24.46552486850624 3.5000000000000004
decision_type=2 2 2 2 2 2 2 2 2 2 2 2 2 2 2 2 2 2 2 2 2 2
left_child=1 -1 3 5 -5 6 -2 14 9 -7 16 -12 13 21 -8 -16 -3 -17 -9 20 -4 -13
right_child=2 10 19 4 -6 8 7 18 -10 -11 11 12 -14 -15 15 17 -18 -19 -20 -21 -22 -23
leaf_value=-0.16201739727715037 -0.071996557291947108 -0.031197919781426688 0.31972045111870617 0.20806930741080271 0.046913651297885758 -0.00037834894180903693 0.27568558684011396 0.1113201436785478 -0.077810405104897729 0.11827124471358602 -0.089797050504612119 -0.050018962129342648 0.00087349936390520363 -0.062568915651273552 -0.14337804538240351 0.20752156813316319 -0.066980517676157245 -0.071723300310610583 0.47412975318293343 0.98786139328516709 0.63325201262894215 0.015485583302304875
leaf_weight=1560 617 662 588 951 772 1621 260 387 762 912 1092 440 859 1377 235 212 1098 158 493 265 381 646
leaf_count=1560 617 662 588 951 772 1621 260 387 762 912 1092 440 859 1377 235 212 1098 158 493 265 381 646
internal_value=-0.00138369 -0.00665493 0.00334813 0.00231043 0.00475984 0.00155775 0.00323088 0.00512 0.00035 0.00150315 -0.00436438 -0.00355227 -0.00261422 -0.00357374 0.0016092 -0.000459016 -0.00637535 0.00275333 0.0085226 0.00950565 0.00808522 -0.000785976
internal_weight=16348 7734 8614 7380 1723 5657 2362 1745 3295 2533 6174 4414 3322 2463 865 605 1760 370 880 1234 969 1086
internal_count=16348 7734 8614 7380 1723 5657 2362 1745 3295 2533 6174 4414 3322 2463 865 605 1760 370 880 1234 969 1086
is_linear=0
shrinkage=0.035


Tree=70
num_leaves=23
num_cat=0
split_feature=9 9 9 22 9 25 10 20 20 6 20 20 20 20 9 20 20 20 3 22 20 20
split_gain=320.727 142.247 45.2465 9.86471 8.9613 7.50483 6.61233 6.05668 8.83171 10.1664 9.95189 5.76288 5.37802 5.36363 5.31122 5.10462 4.85351 8.01968 4.83444 4.65887 4.3891 4.32344
threshold=6.0576699305884718 0.800572271527216 21.113247863247867 17236.500000000004 1.8619363398611124 106.50000000000001 0.96975008699700671 22.500000000000004 9.5000000000000018 5.8026567083232594 3.5000000000000004 11.500000000000002 27.500000000000004 23.500000000000004 24.172619047619051 9.5000000000000018 22.500000000000004 9.5000000000000018 15.888781740388525 32208.500000000004 4.5000000000000009 21.500000000000004
decision_type=2 2 2 2 2 2 2 2 2 2 2 2 2 2 2 2 2 2 2 2 2 2
left_child=1 -1 3 -2 11 -5 -6 8 9 -7 -11 -3 -9 14 15 18 17 20 -4 -14 -8 -13
right_child=2 4 13 5 6 7 16 12 -10 10 -12 21 19 -15 -16 -17 -18 -19 -20 -21 -22 -23
leaf_value=-0.14991970634586807 0.242598915506131 -0.029944018455053911 -0.092066741949190747 0.38609355276537399 -0.084538225832564817 -0.032025980817716189 -0.07395536631336623 0.14385637121012615 -0.014140207634375913 0.010459006809026122 0.23283723762323116 -0.084031312056017549 -0.052794294840284715 0.94211732452892882 0.62620151584473882 0.098920278351768157 -0.01447023376719371 -0.06255035525329819 0.77941472350561514 0.070636574207144781 0.0019005821918434941 -0.043050933243772585
leaf_weight=1577 1125 623 45 352 612 537 802 861 2255 424 623 557 196 262 423 298 1138 1839 175 363 744 491
leaf_count=1577 1125 623 45 352 612 537 802 861 2255 424 623 557 196 262 423 298 1138 1839 175 363 744 491
internal_value=-0.0015188 -0.00629232 0.00352027 0.00239616 -0.00408787 0.00178864 -0.00335019 0.00144947 0.000719303 0.00272026 0.00472433 -0.00632757 0.00340175 0.00976407 0.00839852 0.00585564 -0.00287544 -0.0035413 0.00987778 0.000682624 -0.00165861 -0.00792735
internal_weight=16322 8383 7939 6736 6806 5611 5135 5259 3839 1584 1047 1671 1420 1203 941 518 4523 3385 220 559 1546 1048
internal_count=16322 8383 7939 6736 6806 5611 5135 5259 3839 1584 1047 1671 1420 1203 941 518 4523 3385 220 559 1546 1048
is_linear=0
shrinkage=0.035


Tree=71
num_leaves=23
num_cat=0
split_feature=9 9 9 8 22 20 20 25 10 20 9 4 24 20 20 20 25 9 25 4 9 20
split_gain=292.507 128.355 44.6187 10.6808 9.29644 5.76942 14.6042 5.66983 5.51058 9.71126 5.43463 5.31209 5.10563 6.00126 5.91468 5.40071 5.04996 5.03088 4.55972 5.49076 4.48935 4.07494
threshold=5.320212579575883 0.800572271527216 21.113247863247867 15.752049219590733 54348.000000000007 11.500000000000002 21.500000000000004 600.00000000000011 8.369920982112367 7.5000000000000009 2.1887447115513892 7.9927388748624617 4472.0000000000009 20.500000000000004 30.500000000000004 10.500000000000002 224.50000000000003 24.46552486850624 200.00000000000003 5.9680479807034317 1.0628184817885318 3.5000000000000004
decision_type=2 2 2 2 2 2 2 2 2 2 2 2 2 2 2 2 2 2 2 2 2 2
left_child=1 -1 3 12 5 21 7 -7 18 -10 -8 -4 -2 15 -15 -14 -17 -13 19 -5 -6 -3
right_child=2 4 11 8 20 6 10 -9 9 -11 -12 17 13 14 -16 16 -18 -19 -20 -21 -22 -23
leaf_value=-0.15118836069525135 -0.0447709276544042 -0.058295904052232825 0.10352459388252012 -0.035387030954441172 -0.025513171098520512 -0.07681031189178919 -0.041703611578878648 -0.060947742474152571 0.49541587580092245 -0.13077357638835155 -0.013119279697349821 0.47930497097441488 0.056306634596598702 0.099940262644608466 -0.12873140619675749 -0.054208720270924826 0.029374933325370667 0.86081608116325803 0.20903312081744252 0.39907782386563884 -0.098466455887358958 -0.012519478082436628
leaf_weight=1529 534 664 158 66 128 1391 615 538 101 215 1182 656 1660 1550 80 681 847 388 952 473 357 1505
leaf_count=1529 534 664 158 66 128 1391 615 538 101 215 1182 656 1660 1550 80 681 847 388 952 473 357 1505
internal_value=-0.00141183 -0.00623578 0.00315025 0.0020959 -0.00404268 -0.00364831 -0.00448874 -0.00660548 0.00442329 0.000163551 -0.00219478 0.0093807 0.00130343 0.00166546 0.00339297 0.000772784 -0.000719178 0.0102931 0.00531083 0.0079136 -0.00871429 -0.00218951
internal_weight=16270 7909 8361 7159 6380 5895 3726 1929 1807 316 1797 1202 5352 4818 1630 3188 1528 1044 1491 539 485 2169
internal_count=16270 7909 8361 7159 6380 5895 3726 1929 1807 316 1797 1202 5352 4818 1630 3188 1528 1044 1491 539 485 2169
is_linear=0
shrinkage=0.035


Tree=72
num_leaves=23
num_cat=0
split_feature=8 15 22 25 21 20 20 20 22 20 21 21 22 10 21 8 10 20 20 20 21 21
split_gain=276.65 125.082 42.6768 12.0037 10.2349 12.0215 13.9602 16.154 9.17971 9.02664 10.6167 8.59644 8.38691 7.82528 7.63758 5.90284 5.0305 4.7339 11.2792 5.8758 9.42653 5.79699
threshold=5.3627472527472539 0.44722222222222224 13885.000000000002 106.50000000000001 2.5000000000000004 23.500000000000004 11.500000000000002 4.5000000000000009 54348.000000000007 30.500000000000004 3.5000000000000004 3.5000000000000004 6498.5000000000009 0.97590007294853509 3.5000000000000004 11.358432539682541 7.5182311413338665 22.500000000000004 11.500000000000002 4.5000000000000009 2.5000000000000004 2.5000000000000004
decision_type=2 2 2 2 2 2 2 2 2 2 2 2 2 2 2 2 2 2 2 2 2 2
left_child=1 8 12 -4 16 6 7 11 13 10 -7 -6 -2 -1 15 -8 -5 18 19 -15 -21 -19
right_child=2 -3 3 4 5 9 14 -9 -10 -11 -12 -13 -14 17 -16 -17 -18 21 -20 20 -22 -23
leaf_value=-0.065104016360850572 0.25180559375716111 -0.15179572651551287 0.38453659477598112 0.0075077271478334682 -0.14525004095619076 0.4134399897600205 -0.019716701709237301 0.24131001784505976 -0.06938092399942887 -0.222853345983132 0.065598481478471846 0.1017716060514272 0.55902085919913647 -0.053487450783186542 -0.088842455506948276 0.22029415201575814 -0.20598014756599406 -0.047677973980698639 -0.062554184486727393 -0.037777203986192581 0.033649218213733734 0.012779658113223685
leaf_weight=1238 535 1482 537 2836 199 354 389 688 477 51 339 350 1049 716 620 226 138 651 1698 562 532 645
leaf_count=1238 535 1482 537 2836 199 354 389 688 477 51 339 350 1049 716 620 226 138 651 1698 562 532 645
internal_value=-0.00140605 -0.00605046 0.00306397 0.00184046 0.00139831 0.00276545 0.00157549 0.00419887 -0.00395386 0.00665888 0.00772206 -0.000252708 0.00822687 -0.00357409 -0.00104435 0.00169355 -7.63679e-05 -0.00292213 -0.00359166 -0.00164876 -1.59236e-05 -0.00108955
internal_weight=16312 8001 8311 6727 6190 3216 2472 1237 6519 744 693 549 1584 6042 1235 615 2974 4804 3508 1810 1094 1296
internal_count=16312 8001 8311 6727 6190 3216 2472 1237 6519 744 693 549 1584 6042 1235 615 2974 4804 3508 1810 1094 1296
is_linear=0
shrinkage=0.035


Tree=73
num_leaves=23
num_cat=0
split_feature=9 15 9 9 20 9 27 8 20 5 20 12 5 9 9 20 20 15 10 12 23 16
split_gain=274.337 125.267 41.8985 10.761 8.40495 7.65099 8.82181 7.64082 6.09401 8.76586 11.6557 5.97242 6.3771 6.11355 5.33673 5.23034 7.79334 4.9712 4.80307 5.49212 4.88332 4.5791
threshold=4.5774101668029585 0.45643939393939398 21.113247863247867 9.2861832611832629 23.500000000000004 1.8976505883434529 3.5000000000000004 2.2140066897881838 10.500000000000002 5.9680479807034317 3.5000000000000004 6.5492767057550667 8.9846950015344529 17.930434109926541 24.46552486850624 22.500000000000004 10.500000000000002 1.0000000180025095e-35 2.8702082220799316 1.2933550979562656 33050.000000000007 1.0000000180025095e-35
decision_type=2 2 2 2 2 2 2 2 2 2 2 2 2 2 2 2 2 2 2 2 2 2
left_child=1 5 3 -2 8 -1 17 -8 9 -5 -11 13 -13 -10 15 16 -4 -7 19 20 -19 -21
right_child=2 -3 14 4 -6 6 7 -9 11 10 -12 12 -14 -15 -16 -17 -18 18 -20 21 -22 -23
leaf_value=-0.054213101173210161 0.0099572437193468505 -0.15727186634664048 0.50954369329354754 -0.025614124476381835 0.21789141839207349 -0.066473872947048068 -0.024396844321597114 -0.081291362850734905 0.026616849316438568 0.023341978257708437 0.39787730847184533 0.24051316057677563 -0.18836009477877569 0.23577874692304451 0.73303989274758807 0.62390422833533621 0.022220556699352658 0.12454543710843979 0.070442238909088684 -0.032522115063721317 -0.028435775124106083 0.10974879139971259
leaf_weight=1828 3155 1482 264 375 1013 817 425 874 1162 399 685 136 288 205 478 196 296 76 137 1978 87 94
leaf_count=1828 3155 1482 264 375 1013 817 425 874 1162 399 685 136 288 205 478 196 296 76 137 1978 87 94
internal_value=-0.0013113 -0.00607106 0.00297765 0.00197797 0.00312441 -0.00391196 -0.00311985 -0.00555598 0.00224194 0.00392077 0.00551194 0.000857461 -0.0027331 0.0019898 0.00894068 0.00696781 0.00511062 -0.0021149 -0.00128839 -0.0016875 0.004375 -0.00218223
internal_weight=16450 7798 8652 7418 4263 6316 4488 1299 3250 1459 1084 1791 424 1367 1234 756 560 3189 2372 2235 163 2072
internal_count=16450 7798 8652 7418 4263 6316 4488 1299 3250 1459 1084 1791 424 1367 1234 756 560 3189 2372 2235 163 2072
is_linear=0
shrinkage=0.035


Tree=74
num_leaves=23
num_cat=0
split_feature=15 8 22 24 25 22 22 21 20 20 20 20 21 21 10 10 3 10 21 10 27 27
split_gain=260.047 130.241 35.7256 9.80687 9.42067 7.43931 6.85924 6.5311 8.1945 9.82195 12.8485 8.47802 9.68014 7.20757 6.1367 5.91348 5.78049 5.41241 5.2429 5.05576 4.79581 4.5755
threshold=0.44722222222222224 6.5023426037081506 16785.000000000004 9349.5000000000018 106.50000000000001 54348.000000000007 54348.000000000007 2.5000000000000004 23.500000000000004 11.500000000000002 3.5000000000000004 30.500000000000004 3.5000000000000004 3.5000000000000004 4.9280538030458176 5.5032457955023473 16.448649489123373 0.95118973121134298 3.5000000000000004 2.3704530408864106 3.5000000000000004 2.5000000000000004
decision_type=2 2 2 2 2 2 2 2 2 2 2 2 2 2 2 2 2 2 2 2 2 2
left_child=1 3 16 6 -4 -2 17 15 9 10 18 12 -10 -11 -12 -6 -3 20 -9 -5 -1 -15
right_child=5 2 4 19 7 -7 -8 8 11 13 14 -13 -14 21 -16 -17 -18 -19 -20 -21 -22 -23
leaf_value=-0.03366970942755098 -0.15667659222400146 0.25703561146383785 0.34455557073781973 0.032202207454986649 0.026842238699431607 -0.014213665867912935 -0.063274907792892909 -0.1579459033025313 0.41371418051238157 0.06661253221038195 0.14333568606912186 -0.22267967851744511 0.073419742669308299 -0.17062300354814539 0.52532968487817133 -0.089738748689620992 0.50355261403921747 -0.036840979334325105 0.046644233965271911 -0.041303446581556276 -0.087281182190955611 -0.040952468483601907
leaf_weight=696 1448 400 510 553 2143 45 477 125 304 550 532 47 318 157 182 392 1145 4870 271 286 382 443
leaf_count=696 1448 400 510 553 2143 45 477 125 304 550 532 47 318 157 182 392 1145 4870 271 286 382 443
internal_value=-0.00131457 9.23046e-05 0.00332137 -0.0032477 0.00208689 -0.0152103 -0.00371229 0.00165432 0.00277948 0.00175386 0.00409641 0.00617953 0.00728469 -0.0005 0.00688804 0.000344488 0.00806129 -0.00337771 -0.000916459 0.000290284 -0.00563943 -0.00315289
internal_weight=16276 14783 7519 7264 5974 1493 6425 5464 2929 2260 1110 669 622 1150 714 2535 1545 5948 396 839 1078 600
internal_count=16276 14783 7519 7264 5974 1493 6425 5464 2929 2260 1110 669 622 1150 714 2535 1545 5948 396 839 1078 600
is_linear=0
shrinkage=0.035


Tree=75
num_leaves=23
num_cat=0
split_feature=9 9 9 22 3 9 9 20 20 5 21 20 20 20 15 24 20 21 20 20 11 20
split_gain=265.612 113.319 34.2899 7.74029 7.52097 6.0034 5.08854 5.18335 7.18935 5.31799 4.99444 6.98092 8.36805 8.07259 4.87291 4.69802 4.54451 6.73421 4.16961 9.55837 6.82252 6.57842
threshold=0.800572271527216 6.0576699305884718 21.113247863247867 54348.000000000007 13.477317666561024 0.57332179065277356 24.172619047619051 22.500000000000004 10.500000000000002 11.946428571428573 2.5000000000000004 23.500000000000004 11.500000000000002 3.5000000000000004 0.17752100840336138 9349.5000000000018 29.500000000000004 3.5000000000000004 22.500000000000004 9.5000000000000018 8.2586804149757178 3.5000000000000004
decision_type=2 2 2 2 2 2 2 2 2 2 2 2 2 2 2 2 2 2 2 2 2 2
left_child=5 3 4 15 10 -1 7 8 9 -4 -3 12 13 -12 -5 -2 17 -13 19 21 -21 -6
right_child=1 2 6 14 18 -7 -8 -9 -10 -11 11 16 -14 -15 -16 -17 -18 -19 -20 20 -22 -23
leaf_value=-0.1511929114961614 -0.038773446959718703 -0.00024490168146623859 -0.10279326456406815 -0.12985155463648584 0.028725368107640502 -0.08119291149616141 0.70104939137744071 0.5692593251686705 0.010526134979583334 0.62082074646446717 -0.010358225240082071 0.38529681162078605 -0.025484285275918634 0.15370073974285667 -0.053628271890702885 0.00075024441220254093 -0.023435477546834404 0.067450015411985309 0.28210483767628219 0.057565179302623337 -0.22264987918460985 0.37689717246372573
leaf_weight=1246 5687 2248 52 72 214 341 544 178 277 192 330 243 822 500 432 658 116 225 544 877 138 477
leaf_count=1246 5687 2248 52 72 214 341 544 178 277 192 330 243 822 500 432 658 116 225 544 877 138 477
internal_value=-0.00129827 0.000159295 0.00299486 -0.0031405 0.00200215 -0.0148838 0.00832933 0.00621449 0.0043251 0.00864458 0.00116563 0.0023349 0.00115118 0.00362575 -0.00732318 -0.0028 0.00561545 0.00714059 0.00365521 0.00277177 0.000583333 0.00593391
internal_weight=16413 14826 7977 6849 6734 1587 1243 699 521 244 4484 2236 1652 830 504 6345 584 468 2250 1706 1015 691
internal_count=16413 14826 7977 6849 6734 1587 1243 699 521 244 4484 2236 1652 830 504 6345 584 468 2250 1706 1015 691
is_linear=0
shrinkage=0.035


Tree=76
num_leaves=23
num_cat=0
split_feature=15 9 22 25 21 9 12 9 20 20 20 21 21 20 21 22 20 20 9 10 24 9
split_gain=254.901 105.179 31.3033 9.17654 10.2189 8.23044 7.98674 7.65508 7.26516 9.85196 14.1487 7.61533 7.55052 7.06366 10.2446 6.95159 6.86366 6.90902 5.68963 5.33482 5.26619 8.74067
threshold=0.4188596491228071 6.0576699305884718 16785.000000000004 106.50000000000001 2.5000000000000004 24.46552486850624 6.5492767057550667 0.57332179065277356 23.500000000000004 11.500000000000002 4.5000000000000009 3.5000000000000004 3.5000000000000004 30.500000000000004 3.5000000000000004 54348.000000000007 10.500000000000002 23.500000000000004 10.62646977997295 0.97590007294853509 4472.0000000000009 2.2400445813187457
decision_type=2 2 2 2 2 2 2 2 2 2 2 2 2 2 2 2 2 2 2 2 2 2
left_child=1 15 5 -4 -5 6 -3 -2 9 10 12 18 -6 14 -10 19 -8 -18 -11 -1 -21 -22
right_child=7 2 3 4 8 -7 16 -9 13 11 -12 -13 -14 -15 -16 -17 17 -19 -20 20 21 -23
leaf_value=-0.057466573645071246 -0.14590115959379577 0.47103620982423156 0.33178311360361196 -0.0045126654534427503 -0.13419699015591752 0.74330432181482542 0.37975188205156063 -0.078351159593795738 0.38177611986662091 -0.017266790573782703 0.24547457691305627 -0.078323870438309739 0.083382806208341764 -0.2140656480551949 0.057683960802410048 -0.057264183545965824 -0.10425322468148332 0.35581065583586879 0.19439923429051242 -0.035990991066347101 0.040924097839251383 -0.018962920200007897
leaf_weight=1204 1217 524 506 2742 187 409 208 369 342 337 669 622 345 49 364 445 286 145 261 3488 173 1488
leaf_count=1204 1217 524 506 2742 187 409 208 369 342 337 669 622 345 49 364 445 286 145 261 3488 173 1488
internal_value=-0.00130623 0.000124164 0.00284558 0.00175572 0.00136206 0.00726855 0.00569349 -0.0146182 0.0027122 0.0017601 0.00400498 -0.000442857 -0.000228119 0.00571053 0.00662096 -0.00307401 0.00298913 0.000401376 0.00235075 -0.00276895 -0.00226814 -0.000630252
internal_weight=16380 14794 7996 6424 5918 1572 1163 1586 3176 2421 1201 1220 532 755 706 6798 639 431 598 6353 5149 1661
internal_count=16380 14794 7996 6424 5918 1572 1163 1586 3176 2421 1201 1220 532 755 706 6798 639 431 598 6353 5149 1661
is_linear=0
shrinkage=0.035


Tree=77
num_leaves=23
num_cat=0
split_feature=9 8 9 20 20 21 21 20 20 21 21 20 20 20 21 20 9 25 0 15 9 7
split_gain=254.752 101.938 28.5613 6.37222 10.1457 9.24757 14.6086 7.49676 10.5366 10.464 6.63618 7.04186 5.83445 15.0473 6.28453 8.49821 5.49135 6.90379 5.08149 5.02068 4.90613 4.85485
threshold=0.800572271527216 6.2169130934036625 21.113247863247867 23.500000000000004 28.500000000000004 2.5000000000000004 3.5000000000000004 9.5000000000000018 4.5000000000000009 3.5000000000000004 3.5000000000000004 18.500000000000004 11.500000000000002 20.500000000000004 2.5000000000000004 3.5000000000000004 2.1887447115513892 294.00000000000006 13.982558156555685 0.44722222222222224 1.8976505883434529 21.887490267042047
decision_type=2 2 2 2 2 2 2 2 2 2 2 2 2 2 2 2 2 2 2 2 2 2
left_child=19 12 3 7 5 -5 -7 8 -3 -10 11 21 14 -14 -2 -16 17 20 -6 -1 -15 -9
right_child=1 2 -4 4 18 6 -8 10 9 -11 -12 -13 13 16 15 -17 -18 -19 -20 -21 -22 -23
leaf_value=-0.057994513019160775 -0.047695040604018239 0.0068651698225269094 0.43576039037746872 0.070823292927456594 -0.068300005556402907 0.62225903998646259 0.067576266207362901 0.0025169360944466315 0.10276733632572634 0.42826489164926929 -0.074336599424992086 0.12375197429707674 -0.066341122389559609 -0.030296246169522745 -0.04476477809431869 0.019987915652460709 -0.008972795046041258 -0.050260635595601635 0.15785017238217586 -0.1373076900681936 0.090147429428057438 -0.2601573112359164
leaf_weight=95 1295 937 1205 508 267 279 243 1454 810 273 715 816 2017 230 496 880 1522 518 213 1440 80 50
leaf_count=95 1295 937 1205 508 267 279 243 1454 810 273 715 816 2017 230 496 880 1522 518 213 1440 80 50
internal_value=-0.00133808 6.97023e-05 0.00283376 0.00191781 0.00391584 0.00586715 0.00913188 0.00131423 0.0029642 0.0053079 0.000207237 0.00112151 -0.0029792 -0.00377059 -0.00167414 -1.2672e-05 -0.00185032 -0.00413866 -0.000252577 -0.0148864 0 -0.000289927
internal_weight=16343 14808 7770 6565 1510 1030 522 5055 2020 1083 3035 2320 7038 4367 2671 1376 2350 828 480 1535 310 1504
internal_count=16343 14808 7770 6565 1510 1030 522 5055 2020 1083 3035 2320 7038 4367 2671 1376 2350 828 480 1535 310 1504
is_linear=0
shrinkage=0.035


Tree=78
num_leaves=23
num_cat=0
split_feature=9 8 22 8 22 16 10 9 12 20 20 24 9 25 22 27 21 10 20 24 20 20
split_gain=211.588 97.8262 23.2155 7.94952 7.25521 6.87882 6.40695 6.08462 7.23785 6.0486 10.223 6.03736 6.87859 5.83516 5.68099 6.85455 5.33452 5.16793 5.04896 5.04689 4.98396 7.9269
threshold=0.800572271527216 6.5023426037081506 16785.000000000004 0.42696347511940796 54348.000000000007 1.0000000180025095e-35 0.95118973121134298 25.221622339708784 6.0947887844857682 10.500000000000002 21.500000000000004 4472.0000000000009 2.0359184871715175 106.50000000000001 31797.000000000004 3.5000000000000004 2.5000000000000004 1.4960264830861927 10.500000000000002 4163.5000000000009 23.500000000000004 11.500000000000002
decision_type=2 2 2 2 2 2 2 2 2 2 2 2 2 2 2 2 2 2 2 2 2 2
left_child=3 4 7 -1 6 13 -2 8 -3 -10 -11 19 -13 -4 -14 -16 -15 18 -6 -8 21 -18
right_child=1 2 5 -5 17 -7 11 -9 9 10 -12 12 14 16 15 -17 20 -19 -20 -21 -22 -23
leaf_value=-0.13598884985562615 -0.052881007983229276 0.49620008029267526 0.28584561307436612 -0.07080309985562612 0.0035879747079703077 0.29713823237851533 -0.032395489313559837 0.71614910982438096 0.3622944656852467 -0.10037997602841274 0.4229967305657617 0.047358690921036561 0.25436071867144217 6.864589925660526e-05 -0.0051803641730840608 -0.052167685930350788 0.1090214181878924 -0.12714150224255935 -0.052059404263330937 -0.063352383176410121 0.14634875462094279 -0.016007522617580892
leaf_weight=820 1032 394 504 718 123 230 3303 313 253 333 255 92 76 2478 1514 376 1065 107 279 411 639 1063
leaf_count=820 1032 394 504 718 123 230 3303 313 253 333 255 92 76 2478 1514 376 1065 107 279 411 639 1063
internal_value=-0.00130852 -2.47558e-05 0.00277416 -0.0136439 -0.0029079 0.00177807 -0.0025984 0.00659208 0.00541935 0.00351655 0.00150506 -0.00213562 -0.000602278 0.00153285 -0.00105657 -0.00144987 0.00118 -0.00694553 -0.00494472 -0.00297862 0.00223485 0.00140295
internal_weight=16378 14840 7527 1538 7313 5979 6804 1548 1235 841 588 5772 2058 5749 1966 1890 5245 509 402 3714 2767 2128
internal_count=16378 14840 7527 1538 7313 5979 6804 1548 1235 841 588 5772 2058 5749 1966 1890 5245 509 402 3714 2767 2128
is_linear=0
shrinkage=0.035


Tree=79
num_leaves=23
num_cat=0
split_feature=9 8 22 20 8 20 22 9 12 20 20 20 21 21 20 21 12 12 7 10 20 20
split_gain=212.002 89.3807 25.092 8.12675 7.86313 7.01853 6.90396 6.47013 6.11807 6.60211 9.18064 5.57894 10.7134 12.4535 5.76955 5.95764 5.46442 4.94153 4.81783 4.75429 4.93741 9.98226
threshold=0.800572271527216 6.0000093177456657 16785.000000000004 19.500000000000004 0.42696347511940796 30.500000000000004 54348.000000000007 24.46552486850624 6.0947887844857682 9.5000000000000018 21.500000000000004 11.500000000000002 3.5000000000000004 4.5000000000000009 4.5000000000000009 2.5000000000000004 5.7844473302170352 1.0659471779799348 15.863293650793652 1.1758402850776715 11.500000000000002 21.500000000000004
decision_type=2 2 2 2 2 2 2 2 2 2 2 2 2 2 2 2 2 2 2 2 2 2
left_child=4 6 7 11 -1 18 19 8 -3 -10 -11 12 14 16 -4 -16 -14 -8 -5 -2 -21 -22
right_child=1 2 3 5 -6 -7 17 -9 9 10 -12 -13 13 -15 15 -17 -18 -19 -20 20 21 -23
leaf_value=-0.13122924011067924 -0.039046071984169067 0.45309257774535144 -0.065723796512538762 0.071695279849712662 -0.068324991360679224 -0.13957761007052127 -0.018406524389216809 0.64197183804424096 0.34961415938626333 -0.10486721870322467 0.39740715363136875 -0.019390315940212323 0.14587290655051025 -0.089286871235040838 -0.0038078854686859035 0.16841869007669533 0.62520523785801452 -0.077651540438474206 0.36864977302730628 -0.0077511180401664964 -0.057978827309782752 -0.0097587684996952636
leaf_weight=835 1940 394 574 1812 706 100 173 406 209 330 221 1654 416 156 727 351 166 334 349 1836 1398 1282
leaf_count=835 1940 394 574 1812 706 100 173 406 209 330 221 1654 416 156 727 351 166 334 349 1836 1398 1282
internal_value=-0.00122695 5.78103e-05 0.00261499 0.0016252 -0.0135608 0.00330538 -0.00282793 0.00658626 0.00517903 0.00327124 0.00119604 0.000678563 0.00176096 0.00525236 0.000179541 0.00169668 0.00760221 -0.00676758 0.00373269 -0.00251083 -0.00187735 -0.0028352
internal_weight=16369 14828 7865 6305 1541 2261 6963 1560 1154 760 551 4044 2390 738 1652 1078 582 507 2161 6456 4516 2680
internal_count=16369 14828 7865 6305 1541 2261 6963 1560 1154 760 551 4044 2390 738 1652 1078 582 507 2161 6456 4516 2680
is_linear=0
shrinkage=0.035


Tree=80
num_leaves=23
num_cat=0
split_feature=9 9 22 21 20 20 20 25 20 21 9 10 21 24 9 12 20 20 10 23 23 12
split_gain=213.841 85.3526 23.2985 9.10738 11.0166 10.4008 13.7353 9.57352 8.28223 7.96944 7.42384 7.11849 6.49291 5.89602 5.40824 6.13653 5.59028 6.15 5.15141 5.33754 5.97199 4.8298
threshold=0.800572271527216 6.0576699305884718 16785.000000000004 2.5000000000000004 23.500000000000004 11.500000000000002 3.5000000000000004 106.50000000000001 30.500000000000004 3.5000000000000004 0.3956951516321271 4.8802914374463162 3.5000000000000004 9349.5000000000018 24.172619047619051 6.0947887844857682 9.5000000000000018 18.500000000000004 5.1640940349864071 42000.000000000007 62950.000000000007 3.2017456766535917
decision_type=2 2 2 2 2 2 2 2 2 2 2 2 2 2 2 2 2 2 2 2 2 2
left_child=10 13 14 7 5 6 -5 -4 9 -6 -1 -8 21 -2 15 -3 -17 -18 19 -9 -21 -7
right_child=1 2 3 4 8 12 11 18 -10 -11 -12 -13 -14 -15 -16 16 17 -19 -20 20 -22 -23
leaf_value=-0.12959842569308783 -0.037899055411531574 0.42515842728458059 0.29817345217070768 -0.019389611598160671 0.36542695212473048 -0.040006548408693277 0.14044921412516614 -0.027062341336370876 -0.24630105397120283 0.10465015098141735 -0.065933616663055444 0.50019676573405536 -0.075609727947988231 0.0032959081507216051 0.62149458517300904 0.33152619907113179 -0.1165630768683289 0.24532017447549323 -0.09049244103231481 0.097064031126248132 -0.027055552748579789 0.11057903629853534
leaf_weight=825 6159 389 258 477 376 174 594 1148 52 376 747 245 656 643 457 213 234 277 481 743 394 456
leaf_count=825 6159 389 258 477 376 174 594 1148 52 376 747 245 656 643 457 213 234 277 481 743 394 456
internal_value=-0.00120841 9.57317e-05 0.00254685 0.00160723 0.00284741 0.00172516 0.00390802 0.000202212 0.0064246 0.0073745 -0.0134607 0.0065936 -0.000501549 -0.00278427 0.00636667 0.00497764 0.00300069 0.000949612 -0.000397871 0.000290393 0.00199212 0.00201181
internal_weight=16374 14802 8000 6430 3406 2602 1316 3024 804 752 1572 839 1286 6802 1570 1113 724 511 2766 2285 1137 630
internal_count=16374 14802 8000 6430 3406 2602 1316 3024 804 752 1572 839 1286 6802 1570 1113 724 511 2766 2285 1137 630
is_linear=0
shrinkage=0.035


Tree=81
num_leaves=23
num_cat=0
split_feature=15 8 8 20 20 20 21 8 10 8 11 22 10 10 20 20 4 20 20 20 20 21
split_gain=209.709 85.0592 21.6707 7.24225 8.48103 12.4323 9.14886 8.41772 6.93091 6.68355 6.61189 4.72514 4.87453 4.64998 4.57898 11.4855 9.60801 4.41132 4.39051 10.809 4.43602 7.0135
threshold=0.43303571428571436 6.2169130934036625 22.57902452389941 21.500000000000004 9.5000000000000018 4.5000000000000009 1.5000000000000002 14.071683673469389 0.95118973121134298 0.42696347511940796 4.1595910618951262 54348.000000000007 1.154700538379253 8.5500484389587896 10.500000000000002 17.500000000000004 9.9933189851049971 28.500000000000004 11.500000000000002 20.500000000000004 4.5000000000000009 2.5000000000000004
decision_type=2 2 2 2 2 2 2 2 2 2 2 2 2 2 2 2 2 2 2 2 2 2
left_child=1 8 3 4 5 -3 -7 17 -1 -2 -8 18 -13 -6 16 -16 -4 -5 20 -20 -10 -22
right_child=9 2 14 7 13 6 10 -9 11 -11 -12 12 -14 -15 15 -17 -18 -19 19 -21 21 -23
leaf_value=-0.04965208855165474 -0.12210027180754741 -0.003284189032415057 0.052692356124271741 0.075757087118816138 0.0057891221665041575 -0.0032019573092406267 0.10890362277591736 0.31113706034636063 -0.04287266117244496 -0.063625940079848523 0.43506364306025713 -0.0056913980652589218 -0.088114271596528529 -0.13310773397680656 -0.030298970939669378 0.59775051323163753 0.93428069538996217 -0.032714981899389921 -0.059254039197789175 -0.012765700496346817 -0.026457790304413271 0.037131841571948196
leaf_weight=1273 814 997 109 1005 2491 286 464 802 919 654 368 115 188 175 236 301 271 309 1543 1827 616 621
leaf_count=1273 814 997 109 1005 2491 286 464 802 919 654 368 115 188 175 236 301 271 309 1543 1827 616 621
internal_value=-0.00121835 2.46297e-05 0.00254476 0.00186613 0.00110426 0.00275708 0.00528272 0.00357261 -0.00274553 -0.013817 0.00712963 -0.00222575 -0.00647727 -0.000203107 0.00759219 0.00535978 0.0105909 0.00181766 -0.00198382 -0.00277407 -0.000736927 0.000619968
internal_weight=16384 14916 7814 6897 4781 2115 1118 2116 7102 1468 832 5829 303 2666 917 537 380 1314 5526 3370 2156 1237
internal_count=16384 14916 7814 6897 4781 2115 1118 2116 7102 1468 832 5829 303 2666 917 537 380 1314 5526 3370 2156 1237
is_linear=0
shrinkage=0.035


Tree=82
num_leaves=23
num_cat=0
split_feature=9 8 8 8 22 3 24 10 20 20 21 11 20 21 21 20 21 21 21 20 20 20
split_gain=212.915 73.2364 16.8995 8.97261 7.90551 6.74435 6.59952 6.82626 6.16806 9.70254 7.81971 7.48084 7.43554 7.28248 7.13033 7.64915 10.863 6.33829 6.98231 6.00383 5.29382 10.1273
threshold=0.800572271527216 7.5742775742775752 22.57902452389941 0.42696347511940796 54348.000000000007 8.2534813770198809 4472.0000000000009 0.97590007294853509 23.500000000000004 9.5000000000000018 3.5000000000000004 7.2619737787877066 3.5000000000000004 3.5000000000000004 2.5000000000000004 29.500000000000004 3.5000000000000004 2.5000000000000004 3.5000000000000004 21.500000000000004 22.500000000000004 10.500000000000002
decision_type=2 2 2 2 2 2 2 2 2 2 2 2 2 2 2 2 2 2 2 2 2 2
left_child=3 4 5 -1 6 -3 -2 -8 9 12 11 -11 17 -14 -10 16 -16 -7 -19 -9 21 -4
right_child=1 2 20 -5 -6 8 7 19 14 10 -12 -13 13 -15 15 -17 -18 18 -20 -21 -22 -23
leaf_value=-0.11782676229428324 -0.031929515934964181 0.0019001121158388836 0.72518262511933107 -0.061399032177053815 -0.052837379637508015 0.36330070815874765 -0.073949188790901371 -0.016171662764002132 0.082445898266594181 0.083689527803717897 -0.095715394720829294 -0.10426407257680201 0.14079933636523664 0.59100669320956545 0.83114335896812086 -0.016614386045729044 0.14693783287555187 -0.23300269959106776 0.089279160548867476 0.039546254110392538 0.85682924526853055 0.06814483864190507
leaf_weight=835 4692 1568 344 719 506 112 207 1812 508 1299 488 224 556 231 204 110 226 111 194 866 165 384
leaf_count=835 4692 1568 344 719 506 112 207 1812 508 1299 488 224 556 231 204 110 226 111 194 866 165 384
internal_value=-0.00122327 7.08885e-05 0.00276973 -0.0135263 -0.00217235 0.00207505 -0.00188341 -0.000557093 0.00279639 0.00202174 0.000520833 0.00176374 0.00450165 0.00649621 0.00513533 0.00793119 0.0100172 0.000663507 -0.00191935 -7.1748e-05 0.00724944 0.00584925
internal_weight=16361 14807 6724 1554 8083 5831 7577 2885 4263 3215 2011 1523 1204 787 1048 540 430 417 305 2678 893 728
internal_count=16361 14807 6724 1554 8083 5831 7577 2885 4263 3215 2011 1523 1204 787 1048 540 430 417 305 2678 893 728
is_linear=0
shrinkage=0.035


Tree=83
num_leaves=23
num_cat=0
split_feature=9 8 8 12 20 21 21 8 20 21 20 20 5 20 20 6 21 10 12 20 20 9
split_gain=214.122 70.6077 16.1509 11.9657 9.37969 10.1649 8.1026 7.84329 6.08107 9.34468 4.57447 11.7411 8.74153 4.56544 10.3881 7.2067 6.19089 6.01548 4.76754 4.36174 11.074 6.36348
threshold=0.800572271527216 8.7758782269794384 22.57902452389941 2.0353195344438961 23.500000000000004 2.5000000000000004 1.5000000000000002 0.42696347511940796 29.500000000000004 3.5000000000000004 10.500000000000002 17.500000000000004 10.946439606378263 9.5000000000000018 4.5000000000000009 6.006203158824877 3.5000000000000004 8.169337557349067 5.5003607267018877 22.500000000000004 11.500000000000002 2.1887447115513892
decision_type=2 2 2 2 2 2 2 2 2 2 2 2 2 2 2 2 2 2 2 2 2 2
left_child=7 3 4 6 13 -6 -2 -1 9 -7 12 -12 -4 14 -3 -16 17 -15 -17 20 -8 -21
right_child=1 2 10 -5 5 8 19 -9 -10 -11 11 -13 -14 16 15 18 -18 -19 -20 21 -22 -23
leaf_value=-0.11370282561398332 -0.063645998014944041 -0.0067176857126155917 0.041885321913174921 -0.007621261726043934 0.038252391011809696 0.76323369605761882 -0.010524452699767962 -0.059250066050856934 0.012436819592518874 0.1617869083036042 -0.019462039201654024 0.54492813376221194 0.894132018911315 0.070697453617704728 0.031323829542583219 0.21292509244905192 -0.085412761354254713 -0.12479972074743068 0.50231073873208443 -0.028703361293117322 -0.050900812488182512 0.025046162926814566
leaf_weight=830 1173 688 103 3791 549 248 1620 723 116 244 245 303 253 1531 262 359 562 163 188 513 1357 541
leaf_count=830 1173 688 103 3791 549 248 1620 723 116 244 245 303 253 1531 262 359 562 163 188 513 1357 541
internal_value=-0.0012264 7.08789e-05 0.00307656 -0.00187056 0.00227518 0.00503012 -0.00295978 -0.0135687 0.00813622 0.00982394 0.00737349 0.00522152 0.0105194 0.00141565 0.00291278 0.00558968 0.000410217 0.00147293 0.00786232 -0.00220268 -0.00288732 -0.000247875
internal_weight=16362 14809 5814 8995 4910 1157 5204 1553 608 492 904 548 356 3753 1497 809 2256 1694 547 4031 2977 1054
internal_count=16362 14809 5814 8995 4910 1157 5204 1553 608 492 904 548 356 3753 1497 809 2256 1694 547 4031 2977 1054
is_linear=0
shrinkage=0.035


Tree=84
num_leaves=23
num_cat=0
split_feature=9 8 9 8 22 10 22 16 11 20 25 21 10 6 11 20 20 24 21 20 20 21
split_gain=210.635 69.0925 20.4645 9.89278 6.53867 5.73309 5.23216 4.8145 4.45473 5.32665 4.15606 4.52368 5.30525 4.26948 3.9605 10.4872 5.99504 3.95974 4.54106 4.187 9.38461 6.01395
threshold=0.800572271527216 6.2169130934036625 23.672619047619051 0.42696347511940796 17236.500000000004 2.6240947944630517 54348.000000000007 1.0000000180025095e-35 1.2157392722216309 10.500000000000002 106.50000000000001 2.5000000000000004 5.1640940349864071 10.000130448439306 5.9648539107390404 10.500000000000002 20.500000000000004 9349.5000000000018 1.5000000000000002 10.500000000000002 22.500000000000004 4.5000000000000009
decision_type=2 2 2 2 2 2 2 2 2 2 2 2 2 2 2 2 2 2 2 2 2 2
left_child=3 6 4 -1 14 -4 17 10 9 -8 -6 12 -12 -13 -3 -16 -17 18 -2 21 -21 -20
right_child=1 2 5 -5 7 -7 8 -9 -10 -11 11 13 -14 -15 15 16 -18 -19 19 20 -22 -23
leaf_value=-0.11195149503354505 -0.057464273401215606 0.22853865367073251 -0.19196475719911932 -0.057176313739076945 0.22762397816388388 0.49313717479035662 0.023419681924352273 0.24607479725831788 -0.093235489545703779 -0.039716917151497909 0.0081372330482474275 0.011948551070341226 -0.11870228517289566 0.094335712055684459 0.35264315517505912 -0.12311484890342041 0.15223405396863796 0.0012810417729608582 0.0058863646260166116 -0.052005911904419874 -0.0028017416757847081 -0.083266652788668058
leaf_weight=843 1509 828 53 703 421 622 90 212 205 190 1892 1585 358 1060 235 276 212 745 1391 1625 1133 148
leaf_count=843 1509 828 53 703 421 622 90 212 205 190 1892 1585 358 1060 235 276 212 745 1391 1625 1133 148
internal_value=-0.0011898 9.58094e-05 0.00237498 -0.0134607 0.00181324 0.00818382 -0.00241336 0.001243 -0.00592857 -0.00288596 0.00102941 0.000735714 -0.000411308 0.00171698 0.00382391 0.001875 -0.00102941 -0.00214613 -0.0024544 -0.00186309 -0.00267915 -0.000385363
internal_weight=16336 14790 7754 1546 7079 675 7036 5528 485 280 5316 4895 2250 2645 1551 723 488 6551 5806 4297 2758 1539
internal_count=16336 14790 7754 1546 7079 675 7036 5528 485 280 5316 4895 2250 2645 1551 723 488 6551 5806 4297 2758 1539
is_linear=0
shrinkage=0.035


Tree=85
num_leaves=23
num_cat=0
split_feature=15 8 22 8 12 21 20 20 21 12 12 20 20 8 5 4 11 25 21 10 22 20
split_gain=199.485 59.244 14.6592 8.40118 7.91821 5.27776 5.25478 10.1664 5.52138 8.39465 4.79187 4.64085 9.9511 6.87958 6.85471 6.24102 4.3396 4.22445 5.23964 6.53933 5.7433 5.05004
threshold=0.43303571428571436 7.5742775742775752 16785.000000000004 0.42696347511940796 1.9877268929755418 1.5000000000000002 23.500000000000004 11.500000000000002 3.5000000000000004 0.99804889358803683 2.6424518410464439 21.500000000000004 10.500000000000002 22.366846650936655 7.9927388748624617 9.9933189851049971 3.4073288819675329 106.50000000000001 2.5000000000000004 5.1640940349864071 19263.000000000004 27.500000000000004
decision_type=2 2 2 2 2 2 2 2 2 2 2 2 2 2 2 2 2 2 2 2 2 2
left_child=1 4 11 -2 5 -1 7 -7 9 -9 -4 12 13 -3 -14 -15 -6 -12 19 21 -21 -19
right_child=3 2 10 -5 16 6 -8 8 -10 -11 17 -13 14 15 -16 -17 -18 18 -20 20 -22 -23
leaf_value=-0.055515237990112688 -0.1058049243913198 0.11684018569872522 -0.10332796668997651 -0.055175142758209263 -0.0023976389963645773 -0.0082330644631174905 0.0029657795317993775 -0.099797507495157978 -0.082834888538592333 -0.025881686824754595 0.24308524112407598 0.51368408090410633 0.256905563536864 0.033325211008979498 -0.044668764037397328 0.89624681146059604 -0.069588287353404096 0.039935868651351465 0.06954667691521961 0.17856544009057532 -0.13106683386791593 -0.062927750139969166
leaf_weight=1196 829 243 202 643 2715 1551 888 95 404 1008 520 471 142 66 407 225 290 1377 2462 80 392 160
leaf_count=1196 829 243 202 643 2715 1551 888 95 404 1008 520 471 142 66 407 225 290 1377 2462 80 392 160
internal_value=-0.00117907 3.64118e-05 0.00246223 -0.0134479 -0.00197068 -0.00280503 -0.00217477 -0.00286239 -0.00490741 -0.00356949 0.00156214 0.00544419 0.00411765 0.0075 0.000758123 0.0111149 -0.000534884 0.00177942 0.00142315 8.68918e-05 -0.00348532 0.00120298
internal_weight=16366 14894 6747 1472 8147 5142 3946 3058 1507 1103 5193 1554 1083 534 549 291 3005 4991 4471 2009 472 1537
internal_count=16366 14894 6747 1472 8147 5142 3946 3058 1507 1103 5193 1554 1083 534 549 291 3005 4991 4471 2009 472 1537
is_linear=0
shrinkage=0.035


Tree=86
num_leaves=23
num_cat=0
split_feature=9 4 9 12 20 20 8 7 20 20 20 21 21 20 21 20 21 20 21 20 2 21
split_gain=185.481 58.5086 16.5677 10.7118 6.86527 12.1115 6.29892 5.72112 5.59116 9.64568 8.96885 5.6105 12.5545 9.90254 5.52261 5.45798 4.96802 4.61956 4.36249 5.4962 4.09516 4.0059
threshold=0.800572271527216 7.4963057118443892 21.113247863247867 2.0558986184354442 10.500000000000002 18.500000000000004 0.35299200622699706 21.16836734693878 9.5000000000000018 3.5000000000000004 20.500000000000004 3.5000000000000004 2.5000000000000004 29.500000000000004 3.5000000000000004 3.5000000000000004 2.5000000000000004 23.500000000000004 1.5000000000000002 26.500000000000004 10.905727041159141 3.5000000000000004
decision_type=2 2 2 2 2 2 2 2 2 2 2 2 2 2 2 2 2 2 2 2 2 2
left_child=6 3 8 -2 15 -6 -1 -7 9 16 -10 12 18 -14 20 -4 -3 -13 -12 -20 -11 -18
right_child=1 2 4 -5 5 7 -8 -9 10 14 11 17 13 -15 -16 -17 21 -19 19 -21 -22 -23
leaf_value=-0.10433002035367478 -0.028438716713212443 0.26002428512312697 0.33112258886124907 -0.0039150633537640899 -0.024869610292197565 0.2225729740676449 -0.067101752037623613 0.57596915558936135 -0.010359436732783483 0.015680799710453608 0.12514846742644553 -0.14417279399879532 0.41503186857807051 -0.082171508871772575 0.56659503928149957 0.87899125100335529 -0.16502550105353911 0.061295588091180346 0.03831761561508458 -0.13906434294988132 0.27121714195573021 0.055781407749396342
leaf_weight=695 5311 118 130 3863 281 180 855 274 1654 181 456 132 418 84 221 200 117 289 255 112 297 208
leaf_count=695 5311 118 130 3863 281 180 855 274 1654 181 456 132 418 84 221 200 117 289 255 112 297 208
internal_value=-0.00104983 0.000158596 0.00297488 -0.00156144 0.00690187 0.00491892 -0.0125482 0.00842593 0.00204366 0.00416521 0.00132085 0.00306825 0.00418421 0.00852564 0.00671165 0.0111269 7.8125e-05 -0.000410798 0.00147947 -0.0013172 0.00445652 -0.00212121
internal_weight=16331 14781 5607 9174 1065 735 1550 454 4542 1142 3400 1746 1325 502 699 330 443 421 823 367 478 325
internal_count=16331 14781 5607 9174 1065 735 1550 454 4542 1142 3400 1746 1325 502 699 330 443 421 823 367 478 325
is_linear=0
shrinkage=0.035


Tree=87
num_leaves=23
num_cat=0
split_feature=9 3 9 22 22 24 16 22 23 16 21 11 12 9 15 15 1 12 11 22 10 11
split_gain=183.874 55.9363 14.2 10.4848 10.3354 8.61648 6.48935 5.62074 5.53573 4.31607 4.26639 4.53313 5.91181 4.35115 4.07638 4.04164 4.02666 4.33391 3.90549 3.4233 3.32173 3.25395
threshold=0.89642857142857157 7.6002769292068288 23.672619047619051 54348.000000000007 34795.000000000007 9795.0000000000018 1.0000000180025095e-35 54348.000000000007 37400.000000000007 1.0000000180025095e-35 1.5000000000000002 1.3259870882635925 1.2933550979562656 9.9288271409042093 0.21980676328502416 0.054093567251461992 6.8390138906295155 3.7792168836356104 1.2157392722216309 6498.5000000000009 7.5182311413338665 4.9632960157665531
decision_type=2 2 2 2 2 2 2 2 2 2 2 2 2 2 2 2 2 2 2 2 2 2
left_child=3 5 6 4 -1 7 8 9 -3 10 11 12 15 -12 16 -2 -13 -18 -9 -4 -19 -7
right_child=1 2 19 -5 -6 21 -8 18 -10 -11 13 14 -14 -15 -16 -17 17 20 -20 -21 -22 -23
leaf_value=-0.063593283174889562 -0.09547107196559633 0.12538112946797064 -0.020012686683420287 0.024012738775233019 -0.13345020132524499 0.026719029697846487 0.38375989902974761 -0.027329439626524475 0.025692869342365549 0.042192182952246464 -0.017447334812790011 -0.068455949799345842 -0.12628304490218767 0.10015136268498517 0.035726433834436695 0.0036285277173450673 0.070987711386708813 -0.1463579509557621 -0.081658625932175266 0.51567379499420107 0.23548322032526722 -0.09554757836635433
leaf_weight=1054 130 2427 52 52 524 1133 181 264 2873 292 4731 988 151 114 104 139 183 130 203 535 56 126
leaf_count=1054 130 2427 52 52 524 1133 181 264 2873 292 4731 988 151 114 104 139 183 130 203 535 56 126
internal_value=-0.00105232 0.00017598 0.0027577 -0.0121911 -0.0127021 -0.00161418 0.00219468 -0.00206542 0.00196277 -0.00181155 -0.00199413 -0.00341463 -0.00662941 -0.00143608 -0.00245907 -0.00332117 -0.00298091 9.35829e-05 -0.0057839 0.0079223 -0.0035733 0.00105222
internal_weight=16442 14812 6068 1630 1578 8744 5481 7485 5300 7018 6726 1881 420 4845 1461 269 1357 369 467 587 186 1259
internal_count=16442 14812 6068 1630 1578 8744 5481 7485 5300 7018 6726 1881 420 4845 1461 269 1357 369 467 587 186 1259
is_linear=0
shrinkage=0.035


Tree=88
num_leaves=23
num_cat=0
split_feature=15 3 8 20 20 12 12 4 22 20 20 12 20 21 5 21 21 21 20 6 21 21
split_gain=177.924 53.79 17.9381 9.46642 12.0359 8.12018 7.34801 6.21145 4.99608 3.86315 8.12026 7.6146 6.83551 6.62499 5.82537 4.94856 4.88126 7.64037 11.389 5.61721 3.8711 3.69201
threshold=0.4188596491228071 8.1083281831690481 22.57902452389941 10.500000000000002 15.500000000000002 0.52004063163607117 1.9641766982363944 7.2326461957764456 54348.000000000007 22.500000000000004 10.500000000000002 6.5492767057550667 3.5000000000000004 2.5000000000000004 10.946439606378263 3.5000000000000004 2.5000000000000004 3.5000000000000004 29.500000000000004 5.9272486772486781 3.5000000000000004 1.5000000000000002
decision_type=2 2 2 2 2 2 2 2 2 2 2 2 2 2 2 2 2 2 2 2 2 2
left_child=1 6 7 -4 -5 -2 21 -3 -7 10 12 -12 13 -9 -13 -15 19 18 -18 -11 -14 -1
right_child=5 2 3 4 -6 8 -8 9 -10 16 11 14 20 15 -16 -17 17 -19 -20 -21 -22 -23
leaf_value=-0.049015605889037424 -0.11402503684645315 -0.0064308649868665317 0.78106489644956067 -0.091598443536698188 0.41805020468369153 -0.069645540019294211 -0.0066565949091023143 0.35045272781233427 -0.018052771459194823 0.22919002877504002 0.037749564574376789 0.17747430663485497 0.15240046695711876 -0.25645435374175179 -0.20984637573516721 0.071812184427441403 0.70879036507492765 0.11385500441978708 -0.050901003716117978 -0.029589786883469176 0.53640312029569703 -0.018391269508066844
leaf_weight=1184 556 1010 291 174 361 930 4393 107 77 195 1060 90 480 98 254 161 235 287 73 309 223 3777
leaf_count=1184 556 1010 291 174 361 930 4393 107 77 195 1060 90 480 98 254 161 235 287 73 309 223 3777
internal_value=-0.00102235 0.000167096 0.00294522 0.00768652 0.0047963 -0.0122321 -0.00143792 0.00207925 -0.0102026 0.00276419 0.0019774 0.000211143 0.00426909 0.000330189 -0.00426218 -0.00265152 0.00450181 0.00665 0.0104553 0.00189096 0.00627825 -0.00236106
internal_weight=16325 14762 5408 826 535 1563 9354 4582 1007 3572 2473 1404 1069 366 344 259 1099 595 308 504 703 4961
internal_count=16325 14762 5408 826 535 1563 9354 4582 1007 3572 2473 1404 1069 366 344 259 1099 595 308 504 703 4961
is_linear=0
shrinkage=0.035


Tree=89
num_leaves=23
num_cat=0
split_feature=15 8 8 24 25 12 20 8 4 20 20 11 12 22 20 21 21 20 21 21 12 20
split_gain=172.474 54.2537 13.3789 7.37612 6.76954 9.30358 6.30608 5.8165 4.93208 8.418 11.575 4.76188 4.34089 4.20303 4.32667 6.32882 5.26703 6.57651 4.80069 4.78426 4.07229 5.60564
threshold=0.44722222222222224 8.7758782269794384 22.57902452389941 9795.0000000000018 277.00000000000006 0.81652188061227371 22.500000000000004 13.890554007155268 8.9846950015344529 10.500000000000002 16.500000000000004 2.4053511772118221 4.4754421922454606 52360.000000000007 10.500000000000002 3.5000000000000004 1.5000000000000002 3.5000000000000004 2.5000000000000004 3.5000000000000004 7.0574484588945285 28.500000000000004
decision_type=2 2 2 2 2 2 2 2 2 2 2 2 2 2 2 2 2 2 2 2 2 2
left_child=1 3 6 11 -2 -6 13 12 -4 -10 -11 -1 -8 14 16 -16 -3 18 -18 -19 21 -9
right_child=4 2 8 -5 5 -7 7 20 9 10 -12 -13 -14 -15 15 -17 17 19 -20 -21 -22 -23
leaf_value=-0.029856909929442586 -0.041768723017573832 -0.043830518356869852 -0.0079087802647421056 0.015638495705971724 -0.097318100220561504 -0.020450089261548707 0.093836114374184598 0.52109037798746849 0.74573896100583192 -0.07258711683313529 0.48146566273432112 -0.0071807218371214357 -0.043273822268428866 -0.11661193447711042 0.041975633941391061 -0.09323289151919345 0.26752430557906148 0.12800206727927163 -0.051338146223002999 0.42652345218421001 0.12573947797230403 0.12587407724470298
leaf_weight=6201 465 367 116 1239 912 114 348 335 272 202 340 1703 223 88 1424 442 120 536 355 265 228 157
leaf_count=6201 465 367 116 1239 912 114 348 335 272 202 340 1703 223 88 1424 442 120 536 355 265 228 157
internal_value=-0.00116227 -2.80636e-05 0.00261163 -0.00171021 -0.0124933 -0.0141392 0.00187053 0.00396991 0.00645722 0.00741453 0.00476691 -0.00210425 0.00127604 0.00110772 0.00130478 0.000140299 0.00261226 0.00367486 0.000364583 0.00560174 0.00605862 0.00785211
internal_weight=16452 14961 5818 9143 1491 1026 4888 1291 930 814 542 7904 571 3597 3509 1866 1643 1276 475 801 720 492
internal_count=16452 14961 5818 9143 1491 1026 4888 1291 930 814 542 7904 571 3597 3509 1866 1643 1276 475 801 720 492
is_linear=0
shrinkage=0.035


Tree=90
num_leaves=23
num_cat=0
split_feature=15 8 23 12 25 20 20 21 21 25 21 21 21 25 25 9 11 20 20 12 16 12
split_gain=176.127 48.5618 15.0073 7.59226 5.50957 4.65342 9.61074 8.6843 8.32186 8.93892 7.2406 8.82755 6.82147 5.5171 4.3175 4.16657 9.14218 5.97649 4.114 4.01892 3.76066 3.63279
threshold=0.44722222222222224 6.2169130934036625 21250.000000000004 0.58079340114900446 106.50000000000001 10.500000000000002 21.500000000000004 2.5000000000000004 3.5000000000000004 324.00000000000006 3.5000000000000004 4.5000000000000009 3.5000000000000004 729.50000000000011 277.00000000000006 25.221622339708784 5.8159366304800244 10.500000000000002 21.500000000000004 6.9827705005271801 1.0000000180025095e-35 8.3491415138346756
decision_type=2 2 2 2 2 2 2 2 2 2 2 2 2 2 2 2 2 2 2 2 2 2
left_child=1 5 15 14 -4 10 12 -8 9 -9 -1 -12 -7 -14 -2 16 -3 -18 -19 -20 -6 -17
right_child=3 2 4 -5 20 6 7 8 -10 -11 11 -13 13 -15 -16 21 17 18 19 -21 -22 -23
leaf_value=-0.027040565944609088 -0.039955937322943613 0.33303401418898948 0.25065208188149496 -0.048377244104013645 0.015169671862929165 -0.035172742860523791 -0.035338764459220122 0.084168275299858389 -0.025364949700692103 -0.0060046267073312985 0.041477047038467073 -0.058364667002356173 -0.084413531615167695 0.027951625699567998 -0.12138243448151591 0.2252879715905545 0.31684919727858774 -0.11083476814209228 0.55248156158830986 -0.064264892605910909 0.20542241519321475 0.53680216461359564
leaf_weight=1774 95 525 528 811 5417 1874 1098 279 510 263 520 162 502 89 606 90 199 324 77 104 222 221
leaf_count=1774 95 525 528 811 5417 1874 1098 279 510 263 520 162 502 89 606 90 199 324 77 104 222 221
internal_value=-0.00109006 7.45789e-05 0.00199689 -0.0124473 0.00121922 -0.00201809 -0.00267424 -0.000950116 0.00130795 0.00431901 -0.000775091 0.0022671 -0.00416599 -0.00745805 -0.0152195 0.00508576 0.00411264 0.00145628 -0.00054902 0.00357527 0.000892984 0.00875
internal_weight=16290 14778 7707 1512 6167 7071 4615 2150 1052 542 2456 682 2465 591 701 1540 1229 704 505 181 5639 311
internal_count=16290 14778 7707 1512 6167 7071 4615 2150 1052 542 2456 682 2465 591 701 1540 1229 704 505 181 5639 311
is_linear=0
shrinkage=0.035


Tree=91
num_leaves=23
num_cat=0
split_feature=15 9 8 8 12 12 11 4 25 12 22 10 15 2 11 11 21 27 22 6 27 10
split_gain=167.753 44.7432 11.5098 8.3933 7.55502 5.63503 4.96752 4.42131 4.69572 6.67529 4.27894 4.11004 4.50984 3.84859 3.80841 3.61089 5.66353 6.6553 4.36455 3.46215 3.38445 3.37887
threshold=0.44722222222222224 10.148024281337685 22.87263965786218 6.0000093177456657 0.52004063163607117 3.425993838083095 2.3183836986983235 7.2326461957764456 191.00000000000003 4.4754421922454606 54348.000000000007 1.5118578920369083 0.17752100840336138 8.6813909563685314 3.4073288819675329 3.8771282200006474 2.5000000000000004 3.5000000000000004 47334.500000000007 10.946439606378263 2.5000000000000004 1.1758402850776715
decision_type=2 2 2 2 2 2 2 2 2 2 2 2 2 2 2 2 2 2 2 2 2 2
left_child=1 3 7 10 -2 6 -5 -3 19 20 14 12 -12 -4 21 -7 -17 18 -18 -9 -10 -1
right_child=4 2 13 5 -6 15 -8 8 9 -11 11 -13 -14 -15 -16 16 17 -19 -20 -21 -22 -23
leaf_value=-0.029330305402428605 -0.10574891011758214 -0.013462371433162802 -0.13504896482517284 -0.038861085339866722 -0.057218763169201381 -0.066437871196363824 0.047990245308441579 0.45122589751405562 0.044151569954604855 0.028034430805577631 -0.097184624769065489 -0.110822248546687 -0.010518700687800486 0.36537300262920697 -0.10465393991579013 -0.066791201329080827 -0.040105847208258508 0.30578493481550795 0.13228762905549521 0.17501497859313106 0.19130881891449678 -0.014416315413848474
leaf_weight=1965 561 677 49 390 924 543 1413 126 241 2067 48 98 344 834 61 263 135 74 130 465 493 4411
leaf_count=1965 561 677 49 390 924 543 1413 126 241 2067 48 98 344 834 61 263 135 74 130 465 493 4411
internal_value=-0.000996353 0.000127427 0.00284194 -0.00123279 -0.0121913 0.00032594 0.00154867 0.00204467 0.00256035 0.00194583 -0.00189844 -0.00505556 -0.00330605 0.00646396 -0.00165166 -0.00158261 0.000259473 0.00325581 0.000518519 0.00540268 0.00480717 -0.00156049
internal_weight=16312 14827 4952 9875 1485 2948 1803 4069 3392 2801 6927 490 392 883 6437 1145 602 339 265 591 734 6376
internal_count=16312 14827 4952 9875 1485 2948 1803 4069 3392 2801 6927 490 392 883 6437 1145 602 339 265 591 734 6376
is_linear=0
shrinkage=0.035


Tree=92
num_leaves=23
num_cat=0
split_feature=9 8 7 22 15 25 21 25 12 6 22 8 22 24 12 9 12 21 12 6 8 7
split_gain=149.883 44.3189 13.3649 11.7663 7.48889 5.85819 4.06797 6.76481 6.23881 4.05952 3.91141 4.99843 4.01088 3.94288 8.69246 5.01428 4.70975 5.25408 5.57025 3.49762 3.87043 3.45858
threshold=0.800572271527216 6.2169130934036625 20.578879296849021 34795.000000000007 0.61721611721611735 455.50000000000006 2.5000000000000004 180.50000000000003 2.3497233763288237 10.946439606378263 17236.500000000004 10.145576280711838 48992.500000000007 12965.500000000002 4.6001439765542953 10.393218861693699 3.425993838083095 1.5000000000000002 4.1752893234417243 2.5770062362781778 0.93051100474656379 2.714197881277439
decision_type=2 2 2 2 2 2 2 2 2 2 2 2 2 2 2 2 2 2 2 2 2 2
left_child=3 6 9 -1 -5 -4 -2 8 -8 10 -3 13 -13 15 -15 16 -12 -18 -19 20 -9 -21
right_child=1 2 5 4 -6 -7 7 19 -10 -11 11 12 -14 14 -16 -17 17 18 -20 21 -22 -23
leaf_value=-0.051093321527579318 -0.037130795485664475 0.13121288847443227 0.25341994273319957 -0.023764105465052095 -0.11343283742054745 -0.19775738628793593 0.044031522886892917 0.028804379275806792 -0.049146305319449232 0.074257956963324087 0.025969045907533739 -0.064512197874812077 0.080379966781224402 0.12140945793297755 -0.21173452032336923 0.37632678776280964 -0.1234215899698191 -0.043049786311176563 0.13096653529981175 -0.029395705556348715 -0.02964847172282083 0.014254466451728157
leaf_weight=1005 3506 364 1365 48 519 63 451 80 143 2396 1250 1032 174 408 52 48 187 363 106 505 1623 738
leaf_count=1005 3506 364 1365 48 519 63 451 80 143 2396 1250 1032 174 408 52 48 187 363 106 505 1623 738
internal_value=-0.00111512 -2.47325e-05 0.00178965 -0.0113744 -0.0154808 0.00484822 -0.00203765 -0.0011897 0.00219115 0.00109906 0.000407997 5.31034e-05 -0.00177746 0.000976643 0.00387634 0.000276927 -9.15751e-06 -0.00240923 -0.000369198 -0.00187987 -0.00290984 -0.000448718
internal_weight=16426 14854 7808 1572 567 1428 7046 3540 594 6380 3984 3620 1206 2414 460 1954 1906 656 469 2946 1703 1243
internal_count=16426 14854 7808 1572 567 1428 7046 3540 594 6380 3984 3620 1206 2414 460 1954 1906 656 469 2946 1703 1243
is_linear=0
shrinkage=0.035


Tree=93
num_leaves=23
num_cat=0
split_feature=15 9 8 20 20 5 20 22 9 22 20 20 16 25 8 20 20 20 7 7 8 25
split_gain=137.682 44.0446 13.8102 7.51058 11.3404 12.1281 13.4037 6.8054 6.48256 5.73352 5.49007 5.34327 5.11798 4.97454 4.86032 4.04633 7.85668 5.44801 4.93615 4.16694 3.87875 3.87556
threshold=0.44722222222222224 10.501359568927349 0.42696347511940796 23.500000000000004 11.500000000000002 8.7230576230351975 3.5000000000000004 54348.000000000007 21.819805194805198 34795.000000000007 18.500000000000004 30.500000000000004 1.0000000180025095e-35 210.50000000000003 22.366846650936655 21.500000000000004 10.500000000000002 4.5000000000000009 0.99943504826342566 9.8582976281961106 0.93051100474656379 381.00000000000006
decision_type=2 2 2 2 2 2 2 2 2 2 2 2 2 2 2 2 2 2 2 2 2 2
left_child=1 7 9 4 5 -3 -7 11 -5 -2 -6 12 15 -12 -8 16 17 19 -19 -1 -9 -18
right_child=2 3 -4 8 10 6 14 20 -10 -11 13 -13 -14 -15 -16 -17 21 18 -20 -21 -22 -23
leaf_value=-0.03902841314921307 -0.063391331843680676 -0.014428728179221688 -0.039286060814915771 0.14957292157959692 -0.042403443739117433 0.056094396108884871 0.28970077082500312 0.0078750433026637187 0.65659167412667552 -0.10946268811082829 0.18671622841767879 -0.081599873399946149 0.054515481680813042 -0.0021211263370000213 0.71198273233231479 -0.00053800098252998918 -0.044690330877372508 -0.094639076913159176 0.014189265868789509 0.090069329636151621 -0.061117026876070568 -0.022381528582490741
leaf_weight=1315 336 520 656 879 1094 449 586 83 223 503 326 148 366 460 213 2584 2106 51 1747 128 391 1132
leaf_count=1315 336 520 656 879 1094 449 586 83 223 503 326 148 366 460 213 2584 2106 51 1747 128 391 1132
internal_value=-0.00107248 -4.72781e-05 -0.0111767 0.00272713 0.00194977 0.00395798 0.00582402 -0.00136088 0.00526423 -0.0141825 4.64191e-05 -0.00115425 -0.00104622 0.00227876 0.00853234 -0.00121195 -0.00167875 -0.000452865 0.000825014 -0.00205456 -0.00544363 -0.00289778
internal_weight=16296 14801 1495 4750 3648 1768 1248 10051 1102 839 1880 9577 9429 786 799 9063 6479 3241 1798 1443 474 3238
internal_count=16296 14801 1495 4750 3648 1768 1248 10051 1102 839 1880 9577 9429 786 799 9063 6479 3241 1798 1443 474 3238
is_linear=0
shrinkage=0.035


Tree=94
num_leaves=23
num_cat=0
split_feature=7 11 9 22 16 12 7 21 12 21 12 12 12 15 22 14 9 23 10 12 22 9
split_gain=133.386 41.0029 19.9396 11.7674 8.45059 6.38906 5.10688 4.84252 4.13848 3.90433 4.32233 3.76716 3.73559 3.4063 3.3833 6.50991 3.39683 3.35885 4.316 3.60318 4.40876 6.78857
threshold=0.56969271725119408 2.4345786037449493 23.672619047619051 28242.500000000004 1.0000000180025095e-35 0.87984855172617826 13.002427551174311 2.5000000000000004 4.3226062937579153 1.5000000000000002 2.565674953785313 7.4762343795530004 5.8496916562031886 0.21980676328502416 3735.5000000000005 1.0000000180025095e-35 2.8930613443143747 39000.000000000007 0.75592894601845484 1.0659471779799348 52360.000000000007 2.3573097272802586
decision_type=2 2 2 2 2 2 2 2 2 2 2 2 2 2 2 2 2 2 2 2 2 2
left_child=3 5 4 -1 6 -2 7 8 -3 10 13 -10 -9 -7 15 -11 -17 -16 -19 -20 21 -21
right_child=1 2 -4 -5 -6 9 -8 12 11 14 -12 -13 -14 -15 17 16 -18 18 19 20 -22 -23
leaf_value=-0.056664632401327929 -0.033391544423731212 -0.0036531639020091692 0.38980956818692575 -0.1056314940269493 0.27253642431876957 -0.059415792457372267 0.085498714530668637 0.033848531512617977 -0.10684817701017135 -0.049154005613569328 0.083897099255671084 0.30998337847042945 -0.36354644922297202 0.0038722841759401888 -0.022849830875240233 0.14383300145360181 0.034584232917753296 -0.058783166746609543 0.066461557570458074 0.052014420009467474 -0.034428892062288573 -0.0036389940761629982
leaf_weight=573 595 1553 601 520 273 1448 2919 2133 316 145 71 61 49 242 2906 75 100 111 91 187 304 999
leaf_count=573 595 1553 601 520 273 1448 2919 2133 316 145 71 61 49 242 2906 75 100 111 91 187 304 999
internal_value=-0.00090634 -5.30163e-05 0.00169027 -0.0126867 0.00118039 -0.00194979 0.000940165 0.000140272 -0.00113049 -0.00163375 -0.0030521 -0.00439791 0.00127229 -0.0034174 -0.00111974 0.00231538 0.00680556 -0.00136487 -0.000113435 0.00035309 -5.85284e-05 0.000896306
internal_weight=16272 15179 7905 1093 7304 7274 7031 4112 1930 6679 1761 377 2182 1690 4918 320 175 4598 1692 1581 1490 1186
internal_count=16272 15179 7905 1093 7304 7274 7031 4112 1930 6679 1761 377 2182 1690 4918 320 175 4598 1692 1581 1490 1186
is_linear=0
shrinkage=0.035


Tree=95
num_leaves=23
num_cat=0
split_feature=9 7 8 11 9 22 21 22 14 15 25 24 12 11 24 10 23 12 25 12 9 12
split_gain=127.828 33.3084 16.404 7.4629 5.30537 4.9463 4.56241 4.93351 7.08395 4.63536 3.83354 3.63662 3.59807 3.52206 4.32736 4.64187 3.37971 3.26522 3.24002 3.21291 4.1681 5.20341
threshold=0.800572271527216 13.14782136540043 0.42696347511940796 2.4053511772118221 23.672619047619051 34795.000000000007 1.5000000000000002 3735.5000000000005 1.0000000180025095e-35 0.22474747474747478 430.00000000000006 9349.5000000000018 2.5065704709548395 2.8456416706332375 3792.0000000000005 1.8898223650461381 62950.000000000007 1.4175544765268404 210.50000000000003 6.6411069053247589 18.326530612244905 4.7751561600650705
decision_type=2 2 2 2 2 2 2 2 2 2 2 2 2 2 2 2 2 2 2 2 2 2
left_child=2 3 5 6 16 -1 9 8 -8 12 -6 -9 -2 -5 -15 18 19 -11 -16 20 21 -3
right_child=1 4 -4 13 10 -7 7 11 -10 17 -12 -13 -14 14 15 -17 -18 -19 -20 -21 -22 -23
leaf_value=-0.056235973345084407 -0.061751209547256145 0.20313485377495366 -0.036742344631563145 0.030823835325139836 0.34841972830840373 -0.10193439173600606 -0.036963528714321098 -0.021529307526109421 0.11101061664121205 -0.027280274884103239 -0.070364696230159549 0.014963780968004914 0.047704897204805398 -0.072587925113365231 0.29287322663589704 -0.0036810977702040051 -0.23675520708452241 0.038539597154734317 0.047894610326015802 0.037948867568612779 0.29066130518921152 0.017216000744383283
leaf_weight=353 1418 488 734 1085 590 492 135 4090 174 135 72 501 68 287 74 2827 77 92 92 1204 552 790
leaf_count=353 1418 488 734 1085 590 492 135 4090 174 135 72 501 68 287 74 2827 77 92 92 1204 552 790
internal_value=-0.000958831 5.45541e-05 -0.0104072 -0.000919375 0.00289042 -0.0137529 -0.00166062 -0.00110958 0.00312102 -0.00321886 0.00574588 -0.00140122 -0.00393192 0.000200229 -0.00036758 2.33489e-05 0.00226893 0.00135776 0.00562865 0.00245887 0.00338556 0.00225058
internal_weight=16330 14751 1579 10978 3773 845 6613 4900 309 1713 662 4591 1486 4365 3280 2993 3111 227 166 3034 1830 1278
internal_count=16330 14751 1579 10978 3773 845 6613 4900 309 1713 662 4591 1486 4365 3280 2993 3111 227 166 3034 1830 1278
is_linear=0
shrinkage=0.035


Tree=96
num_leaves=23
num_cat=0
split_feature=9 9 8 20 21 20 5 20 8 21 20 21 21 7 20 21 21 20 20 12 11 8
split_gain=125.916 29.4043 15.9049 10.1136 11.2023 10.4991 14.5472 12.1206 7.90102 7.85084 8.5831 7.4261 7.11224 5.78352 5.26663 8.7856 13.8212 7.47613 5.64811 4.81355 4.66955 4.37732
threshold=0.800572271527216 10.393218861693699 0.42696347511940796 23.500000000000004 2.5000000000000004 10.500000000000002 7.2865913714874226 3.5000000000000004 22.366846650936655 3.5000000000000004 29.500000000000004 3.5000000000000004 2.5000000000000004 24.357142857142858 10.500000000000002 3.5000000000000004 4.5000000000000009 20.500000000000004 4.5000000000000009 8.4706950275334005 1.648284963642286 14.572704081632654
decision_type=2 2 2 2 2 2 2 2 2 2 2 2 2 2 2 2 2 2 2 2 2 2
left_child=2 14 -1 5 21 6 -3 12 -9 10 -6 -7 -8 -14 15 18 -17 -16 -2 -11 -19 -5
right_child=1 3 -4 4 9 11 7 8 -10 19 -12 -13 13 -15 17 16 -18 20 -20 -21 -22 -23
leaf_value=-0.07970244072594819 -0.05236080236257154 -0.06642389444795449 -0.035456362569458423 -0.058489742023456269 0.84253281805221536 0.035230093285508204 0.49514394813019563 0.26928942964223912 0.76150677798208977 0.069035761008300098 0.13447149825937027 -0.11577544568017641 -0.115459882962532 0.32855500652328817 -0.035824389093343775 0.057510676562679677 -0.065771162410451584 -0.01947693600253696 0.0046390055556777563 0.6135738716021647 0.014266986851021459 0.15803283481360192
leaf_weight=829 991 459 730 188 233 1467 98 562 197 246 74 582 273 83 3202 785 223 1445 1481 57 1853 334
leaf_count=829 991 459 730 188 233 1467 98 562 197 246 74 582 273 83 3202 785 223 1445 1481 57 1853 334
internal_value=-0.000938129 5.66114e-05 -0.0103836 0.00229107 0.0051869 0.00139962 0.00345408 0.00545977 0.00815445 0.00839431 0.0123397 -0.000272639 0.000876906 -0.00140582 -0.00102879 6.52798e-05 0.00281589 -0.00161683 -0.00105268 0.00420455 -0.000439752 0.00136148
internal_weight=16392 14833 1559 4853 1132 3721 1672 1213 759 610 307 2049 454 356 9980 3480 1008 6500 2472 303 3298 522
internal_count=16392 14833 1559 4853 1132 3721 1672 1213 759 610 307 2049 454 356 9980 3480 1008 6500 2472 303 3298 522
is_linear=0
shrinkage=0.035


Tree=97
num_leaves=23
num_cat=0
split_feature=7 3 9 22 24 16 12 24 27 25 22 9 16 12 9 5 12 8 23 10 22 11
split_gain=111.194 30.4109 10.2452 9.77748 5.69846 5.5712 3.62045 3.49899 3.84136 3.66034 2.74812 4.96673 2.71692 2.66778 8.46691 4.44772 3.26844 4.71011 4.17809 3.01266 2.96641 2.87151
threshold=0.56969271725119408 7.6002769292068288 23.672619047619051 28242.500000000004 9795.0000000000018 1.0000000180025095e-35 0.87984855172617826 4472.0000000000009 3.5000000000000004 191.00000000000003 52360.000000000007 7.7021825396825401 1.0000000180025095e-35 6.5492767057550667 18.326530612244905 9.9933189851049971 4.5085896562869303 15.752049219590733 42000.000000000007 3.6449573777637361 43337.000000000007 3.1553199451155445
decision_type=2 2 2 2 2 2 2 2 2 2 2 2 2 2 2 2 2 2 2 2 2 2
left_child=3 4 5 -1 6 10 7 8 9 -2 13 -12 -8 14 16 -16 17 18 -3 -18 -21 -20
right_child=1 2 -4 -5 -6 -7 12 -9 -10 -11 11 -13 -14 -15 15 -17 19 -19 21 20 -22 -23
leaf_value=-0.054431528602619204 -0.029548512748196119 0.0015486960902295446 0.31749499033825468 -0.095577102599837649 0.010236711934682978 0.36407230302683624 -0.02106047385739988 -0.10168782119206694 -0.060228643361371709 0.044341488239079151 0.070826938863930849 -0.11384301073703036 0.029083888905004528 -0.0049631393902930662 -0.13839165445044929 0.34025484280707763 -0.061947872738075602 0.36059180887808778 0.016288088110881348 0.10940310763931486 -0.040097175030261993 0.13556912804283966
leaf_weight=576 220 1116 570 519 1254 167 7089 68 220 71 99 93 280 1187 53 420 400 106 317 531 348 580
leaf_count=576 220 1116 570 519 1254 167 7089 68 220 71 99 93 280 1187 53 420 400 106 317 531 348 580
internal_value=-0.000931457 -0.000152034 0.00178738 -0.0116773 -0.00141604 0.0013104 -0.00176254 -0.00443493 -0.00332364 -0.000591216 0.00110228 -0.00293147 -0.00154733 0.0012616 0.00170666 0.00607741 0.00108507 0.00192797 0.00152626 -0.000299844 0.000831448 0.00329823
internal_weight=16284 15189 5987 1095 9202 5417 7948 579 511 291 5250 192 7369 5058 3871 473 3398 2119 2013 1279 879 897
internal_count=16284 15189 5987 1095 9202 5417 7948 579 511 291 5250 192 7369 5058 3871 473 3398 2119 2013 1279 879 897
is_linear=0
shrinkage=0.035


Tree=98
num_leaves=23
num_cat=0
split_feature=7 7 20 20 6 20 22 21 11 20 21 20 21 21 21 21 25 9 12 8 6 24
split_gain=120.293 29.3852 9.54946 10.3587 12.6301 11.6685 9.18055 8.90643 7.15583 6.9991 6.75185 6.6319 6.19384 6.98912 5.22393 4.7905 4.44365 5.01384 4.59401 5.29071 4.0592 4.03004
threshold=0.56969271725119408 13.002427551174311 23.500000000000004 10.500000000000002 5.0238095238095246 3.5000000000000004 28242.500000000004 2.5000000000000004 1.7444527221758717 28.500000000000004 3.5000000000000004 19.500000000000004 2.5000000000000004 3.5000000000000004 3.5000000000000004 3.5000000000000004 729.50000000000011 2.3573097272802586 1.753521270497763 3.644822090880004 12.398809523809526 10740.000000000002
decision_type=2 2 2 2 2 2 2 2 2 2 2 2 2 2 2 2 2 2 2 2 2 2
left_child=6 8 3 4 -3 12 -1 -4 16 15 11 20 -6 -14 -7 -9 18 -18 -2 -20 -5 -10
right_child=1 2 7 10 5 14 -8 9 21 -11 -12 -13 13 -15 -16 -17 17 -19 19 -21 -22 -23
leaf_value=-0.056984529473552072 -0.022280853008058436 -0.058664855233578776 0.097038128891327929 0.090436450865462648 0.5004536976960523 0.27213494238156244 -0.092231904008843346 1.0689479563708897 -0.0078636969747172547 0.13811942230819213 -0.14915858145704036 0.206674210749554 -0.35453666597224265 0.1036909415819892 0.79681518746074809 0.33975729516366476 0.098745638902417873 -0.0052320585521001212 -0.087217448329013653 0.0014522356293473139 -0.063615333288377346 0.029215334787234842
leaf_weight=577 4001 338 391 363 89 387 517 157 5174 156 462 320 89 215 240 143 78 403 261 109 424 1428
leaf_count=577 4001 338 391 363 89 387 517 157 5174 156 462 320 89 215 240 143 78 403 261 109 424 1428
internal_value=-0.000839254 -3.10182e-05 0.00264422 0.00168315 0.00391599 0.0058561 -0.0120223 0.00591549 -0.000914783 0.00922451 -0.0002446 0.00122752 0.00105528 -0.00130259 0.00880538 0.0123361 -0.00193484 0.00122428 -0.00228748 -0.00602 -0.000486111 -0.000161571
internal_weight=16322 15228 3774 2927 1358 1020 1094 847 11454 456 1569 1107 393 304 627 300 4852 481 4371 370 787 6602
internal_count=16322 15228 3774 2927 1358 1020 1094 847 11454 456 1569 1107 393 304 627 300 4852 481 4371 370 787 6602
is_linear=0
shrinkage=0.035


Tree=99
num_leaves=23
num_cat=0
split_feature=7 8 23 9 16 20 20 20 6 20 8 20 8 9 20 20 12 20 24 20 5 20
split_gain=112.012 30.3393 11.6481 10.5374 6.97192 5.46517 9.41224 7.70139 9.34942 7.58967 5.07778 4.97597 4.55444 4.44439 4.21462 9.30398 5.0132 4.79892 4.24253 4.03846 4.46635 3.84848
threshold=0.56969271725119408 6.2169130934036625 33050.000000000007 23.672619047619051 1.0000000180025095e-35 19.500000000000004 11.500000000000002 3.5000000000000004 9.6921791352322053 28.500000000000004 20.673577788815781 22.500000000000004 16.118101600842365 20.036375661375665 11.500000000000002 21.500000000000004 0.95780870491049808 4.5000000000000009 9349.5000000000018 11.500000000000002 10.946439606378263 8.5000000000000018
decision_type=2 2 2 2 2 2 2 2 2 2 2 2 2 2 2 2 2 2 2 2 2 2
left_child=2 14 -1 4 5 6 7 -3 -9 -7 13 19 -11 -8 17 16 -16 18 -2 20 -5 -10
right_child=1 3 -4 11 -6 9 10 8 21 12 -12 -13 -14 -15 15 -17 -18 -19 -20 -21 -22 -23
leaf_value=-0.051834955961015027 -0.038684868197107321 -0.039405501594178501 -0.089003787368533829 0.023783406469587265 0.28867826974328037 0.087669357893373753 -0.023067233772831347 0.0085299453301271918 0.27661570903565152 -0.064352177166291546 -0.19586868619272274 0.58773313176339281 0.15493718933509648 0.41342830509408407 -0.067401362078058469 -0.0078627249423409758 -0.036718122256114698 0.0055752632085453759 0.11337358142107053 0.022421033125735335 0.57978248204233218 0.076716551017131429
leaf_weight=571 1058 764 510 97 262 1973 1543 975 501 341 215 165 156 45 243 2223 2144 1640 122 251 158 350
leaf_count=571 1058 764 510 97 262 1973 1543 975 501 341 215 165 156 45 243 2223 2144 1640 122 251 158 350
internal_value=-0.000838953 -6.31935e-05 -0.0116989 0.00146039 0.00106031 0.000840856 9.5498e-05 0.0014499 0.00268569 0.00215657 -0.00183905 0.00564349 -0.00167331 -0.00113151 -0.00166409 -0.0023169 -0.00383361 -0.000588496 -0.00228903 0.00380137 0.00686538 0.00535631
internal_weight=16307 15226 1081 7796 7125 6863 4393 2590 1826 2470 1803 671 497 1588 7430 4610 2387 2820 1180 506 255 851
internal_count=16307 15226 1081 7796 7125 6863 4393 2590 1826 2470 1803 671 497 1588 7430 4610 2387 2820 1180 506 255 851
is_linear=0
shrinkage=0.035


Tree=100
num_leaves=23
num_cat=0
split_feature=7 9 22 20 21 20 21 8 21 20 21 20 20 20 21 21 21 20 9 8 20 8
split_gain=114.076 24.0053 10.659 8.28378 16.0897 7.30181 10.2334 9.5442 6.49409 5.81783 9.20966 14.8532 7.81541 5.43342 8.80874 6.31342 5.10446 8.46863 4.91106 4.80961 4.79348 5.76801
threshold=0.56969271725119408 10.501359568927349 28242.500000000004 23.500000000000004 2.5000000000000004 10.500000000000002 1.5000000000000002 22.366846650936655 3.5000000000000004 9.5000000000000018 3.5000000000000004 3.5000000000000004 20.500000000000004 4.5000000000000009 2.5000000000000004 3.5000000000000004 3.5000000000000004 29.500000000000004 20.539744396851962 0.64512287944562419 19.500000000000004 14.071683673469389
decision_type=2 2 2 2 2 2 2 2 2 2 2 2 2 2 2 2 2 2 2 2 2 2
left_child=2 9 -1 5 -5 6 -3 13 20 10 -2 -12 19 14 -8 -16 17 -6 -18 -11 21 -7
right_child=1 3 -4 4 16 8 7 -9 -10 12 11 -13 -14 -15 15 -17 18 -19 -20 -21 -22 -23
leaf_value=-0.048717743111317685 -0.014750564375780187 -0.052783211076462853 -0.085888654810635137 0.0065426154973827269 0.80437827618296931 0.1326561537034131 0.3974942008673763 0.60384133983444699 -0.11239218873216555 -0.068649371186396482 -0.014581898332245127 0.083464948504196237 -0.0032401473356652669 0.27735458751356956 -0.29602337226422992 0.058360112580803834 0.060908706771862671 0.087927294208931112 0.56448787246754395 -0.030568000099886049 0.15949434885193292 -0.038241297632640434
leaf_weight=567 2309 401 514 525 225 269 124 273 588 117 478 511 3417 499 127 220 187 75 114 3603 443 712
leaf_count=567 2309 401 514 525 225 269 124 273 588 117 478 511 3417 499 127 220 187 75 114 3603 443 712
internal_value=-0.000739588 4.13875e-05 -0.0116989 0.00209474 0.00471927 0.00127629 0.00300334 0.00457131 -0.000130144 -0.000898467 0.000312595 0.0031338 -0.00146038 0.00288974 0.000147059 -0.00268466 0.00860561 0.011877 0.00514706 -0.0025698 0.00113891 -0.000212982
internal_weight=16298 15217 1081 4782 1126 3656 1644 1243 2012 10435 3298 989 7137 970 471 347 601 300 301 3720 1424 981
internal_count=16298 15217 1081 4782 1126 3656 1644 1243 2012 10435 3298 989 7137 970 471 347 601 300 301 3720 1424 981
is_linear=0
shrinkage=0.035


Tree=101
num_leaves=23
num_cat=0
split_feature=7 7 22 12 8 22 14 22 24 12 12 25 21 12 9 22 9 7 25 21 21 24
split_gain=112.538 28.7573 12.0779 7.02814 5.85051 5.04043 5.32917 4.31798 4.14776 5.97073 5.29014 4.4626 3.80928 3.74725 3.7248 3.53587 3.47213 4.32203 3.60748 3.4672 4.07736 4.30831
threshold=0.56969271725119408 13.002427551174311 28242.500000000004 2.2595059583921189 22.57902452389941 3735.5000000000005 1.0000000180025095e-35 5643.5000000000009 4472.0000000000009 2.3497233763288237 3.3548048777161266 430.00000000000006 2.5000000000000004 7.9131780114970178 2.8930613443143747 31488.000000000004 6.8489486472039536 6.7166477702191996 191.00000000000003 4.5000000000000009 1.5000000000000002 3555.0000000000005
decision_type=2 2 2 2 2 2 2 2 2 2 2 2 2 2 2 2 2 2 2 2 2 2
left_child=2 3 12 5 13 6 -2 -7 9 -5 15 -11 -1 -3 -8 -10 -12 -18 -19 20 21 -9
right_child=1 4 -4 8 -6 7 14 19 10 11 16 -13 -14 -15 -16 -17 17 18 -20 -21 -22 -23
leaf_value=-0.021462421037451312 -0.031909765659612579 0.10202642906612788 -0.082882551892262901 0.042445952474625417 0.2517211987469451 -0.053339693070392893 0.12005521408636807 -0.00045950823814545856 0.24915995219370163 -0.095619269104517179 -0.10606447827579411 -0.02496460263123396 -0.0590711494253316 -0.041529676313859343 0.011020719544808967 0.025671800443993524 0.087316435608725568 -0.093878805727595743 -0.009713822088126706 -0.067450860803328794 -0.012136958274980937 -0.044865195491428055
leaf_weight=231 195 2478 531 99 900 208 97 371 97 230 77 535 314 415 90 1936 193 157 1910 137 4274 963
leaf_count=231 195 2478 531 99 900 208 97 371 97 230 77 535 314 415 90 1936 193 157 1910 137 4274 963
internal_value=-0.000756705 1.02492e-05 -0.0116721 -0.000855797 0.00265403 -0.00163959 0.00221576 -0.00189157 9.0189e-05 -0.0021145 0.000532 -0.00318182 -0.00782727 0.00187198 0.00638021 0.00183759 -0.00059778 -0.00033223 -0.000810811 -0.00170435 -0.001562 -0.00325429
internal_weight=16438 15362 1076 11569 3793 6335 382 5953 5234 864 4370 765 545 2893 187 2033 2337 2260 2067 5745 5608 1334
internal_count=16438 15362 1076 11569 3793 6335 382 5953 5234 864 4370 765 545 2893 187 2033 2337 2260 2067 5745 5608 1334
is_linear=0
shrinkage=0.035


Tree=102
num_leaves=23
num_cat=0
split_feature=7 11 22 8 20 20 21 16 20 20 20 21 8 20 20 20 21 12 21 21 20 24
split_gain=99.0949 25.5533 15.9865 9.47303 6.90907 9.29976 5.1455 4.64129 4.65897 8.58718 7.67215 9.33525 7.46628 4.43884 4.26362 8.94365 8.37471 7.97235 5.32562 5.33901 7.46968 5.14916
threshold=0.56969271725119408 2.4345786037449493 28242.500000000004 22.57902452389941 9.5000000000000018 20.500000000000004 1.5000000000000002 1.0000000180025095e-35 21.500000000000004 8.5000000000000018 4.5000000000000009 3.5000000000000004 14.438132791110812 27.500000000000004 10.500000000000002 23.500000000000004 3.5000000000000004 0.95780870491049808 2.5000000000000004 3.5000000000000004 30.500000000000004 8120.5000000000009
decision_type=2 2 2 2 2 2 2 2 2 2 2 2 2 2 2 2 2 2 2 2 2 2
left_child=2 6 -1 7 -5 -6 -2 8 9 10 -3 -12 13 -10 -8 16 17 -16 21 20 -20 -17
right_child=1 3 -4 4 5 -7 14 -9 12 -11 11 -13 -14 -15 15 18 -18 -19 19 -21 -22 -23
leaf_value=-0.046248121263596773 -0.037664394941805616 -0.0057746407924720352 -0.079981662576033716 0.55640926707237137 -0.033287183488758532 0.44845592208855056 0.0028422418512619356 0.21012773219115524 0.055576524152676707 -0.020669174908702685 0.066241608150875708 0.30814785953802321 0.2087114048779358 -0.040758833014781698 -0.060445044766338503 -0.056264283914630363 -0.061740593279127641 -0.0094977100357982423 0.064634105531354055 -0.0081487019643421733 -0.092024758780469854 0.058214372251972443
leaf_weight=566 1923 941 521 287 351 211 1969 265 860 2974 685 254 738 416 165 286 662 1300 423 428 51 107
leaf_count=566 1923 941 521 287 351 211 1969 265 860 2974 685 254 738 416 165 286 662 1300 423 428 51 107
internal_value=-0.000871369 -0.000142965 -0.0110577 0.0012248 0.00471311 0.00237654 -0.00163786 0.000804147 0.000623818 3.24141e-05 0.00188462 0.00411547 0.0020369 0.000396175 -0.00107672 -0.00182302 -0.00321764 -0.00171429 0.000457692 0.00194873 0.00449374 -0.00290201
internal_weight=16383 15296 1087 7982 849 562 7314 7133 6868 4854 1880 939 2014 1276 5391 3422 2127 1465 1295 902 474 393
internal_count=16383 15296 1087 7982 849 562 7314 7133 6868 4854 1880 939 2014 1276 5391 3422 2127 1465 1295 902 474 393
is_linear=0
shrinkage=0.035


Tree=103
num_leaves=23
num_cat=0
split_feature=7 7 22 20 20 20 5 10 16 10 27 8 20 24 22 12 20 20 24 8 12 14
split_gain=91.4454 24.3627 19.2753 8.90647 9.78956 9.33828 7.73723 5.75732 5.87371 4.62583 4.53087 4.48322 3.67831 3.58809 5.20212 7.09511 4.90842 5.87377 4.86967 4.21161 3.78668 4.48355
threshold=0.56969271725119408 12.860265344091902 28242.500000000004 22.500000000000004 10.500000000000002 3.5000000000000004 7.2865913714874226 1.0000000000000002 1.0000000180025095e-35 6.0519500817434801 3.5000000000000004 22.132139545833123 30.500000000000004 4472.0000000000009 31797.000000000004 4.5085896562869303 2.5000000000000004 11.500000000000002 10740.000000000002 10.28519563391875 1.13796904394344 0.24038461538461542
decision_type=2 2 2 2 2 2 2 2 2 2 2 2 2 2 2 2 2 2 2 2 2 2
left_child=2 7 -1 4 5 9 -7 10 12 -3 -2 -5 13 16 19 18 -9 20 -16 -15 -18 -22
right_child=1 3 -4 11 -6 6 -8 8 -10 -11 -12 -13 -14 14 15 -17 17 -19 -20 -21 21 -23
leaf_value=-0.035971994989591902 -0.018971668266062648 -0.11563284990124217 -0.077182304385872536 0.2034723295103536 -0.012729475690622608 0.014932396109918039 0.37794370447824338 -0.073456692514982561 0.078181465644194759 0.14432206399096778 -0.047533749703873966 0.55913120958308971 -0.06631193077524461 0.079417767377042703 -0.013723344352680496 -0.079729006091323718 -0.056161836728696846 -0.025230473380225528 0.032021631451224643 -0.023576233734163524 0.0098292773955292491 0.046108169675853496
leaf_weight=560 1260 316 517 795 1496 238 624 343 334 191 600 185 146 646 2692 488 103 2196 1240 313 891 122
leaf_count=560 1260 316 517 795 1496 238 624 343 334 191 600 185 146 646 2692 488 103 2196 1240 313 891 122
internal_value=-0.000778326 -7.81661e-05 -0.01061 0.00232727 0.00132927 0.00346434 0.00567186 -0.000893532 -0.000542336 -0.000273438 -0.00267426 0.00520558 -0.00071067 -0.000617602 -3.90045e-05 -0.000549718 -0.00146311 -0.00103934 -4.88951e-05 0.00228734 0.00101472 0.00168468
internal_weight=16296 15219 1077 3845 2865 1369 862 11374 9514 507 1860 980 9180 9034 5379 4420 3655 3312 3932 959 1116 1013
internal_count=16296 15219 1077 3845 2865 1369 862 11374 9514 507 1860 980 9180 9034 5379 4420 3655 3312 3932 959 1116 1013
is_linear=0
shrinkage=0.035


Tree=104
num_leaves=23
num_cat=0
split_feature=7 9 22 20 21 20 21 20 5 21 20 21 21 22 20 21 21 20 14 21 21 20
split_gain=92.5298 23.2015 19.4618 7.63857 11.1166 7.00663 6.79096 6.55587 9.56051 8.17932 7.42292 8.97741 8.58037 5.86375 5.37624 10.1493 13.383 7.59954 5.25496 4.93712 7.58496 8.64652
threshold=0.56969271725119408 10.501359568927349 28242.500000000004 23.500000000000004 2.5000000000000004 28.500000000000004 3.5000000000000004 11.500000000000002 8.7230576230351975 3.5000000000000004 3.5000000000000004 2.5000000000000004 3.5000000000000004 46389.000000000007 9.5000000000000018 3.5000000000000004 4.5000000000000009 20.500000000000004 0.78174603174603186 2.5000000000000004 3.5000000000000004 30.500000000000004
decision_type=2 2 2 2 2 2 2 2 2 2 2 2 2 2 2 2 2 2 2 2 2 2
left_child=2 14 18 7 -5 6 -6 8 -3 -9 11 -10 -12 -14 15 -2 -17 -16 -1 -19 21 -21
right_child=1 3 -4 4 5 -7 -8 9 10 -11 12 -13 13 -15 17 16 -18 19 -20 20 -22 -23
leaf_value=-0.049581694700135029 -0.016330532243394993 -0.042400037352815764 -0.074480923732366991 0.025386149837446869 0.8469586299467522 0.078584151362250346 0.21247049208762109 0.038898466267797721 0.50179061360168797 -0.13373560824594677 0.17168254263402988 -0.074972416856731894 0.71603866710615838 0.05095724757518838 -0.032777260639590994 0.059817931711592116 -0.054268701610089655 -0.020214455463095436 -0.0085304310023974032 0.051989973117697631 -0.01820048586755273 -0.089726588958548098
leaf_weight=417 2352 548 539 508 183 191 219 1321 101 532 525 350 235 51 3743 761 236 1717 151 825 772 86
leaf_count=417 2352 548 539 508 183 191 219 1321 101 532 525 350 235 51 3743 761 236 1717 151 825 772 86
internal_value=-0.000859604 -0.000147926 -0.010607 0.00187513 0.00443038 0.00766722 0.0102764 0.00109733 0.00259366 -0.000357912 0.00426796 0.000614035 0.00626225 0.0111254 -0.00106864 8.34824e-05 0.00303892 -0.00161094 -0.0059555 -0.000406021 0.000933057 0.00309498
internal_weight=16363 15256 1107 4764 1101 593 402 3663 1810 1853 1262 451 811 286 10492 3349 997 7143 568 3400 1683 911
internal_count=16363 15256 1107 4764 1101 593 402 3663 1810 1853 1262 451 811 286 10492 3349 997 7143 568 3400 1683 911
is_linear=0
shrinkage=0.035


Tree=105
num_leaves=23
num_cat=0
split_feature=7 3 22 12 20 20 21 20 20 20 21 21 20 20 21 24 24 21 9 21 5 20
split_gain=98.6299 24.4384 17.9147 7.55373 7.43624 12.4941 6.32583 5.98902 4.40311 9.40864 7.27764 12.9827 11.0539 16.8352 6.91758 5.3659 5.34313 6.85223 4.98148 4.39961 7.15056 5.66402
threshold=0.56969271725119408 15.769911267584312 28242.500000000004 0.87984855172617826 22.500000000000004 9.5000000000000018 3.5000000000000004 3.5000000000000004 8.5000000000000018 4.5000000000000009 3.5000000000000004 2.5000000000000004 21.500000000000004 30.500000000000004 3.5000000000000004 3291.5000000000005 9349.5000000000018 1.5000000000000002 5.8537154419604276 2.5000000000000004 7.8497385984851009 4.5000000000000009
decision_type=2 2 2 2 2 2 2 2 2 2 2 2 2 2 2 2 2 2 2 2 2 2
left_child=2 3 -1 -2 5 6 19 -8 9 16 11 -10 -13 -14 -11 -12 17 -5 -17 20 -3 -21
right_child=1 4 -4 8 -6 -7 7 -9 10 14 15 12 13 -15 -16 18 -18 -19 -20 21 -22 -23
leaf_value=-0.043161044074841032 -0.024141512383247101 -0.07829151073838532 -0.071874091401734147 -0.19417846187525245 0.29788735556905205 -0.0090804453265324984 0.13800845474855344 0.87469403793872624 -0.021620022594978874 0.018571023203739549 0.012467924882563253 -0.0042469163038878358 0.097965010419858847 -0.11345268476900265 0.097917349043129084 -0.054903187323333963 0.055193044600175982 -0.0091629116951840624 -0.03552150176925363 -0.26176226746458042 0.48422794212562903 0.130397855732719
leaf_weight=567 596 85 529 335 629 1174 122 201 4318 1186 313 1248 868 94 323 849 473 1080 885 90 199 122
leaf_count=567 596 85 529 335 629 1174 122 201 4318 1186 313 1248 868 94 323 849 473 1080 885 90 199 122
internal_value=-0.000772359 -3.80059e-05 -0.0108878 -0.000680625 0.00303102 0.00196196 0.00526699 0.00907012 -0.000486558 0.000576132 -0.000909674 -0.000334839 0.00184086 0.00465098 0.0026354 -0.00272904 -0.00106313 -0.00214437 -0.00349195 0.00268962 0.00551038 -0.00104839
internal_weight=16286 15190 1096 12568 2622 1993 819 323 11972 3397 8575 6528 2210 962 1509 2047 1888 1415 1734 496 284 212
internal_count=16286 15190 1096 12568 2622 1993 819 323 11972 3397 8575 6528 2210 962 1509 2047 1888 1415 1734 496 284 212
is_linear=0
shrinkage=0.035


Tree=106
num_leaves=23
num_cat=0
split_feature=12 7 24 20 20 24 11 3 20 5 4 21 21 4 1 21 15 20 21 21 20 21
split_gain=75.7725 17.5341 13.5045 10.4387 10.075 8.65847 7.76983 6.12141 5.47487 5.17542 4.69549 4.38244 4.7611 4.35111 4.07452 4.06711 4.35295 3.61413 8.17713 6.48642 5.60728 6.68231
threshold=0.81652188061227371 15.717747209918626 4472.0000000000009 20.500000000000004 10.500000000000002 1706.5000000000002 4.6106660861790632 20.946428571428573 30.500000000000004 6.7641717576206704 1.2384258821115111 2.5000000000000004 3.5000000000000004 11.852133989485408 32.106343334591671 2.5000000000000004 0.60357142857142865 9.5000000000000018 3.5000000000000004 4.5000000000000009 23.500000000000004 3.5000000000000004
decision_type=2 2 2 2 2 2 2 2 2 2 2 2 2 2 2 2 2 2 2 2 2 2
left_child=2 9 5 4 7 15 -6 -3 11 17 -7 -5 -13 -9 -15 16 -1 18 -2 -20 21 -19
right_child=1 3 -4 8 6 10 -8 13 -10 -11 -12 12 -14 14 -16 -17 -18 20 19 -21 -22 -23
leaf_value=-0.049463469587977052 -0.016471961934464985 0.04472572614278001 -0.069358498202673466 0.16538843871162656 0.24549102280136945 0.0063735796004926034 -0.078167253787937555 -0.071612692047618373 -0.21098881781183931 0.019167400393253722 -0.049105195984444301 0.74023699268687471 0.26927095184188804 0.54574170406596134 -0.072749427374770054 -0.06056518311480022 0.019449072735973127 -0.021036108617766721 0.043833512699624537 -0.033272424087468104 0.0012614389903731471 -0.052021339258734443
leaf_weight=166 1980 615 580 366 89 268 881 63 52 3444 122 219 206 342 45 233 61 3156 555 149 1857 869
leaf_count=166 1980 615 580 366 89 268 881 63 52 3444 122 219 206 342 45 233 61 3156 555 149 1857 869
internal_value=-0.000599308 0.000139831 -0.00828049 0.00259192 0.00121814 -0.00538304 -0.00134615 0.00356542 0.00586085 -0.000447149 -0.00146203 0.00659548 0.00903488 0.00665385 0.00803571 -0.00861828 -0.00497845 -0.000908587 0.000149684 0.00338152 -0.00139417 -0.00212779
internal_weight=16318 14888 1430 2878 2035 850 970 1065 843 12010 390 791 425 450 387 460 227 8566 2684 704 5882 4025
internal_count=16318 14888 1430 2878 2035 850 970 1065 843 12010 390 791 425 450 387 460 227 8566 2684 704 5882 4025
is_linear=0
shrinkage=0.035


Tree=107
num_leaves=23
num_cat=0
split_feature=12 3 24 22 8 20 20 16 27 3 20 20 10 21 21 20 21 22 21 20 20 20
split_gain=71.3403 15.8198 13.0458 8.48941 4.81853 4.46417 6.27022 4.43413 4.35045 3.60793 3.23108 3.34653 6.7695 5.07956 14.9307 3.84947 3.11769 2.8416 2.8373 3.46051 5.86333 4.91201
threshold=0.83187999366322607 15.769911267584312 4472.0000000000009 6498.5000000000009 22.87263965786218 9.5000000000000018 20.500000000000004 1.0000000180025095e-35 3.5000000000000004 6.9966807769941894 23.500000000000004 7.5000000000000009 4.1810627998690073 3.5000000000000004 2.5000000000000004 3.5000000000000004 2.5000000000000004 52360.000000000007 1.5000000000000002 9.5000000000000018 23.500000000000004 3.5000000000000004
decision_type=2 2 2 2 2 2 2 2 2 2 2 2 2 2 2 2 2 2 2 2 2 2
left_child=2 7 3 -1 10 -6 -7 9 -9 18 11 13 -13 14 -3 -15 -8 -11 -2 21 -21 -20
right_child=1 4 -4 -5 5 6 16 8 -10 17 -12 12 -14 15 -16 -17 -18 -19 19 20 -22 -23
leaf_value=-0.046455157209882303 -0.028601214950709893 0.44828360264446904 -0.06693095076557988 -0.014515865923834543 0.53813715048477173 -0.0016251326499930486 0.1536461742330088 0.091966459137415885 -0.066623425224847738 0.013739170829118309 0.18518348410517121 0.12407297824935573 -0.057513070373216346 0.060821853308558334 -0.24119893124111444 0.68071765092825365 0.73797999284767135 -0.061202846417185493 -0.01368858985267883 -0.02523198975150143 0.0094907472749221899 0.020493650764682503
leaf_weight=472 2280 119 601 439 227 307 62 340 118 3543 441 316 736 80 139 107 116 233 741 2559 1345 1031
leaf_count=472 2280 119 601 439 227 307 62 340 118 3543 441 316 736 80 139 107 116 233 741 2559 1345 1031
internal_value=-0.000649416 8.84136e-05 -0.00787904 -0.0051583 0.00253766 0.00500349 0.003 -0.000443419 0.00291037 -0.000577021 0.0016122 0.000815579 -0.000248344 0.00334444 6.65399e-05 0.00765625 0.00812842 0.000310103 -0.00100019 -0.000576043 -0.0011595 0.000699212
internal_weight=16352 14840 1512 911 2650 712 485 12190 458 11732 1938 1497 1052 445 258 187 178 3776 7956 5676 3904 1772
internal_count=16352 14840 1512 911 2650 712 485 12190 458 11732 1938 1497 1052 445 258 187 178 3776 7956 5676 3904 1772
is_linear=0
shrinkage=0.035


Tree=108
num_leaves=23
num_cat=0
split_feature=15 3 25 20 20 21 11 25 20 20 21 21 21 8 20 21 21 25 20 6 20 21
split_gain=62.6271 16.6852 9.2889 6.63786 9.93107 6.42549 5.92229 5.76186 4.79939 6.72594 8.36487 7.60649 5.44202 6.08634 4.18649 6.90355 10.1944 6.53203 5.01931 4.51448 4.12594 4.10954
threshold=0.46862745098039221 16.816350280949681 277.00000000000006 22.500000000000004 9.5000000000000018 3.5000000000000004 1.7444527221758717 499.50000000000006 19.500000000000004 9.5000000000000018 1.5000000000000002 4.5000000000000009 3.5000000000000004 3.1329770917418291 28.500000000000004 3.5000000000000004 2.5000000000000004 831.00000000000011 21.500000000000004 5.0238095238095246 3.5000000000000004 2.5000000000000004
decision_type=2 2 2 2 2 2 2 2 2 2 2 2 2 2 2 2 2 2 2 2 2 2
left_child=1 6 -2 4 5 21 -1 -4 9 10 -8 12 13 -12 15 16 19 18 -18 -10 -7 -3
right_child=2 3 7 -5 -6 20 8 -9 14 -11 11 -13 -14 -15 -16 -17 17 -19 -20 -21 -22 -23
leaf_value=-0.017186536071419643 -0.020883483889380237 0.22056588722907636 -0.06458836748878459 0.29308982718495147 -0.010902287817743002 0.11370859235534853 -0.053749466345342584 -0.036378709426247109 0.040932999616918486 -0.026943212451763822 -0.058099587809332651 -0.071556294595483266 0.1093336991103304 0.051707665016855565 -0.026237411289017739 -0.031753881569288524 0.035894828688366957 -0.079103744673837337 0.25118048357753336 -0.023347098939124681 0.81546289126547611 -0.062085014882055319
leaf_weight=4574 417 235 520 559 1071 110 771 476 725 2536 115 217 579 970 569 620 122 51 375 410 175 186
leaf_count=4574 417 235 520 559 1071 110 771 476 725 2536 115 217 579 970 569 620 122 51 375 410 175 186
internal_value=-0.000621491 4.32387e-05 -0.00765162 0.00275844 0.00168911 0.00489803 -0.000458304 -0.00949301 0.000110663 -0.000522338 0.000704742 0.00196713 0.00277861 0.0012844 0.00125912 0.00192591 0.00308945 0.00699367 0.00822709 0.00116667 0.00893103 0.00205399
internal_weight=16383 14970 1413 2336 1777 706 12634 996 8060 5188 2652 1881 1664 1085 2872 2303 1683 548 497 1135 285 421
internal_count=16383 14970 1413 2336 1777 706 12634 996 8060 5188 2652 1881 1664 1085 2872 2303 1683 548 497 1135 285 421
is_linear=0
shrinkage=0.035


Tree=109
num_leaves=23
num_cat=0
split_feature=7 7 25 11 12 9 12 25 21 24 9 25 9 25 11 7 15 11 13 24 10 24
split_gain=59.1109 17.3619 5.90029 5.52786 4.97304 4.96402 3.90628 3.87213 3.75954 4.05384 5.49584 3.85087 4.10977 3.7652 3.11969 2.82851 3.52814 3.85606 2.70328 2.9259 6.89307 5.35698
threshold=0.56969271725119408 14.288265306122453 277.00000000000006 1.7444527221758717 0.7905469377017692 24.172619047619051 7.9131780114970178 142.00000000000003 1.5000000000000002 8120.5000000000009 2.0984955039134685 200.00000000000003 2.2857338073371021 381.00000000000006 3.1308461799005411 3.4266195166336177 0.13961038961038963 1.4070093155287455 0.36666666666666675 9795.0000000000018 2.7801122064001658 7576.0000000000009
decision_type=2 2 2 2 2 2 2 2 2 2 2 2 2 2 2 2 2 2 2 2 2 2
left_child=2 3 -1 8 -4 6 14 -8 11 -10 -11 -2 -13 -14 -3 16 17 -12 19 21 -21 -5
right_child=1 5 4 18 -6 -7 7 -9 9 10 15 12 13 -15 -16 -17 -18 -19 -20 20 -22 -23
leaf_value=-0.018091138680371995 -0.0019697674486175479 -0.090091312606945251 -0.062327774626677143 -0.0017757388038572588 0.00502801208801923 0.26402629669027067 0.42912821286373265 -0.13312283278876302 -0.017737659624744915 0.055725226032305751 0.0078797839071183609 -0.022689707793993083 -0.12421818428620428 -0.05972314595954565 0.087380310826218249 0.051181799502085276 0.063702721604845733 -0.064408029190585983 0.087674370754933062 0.055750919308554664 -0.014194847561276572 -0.04845564918250457
leaf_weight=253 337 114 795 3827 47 524 91 435 3097 102 150 441 132 261 2185 130 71 151 51 936 1230 925
leaf_count=253 337 114 795 3827 47 524 91 435 3097 102 150 441 132 261 2185 130 71 151 51 936 1230 925
internal_value=-0.000724064 -0.000155479 -0.00855909 -0.000785919 -0.00997934 0.00206619 0.00147173 -0.0012194 -0.00169008 -0.0011333 0.00146552 -0.00342262 -0.00469309 -0.00729899 0.00209635 -3.45168e-05 -0.00162467 -0.00331699 -0.000150559 -0.000214863 0.000846384 -0.000702649
internal_weight=16285 15190 1095 11841 842 3349 2825 526 4872 3701 604 1171 834 393 2299 502 372 301 6969 6918 2166 4752
internal_count=16285 15190 1095 11841 842 3349 2825 526 4872 3701 604 1171 834 393 2299 502 372 301 6969 6918 2166 4752
is_linear=0
shrinkage=0.035


Tree=110
num_leaves=23
num_cat=0
split_feature=12 3 25 20 20 21 21 20 25 21 5 27 20 20 20 10 5 14 21 0 11 6
split_gain=62.0201 15.5271 14.819 7.03175 7.29463 7.94217 5.96851 5.78068 5.29014 4.91968 4.91856 4.64774 4.574 4.44072 4.39583 4.06078 3.16053 2.71358 3.47498 2.52892 2.68628 3.27137
threshold=0.83187999366322607 15.769911267584312 200.00000000000003 23.500000000000004 9.5000000000000018 3.5000000000000004 2.5000000000000004 29.500000000000004 294.00000000000006 2.5000000000000004 6.9966807769941894 3.5000000000000004 4.5000000000000009 7.5000000000000009 3.5000000000000004 4.1810627998690073 12.996151141142256 0.78174603174603186 2.5000000000000004 13.982558156555685 10.69221603675296 12.996151141142256
decision_type=2 2 2 2 2 2 2 2 2 2 2 2 2 2 2 2 2 2 2 2 2 2
left_child=2 10 -1 4 5 9 -5 -8 -4 13 -2 -10 -11 -3 -7 -6 -16 18 -13 -17 21 -21
right_child=1 3 8 6 15 14 7 -9 11 12 -12 17 -14 -15 16 19 -18 -19 -20 20 -22 -23
leaf_value=-0.012938444563896452 -0.012874501301774314 0.49258903274040911 -0.060146302514743434 0.10961004648821943 0.11717651897653675 0.11649573022185344 0.54591938958890485 -0.045269690282831766 0.003375725660257292 -0.27414398918938848 0.017446898224896475 -0.040375380390649092 0.07601468644034115 -0.055944331272908134 0.18459771264449018 -0.11011622789322524 0.91781360793136235 -0.011143917941802833 -0.053364744261583982 0.12644330982248975 0.23488636863403276 -0.078452745803681348
leaf_weight=432 8639 160 543 245 321 132 234 61 70 99 3561 208 116 113 55 254 144 66 185 173 85 438
leaf_count=432 8639 160 543 245 321 132 234 61 70 99 3561 208 116 113 55 254 144 66 185 173 85 438
internal_value=-0.000673695 1.29761e-05 -0.00743373 0.00245066 0.00151193 0.00407767 0.00600459 0.00933333 -0.00963556 0.0011714 -0.00051188 -0.00694757 -0.00270455 0.00428058 0.00822917 -0.000137147 0.0114951 -0.00822198 -0.00932161 -0.00130105 -0.00017475 -0.00102273
internal_weight=16334 14830 1504 2630 2090 819 540 295 1072 488 12200 529 215 273 331 1271 199 459 393 950 696 611
internal_count=16334 14830 1504 2630 2090 819 540 295 1072 488 12200 529 215 273 331 1271 199 459 393 950 696 611
is_linear=0
shrinkage=0.035


Tree=111
num_leaves=23
num_cat=0
split_feature=9 23 25 8 20 20 21 20 21 20 21 4 11 21 9 4 12 20 20 21 21 21
split_gain=58.8841 11.5128 12.8692 11.1894 7.02629 7.16742 5.98187 4.97082 4.96062 9.89584 5.8843 6.786 4.94834 4.8882 6.23706 4.0762 4.28232 3.97048 9.0658 11.3201 6.53058 7.92649
threshold=0.89642857142857157 62250.000000000007 277.00000000000006 15.752049219590733 23.500000000000004 8.5000000000000018 2.5000000000000004 28.500000000000004 3.5000000000000004 3.5000000000000004 2.5000000000000004 7.9927388748624617 4.6106660861790632 3.5000000000000004 21.357905112267982 1.3301358658429183 0.81652188061227371 9.5000000000000018 3.5000000000000004 3.5000000000000004 3.5000000000000004 2.5000000000000004
decision_type=2 2 2 2 2 2 2 2 2 2 2 2 2 2 2 2 2 2 2 2 2 2
left_child=1 2 15 17 5 8 -6 13 10 -10 11 -5 -7 -8 -15 16 -1 18 -2 -20 21 -19
right_child=3 -3 -4 4 6 12 7 -9 9 -11 -12 -13 -14 14 -16 -17 -18 20 19 -21 -22 -23
leaf_value=0.010035018640130358 -0.024616037408686967 0.046210674632225862 -0.051685927423953643 -0.0059028126518872528 0.091878861141238208 0.23870674314750764 0.99629400220990361 0.074869694746028947 0.050785198794778809 1.0441276038031246 -0.1099224277774031 0.38432802865208837 -0.03095497483781099 -0.11793431517364014 0.48929413406111882 -0.05572699415858591 -0.034998652754776038 -0.018448548280194318 0.0051042258591524276 0.073715930553135717 -0.036679950601718671 0.020808729477702494
leaf_weight=251 1391 63 1039 212 282 166 124 122 160 147 184 174 1312 47 76 133 137 4073 1703 546 1935 2054
leaf_count=251 1391 63 1039 212 282 166 124 122 160 147 184 174 1312 47 76 133 137 4073 1703 546 1935 2054
internal_value=-0.000584905 -0.00690111 -0.00750319 0.000112995 0.00201677 0.00111229 0.00522866 0.00814171 0.00361111 0.00717949 0.00161304 0.00407289 -0.000365813 0.0109722 0.00546875 -0.00292776 -0.00102417 -0.000375203 0.000580933 0.00195652 -0.000809161 -0.000245434
internal_weight=16331 1623 1560 14708 3006 2355 651 369 877 307 570 386 1478 247 123 521 388 11702 3640 2249 8062 6127
internal_count=16331 1623 1560 14708 3006 2355 651 369 877 307 570 386 1478 247 123 521 388 11702 3640 2249 8062 6127
is_linear=0
shrinkage=0.035


Tree=112
num_leaves=23
num_cat=0
split_feature=12 25 9 8 25 20 15 20 21 21 20 21 20 20 21 9 22 14 20 20 20 9
split_gain=57.5886 13.462 12.323 7.07983 5.14946 4.48491 4.29906 4.17518 5.91402 12.6972 6.01269 8.07168 5.90708 6.19778 10.7146 4.16499 4.14239 5.47458 3.96862 4.09266 3.85159 4.8144
threshold=0.7905469377017692 200.00000000000003 23.672619047619051 6.2169130934036625 224.50000000000003 30.500000000000004 1.0000000180025095e-35 18.500000000000004 3.5000000000000004 2.5000000000000004 26.500000000000004 1.5000000000000002 9.5000000000000018 3.5000000000000004 3.5000000000000004 17.524877625317149 3735.5000000000005 1.0000000180025095e-35 23.500000000000004 9.5000000000000018 21.500000000000004 12.76091540367271
decision_type=2 2 2 2 2 2 2 2 2 2 2 2 2 2 2 2 2 2 2 2 2 2
left_child=1 -1 3 6 18 7 -2 12 9 10 -9 -12 13 -5 -15 -16 17 -8 19 -4 -11 -22
right_child=2 -3 4 5 -6 -7 16 8 -10 20 11 -13 -14 14 15 -17 -18 -19 -20 -21 21 -23
leaf_value=-0.011647033317173837 -0.033342038657956048 -0.049687970752590162 0.50707926960744099 -0.035326419537205715 -0.12778695205501678 -0.17290261958054287 -0.061217342964309134 0.070392379609254957 -0.032341829391140213 0.059496078335030733 0.041855563365740756 -0.19601780497262131 -0.024244110086941436 0.0241210224170883 0.13532117996815132 0.76640345540701482 -0.0095908742613678537 0.055077411152041358 0.62822280946833353 0.046804351744495924 0.10744653817505696 0.56110186495543535
leaf_weight=337 1737 1009 166 776 73 120 112 904 690 181 230 166 2137 1053 255 105 5098 281 116 260 304 218
leaf_count=337 1737 1009 166 776 73 120 112 904 690 181 230 166 2137 1053 255 105 5098 281 116 260 304 218
internal_value=-0.000656799 -0.00757772 -3.15273e-05 -0.000241094 0.00479839 0.000538914 -0.00101376 0.000657745 0.00173832 0.00270169 0.000630268 -0.00292394 -1.21219e-05 0.00126026 0.00264104 0.00781507 -0.000528566 0.00290201 0.00598263 0.00426334 0.00647599 0.00800285
internal_weight=16328 1346 14982 14367 615 7139 7228 7019 2693 2003 1300 396 4326 2189 1413 360 5491 393 542 426 703 522
internal_count=16328 1346 14982 14367 615 7139 7228 7019 2693 2003 1300 396 4326 2189 1413 360 5491 393 542 426 703 522
is_linear=0
shrinkage=0.035


Tree=113
num_leaves=23
num_cat=0
split_feature=9 25 22 8 8 16 20 20 21 21 20 6 20 20 21 15 7 21 9 20 21 20
split_gain=54.9523 12.3252 11.5074 10.8286 5.9871 4.62772 5.08929 8.50462 4.90411 11.6962 5.46836 4.85209 4.69908 4.66458 6.41941 4.16649 4.14287 3.9726 4.58345 3.70509 6.37538 3.60139
threshold=0.89642857142857157 277.00000000000006 54348.000000000007 22.87263965786218 6.2169130934036625 1.0000000180025095e-35 18.500000000000004 28.500000000000004 3.5000000000000004 2.5000000000000004 24.500000000000004 7.1993781608233416 9.5000000000000018 2.5000000000000004 3.5000000000000004 1.0000000180025095e-35 22.289929968360216 4.5000000000000009 17.524877625317149 11.500000000000002 1.5000000000000002 23.500000000000004
decision_type=2 2 2 2 2 2 2 2 2 2 2 2 2 2 2 2 2 2 2 2 2 2
left_child=1 -1 -3 4 15 6 12 8 9 11 -11 -8 13 -6 -15 19 -14 18 -16 20 -2 -5
right_child=3 2 -4 21 5 -7 7 -9 -10 10 -12 -13 16 14 17 -17 -18 -19 -20 -21 -22 -23
leaf_value=-0.015482814744500632 -0.063052733326002641 -0.050456226880582322 0.022928308056102832 0.12161417951244943 -0.06946873542598303 0.22846722420267479 0.087073973598466609 -0.05334558394860768 -0.014840419338447078 0.12396918688405408 0.44245294068131341 -0.024169745516740879 -0.019911431784030161 0.012270020072602039 0.11820999219204339 -0.0048085996784676425 -0.29092886595174045 -0.093015271452215886 1.0372368002344878 -0.049518326155231704 0.037010833550842899 0.46854185867133541
leaf_weight=529 467 1031 56 745 492 261 684 507 530 330 224 419 1834 1125 289 5239 102 55 74 946 381 115
leaf_count=529 467 1031 56 745 492 261 684 507 530 330 224 419 1834 1125 289 5239 102 55 74 946 381 115
internal_value=-0.000564173 -0.0066826 -0.0088141 0.000103886 -0.000130335 0.000598398 0.000414543 0.00158855 0.00253878 0.00347473 0.00760733 0.0013583 -0.000378521 0.000789216 0.00174096 -0.000850384 -0.00161386 0.00541962 0.00675272 -0.00230545 -0.000594959 0.00390462
internal_weight=16435 1616 1087 14819 13959 6926 6665 2694 2187 1657 554 1103 3971 2035 1543 7033 1936 418 363 1794 848 860
internal_count=16435 1616 1087 14819 13959 6926 6665 2694 2187 1657 554 1103 3971 2035 1543 7033 1936 418 363 1794 848 860
is_linear=0
shrinkage=0.035


Tree=114
num_leaves=23
num_cat=0
split_feature=12 22 8 22 20 20 20 8 20 20 12 8 6 7 12 2 7 24 8 8 0 25
split_gain=51.5525 14.7407 11.4504 7.41362 5.08245 9.10219 5.87874 5.01688 4.96655 4.16809 3.86682 3.80543 3.54605 3.4579 3.21198 3.66705 3.12978 4.72174 4.86735 3.12246 3.0663 2.90584
threshold=0.83187999366322607 31960.500000000004 12.072301490674391 13885.000000000002 23.500000000000004 9.5000000000000018 4.5000000000000009 22.87263965786218 28.500000000000004 18.500000000000004 6.9827705005271801 14.438132791110812 6.9747745027976142 24.357142857142858 4.9975351040341955 7.9712513399742182 11.428755246468436 12965.500000000002 7.9318006805211025 13.717625393738397 11.852133989485408 210.50000000000003
decision_type=2 2 2 2 2 2 2 2 2 2 2 2 2 2 2 2 2 2 2 2 2 2
left_child=1 3 10 -1 5 6 13 -8 11 19 16 -6 21 14 15 -4 17 -2 -19 20 -7 -11
right_child=2 -3 4 -5 8 9 7 -9 -10 12 -12 -13 -14 -15 -16 -17 -18 18 -20 -21 -22 -23
leaf_value=-0.036723918494172683 -0.0099604229699024154 -0.052727127549727991 -0.20976376478459274 -0.0080778575404677755 0.0042163606813976177 -0.092352963034067634 0.15535176409619875 0.64741397721504268 -0.0018977770976331245 0.44373121150908246 1.1892417534843525 0.29002402965489826 0.0048417101812114546 0.23742700187520663 -0.10408040309708796 0.23242401935648649 -0.09099889790813713 0.16333021575860687 0.019080670709939618 -0.072729874383783449 0.23205666094028776 0.082773968813326146
leaf_weight=480 9573 563 54 448 125 59 516 155 278 68 45 503 515 156 305 104 345 94 678 1059 78 94
leaf_count=480 9573 563 54 448 125 59 516 155 278 68 45 503 515 156 305 104 345 94 678 1059 78 94
internal_value=-0.000616258 -0.00680816 8.272e-06 -0.00403269 0.00158935 0.000916982 0.00317568 0.00543639 0.00389956 -0.000633653 -0.000589851 0.00561216 0.00153959 0.000673077 -0.00082265 0.0031135 -0.000636512 -0.000524155 0.00209459 -0.00187968 0.00295775 0.00597305
internal_weight=16295 1491 14804 928 4069 3163 1290 671 906 1873 10735 628 677 619 463 158 10690 10345 772 1196 137 162
internal_count=16295 1491 14804 928 4069 3163 1290 671 906 1873 10735 628 677 619 463 158 10690 10345 772 1196 137 162
is_linear=0
shrinkage=0.035


Tree=115
num_leaves=23
num_cat=0
split_feature=7 11 22 9 21 22 14 16 20 8 20 20 20 21 20 20 21 20 21 21 20 21
split_gain=51.5752 12.3955 6.62226 6.34253 5.10652 4.32976 5.80119 4.00067 3.9724 7.04564 3.67609 4.76936 3.5801 8.50988 7.40993 7.39573 6.24352 5.37365 6.66431 10.2664 7.41743 6.21729
threshold=0.56969271725119408 2.4345786037449493 34795.000000000007 23.672619047619051 1.5000000000000002 3735.5000000000005 1.0000000180025095e-35 1.0000000180025095e-35 17.500000000000004 0.21467522739749786 23.500000000000004 9.5000000000000018 8.5000000000000018 1.5000000000000002 18.500000000000004 3.5000000000000004 3.5000000000000004 28.500000000000004 3.5000000000000004 2.5000000000000004 23.500000000000004 1.5000000000000002
decision_type=2 2 2 2 2 2 2 2 2 2 2 2 2 2 2 2 2 2 2 2 2 2
left_child=2 4 8 7 -2 6 -6 12 -1 -10 11 -5 13 -3 -14 -15 -17 18 19 21 -21 -16
right_child=1 3 -4 10 5 -7 -8 -9 9 -11 -12 -13 14 15 17 16 -18 -19 -20 20 -22 -23
leaf_value=-0.034125511427676933 -0.028625484812239033 -0.067451170090420176 -0.050881678085487506 0.4125979076070343 -0.034379403810748721 -0.010260256377385712 0.085183937067669885 0.18797805853203819 0.044275276382570131 -0.033324832572822038 0.4460269618526303 -0.001327522403474859 -0.028805559898368964 0.0036627142156134165 0.098672852338970302 0.077817043306217012 0.28194694626488492 -0.036046705961637573 -0.042282541211993936 0.084961683650276398 0.35947571615395335 -0.024053923281416378
leaf_weight=302 1938 356 525 183 136 5099 172 269 50 212 136 295 2370 693 575 542 347 491 544 297 263 544
leaf_count=302 1938 356 525 183 136 5099 172 269 50 212 136 295 2370 693 575 542 347 491 544 297 263 544
internal_value=-0.000625306 -9.7509e-05 -0.00796618 0.000862832 -0.00113333 -0.000575573 0.00341054 0.000570861 -0.00519772 -0.00190075 0.00426898 0.00271739 0.000405934 0.00168425 -7.90922e-05 0.00278986 0.00489374 0.00116495 0.00190081 0.00299287 0.00684513 0.00102758
internal_weight=16339 15250 1089 7905 7345 5407 308 7291 564 262 614 478 7022 1938 5084 1582 889 2714 2223 1679 560 1119
internal_count=16339 15250 1089 7905 7345 5407 308 7291 564 262 614 478 7022 1938 5084 1582 889 2714 2223 1679 560 1119
is_linear=0
shrinkage=0.035


Tree=116
num_leaves=23
num_cat=0
split_feature=12 22 7 22 4 21 15 9 12 9 21 21 12 6 12 12 22 21 10 11 12 14
split_gain=46.4827 10.4755 9.77311 4.31333 4.11392 4.05122 5.25986 3.60762 4.97365 4.61707 5.83563 4.50644 3.94383 3.6265 3.45934 4.28789 3.3218 3.01151 3.64919 3.35099 3.24286 5.27174
threshold=0.7905469377017692 31960.500000000004 14.716713265460024 15527.500000000002 1.2384258821115111 2.5000000000000004 0.54772727272727284 24.172619047619051 6.5492767057550667 15.030725974600367 3.5000000000000004 3.5000000000000004 9.3031749962842998 19.510000000000002 8.5961339243873933 5.9012486132499458 33201.500000000007 1.5000000000000002 0.97590007294853509 5.003295617187459 2.0353195344438961 0.11805555555555557
decision_type=2 2 2 2 2 2 2 2 2 2 2 2 2 2 2 2 2 2 2 2 2 2
left_child=1 3 14 5 -5 6 -1 8 11 -10 -11 -4 -12 -9 15 17 -17 19 -19 20 21 -2
right_child=2 -3 7 4 -6 -7 -8 13 9 10 12 -13 -14 -15 -16 16 -18 18 -20 -21 -22 -23
leaf_value=-0.038914790003042474 -0.048316872669535521 -0.049100819352495439 0.14977283196611915 0.010441645522618904 -0.047657891647828014 -0.04316860206108418 0.018432616835117693 0.068012536168204754 0.875267522932071 -0.086429062826148817 0.092697195906205329 -0.073688813638134801 -0.19080929618187939 0.29970529546375585 0.33162440159058659 -0.013980402307567205 -0.19789459366649884 -0.017977002199686593 0.0024273953612771494 -0.1706658245683452 -0.003680560177513659 -0.0012644580011804242
leaf_weight=130 622 553 1198 245 114 226 93 231 48 682 458 244 51 294 66 108 148 1220 7445 85 1541 548
leaf_count=130 622 553 1198 245 114 226 93 231 48 682 458 244 51 294 66 108 148 1220 7445 85 1541 548
internal_value=-0.000634515 -0.00681552 -7.0028e-05 -0.00419742 -0.00125 -0.00647577 -0.00291667 0.00164045 0.00110759 -0.000506431 -0.000965719 0.00250346 0.00183852 0.00429245 -0.000537411 -0.000585224 -0.00502874 -0.000482295 -0.000157439 -0.00148072 -0.00125 -0.00263617
internal_weight=16350 1361 14989 808 359 449 223 3206 2681 1239 1191 1442 509 525 11783 11717 256 11461 8665 2796 2711 1170
internal_count=16350 1361 14989 808 359 449 223 3206 2681 1239 1191 1442 509 525 11783 11717 256 11461 8665 2796 2711 1170
is_linear=0
shrinkage=0.035


Tree=117
num_leaves=23
num_cat=0
split_feature=9 3 23 14 12 10 20 20 7 20 21 21 21 27 24 20 16 27 20 9 20 20
split_gain=48.1422 12.1055 7.51317 5.87131 5.42616 5.40736 4.6014 10.0432 6.47123 6.24158 6.43171 5.25658 7.13635 3.91221 3.89628 3.72462 3.58099 3.71988 3.50056 3.49599 3.12968 2.89542
threshold=0.3956951516321271 9.0039695662631729 40250.000000000007 0.78174603174603186 0.48171165642947372 0.95118973121134298 8.5000000000000018 17.500000000000004 18.0155477880433 3.5000000000000004 3.5000000000000004 2.5000000000000004 3.5000000000000004 3.5000000000000004 4163.5000000000009 10.500000000000002 1.0000000180025095e-35 3.5000000000000004 25.500000000000004 17.524877625317149 28.500000000000004 4.5000000000000009
decision_type=2 2 2 2 2 2 2 2 2 2 2 2 2 2 2 2 2 2 2 2 2 2
left_child=2 5 3 4 -1 13 9 -8 20 11 -11 -3 -13 14 -2 -16 21 -18 -17 -12 -9 -7
right_child=1 6 -4 -5 -6 16 7 8 -10 10 19 12 -14 -15 15 18 17 -19 -20 -21 -22 -23
leaf_value=-0.053169019168931887 0.015614127810049859 0.25158845309675953 -0.047382290675158104 0.010104211689247159 -0.00731397348125084 -0.031095144913349852 -0.03503000519033176 0.043206451286952066 0.21596001600153694 0.090747029566660878 0.14833551365756473 -0.27748408264896302 0.06066065149512774 -0.034233734509071391 0.0038432927953886333 -0.042321636898082368 0.094208076131053933 -0.075393491044198638 0.0031383822462428502 1.019473083140896 -0.098510932240287313 -0.0019943402978809745
leaf_weight=80 465 125 503 112 106 1443 1522 1216 756 487 153 130 235 647 265 354 253 86 141 118 191 6926
leaf_count=80 465 125 503 112 106 1443 1522 1216 756 487 153 130 235 647 265 354 253 86 141 118 191 6926
internal_value=-0.00047506 -4.0598e-05 -0.00881514 -0.00421617 -0.0079712 -0.000709258 0.00138923 0.000758808 0.00229244 0.00322626 0.00520642 0.000106061 -0.00198649 -0.00241476 -0.00122358 -0.00276797 -0.000339435 0.00315407 -0.00455 0.00951087 0.000867564 -0.000484834
internal_weight=16314 15513 801 298 186 10580 4933 3685 2163 1248 758 490 365 1872 1225 760 8708 339 495 271 1407 8369
internal_count=16314 15513 801 298 186 10580 4933 3685 2163 1248 758 490 365 1872 1225 760 8708 339 495 271 1407 8369
is_linear=0
shrinkage=0.035


Tree=118
num_leaves=23
num_cat=0
split_feature=14 4 12 9 16 20 20 21 20 11 21 20 21 25 20 25 24 20 21 21 24 9
split_gain=46.1281 9.48836 9.2795 7.76584 4.31763 3.7837 8.31886 6.18216 5.7213 4.48359 3.643 5.10007 5.516 4.87372 6.13012 6.39738 4.6572 7.07849 4.63245 6.75816 4.4888 4.47262
threshold=0.48076923076923084 8.7738147298040037 0.52004063163607117 23.672619047619051 1.0000000180025095e-35 8.5000000000000018 3.5000000000000004 3.5000000000000004 19.500000000000004 6.1235000364932732 1.5000000000000002 9.5000000000000018 3.5000000000000004 729.50000000000011 23.500000000000004 499.50000000000006 9795.0000000000018 4.5000000000000009 4.5000000000000009 3.5000000000000004 9349.5000000000018 4.5774101668029585
decision_type=2 2 2 2 2 2 2 2 2 2 2 2 2 2 2 2 2 2 2 2 2 2
left_child=1 10 -2 4 5 6 -3 -8 9 -7 16 18 -13 14 -14 -16 17 -1 19 -12 21 -19
right_child=2 3 -4 -5 -6 8 7 -9 -10 -11 11 12 13 -15 15 -17 -18 20 -20 -21 -22 -23
leaf_value=-0.17146531198798512 -0.045723910501527569 -0.030428660096400047 -0.020566688613262395 0.23982204479689731 0.33876980294711856 -0.0040407419281523896 0.087570883531827889 0.4915259201645088 0.043607196620965426 -0.12956007424181576 0.0028270819473710197 -0.00048806820251634525 -0.0551610319943132 0.04993521233889759 0.022342906887013351 -0.075405202117049763 0.024972763149089697 -0.022951368188775009 -0.053726972359903542 0.043354374833716 -0.10346395354147501 0.025102607820479295
leaf_weight=391 564 442 892 547 158 1086 365 190 1825 508 1408 3033 783 199 310 78 573 1290 226 693 95 669
leaf_count=391 564 442 892 547 158 1086 365 190 1825 508 1408 3033 783 199 310 78 573 1290 226 693 95 669
internal_value=-0.000593693 -9.4124e-06 -0.00652806 0.00120854 0.000729963 0.000518548 0.00241018 0.00525 -3.06659e-05 -0.00156504 -0.000651338 -0.000194878 -0.000897232 -0.00273636 -0.00360119 0 -0.00166143 -0.00232857 0.00112564 0.0016453 -0.00148737 -0.00110489
internal_weight=16325 14869 1456 5121 4574 4416 997 555 3419 1594 9748 6730 4403 1370 1171 388 3018 2445 2327 2101 2054 1959
internal_count=16325 14869 1456 5121 4574 4416 997 555 3419 1594 9748 6730 4403 1370 1171 388 3018 2445 2327 2101 2054 1959
is_linear=0
shrinkage=0.035


Tree=119
num_leaves=23
num_cat=0
split_feature=7 4 22 20 20 10 21 20 21 9 9 21 10 2 27 9 20 21 20 21 20 20
split_gain=48.892 10.2108 8.21627 6.02105 6.9918 6.27969 5.37251 8.73177 7.39746 7.27123 5.88852 5.76623 3.70513 4.09236 3.44296 3.35476 3.33046 3.25854 3.81178 3.72398 3.94012 3.70319
threshold=0.56969271725119408 8.7738147298040037 28242.500000000004 8.5000000000000018 23.500000000000004 5.5032457955023473 2.5000000000000004 30.500000000000004 3.5000000000000004 22.756673737631434 13.199527588272966 1.5000000000000002 4.6496287614225347 12.996151141142256 3.5000000000000004 26.803571428571434 1.5000000000000002 3.5000000000000004 17.500000000000004 2.5000000000000004 11.500000000000002 11.500000000000002
decision_type=2 2 2 2 2 2 2 2 2 2 2 2 2 2 2 2 2 2 2 2 2 2
left_child=2 -2 -1 5 15 -3 11 8 10 14 -8 12 13 -6 -10 17 -7 18 19 -5 -21 -19
right_child=1 3 -4 4 6 16 7 -9 9 -11 -12 -13 -14 -15 -16 -17 -18 21 -20 20 -22 -23
leaf_value=-0.024752340124451034 -0.01060184467178063 0.046763797145783249 -0.044123573633974102 -0.075331717497465436 0.079029550636792165 -0.049487927028157665 0.094977311749512808 -0.30018320529491038 0.055816158182262758 0.38320606571126903 0.59999797549066991 -0.08872561662896214 0.35421340106363358 -0.12660007283305302 -0.14487442332803627 0.29733871300775144 0.34441077334059206 0.073538686209040957 0.061371507004127898 0.19827821377785543 -0.020906246026532006 -0.10852356012385322
leaf_weight=571 10154 712 524 591 99 63 154 47 238 65 208 274 132 104 69 50 377 129 733 151 292 646
leaf_count=571 10154 712 524 591 99 63 154 47 238 65 208 274 132 104 69 50 377 129 733 151 292 646
internal_value=-0.000636441 -0.000122442 -0.00776364 0.0011476 0.000495987 0.00337295 0.00249642 0.0044084 0.00537551 0.00181034 0.00891689 0 0.00308824 0 -0.000448718 -0.000572776 0.00664607 -0.000762662 5.92551e-05 -0.00129692 0.00109375 -0.00264744
internal_weight=16383 15288 1095 5134 3982 1152 1390 781 734 372 362 609 335 203 307 2592 440 2542 1767 1034 443 775
internal_count=16383 15288 1095 5134 3982 1152 1390 781 734 372 362 609 335 203 307 2592 440 2542 1767 1034 443 775
is_linear=0
shrinkage=0.035


Tree=120
num_leaves=23
num_cat=0
split_feature=9 22 10 9 16 21 20 21 20 20 21 20 21 20 21 25 20 20 7 9 0 20
split_gain=46.9777 8.89718 8.84265 7.21213 6.04112 5.41157 3.84456 3.68367 10.1186 16.3183 14.4961 10.5964 10.6171 5.76152 5.47253 6.07238 5.15159 4.58702 4.5797 3.77558 3.66024 3.69528
threshold=0.3956951516321271 34795.000000000007 1.0000000000000002 23.900193768280207 1.0000000180025095e-35 4.5000000000000009 30.500000000000004 2.5000000000000004 23.500000000000004 11.500000000000002 3.5000000000000004 4.5000000000000009 3.5000000000000004 28.500000000000004 3.5000000000000004 455.50000000000006 21.500000000000004 1.5000000000000002 12.573014745929868 17.524877625317149 18.955902356631452 26.500000000000004
decision_type=2 2 2 2 2 2 2 2 2 2 2 2 2 2 2 2 2 2 2 2 2 2
left_child=1 -1 -2 4 5 6 7 20 9 11 13 12 -9 18 16 -16 -11 -14 -10 -13 21 -4
right_child=2 -3 3 -5 -6 -7 -8 8 10 14 -12 19 17 -15 15 -17 -18 -19 -20 -21 -22 -23
leaf_value=-0.018610648434234128 -0.017082359175039193 -0.042579248556785014 -0.0073145896557660359 0.18033829491359474 0.087546147802871926 -0.071784565990698226 -0.067142222411973623 -0.10039791267553884 0.094920486153748942 -0.018112084601720559 -0.0086270757547693942 0.038565012259832693 -0.074876343410924653 0.029054736714991276 -0.082881148240308178 9.5452568158656007e-05 0.075731241529355453 0.060632920520178372 0.70734852387084413 0.3804144664705103 0.083771677702677794 -0.044744263114611688
leaf_weight=306 2160 507 4753 582 479 279 199 405 365 964 673 1150 106 217 811 346 196 312 119 222 540 620
leaf_count=306 2160 507 4753 582 479 279 199 405 365 964 673 1150 106 217 811 346 196 312 119 222 540 620
internal_value=-0.000596347 -0.00877139 -0.000163678 0.000171813 -1.37137e-06 -0.000153884 -3.93652e-05 4.15114e-05 0.000662451 -0.000135599 0.0032868 0.00202045 -0.00109903 0.00679178 -0.00218562 -0.00388554 -0.000465665 0.00277187 0.00891104 0.0039016 -0.000573674 -0.000852547
internal_weight=16311 813 15498 13338 12756 12277 11998 11799 5886 4512 1374 2195 823 701 2317 1157 1160 418 484 1372 5913 5373
internal_count=16311 813 15498 13338 12756 12277 11998 11799 5886 4512 1374 2195 823 701 2317 1157 1160 418 484 1372 5913 5373
is_linear=0
shrinkage=0.035


Tree=121
num_leaves=23
num_cat=0
split_feature=9 3 22 8 20 20 9 22 12 10 20 20 21 21 21 9 9 20 20 10 20 21
split_gain=44.9401 9.0819 8.91785 4.72775 4.5921 6.60996 4.05291 6.06906 3.28643 2.97707 2.8801 3.70721 8.54028 9.65434 4.35628 4.09468 3.34013 2.86309 2.81031 4.50526 3.98054 3.17322
threshold=0.3956951516321271 6.9966807769941894 34795.000000000007 22.87263965786218 9.5000000000000018 17.500000000000004 0.89642857142857157 54348.000000000007 0.48171165642947372 10.970849691868963 28.500000000000004 23.500000000000004 2.5000000000000004 3.5000000000000004 1.5000000000000002 22.277991133586287 13.371490800498107 25.500000000000004 8.5000000000000018 9.930712341974651 2.5000000000000004 3.5000000000000004
decision_type=2 2 2 2 2 2 2 2 2 2 2 2 2 2 2 2 2 2 2 2 2 2
left_child=2 6 8 10 -5 9 7 -2 -1 -6 11 15 14 16 -13 18 -14 -16 19 20 -3 -22
right_child=1 3 -4 4 5 -7 -8 -9 -10 -11 -12 12 13 -15 17 -17 -18 -19 -20 -21 21 -23
leaf_value=-0.027561564059987671 -0.023821201034631104 -0.068941668471278694 -0.041088974857297539 0.41067170857675256 -0.1360544908988422 0.21534694306141205 -0.0083915594612854888 0.037934920740849268 -0.0016994118536317183 0.31648435058072205 -0.040592355458393396 0.069025345097240953 0.16235092618614261 0.050586151502481802 0.018224753347847358 -0.17013615969666973 0.67327967978612524 -0.14077992301300463 -0.0045851861351235007 0.66956081471059747 0.03765676405910174 0.13128881852060872
leaf_weight=127 759 356 522 240 212 280 8139 61 169 50 442 255 113 252 112 103 122 151 2829 52 698 335
leaf_count=127 759 356 522 240 212 280 8139 61 169 50 442 255 113 252 112 103 122 151 2829 52 698 335
internal_value=-0.000598145 -0.000175382 -0.00856926 0.000807855 0.00335769 0.00150366 -0.000901941 -0.00324545 -0.00354651 -0.00242509 0.000459657 0.000685956 0.00259901 0.00590447 -0.000501912 0.000239836 0.0109375 -0.00365672 0.00041345 0.00167012 0.00125538 0.00236031
internal_weight=16379 15561 818 6602 782 542 8959 820 296 262 5820 5378 1005 487 518 4373 235 263 4270 1441 1389 1033
internal_count=16379 15561 818 6602 782 542 8959 820 296 262 5820 5378 1005 487 518 4373 235 263 4270 1441 1389 1033
is_linear=0
shrinkage=0.035


Tree=122
num_leaves=23
num_cat=0
split_feature=9 7 23 12 10 16 21 11 27 25 23 24 14 27 25 21 9 11 9 10 24 11
split_gain=43.4559 10.8665 9.1342 5.80596 4.8805 3.7635 3.33973 3.49277 3.71089 4.1313 3.50744 4.5156 3.21277 3.19871 3.12414 3.7887 3.04047 3.03637 5.20708 3.30195 2.81073 2.76982
threshold=0.3956951516321271 15.287460124205923 40250.000000000007 0.48171165642947372 1.0000000000000002 1.0000000180025095e-35 1.5000000000000002 1.2838814775327398 3.5000000000000004 807.00000000000011 51350.000000000007 7066.5000000000009 0.087121212121212141 3.5000000000000004 430.00000000000006 4.5000000000000009 0.32393328502805191 5.2979884155647925 23.672619047619051 2.22539456105675 9795.0000000000018 2.4048769312799494
decision_type=2 2 2 2 2 2 2 2 2 2 2 2 2 2 2 2 2 2 2 2 2 2
left_child=2 4 3 -1 13 6 7 12 9 20 11 -10 -6 -2 15 17 -5 19 -19 -3 21 -9
right_child=1 14 -4 16 5 -7 -8 8 10 -11 -12 -13 -14 -15 -16 -17 -18 18 -20 -21 -22 -23
leaf_value=-0.030047383050054281 -0.011228229276625989 -0.038755875553386228 -0.039650860737292133 0.027646243579823208 -0.0885743708092772 0.060459709462368838 -0.0017188738925125425 -0.021232405019103954 0.0052723355112224016 0.039566737917484614 -0.065638200077021633 0.15103512588740339 -0.015167449097826184 -0.030039201661890745 -0.0058436851014474203 -0.15653148725428426 -0.019872030939539393 0.0081344657786890911 0.22478983795783011 0.25800054947794621 -0.0051367340484604011 -0.1298561354892635
leaf_weight=138 1394 80 515 74 101 371 7372 483 434 284 84 115 128 740 806 59 93 1060 455 583 459 443
leaf_count=138 1394 80 515 74 101 371 7372 483 434 284 84 115 128 740 806 59 93 1060 455 583 459 443
internal_value=-0.00063652 -0.000217391 -0.00846364 -0.0035 -0.00067812 -0.000359228 -0.000491017 -0.00158715 -0.0011606 -0.00202808 0.00109718 0.00214801 -0.00568376 -0.00220079 0.00165354 0.00232605 0.000813953 0.00257329 0.00168092 0.00455838 -0.00282014 -0.00392857
internal_weight=16271 15451 820 305 12408 10274 9903 2531 2302 1669 633 549 229 2134 3043 2237 167 2178 1515 663 1385 926
internal_count=16271 15451 820 305 12408 10274 9903 2531 2302 1669 633 549 229 2134 3043 2237 167 2178 1515 663 1385 926
is_linear=0
shrinkage=0.035


Tree=123
num_leaves=23
num_cat=0
split_feature=9 22 11 22 15 7 25 9 9 9 3 12 25 21 22 21 16 25 12 25 25 7
split_gain=46.7756 9.39013 8.22357 5.43914 4.7074 5.71333 4.01569 4.66954 3.97891 3.88673 3.67007 4.18985 3.32497 3.85876 3.68535 3.15133 3.75968 3.0317 3.02654 3.08772 3.9013 5.81939
threshold=0.3956951516321271 34795.000000000007 1.7444527221758717 13885.000000000002 0.72111111111111115 0.15043001975395084 729.50000000000011 2.3573097272802586 2.9646741845814515 2.8649045071632666 1.3033844602278735 1.7711665843932054 180.50000000000003 2.5000000000000004 5643.5000000000009 2.5000000000000004 1.0000000180025095e-35 324.00000000000006 2.9699730890366465 106.50000000000001 224.50000000000003 12.146075006129591
decision_type=2 2 2 2 2 2 2 2 2 2 2 2 2 2 2 2 2 2 2 2 2 2
left_child=1 4 6 17 -1 -6 8 -8 10 -9 -2 12 13 -12 -14 18 -17 -4 -5 -20 21 -21
right_child=2 -3 3 15 5 -7 7 9 -10 -11 11 -13 14 -15 -16 16 -18 -19 19 20 -22 -23
leaf_value=-0.025039655489977993 -0.017034656659749722 -0.038263080611486915 0.079750402805495085 0.0099738184932047433 -0.02462624172591377 0.039137607906496542 0.1030176187679632 -0.045670048318625353 -0.055930511366915084 0.049770161812514521 0.0094288136749537 -0.071667940390058124 -0.057783681676327782 0.092778543449155301 -0.00016241735408700555 0.014032875917500427 0.17175341668969765 0.0044189751552629278 0.12864155720775419 -0.036324357508797152 -0.012305782603577883 -0.33654247099875495
leaf_weight=176 2014 522 1335 1623 70 65 83 200 544 193 175 83 50 94 1692 4152 179 663 240 606 1465 104
leaf_count=176 2014 522 1335 1623 70 65 83 200 544 193 175 83 50 94 1692 4152 179 663 240 606 1465 104
internal_value=-0.000466081 -0.00852029 -2.93548e-05 0.000536541 -0.0035443 0.00125 -0.00117621 0.00185551 -0.00149184 0.000175879 -0.0011105 -7.50357e-05 0.000243056 0.00383212 -0.000310532 0.000142107 0.000799124 0.00217549 -0.000558372 -0.00134504 -0.00176606 -0.00389161
internal_weight=16328 833 15495 10367 311 135 5128 476 4652 393 4108 2094 2011 269 1742 8369 4331 1998 4038 2415 2175 710
internal_count=16328 833 15495 10367 311 135 5128 476 4652 393 4108 2094 2011 269 1742 8369 4331 1998 4038 2415 2175 710
is_linear=0
shrinkage=0.035


Tree=124
num_leaves=23
num_cat=0
split_feature=7 7 12 12 10 11 11 9 12 26 10 16 27 9 22 7 21 21 15 12 11 9
split_gain=50.1552 8.3306 5.89103 3.13286 3.45823 2.90109 3.79254 4.91049 2.91615 4.45854 2.74068 2.58112 2.51034 4.44342 2.43024 2.59134 2.41331 2.5324 2.58083 3.45549 3.59369 4.45574
threshold=0.56969271725119408 14.432142857142859 0.48171165642947372 0.99804889358803683 0.89973541084243791 2.8456416706332375 5.2979884155647925 25.221622339708784 9.3031749962842998 1.0000000180025095e-35 0.95118973121134298 1.0000000180025095e-35 3.5000000000000004 1.8281713441864069 13885.000000000002 0.57806881758180284 4.5000000000000009 1.5000000000000002 0.22902097902097904 2.0353195344438961 3.5025085394935593 9.003070231831428
decision_type=2 2 2 2 2 2 2 2 2 2 2 2 2 2 2 2 2 2 2 2 2 2
left_child=2 3 -1 4 14 -3 -7 8 -8 -10 12 16 -5 -14 15 -2 17 18 19 -12 -21 -22
right_child=1 5 -4 10 -6 6 7 -9 9 -11 11 -13 13 -15 -16 -17 -18 -19 -20 20 21 -23
leaf_value=-0.036923872790084869 0.0044256187366156271 -0.086656215035590956 -0.02182383394104969 -0.011850326005058243 -0.024661665207304801 0.14329925303783597 0.026501491568547381 0.24839968796984283 -0.30095204355334754 0.16761367367744598 -0.034854525959304092 0.054626958434913157 0.031366385239074347 -0.054316874841206751 0.0057523050817390601 -0.042124781265448719 -0.055625477863399476 0.0044582117180693367 0.027001033417505451 0.013903244175099855 -0.11788389813420588 -0.013983777395777894
leaf_weight=478 68 123 607 649 343 1005 1680 309 131 84 747 362 60 245 364 110 226 7034 163 1086 150 371
leaf_count=478 68 123 607 649 343 1005 1680 309 131 84 747 362 60 245 364 110 226 7034 163 1086 150 371
internal_value=-0.000484451 3.08521e-05 -0.00773853 -0.00039869 -0.00239888 0.00157851 0.00178594 0.000958579 0.000276316 -0.0035 -0.000236529 -6.5556e-05 -0.00202555 -0.00462903 -0.000607861 -0.00392077 -0.000175322 -8.79029e-05 -0.00104084 -0.00134273 -0.000412531 -0.00279468
internal_weight=16395 15310 1085 11978 885 3332 3209 2204 1895 215 11093 10139 954 305 542 178 9777 9551 2517 2354 1607 521
internal_count=16395 15310 1085 11978 885 3332 3209 2204 1895 215 11093 10139 954 305 542 178 9777 9551 2517 2354 1607 521
is_linear=0
shrinkage=0.035


Tree=125
num_leaves=23
num_cat=0
split_feature=8 12 23 23 20 7 16 20 21 7 20 21 21 12 20 21 21 12 20 15 13 23
split_gain=45.5392 7.89057 7.17353 4.55581 4.33615 4.13551 4.11844 4.3912 7.04396 7.27516 4.83833 6.52921 6.06764 6.02697 5.19073 4.62407 4.53326 3.88339 3.88314 3.7487 4.79528 3.61687
threshold=0.42696347511940796 2.5065704709548395 40250.000000000007 4900.0000000000009 30.500000000000004 3.1060629472273757 1.0000000180025095e-35 23.500000000000004 2.5000000000000004 13.858589732489081 9.5000000000000018 3.5000000000000004 3.5000000000000004 7.4762343795530004 17.500000000000004 1.5000000000000002 3.5000000000000004 8.5961339243873933 26.500000000000004 0.71714285714285719 0.77500000000000013 63800.000000000007
decision_type=2 2 2 2 2 2 2 2 2 2 2 2 2 2 2 2 2 2 2 2 2 2
left_child=2 3 19 5 6 -2 7 10 15 -10 12 14 -3 -14 -12 -9 -11 -18 -17 -1 -21 -16
right_child=1 4 -4 -5 -6 -7 -8 8 9 16 11 -13 13 -15 21 18 17 -19 -20 20 -22 -23
leaf_value=-0.033056322699272611 0.087462567639016456 0.0021101669754059675 -0.035631537242431899 -0.012636244440198655 -0.15909610674720923 -0.013246636311805339 0.22337551976238273 0.061661036621156746 0.041630400957943438 0.59434994028787635 -0.021433289031590166 -0.072921610103175855 0.054531406674494964 0.6052746198871416 0.0750894462271436 0.011509745300459341 0.041192115199393274 0.34363888530377751 -0.12934353498574874 0.038531625817705903 -0.02193413326381544 -0.060648616711710769
leaf_weight=245 217 1537 492 6994 128 222 294 438 563 176 1501 980 635 171 1050 182 125 49 176 45 63 59
leaf_count=245 217 1537 492 6994 128 222 294 438 563 176 1501 980 635 171 1050 182 125 49 176 45 63 59
internal_value=-0.000594146 -0.000160302 -0.00848235 -0.000983463 0.000596418 0.00244369 0.000702997 0.00054237 0.00210327 0.0041939 8.84136e-05 -0.000715577 0.00132666 0.0037762 0.000194073 -0.00028402 0.0081338 0.00381285 -0.00323003 -0.00449721 0.000774336 0.00201077
internal_weight=16342 15497 845 7433 8064 439 7936 7642 1709 913 5933 3590 2343 806 2610 796 350 174 358 353 108 1109
internal_count=16342 15497 845 7433 8064 439 7936 7642 1709 913 5933 3590 2343 806 2610 796 350 174 358 353 108 1109
is_linear=0
shrinkage=0.035


Tree=126
num_leaves=23
num_cat=0
split_feature=12 12 12 25 22 20 20 8 11 21 9 9 20 21 18 11 22 9 0 8 22 11
split_gain=17.0202 5.40477 4.17343 4.10236 3.8486 4.17873 5.07258 4.70289 3.99151 3.85689 3.50719 3.39979 3.17388 4.74432 3.22498 3.18025 4.52643 4.54983 4.18272 3.24508 3.20451 3.90459
threshold=0.83187999366322607 2.6702854009814989 2.8041387078318905 200.00000000000003 15527.500000000002 23.500000000000004 9.5000000000000018 19.163690476190478 4.8719989877125967 2.5000000000000004 0.25004585548086528 26.803571428571434 26.500000000000004 1.5000000000000002 1.0000000180025095e-35 4.743528729544515 33201.500000000007 16.315921002730601 8.9137438819749804 7.715018315018316 25082.000000000004 7.1226137438551307
decision_type=2 2 2 2 2 2 2 2 2 2 2 2 2 2 2 2 2 2 2 2 2 2
left_child=3 -2 -3 -1 5 6 7 -4 -8 12 -5 -10 14 -14 15 19 17 18 -17 -6 -19 -22
right_child=1 2 4 10 9 -7 8 -9 11 -11 -12 -13 13 -15 -16 16 -18 20 -20 -21 21 -23
leaf_value=-0.0051170474448972054 -0.0079534579958431221 0.069849436992541036 -0.051001773520552678 -0.034384433438946781 -0.014609190139389822 0.30128413218621619 0.23456184557383533 0.34314836743746535 -0.10121217276872302 0.024576772337907615 -0.035382035282391866 0.22233917179324877 -0.02038134685289027 -0.13984343619585909 -0.20049468868012879 -0.078980674479502744 -0.11677596869756365 -0.23052882558726098 0.27280803830911998 0.041954874143175905 0.11398168477149079 -0.177403262841661
leaf_weight=426 7204 329 96 435 394 365 86 388 577 3161 624 49 221 127 82 70 287 56 154 984 105 108
leaf_count=426 7204 329 96 435 394 365 86 388 577 3161 624 49 221 127 82 70 287 56 154 984 105 108
internal_value=-0.000333221 2.35722e-05 0.000673077 -0.00389933 0.000495215 0.00203384 0.00100541 0.00375767 -0.000854254 7.29927e-05 -0.00506579 -0.00185816 -0.000924605 -0.00401558 -0.000428731 -0.000153722 -0.00193949 7.02811e-05 0.00374454 0.000847795 -0.00293796 -0.000802752
internal_weight=16328 14843 7639 1485 7310 1561 1196 484 712 5749 1059 626 2588 348 2240 2158 780 493 224 1378 269 213
internal_count=16328 14843 7639 1485 7310 1561 1196 484 712 5749 1059 626 2588 348 2240 2158 780 493 224 1378 269 213
is_linear=0
shrinkage=0.035


Tree=127
num_leaves=23
num_cat=0
split_feature=9 22 5 9 14 24 9 22 16 9 24 9 15 8 22 22 4 8 21 20 20 21
split_gain=14.1196 7.30086 5.15384 7.33609 3.83128 6.45656 5.48747 5.10619 3.80405 3.77426 6.89771 6.01927 4.10212 3.94307 3.63721 3.59026 3.46271 3.28757 3.27485 3.21093 8.19604 6.80202
threshold=0.89642857142857157 54348.000000000007 6.9966807769941894 27.767857142857146 1.0000000180025095e-35 1706.5000000000002 3.4897302743485183 15527.500000000002 1.0000000180025095e-35 2.5357338073371021 8120.5000000000009 3.2517607586512871 0.085144927536231887 2.3572293111853639 13885.000000000002 3735.5000000000005 1.2384258821115111 17.218011076995939 3.5000000000000004 9.5000000000000018 4.5000000000000009 3.5000000000000004
decision_type=2 2 2 2 2 2 2 2 2 2 2 2 2 2 2 2 2 2 2 2 2 2
left_child=1 16 4 8 5 15 7 -6 19 10 13 -11 -12 -9 17 -2 18 -7 -1 20 -4 -22
right_child=2 -3 3 -5 6 14 -8 9 -10 11 12 -13 -14 -15 -16 -17 -18 -19 -20 -21 21 -23
leaf_value=-0.010815475602044206 -0.055450133261354131 0.055593249301003914 -0.013117072719875866 0.42606657969162703 0.020777342868239786 0.36970532403173867 0.071344023271951607 -0.012699286798477358 0.25098217952353974 -0.05312717726258806 -0.089375762289583424 0.069305403414439165 0.041782042441476999 0.057494044024134786 -0.014926465964172167 -0.1128705683677637 -0.033674563563779306 0.029438708005919492 -0.033180978268583648 -0.0023930503359314548 0.06714266427481598 0.40141382066213388
leaf_weight=919 247 63 881 49 950 68 222 1829 204 631 58 72 280 150 4029 92 279 206 378 3962 508 272
leaf_count=919 247 63 881 49 950 68 222 1829 204 631 58 72 280 150 4029 92 279 206 378 3962 508 272
internal_value=-0.000393787 -0.00347019 -4.87598e-05 0.000752848 -0.000584059 -0.00127663 0.000179295 -0.000118868 0.000630144 -0.000827273 -0.000135659 -0.00306497 0.00443878 -0.00093498 -0.000901811 -0.00590116 -0.00395161 0.00294803 -0.00314516 0.00045398 0.0017437 0.00434713
internal_weight=16349 1639 14710 5876 8834 4642 4192 3970 5827 3020 2317 703 338 1979 4303 339 1576 274 1297 5623 1661 780
internal_count=16349 1639 14710 5876 8834 4642 4192 3970 5827 3020 2317 703 338 1979 4303 339 1576 274 1297 5623 1661 780
is_linear=0
shrinkage=0.035


Tree=128
num_leaves=23
num_cat=0
split_feature=9 23 9 16 20 20 21 21 20 21 21 20 20 9 25 24 25 20 21 21 24 1
split_gain=15.85 6.01188 5.20589 4.53398 3.53827 9.45082 8.42262 12.8226 5.17416 4.02202 9.66458 10.1379 6.67518 4.8704 4.25335 3.6431 3.27642 3.22944 3.75919 7.31888 4.24615 3.65778
threshold=0.89642857142857157 62250.000000000007 23.900193768280207 1.0000000180025095e-35 8.5000000000000018 19.500000000000004 3.5000000000000004 4.5000000000000009 1.5000000000000002 2.5000000000000004 3.5000000000000004 29.500000000000004 23.500000000000004 13.199527588272966 210.50000000000003 1706.5000000000002 637.50000000000011 4.5000000000000009 2.5000000000000004 1.5000000000000002 9349.5000000000018 12.996151141142256
decision_type=2 2 2 2 2 2 2 2 2 2 2 2 2 2 2 2 2 2 2 2 2 2
left_child=1 -1 3 4 6 -6 17 8 -8 -7 11 12 16 14 -14 -12 -11 18 19 20 -2 -20
right_child=2 -3 -4 -5 5 9 7 -9 -10 10 15 -13 13 -15 -16 -17 -18 -19 21 -21 -22 -23
leaf_value=-0.024208895054335787 -0.13808844186846378 0.034277676569543232 0.14618478806238785 0.064157828952030899 -0.024468003109584011 -0.0096043214354909895 -0.013141266853585912 -0.051703159884137907 0.11497451654550446 0.041810127586708261 0.041796922043520444 -0.02868052010129957 0.10131441845537828 0.55191514658743279 0.047471426881308315 -0.022891697429632249 -0.062486254537507571 0.0104901053520772 -0.035355566978648487 0.03888523882662883 0.091963285406402154 -0.28268775265896839
leaf_weight=1589 336 62 589 520 4801 2457 110 323 752 362 87 216 167 151 341 1073 78 1302 347 439 102 103
leaf_count=1589 336 62 589 520 4801 2457 110 323 752 362 87 216 167 151 341 1073 78 1302 347 439 102 103
internal_value=-0.000452734 -0.00369867 -8.47487e-05 -0.000221362 -0.000346074 -0.000700863 0.000554465 0.003 0.0052278 0.00037219 0.00136895 0.00342045 0.00478714 0.00701054 0.0052193 -0.000946352 0.0013764 -0.000544799 -0.00176051 -0.000396825 -0.00359481 -0.00434615
internal_weight=16307 1651 14656 14067 13547 9733 3814 1185 862 4932 2475 1315 1099 659 508 1160 440 2629 1327 877 438 450
internal_count=16307 1651 14656 14067 13547 9733 3814 1185 862 4932 2475 1315 1099 659 508 1160 440 2629 1327 877 438 450
is_linear=0
shrinkage=0.035


Tree=129
num_leaves=23
num_cat=0
split_feature=10 20 21 20 25 20 21 21 20 21 21 22 9 21 25 25 20 25 22 21 21 20
split_gain=15.2773 5.76591 12.2411 13.5322 8.87769 7.30593 8.81172 7.4125 7.15211 8.07477 6.23471 5.67897 5.58625 5.46667 5.78216 5.9339 5.43039 5.04944 4.51281 4.23479 4.21652 5.80362
threshold=0.69006555934235314 23.500000000000004 2.5000000000000004 30.500000000000004 210.50000000000003 10.500000000000002 3.5000000000000004 1.5000000000000002 3.5000000000000004 3.5000000000000004 2.5000000000000004 52360.000000000007 17.524877625317149 1.5000000000000002 421.00000000000006 171.00000000000003 19.500000000000004 729.50000000000011 47274.500000000007 3.5000000000000004 3.5000000000000004 28.500000000000004
decision_type=2 2 2 2 2 2 2 2 2 2 2 2 2 2 2 2 2 2 2 2 2 2
left_child=-1 5 13 4 19 7 11 -2 10 -10 -9 16 -11 14 15 -3 -7 -8 -17 -4 21 -6
right_child=1 2 3 -5 20 6 17 8 9 12 -12 -13 -14 -15 -16 18 -18 -19 -20 -21 -22 -23
leaf_value=-0.028595653290676253 -0.027270069671847783 0.13284374623337017 0.19025415168233806 -0.11192965774265014 0.13166844562669738 -0.013949320340345716 -0.06006330148636313 0.043039583475728962 0.013424306296049234 0.03937970188702556 -0.033611506306359097 -0.041981081448863825 0.62531237902401027 -0.035746580726722044 0.062187130738111003 -0.043498017233109469 0.0259323256924485 0.034603881390970349 0.064957287022072749 0.064334906322286473 -0.0069014016734855414 -0.014982294891249028
leaf_weight=1370 1204 132 296 117 363 3010 1359 380 1696 684 1112 312 168 752 334 415 1336 203 74 317 533 153
leaf_count=1370 1204 132 296 117 363 3010 1359 380 1696 684 1112 312 168 752 334 415 1336 203 74 317 533 153
internal_value=-0.000401991 -7.60615e-05 0.001168 0.00319787 0.0040207 -0.00045623 -0.00126787 0.000503429 0.00122435 0.00235116 -0.000689713 -0.000499142 0.00512544 -0.000940421 0.000802083 -0.00117412 -0.000164905 -0.0035402 -0.00297571 0.00736246 0.00202562 0.00426583
internal_weight=16320 14950 3486 1779 1662 11464 6220 5244 4040 2548 1492 4658 852 1707 955 621 4346 1562 489 613 1049 516
internal_count=16320 14950 3486 1779 1662 11464 6220 5244 4040 2548 1492 4658 852 1707 955 621 4346 1562 489 613 1049 516
is_linear=0
shrinkage=0.035


Tree=130
num_leaves=23
num_cat=0
split_feature=13 3 20 20 20 21 21 20 12 20 9 20 20 21 21 20 20 21 22 21 25 25
split_gain=11.2184 6.56809 6.03875 4.00889 2.94355 5.77268 5.3558 3.27381 3.07273 3.62381 2.85266 2.74301 2.72047 7.5068 5.51709 9.51626 5.45399 6.04146 9.24655 5.94373 4.79652 3.88809
threshold=0.46428571428571436 16.448649489123373 23.500000000000004 22.500000000000004 9.5000000000000018 3.5000000000000004 2.5000000000000004 4.5000000000000009 6.009705465540029 3.5000000000000004 22.510370877914514 7.5000000000000009 23.500000000000004 2.5000000000000004 3.5000000000000004 28.500000000000004 11.500000000000002 3.5000000000000004 52360.000000000007 1.5000000000000002 381.00000000000006 729.50000000000011
decision_type=2 2 2 2 2 2 2 2 2 2 2 2 2 2 2 2 2 2 2 2 2 2
left_child=1 12 4 -2 5 6 11 -8 -7 -10 -4 -3 16 -14 15 -15 19 18 -18 -1 -16 -19
right_child=3 2 10 -5 -6 8 7 -9 9 -11 -12 -13 13 14 20 -17 17 21 -20 -21 -22 -23
leaf_value=-0.024460384315903937 -0.03015420935177595 0.39512893551321437 0.14663601096039905 -0.00058020302386549102 -0.0079975331898820921 -0.00017701519221873243 -0.30027229968041486 0.015391738786865903 0.086367043618989975 0.71157609616565298 0.40383661285265338 -0.082773453821732706 -0.014611687045314233 0.11742025061414282 0.028791855264895368 -0.0088912949208463186 -0.0037182736457634529 -0.049891295377570415 -0.048921667500845117 0.010034958291714455 -0.050474780911241177 0.036361922649155345
leaf_weight=1284 995 139 338 375 1121 69 95 110 96 128 159 98 1452 517 442 304 3380 965 280 3581 280 168
leaf_count=1284 995 139 338 375 1121 69 95 110 96 128 159 98 1452 517 442 304 3380 965 280 3581 280 168
internal_value=-0.000295922 -1.74872e-05 0.00167727 -0.00332182 0.00074288 0.00245946 -3.91499e-05 -0.00416667 0.00622483 0.00817686 0.00508964 0.00347107 -0.000334571 0.000583333 0.00228359 0.00423729 -0.000621184 -0.00145894 -0.000759209 0.000201232 2.40715e-05 -0.00369069
internal_weight=16376 15006 2353 1370 1856 735 442 205 293 224 497 237 12653 2995 1543 821 9658 4793 3660 4865 722 1133
internal_count=16376 15006 2353 1370 1856 735 442 205 293 224 497 237 12653 2995 1543 821 9658 4793 3660 4865 722 1133
is_linear=0
shrinkage=0.035


Tree=131
num_leaves=23
num_cat=0
split_feature=14 7 20 20 21 20 20 21 11 21 21 20 9 20 7 9 21 21 4 21 21 27
split_gain=10.7613 4.82303 4.05563 6.90577 10.2135 4.35368 8.20973 8.05528 4.4517 4.34313 3.95229 3.93809 3.93547 3.67499 3.90553 3.55544 3.26506 2.8684 5.88889 4.9633 2.8142 2.56918
threshold=0.42261904761904767 12.860265344091902 23.500000000000004 28.500000000000004 2.5000000000000004 8.5000000000000018 4.5000000000000009 3.5000000000000004 6.453310749635139 3.5000000000000004 3.5000000000000004 22.500000000000004 12.76091540367271 17.500000000000004 16.719015344545475 21.357905112267982 3.5000000000000004 2.5000000000000004 5.9680479807034317 3.5000000000000004 4.5000000000000009 3.5000000000000004
decision_type=2 2 2 2 2 2 2 2 2 2 2 2 2 2 2 2 2 2 2 2 2 2
left_child=1 -1 5 4 -4 6 17 21 9 13 -6 -2 -11 -7 -15 -12 -13 18 -3 -19 -21 -8
right_child=11 2 3 -5 10 8 7 -9 -10 12 15 16 -14 14 -16 -17 -18 19 -20 20 -22 -23
leaf_value=-0.0051538437360053998 -0.025288022324921642 -0.13822153120863065 0.0045800369353410633 -0.033059802389278872 0.66764475287915959 0.020876602427607197 0.1398595853658339 0.76769004621005088 -0.080622356830026554 0.1433168785132462 -0.022891501985586801 0.0040660296753986152 -0.24214862519370423 0.046368412602069926 0.29885295324602557 0.29034573861482182 -0.030151177731272506 -0.26811703814317184 0.32421889046079622 0.11438784439500226 -0.12364863805142937 -0.12658340296059892
leaf_weight=10885 1176 137 268 287 153 462 313 147 931 45 75 383 143 126 137 74 102 117 128 156 98 55
leaf_count=10885 1176 137 268 287 153 462 313 147 931 45 75 383 143 126 137 74 102 117 128 156 98 55
internal_value=-0.000316863 -1.4245e-05 0.00104809 0.00316705 0.00538696 0.000431667 0.00211938 0.00538462 -0.000615197 0.00110566 0.00974756 -0.00298319 -0.00353627 0.00234932 0.00561567 0.00522727 -0.000285714 -0.000518721 0.0022037 -0.0025133 0.000202703 0.0024866
internal_weight=16398 14737 3852 857 570 2995 1151 515 1844 913 302 1661 188 725 263 149 485 636 265 371 254 368
internal_count=16398 14737 3852 857 570 2995 1151 515 1844 913 302 1661 188 725 263 149 485 636 265 371 254 368
is_linear=0
shrinkage=0.035


Tree=132
num_leaves=23
num_cat=0
split_feature=11 10 16 22 12 11 24 24 15 22 10 12 8 7 24 8 12 8 10 11 1 21
split_gain=10.8954 6.08435 5.41535 5.08391 3.37047 2.58807 2.51897 5.14342 4.67013 4.24842 4.44126 3.76388 3.28496 3.18662 2.85225 6.00543 4.49797 4.28635 6.13996 3.98493 6.26368 3.25746
threshold=1.7444527221758717 0.48795003647426188 1.0000000180025095e-35 15527.500000000002 0.81652188061227371 0.4258153136263203 9795.0000000000018 7576.0000000000009 0.060661764705882359 39092.000000000007 2.2146697055682818 3.3780727732504041 2.4724056891437463 3.5326678522170591 5252.0000000000009 10.027746129187973 3.4870934248306749 17.366071428571434 4.5721725585067228 3.049899905658854 5.0127769206881263 1.5000000000000002
decision_type=2 2 2 2 2 2 2 2 2 2 2 2 2 2 2 2 2 2 2 2 2 2
left_child=1 4 3 -2 -1 -3 7 14 9 11 -11 -9 -10 -8 17 16 21 18 19 20 -5 -16
right_child=2 5 -4 6 -6 -7 13 8 12 10 -12 -13 -14 -15 15 -17 -18 -19 -20 -21 -22 -23
leaf_value=-0.029013799321752267 0.032580541389698001 0.005986200678247738 0.12809230365351543 -0.023856373926427088 0.010090419170392089 -0.010738063513510993 0.065157933339305515 -0.0083309095349280698 0.064062718855564221 -0.053204696445275521 -0.23783781368834395 -0.11156126702259778 -0.009353672943875832 0.0070779515026841017 0.16058153159965949 -0.016791974747966131 0.24014476429238493 -0.1685127395205131 0.084276002122112365 -0.050225963948934978 0.056416421999919746 0.0016617054671278098
leaf_weight=567 2072 90 402 770 105 5196 133 298 57 106 77 169 218 2761 133 891 128 180 368 832 461 306
leaf_count=567 2072 90 402 770 105 5196 133 298 57 106 77 169 218 2761 133 891 128 180 368 832 461 306
internal_value=-0.000301225 -0.0014938 0.000383187 0.000219518 -0.00462703 -0.00108817 -0.000184024 -0.000661632 -0.00301075 -0.00462214 -0.00912234 -0.00274364 0.00075 0.000633839 -0.000120275 0.00111244 0.00391608 -0.000816131 -0.000416667 -0.00116779 8.49515e-05 0.00212838
internal_weight=16320 5958 10362 9960 672 5286 7888 4994 925 650 183 467 275 2894 4069 1458 567 2611 2431 2063 1231 439
internal_count=16320 5958 10362 9960 672 5286 7888 4994 925 650 183 467 275 2894 4069 1458 567 2611 2431 2063 1231 439
is_linear=0
shrinkage=0.035


Tree=133
num_leaves=23
num_cat=0
split_feature=8 10 20 20 12 10 8 22 21 15 15 20 20 20 21 21 9 11 7 7 6 10
split_gain=9.63691 4.559 3.90298 7.73089 5.17423 5.8339 4.60338 5.21793 4.17845 4.19747 3.94183 3.69517 6.67046 4.57507 5.47133 8.79814 5.04072 4.21372 3.51547 4.76083 3.51201 3.32712
threshold=6.0000093177456657 0.42554995647735644 22.500000000000004 11.500000000000002 0.93151750800769617 0.81649658092772548 2.4999946200133345 54348.000000000007 1.5000000000000002 0.069047619047619066 0.72111111111111115 18.500000000000004 28.500000000000004 8.5000000000000018 3.5000000000000004 4.5000000000000009 17.253422721344752 5.5181060827125705 15.863293650793652 7.4342694342694351 2.9974617545665088 6.7541874136751385
decision_type=2 2 2 2 2 2 2 2 2 2 2 2 2 2 2 2 2 2 2 2 2 2
left_child=1 -1 3 8 5 10 7 -6 -3 -10 20 13 18 14 -2 16 17 -16 19 -13 -5 -14
right_child=11 2 -4 4 6 -7 -8 -9 9 -11 -12 12 21 -15 15 -17 -18 -19 -20 -21 -22 -23
leaf_value=-0.027215523752162053 -7.2681367197766636e-05 -0.027041689126868503 0.003538899124795907 -0.033066449345590873 0.0082263083798489855 -0.055085973664378368 -0.036395826433224691 -0.03411794905358928 0.035069053532080528 -0.0021220637464825966 0.0057766836545090636 0.069216880351513813 -0.044735903000983304 -0.016464210669958703 0.13396426967570518 -0.077122122367761475 0.60848479102212727 -0.09300984913594762 0.17075701015305741 0.0062968461491665559 0.0052662942148424159 0.21607344285804958
leaf_weight=583 1482 728 2071 157 952 130 1213 163 666 1566 59 522 477 2625 238 200 198 93 801 1235 69 70
leaf_count=583 1482 728 2071 157 952 130 1213 163 666 1566 59 522 477 2625 238 200 198 93 801 1235 69 70
internal_value=-0.000237226 -0.00106733 -0.000839118 -0.00131219 -0.0026492 -0.00625 -0.00198778 -0.00034375 -6.49241e-05 0.000680599 -0.00325862 0.000634281 0.00157556 2.53047e-05 0.00120036 0.00367166 0.00602996 0.00322917 0.00232833 0.00143019 -0.00537879 -0.00190217
internal_weight=16298 8357 7774 5703 2743 415 2328 1115 2960 2232 285 7941 3105 4836 2211 729 529 331 2558 1757 226 547
internal_count=16298 8357 7774 5703 2743 415 2328 1115 2960 2232 285 7941 3105 4836 2211 729 529 331 2558 1757 226 547
is_linear=0
shrinkage=0.035


Tree=134
num_leaves=23
num_cat=0
split_feature=9 12 11 10 6 6 20 20 21 21 21 7 25 15 12 24 15 10 22 10 10 10
split_gain=8.5236 4.70164 3.7449 4.70331 5.22503 3.20846 3.62897 4.63037 4.51568 7.52675 4.67489 4.34904 3.66527 3.10601 3.05647 3.05103 4.49167 5.18534 4.33915 3.54356 3.39994 4.71098
threshold=6.0576699305884718 0.48171165642947372 0.49724515809884717 0.42554995647735644 0.93388466792390412 25.194668409427759 28.500000000000004 23.500000000000004 2.5000000000000004 3.5000000000000004 1.5000000000000002 14.574646434701021 600.00000000000011 0.82247899159663873 3.6296836190780013 9349.5000000000018 1.0000000180025095e-35 2.8702082220799316 31960.500000000004 2.1157009420498198 2.6076766626994496 1.7182493859684496
decision_type=2 2 2 2 2 2 2 2 2 2 2 2 2 2 2 2 2 2 2 2 2 2
left_child=1 2 3 13 -5 6 7 -2 10 11 -9 -10 -11 -1 15 16 18 -18 -3 -20 21 -17
right_child=5 14 -4 4 -6 -7 -8 8 9 12 -12 -13 -14 -15 -16 20 17 -19 19 -21 -22 -23
leaf_value=-0.027045773014165261 0.0052126795546585929 -0.018093951208387263 -0.037272620351389174 -0.028748714698224934 0.0084283854759659767 0.15505811402916864 -0.042984156617854236 0.072181987408615395 0.12891955911932501 0.062349754003849331 -0.040036834972978393 0.68461385230036687 -0.12167285769075684 -0.026254342678170457 -0.11804471591578949 -0.028487932951388618 -0.004939870278164585 0.092957436067820531 -0.045749880797996086 -0.19621366013386918 -0.027534337523123328 0.072451247169673577
leaf_weight=187 5760 793 46 79 72 477 536 299 206 208 291 105 51 120 49 185 5896 134 223 154 134 303
leaf_count=187 5760 793 46 79 72 477 536 299 206 208 291 105 51 120 49 185 5896 134 223 154 134 303
internal_value=-0.000181297 -0.000960621 -0.00422888 -0.00313715 0.00179487 0.00063933 0.000457378 0.000674729 0.00268884 0.0049 0.0005 0.00852848 0.000397727 -0.00560897 -0.000746572 -0.000686406 -0.000891395 -0.000501657 -0.00287447 -0.0059555 0.00164673 0.00301724
internal_weight=16308 8375 504 458 151 7933 7456 6920 1160 570 590 311 259 307 7871 7822 7200 6030 1170 377 622 488
internal_count=16308 8375 504 458 151 7933 7456 6920 1160 570 590 311 259 307 7871 7822 7200 6030 1170 377 622 488
is_linear=0
shrinkage=0.035


Tree=135
num_leaves=23
num_cat=0
split_feature=11 12 16 9 22 13 24 9 25 8 21 4 12 9 20 11 20 25 25 9 7 24
split_gain=8.63093 4.79847 3.67261 3.25362 2.97837 4.84717 3.00959 10.6096 3.75741 2.73835 2.69623 2.71191 3.70352 2.67207 4.22242 2.54419 3.384 5.71722 5.09053 4.61053 4.47211 5.27576
threshold=2.4345786037449493 0.48171165642947372 1.0000000180025095e-35 27.767857142857146 3735.5000000000005 1.0000000180025095e-35 8120.5000000000009 2.2573163626507533 224.50000000000003 2.9096191506905797 3.5000000000000004 1.9999246801866812 0.36714701646782166 2.641162536139336 18.500000000000004 2.3916062008157235 11.500000000000002 294.00000000000006 233.00000000000003 7.2158385093167707 0.15043001975395084 4163.5000000000009
decision_type=2 2 2 2 2 2 2 2 2 2 2 2 2 2 2 2 2 2 2 2 2 2
left_child=1 10 3 -2 5 9 15 -8 13 -3 11 12 -1 -9 -15 16 17 18 -6 20 -18 -22
right_child=2 4 -4 -5 6 -7 7 8 -10 -11 -12 -13 -14 14 -16 -17 19 -19 -20 -21 21 -23
leaf_value=0.0088731289795707085 0.0075652243123019514 0.054184044634228178 0.17342111903759741 0.25893241423163088 -0.013013885534971988 0.10382081118469513 0.055635488364048358 -0.0022683603577460334 0.0053833902731248448 -0.043280192866253987 -0.025344078427100413 -0.039153702404738332 -0.026099170958669475 -0.11593182182545345 0.0016685610537571006 -0.11646841197919228 0.0049187019875843009 0.0095080596221760877 -0.034053984811070893 0.15958809133565671 -0.012580363085662488 -0.030121547585603311
leaf_weight=62 7544 120 316 78 602 119 216 180 1074 193 146 104 217 158 88 214 110 1346 99 88 2195 1073
leaf_count=62 7544 120 316 78 602 119 216 180 1074 193 146 104 217 158 88 214 110 1346 99 88 2195 1073
internal_value=-0.000193766 -0.000976038 0.000632318 0.000474957 -0.000755076 0.00204233 -0.000921053 0.000355898 -0.000686047 -0.000220126 -0.00419476 -0.00252577 -0.000616197 -0.00345128 -0.00578685 -0.0013067 -0.0011544 -1.70565e-05 -0.0025779 -0.00182008 -0.00203296 -0.00227238
internal_weight=16342 8404 7938 7622 7875 432 7443 1716 1500 313 529 383 279 426 246 5727 5513 2047 701 3466 3378 3268
internal_count=16342 8404 7938 7622 7875 432 7443 1716 1500 313 529 383 279 426 246 5727 5513 2047 701 3466 3378 3268
is_linear=0
shrinkage=0.035


Tree=136
num_leaves=23
num_cat=0
split_feature=11 12 22 14 9 24 24 22 24 21 12 25 25 8 7 20 20 9 12 15 13 12
split_gain=8.14023 4.60586 3.11806 7.6773 3.4225 6.52645 5.41299 3.7673 3.89462 5.32776 4.86705 3.76293 3.35152 5.27519 4.03745 3.26961 3.41837 3.1089 2.83404 5.16392 3.3972 3.07457
threshold=2.4345786037449493 0.48171165642947372 3735.5000000000005 1.0000000180025095e-35 2.5357338073371021 8120.5000000000009 9349.5000000000018 24335.000000000004 5018.5000000000009 2.5000000000000004 1.6852221055136734 878.00000000000011 180.50000000000003 2.6428517628704777 2.714197881277439 2.5000000000000004 19.500000000000004 2.2857338073371021 0.65054217272638115 0.71130952380952395 0.84523809523809534 1.5882338532114133
decision_type=2 2 2 2 2 2 2 2 2 2 2 2 2 2 2 2 2 2 2 2 2 2
left_child=1 -1 3 -3 5 11 7 -6 9 -9 -11 12 14 18 -4 -8 -17 -7 20 21 -14 -20
right_child=-2 2 4 -5 6 17 15 8 -10 10 -12 -13 13 -15 -16 16 -18 -19 19 -21 -22 -23
leaf_value=-0.024457035682151899 0.012257643214042845 -0.045573751887604701 0.0039579475000085162 0.062712111038751503 -0.013496260960994537 0.053688246271306667 0.14075429633926329 -0.14606432828848057 -0.03673037536784627 0.03158030214300165 -0.090602812866968946 0.053981326912484605 -0.00049660722875466412 -0.059676393147007907 0.11424887790737495 -0.034856341539706223 0.044269520426611197 0.0056539812729587526 -0.011246080809957705 -0.048578436551449979 0.0091819068509061842 0.014030086238631242
leaf_weight=530 7987 226 260 211 952 218 109 184 880 102 111 111 325 93 50 352 291 181 2670 99 102 346
leaf_count=530 7987 226 260 211 952 218 109 184 880 102 111 111 325 93 50 352 291 181 2670 99 102 346
internal_value=-0.000242299 -0.00100321 -0.000786367 0.00205882 -0.000957197 -0.000337444 -0.00187542 -0.00274172 -0.00398596 -0.00687811 -0.00288991 -0.000762743 -0.000948101 -0.00125 0.0025 0.00067041 -0.000270062 0.00389851 -0.00102129 -0.00139103 0.00162037 -0.00111801
internal_weight=16390 8403 7873 437 7436 4455 2981 2229 1277 397 213 4056 3945 3635 310 752 643 399 3542 3115 427 3016
internal_count=16390 8403 7873 437 7436 4455 2981 2229 1277 397 213 4056 3945 3635 310 752 643 399 3542 3115 427 3016
is_linear=0
shrinkage=0.035


Tree=137
num_leaves=23
num_cat=0
split_feature=10 16 22 24 12 24 11 15 12 12 10 23 24 22 9 10 10 22 24 27 8 9
split_gain=9.09725 3.94748 3.18466 3.82335 3.28858 4.76825 3.36463 3.05127 3.07314 5.02886 2.92435 2.86807 2.8607 2.91163 5.01706 8.27448 3.81481 3.09141 2.84022 2.82324 2.58705 3.88425
threshold=1.0000000000000002 1.0000000180025095e-35 15527.500000000002 4472.0000000000009 4.5085896562869303 11523.000000000002 4.743528729544515 0.39642857142857152 1.5535263557498735 2.2815164537545907 2.2990681342044432 41450.000000000007 10740.000000000002 31797.000000000004 16.315921002730601 4.8411990004028951 4.3149794459588824 25082.000000000004 9795.0000000000018 3.5000000000000004 9.3380952380952404 13.058982873418367
decision_type=2 2 2 2 2 2 2 2 2 2 2 2 2 2 2 2 2 2 2 2 2 2
left_child=-1 2 -2 -4 6 12 7 8 -5 10 -10 -8 13 14 15 -6 18 -16 -15 -3 -7 -22
right_child=1 19 3 4 5 20 11 -9 9 -11 -12 -13 -14 16 17 -17 -18 -19 -20 -21 21 -23
leaf_value=-0.014666320850621375 0.015457244496828421 0.10857114175462659 -0.015383008541377682 0.021370478480780518 -0.034122609514643833 -0.14816609058089933 -0.040725438645813433 -0.058001703496405994 -0.012755719021104809 0.017268917604323839 -0.056146339111016991 0.28187496063453993 0.053888693738244807 -0.064274836989807307 -0.12616765816225439 0.24283724447349672 -0.14661139393876452 0.0166099646869057 0.1081330505882884 -0.067218512568657338 -0.021986825829938505 -0.44832902362181554
leaf_weight=3001 2805 389 2430 496 189 63 50 54 754 3596 180 107 352 161 263 175 405 423 178 115 162 47
leaf_count=3001 2805 389 2430 496 189 63 50 54 754 3596 180 107 352 161 263 175 405 423 178 115 162 47
internal_value=-0.000215549 0.000173707 5.29275e-05 -0.000235877 0.000146214 -0.000917251 0.000640977 0.000478368 0.000573942 0.000281698 -0.00199414 0.00561728 -0.000349837 -0.000924125 0.000248815 0.00355691 -0.00259346 -0.00149421 0.000101744 0.00319745 -0.00524368 -0.00310748
internal_weight=16395 13394 12890 10085 7655 2418 5237 5080 5026 4530 934 157 2146 1794 1050 364 744 686 339 504 272 209
internal_count=16395 13394 12890 10085 7655 2418 5237 5080 5026 4530 934 157 2146 1794 1050 364 744 686 339 504 272 209
is_linear=0
shrinkage=0.035


Tree=138
num_leaves=23
num_cat=0
split_feature=12 16 9 20 21 20 21 25 20 21 21 21 8 9 12 0 22 21 25 25 10 25
split_gain=7.03276 5.97554 4.25622 2.92809 7.35599 9.37426 11.6481 5.47567 5.13924 9.02279 7.64653 11.7201 6.34897 4.71564 4.71206 4.39683 4.3602 4.13072 5.32245 5.12689 4.46858 4.04701
threshold=0.48171165642947372 1.0000000180025095e-35 23.900193768280207 23.500000000000004 2.5000000000000004 30.500000000000004 3.5000000000000004 210.50000000000003 10.500000000000002 3.5000000000000004 3.5000000000000004 4.5000000000000009 0.42696347511940796 17.253422721344752 6.9008938940004301 27.944847149584415 52360.000000000007 1.5000000000000002 421.00000000000006 171.00000000000003 4.2201331506865678 171.00000000000003
decision_type=2 2 2 2 2 2 2 2 2 2 2 2 2 2 2 2 2 2 2 2 2 2
left_child=-1 2 3 8 17 6 7 -6 10 16 12 13 -2 -12 -14 -15 -10 18 19 20 -5 -8
right_child=1 -3 -4 4 5 -7 21 -9 9 -11 11 -13 14 15 -16 -17 -18 -19 -20 -21 -22 -23
leaf_value=-0.023087718203504831 -0.031191597903433562 0.054693223095434493 0.12322764975621142 -0.0022480266516844076 0.1346118423017475 -0.10579130811004775 0.1301844268735643 0.050041798964985743 -0.0015329716491970303 -0.046609806206266778 0.028353760269482643 -0.041995901236421988 -0.000277627816421866 0.55612843050418515 -0.15453326313489138 -0.0084682497736962153 -0.035988936767301881 -0.029703112054295534 0.052432467037489931 -0.033063817572774164 0.65537554533682674 -0.012288909982123926
leaf_weight=532 74 601 563 92 288 121 94 546 4353 1477 996 350 3297 139 209 45 320 745 351 487 49 704
leaf_count=532 74 601 563 92 288 121 94 546 4353 1477 996 350 3297 139 209 45 320 745 351 487 49 704
internal_value=-0.00013414 0 -0.000136067 -0.000251662 0.000633257 0.00222981 0.00293983 0.00581943 -0.000526631 -0.00120837 0.000290811 0.00235993 -0.000590656 0.00403165 -0.000363856 0.00916667 -0.00044891 -0.000981781 0.000497967 -0.00140995 0.00431507 -6.53798e-05
internal_weight=16433 15901 15300 14737 3477 1753 1632 834 11260 6150 5110 1530 3580 1180 3506 184 4673 1724 979 628 141 798
internal_count=16433 15901 15300 14737 3477 1753 1632 834 11260 6150 5110 1530 3580 1180 3506 184 4673 1724 979 628 141 798
is_linear=0
shrinkage=0.035


Tree=139
num_leaves=23
num_cat=0
split_feature=14 9 20 21 20 25 4 6 20 21 21 21 21 20 20 20 25 10 23 9 25 7
split_gain=7.74656 4.55173 7.59604 4.35069 4.63575 3.39211 3.18832 4.80849 3.15747 5.0321 4.88294 5.98052 4.61185 5.76998 7.92926 4.58075 4.36904 4.17316 3.37232 3.78317 4.96721 6.72068
threshold=0.44949494949494956 18.326530612244905 23.500000000000004 2.5000000000000004 29.500000000000004 224.50000000000003 1.0010887194926981 4.8705795993534231 8.5000000000000018 3.5000000000000004 3.5000000000000004 4.5000000000000009 2.5000000000000004 30.500000000000004 21.500000000000004 11.500000000000002 637.50000000000011 6.4807406984078604 17650.000000000004 7.2857189445871189 729.50000000000011 1.1459071942171641
decision_type=2 2 2 2 2 2 2 2 2 2 2 2 2 2 2 2 2 2 2 2 2 2
left_child=1 8 -3 -4 5 -5 7 -2 10 12 -1 17 -10 14 15 -14 -16 -12 -11 20 21 -20
right_child=6 2 3 4 -6 -7 -8 -9 9 18 11 -13 13 -15 16 -17 -18 -19 19 -21 -22 -23
leaf_value=-0.0033228336999658837 -0.022251948004622348 0.00816755925184026 0.05813735702874738 0.72139377213556233 -0.030980478397681498 0.12756122860770122 -0.026566079058460711 0.0083703648342656079 -0.0092149755556452922 0.01602651816104856 0.059138741149686501 -0.029496623485346544 0.046971628653034281 -0.10102451902929482 0.072947309629041585 -0.017253356736495473 -0.012320214848370236 -0.086674240129166524 0.024411617111981514 -0.020208794402855192 0.023505883549010547 -0.051015736294231673
leaf_weight=2525 1052 1595 174 139 54 97 230 177 4668 190 719 288 317 103 747 1026 191 92 82 860 184 815
leaf_count=2525 1052 1595 174 139 54 97 230 177 4668 190 719 288 317 103 747 1026 191 92 82 860 184 815
internal_value=-0.000272198 -3.17732e-05 0.00149225 0.00541045 0.00800847 0.0100934 -0.0027015 -0.00195705 -0.000278645 -0.000624728 0.000593139 0.00253623 -0.000171107 0.00107681 0.00145451 -0.000259644 0.00391569 0.00407475 -0.00211376 -0.00255396 -0.00393186 -0.00500554
internal_weight=16325 14866 2059 464 290 236 1459 1229 12807 9183 3624 1099 7052 2384 2281 1343 938 811 2131 1941 1081 897
internal_count=16325 14866 2059 464 290 236 1459 1229 12807 9183 3624 1099 7052 2384 2281 1343 938 811 2131 1941 1081 897
is_linear=0
shrinkage=0.035


Tree=140
num_leaves=23
num_cat=0
split_feature=10 9 20 20 20 12 20 7 20 3 10 6 24 15 24 7 25 12 11 12 6 11
split_gain=7.35199 4.89995 3.6992 9.29718 6.18779 5.57034 3.78028 3.46776 3.2823 3.18665 3.05511 3.89267 3.35423 3.04276 3.48477 4.17307 3.46072 3.21674 5.26826 2.91097 2.90186 2.94859
threshold=0.69006555934235314 23.900193768280207 19.500000000000004 11.500000000000002 4.5000000000000009 0.95780870491049808 28.500000000000004 15.863293650793652 7.5000000000000009 22.052447947677845 1.7728105208558371 9.9933189851049971 3555.0000000000005 0.28869047619047622 5252.0000000000009 21.430126684909297 324.00000000000006 4.8743476917955162 5.2979884155647925 6.0947887844857682 24.170466578992038 3.5531933946703917
decision_type=2 2 2 2 2 2 2 2 2 2 2 2 2 2 2 2 2 2 2 2 2 2
left_child=-1 2 3 4 -2 -5 7 -4 9 -6 12 -12 -10 14 15 17 -15 -7 -19 -9 21 -8
right_child=1 -3 6 5 8 13 20 19 10 -11 11 -13 -14 16 -16 -17 -18 18 -20 -21 -22 -23
leaf_value=-0.020821522913027041 -0.015371658874955865 0.13940682206189095 0.008014002826401221 -0.038760776371215375 0.027794909766014862 -0.033554646879882244 -0.0061528988732057728 0.33506365914831621 -0.019102738813524367 0.44686663587689734 -0.031295302019135322 0.042261231049301816 0.027524309263488769 0.088519558955477459 -0.0086675580840509404 -0.24106421334903569 -0.015346633759843204 0.37147152795940175 -0.05192098061282991 0.062320438968677942 0.21035028739860903 -0.15115158313295204
leaf_weight=1354 2187 583 3617 204 1291 1401 762 208 242 95 673 469 460 47 1664 134 56 73 152 299 52 267
leaf_count=1354 2187 583 3617 204 1291 1401 762 208 242 95 673 469 460 47 1664 134 56 73 152 299 52 267
internal_value=-0.000200828 2.22542e-05 -0.00010482 -0.000529608 0.000393766 -0.00187366 0.000638196 0.00112315 0.00136862 0.00265457 0.000388048 -0.000717088 0.00220297 -0.00153596 -0.00171989 -0.00280595 0.00421296 -0.00228541 0.00152174 0.00382813 -0.00119245 -0.00162476
internal_weight=16290 14936 14353 9148 5417 3731 5205 4124 3230 1386 1844 1142 702 3527 3424 1760 103 1626 225 507 1081 1029
internal_count=16290 14936 14353 9148 5417 3731 5205 4124 3230 1386 1844 1142 702 3527 3424 1760 103 1626 225 507 1081 1029
is_linear=0
shrinkage=0.035


Tree=141
num_leaves=23
num_cat=0
split_feature=12 16 20 20 20 20 4 8 11 10 20 5 0 20 10 10 27 9 12 8 12 25
split_gain=7.49901 4.0908 3.39075 6.76046 5.05727 8.27731 5.00486 4.51141 3.19969 3.31633 3.08208 3.06211 3.39974 3.04862 3.50129 2.5892 2.54803 2.36509 4.61368 2.3347 2.31044 2.77219
threshold=0.48171165642947372 1.0000000180025095e-35 23.500000000000004 28.500000000000004 10.500000000000002 4.5000000000000009 14.999072958688698 14.438132791110812 0.49724515809884717 0.3779644730092277 7.5000000000000009 8.7230576230351975 3.9929401464817613 7.5000000000000009 3.1460006405269008 4.9809159608975522 3.5000000000000004 0.32393328502805191 0.95780870491049808 0.50378643844840409 0.63508777288479024 499.50000000000006
decision_type=2 2 2 2 2 2 2 2 2 2 2 2 2 2 2 2 2 2 2 2 2 2
left_child=8 2 4 7 5 19 13 20 9 -1 15 12 -3 -7 -15 -8 -14 -6 -19 -2 -4 -22
right_child=1 11 3 -5 17 6 10 -9 -10 -11 -12 -13 16 14 -16 -17 -18 18 -20 -21 21 -23
leaf_value=-0.021500740877228579 -0.028852092208303919 0.031521150302150025 0.030515772158175487 -0.016500682917716461 0.0045486526182757806 0.029680566556248709 0.13471127930836568 0.15069656259674 -0.02844511566186261 0.0057489218861162227 0.1084764041619905 0.31940821331361818 0.010640224456126061 0.0051148812021347472 -0.080638479375776534 0.51477648703314827 -0.13161329232864938 -0.028096027500159965 -0.013091029813915089 -0.014728396553821287 0.020874944732903081 -0.018094858164587935
leaf_weight=322 89 175 56 1133 77 1297 58 470 54 160 222 177 169 906 312 118 69 443 5870 2240 1367 560
leaf_count=322 89 175 56 1133 77 1297 58 470 54 160 222 177 169 906 312 118 69 443 5870 2240 1367 560
internal_value=-0.000249404 -0.000109562 -0.000221868 0.000716374 -0.000512804 0.000290166 0.0015353 0.00175142 -0.00430222 -0.00327002 0.00516749 0.00273529 0.00100478 0.000944444 -0.000300491 0.00860497 -0.00165638 -0.00117396 -0.00125198 -0.00125964 0.00100352 0.000778986
internal_weight=16344 15808 15218 3586 11632 5242 2913 2453 536 482 398 590 413 2515 1218 176 238 6390 6313 2329 1983 1927
internal_count=16344 15808 15218 3586 11632 5242 2913 2453 536 482 398 590 413 2515 1218 176 238 6390 6313 2329 1983 1927
is_linear=0
shrinkage=0.035


Tree=142
num_leaves=23
num_cat=0
split_feature=12 16 11 10 10 7 5 21 21 25 27 9 7 24 12 21 9 12 5 27 10 9
split_gain=6.43451 5.38321 4.56261 5.55118 3.7477 3.77023 3.43024 3.30591 3.21191 3.28372 3.01124 2.87709 5.71389 3.27173 3.18556 4.96009 3.58049 4.952 4.02414 2.96322 2.83133 2.70847
threshold=0.48171165642947372 1.0000000180025095e-35 0.49724515809884717 0.3779644730092277 9.930712341974651 26.928571428571434 13.053571428571431 4.5000000000000009 2.5000000000000004 191.00000000000003 3.5000000000000004 10.393218861693699 11.144966344609683 15110.000000000002 4.4754421922454606 2.5000000000000004 18.326530612244905 6.8210593452430386 6.7132062751169226 3.5000000000000004 7.9985116278554473 25.221622339708784
decision_type=2 2 2 2 2 2 2 2 2 2 2 2 2 2 2 2 2 2 2 2 2 2
left_child=2 4 3 -1 5 7 10 11 9 -6 -3 12 13 -2 15 -13 18 20 19 -16 -18 -19
right_child=1 6 -4 -5 8 -7 -8 -9 -10 -11 -12 14 -14 -15 16 -17 17 21 -20 -21 -22 -23
leaf_value=-0.020775915008285399 -0.0053995017785260667 0.060382176068553201 -0.024957737918501567 0.00860494310100819 0.32433886662004019 -0.17159611941587757 0.6724843791214089 -0.045881398220511287 0.27604739979745074 -0.17690912250954016 -0.059447712400198242 0.0065929739249375539 -0.13475760893933975 0.17550085613991429 0.12903811652062314 0.16120487790430543 0.20943252538504042 -0.052490124619484643 -0.040101569942697431 -0.11841322446974424 -0.12428271390191804 0.13946177382505306
leaf_weight=327 10041 364 46 163 55 128 104 332 216 97 125 560 130 166 304 350 520 704 1345 66 62 160
leaf_count=327 10041 364 46 163 55 128 104 332 216 97 125 560 130 166 304 350 520 704 1345 66 62 160
internal_value=-0.000224496 -9.50486e-05 -0.00397874 -0.00286364 -0.000223903 -0.000311807 0.00316054 -0.000257545 0.00323727 -0.000557325 0.00184211 -0.000176056 -0.000487333 -0.000390717 0.000609666 0.00242896 7.73847e-05 0.00136285 -0.000997093 0.00219333 0.00384583 -0.000302071
internal_weight=16365 15829 536 490 15236 14868 593 14740 368 152 489 14408 10337 10207 4071 910 3161 1446 1715 370 582 864
internal_count=16365 15829 536 490 15236 14868 593 14740 368 152 489 14408 10337 10207 4071 910 3161 1446 1715 370 582 864
is_linear=0
shrinkage=0.035


Tree=143
num_leaves=23
num_cat=0
split_feature=10 9 2 16 5 1 11 9 20 20 20 21 21 21 21 20 20 20 2 9 10 6
split_gain=5.61349 4.96123 3.48944 3.0672 3.12307 2.97201 2.77827 3.74478 4.9627 2.51692 4.30648 9.47283 7.64314 6.66927 5.80942 8.65565 8.61157 5.47645 4.57726 3.74934 4.01748 3.25102
threshold=0.42554995647735644 23.327380952380956 29.073923966709916 1.0000000180025095e-35 8.1083281831690481 23.937493722930562 0.4258153136263203 0.3956951516321271 21.500000000000004 2.5000000000000004 8.5000000000000018 3.5000000000000004 4.5000000000000009 3.5000000000000004 2.5000000000000004 21.500000000000004 28.500000000000004 11.500000000000002 11.852133989485408 17.40089285714286 6.335839103296184 7.9732713418271493
decision_type=2 2 2 2 2 2 2 2 2 2 2 2 2 2 2 2 2 2 2 2 2 2
left_child=-1 3 -3 6 -5 -4 -2 8 -8 -9 11 -11 19 14 21 17 18 -16 -17 20 -13 -12
right_child=1 2 5 4 -6 -7 7 9 -10 10 13 12 -14 -15 15 16 -18 -19 -20 -21 -22 -23
leaf_value=-0.019547940525456439 0.010953205706965371 0.18797896408146586 0.22674063554799051 0.0081544404377622837 0.27354076355504703 -0.1492194358387208 -0.025254664039682507 -0.028226949801605523 0.010957891674043254 -0.001253955984935602 -0.0011438409077182323 0.054609513302832896 -0.060338725552314537 -0.027092453953378282 0.041062803920480048 0.05679432268800931 -0.0086025158775199541 -0.015604813081879422 0.38984427667172805 0.66036329978045816 -0.092090651527441392 -0.045939991622268583
leaf_weight=624 83 518 55 397 155 104 193 1138 71 2050 4060 531 107 2416 339 595 352 1135 184 106 47 1071
leaf_count=624 83 518 55 397 155 104 193 1138 71 2050 4060 531 107 2416 339 595 352 1135 184 106 47 1071
internal_value=-0.000124265 4.45519e-06 0.00292522 -0.000126871 0.00241921 -0.0014939 -0.000225955 -0.000264931 -0.00435874 -0.000185696 -4.57763e-05 0.00115601 0.00439698 -0.000384218 0.000115295 0.00146169 0.0037588 -0.000295808 0.00580357 0.0057656 0.00453259 -0.000565615
internal_weight=16331 15707 677 15030 552 159 14478 14395 264 14131 12993 2841 791 10152 7736 2605 1131 1474 779 684 578 5131
internal_count=16331 15707 677 15030 552 159 14478 14395 264 14131 12993 2841 791 10152 7736 2605 1131 1474 779 684 578 5131
is_linear=0
shrinkage=0.035


Tree=144
num_leaves=23
num_cat=0
split_feature=12 16 21 11 10 5 10 5 9 14 24 9 11 12 12 22 9 9 15 12 24 9
split_gain=6.60454 3.80701 3.69696 3.55841 4.91881 2.98345 3.42904 2.80372 3.7325 2.7138 4.33018 3.80369 3.37336 5.07473 3.16945 2.61814 4.18686 2.84079 4.62182 4.39499 3.74195 3.39558
threshold=0.48171165642947372 1.0000000180025095e-35 4.5000000000000009 0.49724515809884717 0.3779644730092277 10.946439606378263 7.252257262441371 6.9966807769941894 27.767857142857146 1.0000000180025095e-35 1706.5000000000002 3.4897302743485183 1.0860019357503572 2.3497233763288237 2.1922373856470738 3735.5000000000005 2.8000848965760849 2.6071448546910281 0.078461538461538485 1.8502109131881215 8120.5000000000009 2.2857338073371021
decision_type=2 2 2 2 2 2 2 2 2 2 2 2 2 2 2 2 2 2 2 2 2 2
left_child=3 2 7 4 -1 -3 -7 9 -9 10 12 15 -2 -14 -13 16 -11 19 -19 20 -17 -22
right_child=1 5 -4 -5 -6 6 -8 8 -10 11 -12 14 13 -15 -16 17 -18 18 -20 -21 21 -23
leaf_value=-0.019364580064604436 -0.11107036330833096 0.014994599724328232 -0.045610581047873404 -0.029910503129533361 0.0075932144970059122 0.60519461928913809 0.08730410329714744 0.011113142809770766 0.34916618428787932 0.10308741959389443 -0.0097864853143400776 0.14484337461955002 -0.004534073350810193 -0.18803199824821465 0.016702533591313937 -0.0052052445296272383 -0.0031571937624218374 -0.0040021098294503333 -0.064836186207930954 0.074123091434491889 0.040459632444927507 -0.016447609655728786
leaf_weight=318 46 449 359 51 163 76 61 5395 49 72 4058 64 215 68 144 3480 107 465 220 132 200 139
leaf_count=318 46 449 359 51 163 76 61 5395 49 72 4058 64 215 68 144 3480 107 465 220 132 200 139
internal_value=-0.000190683 -5.9795e-05 -0.000167893 -0.00400838 -0.00295267 0.00269459 0.00714789 -8.12639e-05 0.000549183 -0.000447955 -0.00108379 0.000104415 -0.00492515 -0.00328125 0.0046831 -9.43983e-05 0.00399457 -0.000260181 -0.00233333 9.73205e-05 -0.000118985 0.00335756
internal_weight=16331 15799 15213 532 481 586 137 14854 5444 9410 4387 5023 329 283 208 4815 179 4636 685 3951 3819 339
internal_count=16331 15799 15213 532 481 586 137 14854 5444 9410 4387 5023 329 283 208 4815 179 4636 685 3951 3819 339
is_linear=0
shrinkage=0.035


Tree=145
num_leaves=23
num_cat=0
split_feature=12 10 21 20 21 25 20 21 21 21 8 9 9 22 11 20 21 9 20 21 12 25
split_gain=5.97263 3.49235 4.74002 3.27883 8.03225 9.48096 5.9935 11.4305 9.17625 10.9835 5.43149 5.34163 4.32014 4.2832 4.26412 4.21303 4.46815 3.77847 3.73867 4.07518 3.6689 3.58272
threshold=0.48171165642947372 0.42554995647735644 1.5000000000000002 23.500000000000004 2.5000000000000004 224.50000000000003 10.500000000000002 3.5000000000000004 3.5000000000000004 4.5000000000000009 0.42696347511940796 17.40089285714286 0.50362839128594772 52360.000000000007 5.8159366304800244 30.500000000000004 3.5000000000000004 10.393218861693699 28.500000000000004 3.5000000000000004 4.1752893234417243 729.50000000000011
decision_type=2 2 2 2 2 2 2 2 2 2 2 2 2 2 2 2 2 2 2 2 2 2
left_child=1 -1 -3 6 12 18 8 13 10 11 -2 14 -5 -8 -10 16 17 -7 19 -6 -21 -9
right_child=3 2 -4 4 5 15 7 21 9 -11 -12 -13 -14 -15 -16 -17 -18 -19 -20 20 -22 -23
leaf_value=-0.018659119700583461 -0.027242132796358936 0.013455490712689144 -0.020091388028284779 0.025918845972150228 0.16982833635665259 0.017691870311197785 0.0015766032064253334 -0.04963645581198968 0.03683428625468995 -0.026125821405500762 -0.0032929589187974443 0.42224245986934211 -0.013783749760566765 -0.033577917934327149 -0.088017456103666 -0.097087624620989937 -0.02185636987670151 0.26218621121519065 0.025962124205051628 0.0040601180340052159 0.22361737371109336 0.019434399557792529
leaf_weight=350 79 58 115 76 255 401 4658 1442 946 388 3745 245 1745 331 86 79 528 138 265 148 109 215
leaf_count=350 79 58 115 76 255 401 4658 1442 946 388 3745 245 1745 331 86 79 528 138 265 148 109 215
internal_value=-0.000116261 -0.00377841 0.000196629 4.40695e-06 0.000910243 0.00248703 -0.000273888 -0.000981431 0.000579723 0.00274551 -0.00036106 0.00431357 -0.000747536 -0.000140168 0.00315574 0.000440921 0.00104478 0.00328125 0.00546036 0.00720986 0.00387405 -0.00349579
internal_weight=16402 523 173 15879 3744 1923 12135 6646 5489 1665 3824 1277 1821 4989 1032 1146 1067 539 777 512 257 1657
internal_count=16402 523 173 15879 3744 1923 12135 6646 5489 1665 3824 1277 1821 4989 1032 1146 1067 539 777 512 257 1657
is_linear=0
shrinkage=0.035


Tree=146
num_leaves=23
num_cat=0
split_feature=12 20 20 7 20 24 7 10 12 6 24 11 10 6 25 12 12 4 10 11 25 22
split_gain=5.20094 3.33173 8.60158 5.60321 5.56918 3.65415 4.48801 3.63733 3.75996 3.58426 2.9705 2.91787 4.73857 4.02191 2.87385 3.03519 6.77447 2.86074 3.08646 2.72879 2.72702 2.69937
threshold=0.48171165642947372 20.500000000000004 11.500000000000002 18.451115397679409 4.5000000000000009 9349.5000000000018 5.4340659340659352 0.4879500364742671 0.95780870491049808 9.6921791352322053 5252.0000000000009 0.49724515809884717 0.3779644730092277 0.93388466792390412 233.00000000000003 6.4635219713292207 4.7751561600650705 4.8493515340940085 0.42554995647735644 3.1061795904859761 210.50000000000003 31797.000000000004
decision_type=2 2 2 2 2 2 2 2 2 2 2 2 2 2 2 2 2 2 2 2 2 2
left_child=11 2 4 20 5 -2 -7 -4 -9 17 -10 12 -1 -14 -11 16 19 18 -6 -16 -3 -12
right_child=1 3 7 -5 9 6 -8 8 10 14 21 -13 13 -15 15 -17 -18 -19 -20 -21 -22 -23
leaf_value=-0.018006050511063042 -0.021077684045621933 0.013710039093810604 0.01007612121618855 0.16580485557354907 -0.02621945357989882 0.16173113686627263 0.0020875919677734701 -0.028160798644882964 -0.028821178262824536 0.21085613165113565 0.069385679382082233 -0.026313514886381249 -0.012338099983085443 0.012734906040093209 -0.063933429309997764 0.30258455422837788 -0.13590687872620338 -0.0054510948156780972 0.016256427753689517 0.1661102581490137 -0.0037948218169818531 -0.013312728173337193
leaf_weight=328 1848 1533 111 531 48 105 456 276 2265 485 302 51 85 73 62 83 121 1441 1172 134 3198 1635
leaf_count=328 1848 1533 111 531 48 105 456 276 2265 485 302 51 85 73 62 83 121 1441 1172 134 3198 1635
internal_value=-0.000179839 -6.3089e-05 -0.000423026 0.000654547 0.000452181 -0.000840928 0.00160777 -0.00156182 -0.0017215 0.00133554 -0.00145175 -0.00355166 -0.00260183 0.0022546 0.00326404 0.000993827 -0.000543478 0.000682671 0.00192857 0.00339552 0.000266047 -0.000432544
internal_weight=16343 15806 10544 5262 5955 2409 561 4589 4478 3546 4202 537 486 158 885 400 317 2661 1220 196 4731 1937
internal_count=16343 15806 10544 5262 5955 2409 561 4589 4478 3546 4202 537 486 158 885 400 317 2661 1220 196 4731 1937
is_linear=0
shrinkage=0.035


Tree=147
num_leaves=23
num_cat=0
split_feature=12 20 21 8 20 21 20 20 20 21 21 12 21 21 21 21 24 20 24 8 20 21
split_gain=6.53696 3.57875 6.9989 7.33978 4.60191 5.59459 4.45436 4.41612 8.64847 8.43862 7.25945 6.18433 5.48606 5.2863 6.2101 5.39773 5.11836 4.70212 4.21418 3.95781 3.66423 3.50251
threshold=0.48171165642947372 23.500000000000004 2.5000000000000004 18.501524510250249 30.500000000000004 3.5000000000000004 28.500000000000004 8.5000000000000018 4.5000000000000009 3.5000000000000004 3.5000000000000004 5.9012486132499458 1.5000000000000002 2.5000000000000004 3.5000000000000004 4.5000000000000009 7066.5000000000009 1.5000000000000002 9349.5000000000018 0.50378643844840409 11.500000000000002 1.5000000000000002
decision_type=2 2 2 2 2 2 2 2 2 2 2 2 2 2 2 2 2 2 2 2 2 2
left_child=-1 7 19 4 5 -4 -5 8 12 -10 -9 -11 18 -14 -15 17 20 -16 -2 -3 -12 -21
right_child=1 2 3 6 -6 -7 -8 10 9 11 16 -13 13 14 15 -17 -18 -19 -20 21 -22 -23
leaf_value=-0.016647174450211688 -0.12488340106505846 0.025603470253616156 0.050386472659715971 0.58651821112987557 -0.066289089582430918 -0.0009322956085090129 0.040217340586116174 -0.002932225844920431 0.009064152132079074 0.047422079648359566 -0.00065493551608456499 0.73763921988607595 0.044588695048169751 -0.055285810983020059 -0.045058594444250505 -0.038523495915185592 -0.002039508138813755 0.046300433551529283 0.069129577763487479 0.0048174275894379594 -0.055962123290013238 -0.029865971031729166
leaf_weight=542 381 89 796 157 109 772 80 5762 1519 420 234 103 516 522 133 384 664 380 112 978 977 753
leaf_count=542 381 89 796 157 109 772 80 5762 1519 420 234 103 516 522 133 384 664 380 112 978 977 753
internal_value=-0.000172992 -4.19664e-05 0.000903316 0.00238015 0.00153983 0.00203592 0.00809917 -0.000335205 0.000535754 0.00221422 -0.000847291 0.0060322 -0.000870325 -1.80412e-05 -0.00113062 0.000620843 -0.0027367 0.00297297 -0.00414659 -0.000642466 -0.00408717 -0.00102823
internal_weight=16383 15841 3734 1914 1677 1568 237 12107 4470 2042 7637 523 2428 1935 1419 897 1875 513 493 1820 1211 1731
internal_count=16383 15841 3734 1914 1677 1568 237 12107 4470 2042 7637 523 2428 1935 1419 897 1875 513 493 1820 1211 1731
is_linear=0
shrinkage=0.035


Tree=148
num_leaves=23
num_cat=0
split_feature=10 7 25 12 21 9 12 21 10 21 8 7 11 12 9 21 0 9 9 12 22 9
split_gain=5.59155 3.48842 4.57312 4.02124 4.06784 3.45748 2.76123 4.16636 2.62571 3.67406 3.79342 3.47197 2.43523 2.08561 4.44412 2.05253 1.97139 1.96719 2.39452 1.92976 4.90468 4.79404
threshold=0.48795003647426188 15.44637328615657 455.50000000000006 5.9012486132499458 3.5000000000000004 16.315921002730601 0.46353166270361285 2.5000000000000004 9.930712341974651 2.5000000000000004 24.51467325084613 27.456079625851221 0.4258153136263203 0.58079340114900446 0.53708791208791218 3.5000000000000004 25.102403528914756 15.684722134426346 16.774921507064366 5.0887576426852483 33201.500000000007 16.315921002730601
decision_type=2 2 2 2 2 2 2 2 2 2 2 2 2 2 2 2 2 2 2 2 2 2
left_child=6 12 3 4 -3 -4 -1 -8 11 10 -10 17 -2 -9 -15 -7 -11 -5 -19 -14 21 -21
right_child=1 2 5 8 -6 15 7 13 9 16 -12 -13 19 14 -16 -17 -18 18 -20 20 -22 -23
leaf_value=-0.016793187637418425 0.010501270381665572 0.18861340656898828 0.109744690050172 0.58123333721735637 -0.12072348373151394 -0.22605355255583076 0.0081831496989445644 0.0031146105439720587 -0.2379837074962769 0.49059153382586629 0.35566731185717504 -0.18848425965403895 -0.0028570860148956268 -0.03951992162576505 -0.0003211200758666877 -0.073624277027225141 0.070898310932539635 -0.21561004608974016 0.01154053802383217 0.24263053069614335 -0.10259050908901472 -0.07193495480271217
leaf_weight=334 96 675 95 63 98 132 93 72 90 126 69 98 11895 74 85 95 73 54 1330 174 351 192
leaf_count=334 96 675 95 63 98 132 93 72 90 126 69 98 11895 74 85 95 73 54 1330 174 351 192
internal_value=-0.000255513 -0.000121412 0.000949883 0.0014295 0.00355398 -0.00294343 -0.00340498 -0.00101064 0.000550314 0.00323003 -0.000640244 -6.77419e-05 -0.000375796 -0.00355932 -0.0057622 -0.00528017 0.00634804 0.00036157 6.2995e-05 -0.000420266 -0.00218144 0.000613208
internal_weight=16364 15706 2998 2676 773 322 658 324 1903 358 159 1545 12708 231 159 227 199 1447 1384 12612 717 366
internal_count=16364 15706 2998 2676 773 322 658 324 1903 358 159 1545 12708 231 159 227 199 1447 1384 12612 717 366
is_linear=0
shrinkage=0.035


Tree=149
num_leaves=23
num_cat=0
split_feature=10 20 20 21 21 24 7 6 24 20 21 21 20 12 21 25 20 24 21 21 12 10
split_gain=5.32865 3.69409 6.24168 6.50692 5.89193 5.56001 5.52855 3.8748 3.58367 3.56282 5.28069 4.85521 6.76804 4.826 4.29512 4.19858 3.24295 5.19876 3.16518 6.18366 4.23397 3.57168
threshold=0.48795003647426188 20.500000000000004 11.500000000000002 1.5000000000000002 3.5000000000000004 7066.5000000000009 16.288141836888595 3.7942715803047018 8654.0000000000018 3.5000000000000004 2.5000000000000004 3.5000000000000004 8.5000000000000018 7.699841913030089 3.5000000000000004 191.00000000000003 4.5000000000000009 9349.5000000000018 2.5000000000000004 3.5000000000000004 0.52004063163607117 2.34636834755521
decision_type=2 2 2 2 2 2 2 2 2 2 2 2 2 2 2 2 2 2 2 2 2 2
left_child=-1 2 3 16 -4 -6 18 8 -7 10 -5 15 13 -13 -12 -11 17 -2 20 -20 -3 -21
right_child=1 6 4 9 5 7 -8 -9 -10 11 14 12 -14 -15 -16 -17 -18 -19 19 21 -22 -23
leaf_value=-0.015476761777144639 -0.1284858295468681 0.040802655190385999 -0.0078218459378175363 0.039909210318041982 -0.057401203893682293 0.0032603103195986008 0.13302973376271077 0.031017660822566795 -0.11055329046236399 0.054652951269229415 -0.056476823197383244 0.052600343613567857 -0.0018265897938706855 0.8848793678430259 -0.0001772808368403789 -0.0011666952762985263 -0.0076687548123286113 0.084287210600599682 0.037306899806641862 0.0090226860475310037 -0.0094033211563580039 -0.07292417026849439
leaf_weight=679 379 51 3417 377 745 65 762 280 66 409 386 559 360 71 758 1661 887 109 1135 655 2124 392
leaf_count=679 379 51 3417 377 745 65 762 280 66 409 386 559 360 71 758 1661 887 109 1135 655 2124 392
internal_value=-0.000199302 -6.59618e-05 -0.000441902 0.000302382 -0.00141437 -0.00357235 0.000703552 -0.000252404 -0.00514706 0.000938727 -0.00043578 0.00162724 0.0036407 0.00581496 -0.00162968 0.000649398 -0.00180072 -0.00408215 0.000216644 0.00116027 -0.000722477 -0.000765209
internal_weight=16327 15648 10529 5956 4573 1156 5119 411 131 4581 1521 3060 990 630 1144 2070 1375 488 4357 2182 2175 1047
internal_count=16327 15648 10529 5956 4573 1156 5119 411 131 4581 1521 3060 990 630 1144 2070 1375 488 4357 2182 2175 1047
is_linear=0
shrinkage=0.035


Tree=150
num_leaves=23
num_cat=0
split_feature=10 20 20 20 21 7 9 21 21 21 21 20 21 25 25 25 12 21 12 9 9 8
split_gain=5.88026 3.5063 8.7279 7.53337 8.31741 5.75032 4.82724 3.46815 5.93567 6.44403 3.46201 3.72021 3.17128 4.36896 3.79646 3.09944 3.03914 3.22078 3.01829 3.05323 2.97257 4.50427
threshold=0.42554995647735644 19.500000000000004 9.5000000000000018 4.5000000000000009 3.5000000000000004 17.154761904761909 17.524877625317149 1.5000000000000002 2.5000000000000004 3.5000000000000004 4.5000000000000009 1.5000000000000002 3.5000000000000004 224.50000000000003 248.50000000000003 729.50000000000011 0.46353166270361285 2.5000000000000004 5.1395437612930941 18.326530612244905 0.53708791208791218 0.20936799804848402
decision_type=2 2 2 2 2 2 2 2 2 2 2 2 2 2 2 2 2 2 2 2 2 2
left_child=16 2 3 7 -5 -3 -6 -2 -9 -10 11 -11 -4 -14 -15 -16 -1 -18 -7 -20 21 -19
right_child=1 5 12 4 6 18 -8 8 9 10 -12 -13 13 14 15 -17 17 20 19 -21 -22 -23
leaf_value=-0.015663739407908717 -0.071226183105550761 0.0021007089487707024 -0.011391183070549361 0.0087247927435070254 0.03572867235607291 0.56121843712769826 0.59703396757003413 0.0425309002031714 -0.058361740600851648 -0.040696842710143094 -0.034296726749907955 0.045005288486735628 -0.08315123922542185 0.098049237074398207 -0.032381242491827035 0.062964097780775177 0.0068794850980053871 0.013868149068518722 -0.26152976868523953 0.11934906597647719 0.0097993637637307403 -0.026744835321862927
leaf_weight=330 474 4919 3853 1911 496 81 128 520 512 127 371 377 503 85 507 173 85 45 90 576 62 101
leaf_count=330 474 4919 3853 1911 496 81 128 520 512 127 371 377 503 85 507 173 85 45 90 576 62 101
internal_value=-0.00018967 -5.57041e-05 -0.000449612 0.000600996 0.00192913 0.000638776 0.00542528 -0.00080679 -0.000128138 -0.00133261 0.000477273 0.0023723 -0.00146118 -0.00298311 -0.00127273 -0.00217153 -0.00351115 -0.000822148 0.00349069 0.00263413 -0.00320423 -0.0059106
internal_weight=16326 15703 10037 4916 2535 5666 624 2381 1907 1387 875 504 5121 1268 765 680 623 293 747 666 208 146
internal_count=16326 15703 10037 4916 2535 5666 624 2381 1907 1387 875 504 5121 1268 765 680 623 293 747 666 208 146
is_linear=0
shrinkage=0.035


Tree=151
num_leaves=23
num_cat=0
split_feature=10 16 21 24 22 9 15 7 27 12 3 15 24 12 21 15 21 12 12 5 10 2
split_gain=5.07758 4.18336 3.67993 2.74226 2.83003 5.90325 2.59639 3.55602 2.64972 2.5764 2.57167 2.50463 3.33038 3.01866 3.87542 4.45244 2.91952 2.70547 2.53449 2.28233 3.09166 3.29682
threshold=1.0000000000000002 1.0000000180025095e-35 4.5000000000000009 5457.0000000000009 48992.500000000007 0.96796171728274449 0.71714285714285719 0.15043001975395084 3.5000000000000004 0.36714701646782166 1.129656245463887 0.13961038961038963 1706.5000000000002 0.83187999366322607 2.5000000000000004 0.55777777777777793 3.5000000000000004 0.61376547493725109 1.184637334902003 13.32559790105371 2.6457850574621076 8.9643303029379542
decision_type=2 2 2 2 2 2 2 2 2 2 2 2 2 2 2 2 2 2 2 2 2 2
left_child=3 2 -2 6 9 -6 8 -8 -1 -5 -7 12 -10 14 15 17 18 -13 -15 20 -3 -22
right_child=1 19 -4 4 5 10 7 -9 11 -11 -12 13 -14 16 -16 -17 -18 -19 -20 -21 21 -23
leaf_value=0.00012569454657737069 0.001592477022906591 0.06788375156814451 -0.058365331917631422 0.015276513541805528 0.050371194364706336 -0.033554755800722175 -0.0057734754327802623 0.049182975733982379 -0.08440834143834032 -0.020734616207769646 0.024605613788958421 0.04825418270226408 -0.01740904481082069 0.041528577954686854 -0.019085190453115665 0.036635387843699088 0.060195875246981286 -0.027577850407961724 -0.032578984383975398 0.54610479658917754 -0.15475031515914237 0.10500889273876327
leaf_weight=1115 12588 221 301 119 55 110 66 57 77 631 61 51 109 45 205 68 55 75 57 109 81 97
leaf_count=1115 12588 221 301 119 55 110 66 57 77 631 61 51 109 45 205 68 55 75 57 109 81 97
internal_value=-0.000147634 0.000141024 1.62866e-05 -0.00145981 -0.0029791 0.000378788 -0.000696474 0.00410156 -0.00103383 -0.00400993 -0.00278409 -0.00264726 -0.00613874 -0.00140374 -0.00303218 0.000439698 0.00259259 -0.00333969 -0.000817757 0.00324074 0.00190594 -0.00143443
internal_weight=16353 13397 12889 2956 976 226 1980 123 1857 750 171 742 186 556 399 194 157 126 102 508 399 178
internal_count=16353 13397 12889 2956 976 226 1980 123 1857 750 171 742 186 556 399 194 157 126 102 508 399 178
is_linear=0
shrinkage=0.035


Tree=152
num_leaves=23
num_cat=0
split_feature=12 20 20 20 21 21 12 8 25 21 21 20 25 12 12 24 25 21 21 2 20 20
split_gain=4.55305 2.98833 2.77468 4.76159 7.82261 7.77946 4.87438 4.24294 3.69603 4.02492 8.54883 8.77419 4.46177 3.62625 3.61174 4.318 3.45039 3.31726 3.85098 4.34254 3.8257 3.30815
threshold=0.48171165642947372 19.500000000000004 19.500000000000004 9.5000000000000018 3.5000000000000004 4.5000000000000009 7.699841913030089 0.42696347511940796 166.00000000000003 3.5000000000000004 2.5000000000000004 29.500000000000004 637.50000000000011 0.69341176683614714 0.7905469377017692 1706.5000000000002 381.00000000000006 1.5000000000000002 2.5000000000000004 10.905727041159141 4.5000000000000009 21.500000000000004
decision_type=2 2 2 2 2 2 2 2 2 2 2 2 2 2 2 2 2 2 2 2 2 2
left_child=1 -1 3 4 7 6 -6 -2 -4 10 16 12 21 -9 -11 -16 -10 -15 19 -19 -20 -12
right_child=2 -3 8 -5 5 -7 -8 13 9 14 11 -13 -14 17 15 -17 -18 18 20 -21 -22 -23
leaf_value=-0.014921522209630965 -0.024045645983086492 0.0041930223808389682 0.095318984285773303 -0.011903035917568807 0.031137480891549107 -0.027900178472707746 0.58053981490568352 0.037100482520099697 -0.012139602758195107 -0.028543025979703349 0.011177115983719723 -0.028928232629100849 -0.0025695238161612191 -0.036177308756233796 0.054239816000722862 -0.022903025079302711 0.010069323787358525 0.0042293607945671496 -0.052045667622592995 0.22895095227162499 0.0082550794765492343 0.075541012671249047
leaf_weight=348 73 175 564 5094 1033 376 137 78 1404 57 185 233 205 1100 98 1123 1116 781 496 322 628 748
leaf_count=348 73 175 564 5094 1033 376 137 78 1404 57 185 233 205 1100 98 1123 1116 781 496 322 628 748
internal_value=-5.02167e-05 -0.00324811 5.51842e-05 -0.000292156 0.000469775 0.00253868 0.00394681 -0.000447172 0.000670965 0.000372053 0.000934292 0.00315407 0.00442476 -0.000256598 -0.00132307 -0.000884992 -0.000270297 -0.000441176 0.000329301 0.00180054 -0.00110053 0.00544776
internal_weight=16374 523 15851 10118 5024 1546 1170 3478 5733 5169 3891 1371 1138 3405 1278 1221 2520 3327 2227 1103 1124 933
internal_count=16374 523 15851 10118 5024 1546 1170 3478 5733 5169 3891 1371 1138 3405 1278 1221 2520 3327 2227 1103 1124 933
is_linear=0
shrinkage=0.035


Tree=153
num_leaves=23
num_cat=0
split_feature=14 23 27 9 11 23 14 11 15 11 20 9 20 20 20 20 21 20 21 20 20 4
split_gain=4.83719 2.72842 3.81888 5.57126 5.67985 3.93885 7.27862 5.5602 3.95964 5.77983 3.22721 2.713 2.41836 5.27474 3.53355 2.66881 3.3783 3.4337 2.34059 2.42591 2.32467 2.14785
threshold=0.42261904761904767 19200.000000000004 3.5000000000000004 2.9287756300286603 1.7444527221758717 5950.0000000000009 0.14835164835164838 3.214692685772961 0.088932806324110686 1.3818508889392536 24.500000000000004 2.1173161401228175 7.5000000000000009 18.500000000000004 2.5000000000000004 28.500000000000004 2.5000000000000004 23.500000000000004 1.5000000000000002 19.500000000000004 21.500000000000004 2.95813533133922
decision_type=2 2 2 2 2 2 2 2 2 2 2 2 2 2 2 2 2 2 2 2 2 2
left_child=1 2 3 11 -5 -4 7 8 -7 -10 -9 -1 14 -14 -6 16 -15 -18 19 -13 -20 -2
right_child=21 -3 5 4 12 6 -8 10 9 -11 -12 18 13 15 -16 -17 17 -19 20 -21 -22 -23
leaf_value=0.12900556268327765 -0.010742311618179236 -0.0028429616492287573 -0.054139890547407719 -0.050358893142873493 -0.015401943207345108 -0.10102606817210695 0.054587655486004104 -0.022796725999482563 0.042325031916793654 -0.078251330640162584 0.18523191861328628 0.081778376446339077 -0.036438990985123543 0.03290226198878976 0.20548237241816528 -0.065444768636526915 0.055255043226405509 0.56555757239015658 0.038093372079504369 -0.046133143785014943 0.10094562259300266 -0.019346247565501365
leaf_weight=54 1506 11448 69 213 114 155 180 406 70 127 101 47 482 190 224 94 112 112 271 70 106 172
leaf_count=54 1506 11448 69 213 114 155 180 406 70 127 101 47 482 190 224 94 112 112 271 70 106 172
internal_value=-0.000167197 3.58362e-05 0.000940037 0.00182187 0.00072445 -0.000707547 -0.0001341 -0.00149884 -0.00485294 -0.00138614 0.000820313 0.00484177 0.00158852 0.00068593 0.00413265 0.00317251 0.00438544 0.00725983 0.00389279 -0.000286885 0.00522251 -0.00194444
internal_weight=16323 14645 3197 2089 1541 1108 1039 859 352 197 507 548 1328 990 338 508 414 224 494 117 377 1678
internal_count=16323 14645 3197 2089 1541 1108 1039 859 352 197 507 548 1328 990 338 508 414 224 494 117 377 1678
is_linear=0
shrinkage=0.035


Tree=154
num_leaves=23
num_cat=0
split_feature=10 20 21 25 20 7 20 21 21 21 22 20 20 22 10 23 23 20 8 9 9 10
split_gain=5.48847 3.47548 5.19627 6.47789 5.30097 4.35326 4.32261 6.92275 5.73988 5.37969 4.96556 4.0768 4.17456 3.88121 3.68784 3.81089 3.6584 3.60215 3.89596 5.94856 3.50217 3.91004
threshold=0.42554995647735644 23.500000000000004 2.5000000000000004 499.50000000000006 29.500000000000004 15.717747209918626 11.500000000000002 3.5000000000000004 3.5000000000000004 4.5000000000000009 33201.500000000007 1.5000000000000002 8.5000000000000018 44839.000000000007 5.3365846963389183 61700.000000000007 62250.000000000007 18.500000000000004 1.0741758241758244 0.57332179065277356 17.40089285714286 6.4807406984078604
decision_type=2 2 2 2 2 2 2 2 2 2 2 2 2 2 2 2 2 2 2 2 2 2
left_child=-1 6 -3 4 5 -4 8 17 10 11 -2 -10 20 -9 15 -12 -17 -8 19 -19 21 -13
right_child=1 2 3 -5 -6 -7 7 13 9 -11 14 12 -14 -15 -16 16 -18 18 -20 -21 -22 -23
leaf_value=-0.014023288025657603 0.005315466920937038 -0.0060891978602640512 0.040067584274788577 -0.011785448420940129 -0.014360612965942272 0.4704204812729505 -0.011914109931851442 -0.044849137520739754 -0.04576967964447691 -0.021099707769266091 -0.026632587074380494 0.041824623142621205 0.0031593083625463128 0.0019968670232420218 -0.23318796843163536 0.28244144713798641 -0.0077855364408618713 0.0087133308001196633 0.021259347797958416 -0.033770131559946424 0.56101880679396676 -0.087096799432477931
leaf_weight=609 2729 1762 891 489 294 231 2683 1176 130 379 885 661 378 341 110 90 385 88 1717 95 157 59
leaf_count=609 2729 1762 891 489 294 231 2683 1176 130 379 885 661 378 341 110 90 385 88 1717 95 157 59
internal_value=-0.000173458 -4.5599e-05 0.000895969 0.0021623 0.00336207 0.00445652 -0.000333527 -0.000988943 0.000334283 0.0020082 -0.000366318 0.00302158 0.00363889 -0.00303548 -0.00200508 -0.00147436 0.00102083 -0.000305144 0.000854331 -0.00390957 0.00496032 0.00383793
internal_weight=16339 15730 3667 1905 1416 1122 12063 6100 5963 1764 4199 1385 1255 1517 1470 1360 475 4583 1900 183 877 720
internal_count=16339 15730 3667 1905 1416 1122 12063 6100 5963 1764 4199 1385 1255 1517 1470 1360 475 4583 1900 183 877 720
is_linear=0
shrinkage=0.035


Tree=155
num_leaves=23
num_cat=0
split_feature=10 16 27 11 14 14 20 20 21 21 24 9 24 20 21 20 21 21 9 5 15 21
split_gain=5.24286 2.95703 3.02231 2.94538 3.18962 3.01353 2.78541 4.18426 3.60592 10.2133 5.13468 4.18887 3.76335 2.91329 6.39051 5.36351 7.05 4.90682 4.39935 3.0038 4.0478 2.92204
threshold=0.48795003647426188 1.0000000180025095e-35 3.5000000000000004 0.46795329871770469 0.42261904761904767 0.24038461538461542 20.500000000000004 28.500000000000004 3.5000000000000004 2.5000000000000004 1706.5000000000002 18.672043959643712 6315.0000000000009 8.5000000000000018 1.5000000000000002 4.5000000000000009 3.5000000000000004 2.5000000000000004 17.524877625317149 13.053571428571431 0.069047619047619066 3.5000000000000004
decision_type=2 2 2 2 2 2 2 2 2 2 2 2 2 2 2 2 2 2 2 2 2 2
left_child=-1 3 -3 -2 5 6 13 8 9 10 -8 12 -11 14 -5 17 -17 -16 -18 20 -19 -21
right_child=1 2 -4 4 -6 -7 7 -9 -10 11 -12 -13 -14 -15 15 16 18 19 -20 21 -22 -23
leaf_value=-0.013532472944759585 0.013424845620914453 0.067999042706087212 -0.017929705567142094 -0.049123493299858281 -0.010866903576254519 0.015026020853929218 -0.060393970010811517 -0.02083075179029982 -0.010154071652493527 0.018352089299930086 0.011786643568800593 0.61500036512248124 0.13481316845248331 -0.013561431804720947 0.05529499293739399 0.012264191019986158 0.053282225903086206 0.026019656401477055 0.62475229200132598 -0.26255314656367845 -0.031937337623781023 -0.058451483779562219
leaf_weight=658 102 458 139 852 996 762 124 974 855 351 1591 124 348 5137 425 832 335 498 103 113 278 272
leaf_count=658 102 458 139 852 996 762 124 974 855 351 1591 124 348 5137 425 832 335 498 103 113 278 272
internal_value=-9.21504e-05 3.5728e-05 0.00244186 -5.91961e-05 -0.000101669 3.38007e-05 -8.87115e-05 0.000632434 0.00121542 0.00187869 0.000325581 0.00507246 0.00392756 -0.000446893 0.00029693 0.0010949 0.00278627 -0.000252986 0.00636005 -0.00144082 -0.00015685 -0.00394872
internal_weight=16327 15669 597 15072 14970 13974 13212 4367 3393 2538 1715 823 699 8845 3708 2856 1270 1586 438 1161 776 385
internal_count=16327 15669 597 15072 14970 13974 13212 4367 3393 2538 1715 823 699 8845 3708 2856 1270 1586 438 1161 776 385
is_linear=0
shrinkage=0.035


Tree=156
num_leaves=23
num_cat=0
split_feature=10 9 1 25 16 27 20 22 5 11 9 20 5 0 7 11 12 10 15 12 12 21
split_gain=5.72278 2.46109 2.61045 2.66456 2.54644 3.3332 2.752 3.22981 2.62638 2.20491 3.12452 3.51156 2.19655 2.35239 2.53383 3.67109 2.08273 2.26498 2.50957 3.14536 2.0576 4.65273
threshold=0.48795003647426188 27.767857142857146 32.106343334591671 191.00000000000003 1.0000000180025095e-35 3.5000000000000004 14.500000000000002 17834.500000000004 6.7132062751169226 0.46795329871770469 0.3956951516321271 17.500000000000004 36.500000000000007 20.017857142857146 26.928571428571434 9.3051772518085425 0.63508777288479024 0.69006555934235314 0.50925925925925941 1.2204886304238236 0.46353166270361285 2.5000000000000004
decision_type=2 2 2 2 2 2 2 2 2 2 2 2 2 2 2 2 2 2 2 2 2 2
left_child=20 2 4 -4 9 6 -6 -8 -7 -2 11 -11 13 16 -15 -16 -12 18 19 -18 -1 -22
right_child=1 -3 3 -5 5 8 7 -9 -10 10 12 -13 -14 14 15 -17 17 -19 -20 -21 21 -23
leaf_value=-0.013196120204088457 0.011416268344489494 0.217492249502173 0.011660202372226466 -0.19395649706899748 0.10324695304373574 -0.082084781029988702 0.15519057612632484 -0.018611471808724796 0.19847188438009383 -0.021094518297995659 0.017325748756111981 0.0018736300571761057 -0.20675581075626848 0.08235348533913861 -0.22785681450393627 0.042198319735175578 -0.04207121942382399 -0.001307371490986662 0.011104967372909813 -0.00017171007235124771 0.007949626829386781 -0.018743545706334151
leaf_weight=337 108 87 84 140 199 92 66 141 45 144 136 93 90 988 45 47 161 12789 82 112 98 235
leaf_count=337 108 87 84 140 199 92 66 141 45 144 136 93 90 988 45 47 161 12789 82 112 98 235
internal_value=-0.000137221 0 -3.48494e-05 -0.00374454 1.93899e-05 0.00236314 0.00395985 0.000990566 -0.00221831 -6.62162e-05 -0.000104819 -0.00404959 -3.75303e-05 -1.21824e-06 0.00156452 -0.00378866 -0.00013041 -0.00017701 -0.00291667 -0.00453237 -0.00329259 -0.0012426
internal_weight=16319 15649 15562 224 15338 543 406 207 137 14795 14687 237 14450 14360 1080 92 13280 13144 355 273 670 333
internal_count=16319 15649 15562 224 15338 543 406 207 137 14795 14687 237 14450 14360 1080 92 13280 13144 355 273 670 333
is_linear=0
shrinkage=0.035


Tree=157
num_leaves=23
num_cat=0
split_feature=10 20 20 21 21 24 20 20 21 7 12 22 24 14 8 10 24 12 23 22 12 12
split_gain=5.28437 2.94634 5.85648 4.54394 4.746 4.64959 3.99042 5.29881 3.86218 3.72012 3.67338 3.30107 4.57809 4.16267 3.57186 3.55762 3.29118 3.08039 3.01526 2.94689 4.4297 2.93849
threshold=0.42554995647735644 19.500000000000004 11.500000000000002 3.5000000000000004 4.5000000000000009 15110.000000000002 8.5000000000000018 1.5000000000000002 3.5000000000000004 18.451115397679409 3.8637165141595209 31797.000000000004 9795.0000000000018 0.11805555555555557 0.50378643844840409 1.6761634196950528 5252.0000000000009 7.7940589212907598 60300.000000000007 33201.500000000007 0.61376547493725109 0.95780870491049808
decision_type=2 2 2 2 2 2 2 2 2 2 2 2 2 2 2 2 2 2 2 2 2 2
left_child=-1 2 3 11 5 6 7 -5 21 19 -9 -2 13 -13 -15 -14 -6 -17 -10 20 -3 -4
right_child=1 9 8 4 16 -7 -8 10 18 -11 -12 12 15 14 -16 17 -18 -19 -20 -21 -22 -23
leaf_value=-0.012092946998038727 0.0050742707125423442 0.036127456362419728 -0.020144389325011544 -0.049192212193471141 0.019349385905978293 -0.18493999286467849 0.00043037438484489935 0.028903974288603522 -0.049741300434955497 0.12596838186822276 0.33993452270788216 -0.079283326460746872 -0.11392008493087354 -0.020476139395683855 0.01511411022762737 0.03900855498474836 -0.068391434294459708 -0.28149389435581157 0.010791668869762391 0.011713243093175075 -0.0062575677657711196 -0.005401260167881148
leaf_weight=627 2316 77 225 128 198 45 370 559 843 574 317 699 65 71 266 710 169 57 181 1976 3076 2815
leaf_count=627 2316 77 225 128 198 45 370 559 843 574 317 699 65 71 266 710 169 57 181 1976 3076 2815
internal_value=-0.00012936 -2.22335e-06 -0.000364329 0.000330962 0.00180765 0.00272823 0.00310914 0.00424926 -0.00138916 0.00063157 0.00522418 -0.00029661 -0.00139215 -0.00294188 0.000204678 0.0005227 -0.00169355 0.00122409 -0.0032483 0.00032723 -0.000332489 -0.000752874
internal_weight=16364 15737 10034 5970 1786 1419 1374 1004 4064 5703 876 4184 1868 1036 337 832 367 767 1024 5129 3153 3040
internal_count=16364 15737 10034 5970 1786 1419 1374 1004 4064 5703 876 4184 1868 1036 337 832 367 767 1024 5129 3153 3040
is_linear=0
shrinkage=0.035


Tree=158
num_leaves=23
num_cat=0
split_feature=10 12 12 9 12 20 20 21 21 21 24 20 20 12 21 21 20 20 21 14 20 11
split_gain=4.60932 3.04191 3.55507 4.04178 2.75678 2.59674 6.53084 6.52403 6.01252 3.63554 3.59222 3.50233 4.30636 3.68059 3.4346 8.04901 8.00871 5.62979 4.77447 5.18982 4.17273 6.48946
threshold=0.42554995647735644 0.46353166270361285 0.65054217272638115 0.53708791208791218 0.39002102778747993 18.500000000000004 10.500000000000002 3.5000000000000004 4.5000000000000009 3.5000000000000004 12965.500000000002 8.5000000000000018 2.5000000000000004 7.699841913030089 2.5000000000000004 3.5000000000000004 30.500000000000004 21.500000000000004 1.5000000000000002 0.42261904761904767 25.500000000000004 2.0068563793835712
decision_type=2 2 2 2 2 2 2 2 2 2 2 2 2 2 2 2 2 2 2 2 2 2
left_child=1 4 -3 -4 -1 6 7 -2 11 -8 -11 12 -9 -14 18 16 17 -16 -7 20 -20 -22
right_child=5 2 3 -5 -6 14 9 8 -10 10 -12 -13 13 -15 15 -17 -18 -19 19 -21 21 -23
leaf_value=-0.011907856415483052 -0.0070330442252695717 0.007243626075559598 -0.031898617034110371 0.0070690477851716388 -0.012713774740708637 0.0061936343674922336 -0.0092322494911581208 0.0034345734428751487 -0.023845960288733238 -0.047790834102402029 0.092899529908622588 -0.0055824458065020189 0.044047075020052458 0.75996743758107155 -0.0034645369196302238 -0.0067145446864473445 -0.091973235011532331 0.06440582459405178 0.0041342372149514618 -0.04275171512054602 0.017225593871918948 -0.10235103796906117
leaf_weight=214 3798 127 67 89 111 1651 3042 251 386 959 68 252 690 80 374 1505 125 1146 823 133 182 279
leaf_count=214 3798 127 67 89 111 1651 3042 251 386 959 68 252 690 80 374 1505 125 1146 823 133 182 279
internal_value=-0.000247142 -0.00322594 -0.000486111 -0.00402174 -0.00551515 -0.000130008 -0.000493915 0.000294764 0.0021244 -0.00155498 -0.00335756 0.00328638 0.00419591 0.0054871 0.000424634 0.00123693 0.00292727 0.0036377 -0.000404328 -0.00189522 -0.00118115 -0.00383047
internal_weight=16352 608 283 156 325 15744 9526 5457 1659 4069 1027 1273 1021 770 6218 3150 1645 1520 3068 1417 1284 461
internal_count=16352 608 283 156 325 15744 9526 5457 1659 4069 1027 1273 1021 770 6218 3150 1645 1520 3068 1417 1284 461
is_linear=0
shrinkage=0.035


Tree=159
num_leaves=23
num_cat=0
split_feature=9 22 25 12 14 22 7 12 16 20 22 9 9 25 22 25 12 9 12 25 8 21
split_gain=4.21169 4.52335 2.49639 4.52735 2.54605 4.89523 2.19253 3.67255 3.16107 2.70974 2.46988 3.25632 3.12892 4.35945 4.3781 4.95976 3.80824 5.08253 3.51259 3.49115 2.71143 2.69842
threshold=0.96796171728274449 54348.000000000007 277.00000000000006 0.83187999366322607 0.75961538461538469 34795.000000000007 1.7144412456418141 2.5065704709548395 1.0000000180025095e-35 30.500000000000004 54348.000000000007 1.573233841878634 2.5357338073371021 729.50000000000011 31960.500000000004 324.00000000000006 1.2816428831398505 1.6084720730397424 1.2933550979562656 171.00000000000003 2.6428517628704777 2.5000000000000004
decision_type=2 2 2 2 2 2 2 2 2 2 2 2 2 2 2 2 2 2 2 2 2 2
left_child=1 2 3 -1 -4 -6 -2 10 9 -9 12 -12 13 14 15 16 17 -8 -17 -14 -20 -15
right_child=6 -3 4 -5 5 -7 7 8 -10 -11 11 -13 19 21 -16 18 -18 -19 20 -21 -22 -23
leaf_value=0.0077993714708743511 0.012308966523024691 0.035906206327443825 -0.01548979780124495 -0.024180886785613382 0.021713196331686554 -0.011359815763089073 -0.056959762464419465 0.0064742731974869374 0.1924812259158209 -0.16648837007887038 0.00034690711300738647 -0.14855262691344018 -0.078879450670952728 0.10380356762166923 0.021081830109083828 -0.040618218739263051 -0.074669609008550616 0.046201221405298323 0.021616828018997128 -0.0098030882906093558 -0.023296274586760684 0.005234878185874728
leaf_weight=401 1628 96 603 158 71 360 56 7625 287 122 45 45 265 90 458 159 226 82 452 2952 82 66
leaf_count=401 1628 96 603 158 71 360 56 7625 287 122 45 45 265 90 458 159 226 82 452 2952 82 66
internal_value=-0.000124281 -0.00177686 -0.00223404 -0.000310284 -0.00325072 -0.00112385 6.57221e-05 -8.46969e-05 0.000376602 0.000239293 -0.00083233 -0.00644737 -0.000718884 0.000501193 -6.90789e-05 -0.00131827 -0.00460027 0 0.000401146 -0.00135785 0.00178571 0.00597826
internal_weight=16329 1689 1593 559 1034 431 14640 13012 8034 7747 4978 90 4888 1671 1515 1057 364 138 693 3217 534 156
internal_count=16329 1689 1593 559 1034 431 14640 13012 8034 7747 4978 90 4888 1671 1515 1057 364 138 693 3217 534 156
is_linear=0
shrinkage=0.035


Tree=160
num_leaves=23
num_cat=0
split_feature=12 11 10 6 15 21 20 21 25 20 21 9 9 11 12 20 21 21 21 24 22 12
split_gain=4.80763 3.38139 5.79777 4.03063 2.43711 2.14898 2.11568 5.19257 7.60949 4.73412 5.40104 3.24658 3.05904 2.92007 2.8407 2.56093 6.55555 4.90297 4.97454 4.36794 4.19978 4.07362
threshold=0.48171165642947372 0.49724515809884717 0.3779644730092277 1.0000000180025095e-35 0.82247899159663873 2.5000000000000004 23.500000000000004 2.5000000000000004 499.50000000000006 29.500000000000004 3.5000000000000004 23.014010363054499 12.583321449021946 0.74996748032035765 3.4870934248306749 11.500000000000002 3.5000000000000004 3.5000000000000004 4.5000000000000009 15110.000000000002 52360.000000000007 3.8369063831567458
decision_type=2 2 2 2 2 2 2 2 2 2 2 2 2 2 2 2 2 2 2 2 2 2
left_child=1 2 4 -4 -1 -6 15 13 9 10 12 -12 14 -8 -9 17 20 -2 19 21 -17 -19
right_child=6 -3 3 -5 5 -7 7 8 -10 -11 11 -13 -14 -15 -16 16 -18 18 -20 -21 -22 -23
leaf_value=-0.014616793745921699 -0.0060933272780405905 -0.024651751436634069 -0.0073398011567242533 0.017512088196858948 0.018928763531914576 -0.01149612724614091 0.014496433960807015 0.054577726826099834 -0.015299152711285516 -0.011949077619779366 0.011201954069627679 0.26937008726138356 0.52575619278718899 -0.013731408430677982 -0.013862989226447518 0.0028997109779682621 -0.034594286049231635 0.013058566714524808 -0.018775604392768871 -0.20106364130887508 -0.030075969182628583 0.19206444756742594
leaf_weight=194 4180 53 82 77 56 66 99 346 502 290 512 56 159 1698 72 4298 1533 862 378 46 306 491
leaf_count=194 4180 53 82 77 56 66 99 346 502 290 512 56 159 1698 72 4298 1533 862 378 46 306 491
internal_value=-0.00011231 -0.0033818 -0.00233333 0.0029878 -0.00507009 -0.000964567 -1.10529e-06 0.000725461 0.00198249 0.00328125 0.0042913 0.00180192 0.00667526 -0.000621532 0.00492317 -0.000227085 -0.000729404 0.000287655 0.0018266 0.00279202 -6.45476e-05 0.0031701
internal_weight=16356 528 475 159 316 122 15828 3734 1937 1435 1145 568 577 1797 418 12094 6137 5957 1777 1399 4604 1353
internal_count=16356 528 475 159 316 122 15828 3734 1937 1435 1145 568 577 1797 418 12094 6137 5957 1777 1399 4604 1353
is_linear=0
shrinkage=0.035


Tree=161
num_leaves=23
num_cat=0
split_feature=10 20 20 0 25 22 20 20 16 22 20 3 22 22 10 22 10 9 6 8 15 27
split_gain=5.12213 2.59955 3.64918 4.07139 3.28227 3.64192 3.21603 4.00024 3.75741 3.74672 3.1926 4.94776 3.1685 3.38847 3.13408 2.96653 2.61237 2.429 2.42879 2.9239 2.71372 4.77582
threshold=0.42554995647735644 23.500000000000004 27.500000000000004 10.88417315867712 210.50000000000003 47274.500000000007 11.500000000000002 4.5000000000000009 1.0000000180025095e-35 33201.500000000007 7.5000000000000009 21.965076773329255 47334.500000000007 25082.000000000004 1.0000000000000016 5643.5000000000009 2.6457850574621076 17.784902708968087 3.1139608383083863 20.673577788815781 1.0000000180025095e-35 3.5000000000000004
decision_type=2 2 2 2 2 2 2 2 2 2 2 2 2 2 2 2 2 2 2 2 2 2
left_child=-1 6 3 -3 14 15 7 8 12 10 11 -9 13 -2 -4 -6 -14 -15 20 -20 21 -8
right_child=1 2 4 -5 5 -7 18 9 -10 -11 -12 -13 16 17 -16 -17 -18 -19 19 -21 -22 -23
leaf_value=-0.010956986059753595 -0.0021255107476660308 0.0085884978017830866 0.02929484904382533 0.109558869494714 0.029492616870241399 0.038101591593494681 -0.078633070676326314 0.026467489994050217 0.1210129662045596 -0.0062703366645027363 0.0060772359824883279 0.57024998638699231 -0.021962307118110338 -0.031231685139140659 0.0082588111322154135 -0.03507831860510182 0.14180651583556214 -0.35056633700106649 -9.0200297633344928e-05 -0.093654200859711073 -0.0084404160319548928 0.026304850883171086
leaf_weight=622 1029 1442 92 574 92 219 209 873 94 1233 1315 120 140 867 509 756 151 89 3599 576 1622 68
leaf_count=622 1029 1442 92 574 92 219 209 873 94 1233 1315 120 140 867 509 756 151 89 3599 576 1622 68
internal_value=-0.00016323 -3.7961e-05 0.000773245 0.00177511 -0.00042887 -0.00159981 -0.000288991 0.000289892 -0.000817895 0.00103638 0.00186879 0.00336673 -0.00111245 -0.00161809 0.00161716 -0.00264654 0.00224662 -0.00311394 -0.000854993 -0.000376794 -0.00189338 -0.00508865
internal_weight=16291 15669 3684 2016 1668 1067 11985 5911 2370 3541 2308 993 2276 1985 601 848 291 956 6074 4175 1899 277
internal_count=16291 15669 3684 2016 1668 1067 11985 5911 2370 3541 2308 993 2276 1985 601 848 291 956 6074 4175 1899 277
is_linear=0
shrinkage=0.035


Tree=162
num_leaves=23
num_cat=0
split_feature=10 9 3 4 21 9 12 9 9 22 1 9 7 22 11 16 2 22 9 8 24 14
split_gain=3.6854 2.86594 2.60185 2.54707 4.52326 3.60583 3.30237 2.81439 2.69331 3.33678 2.32373 2.45503 3.97295 3.99679 2.91406 2.88042 3.03438 2.88529 3.73527 2.5834 2.4159 2.64779
threshold=0.42554995647735644 27.767857142857146 20.946428571428573 4.8493515340940085 2.5000000000000004 0.14550264550264552 0.48171165642947372 0.53708791208791218 0.32393328502805191 34795.000000000007 33.500000000000007 7.2158385093167707 6.7166477702191996 33201.500000000007 3.4073288819675329 1.0000000180025095e-35 10.14783902456408 52360.000000000007 7.9650178694448508 6.5735832307459861 9795.0000000000018 1.0000000180025095e-35
decision_type=2 2 2 2 2 2 2 2 2 2 2 2 2 2 2 2 2 2 2 2 2 2
left_child=3 10 -3 4 5 -1 -7 8 9 -6 11 14 13 -13 20 17 -17 -14 -19 -16 21 -2
right_child=1 2 -4 -5 7 6 -8 -9 -10 -11 -12 12 15 -15 19 16 -18 18 -20 -21 -22 -23
leaf_value=0.021381242422543471 -0.017893507195559179 -0.0045118282005502412 0.39817885947799697 -0.043050677434866798 0.0083420413346333017 -0.011338828451593209 0.0078973356818471813 0.011538247014267743 -0.02856185235644124 -0.010573491547662218 -0.15005046211699427 -0.0072096377489222806 0.0048897226159342472 0.12121106089369378 -0.10297246851812028 -0.019802289422861979 0.40176848664139575 0.039207983752378849 -0.11227147505614612 -0.023491554156741971 0.025907241075692922 -0.00074935796159242513
leaf_weight=51 2442 45 49 95 57 52 75 54 67 152 200 122 6065 176 94 86 143 56 110 135 773 5238
leaf_count=51 2442 45 49 95 57 52 75 54 67 152 200 122 6065 176 94 86 143 56 110 135 773 5238
internal_value=-0.000203463 -9.8958e-05 0.00583333 -0.00287829 -0.00180799 0.00258197 -0.000530303 -0.00423134 -0.00566726 -0.00343458 -0.000137584 -8.72451e-05 0.00041143 0.00433168 -0.000477438 0.000224671 0.00403846 7.8576e-05 -0.00440058 -0.00433761 -0.00036829 -0.000557905
internal_weight=16337 15734 94 603 508 178 127 330 276 209 15640 15440 6758 298 8682 6460 229 6231 166 229 8453 7680
internal_count=16337 15734 94 603 508 178 127 330 276 209 15640 15440 6758 298 8682 6460 229 6231 166 229 8453 7680
is_linear=0
shrinkage=0.035


Tree=163
num_leaves=23
num_cat=0
split_feature=10 9 20 21 25 20 7 20 21 21 21 24 22 22 9 20 12 12 9 7 12 20
split_gain=5.06773 2.76609 2.74629 4.13888 6.25403 5.99293 4.22666 3.05071 6.24416 4.74167 6.04988 4.25429 3.42208 3.42054 3.27712 3.27236 3.3359 3.04956 6.63193 3.38348 3.56522 3.31819
threshold=0.42554995647735644 27.767857142857146 23.500000000000004 2.5000000000000004 499.50000000000006 30.500000000000004 18.451115397679409 10.500000000000002 3.5000000000000004 3.5000000000000004 4.5000000000000009 15110.000000000002 44839.000000000007 52360.000000000007 2.4284297052154198 1.5000000000000002 3.8637165141595209 1.4304881321759708 2.2573163626507533 2.1429083088240017 2.1661401781727538 18.500000000000004
decision_type=2 2 2 2 2 2 2 2 2 2 2 2 2 2 2 2 2 2 2 2 2 2
left_child=-1 2 7 -4 5 6 -5 9 13 -2 11 15 -10 17 -12 -11 -17 -9 -19 -20 -21 -22
right_child=1 -3 3 4 -6 -7 -8 8 12 10 14 -13 -14 -15 -16 16 -18 18 19 20 21 -23
leaf_value=-0.010203419343494037 -0.0063605405957381182 0.19632611967341596 -0.00530970432278612 0.032861240107180764 -0.016154532363153076 -0.092893237253038358 0.47348897981922927 -0.012098597827295081 -0.041258331690483104 -0.024289278562707184 0.023354395857497288 -0.17085470661270366 0.002271978222534088 -0.036138067560656274 -0.061443177462122536 0.020014272985322112 0.25910814156905354 0.046297077978398764 0.046101019020917067 -0.029288613623772428 -0.0094522643136011209 0.048902579810039704
leaf_weight=604 3754 98 1791 1125 473 99 186 1005 1259 121 78 45 379 323 294 694 400 234 164 598 1593 989
leaf_count=604 3754 98 1791 1125 473 99 186 1005 1259 121 78 45 379 323 294 694 400 234 164 598 1593 989
internal_value=-0.000228527 -0.000105845 -0.000144628 0.000689725 0.00183528 0.0030053 0.00364362 -0.000403226 -0.000911208 0.000211 0.00178528 0.00294664 -0.00277998 -0.000281511 -0.00208886 0.00335656 0.00396497 -3.05144e-05 0.00044446 3.65781e-05 -0.000214286 0.000344994
internal_weight=16306 15702 15604 3674 1883 1410 1311 11930 6544 5386 1632 1260 1638 4906 372 1215 1094 4583 3578 3344 3180 2582
internal_count=16306 15702 15604 3674 1883 1410 1311 11930 6544 5386 1632 1260 1638 4906 372 1215 1094 4583 3578 3344 3180 2582
is_linear=0
shrinkage=0.035


Tree=164
num_leaves=23
num_cat=0
split_feature=10 11 12 21 8 12 22 4 21 20 9 20 9 12 25 9 9 20 11 10 11 11
split_gain=3.62325 3.71747 3.14906 2.7668 2.69531 2.35142 2.26437 2.12586 4.67525 2.1037 1.99276 1.90343 2.33715 1.8138 3.88622 8.5293 2.73837 3.37765 2.9523 2.65851 2.60771 3.06679
threshold=0.42554995647735644 0.46795329871770469 0.46353166270361285 2.5000000000000004 0.42696347511940796 0.36714701646782166 34795.000000000007 4.8493515340940085 3.5000000000000004 24.500000000000004 27.767857142857146 16.500000000000004 0.25004585548086528 6.6411069053247589 455.50000000000006 14.341573472007314 18.037576967069402 19.500000000000004 7.1226137438551307 6.6026687668205151 5.2979884155647925 5.1774739606064974
decision_type=2 2 2 2 2 2 2 2 2 2 2 2 2 2 2 2 2 2 2 2 2 2
left_child=2 6 5 -4 11 7 -2 8 -1 -5 13 -3 -13 16 15 -15 20 18 19 -18 21 -6
right_child=1 4 3 9 10 -7 -8 -9 -10 -11 -12 12 -14 14 -16 -17 17 -19 -20 -21 -22 -23
leaf_value=0.020454128140096201 0.03381168177595114 -0.014291395752574973 0.010934589444248147 -0.014778689623318859 0.00037743906207394324 -0.010222138107049032 0.0028586071540754824 -0.049620479375337971 -0.010180804196804972 0.0071667183738075638 0.17947739889617628 0.01554272335670916 -0.01469560880529437 1.5196991912326991 -0.15030394706319425 -0.029565908651668527 -0.0090089910934100462 0.30816301447672229 -0.22901977187232178 0.18386419996906997 -0.052166923073092453 0.11169452294529181
leaf_weight=66 51 134 85 152 12015 159 71 59 46 48 88 47 76 70 182 1499 312 262 45 85 702 77
leaf_count=66 51 134 85 152 12015 159 71 59 46 48 88 47 76 70 182 1499 312 262 45 85 702 77
internal_value=-0.000141405 -3.67343e-05 -0.00276613 0 -8.63837e-05 -0.00506716 0.0059252 -0.00198864 0.000747863 -0.00230488 -2.50945e-05 -0.00360687 -0.000273438 -5.7362e-05 -0.00111617 -0.000533672 7.90565e-05 0.00219676 0.000274049 0.00130597 -3.69169e-05 8.24585e-05
internal_weight=16331 15716 615 285 15594 330 122 171 112 200 15337 257 123 15249 1751 1569 13498 704 442 397 12794 12092
internal_count=16331 15716 615 285 15594 330 122 171 112 200 15337 257 123 15249 1751 1569 13498 704 442 397 12794 12092
is_linear=0
shrinkage=0.035


Tree=165
num_leaves=23
num_cat=0
split_feature=10 9 5 1 20 21 20 7 25 20 21 9 23 21 9 7 18 21 9 11 9 7
split_gain=5.5444 2.60276 3.32003 2.66155 1.9855 5.3498 4.85021 3.26964 3.21242 3.90079 4.29411 2.90542 2.56261 2.42768 4.35809 4.72003 4.53862 2.84746 2.74002 3.65712 2.66476 2.61972
threshold=0.42554995647735644 27.767857142857146 15.945025446116915 32.106343334591671 10.500000000000002 1.5000000000000002 18.500000000000004 21.16836734693878 195.50000000000003 4.5000000000000009 2.5000000000000004 22.510370877914514 39000.000000000007 3.5000000000000004 16.315921002730601 3.4294290803724485 1.0000000180025095e-35 4.5000000000000009 17.253422721344752 5.8159366304800244 2.0006377551020411 1.8571940231097155
decision_type=2 2 2 2 2 2 2 2 2 2 2 2 2 2 2 2 2 2 2 2 2 2
left_child=-1 3 -3 4 5 -2 11 -8 9 10 -7 -6 -11 14 15 21 -17 18 19 -15 -19 -10
right_child=1 2 -4 -5 6 8 7 -9 13 12 -12 -13 -14 17 -16 16 -18 20 -20 -21 -22 -23
leaf_value=-0.0094899715195835687 -0.019603739382583855 -0.028718576414918859 0.30605340556748661 -0.11394555592339299 -0.01053356463874623 0.094284281686816615 0.00092612360060417744 0.21413242390424914 0.00058634746649364523 0.091420459059610715 -0.029251549026273839 -0.20219556570200625 0.0095662182337357404 0.022490047634348108 -0.19394351315300512 0.057287556679540511 -0.1113262565083996 0.048908676496645501 0.33602159394565906 -0.14711254460967729 -0.040660914052560976 -0.040414081247627104
leaf_weight=611 1227 46 51 228 3777 140 5827 263 476 419 333 173 153 726 175 765 84 46 116 68 226 389
leaf_count=611 1227 46 51 228 3777 140 5827 263 476 419 333 173 153 726 175 765 84 46 116 68 226 389
internal_value=-0.000207976 -7.90747e-05 0.0054902 -0.000116547 -5.9137e-05 0.000484293 -0.000350174 0.000267022 0.00109136 0.00276667 0.000366109 -0.00130531 0.00470104 0.000512029 -0.000258712 0.000274869 0.00213115 0.00175442 0.00269672 0.00190551 -0.00132671 -0.00152874
internal_weight=16319 15708 97 15611 15383 5343 10040 6090 4116 1045 473 3950 572 3071 1889 1714 849 1182 910 794 272 865
internal_count=16319 15708 97 15611 15383 5343 10040 6090 4116 1045 473 3950 572 3071 1889 1714 849 1182 910 794 272 865
is_linear=0
shrinkage=0.035


Tree=166
num_leaves=23
num_cat=0
split_feature=10 11 9 20 22 22 22 27 9 20 9 20 3 21 22 20 24 15 24 21 9 7
split_gain=6.10243 2.26794 2.96052 4.4871 2.20829 1.89546 1.70517 3.7515 6.60958 3.26998 4.95721 4.00802 5.01983 3.97661 3.48994 3.15752 2.70126 2.66651 6.92653 4.6205 2.92609 4.74673
threshold=0.42554995647735644 0.46795329871770469 0.3956951516321271 19.500000000000004 34795.000000000007 34795.000000000007 15527.500000000002 3.5000000000000004 2.0984955039134685 7.5000000000000009 2.9287756300286603 17.500000000000004 4.0075510609739959 1.5000000000000002 13885.000000000002 4.5000000000000009 9795.0000000000018 0.10912698412698414 1706.5000000000002 3.5000000000000004 16.774921507064366 17.154761904761909
decision_type=2 2 2 2 2 2 2 2 2 2 2 2 2 2 2 2 2 2 2 2 2 2
left_child=-1 5 3 4 -3 -2 7 8 -4 15 13 -12 14 -11 -13 -10 -8 18 -9 -19 -20 -22
right_child=1 2 6 -5 -6 -7 16 17 9 10 11 12 -14 -15 -16 -17 -18 19 20 -21 21 -23
leaf_value=-0.009238794438377362 0.036012664436523886 -0.0060905136419516564 0.13011723909409795 0.0079898155749221107 -0.022135373674736482 0.0027028643746377294 -0.0060675479331882805 -0.077914732743317686 0.018235068725070021 -0.015246286936691243 -0.044557776769475914 -0.00099922503249514358 0.061514265398831695 0.05437736004042152 -0.070819366402875436 0.17482347607994866 0.011425190705246885 -0.006193619342495381 0.2841529958513786 0.034908931408856453 -0.34962015020981052 0.024125945758726886
leaf_weight=610 54 79 46 92 98 73 8749 191 308 96 515 109 500 267 51 192 3121 474 58 142 65 397
leaf_count=610 54 79 46 92 98 73 8749 191 308 96 515 109 500 267 51 192 3121 474 58 142 65 397
internal_value=-0.000193346 -5.80283e-05 -9.78785e-05 -0.00370438 -0.00692308 0.00450758 -3.20555e-05 0.000655738 0.00158329 0.00125918 0.00044232 -0.000652542 0.00113158 0.00399457 -0.00413636 0.00370792 -0.000231368 -0.000788288 -0.0022486 0.000873591 -0.0001 -0.00108672
internal_weight=16287 15677 15550 269 177 127 15281 3411 2084 2038 1538 1175 660 363 160 500 11870 1327 711 616 520 462
internal_count=16287 15677 15550 269 177 127 15281 3411 2084 2038 1538 1175 660 363 160 500 11870 1327 711 616 520 462
is_linear=0
shrinkage=0.035


Tree=167
num_leaves=23
num_cat=0
split_feature=10 9 5 11 8 1 21 20 15 2 20 20 21 5 21 15 5 25 20 25 21 8
split_gain=4.26183 2.23962 2.81928 2.10776 1.90535 1.92733 1.80793 3.62678 3.03537 1.65 2.38453 3.98505 3.29026 5.07635 4.12462 3.20013 2.85883 2.35139 2.24092 3.02186 2.89557 2.51473
threshold=0.42554995647735644 27.767857142857146 15.945025446116915 0.4258153136263203 0.42696347511940796 35.433215501771933 3.5000000000000004 11.500000000000002 0.71130952380952395 5.2852117926282993 7.5000000000000009 4.5000000000000009 2.5000000000000004 8.9846950015344529 3.5000000000000004 1.0000000180025095e-35 20.60550089441811 233.00000000000003 18.500000000000004 200.00000000000003 3.5000000000000004 20.844936091523056
decision_type=2 2 2 2 2 2 2 2 2 2 2 2 2 2 2 2 2 2 2 2 2 2
left_child=6 3 -3 -2 -5 9 7 -1 -8 -6 11 12 13 -11 17 18 -13 -14 -12 -20 -21 -22
right_child=1 2 -4 4 5 -7 8 -9 -10 10 15 16 14 -15 -16 -17 -18 -19 19 20 21 -23
leaf_value=-0.012996598350698838 0.012774935568009243 -0.027926357854254607 0.31176160793260987 -0.0099517218989218122 -0.0027059775417044032 -0.13984731741862386 0.00024507785704289576 0.0027317568487242876 -0.01036835355397598 -0.02832913340816532 -0.013456276733616159 0.08337243344269224 -0.27521845247806676 0.20824562695737198 0.020887623118001058 0.046590610338518794 0.48369426900805945 -0.055611436461477419 0.065676289510481434 0.010827454717750486 -0.058410270142060912 0.090972388697764903
leaf_weight=145 103 46 56 269 7734 147 66 285 108 163 2523 680 118 180 468 234 64 115 911 1463 417 61
leaf_count=145 103 46 56 269 7734 147 66 285 108 163 2523 680 118 180 468 234 64 115 911 1463 417 61
internal_value=-8.6639e-05 2.3323e-05 0.00507009 -1.00607e-05 -4.50103e-05 5.72532e-06 -0.00295977 -0.00164943 -0.00596369 4.62474e-05 0.000420832 0.00153235 0.000116778 0.00291667 -0.00123938 6.23441e-05 0.00348131 -0.005 -0.000110595 0.000557403 -0.000215827 -0.00257246
internal_weight=16356 15752 102 15650 15547 15278 604 430 174 15131 7397 1788 1044 343 701 5609 744 233 5375 2852 1941 478
internal_count=16356 15752 102 15650 15547 15278 604 430 174 15131 7397 1788 1044 343 701 5609 744 233 5375 2852 1941 478
is_linear=0
shrinkage=0.035


Tree=168
num_leaves=23
num_cat=0
split_feature=24 22 12 6 9 12 12 9 11 10 9 12 9 8 20 11 11 11 12 12 2 7
split_gain=3.45116 3.54742 6.87091 3.84988 3.93391 6.9514 4.64002 4.30997 5.3431 3.13715 8.26102 4.42931 4.1668 3.11094 4.83047 3.06791 3.06759 2.97127 2.92421 2.8407 2.80696 2.72076
threshold=9795.0000000000018 31797.000000000004 5.3652381156785038 10.946439606378263 2.5357338073371021 0.81652188061227371 0.65054217272638115 3.2517607586512871 1.6602380777659305 4.9280538030458176 15.96336015175301 9.0672569537313361 25.610149236332621 0.21467522739749786 13.500000000000002 5.5714254610349796 2.4933077588217967 0.4258153136263203 4.1752893234417243 0.54899847081191699 24.170466578992038 2.5722453772574982
decision_type=2 2 2 2 2 2 2 2 2 2 2 2 2 2 2 2 2 2 2 2 2 2
left_child=1 9 3 4 5 6 19 16 -9 11 18 13 15 14 -1 -12 -6 -15 -11 -3 -14 -7
right_child=-2 2 -4 -5 7 21 -8 8 -10 10 12 -13 20 17 -16 -17 -18 -19 -20 -21 -22 -23
leaf_value=-0.014257995026909708 0.01825103718449592 -0.0083286456662542627 -0.19866902779051723 0.068243967545969161 -0.057771952216599656 0.0075775762783842427 -0.054708947787154828 0.090749903042783422 -0.032178763261200345 -0.0055396035715983422 0.10942459863043184 -0.18148998489140725 0.33659213065530197 -0.040859688565067588 0.034892117785660308 -0.05175056334924847 0.035068394846809653 -0.0023004300228560795 0.24227205316713504 0.0076614786042471109 0.074664603760970324 0.037789127396613977
leaf_weight=63 3154 418 93 277 570 1068 70 124 1339 62 266 89 92 57 65 964 47 7006 226 63 127 148
leaf_count=63 3154 418 93 277 570 1068 70 124 1339 62 266 89 92 57 65 964 47 7006 226 63 127 148
internal_value=-9.07399e-05 -0.000339716 -0.00117717 -0.000953621 -0.00124481 -1.97517e-05 -0.00327338 -0.00227458 -0.00121594 5.04323e-05 0.00138634 -0.000266644 0.000288858 -0.00016537 0.00513158 -0.000495951 -0.00472669 -0.000267402 0.00674915 -0.00194444 0.0046875 0.00144758
internal_weight=16388 13234 4217 4124 3847 1767 551 2080 1463 9017 1737 7280 1449 7191 128 1230 617 7063 288 481 219 1216
internal_count=16388 13234 4217 4124 3847 1767 551 2080 1463 9017 1737 7280 1449 7191 128 1230 617 7063 288 481 219 1216
is_linear=0
shrinkage=0.035


Tree=169
num_leaves=23
num_cat=0
split_feature=10 12 12 9 11 9 20 22 20 20 21 12 21 21 20 20 9 20 6 7 11 12
split_gain=5.12233 2.9047 3.34713 5.21008 2.55546 2.8034 3.124 2.86756 2.77959 5.84872 5.98165 4.08189 3.69766 5.07639 5.24662 7.38402 7.32881 4.5907 3.56783 3.50519 3.14213 2.8508
threshold=0.42554995647735644 0.46353166270361285 0.65054217272638115 0.53708791208791218 0.4258153136263203 0.3956951516321271 19.500000000000004 34795.000000000007 8.5000000000000018 4.5000000000000009 3.5000000000000004 7.4762343795530004 3.5000000000000004 2.5000000000000004 21.500000000000004 28.500000000000004 18.672043959643712 11.500000000000002 8.9846950015344529 1.4265961661791604 4.1163111018846621 1.13796904394344
decision_type=2 2 2 2 2 2 2 2 2 2 2 2 2 2 2 2 2 2 2 2 2 2
left_child=1 -1 -3 -4 -2 6 7 -6 9 -7 -11 -12 13 18 17 16 -16 -15 -10 -14 -17 -21
right_child=4 2 3 -5 5 8 -8 -9 12 10 11 -13 19 14 15 20 -18 -19 -20 21 -22 -23
leaf_value=-0.0081800697383468731 0.01300657551046169 0.0078870815471307702 -0.025855617210538417 0.0064840924814278571 -0.005088478246832024 -0.0059215485182979952 0.0057889145562116931 -0.020501030090496107 -0.00078902789159819532 0.013200034300877204 0.051097856404969007 0.64976942286649664 0.012025698219989054 0.045585440986067531 0.048561586985400952 0.0067204101936981656 0.60950931005333431 -0.012424760296147605 -0.060661601520812174 -0.073202712843663822 -0.18126108667732466 -0.022197548231200327
leaf_weight=318 97 131 67 99 88 2332 94 107 4465 1538 416 69 212 368 772 268 111 1214 1100 64 94 2429
leaf_count=318 97 131 67 99 88 2332 94 107 4465 1538 416 69 212 368 772 268 111 1214 1100 64 94 2429
internal_value=-0.000153117 -0.00327419 -0.000695364 -0.00399123 -2.98239e-05 -6.66836e-05 -0.00345238 -0.00595 -1.13217e-06 0.00074656 0.00212278 0.0055 -0.000296343 6.46064e-05 0.00127295 0.002968 0.00469032 -5.51355e-05 -0.000546679 -0.00142066 -0.0011921 -0.00179343
internal_weight=16453 615 297 166 15838 15741 289 195 15452 4355 2023 485 11097 8392 2827 1245 883 1582 5565 2705 362 2493
internal_count=16453 615 297 166 15838 15741 289 195 15452 4355 2023 485 11097 8392 2827 1245 883 1582 5565 2705 362 2493
is_linear=0
shrinkage=0.035


Tree=170
num_leaves=23
num_cat=0
split_feature=10 9 25 6 24 10 7 5 10 20 20 22 10 9 10 14 8 0 8 8 14 0
split_gain=3.05508 2.29948 3.01508 2.5455 1.77724 2.39154 2.44329 2.24074 3.70645 2.13365 2.84907 3.14777 3.10846 3.7457 2.48248 3.53492 3.28221 2.45703 2.36977 3.79794 3.20028 2.69113
threshold=0.42554995647735644 23.672619047619051 430.00000000000006 20.017857142857146 9795.0000000000018 7.5182311413338665 15.717747209918626 18.955902356631452 4.7908643220593277 2.5000000000000004 10.500000000000002 28242.500000000004 1.2535663410560194 0.46448047084160615 1.2724180205607056 0.48076923076923084 14.572704081632654 20.946428571428573 2.9288295239897173 6.9285807463170945 0.13392857142857145 4.7402130974095096
decision_type=2 2 2 2 2 2 2 2 2 2 2 2 2 2 2 2 2 2 2 2 2 2
left_child=-1 4 3 -3 9 6 -6 8 -8 -2 11 14 13 -13 15 -11 -16 -18 20 21 -14 -20
right_child=1 2 -4 -5 5 -7 7 -9 -10 10 -12 12 18 -15 16 -17 17 -19 19 -21 -22 -23
leaf_value=-0.0071325966753599916 -0.023851733165855375 0.011704447298411155 -0.14775777329942405 0.19052775012663065 0.010973564245115456 -0.10026520557198934 0.49889624641538788 -0.011608872530178617 0.028512385817908954 -0.019173648276758899 -0.0052500541497274263 -0.013732713602070023 -0.062183559482089083 0.032462037405651664 0.060620875165705863 0.011350150925336816 -0.040688399203438343 0.15382125181201048 -0.0047410019258400122 -0.051702115554931365 -0.0048168311863972151 0.083848196334289221
leaf_weight=604 994 255 68 310 2476 246 141 127 141 411 7869 63 111 296 781 153 325 194 136 428 181 106
leaf_count=604 994 255 68 310 2476 246 141 127 141 411 7869 63 111 296 781 153 325 194 136 428 181 106
internal_value=-6.71396e-05 2.54473e-05 0.00208464 0.00294737 -5.99315e-05 0.000680804 0.000968858 0.00346618 0.00518293 -0.000254086 -0.000112352 0.000768025 -0.000527903 0.00221154 0.00169476 -0.00021529 0.00253448 0.000333969 -0.00157446 -0.000388889 -0.0041835 0.00304656
internal_weight=16416 15812 633 565 15179 3131 2885 409 282 12048 11054 3185 1321 359 1864 564 1300 519 962 670 292 242
internal_count=16416 15812 633 565 15179 3131 2885 409 282 12048 11054 3185 1321 359 1864 564 1300 519 962 670 292 242
is_linear=0
shrinkage=0.035


Tree=171
num_leaves=23
num_cat=0
split_feature=12 16 10 5 1 1 5 11 27 6 9 15 22 9 0 12 2 9 12 25 1 25
split_gain=4.95057 3.25397 3.08181 3.00597 3.68053 2.69638 2.57093 2.53025 2.48636 2.16333 2.13827 2.08359 2.80258 2.71484 1.73193 1.60663 1.57636 1.56604 2.62773 5.11904 2.08845 2.08094
threshold=0.48171165642947372 1.0000000180025095e-35 0.42554995647735644 7.9927388748624617 3.9929401464817613 19.556552062598733 36.500000000000007 0.4258153136263203 3.5000000000000004 20.696428571428573 0.25004585548086528 0.68139097744360921 34795.000000000007 0.3585714285714286 3.9929401464817613 0.36714701646782166 10.14783902456408 23.900193768280207 9.3031749962842998 191.00000000000003 14.999072958688698 421.00000000000006
decision_type=2 2 2 2 2 2 2 2 2 2 2 2 2 2 2 2 2 2 2 2 2 2
left_child=2 6 15 4 14 16 10 -4 -6 -8 -2 17 13 -13 -3 -1 -5 18 -12 -20 -21 -19
right_child=1 3 7 5 8 -7 9 -9 -10 -11 11 12 -14 -15 -16 -17 -18 21 19 20 -22 -23
leaf_value=-0.0076441264138671326 0.011376869760329665 0.039439671719088507 0.012590547891500534 0.15430383618593085 -0.0042616750612540959 0.043565908225411648 -0.26078637707243846 -0.0084904343978387375 -0.1714348530171016 0.0035052808171904819 -0.0017146275801612632 0.018418686588483744 -0.02470818844285123 -0.024701029724531975 -0.0069223271078963497 -0.0082379603238754897 0.57084860473667598 0.096583165181761937 0.22962784943355005 -0.074063095606169901 -0.36614384545230289 -0.20170865728564011
leaf_weight=158 93 144 63 49 155 89 61 101 49 52 14158 65 86 47 58 195 57 447 54 45 66 45
leaf_count=158 93 144 63 49 155 89 61 101 49 52 14158 65 86 47 58 195 57 447 54 45 66 45
internal_value=-0.00019918 -8.73618e-05 -0.00355364 0.00242574 0.000638686 0.00595 -0.000188518 0.000310651 -0.00259569 -0.00533898 -0.000147078 -0.000181782 -0.0037069 0 0.00397343 -0.00537709 0.00961712 -0.000132254 -0.000200307 -0.00452941 -0.00875 0.00179577
internal_weight=16337 15820 517 601 406 195 15219 164 204 113 15106 15013 198 112 202 353 106 14815 14323 165 111 492
internal_count=16337 15820 517 601 406 195 15219 164 204 113 15106 15013 198 112 202 353 106 14815 14323 165 111 492
is_linear=0
shrinkage=0.035


Tree=172
num_leaves=23
num_cat=0
split_feature=10 11 22 27 12 24 12 8 22 22 27 10 9 10 22 12 20 21 7 9 15 15
split_gain=3.96953 2.71942 2.41663 5.42869 7.97903 2.94212 4.84619 5.28862 5.21538 3.82914 3.5404 6.17154 4.7139 5.03424 3.96022 3.59225 5.94534 4.25637 4.11297 3.77025 3.57205 3.71362
threshold=0.42554995647735644 0.4258153136263203 15527.500000000002 3.5000000000000004 1.4744292959105978 6315.0000000000009 5.0887576426852483 16.290867734745969 48992.500000000007 34795.000000000007 2.5000000000000004 1.7728105208558371 2.0359184871715175 0.75592894601845606 54348.000000000007 2.2815164537545907 19.500000000000004 2.5000000000000004 8.5703912678374952 2.5357338073371021 0.036375661375661381 0.10620300751879701
decision_type=2 2 2 2 2 2 2 2 2 2 2 2 2 2 2 2 2 2 2 2 2 2
left_child=-1 -2 3 4 -3 9 7 10 -8 -4 11 -7 -12 -14 20 16 19 -18 -17 -15 -13 -22
right_child=1 2 5 -5 -6 6 8 -9 -10 -11 12 14 13 15 -16 18 17 -19 -20 -21 21 -23
leaf_value=-0.0073765819893817823 0.013278435202984608 0.077708430211059859 -0.0081032961445650295 -0.0080438844716071121 0.012422908879077373 0.0075518935391162686 -0.11290802694034327 0.418461579526894 0.022576266252366858 -0.018356004884237991 0.051536124757632952 -0.054218975924308674 -0.090724461159392783 0.011591933828143787 -0.1062364926582659 0.048921315266253332 -0.0090532944477131148 0.059351282428039061 0.006807976110134977 -0.05890152566770173 0.079338250330719104 -0.023762459990157796
leaf_weight=623 98 248 5666 1439 1867 831 662 83 392 159 102 521 49 120 50 1212 159 126 1528 300 73 79
leaf_count=623 98 248 5666 1439 1867 831 662 83 392 159 102 521 49 120 50 1212 159 126 1528 300 73 79
internal_value=-0.00016868 -5.88179e-05 -9.7154e-05 0.000703147 0.00183255 -0.000333622 0.000189129 0.000628102 -0.00196648 -0.000900515 0.000478661 -0.000909237 0.00108373 0.000855244 -0.00326923 0.00102464 -0.0011831 0.00265517 0.00160018 -0.00382941 -0.00247788 0.00211783
internal_weight=16387 15764 15666 3554 2115 12112 6287 5233 1054 5825 5150 1554 3596 3494 723 3445 705 285 2740 420 673 152
internal_count=16387 15764 15666 3554 2115 12112 6287 5233 1054 5825 5150 1554 3596 3494 723 3445 705 285 2740 420 673 152
is_linear=0
shrinkage=0.035


Tree=173
num_leaves=23
num_cat=0
split_feature=10 22 27 12 12 12 9 10 3 9 10 14 9 12 22 15 12 9 21 11 9 6
split_gain=3.2419 2.13592 2.54559 6.88755 3.73736 2.98023 7.06806 3.99119 2.67949 3.28889 2.78765 2.6364 2.42229 2.76678 2.75072 4.92178 3.52565 5.31316 2.92295 3.47293 2.32776 2.14285
threshold=0.42554995647735644 15527.500000000002 3.5000000000000004 1.4744292959105978 1.8502109131881215 7.2951295619352834 25.221622339708784 6.2468099056072406 16.816350280949681 3.2517607586512871 7.4129873163510078 1.0000000180025095e-35 0.46448047084160615 0.52004063163607117 4464.0000000000009 0.17752100840336138 1.8312649797841705 1.9648926707350622 3.5000000000000004 0.64642795093555827 22.510370877914514 2.4159662283005225
decision_type=2 2 2 2 2 2 2 2 2 2 2 2 2 2 2 2 2 2 2 2 2 2
left_child=-1 2 3 -2 11 8 -7 -8 9 -6 -10 21 13 -4 18 16 17 -16 19 -14 -18 -5
right_child=1 -3 12 4 5 6 7 -9 10 -11 -12 -13 14 -15 15 -17 20 -19 -20 -21 -22 -23
leaf_value=-0.0066143719187764637 0.075464062993336814 -0.0032109891036689402 -0.0032285488435539965 -0.089619691273502292 0.032606909057234949 -0.16975395409848873 -0.13336200862371522 0.3181437107982335 0.31807485028382859 -0.0077878097459792 -0.041870330080448569 0.0049895939971428055 -0.0006334298538414985 0.020318924626925382 0.020076600547437963 0.031207145062932994 0.046665250549304177 -0.094982329615891065 0.011363806000474291 -0.040564762795175804 -0.087015041298875676 -0.03603679585862072
leaf_weight=618 256 12245 50 53 153 327 92 183 283 330 58 205 85 84 90 240 407 155 45 134 133 152
leaf_count=618 256 12245 50 53 153 327 92 183 283 330 58 205 85 84 90 240 407 155 45 134 133 152
internal_value=-0.000191204 -9.21345e-05 0.000666193 0.00144373 0.000674905 0.00152865 -0.000317133 0.00375 0.00289204 0.00114754 0.00526012 -0.00223494 -0.000465686 0.00390288 -0.000946677 -0.000101942 -0.00146203 -0.0049 -0.00409851 -0.00578125 9.63303e-05 -0.005
internal_weight=16378 15760 3515 2092 1836 1426 602 275 824 483 341 410 1423 134 1289 1025 785 245 264 219 540 205
internal_count=16378 15760 3515 2092 1836 1426 602 275 824 483 341 410 1423 134 1289 1025 785 245 264 219 540 205
is_linear=0
shrinkage=0.035


Tree=174
num_leaves=23
num_cat=0
split_feature=12 11 10 6 9 9 1 4 12 20 20 10 22 20 8 12 3 24 27 9 4 22
split_gain=2.45325 3.23718 4.56742 4.36568 2.21558 2.16716 2.36363 2.01061 2.384 1.84841 3.36562 3.73696 2.78383 2.5176 3.77527 2.4303 2.77925 2.47797 2.27792 2.2521 2.24039 1.95144
threshold=0.48171165642947372 0.49724515809884717 0.3779644730092277 0.93388466792390412 0.25004585548086528 27.767857142857146 35.433215501771933 4.8493515340940085 0.36714701646782166 2.5000000000000004 7.5000000000000009 11.557310611531932 47274.500000000007 23.500000000000004 22.57902452389941 6.9008938940004301 10.000130448439306 4472.0000000000009 2.5000000000000004 19.831351334706785 22.052447947677845 25082.000000000004
decision_type=2 2 2 2 2 2 2 2 2 2 2 2 2 2 2 2 2 2 2 2 2 2
left_child=1 2 7 -4 -2 6 9 8 -1 12 11 15 18 20 -15 16 21 -18 -6 -20 -12 -11
right_child=4 -3 3 -5 5 -7 -8 -9 -10 10 13 -13 -14 14 -16 -17 17 -19 19 -21 -22 -23
leaf_value=0.018615421131250573 0.010525449250294791 -0.0096341691106241953 -0.0075961072832236897 0.019946336641405382 0.02503419311918819 0.20939155400161938 -0.12752312127819901 -0.038663655974134327 -0.0076990100335592023 0.015323095912037418 -0.0039341353129764833 0.81781574855207206 0.03388171764600037 0.0049326784176972546 0.3535017321478246 -0.067878795216509122 0.37207455010212104 0.077776096587350171 -0.026509506554200615 -0.27739611746208642 -0.075180036353914667 -0.0027778386421120254
leaf_weight=113 97 50 86 80 195 87 145 81 127 843 7532 52 215 3505 105 212 89 382 751 71 479 1039
leaf_count=113 97 50 86 80 195 87 145 81 127 843 7532 52 215 3505 105 212 89 382 751 71 479 1039
internal_value=-7.38939e-05 -0.0023893 -0.00142276 0.00317251 4.42926e-06 -2.78538e-05 -6.04994e-05 -0.00386503 -0.00207143 -1.69628e-05 9.46079e-05 0.00122807 -0.00131568 -0.000159556 0.000605118 0.0010214 0.00135072 0.00375 -0.00208904 -0.00289903 -0.000506487 0.000732644
internal_weight=16336 537 487 166 15799 15702 15615 321 240 15470 14238 2617 1232 11621 3610 2565 2353 471 1017 822 8011 1882
internal_count=16336 537 487 166 15799 15702 15615 321 240 15470 14238 2617 1232 11621 3610 2565 2353 471 1017 822 8011 1882
is_linear=0
shrinkage=0.035


Tree=175
num_leaves=23
num_cat=0
split_feature=12 10 6 12 20 20 7 21 21 12 8 1 24 7 21 10 21 21 20 25 13 20
split_gain=3.7312 2.38102 4.00032 3.16337 1.87925 4.75939 4.16484 3.26139 3.23627 3.13818 2.97294 2.19735 2.08634 3.83171 3.47719 1.95864 1.95049 3.31473 6.30605 8.5117 5.88519 5.60645
threshold=0.46353166270361285 0.42554995647735644 0.93388466792390412 0.36714701646782166 2.5000000000000004 7.5000000000000009 23.732142857142861 3.5000000000000004 4.5000000000000009 6.9008938940004301 0.42696347511940796 32.106343334591671 9349.5000000000018 5.4340659340659352 1.5000000000000002 5.9120538692049296 3.5000000000000004 2.5000000000000004 21.500000000000004 637.50000000000011 0.84523809523809534 28.500000000000004
decision_type=2 2 2 2 2 2 2 2 2 2 2 2 2 2 2 2 2 2 2 2 2 2
left_child=1 3 -3 -1 12 6 7 9 -9 10 -6 16 14 -14 -2 -12 17 20 -19 21 -7 -20
right_child=4 2 -4 -5 5 11 -8 8 -10 -11 15 -13 13 -15 -16 -17 -18 18 19 -21 -22 -23
leaf_value=-0.0018349238794734958 -0.22744409925376652 -0.010303689976734146 0.011099396319372774 -0.0074295446823846294 -0.014626962474910937 -0.0058523614019595806 0.4217641416910321 0.049374487959212524 -0.025699702422522536 -0.18291285304428484 0.0074843410002170619 -0.11428602267874938 0.17240330850186489 -0.0150202073379948 -0.0085529901337135436 0.22035417168064197 -0.0086894446867121292 -0.0043558978819239341 0.074068369913604354 -0.029155060075081 0.025109844766877599 0.0079842000934819534
leaf_weight=152 204 83 59 151 45 5712 154 576 123 126 1589 177 62 246 805 48 2871 1753 758 219 66 303
leaf_count=152 204 83 59 151 45 5712 154 576 123 126 1589 177 62 246 805 48 2871 1753 758 219 66 303
internal_value=-0.000123565 -0.00326667 0.000357143 -0.005 -3.31398e-05 8.07229e-05 0.00141785 0.00105892 0.00308239 0.000260618 0.000674274 -0.000218307 -0.00129728 0.00117412 -0.00207101 0.000937881 -0.000157226 9.92514e-05 0.00103687 0.00290078 -0.000390368 0.00420263
internal_weight=16282 445 142 303 15837 14520 2661 2507 699 1808 1682 11859 1317 308 1009 1637 11682 8811 3033 1280 5778 1061
internal_count=16282 445 142 303 15837 14520 2661 2507 699 1808 1682 11859 1317 308 1009 1637 11682 8811 3033 1280 5778 1061
is_linear=0
shrinkage=0.035


Tree=176
num_leaves=23
num_cat=0
split_feature=12 14 9 12 7 16 27 20 20 20 21 21 12 21 13 25 11 20 20 22 6 12
split_gain=3.54433 2.69005 2.72711 2.71054 2.57438 2.0005 2.52099 3.26777 1.56478 4.13196 6.11118 4.42311 3.76752 3.42437 5.0335 4.73824 4.78437 4.89057 4.1777 4.0463 3.92713 3.79523
threshold=0.46353166270361285 0.70714285714285718 0.21433156976657955 0.36714701646782166 0.25098252115031777 1.0000000180025095e-35 3.5000000000000004 3.5000000000000004 3.5000000000000004 7.5000000000000009 3.5000000000000004 3.5000000000000004 7.6055187406032472 2.5000000000000004 0.84523809523809534 729.50000000000011 1.5548576840284813 30.500000000000004 22.500000000000004 19263.000000000004 9.4874131997643563 1.7043530352289771
decision_type=2 2 2 2 2 2 2 2 2 2 2 2 2 2 2 2 2 2 2 2 2 2
left_child=1 -1 3 -3 -5 8 7 -7 -2 10 -10 13 -12 14 20 16 21 18 -18 -20 -11 -15
right_child=5 2 -4 4 -6 6 -8 -9 9 11 12 -13 -14 15 -16 -17 17 -19 19 -21 -22 -23
leaf_value=-0.02347937127055947 -0.014149881250630669 0.0021207749684592605 0.011033720052911457 -0.0069304489106962637 0.00030153528403248033 0.17221120654302119 -0.029036301928037755 0.029051265547224283 0.0043438046199222487 -0.00065035554511135528 0.043782532579009541 -0.01531798980286837 0.71986226730926406 0.0022260263718053876 0.024231000200036892 -0.028740562391526656 0.033111268200851064 -0.17751655581070197 0.32027430919594868 0.085123489800571425 -0.064995012932520885 -0.070596789416012273
leaf_weight=97 1833 135 65 116 55 54 136 394 1474 4618 427 2827 65 876 62 391 1066 64 140 406 993 53
leaf_count=97 1833 135 65 116 55 54 136 394 1474 4618 427 2827 65 876 62 391 1066 64 140 406 993 53
internal_value=-0.00015839 -0.00314482 -0.00167553 -0.00309486 -0.00596591 -6.83077e-05 0.00193124 0.0032064 -0.000146405 -1.42942e-05 0.00146499 -0.000269324 0.00482394 0.000121051 -0.000382177 0.00107881 0.00162261 0.00273795 0.00312771 0.0056216 -0.000498575 -0.000374732
internal_weight=16347 468 371 306 171 15879 584 448 15295 13462 1966 11496 492 8669 5673 2996 2605 1676 1612 546 5611 929
internal_count=16347 468 371 306 171 15879 584 448 15295 13462 1966 11496 492 8669 5673 2996 2605 1676 1612 546 5611 929
is_linear=0
shrinkage=0.035


Tree=177
num_leaves=23
num_cat=0
split_feature=12 4 22 21 12 9 16 5 0 20 20 21 21 12 21 25 13 20 20 20 6 7
split_gain=2.50313 2.43246 1.86328 2.18963 2.65106 1.86105 1.56584 3.29315 1.95711 1.42973 2.72397 5.15996 5.08988 4.70683 3.14134 5.64574 5.61782 4.64492 5.02253 5.01473 3.29874 3.98944
threshold=0.46353166270361285 1.0010887194926981 34795.000000000007 3.5000000000000004 0.36714701646782166 0.18019480519480521 1.0000000180025095e-35 13.053571428571431 27.062749211546333 2.5000000000000004 8.5000000000000018 3.5000000000000004 3.5000000000000004 7.699841913030089 2.5000000000000004 729.50000000000011 0.84523809523809534 16.500000000000004 29.500000000000004 11.500000000000002 8.9846950015344529 15.580316863587543
decision_type=2 2 2 2 2 2 2 2 2 2 2 2 2 2 2 2 2 2 2 2 2 2
left_child=1 2 -1 4 -4 -6 9 -8 -9 -2 11 -11 14 -13 16 17 20 19 -19 -16 21 -12
right_child=6 -3 3 -5 5 -7 7 8 -10 10 12 13 -14 -15 15 -17 -18 18 -20 -21 -22 -23
leaf_value=0.002950350172929557 -0.01499407364628887 -0.015670515594498266 0.021757148655057915 -0.0090823319732255547 -0.0069551520480096926 0.0019227918681526692 0.0031284480986982291 0.64776130217294103 0.078382551836520667 0.00017885959573307189 -0.0036243376310524946 0.026783351895015978 -0.016145052482142121 0.56891175464030885 0.034648952640866218 -0.038574443320695741 0.020361358382334129 0.041673340436029889 -0.031331619277238675 -0.019426956115329755 -0.048519742601704226 0.12644059424173087
leaf_weight=87 1263 99 52 81 66 81 481 51 53 2199 3937 768 2678 91 346 388 65 1401 219 549 1062 381
leaf_count=87 1263 99 52 81 66 81 481 51 53 2199 3937 768 2678 91 346 388 65 1401 219 549 1062 381
internal_value=-0.000122691 -0.002638 -0.00122312 -0.00264035 -0.000514706 -0.00299342 -4.72172e-05 0.00172034 0.00722477 -0.000116271 -1.36631e-05 0.000908423 -0.000271281 0.00320023 0.000152939 0.00108322 -0.000340367 0.00169444 0.00281077 -0.000311111 -0.000471216 -3.6433e-05
internal_weight=16398 466 367 280 199 147 15932 585 104 15347 14084 3058 11026 859 8348 2903 5445 2515 1620 895 5380 4318
internal_count=16398 466 367 280 199 147 15932 585 104 15347 14084 3058 11026 859 8348 2903 5445 2515 1620 895 5380 4318
is_linear=0
shrinkage=0.035


Tree=178
num_leaves=23
num_cat=0
split_feature=10 12 21 12 4 20 21 20 21 7 25 21 10 11 23 24 7 12 14 20 21 12
split_gain=4.639 3.54324 2.7281 2.44301 3.38866 2.39714 3.91655 4.8933 5.66337 4.00173 3.98958 3.63077 3.67069 5.76959 2.91362 6.8096 3.74567 5.40834 2.6574 2.64365 7.71288 3.75291
threshold=0.42554995647735644 0.46353166270361285 2.5000000000000004 0.36714701646782166 4.8493515340940085 23.500000000000004 2.5000000000000004 29.500000000000004 3.5000000000000004 14.432142857142859 166.00000000000003 1.5000000000000002 4.7509397566616896 4.0052588409075227 52700.000000000007 8654.0000000000018 3.8561343066402523 1.2816428831398505 1.0000000180025095e-35 12.500000000000002 3.5000000000000004 1.4304881321759708
decision_type=2 2 2 2 2 2 2 2 2 2 2 2 2 2 2 2 2 2 2 2 2 2
left_child=1 3 -3 4 -1 19 11 8 9 18 -10 12 13 14 15 16 17 -7 -8 -2 21 -21
right_child=5 2 -4 -5 -6 6 7 -9 10 -11 -12 -13 -14 -15 -16 -17 -18 -19 -20 20 -22 -23
leaf_value=0.018264157349976357 0.0019742194771813185 0.0086885710785603726 -0.0088933469129531401 -0.0069942426220121375 -0.046938115140080755 0.023113887536030449 0.025820531604435645 -0.020555923038212413 0.23346777023023363 0.4140275738243408 -0.00095459806677027363 -0.023519272164350086 0.2686778748584307 -0.22021092936180159 0.059727119869893056 -0.09326759389924312 0.096021344106301032 -0.037242002104450056 0.0504389501191305 -0.011937305640338179 -0.030763380089412373 0.0069159686985057443
leaf_weight=107 6457 88 207 152 65 164 335 386 76 154 675 787 135 98 210 75 168 187 240 970 1391 3217
leaf_count=107 6457 88 207 152 65 164 335 386 76 154 675 787 135 98 210 75 168 187 240 970 1391 3217
internal_value=-0.000125237 -0.00308494 -0.000233333 -0.00558511 -0.00247175 -6.67514e-06 0.000771989 0.00189872 0.0028165 0.00500681 0.000648148 -0.000373155 0.000974088 0.000135061 0.00114648 -8.76461e-05 0.00133588 -0.000688202 0.00356034 -0.000247093 -0.00080557 -5.00954e-05
internal_weight=16344 619 295 324 172 15725 3690 1866 1480 729 751 1824 1037 902 804 594 519 351 575 12035 5578 4187
internal_count=16344 619 295 324 172 15725 3690 1866 1480 729 751 1824 1037 902 804 594 519 351 575 12035 5578 4187
is_linear=0
shrinkage=0.035


Tree=179
num_leaves=23
num_cat=0
split_feature=5 10 24 12 21 4 8 15 15 0 20 21 2 11 22 22 10 24 8 12 11 10
split_gain=3.20427 3.16238 3.88738 5.42854 2.45167 2.30526 3.18937 2.69448 2.48609 2.26793 1.83208 3.12926 1.82073 1.78026 4.06594 3.63316 4.73876 2.90365 2.91994 3.93986 2.47673 2.40812
threshold=36.500000000000007 0.69006555934235314 5252.0000000000009 0.36714701646782166 3.5000000000000004 0.72511993027812494 0.21467522739749786 0.38795986622073586 0.13961038961038963 19.010370193622947 24.500000000000004 2.5000000000000004 2.1950841972015023 1.2157392722216309 39092.000000000007 54348.000000000007 1.2724180205607056 4326.0000000000009 1.5012755102040818 1.0788981249502503 1.1340314079807208 0.97590007294853509
decision_type=2 2 2 2 2 2 2 2 2 2 2 2 2 2 2 2 2 2 2 2 2 2
left_child=1 2 5 4 -4 6 -1 8 12 13 11 -9 -7 14 17 21 -17 -3 19 -19 -20 -15
right_child=-2 9 3 -5 -6 7 -8 10 -10 -11 -12 -13 -14 15 -16 16 -18 18 20 -21 -22 -23
leaf_value=0.019728914235859672 -0.18832200680863573 0.0051279553022936675 0.019820512470201172 -0.010843324984179623 -0.0078698070184907917 -0.039512572303617009 0.00011903725264202027 -0.020514986558172563 0.040288876946106542 0.049420880339298284 0.0078024542602075971 -0.027773732816696674 0.0072781235430673611 -0.026997552654030355 0.023186168456496691 0.020040962770092256 -0.057515423665558355 -0.019610657371724346 -0.088379953912945439 0.038022897088258768 -0.0041509745946010498 -0.00045427054419548089
leaf_weight=80 110 1345 70 468 48 76 242 109 81 1596 45 61 76 376 409 72 128 112 71 80 51 10651
leaf_count=80 110 1345 70 468 48 76 242 109 81 1596 45 61 76 376 409 72 128 112 71 80 51 10651
internal_value=-0.000111233 -6.89146e-05 -0.00168442 -0.0038198 0.00270325 -2.25806e-05 0.00219419 -0.00166115 0.000882353 7.75376e-05 -0.00445455 -0.0061 -0.00167197 -7.10526e-05 0.000869513 -0.000246172 -0.00486585 8.41346e-05 -0.00290752 -8.88325e-05 -0.00702756 -0.000158629
internal_weight=16357 16247 1356 586 118 770 322 448 233 14891 215 170 152 13295 2068 11227 200 1659 314 192 122 11027
internal_count=16357 16247 1356 586 118 770 322 448 233 14891 215 170 152 13295 2068 11227 200 1659 314 192 122 11027
is_linear=0
shrinkage=0.035


end of trees

feature_importances:
day_of_month=842
sig_roll_mean_28=546
month=536
sig_roll_std_28=274
unit_cost_rp=259
margin_rp=191
sig_roll_mean_14=179
shelf_life_days=177
sig_roll_std_7=158
sig_roll_std_14=133
sig_roll_mean_7=102
sig_zero_rate_28=63
sig_lag_28=62
sig_lag_21=60
sig_lag_14=57
unit_price_rp=56
sig_lag_7=55
promo_flag=54
promised_lead_time_days=42
sig_zero_rate_14=31
sig_lag_2=22
sig_lag_3=20
sig_lag_1=19
sig_zero_rate_7=8
is_perishable=3
is_holiday=2

parameters:
[boosting: gbdt]
[objective: quantile]
[metric: quantile]
[tree_learner: serial]
[device_type: cpu]
[data_sample_strategy: bagging]
[data: ]
[valid: ]
[num_iterations: 180]
[learning_rate: 0.035]
[num_leaves: 23]
[num_threads: 8]
[seed: 20260723]
[deterministic: 0]
[force_col_wise: 0]
[force_row_wise: 0]
[histogram_pool_size: -1]
[max_depth: -1]
[min_data_in_leaf: 45]
[min_sum_hessian_in_leaf: 0.001]
[bagging_fraction: 0.85]
[pos_bagging_fraction: 1]
[neg_bagging_fraction: 1]
[bagging_freq: 1]
[bagging_seed: 320]
[bagging_by_query: 0]
[feature_fraction: 0.85]
[feature_fraction_bynode: 1]
[feature_fraction_seed: 6711]
[extra_trees: 0]
[extra_seed: 20591]
[early_stopping_round: 0]
[early_stopping_min_delta: 0]
[first_metric_only: 0]
[max_delta_step: 0]
[lambda_l1: 0.5]
[lambda_l2: 5]
[linear_lambda: 0]
[min_gain_to_split: 0]
[drop_rate: 0.1]
[max_drop: 50]
[skip_drop: 0.5]
[xgboost_dart_mode: 0]
[uniform_drop: 0]
[drop_seed: 9722]
[top_rate: 0.2]
[other_rate: 0.1]
[min_data_per_group: 100]
[max_cat_threshold: 32]
[cat_l2: 10]
[cat_smooth: 10]
[max_cat_to_onehot: 4]
[top_k: 20]
[monotone_constraints: ]
[monotone_constraints_method: basic]
[monotone_penalty: 0]
[feature_contri: ]
[forcedsplits_filename: ]
[refit_decay_rate: 0.9]
[cegb_tradeoff: 1]
[cegb_penalty_split: 0]
[cegb_penalty_feature_lazy: ]
[cegb_penalty_feature_coupled: ]
[path_smooth: 0]
[interaction_constraints: ]
[verbosity: -1]
[saved_feature_importance_type: 0]
[use_quantized_grad: 0]
[num_grad_quant_bins: 4]
[quant_train_renew_leaf: 0]
[stochastic_rounding: 1]
[linear_tree: 0]
[max_bin: 255]
[max_bin_by_feature: ]
[min_data_in_bin: 3]
[bin_construct_sample_cnt: 200000]
[data_random_seed: 4442]
[is_enable_sparse: 1]
[enable_bundle: 1]
[use_missing: 1]
[zero_as_missing: 0]
[feature_pre_filter: 1]
[pre_partition: 0]
[two_round: 0]
[header: 0]
[label_column: ]
[weight_column: ]
[group_column: ]
[ignore_column: ]
[categorical_feature: ]
[forcedbins_filename: ]
[precise_float_parser: 0]
[parser_config_file: ]
[objective_seed: 5935]
[num_class: 1]
[is_unbalance: 0]
[scale_pos_weight: 1]
[sigmoid: 1]
[boost_from_average: 1]
[reg_sqrt: 0]
[alpha: 0.5]
[fair_c: 1]
[poisson_max_delta_step: 0.7]
[tweedie_variance_power: 1.5]
[lambdarank_truncation_level: 30]
[lambdarank_norm: 1]
[label_gain: ]
[lambdarank_position_bias_regularization: 0]
[eval_at: ]
[multi_error_top_k: 1]
[auc_mu_weights: ]
[num_machines: 1]
[local_listen_port: 12400]
[time_out: 120]
[machine_list_filename: ]
[machines: ]
[gpu_platform_id: -1]
[gpu_device_id: -1]
[gpu_device_id_list: ]
[gpu_use_dp: 0]
[num_gpu: 1]

end of parameters

pandas_categorical:[]
