tree
version=v4
num_class=1
num_tree_per_iteration=1
label_index=0
max_feature_idx=27
objective=quantile
feature_names=sig_lag_1 sig_lag_2 sig_lag_3 sig_lag_7 sig_lag_14 sig_lag_21 sig_lag_28 sig_roll_mean_7 sig_roll_mean_14 sig_roll_mean_28 sig_roll_std_7 sig_roll_std_14 sig_roll_std_28 sig_zero_rate_7 sig_zero_rate_14 sig_zero_rate_28 promo_flag is_weekend is_holiday is_payday_week day_of_month month unit_cost_rp unit_price_rp margin_rp shelf_life_days is_perishable promised_lead_time_days
feature_infos=[0:72] [0:72] [0:72] [0:72] [0:72] [0:72] [0:72] [0:44] [0:44] [0:44] [0:22.786796511095964] [0:17.139376936115319] [0:16.069317439236894] [0:1] [0:1] [0:0.9642857142857143] [0:1] [0:1] [0:1] none [1:31] [1:4] [3633:54611] [4700:64300] [1067:16070] [92:917] [0:1] [2:4]
tree_sizes=1546 2151 1970 2125 2138 2139 2148 2127 2137 2160 2150 2145 2155 2149 2149 2144 2160 2149 2171 2162 2156 2147 2135 2148 2151 2148 2163 2146 2157 2157 2152 2146 2158 2148 2159 2156 2146 2150 2163 2164 2159 2149 2157 2179 2176 2169 2170 2174 2162 2164 2155 2177 2188 2175 2169 2187 2188 2186 2168 2172 2162 2180 2176 2167 2174 2152 2181 2159 2173 2184 2177 2179 2162 2160 2177 2188 2175 2195 2172 2191 2201 2176 2174 2175 2181 2171 2153 2169 2179 2170 2164 2153 2174 2174 2164 2155 2162 2164 2206 2186 2161 2182 2182 2168 2153 2193 2171 2171 2167 2188 2188 2179 2173 2176 2164 2155 2164 2157 2179 2175 2162 2170 2165 2199 2152 2180 2145 2179 2188 2166 2164 2205 2159 2192 2199 2147 2169 2175 2175 2169 2185 2152 2170 2177 2178 2157 2157 2162 2179 2200 2187 2163 2172 2176 2149 2182 2198 2185 2196 2177 2184 2164 2185 2189 2185 2161 2199 2142 2170 2163 2193 2166 2152 2210 2177 2178 2153 2198 2158 2164

Tree=0
num_leaves=17
num_cat=0
split_feature=9 9 9 4 11 9 12 12 22 20 9 15 11 20 15 3
split_gain=1144.61 13.7294 6.24151 5.73638 2.17536 2.64582 2.6266 2.59635 0.716238 0.970783 0.404787 0.513352 0.271116 0.244365 0.143641 0.0638054
threshold=0.8377192982456142 1.4011821410901339 0.60791925465838526 4.9547980748721674 1.2066664642907576 0.98878360389629716 1.2127422846509299 0.96169746706743797 54348.000000000007 10.500000000000002 1.5018052704500626 0.18019480519480521 1.1094252342038535 1.5000000000000002 0.28285714285714292 1.0010887194926981
decision_type=2 2 2 2 2 2 2 2 2 2 2 2 2 2 2 2
left_child=2 3 -1 4 5 7 -6 -2 10 -10 11 -3 15 -12 -15 -7
right_child=1 8 -4 -5 6 12 -8 -9 9 -11 13 -13 -14 14 -16 -17
leaf_value=12.520879282951356 12.625879282951354 12.905879282951355 12.625879282951354 12.730879282951355 12.805120791165557 12.940879282951355 12.954879287332297 12.940879285559058 12.835879286080599 13.045879282951354 13.472738126799765 13.035436984831037 12.940879282951355 13.535879282951354 13.206879287958145 12.975879282951356
leaf_weight=1228 48 58 275 73 83 213 85 51 61 90 460 107 84 12352 49 129
leaf_count=1228 48 58 275 73 83 213 85 51 61 90 460 107 84 12352 49 129
internal_value=12.9387 12.9419 12.9098 12.9373 12.9384 12.9395 12.935 12.9345 12.9421 12.9395 12.9422 12.9402 12.9407 12.9422 12.9422 12.9411
internal_weight=15446 13943 1503 766 693 525 168 99 13177 151 13026 165 426 12861 12401 342
internal_count=15446 13943 1503 766 693 525 168 99 13177 151 13026 165 426 12861 12401 342
is_linear=0
shrinkage=1


Tree=1
num_leaves=23
num_cat=0
split_feature=9 8 9 4 25 9 10 10 15 20 6 12 8 14 20 22 9 20 8 8 12 8
split_gain=1129.11 12.8061 5.8942 3.4407 2.55666 1.64914 1.18226 1.02541 0.858552 0.911261 0.58597 0.599099 0.529256 0.882633 0.707225 0.523887 0.389276 0.362421 0.265698 0.745837 0.248226 0.0429714
threshold=0.8377192982456142 1.5012755102040818 0.57332179065277356 4.9547980748721674 381.00000000000006 0.91360632121501695 1.2535663410560194 0.53452248382484913 0.21583850931677021 13.500000000000002 2.3744258531167257 1.2127422846509299 1.2132111502410419 0.20714285714285716 10.500000000000002 54348.000000000007 1.573233841878634 1.5000000000000002 5.6616611418588318 5.6470832654320153 0.93999887425351958 1.7847258520610045
decision_type=2 2 2 2 2 2 2 2 2 2 2 2 2 2 2 2 2 2 2 2 2 2
left_child=2 3 -1 5 -5 -2 7 -7 -8 -10 11 12 20 -14 -15 17 -17 18 19 -3 -9 -19
right_child=1 15 -4 4 -6 6 8 10 9 -11 -12 -13 13 14 -16 16 -18 21 -20 -21 -22 -23
leaf_value=-0.40323077490329751 -0.30190577490329745 0.44527577733960383 -0.30190577490329745 -0.0630307743921876 -0.20058077490329743 -0.032808274810202438 0.11476922654397788 -0.067930769779160641 0.0012117250693216655 -0.10342077505663039 0.072069225005432974 0.10025661200188127 0.16839753368008337 -0.098179227690794499 -0.020254579235148302 0.037204226372019172 -0.012665772639811022 0.14121172545265398 3.0284541655620085 -0.12154583443799179 0.03706922509670256 0.6280221969174653
leaf_weight=1132 52 129 345 57 46 52 76 51 46 83 175 99 52 46 75 52 57 396 196 131 118 11978
leaf_count=1132 52 129 345 57 46 52 76 51 46 83 175 99 52 46 75 52 57 396 196 131 118 11978
internal_value=2.69598e-05 0.00310922 -0.0290202 -0.000633591 -0.0065463 3.76345e-05 0.000430524 0.00115973 -0.00183333 -0.00355224 0.00158374 0.000831839 7.06053e-05 -0.0012191 -0.00288889 0.00340807 0.000736842 0.0034291 0.00228525 0.00138679 0.00148851 0.0034689
internal_weight=15444 13967 1477 1028 103 925 873 668 205 129 616 441 342 173 121 12939 109 12830 456 260 169 12374
internal_count=15444 13967 1477 1028 103 925 873 668 205 129 616 441 342 173 121 12939 109 12830 456 260 169 12374
is_linear=0
shrinkage=0.035


Tree=2
num_leaves=21
num_cat=0
split_feature=9 9 9 4 13 11 15 22 4 9 7 9 15 22 7 7 15 20 20 15
split_gain=1120.88 16.6339 5.94393 3.45727 2.00337 1.75598 1.55656 1.16627 1.86814 0.799461 0.622612 0.619348 0.493002 0.437225 0.269269 1.34652 0.212249 0.20382 0.0613474 0.046011
threshold=0.8377192982456142 1.4011821410901339 0.57332179065277356 4.9547980748721674 0.53571428571428581 1.1507283885330311 0.31980519480519487 54348.000000000007 3.9929401464817613 0.98878360389629716 1.4265961661791604 1.7242762445887447 0.21980676328502416 54348.000000000007 1.4994680306533312 1.384183673469388 0.28869047619047622 1.5000000000000002 12.500000000000002 0.14550264550264552
decision_type=2 2 2 2 2 2 2 2 2 2 2 2 2 2 2 2 2 2 2 2
left_child=2 3 -1 4 5 9 -7 11 -9 -2 -8 14 -11 -14 15 18 -15 -13 -3 -16
right_child=1 7 -4 -5 -6 6 10 8 -10 12 -12 17 13 16 19 -17 -18 -19 -20 -21
leaf_value=-0.38911769778168204 -0.21577725578137991 0.036160422453755628 -0.29133907278168203 -0.19837469779957087 -0.16183906824427843 -0.16839068185478206 0.03867001561618056 0.10383752713909603 -0.12920855495434722 -0.00045319778040427719 -0.063221638068220745 0.56036952620736102 0.074401549973478795 -0.031130919372868378 0.078981210360701951 -0.026177899468737258 0.035771802218317959 0.58994279546229988 0.096250195609113395 0.11630181470585969
leaf_weight=1128 64 47 356 70 88 66 57 107 48 75 46 446 186 45 77 47 66 12135 99 198
leaf_count=1128 64 47 356 70 88 66 57 107 48 75 46 446 186 45 77 47 66 12135 99 198
internal_value=0 0.00307665 -0.0288674 -0.00192318 -0.00111318 -0.000344262 -0.00333908 0.00336751 0.00021875 0.000801587 -0.000388889 0.00340348 0.00145756 0.00210927 0.00202008 0.000848485 0.000181035 0.00345273 0.00257285 0.00275
internal_weight=15451 13967 1484 763 693 605 169 13204 155 436 103 13049 372 297 468 193 111 12581 146 275
internal_count=15451 13967 1484 763 693 605 169 13204 155 436 103 13049 372 297 468 193 111 12581 146 275
is_linear=0
shrinkage=0.035


Tree=3
num_leaves=23
num_cat=0
split_feature=8 15 8 22 22 22 4 15 11 11 20 20 11 22 14 8 15 10 20 7 7 15
split_gain=1032.12 39.3966 20.2644 9.45194 7.33011 7.85616 4.48081 2.25355 1.74686 3.13746 0.861099 1.41633 1.71374 0.688244 0.539195 0.526807 0.363198 0.355285 0.307411 0.243398 0.459401 0.23552
threshold=0.86030787602530523 0.49000000000000005 1.4990115663467189 5643.5000000000009 17834.500000000004 28242.500000000004 4.9547980748721674 0.4188596491228071 1.2066664642907576 1.3259870882635925 16.500000000000004 4.5000000000000009 0.95824039993656596 54348.000000000007 0.11805555555555557 1.3448453054809033 0.32738095238095244 1.154700538379253 1.5000000000000002 5.4340659340659352 5.2914285714285727 0.28285714285714292
decision_type=2 2 2 2 2 2 2 2 2 2 2 2 2 2 2 2 2 2 2 2 2 2
left_child=1 3 6 -1 -5 -6 7 8 10 -10 11 -2 -13 18 -15 -11 17 -12 19 20 -4 -14
right_child=2 -3 13 4 5 -7 -8 -9 9 15 16 12 21 14 -16 -17 -18 -19 -20 -21 -22 -23
leaf_value=-0.28114220523432315 0.042049278390656614 -0.35826233122878204 0.39542616879641307 0.022684177008212854 -0.28854324395616399 -0.071142205234323158 -0.18058017967389248 -0.20893720481813377 -0.12508479247458523 -0.093127058049779984 0.1045306051893034 -0.21624748077035133 -0.017729003332540155 -0.059290173547025406 0.037489834352736687 0.10144142811985152 -0.013247389297735373 -0.011566794104755982 0.53361545036341085 2.8003674792708386 -0.045904610661390524 0.041823425819625712
leaf_weight=60 82 1315 119 55 63 74 83 77 62 46 176 75 50 45 86 65 45 45 12471 194 128 64
leaf_count=60 82 1315 119 55 63 74 83 77 62 46 176 75 50 45 86 65 45 45 12471 194 128 64
internal_value=1.24315e-05 -0.026869 0.00304986 -0.0136595 -0.00929188 -0.013507 -0.0021 -0.00122854 -0.000562937 -0.00357865 0.000400369 -0.000938406 -0.00263402 0.00339539 0.000669118 0 0.00182103 0.00241593 0.00342142 0.00232287 0.00141667 0
internal_weight=15480 1567 13913 252 192 137 870 787 710 173 537 271 189 13043 131 111 266 221 12912 441 247 114
internal_count=15480 1567 13913 252 192 137 870 787 710 173 537 271 189 13043 131 111 266 221 12912 441 247 114
is_linear=0
shrinkage=0.035


Tree=4
num_leaves=23
num_cat=0
split_feature=9 9 9 5 11 9 21 8 9 25 5 15 25 25 20 14 11 11 22 14 6 11
split_gain=1071.03 13.8701 8.36449 3.30679 2.1226 2.4537 2.6921 1.61148 1.12819 0.847254 0.64051 0.696184 0.540668 12.0986 0.452703 0.297078 0.318874 0.885993 0.233617 0.290089 0.134296 0.0755807
threshold=0.8377192982456142 1.3584084897651272 0.60791925465838526 4.8705795993534231 1.2066664642907576 0.98878360389629716 2.5000000000000004 1.3580155746509133 1.8345324001919054 277.00000000000006 4.8705795993534231 0.20416666666666669 195.50000000000003 557.50000000000011 1.5000000000000002 0.20714285714285716 1.2838814775327398 1.1914557955765863 54348.000000000007 0.34523809523809529 1.0000000180025095e-35 1.1219964034288594
decision_type=2 2 2 2 2 2 2 2 2 2 2 2 2 2 2 2 2 2 2 2 2 2
left_child=2 3 9 4 5 6 -2 -6 10 -1 15 -12 -4 -14 -10 -3 17 21 20 -20 -7 -17
right_child=1 8 12 -5 7 18 -8 -9 14 -11 11 -13 13 -15 -16 16 -18 -19 19 -21 -22 -23
leaf_value=-0.25497131957705221 -0.26388811113130245 0.13135965915725883 -0.27719315683147089 -0.1802970270701108 -0.091718437531572536 0.0031034194088252311 0.040682571134269443 -0.0001610390561858172 0.47440726205980338 -0.36295939676631583 -0.081392838713820082 0.11197727610195982 -0.1004806179786782 -0.27130222805112186 0.577912149143326 0.047530336660840472 0.076516344040674131 -0.039379225398248924 -0.030318858972325686 0.039481512556369121 0.077451410518607419 0.076283714588831819
leaf_weight=324 47 289 144 87 81 72 51 66 442 876 71 75 52 95 11896 82 201 46 64 67 159 52
leaf_count=324 47 289 144 87 81 72 51 66 442 876 71 75 52 95 11896 82 201 46 64 67 159 52
internal_value=4.8814e-05 0.00308818 -0.0280842 -0.00170744 -0.000732026 0.000413979 -0.00431553 -0.00432895 0.00334307 -0.0295539 0.00200792 0 -0.0215676 -0.0176842 0.00342911 0.00246296 0.00168653 0.000472973 0.00178338 0.000411765 0.00246186 0.00198921
internal_weight=15339 13848 1491 694 607 460 98 147 13154 1200 816 146 291 147 12338 670 381 180 362 131 231 134
internal_count=15339 13848 1491 694 607 460 98 147 13154 1200 816 146 291 147 12338 670 381 180 362 131 231 134
is_linear=0
shrinkage=0.035


Tree=5
num_leaves=23
num_cat=0
split_feature=9 9 9 11 25 8 15 25 25 15 25 22 4 9 5 3 9 20 8 20 22 6
split_gain=1083.33 14.269 10.3422 3.4091 4.97138 3.05145 2.54644 1.58286 13.2384 1.35212 1.60629 1.14113 2.05853 0.945444 0.842565 0.639361 0.353672 0.336592 0.25131 0.331098 0.183352 0.257733
threshold=0.8377192982456142 1.4011821410901339 0.60791925465838526 1.2066664642907576 195.50000000000003 1.3448453054809033 0.34891304347826091 195.50000000000003 557.50000000000011 0.26201372997711675 499.50000000000006 54348.000000000007 3.9929401464817613 1.8649500989674754 4.8705795993534231 2.1080516551746884 1.3001277061555134 1.5000000000000002 1.4275829949181473 21.500000000000004 54348.000000000007 1.1606125848127697
decision_type=2 2 2 2 2 2 2 2 2 2 2 2 2 2 2 2 2 2 2 2 2 2
left_child=2 3 -1 4 -2 6 -5 -4 -9 10 16 13 -13 14 18 -16 -6 -15 19 -3 -11 -22
right_child=1 11 7 5 9 -7 -8 8 -10 20 -12 12 -14 17 15 -17 -18 -19 -20 -21 21 -23
leaf_value=-0.35025581787949478 -0.25131685775178308 -0.014240509912345194 -0.2674913963423694 -0.19498662882787809 0.13636065861082824 -0.0084440207546364453 -0.080550114175457765 -0.087448973221189163 -0.26180665006933262 0.069620101608024718 -0.13898662538570986 0.096185230918757192 -0.12564296097609376 0.52314742963639982 -0.037492294809209917 0.090041268856069751 -0.030409738377009159 0.56471198438067516 0.11238090372039679 0.10515551345519042 0.00058907460171810869 0.027048467839052528
leaf_weight=1228 48 62 134 45 62 92 62 55 87 202 56 110 45 431 67 48 46 11874 446 50 93 68
leaf_count=1228 48 62 134 45 62 92 62 55 87 202 56 110 45 431 67 48 46 11874 446 50 93 68
internal_value=5.90309e-06 0.00306225 -0.02816 -0.00153209 -0.00012069 -0.00542157 -0.0093125 -0.0209128 -0.0165 0.000868421 -0.00167751 0.00333483 0.00021875 0.0033706 0.00200295 -0.000583333 0.000712389 0.00344314 0.0025675 0.000807692 0.00207337 0.00096988
internal_weight=15411 13907 1504 774 575 199 107 276 142 527 164 13133 155 12978 673 115 108 12305 558 112 363 161
internal_count=15411 13907 1504 774 575 199 107 276 142 527 164 13133 155 12978 673 115 108 12305 558 112 363 161
is_linear=0
shrinkage=0.035


Tree=6
num_leaves=23
num_cat=0
split_feature=9 9 15 25 11 8 25 15 12 25 25 10 9 5 12 20 10 10 8 15 25 20
split_gain=1025.48 13.8719 8.81921 4.04328 4.17013 2.5716 2.40716 2.22078 2.19085 2.60643 1.97886 1.3702 1.31904 0.934401 0.93051 0.364625 0.30661 0.620822 0.716195 0.259612 0.400219 0.238973
threshold=0.8377192982456142 1.4011821410901339 0.46291208791208799 195.50000000000003 1.2066664642907576 1.4275829949181473 557.50000000000011 0.34891304347826091 0.83737086819080064 499.50000000000006 277.00000000000006 0.53452248382484913 1.8649500989674754 4.8705795993534231 1.4821120814055797 6.5000000000000009 1.2149857925879142 1.3972762620115433 1.5736338395007128 0.21980676328502416 499.50000000000006 1.5000000000000002
decision_type=2 2 2 2 2 2 2 2 2 2 2 2 2 2 2 2 2 2 2 2 2 2
left_child=2 3 6 -2 11 7 -1 -6 10 -10 -4 -5 13 16 -15 -13 -3 18 -18 -17 -21 -14
right_child=1 12 8 4 5 -7 -8 -9 9 -11 -12 15 21 14 -16 19 17 -19 -20 20 -22 -23
leaf_value=-0.16587233441951707 -0.22119311162659805 0.07526994082984248 -0.23378836946923476 -0.064122099234157057 -0.16716209843445304 0.018407632916196019 -0.25355194326986824 -0.073969422972604254 -0.30677644695533673 -0.14494421290709991 -0.3379968642537125 -0.00055133346319988837 0.47150227729837679 -0.082605171808700292 0.19218586953874681 0.0018373416254947993 -0.034196944630537456 0.10848810811493623 0.15636120309298074 0.11975265382640086 0.0039013580787864441 0.54494706492735145
leaf_weight=76 53 385 344 55 51 63 57 76 95 57 884 97 445 90 51 56 49 209 45 199 128 11903
leaf_count=76 53 385 344 55 51 63 57 76 95 57 884 97 445 90 51 56 49 209 45 199 128 11903
internal_value=8.43729e-05 0.00305623 -0.0272345 -0.00146169 -0.000719178 -0.00511538 -0.0170435 -0.00790151 -0.028139 -0.0214682 -0.0288601 0.000842593 0.00332476 0.00190528 -0.000575342 0.00147938 0.00243939 0.00145455 -0.000742424 0.00196649 0.00234036 0.00341783
internal_weight=15468 13955 1513 778 725 190 133 127 1380 152 1228 535 13177 829 141 480 688 303 94 383 327 12348
internal_count=15468 13955 1513 778 725 190 133 127 1380 152 1228 535 13177 829 141 480 688 303 94 383 327 12348
is_linear=0
shrinkage=0.035


Tree=7
num_leaves=23
num_cat=0
split_feature=9 8 9 11 9 15 12 9 25 22 14 9 21 15 10 10 14 11 20 12 20 8
split_gain=1003.81 15.4834 9.47462 3.00845 4.30763 4.33328 3.14355 5.43112 2.73843 0.805403 0.691368 0.534548 0.848807 0.712047 0.526216 1.14249 0.438612 0.645847 0.351972 0.376893 0.257236 0.194866
threshold=0.8377192982456142 1.5012755102040818 0.60791925465838526 1.1786841076803656 1.3584084897651272 0.34891304347826091 0.93999887425351958 1.0014611999653302 277.00000000000006 54348.000000000007 0.087121212121212141 2.0006377551020411 1.5000000000000002 0.21240601503759401 1.7043362064926952 1.2411150588942081 0.29285714285714287 1.1094252342038535 12.500000000000002 1.0842217005819286 1.5000000000000002 1.8572293111853637
decision_type=2 2 2 2 2 2 2 2 2 2 2 2 2 2 2 2 2 2 2 2 2 2
left_child=2 3 8 6 5 -5 7 -2 -1 11 -11 12 13 21 15 -6 17 18 19 -8 -13 -3
right_child=1 9 -4 4 14 -7 16 -9 -10 10 -12 20 -14 -15 -16 -17 -18 -19 -20 -21 -22 -23
leaf_value=-0.2285938540239135 -0.24791392196582951 -0.06231772326543996 -0.24378562335174969 -0.18222879496061348 0.067904249152741333 -0.044982252330459271 -0.0096566944059286054 0.014095211420950394 -0.32616697400483252 -0.12809358068344906 0.048235866426636888 0.48531978814273846 0.1205075071556526 0.12286731766413847 0.088961445729693223 -0.033671328724384136 0.061220566969059045 -0.026892359485163261 0.10991129954074583 0.032592978395611615 0.56087391765489414 -0.0036260777592742248
leaf_weight=330 61 46 275 70 51 82 60 94 878 45 67 438 614 57 50 61 190 77 162 46 11637 47
leaf_count=330 61 46 275 70 51 82 60 94 878 45 67 438 614 57 50 61 190 77 162 46 11637 47
internal_value=0.000107201 0.00302113 -0.0272191 -0.00114817 -0.00396081 -0.00809236 0.000125899 -0.00415625 -0.0287012 0.00334602 0.000209402 0.00337192 0.00236216 0 0 -0.00128632 0.00142593 0.0006 0.00144872 0 0.00343336 -0.00185714
internal_weight=15438 13955 1483 1004 314 152 690 155 1208 12951 112 12839 764 150 162 112 535 345 268 106 12075 93
internal_count=15438 13955 1483 1004 314 152 690 155 1208 12951 112 12839 764 150 162 112 535 345 268 106 12075 93
is_linear=0
shrinkage=0.035


Tree=8
num_leaves=23
num_cat=0
split_feature=9 8 9 4 25 9 11 11 25 25 22 20 22 4 25 10 6 12 10 20 21 9
split_gain=961.058 14.3808 11.8508 3.35968 3.04847 2.2456 2.353 2.20654 1.36047 12.1801 1.19037 1.14524 1.0962 1.00875 0.718148 0.810906 0.612632 0.621854 0.527047 0.302974 1.20579 0.314605
threshold=0.8377192982456142 1.5657635829674368 0.60791925465838526 4.9547980748721674 499.50000000000006 0.91360632121501695 1.2066664642907576 1.3259870882635925 195.50000000000003 557.50000000000011 34795.000000000007 18.500000000000004 54348.000000000007 2.9974617545665088 294.00000000000006 1.5118578920369083 0.98214285714285732 1.1126972805283744 0.89973541084243791 1.5000000000000002 1.5000000000000002 2.6422888473493016
decision_type=2 2 2 2 2 2 2 2 2 2 2 2 2 2 2 2 2 2 2 2 2 2
left_child=2 3 10 5 -5 -2 16 11 -4 -10 -1 -8 19 -14 -9 -16 17 18 -7 20 -3 -21
right_child=1 12 8 4 -6 6 7 14 9 -11 -12 -13 13 -15 15 -17 -18 -19 -20 21 -22 -23
leaf_value=-0.24786873186231581 -0.25119633048227646 -0.20370118877657722 -0.2408116589369407 -0.048283190335884608 -0.17517961459085848 0.0068233233446767958 -0.091251679057837209 0.17914200286727366 -0.049378625257238011 -0.23523660248514935 -0.31475112991466336 -0.047539518801790581 0.059713874044784433 -0.10562230594971482 0.02762969343135132 -0.072723411395501009 0.032632743252478835 0.070457740728614951 -0.027241889024140705 0.15942206126067585 0.51272672722170609 0.77119177203091427
leaf_weight=712 47 127 143 64 46 57 45 59 56 88 496 55 53 48 52 50 480 56 53 2268 332 9992
leaf_count=712 47 127 143 64 46 57 45 59 56 88 496 55 53 48 52 50 480 56 53 2268 332 9992
internal_value=0.00013059 0.00300608 -0.0264833 -0.000887278 -0.00654348 -0.000186131 0.000199562 -0.00255263 -0.0191541 -0.015057 -0.0281241 -0.0065 0.0033308 -0.000132075 0 -0.00173364 0.00134946 -0.000388889 -0.00197826 0.00335971 0.0022931 0.00339727
internal_weight=15379 13884 1495 1064 110 954 907 261 287 144 1208 100 12820 101 161 102 646 166 110 12719 459 12260
internal_count=15379 13884 1495 1064 110 954 907 261 287 144 1208 100 12820 101 161 102 646 166 110 12719 459 12260
is_linear=0
shrinkage=0.035


Tree=9
num_leaves=23
num_cat=0
split_feature=8 12 8 25 22 22 14 12 25 20 7 11 11 11 20 22 4 10 8 5 24 20
split_gain=903.777 32.6446 15.7774 14.4319 4.55118 9.54645 4.45701 4.37894 3.16011 1.98762 2.12114 1.07358 0.943492 0.842997 0.817873 0.710689 0.734286 0.608484 0.458045 0.791165 0.611097 0.53222
threshold=0.86030787602530523 0.83737086819080064 1.5012755102040818 195.50000000000003 24335.000000000004 17834.500000000004 0.40833333333333338 0.91765825436204529 277.00000000000006 15.500000000000002 1.0023000964625202 1.1786841076803656 1.1387288073563864 0.83396456879722469 10.500000000000002 54348.000000000007 2.9974617545665088 1.3451854182691003 2.0000255829834295 4.8705795993534231 4326.0000000000009 1.5000000000000002
decision_type=2 2 2 2 2 2 2 2 2 2 2 2 2 2 2 2 2 2 2 2 2 2
left_child=1 6 4 -3 5 9 -1 -5 -8 10 -2 -6 -11 -9 -13 18 -17 -16 19 -4 -21 -20
right_child=2 3 15 7 11 -7 8 13 -10 12 -12 14 -14 -15 17 16 -18 -19 21 20 -22 -23
leaf_value=-0.19200332139816909 -0.20396175001469025 -0.25909319013911614 0.13107638276032246 -0.12080433904463923 0.035978701577454232 -0.19388719440541841 -0.21191765847164401 0.032657497857672912 -0.30373484036765019 0.11239822081602785 -0.039053205613204099 -0.071450651583250313 -0.026728056818954304 -0.19200331887257621 0.014032923064130291 0.043092298055043991 -0.11991352465128828 -0.060421000482650582 0.47622700908964777 0.14083647562387691 -0.017253627955497675 0.53819226604698034
leaf_weight=81 59 100 743 53 344 52 341 46 871 115 133 62 66 51 82 55 45 72 420 91 69 11485
leaf_count=81 59 100 743 53 344 52 341 46 871 115 133 62 66 51 82 55 45 72 420 91 69 11485
internal_value=0.000152095 -0.0252145 0.0029787 -0.0131078 -0.00127273 -0.00398837 -0.0274823 -0.00575806 -0.0281064 -0.00187037 -0.00431726 0.000774336 0.000677419 -0.000960784 -0.00109276 0.00330485 0.000166667 0.000198113 0.00332791 0.00245925 0.000106061 0.00339127
internal_weight=15436 1543 13893 250 985 425 1293 150 1212 373 192 560 181 97 216 12908 100 154 12808 903 160 11905
internal_count=15436 1543 13893 250 985 425 1293 150 1212 373 192 560 181 97 216 12908 100 154 12808 903 160 11905
is_linear=0
shrinkage=0.035


Tree=10
num_leaves=23
num_cat=0
split_feature=9 25 9 12 15 4 7 25 11 12 22 15 10 9 15 20 21 20 15 7 21 11
split_gain=923.834 12.8027 12.4532 9.05342 3.93679 2.81937 2.29919 2.06386 2.51486 1.82894 1.77868 1.64857 1.39036 1.16712 1.70096 0.707321 1.84044 0.505327 0.429866 0.535869 0.269065 0.429082
threshold=0.8377192982456142 277.00000000000006 1.5018052704500626 0.83737086819080064 0.46291208791208799 4.9547980748721674 1.0023000964625202 195.50000000000003 1.1507283885330311 1.2127422846509299 24335.000000000004 0.40588235294117653 1.2149857925879142 2.0006377551020411 0.069047619047619066 1.5000000000000002 1.5000000000000002 13.500000000000002 0.267948717948718 1.252588089182574 1.5000000000000002 1.4878475632989014
decision_type=2 2 2 2 2 2 2 2 2 2 2 2 2 2 2 2 2 2 2 2 2 2
left_child=1 4 5 11 -1 7 -7 -2 18 10 -10 -3 -12 14 -4 16 -15 -11 19 -9 21 -16
right_child=2 3 13 -5 -6 6 -8 8 9 17 12 -13 -14 15 20 -17 -18 -19 -20 -21 -22 -23
leaf_value=-0.11749267950104982 -0.17978148466097787 -0.21217616495391692 -0.14572455513365548 -0.1544999721177216 -0.23529481915101286 -0.14613297436806919 -0.05484776855965523 -0.019052933705134282 -0.17628886524921319 0.051168485843530634 0.0094795660854225111 -0.29310412095478244 -0.065012864936136366 -0.22373957073928993 -0.0095584559986615046 0.51340405381265009 0.53561060942874017 -0.0071606426537141818 0.036021895880322584 0.019109026897586735 0.12355737570571999 0.14956804832113005
leaf_weight=61 66 48 45 65 429 46 58 74 45 59 46 901 52 140 89 11610 309 60 325 135 704 62
leaf_count=61 66 48 45 65 429 46 58 74 45 59 46 901 52 140 89 11610 309 60 325 135 704 62
internal_value=0.000170986 -0.0258406 0.00298995 -0.0282713 -0.0205404 -0.000825438 -0.00613303 -0.000133218 0.000353933 -0.00239888 -0.00501351 -0.0291887 -0.00193689 0.00327592 0.00199171 0.00336945 0.00188106 0.000677419 0.00174675 0.000392523 0.00236047 0.000807692
internal_weight=15429 1504 13925 1014 490 966 104 862 796 262 143 949 98 12959 900 12059 449 119 534 209 855 151
internal_count=15429 1504 13925 1014 490 966 104 862 796 262 143 949 98 12959 900 12059 449 119 534 209 855 151
is_linear=0
shrinkage=0.035


Tree=11
num_leaves=23
num_cat=0
split_feature=9 25 8 9 9 21 22 10 20 8 21 21 22 14 9 10 24 14 20 13 9 14
split_gain=889.967 15.297 13.3273 7.93484 4.10786 5.02592 6.40071 1.4628 1.29458 1.10283 1.20646 1.06757 1.18054 0.958814 2.20571 0.815185 0.612698 1.01134 0.605442 0.566272 0.271365 0.20115
threshold=0.8377192982456142 277.00000000000006 1.5657635829674368 0.64334089962422325 1.0014611999653302 2.5000000000000004 54348.000000000007 1.2411150588942081 7.5000000000000009 2.5718369743430354 1.5000000000000002 2.5000000000000004 24335.000000000004 1.0000000180025095e-35 2.2594012527089604 0.67989119028088918 3555.0000000000005 0.11805555555555557 1.5000000000000002 0.46428571428571436 1.8649500989674754 0.29285714285714287
decision_type=2 2 2 2 2 2 2 2 2 2 2 2 2 2 2 2 2 2 2 2 2 2
left_child=1 19 4 -3 5 6 -2 15 -9 10 13 12 -10 14 -4 -6 17 -15 -11 -1 -18 -17
right_child=2 3 9 -5 7 -7 -8 8 11 18 -12 -13 -14 16 -16 21 20 -19 -20 -21 -22 -23
leaf_value=-0.16126522680110253 -0.23557711467967454 -0.28284547672136506 -0.15564247872004877 -0.20611395775188399 -0.032746964954214051 0.0095256338287947172 0.00036007226467131049 0.090808097190138951 -0.093502161873668624 0.49459129248834055 0.15133228454633563 -0.0094588699944369962 -0.059560818153025517 0.12687266773115066 0.2188576884126292 0.015633206067859017 0.039588941376319159 -0.061142312802238037 0.67351351937389159 -0.22748007092557473 0.1501543666618689 0.051096792955605659
leaf_weight=145 64 908 48 91 68 76 48 67 53 399 1703 89 58 65 61 400 55 80 10159 350 287 168
leaf_count=145 64 908 48 91 68 76 48 67 53 399 1703 89 58 65 61 400 55 80 10159 350 287 168
internal_value=0.000196446 -0.0254293 0.00295066 -0.0280837 -0.000747263 -0.00538601 -0.00996154 0.000223568 -0.00190441 0.00326598 0.00252778 -0.00332927 -0.00555172 0.00111231 -0.0017193 0.00115211 0.00179268 0 0.00342379 -0.01981 0.00259222 0.00160646
internal_weight=15442 1494 13948 999 1091 188 112 903 267 12857 2299 200 111 596 109 636 487 145 10558 495 342 568
internal_count=15442 1494 13948 999 1091 188 112 903 267 12857 2299 200 111 596 109 636 487 145 10558 495 342 568
is_linear=0
shrinkage=0.035


Tree=12
num_leaves=23
num_cat=0
split_feature=9 9 8 22 22 15 9 12 11 12 13 8 20 5 15 8 8 20 25 7 9 20
split_gain=831.003 17.2602 11.3737 9.08067 5.80987 3.45006 3.22467 4.21029 1.66002 1.70984 1.52146 1.29934 0.640278 0.581846 0.73567 1.71369 0.498811 0.410736 0.612725 0.394414 0.530939 0.26335
threshold=0.8377192982456142 0.40370370370370373 1.5012755102040818 34795.000000000007 34795.000000000007 0.46291208791208799 1.0014611999653302 0.93999887425351958 1.1387288073563864 1.2127422846509299 0.41428571428571431 2.7146941172001777 1.5000000000000002 4.8705795993534231 1.0000000180025095e-35 2.2857089057276201 1.2857920513923358 8.5000000000000018 324.00000000000006 2.8499690203533725 1.8649500989674754 13.500000000000002
decision_type=2 2 2 2 2 2 2 2 2 2 2 2 2 2 2 2 2 2 2 2 2 2
left_child=1 4 6 5 -1 -3 7 -2 21 16 -9 13 -13 -4 15 -15 -10 -11 -19 20 -16 -8
right_child=2 3 11 -5 -6 -7 8 10 9 17 -12 12 -14 14 19 -17 -18 18 -20 -21 -22 -23
leaf_value=-0.22330342431870742 -0.20683925043344834 -0.19889996923056807 0.14356105723864027 -0.2029458850361173 -0.27294588503611733 -0.20078132726951592 0.0047264747599562382 -0.12593390200863677 -0.077116488040460188 0.090868908564732107 0.033571125053568025 0.51228059725124864 0.73387277414271757 -0.13216470804566494 0.0015362628078093102 0.19486670343318802 -0.029765776363845878 0.082236259500837766 -0.069531786569081197 -0.01211141246965349 0.17860228436459655 0.055970664305955556
leaf_weight=288 61 107 2131 48 483 571 221 47 62 53 68 386 9791 48 75 66 66 90 72 59 355 288
leaf_count=288 61 107 2131 48 483 571 221 47 62 53 68 386 9791 48 75 66 66 90 72 59 355 288
internal_value=0.000294897 -0.0244394 0.00296034 -0.0201525 -0.0282977 -0.0211999 -0.000565828 -0.00481492 0.000314469 -0.00152874 -0.000583333 0.00324257 0.00343125 0.00252884 0.0014852 -0.000911765 -0.00465789 0.000318182 -0.000482036 0.002083 0.00245402 0.00159339
internal_weight=15436 1497 13939 726 771 678 1028 176 852 343 115 12911 10177 2734 603 114 128 215 162 489 430 509
internal_count=15436 1497 13939 726 771 678 1028 176 852 343 115 12911 10177 2734 603 114 128 215 162 489 430 509
is_linear=0
shrinkage=0.035


Tree=13
num_leaves=23
num_cat=0
split_feature=9 8 8 15 10 22 9 21 22 8 11 11 13 21 11 25 25 12 11 9 12 10
split_gain=821.962 15.1878 14.1232 5.71781 2.95653 2.14724 1.73177 2.2899 1.97344 1.61201 1.41652 2.36633 1.2535 0.930082 0.710795 0.580099 0.830005 0.797471 1.51599 0.569112 0.484742 0.444783
threshold=0.8377192982456142 0.35299200622699706 1.5657635829674368 0.46291208791208799 0.53452248382485024 34795.000000000007 1.0014611999653302 2.5000000000000004 24335.000000000004 2.7140826393712847 1.2066664642907576 1.3259870882635925 0.30952380952380959 1.5000000000000002 1.2468141377237636 637.50000000000011 195.50000000000003 1.5218029021459227 1.3985864135061359 1.3584084897651272 1.8951838362916464 1.1126972805283735
decision_type=2 2 2 2 2 2 2 2 2 2 2 2 2 2 2 2 2 2 2 2 2 2
left_child=1 5 4 12 -2 -1 7 8 -6 13 21 14 -3 15 -12 16 -4 18 -18 -13 -19 -8
right_child=2 3 9 -5 6 -7 10 -9 -10 -11 11 19 -14 -15 -16 -17 17 20 -20 -21 -22 -23
leaf_value=-0.21548780446755264 -0.093143810321869289 -0.14968154963668148 0.22674991308491924 -0.21723071188613008 -0.20028659826503301 -0.2633927790598532 0.034845639459414775 0.039425439960025642 -0.020630942256927808 0.67318722704772249 -0.046702422812282075 -0.050500507204545797 -0.19193847030749817 0.13853642023528789 -0.088244850769559305 0.22036011790812152 0.0066921431709994076 0.12073392710184382 -0.064026968857512009 0.062875247170903661 -0.030253411806920563 0.00057588249068560933
leaf_weight=218 80 45 109 718 48 421 363 60 47 10276 46 59 79 1907 52 155 125 135 60 116 66 207
leaf_count=218 80 45 109 718 48 421 363 60 47 10276 46 59 79 1907 52 155 125 135 60 116 66 207
internal_value=0.000260733 -0.0244812 0.00290392 -0.0210041 -0.000927516 -0.028837 -0.00037338 -0.00371875 -0.007 0.00322737 0.000239387 -0.00178777 -0.0127791 0.0024071 -0.00601456 0.00120229 0.00056 -0.000170077 -0.00184211 0.000583333 0.00129126 0.00124783
internal_weight=15392 1481 13911 842 1078 639 998 155 95 12833 843 273 124 2557 98 650 495 386 185 175 201 570
internal_count=15392 1481 13911 842 1078 639 998 155 95 12833 843 273 124 2557 98 650 495 386 185 175 201 570
is_linear=0
shrinkage=0.035


Tree=14
num_leaves=23
num_cat=0
split_feature=9 8 8 15 22 9 21 22 9 15 22 11 11 22 21 11 11 25 8 12 8 9
split_gain=771.247 21.9226 12.3556 6.98529 6.07202 2.73853 4.44982 4.36385 1.442 1.46255 1.35494 1.24222 2.53904 0.952133 1.4027 0.835775 0.36605 0.356984 0.32496 0.774319 0.313854 0.239524
threshold=0.8377192982456142 0.36038961038961043 1.5657635829674368 0.46291208791208799 34795.000000000007 1.0014611999653302 2.5000000000000004 54348.000000000007 2.4438589267464939 1.0000000180025095e-35 15527.500000000002 1.1914557955765863 1.3259870882635925 15527.500000000002 3.5000000000000004 1.2468141377237636 2.0821058655036846 294.00000000000006 2.6428517628704777 1.5218029021459227 1.3580155746509133 6.0501303267706303
decision_type=2 2 2 2 2 2 2 2 2 2 2 2 2 2 2 2 2 2 2 2 2 2
left_child=1 4 5 10 -1 6 7 -2 9 -4 -3 -7 15 -5 -15 -13 18 -14 -11 -20 -19 -10
right_child=2 3 8 13 -6 11 -8 -9 21 16 -12 12 17 14 -16 -17 -18 20 19 -21 -22 -23
leaf_value=-0.20794573131118826 -0.20799118662575694 -0.19441712891981694 -0.057272194809443545 -0.19208183729098208 -0.25417403179275838 0.01827571361168203 0.036993530469669363 -0.0079048517816475185 0.3346256741010521 0.11505647920377252 -0.096895937223394846 -0.02939141463616099 0.17296828553862154 -0.18578970414383866 -0.25578970414383867 -0.07852281026170467 0.067802625599974659 -0.054214834800166638 -0.025734229263029151 0.17386807041268082 0.028885184541899173 2.6446256741010523
leaf_weight=281 63 49 83 265 456 601 70 49 3415 1634 76 65 58 281 76 47 70 49 47 66 69 7537
leaf_count=281 63 49 83 265 456 601 70 49 3415 1634 76 65 58 281 76 47 70 49 47 66 69 7537
internal_value=0.000338827 -0.0236021 0.00289941 -0.0190266 -0.0280566 -0.000696097 -0.00454813 -0.00876496 0.00320055 0.00226903 -0.0105 9.39599e-05 -0.00175597 -0.0206148 -0.0182541 -0.0057735 0.00248189 0.000792818 0.00258105 0.000533898 -0.000199187 0.00335945
internal_weight=15407 1484 13923 747 737 1071 182 112 12852 1900 125 889 288 622 357 112 1817 176 1747 113 118 10952
internal_count=15407 1484 13923 747 737 1071 182 112 12852 1900 125 889 288 622 357 112 1817 176 1747 113 118 10952
is_linear=0
shrinkage=0.035


Tree=15
num_leaves=23
num_cat=0
split_feature=9 25 9 25 12 15 20 6 12 9 12 9 15 13 11 8 8 11 12 11 11 20
split_gain=753.053 21.6044 14.6315 14.4168 6.01178 4.80623 4.57884 4.35807 4.06202 3.40126 4.62327 2.1576 1.73109 1.63175 1.47944 2.0656 1.78602 1.76457 1.14457 0.589868 0.58765 0.565942
threshold=0.8377192982456142 277.00000000000006 1.5412952862512337 499.50000000000006 0.83737086819080064 0.46291208791208799 26.500000000000004 4.8281303029948344 0.63727486250636911 1.0014611999653302 0.93999887425351958 2.3214258814352391 1.0000000180025095e-35 0.41428571428571431 1.1094252342038535 1.5012755102040818 1.1437298603651989 1.3259870882635925 0.74446813513595367 1.2066664642907576 2.0821058655036846 1.5000000000000002
decision_type=2 2 2 2 2 2 2 2 2 2 2 2 2 2 2 2 2 2 2 2 2 2
left_child=1 5 9 -3 7 -1 18 -5 -9 10 -2 12 -4 -12 -11 16 -16 19 -7 -18 -14 -13
right_child=2 3 11 4 -6 6 -8 8 -10 14 13 21 20 -15 15 -17 17 -19 -20 -21 -22 -23
leaf_value=-0.091257046359798061 -0.20393261823825914 -0.24527794068001185 -0.12275664130164873 -0.1960537854612795 -0.08466973687084027 -0.19691167855612132 -0.080441389984991105 -0.14560594420322551 -0.1516326875923332 0.026437422551391816 -0.14875562708098541 0.4215856681992291 0.10488093927076007 0.02792440009349648 0.011300635193927598 0.038921157571423108 -0.033614713277999662 -0.007738664219481251 -0.20079257842588 -0.10379320084680578 -0.064685444074167417 0.52461957359133138
leaf_weight=57 68 483 59 339 61 199 56 62 51 437 48 428 1555 73 70 115 72 84 160 48 45 10902
leaf_count=57 68 483 59 339 61 199 56 62 51 437 48 428 1555 73 70 115 72 84 160 48 45 10902
internal_value=0.000358888 -0.023445 0.00286291 -0.026465 -0.0217703 -0.0168249 -0.0181667 -0.0232287 -0.0154831 -0.00116667 -0.00534021 0.00317947 0.00196454 -0.000944444 -0.00016426 -0.00174112 -0.00339964 -0.00504067 -0.0196731 -0.0077 0.00219159 0.00335487
internal_weight=15472 1468 14004 996 513 472 415 452 113 1015 189 12989 1659 121 826 389 274 204 359 120 1600 11330
internal_count=15472 1468 14004 996 513 472 415 452 113 1015 189 12989 1659 121 826 389 274 204 359 120 1600 11330
is_linear=0
shrinkage=0.035


Tree=16
num_leaves=23
num_cat=0
split_feature=15 8 22 8 12 25 22 12 25 25 8 21 11 11 20 6 25 8 12 12 20 21
split_gain=715.625 29.2356 19.9012 17.9062 4.62474 7.65512 4.61285 4.5048 6.71409 5.44723 2.34475 2.24871 1.99356 2.25131 2.02928 1.30709 1.00269 0.868123 0.681029 1.44143 0.635633 1.37427
threshold=0.46291208791208799 1.5012755102040818 5643.5000000000009 0.35299200622699706 0.93999887425351958 195.50000000000003 34795.000000000007 0.83737086819080064 277.00000000000006 195.50000000000003 2.8575374472806065 3.5000000000000004 1.2066664642907576 1.3259870882635925 17.500000000000004 4.8281303029948344 299.00000000000006 1.2857920513923358 1.8951838362916464 2.1207404262391947 1.5000000000000002 1.5000000000000002
decision_type=2 2 2 2 2 2 2 2 2 2 2 2 2 2 2 2 2 2 2 2 2 2
left_child=1 2 -1 6 5 -4 -2 8 11 -9 16 -5 -6 14 -14 -7 18 -15 -3 -20 21 -12
right_child=3 10 4 7 12 15 -8 9 -10 -11 20 -13 13 17 -16 -17 -18 -19 19 -21 -22 -23
leaf_value=-0.20583962755468643 -0.20249319785455602 0.084601586039509402 -0.14890036492343747 -0.093087713614733406 0.018770523804506712 0.012191055879620187 -0.23669321275621141 -0.21947247487550633 -0.20330888510729173 -0.059677459921731069 -0.19289355522732957 -0.18951466790048016 -0.08730443668513807 -0.071405885020611362 -0.022720692199279285 -0.087426719217543136 0.16773465239951862 0.047690071129725994 -0.04774992860026412 0.19754417211302783 0.75955209043181882 0.91738425936121493
leaf_weight=71 213 1227 74 196 583 112 420 83 335 80 128 55 45 60 52 48 1664 117 66 82 9444 247
leaf_count=71 213 1227 74 196 583 112 420 83 335 80 128 55 45 60 52 48 1664 117 66 82 9444 247
internal_value=0.000278737 0.00265152 -0.00264824 -0.0237026 -0.00141788 -0.00572594 -0.0282633 -0.0196631 -0.0212547 -0.013375 0.00313267 -0.0160508 -0.000194895 -0.00264695 -0.00679412 -0.00116667 0.00225821 -0.000153846 0.00152174 -0.000617647 0.00340024 0.00184211
internal_weight=15402 14020 1162 1382 1091 234 633 749 586 163 12858 251 857 274 97 160 3039 177 1375 148 9819 375
internal_count=15402 14020 1162 1382 1091 234 633 749 586 163 12858 251 857 274 97 160 3039 177 1375 148 9819 375
is_linear=0
shrinkage=0.035


Tree=17
num_leaves=23
num_cat=0
split_feature=9 8 9 22 20 13 9 11 15 15 9 21 22 25 21 20 21 22 22 10 20 12
split_gain=684.166 29.6758 12.8379 6.62732 6.44075 5.10912 2.68282 2.25152 2.47504 2.05877 1.91508 2.71142 3.24802 1.26812 1.50036 1.12472 2.70511 1.07666 1.12858 1.20582 0.999761 1.07673
threshold=0.8377192982456142 0.35299200622699706 1.5412952862512337 34795.000000000007 25.500000000000004 0.46428571428571436 2.8216327728858035 0.63452932983050003 0.56385869565217395 0.56385869565217395 1.0014611999653302 2.5000000000000004 54348.000000000007 381.00000000000006 2.5000000000000004 9.5000000000000018 2.5000000000000004 39092.000000000007 5643.5000000000009 1.1126972805283735 24.500000000000004 1.3495616193990727
decision_type=2 2 2 2 2 2 2 2 2 2 2 2 2 2 2 2 2 2 2 2 2 2
left_child=1 3 10 -1 5 7 13 -3 -9 -6 11 12 -2 14 17 16 -7 18 -4 -20 21 -21
right_child=2 4 6 -5 9 15 -8 8 -10 -11 -12 -13 -14 -15 -16 -17 -18 -19 19 20 -22 -23
leaf_value=-0.18668846004092296 -0.19517216119224379 -0.13437901906251506 0.39424106646947848 -0.22840895030974401 -0.094350365998951885 -0.17611475735203178 0.71250775972250746 -0.1717124778436584 -0.11436628704224913 -0.18312589396513568 -0.0017227566868476837 0.021825427554064757 0.0023948757322256931 0.19458287762169163 0.13942301308053917 -0.19573326306811037 -0.19882188770070147 0.1475459139173273 0.057118574179901301 0.039316857803774169 0.11193628088359836 -0.048408965079564069
leaf_weight=223 67 58 108 423 47 67 9921 136 56 75 839 75 47 1180 858 323 88 239 188 95 78 283
leaf_count=223 67 58 108 423 47 67 9921 136 56 75 839 75 47 1180 858 323 88 239 188 95 78 283
internal_value=0.000397733 -0.0220563 0.00280916 -0.0278441 -0.0175 -0.0187988 0.00310826 -0.0139314 -0.0158655 -0.00917717 -0.000938528 -0.00407732 -0.00738235 0.00217337 0.00157443 -0.0211377 -0.016625 0.000618474 -1.38704e-05 -0.000598613 -0.00158677 -0.00234856
internal_weight=15474 1496 13978 646 850 728 12950 250 192 122 1028 189 114 3029 1849 478 155 991 752 644 456 378
internal_count=15474 1496 13978 646 850 728 12950 250 192 122 1028 189 114 3029 1849 478 155 991 752 644 456 378
is_linear=0
shrinkage=0.035


Tree=18
num_leaves=23
num_cat=0
split_feature=15 12 7 22 12 20 13 21 7 10 22 15 10 20 22 12 14 20 0 15 15 15
split_gain=653.963 25.9065 18.8996 10.2122 3.77233 3.58558 4.08698 3.55567 2.83874 2.01306 1.79269 1.14022 1.07727 0.835829 0.766462 0.798935 1.01214 0.758555 0.941368 0.706699 0.67265 0.892077
threshold=0.46291208791208799 0.52004063163607117 1.4287269599275285 5643.5000000000009 0.93999887425351958 25.500000000000004 0.46428571428571436 2.5000000000000004 3.286381766263891 1.3801311186847107 34795.000000000007 0.57417582417582425 0.67989119028088918 11.500000000000002 54348.000000000007 1.0842217005819286 0.080128205128205135 1.5000000000000002 5.9680479807034317 0.68139097744360921 0.18019480519480521 0.23303167420814483
decision_type=2 2 2 2 2 2 2 2 2 2 2 2 2 2 2 2 2 2 2 2 2 2
left_child=2 10 3 -1 7 6 -3 13 14 12 -2 -7 -6 -5 15 16 -4 18 -10 -8 -14 -22
right_child=1 5 8 4 9 11 19 -9 17 -11 -12 -13 20 -15 -16 -17 -18 -19 -20 -21 21 -23
leaf_value=-0.19007267520652632 -0.18428087887136296 -0.13689486994546213 0.093236480897003676 -0.084011174384892612 -0.038518526190120757 -0.1120310743357248 -0.16240050692075411 -0.0060955473914037755 -0.098926215826772912 -0.067078695398006996 -0.22041463704890299 -0.17851781198419056 0.1345961161357738 -0.12989844325001176 -0.0042430666988539046 0.13874969757214117 -0.044068186469061486 1.0930299956764176 1.7673996799388978 -0.22041463704890299 -0.027209361302380327 0.028225841802041074
leaf_weight=74 159 177 131 45 70 54 390 110 169 92 355 92 207 47 136 3447 69 8708 196 174 98 400
leaf_count=74 159 177 131 45 70 54 390 110 169 92 355 92 207 47 136 3447 69 8708 196 174 98 400
internal_value=0.000389646 -0.0223642 0.00267524 -0.00162195 -0.00070391 -0.0184731 -0.0195831 -0.00495411 0.00305913 0.000288991 -0.0288025 -0.0122616 0.000897436 -0.00985052 0.00223416 0.00233078 8.5366e-05 0.00339976 0.0017027 -0.0212276 0.00133099 0.000577535
internal_weight=15400 1401 13999 1143 1069 887 741 202 12856 867 514 146 775 92 3783 3647 200 9073 365 564 705 498
internal_count=15400 1401 13999 1143 1069 887 741 202 12856 867 514 146 775 92 3783 3647 200 9073 365 564 705 498
is_linear=0
shrinkage=0.035


Tree=19
num_leaves=23
num_cat=0
split_feature=9 22 15 9 15 13 20 7 21 9 12 9 15 13 25 25 3 21 25 22 12 20
split_gain=679.542 32.0675 17.1033 12.171 6.13877 7.88733 5.10559 5.06429 1.88037 1.85285 3.69264 1.82502 1.60061 1.20849 1.05582 1.00232 0.922699 0.793261 1.2184 0.953357 1.62638 0.743972
threshold=0.8377192982456142 34795.000000000007 0.59629629629629644 1.8345324001919054 0.72111111111111115 0.46428571428571436 25.500000000000004 0.26527786914775114 3.5000000000000004 1.0014611999653302 0.93999887425351958 3.0006895216881353 0.46291208791208799 0.41428571428571431 381.00000000000006 195.50000000000003 1.2384258821115111 1.5000000000000002 195.50000000000003 28242.500000000004 1.5436282060590758 1.5000000000000002
decision_type=2 2 2 2 2 2 2 2 2 2 2 2 2 2 2 2 2 2 2 2 2 2
left_child=1 4 -3 8 5 12 -7 -6 9 10 -2 14 -1 -12 17 -11 -17 18 -5 20 -20 -13
right_child=3 2 -4 11 7 6 -8 -9 -10 15 13 21 -14 -15 -16 16 -18 -19 19 -21 -22 -23
leaf_value=-0.13062204551371837 -0.18134267369200899 -0.18918849134670118 -0.21270012475219138 0.22912403660847247 -0.17370453317899298 -0.15889690682303109 -0.18242971100104119 -0.030564451943999021 0.06751924474932576 0.12688253669330823 -0.12424436395677875 0.47614551725288218 -0.14099346605041732 0.032564860785043948 0.22022987665498159 -0.020569608285699311 0.01120482438519604 0.12794769995555996 -0.093207324496211372 0.011933337750952358 0.031116172394619144 0.84494223869465979
leaf_weight=87 47 50 484 172 65 500 72 58 320 107 47 373 199 63 1286 524 415 1224 51 163 53 9023
leaf_count=87 47 50 484 172 65 500 72 58 320 107 47 373 199 63 1286 524 415 1224 51 163 53 9023
internal_value=0.000363465 -0.021852 -0.0289026 0.00279864 -0.0178692 -0.0189681 -0.0214913 -0.009625 -0.000142016 -0.000788079 -0.00427778 0.00316275 -0.013579 -0.000456522 0.00237441 -0.000229781 -0.000615466 0.00175839 0.000425676 -0.00100368 -0.00356422 0.00340692
internal_weight=15383 1515 534 13868 981 858 572 123 1523 1203 157 12345 286 110 2949 1046 939 1663 439 267 104 9396
internal_count=15383 1515 534 13868 981 858 572 123 1523 1203 157 12345 286 110 2949 1046 939 1663 439 267 104 9396
is_linear=0
shrinkage=0.035


Tree=20
num_leaves=23
num_cat=0
split_feature=9 23 15 9 21 12 7 15 12 9 12 10 8 15 21 20 20 25 20 0 12 14
split_gain=627.672 40.0717 13.648 12.7354 6.20549 4.4253 4.63197 4.23708 2.40991 2.29509 2.77956 2.1278 2.0201 1.65384 1.63437 1.18213 1.03607 0.787014 0.764476 0.985771 0.623515 0.643649
threshold=0.8377192982456142 40250.000000000007 0.59629629629629644 1.7742956901714255 3.5000000000000004 0.74446813513595367 0.56969271725119408 0.60357142857142865 0.79662682933218554 1.0014611999653302 0.93999887425351958 0.70711369680452518 3.0003337402748032 0.75500000000000012 2.5000000000000004 25.500000000000004 10.500000000000002 381.00000000000006 1.5000000000000002 5.9680479807034317 1.5018342907828595 0.16025641025641027
decision_type=2 2 2 2 2 2 2 2 2 2 2 2 2 2 2 2 2 2 2 2 2 2
left_child=1 4 -3 9 5 6 13 11 -6 10 -2 -8 17 14 -1 -7 -12 -5 19 -14 21 -11
right_child=3 2 -4 12 8 15 7 -9 -10 20 16 -13 18 -15 -16 -17 -18 -19 -20 -21 -22 -23
leaf_value=-0.17258312174584686 -0.15898653297067253 -0.18256689414956667 -0.20525562038586467 0.092919843623010437 -0.15334111268163056 -0.15136323671684923 -0.074831000528985447 -0.011811697334275667 -0.14763758993511697 0.049954145606481322 -0.096863249653883182 -0.13378655125887068 -0.11228275429586057 -0.1676248745177282 -0.17902111658244388 -0.16842508211947016 0.02651834182557081 0.20546571110594361 0.77818428825710606 1.8238798215848384 0.11852903569623184 -0.0034214474650470362
leaf_weight=143 61 49 488 1722 132 220 62 78 72 356 46 66 164 55 75 47 82 1271 9097 197 97 769
leaf_count=143 61 49 488 1722 132 220 62 78 72 356 46 66 164 55 75 47 82 1271 9097 197 97 769
internal_value=0.000461378 -0.0211079 -0.0288524 0.00278319 -0.0165838 -0.0148156 -0.0124091 -0.0079455 -0.0224569 -0.000355932 -0.00389691 -0.0117632 0.00314033 -0.0155108 -0.0170605 -0.018761 -0.000710526 0.00232088 0.00339644 0.00168306 0.000191117 -3.09733e-05
internal_weight=15349 1487 537 13862 950 746 479 206 204 1411 189 128 12451 273 218 267 128 2993 9458 361 1222 1125
internal_count=15349 1487 537 13862 950 746 479 206 204 1411 189 128 12451 273 218 267 128 2993 9458 361 1222 1125
is_linear=0
shrinkage=0.035


Tree=21
num_leaves=23
num_cat=0
split_feature=9 8 9 22 25 25 12 12 14 12 9 20 20 12 9 25 10 8 8 9 20 7
split_gain=604.427 38.3884 12.3316 6.94551 6.3797 6.83761 3.70348 3.87541 3.1461 2.69088 2.31227 2.10359 3.18806 1.29085 2.72998 1.19824 1.05164 1.3059 1.34546 1.00076 0.831472 1.04254
threshold=0.8377192982456142 0.35299200622699706 1.8345324001919054 34795.000000000007 277.00000000000006 499.50000000000006 0.83737086819080064 0.63727486250636911 0.48076923076923084 0.63727486250636911 3.0006895216881353 7.5000000000000009 24.500000000000004 0.93999887425351958 0.98878360389629716 381.00000000000006 1.154700538379253 1.4990115663467189 1.2132111502410419 1.3584084897651272 1.5000000000000002 5.4340659340659352
decision_type=2 2 2 2 2 2 2 2 2 2 2 2 2 2 2 2 2 2 2 2 2 2
left_child=1 3 13 -1 9 -6 7 8 -7 -3 15 -11 -13 14 -2 -4 -15 18 -18 -20 21 -12
right_child=2 4 10 -5 5 6 -8 -9 -10 11 20 12 -14 16 -16 -17 17 -19 19 -21 -22 -23
leaf_value=-0.16234069267459283 -0.16706477917216975 -0.061777961775304285 0.085357053767787391 -0.19807167367235939 -0.23689134467656994 -0.12582569634343019 -0.054615720397496008 -0.14545738545501016 -0.14885925151989526 -0.14582150742261865 -0.11191439440045867 -0.15754197078115642 -0.12102497915001428 0.018719983992280469 -0.00025198272920816178 0.19895169499815574 0.013320338836124377 0.0092791844396153279 -0.060287728991316264 -0.021752956931485455 0.77630805464093799 2.344135568616402
leaf_weight=218 48 79 1640 414 71 48 68 207 81 60 170 189 63 739 123 1283 89 329 78 95 9064 197
leaf_count=218 48 79 1640 414 71 48 68 207 81 60 170 189 63 739 123 1283 89 329 78 95 9064 197
internal_value=0.000455333 -0.0206251 0.00274242 -0.0272692 -0.0156274 -0.0185208 -0.0162677 -0.017849 -0.0119104 -0.0118788 0.00310636 -0.0133927 -0.0148852 -0.0002417 -0.0030625 0.00222097 0.000117978 -0.000963087 -0.00279213 -0.0045618 0.0033776 0.00161828
internal_weight=15353 1498 13855 632 866 475 404 336 129 391 12354 312 252 1501 171 2923 1330 591 262 173 9431 367
internal_count=15353 1498 13855 632 866 475 404 336 129 391 12354 312 252 1501 171 2923 1330 591 262 173 9431 367
is_linear=0
shrinkage=0.035


Tree=22
num_leaves=23
num_cat=0
split_feature=9 22 15 9 15 8 7 22 20 8 6 7 8 20 7 22 20 9 15 25 22 20
split_gain=577.278 42.0957 19.6439 11.8756 4.39431 6.65527 4.33564 3.04913 2.94501 2.79965 2.54044 2.15002 1.62949 1.38167 1.23154 1.03549 0.984796 0.958444 2.02677 0.860579 1.348 1.59379
threshold=0.8377192982456142 34795.000000000007 0.59629629629629644 1.7742956901714255 0.71714285714285719 0.35299200622699706 0.26527786914775114 15527.500000000002 6.5000000000000009 5.6616611418588318 4.8281303029948344 0.57975227816330099 5.6470832654320153 25.500000000000004 0.85459183673469397 19263.000000000004 6.5000000000000009 1.0014611999653302 0.33974358974358981 299.00000000000006 15527.500000000002 21.500000000000004
decision_type=2 2 2 2 2 2 2 2 2 2 2 2 2 2 2 2 2 2 2 2 2 2
left_child=1 4 -3 11 5 -1 -6 10 -9 12 16 -2 19 14 -10 -14 -7 18 -13 20 -5 -22
right_child=3 2 -4 9 6 7 -8 8 13 -11 -12 17 15 -15 -16 -17 -18 -19 -20 -21 21 -23
leaf_value=-0.16972896909374172 -0.089130139688770829 -0.15978667223577467 -0.19113916509382683 0.30579373547199817 -0.15607607966599696 -0.091635712950291548 -0.01892699280057104 -0.13091398322781392 -0.13182550711726382 2.289943735471998 -0.10905602194411955 -0.1682143882676056 -0.41922044608259906 -0.1001552699453379 -0.083458543812802294 0.16177955840265049 -0.14734046163458642 0.0030334664130943177 0.0013401924559788797 0.17235415583289632 0.02561163238290267 0.18907502300365667
leaf_weight=133 67 46 468 490 62 52 60 70 190 7666 78 45 47 57 45 87 220 1166 105 2957 877 395
leaf_count=133 67 46 468 490 62 52 60 70 190 7666 78 45 47 57 45 87 220 1166 105 2957 877 395
internal_value=0.000515857 -0.020218 -0.0283979 0.0027324 -0.0157284 -0.0166765 -0.00862598 -0.0150495 -0.0122357 0.00307242 -0.0176972 -0.000332853 0.00239769 -0.0138232 -0.0151667 -0.00128417 -0.0194964 0 -0.00259677 0.0025072 0.00185597 0.00122514
internal_weight=15383 1481 514 13902 967 845 122 712 362 12519 350 1383 4853 292 235 134 272 1316 150 4719 1762 1272
internal_count=15383 1481 514 13902 967 845 122 712 362 12519 350 1383 4853 292 235 134 272 1316 150 4719 1762 1272
is_linear=0
shrinkage=0.035


Tree=23
num_leaves=23
num_cat=0
split_feature=9 22 9 9 21 12 12 20 22 21 15 8 9 7 20 12 21 20 12 24 15 8
split_gain=583.589 48.9346 21.8015 12.9423 4.67522 4.07405 3.3736 6.81913 4.77044 3.71474 3.46897 2.60546 2.56532 2.20284 1.57718 1.73351 1.54568 1.90539 1.89996 1.37974 1.32911 0.997158
threshold=0.8377192982456142 34795.000000000007 0.40370370370370373 1.8345324001919054 3.5000000000000004 0.79662682933218554 0.65861480268624806 16.500000000000004 15527.500000000002 2.5000000000000004 0.58114035087719318 0.36038961038961043 6.0501303267706303 0.71213642240672326 25.500000000000004 0.74446813513595367 1.5000000000000002 3.5000000000000004 1.5644270279898558 8120.5000000000009 0.097619047619047633 0.36038961038961043
decision_type=2 2 2 2 2 2 2 2 2 2 2 2 2 2 2 2 2 2 2 2 2 2
left_child=1 4 -3 13 6 -6 7 11 10 21 -8 -1 16 -2 15 -10 17 19 -19 -5 -15 -9
right_child=3 2 -4 12 5 -7 8 9 14 -11 -12 -13 -14 20 -16 -17 -18 18 -20 -21 -22 -23
leaf_value=-0.18543987661682174 -0.084510585285319392 -0.18444929431554288 -0.13246139995074224 -0.29954773046970817 -0.13722136008194391 -0.13084588116016269 -0.15425003048299249 0.024386583947539876 -0.055674805792015086 -0.16127339579488578 -0.12222594500020893 -0.1135415859751704 2.2882028397402441 -0.15974904439682056 -0.078324953154410584 -0.16221161436815959 0.1844984675319345 0.0064597000218460689 0.14998926901511062 0.33261982179465438 0.0021317729229496439 -0.031984971712492628
leaf_weight=71 71 502 45 154 135 78 107 51 59 50 94 92 7519 56 49 133 3432 433 803 65 1372 60
leaf_count=71 71 502 45 154 135 78 107 51 59 50 94 92 7519 56 49 133 3432 433 803 65 1372 60
internal_value=0.000438974 -0.0200696 -0.0285199 0.00269734 -0.0152093 -0.0202615 -0.0136595 -0.0104362 -0.01584 -0.00493373 -0.0201165 -0.0154583 0.00306853 -0.000363032 -0.0118659 -0.0133782 0.00242682 0.00143836 0.00197703 -0.0015 -4.15212e-05 -0.00102586
internal_weight=15431 1526 547 13905 979 213 766 324 442 161 201 163 12406 1499 241 192 4887 1455 1236 219 1428 111
internal_count=15431 1526 547 13905 979 213 766 324 442 161 201 163 12406 1499 241 192 4887 1455 1236 219 1428 111
is_linear=0
shrinkage=0.035


Tree=24
num_leaves=23
num_cat=0
split_feature=9 22 22 9 21 12 20 21 22 7 12 12 20 9 12 12 13 24 9 25 12 10
split_gain=565.406 48.0079 29.2937 12.8892 6.6191 3.89386 3.86199 8.38497 4.5313 3.10096 2.72786 2.53636 2.06745 1.98405 3.44138 1.83162 1.24836 0.839932 0.767803 1.13033 0.765232 0.919315
threshold=0.8377192982456142 34795.000000000007 54348.000000000007 1.8345324001919054 3.5000000000000004 0.79662682933218554 18.500000000000004 1.5000000000000002 15527.500000000002 0.57975227816330099 0.74446813513595367 2.508496812003508 25.500000000000004 1.0014611999653302 0.93999887425351958 2.5084880235492499 0.41428571428571431 9349.5000000000018 3.1096074770258748 381.00000000000006 1.4934247532569149 1.154700538379253
decision_type=2 2 2 2 2 2 2 2 2 2 2 2 2 2 2 2 2 2 2 2 2 2
left_child=1 4 -3 13 6 -6 9 -8 -9 -1 -11 15 -10 14 -2 18 -16 -17 19 -5 21 -15
right_child=3 2 -4 11 5 -7 7 8 12 10 -12 -13 -14 20 16 17 -18 -19 -20 -21 -22 -23
leaf_value=-0.16326533352770192 -0.15955870720904147 -0.17799356901449889 -0.021082150856964538 0.082525853203566382 -0.1317755729867047 -0.12556665571813966 -0.023041554502587189 -0.15659728851015606 -0.156534207865274 -0.081931911976089178 -0.10015303968293833 1.9897086053395698 -0.03967287667215031 0.0079614596730264182 -0.11544062907389967 -0.14929053028771216 0.026238987420771784 1.1559755904744038 0.29291152603596754 0.18591787359703477 0.12089307816579485 -0.017867218716138954
leaf_weight=307 54 496 45 1699 140 71 107 108 49 78 61 7633 46 736 54 184 70 58 1506 1358 139 442
leaf_count=307 54 496 45 1699 140 71 107 108 49 78 61 7633 46 736 54 184 70 58 1506 1358 139 442
internal_value=0.000502137 -0.0198179 -0.0282308 0.002709 -0.0149722 -0.0208056 -0.0131951 -0.00972222 -0.0138317 -0.0154357 -0.0101111 0.00307808 -0.00735 -0.00035 -0.00376776 0.00243035 -0.000298449 -0.000467611 0.00258822 0.00224265 0.000111195 -0.000168639
internal_weight=15441 1508 541 13933 967 211 756 310 203 446 139 12438 95 1495 178 4805 124 242 4563 3057 1317 1178
internal_count=15441 1508 541 13933 967 211 756 310 203 446 139 12438 95 1495 178 4805 124 242 4563 3057 1317 1178
is_linear=0
shrinkage=0.035


Tree=25
num_leaves=23
num_cat=0
split_feature=9 22 9 9 21 12 12 7 22 9 20 21 20 21 20 12 14 9 12 25 20 22
split_gain=521.384 42.9284 17.8985 12.3214 6.13003 3.69936 3.25346 3.77932 2.90915 2.78156 2.19317 1.8763 1.97973 1.74543 2.11241 1.72047 1.5973 1.41983 3.34511 1.28513 1.5293 1.20056
threshold=0.8377192982456142 34795.000000000007 0.43167701863354041 1.7742956901714255 3.5000000000000004 0.79662682933218554 0.73144471773702335 0.56969271725119408 15527.500000000002 6.0501303267706303 16.500000000000004 2.5000000000000004 14.500000000000002 1.5000000000000002 5.5000000000000009 1.5644270279898558 0.70714285714285718 1.0014611999653302 0.93999887425351958 171.00000000000003 16.500000000000004 13885.000000000002
decision_type=2 2 2 2 2 2 2 2 2 2 2 2 2 2 2 2 2 2 2 2 2 2
left_child=1 4 -3 17 6 -6 7 11 -8 13 -9 12 -1 14 -5 21 -14 18 -2 20 -15 -16
right_child=3 2 -4 9 5 -7 8 10 -10 -11 -12 -13 16 19 15 -17 -18 -19 -20 -21 -22 -23
leaf_value=-0.17325136218206261 -0.1331017995041997 -0.17176379409899142 -0.11593409310900614 -0.077383337782936393 -0.12694003099189463 -0.13214895185756523 -0.14240969742765477 -0.12545714550102979 -0.12474407207349832 2.1650688041526847 -0.024877295204029936 -0.15085020457825746 -0.090482720316461832 -0.041093262214385376 -0.056666624896236611 0.15343174559645334 -0.071009934168630773 0.0010565267089072694 0.0019402212063583059 0.18514596034258909 0.16921280555978138 0.057051289255082009
leaf_weight=77 58 485 45 297 139 71 140 82 184 7500 86 75 59 191 79 752 48 1204 123 3224 153 317
leaf_count=77 58 485 45 297 139 71 140 82 184 7500 86 75 59 191 79 752 48 1204 123 3224 153 317
internal_value=0.000578407 -0.0190535 -0.0271168 0.0026919 -0.014471 -0.0201047 -0.01275 -0.0103542 -0.0156489 0.00303866 -0.00580636 -0.013072 -0.0103889 0.00238402 0.00132759 0.00201258 -0.0065 -0.000428057 -0.00327419 0.00280451 0.000691977 9.60101e-05
internal_weight=15389 1491 530 13898 961 210 751 427 324 12513 168 259 184 5013 1445 1148 107 1385 181 3568 344 396
internal_count=15389 1491 530 13898 961 210 751 427 324 12513 168 259 184 5013 1445 1148 107 1385 181 3568 344 396
is_linear=0
shrinkage=0.035


Tree=26
num_leaves=23
num_cat=0
split_feature=15 22 8 15 22 21 8 15 12 12 15 12 12 24 21 11 21 20 12 12 22 24
split_gain=494.121 42.6398 21.3086 16.4897 9.76671 7.20744 4.35598 3.50692 4.00077 2.94091 2.31946 2.31534 2.03842 3.08818 4.32331 1.98575 1.43205 1.76484 2.28136 1.38524 2.28362 1.19471
threshold=0.46291208791208799 34795.000000000007 1.5012755102040818 0.59629629629629644 5643.5000000000009 3.5000000000000004 6.0000093177456657 0.71714285714285719 0.52004063163607117 0.69861470638928425 0.59629629629629644 0.52004063163607117 0.93999887425351958 4163.5000000000009 2.5000000000000004 1.1387288073563864 1.5000000000000002 5.5000000000000009 1.5644270279898558 1.2127422846509299 24335.000000000004 8120.5000000000009
decision_type=2 2 2 2 2 2 2 2 2 2 2 2 2 2 2 2 2 2 2 2 2 2
left_child=2 5 4 -3 -1 7 16 8 -2 10 -10 -7 13 -6 -15 -14 17 21 -19 20 -17 -4
right_child=1 3 6 -5 12 11 -8 -9 9 -11 -12 -13 15 14 -16 19 -18 18 -20 -21 -22 -23
leaf_value=-0.1520214612751262 -0.14994541838555334 -0.13648235128468278 -0.13692084200167992 -0.16575206130552675 0.065197043414225594 -0.12387799818285475 2.0799887467458751 -0.098606884672202619 -0.090601138944993484 -0.14395315143901152 -0.048363013879786379 -0.11888948582049014 0.028617714212135159 -0.10717344630482468 -0.033009378736329573 -0.16053248427553399 0.13490320634673719 -0.0042098966948435719 0.14219308056946681 -0.002711445804113271 -0.025569914869712541 0.23253796500897983
leaf_weight=76 48 50 225 484 72 55 7496 97 108 328 90 140 474 66 89 46 3911 461 808 215 106 83
leaf_count=76 48 50 225 484 72 55 7496 97 108 328 90 140 474 66 89 46 3911 461 808 215 106 83
internal_value=0.000550473 -0.0192438 0.00251932 -0.0270844 -0.00204395 -0.0142612 0.00292336 -0.0122914 -0.0133653 -0.0121874 -0.00822414 -0.020475 -0.00113187 -0.0040431 -0.00678125 -0.000306146 0.00216193 0.00124336 0.00182418 -0.00223925 -0.00474841 -0.00108466
internal_weight=15528 1400 14128 534 1144 866 12984 671 574 526 198 195 1068 227 155 841 5488 1577 1269 367 152 308
internal_count=15528 1400 14128 534 1144 866 12984 671 574 526 198 195 1068 227 155 841 5488 1577 1269 367 152 308
is_linear=0
shrinkage=0.035


Tree=27
num_leaves=23
num_cat=0
split_feature=9 23 9 9 21 12 12 15 8 12 15 14 9 12 20 21 14 25 20 21 20 9
split_gain=466.402 51.982 23.3001 13.3973 7.18751 4.21807 2.99126 2.8221 3.67605 4.01968 2.16459 1.71303 1.68087 2.91748 1.32819 1.14929 1.13172 1.08793 1.27774 1.76089 1.08608 1.15548
threshold=0.8377192982456142 40250.000000000007 0.46547619047619054 1.8345324001919054 3.5000000000000004 0.52004063163607117 2.5638158698470939 0.71714285714285719 0.35299200622699706 0.73144471773702335 0.59629629629629644 0.37980769230769235 1.0014611999653302 0.93999887425351958 10.500000000000002 1.5000000000000002 0.5634920634920636 171.00000000000003 17.500000000000004 2.5000000000000004 2.5000000000000004 2.5714480930513881
decision_type=2 2 2 2 2 2 2 2 2 2 2 2 2 2 2 2 2 2 2 2 2 2
left_child=1 4 -3 12 7 -6 15 8 -1 10 11 -10 13 -2 -15 20 -7 18 19 -17 -5 -22
right_child=3 2 -4 6 5 16 -8 -9 9 -11 -12 -13 -14 14 -16 17 -18 -19 -20 -21 21 -23
leaf_value=-0.14529472340951771 -0.141398682255406 -0.15995073915983332 -0.10746835204706764 -0.055837732377299297 -0.11864201286131484 -0.11397246774200881 1.8322582757172621 -0.079087024755818636 -0.097165476502600337 -0.10646263614388903 -0.027065769670752107 -0.10134438389412631 -0.0001287771514315545 -0.10474532504249939 0.031875143067986438 -0.11011469799193745 -0.10892978721647542 0.1780852497524745 0.20622449078059291 0.219058347916085 0.021916726127681561 0.14870445345101599
leaf_weight=94 59 484 47 244 58 62 7460 93 51 299 73 126 1336 45 80 69 91 3192 125 100 436 817
leaf_count=94 59 484 47 244 58 62 7460 93 51 299 73 126 1336 45 80 69 91 3192 125 100 436 817
internal_value=0.000660754 -0.0180003 -0.0267985 0.00264304 -0.0129338 -0.0188611 0.00302201 -0.0110951 -0.0119475 -0.0105884 -0.00693137 -0.009 -0.000447541 -0.00353704 -0.000269231 0.00234222 -0.0146646 0.00269794 0.000573579 -0.00132759 0.00149601 0.00191415
internal_weight=15441 1478 531 13963 947 211 12443 736 643 549 250 177 1520 184 125 4983 153 3486 294 169 1497 1253
internal_count=15441 1478 531 13963 947 211 12443 736 643 549 250 177 1520 184 125 4983 153 3486 294 169 1497 1253
is_linear=0
shrinkage=0.035


Tree=28
num_leaves=23
num_cat=0
split_feature=9 22 9 9 21 9 15 8 12 10 12 15 21 12 9 25 22 22 21 14 22 11
split_gain=470.39 51.5427 20.0862 12.7799 8.12925 3.83778 2.96775 4.41253 4.48818 4.25815 2.93061 1.91866 1.74155 2.34606 3.89663 1.71165 1.95531 5.53278 1.64205 2.41167 1.54243 1.07807
threshold=0.8377192982456142 34795.000000000007 0.43167701863354041 1.8345324001919054 3.5000000000000004 5.8214332303014045 0.71714285714285719 0.35299200622699706 0.69861470638928425 0.37796447300922736 0.82361122168980294 0.59629629629629644 3.5000000000000004 0.93999887425351958 1.0014611999653302 299.00000000000006 15527.500000000002 25082.000000000004 1.5000000000000002 0.44949494949494956 15527.500000000002 1.2066664642907576
decision_type=2 2 2 2 2 2 2 2 2 2 2 2 2 2 2 2 2 2 2 2 2 2
left_child=1 4 -3 12 6 15 7 -1 11 -8 -6 18 13 14 -2 16 -5 -18 19 -9 -10 -15
right_child=3 2 -4 5 10 -7 9 8 20 -11 -12 -13 -14 21 -16 -17 17 -19 -20 -21 -22 -23
leaf_value=-0.15678834889145166 -0.14226561237551694 -0.15435246328923916 -0.1012020309677585 0.26392203892166749 -0.11658492878355786 1.917362750221131 -0.12612565001627579 0.0037828082222978497 -0.12229758404843954 0.012705023201024594 -0.071014472248014188 -0.051180071781016412 0.060144063489548476 0.0045830735013978252 -0.00040567303827449881 0.14144555021439123 -0.31638341722027058 0.059838581883515353 -0.1162993647707585 -0.041096937575090066 -0.10285423861831679 -0.029599225541311801
leaf_weight=89 49 489 45 489 168 7617 48 49 139 49 49 73 326 606 79 3031 47 1204 70 49 184 461
leaf_count=89 49 489 45 489 168 7617 48 49 139 49 49 73 326 606 79 3031 47 1204 70 49 184 461
internal_value=0.000582387 -0.0179973 -0.0267597 0.00259444 -0.0130278 0.00296623 -0.0111026 -0.0119787 -0.0105861 -0.00473529 -0.0192027 -0.00660163 -0.000422018 -0.00105 -0.00544737 0.00217358 0.00127364 0.000518312 -0.00863873 -0.00499515 -0.0133598 -0.000483209
internal_weight=15410 1501 534 13909 967 12388 750 653 564 97 217 241 1521 1195 128 4771 1740 1251 168 98 323 1067
internal_count=15410 1501 534 13909 967 12388 750 653 564 97 217 241 1521 1195 128 4771 1740 1251 168 98 323 1067
is_linear=0
shrinkage=0.035


Tree=29
num_leaves=23
num_cat=0
split_feature=9 22 15 9 15 8 9 20 20 22 21 7 9 12 21 20 25 20 21 12 22 24
split_gain=445.646 62.1106 14.0969 12.8454 6.31844 9.63126 4.29477 4.02099 4.15617 2.62113 2.89239 2.57421 1.96734 2.56778 1.35035 1.93661 1.58049 1.39841 1.66539 1.31411 1.30162 1.16786
threshold=0.8377192982456142 34795.000000000007 0.59629629629629644 1.8649500989674754 0.71714285714285719 0.36038961038961043 6.0501303267706303 4.5000000000000009 26.500000000000004 15527.500000000002 2.5000000000000004 0.26527786914775114 1.0014611999653302 0.93999887425351958 1.5000000000000002 6.5000000000000009 171.00000000000003 18.500000000000004 2.5000000000000004 1.5644270279898558 13885.000000000002 8654.0000000000018
decision_type=2 2 2 2 2 2 2 2 2 2 2 2 2 2 2 2 2 2 2 2 2 2
left_child=1 4 -3 12 5 -1 14 -7 9 10 -9 -6 13 -2 15 21 17 18 -16 20 -17 -5
right_child=3 2 -4 6 11 7 -8 8 -10 -11 -12 -13 -14 -15 16 19 -18 -19 -20 -21 -22 -23
leaf_value=-0.13246079250705789 -0.12757766803734139 -0.12127640498722379 -0.14895012707411578 -0.11255072572907313 -0.091668743728184093 -0.046427647326157978 1.9012535080787365 -0.10484446553671695 -0.038616833164029196 -0.1067453264084384 -0.1272940465753786 0.0062397863629060218 0.00032125476925876615 -0.00091226495448409255 -0.1049676552218957 -0.06196175424464008 0.16738328272739272 0.15070827453888699 0.18675487966279236 0.11354852686497906 0.061972204435350994 0.25910089763945438
leaf_weight=189 64 50 482 265 66 77 7465 141 74 262 95 59 1371 118 82 78 3112 127 117 717 294 73
leaf_count=189 64 50 482 265 66 77 7465 141 74 262 95 59 1371 118 82 78 3112 127 117 717 294 73
internal_value=0.000599071 -0.0175233 -0.0271331 0.00255746 -0.0120837 -0.0131904 0.00293535 -0.0109495 -0.0119679 -0.0131302 -0.0161058 -0.00430769 -0.000431322 -0.00379947 0.00211294 0.00117807 0.00249361 0.000116314 -0.00164706 0.00190037 0.000157825 -0.00109184
internal_weight=15378 1495 532 13883 963 838 12330 649 572 498 236 125 1553 182 4865 1427 3438 326 199 1089 372 338
internal_count=15378 1495 532 13883 963 838 12330 649 572 498 236 125 1553 182 4865 1427 3438 326 199 1089 372 338
is_linear=0
shrinkage=0.035


Tree=30
num_leaves=23
num_cat=0
split_feature=9 22 15 9 15 9 15 6 8 15 13 9 9 8 9 22 9 8 11 11 8 24
split_gain=448.233 60.391 17.9094 13.5735 5.00085 10.045 3.791 3.65419 3.09689 4.53672 2.95633 2.77567 2.25004 1.54364 1.45173 1.42541 1.29881 1.25206 1.23084 2.54109 2.42566 1.26181
threshold=0.8377192982456142 34795.000000000007 0.54772727272727284 2.3214258814352391 0.71714285714285719 0.32393328502805191 1.0000000180025095e-35 4.8281303029948344 0.36038961038961043 0.56385869565217395 0.73214285714285732 5.8214332303014045 1.5412952862512337 0.64512287944562419 5.8061224489795924 19263.000000000004 0.91360632121501695 2.5502262202386512 1.1387288073563864 1.3259870882635925 1.1437298603651989 3792.0000000000005
decision_type=2 2 2 2 2 2 2 2 2 2 2 2 2 2 2 2 2 2 2 2 2 2
left_child=1 4 -3 6 5 -1 -2 8 -7 -10 -6 14 16 -9 -5 -16 -8 -14 -18 20 -20 -22
right_child=3 2 -4 11 10 7 12 13 9 -11 -12 -13 17 -15 15 -17 18 -19 19 -21 21 -23
leaf_value=-0.13000263681273191 -0.1739546887360518 -0.093634020117910666 -0.14373687262652174 0.15191402188455896 0.0077285350982357727 -0.11352491536415696 -0.11672284147001212 -0.039842275646694771 -0.11261547227700563 -0.10362202138859812 -0.1185028462352197 1.7837111811806354 0.062709431805967816 -0.057822276076708319 -0.38608753778746185 0.21659144201080024 0.0088053568151723847 -0.076744041681802627 0.036464887721273938 0.020488703838294285 -0.15537154228477396 -0.051920064120709424
leaf_weight=84 83 45 486 3474 52 105 61 119 225 267 61 7589 1529 46 48 102 566 79 49 192 45 96
leaf_count=84 83 45 486 3474 52 105 61 119 225 267 61 7589 1529 46 48 102 566 79 49 192 45 96
internal_value=0.000569704 -0.0176405 -0.027125 0.0025268 -0.0122573 -0.013198 0.000291128 -0.0117412 -0.0130698 -0.0115704 -0.00480508 0.0030632 0.000536613 -0.00658824 0.00224621 -0.00101613 -0.000745562 0.00135183 -0.000392969 -0.00192636 -0.00475641 -0.00704794
internal_weight=15403 1490 531 13913 959 846 2700 762 597 492 113 11213 2617 165 3624 150 1009 1608 948 382 190 141
internal_count=15403 1490 531 13913 959 846 2700 762 597 492 113 11213 2617 165 3624 150 1009 1608 948 382 190 141
is_linear=0
shrinkage=0.035


Tree=31
num_leaves=23
num_cat=0
split_feature=8 22 8 8 21 8 22 7 22 12 20 11 22 22 8 22 4 11 11 21 22 24
split_gain=400.221 41.7859 16.4036 14.0823 10.9043 5.83645 5.078 4.43715 4.21819 4.91223 2.95664 2.78756 2.70855 4.85341 1.61252 1.57417 1.54862 1.39894 3.15161 1.32576 1.11345 1.86179
threshold=0.72077922077922085 34795.000000000007 1.5657635829674368 0.43235786701983264 3.5000000000000004 6.0000093177456657 5643.5000000000009 0.41557595269009978 5643.5000000000009 0.69861470638928425 18.500000000000004 0.42581531362632047 24335.000000000004 17834.500000000004 0.35299200622699706 54348.000000000007 4.9547980748721674 1.1219964034288594 1.3259870882635925 2.5000000000000004 43337.000000000007 4019.0000000000005
decision_type=2 2 2 2 2 2 2 2 2 2 2 2 2 2 2 2 2 2 2 2 2 2
left_child=1 4 6 -3 7 15 -2 11 9 10 -9 -1 13 17 -13 20 -14 -8 -19 -16 21 -4
right_child=2 3 5 -5 -6 -7 12 8 -10 -11 -12 14 16 -15 19 -17 -18 18 -20 -21 -22 -23
leaf_value=-0.12376163357658773 -0.12904009716938508 -0.13870608208459345 0.10913356815267898 -0.14121861793940793 -0.10230394137030042 1.7690285335024025 0.017843441179465638 -0.10236284420365156 -0.056647389196383818 -0.1314232324143331 0.0037564813968924524 -0.12755351751102428 0.022939861829851738 -0.097364577327484783 -0.093664938205620454 -0.051400459685718165 -0.05702512592129784 -0.10941419324939737 0.055637849136995744 -0.10488723716321685 0.25446650394072867 0.037033999674858556
leaf_weight=80 60 489 2798 54 184 7463 250 52 225 94 59 68 582 99 56 97 54 64 69 51 1123 1418
leaf_count=80 60 489 2798 54 184 7463 250 52 225 94 59 68 582 99 56 97 54 64 69 51 1123 1418
internal_value=0.000653737 -0.0170752 0.00243872 -0.0247299 -0.0121579 0.00280022 -0.0015 -0.00994203 -0.00752299 -0.0111667 -0.00555172 -0.0137308 -0.000925645 -0.0028963 -0.0163333 0.00191757 0.000551482 -0.00101031 -0.00385507 -0.012125 0.00200019 0.00172554
internal_weight=15489 1412 14077 543 869 12899 1178 685 430 205 111 255 1118 482 175 5436 636 383 133 107 5339 4216
internal_count=15489 1412 14077 543 869 12899 1178 685 430 205 111 255 1118 482 175 5436 636 383 133 107 5339 4216
is_linear=0
shrinkage=0.035


Tree=32
num_leaves=23
num_cat=0
split_feature=9 22 9 9 21 12 9 12 22 21 9 7 9 15 11 8 12 21 12 9 11 10
split_gain=370.13 52.838 18.9302 11.0949 7.65806 3.34983 3.14134 2.70626 2.20287 4.44468 2.90952 2.47759 1.77476 1.89322 1.49323 1.29286 1.26934 1.15326 1.11141 3.09778 1.26656 0.93699
threshold=0.8377192982456142 34795.000000000007 0.46547619047619054 2.3214258814352391 3.5000000000000004 0.82361122168980294 6.0501303267706303 0.91765825436204529 15527.500000000002 1.5000000000000002 0.50705008623763181 0.26527786914775114 1.5412952862512337 1.0000000180025095e-35 0.51697347450054409 2.6428517628704777 3.4679179670884719 3.5000000000000004 0.93999887425351958 1.0014611999653302 1.1387288073563864 1.2149857925879113
decision_type=2 2 2 2 2 2 2 2 2 2 2 2 2 2 2 2 2 2 2 2 2 2
left_child=1 4 -3 12 7 -6 16 8 9 14 -11 -10 17 -14 -1 -15 -5 18 19 -2 -20 -22
right_child=3 2 -4 6 5 -7 -8 -9 11 10 -12 -13 13 15 -16 -17 -18 -19 20 -21 21 -23
leaf_value=0.036610666120031721 -0.12452369378835962 -0.13385136921163271 -0.086689702385064016 0.15119665080525435 -0.098723303422339884 -0.05778193768879155 1.706649244851123 -0.16175450042128001 -0.13787293961035851 -0.084596033398587359 -0.1205126724833791 -0.036900937329769248 -0.11965356166067198 0.061575505284386468 -0.079354687338477448 -0.074369385487368364 -0.020567886821213712 0.039256231640360302 0.016982803237431503 0.0049190490266681148 -0.0042418047116583564 -0.056276605402253065
leaf_weight=50 50 493 47 3688 161 55 7440 54 69 128 114 266 60 1543 63 55 48 184 420 78 135 167
leaf_count=50 50 493 47 3688 161 55 7440 54 69 128 114 266 60 1543 63 55 48 184 420 78 135 167
internal_value=0.000752 -0.0157326 -0.0245 0.0025413 -0.0106813 -0.0166131 0.00302732 -0.00883645 -0.00808273 -0.0101111 -0.0127955 -0.00576471 0.000515202 0.001227 -0.00391525 0.00146943 0.00218083 -0.000609721 -0.00116667 -0.00413158 -0.000592159 -0.00231433
internal_weight=15368 1500 540 13868 960 216 11176 744 690 355 242 335 2692 1658 113 1598 3736 1034 850 128 722 302
internal_count=15368 1500 540 13868 960 216 11176 744 690 355 242 335 2692 1658 113 1598 3736 1034 850 128 722 302
is_linear=0
shrinkage=0.035


Tree=33
num_leaves=23
num_cat=0
split_feature=9 23 23 9 21 9 12 23 21 20 9 21 12 13 9 21 12 9 11 21 25 23
split_gain=348.648 52.8366 22.3033 13.2 6.40859 4.07834 4.00422 2.84318 5.21448 2.20365 1.99868 4.7349 1.95567 2.08607 1.42623 1.42589 1.63139 2.10284 1.58951 1.41005 1.62519 2.04488
threshold=0.8377192982456142 40250.000000000007 62250.000000000007 3.2144105894105901 3.5000000000000004 1.4655513469079844 0.82361122168980294 19200.000000000004 1.5000000000000002 15.500000000000002 0.60791925465838526 2.5000000000000004 0.89574281815241474 0.73214285714285732 6.0501303267706303 3.5000000000000004 0.93999887425351958 1.0014611999653302 1.1914557955765863 2.5000000000000004 381.00000000000006 51350.000000000007
decision_type=2 2 2 2 2 2 2 2 2 2 2 2 2 2 2 2 2 2 2 2 2 2
left_child=1 4 -3 5 7 15 -6 8 9 -1 11 -10 13 -9 -5 16 17 -2 -18 20 21 -7
right_child=3 2 -4 14 6 19 -8 12 10 -11 -12 -13 -14 -15 -16 -17 18 -19 -20 -21 -22 -23
leaf_value=-0.1173975884967848 -0.11920359001428955 -0.12916657128922554 0.0062003255654165673 0.20399141229564904 -0.095267987802557977 -0.015552271589727199 -0.054016449348242068 -0.037444417571375795 -0.097051313591015029 0.0093298181492480342 -0.1015511921317299 -0.11430967189609542 -0.12627208465011211 -0.11356233480287324 1.63463256759694 0.033135539534172455 0.0037358980480941143 -0.0022534752372432507 -0.052764315128184074 0.11414096302420004 0.09244892926914644 0.1054807274685442
leaf_weight=46 49 501 45 1614 157 876 46 263 70 64 46 126 69 56 7524 146 427 60 196 1897 867 293
leaf_count=46 49 501 45 1614 157 876 46 263 70 64 46 126 69 56 7524 146 427 60 196 1897 867 293
internal_value=0.000732727 -0.0153353 -0.0240045 0.00245406 -0.0101973 0.000963663 -0.015851 -0.00852685 -0.0109118 -0.0041087 -0.0137874 -0.0114751 -0.00620738 -0.0048179 0.00323586 -0.00117724 -0.00181886 -0.00571053 -0.00107006 0.00144693 0.000790544 -4.77e-05
internal_weight=15438 1489 546 13949 943 4811 203 740 352 110 242 196 388 319 9138 878 732 109 623 3933 2036 1169
internal_count=15438 1489 546 13949 943 4811 203 740 352 110 242 196 388 319 9138 878 732 109 623 3933 2036 1169
is_linear=0
shrinkage=0.035


Tree=34
num_leaves=23
num_cat=0
split_feature=9 22 9 8 21 9 20 9 21 22 21 9 14 20 7 10 25 25 22 11 14 10
split_gain=327.294 57.9535 17.0307 13.1991 6.48782 3.66455 2.16887 1.79988 1.56067 1.36787 4.22689 4.25283 1.60586 1.2106 1.84399 1.12236 1.05979 1.50723 1.39354 1.27357 1.14881 1.328
threshold=0.8377192982456142 34795.000000000007 0.43167701863354041 3.0618511121266239 3.5000000000000004 1.5412952862512337 10.500000000000002 6.0501303267706303 1.5000000000000002 15527.500000000002 2.5000000000000004 0.53708791208791218 0.43650793650793657 20.500000000000004 0.41557595269009978 0.67989119028088918 195.50000000000003 381.00000000000006 39092.000000000007 1.6589914743059013 1.0000000180025095e-35 1.2149857925879113
decision_type=2 2 2 2 2 2 2 2 2 2 2 2 2 2 2 2 2 2 2 2 2 2
left_child=1 4 -3 5 9 15 -6 -5 16 10 11 -1 -13 14 -11 -2 -7 18 19 -18 21 -19
right_child=3 2 -4 7 6 8 -8 -9 -10 13 -12 12 -14 -15 -16 -17 17 20 -20 -21 -22 -23
leaf_value=-0.026437064416706506 -0.033129391809302806 -0.12464574129410266 -0.074963649064355528 0.16543102057098735 -0.074314085123466156 0.18579530302408151 -0.096798471814513648 1.5924969041230264 0.092187156829403358 -0.1325994282942391 -0.10120218048719756 -0.09171863935345273 -0.097705103999881138 -0.047156733721055229 -0.061420299634257179 -0.0037293752207214802 -0.052239095275858259 0.12680722685186999 0.046408207514490589 0.0062237664317412308 0.089403736711922033 -0.11936201875545129
leaf_weight=115 96 475 45 1980 88 179 118 7558 2499 99 128 57 63 136 174 940 174 45 126 63 245 75
leaf_count=115 96 475 45 1980 88 179 118 7558 2499 99 128 57 63 136 174 940 174 45 126 63 245 75
internal_value=0.000785087 -0.0147335 -0.0241667 0.00245388 -0.00960275 0.000871262 -0.0152441 0.00318825 0.00142729 -0.00798649 -0.00972011 -0.0065625 -0.01106 -0.00630676 -0.00770504 -0.00093804 0.000161184 -0.000415416 -0.0020163 -0.00358678 0.00113514 -0.00154
internal_weight=15478 1498 520 13980 978 4442 206 9538 3406 772 363 235 120 409 273 1036 907 728 363 237 365 120
internal_count=15478 1498 520 13980 978 4442 206 9538 3406 772 363 235 120 409 273 1036 907 728 363 237 365 120
is_linear=0
shrinkage=0.035


Tree=35
num_leaves=23
num_cat=0
split_feature=9 22 9 15 21 9 22 21 12 12 9 7 8 12 21 20 12 21 26 8 12 21
split_gain=332.659 57.4349 12.6001 12.5037 6.99434 4.70802 3.47949 4.57862 2.61679 2.5514 2.02098 2.42026 1.86922 1.555 1.39947 1.54092 2.08455 1.25924 1.19469 1.03073 1.00388 2.1192
threshold=0.8377192982456142 34795.000000000007 5.8214332303014045 0.56385869565217395 3.5000000000000004 1.5412952862512337 15527.500000000002 1.5000000000000002 0.91765825436204529 0.82361122168980294 0.53708791208791218 0.56969271725119408 0.35299200622699706 0.63727486250636911 1.5000000000000002 7.5000000000000009 1.5644270279898558 3.5000000000000004 1.0000000180025095e-35 2.8341563330877038 0.93999887425351958 2.5000000000000004
decision_type=2 2 2 2 2 2 2 2 2 2 2 2 2 2 2 2 2 2 2 2 2 2
left_child=1 4 5 -3 6 17 7 13 12 -6 11 -9 -8 -1 15 -7 18 20 19 -17 21 -2
right_child=2 3 -4 -5 9 14 8 10 -10 -11 -12 -13 -14 -15 -16 16 -18 -19 -20 -21 -22 -23
leaf_value=0.0085599990192308743 -0.096271556394139757 -0.087240239496080285 1.5216830360867413 -0.12028314034880906 -0.088502179807703502 -0.03918438507781339 -0.12709585211869948 -0.10475234191377855 -0.15186311488618087 -0.047761663355041874 -0.10932075823404883 -0.024936424796741664 -0.03281467243349339 -0.062550516175262569 0.1111543453085438 -0.03448094247823158 0.10027319338097672 0.037061431611748095 0.18598240176159805 0.20787412058889898 -0.0063139144566578586 0.00085814858212939122
leaf_weight=57 48 45 7652 462 162 394 81 110 47 51 91 59 274 58 3786 295 707 185 85 51 720 65
leaf_count=57 48 45 7652 462 162 394 81 110 47 51 91 59 274 58 3786 295 707 185 85 51 720 65
internal_value=0.000765978 -0.0148855 0.00244697 -0.024459 -0.00986683 0.00128663 -0.00818159 -0.0106842 -0.00570147 -0.0156055 -0.0132736 -0.0101782 -0.00447222 -0.004375 0.00170496 0.000790176 0.00144838 -0.000879276 -0.000433486 -0.00138604 -0.00147017 -0.00450847
internal_weight=15485 1497 13988 507 990 6336 777 375 402 213 260 169 355 115 5318 1532 1138 1018 431 346 833 113
internal_count=15485 1497 13988 507 990 6336 777 375 402 213 260 169 355 115 5318 1532 1138 1018 431 346 833 113
is_linear=0
shrinkage=0.035


Tree=36
num_leaves=23
num_cat=0
split_feature=9 23 9 15 23 21 12 9 12 21 20 12 12 7 12 7 11 10 25 25 11 24
split_gain=315 67.7964 13.0453 11.2895 5.95305 6.38955 6.02049 4.75586 3.0532 2.1485 2.11539 2.0747 3.73156 2.07258 1.98305 1.73076 1.39341 1.33115 1.3079 3.48085 1.61732 1.2633
threshold=0.8377192982456142 40250.000000000007 6.0501303267706303 0.59629629629629644 19200.000000000004 1.5000000000000002 0.82361122168980294 1.5412952862512337 0.79662682933218554 1.5000000000000002 5.5000000000000009 0.48865526070192983 0.65861480268624806 0.26527786914775114 1.5644270279898558 0.85459183673469397 0.63452932983050003 0.61459060367448182 381.00000000000006 294.00000000000006 1.272289726446546 8120.5000000000009
decision_type=2 2 2 2 2 2 2 2 2 2 2 2 2 2 2 2 2 2 2 2 2 2
left_child=1 4 7 -3 5 16 11 17 13 10 21 -7 -13 -6 18 -10 -1 -2 19 -12 -21 -9
right_child=2 3 -4 -5 8 6 -8 9 15 -11 14 12 -14 -15 -16 -17 -18 -19 -20 20 -22 -23
leaf_value=-0.035541319299181764 -0.034470510570455484 -0.096295924949514514 1.4684241298237053 -0.11607323043660077 -0.11432348275594577 -0.10114469127336745 -0.0254116358381937 -0.20156964174296274 -0.108625220118116 0.1148190767689744 0.14308900210221048 -0.062758092429682583 -0.10108004398354124 -0.028762943875601934 0.08542522466438203 -0.093830564108934533 -0.058384553884279634 -0.0051125296137596076 0.087971327982834774 -0.00819212692029468 -0.091460588281656569 0.12421451460662369
leaf_weight=62 97 48 7456 475 67 76 50 208 126 3833 134 91 133 249 760 51 49 936 180 49 90 79
leaf_count=62 97 48 7456 475 67 76 50 208 126 3833 134 91 133 249 760 51 49 936 180 49 90 79
internal_value=0.000767054 -0.0145668 0.00241155 -0.0246723 -0.00890876 -0.0118219 -0.0141479 0.00124211 -0.00605823 0.00166411 0.000523256 -0.0160082 -0.0134651 -0.0038053 0.00117241 -0.00976923 -0.0040431 -0.000917148 -0.000626637 -0.00216547 -0.00597917 -0.00213356
internal_weight=15299 1477 13822 523 954 461 350 6366 493 5333 1500 300 224 316 1213 177 111 1033 453 273 139 287
internal_count=15299 1477 13822 523 954 461 350 6366 493 5333 1500 300 224 316 1213 177 111 1033 453 273 139 287
is_linear=0
shrinkage=0.035


Tree=37
num_leaves=23
num_cat=0
split_feature=9 22 9 9 21 15 11 9 20 15 11 8 10 21 20 9 20 21 11 11 7 7
split_gain=318.417 61.5703 19.7831 12.51 7.02447 8.13381 7.18325 4.63323 3.47906 3.03091 2.51497 2.50818 2.15515 1.66183 1.62045 1.61687 1.32865 1.17534 1.1055 2.13222 1.03575 0.9695
threshold=0.8377192982456142 34795.000000000007 0.46547619047619054 6.0501303267706303 2.5000000000000004 0.73993558776167478 0.63452932983050003 1.5412952862512337 24.500000000000004 0.59629629629629644 0.66834558193255245 0.20936799804848402 0.95118973121134187 1.5000000000000002 5.5000000000000009 2.1427047448279741 11.500000000000002 3.5000000000000004 1.272289726446546 1.4468609447374672 0.56969271725119408 0.71213642240672326
decision_type=2 2 2 2 2 2 2 2 2 2 2 2 2 2 2 2 2 2 2 2 2 2
left_child=1 4 -3 7 9 6 16 17 12 10 20 -11 -8 14 -9 18 -6 21 -16 -20 -1 -2
right_child=3 2 -4 -5 5 -7 8 13 -10 11 -12 -13 -14 -15 15 -17 -18 -19 19 -21 -22 -23
leaf_value=-0.065752670800876004 -0.052756381508327455 -0.11201066737131975 -0.069778009605964059 1.4520292852798757 -0.05608512116129237 -0.015796408564863598 -0.08631451390470056 -0.084536169246390874 -0.03285811241411879 -0.11864617539808686 -0.10220666702530284 0.0026385972291725623 -0.022200841037654493 0.10733789002636292 0.069907709493851999 0.08573587956768583 -0.10281600778901209 0.039340326007723338 -0.072484014829067578 0.015125271855944726 -0.022538190683930481 -0.009449912698904309
leaf_weight=76 66 476 49 7462 55 62 169 300 45 50 151 132 49 3824 68 1010 96 183 59 90 88 788
leaf_count=76 66 476 49 7462 55 62 169 300 45 50 151 132 49 3824 68 1010 96 183 59 90 88 788
internal_value=0.000775777 -0.014524 -0.0241698 0.00243649 -0.0092045 -0.01229 -0.0140418 0.00129368 -0.0100821 -0.00612151 -0.00820312 -0.00230214 -0.0118812 0.00170948 0.000712794 0.00128409 -0.0202821 -0.000833013 -0.00138739 -0.00309091 -0.00478402 -0.00138941
internal_weight=15348 1498 525 13850 973 476 414 6388 263 497 315 182 218 5351 1527 1227 151 1037 217 149 164 854
internal_count=15348 1498 525 13850 973 476 414 6388 263 497 315 182 218 5351 1527 1227 151 1037 217 149 164 854
is_linear=0
shrinkage=0.035


Tree=38
num_leaves=23
num_cat=0
split_feature=9 22 9 9 21 15 12 9 10 15 10 5 8 14 21 20 12 22 21 22 12 9
split_gain=328.346 66.2189 18.5779 12.1267 6.5674 8.41775 6.58776 4.57279 3.72472 3.23963 2.9625 2.48601 1.96151 1.88531 1.55546 1.9895 1.32383 1.47604 1.11075 1.55355 1.41767 1.12763
threshold=0.8377192982456142 34795.000000000007 0.46547619047619054 6.0501303267706303 2.5000000000000004 0.73993558776167478 0.82361122168980294 1.7742956901714255 0.70711369680452518 0.60357142857142865 0.69006555934235536 3.9816512481064232 0.28288459797392906 0.63068181818181823 1.5000000000000002 7.5000000000000009 1.5644270279898558 13885.000000000002 3.5000000000000004 24335.000000000004 0.93999887425351958 1.2157469142510446
decision_type=2 2 2 2 2 2 2 2 2 2 2 2 2 2 2 2 2 2 2 2 2 2
left_child=1 4 -3 7 9 6 8 18 12 10 -1 -11 -6 -10 15 -9 17 -17 19 20 -2 -22
right_child=3 2 -4 -5 5 -7 -8 14 13 11 -12 -13 -14 -15 -16 16 -18 -19 -20 -21 21 -23
leaf_value=-0.063451327322845349 -0.094446220574704948 -0.10809029401332355 -0.067954238725058458 1.3852243612909345 -0.060145399717889417 0.0080830499026240728 -0.046910478709638145 -0.044280545035157409 -0.050108322089027213 0.0072493047310470691 -0.098334113200269815 -0.10683126167764904 -0.093947385479613024 -0.12438792836842404 0.11488529358902785 -0.051895410846769283 0.0920154732771091 0.035004067447820628 0.038199617284763905 0.00078456750239518037 0.044906878768196656 -0.030007794700347118
leaf_weight=160 68 507 45 7504 47 58 99 371 71 111 158 59 142 56 3545 76 714 306 254 679 132 257
leaf_count=160 68 507 45 7504 47 58 99 371 71 111 158 59 142 56 3545 76 714 306 254 679 132 257
internal_value=0.000763356 -0.0146917 -0.0243366 0.00245083 -0.00903623 -0.012023 -0.01375 0.00132582 -0.0162352 -0.00601318 -0.00809443 -0.0019 -0.0195928 -0.010553 0.00181872 0.000836957 0.00159264 -2.71317e-05 -0.000439068 -0.000917178 -0.00248485 -0.00156345
internal_weight=15419 1513 552 13906 961 473 415 6402 316 488 318 170 189 127 5012 1467 1096 382 1390 1136 457 389
internal_count=15419 1513 552 13906 961 473 415 6402 316 488 318 170 189 127 5012 1467 1096 382 1390 1136 457 389
is_linear=0
shrinkage=0.035


Tree=39
num_leaves=23
num_cat=0
split_feature=9 22 22 9 21 20 12 9 7 9 6 3 20 7 21 21 21 25 22 12 24 22
split_gain=260.296 32.9771 22.4103 11.9252 5.01801 6.67352 6.51554 4.73756 3.91095 2.6547 2.3744 1.47304 2.16989 1.93491 3.17863 1.38537 1.03164 0.986884 1.53805 2.10208 0.914919 0.967326
threshold=0.91360632121501695 34795.000000000007 54348.000000000007 3.2144105894105901 1.5000000000000002 10.500000000000002 0.48865526070192983 0.60791925465838526 0.85459183673469397 1.800008590668096 0.98214285714285732 5.0127769206881263 4.5000000000000009 8.005698005698008 1.5000000000000002 1.5000000000000002 3.5000000000000004 195.50000000000003 13885.000000000002 1.5513240547951004 3345.5000000000005 34795.000000000007
decision_type=2 2 2 2 2 2 2 2 2 2 2 2 2 2 2 2 2 2 2 2 2 2
left_child=1 4 -3 9 5 -1 -6 10 -9 16 -8 12 13 14 20 17 -2 -11 19 -19 -5 -22
right_child=3 2 -4 11 6 -7 7 8 -10 15 -12 -13 -14 -15 -16 -17 -18 18 -20 -21 21 -23
leaf_value=-0.11482698704084451 -0.0062493179049726393 -0.10430713372285723 0.004085157270633898 -0.40981780075123098 -0.09075311711873485 -0.0075925109400691642 -0.053101335575423042 -0.094937803196343748 -0.084237328470614228 0.15433226674772807 -0.068303097305149496 1.3069795562644173 0.28174516177727282 0.9670377124655547 0.43256425597630038 0.087799393805448059 0.030099548171641118 -0.11392247983154007 0.014686022942937124 0.073636965656382503 0.040561157289211815 -0.55203708198885348
leaf_weight=70 1120 485 65 52 73 195 269 137 73 183 171 6756 1795 224 127 2463 276 52 564 54 104 73
leaf_count=70 1120 485 65 52 73 195 269 137 73 183 171 6756 1795 224 127 2463 276 52 564 54 104 73
internal_value=0.000938581 -0.0126957 -0.0195811 0.00245869 -0.00876586 -0.00440741 -0.0102981 -0.00900382 -0.0134302 0.00102173 -0.00672472 0.00319735 0.00241176 0.000508547 -0.00105679 0.00156083 -0.000247323 0.000318182 -0.000285185 -0.00406757 -0.00352991 -0.00207692
internal_weight=15381 1538 550 13843 988 265 723 650 210 4712 440 9131 2375 580 356 3316 1396 853 670 106 229 177
internal_count=15381 1538 550 13843 988 265 723 650 210 4712 440 9131 2375 580 356 3316 1396 853 670 106 229 177
is_linear=0
shrinkage=0.035


Tree=40
num_leaves=23
num_cat=0
split_feature=9 22 9 9 9 12 21 9 7 22 12 14 8 21 9 11 25 22 24 21 10 22
split_gain=228.401 32.7904 14.377 11.4711 4.44724 3.51988 4.66157 4.61804 3.30385 2.00503 4.14354 1.99549 3.62045 3.8111 1.78047 1.56478 1.39204 2.14949 3.07719 4.50696 2.22542 1.75985
threshold=0.8377192982456142 34795.000000000007 5.8214332303014045 0.46547619047619054 1.3584084897651272 0.48865526070192983 2.5000000000000004 0.53708791208791218 0.85459183673469397 15527.500000000002 0.78637527081399305 0.59166666666666679 0.21488931231694783 2.5000000000000004 0.60791925465838526 1.2168647221735138 381.00000000000006 5643.5000000000009 4472.0000000000009 2.5000000000000004 0.8997354108424388 28242.500000000004
decision_type=2 2 2 2 2 2 2 2 2 2 2 2 2 2 2 2 2 2 2 2 2 2
left_child=1 5 4 -3 15 6 -1 11 9 10 -9 -7 -13 -14 -11 -2 17 -6 19 20 -19 -22
right_child=2 3 -4 -5 16 7 -8 8 -10 14 -12 12 13 -15 -16 -17 -18 18 -20 -21 21 -23
leaf_value=-0.076222043282352034 -0.0050076569710909161 -0.10065638404255722 1.274578563093808 -0.044728178811438139 0.21146324728755136 -0.015858779778191563 -0.090740681537767848 -0.10680376365961509 -0.052196542648152898 -0.02745004833055089 -0.056592654754614391 0.023125633802213254 -0.0086038120866436495 -0.090450142307060263 -0.091550144132369893 -0.05151730179853023 0.10472032980105846 0.052170897397650726 0.12182850842046172 0.042158965066404264 -0.07662069994885673 -0.037432394583722134
leaf_weight=72 542 498 7615 45 475 185 69 75 86 50 47 45 73 138 101 162 2331 155 1126 775 309 386
leaf_count=72 542 498 7615 45 475 185 69 75 86 50 47 45 73 138 101 162 2331 155 1126 775 309 386
internal_value=0.000964693 -0.0120608 0.00236283 -0.0189179 0.00111491 -0.00800634 -0.0132808 -0.00697826 -0.00996154 -0.0118597 -0.0155157 -0.00442601 -0.00642337 -0.0083287 -0.00839103 -0.0014859 0.00144858 0.000965181 0.0005791 -0.000386503 -0.00214912 -0.003
internal_weight=15360 1484 13876 543 6261 941 141 800 359 273 122 441 256 211 151 704 5557 3226 2751 1625 850 695
internal_count=15360 1484 13876 543 6261 941 141 800 359 273 122 441 256 211 151 704 5557 3226 2751 1625 850 695
is_linear=0
shrinkage=0.035


Tree=41
num_leaves=23
num_cat=0
split_feature=9 22 9 15 21 15 12 4 9 21 20 10 8 15 9 20 9 9 20 21 22 15
split_gain=232.439 32.9896 13.5471 7.09533 3.33512 5.19581 5.85013 3.71094 5.99443 4.84259 3.10365 2.91928 3.01553 2.78803 2.72869 2.18184 1.9369 1.65913 1.47577 1.60494 1.42175 1.27782
threshold=0.8377192982456142 34795.000000000007 3.1432456131528803 0.54772727272727284 2.5000000000000004 0.73993558776167478 0.82361122168980294 3.9929401464817613 0.50705008623763181 1.5000000000000002 12.500000000000002 0.70711369680452518 0.28829667943792742 0.78416149068322993 1.5412952862512337 9.5000000000000018 0.64334089962422325 7.0062292416279304 2.5000000000000004 1.5000000000000002 15527.500000000002 0.12250000000000001
decision_type=2 2 2 2 2 2 2 2 2 2 2 2 2 2 2 2 2 2 2 2 2 2
left_child=1 4 14 -3 7 6 11 8 -1 -10 -11 12 -6 -5 21 -9 -12 18 19 -4 -13 -2
right_child=2 3 17 13 5 -7 -8 15 9 10 16 20 -14 -15 -16 -17 -18 -19 -20 -21 -22 -23
leaf_value=0.0026761341737023148 -0.10105968036961613 -0.07247358217651298 -0.25525586852028115 -0.10351519331504215 -0.04860356241039919 -0.03270559342565646 -0.059531853344661503 -0.11025572571222268 0.0050844958019950152 -0.033196911308636994 -0.10463438579683555 -0.09816025353508448 -0.084342152819948876 -0.097133410601067727 0.049985742159182875 -0.021057236216969991 -0.11445137390156261 1.4723708734723593 0.19735136014669999 0.43795810696332649 -0.065142288990674133 -0.0023213345842481125
leaf_weight=179 51 46 156 165 62 63 102 59 59 46 62 56 108 328 3706 49 49 6794 2102 101 75 1001
leaf_count=179 51 46 156 165 62 63 102 59 59 46 62 56 108 328 3706 49 49 6794 2102 101 75 1001
internal_value=0.000958506 -0.0120684 0.00237575 -0.0190184 -0.00810678 -0.0103217 -0.0117696 -0.00593898 -0.0042 -0.00806109 -0.0111914 -0.0142288 -0.0175 -0.020255 0.000854609 -0.011677 -0.0143017 0.00316368 0.00233037 -0.00010687 -0.00936765 -0.000705298
internal_weight=15419 1508 13911 539 969 466 403 503 395 216 157 301 170 493 4758 108 111 9153 2359 257 131 1052
internal_count=15419 1508 13911 539 969 466 403 503 395 216 157 301 170 493 4758 108 111 9153 2359 257 131 1052
is_linear=0
shrinkage=0.035


Tree=42
num_leaves=23
num_cat=0
split_feature=8 22 9 9 15 12 12 22 9 25 22 27 20 12 24 11 9 27 6 7 8 6
split_gain=210.078 30.0488 19.1077 7.03248 5.65301 6.40835 2.79092 2.7906 2.83028 2.22362 2.4235 2.1863 1.94997 1.88163 3.03332 3.00889 2.95533 1.76533 1.69859 1.63541 1.86828 1.81064
threshold=0.5723960849627322 34795.000000000007 3.6794790703574112 1.0014611999653302 0.71714285714285719 0.52004063163607117 0.65861480268624806 54348.000000000007 0.57332179065277356 729.50000000000011 15527.500000000002 3.5000000000000004 16.500000000000004 1.8951838362916464 11523.000000000002 2.3074175660629379 2.7188802630633666 3.5000000000000004 2.1576609397334576 0.85459183673469397 0.93273328193879335 1.9961375386208424
decision_type=2 2 2 2 2 2 2 2 2 2 2 2 2 2 2 2 2 2 2 2 2 2
left_child=1 4 3 7 5 -1 -7 8 -2 10 11 -5 -6 17 15 16 -15 -12 -13 21 -21 -10
right_child=2 -3 -4 9 12 6 -8 -9 19 -11 13 18 -14 14 -16 -17 -18 -19 -20 20 -22 -23
leaf_value=-0.089117768968443131 0.0010811364096017606 -0.093733741230030351 0.93083789290082675 0.1744916196667162 -0.070631905288595059 -0.025648016789923463 -0.094314589715171954 0.026727544768825637 -0.071331842123077652 0.13587523711980626 -0.002367521631958937 0.057772582695321331 0.022875617527228709 -0.058171842817473438 0.19321930030434287 0.014376324625516853 -0.15061913426440346 0.063606852913215703 -0.032166332638290218 0.0047945717079379028 -0.10355792644756458 -0.038506887289519495
leaf_weight=103 103 514 8450 902 48 145 269 106 102 927 1741 262 75 48 100 95 85 867 238 85 57 59
leaf_count=103 103 514 8450 902 48 145 269 106 102 927 1741 262 75 48 100 95 85 867 238 85 57 59
internal_value=0.00100682 -0.0133205 0.00217447 0.000618644 -0.0081124 -0.00970881 -0.00752625 -0.00326983 -0.00459002 0.00100285 0.000663251 0.00185821 -0.00114844 8.44952e-05 -0.00238589 -0.00461159 -0.00791304 0.000405855 0 -0.00627273 -0.00316667 -0.00872892
internal_weight=15381 1154 14227 5777 640 517 414 512 406 5265 4338 1402 123 2936 328 228 133 2608 500 303 142 161
internal_count=15381 1154 14227 5777 640 517 414 512 406 5265 4338 1402 123 2936 328 228 133 2608 500 303 142 161
is_linear=0
shrinkage=0.035


Tree=43
num_leaves=23
num_cat=0
split_feature=8 22 8 9 22 21 8 12 12 9 21 20 15 12 12 12 24 22 12 21 11 26
split_gain=206.365 31.3705 19.6872 8.66507 4.61012 4.43069 5.66849 5.66502 3.15316 2.69193 1.97173 1.90924 1.87104 1.69862 1.58991 1.53233 1.2458 1.46856 1.375 1.01963 0.94763 0.928273
threshold=0.5723960849627322 34795.000000000007 1.5657635829674368 6.2397892490499585 5643.5000000000009 1.5000000000000002 0.21488931231694783 0.52004063163607117 0.65861480268624806 0.57332179065277356 1.5000000000000002 8.5000000000000018 0.46291208791208799 0.57757224164425802 0.78637527081399305 1.6372401481311953 9349.5000000000018 44839.000000000007 1.8951838362916464 1.5000000000000002 0.8838216650825218 1.0000000180025095e-35
decision_type=2 2 2 2 2 2 2 2 2 2 2 2 2 2 2 2 2 2 2 2 2 2
left_child=1 5 4 10 9 13 -7 -8 -9 -2 11 16 20 -1 -10 -13 17 18 -4 -11 -6 -22
right_child=2 -3 3 -5 12 6 7 8 14 19 -12 15 -14 -15 -16 -17 -18 -19 -20 -21 21 -23
leaf_value=-0.098081673935727642 -0.0028651391854554735 -0.090453060286979275 0.096209595155993088 1.2132585666492979 0.023371479883353464 0.0038060381640356938 -0.082265543343021982 -0.032421350882755058 -0.10210497701418349 -0.092985375050536764 0.094695279439905772 -0.0035175882059481998 -0.05886265215418033 0.00046048141011141672 -0.084033485498220525 0.082150480646550658 0.47737869655612181 -0.16956763177600859 -0.12937463619919001 -0.088763218357452198 -0.013435531957874858 0.13009612083834721
leaf_weight=89 50 507 103 7311 203 58 64 117 102 47 3914 459 179 100 131 612 58 52 214 55 821 61
leaf_count=89 50 507 103 7311 203 58 64 117 102 47 3914 459 179 100 131 612 58 52 214 55 821 61
internal_value=0.000985632 -0.0131198 0.00215632 0.00259255 -0.00174631 -0.00795646 -0.00978092 -0.0112017 -0.00911972 -0.00742357 0.00152289 0.000426148 -0.00102325 -0.00317526 -0.0115 0.00122305 -0.00152315 -0.00230214 -0.00128261 -0.0105654 -0.000449541 -0.00095885
internal_weight=15307 1168 14139 12723 1416 661 472 414 350 152 5412 1498 1264 189 233 1071 427 369 317 102 1085 882
internal_count=15307 1168 14139 12723 1416 661 472 414 350 152 5412 1498 1264 189 233 1071 427 369 317 102 1085 882
is_linear=0
shrinkage=0.035


Tree=44
num_leaves=23
num_cat=0
split_feature=8 22 7 7 21 15 20 22 4 12 22 4 15 22 15 21 21 25 22 22 24 8
split_gain=209.923 35.6239 19.6053 9.11271 4.23734 6.2154 4.27455 3.60304 3.44441 3.16287 2.84483 3.1786 2.46372 2.28883 2.24697 4.31598 1.80258 1.58221 4.96654 1.67488 2.06804 1.64954
threshold=0.5723960849627322 34795.000000000007 5.4340659340659352 0.85459183673469397 2.5000000000000004 0.73993558776167478 10.500000000000002 24335.000000000004 4.9547980748721674 0.78637527081399305 54348.000000000007 4.9547980748721674 0.53708791208791218 43337.000000000007 0.56385869565217395 1.5000000000000002 2.5000000000000004 381.00000000000006 13885.000000000002 5643.5000000000009 7066.5000000000009 1.9985817649485471
decision_type=2 2 2 2 2 2 2 2 2 2 2 2 2 2 2 2 2 2 2 2 2 2
left_child=1 4 3 7 8 6 -6 14 12 -8 13 -12 -1 16 15 -2 17 19 -19 -5 21 -21
right_child=2 -3 -4 10 5 -7 9 -9 -10 -11 11 -13 -14 -15 -16 -17 -18 18 -20 20 -22 -23
leaf_value=-0.050973620817686097 -0.016637457102832397 -0.087287203176935016 1.1369408124927713 0.11516305859902869 -0.047277818212785268 0.0038973655125626393 -0.084437182006413508 0.02508146934559859 -0.0986168070698549 -0.059178352412963604 -0.0029773918625931994 -0.14953074942653824 -0.00025437961607314367 0.18659015377976818 -0.028456490323950492 -0.062124047417506406 0.066129313460685346 -0.21571307728728112 0.09602494827184041 -0.0019669781116006804 0.057411267722716007 -0.074697966005092417
leaf_weight=70 67 498 7582 245 110 58 110 109 71 65 354 56 167 1032 73 132 2275 49 863 600 289 477
leaf_count=70 67 498 7582 245 110 58 110 109 71 65 354 56 167 1032 73 132 2275 49 863 600 289 477
internal_value=0.000961093 -0.0133934 0.00212789 0.000732116 -0.00786433 -0.0105805 -0.0126724 -0.00447927 -0.00466294 -0.0161389 0.00105645 -0.00172892 -0.00242975 0.00125664 -0.0066083 -0.0085098 0.000927649 0.00027413 0.00143893 -0.000376856 -0.000865427 -0.00157856
internal_weight=15352 1149 14203 6621 651 343 285 381 308 175 6240 410 237 5830 272 199 4798 2523 912 1611 1366 1077
internal_count=15352 1149 14203 6621 651 343 285 381 308 175 6240 410 237 5830 272 199 4798 2523 912 1611 1366 1077
is_linear=0
shrinkage=0.035


Tree=45
num_leaves=23
num_cat=0
split_feature=7 22 9 7 14 21 22 22 10 22 22 22 15 21 24 22 9 22 4 11 24 22
split_gain=191.837 27.5134 23.0019 13.2865 5.2477 6.04767 3.54395 2.24584 2.77415 1.92917 1.50414 1.53664 1.33376 1.03805 1.43654 2.49943 2.30698 1.41494 1.49928 0.970998 0.936222 3.43354
threshold=0.56969271725119408 34795.000000000007 1.0014611999653302 5.4340659340659352 0.78174603174603186 2.5000000000000004 54348.000000000007 54348.000000000007 1.4960264830861931 17834.500000000004 43337.000000000007 3735.5000000000005 0.52086956521739147 2.5000000000000004 3345.5000000000005 17236.500000000004 1.3001277061555134 15527.500000000002 2.9974617545665088 2.0623404729825334 4163.5000000000009 5643.5000000000009
decision_type=2 2 2 2 2 2 2 2 2 2 2 2 2 2 2 2 2 2 2 2 2 2
left_child=1 4 6 7 5 12 20 10 -9 -7 11 -4 -1 14 15 16 -13 -18 -19 -17 21 -2
right_child=2 -3 3 -5 -6 9 -8 8 -10 -11 -12 13 -14 -15 -16 19 17 18 -20 -21 -22 -23
leaf_value=-0.058537655637578657 -0.072419148698943031 -0.084232151065742278 0.18102979719842294 1.105343921773239 -0.02171039700200519 -0.064121345940873625 0.017832057191665956 0.0014808364890992192 -0.084916507310981118 -0.074986118262096654 0.17741679261550319 0.055904819477403264 -0.090205229890105515 0.059729883326482498 0.029570192839079898 0.20970138175660466 -0.035604994268098156 -0.039368965028106009 -0.15942367251665726 -0.0089430487412063848 -0.075599905431833994 0.14353169352285866
leaf_weight=60 215 490 499 7586 139 143 111 271 87 57 1036 97 129 1999 1479 168 244 84 49 87 296 67
leaf_count=60 215 490 499 7586 139 143 111 271 87 57 1036 97 129 1999 1479 168 244 84 49 87 296 67
internal_value=0.00100195 -0.0136408 0.00204451 0.00235984 -0.00792589 -0.0100025 -0.00416571 0.001138 -0.00151377 -0.0142561 0.00130755 0.00103343 -0.00515979 0.000807692 0.000273611 -0.000982289 -0.00249165 -0.00373822 -0.00664493 0.00175 -0.00526501 -0.00357317
internal_weight=15393 1018 14375 13686 528 389 689 6100 358 200 5742 4706 189 4207 2208 729 474 377 133 255 578 282
internal_count=15393 1018 14375 13686 528 389 689 6100 358 200 5742 4706 189 4207 2208 729 474 377 133 255 578 282
is_linear=0
shrinkage=0.035


Tree=46
num_leaves=23
num_cat=0
split_feature=8 22 7 9 15 9 10 15 20 11 6 22 22 25 22 9 11 22 20 10 14 20
split_gain=201.583 40.3833 16.5242 4.91271 4.10755 5.61267 2.33838 2.08401 1.68977 1.49672 1.45136 1.13363 1.38733 1.36053 2.36761 1.55648 2.31517 2.06211 1.12286 1.12022 1.11388 1.05205
threshold=0.64512287944562419 34795.000000000007 5.4340659340659352 1.4655513469079844 0.71714285714285719 0.32393328502805191 0.61459060367448182 0.53708791208791218 23.500000000000004 0.57800199381172557 4.8281303029948344 54348.000000000007 43337.000000000007 381.00000000000006 5643.5000000000009 2.6667719568627448 2.5167934065296742 31960.500000000004 18.500000000000004 1.2411150588942081 0.5634920634920636 16.500000000000004
decision_type=2 2 2 2 2 2 2 2 2 2 2 2 2 2 2 2 2 2 2 2 2 2
left_child=1 4 3 6 5 -1 9 10 11 -2 20 12 13 14 -5 17 -17 -16 -11 -13 -7 -6
right_child=2 -3 -4 8 21 7 -8 -9 -10 18 -12 19 -14 -15 15 16 -18 -19 -20 -21 -22 -23
leaf_value=-0.078200306982794218 -2.8926388247338955e-05 -0.081284025778441307 1.0708938629676972 0.16589372349254414 -0.093293464877752266 -0.05786090624231538 -0.011096723279063048 -0.051398706665609598 0.1231527757317827 -0.065839661418368806 -0.076866679559984108 0.049269889783497792 0.14878448119698187 0.079822538716163446 -0.013094163220593672 -0.1015669746832845 0.12637283082569503 0.083747112922297529 -0.025599773519027744 -0.12524612856467404 -0.073345907816982261 0.022459667592554754
leaf_weight=82 47 528 7607 380 46 56 957 363 1168 49 53 45 835 1287 747 325 94 527 45 62 85 72
leaf_count=82 47 528 7607 380 46 56 957 363 1168 49 53 45 835 1287 747 325 94 527 45 62 85 72
internal_value=0.000981086 -0.0122636 0.00218688 0.000896166 -0.00697244 -0.00807609 -0.00122801 -0.00665125 0.00132648 -0.00536986 -0.00969095 0.000997098 0.00109167 0.000764487 0.000198749 -0.000354535 -0.00219575 0.00024355 -0.00781313 -0.0024375 -0.0116027 -0.000768293
internal_weight=15460 1285 14175 6568 757 639 1098 557 5470 141 194 4302 4195 3360 2073 1693 419 1274 94 107 141 118
internal_count=15460 1285 14175 6568 757 639 1098 557 5470 141 194 4302 4195 3360 2073 1693 419 1274 94 107 141 118
is_linear=0
shrinkage=0.035


Tree=47
num_leaves=23
num_cat=0
split_feature=9 9 22 9 22 22 21 10 9 20 8 24 21 9 26 20 15 22 10 14 20 21
split_gain=193.736 31.5876 22.4402 13.2355 4.51964 2.66769 2.49262 3.69103 4.61112 3.02789 2.16874 2.14419 2.22822 2.2549 2.23548 2.07073 2.01481 2.52548 1.67722 1.39197 1.37436 1.30394
threshold=0.40370370370370373 1.0014611999653302 34795.000000000007 7.0062292416279304 54348.000000000007 15527.500000000002 1.5000000000000002 0.78679579246944398 0.53708791208791218 9.5000000000000018 0.28829667943792742 9349.5000000000018 1.5000000000000002 1.7742956901714255 1.0000000180025095e-35 10.500000000000002 0.23303167420814483 54348.000000000007 0.51639340459204475 0.63068181818181823 21.500000000000004 3.5000000000000004
decision_type=2 2 2 2 2 2 2 2 2 2 2 2 2 2 2 2 2 2 2 2 2 2
left_child=2 4 5 11 6 10 9 8 19 -2 -1 12 14 -14 16 -9 17 -3 -10 -8 -15 -13
right_child=1 3 -4 -5 -6 -7 7 15 18 -11 -12 21 13 20 -16 -17 -18 -19 -20 -21 -22 -23
leaf_value=-0.039196250003764914 -0.096988379998580954 -0.020098595229247597 -0.078439084876195858 1.2298332659133928 0.027967699686180101 -0.084178315737500203 -0.00056252349005390424 0.011804955328062779 -0.084176855924983404 0.0077314695166297975 -0.070364690559431578 0.37013472556754246 -0.0016902882604243766 0.0693001646720178 0.11669708355979019 -0.052390037702063158 0.05793949466874334 -0.12876421029345811 -0.081839347713258681 -0.078452774489410779 0.1559978993528906 -0.0055873059471597064
leaf_weight=79 57 1058 496 6827 119 121 80 63 50 148 83 776 973 2478 337 142 167 45 168 87 904 136
leaf_count=79 57 1058 496 6827 119 121 80 63 50 148 83 776 973 2478 337 142 167 45 168 87 904 136
internal_value=0.000983928 0.00189364 -0.0159643 0.00231512 -0.00438357 -0.00780208 -0.0053375 -0.0065 -0.00852564 -0.00183333 -0.0107515 0.00122569 0.000977795 0.00138876 -0.00012593 -0.0025 -0.000809804 -0.00136462 -0.0118812 -0.00382558 0.00181562 0.00281298
internal_weight=15394 14615 779 13701 914 283 795 590 385 205 162 6874 5962 4355 1607 205 1270 1103 218 167 3382 912
internal_count=15394 14615 779 13701 914 283 795 590 385 205 162 6874 5962 4355 1607 205 1270 1103 218 167 3382 912
is_linear=0
shrinkage=0.035


Tree=48
num_leaves=23
num_cat=0
split_feature=9 9 22 9 12 8 22 24 21 15 14 7 3 21 9 25 15 25 25 7 12 25
split_gain=184.954 30.0388 23.7896 13.6823 4.27245 6.44057 3.71075 2.19537 1.82833 2.3554 3.7602 2.95151 2.14913 1.60332 1.83911 1.53421 2.10585 2.48448 2.86961 1.5099 1.37151 1.13461
threshold=0.40370370370370373 1.0014611999653302 34795.000000000007 7.0717367670185665 0.48865526070192983 0.21488931231694783 54348.000000000007 9349.5000000000018 1.5000000000000002 0.56385869565217395 0.63068181818181823 0.71524231097706259 4.8818523456395821 1.5000000000000002 1.7742956901714255 180.50000000000003 0.21980676328502416 600.00000000000011 499.50000000000006 0.41557595269009978 0.82361122168980294 200.00000000000003
decision_type=2 2 2 2 2 2 2 2 2 2 2 2 2 2 2 2 2 2 2 2 2 2
left_child=2 6 4 7 5 -1 8 13 12 11 -11 -10 -2 15 -15 -3 17 18 21 -6 -13 -17
right_child=1 3 -4 -5 19 -7 -8 -9 9 10 -12 20 -14 14 -16 16 -18 -19 -20 -21 -22 -23
leaf_value=-0.054616160176539023 0.00027085826145566377 0.1026526248411908 -0.075693716905529007 1.2203258052520161 -0.037955310240256772 -0.069086629888823692 0.015865684224232859 0.33541232089790673 -0.05874208559889689 0.0063998329396436644 -0.085415255023435194 -0.074606213560691359 -0.09897993718104714 -0.00073072098659567736 0.080923071154110765 -0.28467876854718471 0.060645681867520673 0.032347012150496936 -0.23944210898426041 0.011163272031281901 0.0010112046819920147 -0.02459241322789266
leaf_weight=67 157 343 488 6818 89 57 128 937 184 134 149 49 45 970 3419 45 205 506 47 63 62 497
leaf_count=67 157 343 488 6818 89 57 128 937 184 134 149 49 45 970 3419 45 205 506 47 63 62 497
internal_value=0.00102393 0.0019 -0.0157068 0.00230728 -0.00721174 -0.0119651 -0.0042437 0.0012115 -0.00514968 -0.00616552 -0.00367014 -0.0084 -0.00207971 0.000960659 0.00130951 1.69904e-05 -0.000522988 -0.00114545 -0.00268687 -0.00296497 -0.00343965 -0.00187477
internal_weight=15459 14695 764 13787 276 124 908 6969 780 578 283 295 202 6032 4389 1643 1300 1095 589 152 111 542
internal_count=15459 14695 764 13787 276 124 908 6969 780 578 283 295 202 6032 4389 1643 1300 1095 589 152 111 542
is_linear=0
shrinkage=0.035


Tree=49
num_leaves=23
num_cat=0
split_feature=8 22 8 7 21 8 20 7 20 22 13 15 20 8 25 22 8 11 12 20 12 10
split_gain=186.234 40.9377 19.6398 7.70015 5.76875 5.81892 4.14744 2.41321 2.27633 2.05118 2.02868 1.80712 1.33981 1.28937 1.6182 2.65853 1.82062 1.67307 2.59299 2.96854 1.42755 2.51464
threshold=0.50378643844840409 34795.000000000007 5.6616611418588318 0.85459183673469397 2.5000000000000004 0.21488931231694783 10.500000000000002 0.56969271725119408 23.500000000000004 24335.000000000004 0.84523809523809534 0.21240601503759401 13.500000000000002 1.4990115663467189 299.00000000000006 15527.500000000002 2.2143247575313469 2.4371213428059835 1.9422961801812175 11.500000000000002 1.7036763559484533 1.2724180205607036
decision_type=2 2 2 2 2 2 2 2 2 2 2 2 2 2 2 2 2 2 2 2 2 2
left_child=1 4 3 9 6 -6 -1 10 13 -2 12 -10 -7 -5 15 -15 -17 18 20 -20 21 -18
right_child=2 -3 -4 8 5 7 -8 -9 11 -11 -12 -13 -14 14 -16 16 17 -19 19 -21 -22 -23
leaf_value=-0.087986744524481506 -0.0415787100015024 -0.073044436813835489 0.9350983308099664 -0.0084523254017340593 0.014495141543913705 -0.08196814200340298 0.003912821042295983 -0.072303098902738616 0.12974751859873024 0.023412917473165984 -0.047275183262485719 -0.0073025984509034166 -0.067126835993293901 0.15784064212116325 0.061892679653619123 0.012549059415660882 0.043993539984188236 0.1184193712405253 -0.14421225865176074 -0.1462719544713984 0.069215022238548377 -0.114892829927257
leaf_weight=65 376 503 7633 708 53 51 179 56 1111 111 56 249 79 398 2527 624 127 108 107 69 136 167
leaf_count=65 376 503 7633 708 53 51 179 56 1111 111 56 249 79 398 2527 624 127 108 107 69 136 167
internal_value=0.00100452 -0.0132479 0.00203763 0.000668401 -0.00640809 -0.00968333 -0.00226305 -0.0119453 0.000997633 -0.00354268 -0.0139084 0.00226923 -0.016463 0.000644293 0.00087582 4.22172e-05 -0.00069583 -0.00190334 -0.0026293 -0.00616851 -0.00108621 -0.0024699
internal_weight=15493 1042 14451 6818 539 295 244 242 6331 487 186 1360 130 4971 4263 1736 1338 714 606 176 430 294
internal_count=15493 1042 14451 6818 539 295 244 242 6331 487 186 1360 130 4971 4263 1736 1338 714 606 176 430 294
is_linear=0
shrinkage=0.035


Tree=50
num_leaves=23
num_cat=0
split_feature=8 22 9 9 21 8 11 22 12 24 4 9 21 20 10 9 22 25 11 25 12 12
split_gain=178.791 39.2078 18.0765 6.88555 4.05351 5.07838 4.27244 2.63327 2.59066 2.20254 2.18624 4.31981 1.78718 2.08781 1.55621 1.50127 1.40384 1.382 1.30848 1.28879 1.28261 1.47842
threshold=0.5723960849627322 34795.000000000007 6.5365010320367469 1.0014611999653302 2.5000000000000004 0.21488931231694783 0.7416727592765725 54348.000000000007 3.848901275797354 9349.5000000000018 4.9547980748721674 0.50705008623763181 1.5000000000000002 12.500000000000002 2.6276913640612203 2.3214258814352391 44839.000000000007 200.00000000000003 1.0509022810878306 381.00000000000006 0.54899847081191699 0.61376547493725109
decision_type=2 2 2 2 2 2 2 2 2 2 2 2 2 2 2 2 2 2 2 2 2 2
left_child=1 4 3 7 10 -6 -7 18 9 12 11 -1 13 14 16 -14 -5 -15 -2 -19 -3 -22
right_child=2 20 -4 8 5 6 -8 -9 -10 -11 -12 -13 15 17 -16 -17 -18 19 -20 -21 21 -23
leaf_value=0.0098685238406306577 -0.03698282900131588 -0.070487881525351237 1.0063492568442545 -0.016833776541451125 0.02411603156142644 -0.070010584007904719 -0.044558923488382932 0.01560564293526473 -0.14015599432751241 0.28674245599709108 -0.080805422021725276 -0.081068711061844795 0.010963629271498142 0.14040033147934625 -0.20047676908678977 0.11787567544692308 -0.071911111747965772 -0.027031836132911564 -0.1365757765065585 0.049912688431940549 -0.035264519130362139 -0.09301097889992993
leaf_weight=154 365 407 7155 473 50 192 96 109 47 730 71 87 1956 245 50 2331 85 244 48 440 45 67
leaf_count=154 365 407 7155 473 50 192 96 109 47 730 71 87 1956 245 50 2331 85 244 48 440 45 67
internal_value=0.00100615 -0.0121218 0.00208608 0.000833754 -0.00627863 -0.00894898 -0.010715 -0.00300854 0.00114229 0.00120544 -0.00323502 -0.00147967 0.000972122 -4.08559e-05 -0.00163866 0.001339 -0.00103819 0.000989293 -0.00428708 0.000147315 -0.0192767 -0.0138504
internal_weight=15447 1169 14278 7123 650 338 288 522 6601 6554 312 241 5824 1537 608 4287 558 929 413 684 519 112
internal_count=15447 1169 14278 7123 650 338 288 522 6601 6554 312 241 5824 1537 608 4287 558 929 413 684 519 112
is_linear=0
shrinkage=0.035


Tree=51
num_leaves=23
num_cat=0
split_feature=9 9 12 21 15 22 22 15 14 9 7 12 22 12 15 21 27 9 12 21 24 25
split_gain=97.5211 14.8131 13.3514 6.65301 3.62823 4.17739 11.0198 2.68296 2.7913 2.57854 2.52225 2.39304 2.36507 2.23163 2.20926 1.71531 1.56519 1.51838 1.29915 1.29299 1.24457 1.02335
threshold=0.91360632121501695 7.0717367670185665 0.48865526070192983 2.5000000000000004 0.75500000000000012 34795.000000000007 54348.000000000007 0.53708791208791218 0.63068181818181823 2.1540914442700161 0.85459183673469397 0.65861480268624806 34795.000000000007 3.5327268122738742 1.0000000180025095e-35 1.5000000000000002 3.5000000000000004 0.17752100840336138 0.39002102778747993 2.5000000000000004 8120.5000000000009 171.00000000000003
decision_type=2 2 2 2 2 2 2 2 2 2 2 2 2 2 2 2 2 2 2 2 2 2
left_child=2 9 3 12 5 7 -7 10 -9 14 15 -10 -1 16 -2 -4 21 -14 -5 -13 -16 -11
right_child=1 -3 4 18 -6 6 -8 8 11 13 -12 19 17 -15 20 -17 -18 -19 -20 -21 -22 -23
leaf_value=-0.043150771044262119 -0.15339238700616836 1.1079953988532854 -0.067230269552755489 -0.068020805671963946 0.00096973903920053242 -0.078347600873045875 0.03412943070491703 0.0016558267019717121 0.00028739776788616448 0.046485510449319416 -0.062081764610576545 -0.078275786584938153 -0.033020805671963943 -0.13071912513173473 0.0004485916230926566 -0.051286493011932027 0.022249057323204757 -0.068020805671963946 -0.10279743870261854 -0.088927841025319365 0.11640737625374374 0.12772795904359874
leaf_weight=81 59 6758 84 69 115 87 57 205 86 497 96 49 69 100 1990 163 1355 95 161 132 150 2907
leaf_count=81 59 6758 84 69 115 87 57 205 86 497 96 49 69 100 1990 163 1355 95 161 132 150 2907
internal_value=0.00124789 0.00218316 -0.00706306 -0.0119583 -0.00483642 -0.00554046 -0.0110638 -0.00448171 -0.00266352 0.00105699 -0.0068592 -0.00499265 -0.00756 0.00150678 5.39929e-05 -0.00872222 0.00161923 -0.00996154 -0.0163085 -0.00722581 0.000252914 0.00202156
internal_weight=15365 13816 1549 475 1074 959 144 815 472 7058 343 267 245 4859 2199 247 4759 164 230 181 2140 3404
internal_count=15365 13816 1549 475 1074 959 144 815 472 7058 343 267 245 4859 2199 247 4759 164 230 181 2140 3404
is_linear=0
shrinkage=0.035


Tree=52
num_leaves=23
num_cat=0
split_feature=7 9 12 21 20 24 22 15 22 21 20 15 21 21 22 12 20 11 15 14 12 9
split_gain=97.5481 14.4706 13.6849 5.57706 4.34413 2.55928 2.51965 2.75729 8.74603 2.3999 2.16331 1.85387 2.24229 1.79963 2.21689 2.20162 1.89595 2.13542 1.75948 3.32219 2.83754 2.83445
threshold=0.85459183673469397 7.0717367670185665 0.48865526070192983 2.5000000000000004 12.500000000000002 9349.5000000000018 54348.000000000007 0.75500000000000012 34795.000000000007 1.5000000000000002 17.500000000000004 0.14907407407407411 2.5000000000000004 1.5000000000000002 54348.000000000007 2.5084880235492499 9.5000000000000018 1.3259870882635925 0.56385869565217395 0.63068181818181823 0.65861480268624806 0.91360632121501695
decision_type=2 2 2 2 2 2 2 2 2 2 2 2 2 2 2 2 2 2 2 2 2 2
left_child=2 5 3 4 -1 10 7 8 9 -4 13 -12 -13 14 15 -2 17 -15 21 -20 -21 -11
right_child=1 -3 6 -5 -6 -7 -8 -9 -10 18 11 12 -14 16 -16 -17 -18 -19 19 20 -22 -23
leaf_value=-0.065640077473445205 0.01429510442143362 1.0723471938948401 -0.014867248808121672 -0.065640077473445205 -0.031865077473445205 0.29371474389660412 0.013546245198416917 -5.2710796432813554e-05 -0.070218280990372001 -0.055301371759698556 0.092107773105942078 -0.017675273182495829 0.066225888906657815 -0.0037916143428671522 -0.11478600451813988 -0.17975579692973423 -0.0087207863737446007 0.11953287873897622 0.0030822202921398255 0.0011722960356517159 -0.091967386626399764 -0.0049002017649440758
leaf_weight=90 591 6800 178 234 141 934 95 106 86 168 1803 407 301 504 55 288 1275 941 115 59 154 60
leaf_count=90 591 6800 178 234 141 934 95 106 86 168 1803 407 301 504 55 288 1275 941 115 59 154 60
internal_value=0.0012781 0.00219102 -0.0072277 -0.0122128 -0.00791949 0.00108094 -0.00489181 -0.00544737 -0.0061303 -0.00478823 0.000816856 0.00160811 6.3815e-05 0.000266876 -0.00104739 -0.000578054 0.000725688 0.0015931 -0.00592068 -0.00406757 -0.00661468 -0.00836695
internal_weight=15385 13899 1486 465 231 7099 1021 926 820 734 6165 2511 708 3654 934 879 2720 1445 556 328 213 228
internal_count=15385 13899 1486 465 231 7099 1021 926 820 734 6165 2511 708 3654 934 879 2720 1445 556 328 213 228
is_linear=0
shrinkage=0.035


Tree=53
num_leaves=23
num_cat=0
split_feature=9 9 12 21 20 12 24 15 22 22 21 15 14 10 12 20 3 22 25 22 24 9
split_gain=97.0539 15.5358 14.2108 6.51053 5.3379 2.87587 3.27834 2.71077 2.87608 11.451 2.65147 3.09888 3.84953 3.84624 3.34536 2.31527 2.00016 1.76655 1.74295 1.92997 2.13735 2.77959
threshold=0.91360632121501695 7.0717367670185665 0.48865526070192983 2.5000000000000004 14.500000000000002 3.6201961418989588 9349.5000000000018 0.75500000000000012 54348.000000000007 34795.000000000007 1.5000000000000002 0.56385869565217395 0.63068181818181823 0.75592894601845606 0.63727486250636911 13.500000000000002 1.9999246801866812 34795.000000000007 729.50000000000011 3735.5000000000005 3345.5000000000005 2.3573097272802586
decision_type=2 2 2 2 2 2 2 2 2 2 2 2 2 2 2 2 2 2 2 2 2 2
left_child=2 5 3 4 -1 6 18 8 9 10 16 13 -13 -12 -14 -15 -4 -6 19 -2 21 -21
right_child=1 -3 7 -5 17 -7 -8 -9 -10 -11 11 12 14 15 -16 -17 -18 -19 -20 20 -22 -23
leaf_value=-0.064331449859666101 0.14409190691451798 1.0348150421085207 0.0065187874352722374 -0.063342674761874621 0.073833066591273366 -0.13445908572551238 0.32564152454812145 0.0004121520585277794 0.0221131253195078 -0.073169678381912989 -0.060734198035875216 0.006151104615006028 0.0040595952769459792 0.016389634946575034 -0.087163453702494162 -0.059865759291471678 -0.081168319141815895 -0.060946269556721715 0.095162246816836382 -0.0066966944428629091 0.016755158820644236 -0.13853625056717483
leaf_weight=114 505 6763 146 242 45 108 894 118 64 90 116 156 56 59 158 77 46 82 995 869 3638 114
leaf_count=114 505 6763 146 242 45 108 894 118 64 90 116 156 56 59 158 77 46 82 995 869 3638 114
internal_value=0.0011727 0.00210665 -0.00706226 -0.0120635 -0.00759756 0.00096142 0.00105199 -0.00477681 -0.00538489 -0.00589494 -0.00449145 -0.00559888 -0.00340667 -0.00862062 -0.00640868 -0.00419504 -0.000763959 -0.00233333 0.000757591 0.000491815 0.000261781 -0.00117611
internal_weight=15455 13886 1569 483 241 7123 7015 1086 968 904 814 622 370 252 214 136 192 127 6121 5126 4621 983
internal_count=15455 13886 1569 483 241 7123 7015 1086 968 904 814 622 370 252 214 136 192 127 6121 5126 4621 983
is_linear=0
shrinkage=0.035


Tree=54
num_leaves=23
num_cat=0
split_feature=7 12 9 12 21 15 22 22 15 9 12 12 9 20 21 20 21 27 20 15 21 25
split_gain=93.1898 17.9886 14.3753 5.07219 3.01609 2.78639 3.20717 7.36847 2.51427 2.54892 2.32827 2.81481 2.27038 1.79797 1.84574 2.04259 2.3072 2.21848 1.79531 1.78675 1.62987 1.59802
threshold=0.85459183673469397 0.48865526070192983 7.0062292416279304 0.39002102778747993 2.5000000000000004 0.75500000000000012 54348.000000000007 34795.000000000007 0.58114035087719318 0.98878360389629716 3.5327268122738742 1.5969815950728061 0.57332179065277356 18.500000000000004 1.5000000000000002 11.500000000000002 3.5000000000000004 3.5000000000000004 8.5000000000000018 1.0000000180025095e-35 1.5000000000000002 171.00000000000003
decision_type=2 2 2 2 2 2 2 2 2 2 2 2 2 2 2 2 2 2 2 2 2 2
left_child=1 3 10 -1 -5 6 7 8 9 12 11 -2 -3 14 18 -16 21 19 -13 -18 -14 -17
right_child=2 5 -4 4 -6 -7 -8 -9 -10 -11 -12 13 20 -15 15 16 17 -19 -20 -21 -22 -23
leaf_value=-0.061125681145209006 0.0058729882827016269 -0.04449297864592399 0.96447971944177247 -0.061091074016786311 -0.079336139023041041 0.00092321772865519471 0.020181453804726614 -0.066125373230460679 -0.026946396072565937 0.00017893078355229027 -0.1343014470432915 -0.11878841143622033 -0.016939576380790234 0.14742546187397249 0.1583571047066254 -0.11699892206310501 -0.16498446944248243 -0.14294417539427354 0.033497578042495618 0.073658204521401663 -0.061587276304703675 0.14919611695509455
leaf_weight=205 3282 147 6852 104 169 109 98 84 304 69 100 357 45 1347 968 56 45 77 333 112 173 367
leaf_count=205 3282 147 6852 104 169 109 98 84 304 69 100 357 45 1347 968 56 45 77 333 112 173 367
internal_value=0.00119438 -0.00705556 0.00209255 -0.0126594 -0.0158885 -0.00438685 -0.00501351 -0.00572612 -0.00450808 -0.00622665 0.000977657 0.0010572 -0.00737838 0.00172471 0.00111638 0.00176074 0.000222055 -0.00250418 -0.000377698 0 -0.00968386 0.00178271
internal_weight=15403 1507 13896 478 273 1029 920 822 738 434 7044 6944 365 3662 2315 1625 657 234 690 157 218 423
internal_count=15403 1507 13896 478 273 1029 920 822 738 434 7044 6944 365 3662 2315 1625 657 234 690 157 218 423
is_linear=0
shrinkage=0.035


Tree=55
num_leaves=23
num_cat=0
split_feature=9 12 9 21 20 24 15 23 23 9 10 20 11 21 23 14 9 21 21 10 12 11
split_gain=81.5692 16.3076 14.8084 5.039 5.19224 3.24475 2.25853 3.0376 7.51165 3.15837 4.16804 2.23987 1.95533 1.93993 2.76517 1.78959 1.68293 1.8959 3.24445 1.8066 1.64493 1.49204
threshold=0.91360632121501695 0.48865526070192983 7.0717367670185665 2.5000000000000004 14.500000000000002 9349.5000000000018 0.75500000000000012 40250.000000000007 62250.000000000007 0.60791925465838526 0.57735026918962573 18.500000000000004 3.7508240673969655 1.5000000000000002 62250.000000000007 0.59166666666666679 1.7242762445887447 2.5000000000000004 1.5000000000000002 0.78679579246944031 1.6934358174211581 1.7312706399376656
decision_type=2 2 2 2 2 2 2 2 2 2 2 2 2 2 2 2 2 2 2 2 2 2
left_child=1 3 5 4 -1 11 7 9 -9 15 -11 12 13 14 -2 -3 17 18 -13 -18 21 -15
right_child=2 6 -4 -5 -6 -7 -8 8 -10 10 -12 16 -14 20 -16 -17 19 -19 -20 -21 -22 -23
leaf_value=-0.058952886426198794 -0.016968205459016613 -0.011433254435514746 0.96449498437008951 -0.058986282305126682 -0.02647728148730704 0.29544160827292948 0.00089090510815225798 -0.066505434845775785 0.0198739989910704 -0.063534631426659882 -0.048551988802807838 0.07320680958807102 -0.32602388398529802 0.0072781094260285064 -0.10395884552381794 -0.054466213798426692 -0.026433514253104817 0.036273868351577962 -0.047656387191626182 0.096317661780590022 0.10584763044220738 -0.074662776354675234
leaf_weight=114 905 289 6807 219 125 944 113 87 63 69 191 121 47 1581 62 267 145 230 147 1697 1017 188
leaf_count=114 905 289 6807 219 125 944 113 87 63 69 191 121 47 1581 62 267 145 230 147 1697 1017 188
internal_value=0.00123894 -0.00639624 0.002087 -0.0119212 -0.00797541 0.000962266 -0.00399077 -0.0045381 -0.00914516 -0.00361937 -0.00680189 0.000663548 0.000133377 0.000230974 -0.00110905 -0.00205258 0.00151493 -0.000257455 -0.00226923 0.00200298 0.000703511 4.73507e-05
internal_weight=15428 1537 13891 458 239 7084 1079 966 150 816 260 6140 3800 3753 967 556 2340 498 268 1842 2786 1769
internal_count=15428 1537 13891 458 239 7084 1079 966 150 816 260 6140 3800 3753 967 556 2340 498 268 1842 2786 1769
is_linear=0
shrinkage=0.035


Tree=56
num_leaves=23
num_cat=0
split_feature=9 12 9 21 20 20 12 24 15 22 15 9 22 9 21 21 20 21 22 20 11 21
split_gain=78.7701 16.1512 15.1907 5.83708 5.62514 2.6648 2.61162 2.28511 2.06289 3.63917 3.1049 2.78497 1.99947 1.93438 1.77505 1.77005 1.68882 1.43557 2.48391 1.43229 2.14328 1.85019
threshold=0.8377192982456142 0.48865526070192983 7.0717367670185665 2.5000000000000004 13.500000000000002 20.500000000000004 3.5327268122738742 9349.5000000000018 0.75500000000000012 34795.000000000007 0.53708791208791218 0.40370370370370373 34795.000000000007 2.5000195216228165 1.5000000000000002 2.5000000000000004 12.500000000000002 1.5000000000000002 54348.000000000007 8.5000000000000018 1.3259870882635925 2.5000000000000004
decision_type=2 2 2 2 2 2 2 2 2 2 2 2 2 2 2 2 2 2 2 2 2 2
left_child=1 3 5 4 -1 6 7 17 9 10 14 -11 -6 15 -3 -7 -16 18 -2 20 21 -19
right_child=2 8 -4 -5 12 13 -8 -9 -10 11 -12 -13 -14 -15 16 -17 -18 19 -20 -21 -22 -23
leaf_value=-0.057656545339566462 -0.01568312831072682 -0.034943037763918716 0.93196560480835733 -0.057304834372622737 0.079011766763151123 -0.0049367965542102561 -0.17793330150355235 0.23672378631545044 0.00033423243719104661 -0.060557624129673755 -0.023620109352013943 -0.018577882352006584 -0.058690719309846651 0.16955367023148452 -0.02752802517707444 0.088210341453400495 -0.055909817874080545 0.078844156313690378 -0.094039854992673505 -0.00020822547228447838 0.10550558896519041 -0.02813060042192848
leaf_weight=103 977 95 6794 230 46 615 90 601 110 83 469 45 95 1187 90 428 137 158 67 1899 830 268
leaf_count=103 977 95 6794 230 46 615 90 601 110 83 469 45 95 1187 90 428 137 158 67 1899 830 268
internal_value=0.00116243 -0.00643369 0.00198624 -0.0117714 -0.00760442 0.000852281 0.000389683 0.000506244 -0.00391296 -0.00445455 -0.00349121 -0.00992105 -0.00273288 0.0018557 -0.00613303 0.000728054 -0.00781465 0.000211465 -0.000904194 0.000587025 0.00150159 -0.000479118
internal_weight=15417 1503 13914 474 244 7120 4890 4800 1029 919 791 128 141 2230 322 1043 227 4199 1044 3155 1256 426
internal_count=15417 1503 13914 474 244 7120 4890 4800 1029 919 791 128 141 2230 322 1043 227 4199 1044 3155 1256 426
is_linear=0
shrinkage=0.035


Tree=57
num_leaves=23
num_cat=0
split_feature=9 12 9 21 20 24 20 22 22 15 15 21 22 10 10 15 21 21 12 25 22 25
split_gain=74.3935 15.7637 14.0284 5.21216 4.25861 2.62534 2.22169 2.07215 3.45492 7.79032 3.86423 2.18805 1.85975 2.52562 1.38635 1.32814 1.2754 2.30766 1.24334 1.21805 1.945 1.43096
threshold=0.98878360389629716 0.48865526070192983 7.2158385093167707 2.5000000000000004 14.500000000000002 9349.5000000000018 24.500000000000004 54348.000000000007 34795.000000000007 0.75500000000000012 0.53708791208791218 1.5000000000000002 54348.000000000007 1.154700538379253 0.78679579246944398 0.19615384615384621 2.5000000000000004 1.5000000000000002 3.5327268122738742 381.00000000000006 5643.5000000000009 166.00000000000003
decision_type=2 2 2 2 2 2 2 2 2 2 2 2 2 2 2 2 2 2 2 2 2 2
left_child=1 3 5 4 -1 6 12 8 10 -10 11 -3 18 -14 -13 -8 17 -17 19 20 -2 -22
right_child=2 7 -4 -5 -6 -7 15 -9 9 -11 -12 14 13 -15 -16 16 -18 -19 -20 -21 21 -23
leaf_value=-0.054871556314397003 0.11980405319206552 -0.018930148483298593 0.92915845779881756 -0.054916093221405449 -0.023496401459406655 0.26405619635269484 0.11939636513810957 0.022536256954000931 -0.06565691180422209 -0.00072461600628237032 -0.021747267117937168 -0.055981517744445951 0.0029223842495383462 -0.071901239403524692 -0.032324765101839098 0.06474169398353076 0.077934062979572089 -0.071477598426390926 -0.30799503984776544 0.063445776199223092 0.46081905226669184 -0.0081981612243790958
leaf_weight=108 400 105 6702 231 127 998 901 96 83 80 482 174 189 141 91 74 89 54 78 1960 190 2100
leaf_count=108 400 105 6702 231 127 998 901 96 83 80 482 174 189 141 91 74 89 54 78 1960 190 2100
internal_value=0.00121995 -0.00596903 0.00204009 -0.011362 -0.00729167 0.000959953 0.000685731 -0.00365054 -0.00411765 -0.00879167 -0.00315694 -0.00583333 0.000368458 -0.00214179 -0.00751852 0.00209751 -0.000283784 -0.00255263 0.00054944 0.00062782 0.000136364 -0.000251634
internal_weight=15453 1577 13876 466 235 7174 6176 1111 1015 163 852 370 5058 330 265 1118 217 128 4728 4650 2690 2290
internal_count=15453 1577 13876 466 235 7174 6176 1111 1015 163 852 370 5058 330 265 1118 217 128 4728 4650 2690 2290
is_linear=0
shrinkage=0.035


Tree=58
num_leaves=23
num_cat=0
split_feature=9 12 9 6 24 11 12 22 20 5 15 12 15 22 9 15 21 9 25 22 12 20
split_gain=71.806 17.7018 15.1001 5.17122 3.34883 4.90098 3.10445 2.47627 2.46658 2.19929 2.92831 2.17135 1.91846 4.84455 3.17911 1.89046 1.758 1.64221 1.76172 1.56757 2.60704 1.76121
threshold=0.8377192982456142 0.48865526070192983 8.5037084278155728 4.8281303029948344 4472.0000000000009 3.410164810264694 0.39002102778747993 54348.000000000007 12.500000000000002 3.9816512481064232 0.23303167420814483 3.5001385572150507 0.75500000000000012 34795.000000000007 0.40370370370370373 0.53708791208791218 2.5000000000000004 1.0014611999653302 381.00000000000006 5643.5000000000009 1.3495616193990727 23.500000000000004
decision_type=2 2 2 2 2 2 2 2 2 2 2 2 2 2 2 2 2 2 2 2 2 2
left_child=1 3 4 6 5 16 -1 -6 -5 -9 -11 -7 13 15 -15 -3 17 -2 19 -19 -21 -22
right_child=2 12 -4 8 7 11 -8 9 -10 10 -12 -13 -14 14 -16 -17 -18 18 -20 20 21 -23
leaf_value=-0.05299402995865625 -0.068426505835200047 -0.035254514977612846 1.6502200311770034 -0.05272768944840401 0.1509627542731925 -0.03617793654248732 -0.055727034704007902 0.0052217424010714475 -0.021471876083944675 -0.11896209442269055 0.013885123990990195 -0.2363660813999002 0.0017818967781955241 -0.063358919891074325 -0.021633335847866624 -0.022604465324371218 0.051285752558489738 0.076149554814701786 0.053466765625102483 0.011666402717562131 -0.074492279983633947 0.038214184828451472
leaf_weight=119 61 311 5531 55 3396 57 194 363 99 45 51 77 110 79 45 483 2092 244 959 466 398 121
leaf_count=119 61 311 5531 55 3396 57 194 363 99 45 51 77 110 79 45 483 2092 244 959 466 398 121
internal_value=0.00120555 -0.00606667 0.00199308 -0.0117013 0.00104769 0.000390625 -0.0143302 0.0018044 -0.00596541 -0.000573276 -0.00516337 -0.00606835 -0.00344579 -0.00397021 -0.0103372 -0.00289549 0.000600782 -7.14284e-05 8.45875e-05 -0.00078282 -0.00141414 -0.0031126
internal_weight=15356 1495 13861 467 8330 4475 313 3855 154 459 96 134 1028 918 124 794 4341 2249 2188 1229 985 519
internal_count=15356 1495 13861 467 8330 4475 313 3855 154 459 96 134 1028 918 124 794 4341 2249 2188 1229 985 519
is_linear=0
shrinkage=0.035


Tree=59
num_leaves=23
num_cat=0
split_feature=9 12 9 6 20 6 20 12 22 15 9 15 22 12 9 15 21 21 22 21 8 20
split_gain=70.9249 17.4639 15.7625 4.52368 3.96453 3.01937 2.57213 2.44801 2.25056 3.17456 3.15123 2.43061 1.92621 1.78772 3.67292 1.69765 2.1203 1.33017 1.23584 2.00454 1.16006 1.12364
threshold=0.8377192982456142 0.48865526070192983 8.5037084278155728 4.8281303029948344 12.500000000000002 5.0238095238095246 19.500000000000004 0.3327194577054346 34795.000000000007 0.75500000000000012 0.46547619047619054 0.53708791208791218 34795.000000000007 3.5001385572150507 7.6087574831176941 0.11324786324786326 2.5000000000000004 3.5000000000000004 54348.000000000007 1.5000000000000002 1.4990115663467189 13.500000000000002
decision_type=2 2 2 2 2 2 2 2 2 2 2 2 2 2 2 2 2 2 2 2 2 2
left_child=1 3 5 7 -5 6 13 -1 11 10 -10 -3 -6 18 -15 17 -17 -8 20 -20 21 -2
right_child=2 8 -4 4 12 -7 15 -9 9 -11 -12 -13 -14 14 -16 16 -18 -19 19 -21 -22 -23
leaf_value=-0.030139236511016319 -0.024435809105165407 -0.037525763322746049 1.5781853577188614 -0.057499641741498228 0.068508950597791621 0.25225779258605052 0.132441316124812 -0.051426655692191472 -0.059342015326096134 -0.00067744612392077453 -0.014704263232272259 -0.016824698317546901 -0.053647814183547138 -0.21374643332747104 0.22715936757374672 -0.019420833930724895 0.084117788877845642 0.0097142358651665546 -0.096660474079792599 -0.0010300125315978112 0.030931078626798399 0.033418441031104196
leaf_weight=47 260 318 5538 60 49 1430 1277 272 84 78 47 485 57 114 100 495 349 247 65 234 3667 94
leaf_count=47 260 318 5538 60 49 1430 1277 272 84 78 47 485 57 114 100 495 349 247 65 234 3667 94
internal_value=0.00116849 -0.00605393 0.00195117 -0.0115 -0.00632456 0.000985307 0.000677501 -0.014 -0.00338299 -0.00664019 -0.00988235 -0.00247772 -0.00186036 0.000184292 -0.00289269 0.00161209 0.000325677 0.00230968 0.000343931 -0.00179605 0.000509439 -0.00137465
internal_weight=15367 1497 13870 485 166 8332 6902 319 1012 209 131 803 106 4534 214 2368 844 1524 4320 299 4021 354
internal_count=15367 1497 13870 485 166 8332 6902 319 1012 209 131 803 106 4534 214 2368 844 1524 4320 299 4021 354
is_linear=0
shrinkage=0.035


Tree=60
num_leaves=23
num_cat=0
split_feature=7 9 12 9 12 14 24 11 20 12 23 8 23 4 20 25 12 15 21 8 9 11
split_gain=74.9435 18.1731 14.3326 5.59862 4.56035 2.50646 2.4687 2.79127 2.11474 2.08143 2.03089 1.98421 1.93844 2.75836 1.50973 1.49387 2.10742 1.39748 1.71365 1.66107 1.20269 1.21219
threshold=0.56969271725119408 8.5037084278155728 0.48865526070192983 1.0014611999653302 0.39002102778747993 0.83974358974358987 9349.5000000000018 4.588182557579823 24.500000000000004 0.65861480268624806 40250.000000000007 0.07417582417582419 62250.000000000007 4.9547980748721674 12.500000000000002 166.00000000000003 3.5001385572150507 0.19139194139194141 2.5000000000000004 1.3580155746509133 0.40370370370370373 0.57800199381172557
decision_type=2 2 2 2 2 2 2 2 2 2 2 2 2 2 2 2 2 2 2 2 2 2
left_child=2 3 4 -2 11 9 7 8 12 20 -6 -1 15 -14 -13 -5 -17 -10 19 -19 21 -4
right_child=1 -3 5 6 10 -7 -8 -9 17 -11 -12 14 13 -15 -16 16 -18 18 -20 -21 -22 -23
leaf_value=-0.053232315374073573 -0.032564464320060403 1.557948870198701 -0.046682578895432668 0.33997838613863068 -0.037507486822530377 0.0026296768204879875 0.23750649404355631 -0.36198649738310151 0.11949383896450788 -0.065720332857050062 -0.0707385115650596 -0.034348275478821542 -0.0022903969035265987 -0.084453385541077605 -0.021019893754280785 0.023413178341267875 -0.16246367952546042 0.044205693625895291 0.10520494404864736 -0.073271364992709601 0.0076197320778927068 0.0011058918217601067
leaf_weight=83 673 5579 85 370 83 80 1518 47 987 274 175 49 252 54 80 4626 90 58 87 57 72 58
leaf_count=83 673 5579 85 370 83 80 1518 47 987 274 175 49 252 54 80 4626 90 58 87 57 72 58
internal_value=0.00115413 0.00181112 -0.00789847 0.000818676 -0.0124158 -0.00406098 0.00107392 0.00077725 0.000842849 -0.00500202 -0.0156635 -0.0081129 0.000542802 -0.00212701 -0.00485821 0.0007088 0.000534527 0.0021809 -0.000388889 -0.00320833 -0.00222727 -0.00406757
internal_weight=15437 14398 1039 8819 470 569 8146 6628 6581 489 258 212 5392 306 129 5086 4716 1189 202 115 215 143
internal_count=15437 14398 1039 8819 470 569 8146 6628 6581 489 258 212 5392 306 129 5086 4716 1189 202 115 215 143
is_linear=0
shrinkage=0.035


Tree=61
num_leaves=23
num_cat=0
split_feature=7 9 12 21 20 9 12 20 21 9 25 14 23 21 20 15 25 11 20 20 9 15
split_gain=66.7131 18.7372 13.1398 4.27734 6.706 3.27761 3.23434 2.43928 2.28755 2.37588 2.0513 1.9135 1.54351 1.50928 1.82589 2.65678 2.21729 1.6947 1.34639 1.31789 1.55192 2.25918
threshold=0.56969271725119408 8.0222733457361439 0.48865526070192983 2.5000000000000004 12.500000000000002 0.98878360389629716 4.2481710965894761 24.500000000000004 1.5000000000000002 3.2913543045748739 180.50000000000003 0.83974358974358987 63800.000000000007 3.5000000000000004 9.5000000000000018 1.0000000180025095e-35 299.00000000000006 4.1407250917630138 13.500000000000002 4.5000000000000009 4.0299239409697059 0.20416666666666669
decision_type=2 2 2 2 2 2 2 2 2 2 2 2 2 2 2 2 2 2 2 2 2 2
left_child=2 5 3 4 -1 -2 7 8 10 -10 -7 -4 -3 17 -15 16 -16 -11 -14 -12 21 -21
right_child=1 12 11 -5 -6 6 -8 -9 9 13 19 -13 18 14 15 -17 -18 -19 -20 20 -22 -23
leaf_value=-0.048092926954359877 -0.022718242534990028 1.3634206597417464 -0.045048688634092525 -0.04887180591163285 -0.018181707210872641 0.11115666559741685 -0.17350491380687086 0.10240284202482644 0.0093109389265897385 0.27147982808225246 -0.32786129582517176 0.00236025080705639 -0.31596109751830231 0.33360008154501242 -0.012053743672852597 0.15113934074558133 -0.18058294048874682 -0.23916241305017732 0.24401820012514719 -0.027869768194284047 0.13472253433111162 0.046065391061540679
leaf_weight=87 595 5747 485 228 144 284 93 1431 3044 1126 257 79 58 221 133 136 87 46 72 598 303 160
leaf_count=87 595 5747 485 228 144 284 93 1431 3044 1126 257 79 58 221 133 136 87 46 72 598 303 160
internal_value=0.00111431 0.00173006 -0.00749708 -0.0118879 -0.0080678 0.000677486 0.000867491 0.000947963 0.000650781 0.00103439 -0.000485687 -0.00381986 0.00325009 0.00206328 0.000553265 -0.000959834 -0.00334444 0.00278632 -0.000388889 -0.00107672 -0.000505628 -0.00136239
internal_weight=15414 14391 1023 459 231 8514 7919 7826 6395 4793 1602 564 5877 1749 577 356 220 1172 130 1318 1061 758
internal_count=15414 14391 1023 459 231 8514 7919 7826 6395 4793 1602 564 5877 1749 577 356 220 1172 130 1318 1061 758
is_linear=0
shrinkage=0.035


Tree=62
num_leaves=23
num_cat=0
split_feature=8 9 12 12 8 12 12 21 20 21 20 21 15 9 27 20 12 25 20 20 22 23
split_gain=62.2259 17.0769 16.967 4.24868 3.16394 3.15252 2.55979 2.50648 1.89967 2.89602 2.50656 2.42074 1.96342 2.69784 1.82065 1.77503 2.09202 2.28464 1.63788 1.58966 1.58257 1.56176
threshold=0.64512287944562419 8.5037084278155728 0.48865526070192983 0.37440003165503594 0.07417582417582419 1.6372401481311953 0.65861480268624806 1.5000000000000002 20.500000000000004 1.5000000000000002 10.500000000000002 3.5000000000000004 1.0000000180025095e-35 7.0717367670185665 3.5000000000000004 9.5000000000000018 0.82361122168980294 277.00000000000006 8.5000000000000018 8.5000000000000018 34795.000000000007 37400.000000000007
decision_type=2 2 2 2 2 2 2 2 2 2 2 2 2 2 2 2 2 2 2 2 2 2
left_child=2 5 3 4 -1 -2 19 -8 9 18 -11 21 13 -13 -14 -9 17 -17 -7 -4 -5 -12
right_child=1 -3 6 20 -6 8 7 15 -10 10 11 12 14 -15 -16 16 -18 -19 -20 -21 -22 -23
leaf_value=-0.047512539051587366 0.00094508830594471256 1.4207009366507852 -0.044712057511255315 -0.03410788183278355 -0.0074344772072489481 -0.11179123604130624 0.00012506278615460241 -0.026879633105951387 0.15625143811552586 0.17012450066335383 -0.031645833509838649 -0.15190988245693104 0.096701700470723795 0.016011083393272479 -0.15759442947085131 -0.071860070302789764 -0.060615692426649034 -0.06678298927170373 0.022539169263584874 0.0024578473113672631 -0.048527178788170103 0.26071467647460644
leaf_weight=79 3659 5589 118 89 64 438 99 106 1526 1209 281 111 176 97 55 57 86 102 516 241 218 491
leaf_count=79 3659 5589 118 89 64 438 99 106 1526 1209 281 111 176 97 55 57 86 102 516 241 218 491
internal_value=0.00113593 0.00180107 -0.00630221 -0.0117308 -0.00619595 0.000814923 -0.00320762 -0.00496154 0.00139501 0.000920835 0.00156598 0.00042023 -0.00162387 -0.00405869 0.000533898 -0.00633146 -0.00798 -0.010372 -0.00069708 -0.000923077 -0.0141122 0.00160811
internal_weight=15407 14148 1259 450 143 8559 809 450 4900 3374 2420 1211 439 208 231 351 245 159 954 359 307 772
internal_count=15407 14148 1259 450 143 8559 809 450 4900 3374 2420 1211 439 208 231 351 245 159 954 359 307 772
is_linear=0
shrinkage=0.035


Tree=63
num_leaves=23
num_cat=0
split_feature=8 12 9 12 12 9 23 20 23 6 12 23 12 0 23 20 12 12 4 25 12 23
split_gain=66.4801 18.247 16.4483 5.10922 2.73289 2.73171 2.6701 2.52101 2.36762 1.61703 1.8445 2.82313 1.47593 2.37824 1.44703 1.34118 1.31623 1.28803 1.21691 1.69125 1.63594 1.16048
threshold=0.64512287944562419 0.48865526070192983 8.3076717470484791 0.39002102778747993 0.65861480268624806 2.0989685889068528 40250.000000000007 21.500000000000004 40250.000000000007 5.0238095238095246 3.5001385572150507 27800.000000000004 2.508496812003508 13.956344933018238 63800.000000000007 8.5000000000000018 0.54899847081191699 1.5018342907828595 4.9547980748721674 294.00000000000006 1.1126972805283744 35850.000000000007
decision_type=2 2 2 2 2 2 2 2 2 2 2 2 2 2 2 2 2 2 2 2 2 2
left_child=1 3 5 -1 15 17 -5 9 -6 10 -7 -12 13 -4 -14 16 -3 18 21 -20 -21 -2
right_child=2 4 12 6 8 7 -8 -9 -10 -11 11 -13 14 -15 -16 -17 -18 -19 19 20 -22 -23
leaf_value=-0.044711223253371325 -0.011055779974054193 -0.060543003637124226 -0.54454238003185329 -0.033352147280537085 -0.046887757283398786 0.032179626595122073 -0.047889200579211665 0.12254664931583877 -0.061814101597814787 0.19117100091261643 -0.2912972821804527 -0.027812929817827705 1.4378459468455542 1.2342988700306274 -0.11241665407379577 0.0021581102164135143 -0.01589954997471462 0.040767708347997506 0.013169812534868037 -0.0053231054059189606 -0.058849253416942096 0.0076294156508889422
leaf_weight=197 1184 49 50 92 382 3262 176 1721 54 927 52 157 5502 88 78 261 72 351 64 48 63 551
leaf_count=197 1184 49 50 92 382 3262 176 1721 54 927 52 157 5502 88 78 261 72 351 64 48 63 551
internal_value=0.00113649 -0.00647283 0.00183227 -0.0119894 -0.00326185 0.000841085 -0.0152179 0.00122534 -0.00515079 0.00077345 0.000418872 -0.00271495 0.00327984 -0.000171329 0.0033684 -0.00102196 -0.004 -0.000191527 -0.000557441 -0.00330556 -0.00585345 -0.000261494
internal_weight=15381 1283 14098 465 818 8380 268 6119 436 4398 3471 209 5718 138 5580 382 121 2261 1910 175 111 1735
internal_count=15381 1283 14098 465 818 8380 268 6119 436 4398 3471 209 5718 138 5580 382 121 2261 1910 175 111 1735
is_linear=0
shrinkage=0.035


Tree=64
num_leaves=23
num_cat=0
split_feature=7 4 12 9 22 12 15 22 8 9 11 20 12 9 7 10 7 12 11 6 9 12
split_gain=66.4264 18.8042 13.584 3.70287 3.47069 3.30836 2.49976 2.43862 2.38869 2.3692 2.33736 2.20268 2.06432 1.97709 1.84693 1.53648 1.50114 1.50036 1.46379 1.26247 1.24767 1.01253
threshold=0.56969271725119408 5.172349027628159 0.48865526070192983 1.3584084897651272 34795.000000000007 0.37440003165503594 0.75500000000000012 34795.000000000007 13.000357142857146 8.5037084278155728 1.2168647221735138 19.500000000000004 4.9374754353777428 0.57332179065277356 0.28764931278260691 0.53452248382485024 1.999989240026669 1.1703456390619276 0.95824039993656596 5.0238095238095246 10.000255712332782 0.41835467765518408
decision_type=2 2 2 2 2 2 2 2 2 2 2 2 2 2 2 2 2 2 2 2 2 2
left_child=2 3 4 10 21 -6 7 13 11 -3 18 12 19 15 -15 -4 -13 -12 -2 -5 -14 -1
right_child=1 9 6 8 5 -7 -8 -9 -10 -11 17 16 20 14 -16 -17 -18 -19 -20 -21 -22 -23
leaf_value=-0.035025740115119344 -0.016023546152185226 0.17063683448073241 0.00022180619068078272 0.0039876352709688955 -0.042537830035203297 -0.045272192675266297 0.0015765840097522338 -0.045864105792573349 1.8540942161947462 1.5106274780546147 -0.062883028641869981 0.0018647186319733597 -0.38965692903859284 -0.026998056223955711 -0.028526535036628709 -0.084868073818808815 0.09345487124526651 -0.025958254645700181 0.017383375858495056 0.20486827719690401 0.082105880919298366 -0.03256179722660691
leaf_weight=67 656 1759 203 3707 101 227 92 85 465 4778 53 567 57 45 58 78 1432 114 356 415 47 70
leaf_count=67 656 1759 203 3707 101 227 92 85 465 4778 53 567 57 45 58 78 1432 114 356 415 47 70
internal_value=0.00108081 0.00169548 -0.00749903 0.000539624 -0.0119149 -0.0139474 -0.00373498 -0.00477004 0.00085997 0.0030827 -0.00125929 0.000674157 0.000215907 -0.00342802 -0.00751852 -0.00176224 0.00163124 -0.00504651 -0.000595378 0.000345166 -0.00452752 -0.00660563
internal_weight=15432 14406 1026 7869 465 328 561 469 6690 6537 1179 6225 4226 384 103 281 1999 167 1012 4122 104 137
internal_count=15432 14406 1026 7869 465 328 561 469 6690 6537 1179 6225 4226 384 103 281 1999 167 1012 4122 104 137
is_linear=0
shrinkage=0.035


Tree=65
num_leaves=23
num_cat=0
split_feature=9 9 12 9 12 15 22 8 22 6 20 22 12 22 10 12 7 21 15 15 22 21
split_gain=60.0709 19.5252 10.1526 4.85344 4.57773 3.65016 6.38356 3.06034 2.59913 2.18711 2.01934 1.66461 1.66445 2.1984 1.6429 1.18295 1.17451 1.13522 1.86841 1.62782 1.64977 1.4077
threshold=0.40370370370370373 8.5037084278155728 0.48865526070192983 1.0014611999653302 0.37440003165503594 0.75500000000000012 34795.000000000007 0.07417582417582419 34795.000000000007 5.0238095238095246 16.500000000000004 54348.000000000007 0.91765825436204529 17834.500000000004 1.8257418583505545 2.508496812003508 16.431122448979597 2.5000000000000004 0.14907407407407411 0.21980676328502416 31960.500000000004 3.5000000000000004
decision_type=2 2 2 2 2 2 2 2 2 2 2 2 2 2 2 2 2 2 2 2 2 2
left_child=2 3 4 11 7 6 -4 -1 -6 10 -5 12 -2 -14 17 16 -3 18 -12 20 -20 -19
right_child=1 15 5 9 8 -7 -8 -9 -10 -11 14 -13 13 -15 -16 -17 -18 21 19 -21 -22 -23
leaf_value=-0.044799519842680859 -0.013994173819371056 -0.43930720981412696 -0.023103027543462856 0.0023482166404967799 -0.030689271785923879 0.0022206537462722011 -0.046245583069501363 -0.0025600685169738127 -0.042360208691041783 0.2046037822021545 0.032577245622690799 0.022785373738840813 -0.011108142640644499 -0.10897187665490767 0.1890359154134594 1.3377798339965017 1.7368462418374568 0.11621522697676788 -0.082301040334943815 0.0048104607981871257 -0.00070614531887265878 -0.00032867474407375253
leaf_weight=75 672 52 126 3691 92 109 73 65 221 1464 732 124 52 52 968 5456 78 577 119 182 77 364
leaf_count=75 672 52 126 3691 92 109 73 65 221 1464 732 124 52 52 968 5456 78 577 119 182 77 364
internal_value=0.00117211 0.00167184 -0.0083799 0.000666538 -0.0117074 -0.00332109 -0.00610784 -0.00591379 -0.0141101 0.000936728 0.000664557 -0.00175967 -0.00237068 -0.00645413 0.00133565 0.00329968 0 0.000759241 0 -0.00198303 -0.00416169 0.00165011
internal_weight=15421 14660 761 9074 453 308 199 140 313 8174 6710 900 776 104 3019 5586 130 2051 1110 378 196 941
internal_count=15421 14660 761 9074 453 308 199 140 313 8174 6710 900 776 104 3019 5586 130 2051 1110 378 196 941
is_linear=0
shrinkage=0.035


Tree=66
num_leaves=23
num_cat=0
split_feature=9 9 12 9 12 8 22 9 27 20 22 21 20 12 11 21 20 12 11 24 11 12
split_gain=61.4882 20.3431 9.08337 5.3486 5.05043 3.76182 2.42378 6.31374 2.32848 2.6227 2.17067 2.11563 1.69712 1.66972 1.50824 1.54308 3.74396 4.81177 2.84323 2.10702 1.48694 1.99876
threshold=0.40370370370370373 8.3076717470484791 0.48865526070192983 1.4011821410901339 0.37440003165503594 0.07417582417582419 34795.000000000007 0.25004585548086528 3.5000000000000004 18.500000000000004 34795.000000000007 1.5000000000000002 9.5000000000000018 2.508496812003508 4.219590613906961 3.5000000000000004 11.500000000000002 1.8152061990235555 2.4078641832698486 1706.5000000000002 1.2168647221735138 1.1703456390619276
decision_type=2 2 2 2 2 2 2 2 2 2 2 2 2 2 2 2 2 2 2 2 2 2
left_child=2 3 4 20 5 -1 -4 -8 9 11 -6 -5 -13 -3 15 19 -17 -18 -19 -10 -2 -22
right_child=1 13 6 8 10 -7 7 -9 14 -11 -12 12 -14 -15 -16 16 17 18 -20 -21 21 -23
leaf_value=-0.040226082460818484 -0.0098323928230109551 -0.067090148635541191 -0.014842493201835892 -0.023058460980959278 -0.029665122529318383 0.019730743750263069 0.00068992593484447655 -0.043959207496403883 -0.038060090487589175 0.10152928294044238 -0.043145944511118486 0.11517611265871187 0.014878718675549782 1.2209575398066239 -0.18274123389524138 0.06890523309835353 0.0042960263610908904 -0.20439201213511243 -0.11310951140734765 0.059725936305808421 -0.064248719450710978 -0.024393340622596654
leaf_weight=77 1264 138 150 825 90 64 73 88 350 1975 227 1192 1159 5599 59 201 150 56 65 1440 57 133
leaf_count=77 1264 138 150 825 90 64 73 88 350 1975 227 1192 1159 5599 59 201 150 56 65 1440 57 133
internal_value=0.00112843 0.00163642 -0.0084832 0.000588232 -0.0116188 -0.00560959 -0.00369937 -0.00662048 0.000967567 0.00138208 -0.0141087 0.000749293 0.0012865 0.00326228 3.91231e-05 0.000196074 -0.00156289 -0.00423551 -0.00927778 0.000672702 -0.00134578 -0.00421795
internal_weight=15432 14663 769 8926 458 141 311 161 7472 5151 317 3176 2351 5737 2321 2262 472 271 121 1790 1454 190
internal_count=15432 14663 769 8926 458 141 311 161 7472 5151 317 3176 2351 5737 2321 2262 472 271 121 1790 1454 190
is_linear=0
shrinkage=0.035


Tree=67
num_leaves=23
num_cat=0
split_feature=9 4 22 9 15 21 14 8 12 9 20 12 12 22 10 22 12 15 22 21 20 8
split_gain=63.0255 20.5248 9.1896 5.50508 3.50984 3.49616 2.95565 2.5465 3.23941 2.40503 2.29182 2.08824 1.7922 1.6851 3.36326 1.50855 1.55537 3.04747 1.40447 1.29036 1.40087 1.48899
threshold=0.40370370370370373 5.0127769206881263 34795.000000000007 1.0014611999653302 0.67261904761904778 2.5000000000000004 0.75961538461538469 11.072005956955199 4.9374754353777428 8.5037084278155728 26.500000000000004 0.48865526070192983 0.39002102778747993 54348.000000000007 1.154700538379253 54348.000000000007 0.57757224164425802 0.33974358974358981 43337.000000000007 1.5000000000000002 7.5000000000000009 0.72077922077922085
decision_type=2 2 2 2 2 2 2 2 2 2 2 2 2 2 2 2 2 2 2 2 2 2
left_child=2 3 4 15 -1 6 -4 8 10 -3 13 12 -7 18 -15 16 -2 -18 -5 -19 -21 -22
right_child=1 9 5 7 -6 11 -8 -9 -10 -11 -12 -13 -14 14 -16 -17 17 19 -20 20 21 -23
leaf_value=-0.054380287994141865 0.016285800249666992 0.15405037206339986 -0.040174926599675351 0.008069520789067022 -0.014323005896076806 -0.038655662707221455 -0.030996413162796287 1.3554232527532795 -0.44129411050304529 1.3788802278075636 0.0948112572876052 -0.041552676486934795 -0.070250926117739754 0.0061229882834868072 -0.0619808444379258 0.016387569912857752 -0.087368307531230288 0.010634000131338552 0.10483876616098085 -0.0047398614485553783 -0.047779133192527592 -0.0083275642609919945
leaf_weight=70 68 1781 72 4444 210 58 173 557 82 4782 738 80 97 187 137 123 46 125 1070 134 312 97
leaf_count=70 68 1781 72 4444 210 58 173 557 82 4782 738 80 97 187 137 123 46 125 1070 134 312 97
internal_value=0.00107574 0.00158653 -0.00871569 0.000407077 -0.0035 -0.0116546 -0.00826 0.000731995 0.000537371 0.00304172 0.000628096 -0.014875 -0.0175 0.000391152 -0.00203191 -0.00215385 -0.00272618 -0.00321766 0.000538413 -0.00253269 -0.00327007 -0.00427778
internal_weight=15443 14683 760 8120 280 480 245 7215 6658 6563 6576 235 155 5838 324 905 782 714 5514 668 543 409
internal_count=15443 14683 760 8120 280 480 245 7215 6658 6563 6576 235 155 5838 324 905 782 714 5514 668 543 409
is_linear=0
shrinkage=0.035


Tree=68
num_leaves=23
num_cat=0
split_feature=8 9 23 21 23 9 8 25 11 21 20 15 21 20 20 11 21 20 23 11 25 3
split_gain=52.2357 16.8867 12.4655 4.36583 2.51892 2.18756 2.00551 2.70937 2.4205 3.98954 1.65649 1.56824 1.51021 1.49904 1.48142 1.91623 1.4014 1.6676 1.56658 1.37939 1.66785 1.37654
threshold=0.64512287944562419 8.1076388888888911 40250.000000000007 3.5000000000000004 63800.000000000007 0.64334089962422325 4.0036998727253499 277.00000000000006 3.270893572137989 2.5000000000000004 14.500000000000002 0.81980519480519487 3.5000000000000004 4.5000000000000009 16.500000000000004 0.57800199381172557 2.5000000000000004 21.500000000000004 19200.000000000004 2.0623404729825334 729.50000000000011 1.0010887194926981
decision_type=2 2 2 2 2 2 2 2 2 2 2 2 2 2 2 2 2 2 2 2 2 2
left_child=2 6 5 14 -3 21 16 -8 12 -10 -6 -5 13 -9 -4 -16 19 18 -18 20 -2 -1
right_child=1 4 3 11 10 -7 7 8 9 -11 -12 -13 -14 -15 15 -17 17 -19 -20 -21 -22 -23
leaf_value=-0.013772828724925567 -0.0057886635015626849 1.1280788455148445 -0.037484213873095522 -0.069508824031332281 -0.3817371398089584 -0.040752915546713273 0.23439182209708206 -0.15477563843069189 -0.3268575754011262 0.075047678880696092 0.18992542147782629 -0.037233068702079493 -0.049498379965018373 0.30861370775387215 -0.040550961992531456 0.0025749641624552332 0.064144582578591847 0.088381825799396213 -0.0042890550381518237 -0.034066998871978005 0.10248850638269559 -0.058462733043993798
leaf_weight=581 2239 5640 207 55 53 79 1634 146 72 126 60 51 135 401 149 54 488 772 1536 395 353 91
leaf_count=581 2239 5640 207 55 53 79 1634 146 72 126 60 51 135 401 149 54 488 772 1536 395 353 91
internal_value=0.0010992 0.00171451 -0.00569025 -0.00986852 0.00317176 -0.00275 0.000700675 0.00152699 -1.97739e-05 -0.00339655 -0.00183898 -0.0163649 0.000952693 0.00178804 -0.00796988 -0.00541827 0.000337422 0.000900928 0.000360523 -0.000184826 0.000103774 -0.00203176
internal_weight=15317 14050 1267 516 5753 751 8297 2514 880 198 113 106 682 547 410 203 5783 2796 2024 2987 2592 672
internal_count=15317 14050 1267 516 5753 751 8297 2514 880 198 113 106 682 547 410 203 5783 2796 2024 2987 2592 672
is_linear=0
shrinkage=0.035


Tree=69
num_leaves=23
num_cat=0
split_feature=9 4 9 9 21 15 20 8 21 20 7 9 24 25 11 20 3 21 15 11 20 25
split_gain=45.2419 14.5966 8.36766 2.43937 2.35866 2.88252 2.80326 2.34657 2.28255 3.53851 3.73331 2.1604 1.98361 1.85423 1.75365 2.3966 1.46944 1.54368 1.28898 1.35448 1.7663 1.27938
threshold=0.98878360389629716 5.172349027628159 0.21433156976657955 8.5037084278155728 3.5000000000000004 0.63961038961038974 8.5000000000000018 13.000357142857146 1.5000000000000002 5.5000000000000009 5.8587960226890932 2.3214258814352391 9349.5000000000018 195.50000000000003 0.26726124191242456 14.500000000000002 4.8818523456395821 1.5000000000000002 0.23303167420814483 1.6967972416057495 19.500000000000004 600.00000000000011
decision_type=2 2 2 2 2 2 2 2 2 2 2 2 2 2 2 2 2 2 2 2 2 2
left_child=2 7 14 -3 16 -6 -7 8 9 10 -2 -10 -12 -11 -1 -16 17 -4 19 21 -21 -15
right_child=1 3 4 -5 5 6 -8 -9 11 13 12 -13 -14 18 15 -17 -18 -19 -20 20 -22 -23
leaf_value=-0.039774790274459966 -0.061112238566859156 0.15435985782584596 0.00095925279153751832 1.3004804583471075 -0.012992823512717076 -0.017494584042770992 -0.059305476763792053 1.5710691400168653 0.001475990556013308 0.11370675823514498 -1.0810533589794231 0.10081469320656068 -0.16998348411356018 -0.044563101121432865 -0.036172266387537184 -0.031372860033880262 -0.055729677253226043 -0.031149497638891147 0.047489197635478403 -0.023253444213642185 0.14739739047307446 0.0080899770361763674
leaf_weight=104 327 1780 269 4734 135 57 98 470 1922 320 73 2731 51 362 128 125 47 661 164 456 218 203
leaf_count=104 327 1780 269 4734 135 57 98 470 1922 320 73 2731 51 362 128 125 47 661 164 456 218 203
internal_value=0.00117196 0.00182296 -0.00434223 0.00302753 -0.00296619 -0.00575424 -0.00896875 0.000743906 0.000574795 -0.000354979 -0.00310088 0.00101288 -0.00816667 0.000360533 -0.00906906 -0.0070814 -0.00209572 -0.00174064 -0.000178977 -0.000579582 0.000458763 -0.00184211
internal_weight=15435 13811 1624 6514 1267 290 155 7297 6827 2174 451 4653 124 1723 357 253 977 930 1403 1239 674 565
internal_count=15435 13811 1624 6514 1267 290 155 7297 6827 2174 451 4653 124 1723 357 253 977 930 1403 1239 674 565
is_linear=0
shrinkage=0.035


Tree=70
num_leaves=23
num_cat=0
split_feature=14 2 12 9 12 20 10 6 10 6 20 20 12 3 9 22 9 9 10 12 12 5
split_gain=36.2303 16.1607 6.80993 2.26048 2.25877 2.21802 1.93703 1.93331 1.81572 1.75156 1.19435 1.33121 2.45368 1.15998 1.31307 1.18277 2.08961 1.82715 1.08965 1.06859 1.04698 0.93404
threshold=0.44949494949494956 6.7180001034964461 0.48865526070192983 9.3912408410482708 0.3327194577054346 18.500000000000004 0.78679579246944031 0.61417931483778299 0.42831300971392222 6.006203158824877 16.500000000000004 9.5000000000000018 3.5896557816992414 1.6117723313051522 0.57332179065277356 34795.000000000007 0.25004585548086528 0.50705008623763181 0.78679579246944398 1.5436282060590758 0.74446813513595367 0.93388466792390412
decision_type=2 2 2 2 2 2 2 2 2 2 2 2 2 2 2 2 2 2 2 2 2 2
left_child=1 5 4 10 -2 9 21 -6 -9 -1 11 -3 -13 15 -15 17 -17 20 -19 -8 -4 -7
right_child=2 3 13 -5 7 6 19 8 -10 -11 -12 12 -14 14 -16 16 -18 18 -20 -21 -22 -23
leaf_value=-0.0031571297696208582 -0.0347699463157582 0.24729658289324011 0.01535242630785319 1.6085847750110001 -0.03898230603996268 0.053828188389603251 0.015018194886373879 -0.034024886622358232 -0.0032759184251289577 0.26753693755083457 0.32034216384085862 0.11718608700985157 -0.15760660400954521 -0.058567260512265851 -0.002551803838122878 0.0044742074142532541 -0.038171340678463457 -0.040371989184143801 0.002214745032993752 0.099536066633454337 -0.043191968423854817 -0.024712808523809367
leaf_weight=4225 79 544 262 4739 206 58 952 101 64 409 747 371 117 74 52 58 118 218 101 1649 49 229
leaf_count=4225 79 544 262 4739 206 58 952 101 64 409 747 371 117 74 52 58 118 218 101 1649 49 229
internal_value=0.00119722 0.00173069 -0.00419647 0.00300636 -0.00773077 0.000621695 0.00138282 -0.00888032 -0.00555882 0.000142596 0.00191087 0.00110366 -0.000191683 -0.00243917 -0.00558397 -0.00189457 -0.00442818 -0.00112992 -0.00298148 0.00168688 0.000731013 -0.00129452
internal_weight=15422 14040 1382 6518 450 7522 2888 371 165 4634 1779 1032 488 932 126 806 176 630 319 2601 311 287
internal_count=15422 14040 1382 6518 450 7522 2888 371 165 4634 1779 1032 488 932 126 806 176 630 319 2601 311 287
is_linear=0
shrinkage=0.035


Tree=71
num_leaves=23
num_cat=0
split_feature=8 3 22 9 4 24 3 6 20 8 9 8 24 11 20 11 15 15 8 22 22 25
split_gain=35.2781 17.3359 5.78151 2.56265 2.03075 1.63931 1.44268 1.68507 1.42577 1.42501 1.28697 1.59567 2.70414 1.51412 1.20038 1.19914 1.13166 1.6431 1.50041 1.03382 1.34478 1.05534
threshold=0.64512287944562419 6.3600900549478547 34795.000000000007 8.5037084278155728 5.172349027628159 3792.0000000000005 1.0010887194926981 4.8281303029948344 26.500000000000004 0.21488931231694783 16.000142857142858 7.2857236034599504 5252.0000000000009 2.4078641832698486 8.5000000000000018 3.5375495293723485 0.67261904761904778 0.81980519480519487 0.07417582417582419 3735.5000000000005 4464.0000000000009 210.50000000000003
decision_type=2 2 2 2 2 2 2 2 2 2 2 2 2 2 2 2 2 2 2 2 2 2
left_child=2 4 6 5 8 15 7 9 10 -1 11 19 -13 -14 -11 -3 -4 -18 -19 -2 -21 -22
right_child=1 3 16 -5 -6 -7 -8 -9 -10 14 -12 12 13 -15 -16 -17 17 18 -20 20 21 -23
leaf_value=0.026224619246665117 0.097505206839804848 0.037817962480699227 -0.014092723245929212 1.1986631751795738 0.14398722144493309 0.22465347883500084 -0.056242674845352891 0.012709968932994408 0.061185648886826267 -0.0047665827737502983 1.5858984742978819 -0.34161054990273398 -0.55679950647700971 0.12090317935232045 -0.031589193694536596 -0.15315459413294738 -0.038092295975731806 -0.033552998194706661 -0.030312931794306733 -0.067566395208779578 -0.010961306497285829 0.0094372957325913193
leaf_weight=54 375 210 54 4911 1246 1084 98 147 709 125 186 93 57 175 334 56 248 79 133 80 1533 3404
leaf_count=54 375 210 54 4911 1246 1084 98 147 709 125 186 93 57 175 334 56 248 79 133 80 1533 3404
internal_value=0.00114712 0.00165137 -0.00442091 0.00302522 0.000553288 0.00164022 -0.00241743 -0.00176316 0.000305199 -0.00271622 0.000123223 2.56904e-05 -0.00233333 -0.000191983 -0.00336422 -0.000761992 -0.00728998 -0.00786559 -0.00520968 0.000173152 3.62407e-05 0.000114731
internal_weight=15391 14119 1272 6261 7858 1350 758 660 6612 513 5903 5717 325 232 459 266 514 460 212 5392 5017 4937
internal_count=15391 14119 1272 6261 7858 1350 758 660 6612 513 5903 5717 325 232 459 266 514 460 212 5392 5017 4937
is_linear=0
shrinkage=0.035


Tree=72
num_leaves=23
num_cat=0
split_feature=11 8 12 8 12 24 12 11 8 12 12 14 0 20 12 21 8 15 11 20 20 20
split_gain=33.0711 16.4299 5.55672 3.34257 2.7657 2.62386 5.56719 2.5567 1.59123 1.4018 1.39563 3.58686 1.32935 2.06101 1.27641 1.22759 1.46666 1.73528 1.24281 1.52422 1.15622 1.0071
threshold=2.4078641832698486 0.64512287944562419 0.48865526070192983 10.278196490342159 0.65861480268624806 4019.0000000000005 3.5896557816992414 2.4037866427327548 4.2892358030168598 1.5436282060590758 0.3327194577054346 0.86607142857142871 13.956344933018238 1.5000000000000002 2.5373173121949115 1.5000000000000002 0.28829667943792742 0.71130952380952395 0.7416727592765725 17.500000000000004 5.5000000000000009 16.500000000000004
decision_type=2 2 2 2 2 2 2 2 2 2 2 2 2 2 2 2 2 2 2 2 2 2
left_child=1 2 10 5 20 6 -2 8 14 -10 -1 -12 13 -9 -3 -6 -17 18 -18 -20 -4 -7
right_child=3 7 4 -5 15 21 -8 12 9 -11 11 -13 -14 -15 -16 16 17 -19 19 -21 -22 -23
leaf_value=-0.032378643257891929 0.07590841834246552 0.0040346786029209127 -0.032872819057044839 1.7660390184818426 -0.0079039633800133072 0.14243771172074704 -0.26818919575258549 -0.22149614418529473 -0.33926389610922009 0.2911677275115544 -0.030969498940819035 -0.062442006726060727 0.76855868711761521 -0.81020491816247009 -0.10045564502126521 0.0038543221109937536 -0.073979202454367565 -0.061634509549198135 0.0067940015419357984 -0.062129740909171755 0.0062913640917245288 0.3506718360748744
leaf_weight=78 425 5471 70 4502 100 1381 83 135 60 713 327 48 52 87 65 48 86 46 93 75 302 1165
leaf_count=78 425 5471 70 4502 100 1381 83 135 60 713 327 48 52 87 65 48 86 46 93 75 302 1165
internal_value=0.00113443 -0.000453695 -0.00408607 0.00278713 -0.00231212 0.00187529 -0.000388889 0.000248634 0.000395787 0.00188046 -0.00719869 -0.00810526 -0.0030233 -0.00420925 0.000183812 -0.00414901 -0.00512606 -0.00602459 -0.00460811 -0.00256936 -2.78513e-05 0.00233379
internal_weight=15412 7856 1273 7556 820 3054 508 6583 6309 773 453 375 274 222 5536 448 348 300 254 168 372 2546
internal_count=15412 7856 1273 7556 820 3054 508 6583 6309 773 453 375 274 222 5536 448 348 300 254 168 372 2546
is_linear=0
shrinkage=0.035


Tree=73
num_leaves=23
num_cat=0
split_feature=9 9 12 4 6 7 3 3 12 6 11 15 12 20 12 12 12 9 10 25 12 14
split_gain=32.8884 16.2303 6.02598 2.54741 2.5106 2.25692 2.06058 2.06024 1.82103 1.53788 1.83417 2.09936 2.86656 1.51159 1.46967 1.24174 1.2094 2.93897 2.7769 1.52794 2.28306 1.48033
threshold=1.0014611999653302 9.0121317021009091 0.48865526070192983 5.172349027628159 1.9961375386208424 0.15043001975395084 4.8818523456395821 5.154761904761906 4.3608446639554428 4.8281303029948344 0.61124984550212702 0.71130952380952395 0.65861480268624806 26.500000000000004 0.39002102778747993 0.44474623624030163 0.82361122168980294 0.50705008623763181 0.78679579246944031 195.50000000000003 0.89574281815241474 0.5634920634920636
decision_type=2 2 2 2 2 2 2 2 2 2 2 2 2 2 2 2 2 2 2 2 2 2
left_child=2 3 4 8 14 -6 9 -3 13 10 -4 16 -13 -2 -1 -16 17 -12 -19 20 -18 -20
right_child=1 7 6 -5 5 -7 -8 -9 -10 -11 11 12 -14 -15 15 -17 19 18 21 -21 -22 -23
leaf_value=-0.031245390743865713 0.0051650090343584283 0.33922792179283628 0.003719420837108967 0.14925486623334144 -0.030471021771713947 0.0046380732053284577 -0.062513867485763708 1.3236222748882962 -0.16269836045498876 0.01120585736833883 0.011538474601291624 -0.001416062966461865 -0.060223333478086692 0.082640168313450613 -0.05996319658214655 -0.028092512674310306 0.0050726173132402564 -0.045012140291636971 0.021160120586387027 0.041819204098576666 -0.079412971805187124 -0.0524874690011903
leaf_weight=123 5688 444 213 2025 96 63 73 4852 87 202 126 46 58 723 94 105 74 87 58 153 67 56
leaf_count=123 5688 444 213 2025 96 63 73 4852 87 202 126 46 58 723 94 105 74 87 58 153 67 56
internal_value=0.00110923 0.00167455 -0.00348352 0.00072561 -0.00679835 -0.00290244 -0.00213218 0.00319628 0.000383746 -0.00172707 -0.00232715 -0.00316438 -0.00773853 0.000456048 -0.0085948 -0.0105686 -0.0023147 -0.0037741 -0.00635437 -0.00059699 -0.00321233 -0.00238235
internal_weight=15513 13819 1694 8523 481 159 1213 5296 6498 1140 938 725 104 6411 322 199 621 327 201 294 141 114
internal_count=15513 13819 1694 8523 481 159 1213 5296 6498 1140 938 725 104 6411 322 199 621 327 201 294 141 114
is_linear=0
shrinkage=0.035


Tree=74
num_leaves=23
num_cat=0
split_feature=8 12 3 21 12 20 7 21 7 22 8 21 22 20 21 21 20 12 24 12 10 25
split_gain=31.5161 15.7977 4.67864 4.33873 3.49565 2.82223 2.48989 3.59288 3.17424 2.97428 2.05008 1.65286 1.6942 1.6246 1.55488 1.52629 1.73053 1.42266 1.39433 1.59677 1.33384 1.46373
threshold=4.0036998727253499 0.48865526070192983 5.0127769206881263 2.5000000000000004 0.82361122168980294 5.5000000000000009 15.717747209918626 1.5000000000000002 5.8587960226890932 43337.000000000007 9.5023139330506066 2.5000000000000004 15527.500000000002 26.500000000000004 3.5000000000000004 3.5000000000000004 10.500000000000002 1.2351152361812059 3555.0000000000005 2.7961896728706059 0.3779644730092277 277.00000000000006
decision_type=2 2 2 2 2 2 2 2 2 2 2 2 2 2 2 2 2 2 2 2 2 2
left_child=1 3 5 -1 15 6 7 8 -2 -10 18 -6 -13 17 -7 20 -17 -14 19 -4 -3 -22
right_child=2 4 10 -5 11 14 -8 -9 9 -11 -12 12 13 -15 -16 16 -18 -19 -20 -21 21 -23
leaf_value=-0.027657359652277898 -0.042378920653269425 0.0062504890781602662 0.21840019748868852 -0.030151802067830413 -0.0089462550567249791 0.26832832020172581 1.4189532937132008 0.50676917935985899 -0.73334994002851606 -0.37785678937252476 1.4167610666538384 0.068252659286734838 -0.015077650745174205 0.20750776571514398 -0.032112789623416856 -0.012291786212018428 -0.042268572544381239 0.014517024802460921 0.24824425341785814 -0.079798057526514754 0.0085490929936288106 -0.031680725203737686
leaf_weight=259 160 98 119 227 2950 883 130 117 91 64 4611 706 529 185 223 82 80 1367 1747 155 228 385
leaf_count=259 160 98 119 227 2950 883 130 117 91 64 4611 706 529 185 223 82 80 1367 1747 155 228 385
internal_value=0.00107516 -0.000635333 0.00253913 -0.00669348 -0.00018254 0.000864017 -0.00112963 -0.00242677 -0.004375 -0.007875 0.00295683 0.000129223 0.00074212 0.000228188 0.00189334 -0.00224032 -0.00530239 -7.18042e-05 0.00199704 -0.000263441 -0.00148603 -0.0021068
internal_weight=15396 7096 8300 486 6610 1668 562 432 315 155 6632 5737 2787 2081 1106 873 162 1896 2021 274 711 613
internal_count=15396 7096 8300 486 6610 1668 562 432 315 155 6632 5737 2787 2081 1106 873 162 1896 2021 274 711 613
is_linear=0
shrinkage=0.035


Tree=75
num_leaves=23
num_cat=0
split_feature=11 9 9 12 21 14 22 20 20 21 20 21 24 11 9 11 21 15 25 15 11 11
split_gain=27.9626 14.9952 4.41008 2.63898 3.03481 2.48063 2.89128 2.0241 1.91199 2.20886 2.46051 2.83194 2.19681 2.0084 1.8986 1.8903 1.81625 1.8071 1.57156 1.50791 1.33905 1.82352
threshold=2.4078641832698486 0.40370370370370373 10.000255712332782 0.48865526070192983 2.5000000000000004 0.78174603174603186 34795.000000000007 13.500000000000002 17.500000000000004 1.5000000000000002 9.5000000000000018 3.5000000000000004 3555.0000000000005 3.5375495293723485 1.3584084897651272 1.1914557955765863 1.5000000000000002 0.29814814814814822 180.50000000000003 0.22474747474747478 0.95824039993656596 0.61124984550212702
decision_type=2 2 2 2 2 2 2 2 2 2 2 2 2 2 2 2 2 2 2 2 2 2
left_child=1 3 8 4 7 6 -5 -1 9 12 -11 -12 -2 -13 15 20 18 -17 -16 -20 21 -3
right_child=2 14 -4 5 -6 -7 -8 -9 -10 10 11 13 -14 -15 16 17 -18 -19 19 -21 -22 -23
leaf_value=-0.029840462670443633 -0.14973442882772534 0.01245215579452242 1.6289851853362443 -0.015459414030964772 -0.02909648899545635 0.0027287031883615562 -0.034534106420203062 -0.00025443083375250664 0.28435279096129523 0.32210989017230535 0.14130657934745011 -0.026002260048118991 -0.011812196997589442 -0.23104574795194255 0.090487450166761282 -0.10285019584439987 0.036700543592510099 -0.019804570713422835 -0.038158542582749207 0.053303524886525032 0.015155776430244081 -0.015634509088405413
leaf_weight=100 65 143 4611 103 221 137 71 122 1185 719 444 152 350 93 310 55 4019 125 1235 118 374 740
leaf_count=100 65 143 4611 103 221 137 71 122 1185 719 444 152 350 93 310 55 4019 125 1235 118 374 740
internal_value=0.00115342 -0.000307438 0.00266448 -0.00498485 -0.00673437 -0.00237025 -0.00510335 -0.00359251 0.00160654 0.000876915 0.00154317 2.0173e-05 -0.00133333 -0.00294 0.000188658 -0.000941747 0.000478196 -0.00425676 -0.00048681 -0.00101031 -0.000438193 -0.00119032
internal_weight=15492 7873 7619 754 443 311 174 222 3008 1823 1408 689 415 245 7119 1437 5682 180 1663 1353 1257 883
internal_count=15492 7873 7619 754 443 311 174 222 3008 1823 1408 689 415 245 7119 1437 5682 180 1663 1353 1257 883
is_linear=0
shrinkage=0.035


Tree=76
num_leaves=23
num_cat=0
split_feature=3 9 9 12 21 20 14 22 24 20 7 9 25 9 21 12 15 25 25 9 12 9
split_gain=27.5828 14.3375 4.16281 2.16602 2.42146 2.43366 2.1319 2.50545 1.96825 1.3256 1.26234 3.62494 5.64448 1.23927 1.39887 1.73988 2.90666 1.40895 2.19947 1.31841 2.30093 1.21987
threshold=5.9112165349214569 0.40370370370370373 9.4949794085136343 0.48865526070192983 2.5000000000000004 13.500000000000002 0.78174603174603186 34795.000000000007 9795.0000000000018 17.500000000000004 16.431122448979597 8.214889277389279 248.50000000000003 3.3578323788309925 2.5000000000000004 1.8152061990235555 0.069047619047619066 381.00000000000006 180.50000000000003 2.1540914442700161 1.5742217779053329 1.0014611999653302
decision_type=2 2 2 2 2 2 2 2 2 2 2 2 2 2 2 2 2 2 2 2 2 2
left_child=1 3 -2 4 5 -1 7 -5 9 10 11 21 -13 14 17 -16 -17 18 -11 -20 -21 -3
right_child=2 8 -4 6 -6 -7 -8 -9 -10 13 -12 12 -14 -15 15 16 -18 -19 19 20 -22 -23
leaf_value=-0.029692409721689256 0.13854337675197956 -0.021310925000385759 1.3619718989374168 -0.015402808117741473 -0.028078111880615375 9.180159935890769e-05 0.0029548127831938529 -0.033325412506060186 0.17154462757307834 0.039274091966678942 1.4405426812637736 -0.020744316524108256 -0.56394667854002456 0.17268958097168724 0.041892643853713739 -0.13590446606342765 0.11467601911966202 0.011991268520167337 -0.020771236040074761 -0.10562605989203344 -0.0019904675608439504 0.00019058220407259095
leaf_weight=101 2321 548 4581 106 223 124 150 71 832 206 130 98 48 479 885 71 90 593 394 49 78 3273
leaf_count=101 2321 548 4581 106 223 124 150 71 832 206 130 98 48 479 885 71 90 593 394 49 78 3273
internal_value=0.0011404 -0.000186579 0.00278551 -0.00471154 -0.00631236 -0.0035 -0.00240361 -0.00496154 0.000265008 6.90227e-05 -0.000331058 -0.000447633 -0.00577152 0.000650877 0.000311472 0.00126879 -0.00198193 -0.000435849 -0.00147268 -0.00268821 -0.0057803 -0.000232357
internal_weight=15451 8549 6902 775 448 225 327 177 7774 6942 4097 3967 146 2845 2366 1046 161 1320 727 521 127 3821
internal_count=15451 8549 6902 775 448 225 327 177 7774 6942 4097 3967 146 2845 2366 1046 161 1320 727 521 127 3821
is_linear=0
shrinkage=0.035


Tree=77
num_leaves=23
num_cat=0
split_feature=3 8 12 9 21 20 11 15 15 21 12 9 20 7 27 12 25 11 11 25 12 14
split_gain=28.9299 13.9565 4.31186 4.16551 3.58752 2.14693 2.12125 2.51875 2.0975 1.77289 2.44474 2.02852 3.12189 4.29095 1.54435 1.47807 1.41734 1.84349 1.83441 1.62958 1.46613 1.38705
threshold=5.9112165349214569 0.64512287944562419 0.48865526070192983 9.4949794085136343 2.5000000000000004 13.500000000000002 0.83396456879722469 0.67261904761904778 0.73993558776167478 1.5000000000000002 1.2127422846509299 16.000142857142858 4.5000000000000009 5.4340659340659352 3.5000000000000004 0.39002102778747993 200.00000000000003 1.7743595036946866 1.1914557955765863 600.00000000000011 1.7874104243232651 0.83974358974358987
decision_type=2 2 2 2 2 2 2 2 2 2 2 2 2 2 2 2 2 2 2 2 2 2
left_child=1 2 4 -2 5 -1 21 -8 -6 11 -11 12 13 -3 -12 -10 -14 18 -18 20 -20 -4
right_child=3 9 6 -5 8 -7 7 -9 15 10 14 -13 16 -15 -16 -17 17 -19 19 -21 -22 -23
leaf_value=-0.028155195792790078 0.1338594283089051 -0.043221051485883531 -0.022454130933395728 1.3676824855459981 -0.019708102562565829 0.00053454291952331095 -0.010757617514212062 -0.054758388298900465 -0.027095377964793835 -0.0066766116645479556 0.067054116175819897 1.352683658815879 0.048920469874290176 -0.79512786100865607 0.00027877704406497564 -0.056216874444011161 0.0082616991626956165 0.042077872717617072 -0.049612128531354389 -0.0060220620879572169 -0.06008091948094018 0.0059224201953765356
leaf_weight=106 2322 267 582 4594 84 124 94 46 61 1087 2736 174 424 118 1112 82 209 555 308 187 47 88
leaf_count=106 2322 267 582 4594 84 124 94 46 61 1087 2736 174 424 118 1112 82 209 555 308 187 47 88
internal_value=0.00112231 -0.000244703 -0.00362657 0.00280212 -0.00634848 -0.00305319 -0.00203988 -0.00591379 -0.00947414 0.000348112 0.000722672 -0.000451613 -0.000759434 -0.00358974 0.0011382 -0.0121081 -0.000110951 -0.000691457 -0.00182407 -0.00289854 -0.00427778 -0.00116667
internal_weight=15407 8491 1267 6916 457 230 810 140 227 7224 4935 2289 2115 385 3848 143 1730 1306 751 542 355 670
internal_count=15407 8491 1267 6916 457 230 810 140 227 7224 4935 2289 2115 385 3848 143 1730 1306 751 542 355 670
is_linear=0
shrinkage=0.035


Tree=78
num_leaves=23
num_cat=0
split_feature=8 9 9 24 8 21 22 15 20 12 12 21 22 25 12 11 22 20 20 9 20 12
split_gain=28.4543 12.1594 4.76663 2.943 5.74604 2.57263 4.15195 2.66315 2.48856 2.0725 2.02763 3.20733 1.72535 2.12012 3.61395 3.30264 1.95963 1.77155 1.91068 1.63913 1.57211 2.17808
threshold=4.0036998727253499 0.40370370370370373 10.000255712332782 4326.0000000000009 7.2857236034599504 3.5000000000000004 34795.000000000007 0.81980519480519487 9.5000000000000018 2.7469763507812828 0.48865526070192983 2.5000000000000004 3735.5000000000005 299.00000000000006 1.8743605611587952 2.4371213428059835 13885.000000000002 10.500000000000002 19.500000000000004 5.8061224489795924 16.500000000000004 4.1039126347782684
decision_type=2 2 2 2 2 2 2 2 2 2 2 2 2 2 2 2 2 2 2 2 2 2
left_child=1 5 3 4 19 8 -7 -8 -1 12 11 -10 -3 14 -14 17 -15 -16 -19 -2 21 -5
right_child=2 9 -4 20 -6 6 7 -9 10 -11 -12 -13 13 16 15 -17 -18 18 -20 -21 -22 -23
leaf_value=-0.038502026735513388 0.15836425972646892 0.10482307579331983 1.4274950035030662 0.19631734805588461 -0.25428024502486279 -0.011875192476585352 -0.054549291610995178 -0.025216052187157226 -0.0088468272995899429 -0.056069077716207956 0.0053219012525825872 -0.042737247061500908 -0.0073502512741660826 -0.013949955260930283 -0.096061982395618112 0.10441300965603402 0.02419041382319044 -0.16022453224981054 -0.03583929417748271 -0.055608589868639452 0.27712828335832851 -0.054727014115841292
leaf_weight=144 268 396 4738 1460 116 86 58 56 166 65 172 90 2120 821 57 49 2671 54 46 261 1355 192
leaf_count=144 268 396 4738 1460 116 86 58 56 166 65 172 90 2120 821 57 49 2671 54 46 261 1355 192
internal_value=0.00111395 -0.000522817 0.00249107 0.00152844 -0.000592308 -0.00465315 -0.00810976 -0.0123824 -0.00335442 -8.91139e-06 -0.0019157 -0.00387548 5.57165e-05 -9.4367e-05 -0.000914414 -0.00529147 0.000447384 -0.00773457 -0.0105 0.00094382 0.00198938 0.00123989
internal_weight=15441 7051 8390 3652 645 772 200 114 572 6279 428 256 6214 5818 2326 206 3492 157 100 529 3007 1652
internal_count=15441 7051 8390 3652 645 772 200 114 572 6279 428 256 6214 5818 2326 206 3492 157 100 529 3007 1652
is_linear=0
shrinkage=0.035


Tree=79
num_leaves=23
num_cat=0
split_feature=4 9 9 0 21 12 11 21 20 20 11 20 15 21 20 7 25 20 12 21 21 9
split_gain=27.5277 13.2063 3.90177 3.09625 2.96843 2.428 3.8215 3.16085 2.39594 2.29176 2.44265 2.21343 2.5031 2.13448 2.79305 4.91628 2.15787 2.00639 2.48751 1.71076 2.43068 2.60023
threshold=5.172349027628159 0.40370370370370373 9.4949794085136343 12.035714285714286 3.5000000000000004 0.48865526070192983 0.83396456879722469 2.5000000000000004 13.500000000000002 9.5000000000000018 3.5628929216482779 19.500000000000004 0.14907407407407411 1.5000000000000002 4.5000000000000009 5.4340659340659352 195.50000000000003 8.5000000000000018 0.86363871516889401 2.5000000000000004 1.5000000000000002 2.0359184871715175
decision_type=2 2 2 2 2 2 2 2 2 2 2 2 2 2 2 2 2 2 2 2 2 2
left_child=1 5 4 11 -2 7 -7 8 -1 -6 -11 13 -13 14 15 -3 -16 -15 -19 20 21 -14
right_child=2 3 -4 -5 9 6 -8 -9 -10 10 -12 12 19 17 16 -17 -18 18 -20 -21 -22 -23
leaf_value=-0.02753197727754661 0.18711659860943353 -0.061654452258032823 1.321470471381154 0.68026905390005121 0.24688523517558786 -0.0063181656831596718 -0.049689233044924258 -0.025173703390639197 0.00093343027908118867 -0.015769929367840854 -0.23778981193012874 0.065988111519568238 0.035314215792906355 0.03358972264700482 0.038190036540574054 -0.80575303625864625 -0.029288675344215552 -0.042103077429979235 -0.0027471772643596279 0.018722515044947541 -0.048577731766407187 -0.049302697373236525
leaf_weight=98 1674 288 4319 484 154 274 46 224 126 278 102 1590 217 1550 263 100 995 185 1795 356 238 71
leaf_count=98 1674 288 4319 484 154 274 46 224 126 278 102 1590 217 1550 263 100 995 185 1795 356 238 71
internal_value=0.00107776 -0.000186693 0.00280343 0.000226681 0.00158631 -0.00455951 -0.0021 -0.0062351 -0.00307205 -0.000655844 -0.00213636 5.16792e-05 0.000914211 -0.000357363 -0.00139703 -0.00398092 -0.000573634 0.000123763 -0.000608312 -0.000564261 -0.00183898 0.000274744
internal_weight=15427 8900 6527 8132 2208 768 320 448 224 534 380 7648 2472 5176 1646 388 1258 3530 1980 882 526 288
internal_count=15427 8900 6527 8132 2208 768 320 448 224 534 380 7648 2472 5176 1646 388 1258 3530 1980 882 526 288
is_linear=0
shrinkage=0.035


Tree=80
num_leaves=23
num_cat=0
split_feature=1 12 21 9 9 20 11 21 22 10 12 10 21 27 21 20 22 21 25 12 11 27
split_gain=26.9499 11.5973 4.19781 3.85887 2.03213 1.94737 2.05308 1.90581 1.63739 1.91857 1.60757 1.58392 1.24602 1.22176 1.17653 3.09384 2.52992 2.43537 2.2851 2.16188 2.35014 1.98059
threshold=5.172349027628159 0.48865526070192983 2.5000000000000004 10.000255712332782 1.0014611999653302 15.500000000000002 4.5434411125112151 1.5000000000000002 54348.000000000007 1.154700538379253 1.2957609874351619 0.48795003647426521 1.5000000000000002 2.5000000000000004 3.5000000000000004 10.500000000000002 17236.500000000004 2.5000000000000004 200.00000000000003 1.7036763559484533 1.2168647221735138 3.5000000000000004
decision_type=2 2 2 2 2 2 2 2 2 2 2 2 2 2 2 2 2 2 2 2 2 2
left_child=1 2 -1 5 -3 6 12 10 13 -10 -6 -4 -2 -9 17 -16 -17 18 19 20 -15 -18
right_child=3 4 11 -5 7 -7 -8 8 9 -11 -12 -13 -14 14 15 16 21 -19 -20 -21 -22 -23
leaf_value=-0.022679140333926803 -0.049691313501114491 -0.015217740697589206 -0.024292623771966823 1.4005677444829183 0.042205725510490108 0.21397467834178513 -0.15501877589676352 0.13591632504467607 0.0027322885913358048 -0.038323452875049915 -0.024219447184396978 -0.051758986785937974 0.14186268965462656 -0.003926325097559199 0.073882949210361801 0.017267205051015894 -0.045952051117383617 0.073580168288999284 0.035992216247602689 0.026835588575811236 -0.13553433590177563 -0.13723442626542098
leaf_weight=243 222 1206 148 4589 298 1271 103 450 184 115 1532 88 1085 116 427 261 295 1399 960 133 140 167
leaf_count=243 222 1206 148 4589 298 1271 103 450 184 115 1532 88 1085 116 427 261 295 1399 960 133 140 167
internal_value=0.00109442 -0.000284131 -0.00553926 0.00264364 4.46151e-05 0.00157148 0.000655477 0.000292657 0.000671109 -0.00179605 -0.000658038 -0.0088444 0.00104573 0.000846658 0.00063938 -0.000287879 -0.00169231 0.0010336 -1.55095e-05 -0.00227411 -0.00414368 -0.00324518
internal_weight=15432 8162 479 7270 7683 2681 1410 6477 4647 299 1830 236 1307 4348 3898 1150 723 2748 1349 389 256 462
internal_count=15432 8162 479 7270 7683 2681 1410 6477 4647 299 1830 236 1307 4348 3898 1150 723 2748 1349 389 256 462
is_linear=0
shrinkage=0.035


Tree=81
num_leaves=23
num_cat=0
split_feature=11 15 8 11 12 21 11 20 11 8 12 22 27 12 22 12 12 15 12 11 20 10
split_gain=25.2617 9.5856 3.95758 3.68837 3.15641 4.00761 3.87775 2.44168 2.07735 1.92946 1.82277 2.35412 1.78083 4.10453 2.30016 1.82949 1.56576 1.41659 1.34479 1.28413 1.27096 1.17848
threshold=2.4371213428059835 0.63961038961038974 10.500723437673113 4.6362167221243533 0.48865526070192983 2.5000000000000004 0.84213887628859063 14.500000000000002 2.4037866427327548 4.2892358030168598 0.39002102778747993 34795.000000000007 3.5000000000000004 1.8743605611587952 15527.500000000002 2.5373173121949115 4.7489207862006131 0.80384615384615399 2.1207404262391947 1.1094252342038535 10.500000000000002 1.1126972805283735
decision_type=2 2 2 2 2 2 2 2 2 2 2 2 2 2 2 2 2 2 2 2 2 2
left_child=1 8 3 -2 5 17 -6 16 9 12 -7 -12 14 19 -1 -16 -5 -3 -15 21 -10 -14
right_child=2 4 -4 7 6 10 -8 -9 20 -11 11 -13 13 18 15 -17 -18 -19 -20 -21 -22 -23
leaf_value=0.094055412332358687 0.15631219758351125 -0.026753468497509508 1.4361991338259119 -0.037771491013002034 0.0015933181792464103 -0.022808650910959447 -0.049904261989363437 0.12161408282540707 -0.28088016556701834 0.22453475712378143 -0.016261286724471261 -0.05102215874062703 -0.010633128799890122 -0.15114720269109649 0.0023450273478728165 -0.11860428726058886 -0.50156828992087854 0.0028052027742321065 -0.037668566653836354 0.0070706975975382167 0.18537712284817795 -0.066915778155305444
leaf_weight=837 2890 121 4375 65 327 67 61 109 281 770 49 94 502 62 3386 48 75 94 46 1037 50 90
leaf_count=837 2890 121 4375 65 327 67 61 109 281 770 49 94 502 62 3386 48 75 94 46 1037 50 90
internal_value=0.00110637 -0.000270657 0.00255972 0.00159637 -0.00385941 -0.00594186 -0.00148728 -0.0024252 0.000139725 0.000275026 -0.00936046 -0.0116351 5.99536e-05 -0.000880023 0.000446913 3.96919e-05 -0.00543103 -0.00238636 -0.00734071 -0.000419829 -0.00254167 -0.00171776
internal_weight=15436 7922 7514 3139 813 425 388 249 7109 6778 210 143 6008 1737 4271 3434 140 215 108 1629 331 592
internal_count=15436 7922 7514 3139 813 425 388 249 7109 6778 210 143 6008 1737 4271 3434 140 215 108 1629 331 592
is_linear=0
shrinkage=0.035


Tree=82
num_leaves=23
num_cat=0
split_feature=2 9 9 21 22 15 20 6 20 20 11 6 11 10 20 21 24 21 20 21 1 20
split_gain=24.8781 10.6011 4.16717 2.99374 5.84722 2.43831 2.19099 1.88563 1.81151 1.78019 1.79208 1.38167 1.33403 1.29298 1.35296 1.48169 1.14347 1.38376 1.7032 1.46034 1.07634 1.20217
threshold=5.154761904761906 0.40370370370370373 10.143218861693699 3.5000000000000004 34795.000000000007 0.81980519480519487 9.5000000000000018 6.006203158824877 15.500000000000002 16.500000000000004 4.6362167221243533 1.9961375386208424 2.3074175660629379 0.70711369680452518 20.500000000000004 2.5000000000000004 12965.500000000002 1.5000000000000002 10.500000000000002 3.5000000000000004 4.1419333031218928 8.5000000000000018
decision_type=2 2 2 2 2 2 2 2 2 2 2 2 2 2 2 2 2 2 2 2 2 2
left_child=1 3 9 6 -5 -6 -1 8 20 10 16 13 -10 14 -8 -16 17 -2 -19 -20 21 -3
right_child=2 7 -4 4 5 -7 11 -9 12 -11 -12 -13 -14 -15 15 -17 -18 18 19 -21 -22 -23
leaf_value=-0.030447638520924209 -0.096164533589784246 0.012250054413548036 1.3863769852025687 -0.0066531427158494768 -0.048161646692508199 -0.022644079158064406 -0.015684747480101128 0.19030267076556934 0.0060192805304483616 0.22571920705744355 -0.074952566908016077 0.0017516669799934736 0.23206649740869792 0.0082033365634237524 -0.014088438932415013 -0.04818077173984521 0.49612704737225305 0.20483832343241881 0.059884906476261046 -0.18222403967317366 -0.060804493637578373 -0.014310066030772096
leaf_weight=151 206 1457 4447 81 54 52 101 486 2987 1185 96 148 394 53 52 69 218 591 265 142 872 1308
leaf_count=151 206 1457 4447 81 54 52 101 486 2987 1185 96 148 394 53 52 69 218 591 265 142 872 1308
internal_value=0.00109857 -0.000207376 0.00260971 -0.00413055 -0.00798437 -0.0132117 -0.0027867 0.000190638 4.13642e-05 0.0015096 0.000696323 -0.00140654 0.000626403 -0.002875 -0.00405507 -0.0065 0.00102278 0.000576096 0.00112712 -0.00057767 -0.000497803 -0.000151624
internal_weight=15415 8265 7150 761 187 106 574 7504 7018 2703 1518 423 3381 275 222 121 1422 1204 998 407 3637 2765
internal_count=15415 8265 7150 761 187 106 574 7504 7018 2703 1518 423 3381 275 222 121 1422 1204 998 407 3637 2765
is_linear=0
shrinkage=0.035


Tree=83
num_leaves=23
num_cat=0
split_feature=11 9 9 24 9 21 23 12 11 12 20 12 21 10 20 21 21 20 27 12 25 20
split_gain=26.2887 10.0905 5.1752 3.4514 5.19751 2.11476 4.43973 2.08383 2.01737 1.96199 1.91374 1.81546 3.22026 1.66389 1.55401 2.57267 1.52297 2.40908 2.03581 4.58139 1.51581 1.46497
threshold=2.4078641832698486 0.40370370370370373 11.727127523016275 3555.0000000000005 7.3945540415640245 3.5000000000000004 40250.000000000007 5.4018250201421951 2.4037866427327548 1.6212660839986039 10.500000000000002 0.48865526070192983 2.5000000000000004 0.4879500364742671 14.500000000000002 1.5000000000000002 3.5000000000000004 11.500000000000002 3.5000000000000004 1.8951838362916464 729.50000000000011 16.500000000000004
decision_type=2 2 2 2 2 2 2 2 2 2 2 2 2 2 2 2 2 2 2 2 2 2
left_child=1 5 3 4 14 10 -7 21 9 20 13 12 -12 -1 15 -2 -11 -18 -19 -20 -3 -5
right_child=2 8 -4 7 -6 6 -8 -9 -10 16 11 -13 -14 -15 -16 -17 17 18 19 -21 -22 -23
leaf_value=-0.021753504098473798 -0.25875794001144137 -0.0065817777655406782 1.9706416488877789 0.12667068095280323 -0.2645558458011481 -0.0087596842802151308 -0.030612819074528921 -0.32530798918992732 -0.29547692952005727 0.060570711517310215 -0.020306341139732741 0.006430831876953114 -0.024728425392758033 -0.046089944810779278 0.17858997175788546 0.075210732532966382 0.1022229722461533 -0.0039670273604414524 -0.012876286363499733 -0.19164586814145124 0.1130171549951846 0.29354774917579468
leaf_weight=108 62 3865 3861 1757 69 86 108 99 265 2050 158 167 90 65 203 163 171 278 87 51 273 1396
leaf_count=108 62 3865 3861 1757 69 86 108 99 265 2050 158 167 90 65 203 163 171 278 87 51 273 1396
internal_value=0.000987854 -0.000435096 0.00245207 0.00151412 -0.00117131 -0.00419377 -0.00740452 0.00193107 -1.242e-05 0.000103245 -0.00305143 -0.00166667 -0.00355534 -0.00613483 0.000266744 -0.00167391 0.000850492 -0.000697635 -0.00215321 -0.00555594 -0.000369177 0.00209246
internal_weight=15432 7822 7610 3749 497 782 194 3252 7040 6775 588 415 248 173 428 225 2637 587 416 138 4138 3153
internal_count=15432 7822 7610 3749 497 782 194 3252 7040 6775 588 415 248 173 428 225 2637 587 416 138 4138 3153
is_linear=0
shrinkage=0.035


Tree=84
num_leaves=23
num_cat=0
split_feature=2 9 9 21 22 15 20 6 12 20 11 15 4 21 12 21 20 22 27 12 6 24
split_gain=24.2006 10.2662 4.42639 2.29311 4.79172 2.86983 1.89608 1.96562 2.61653 1.75244 2.1067 1.57505 1.56115 1.48954 1.78324 2.87787 3.24398 1.66337 1.47301 4.7897 1.43686 1.27923
threshold=5.0127769206881263 0.40370370370370373 10.641359123216922 3.5000000000000004 34795.000000000007 0.81980519480519487 10.500000000000002 1.9961375386208424 0.48865526070192983 16.500000000000004 4.6362167221243533 0.67261904761904778 1.9999246801866812 2.5000000000000004 1.2127422846509299 3.5000000000000004 10.500000000000002 13885.000000000002 3.5000000000000004 1.7994708216848749 5.5950265671834734 4472.0000000000009
decision_type=2 2 2 2 2 2 2 2 2 2 2 2 2 2 2 2 2 2 2 2 2 2
left_child=1 3 9 6 -5 -6 12 8 -8 10 -2 13 -1 21 -15 -16 -17 -18 -19 -20 -12 -3
right_child=2 11 -4 4 5 -7 7 -9 -10 -11 20 -13 -14 14 15 16 17 18 19 -21 -22 -23
leaf_value=-0.01890062953895489 0.094789572049481477 -0.012937065930693865 1.5374459061126171 -0.0084301209035600906 -0.045484266495261848 -0.020780087719923637 -0.028339662715766916 0.0029766507345949308 0.0064523161385810161 0.21377207199758644 -0.38849978129893242 -0.063487851040689144 -0.035908046725263772 -0.0058489073471624008 0.10733388756977992 0.10833207544605325 0.091545816647694817 -0.021662554825895464 0.0064756360451106703 -0.13294820647153305 0.044732108598185667 0.0098683950539027593
leaf_weight=107 1547 2514 4263 87 60 57 145 141 129 1244 56 53 68 868 1366 432 115 479 96 69 76 1482
leaf_count=107 1547 2514 4263 87 60 57 145 141 129 1244 56 53 68 868 1366 432 115 479 96 69 76 1482
internal_value=0.00107067 -0.000218723 0.00255576 -0.00399061 -0.0072177 -0.0117049 -0.00279412 -0.00141667 -0.00314875 0.0014918 0.000735748 0.000182043 -0.00583333 0.00022906 0.000765306 0.00123224 -1.17056e-05 -0.00140183 -0.00210863 -0.00494118 -0.00339781 -0.000226568
internal_weight=15454 8268 7186 794 204 117 590 415 274 2923 1679 7474 175 7421 3425 2557 1191 759 644 165 132 3996
internal_count=15454 8268 7186 794 204 117 590 415 274 2923 1679 7474 175 7421 3425 2557 1191 759 644 165 132 3996
is_linear=0
shrinkage=0.035


Tree=85
num_leaves=23
num_cat=0
split_feature=2 15 21 7 22 12 15 21 20 21 20 20 11 25 25 8 5 20 21 15 7 25
split_gain=22.9152 9.53356 4.54563 3.92586 3.11924 2.65634 2.64777 2.1305 1.86897 1.5773 2.3041 1.82953 2.46467 1.34557 1.54514 1.77798 1.43577 1.28639 2.04799 1.38966 1.25079 1.16396
threshold=5.0127769206881263 0.63961038961038974 3.5000000000000004 11.858542647828363 34795.000000000007 0.48865526070192983 0.81980519480519487 2.5000000000000004 26.500000000000004 3.5000000000000004 10.500000000000002 16.500000000000004 3.6253078686998621 729.50000000000011 499.50000000000006 7.1428664606028081 5.172349027628159 14.500000000000002 1.5000000000000002 1.0000000180025095e-35 6.5816326530612255 600.00000000000011
decision_type=2 2 2 2 2 2 2 2 2 2 2 2 2 2 2 2 2 2 2 2 2 2
left_child=1 8 5 9 -4 7 -6 -3 13 17 -11 12 20 14 16 21 -1 18 -2 -20 -12 -16
right_child=3 2 4 -5 6 -7 -8 -9 -10 10 11 -13 -14 -15 15 -17 -18 -19 19 -21 -22 -23
leaf_value=-0.00056629576680923858 -0.11860999733063896 -0.020694010168581377 -0.01807091159661809 1.7584385619123775 -0.041380299724625411 0.0027092628542361363 -0.01954865678162624 -0.044601144139656192 0.05156400257536637 0.27302900004124159 -0.18264805255342187 0.022064276956779403 -0.27058712341302671 0.051188656125709726 -0.021073868798075639 -0.42306627836923283 0.14085559760312916 0.28854229066731324 0.24753971874075667 -0.11923039963610421 0.065323556667029728 0.0096502209551523888
leaf_weight=3905 305 224 100 3805 55 290 54 117 787 285 54 268 55 895 707 45 479 1480 788 94 66 592
leaf_count=3905 305 224 100 3805 55 290 54 117 787 285 54 268 55 895 707 45 479 1480 788 94 66 592
internal_value=0.00111533 -0.000142035 -0.00366568 0.0025576 -0.00811215 -0.00211321 -0.0121579 -0.00418786 0.000257249 0.00167794 0.000205321 -0.00134375 -0.00408333 6.23115e-05 -0.000132478 -0.00117013 0.000182616 0.00207223 0.00118037 0.00204002 -0.00098 -0.00090184
internal_weight=15450 8250 840 7200 209 631 109 341 7410 3395 728 443 175 6623 5728 1344 4384 2667 1187 882 120 1299
internal_count=15450 8250 840 7200 209 631 109 341 7410 3395 728 443 175 6623 5728 1344 4384 2667 1187 882 120 1299
is_linear=0
shrinkage=0.035


Tree=86
num_leaves=23
num_cat=0
split_feature=9 9 9 20 21 7 20 20 21 23 21 22 15 21 22 22 12 15 12 20 21 20
split_gain=23.8864 7.28979 5.21468 2.61342 5.07359 2.9463 4.30744 2.93372 3.78871 2.21841 1.88853 3.1145 3.5166 1.77512 1.6454 1.59588 1.44517 1.4261 1.39129 1.84807 1.3383 1.84686
threshold=4.3964285714285731 0.40370370370370373 13.000357142857146 16.500000000000004 1.5000000000000002 5.8587960226890932 5.5000000000000009 11.500000000000002 3.5000000000000004 62950.000000000007 3.5000000000000004 34795.000000000007 0.81980519480519487 3.5000000000000004 43337.000000000007 43337.000000000007 3.5327268122738742 0.67261904761904778 0.48865526070192983 6.5000000000000009 2.5000000000000004 20.500000000000004
decision_type=2 2 2 2 2 2 2 2 2 2 2 2 2 2 2 2 2 2 2 2 2 2
left_child=1 10 3 4 5 -2 15 -6 -9 -8 18 -12 -13 -5 16 -7 -10 -3 20 -20 -1 -22
right_child=2 17 -4 13 7 6 9 8 14 -11 11 12 -14 -15 -16 -17 -18 -19 19 -21 21 -23
leaf_value=-0.019892777419422168 0.050183795571984907 0.00046950561688056226 2.2739265014794627 0.41059560203103396 0.33120136414102053 -0.82951943080238211 0.019734653091175506 0.1384760980758985 -0.078408239168125768 -0.30623769177862065 -0.010287077566265309 -0.042364280572965846 -0.017673352430034126 0.011881668534299152 -0.044335654575108033 -0.55960784006396613 -0.34295455338894149 -0.059559868939514864 -0.033836573378344989 0.0060276753916274342 -0.011767752260877951 -0.04360382725190997
leaf_weight=227 276 6428 3600 1642 1273 67 267 382 52 67 83 52 52 373 76 51 45 48 49 195 68 46
leaf_count=227 276 6428 3600 1642 1273 67 267 382 52 67 83 52 52 373 76 51 45 48 49 195 68 46
internal_value=0.001047 -0.000413553 0.00234418 0.00154961 0.000794026 -0.00165689 -0.00339278 0.00178151 -0.0003125 -0.00124926 -0.00361712 -0.00670833 -0.0106284 0.00249505 -0.0045618 -0.00902032 -0.00748039 -2.64618e-05 -0.00255085 -0.000435743 -0.00398555 -0.00708824
internal_weight=15419 7248 8171 4571 2556 728 452 1828 555 334 772 187 104 2015 173 118 97 6476 585 244 341 114
internal_count=15419 7248 8171 4571 2556 728 452 1828 555 334 772 187 104 2015 173 118 97 6476 585 244 341 114
is_linear=0
shrinkage=0.035


Tree=87
num_leaves=23
num_cat=0
split_feature=4 9 9 21 22 21 7 15 12 12 24 9 11 12 21 7 21 21 12 21 9 15
split_gain=24.8107 9.30686 4.25334 2.82058 3.49557 2.5868 2.29744 1.6148 1.59194 1.51775 1.4917 1.64387 1.42444 1.44964 1.42852 1.10605 1.10298 1.08796 2.33562 1.79118 1.07922 1.02769
threshold=5.0127769206881263 0.40370370370370373 9.4949794085136343 3.5000000000000004 34795.000000000007 3.5000000000000004 13.430278064829881 0.81980519480519487 4.9374754353777428 0.54899847081191699 12965.500000000002 10.912831063616842 0.49724515809884717 0.46454078355228479 2.5000000000000004 3.286381766263891 2.5000000000000004 2.5000000000000004 1.2127422846509299 3.5000000000000004 2.1540914442700161 0.82247899159663873
decision_type=2 2 2 2 2 2 2 2 2 2 2 2 2 2 2 2 2 2 2 2 2 2
left_child=1 3 5 9 -5 15 8 -6 10 12 11 17 13 14 21 16 -2 -3 20 -20 -19 -1
right_child=2 6 -4 4 7 -7 -8 -9 -10 -11 -12 -13 -14 -15 -16 -17 -18 18 19 -21 -22 -23
leaf_value=-0.021077496792488264 -0.069371245733808221 -0.0060534495418615997 1.1084931280161867 -0.010995469145593861 -0.040638572190682634 -0.039058749895443549 0.9496005907000854 -0.018750014327318196 -0.33920454560003827 0.0021138531718877095 0.45397836153054505 -0.46981195573280926 -0.028143346769666556 0.01093381413115131 -0.041549887646447445 0.20351073743730064 0.10357392531935811 -0.015308788944251136 0.096890803670109771 0.0065703353567772111 0.062250091818988003 0.0078577414692531933
leaf_weight=162 90 4021 4299 87 52 542 439 57 151 138 171 56 83 48 75 1542 54 844 1334 1117 83 60
leaf_count=162 90 4021 4299 87 52 542 439 57 151 138 171 56 83 48 75 1542 54 844 1334 1117 83 60
internal_value=0.00103353 -0.000158577 0.00267483 -0.00384681 -0.00747015 0.00141536 0.000183494 -0.0115439 4.13777e-05 -0.00250701 0.000115123 3.75336e-05 -0.00353233 -0.0024 -0.00333775 0.00209255 -0.000728188 8.69801e-05 0.000551434 0.00112011 -0.00093133 -0.00174229
internal_weight=15505 8978 6527 762 196 2228 8216 109 7777 566 7626 7455 428 345 297 1686 144 7399 3378 2451 927 222
internal_count=15505 8978 6527 762 196 2228 8216 109 7777 566 7626 7455 428 345 297 1686 144 7399 3378 2451 927 222
is_linear=0
shrinkage=0.035


Tree=88
num_leaves=23
num_cat=0
split_feature=11 15 7 21 22 20 21 20 22 15 21 12 20 12 20 22 25 11 6 12 20 8
split_gain=23.2483 7.01882 4.92482 4.05101 3.44794 3.03936 3.35327 4.07748 3.20694 2.55702 2.40824 2.11305 2.0947 1.94913 1.62662 1.46481 2.08216 1.38596 1.3295 1.79818 1.38583 1.10946
threshold=2.4078641832698486 0.63961038961038974 13.002427551174311 3.5000000000000004 34795.000000000007 16.500000000000004 1.5000000000000002 10.500000000000002 52360.000000000007 0.81980519480519487 3.5000000000000004 0.48865526070192983 11.500000000000002 3.5896557816992414 26.500000000000004 31960.500000000004 248.50000000000003 2.4037866427327548 0.98214285714285732 0.39002102778747993 10.500000000000002 4.2892358030168598
decision_type=2 2 2 2 2 2 2 2 2 2 2 2 2 2 2 2 2 2 2 2 2 2
left_child=1 14 5 11 -5 6 8 -8 12 -6 -9 18 15 -12 17 16 -2 21 19 -3 -20 -1
right_child=2 3 -4 4 9 -7 7 10 -10 -11 13 -13 -14 -15 -16 -17 -18 -19 20 -21 -22 -23
leaf_value=-0.0018943492520449223 -0.0059091542633252095 -0.016442177443792408 2.1555004737759798 -0.012471161376648544 -0.039455550440549769 0.2616861344875982 0.29025409505643518 0.058433367996513677 -0.26527187160020993 -0.018093763825862058 -0.077356035365565554 0.00086063247155995011 0.086697351742309747 -0.14566310050339265 0.044030727792946936 -0.006133974570140417 -0.46008269214837638 -0.29699376676686451 -0.02542892886249698 -0.040041765327267831 0.0041412286030939292 0.15910178254933521
leaf_weight=5246 69 65 3478 97 50 1887 1052 420 51 60 136 288 182 77 821 176 74 272 45 100 123 642
leaf_count=5246 69 65 3478 97 50 1887 1052 420 51 60 136 288 182 77 821 176 74 272 45 100 123 642
internal_value=0.00102757 -0.000311748 0.00240496 -0.00334874 -0.00756132 0.00157581 0.000690009 0.00147041 -0.0016526 -0.0117174 -0.000724138 -0.00186741 -0.000719367 -0.00372477 4.80963e-05 -0.00244136 -0.00501351 -0.000144769 -0.00374852 -0.00597059 -0.00135549 -2.79143e-05
internal_weight=15411 7809 7602 828 207 4124 2237 1685 552 110 633 621 501 213 6981 319 143 6160 333 165 168 5888
internal_count=15411 7809 7602 828 207 4124 2237 1685 552 110 633 621 501 213 6981 319 143 6160 333 165 168 5888
is_linear=0
shrinkage=0.035


Tree=89
num_leaves=23
num_cat=0
split_feature=9 9 9 24 8 22 21 15 15 12 22 12 9 15 11 25 22 12 11 12 15 21
split_gain=24.2204 8.55383 5.54972 3.15991 4.86363 2.82806 4.74826 3.36156 2.52768 2.38495 1.86762 1.66148 1.59158 1.47967 1.42338 1.23105 1.51941 1.24814 2.45586 3.71723 1.52357 3.74175
threshold=4.3964285714285731 0.40370370370370373 11.727127523016275 3438.0000000000005 7.2857236034599504 34795.000000000007 3.5000000000000004 0.81980519480519487 0.67261904761904778 5.2723445241812223 47334.500000000007 0.37440003165503594 5.8061224489795924 0.84807692307692317 1.5281246137553179 729.50000000000011 3735.5000000000005 1.8743605611587952 1.8232322463624386 2.0951447146382209 1.0000000180025095e-35 3.5000000000000004
decision_type=2 2 2 2 2 2 2 2 2 2 2 2 2 2 2 2 2 2 2 2 2 2
left_child=1 5 3 4 12 8 11 -8 -1 14 -11 -7 -2 -13 -5 16 -3 -18 19 -19 21 -20
right_child=2 15 -4 9 -6 6 7 -9 -10 10 -12 13 -14 -15 -16 -17 17 18 20 -21 -22 -23
leaf_value=-0.023965092320082055 0.74600248127693092 0.078004519857639662 1.6554765723964238 -0.29687498852301153 -0.28190688119840196 0.0070081692359860066 -0.038077026365369061 -0.017460482091956886 0.0083864331947146528 0.10391798534679444 -0.52699328957368563 -0.018156061048915921 -0.081543672213518284 -0.039749791237227286 0.19180688418170244 0.04359292158374585 -0.0017753539521513477 -0.15258325165662306 -0.010107050019713616 0.0083101499236585986 0.047201991750127688 -0.24063951902573025
leaf_weight=62 189 472 4017 58 126 63 54 61 214 58 46 257 230 53 3484 970 4431 57 183 54 331 51
leaf_count=62 189 472 4017 58 126 63 54 61 214 58 46 257 230 53 3484 970 4431 57 183 54 331 51
internal_value=0.00103607 -0.000426619 0.00234086 0.0014397 -0.00101818 -0.00391873 -0.00551623 -0.0116667 -0.000983986 0.00181279 -0.00324312 -0.00344444 0.000775944 -0.0045 0.00197054 -1.38845e-05 -0.000216869 -0.000395735 -0.00179369 -0.0064569 -0.000798245 -0.00294351
internal_weight=15521 7313 8208 4191 545 764 488 115 276 3646 104 373 419 310 3542 6549 5579 5107 676 111 565 234
internal_count=15521 7313 8208 4191 545 764 488 115 276 3646 104 373 419 310 3542 6549 5579 5107 676 111 565 234
is_linear=0
shrinkage=0.035


Tree=90
num_leaves=23
num_cat=0
split_feature=0 9 9 23 21 11 3 15 20 24 9 23 8 12 12 25 25 15 23 27 8 21
split_gain=21.64 9.24297 3.84391 2.68865 5.04297 2.19764 2.11666 1.59369 1.55403 1.34619 2.35372 1.46479 3.68718 1.12299 1.87289 1.09391 1.13132 1.08279 0.97548 1.28379 1.32128 1.29675
threshold=6.9966807769941894 0.40370370370370373 13.000357142857146 40250.000000000007 2.5000000000000004 6.4194073876636955 0.97998062472434233 0.67261904761904778 26.500000000000004 3555.0000000000005 6.8571475160156901 63800.000000000007 8.8778565857855565 0.48865526070192983 0.39002102778747993 166.00000000000003 729.50000000000011 0.82247899159663873 19200.000000000004 3.5000000000000004 3.0003337402748032 2.5000000000000004
decision_type=2 2 2 2 2 2 2 2 2 2 2 2 2 2 2 2 2 2 2 2 2 2
left_child=1 3 5 6 17 9 -1 8 15 10 -2 -11 -13 14 -6 -3 18 -5 19 20 -17 -22
right_child=2 7 -4 4 13 -7 -8 -9 -10 11 -12 12 -14 -15 -16 16 -18 -19 -20 -21 21 -23
leaf_value=0.0082377558843917641 0.10037611809142213 0.28296635477594201 2.1613116719195857 -0.01677498983595975 -0.015168939434116712 -0.44680257380353372 -0.036633829319664649 -0.058550389018088747 0.047903145634481198 0.21851726140338076 -0.32578032333531737 0.13134808210587914 -0.39239637905109331 -0.015665106947475735 -0.038058717655655355 0.12068005756703909 0.043087128744415809 0.0083957587823031005 -0.0060517633789913981 -0.0058717813645690698 -0.034219183416285909 0.060844467720936907
leaf_weight=192 190 246 3511 199 61 45 80 59 849 2438 69 210 50 80 95 467 972 45 4418 728 145 233
leaf_count=192 190 246 3511 199 61 45 80 59 849 2438 69 210 50 80 95 467 972 45 4418 728 145 233
internal_value=0.00101836 -0.000104913 0.00254956 -0.00380515 -0.00537629 0.0016144 -0.000922383 0.000237873 0.000283455 0.00173937 -0.000609848 0.00197207 -0.000462264 -0.00898963 -0.0108478 0.000113529 2.91333e-05 -0.0017008 -0.000148265 0.000594423 0.00152353 0
internal_weight=15382 8869 6513 752 480 3002 272 8117 8058 2957 259 2698 260 236 156 7209 6963 244 5991 1573 845 378
internal_count=15382 8869 6513 752 480 3002 272 8117 8058 2957 259 2698 260 236 156 7209 6963 244 5991 1573 845 378
is_linear=0
shrinkage=0.035


Tree=91
num_leaves=23
num_cat=0
split_feature=4 9 9 0 22 21 15 21 6 12 24 24 24 15 8 22 8 21 23 8 8 25
split_gain=23.6685 8.36234 4.71805 1.96741 1.82101 3.16189 2.67381 1.65759 1.64382 1.91417 1.74647 2.77863 2.58999 1.47354 1.41234 1.34201 1.25892 1.17664 1.71128 2.37365 2.09504 1.02926
threshold=5.0127769206881263 0.40370370370370373 9.8997275072500308 12.035714285714286 34795.000000000007 2.5000000000000004 0.67261904761904778 3.5000000000000004 6.152141958849584 3.5001385572150507 3438.0000000000005 8120.5000000000009 10740.000000000002 0.67261904761904778 9.5023139330506066 47334.500000000007 9.7681770045760015 2.5000000000000004 63800.000000000007 6.5023426037081506 3.7861431116147957 831.00000000000011
decision_type=2 2 2 2 2 2 2 2 2 2 2 2 2 2 2 2 2 2 2 2 2 2
left_child=1 4 7 8 6 -6 -1 17 9 13 -11 -12 -13 16 -9 -14 -3 18 20 -20 -2 -4
right_child=2 3 21 -5 5 -7 -8 14 -10 10 11 12 15 -15 -16 -17 -18 -19 19 -21 -22 -23
leaf_value=-0.03573792197761378 -0.059175929350052975 0.0019718419814493105 1.2213615312943122 0.47578580268619441 -0.016010679555424689 -0.025773889902335975 0.0062804625596143502 0.010568942247421704 0.21501264835999678 -0.20503509064437256 0.21564191855861453 -0.48185198409760399 -0.26896695926146341 -0.057892022067427877 -0.097284346524023568 0.37452089172733322 -0.37059607283289564 0.30744033831184436 0.42448872932724485 -0.22075881344062903 0.13706217699654863 -0.020334850495998584
leaf_weight=67 104 6697 4022 467 244 247 218 493 420 56 157 89 51 53 84 68 46 734 53 82 870 88
leaf_count=67 104 6697 4022 467 244 247 218 493 420 56 157 89 51 53 84 68 46 734 53 82 870 88
internal_value=0.000963834 -0.000210748 0.00256274 0.000120422 -0.00367029 -0.00496774 -0.00132759 0.00132062 -1.28237e-05 -0.000139573 -0.00241549 -0.00141892 -0.00405869 5.1476e-07 -0.00028866 -0.000451613 5.083e-05 0.00183333 0.00108079 -0.0025 0.00160521 0.00328736
internal_weight=15410 8880 6530 8104 776 491 285 2420 7637 7217 421 365 208 6796 577 119 6743 1843 1109 135 974 4110
internal_count=15410 8880 6530 8104 776 491 285 2420 7637 7217 421 365 208 6796 577 119 6743 1843 1109 135 974 4110
is_linear=0
shrinkage=0.035


Tree=92
num_leaves=23
num_cat=0
split_feature=9 9 9 24 8 12 21 23 12 11 21 12 11 22 21 12 21 11 9 15 25 9
split_gain=22.1555 5.74017 5.00084 3.3459 3.63771 2.77475 2.14326 1.76206 1.55969 2.47713 1.93801 1.52583 1.45506 1.27198 1.201 1.60552 1.46271 1.27927 1.16432 1.15958 1.15373 1.10345
threshold=5.1377390466676189 0.40370370370370373 12.698809523809524 4326.0000000000009 7.2857236034599504 6.3066794743269474 2.5000000000000004 62950.000000000007 0.48865526070192983 0.83396456879722469 2.5000000000000004 3.271555614372891 1.5281246137553179 22034.500000000004 2.5000000000000004 1.2127422846509299 3.5000000000000004 0.64642795093555827 6.0501303267706303 0.80384615384615399 729.50000000000011 2.7188802630633666
decision_type=2 2 2 2 2 2 2 2 2 2 2 2 2 2 2 2 2 2 2 2 2 2
left_child=1 8 3 4 13 12 -6 -4 10 -10 19 14 -5 -2 17 -16 -17 -3 -15 -1 -19 -22
right_child=2 11 7 5 6 -7 -8 -9 9 -11 -12 -13 -14 18 15 16 -18 20 -20 -21 21 -23
leaf_value=-0.020239507926407697 -0.29543536231948991 0.020515237712482617 1.9981916968171256 -0.26838990345361424 -0.50304990146395434 -0.45314787922864713 -0.099037005853589793 -0.20845586264892194 0.0020918823589989107 -0.032769193242354833 -0.01550714071079891 -0.084917930265576078 0.19602818326103952 0.68479026179388458 -0.0052679303855025211 0.075142773661270992 0.006560609481238113 -0.014076711498352303 -0.050265764825626481 0.0056897106574678958 0.1389427604681823 -0.013250404103748531
leaf_weight=135 55 169 3647 57 48 58 82 73 284 45 235 52 3658 179 932 1198 1091 2779 152 90 180 302
leaf_count=135 55 169 3647 57 48 58 82 73 284 45 235 52 3658 179 932 1198 1091 2779 152 90 180 302
internal_value=0.00102386 -0.000342203 0.00230334 0.00147857 -0.00113532 0.00184172 -0.00609259 0.00324631 -0.00315617 -0.00121557 -0.00447849 -6.26105e-06 0.0019664 0.000546036 3.99641e-05 0.000527278 0.00102833 -0.000412664 0.00141667 -0.00197826 -0.00057226 0.0009846
internal_weight=15501 7492 8009 4289 516 3773 130 3720 789 329 460 6703 3715 386 6651 3221 2289 3430 331 225 3261 482
internal_count=15501 7492 8009 4289 516 3773 130 3720 789 329 460 6703 3715 386 6651 3221 2289 3430 331 225 3261 482
is_linear=0
shrinkage=0.035


Tree=93
num_leaves=23
num_cat=0
split_feature=4 15 9 22 11 12 9 25 11 20 11 12 25 12 9 15 12 6 5 12 6 11
split_gain=20.5969 6.09788 5.30878 2.74577 2.51876 3.20351 1.7528 1.74893 1.67987 1.58034 1.9099 1.41913 1.89243 1.22945 2.45109 4.44643 1.25109 1.20287 1.13218 1.12218 1.64639 1.19231
threshold=5.0127769206881263 0.64495798319327746 11.727127523016275 17834.500000000004 0.81836546217389927 0.48865526070192983 16.646428571428576 729.50000000000011 5.7460241260474811 16.500000000000004 2.207009906449958 4.4523084613230575 200.00000000000003 1.8152061990235555 3.3578323788309925 0.037749287749287756 1.6372401481311953 4.8281303029948344 5.172349027628159 0.37440003165503594 0.98214285714285732 0.26726124191242456
decision_type=2 2 2 2 2 2 2 2 2 2 2 2 2 2 2 2 2 2 2 2 2 2
left_child=1 6 8 -3 5 19 7 9 -2 11 13 18 -13 16 15 -15 -11 -17 -1 21 -21 -5
right_child=2 3 -4 4 -6 -7 -8 -9 -10 10 -12 12 -14 14 -16 17 -18 -19 -20 20 -22 -23
leaf_value=-0.013951925388470465 0.11002236941946941 0.010613188135605791 1.6500378760786305 -0.01718087489783713 -0.034624997420249243 0.0024860281960004107 1.2250479938728083 0.051144857596885994 -0.11915372579266438 -1.655852416124457e-05 0.20935826805298863 0.10725457274461964 -0.42816773313440443 -0.15187083313336497 0.077033373561584434 0.1952427508897068 0.079048986179955524 -0.036356984543796725 0.15296126017953884 -0.03470746020005229 -0.016009827710501034 0.0082720745443210213
leaf_weight=3483 2995 142 3418 79 45 200 303 1048 89 1755 453 56 157 46 158 49 293 53 277 137 99 62
leaf_count=3483 2995 142 3418 79 45 200 303 1048 89 1755 453 56 157 46 158 49 293 53 277 137 99 62
internal_value=0.000927607 -0.000165168 0.00242424 -0.00314499 -0.00414753 -0.00341581 0.00011443 1.02772e-05 0.00135853 -0.000193441 0.000438122 -0.000644042 -0.00340367 2.819e-05 -0.00201447 -0.00519281 0.000346079 -0.000752336 -0.000478752 -0.00529581 -0.0068112 -0.00249315
internal_weight=15397 8895 6502 764 622 577 8131 7828 3084 6780 2807 3973 213 2354 306 148 2048 102 3760 377 236 141
internal_count=15397 8895 6502 764 622 577 8131 7828 3084 6780 2807 3973 213 2354 306 148 2048 102 3760 377 236 141
is_linear=0
shrinkage=0.035


Tree=94
num_leaves=23
num_cat=0
split_feature=9 9 12 9 22 21 12 21 22 8 22 15 23 23 25 9 21 2 15 5 9 25
split_gain=19.9808 7.82395 2.37896 2.55104 2.8582 1.84295 1.80416 1.71627 1.83711 3.47701 1.51974 1.61053 1.39284 1.33504 2.35804 4.65156 1.26127 1.14351 1.12052 1.174 1.11303 2.76712
threshold=11.727127523016275 0.40370370370370373 5.5445526260821518 5.1377390466676189 19263.000000000004 3.5000000000000004 3.2099591344933325 2.5000000000000004 52360.000000000007 6.5023426037081506 34795.000000000007 0.67261904761904778 62950.000000000007 60300.000000000007 277.00000000000006 6.8571475160156901 2.5000000000000004 5.154761904761906 0.81980519480519487 1.9999246801866812 7.5374323151322207 248.50000000000003
decision_type=2 2 2 2 2 2 2 2 2 2 2 2 2 2 2 2 2 2 2 2 2 2
left_child=1 10 3 6 -5 7 -3 8 13 -10 11 -1 17 14 20 -16 18 -2 19 -12 -6 -22
right_child=12 2 -4 4 5 -7 -8 -9 9 -11 16 -13 -14 -15 15 -17 -18 -19 -20 -21 21 -23
leaf_value=-0.02814162019928956 -0.067567385938194044 0.0026773001228666297 -0.39787604894527251 -0.48076887574980576 0.23671683528718979 -0.0032484290194333804 -0.087072917410043207 0.39527760113118204 0.31042537349184063 -0.2213904614210043 -0.023577300177513642 0.0060032349178362901 -0.040265902708947421 0.37181043961403082 0.099867986916890666 -0.55209099988677035 -0.022232452212649731 1.6665135766308412 0.006937830430294202 -0.014890361855310756 0.24375887302770632 -0.40367217953615214
leaf_weight=58 111 6601 89 62 490 783 54 1091 101 125 78 217 134 410 181 54 249 3714 90 72 533 72
leaf_count=58 111 6601 89 62 490 783 54 1091 101 125 78 217 134 410 181 54 249 3714 90 72 533 72
internal_value=0.000961624 0.000216163 0.000463666 0.000514297 0.0012246 0.00135176 9.45947e-05 0.00173971 0.00110274 -0.00180303 -0.00319051 -0.001 0.00310267 0.00149427 0.000930712 -0.0021875 -0.00436437 0.00322585 -0.00235714 -0.00417742 0.00162273 0.000573771
internal_weight=15369 11410 10646 10557 3902 3840 6655 3057 1966 226 764 275 3959 1740 1330 235 489 3825 240 150 1095 605
internal_count=15369 11410 10646 10557 3902 3840 6655 3057 1966 226 764 275 3959 1740 1330 235 489 3825 240 150 1095 605
is_linear=0
shrinkage=0.035


Tree=95
num_leaves=23
num_cat=0
split_feature=3 9 9 11 22 3 9 12 11 7 7 21 12 24 24 11 22 22 8 21 15 22
split_gain=19.1585 5.04778 3.86243 2.82745 1.23227 3.42831 2.15604 1.40749 1.1655 1.47414 2.61003 1.15159 1.06093 1.03247 0.967172 1.68806 1.07385 0.912104 1.65233 0.903775 1.3076 0.849536
threshold=7.2865913714874226 0.40370370370370373 13.312221499828377 6.0974228398316148 34795.000000000007 1.0010887194926981 0.28576014119515097 0.48865526070192983 2.4371213428059835 7.9994104518699931 19.437535601649479 3.5000000000000004 0.3327194577054346 4019.0000000000005 8120.5000000000009 2.4037866427327548 31488.000000000004 52360.000000000007 7.501658163265307 2.5000000000000004 0.84807692307692317 15527.500000000002
decision_type=2 2 2 2 2 2 2 2 2 2 2 2 2 2 2 2 2 2 2 2 2 2
left_child=1 4 3 11 5 -1 7 12 9 14 -11 13 -6 -2 15 21 -17 -15 -19 -14 -21 -3
right_child=2 8 -4 -5 6 -7 -8 -9 -10 10 -12 -13 19 17 -16 16 -18 18 -20 20 -22 -23
leaf_value=0.0071084301596789556 -0.034461379193770271 0.012902428462245539 2.241902099573668 -0.36314521425804913 0.01981756153984468 -0.039600455831175461 -0.029614672990475172 0.0031653870032916898 0.076157694638016513 -0.67103640229638539 0.89138769478787883 0.03557080561422156 -0.01548146874772856 0.29742503581749385 0.04526980784677364 -0.14661921526041008 -0.21436015804508821 0.24964559155603677 -0.27887102577396267 -0.030061127409572754 -0.033588760420072111 -0.0043463143926631021
leaf_weight=240 114 1667 3205 67 50 45 47 123 2092 89 46 569 148 1591 1439 123 48 89 46 69 58 3452
leaf_count=240 114 1667 3205 67 50 45 47 123 2092 89 46 569 148 1591 1439 123 48 89 46 69 58 3452
internal_value=0.000980872 3.629e-05 0.00259515 0.0015391 -0.00265287 -0.000724138 -0.00371 -0.00283554 0.000273798 5.04442e-05 -0.0035 0.00174565 -0.0040303 0.00217209 0.000126819 -8.9235e-05 -0.00346023 0.00238793 -0.00025 -0.004875 -0.00710606 2.32242e-05
internal_weight=15417 9736 5681 2476 780 285 495 448 8956 6864 135 2409 325 1840 6729 5290 171 1726 135 275 127 5119
internal_count=15417 9736 5681 2476 780 285 495 448 8956 6864 135 2409 325 1840 6729 5290 171 1726 135 275 127 5119
is_linear=0
shrinkage=0.035


Tree=96
num_leaves=23
num_cat=0
split_feature=9 5 21 20 20 15 11 20 15 25 7 6 25 12 12 22 21 21 9 11 21 22
split_gain=18.9568 5.84412 4.40091 5.76657 3.3509 3.27687 2.80269 2.28776 1.7378 1.66116 1.62362 2.24505 1.47762 1.39357 1.38428 1.49222 1.37215 2.08323 2.40951 1.23367 1.12727 1.07499
threshold=13.000357142857146 5.0238095238095246 3.5000000000000004 11.500000000000002 16.500000000000004 0.64495798319327746 0.84213887628859063 17.500000000000004 0.14907407407407411 600.00000000000011 9.1479591836734695 5.172349027628159 210.50000000000003 3.5327268122738742 0.48865526070192983 17834.500000000004 2.5000000000000004 1.5000000000000002 1.6084720730397424 0.66834558193255245 3.5000000000000004 46389.000000000007
decision_type=2 2 2 2 2 2 2 2 2 2 2 2 2 2 2 2 2 2 2 2 2 2
left_child=1 5 -3 -4 13 7 14 10 20 -6 -1 12 -12 -5 15 -7 17 18 -10 -18 -9 -14
right_child=-2 2 3 4 9 6 -8 8 16 -11 11 -13 21 -15 -16 -17 19 -19 -20 -21 -22 -23
leaf_value=-0.0052260701517749799 1.7332474360096326 0.22236282840938432 0.29677103152501721 -0.044741342327841896 0.049277780532523741 0.0083965044103782166 -0.031918991339913987 0.065297133255672254 0.029401585490442264 -0.25248849026497006 -0.35403983471816708 0.16666714912900032 -0.43839598951317676 -0.24164655003162433 0.0025564630597362239 -0.014939617341558062 -0.017435042782761864 -0.03561629334401311 -0.046851049376890025 0.022945072811039982 -0.012604783504577194 0.029719397059242033
leaf_weight=4563 3616 2285 355 54 246 58 45 1747 209 83 59 84 73 86 280 359 55 284 122 375 363 63
leaf_count=4563 3616 2285 355 54 246 58 45 1747 209 83 59 84 73 86 280 359 55 284 122 375 363 63
internal_value=0.000954587 0.0002755 0.00157803 -0.000595295 -0.00314557 -0.000186528 -0.00240361 1.83705e-05 0.000753165 -0.00111078 -0.000457087 -0.00303169 -0.005075 -0.00760345 -0.0017849 -0.00305213 -0.0004 -0.00146774 0.000375 0.00108621 0.00133215 -0.00270567
internal_weight=15464 11848 3109 824 469 8739 742 7997 3155 329 4842 279 195 140 697 417 1045 615 331 430 2110 136
internal_count=15464 11848 3109 824 469 8739 742 7997 3155 329 4842 279 195 140 697 417 1045 615 331 430 2110 136
is_linear=0
shrinkage=0.035


Tree=97
num_leaves=23
num_cat=0
split_feature=9 15 24 3 3 22 22 24 24 12 12 8 25 9 12 27 12 9 22 10 22 12
split_gain=19.8163 5.48106 3.26429 2.23392 1.64516 1.68657 1.43805 2.32876 1.21682 2.46238 1.21075 2.19343 1.67827 1.22428 1.7013 1.20102 3.80149 2.39505 1.54357 1.39109 2.43635 1.28458
threshold=10.262855816375051 0.45643939393939398 12965.500000000002 5.3595203124901198 4.8818523456395821 34795.000000000007 31797.000000000004 9795.0000000000018 12965.500000000002 5.344229829067797 3.9879809966218258 9.4300292859320169 299.00000000000006 3.7503880141252837 2.5373173121949115 3.5000000000000004 1.8152061990235555 2.680235964941486 15527.500000000002 1.154700538379253 54348.000000000007 1.6212660839986039
decision_type=2 2 2 2 2 2 2 2 2 2 2 2 2 2 2 2 2 2 2 2 2 2
left_child=1 2 10 6 5 -3 -2 -8 -5 -10 13 12 -12 14 15 18 21 -18 -1 -20 -21 -17
right_child=3 4 -4 8 -6 -7 7 -9 9 -11 11 -13 -14 -15 -16 16 17 -19 19 20 -22 -23
leaf_value=0.072620816375403921 0.5574361646015582 -0.0070420255091424612 0.33382597561227617 1.2340951231064523 -0.032611528724454053 -0.013755652383993934 -0.65656611808133913 0.054404258254881169 0.29064672126337537 -0.48046126444447324 0.065988055900316409 -0.3526624545338467 -0.090065544005967682 0.08267184865532011 -0.03982060108345762 -0.010061369662738687 -0.0087693922161676142 -0.13658296043673457 0.013199738219286617 -0.0040367848499804609 -0.037703503292878839 0.052698467555810244
leaf_weight=876 163 841 588 3876 54 507 54 125 270 46 186 97 63 2939 127 1061 76 86 1254 1639 170 274
leaf_count=876 163 841 588 3876 54 507 54 125 270 46 186 97 63 2939 127 1061 76 86 1254 1639 170 274
internal_value=0.00090294 8.81215e-05 0.000393338 0.00284457 -0.00194776 -0.00167369 7.06053e-05 -0.0020163 0.00306636 0.000883178 0.00022258 -0.0017849 0 0.000307335 0 9.7133e-05 -0.000741012 -0.00572156 0.000420639 4.33508e-05 -0.000571113 -0.000104477
internal_weight=15372 10838 9436 4534 1402 1348 342 179 4192 316 8848 346 249 8502 5563 5436 1497 162 3939 3063 1809 1335
internal_count=15372 10838 9436 4534 1402 1348 342 179 4192 316 8848 346 249 8502 5563 5436 1497 162 3939 3063 1809 1335
is_linear=0
shrinkage=0.035


Tree=98
num_leaves=23
num_cat=0
split_feature=9 15 6 20 11 12 24 21 20 23 14 25 20 21 25 20 21 21 21 24 7 8
split_gain=18.9482 5.2332 3.68967 3.39745 2.7669 2.26668 1.83917 1.97171 3.62627 2.43921 2.0368 1.65198 2.47781 1.51273 1.43102 1.36068 2.02403 1.32895 2.6863 4.02279 2.24443 1.78438
threshold=13.898167688792691 0.45643939393939398 10.000130448439306 16.500000000000004 2.207009906449958 4.4984192253111397 12965.500000000002 1.5000000000000002 8.5000000000000018 40250.000000000007 1.0000000180025095e-35 324.00000000000006 14.500000000000002 3.5000000000000004 600.00000000000011 5.5000000000000009 3.5000000000000004 3.5000000000000004 2.5000000000000004 4326.0000000000009 3.6872237546884019 6.5742775742775752
decision_type=2 2 2 2 2 2 2 2 2 2 2 2 2 2 2 2 2 2 2 2 2 2
left_child=1 2 3 5 -5 6 7 9 -9 -1 -11 12 -3 -6 -15 -7 -17 18 19 -10 -19 -21
right_child=-2 11 -4 4 13 15 -8 8 17 10 -12 -13 -14 14 -16 16 -18 20 -20 21 -22 -23
leaf_value=-0.0058633410568553791 2.1938150255065691 -0.014628885369420726 0.35160349744730879 0.0059296906276877165 0.24161966083401171 0.016366033484165616 0.34549359361777193 0.047782358983797915 -0.095509491380231987 -0.16111153821241481 0.0075139132111254996 -6.7990022842122932e-05 -0.0094263760061401303 0.10396985319785226 -0.19682852975384171 -0.19754539860289369 -0.19331273417529585 -0.0091337431614117795 0.034620006068711413 0.10623506321472695 -0.14851422024055519 -0.096986125047079014
leaf_weight=810 3329 449 954 2689 1367 102 299 1724 288 306 114 466 472 248 88 158 80 302 593 188 243 120
leaf_count=810 3329 449 954 2689 1367 102 299 1724 288 306 114 466 472 248 88 158 80 302 593 188 243 120
internal_value=0.000933091 0.000285744 0.000550009 0.000343377 0.00106425 -0.000248124 -5.46874e-05 -0.000228958 0.000195062 -0.00143117 -0.00358235 -0.00172988 -0.00258531 0.00216803 1.02641e-05 -0.00299275 -0.00442181 -0.000927832 -0.000252094 -0.00191597 -0.00235455 0.000816294
internal_weight=15389 12060 10673 9719 4392 5327 4987 4688 3458 1230 420 1387 921 1703 336 340 238 1734 1189 596 545 308
internal_count=15389 12060 10673 9719 4392 5327 4987 4688 3458 1230 420 1387 921 1703 336 340 238 1734 1189 596 545 308
is_linear=0
shrinkage=0.035


Tree=99
num_leaves=23
num_cat=0
split_feature=9 9 23 20 9 5 20 20 12 11 14 11 23 9 12 20 8 27 11 12 24 9
split_gain=18.2811 5.11138 3.44361 3.05469 2.08744 1.91655 2.59963 2.02018 2.05517 1.72485 1.66863 2.60085 1.43592 2.1115 1.31566 1.27457 0.977656 0.942114 2.05254 1.10864 0.882389 0.802157
threshold=13.312221499828377 2.0989685889068528 62950.000000000007 24.500000000000004 0.40370370370370373 6.006203158824877 9.5000000000000018 15.500000000000002 4.4984192253111397 4.6362167221243533 1.0000000180025095e-35 0.91617599132032257 40250.000000000007 0.28576014119515097 0.52004063163607117 7.5000000000000009 2.1428827258405723 3.5000000000000004 1.6480521608665197 1.3495616193990727 12965.500000000002 0.10912698412698414
decision_type=2 2 2 2 2 2 2 2 2 2 2 2 2 2 2 2 2 2 2 2 2 2
left_child=1 4 -2 5 12 9 -7 8 -8 16 11 -6 15 14 21 -1 -3 -5 19 -19 -18 -14
right_child=2 3 -4 17 10 6 7 -9 -10 -11 -12 -13 13 -15 -16 -17 20 18 -20 -21 -22 -23
leaf_value=-0.026795172920435515 1.9516881063379146 0.077272676902019707 -0.22184430542610181 0.15830753684365678 0.044684992161522705 0.31208174115303688 -0.030077078616430167 0.093677836205784168 -0.18108009825976176 -0.23669132410641619 -0.002494795195867787 -0.065303413532489724 0.002171265158289905 -0.026640829869633974 0.0049156894080692164 0.0025896568197056667 -0.0038969475108584688 0.061512839324836921 0.21855741092288405 -0.067308391887453523 0.31633756354720766 -0.017620274635500623
leaf_weight=58 3414 281 57 1075 46 768 361 917 84 223 2679 86 54 48 89 225 3973 47 291 98 212 297
leaf_count=58 3414 281 57 1075 46 768 361 917 84 223 2679 86 54 48 89 225 3973 47 291 98 212 297
internal_value=0.000913894 0.00026051 0.00314758 0.000736953 -0.000842068 0.000417497 0.00128689 0.000350768 -0.00155556 1.78953e-05 -0.00039027 -0.00416423 -0.00245361 -0.00359939 -0.00271348 -0.000388889 0.000173004 0.00216095 0.000722222 -0.00256667 3.3413e-05 -0.00367697
internal_weight=15383 11912 3471 8330 3582 6819 2130 1362 445 4689 2811 132 771 488 440 283 4466 1511 436 145 4185 351
internal_count=15383 11912 3471 8330 3582 6819 2130 1362 445 4689 2811 132 771 488 440 283 4466 1511 436 145 4185 351
is_linear=0
shrinkage=0.035


Tree=100
num_leaves=23
num_cat=0
split_feature=3 9 9 21 20 20 22 8 21 9 21 20 20 7 7 9 8 14 25 24 20 24
split_gain=17.322 4.2288 3.91629 2.22068 3.30447 4.27503 2.60931 3.33466 1.70789 2.04485 2.01374 3.57301 1.65089 1.93706 3.2722 1.93106 1.61222 1.51895 1.77921 1.46264 1.39442 1.24509
threshold=7.2865913714874226 14.462912087912089 0.91360632121501695 3.5000000000000004 10.500000000000002 16.500000000000004 52360.000000000007 7.5742775742775752 1.5000000000000002 2.3214258814352391 3.5000000000000004 11.500000000000002 5.5000000000000009 19.000701735785487 5.8587960226890932 4.6144343751486616 2.6428517628704777 0.24038461538461542 171.00000000000003 7066.5000000000009 2.5000000000000004 8654.0000000000018
decision_type=2 2 2 2 2 2 2 2 2 2 2 2 2 2 2 2 2 2 2 2 2 2
left_child=2 3 -1 6 -5 19 -2 -8 12 16 -11 -12 13 14 -4 17 -10 18 -14 -6 -16 -13
right_child=1 -3 8 4 5 -7 7 -9 9 10 11 21 15 -15 20 -17 -18 -19 -20 -21 -22 -23
leaf_value=-0.01181493989855137 0.26669102193544575 2.4670940354254771 -0.031707917734138051 0.28769973574402363 -0.29173929203741511 0.046822929519366882 0.21035473613468933 -0.32850063281333497 0.00017892096826958669 0.089358639744705481 0.11555887329196152 -0.017471042527167097 0.10421135976857895 0.59585248701232307 -0.91728440517193321 0.15666145423169386 -0.11814295976053678 0.044112273764874983 -0.022446167639892621 -0.079493717620012116 -0.34090833324695963 -0.10883322328843499
leaf_weight=1549 1948 2863 323 280 70 243 90 45 1965 2532 470 482 112 104 51 634 55 160 992 81 132 203
leaf_count=1549 1948 2863 323 280 70 243 90 45 1965 2532 470 482 112 104 51 634 55 160 992 81 132 203
internal_value=0.000957275 0.00250444 6.41316e-05 0.0015105 -0.00021134 -0.00228947 0.00207519 -0.0025 0.000370438 0.000705882 0.00119637 0 -0.000385794 -0.00196341 -0.00286986 0.00011587 -0.000181481 -0.000664696 -0.00113931 -0.00682051 -0.00655319 -0.00162319
internal_weight=15384 5620 9764 2757 674 394 2083 135 8215 5707 3687 1155 2508 610 506 1898 2020 1264 1104 151 183 685
internal_count=15384 5620 9764 2757 674 394 2083 135 8215 5707 3687 1155 2508 610 506 1898 2020 1264 1104 151 183 685
is_linear=0
shrinkage=0.035


Tree=101
num_leaves=23
num_cat=0
split_feature=9 24 14 4 22 21 21 9 11 25 12 15 10 24 24 7 12 11 11 11 0 10
split_gain=17.6122 3.36905 2.52413 2.16632 2.36633 2.00708 3.74028 2.72422 2.31481 1.74393 1.99404 1.61024 1.98811 1.69022 1.53976 1.72239 1.66394 2.97558 1.40223 1.50128 1.36601 1.30471
threshold=11.060317460317462 12965.500000000002 0.5634920634920636 5.0127769206881263 22034.500000000004 2.5000000000000004 3.5000000000000004 1.5412952862512337 1.1219964034288594 166.00000000000003 4.9374754353777428 1.0000000180025095e-35 0.78679579246944031 11523.000000000002 6315.0000000000009 11.002915714721178 1.8321030838336327 2.4684826500112584 3.5375495293723485 3.9900389529484266 13.956344933018238 1.2411150588942081
decision_type=2 2 2 2 2 2 2 2 2 2 2 2 2 2 2 2 2 2 2 2 2 2
left_child=1 2 5 4 -2 9 7 8 -7 -1 21 13 -13 14 16 -16 -8 -18 -19 -20 -6 -11
right_child=3 -3 -4 -5 20 6 11 -9 -10 10 -12 12 -14 -15 15 -17 17 18 19 -21 -22 -23
leaf_value=0.17785977153551649 0.933083116328014 0.27355400804377905 -0.010978823294981933 1.1735852998390481 -0.39234494155014266 0.0034874636797505615 0.082570745690333389 0.10328567750982325 -0.052123582272676543 0.0056016117775152469 -0.4550101900380869 -0.049952476333362389 0.02616936069458212 -0.16619388849889422 0.14418764177232224 -0.11527426796058581 -0.18744000568122454 0.10105730260639355 -0.18023824862122217 -0.013382505661517318 0.12592243584001592 -0.016851407258364273
leaf_weight=266 272 778 1151 3688 131 275 58 2064 101 1376 52 136 1106 62 322 46 53 105 66 69 159 3151
leaf_count=266 272 778 1151 3688 131 275 58 2064 101 1376 52 136 1106 62 322 46 53 105 66 69 159 3151
internal_value=0.000940292 0.000212329 4.48205e-05 0.0028584 0.000783951 0.000237893 0.000773948 0.00169632 -0.00100131 -0.000252577 -0.000416885 -0.000331361 0.000440658 -0.00157634 -0.0010442 0.000497319 -0.00269382 -0.00378188 -0.00192857 -0.00425 -0.00136441 -0.000330538
internal_weight=15487 11237 10459 4250 562 9308 4463 2440 376 4845 4579 2023 1242 781 719 368 351 293 240 135 290 4527
internal_count=15487 11237 10459 4250 562 9308 4463 2440 376 4845 4579 2023 1242 781 719 368 351 293 240 135 290 4527
is_linear=0
shrinkage=0.035


Tree=102
num_leaves=23
num_cat=0
split_feature=9 8 6 20 24 12 11 21 20 11 20 7 23 20 21 21 24 22 8 22 20 14
split_gain=18.0347 4.31432 3.14535 3.20622 2.48582 2.39236 2.04078 1.77872 3.32045 2.21823 2.08583 2.94781 1.67022 1.72196 1.64142 1.73754 4.89807 2.52033 2.17389 1.60852 1.6043 1.84263
threshold=13.720201117958425 0.64512287944562419 10.000130448439306 17.500000000000004 12965.500000000002 4.4984192253111397 1.9400351192017824 1.5000000000000002 8.5000000000000018 1.345743712300737 9.5000000000000018 5.8587960226890932 60300.000000000007 5.5000000000000009 3.5000000000000004 2.5000000000000004 4326.0000000000009 22034.500000000004 1.3580155746509133 13885.000000000002 11.500000000000002 0.13392857142857145
decision_type=2 2 2 2 2 2 2 2 2 2 2 2 2 2 2 2 2 2 2 2 2 2
left_child=1 -1 3 5 -2 7 -5 10 9 -9 11 -3 13 -13 15 16 17 19 -17 -10 -16 -22
right_child=4 2 -4 6 -6 -7 -8 8 14 -11 -12 12 -14 -15 20 18 -18 -19 -20 -21 21 -23
leaf_value=-0.01123606684337846 1.9270621501707106 -0.027161822568651756 0.30722329380418056 0.005183664747484381 -0.32925314944896916 -0.1757165928210673 0.14097565344380608 -0.0075201119973177131 -0.056193341387680375 0.08564674675811397 0.0075026234389487011 -0.87388956379690608 0.0048133461894319905 -0.32631031671827065 0.015597471683256991 -0.01246042841954974 0.050032208071402094 -0.17624490198896908 0.074676506534601048 0.022417066686655444 -0.12122784615950338 0.018839760230674282
leaf_weight=1275 3334 562 929 2236 50 344 1862 505 93 1397 654 70 45 63 215 87 411 108 641 138 330 97
leaf_count=1275 3334 562 929 2236 50 344 1862 505 93 1397 654 70 45 63 215 87 411 108 641 138 330 97
internal_value=0.000913113 0.000277575 0.000506579 0.00032044 0.00316952 -0.000209453 0.00106885 -2.51797e-05 0.000345046 0.00140771 -0.00110329 -0.00237248 -0.0062541 -0.00816667 -0.000601176 3.06812e-05 -0.00113576 -0.00423256 0.0012558 -0.00198729 -0.00207187 -0.00330556
internal_weight=15446 12062 10787 9858 3384 5760 4098 5416 4022 1902 1394 740 178 133 2120 1478 750 339 728 231 642 427
internal_count=15446 12062 10787 9858 3384 5760 4098 5416 4022 1902 1394 740 178 133 2120 1478 750 339 728 231 642 427
is_linear=0
shrinkage=0.035


Tree=103
num_leaves=23
num_cat=0
split_feature=8 4 15 8 3 20 20 12 20 24 10 12 3 5 10 1 12 12 24 11 24 1
split_gain=16.1417 4.30293 2.15152 1.50399 1.96229 1.3853 4.7457 1.12322 1.10633 1.00836 1.00157 1.41117 0.98553 1.13801 0.954461 1.0217 0.862999 0.812807 0.757298 0.713257 0.715897 0.679421
threshold=13.88340686769144 5.0127769206881263 0.45643939393939398 9.985740888138297 5.3595203124901198 9.5000000000000018 16.500000000000004 2.5638158698470939 26.500000000000004 12965.500000000002 3.8297084310253529 4.1039126347782684 4.8818523456395821 4.8705795993534231 1.4638501094228007 5.9272486772486781 1.1605970628177278 3.5896557816992414 9349.5000000000018 1.6101389151895156 3555.0000000000005 1.9999246801866812
decision_type=2 2 2 2 2 2 2 2 2 2 2 2 2 2 2 2 2 2 2 2 2 2
left_child=1 2 3 8 -5 -3 10 -2 9 -1 11 14 13 -4 -7 -16 21 -12 -6 -8 -21 -10
right_child=7 5 12 4 18 6 19 -9 16 -11 17 -13 -14 -15 15 -17 -18 -19 -20 20 -22 -23
leaf_value=0.00023309604110363237 -0.05984798252692454 0.2073852102765695 -0.010285472980387202 -0.39254200105629955 0.38363566488116096 0.14627723252999275 -0.025098338055963749 1.7196149749147356 0.043441581732223546 0.38057903997425713 0.2216561120464004 -0.32093965025149618 -0.023862449234665736 0.0060238439002925533 -0.12261545146510815 -0.036728613954094172 0.083777018938877887 -0.023461032622836667 -0.30661641503349152 -0.0035523598050097721 0.23021392614794772 -0.047748736973182472
leaf_weight=5978 88 856 1196 79 75 58 55 3227 79 117 85 48 50 167 105 305 634 223 68 174 1664 58
leaf_count=5978 88 856 1196 79 75 58 55 3227 79 117 85 48 50 167 105 305 634 223 68 174 1664 58
internal_value=0.000905808 0.000309753 -0.000116859 0.000129776 -0.0026674 0.0013284 0.000928362 0.00306777 0.00022464 6.31149e-05 -0.00127081 -0.00221017 -0.00136248 -0.00115643 -0.00153171 -0.0021506 0.00147036 0.000257189 -4.72972e-05 0.00189568 0.00201872 -0.00093662
internal_weight=15389 12074 8501 7088 222 3573 2717 3315 6866 6095 824 516 1413 1363 468 410 771 308 143 1893 1838 137
internal_count=15389 12074 8501 7088 222 3573 2717 3315 6866 6095 824 516 1413 1363 468 410 771 308 143 1893 1838 137
is_linear=0
shrinkage=0.035


Tree=104
num_leaves=23
num_cat=0
split_feature=9 9 21 20 21 20 22 9 20 24 15 21 12 4 4 22 21 20 27 7 24 24
split_gain=16.304 4.47044 2.90341 4.73336 3.48224 4.07565 3.09398 4.25432 2.73367 2.52415 1.78951 3.40869 1.72531 1.51564 1.44084 1.3474 1.29452 3.05309 1.72769 1.3066 1.64191 2.79032
threshold=14.289115646258507 3.7503880141252837 3.5000000000000004 10.500000000000002 2.5000000000000004 17.500000000000004 52360.000000000007 7.1434714651971118 16.500000000000004 7066.5000000000009 0.68139097744360921 3.5000000000000004 4.1039126347782684 5.2852117926282993 10.946439606378263 19263.000000000004 1.5000000000000002 9.5000000000000018 3.5000000000000004 5.5821741259895017 12965.500000000002 8120.5000000000009
decision_type=2 2 2 2 2 2 2 2 2 2 2 2 2 2 2 2 2 2 2 2 2 2
left_child=1 10 4 -4 5 6 16 -8 9 14 -1 -12 -11 15 -5 -2 17 19 -18 -3 21 -21
right_child=13 2 3 8 -6 -7 7 -9 -10 12 11 -13 -14 -15 -16 -17 18 -19 -20 20 -22 -23
leaf_value=-0.00025855480675410382 1.7879227094070815 -0.024988028410024891 0.29763596721291119 -0.11470170513017382 0.37383411082192458 0.25977877511516323 0.11097276107679988 -0.3050739588809368 -0.043138508846269345 0.10124215916292589 -0.0048469022440579502 -0.022191702955140977 -0.14909795274590409 2.2194284507927193 -0.3463715271105996 -0.1743127869019255 0.2715793140718345 0.095298938359722044 -0.093682834298509557 -0.29795242506603209 0.17166277074018191 -0.8501467746080229
leaf_weight=6316 196 207 414 49 1352 1156 77 70 443 80 500 159 66 2802 57 206 455 357 223 143 50 52
leaf_count=6316 196 207 414 49 1352 1156 77 70 443 80 500 159 66 2802 57 206 455 357 223 143 50 52
internal_value=0.000962585 0.000378015 0.00114935 -0.000427289 0.00157572 0.000857782 -0.000258389 -0.00501974 -0.0022 -0.00507977 -0.000200573 -0.00192922 -0.00183113 0.0031837 -0.00911261 0.00109214 0.000215818 -0.000713759 0.00134773 -0.00262691 -0.00434 -0.005775
internal_weight=15430 12226 5251 1109 4142 2790 1634 147 695 252 6975 659 146 3204 106 402 1487 809 678 452 245 195
internal_count=15430 12226 5251 1109 4142 2790 1634 147 695 252 6975 659 146 3204 106 402 1487 809 678 452 245 195
is_linear=0
shrinkage=0.035


Tree=105
num_leaves=23
num_cat=0
split_feature=9 5 21 20 20 12 20 21 22 20 7 7 23 22 12 12 3 21 21 22 9 11
split_gain=17.0759 4.73567 3.74063 5.79248 3.18537 2.335 1.87232 2.11591 2.38202 2.81022 2.04768 2.03924 2.06879 1.87501 1.86345 1.71234 1.4404 1.40954 2.75678 2.26906 1.33986 1.27678
threshold=14.462912087912089 5.0238095238095246 3.5000000000000004 11.500000000000002 16.500000000000004 0.46454078355228479 15.500000000000002 1.5000000000000002 52360.000000000007 8.5000000000000018 3.8561343066402523 5.8587960226890932 60300.000000000007 4464.0000000000009 4.1039126347782684 5.1133023615464532 5.7048596889145831 2.5000000000000004 3.5000000000000004 17236.500000000004 8.6090456859449613 0.90860567228300571
decision_type=2 2 2 2 2 2 2 2 2 2 2 2 2 2 2 2 2 2 2 2 2 2
left_child=1 5 20 -4 14 -1 7 8 9 11 17 13 -13 -7 -5 -6 -2 21 -19 -20 -3 -8
right_child=16 2 3 4 15 6 10 -9 -10 -11 -12 12 -14 -15 -16 -17 -18 18 19 -21 -22 -23
leaf_value=-0.011085884870663476 0.034284480924696291 0.079374521029372258 0.28665220554257842 -0.12318615648045884 -0.0022437557531545353 -0.12651224926874849 0.0065351627440156561 0.00070427014619104918 -0.11370652654493754 0.017721022728354852 0.15442456410097019 -0.52973344522126276 0.16581347537516022 -0.01754750644769296 -0.31684811628444398 -0.39045520288681845 2.138031961801119 0.042749730504325935 0.029279104500512462 -0.042642530606680655 0.39618800742381227 -0.017645159779437036
leaf_weight=421 217 1234 378 85 326 54 314 3024 126 643 793 172 46 429 79 45 2901 883 198 353 1278 1322
leaf_count=421 217 1234 378 85 326 54 314 3024 126 643 793 172 46 429 79 45 2901 883 198 353 1278 1322
internal_value=0.000887446 0.000294725 0.00139796 -0.000503268 -0.00285185 -0.000134293 -3.34835e-06 -0.000490887 -0.00157797 -0.00111824 0.000559204 -0.00264731 -0.00544619 -0.00130533 -0.00685503 -0.000968085 0.00319741 0.000142277 0.000946143 -0.000969424 0.00209555 -0.000552407
internal_weight=15321 12203 3425 913 535 8778 8357 4494 1470 1344 3863 701 218 483 164 371 3118 3070 1434 551 2512 1636
internal_count=15321 12203 3425 913 535 8778 8357 4494 1470 1344 3863 701 218 483 164 371 3118 3070 1434 551 2512 1636
is_linear=0
shrinkage=0.035


Tree=106
num_leaves=23
num_cat=0
split_feature=9 9 21 21 20 20 7 7 7 12 21 24 4 24 24 24 22 9 12 12 23 24
split_gain=16.2834 4.60776 2.5411 3.49469 7.37363 3.36969 4.43707 2.70382 2.47423 2.00669 1.90575 1.78814 1.74072 1.73698 2.66654 1.6385 1.62856 1.6212 1.55577 1.83988 5.00565 1.50945
threshold=14.462912087912089 2.3214258814352391 1.5000000000000002 3.5000000000000004 10.500000000000002 9.5000000000000018 4.1439643496121894 12.715694393364142 5.8587960226890932 0.46454078355228479 2.5000000000000004 8654.0000000000018 5.2852117926282993 10740.000000000002 8120.5000000000009 4685.0000000000009 19263.000000000004 10.000255712332782 2.508496812003508 3.9879809966218258 62950.000000000007 4326.0000000000009
decision_type=2 2 2 2 2 2 2 2 2 2 2 2 2 2 2 2 2 2 2 2 2 2
left_child=1 9 5 10 -5 8 -7 11 -3 -1 17 21 16 14 15 -10 -2 -4 -13 -20 -21 -6
right_child=12 2 3 4 7 6 -8 -9 13 -11 -12 18 -14 -15 -16 -17 -18 -19 19 20 -22 -23
leaf_value=-0.010697878894328815 1.6209714158774591 -0.015912826541280661 0.025011852675681054 0.17616477734671018 -0.037829383652219613 -0.020978832386586117 0.19884012204833956 -0.2944476406280237 -0.39721348813880614 -0.0044887896186195141 0.16116301921686083 -0.15926554739825149 2.1521673080592612 0.1643144974370494 -0.85521404308926774 -0.016813844999403589 -0.15416801535464875 0.40518534092790326 0.057164072479056589 -0.33989071196250503 0.01795171560712153 0.13440327530441026
leaf_weight=431 204 397 1570 697 387 584 986 105 50 3732 2084 70 2760 59 68 92 205 335 157 57 94 287
leaf_count=431 204 397 1570 697 387 584 986 105 50 3732 2084 70 2760 59 68 92 205 335 157 57 94 287
internal_value=0.000934484 0.000353515 0.000841663 0.00122572 -2.07099e-05 -0.000154618 0.000722222 -0.00174096 -0.0022377 -0.000589491 0.00180871 -0.00116887 0.00316919 -0.00480292 -0.00626744 -0.00316667 0.000963768 0.000989529 -0.00307963 -0.00186741 -0.00457692 -5.67009e-05
internal_weight=15411 12242 8079 5843 1854 2236 1570 1157 666 4163 3989 1052 3169 269 210 142 409 1905 378 308 151 674
internal_count=15411 12242 8079 5843 1854 2236 1570 1157 666 4163 3989 1052 3169 269 210 142 409 1905 378 308 151 674
is_linear=0
shrinkage=0.035


Tree=107
num_leaves=23
num_cat=0
split_feature=6 11 20 12 21 21 8 20 21 21 4 20 11 22 24 23 8 7 20 24 20 8
split_gain=16.7004 4.07739 2.62872 2.40756 1.69888 1.69265 1.59445 2.11393 2.59639 2.34026 2.98329 1.57192 1.52541 1.51462 1.46997 1.76098 1.18047 1.15823 1.15536 1.04181 0.994443 0.970076
threshold=10.000130448439306 2.4078641832698486 16.500000000000004 0.46454078355228479 3.5000000000000004 2.5000000000000004 16.717976190476197 7.5000000000000009 1.5000000000000002 3.5000000000000004 11.732222665358453 22.500000000000004 2.4037866427327548 52360.000000000007 9795.0000000000018 39000.000000000007 4.2892358030168598 5.8587960226890932 12.500000000000002 4326.0000000000009 13.500000000000002 4.432092945874003
decision_type=2 2 2 2 2 2 2 2 2 2 2 2 2 2 2 2 2 2 2 2 2 2
left_child=1 3 6 5 -4 20 7 8 14 13 18 -7 16 21 15 19 -5 -14 -11 -3 -1 -9
right_child=-2 2 4 12 -6 11 -8 9 -10 10 -12 -13 17 -15 -16 -17 -18 -19 -20 -21 -22 -23
leaf_value=-0.010341131803862133 0.77603647921913732 -0.30625042143930242 0.25425616838659293 -0.00055950628185744307 -0.0062613060966258691 -0.0067950031811149156 1.3929838726506554 -0.034511923776391562 0.24033424024217975 0.019874127016469165 -0.30192021231160437 -0.027802713943694119 -0.04339513845004727 -0.24139356734976541 0.16243119376230142 -0.49153168023895549 0.14655709977644282 -0.66290869427826704 -0.092773342627780489 0.60679974106969314 0.011836120320665843 0.065824986755673345
leaf_weight=119 3269 45 1533 6428 315 139 348 89 634 137 86 51 190 85 91 57 647 90 103 47 136 778
leaf_count=119 3269 45 1533 6428 315 139 348 89 634 137 86 51 190 85 91 57 647 90 103 47 136 778
internal_value=0.000917326 0.000317658 0.00117632 -0.000159193 0.00217782 -0.00264444 0.000426148 6.00372e-05 0.00138965 -0.00083749 -0.00337311 -0.00511538 -4.7553e-06 2.5601e-05 -0.00164286 -0.00377273 9.39267e-05 -0.00251754 -0.00121429 -0.000469072 -0.000673077 0.000489679
internal_weight=15417 12148 4348 7800 1848 445 2500 2152 874 1278 326 190 7355 952 240 149 7075 280 240 92 255 867
internal_count=15417 12148 4348 7800 1848 445 2500 2152 874 1278 326 190 7355 952 240 149 7075 280 240 92 255 867
is_linear=0
shrinkage=0.035


Tree=108
num_leaves=23
num_cat=0
split_feature=8 8 20 3 11 15 21 25 22 21 20 21 24 24 8 24 8 24 20 11 11 7
split_gain=15.0738 2.93679 2.39457 1.9714 1.91226 1.41414 1.52284 1.45248 1.12434 1.09729 3.30591 3.2572 1.84683 2.29618 7.38014 1.68391 4.17472 1.58971 1.41666 1.31841 1.43995 1.57524
threshold=13.88340686769144 4.0036998727253499 25.500000000000004 5.154761904761906 7.0733981651269149 0.46291208791208799 3.5000000000000004 499.50000000000006 19263.000000000004 3.5000000000000004 8.5000000000000018 2.5000000000000004 10740.000000000002 7576.0000000000009 7.7870228156727048 4326.0000000000009 6.5742775742775752 5457.0000000000009 12.500000000000002 3.270893572137989 2.4037866427327548 8.4368134822490894
decision_type=2 2 2 2 2 2 2 2 2 2 2 2 2 2 2 2 2 2 2 2 2 2
left_child=1 5 4 8 9 -1 -7 -8 -2 11 -11 12 13 15 -15 16 -3 -17 -16 20 -19 -22
right_child=3 2 -4 -5 -6 6 7 -9 -10 10 -12 -13 -14 14 18 17 -18 19 -20 -21 21 -23
leaf_value=0.0020465354310685645 1.3414163215510289 0.077281344332877533 0.39149265110514631 1.6144302037971914 -0.28851130629271643 -0.0058289092133070267 -0.022690463790366759 -0.00056736137340553843 -0.22015802313833094 0.29413611682274016 -0.084059925053154433 0.27277853276700398 0.237834174278995 0.014561195096191675 -0.51807459041916992 0.18290308407398265 -0.29988836317815759 0.5081725100282426 -0.10064093907931516 0.17379997497377647 -0.22521447444777534 0.19167566710743275
leaf_weight=5706 104 240 721 3141 71 1082 190 115 129 315 702 1030 484 360 73 486 73 53 48 181 90 52
leaf_count=5706 104 240 721 3141 71 1082 190 115 129 315 702 1030 484 360 73 486 73 53 48 181 90 52
internal_value=0.000935765 0.000355593 0.00100702 0.00300281 0.000683908 -9.96054e-05 -0.00110129 -0.00327419 -2.94116e-05 0.000786498 -0.00019863 0.00110787 0.000318182 -0.000229681 -0.00226132 0.00059322 -0.00156289 0.00140081 -0.00955556 -0.000266404 -0.002275 -0.00411905
internal_weight=15446 12072 4979 3374 4258 7093 1387 305 233 4187 1017 3170 2140 1656 481 1175 313 862 121 376 195 142
internal_count=15446 12072 4979 3374 4258 7093 1387 305 233 4187 1017 3170 2140 1656 481 1175 313 862 121 376 195 142
is_linear=0
shrinkage=0.035


Tree=109
num_leaves=23
num_cat=0
split_feature=9 12 21 21 8 4 22 5 11 15 21 10 10 25 24 22 25 25 25 25 11 8
split_gain=16.4116 3.3439 2.75467 3.96824 2.45379 2.25682 1.90081 1.7961 1.55468 1.3017 1.73659 1.23402 1.14974 1.11339 1.06776 0.908486 0.88633 1.14782 0.93954 1.54158 3.7245 0.919944
threshold=14.462912087912089 1.6212660839986039 3.5000000000000004 2.5000000000000004 12.792517006802724 5.2852117926282993 19263.000000000004 8.0097912782270964 4.6362167221243533 0.63961038961038974 3.5000000000000004 0.95118973121134187 0.89973541084243791 729.50000000000011 9795.0000000000018 34795.000000000007 166.00000000000003 210.50000000000003 248.50000000000003 294.00000000000006 2.8797713520158221 8.1867720655255276
decision_type=2 2 2 2 2 2 2 2 2 2 2 2 2 2 2 2 2 2 2 2 2 2
left_child=1 9 3 7 11 6 -2 16 -6 -1 -11 -4 -5 -14 -8 -12 21 -18 -19 20 -20 -3
right_child=5 2 4 12 8 -7 14 -9 -10 10 15 -13 13 -15 -16 -17 17 18 19 -21 -22 -23
leaf_value=-0.0025412526227108724 1.453404224046678 0.20338984111728059 -0.11780944187715246 -0.13010142440383637 -0.36919564243359809 1.9818424860987984 -0.37246938762287257 0.20176338420102655 -0.25335824733228218 -0.0061304998630701182 -0.0072513367987811677 0.0065054045737400722 0.21547826728848357 0.046617551418031089 0.28597445500281343 -0.011115277478832898 -0.05479218960454376 0.16986926585306969 0.018301387884073182 0.017981718210934802 -0.33797734270209856 -0.080824833987086647
leaf_weight=4079 203 196 58 47 45 2757 86 772 116 619 103 1506 1443 334 117 109 707 340 152 1482 53 46
leaf_count=4079 203 196 58 47 45 2757 86 772 116 619 103 1506 1443 334 117 109 707 340 152 1482 53 46
internal_value=0.000857073 0.000272847 0.000748699 0.00112776 -0.000465318 0.00310227 0.000604623 0.000469092 -0.00451205 -0.000430824 -0.00169139 -2.45378e-05 0.00246665 0.00261616 -0.00171635 -0.00440323 7.16204e-05 -0.000103505 0.000313484 -1.65483e-05 -0.00283333 0.002083
internal_weight=15370 12207 7297 5572 1725 3163 406 3748 161 4910 831 1564 1824 1777 203 212 2976 2734 2027 1687 205 242
internal_count=15370 12207 7297 5572 1725 3163 406 3748 161 4910 831 1564 1824 1777 203 212 2976 2734 2027 1687 205 242
is_linear=0
shrinkage=0.035


Tree=110
num_leaves=23
num_cat=0
split_feature=5 14 11 20 0 3 6 10 12 0 12 22 27 12 23 20 21 12 10 14 12 12
split_gain=15.1366 4.15467 2.27548 1.75103 1.34937 1.14875 1.82209 1.36038 2.57035 1.11162 1.3423 1.36795 1.20519 1.86176 1.12033 1.04516 0.983418 1.97124 1.20454 1.04215 0.977479 1.2896
threshold=10.000130448439306 0.5634920634920636 2.4078641832698486 18.500000000000004 7.6490941251795528 2.95813533133922 3.9525573149729878 0.75592894601845484 0.46454078355228479 13.956344933018238 4.848385629559175 19263.000000000004 2.5000000000000004 6.8727569651421678 62950.000000000007 7.5000000000000009 1.5000000000000002 1.2957609874351619 2.3608110074759998 0.21825396825396828 0.65861480268624806 0.74446813513595367
decision_type=2 2 2 2 2 2 2 2 2 2 2 2 2 2 2 2 2 2 2 2 2 2
left_child=1 2 16 9 -2 6 7 8 -3 10 15 -12 -13 -14 -11 -4 17 -1 19 -19 -9 -22
right_child=4 5 3 -5 -6 -7 -8 20 -10 14 11 12 13 -15 -16 -17 -18 18 -20 -21 21 -23
leaf_value=0.018531340763122909 0.059426729669578682 -0.0092693686660873381 0.11716994089120041 0.20965994098621343 0.87068113707643047 -0.023453052232485151 0.0072366951804640903 -0.0016407759639923611 0.0029672226217822063 0.32287273481802609 1.4235238133116239 -0.36415854013552501 0.025947678688279446 -0.25860986891654558 -0.17555523598303302 -0.00022277086596809705 0.0062208870641956441 -0.043454107775172182 0.16683283991914616 0.039448658336720795 -0.05747011976336986 -0.038784358607826967
leaf_weight=503 329 258 667 1324 3270 45 230 49 381 563 73 47 131 67 62 1158 4674 1206 82 118 54 129
leaf_count=503 329 258 667 1324 3270 45 230 49 381 563 73 47 131 67 62 1158 4674 1206 82 118 54 129
internal_value=0.000901945 0.000294774 0.000511236 0.00115926 0.00288818 -0.00169983 -0.00143671 -0.00217352 -0.00128261 0.000647494 0.000257449 -0.0018096 -0.00308 -0.00167241 0.00194444 0.000631148 0.000105191 -0.000559561 -0.00123777 -0.00150376 -0.00447468 -0.00562234
internal_weight=15420 11821 10675 4092 3599 1146 1101 871 639 2768 2143 318 245 198 625 1825 6583 1909 1406 1324 232 183
internal_count=15420 11821 10675 4092 3599 1146 1101 871 639 2768 2143 318 245 198 625 1825 6583 1909 1406 1324 232 183
is_linear=0
shrinkage=0.035


Tree=111
num_leaves=23
num_cat=0
split_feature=9 9 21 21 20 20 7 0 8 21 12 8 25 4 24 23 24 24 12 23 20 9
split_gain=15.8789 3.58983 2.52456 3.61853 5.82765 3.53514 3.62113 2.68924 2.27505 1.82582 1.69307 1.70402 1.60428 1.54838 1.43794 1.38956 1.38368 1.80678 1.33888 1.31192 2.98187 1.25341
threshold=15.250178571428574 2.3214258814352391 1.5000000000000002 3.5000000000000004 10.500000000000002 9.5000000000000018 4.1439643496121894 5.9680479807034317 12.792517006802724 2.5000000000000004 0.46454078355228479 2.6428517628704777 381.00000000000006 5.2852117926282993 3792.0000000000005 23700.000000000004 12965.500000000002 8120.5000000000009 1.3620972114816998 62950.000000000007 17.500000000000004 7.3945540415640245
decision_type=2 2 2 2 2 2 2 2 2 2 2 2 2 2 2 2 2 2 2 2 2 2
left_child=1 10 5 9 -5 7 18 -3 -6 12 -1 -12 21 15 -14 -2 17 -9 -7 -8 -21 -4
right_child=13 2 3 4 8 6 19 16 -10 -11 11 -13 14 -15 -16 -17 -18 -19 -20 20 -22 -23
leaf_value=-0.008348522378998401 1.4080148588459565 -0.023048221884363236 0.033641642678614844 0.14880678678028444 -0.035451674538625112 0.12409479669859107 0.2267902381154249 -0.20723431251261173 -0.35694565836170994 0.14749339591995317 -0.0020631540298244469 -0.11293855698934263 0.0057716753105678436 2.0530868818305068 0.18693620406523925 -0.12523322972090201 0.033061030349772945 -0.77845190803196895 -0.033477009142979172 -0.25267840127423224 0.27845215530264583 -0.057438654879992064
leaf_weight=412 195 430 687 673 1050 67 860 125 103 2122 3714 63 271 2611 551 172 50 73 569 65 112 459
leaf_count=412 195 430 687 673 1050 67 860 125 103 2122 3714 63 271 2611 551 172 50 73 569 65 112 459
internal_value=0.000877097 0.000326098 0.000749758 0.00113553 -0.00015101 -0.000213922 0.000642432 -0.00234187 -0.00166839 0.00171368 -0.000505722 -0.000266526 0.000927775 0.00317147 0.00210339 0.000959678 -0.00521541 -0.0065 -0.0014142 0.00192131 -0.000730769 6.38576e-05
internal_weight=15434 12456 8267 5916 1826 2351 1673 678 1153 4090 4189 3777 1968 2978 822 367 248 198 636 1037 177 1146
internal_count=15434 12456 8267 5916 1826 2351 1673 678 1153 4090 4189 3777 1968 2978 822 367 248 198 636 1037 177 1146
is_linear=0
shrinkage=0.035


Tree=112
num_leaves=23
num_cat=0
split_feature=9 9 20 23 9 3 21 3 12 24 21 9 24 8 3 12 24 25 22 21 12 8
split_gain=15.6285 3.15798 2.55645 2.22314 1.62944 1.40853 1.8063 1.3508 1.21371 1.40525 1.35616 1.89482 4.66992 2.84497 1.58655 1.58503 2.01414 2.07821 1.87721 1.80469 1.55406 1.52493
threshold=11.727127523016275 1.0014611999653302 24.500000000000004 62950.000000000007 13.898167688792691 4.8818523456395821 1.5000000000000002 5.3595203124901198 5.344229829067797 12965.500000000002 2.5000000000000004 7.3945540415640245 8120.5000000000009 7.5742775742775752 7.9927388748624617 1.2489474020857629 4472.0000000000009 381.00000000000006 34795.000000000007 1.5000000000000002 3.6201961418989588 2.2857089057276201
decision_type=2 2 2 2 2 2 2 2 2 2 2 2 2 2 2 2 2 2 2 2 2 2
left_child=1 5 8 7 -5 6 -1 -2 9 10 11 15 13 -13 -14 -3 17 21 -18 -20 -15 -17
right_child=3 2 -4 4 -6 -7 -8 -9 -10 -11 -12 12 14 20 -16 16 18 -19 19 -21 -22 -23
leaf_value=0.0081511973663540571 0.06716152855428846 0.03713837933398359 0.07476791120286834 0.36555366510940379 -0.35441618234689426 -0.035886153316765937 -0.0079596563930850756 1.1358802815316884 -0.11995354859665273 0.20032620217877045 0.014999021072644884 -0.18025380511848826 -0.13417403550454643 -0.059233008300252001 -0.27790601227694534 -0.0053556939197662041 0.18932287511224619 0.0055696660139593372 -0.037918805771142768 0.039534474369669691 0.24999950582280514 -0.084242571573863056
leaf_weight=374 253 467 1758 87 48 90 1198 3622 93 658 3650 51 84 209 65 311 342 701 375 399 202 372
leaf_count=374 253 467 1758 87 48 90 1198 3622 93 658 3650 51 84 209 65 311 342 701 375 399 202 372
internal_value=0.000906903 0.000243687 0.000485732 0.00278518 -0.0015 -0.00116107 -0.00089442 0.00294072 0.000216558 0.00026657 0.000122425 -0.000358498 -0.002125 -0.00032227 -0.00740909 2.35545e-06 -0.000342315 -0.00123722 0.000752453 -0.00018421 0.000639423 -0.00260465
internal_weight=15409 11399 9737 4010 135 1662 1572 3875 7979 7886 7228 3578 611 462 149 2967 2500 1384 1116 774 411 683
internal_count=15409 11399 9737 4010 135 1662 1572 3875 7979 7886 7228 3578 611 462 149 2967 2500 1384 1116 774 411 683
is_linear=0
shrinkage=0.035


Tree=113
num_leaves=23
num_cat=0
split_feature=9 8 21 21 20 22 24 8 25 24 8 25 9 24 7 7 24 5 7 6 20 25
split_gain=16.6917 3.29577 2.24731 5.10435 4.79734 2.51832 2.42569 4.2231 2.32056 2.06899 1.99398 1.75746 3.00047 4.18901 3.03448 2.60236 1.60063 1.6159 1.37308 1.80111 1.72798 1.62788
threshold=14.289115646258507 1.3448453054809033 2.5000000000000004 3.5000000000000004 9.5000000000000018 13885.000000000002 4472.0000000000009 6.9302041229404709 381.00000000000006 5457.0000000000009 12.792517006802724 421.00000000000006 7.2857189445871189 8654.0000000000018 7.5794952464254495 7.5612451726400796 3792.0000000000005 5.9272486772486781 2.714197881277439 4.8281303029948344 8.5000000000000018 180.50000000000003
decision_type=2 2 2 2 2 2 2 2 2 2 2 2 2 2 2 2 2 2 2 2 2 2
left_child=1 -1 6 -4 -5 -6 7 8 18 -8 16 12 -11 15 -15 -14 17 -7 20 -20 -3 -22
right_child=-2 2 3 4 5 10 9 -9 -10 11 -12 -13 13 14 -16 -17 -18 -19 19 -21 21 -23
leaf_value=-0.0077959443358944997 1.5257774988373345 0.077570362693092157 0.09071584160915544 0.10656078425648559 0.065163530210015377 -0.056567999391026878 0.18955836695769487 -0.31841306396064217 0.032494968789835793 0.032269986185102989 -0.34431719168155261 0.041681891335930567 -0.18674989205602741 -0.027666941918683782 -0.37841481087016182 0.13092545514751008 -0.027575261585626537 -0.13539748111261346 -0.13232230259286784 -0.042864012970440492 0.0045381048815412717 -0.032632010715467341
leaf_weight=2181 3212 173 2621 765 150 205 617 66 988 884 104 953 56 114 129 345 947 57 118 206 228 378
leaf_count=2181 3212 173 2621 765 150 205 617 66 988 884 104 953 56 114 129 345 947 57 118 206 228 378
internal_value=0.000820023 0.000230675 0.00049822 0.0010412 -0.000183385 -0.00136376 0 -0.00090333 -0.000607824 0.000623751 -0.00186419 0.000163315 -0.000563927 -0.00237827 -0.00595564 -0.00012069 -0.00142998 -0.00384082 -0.00171209 -0.00362766 -0.000875 -0.00177005
internal_weight=15497 12285 10104 4849 2228 1463 5255 2157 2091 3098 1313 2481 1528 644 243 401 1209 262 1103 324 779 606
internal_count=15497 12285 10104 4849 2228 1463 5255 2157 2091 3098 1313 2481 1528 644 243 401 1209 262 1103 324 779 606
is_linear=0
shrinkage=0.035


Tree=114
num_leaves=23
num_cat=0
split_feature=8 12 20 12 6 3 20 4 8 24 22 25 22 12 12 8 22 25 20 20 7 12
split_gain=15.0647 4.95131 2.51578 2.10744 1.81154 1.76671 1.52004 2.42543 2.75064 1.47072 2.4755 1.28791 1.17119 1.3632 1.28491 1.04222 1.04213 1.02511 1.06486 1.02352 0.979503 1.38679
threshold=15.220948028251184 1.6212660839986039 17.500000000000004 0.46454078355228479 1.9961375386208424 6.9966807769941894 11.500000000000002 5.0127769206881263 9.5719246031746064 10740.000000000002 22034.500000000004 200.00000000000003 31960.500000000004 4.6258045893660116 5.0271011165840376 11.072005956955199 19263.000000000004 729.50000000000011 14.500000000000002 13.500000000000002 3.7151433660867341 1.7994708216848749
decision_type=2 2 2 2 2 2 2 2 2 2 2 2 2 2 2 2 2 2 2 2 2 2
left_child=1 3 6 4 -1 16 7 8 -3 10 -10 -12 -8 15 -15 -14 -2 18 -5 -6 21 -4
right_child=5 2 20 17 19 -7 12 -9 9 -11 11 -13 13 14 -16 -17 -18 -19 -20 -21 -22 -23
leaf_value=-0.0096163844656120302 1.1526391322677956 0.019119311308191882 0.053330353230643134 -0.015067735822200928 -0.010113165025957547 1.7480707566761746 0.015046752149777319 0.13983354286823743 0.13886275586520314 0.057676627670178511 -0.21803281488208823 -0.70259561137207316 -0.048939439118912138 -0.21140412829504895 -0.059202805444500482 0.47695101587944461 -0.35026761828120934 0.06753971081032302 0.00032807542636282909 0.01340705554339823 0.17534337958922991 -0.013473523225635577
leaf_weight=252 96 1443 345 1940 76 2798 714 1130 45 76 46 52 619 56 81 83 107 267 2229 89 2267 546
leaf_count=252 96 1443 345 1940 76 2798 714 1130 45 76 46 52 619 56 81 83 107 267 2229 89 2267 546
internal_value=0.000811548 0.000269274 0.000833511 -0.000599423 -0.00296919 0.00303426 0.000281609 0.000772077 -6.9286e-05 -0.0036875 -0.00572297 -0.00873301 -0.000588575 -0.0014763 -0.0046338 -0.000806931 -3.36537e-05 -0.000369624 -0.000508146 0 0.00158568 0.000570313
internal_weight=15357 12356 7503 4853 417 3001 4345 2792 1662 219 143 98 1553 839 137 702 203 4436 4169 165 3158 891
internal_count=15357 12356 7503 4853 417 3001 4345 2792 1662 219 143 98 1553 839 137 702 203 4436 4169 165 3158 891
is_linear=0
shrinkage=0.035


Tree=115
num_leaves=23
num_cat=0
split_feature=9 9 21 20 21 20 20 21 20 26 20 24 24 8 22 10 12 9 24 24 24 7
split_gain=16.247 3.0655 2.82596 4.21916 4.04397 3.78319 2.5507 1.94178 1.73479 1.64142 1.55305 1.42247 2.43394 2.68089 1.37085 1.36072 2.69606 1.31861 1.28543 1.23554 1.14831 1.10261
threshold=16.000142857142858 3.5456796574388791 3.5000000000000004 10.500000000000002 2.5000000000000004 16.500000000000004 16.500000000000004 1.5000000000000002 10.500000000000002 1.0000000180025095e-35 9.5000000000000018 10740.000000000002 7576.0000000000009 8.3405067155067165 46389.000000000007 3.4572215654164933 3.76092428081702 7.0062292416279304 9349.5000000000018 3438.0000000000005 4472.0000000000009 6.4273742654167272
decision_type=2 2 2 2 2 2 2 2 2 2 2 2 2 2 2 2 2 2 2 2 2 2
left_child=1 -1 4 9 5 7 15 8 11 -4 -9 12 19 -14 -10 16 17 -5 20 -3 -8 -12
right_child=-2 2 3 6 -6 -7 18 10 14 -11 21 -13 13 -15 -16 -17 -18 -19 -20 -21 -22 -23
leaf_value=-0.0023151692678063836 1.7273861344528685 -0.31788294471664763 0.33626062414257485 -0.22918467882390547 0.31508928059763003 0.16543429760179557 -0.10721002739912557 0.19081905692162715 0.076569205240230268 -0.081412477213483686 0.19316708836747776 0.072990030859839419 -0.094082038064067272 -0.80253223963185527 -0.086627335713199249 -0.050113558640136176 -0.38850016585809188 0.037076926391074697 -0.10798625012616229 -0.057269282984343098 0.18204758050179082 -0.086248262742728635
leaf_weight=6749 2848 97 408 52 1475 1373 78 445 205 58 62 123 87 56 126 145 45 45 220 239 194 284
leaf_count=6749 2848 97 408 52 1475 1373 78 445 205 58 62 123 87 56 126 145 45 45 220 239 194 284
internal_value=0.000832836 0.000289834 0.000878908 -0.000588 0.00128239 0.000555126 -0.00216964 -0.00052834 -0.00161194 0.0020138 0.0007299 -0.00272735 -0.00358678 -0.00737838 0.000375 -0.00477055 -0.00721429 -0.00336274 -0.000584507 -0.00183724 0.000972924 -0.000987179
internal_weight=15414 12566 5817 1245 4572 3097 779 1724 933 466 791 602 479 143 331 287 142 97 492 336 272 346
internal_count=15414 12566 5817 1245 4572 3097 779 1724 933 466 791 602 479 143 331 287 142 97 492 336 272 346
is_linear=0
shrinkage=0.035


Tree=116
num_leaves=23
num_cat=0
split_feature=9 23 12 9 21 21 8 4 22 4 4 9 8 22 27 21 7 0 11 12 12 22
split_gain=15.829 2.81581 2.80124 1.61261 2.1118 3.39353 1.83901 1.44566 1.38275 1.09876 1.76501 1.52162 2.23237 2.08668 2.42807 2.2876 1.14827 1.09042 1.04799 1.69213 0.979263 0.974692
threshold=13.505915403672711 62950.000000000007 0.46454078355228479 3.7503880141252837 3.5000000000000004 2.5000000000000004 13.360389610389612 5.2852117926282993 19263.000000000004 4.9547980748721674 5.0127769206881263 9.8997275072500308 6.5023426037081506 52360.000000000007 3.5000000000000004 1.5000000000000002 9.575742840367413 13.956344933018238 3.3840127707943251 2.9846591381902856 2.5373173121949115 3735.5000000000005
decision_type=2 2 2 2 2 2 2 2 2 2 2 2 2 2 2 2 2 2 2 2 2 2
left_child=2 7 -1 20 5 9 -6 8 -2 -5 16 12 -12 14 -14 -16 -11 -10 19 -17 21 -4
right_child=1 -3 3 4 6 -7 -8 -9 17 10 11 -13 13 -15 15 18 -18 -19 -20 -21 -22 -23
leaf_value=-0.0070617503060227413 1.1416605106319289 -0.38153414228571103 0.072514305278333455 0.17554346699583284 -0.01087650812274941 0.27104599021740594 -0.42293608498998486 1.455942733334352 -0.46837655081259988 -0.025077782053904311 0.29064197810515008 0.27037887921964521 0.072044785180118739 -0.23070105915068162 0.18729209276802281 -0.11832153667342388 -0.2148385063893411 0.12480342983037659 -0.088605388728690809 -0.2219825185098401 -0.040728300631848652 -0.00099594906125232319
leaf_weight=423 207 49 388 327 990 1296 59 2937 64 706 236 489 450 80 75 45 173 133 65 46 123 6068
leaf_count=423 207 49 388 327 990 1296 59 2937 64 706 236 489 450 80 75 45 173 133 65 46 123 6068
internal_value=0.000821822 0.00293299 0.000224925 0.000328586 0.000799683 0.00116842 -0.00058444 0.00306067 0.00101834 0.000450315 0.000177215 0.00091784 0.000111777 -0.000795039 -0.000122449 -0.00302542 -0.00105317 -0.00100495 -0.00541304 -0.00780208 -2.9769e-05 2.76274e-05
internal_weight=15429 3390 12039 11616 5037 3988 1049 3341 404 2692 2365 1486 997 761 681 231 879 197 156 91 6579 6456
internal_count=15429 3390 12039 11616 5037 3988 1049 3341 404 2692 2365 1486 997 761 681 231 879 197 156 91 6579 6456
is_linear=0
shrinkage=0.035


Tree=117
num_leaves=23
num_cat=0
split_feature=9 9 20 21 20 21 10 12 9 21 3 20 0 23 23 14 23 25 20 21 15 23
split_gain=16.5991 3.68022 2.38983 2.24719 5.59796 2.29555 1.91646 4.96021 2.60062 1.83919 1.79413 1.69201 1.95119 1.89868 1.87365 1.53696 1.51292 1.46651 1.33178 1.28623 1.58478 1.10755
threshold=15.250178571428574 3.7503880141252837 17.500000000000004 1.5000000000000002 9.5000000000000018 3.5000000000000004 3.5923198500080589 4.1039126347782684 7.0717367670185665 3.5000000000000004 6.9966807769941894 9.5000000000000018 5.9680479807034317 62950.000000000007 60300.000000000007 0.5634920634920636 39000.000000000007 248.50000000000003 23.500000000000004 3.5000000000000004 0.71130952380952395 21250.000000000004
decision_type=2 2 2 2 2 2 2 2 2 2 2 2 2 2 2 2 2 2 2 2 2 2
left_child=1 15 3 11 -5 -6 7 8 -7 -4 21 12 -3 -13 16 -1 -14 -11 -19 -17 -21 -2
right_child=10 2 9 4 5 6 -8 -9 -10 17 -12 13 14 -15 -16 19 -18 18 -20 20 -22 -23
leaf_value=-0.001411941350795771 2.3296623506125438 -0.026635543412495823 0.25229881473771798 0.23150103310408349 0.019543681853367103 -0.21514317060982502 -0.019434485944577643 -0.41161409632406643 0.12003726386144441 0.1473345207738142 1.6104717698199553 0.082066504051500788 -0.24316198996530033 -0.21937710200243715 0.0015094233791815913 -0.007158831594393622 -0.59794790121995467 -0.11529384452533616 0.093207217525579519 -0.00015454710880772471 -0.019500053497247708 -0.18310514739894632
leaf_weight=5772 80 268 1875 1218 724 67 156 55 80 196 2777 338 88 62 77 894 86 122 59 95 151 128
leaf_count=5772 80 268 1875 1218 724 67 156 55 80 196 2777 338 88 62 77 894 86 122 59 95 151 128
internal_value=0.000761107 0.000194382 0.000873083 0.000254032 0.000842733 -0.000975621 -0.00324931 -0.00546135 -0.00179605 0.00174767 0.00310201 -0.00119697 -0.00251145 0.000475309 -0.00470312 -0.000340538 -0.0066676 -0.00043979 -0.00270968 -0.0015131 -0.003751 0
internal_weight=15368 12383 5471 3219 2300 1082 358 202 147 2252 2985 919 519 400 251 6912 174 377 181 1140 246 208
internal_count=15368 12383 5471 3219 2300 1082 358 202 147 2252 2985 919 519 400 251 6912 174 377 181 1140 246 208
is_linear=0
shrinkage=0.035


Tree=118
num_leaves=23
num_cat=0
split_feature=9 12 20 21 25 21 20 10 12 3 12 23 23 24 9 10 25 11 23 12 7 21
split_gain=14.6935 3.5775 2.1469 2.12626 1.98134 1.90681 4.2217 2.03072 4.45819 1.85047 1.75121 1.67896 2.76837 1.92726 2.28836 1.64566 1.8717 2.92735 1.19797 1.17598 1.17282 1.0857
threshold=16.000142857142858 1.6212660839986039 18.500000000000004 3.5000000000000004 600.00000000000011 1.5000000000000002 9.5000000000000018 3.6825983525965067 4.1039126347782684 5.7048596889145831 0.46454078355228479 40250.000000000007 42000.000000000007 4326.0000000000009 5.8061224489795924 1.5118578920369108 210.50000000000003 1.9793144565920449 21250.000000000004 5.2723445241812223 8.005698005698008 3.5000000000000004
decision_type=2 2 2 2 2 2 2 2 2 2 2 2 2 2 2 2 2 2 2 2 2 2
left_child=1 10 5 -4 -5 11 -7 8 15 18 21 13 -13 14 -3 -8 17 -17 -2 20 -14 -1
right_child=9 2 3 4 -6 6 7 -9 -10 -11 -12 12 19 -15 -16 16 -18 -19 -20 -21 -22 -23
leaf_value=-0.0068653427047876865 1.8828787653998054 0.016840578478547023 0.12695086063008085 0.051995301057395131 -0.096324111621587216 0.10421389381055358 0.083484642186403044 0.036118519347646198 -0.3593580626393606 1.6782785639826254 -0.0022362176930848694 -0.48762099463337122 -0.042144928671815678 0.14928096242360536 -0.3183947935597583 -0.10789867963556533 -0.0018797366590594606 -0.069592990959711193 -0.22276152560960036 -0.34027458402863664 0.1420349288681193 -0.0059755241382558359
leaf_weight=335 75 271 2358 418 149 1729 151 596 82 2611 4487 76 301 315 97 66 595 221 112 88 177 102
leaf_count=335 75 271 2358 418 149 1729 151 596 82 2611 4487 76 301 315 97 66 595 221 112 88 177 102
internal_value=0.00083249 0.00032146 0.000793697 0.00154096 -0.000354895 0.000330189 0.000767054 -0.000456876 -0.00134375 0.0031254 -0.000412558 -0.000789474 -0.00207187 0.000396802 -0.00128552 -0.000681117 -0.00127452 -0.00357192 -0.000145833 -0.00115849 -0.000413043 -0.0025181
internal_weight=15412 12614 7690 2925 567 4765 3440 1711 1115 2798 4924 1325 642 683 368 1033 882 287 187 566 478 437
internal_count=15412 12614 7690 2925 567 4765 3440 1711 1115 2798 4924 1325 642 683 368 1033 882 287 187 566 478 437
is_linear=0
shrinkage=0.035


Tree=119
num_leaves=23
num_cat=0
split_feature=9 9 21 20 21 20 7 25 14 3 10 25 20 25 21 24 24 20 20 20 10 22
split_gain=15.6921 3.45783 2.08951 3.75991 2.76962 2.42913 1.99752 2.08576 1.8936 1.81748 1.64484 1.47838 1.31157 1.21337 1.33538 1.88654 1.6893 1.54364 1.45728 1.32784 1.19812 1.0703
threshold=15.250178571428574 3.7503880141252837 3.5000000000000004 7.5000000000000009 2.5000000000000004 15.500000000000002 13.002427551174311 248.50000000000003 0.5634920634920636 6.9966807769941894 4.2594432902501644 171.00000000000003 11.500000000000002 807.00000000000011 1.5000000000000002 7576.0000000000009 9795.0000000000018 7.5000000000000009 4.5000000000000009 9.5000000000000018 1.2724180205607036 19263.000000000004
decision_type=2 2 2 2 2 2 2 2 2 2 2 2 2 2 2 2 2 2 2 2 2 2
left_child=1 8 4 -4 5 13 7 11 -1 21 -8 -5 -9 14 15 18 -17 -18 -3 -16 -6 -2
right_child=9 2 3 6 20 -7 10 12 -10 -11 -12 -13 -14 -15 19 16 17 -19 -20 -21 -22 -23
leaf_value=-0.0001137986241885672 1.1378968273398575 -0.23853238715796601 0.30289805638252976 -0.11675185677121808 -0.17539015036846492 0.14213437553487582 -0.3978919172113714 0.062975947169313984 -0.0083158592264834033 1.5653655081368654 -0.072286744664871436 0.15750758234728371 -0.11577083854906751 0.25427107250042441 0.12407940213851391 -0.26838613466362488 0.094811864859901548 -0.12097471669293697 0.070481779771616487 -0.08476571255368924 0.30183764824870429 -0.19788492289613197
leaf_weight=5840 97 142 313 82 47 1432 47 88 1143 2782 63 274 297 201 363 100 86 120 250 230 1349 106
leaf_count=5840 97 142 313 82 47 1432 47 88 1143 2782 63 274 297 201 363 100 86 120 250 230 1349 106
internal_value=0.000800899 0.000253127 0.000911186 -0.000392215 0.00126647 0.000644077 -0.00161098 -0.000910188 -0.000261448 0.0030786 -0.00593478 0.000979224 -0.00269231 -0.000334335 -0.000739969 -0.00177738 -0.00381511 -0.00180806 -0.000114609 0.000456522 0.00255068 -3.36537e-05
internal_weight=15452 12467 5484 1164 4320 2924 851 741 6983 2985 110 356 385 1492 1291 698 306 206 392 593 1396 203
internal_count=15452 12467 5484 1164 4320 2924 851 741 6983 2985 110 356 385 1492 1291 698 306 206 392 593 1396 203
is_linear=0
shrinkage=0.035


Tree=120
num_leaves=23
num_cat=0
split_feature=9 9 21 20 21 7 25 10 20 21 11 9 8 22 20 25 7 20 25 22 10 3
split_gain=15.9842 3.54182 2.04913 3.47457 3.47197 2.07753 2.58721 1.87489 1.78973 2.0405 1.25456 1.18671 2.38078 1.60672 1.15312 1.12311 1.49565 2.40747 1.31412 1.40054 1.03761 1.03464
threshold=16.000142857142858 3.7503880141252837 3.5000000000000004 8.5000000000000018 2.5000000000000004 12.715694393364142 299.00000000000006 3.9880774697543058 12.500000000000002 1.5000000000000002 2.6946022679082557 9.8997275072500308 6.5023426037081506 52360.000000000007 9.5000000000000018 807.00000000000011 6.1445103084033788 4.5000000000000009 248.50000000000003 46389.000000000007 2.5819888974716112 5.7048596889145831
decision_type=2 2 2 2 2 2 2 2 2 2 2 2 2 2 2 2 2 2 2 2 2 2
left_child=1 -1 4 -4 8 6 -5 -7 9 15 -8 12 -10 -14 -11 16 -3 -18 -19 -20 -12 -2
right_child=21 2 3 5 -6 7 10 -9 11 14 20 -13 13 -15 -16 -17 17 18 19 -21 -22 -23
leaf_value=-0.0030079391031305365 0.18553647614687174 -0.0075426528511701244 0.28974251620788111 0.021199837965062772 0.28615701174000563 -0.38653212753437843 -0.1519164945982753 -0.1188033891034002 0.20722539658169592 0.17094066692752408 0.024245191103129195 0.32999742467938298 -0.0031971171311105315 -0.12104636965324313 -0.087959864048214528 0.22602263344256662 -0.70720782809161686 0.00034005480091695527 -0.33820347531977496 -0.058730860682400597 -0.12556258746651139 1.5805777153520753
leaf_weight=6920 178 262 371 416 1398 45 68 78 423 447 57 593 652 69 139 83 83 168 48 49 157 2634
leaf_count=6920 178 262 371 416 1398 45 68 78 423 447 57 593 652 69 139 83 83 168 48 49 157 2634
internal_value=0.000769439 0.000232105 0.000886384 -0.000388889 0.00123478 -0.00166949 -0.000881223 -0.00579687 0.000557266 -0.000425234 -0.00345122 0.0012899 0.000606179 -0.000597796 0.00107191 -0.0017149 -0.00224797 -0.00373796 -0.00194444 -0.00507843 -0.00193379 0.00315211
internal_weight=15338 12526 5606 1192 4414 821 698 123 3016 1279 282 1737 1144 721 586 693 610 348 265 97 214 2812
internal_count=15338 12526 5606 1192 4414 821 698 123 3016 1279 282 1737 1144 721 586 693 610 348 265 97 214 2812
is_linear=0
shrinkage=0.035


Tree=121
num_leaves=23
num_cat=0
split_feature=9 9 3 20 12 22 21 20 20 21 21 24 24 24 21 20 20 4 25 11 24 8
split_gain=14.6379 4.0105 2.02585 1.98098 1.90555 1.37686 1.30237 2.86347 2.6708 3.25442 1.40173 1.2899 4.13362 1.17813 1.10431 1.45647 1.28609 1.09796 1.10513 1.35017 1.07342 1.29965
threshold=16.5089783585499 3.7503880141252837 5.9112165349214569 24.500000000000004 0.46454078355228479 16785.000000000004 1.5000000000000002 10.500000000000002 9.5000000000000018 3.5000000000000004 2.5000000000000004 9795.0000000000018 7576.0000000000009 11523.000000000002 2.5000000000000004 22.500000000000004 13.500000000000002 16.940434238785283 248.50000000000003 3.8520010333264456 10740.000000000002 6.334447238559533
decision_type=2 2 2 2 2 2 2 2 2 2 2 2 2 2 2 2 2 2 2 2 2 2
left_child=1 4 5 6 14 -2 7 11 -8 10 20 12 -3 -9 16 -16 -1 18 -11 -20 21 -10
right_child=2 3 -4 -5 -6 -7 8 13 9 17 -12 -13 -14 -15 15 -17 -18 -19 19 -21 -22 -23
leaf_value=-0.006822917558780334 1.5438578497759743 -0.10782122394511712 1.6125487301929022 0.32419164461065747 -0.0018697100931540326 -0.16400861442693113 0.20466967060875296 0.11008253278160539 0.26440497192258339 0.015566801257747072 0.21880098686833832 0.014290007678736156 -0.58013056798767937 -0.036308227650886801 -0.0020635058239154248 -0.023691022742511059 0.013490059735119143 -0.32785165213285045 -0.10490429495768973 0.005125544865654471 0.16651883498624834 -0.07049924319809292
leaf_weight=113 71 336 2479 1023 6555 101 1289 587 82 290 724 190 88 159 134 52 137 75 201 107 193 439
leaf_count=113 71 336 2479 1023 6555 101 1289 587 82 290 724 190 88 159 134 52 137 75 201 107 193 439
internal_value=0.000753079 0.000259919 0.00311785 0.000942122 -0.000302173 -0.000454802 0.000635362 -0.000269231 0.0010022 0.000224953 0.00117152 -0.0020412 -0.00310839 0.00116977 -0.00253175 -0.00456283 -0.000892157 -0.00176549 -0.00120149 -0.00265016 4.3811e-05 -0.000758555
internal_weight=15425 12774 2651 5783 6991 172 4760 1360 3400 2111 1438 614 424 746 436 186 250 673 598 308 714 521
internal_count=15425 12774 2651 5783 6991 172 4760 1360 3400 2111 1438 614 424 746 436 186 250 673 598 308 714 521
is_linear=0
shrinkage=0.035


Tree=122
num_leaves=23
num_cat=0
split_feature=9 9 4 12 23 21 21 8 10 10 4 9 4 8 24 23 23 9 25 25 5 11
split_gain=14.5043 2.72189 1.76194 1.60327 1.60196 1.16247 2.24869 1.7777 1.78097 1.16473 1.03493 1.50429 1.85949 1.34501 1.96962 1.86198 1.35353 1.128 0.997917 1.828 1.22807 1.00868
threshold=15.250178571428574 3.7503880141252837 5.2852117926282993 0.46454078355228479 21250.000000000004 3.5000000000000004 2.5000000000000004 12.792517006802724 3.7796447300922718 1.3417521125165692 4.9547980748721674 10.000255712332782 5.172349027628159 6.5023426037081506 4472.0000000000009 63800.000000000007 23700.000000000004 4.3964285714285731 171.00000000000003 248.50000000000003 6.9747745027976142 3.8912331299044887
decision_type=2 2 2 2 2 2 2 2 2 2 2 2 2 2 2 2 2 2 2 2 2 2
left_child=1 3 4 -1 -2 6 10 18 -9 -8 -3 13 -13 16 -15 -16 -12 -18 20 -20 -7 -21
right_child=2 5 -4 -5 -6 7 9 8 -10 -11 11 12 -14 14 15 -17 17 -19 19 21 -22 -23
leaf_value=-0.0057250252628075447 2.1335271198390857 0.15827597504709462 1.4390097827844721 -0.0005592159458113593 -0.14119428434408832 -0.19194613283313322 -0.13841818619045507 -0.37371083787347859 -0.022651033809830093 0.26591950053649571 -0.21005225251327719 -0.14318970094561065 0.24648527601044973 -0.22626325414644893 -0.0012497840707387329 -0.14868490777996957 -0.026656757426389614 0.20378911445818115 0.17312142742397491 -0.06610534294466433 0.0093263616697443989 0.049885237710543262
leaf_weight=419 156 338 2606 6477 205 47 54 63 111 1322 81 217 655 63 950 120 77 471 349 311 63 210
leaf_count=419 156 338 2606 6477 205 47 54 63 111 1322 81 217 655 63 950 120 77 471 349 311 63 210
internal_value=0.000797007 0.000268927 0.00299361 -0.000192218 0.000631148 0.000849737 0.00111199 -0.000123813 -0.00334358 0.00228349 0.0005608 0.000316976 0.00150456 -0.000263441 -0.000990334 -0.000602325 0.00101577 0.00166456 0.000444163 0.00086 -0.00258696 -0.000425855
internal_weight=15365 12398 2967 6896 361 5502 4348 1154 174 1376 2972 2634 872 1762 1133 1070 629 548 980 870 110 521
internal_count=15365 12398 2967 6896 361 5502 4348 1154 174 1376 2972 2634 872 1762 1133 1070 629 548 980 870 110 521
is_linear=0
shrinkage=0.035


Tree=123
num_leaves=23
num_cat=0
split_feature=9 9 3 22 22 25 12 15 21 12 11 12 24 8 7 8 11 21 15 8 22 24
split_gain=14.6682 2.96716 2.55881 1.73376 1.23174 1.5197 2.22073 3.01695 1.69873 2.11952 1.57291 1.30709 1.15829 1.36672 1.23845 1.17242 1.15814 1.57335 1.34445 1.12573 1.4802 1.93916
threshold=15.795833333333336 4.3964285714285731 5.7048596889145831 16785.000000000004 3735.5000000000005 294.00000000000006 1.8152061990235555 0.06458333333333334 1.5000000000000002 1.3378923384129464 1.456014464567468 1.7128783259046561 3792.0000000000005 1.8441627522734043 4.4296786353264741 3.5013790433762702 1.6391501416322993 2.5000000000000004 0.46291208791208799 6.4293354925570769 22034.500000000004 10740.000000000002
decision_type=2 2 2 2 2 2 2 2 2 2 2 2 2 2 2 2 2 2 2 2 2 2
left_child=1 4 3 -2 -1 6 11 -8 9 -7 -11 16 15 -14 -15 -10 18 -18 -6 -3 -21 -22
right_child=2 19 -4 -5 5 8 7 -9 12 10 -12 -13 13 14 -16 -17 17 -19 -20 20 21 -23
leaf_value=0.045418063227827481 1.9932805905225668 0.18335965504567237 1.4278832696781851 -0.32959821224911634 0.0037894592429478548 0.011544793649173126 -0.10505998909414196 -0.033363382537867546 -0.00043724360562327215 -0.059167220826903212 -0.022561404584989075 0.099571726260862053 -0.0034782370913440299 0.068798949164867965 -0.1299757249714675 -0.086739800314922039 -0.10903763579335594 -0.027738757820474719 -0.0094844031759622645 0.24338319946054507 -0.014390728588334527 0.17826023009960323
leaf_weight=481 75 971 2687 114 1023 355 81 165 1430 196 565 112 585 1100 90 57 63 97 892 696 2415 1194
leaf_count=481 75 971 2687 114 1023 355 81 165 1430 196 565 112 585 1100 90 57 63 97 892 696 2415 1194
internal_value=0.000760988 0.000243021 0.00301406 -0.000829897 -0.000212484 -0.000335827 -0.00103651 -0.00416932 5.03081e-05 -0.00112087 -0.0021658 -0.000667427 0.000457453 0.0010618 0.00174268 -0.000253351 -0.000875 -0.00371212 -0.000619792 0.000875497 0.00062529 0.000333149
internal_weight=15444 12568 2876 189 7292 6811 2433 246 4378 1116 761 2187 3262 1775 1190 1487 2075 160 1915 5276 4305 3609
internal_count=15444 12568 2876 189 7292 6811 2433 246 4378 1116 761 2187 3262 1775 1190 1487 2075 160 1915 5276 4305 3609
is_linear=0
shrinkage=0.035


Tree=124
num_leaves=23
num_cat=0
split_feature=9 9 3 12 8 24 22 24 11 21 23 9 27 7 10 21 9 7 12 22 21 22
split_gain=14.6877 2.38741 1.37036 1.3684 1.17476 1.74441 1.76788 1.51596 2.51772 2.37031 2.79013 1.92512 2.54103 1.80455 1.1879 1.15404 2.38671 1.23544 1.1927 1.15333 1.02235 1.01163
threshold=16.5089783585499 4.3964285714285731 5.9112165349214569 0.46454078355228479 6.334447238559533 3438.0000000000005 31488.000000000004 10740.000000000002 7.0733981651269149 2.5000000000000004 51350.000000000007 7.3945540415640245 2.5000000000000004 7.5612451726400796 1.2724180205607056 1.5000000000000002 7.9650178694448508 13.288932148986737 3.5896557816992414 19263.000000000004 3.5000000000000004 16785.000000000004
decision_type=2 2 2 2 2 2 2 2 2 2 2 2 2 2 2 2 2 2 2 2 2 2
left_child=1 3 21 -1 19 -6 20 9 -9 10 11 -8 13 -13 -11 -14 -17 18 -18 -3 -7 -2
right_child=2 4 -4 -5 5 6 7 8 -10 14 -12 12 15 -15 -16 16 17 -19 -20 -21 -22 -23
leaf_value=-0.0051908664514192385 1.5237925887539505 -0.20911801316653295 1.4384770329218086 0.00011622305822492711 -0.081361877481952727 0.3459312286094145 0.10624386338426478 0.18756509543070116 -0.44395027284071914 -0.28838762745522856 -0.27889487714589045 -0.023676528245431459 0.10786683824333801 -0.45629035325799183 0.068091681470951071 -0.21399565542316248 -0.1238530051593727 -0.12468928762476736 0.359361331335454 0.21658048053195098 -0.096676776329571015 -0.19231463852785421
leaf_weight=441 78 71 2507 6786 289 708 258 1217 65 45 164 50 281 55 1103 54 70 53 122 821 125 102
leaf_count=441 78 71 2507 6786 289 708 258 1217 65 45 164 50 281 55 1103 54 70 53 122 821 125 102
internal_value=0.000798643 0.000302003 0.00314896 -0.000115182 0.000847912 0.000618353 0.000796 0.00044664 0.00140598 -9.29202e-05 -0.0012527 -0.000487342 -0.00147101 -0.00636364 0.00101084 -0.000508547 -0.00202632 -0.00042 0.000835025 0.00201728 0.00224702 9.45947e-05
internal_weight=15465 12778 2687 7227 5551 4659 4370 3537 1282 2255 1107 943 685 105 1148 580 299 245 192 892 833 180
internal_count=15465 12778 2687 7227 5551 4659 4370 3537 1282 2255 1107 943 685 105 1148 580 299 245 192 892 833 180
is_linear=0
shrinkage=0.035


Tree=125
num_leaves=23
num_cat=0
split_feature=8 8 20 3 23 12 21 20 21 7 25 7 25 11 23 10 25 0 23 25 20 12
split_gain=12.6165 2.66374 1.79009 1.56966 1.22951 1.09971 0.937099 2.56666 2.36111 2.03539 1.33001 1.25328 1.01261 0.994786 1.63218 1.42203 1.09657 0.89865 0.83851 1.55681 1.46511 2.1765
threshold=16.432500007793653 4.144865848437278 25.500000000000004 5.9112165349214569 21250.000000000004 2.8424062239656638 3.5000000000000004 8.5000000000000018 2.5000000000000004 13.14782136540043 248.50000000000003 14.858589732489081 171.00000000000003 5.2857885352670371 41450.000000000007 4.2817441928883833 807.00000000000011 10.000130448439306 4900.0000000000009 294.00000000000006 13.500000000000002 1.7994708216848749
decision_type=2 2 2 2 2 2 2 2 2 2 2 2 2 2 2 2 2 2 2 2 2 2
left_child=1 5 6 4 -2 18 8 -8 13 10 12 -11 -9 16 -15 -16 -3 -12 -1 20 -20 -22
right_child=3 2 -4 -5 -6 -7 7 9 -10 11 17 -13 -14 14 15 -17 -18 -19 19 -21 21 -23
leaf_value=0.045276504915703439 1.6717729490372588 0.010620180332355568 0.36232339428781168 1.3354179380426889 -0.21120163756589599 -0.056098420165010411 0.23159831742579617 -0.11669429980149841 0.19537248749839978 -0.32668423791208095 -0.10144627456637006 -0.12055846023760501 0.13237555737949191 0.26988603650024062 0.092431723553521708 -0.31505401321265858 0.29241366062285856 0.010112152390608368 -0.017835783739927533 0.0049704476690901923 0.0025550796130306835 -0.077500234848595542
leaf_weight=429 75 1909 840 2465 96 54 344 71 1197 60 240 50 259 112 59 132 281 85 1062 4178 1258 130
leaf_count=429 75 1909 840 2465 96 54 344 71 1197 60 240 50 259 112 59 132 281 85 1062 4178 1258 130
internal_value=0.000859821 0.000401999 0.00096988 0.00306267 -7.95453e-05 -4.62337e-05 0.000702332 -0.000175942 0.000970907 -0.00131818 -0.000530303 -0.00563043 0.000992537 0.000347478 -0.0015 -0.00346429 0.000613895 -0.00212121 -3.96475e-06 -0.00010395 -0.000805499 -4.27134e-05
internal_weight=15386 12750 5639 2636 171 7111 4799 1109 3690 765 655 110 330 2493 303 191 2190 325 7057 6628 2450 1388
internal_count=15386 12750 5639 2636 171 7111 4799 1109 3690 765 655 110 330 2493 303 191 2190 325 7057 6628 2450 1388
is_linear=0
shrinkage=0.035


Tree=126
num_leaves=23
num_cat=0
split_feature=9 9 20 21 25 20 21 21 8 3 23 25 25 25 25 10 3 22 22 11 21 9
split_gain=14.6719 2.29755 2.05663 1.93327 2.35166 1.89032 4.8629 4.28018 3.11978 1.56395 1.27237 1.26963 1.87929 2.29053 2.38924 1.24831 1.04995 0.97619 0.927949 1.36874 0.895912 1.06816
threshold=16.5089783585499 4.3964285714285731 16.500000000000004 3.5000000000000004 248.50000000000003 11.500000000000002 1.5000000000000002 3.5000000000000004 12.792517006802724 5.9112165349214569 42000.000000000007 807.00000000000011 248.50000000000003 294.00000000000006 455.50000000000006 1.1338934190276804 7.9927388748624617 16785.000000000004 47274.500000000007 3.4362322837218549 2.5000000000000004 9.5893784702334361
decision_type=2 2 2 2 2 2 2 2 2 2 2 2 2 2 2 2 2 2 2 2 2 2
left_child=1 -1 5 15 -5 6 11 10 18 17 -7 12 -3 -14 -15 -4 -6 -2 19 -9 21 -17
right_child=9 2 3 4 16 7 -8 8 -10 -11 -12 -13 13 14 -16 20 -18 -19 -20 -21 -22 -23
leaf_value=-0.0018569278022926836 1.4525793619005534 -0.065252557006425155 -0.18795164910760945 0.13524316711250939 -0.21039398530561923 0.06959120452385649 0.13716238811432316 0.015371637238249636 -0.35816374333023399 1.3491272514380988 -0.054823370306358234 0.2186864072956157 -0.52622342265832933 0.23570274872890173 -0.30012501814968207 0.068389201028697416 -0.029565398202885989 -0.10205647255194794 0.0083525507586725816 -0.22527323249981135 0.49617598510383371 0.36884086164863045
leaf_weight=7232 70 302 47 228 81 392 1534 46 55 2492 334 76 50 78 115 766 121 107 51 70 634 546
leaf_count=7232 70 302 47 228 81 392 1534 46 55 2492 334 76 50 78 115 766 121 107 51 70 634 546
internal_value=0.000762507 0.000266826 0.000804285 0.00156837 -0.000522988 0.000200451 0.000777778 -0.00109077 -0.00528855 0.00312042 0.000196307 -0.0018115 -0.00241818 -0.00468548 -0.00268687 0.00202853 -0.00326328 0 -0.00260465 -0.00430992 0.00217248 0.00161314
internal_weight=15427 12758 5526 2423 430 3103 2155 948 222 2669 726 621 545 243 193 1993 202 177 167 116 1946 1312
internal_count=15427 12758 5526 2423 430 3103 2155 948 222 2669 726 621 545 243 193 1993 202 177 167 116 1946 1312
is_linear=0
shrinkage=0.035


Tree=127
num_leaves=23
num_cat=0
split_feature=9 20 1 3 20 21 21 8 4 7 21 22 27 22 7 8 22 21 12 0 24 21
split_gain=13.8135 2.45846 2.27549 1.72965 1.52248 3.51159 3.45665 2.4656 2.33949 1.46956 1.71671 1.44391 1.32232 2.30816 1.70462 1.37368 1.21094 1.06942 1.20614 1.05787 1.70203 0.922317
threshold=16.5089783585499 16.500000000000004 5.8224789915966388 5.9112165349214569 10.500000000000002 1.5000000000000002 3.5000000000000004 2.8575374472806065 10.946439606378263 2.714197881277439 3.5000000000000004 31960.500000000004 2.5000000000000004 31797.000000000004 3.5299733890852214 0.5723960849627322 16785.000000000004 3.5000000000000004 5.1133023615464532 5.9680479807034317 5252.0000000000009 2.5000000000000004
decision_type=2 2 2 2 2 2 2 2 2 2 2 2 2 2 2 2 2 2 2 2 2 2
left_child=1 4 21 16 5 12 -6 9 -8 -7 11 -11 13 -1 -15 -14 -2 -4 -19 -17 -21 -3
right_child=3 2 17 -5 6 7 8 -9 -10 10 -12 -13 15 14 -16 19 -18 18 -20 20 -22 -23
leaf_value=0.21664311371483602 1.099962158214848 -0.0044199722634149907 0.19845919770337891 1.3291712551377177 -0.0020025786797633134 0.00077594423908371353 -0.028748325824446815 0.10351922267084471 -0.2371375698718072 -0.047777097581596005 0.036049359098422218 -0.17473007423770545 -0.020853086694062453 -0.028646504287181927 -0.59239650710021607 0.017071287496495391 -0.16900580723328068 0.050245519975572438 -0.2603407492048404 -0.29987735487521539 -0.073019437905773851 0.012474978831221896
leaf_weight=65 73 1981 1745 2497 1965 1261 485 1851 133 56 78 45 92 56 68 579 103 254 56 61 190 1741
leaf_count=65 73 1981 1745 2497 1965 1261 485 1851 133 56 78 45 92 56 68 579 103 254 56 61 190 1741
internal_value=0.000795661 0.000314444 0.000848668 0.00308178 -0.000125179 0.000267643 -0.000800618 0.000845267 -0.00307303 -0.000230104 -0.00315761 -0.00607547 -0.00142383 -0.00407732 -0.00681008 -0.000841963 -0.000174033 0.00178398 -5.55554e-05 -0.000356287 -0.00224219 0.000325865
internal_weight=15435 12762 5777 2673 6985 4402 2583 3291 618 1440 179 101 1111 189 124 922 176 2055 310 830 251 3722
internal_count=15435 12762 5777 2673 6985 4402 2583 3291 618 1440 179 101 1111 189 124 922 176 2055 310 830 251 3722
is_linear=0
shrinkage=0.035


Tree=128
num_leaves=23
num_cat=0
split_feature=9 20 21 15 23 10 8 3 20 21 9 21 8 17 25 8 9 21 23 12 9 9
split_gain=12.9475 2.06121 2.33138 2.71442 2.42759 2.82775 1.42419 1.34513 1.29629 3.69195 2.27882 2.16007 1.55299 1.6068 1.35894 1.3169 1.29439 1.33693 1.18825 1.25947 1.15322 1.10215
threshold=16.5089783585499 16.500000000000004 3.5000000000000004 0.10912698412698414 26000.000000000004 0.78679579246944031 2.4999946200133345 5.9112165349214569 9.5000000000000018 1.5000000000000002 3.2913543045748739 3.5000000000000004 6.1468904803555828 1.0000000180025095e-35 381.00000000000006 13.000357142857146 9.5893784702334361 2.5000000000000004 63800.000000000007 2.8424062239656638 7.0062292416279304 3.8506181701278601
decision_type=2 2 2 2 2 2 2 2 2 2 2 2 2 2 2 2 2 2 2 2 2 2
left_child=1 8 3 16 -4 -6 -5 -2 9 12 14 18 -1 -14 -11 -13 17 20 -10 -20 21 -3
right_child=7 2 4 6 5 -7 -8 -9 11 10 -12 15 13 -15 -16 -17 -18 -19 19 -21 -22 -23
leaf_value=-0.0080088777452485098 0.02265434358656012 0.011591118494413412 0.022340542846962391 0.0026089182231970095 -0.072145189724192524 -0.034782894847290496 -0.060857630917325635 1.2491207565012552 0.0032649700821521127 -0.0052080182674566306 0.15890651703660963 -0.02920518063110103 -0.49375906696454025 0.091203078647227556 0.025611875864365852 -0.33605380708635441 0.41851471585627004 0.09979248231090472 0.037314446039518542 -0.22096886844282509 -0.032443195146679725 0.18821150035437997
leaf_weight=652 176 695 349 1371 82 602 104 2474 2236 924 1408 657 237 80 628 66 848 861 45 45 479 359
leaf_count=652 176 695 349 1371 82 602 104 2474 2236 924 1408 657 237 80 628 66 848 861 45 45 479 359
internal_value=0.000853897 0.0003884 0.000878801 0.00120966 -0.00061368 -0.00183382 -2.36485e-05 0.00307815 -1.35327e-05 0.000403915 0.00102108 -0.000556974 -0.00145893 -0.00345652 8.31729e-05 -0.00222115 0.00177533 0.00134077 -2.85284e-05 -0.00386842 0.00070091 0.00135175
internal_weight=15378 12728 5750 4717 1033 684 1475 2650 6978 3929 2960 3049 969 317 1552 723 3242 2394 2326 90 1533 1054
internal_count=15378 12728 5750 4717 1033 684 1475 2650 6978 3929 2960 3049 969 317 1552 723 3242 2394 2326 90 1533 1054
is_linear=0
shrinkage=0.035


Tree=129
num_leaves=23
num_cat=0
split_feature=9 9 20 22 9 24 9 11 4 12 11 25 25 12 9 20 20 11 8 7 24 22
split_gain=13.6711 2.007 2.24645 1.13058 1.30628 3.11831 1.14109 1.27286 1.05262 1.04941 1.2829 1.22751 1.14894 2.44824 1.10666 1.08922 1.21914 1.60971 1.15681 1.70758 0.965753 0.958466
threshold=16.646428571428576 3.7503880141252837 24.500000000000004 17236.500000000004 6.4303570527654719 4472.0000000000009 4.3964285714285731 2.3279960370646644 5.9680479807034317 4.4984192253111397 3.270893572137989 191.00000000000003 455.50000000000006 5.6291706126250025 10.912831063616842 18.500000000000004 6.5000000000000009 7.3456646734888738 14.071683673469389 16.145665934719243 1706.5000000000002 16785.000000000004
decision_type=2 2 2 2 2 2 2 2 2 2 2 2 2 2 2 2 2 2 2 2 2 2
left_child=1 -1 3 20 6 -6 7 -5 21 10 -7 -12 15 14 -14 16 -11 18 -18 -20 -3 -2
right_child=8 2 -4 4 5 9 -8 -9 -10 12 11 -13 13 -15 -16 -17 17 -19 19 -21 -22 -23
leaf_value=-0.0012054479130969747 1.3982765323365125 -0.082361222251594562 0.28378461741460626 0.05631753319647425 -0.12811178104054391 -0.0096199771855562093 0.18446713459908112 -0.11708151470227825 1.3269981955469392 0.14352809888929044 -0.068194575805651123 0.1519235348472876 -0.082742758694082513 -0.50161692470391095 0.29951046840622941 0.17714579194447014 -0.038073549249877638 0.49934771722064702 -0.34178003129026141 -0.19013689770783188 0.74258351960616498 -0.067614440066184014
leaf_weight=6957 151 72 1039 124 168 1142 701 99 2297 177 181 1086 71 53 93 184 170 66 61 47 286 161
leaf_count=6957 151 72 1039 124 168 1142 701 99 2297 177 181 1086 71 53 93 184 170 66 61 47 286 161
internal_value=0.000777955 0.000304491 0.00078412 0.000457794 0.000298781 -5.99302e-06 0.00146555 -0.000644737 0.00308493 0.000226619 0.000614747 0.00138129 -0.000766451 -0.00296396 -0.000642012 -4.92956e-05 -0.000891635 -0.00211605 -0.00330212 -0.00610177 0.00234298 0.00107098
internal_weight=15386 12777 5820 4781 4423 3499 924 223 2609 3331 2409 1267 922 217 164 705 521 344 278 108 358 312
internal_count=15386 12777 5820 4781 4423 3499 924 223 2609 3331 2409 1267 922 217 164 705 521 344 278 108 358 312
is_linear=0
shrinkage=0.035


Tree=130
num_leaves=23
num_cat=0
split_feature=9 20 11 25 8 0 20 21 21 25 25 21 12 21 9 8 8 5 21 9 12 25
split_gain=13.8198 2.38435 2.77872 1.90211 1.86506 1.59254 1.55371 2.23618 1.37251 1.15153 2.41803 1.12113 1.93939 1.04557 1.14033 0.998473 0.938203 0.935884 1.02743 0.936179 2.14209 0.893339
threshold=16.646428571428576 15.500000000000002 2.1651007163322284 381.00000000000006 14.071683673469389 12.696322922042574 10.500000000000002 1.5000000000000002 3.5000000000000004 455.50000000000006 637.50000000000011 3.5000000000000004 0.74446813513595367 2.5000000000000004 9.7864432143945823 6.334447238559533 3.427434225977219 6.006203158824877 2.5000000000000004 7.4497074707716076 3.5896557816992414 248.50000000000003
decision_type=2 2 2 2 2 2 2 2 2 2 2 2 2 2 2 2 2 2 2 2 2 2
left_child=1 3 -3 4 17 -6 7 9 13 -5 -11 12 -8 14 15 16 -4 -1 19 -19 -21 -10
right_child=-2 2 8 6 5 -7 11 -9 21 10 -12 -13 -14 -15 -16 -17 -18 18 -20 20 -22 -23
leaf_value=-0.011785517028789359 1.1564652541001563 0.0011923430961825799 -0.077418226933041387 0.26877495800298667 -0.52953860638251948 -0.13871062690285554 -0.046831581948670695 0.044587003030617474 0.10330200408394963 -0.14302456071581307 0.020953195211963441 -0.060116298114787303 0.020762372346300163 0.32397235708877381 0.32357272692246813 -0.015966685547407985 0.21237232602459466 0.11007441532951119 0.082992138979266591 -0.19777465822856147 0.15918741488976232 -0.058713890283255299
leaf_weight=3051 2610 3525 46 76 54 119 54 1314 265 153 182 204 620 754 567 564 250 77 518 87 84 257
leaf_count=3051 2610 3525 46 76 54 119 54 1314 265 153 182 204 620 754 567 564 250 77 518 87 84 257
internal_value=0.000765483 0.000290894 0.000782208 -0.000170809 -0.000652691 -0.00416854 0.000560966 0.00117341 0.00162592 -0.00104327 -0.00195588 -0.00062231 4.63919e-05 0.00201098 0.00142249 0.000586705 0.00222093 -0.000483516 0.000594682 -0.00120356 -0.00266477 0
internal_weight=15431 12821 6228 6593 3990 173 2603 1725 2703 411 335 878 674 2181 1427 860 296 3817 766 248 171 522
internal_count=15431 12821 6228 6593 3990 173 2603 1725 2703 411 335 878 674 2181 1427 860 296 3817 766 248 171 522
is_linear=0
shrinkage=0.035


Tree=131
num_leaves=23
num_cat=0
split_feature=9 8 20 11 11 12 20 21 21 22 21 20 13 25 6 27 7 7 11 11 25 25
split_gain=12.6992 1.79822 1.74392 2.1693 1.58846 1.61611 0.861731 2.76375 2.8498 2.27739 1.51477 1.49504 1.44409 1.35052 1.89854 2.40135 1.50542 2.48586 1.3821 1.66302 1.25817 1.2232
threshold=16.000142857142858 1.3448453054809033 24.500000000000004 1.1094252342038535 1.1914557955765863 1.2127422846509299 7.5000000000000009 3.5000000000000004 2.5000000000000004 13885.000000000002 1.5000000000000002 11.500000000000002 1.0000000180025095e-35 421.00000000000006 8.9846950015344529 2.5000000000000004 4.1439643496121894 2.7158071615927395 1.8337495365063814 1.5144892268317849 200.00000000000003 200.00000000000003
decision_type=2 2 2 2 2 2 2 2 2 2 2 2 2 2 2 2 2 2 2 2 2 2
left_child=1 4 6 -4 -1 -6 10 8 13 -9 -3 20 -13 14 16 -16 17 -8 19 -19 -11 -17
right_child=-2 2 3 -5 5 -7 7 9 -10 11 -12 12 -14 -15 15 21 -18 18 -20 -21 -22 -23
leaf_value=-0.0023516489782224015 1.0120098139927056 -0.037416654262410289 -0.038672201475516026 0.10169153933479112 -0.035503402645340042 -0.0068026880182442094 0.00084951691275507142 0.064665379935873429 0.06636912034130156 -0.12554286551539007 0.053695914141841244 -0.082340425969310585 0.0033987346698697175 0.037586271659763602 0.17393953178079474 -0.07084625309917883 0.039893772346221462 -0.054613002871074137 -0.016522451664184708 -0.082340505970080927 0.070258301881679946 -0.21273403446132755
leaf_weight=2006 2817 638 167 1676 70 85 696 148 1483 61 1870 808 222 1122 61 63 802 56 161 111 267 58
leaf_count=2006 2817 638 167 1676 70 85 696 148 1483 61 1870 808 222 1122 61 63 802 56 161 111 267 58
internal_value=0.00081832 0.000342355 0.000532936 0.00151136 -0.000572022 -0.0039375 0.000321131 9.37297e-05 0.000521438 -0.00120218 0.000867688 -0.00166141 -0.00231642 -7.25677e-05 -0.000620715 -0.00398663 -0.000265702 -0.00115986 -0.00364715 -0.00586046 0.000346847 -0.00677778
internal_weight=15448 12631 10470 1843 2161 155 8627 6119 4613 1506 2508 1358 1030 3130 2008 182 1826 1024 328 167 328 121
internal_count=15448 12631 10470 1843 2161 155 8627 6119 4613 1506 2508 1358 1030 3130 2008 182 1826 1024 328 167 328 121
is_linear=0
shrinkage=0.035


Tree=132
num_leaves=23
num_cat=0
split_feature=8 8 3 22 21 21 8 22 22 3 22 24 22 24 8 3 10 4 6 7 10 27
split_gain=12.0729 2.18941 2.07763 1.5663 1.20683 2.41182 1.05827 2.01446 1.43668 1.25008 1.21476 1.75864 1.06087 1.30181 0.978787 0.820535 0.751459 0.738435 0.82624 1.08544 0.709475 1.02732
threshold=16.432500007793653 4.0036998727253499 5.9112165349214569 16785.000000000004 3.5000000000000004 2.5000000000000004 6.334447238559533 52360.000000000007 19263.000000000004 5.9112165349214569 17236.500000000004 4472.0000000000009 47334.500000000007 7066.5000000000009 13.545737712266419 5.2268510355648123 1.2724180205607036 14.785017823573302 12.890294869445023 10.858297628196111 2.2453232149263669 2.5000000000000004
decision_type=2 2 2 2 2 2 2 2 2 2 2 2 2 2 2 2 2 2 2 2 2 2
left_child=1 -1 3 -2 5 6 8 10 -3 -9 -8 -12 13 14 -13 -15 -7 -6 19 -19 -17 -22
right_child=2 4 -4 -5 17 16 7 9 -10 -11 11 12 -14 15 -16 20 -18 18 -20 -21 21 -23
leaf_value=-0.0015732269936817689 0.9034274397856138 -0.14630619757173619 1.0815894705029609 -0.23417655524251785 0.0050431499504150603 -0.13955714054819937 0.74228854315132997 0.030360610571111356 0.17205359719313534 -0.1918269755186694 -0.17650509536399375 0.10139871568249721 0.22422156840611643 -0.265334578234936 -0.13720409691534985 0.084847095515651741 0.22339721357762193 -0.020083705047939417 0.20459317916934722 -0.23120818990165287 -0.13191219331244119 -0.033637559094839259
leaf_weight=7074 68 75 2457 98 961 48 214 50 583 93 85 621 411 187 76 168 1468 60 68 57 70 386
leaf_count=7074 68 75 2457 98 961 48 214 50 583 93 85 621 411 187 76 168 1468 60 68 57 70 386
internal_value=0.000726484 0.000279781 0.00288737 -0.000798245 0.000791593 0.00104846 0.000467593 0.000112426 0.00170513 -0.00383108 0.000382591 0.000102788 0.000334719 -8.55914e-05 0.00100712 -0.00104657 0.00218836 -0.000209817 -0.00221053 -0.00395902 -0.000395071 -0.00113124
internal_weight=15378 12755 2623 166 5681 4535 3019 2361 658 143 2218 2004 1919 1508 697 811 1516 1146 185 117 624 456
internal_count=15378 12755 2623 166 5681 4535 3019 2361 658 143 2218 2004 1919 1508 697 811 1516 1146 185 117 624 456
is_linear=0
shrinkage=0.035


Tree=133
num_leaves=23
num_cat=0
split_feature=9 9 4 21 4 20 26 21 21 10 2 20 21 4 9 9 8 21 15 10 20 10
split_gain=12.8262 1.94439 1.60513 1.55639 1.52835 1.1558 1.30457 1.27964 2.22788 2.49584 1.86164 1.16718 1.78366 1.38009 1.15618 2.42052 1.29692 3.66024 2.2334 1.95939 1.73896 1.19449
threshold=16.646428571428576 10.912831063616842 5.0127769206881263 3.5000000000000004 16.940434238785283 15.500000000000002 1.0000000180025095e-35 3.5000000000000004 2.5000000000000004 0.4879500364742671 9.9001120243386893 10.500000000000002 1.5000000000000002 6.4473939915124445 3.7503880141252837 6.9496246332794014 2.4017915439394724 1.5000000000000002 0.10620300751879701 1.6035674514745473 21.500000000000004 1.2724180205607056
decision_type=2 2 2 2 2 2 2 2 2 2 2 2 2 2 2 2 2 2 2 2 2 2
left_child=1 5 -3 -4 -5 11 7 8 14 -10 -9 12 -1 -13 16 -16 20 18 19 21 -7 -18
right_child=-2 2 3 4 -6 6 -8 10 9 -11 -12 13 -14 -15 15 -17 17 -19 -20 -21 -22 -23
leaf_value=-0.023219023115885862 1.0279715337545541 -0.11449550443255989 0.38665710649426244 0.072506634722344365 -0.26838860555808969 0.013588272330711514 0.060784339468881218 -0.0057402472272474279 -0.016963823589948433 0.055029715550943187 -0.092810955076912421 -0.0058558157487087412 0.010958692051638352 -0.096304767395582802 0.22075545722052697 -0.027783639226206646 -0.04160753629335269 0.048168778052737435 -0.093017958183548383 0.041459524015928256 -0.013195891236515211 -0.087038010816386319
leaf_weight=930 2552 262 1111 248 87 464 734 803 137 1189 46 1483 2881 389 329 584 60 208 52 92 683 57
leaf_count=930 2552 262 1111 248 87 464 734 803 137 1189 46 1483 2881 389 329 584 60 208 52 92 683 57
internal_value=0.000729299 0.000276531 0.00137507 0.00183563 -0.000205882 0.000105698 0.000471339 0.000251964 0.000525907 0.00168557 -0.000967213 -0.000241209 0.000106394 -0.000956579 -7.73479e-05 0.000907408 -0.000645589 -0.00218565 -0.00492105 -0.00304206 0 -0.00596721
internal_weight=15381 12829 1708 1446 335 11121 5438 4704 3855 1326 849 5683 3811 1872 2529 913 1616 469 261 209 1147 117
internal_count=15381 12829 1708 1446 335 11121 5438 4704 3855 1326 849 5683 3811 1872 2529 913 1616 469 261 209 1147 117
is_linear=0
shrinkage=0.035


Tree=134
num_leaves=23
num_cat=0
split_feature=9 9 20 5 22 24 20 21 12 25 11 20 1 25 21 25 2 14 10 9 15 11
split_gain=12.7723 2.37416 2.10076 1.62541 1.2956 1.27908 0.933685 1.59112 2.31882 1.53611 1.44078 1.28911 1.15324 1.15141 1.50554 1.03881 0.976501 0.948412 0.903916 0.860193 1.02191 0.850409
threshold=15.513274814546774 3.7503880141252837 24.500000000000004 7.9732713418271493 19263.000000000004 9795.0000000000018 15.500000000000002 2.5000000000000004 0.46454078355228479 294.00000000000006 0.90860567228300571 22.500000000000004 3.9929401464817613 180.50000000000003 2.5000000000000004 499.50000000000006 2.6018179182253651 0.48076923076923084 0.37796447300922736 3.0390011773940349 0.11882352941176472 1.5544071024751493
decision_type=2 2 2 2 2 2 2 2 2 2 2 2 2 2 2 2 2 2 2 2 2 2
left_child=1 6 -3 4 -2 -6 9 10 11 12 -8 -9 13 -1 21 -10 -14 19 -16 20 -12 -15
right_child=3 2 -4 -5 5 -7 7 8 15 -11 17 -13 16 14 18 -17 -18 -19 -20 -21 -22 -23
leaf_value=0.029720726303636782 0.84364348874583484 0.028956721554775019 0.25080556328119591 1.0077548353539476 -0.53529809406110085 0.40506249617217677 0.010146888442236652 0.0011731323487033998 0.034122327508475964 0.00045014468017585269 0.01475616279542835 -0.021968635182390214 -0.026367290678997294 0.0018990385768838912 0.00095620569682871768 0.0011878140854791751 -0.1159708184343793 -0.059576518994765869 -0.031894580937035392 -0.037476788469858753 -0.017403900104033518 -0.058684070618497855
leaf_weight=332 290 4558 958 2420 84 123 421 45 965 2068 547 52 104 379 65 529 122 59 394 196 607 49
leaf_count=332 290 4558 958 2420 84 123 421 45 965 2068 547 52 104 379 65 529 122 59 394 196 607 49
internal_value=0.000722222 0.000231835 0.000774045 0.00280527 0.000920319 -0.00112264 -0.000197218 0.00021045 0.00102193 -0.00059892 -0.000486376 -0.00404902 -0.00147241 -0.00101797 -0.00167937 0.00137525 -0.00377273 -0.0010297 -0.0030625 -0.000813653 -0.000425798 -0.000137413
internal_weight=15367 12450 5516 2917 497 207 6934 3421 1591 3513 1830 97 1445 1219 887 1494 226 1409 459 1350 1154 428
internal_count=15367 12450 5516 2917 497 207 6934 3421 1591 3513 1830 97 1445 1219 887 1494 226 1409 459 1350 1154 428
is_linear=0
shrinkage=0.035


Tree=135
num_leaves=23
num_cat=0
split_feature=9 9 20 21 25 9 25 25 12 20 1 7 4 7 25 7 21 25 9 9 8 22
split_gain=11.5315 2.21561 1.99656 1.77315 1.90363 1.50736 1.4414 1.77758 1.84616 2.24962 1.53175 1.48975 1.4386 1.25573 1.25404 2.43995 1.19699 0.954505 0.900347 1.16644 0.846357 0.971887
threshold=16.646428571428576 4.3964285714285731 17.500000000000004 3.5000000000000004 248.50000000000003 5.8061224489795924 807.00000000000011 499.50000000000006 4.4984192253111397 7.5000000000000009 8.1083281831690481 16.431122448979597 5.9680479807034317 9.0000186354913314 224.50000000000003 13.002427551174311 2.5000000000000004 381.00000000000006 9.5893784702334361 6.5365010320367469 6.8669416219889357 31797.000000000004
decision_type=2 2 2 2 2 2 2 2 2 2 2 2 2 2 2 2 2 2 2 2 2 2
left_child=1 -1 5 18 -5 -3 7 8 17 -10 -11 14 -2 -6 15 -12 -9 20 19 -4 -7 -22
right_child=12 2 3 4 13 6 -8 16 9 10 11 -13 -14 -15 -16 -17 -18 -19 -20 -21 21 -23
leaf_value=-0.0015188723272159998 0.16891912422400138 0.10741743611695978 0.4294547050491449 0.14865129696537036 -0.14241966185509072 0.15777245410451898 0.14297734684035471 -0.24228013005123347 0.106428435565372 0.01774316542444395 -0.11253088834728997 0.077417934938608282 1.0715842445978303 0.07162984956932035 -0.079783550822460317 -0.44124718884075231 -0.0014012185395904076 0.43873488724032711 0.40191664486863188 0.052499947161107542 0.11322131668618464 -0.049174083973324331
leaf_weight=7302 308 248 283 201 127 344 450 96 243 91 64 66 2304 68 136 49 99 249 798 808 408 680
leaf_count=7302 308 248 283 201 127 344 450 96 243 91 64 66 2304 68 136 49 99 249 798 808 408 680
internal_value=0.000686751 0.000252634 0.000782786 0.00157424 -0.000514962 0.000214684 0 -0.000332016 -5.24624e-05 -0.00163761 -0.00322749 -0.004375 0.00280455 -0.002975 -0.00559449 -0.00836441 -0.0035 0.000552195 0.00202165 0.00132847 0.000187544 -0.000278591
internal_weight=15422 12810 5508 2285 396 3223 2975 2525 2330 649 406 315 2612 195 249 113 195 1681 1889 1091 1432 1088
internal_count=15422 12810 5508 2285 396 3223 2975 2525 2330 649 406 315 2612 195 249 113 195 1681 1889 1091 1432 1088
is_linear=0
shrinkage=0.035


Tree=136
num_leaves=23
num_cat=0
split_feature=9 4 20 9 25 25 8 7 24 25 21 25 20 22 11 21 12 21 21 12 12 11
split_gain=11.041 1.73655 1.73594 2.37099 1.98888 1.47544 2.67905 2.96366 1.63884 1.34862 1.10832 2.07701 2.00585 1.09997 1.09656 1.03196 1.55909 1.02468 2.20696 1.72004 1.33092 1.8385
threshold=16.646428571428576 5.9680479807034317 16.500000000000004 9.6793003572517247 180.50000000000003 381.00000000000006 14.071683673469389 16.145665934719243 9795.0000000000018 455.50000000000006 1.5000000000000002 600.00000000000011 9.5000000000000018 16785.000000000004 0.94258900360882747 3.5000000000000004 5.1133023615464532 2.5000000000000004 3.5000000000000004 0.46454078355228479 1.8152061990235555 2.1422985124631686
decision_type=2 2 2 2 2 2 2 2 2 2 2 2 2 2 2 2 2 2 2 2 2 2
left_child=2 13 5 4 -4 6 -1 8 -8 -7 11 14 -12 -2 -11 -5 -17 -6 19 -19 -20 -22
right_child=1 -3 3 15 17 9 7 -9 -10 10 12 -13 -14 -15 -16 16 -18 18 20 -21 21 -23
leaf_value=-0.00522484252548008 1.4853156536939447 1.0399779675556353 0.06628196738056201 0.36526822628594502 -0.0071371394487412029 0.12204997205723379 -0.56951538371000143 0.15663190314673459 -0.13484683189886404 -0.0046512224275049351 0.038478551710324965 0.021782283040758223 -0.01288870075137704 -0.16044099333465697 -0.133575738354726 0.15617517697068278 -0.27404166670576535 -0.021146572419553995 0.0035357269654195966 0.040853975989340846 -0.08256772480683533 -0.035353192634118277
leaf_weight=4066 152 2312 691 840 2227 472 52 65 58 66 980 368 754 156 136 139 61 48 385 1109 98 219
leaf_count=4066 152 2312 691 840 2227 472 52 65 58 66 980 368 754 156 136 139 61 48 385 1109 98 219
internal_value=0.000724271 0.00279333 0.000299595 0.000746651 0.000411334 -6.87837e-05 -0.000481394 -0.00466667 -0.00806522 0.000555016 0.000195539 -0.00112609 0.000642036 0.000257189 -0.00393961 0.00226077 0 0.000112075 0.00072103 0.00166265 -0.000806931 -0.00247826
internal_weight=15454 2620 12834 5817 4777 7017 4241 175 110 2776 2304 570 1734 308 202 1040 200 4086 1859 1157 702 317
internal_count=15454 2620 12834 5817 4777 7017 4241 175 110 2776 2304 570 1734 308 202 1040 200 4086 1859 1157 702 317
is_linear=0
shrinkage=0.035


Tree=137
num_leaves=23
num_cat=0
split_feature=9 4 9 22 8 24 11 25 9 11 23 7 11 8 15 3 7 7 24 10 9 12
split_gain=11.3063 1.861 1.82034 1.13154 1.26838 1.52814 2.81682 2.23241 4.15162 1.48683 1.23903 1.12558 1.10708 1.04071 1.80867 1.07793 1.61681 0.988396 1.71671 2.65331 0.985206 1.4612
threshold=16.646428571428576 5.9680479807034317 3.7503880141252837 17236.500000000004 6.4293354925570769 10740.000000000002 7.0733981651269149 248.50000000000003 9.1171568627450998 2.9314512776791291 51350.000000000007 6.4273742654167272 2.4078641832698486 3.2861431116147957 1.0000000180025095e-35 1.7504361779741962 0.56969271725119408 12.715694393364142 5252.0000000000009 4.1576092031015106 7.5374323151322207 3.9009585097828086
decision_type=2 2 2 2 2 2 2 2 2 2 2 2 2 2 2 2 2 2 2 2 2 2
left_child=2 -2 13 12 -5 7 -7 10 9 -9 17 -12 -4 15 -15 -1 -17 -6 19 -19 -13 -22
right_child=1 -3 3 4 5 6 -8 8 -10 -11 11 20 -14 14 -16 16 -18 18 -20 -21 21 -23
leaf_value=-0.0035056500972233005 0.087842671175031792 1.0385787386911878 -0.066169733242609233 0.10827452827542607 0.076888948355739395 0.15521750584489719 -0.45626983807934046 0.046046678285473999 -0.69236281160921287 -0.072052118085661365 0.228248499863593 -0.0070452857322244383 0.47120701851516478 -0.072570739773110793 -0.0039019065883066101 -0.021918891524923344 0.011662441640083412 -0.29778746543633489 0.023523297573239225 0.27950751484924169 -0.17543644206633666 -0.013566647376025451
leaf_weight=3172 308 2300 79 1160 1533 1208 65 242 46 367 50 124 344 175 450 87 3125 45 399 46 96 60
leaf_count=3172 308 2300 79 1160 1533 1208 65 242 46 367 50 124 344 175 450 87 3125 45 399 46 96 60
internal_value=0.000663567 0.0027633 0.000235906 0.000691174 0.000550129 0.000266216 0.00128169 -0.000159144 -0.00196212 -0.00111726 0.000338423 -0.0016194 0.00243692 -0.000142714 -0.0015 -6.02585e-06 0.000442804 0.000669625 -0.000671717 -0.00488542 -0.00251754 -0.00432609
internal_weight=15481 2608 12873 5864 5441 4281 1273 3008 655 609 2353 330 423 7009 625 6384 3212 2023 490 91 280 156
internal_count=15481 2608 12873 5864 5441 4281 1273 3008 655 609 2353 330 423 7009 625 6384 3212 2023 490 91 280 156
is_linear=0
shrinkage=0.035


Tree=138
num_leaves=23
num_cat=0
split_feature=9 4 22 20 20 21 9 12 10 22 24 22 24 20 21 21 22 10 22 10 25 4
split_gain=11.0716 2.74545 1.43681 1.53765 2.52869 2.72324 2.96757 1.4331 3.05716 1.1553 1.17752 2.08727 1.66197 1.06151 1.41985 2.43641 1.69705 1.55657 1.53222 1.1952 1.168 1.78693
threshold=10.912831063616842 5.0127769206881263 16785.000000000004 17.500000000000004 9.5000000000000018 3.5000000000000004 19.14208074534162 6.0533660460862473 3.8668308667927116 19263.000000000004 9795.0000000000018 31797.000000000004 12965.500000000002 15.500000000000002 3.5000000000000004 2.5000000000000004 54348.000000000007 0.69006555934235536 17236.500000000004 2.3608110074759998 200.00000000000003 11.00884074265187
decision_type=2 2 2 2 2 2 2 2 2 2 2 2 2 2 2 2 2 2 2 2 2 2
left_child=13 9 -3 4 -4 -6 7 8 -7 -2 11 -11 -12 20 15 19 17 -17 -16 -15 21 -1
right_child=1 2 3 -5 5 6 -8 -9 -10 10 12 -13 -14 14 18 16 -18 -19 -20 -21 -22 -23
leaf_value=-0.019662206109016332 0.59580760718254344 2.0872284828369958 0.68115534030143976 0.47794366201892546 0.24810143352923553 -0.27081290930370766 0.22172848685285859 -0.56321737720279141 0.057228488573942693 -0.039954347605314508 0.36507365463884289 -0.73595749299095969 -0.2875323064367486 -0.0032566277305715614 0.022095717884005692 -0.006601018191591995 -0.03751041002496127 0.085905824968805056 -0.034910542815167117 0.085822241208786842 0.00015635558274796957 -0.16820589246398748
leaf_weight=1319 225 1323 617 1162 438 45 78 47 56 102 129 64 53 2180 239 191 66 1278 768 707 4354 45
leaf_count=1319 225 1323 617 1162 438 45 78 47 56 102 129 64 53 2180 239 191 66 1278 768 707 4354 45
internal_value=0.000655445 0.00215447 0.00249761 0.00197018 0.00110498 -0.00037145 -0.0034697 -0.0063366 -0.00343396 -7.26642e-05 -0.00135836 -0.00345906 0.000505348 6.96737e-05 0.000421237 0.000693359 0.00181818 0.00207531 -0.000753952 8.71371e-05 -0.000261139 -0.00115303
internal_weight=15486 4339 3766 2443 1281 664 226 148 101 573 348 166 182 11147 5429 4422 1535 1469 1007 2887 5718 1364
internal_count=15486 4339 3766 2443 1281 664 226 148 101 573 348 166 182 11147 5429 4422 1535 1469 1007 2887 5718 1364
is_linear=0
shrinkage=0.035


Tree=139
num_leaves=23
num_cat=0
split_feature=9 9 20 4 21 20 21 4 20 23 8 23 10 21 6 25 21 25 21 25 11 11
split_gain=9.62322 2.07411 2.24573 1.40662 1.38178 3.5578 1.41167 1.75511 1.35379 1.22375 1.22037 1.28187 1.08733 1.07533 1.56596 1.06948 1.05284 1.09711 0.975749 0.918514 0.918053 0.856536
threshold=16.646428571428576 3.6794790703574112 16.500000000000004 5.9680479807034317 1.5000000000000002 8.5000000000000018 3.5000000000000004 16.940434238785283 9.5000000000000018 62950.000000000007 6.334447238559533 26000.000000000004 0.97590007294853442 2.5000000000000004 8.9846950015344529 200.00000000000003 3.5000000000000004 200.00000000000003 2.5000000000000004 248.50000000000003 4.0577330647356797 6.6564023547027489
decision_type=2 2 2 2 2 2 2 2 2 2 2 2 2 2 2 2 2 2 2 2 2 2
left_child=1 -1 4 19 8 -6 10 15 -3 -10 -7 -12 -4 14 -13 -8 18 -18 -14 -2 -16 -21
right_child=3 2 12 -5 5 6 7 -9 9 -11 11 13 16 -15 20 -17 17 -19 -20 21 -22 -23
leaf_value=-0.0013360804084072426 0.89746784044581762 -0.11268438213197564 -0.15252610898376137 0.96337424989726306 0.17349571776102019 0.2408361800132312 -0.16894598973918115 -0.22115921541616412 0.08973560860679311 -0.15249474988976783 0.26708612052208225 -0.014661196712581211 0.10521004601485637 0.039165760233033503 -0.19027684468220077 -0.013462222694512256 0.18803428440768624 -0.044971207871170898 0.38603710942990316 0.21728277718273761 -0.095783574819397421 -0.26206198711393541
leaf_weight=6923 197 569 45 2265 1192 121 67 47 325 57 119 161 1401 267 50 244 103 349 723 61 76 45
leaf_count=6923 197 569 45 2265 1192 121 67 47 325 57 119 161 1401 267 50 244 103 349 723 61 76 45
internal_value=0.000674929 0.000281766 0.000763131 0.00262942 0.000148485 0.000609408 -0.000765341 -0.00257438 -0.000966527 0.000605943 3.94244e-05 -0.000526549 0.00152742 -0.0012585 -0.00273288 -0.00148418 0.00162863 5.36106e-05 0.00195467 0.000318182 -0.00558397 -0.00217568
internal_weight=15407 12839 5916 2568 3295 2344 1152 358 951 382 794 673 2621 554 287 311 2576 452 2124 303 126 106
internal_count=15407 12839 5916 2568 3295 2344 1152 358 951 382 794 673 2621 554 287 311 2576 452 2124 303 126 106
is_linear=0
shrinkage=0.035


Tree=140
num_leaves=23
num_cat=0
split_feature=9 20 9 20 4 10 12 5 1 3 6 25 4 23 23 22 25 24 25 20 9 22
split_gain=10.5867 2.19502 2.30406 1.17033 1.6195 2.79746 3.07179 1.295 1.02593 1.01792 0.959036 1.04219 0.954454 0.958519 1.7303 0.853872 0.849055 0.822099 0.783924 0.77803 1.11119 0.776349
threshold=16.646428571428576 16.500000000000004 9.6793003572517247 10.500000000000002 6.006203158824877 3.4364987719368982 4.1039126347782684 6.006203158824877 5.9272486772486781 10.982153892092549 3.9525573149729878 807.00000000000011 5.7574969127869009 40250.000000000007 42000.000000000007 16785.000000000004 180.50000000000003 3438.0000000000005 191.00000000000003 14.500000000000002 19.716218463335505 52360.000000000007
decision_type=2 2 2 2 2 2 2 2 2 2 2 2 2 2 2 2 2 2 2 2 2 2
left_child=1 3 16 7 21 6 8 10 -6 15 -1 12 13 17 -15 -2 -3 -12 -14 20 -17 -5
right_child=9 2 -4 4 5 -7 -8 -9 -10 -11 11 -13 18 14 -16 19 -18 -19 -20 -21 -22 -23
leaf_value=0.00404150611134803 1.1992314331926932 0.058061435858723288 0.2646059081952632 0.00054272020810240652 -0.10791426135870145 -0.0027372855195978785 -0.23960454082191907 0.09084574703413939 -0.045377667380633771 0.90398110794851561 -0.055540303498650703 0.070361994791379487 -0.13587042002566005 -0.38758686346661025 -0.043045774472542583 -0.36529661813759762 0.0032117379109789044 0.01172554630018593 0.13468521684992873 0.65574855040272551 0.38555095309367166 -0.031406126009593215
leaf_weight=1586 98 669 1050 1664 73 431 51 1029 208 2305 318 176 45 103 445 67 4103 453 187 45 62 159
leaf_count=1586 98 669 1050 1664 73 431 51 1029 208 2305 318 176 45 103 445 67 4103 453 187 45 62 159
internal_value=0.000669319 0.000253822 0.00075502 -0.00016508 -0.000755114 -0.00210547 -0.00449703 0.00018277 -0.00286364 0.00271379 -0.000149789 -0.000723441 -0.00102121 -0.00139048 -0.00251266 0.000593863 0.000422755 -0.000559278 0.000989452 -0.000801676 -0.00224627 -0.000176149
internal_weight=15327 12750 5822 6928 2586 763 332 4342 281 2577 3313 1727 1551 1319 548 272 4772 771 232 174 129 1823
internal_count=15327 12750 5822 6928 2586 763 332 4342 281 2577 3313 1727 1551 1319 548 272 4772 771 232 174 129 1823
is_linear=0
shrinkage=0.035


Tree=141
num_leaves=23
num_cat=0
split_feature=9 3 22 22 24 11 5 22 22 11 23 12 20 7 4 7 22 12 12 9 9 25
split_gain=9.97925 3.03813 1.81137 1.60783 1.47672 1.23344 1.23943 1.44847 2.02858 1.16577 0.970299 1.11148 0.896352 0.859719 0.856457 2.03246 1.83489 1.45002 1.90993 1.09783 1.01772 0.703917
threshold=10.912831063616842 5.154761904761906 16785.000000000004 31488.000000000004 12965.500000000002 6.0974228398316148 14.999072958688698 48992.500000000007 43337.000000000007 5.2154145402102863 42000.000000000007 5.6291706126250025 26.500000000000004 2.0554463460428067 9.9933189851049971 6.4273742654167272 31797.000000000004 3.2402260912585308 3.5327268122738742 7.7692754686766738 8.5037084278155728 210.50000000000003
decision_type=2 2 2 2 2 2 2 2 2 2 2 2 2 2 2 2 2 2 2 2 2 2
left_child=4 2 -2 21 12 -5 7 8 -7 -6 -4 -12 14 -14 -1 -16 19 -18 -19 -17 -20 -3
right_child=1 3 10 5 9 6 -8 -9 -10 -11 11 -13 13 -15 15 16 17 18 20 -21 -22 -23
leaf_value=-0.00027421937635304836 1.4338180350160916 1.8632769725777705 -0.52094188697307253 0.34029436564987192 0.17358394997281709 -0.11343627814542179 0.40318749513887031 0.25201798170866013 -0.53048612306131593 -0.048265418395376208 0.21860197543759707 -0.17681429076568683 -0.002535327068268665 0.09218421170542046 0.068121379211485311 -0.19076964180863609 -0.029101209232991275 -0.20134210602429672 0.1030562117704531 0.10373198532098102 -0.1081965413509951 0.35404195558496926
leaf_weight=8627 80 1386 97 1003 682 89 217 86 62 54 85 45 432 691 137 53 89 46 47 176 72 1139
leaf_count=8627 80 1386 97 1003 682 89 217 86 62 54 85 45 432 691 137 53 89 46 47 176 72 1139
internal_value=0.000656818 0.00208989 -0.00121154 0.00235001 0.000101116 0.0013933 -8.38779e-05 -0.00185124 -0.00390385 0.00161066 -0.00283621 -0.000648148 -5.06011e-06 0.000924645 -0.000120298 -0.001372 -0.00245287 -0.00447297 -0.00638235 -8.97435e-05 -0.00355645 0.0028913
internal_weight=15395 4289 307 3982 11106 1457 454 237 151 736 227 130 10370 1123 9247 620 483 254 165 229 119 2525
internal_count=15395 4289 307 3982 11106 1457 454 237 151 736 227 130 10370 1123 9247 620 483 254 165 229 119 2525
is_linear=0
shrinkage=0.035


Tree=142
num_leaves=23
num_cat=0
split_feature=9 22 4 11 21 9 4 24 22 6 1 21 24 12 2 21 12 9 12 21 12 10
split_gain=9.85532 2.72281 2.07131 1.62103 1.48644 1.31592 1.40446 1.22532 1.05526 0.945023 0.817905 0.765564 0.755428 1.25478 1.102 0.806593 1.56338 1.48161 2.2304 2.44769 2.73851 2.21463
threshold=10.912831063616842 16785.000000000004 5.0127769206881263 6.9986101905601403 3.5000000000000004 19.716218463335505 14.785017823573302 9795.0000000000018 31797.000000000004 11.827380952380954 17.901091648750974 2.5000000000000004 12965.500000000002 4.9374754353777428 9.9001120243386893 2.5000000000000004 1.2127422846509299 7.3945540415640245 3.5327268122738742 1.5000000000000002 3.2402260912585308 2.8935338083613886
decision_type=2 2 2 2 2 2 2 2 2 2 2 2 2 2 2 2 2 2 2 2 2 2
left_child=12 -2 3 7 11 6 -6 8 -3 -8 -11 -4 15 14 -14 17 -17 -1 19 -19 21 -21
right_child=1 2 4 -5 5 -7 9 -9 -10 10 -12 -13 13 -15 -16 16 -18 18 -20 20 -22 -23
leaf_value=-0.00024250978487059684 1.8544930653097231 0.031163299345596699 0.24938160617936833 -0.35900688325772412 0.070876854018933733 1.1558373335097227 -0.20264975408109706 0.35055317377895823 -0.45525175453780486 0.10975155453751229 -0.20845024861624414 0.70641533788031052 0.19762294317350818 -0.051247878058791961 -0.0024435867222733455 -0.0053655399572943895 0.024575788854327946 -0.033485522737546347 0.011542918888111989 -0.19381106989639746 -0.25537173056405338 0.034350634821644487
leaf_weight=4684 1481 113 1002 92 285 173 84 139 54 113 70 719 406 62 277 1291 3709 174 318 82 53 62
leaf_count=4684 1481 113 1002 92 285 173 84 139 54 113 70 719 406 62 277 1291 3709 174 318 82 53 62
internal_value=0.000692841 0.0021097 0.00146069 -0.000842432 0.00184353 0.000479452 -0.000333034 0.000348875 -0.00158721 -0.00216176 -0.000595745 0.00240498 0.000139396 0.00121333 0.0016686 6.0031e-05 0.000381119 -0.000235589 -0.00174496 -0.00357447 -0.00620297 -0.00331208
internal_weight=15443 4325 2844 398 2446 725 552 306 167 267 183 1721 11118 745 683 10373 5000 5373 689 371 197 144
internal_count=15443 4325 2844 398 2446 725 552 306 167 267 183 1721 11118 745 683 10373 5000 5373 689 371 197 144
is_linear=0
shrinkage=0.035


Tree=143
num_leaves=23
num_cat=0
split_feature=9 4 22 9 20 4 22 10 2 0 9 24 22 7 20 7 22 21 20 4 22 9
split_gain=9.18757 2.31642 1.32953 1.21335 2.25238 1.27259 1.18227 1.33846 0.961753 0.847811 0.712175 2.39734 0.937212 1.00449 1.13173 1.19308 1.18931 2.25219 1.11404 1.2492 1.26788 0.931307
threshold=15.513274814546774 5.9680479807034317 32208.500000000004 3.6794790703574112 24.500000000000004 21.011946453809166 16785.000000000004 6.5180842460781525 26.94184716045481 3.7899203501381034 6.1444750999722366 4472.0000000000009 19263.000000000004 5.8587960226890932 6.5000000000000009 13.14782136540043 52360.000000000007 2.5000000000000004 17.500000000000004 8.2534813770198809 47334.500000000007 7.6984536801096519
decision_type=2 2 2 2 2 2 2 2 2 2 2 2 2 2 2 2 2 2 2 2 2 2
left_child=3 6 -3 9 5 10 -2 -8 -4 -1 -5 -12 -13 -14 -15 16 21 -18 19 -17 -21 -16
right_child=1 2 8 4 -6 -7 7 -9 -10 -11 11 12 13 14 15 18 17 -19 -20 20 -22 -23
leaf_value=0.00085370100341176458 1.2439610612687473 1.0832106787320694 0.37425382947646535 0.057717011349826527 0.22021748230706226 -0.19915945552285011 -0.01077494482059542 -0.73468782050208237 -0.14465242340726747 -0.012368359977673965 -0.10418986666165085 0.60651179744461337 0.17156859133139274 0.098509850767857954 -0.038191513992124192 0.05122341997198257 -0.23069933653884259 0.028012374657921457 0.25014208781485936 -0.21214986769171842 -0.0017029459442334384 0.044318675668489328
leaf_weight=5819 156 2012 498 957 1007 67 135 55 74 1030 235 133 149 749 434 49 90 118 71 110 52 1392
leaf_count=5819 156 2012 498 957 1007 67 135 55 74 1030 235 133 149 749 434 49 90 118 71 110 52 1392
internal_value=0.000688089 0.0024506 0.00281054 0.000271477 0.000652902 0.000319562 -0.000189459 -0.0020641 0.00125563 -3.88093e-05 0.000395907 0.00016295 0.000409308 0.000281609 0.000136808 -0.000239767 4.97794e-05 -0.00241549 -0.00235366 -0.00362963 -0.00509281 0.000345986
internal_weight=15392 2930 2584 12462 5613 4606 346 190 572 6849 4539 3582 3347 3214 3065 2316 2034 208 282 211 162 1826
internal_count=15392 2930 2584 12462 5613 4606 346 190 572 6849 4539 3582 3347 3214 3065 2316 2034 208 282 211 162 1826
is_linear=0
shrinkage=0.035


Tree=144
num_leaves=23
num_cat=0
split_feature=8 4 9 8 22 10 21 21 24 25 24 9 21 25 12 22 10 2 4 12 11 3
split_gain=9.49764 1.61529 1.34016 1.34885 1.90189 1.36398 1.46891 1.87274 1.77788 1.59581 1.63666 2.2464 2.59536 1.2866 1.22441 1.10143 1.00873 1.51472 1.1432 1.16323 0.903501 0.895454
threshold=16.290867734745969 10.786321963483829 4.3964285714285731 6.334447238559533 17236.500000000004 0.96975008699700671 2.5000000000000004 3.5000000000000004 10740.000000000002 600.00000000000011 7066.5000000000009 7.2857189445871189 1.5000000000000002 248.50000000000003 5.9879249325338915 3735.5000000000005 4.2594432902501644 10.345238095238097 8.9846950015344529 4.7060561110315069 5.2154145402102863 5.7048596889145831
decision_type=2 2 2 2 2 2 2 2 2 2 2 2 2 2 2 2 2 2 2 2 2 2
left_child=2 -2 15 -4 -5 -6 8 -8 9 10 -7 -12 13 -13 16 -1 17 -9 -19 -20 -10 -17
right_child=1 -3 3 4 5 6 7 14 20 -11 11 12 -14 -15 -16 21 -18 18 19 -21 -22 -23
leaf_value=0.044642940051520009 0.21709718784239135 0.83855143508914565 0.16651369820801476 0.58142852161429925 -0.33879295753045008 0.040057125326808475 0.17735244111031898 0.024753555787082465 0.17472361575470671 -0.21336990224131455 0.083741157684492376 0.035745972021592527 -0.17679387919876979 -0.16540648329740124 -0.32324380619516063 -0.00070258801624445769 0.12232773967850365 0.025974986199347253 -0.18654358610797145 -0.015910876359575988 -0.088805233230082187 -0.04464567809375522
leaf_weight=472 415 2281 862 314 46 704 1138 417 542 89 202 194 221 73 46 6495 291 68 87 69 94 285
leaf_count=472 415 2281 862 314 46 704 1138 417 542 89 202 194 221 73 46 6495 291 68 87 69 94 285
internal_value=0.000681376 0.00256701 0.000279141 0.000693336 0.000448913 0.000249883 0.000321934 0.000975248 -0.000322975 -0.000992607 -0.000677984 -0.00188849 -0.00317343 -0.000746323 -0.000131739 -3.03843e-05 0.000138207 -0.000617647 -0.00291921 -0.00454348 0.00120671 -0.000147015
internal_weight=15405 2696 12709 5457 4595 4281 4235 2116 2119 1483 1394 690 488 267 978 7252 932 641 224 156 636 6780
internal_count=15405 2696 12709 5457 4595 4281 4235 2116 2119 1483 1394 690 488 267 978 7252 932 641 224 156 636 6780
is_linear=0
shrinkage=0.035


Tree=145
num_leaves=23
num_cat=0
split_feature=9 20 11 5 22 11 25 8 7 1 25 9 3 20 21 21 20 25 20 25 7 12
split_gain=8.87252 2.044 2.20704 1.6445 1.31732 1.2299 1.09117 1.63441 2.81236 1.55937 1.30764 1.34548 0.991053 0.954421 1.20925 0.909039 1.6762 1.66009 1.45069 0.670073 1.09864 1.41782
threshold=16.980780885804954 17.500000000000004 2.207009906449958 14.064062944910591 16785.000000000004 8.7569438681231979 381.00000000000006 14.071683673469389 16.145665934719243 13.956344933018238 499.50000000000006 12.532844179123261 16.940434238785283 10.500000000000002 3.5000000000000004 1.5000000000000002 6.5000000000000009 807.00000000000011 9.5000000000000018 637.50000000000011 0.56969271725119408 0.89574281815241474
decision_type=2 2 2 2 2 2 2 2 2 2 2 2 2 2 2 2 2 2 2 2 2 2
left_child=1 6 -3 4 -2 12 7 -1 9 -9 13 15 -6 -8 -15 16 17 -12 -17 20 -20 -22
right_child=3 2 -4 -5 5 -7 10 8 -10 -11 11 -13 -14 14 -16 18 -18 -19 19 -21 21 -23
leaf_value=-0.0052425659996125657 1.3794638101835928 0.0023476823615566998 0.11975902331574158 1.0509480428922562 -0.098588475685513446 -0.23592568019568191 0.17443087963824902 -0.36967423151108492 0.17115257257669395 -0.15961739731233357 -0.11217730559648252 0.416890214137633 0.36575685296892646 0.135082804263812 -0.12365761458983264 0.023973274001193066 0.0018465415225185169 0.087883725410205227 0.019593533863764317 0.00015627837538960179 -0.037589971510534441 -0.059390172148172528
leaf_weight=4300 381 3128 2296 1718 200 60 460 63 89 68 132 173 162 255 74 819 321 56 58 396 56 194
leaf_count=4300 381 3128 2296 1718 200 60 460 63 89 68 132 173 162 255 74 819 321 56 58 396 56 194
internal_value=0.000659532 0.000287453 0.000805213 0.0025578 0.00120421 -0.000106557 -8.42531e-05 -0.000429282 -0.00334444 -0.00653676 0.000430644 0 0.000638965 0.00164861 0.000146707 -0.000262886 -0.00153891 -0.00411658 0.000155759 -0.000992242 -0.00220288 -0.00322549
internal_weight=15459 12938 5424 2521 803 422 7514 4520 220 131 2994 2205 362 789 329 2032 509 188 1523 704 308 250
internal_count=15459 12938 5424 2521 803 422 7514 4520 220 131 2994 2205 362 789 329 2032 509 188 1523 704 308 250
is_linear=0
shrinkage=0.035


Tree=146
num_leaves=23
num_cat=0
split_feature=9 25 20 12 20 9 20 12 25 12 22 22 25 8 7 25 9 12 10 4 20 12
split_gain=8.59883 1.68275 1.629 2.13856 1.62049 1.8275 1.4157 1.7172 0.976233 0.914403 1.80097 2.25097 0.97917 1.74007 1.76113 1.4983 1.06224 1.05827 0.83534 1.01179 0.775031 0.697778
threshold=16.789456666317523 210.50000000000003 16.500000000000004 8.910415358004137 16.500000000000004 9.5893784702334361 11.500000000000002 6.6946831940565437 180.50000000000003 6.0533660460862473 43337.000000000007 48992.500000000007 381.00000000000006 14.071683673469389 16.145665934719243 499.50000000000006 12.145154118299546 4.6691717702501343 4.2594432902501644 13.982558156555685 10.500000000000002 3.1826617804323853
decision_type=2 2 2 2 2 2 2 2 2 2 2 2 2 2 2 2 2 2 2 2 2 2
left_child=4 -2 3 6 9 8 -3 -8 -6 12 -11 -12 13 18 17 -14 -17 -15 19 -1 -21 -10
right_child=1 2 -4 -5 5 -7 7 -9 21 10 11 -13 15 14 -16 16 -18 -19 -20 20 -22 -23
leaf_value=-0.0055348365966917815 1.6155190460900375 0.37836011499733035 0.57984169989677781 -0.48911278489748761 0.055383180901889886 0.22767371542112683 0.28466696320766477 -0.2809324708698262 0.0056333862881232429 0.072091192554556871 -0.47878393172187611 -0.22434081890599109 0.10437911652901537 -0.20452995069030858 0.17351233392779922 -0.0030337632702116019 0.38488792126472898 -0.34222179435004818 0.053702441202886496 0.0014458624852523162 -0.17479025161564171 -0.044725815344451123
leaf_weight=3524 1368 401 524 65 678 1093 89 85 3564 90 46 52 687 46 50 1907 131 52 367 52 55 504
leaf_count=3524 1368 401 524 65 678 1093 89 85 3564 90 46 52 687 46 50 1907 131 52 367 52 55 504
internal_value=0.000615646 0.00247911 0.00146407 0.000244186 0.000247656 0.000679158 0.000965517 -0.0015838 0.000376447 -0.000107021 -0.00248446 -0.00567476 -3.76671e-05 -0.000378583 -0.00404902 0.000474359 0 -0.00669417 -0.00023345 -0.000398515 -0.0036875 0.000165848
internal_weight=15430 2532 1164 640 12898 5839 575 174 4746 7059 188 98 6871 4146 148 2725 2038 98 3998 3631 107 4068
internal_count=15430 2532 1164 640 12898 5839 575 174 4746 7059 188 98 6871 4146 148 2725 2038 98 3998 3631 107 4068
is_linear=0
shrinkage=0.035


Tree=147
num_leaves=23
num_cat=0
split_feature=8 22 20 26 8 20 12 11 20 21 4 24 8 22 24 21 6 12 22 11 23 2
split_gain=9.02494 1.88753 2.01568 2.08819 1.70715 1.97329 1.51703 1.48142 1.00884 4.45812 1.46487 1.3074 0.988658 1.04578 1.06808 1.50828 2.89214 1.67981 2.26413 1.37681 1.1447 1.01235
threshold=15.752049219590733 16785.000000000004 16.500000000000004 1.0000000180025095e-35 4.144865848437278 25.500000000000004 2.8424062239656638 9.6291110645884626 10.500000000000002 3.5000000000000004 5.9680479807034317 9795.0000000000018 6.334447238559533 22034.500000000004 10740.000000000002 2.5000000000000004 8.9846950015344529 3.5001385572150507 33201.500000000007 5.3899411368044641 51350.000000000007 7.9927388748624617
decision_type=2 2 2 2 2 2 2 2 2 2 2 2 2 2 2 2 2 2 2 2 2 2
left_child=4 -2 3 7 6 12 -1 8 10 -10 11 -3 -6 -14 15 16 20 -18 -19 -16 -15 -22
right_child=1 2 -4 -5 5 -7 -8 -9 9 -11 -12 -13 13 14 19 -17 17 18 -20 -21 21 -23
leaf_value=-0.0013671272252773709 1.658108074988913 -0.76867968650514162 0.53338895563887823 0.606343850456879 0.078314991913635598 0.22029072953127771 -0.055150147861732488 -0.41029796410688368 0.14510405651326669 -0.45783215677211064 0.59666676434499877 0.2294365645334657 0.12428882130135074 -0.0056826645477673137 0.12363613554575814 0.011685707653632773 -0.17239693320222454 -0.20222394230653723 0.11191518763958917 -0.094099499345616011 -0.01050746305868135 -0.26745728375196659
leaf_weight=7115 1443 48 566 247 896 803 56 58 112 62 231 61 580 718 857 1100 85 48 70 156 62 60
leaf_count=7115 1443 48 566 247 896 803 56 58 112 62 231 61 580 718 857 1100 85 48 70 156 62 60
internal_value=0.000577855 0.0023634 0.00141007 0.000271845 0.000175125 0.000643382 -0.000177536 -0.000867418 -0.000209056 -0.00236592 0.000862319 -0.00233333 0.000360039 0.000103849 -0.000142834 -0.000589851 -0.00154294 -0.00525 -0.00219106 0.00078389 -0.000600592 -0.00366535
internal_weight=15434 2828 1385 819 12606 5435 7171 572 514 174 340 109 4632 3736 3156 2143 1043 203 118 1013 840 122
internal_count=15434 2828 1385 819 12606 5435 7171 572 514 174 340 109 4632 3736 3156 2143 1043 203 118 1013 840 122
is_linear=0
shrinkage=0.035


Tree=148
num_leaves=23
num_cat=0
split_feature=9 22 4 21 9 4 27 27 22 11 7 12 7 5 10 25 25 27 7 11 9 15
split_gain=8.57037 2.84332 1.94543 1.92758 1.52573 1.85562 0.854834 0.989793 1.4012 0.822843 2.69078 0.891414 0.780778 0.973484 0.953825 0.75857 0.698955 0.86519 0.867855 0.916112 1.1563 2.46879
threshold=10.912831063616842 16785.000000000004 5.0127769206881263 3.5000000000000004 19.716218463335505 25.102403528914756 3.5000000000000004 2.5000000000000004 19263.000000000004 4.6813721373055079 12.860265344091902 7.8875613280712829 11.144966344609683 2.0000375036577513 0.34959371619437113 455.50000000000006 294.00000000000006 3.5000000000000004 0.28764931278260691 1.016814769448896 1.9648926707350622 0.069047619047619066
decision_type=2 2 2 2 2 2 2 2 2 2 2 2 2 2 2 2 2 2 2 2 2 2
left_child=12 -2 6 -4 5 9 7 8 -3 10 -5 -11 13 14 -1 -9 -16 -18 -19 -20 -21 -22
right_child=1 2 3 4 -6 -7 -8 15 -10 11 -12 -13 -14 -15 16 -17 17 18 19 20 21 -23
leaf_value=0.0050883711354500535 1.5852026175567377 0.2501005490892243 0.31159924257865096 0.11823860964616106 1.0121073753984597 -0.41281991338829027 -0.45432234442298708 0.32777984544731847 -0.64626036658172004 0.16432474599926838 -0.20778603780308552 -0.34175785121159891 -0.048368178771132829 0.013330991951089001 -0.010919960713541647 -0.17880026566900861 0.010697719205942062 0.01250796394780865 -0.020737017630407948 0.045392935219945835 0.04664982655214165 -0.050696270511240087
leaf_weight=155 1472 57 1770 70 164 49 54 181 53 336 62 45 215 6766 1779 56 1308 100 344 148 116 164
leaf_count=155 1472 57 1770 70 164 49 54 181 53 336 62 45 215 6766 1779 56 1308 100 344 148 116 164
internal_value=0.000667238 0.00197965 0.00132908 0.00169472 0.000148427 -0.000697531 -0.000896552 -0.000178977 -0.0028913 -1.35134e-05 -0.00237591 0.000779793 0.000148198 0.000191318 -0.000230274 0.00104132 -0.000340817 7.20825e-05 -0.000770239 -0.00118468 -5.65819e-05 -0.00141228
internal_weight=15464 4369 2897 2496 726 562 401 347 110 513 132 381 11095 10880 4114 237 3959 2180 872 772 428 280
internal_count=15464 4369 2897 2496 726 562 401 347 110 513 132 381 11095 10880 4114 237 3959 2180 872 772 428 280
is_linear=0
shrinkage=0.035


Tree=149
num_leaves=23
num_cat=0
split_feature=9 25 20 12 20 10 21 12 12 21 10 22 12 15 7 15 20 21 9 10 21 25
split_gain=8.11753 1.68375 1.6479 1.72499 1.48556 2.2756 1.71973 1.70268 1.22487 1.15081 2.17658 1.32823 1.16921 1.47276 1.13579 1.03644 0.966243 2.06926 1.91097 1.60989 1.55693 1.25588
threshold=16.789456666317523 210.50000000000003 16.500000000000004 8.910415358004137 17.500000000000004 2.0354009783964337 3.5000000000000004 5.1133023615464532 3.9009585097828086 2.5000000000000004 0.78679579246944031 24335.000000000004 0.65861480268624806 0.49000000000000005 5.2914285714285727 0.78416149068322993 10.500000000000002 3.5000000000000004 8.9281484389793651 3.4364987719368982 1.5000000000000002 381.00000000000006
decision_type=2 2 2 2 2 2 2 2 2 2 2 2 2 2 2 2 2 2 2 2 2 2
left_child=4 -2 3 -3 16 9 -7 8 14 12 11 -11 -6 -14 -8 -13 20 -18 -19 -20 -1 -22
right_child=1 2 -4 -5 5 6 7 -9 -10 10 -12 15 13 -15 -16 -17 17 18 19 -21 21 -23
leaf_value=-0.022094979268531344 1.4642733285698157 0.18802819392281761 0.56846512842568697 -0.46504316129547496 0.01206885628243913 0.13363110389480151 0.068358996097723876 -0.3534763872035398 0.12847029555953446 0.0058234921060164877 0.035602937614750037 -0.072319927120326546 -0.0087437165194505645 -0.029726018377260334 -0.10901296080124165 0.001919699845954155 -0.0010691374665248022 -0.021475339862912161 -0.18309822345194651 -0.063981021965416079 0.00043976131122478948 0.035947348510131913
leaf_weight=1088 1374 568 522 65 208 1856 97 48 141 180 1113 120 1390 93 97 55 2365 564 46 111 1981 1334
leaf_count=1088 1374 568 522 65 208 1856 97 48 141 180 1113 120 1390 93 97 55 2365 564 46 111 1981 1334
internal_value=0.00059714 0.00240884 0.00138793 0.000153605 0.000239451 0.000682121 0.00153476 -0.000559278 0.000308824 7.07966e-05 0.000791242 -0.00155556 -0.000544811 -0.000898521 -0.00142462 -0.00369444 -7.75286e-05 -0.000553704 -0.00218871 -0.00557407 0.000252496 0.00063253
internal_weight=15416 2529 1155 633 12887 5398 2239 383 335 3159 1468 355 1691 1483 194 175 7489 3086 721 157 4403 3315
internal_count=15416 2529 1155 633 12887 5398 2239 383 335 3159 1468 355 1691 1483 194 175 7489 3086 721 157 4403 3315
is_linear=0
shrinkage=0.035


Tree=150
num_leaves=23
num_cat=0
split_feature=9 22 20 25 12 3 8 24 8 0 7 24 12 10 21 12 21 20 22 20 23 7
split_gain=9.33485 3.10243 2.28296 1.48179 2.11088 1.88797 2.41121 1.52032 1.8031 1.27353 1.05375 1.17831 1.12625 0.834457 0.770441 1.43912 1.40625 2.57904 1.59708 1.15464 1.74643 1.67315
threshold=10.912831063616842 16785.000000000004 19.500000000000004 106.50000000000001 6.5077789846562988 17.033107411818296 19.003725362710224 4685.0000000000009 13.545737712266419 14.999072958688698 11.429067499492925 12965.500000000002 4.899903187615994 4.0934741047249643 2.5000000000000004 1.1863686931353759 3.5000000000000004 8.5000000000000018 13885.000000000002 14.500000000000002 39000.000000000007 3.3722873135119857
decision_type=2 2 2 2 2 2 2 2 2 2 2 2 2 2 2 2 2 2 2 2 2 2
left_child=10 -2 3 -3 7 6 9 8 -5 -6 11 14 -13 -12 -1 -16 19 -18 -19 20 -17 -22
right_child=1 2 -4 4 5 -7 -8 -9 -10 -11 13 12 -14 -15 15 16 17 18 -20 -21 21 -23
leaf_value=-0.004347325264719485 1.4939765303232944 0.54739667942448111 0.41897660256476571 0.035250381123123474 -0.15562745989965845 0.015210271366902735 -0.57463229179470199 0.16756252301369409 -0.31346008809058029 0.30772759102707303 -0.16918262134820169 0.14717862749136851 -0.040868781298220427 -0.016468379132052832 -0.0051094139369166104 0.058822941857802374 0.084685297082642011 0.088109830798742364 -0.042381989536519768 0.095571608700844579 -0.10385016880883848 0.011228790859035271
leaf_weight=5371 1489 312 986 102 67 195 70 991 49 47 48 611 46 103 1241 536 510 147 1024 1069 124 267
leaf_count=5371 1489 312 986 102 67 195 70 991 49 47 48 611 46 103 1241 536 510 147 1024 1069 124 267
internal_value=0.000608696 0.00199061 0.00129391 0.000548422 8.25689e-05 -0.00215104 -0.00464815 0.000845249 -0.00233333 -0.00120588 6.99875e-05 0.000112182 0.00154381 -0.00278205 1.83603e-05 0.000336279 0.000686312 -4.98219e-05 -0.000964286 0.00131359 0.000383047 -0.00136111
internal_weight=15405 4308 2819 1833 1521 379 184 1142 151 114 11097 10946 657 151 10289 4918 3677 1681 1171 1996 927 391
internal_count=15405 4308 2819 1833 1521 379 184 1142 151 114 11097 10946 657 151 10289 4918 3677 1681 1171 1996 927 391
is_linear=0
shrinkage=0.035


Tree=151
num_leaves=23
num_cat=0
split_feature=9 9 21 21 22 7 24 9 25 10 24 9 12 12 9 11 5 25 9 11 21 12
split_gain=8.34971 2.05841 2.47775 2.44301 1.73822 2.20411 1.72892 1.59497 1.30953 1.83601 1.55357 1.27599 2.18963 1.1753 1.12143 1.03931 1.02667 0.998763 3.96277 2.79317 1.06389 2.44364
threshold=19.320004727340415 4.3964285714285731 3.5000000000000004 2.5000000000000004 17236.500000000004 5.8587960226890932 5252.0000000000009 11.926421442748618 191.00000000000003 5.2006913713404428 10740.000000000002 13.312221499828377 5.8299466623242662 6.0533660460862473 17.680812471840941 6.9986101905601403 9.9933189851049971 248.50000000000003 7.5374323151322207 3.0559947976300306 1.5000000000000002 3.5896557816992414
decision_type=2 2 2 2 2 2 2 2 2 2 2 2 2 2 2 2 2 2 2 2 2 2
left_child=1 -1 3 4 7 -6 -4 -3 -7 10 17 -11 -13 -8 -15 -14 -2 20 19 -19 -10 -22
right_child=16 2 6 -5 5 8 13 -9 9 11 -12 12 15 14 -16 -17 -18 18 -20 -21 21 -23
leaf_value=-0.001009557828924001 0.24164482387203456 -0.17659186605319738 -0.083954687298365457 0.2267924080874765 0.21118240732370527 0.1188549508692603 0.034063892249726314 0.51943896560905356 0.068202104780367923 -0.006430450658118844 0.14771933419621672 -0.46104690311366492 0.2704873906076487 -0.39496216402851569 0.2427550704406741 -0.28170751895789481 1.3360534556885557 0.15306077962304049 -0.36884085692079294 -0.18637106636761533 -0.13444698864324178 0.09295792955433882
leaf_weight=7283 278 57 436 1715 463 335 745 447 482 154 590 49 57 51 65 92 1375 165 93 56 234 214
leaf_count=7283 278 57 436 1715 463 335 745 447 482 154 590 49 57 51 65 92 1375 165 93 56 234 214
internal_value=0.000603167 0.000319336 0.000772098 0.00111425 0.000574148 0.000244731 -0.000586021 0.00246857 -0.000157957 -0.000477636 -2.09352e-05 -0.00277451 -0.00460345 0.000307159 -0.00286364 -0.00218182 0.00295115 -0.000731385 -0.00242476 9.29205e-05 -0.000131016 -0.00136755
internal_weight=15436 13783 6500 5203 3488 2984 1297 504 2521 2186 1834 352 198 861 116 149 1653 1244 314 221 930 448
internal_count=15436 13783 6500 5203 3488 2984 1297 504 2521 2186 1834 352 198 861 116 149 1653 1244 314 221 930 448
is_linear=0
shrinkage=0.035


Tree=152
num_leaves=23
num_cat=0
split_feature=3 20 11 25 13 9 20 20 11 2 21 5 12 22 20 21 11 24 8 22 11 0
split_gain=8.07467 1.99708 2.74514 1.50044 1.08498 0.825032 0.776333 1.05212 0.93899 1.0697 0.888909 0.722594 0.952304 1.63755 1.32513 1.37066 1.32839 1.23443 1.0701 0.814321 0.752163 0.817712
threshold=15.022525042907136 19.500000000000004 1.6854510962214777 210.50000000000003 0.84523809523809534 12.698809523809524 16.500000000000004 7.5000000000000009 7.4828535802045586 21.965076773329255 3.5000000000000004 19.010370193622947 4.4984192253111397 19263.000000000004 11.500000000000002 3.5000000000000004 4.7321924549436369 15110.000000000002 9.985740888138297 32208.500000000004 5.2154145402102863 14.999072958688698
decision_type=2 2 2 2 2 2 2 2 2 2 2 2 2 2 2 2 2 2 2 2 2 2
left_child=1 4 -3 -2 11 -4 7 -5 10 -10 -9 12 17 -14 15 18 -16 -1 -15 -18 -20 -22
right_child=3 2 5 6 -6 -7 -8 8 9 -11 -12 -13 13 14 16 -17 19 -19 20 -21 21 -23
leaf_value=-0.0034149511442711044 1.2088198964843195 -0.0015247066238098048 0.048499515552855123 0.38905650650207491 0.0054992880132073178 0.49980147120832602 0.34512745573762743 0.19403258097635059 -0.01175614562030782 -0.39944419386767688 -0.22877931572355392 0.36575870914309744 0.23025535930590979 0.13768671356101547 -0.1401637869283244 0.16972066979518835 0.056682612230777273 0.30258012406805784 -0.011888539897968772 -0.15835054225787218 -0.2645002570794302 -0.1558767032672477
leaf_weight=6880 1205 2001 2118 282 289 548 610 231 73 45 52 122 221 48 62 102 65 144 84 156 73 50
leaf_count=6880 1205 2001 2118 282 289 548 610 231 73 45 52 122 221 48 62 102 65 144 84 156 73 50
internal_value=0.000546748 0.000193785 0.000773117 0.00236736 -0.000130285 0.00150824 0.00150462 0.000651163 -0.000465517 -0.00304472 0.000583333 -0.000208812 -0.000252852 -0.00134988 -0.00225194 -0.000754143 -0.00403472 -0.000115023 -0.00215385 -0.00253982 -0.00326887 -0.00497656
internal_weight=15461 12963 4667 2498 8296 2666 1293 683 401 118 283 8007 7885 861 640 357 283 7024 255 221 207 123
internal_count=15461 12963 4667 2498 8296 2666 1293 683 401 118 283 8007 7885 861 640 357 283 7024 255 221 207 123
is_linear=0
shrinkage=0.035


Tree=153
num_leaves=23
num_cat=0
split_feature=9 9 21 20 20 4 8 23 5 11 20 0 11 23 3 21 10 20 5 7 24 10
split_gain=8.1694 2.08844 2.35046 4.5006 4.03507 1.93975 1.36686 1.27215 1.25254 1.03479 0.921456 0.845763 0.805646 1.26306 0.839474 0.783109 1.32072 2.26954 1.14952 1.14437 1.24919 0.910429
threshold=19.716218463335505 10.912831063616842 3.5000000000000004 10.500000000000002 16.500000000000004 7.2865913714874226 16.111157156397919 23700.000000000004 5.9272486772486781 7.2126256479035415 17.500000000000004 16.987659160272365 6.9986101905601403 42000.000000000007 8.942279580511066 2.5000000000000004 0.95118973121134187 23.500000000000004 4.8705795993534231 9.288043385963908 12965.500000000002 0.89973541084243791
decision_type=2 2 2 2 2 2 2 2 2 2 2 2 2 2 2 2 2 2 2 2 2 2
left_child=1 15 5 -4 6 7 -5 -3 11 -6 -7 -2 13 14 -9 19 18 -18 21 20 -1 -17
right_child=8 2 3 4 9 10 -8 12 -10 -11 -12 -13 -14 -15 -16 16 17 -19 -20 -21 -22 -23
leaf_value=-0.0028202290749391704 -0.51444463171325316 0.51090611946382936 0.7308451566977664 -0.10565576140050645 0.026215494918834958 0.18284176691809312 -0.4197965349302768 -0.60718949194590766 1.3869828883625048 -0.18575582502377277 0.47269655149414697 0.45982699589907916 -0.28680628294579286 0.097486304555687311 -0.024828058929164051 -0.00046989179032076348 0.007382457575464612 0.087161304152568606 -0.25996646137630225 -0.099456591805622413 0.15477487194060824 -0.020158503485577458
leaf_weight=5137 55 108 228 59 174 841 63 45 1272 45 925 197 62 203 45 1064 3343 796 54 357 241 121
leaf_count=5137 55 108 228 59 174 841 63 45 1272 45 925 197 62 203 45 1064 3343 796 54 357 241 121
internal_value=0.00056671 0.00029829 0.00115252 -0.000829268 -0.00337861 0.00166697 -0.00835039 -0.000314102 0.0029964 -0.00040625 0.00219565 0.000640078 -0.00136111 -0.000493288 -0.00386842 8.12198e-05 0.000385566 0.0006875 -0.000607717 -0.000201219 -6.95707e-05 -0.000352941
internal_weight=15435 13911 2798 569 341 2229 122 463 1524 219 1766 252 355 293 90 11113 5378 4139 1239 5735 5378 1185
internal_count=15435 13911 2798 569 341 2229 122 463 1524 219 1766 252 355 293 90 11113 5378 4139 1239 5735 5378 1185
is_linear=0
shrinkage=0.035


Tree=154
num_leaves=23
num_cat=0
split_feature=8 25 9 20 11 22 2 22 8 24 20 11 20 21 21 11 7 24 8 22 8 20
split_gain=8.29561 1.98151 1.38388 1.82211 1.26916 1.09905 1.30177 0.954582 1.49865 1.56377 1.34988 1.00764 0.935443 2.06512 1.32128 1.12994 2.106 1.36068 1.0839 1.3128 1.33549 1.0837
threshold=16.432500007793653 455.50000000000006 3.7503880141252837 24.500000000000004 8.5903119706767566 31797.000000000004 24.170466578992038 17236.500000000004 14.071683673469389 9795.0000000000018 14.500000000000002 2.4078641832698486 7.5000000000000009 3.5000000000000004 1.5000000000000002 4.6813721373055079 11.718282033618715 6315.0000000000009 6.334447238559533 52360.000000000007 7.1428664606028081 16.500000000000004
decision_type=2 2 2 2 2 2 2 2 2 2 2 2 2 2 2 2 2 2 2 2 2 2
left_child=2 5 -1 7 -3 -2 -7 11 12 10 -10 -4 14 18 -9 16 17 21 -14 -20 -21 -15
right_child=1 4 3 -5 -6 6 -8 8 9 -11 -12 -13 13 15 -16 -17 -18 -19 19 20 -22 -23
leaf_value=-0.0013851982647165688 1.1474276878631757 0.029834198149316066 -0.042923007268701581 0.17581157815022899 -0.67226672699658629 0.33892447797393016 -0.18600130706454251 -0.063411172851752282 -0.36644055545770354 -0.029328801274779003 -0.099077779289714007 0.33822455565671428 0.14154449460742996 -0.15731142071381662 0.14131304437953557 0.027141204051446693 -0.14931509198379303 -0.0050037708761396247 0.020734976934702949 0.09095707171837332 -0.21601852644869601 -0.02907693344033805
leaf_weight=6947 1842 199 76 1099 45 440 108 332 70 230 50 263 438 73 851 170 51 299 1598 58 81 85
leaf_count=6947 1842 199 76 1099 45 440 108 332 70 230 50 263 438 73 851 170 51 299 1598 58 81 85
internal_value=0.000572356 0.00235942 0.000201628 0.000599846 -0.000576305 0.00266701 0.00122152 0.000295983 0.000152243 -0.00202113 -0.00518 0.00207558 0.000347315 0 0.00117256 -0.0016757 -0.0025039 -0.00165151 0.000529817 0.00012457 -0.0030625 -0.00423006
internal_weight=15405 2634 12771 5824 244 2390 548 4725 4386 350 120 339 4036 2853 1183 678 508 457 2175 1737 139 158
internal_count=15405 2634 12771 5824 244 2390 548 4725 4386 350 120 339 4036 2853 1183 678 508 457 2175 1737 139 158
is_linear=0
shrinkage=0.035


Tree=155
num_leaves=23
num_cat=0
split_feature=9 22 3 26 7 9 7 24 24 7 21 9 9 3 20 11 20 22 6 22 24 2
split_gain=7.58508 3.01611 1.81128 1.3046 1.3609 1.34576 1.14974 1.18291 0.881414 1.48006 0.870878 1.22284 1.26375 1.86876 1.16898 0.979651 1.41077 0.978911 0.928333 2.02007 0.92832 1.39351
threshold=10.912831063616842 16785.000000000004 5.154761904761906 1.0000000180025095e-35 23.026516996264409 19.716218463335505 11.002915714721178 12965.500000000002 4685.0000000000009 13.002427551174311 2.5000000000000004 6.9496246332794014 4.6144343751486616 5.9112165349214569 4.5000000000000009 1.1668041546941497 26.500000000000004 19263.000000000004 8.9846950015344529 22034.500000000004 9349.5000000000018 6.9966807769941894
decision_type=2 2 2 2 2 2 2 2 2 2 2 2 2 2 2 2 2 2 2 2 2 2
left_child=6 -2 -3 4 8 -6 7 10 9 -4 11 12 13 -1 -13 -12 -17 -14 20 -20 -16 -22
right_child=1 2 3 -5 5 -7 -8 -9 -10 -11 15 14 17 -15 18 16 -18 -19 19 -21 21 -23
leaf_value=-0.00063231698487424136 1.3384461150447615 -0.11640708869799786 0.070435424839432145 0.63056858438675645 -0.38189033374096676 0.34108687284457517 -0.067542329191612571 0.10369277605701219 0.17400974977606501 -0.27356119976399984 -0.0028711932224816587 -0.31529415411858752 -0.21730091241739735 -0.05991526964447217 0.027216186806054407 0.012365492970023774 0.21666744399666313 0.11553578530330108 0.16865060679023805 -0.15917929080485199 0.019053625918159407 -0.15577803453959041
leaf_weight=3540 1469 228 166 466 45 48 246 634 1829 71 1392 104 65 142 408 3225 296 648 51 117 97 109
leaf_count=3540 1469 228 166 466 45 48 246 634 1829 71 1392 104 65 142 408 3225 296 648 51 117 97 109
internal_value=0.000607006 0.0018499 0.0011732 0.00143726 0.00105776 -0.00292857 0.000119731 0.000175436 0.00125229 -0.000694215 8.2018e-05 -0.000227771 7.95468e-06 -0.000249661 -0.00141021 0.000418463 0.000730573 0.00135515 -0.000902795 -0.0031763 -0.000231825 -0.00213981
internal_weight=15396 4322 2853 2625 2159 93 11074 10828 2066 237 10194 5281 4395 3682 886 4913 3521 713 782 168 614 206
internal_count=15396 4322 2853 2625 2159 93 11074 10828 2066 237 10194 5281 4395 3682 886 4913 3521 713 782 168 614 206
is_linear=0
shrinkage=0.035


Tree=156
num_leaves=23
num_cat=0
split_feature=9 20 9 20 12 21 9 21 9 12 9 9 10 20 21 21 12 22 22 25 16 5
split_gain=7.53785 1.89866 3.14261 1.82758 3.38563 2.37444 2.166 2.12438 1.78156 1.67936 1.36026 1.7909 1.29213 1.16725 1.11753 2.36988 2.06672 1.2956 1.2157 1.1168 1.24798 1.08116
threshold=20.143619397982267 16.500000000000004 12.88904440725347 10.500000000000002 6.6946831940565437 3.5000000000000004 17.269176916083492 1.5000000000000002 12.698809523809524 1.7527287316186821 10.641359123216922 9.8997275072500308 1.9880595947760116 8.5000000000000018 2.5000000000000004 3.5000000000000004 0.46454078355228479 17236.500000000004 54348.000000000007 381.00000000000006 1.0000000180025095e-35 5.9272486772486781
decision_type=2 2 2 2 2 2 2 2 2 2 2 2 2 2 2 2 2 2 2 2 2 2
left_child=1 3 14 7 5 10 -6 13 -7 12 11 -5 -9 -1 19 16 -16 -17 -18 20 -3 -2
right_child=21 2 -4 4 6 8 -8 9 -10 -11 -12 -13 -14 -15 15 17 18 -19 -20 -21 -22 -23
leaf_value=-0.042516081873752734 0.18469436540577849 -0.0054432701087947554 0.35837204097742431 -0.0028379334138658508 -0.066343443013526279 -0.03031775632159078 -0.56116127717245734 0.0010264607699004029 -0.22798096047221816 0.087420533870387701 0.22476452386457443 -0.2050714964394601 -0.02934692158544825 0.01349461809838179 -0.016811397602542053 0.02749342570016108 0.059420578055595759 -0.02594375794810886 -0.01571373169603868 0.012761890531272092 -0.07511460659712034 1.3914329041680393
leaf_weight=946 234 1726 987 1659 71 557 73 1351 59 2157 397 46 106 240 50 208 1421 764 68 1065 63 1176
leaf_count=946 234 1726 987 1659 71 557 73 1351 59 2157 397 46 106 240 50 208 1421 764 68 1065 63 1176
internal_value=0.000569156 0.000321813 0.000769152 -4.70196e-05 -0.000748343 -0.000458869 -0.00589597 0.000367846 -0.00236151 0.00079207 9.46845e-05 -0.000327485 -0.000114911 -0.00090806 0.000430168 0.000968204 0.00182254 -0.000368987 0.00207095 -3.79502e-05 -0.00057748 0.0030053
internal_weight=15424 14014 6352 7662 2862 2718 144 4800 616 3614 2102 1705 1457 1186 5365 2511 1539 972 1489 2854 1789 1410
internal_count=15424 14014 6352 7662 2862 2718 144 4800 616 3614 2102 1705 1457 1186 5365 2511 1539 972 1489 2854 1789 1410
is_linear=0
shrinkage=0.035


Tree=157
num_leaves=23
num_cat=0
split_feature=8 25 12 4 25 25 7 11 7 0 10 21 20 11 4 21 10 21 11 3 12 24
split_gain=7.85919 2.24378 2.71291 1.19391 0.889269 1.39412 1.45648 1.61676 1.36149 2.01894 1.59022 1.24866 1.19445 1.16678 1.00444 0.97315 1.09771 0.953646 1.68242 1.56414 1.32178 1.70449
threshold=16.290867734745969 455.50000000000006 7.7792375936535905 5.9680479807034317 381.00000000000006 499.50000000000006 13.14782136540043 5.3321025950399861 13.002427551174311 13.956344933018238 6.5180842460781525 3.5000000000000004 17.500000000000004 4.7321924549436369 5.9680479807034317 1.5000000000000002 1.5275252316519483 2.5000000000000004 1.016814769448896 2.95813533133922 0.99967487089262452 4326.0000000000009
decision_type=2 2 2 2 2 2 2 2 2 2 2 2 2 2 2 2 2 2 2 2 2 2
left_child=4 3 -3 -2 8 11 7 -7 13 10 12 15 -10 17 -13 16 -6 20 19 -19 -1 -22
right_child=1 2 -4 -5 5 6 -8 -9 9 -11 -12 14 -14 -15 -16 -17 -18 18 -20 -21 21 -23
leaf_value=0.0093475046949831903 0.088055133275482672 0.073645285252903508 -0.68501582492644175 0.70411266109464876 -0.05070506777910587 0.0021580473917375458 0.33981653452416993 -0.13886227604688589 -0.1820290335489736 0.0052247196743111539 0.28242335150288811 0.027939557379545798 -0.11891327278205308 0.081829614726971214 -0.057317318983281532 0.13290086946530413 0.099931666976334654 -0.0053852026217302068 0.027368999526699463 -0.12781852836135868 -0.042343219465584468 -0.004985655497730522
leaf_weight=575 270 217 52 2156 52 3483 189 51 101 228 46 111 48 306 137 682 322 668 2635 49 974 2084
leaf_count=575 270 217 52 2156 52 3483 189 51 101 228 46 111 48 306 137 682 322 668 2635 49 974 2084
internal_value=0.0005397 0.00225556 -0.000715328 0.00259297 0.000174643 0.000536964 0.000185891 1.87907e-05 -5.93988e-05 -0.00197897 -0.00455 0.00152139 -0.00627273 5.08499e-05 -0.000650197 0.00204854 0.000544855 -4.00571e-05 0.000382633 -0.00110526 -0.000434854 -0.000727881
internal_weight=15436 2695 269 2426 12741 5027 3723 3534 7714 423 195 1304 149 7291 248 1056 374 6985 3352 717 3633 3058
internal_count=15436 2695 269 2426 12741 5027 3723 3534 7714 423 195 1304 149 7291 248 1056 374 6985 3352 717 3633 3058
is_linear=0
shrinkage=0.035


Tree=158
num_leaves=23
num_cat=0
split_feature=9 20 0 4 12 20 4 9 5 21 21 21 8 5 26 9 21 12 11 21 22 12
split_gain=7.8161 1.78846 2.7784 2.53514 1.43561 1.19853 1.79964 1.03235 1.32925 0.989319 0.970007 0.947825 2.3534 0.920952 0.843029 1.46018 0.875417 1.99938 1.61864 1.18959 1.28171 1.39799
threshold=20.143619397982267 15.500000000000002 10.598827957269544 26.068648301856552 7.7792375936535905 10.500000000000002 8.0097912782270964 16.000142857142858 13.945691989906068 3.5000000000000004 3.5000000000000004 3.5000000000000004 13.000357142857146 5.9272486772486781 1.0000000180025095e-35 1.8996542048334364 3.5000000000000004 1.8152061990235555 1.922351799581717 2.5000000000000004 54348.000000000007 0.46454078355228479
decision_type=2 2 2 2 2 2 2 2 2 2 2 2 2 2 2 2 2 2 2 2 2 2
left_child=1 3 14 4 5 6 10 -6 -9 -4 -1 -7 -13 -2 16 -16 19 -18 -19 -3 21 -21
right_child=13 2 9 -5 7 11 -8 8 -10 -11 -12 12 -14 -15 15 -17 17 18 -20 20 -22 -23
leaf_value=-0.0040444457506061899 0.16523278910781575 -0.00024665297189819542 0.3163108373313635 -0.42826521181615923 0.34932998841809937 -0.0046838460195115948 0.18409746888651243 -0.55960960242882118 -0.088932733402133424 -0.0053769313894700228 0.017167562926518012 -0.016237179010492146 -0.21216137639295712 1.3287432767210821 -0.043559964036833779 0.072261451349548075 0.0065705561789400849 -0.07788517576359287 -0.034465980706742956 -0.017921444717056458 -0.029330801809138024 0.034329331298547011
leaf_weight=2867 237 2531 1186 58 52 1777 914 55 48 173 863 471 66 1211 53 643 439 62 412 54 69 1171
leaf_count=2867 237 2531 1186 58 52 1777 914 55 48 173 863 471 66 1211 53 643 439 62 412 54 69 1171
internal_value=0.000573685 0.000317954 0.000724919 -6.53566e-05 -9.83292e-07 7.18801e-05 0.000398258 -0.00328125 -0.00525 0.00214003 5.15396e-05 -0.000575032 -0.00185978 0.00301824 0.000366152 0.00150285 0.000194076 -0.000770152 -0.00234551 0.000429504 0.00129061 0.00156504
internal_weight=15412 13964 6793 7171 7113 6958 4644 155 103 1359 3730 2314 537 1448 5434 696 4738 913 474 3825 1294 1225
internal_count=15412 13964 6793 7171 7113 6958 4644 155 103 1359 3730 2314 537 1448 5434 696 4738 913 474 3825 1294 1225
is_linear=0
shrinkage=0.035


Tree=159
num_leaves=23
num_cat=0
split_feature=9 22 3 20 5 2 9 24 25 9 8 21 21 20 5 7 14 25 7 9 20 3
split_gain=7.96951 1.73776 1.61667 1.23623 1.18044 0.917041 1.35662 0.916159 0.668113 1.06287 2.20365 0.810433 1.59702 2.29932 1.59007 1.3516 1.33886 1.24492 1.22242 1.89039 0.890358 0.843815
threshold=16.789456666317523 16785.000000000004 10.982153892092549 26.500000000000004 2.0000375036577513 27.062749211546333 20.473214285714288 9795.0000000000018 381.00000000000006 1.3584084897651272 0.93273328193879335 1.5000000000000002 3.5000000000000004 11.500000000000002 7.9732713418271493 11.429067499492925 0.13392857142857145 637.50000000000011 3.0008576518010197 3.0006895216881353 14.500000000000002 4.8818523456395821
decision_type=2 2 2 2 2 2 2 2 2 2 2 2 2 2 2 2 2 2 2 2 2 2
left_child=3 -2 7 8 -5 -4 -7 -3 -1 10 -10 15 17 -14 -15 16 18 -13 19 -11 -19 -20
right_child=1 2 5 4 -6 6 -8 -9 9 11 -12 12 13 14 -16 -17 -18 20 21 -21 -22 -23
leaf_value=-0.002212251598175207 1.2015828221493741 -0.20611065409037535 0.26885519151567816 -0.00047644156769816455 0.10357905541431088 -0.32030558641990692 1.1387678362603135 0.25223839432546713 0.0017877101605690232 -0.032557035040210201 -0.027787548623373359 0.10273745320512466 0.070739605683781959 -0.018729322530418965 -0.1106775902518152 0.31394184934624658 0.10215906459790029 -0.0023444358710756315 0.10257378137527523 -0.09997938363736697 0.054665513021856592 -0.034180186407392003
leaf_weight=6891 1421 92 830 570 873 69 56 75 508 179 212 860 382 371 141 177 126 571 108 46 473 378
leaf_count=6891 1421 92 830 570 873 69 56 75 508 179 212 860 382 371 141 177 126 571 108 46 473 378
internal_value=0.000570845 0.00235989 0.00129503 0.000215096 0.00117956 0.00185938 -0.000807692 -0.0017907 9.12672e-05 0.000421975 -0.000796552 0.000657454 0.000965216 -0.000237486 -0.00178046 -0.000175172 -0.000781473 0.00153824 -0.00138827 -0.0035 0.000697331 -0.000349287
internal_weight=15409 2543 1122 12866 1443 955 125 167 11423 4532 720 3812 2798 894 512 1014 837 1904 711 225 1044 486
internal_count=15409 2543 1122 12866 1443 955 125 167 11423 4532 720 3812 2798 894 512 1014 837 1904 711 225 1044 486
is_linear=0
shrinkage=0.035


Tree=160
num_leaves=23
num_cat=0
split_feature=9 9 21 20 20 20 12 25 12 5 20 8 24 12 20 22 24 8 9 24 11 24
split_gain=7.77981 1.82718 2.08652 3.87159 3.15548 1.74958 1.87479 1.34952 1.27564 0.967454 0.957961 0.851668 0.905579 1.08901 0.832209 1.00058 1.15975 0.818752 1.77151 1.71042 2.06078 1.62201
threshold=20.143619397982267 10.912831063616842 3.5000000000000004 10.500000000000002 16.500000000000004 15.500000000000002 6.8727569651421678 430.00000000000006 6.5077789846562988 5.9272486772486781 8.5000000000000018 10.360585432670662 12965.500000000002 4.7489207862006131 16.500000000000004 31797.000000000004 10740.000000000002 6.9302041229404709 4.3964285714285731 8120.5000000000009 3.8520010333264456 4472.0000000000009
decision_type=2 2 2 2 2 2 2 2 2 2 2 2 2 2 2 2 2 2 2 2 2 2
left_child=1 11 5 -4 -5 6 -3 10 -6 -2 -8 12 17 -14 15 -13 -17 18 -1 21 -21 -19
right_child=9 2 3 4 8 -7 7 -9 -10 -11 -12 14 13 -15 -16 16 -18 19 -20 20 -22 -23
leaf_value=-0.00028256310488969935 0.11698957232861924 0.12915080344164778 0.66666662650288044 -0.28663017130698976 0.086917629584821091 0.31037525454200643 0.35403113582790757 -0.35654177327655084 -0.12842477656882548 1.2711956118627217 -0.21395128602043584 0.10088873611292809 0.14085723910987891 -0.046249314356615515 0.11742325971971429 -0.14926793215591969 -0.072284510275242561 -0.064749636763060725 0.076086183445229175 -0.090533538111284562 0.036872432387264745 0.027575120758765496
leaf_weight=7285 224 932 223 136 147 1177 78 46 74 1190 75 66 543 46 82 50 111 167 1277 400 162 961
leaf_count=7285 224 932 223 136 147 1177 78 46 74 1190 75 66 543 46 82 50 111 167 1277 400 162 961
internal_value=0.000511063 0.000259952 0.00104407 -0.000807692 -0.00307459 0.00151773 0.000511444 -0.0025049 -0.000371681 0.00298203 -0.000708861 5.49082e-05 0.000108427 0.00143771 -0.00173885 -0.00283621 -0.0043012 2.96872e-05 0.000170363 -0.000671091 -0.00224074 0.000101942
internal_weight=15452 14038 2888 580 357 2308 1131 199 221 1414 153 11150 10841 589 309 227 161 10252 8562 1690 562 1128
internal_count=15452 14038 2888 580 357 2308 1131 199 221 1414 153 11150 10841 589 309 227 161 10252 8562 1690 562 1128
is_linear=0
shrinkage=0.035


Tree=161
num_leaves=23
num_cat=0
split_feature=9 25 8 5 9 3 27 9 8 22 24 9 20 10 4 22 8 8 0 25 9 10
split_gain=7.5472 1.50091 1.84291 1.41291 1.24658 1.7043 1.63442 1.9299 1.57409 1.95476 1.4087 1.23523 1.12813 1.58179 1.26119 1.07952 1.19869 1.05552 1.03753 0.920037 2.3377 1.08866
threshold=19.716218463335505 106.50000000000001 20.302334447932463 5.9272486772486781 4.3964285714285731 5.7048596889145831 3.5000000000000004 2.680235964941486 6.334447238559533 17236.500000000004 10740.000000000002 19.14208074534162 9.5000000000000018 1.8644544714716074 3.9929401464817613 15527.500000000002 3.0003337402748032 3.9504968114988048 16.03274297468673 248.50000000000003 9.1171568627450998 2.8935338083613886
decision_type=2 2 2 2 2 2 2 2 2 2 2 2 2 2 2 2 2 2 2 2 2 2
left_child=1 -1 4 18 5 6 15 -8 -6 -10 19 -4 -9 14 -14 16 -3 -7 -2 -11 21 -21
right_child=3 2 11 -5 8 17 7 12 9 10 -12 -13 13 -15 -16 -17 -18 -19 -20 20 -22 -23
leaf_value=0.42021156254268088 -0.62172011896130153 0.075394489088349587 -0.42743343394578487 1.128498300870638 0.13364661388961777 -0.020457827733401789 -0.00335828793708877 0.018387379760405529 0.26760222417163443 0.00060415503781262217 0.089889815478160176 -0.020912093611594504 -0.085689791517537084 -0.094051057775303745 0.0098977357606842061 0.0013373200142299153 -0.0091450734118548975 -0.098988409131105057 0.38534421961768184 0.023266392937780801 -0.58290744453573806 -0.067134219715085999
leaf_weight=268 62 540 45 1286 867 267 1643 60 776 2493 1428 51 91 45 54 4155 326 76 192 325 47 280
leaf_count=268 62 540 45 1286 867 267 1643 60 776 2493 1428 51 91 45 54 4155 326 76 192 325 47 280
internal_value=0.000544273 0.000283702 0.000230514 0.0028657 0.000266954 -4.24124e-05 7.53723e-05 -0.000796628 0.000630687 0.000401382 0.000120795 -0.0044703 -0.00363725 -0.0049359 -0.0028 0.000408078 0.001531 -0.00243391 0.000391892 -0.000288889 -0.00145434 -0.000803279
internal_weight=15377 13837 13569 1540 13473 7257 6914 1893 6216 5349 4573 96 250 190 145 5021 866 343 254 3145 652 605
internal_count=15377 13837 13569 1540 13473 7257 6914 1893 6216 5349 4573 96 250 190 145 5021 866 343 254 3145 652 605
is_linear=0
shrinkage=0.035


Tree=162
num_leaves=23
num_cat=0
split_feature=9 9 21 4 21 25 25 9 24 24 6 25 7 11 8 10 11 8 12 2 11 5
split_gain=7.79824 1.8635 1.58193 2.00528 1.8073 1.70492 1.40449 2.21966 1.95636 1.8606 1.93465 1.70894 1.86535 1.53472 2.28957 1.24378 1.23121 1.14105 1.11993 0.821243 0.822373 0.754866
threshold=20.143619397982267 4.3964285714285731 3.5000000000000004 25.102403528914756 2.5000000000000004 171.00000000000003 381.00000000000006 7.1434714651971118 6315.0000000000009 7066.5000000000009 6.9788236341370462 248.50000000000003 7.5612451726400796 2.6946022679082557 15.932296791281653 1.2724180205607036 2.2558163041235004 4.432092945874003 7.8875613280712829 3.7070982822676251 1.5986666756213472 2.0000375036577513
decision_type=2 2 2 2 2 2 2 2 2 2 2 2 2 2 2 2 2 2 2 2 2 2
left_child=1 17 4 16 5 -3 7 8 -7 -9 11 -11 -13 -12 -15 -6 -4 19 -8 21 -21 -1
right_child=-2 2 3 -5 15 6 18 9 -10 10 13 12 -14 14 -16 -17 -18 -19 -20 20 -22 -23
leaf_value=-0.0026733864522090036 1.0163332763515358 0.16878523902745948 -0.083576824546757134 -0.227453480726104 -0.25031782335380148 -0.47084273798833026 0.09461286895407589 0.0079216248312289749 0.13931979606974534 0.017490344432236224 0.021586844014479772 -0.0050409562325371719 -0.52650369614392367 -0.22878036628224263 0.06566306869247665 0.19137763505421296 0.0027462587288726468 -0.14144263998317833 -0.58502390136295823 0.0079254864057261218 -0.025604419981575921 0.0096001275497130736
leaf_weight=3475 1428 526 46 58 45 46 1377 562 378 292 50 63 50 160 53 1734 1228 58 53 467 809 2450
leaf_count=3475 1428 526 46 58 45 46 1377 562 378 292 50 63 50 160 53 1734 1228 58 53 467 809 2450
internal_value=0.00050253 0.000249017 0.000669194 -0.000400523 0.000936967 0.000479253 0.000157494 -0.000529536 0.00162354 -0.00128947 -0.00253269 -0.000939024 -0.00450847 -0.00485821 -0.00613303 0.00185202 -8.48318e-05 -0.000137803 0.000963415 -9.42269e-05 -0.000898907 7.67286e-05
internal_weight=15408 13980 6721 1332 5389 3610 3084 1654 424 1230 668 405 113 263 213 1779 1274 7259 1430 7201 1276 5925
internal_count=15408 13980 6721 1332 5389 3610 3084 1654 424 1230 668 405 113 263 213 1779 1274 7259 1430 7201 1276 5925
is_linear=0
shrinkage=0.035


Tree=163
num_leaves=23
num_cat=0
split_feature=9 20 0 20 12 9 21 8 21 8 25 9 8 9 25 15 10 7 12 7 8 20
split_gain=8.35985 1.8265 3.55095 2.12298 3.17842 2.39645 1.87925 2.02437 1.63669 1.79166 1.34936 1.30374 3.07172 1.29292 1.03448 1.06904 1.50612 0.99816 0.994748 1.9362 1.63091 0.954203
threshold=20.286476540839413 16.500000000000004 10.000130448439306 10.500000000000002 6.6946831940565437 16.980780885804954 3.5000000000000004 13.000357142857146 1.5000000000000002 3.5718573973290817 381.00000000000006 10.641359123216922 10.145576280711838 3.0390011773940349 729.50000000000011 0.21240601503759401 2.5634797778466254 5.8587960226890932 1.7036763559484533 2.4286225945382873 2.6434676052501795 5.5000000000000009
decision_type=2 2 2 2 2 2 2 2 2 2 2 2 2 2 2 2 2 2 2 2 2 2
left_child=1 3 -3 8 6 -6 11 14 17 10 13 12 -5 18 15 16 -8 -1 19 21 -21 -10
right_child=-2 2 -4 4 5 -7 7 -9 9 -11 -12 -13 -14 -15 -16 -17 -18 -19 -20 20 -22 -23
leaf_value=-0.00077507107838580968 1.1044260685045384 0.0028444263649330145 0.22569006851100815 -0.0047813814817057208 -0.078458213498578913 -0.49711402588118447 -0.08905432302290843 -0.20642441376425461 -0.018250247855271341 0.11563464927435456 0.016868592511699504 0.16307328215299319 -0.20990393839753618 -0.086461322847955963 0.11771566586766694 0.0041624757533991882 -0.013318551264636175 -0.13149415091189959 0.046349025893508311 -0.11542559715417862 -0.11915995538917135 0.0057059501174047764
leaf_weight=716 1382 5017 1329 1665 71 83 192 65 361 1855 734 384 45 64 72 124 168 464 127 47 58 364
leaf_count=716 1382 5017 1329 1665 71 83 192 65 361 1855 734 384 45 64 72 124 168 464 127 47 58 364
internal_value=0.000452963 0.000194861 0.00063431 -0.000167145 -0.000920668 -0.00574528 -0.000630515 -0.0023147 0.000281022 0.000653527 -0.000139204 -0.00011839 -0.000540816 -0.000968811 -0.00155348 -0.0021544 -0.00311644 -0.000841772 -0.000611226 -0.00106886 -0.00540909 -0.000383562
internal_weight=15387 14005 6346 7659 2869 154 2715 621 4790 3610 1755 2094 1710 1021 556 484 360 1180 957 830 105 725
internal_count=15387 14005 6346 7659 2869 154 2715 621 4790 3610 1755 2094 1710 1021 556 484 360 1180 957 830 105 725
is_linear=0
shrinkage=0.035


Tree=164
num_leaves=23
num_cat=0
split_feature=9 20 0 4 5 20 21 0 21 4 14 10 25 11 25 9 6 22 21 21 10 10
split_gain=6.99767 2.35789 3.08075 1.68604 1.64304 1.08164 2.30944 2.69045 1.65734 1.1659 1.0138 1.03159 0.985736 1.48586 0.924483 1.2703 1.5325 0.936895 0.921188 1.93267 1.68574 1.4707
threshold=20.286476540839413 16.500000000000004 11.00884074265187 26.068648301856552 5.9272486772486781 10.500000000000002 3.5000000000000004 18.510883648048786 3.5000000000000004 5.6169243421240225 0.13392857142857145 3.4086724129853905 224.50000000000003 6.5238643194843755 248.50000000000003 16.789456666317523 9.9933189851049971 32208.500000000004 3.5000000000000004 2.5000000000000004 3.4364987719368982 2.3608110074759998
decision_type=2 2 2 2 2 2 2 2 2 2 2 2 2 2 2 2 2 2 2 2 2 2
left_child=1 3 18 5 12 8 -7 10 9 -1 11 -8 -2 -14 15 16 -11 -18 19 21 -20 -3
right_child=4 2 -4 -5 -6 6 7 -9 -10 14 -12 -13 13 -15 -16 -17 17 -19 20 -21 -22 -23
leaf_value=-0.0099110235575612052 0.8868708216611112 -0.00607854248418206 0.26830705732875326 -0.4135316008972717 1.1426389699453954 -0.0023978608309970658 -0.0872294576762217 -0.3181512120344368 0.028256369156437429 0.013953132636953908 0.0025935255197897865 2.636434793294014e-05 0.14634569557007673 -0.69389043996011868 0.11505780752670899 0.50940599365709271 0.020969098214307216 -0.15840535469208997 -4.7699057481450337e-05 0.027883857916231842 -0.096552427846753441 0.075068589864843924
leaf_weight=2615 135 2067 1155 75 1143 2159 312 57 1159 229 170 138 47 46 496 116 65 107 854 1444 131 725
leaf_count=2615 135 2067 1155 75 1143 2159 312 57 1159 229 170 138 47 46 496 116 65 107 854 1444 131 725
internal_value=0.00045534 0.000221003 0.000719088 -0.000189471 0.00283866 -0.00013398 -0.000676346 -0.00245308 0.000184057 -0.000180154 -0.001708 -0.00257692 4.50645e-05 -0.00257143 0.000818271 -0.000187739 -0.00115517 -0.00361864 0.000352277 0.000578519 -0.00060101 3.37863e-05
internal_weight=15445 14074 6376 7698 1371 7623 2836 677 4787 3628 620 450 228 93 1013 517 401 172 5221 4236 985 2792
internal_count=15445 14074 6376 7698 1371 7623 2836 677 4787 3628 620 450 228 93 1013 517 401 172 5221 4236 985 2792
is_linear=0
shrinkage=0.035


Tree=165
num_leaves=23
num_cat=0
split_feature=9 5 9 21 20 11 3 25 11 20 10 20 7 21 20 11 24 5 10 9 0 6
split_gain=7.61425 2.05271 1.42698 1.7184 1.58818 3.23856 1.41744 1.25049 1.43162 1.22924 1.64011 0.908543 0.833527 0.983591 1.26525 0.66704 0.578158 0.671502 0.913393 0.658701 0.524949 0.516119
threshold=17.822478991596643 12.035714285714286 10.641359123216922 3.5000000000000004 10.500000000000002 6.0182871499937791 17.033107411818296 210.50000000000003 7.4828535802045586 18.500000000000004 3.7796447300922718 17.500000000000004 11.144966344609683 3.5000000000000004 15.500000000000002 5.2857885352670371 12965.500000000002 11.00884074265187 2.22539456105675 8.5037084278155728 19.908514249778566 11.827380952380954
decision_type=2 2 2 2 2 2 2 2 2 2 2 2 2 2 2 2 2 2 2 2 2 2
left_child=2 6 12 11 -5 9 7 -2 20 10 -6 15 16 14 -14 -4 17 -1 -19 -18 -9 -17
right_child=1 -3 3 4 5 -7 -8 8 -10 -11 -12 -13 13 -15 -16 21 19 18 -20 -21 -22 -23
leaf_value=0.00069808941357043207 0.59647443173056003 0.69913781836689404 0.12904745756312919 0.36669797966916784 -0.16908925377318743 -0.29239536946410433 0.45899090239469487 -0.35741094707346116 -0.60043869938175254 0.20382078273362161 0.0033476244175421892 0.29560045299548371 -0.17306871254444092 0.020798151498038729 -0.00030013764022389204 0.003845216335797453 0.31802486002660307 -0.13047276918421408 -0.0041637949874970452 0.036113464446781124 0.15821203905109676 -0.10640416489404876
leaf_weight=9941 130 1689 657 157 47 48 212 47 50 124 60 815 48 82 45 207 155 80 183 443 50 130
leaf_count=9941 130 1689 657 157 47 48 212 47 50 124 60 815 48 82 45 207 155 80 183 443 50 130
internal_value=0.000510062 0.00242579 0.000192372 0.000995556 -0.000944444 -0.00253873 0.000382591 -0.00121631 -0.00340789 -0.000652542 -0.003375 0.00147409 2.61338e-05 -0.00233333 -0.00471429 0.000732232 6.704e-05 3.08564e-06 -0.00172388 0.00112023 -0.000617647 -0.000491228
internal_weight=15400 2178 13222 2245 436 279 489 277 147 231 107 1809 10977 175 93 994 10802 10204 263 598 97 337
internal_count=15400 2178 13222 2245 436 279 489 277 147 231 107 1809 10977 175 93 994 10802 10204 263 598 97 337
is_linear=0
shrinkage=0.035


Tree=166
num_leaves=23
num_cat=0
split_feature=9 20 9 8 5 20 21 1 9 0 9 11 21 9 21 21 11 9 22 22 10 11
split_gain=7.2145 1.99184 2.92251 1.5272 1.3316 0.970533 1.95921 1.04441 0.997042 0.917659 0.902513 1.40307 1.19982 2.35893 0.878462 1.9938 2.06342 1.61171 1.4951 1.15376 0.918672 1.30655
threshold=19.320004727340415 15.500000000000002 13.720201117958425 20.302334447932463 5.9272486772486781 10.500000000000002 1.5000000000000002 4.9547980748721674 3.331319955860383 15.888781740388525 0.40370370370370373 0.7416727592765725 3.5000000000000004 13.156280398468322 3.5000000000000004 2.5000000000000004 0.70762479444762083 0.32393328502805191 17236.500000000004 54348.000000000007 2.3608110074759998 0.91617599132032257
decision_type=2 2 2 2 2 2 2 2 2 2 2 2 2 2 2 2 2 2 2 2 2 2
left_child=1 3 14 5 9 6 7 -1 -8 -2 -7 -12 -13 -14 15 20 17 -17 -16 -18 21 -3
right_child=4 2 -4 -5 -6 10 8 -9 -10 -11 11 12 13 -15 18 16 19 -19 -20 -21 -22 -23
leaf_value=0.002135259707927386 -0.63409703169452203 0.01028610355795399 0.30606888312891661 -0.28871933513266346 0.86684934431681993 0.0081235188975101701 0.00029743617251441008 -0.094953808159793623 0.090685223967694475 0.39479345443694452 -0.04935807286102524 -0.003740923259226816 -0.034018309515948759 -0.32764382312463897 0.020048376178444325 0.00233594765684309 0.087049191482017119 -0.0353953346168452 -0.026075110052273053 -0.029670266664322886 0.0576609450958874 -0.010629462187515286
leaf_weight=497 49 459 815 51 1391 137 1729 651 1775 215 73 1630 435 47 231 106 1432 53 868 60 938 1747
leaf_count=497 49 459 815 51 1391 137 1729 651 1775 215 73 1630 435 47 231 106 1432 53 868 60 938 1747
internal_value=0.000560218 0.000295255 0.000726691 -0.000114509 0.00274096 -6.5697e-05 0.000223212 -0.00102298 0.000637361 0.000377324 -0.000651268 -0.00083105 -0.00064974 -0.00217762 0.000450331 0.00065625 0.0016401 -0.00204878 -0.000431159 0.00205043 0.000132264 -0.000251696
internal_weight=15389 13734 6709 7025 1655 6974 4652 1148 3504 264 2322 2185 2112 482 5894 4795 1651 159 1099 1492 3144 2206
internal_count=15389 13734 6709 7025 1655 6974 4652 1148 3504 264 2322 2185 2112 482 5894 4795 1651 159 1099 1492 3144 2206
is_linear=0
shrinkage=0.035


Tree=167
num_leaves=23
num_cat=0
split_feature=9 9 20 7 5 7 22 27 7 4 10 9 8 10 9 10 25 11 21 11 20 3
split_gain=7.22017 1.45257 1.65752 1.27324 1.078 0.927323 0.888562 1.04646 1.65827 0.992802 0.842877 0.793374 1.43775 0.925243 0.967806 0.781011 0.757513 2.03101 0.757067 0.970432 0.670182 1.36572
threshold=20.143619397982267 10.912831063616842 18.500000000000004 23.026516996264409 5.9272486772486781 11.429067499492925 19263.000000000004 2.5000000000000004 12.299319727891158 24.170466578992038 4.0934741047249643 13.000357142857146 16.432500007793653 4.3915503282684103 14.653349673202618 4.0178174601215018 224.50000000000003 6.6564023547027489 3.5000000000000004 6.270679885000523 25.500000000000004 1.5701758285145087
decision_type=2 2 2 2 2 2 2 2 2 2 2 2 2 2 2 2 2 2 2 2 2 2
left_child=1 5 3 6 16 20 -3 8 -8 11 -7 -9 13 -13 -15 -10 -2 -18 -4 -20 -1 -22
right_child=4 2 18 -5 -6 10 7 9 15 -11 -12 12 -14 14 -16 -17 17 -19 19 -21 21 -23
leaf_value=0.00052065648165291198 1.2062473288644195 0.24477622612738828 0.36152852611811453 -0.26532870876014769 0.99206345079902092 -0.13908557181955766 0.11618532563647423 0.20155281283786436 -0.32220499561722366 -0.19969064279177148 -0.0047197055468963644 0.036619718958202714 0.2170880009122361 -0.0080690753511642489 -0.16530001032835273 -0.11846668157616282 0.16170134658801361 -0.68180146823740762 0.1745488543318954 -0.20545450352038042 -0.0085949913338666094 0.056704260847179194
leaf_weight=9330 142 499 940 68 1216 50 57 280 52 64 109 149 360 96 79 46 52 47 134 45 545 1074
leaf_count=9330 142 499 940 68 1216 50 57 280 52 64 109 149 360 96 79 46 52 47 134 45 545 1074
internal_value=0.000559719 0.000313403 0.00101566 0.00032906 0.0029015 0.000130073 0.000533195 0 -0.002625 0.000416747 -0.00247561 0.000718782 4.57186e-05 -0.00160638 -0.00330556 -0.00533495 0.000654472 -0.00154808 0.00206762 0 0.000170623 0.000827586
internal_weight=15434 13977 2869 1750 1457 11108 1682 1183 155 1028 159 964 684 324 175 98 241 99 1119 179 10949 1619
internal_count=15434 13977 2869 1750 1457 11108 1682 1183 155 1028 159 964 684 324 175 98 241 99 1119 179 10949 1619
is_linear=0
shrinkage=0.035


Tree=168
num_leaves=23
num_cat=0
split_feature=9 25 5 12 27 20 11 21 12 22 8 12 10 22 24 12 22 12 20 9 25 13
split_gain=7.25772 2.15173 1.37622 1.33401 1.19933 0.994301 1.63296 1.3226 0.818866 0.919334 0.918006 0.807949 0.905459 0.805193 1.35287 0.985413 1.73089 1.50209 0.8767 0.87901 2.36365 1.2777
threshold=16.980780885804954 455.50000000000006 5.6639676383952429 7.7792375936535905 3.5000000000000004 25.500000000000004 1.1094252342038535 1.5000000000000002 2.0951447146382209 33201.500000000007 2.0588620167879301 2.9846591381902856 4.0590873945002111 17236.500000000004 3438.0000000000005 6.8727569651421678 48992.500000000007 8.3355461626536052 15.500000000000002 0.50705008623763181 557.50000000000011 0.41428571428571431
decision_type=2 2 2 2 2 2 2 2 2 2 2 2 2 2 2 2 2 2 2 2 2 2
left_child=5 2 4 -3 -2 13 -7 8 10 11 -8 -10 -13 14 18 -15 17 -17 19 -1 -21 -22
right_child=1 3 -4 -5 -6 6 7 -9 9 -11 -12 12 -14 15 -16 16 -18 -19 -20 20 21 -23
leaf_value=0.020758538388265319 0.30973467899046098 0.027881030973496507 0.62453377102207486 -0.45133382132450334 -0.61803652799090392 -0.011937055914961697 0.04594300893967658 0.12814023697187088 0.16664293337358907 0.21091891397185175 -0.03500965043238654 -0.18926598442508197 0.18224935539025403 -0.0016618967494017689 0.076211324897936417 -0.39086212803936732 0.48907438299813566 0.082763483426148005 0.0081771817830623827 -0.0025170315606640715 -0.11317545105704607 -0.019619061157610189
leaf_weight=136 299 156 1919 52 72 437 60 900 51 161 158 74 45 8445 695 61 49 45 683 820 45 87
leaf_count=136 299 156 1919 52 72 437 60 900 51 161 158 74 45 8445 695 61 49 45 683 820 45 87
internal_value=0.000501618 0.00222753 0.00253922 -0.00110094 0.000521277 0.000166667 0.000908779 0.00147799 8.84478e-05 0.00120833 -0.00152242 -0.0005 -0.00214516 3.82532e-05 0.000596317 -0.000119988 -0.00284375 -0.00532883 7.09461e-05 -0.000534767 -0.000925287 -0.00518613
internal_weight=15450 2498 2290 208 371 12952 1886 1449 549 331 218 170 119 11066 2466 8600 155 106 1771 1088 952 132
internal_count=15450 2498 2290 208 371 12952 1886 1449 549 331 218 170 119 11066 2466 8600 155 106 1771 1088 952 132
is_linear=0
shrinkage=0.035


Tree=169
num_leaves=23
num_cat=0
split_feature=9 25 20 12 9 20 12 22 12 22 7 9 7 11 12 25 15 2 2 22 27 15
split_gain=8.01649 1.82892 1.50626 1.75181 1.40385 1.17347 1.56957 0.767146 1.1957 1.45183 1.80222 1.09397 1.05037 0.731641 2.0211 2.39786 3.30382 0.958921 0.897342 0.72283 0.722813 0.720953
threshold=17.822478991596643 210.50000000000003 16.500000000000004 7.8875613280712829 20.286476540839413 25.500000000000004 2.2989863261242847 17236.500000000004 6.8727569651421678 48992.500000000007 16.431122448979597 11.926421442748618 19.000701735785487 1.5144892268317849 1.6372401481311953 381.00000000000006 0.21240601503759401 2.107529227153353 2.982783402872585 33201.500000000007 3.5000000000000004 0.57417582417582425
decision_type=2 2 2 2 2 2 2 2 2 2 2 2 2 2 2 2 2 2 2 2 2 2
left_child=5 -2 3 -3 -5 7 -7 11 -9 10 -10 13 -13 20 15 16 17 -15 -16 -8 -1 -22
right_child=1 2 -4 4 -6 6 19 8 9 -11 -12 12 -14 14 18 -17 -18 -19 -20 -21 21 -23
leaf_value=0.026977817460895327 1.0014722902632165 0.14967093764312603 0.33558316964468504 -0.68004323619337737 -0.076326016031923807 -0.00031353762299527675 0.076802816646417083 -0.0026842795222854075 -0.37890117766488529 0.37910381217548389 0.16772423902299621 0.2795627692202266 -0.10137158385809095 -0.081391721124602204 0.049010231462045542 0.053508080585339748 0.03113739246964374 -0.091530040226393578 -0.01644870056101987 0.33473850355560486 -0.01184975517386414 0.012642941997032246
leaf_weight=645 1299 348 373 60 75 1094 468 8568 80 52 53 394 58 82 233 78 49 61 366 448 424 218
leaf_count=645 1299 348 373 60 75 1094 468 8568 80 52 53 394 58 82 233 78 49 61 366 448 424 218
internal_value=0.000419387 0.00239815 0.00110163 -0.000157787 -0.0035 9.83853e-05 0.000877171 -3.81839e-05 -0.00019662 -0.00294737 -0.00486956 0.000486223 0.00204486 0.000147386 -0.000624714 -0.00311818 -0.00520558 -0.00785135 0.000486755 0.00194191 0.000682663 -0.00012442
internal_weight=15526 2155 856 483 135 13371 2010 11361 8753 185 133 2608 452 2156 869 270 192 143 599 916 1287 642
internal_count=15526 2155 856 483 135 13371 2010 11361 8753 185 133 2608 452 2156 869 270 192 143 599 916 1287 642
is_linear=0
shrinkage=0.035


Tree=170
num_leaves=23
num_cat=0
split_feature=9 25 5 20 8 4 7 22 8 3 16 25 8 7 7 22 22 23 14 20 14 24
split_gain=7.02336 1.55002 1.41108 1.20774 2.2236 2.01556 1.0005 0.922476 2.86251 0.754621 0.719968 0.723949 1.1769 1.65438 0.824612 1.35285 1.24109 1.4869 0.891212 0.946626 0.766352 1.30575
threshold=20.143619397982267 166.00000000000003 5.9272486772486781 16.500000000000004 9.5719246031746064 26.068648301856552 22.574477591929064 33201.500000000007 8.1867720655255276 11.00884074265187 1.0000000180025095e-35 224.50000000000003 14.071683673469389 17.286263736263738 0.28764931278260691 4464.0000000000009 31797.000000000004 41450.000000000007 0.36931818181818188 11.500000000000002 0.24038461538461542 9795.0000000000018
decision_type=2 2 2 2 2 2 2 2 2 2 2 2 2 2 2 2 2 2 2 2 2 2
left_child=1 7 -2 5 9 6 10 -1 -9 -5 11 12 -3 -14 -13 18 -17 -18 -16 -20 21 -19
right_child=2 3 -4 4 -6 -7 -8 8 -10 -11 -12 14 13 -15 15 16 17 20 19 -21 -22 -23
leaf_value=0.3869504293313592 0.042916983760737187 -0.008382850990452561 0.9898771843427806 0.0041484167821557371 0.14579811911020668 -0.37302110424496598 -0.23087632211433182 0.07979846398643814 -0.15783544784515371 -0.05466612403362181 0.043981046435144402 0.0079017210654696544 -0.37619122970578345 0.14039567818343354 -0.042443160235231592 0.02146719620978367 -0.03618548939416872 -0.024342275826735427 0.017377045372316963 -0.026396683823078627 0.04217105790484512 0.0090769685764953527
leaf_weight=408 230 2004 1221 4468 1347 49 62 423 66 132 270 286 60 50 50 2201 65 649 96 49 145 1171
leaf_count=408 230 2004 1221 4468 1347 49 62 423 66 132 270 286 60 50 50 2201 65 649 96 49 145 1171
internal_value=0.000511672 0.000270418 0.00282692 0.00017262 0.000542171 -0.000130061 -7.67135e-05 0.00167628 0.000595142 0.00017101 -3.40092e-05 -0.000107085 -0.000645823 -0.0041087 0.000131334 8.68891e-06 0.00014542 -0.000472973 -0.0028 -0.00116667 -0.000284264 -0.000489041
internal_weight=15502 14051 1451 13154 5947 7207 7158 897 489 4600 7096 6826 2114 110 4712 4426 4231 2030 195 145 1965 1820
internal_count=15502 14051 1451 13154 5947 7207 7158 897 489 4600 7096 6826 2114 110 4712 4426 4231 2030 195 145 1965 1820
is_linear=0
shrinkage=0.035


Tree=171
num_leaves=23
num_cat=0
split_feature=9 9 21 20 12 9 20 12 7 5 7 2 20 25 11 12 9 9 3 15 10 0
split_gain=6.35531 1.53395 2.57326 4.52378 2.64446 2.48809 1.33536 1.47921 1.20883 1.10213 1.08867 1.03031 1.02295 0.796685 1.40758 0.646322 1.24097 1.5684 1.42789 1.86208 1.17007 0.881477
threshold=20.143619397982267 10.912831063616842 3.5000000000000004 10.500000000000002 5.9879249325338915 17.680812471840941 15.500000000000002 6.8727569651421678 12.860265344091902 5.9272486772486781 14.858589732489081 17.901091648750974 8.5000000000000018 224.50000000000003 6.6564023547027489 3.3343427788397499 4.3964285714285731 5.8061224489795924 5.0127769206881263 1.0000000180025095e-35 0.99961653707759168 9.1898396636370379
decision_type=2 2 2 2 2 2 2 2 2 2 2 2 2 2 2 2 2 2 2 2 2 2
left_child=1 15 6 -4 8 -6 7 -3 -5 13 -10 -7 -9 -2 -15 16 18 -18 -1 -20 -19 -17
right_child=9 2 3 4 5 11 -8 12 10 -11 -12 -13 -14 14 -16 21 17 20 19 -21 -22 -23
leaf_value=0.00037846739113866834 0.8911452655940465 0.10125915895321459 0.6498977137543448 0.25878298496511565 -0.41397736067692342 0.02749580222403367 0.25297978375986485 0.017294668903899982 -0.17916137730730175 0.8657853160608584 -0.021023501876507759 -0.28468586209016761 -0.23468673253882569 0.21400743491756138 -0.61171565799139693 0.00021762590086990392 0.27478557573528323 -0.29170710466315158 -0.0728768750770383 -0.016385302812040314 0.039243260809373383 -0.049659526267781397
leaf_weight=6950 130 937 236 96 46 46 1173 96 52 1186 78 46 81 54 46 1068 353 46 95 254 1789 566
leaf_count=6950 130 937 236 96 46 46 1173 96 52 1186 78 46 81 54 46 1068 353 46 95 254 1789 566
internal_value=0.000455733 0.000228038 0.000946404 -0.00107025 -0.00351897 -0.00726923 0.00148429 0.000591153 -0.00104545 0.00268719 -0.00324074 -0.00335567 -0.00226923 0.000372341 -0.00183333 3.9637e-05 0.000151918 0.000882581 -6.51696e-05 -0.00223446 0.000456522 -0.000600061
internal_weight=15424 14008 2887 600 364 138 2287 1114 226 1416 130 92 177 230 100 11121 9487 2188 7299 349 1835 1634
internal_count=15424 14008 2887 600 364 138 2287 1114 226 1416 130 92 177 230 100 11121 9487 2188 7299 349 1835 1634
is_linear=0
shrinkage=0.035


Tree=172
num_leaves=23
num_cat=0
split_feature=9 25 20 12 9 20 20 9 12 25 12 7 20 20 6 8 25 21 10 22 12 12
split_gain=6.58331 1.629 1.80824 1.02697 1.23239 2.78184 1.20189 1.00605 1.23156 2.80544 0.867288 0.828907 0.877987 1.44457 1.5249 0.742474 0.656558 1.21452 0.541032 0.534942 0.570563 0.532427
threshold=17.974087893652136 210.50000000000003 19.500000000000004 6.6946831940565437 21.215047969410843 9.5000000000000018 15.500000000000002 10.912831063616842 6.8727569651421678 455.50000000000006 3.0103437199378598 13.002427551174311 14.500000000000002 10.500000000000002 12.298848598120317 13.000357142857146 421.00000000000006 2.5000000000000004 2.5634797778466254 43337.000000000007 4.4984192253111397 3.3343427788397499
decision_type=2 2 2 2 2 2 2 2 2 2 2 2 2 2 2 2 2 2 2 2 2 2
left_child=7 -2 3 18 5 -5 -7 21 10 -10 -9 19 13 16 -15 -14 17 -13 -3 20 -12 -1
right_child=1 2 -4 4 -6 6 -8 8 9 -11 11 12 15 14 -16 -17 -18 -19 -20 -21 -22 -23
leaf_value=0.0015828498562342986 0.96394908914506594 -0.18898885354153416 0.49393946665020477 0.34518671792470496 0.2659907479786508 -0.53623597773904752 -0.12582891229042864 -0.13787763143824916 0.28556167803258048 -0.2958471727742697 0.15996328392866682 -0.22591581982711673 -0.10984321713363369 -0.0020951547030042513 -0.13997281038696274 0.149925916157405 0.26915027611105419 0.36559102173366048 0.39045444857995659 0.31935238790633941 -0.071488180026297837 -0.012551066720751704
leaf_weight=9480 1266 45 265 96 115 77 47 55 198 82 128 90 62 106 71 539 240 91 181 435 117 1678
leaf_count=9480 1266 45 265 96 115 77 47 55 198 82 128 90 62 106 71 539 240 91 181 435 117 1678
internal_value=0.000440979 0.0022649 0.00101504 -8.65723e-05 -0.00133824 -0.00287778 -0.00626744 0.000153585 0.000834385 -0.00128947 0.00115343 0.00128928 0.000709302 -0.000214759 -0.00284615 0.00165182 0.000870892 -0.000639785 0.00168182 0.00227372 0.00084 1.66175e-05
internal_weight=15464 2092 826 561 335 220 124 13372 2214 280 1934 1879 1199 598 177 601 421 181 226 680 245 11158
internal_count=15464 2092 826 561 335 220 124 13372 2214 280 1934 1879 1199 598 177 601 421 181 226 680 245 11158
is_linear=0
shrinkage=0.035


Tree=173
num_leaves=23
num_cat=0
split_feature=9 20 7 20 5 21 25 10 21 12 7 12 25 12 20 24 5 21 6 9 12 25
split_gain=5.82814 1.31792 2.87048 1.26205 2.52293 2.12204 1.88921 1.28966 1.43968 1.41748 1.20062 1.06004 1.05545 1.97414 1.36728 1.32197 1.29535 1.17866 1.94925 1.72575 2.76757 1.02759
threshold=20.286476540839413 16.500000000000004 10.144011913910395 9.5000000000000018 5.2614774216179452 1.5000000000000002 381.00000000000006 1.6329931618554538 2.5000000000000004 1.4389250297078708 5.8587960226890932 7.2707186386780052 233.00000000000003 4.3046812472089746 23.500000000000004 8120.5000000000009 7.678956467537966 2.5000000000000004 3.9525573149729878 1.9307803403200794 0.98311217654814176 195.50000000000003
decision_type=2 2 2 2 2 2 2 2 2 2 2 2 2 2 2 2 2 2 2 2 2 2
left_child=1 3 12 5 -5 10 7 8 9 -7 -1 -6 17 15 -15 16 -14 18 19 20 -3 -10
right_child=-2 2 -4 4 11 6 -8 -9 21 -11 -12 -13 13 14 -16 -17 -18 -19 -20 -21 -22 -23
leaf_value=3.3439509837851918e-05 0.80003386752284522 0.0085539325135410085 0.19250543420049174 0.0018021111878767373 -0.056298337231589723 0.031160955283128029 0.043231520299966644 0.047788187900090706 0.0031310156262823498 -0.063428345990362608 -0.16809170608433491 -0.40771490735021321 -0.0030587200121956616 -0.17288037729058955 0.0018084286700232851 0.052301679949446983 -0.085540866681133906 0.063007853389052959 0.030264291864953833 0.009813250337748651 -0.058762930080949349 -0.022503696708251458
leaf_weight=646 1377 66 1367 2382 943 197 1306 1138 150 104 421 72 2103 54 46 899 150 829 624 134 111 326
leaf_count=646 1377 66 1367 2382 943 197 1306 1138 150 104 421 72 2103 54 46 899 150 829 624 134 111 326
internal_value=0.000493851 0.000279294 0.000650908 -2.73081e-05 -0.000532922 0.000369322 0.000820211 0.000109375 -0.000975703 0.000869281 -0.000972948 -0.0019902 0.000258614 -0.000110685 -0.00483333 4.10201e-05 -0.000406111 0.000947711 7.44682e-05 -0.00214873 -0.00438462 -0.00217568
internal_weight=15445 14068 6383 7685 3397 4288 3221 1915 777 301 1067 1015 5016 3252 100 3152 2253 1764 935 311 177 476
internal_count=15445 14068 6383 7685 3397 4288 3221 1915 777 301 1067 1015 5016 3252 100 3152 2253 1764 935 311 177 476
is_linear=0
shrinkage=0.035


Tree=174
num_leaves=23
num_cat=0
split_feature=8 25 2 20 25 20 12 9 0 20 12 27 12 6 9 12 7 12 10 9 2 25
split_gain=6.34237 2.01599 1.39177 1.04547 1.15825 0.805001 1.15789 1.23805 1.2082 0.69077 1.12903 0.75021 1.10625 0.628149 0.850248 0.798041 0.58692 0.837511 1.9743 0.633531 1.4376 1.38308
threshold=16.432500007793653 455.50000000000006 22.797540755617458 19.500000000000004 210.50000000000003 6.5000000000000009 6.6946831940565437 21.215047969410843 14.999072958688698 26.500000000000004 2.2989863261242847 3.5000000000000004 1.3720747998010421 1.0021251330317693 2.7566066573759609 1.3133995759510217 16.145665934719243 6.8727569651421678 4.5763172587560463 10.912831063616842 8.0097912782270964 421.00000000000006
decision_type=2 2 2 2 2 2 2 2 2 2 2 2 2 2 2 2 2 2 2 2 2 2
left_child=9 3 -3 4 -2 -6 -7 8 -8 16 11 13 -13 15 -15 -11 17 19 -19 20 -1 -21
right_child=1 2 -4 -5 5 6 7 -9 -10 10 -12 12 -14 14 -16 -17 -18 18 -20 21 -22 -23
leaf_value=0.0006166180373026333 0.53007730580856338 0.0041929585602273134 -0.40955896414580539 0.88489030868098595 0.62293929802412373 0.14413045965761703 0.099841316163253965 0.25192890993863387 -0.31238709773922796 -0.015813671038906733 0.18901525786170204 0.016237530936649178 -0.044997920955185601 0.056806749420447784 -0.0036740774873154133 0.051644164371456733 0.19859936549208856 -0.3091143899499465 0.081413569672994901 -0.011597652291383587 -0.059176789360965383 0.21780428084392622
leaf_weight=8637 928 193 51 808 208 214 46 80 115 163 632 121 108 234 142 59 177 60 90 637 1184 534
leaf_count=8637 928 193 51 808 208 214 46 80 115 163 632 121 108 234 142 59 177 60 90 637 1184 534
internal_value=0.000407494 0.00196677 -0.000997992 0.00227704 0.00172368 0.000565868 -0.000228261 -0.0019065 -0.00366867 8.29619e-05 0.000798497 -3.36537e-05 -0.00173504 0.000597844 0.001479 -0.00081718 -8.0359e-06 -4.176e-05 -0.00259677 -4.13736e-06 -9.75981e-05 0.000761905
internal_weight=15421 2643 244 2399 1591 663 455 241 161 12778 1459 827 229 598 376 222 11319 11142 150 10992 9821 1171
internal_count=15421 2643 244 2399 1591 663 455 241 161 12778 1459 827 229 598 376 222 11319 11142 150 10992 9821 1171
is_linear=0
shrinkage=0.035


Tree=175
num_leaves=23
num_cat=0
split_feature=7 25 20 20 1 9 7 5 4 21 12 21 20 20 22 25 25 10 25 10 10 25
split_gain=6.04241 1.85463 0.996734 1.30305 1.3958 2.01632 1.48784 1.2799 0.991314 0.937871 1.54103 2.11732 2.31681 2.10946 1.63605 1.3344 1.45647 1.68178 1.30304 2.01733 2.5126 1.60991
threshold=16.431122448979597 210.50000000000003 19.500000000000004 9.5000000000000018 18.955902356631452 21.215047969410843 22.519932807777 9.241967772053961 18.049040346336252 2.5000000000000004 1.2127422846509299 3.5000000000000004 8.5000000000000018 17.500000000000004 13885.000000000002 729.50000000000011 166.00000000000003 1.2411150588942081 729.50000000000011 1.772810520855838 4.3204937989385801 381.00000000000006
decision_type=2 2 2 2 2 2 2 2 2 2 2 2 2 2 2 2 2 2 2 2 2 2
left_child=9 -2 3 7 -5 6 8 -3 -6 15 -11 13 -13 18 -14 16 -1 -18 21 -20 -21 -12
right_child=1 2 -4 4 5 -7 -8 -9 -10 10 11 12 14 -15 -16 -17 17 -19 19 20 -22 -23
leaf_value=0.10682393199285231 0.74584860207193526 -0.07308976181503643 0.4264096372759853 0.1198253857703479 0.097128556855537118 0.53728549548343585 -0.48920691230781288 0.53274906525707966 -0.13891539197013403 -0.0045235568374481991 0.0018707260270017169 0.087167599672872215 0.094478887676837597 0.15447743597919661 -0.033783655019067396 0.042187465499595747 0.0025215031414006837 -0.023176533614115341 0.081138944996523577 -0.17666688418572984 0.17757000468107589 0.11115900575064694
leaf_weight=344 1379 145 287 175 76 59 51 279 51 1343 875 628 147 1183 1389 932 1818 3624 80 124 59 320
leaf_count=344 1379 145 287 175 76 59 51 279 51 1343 875 628 147 1183 1389 932 1818 3624 80 124 59 320
internal_value=0.000405939 0.00197826 0.000893617 0.000253865 -0.00111631 -0.00286364 -0.00472404 0.00162354 -0.00233333 9.81665e-05 0.000411263 0.000705821 -9.84323e-05 0.00137037 -0.000838092 -0.000185854 -0.000386203 -0.000528823 0.000461723 -0.00172388 -0.00376064 0.0009625
internal_weight=15368 2502 1123 836 412 237 178 424 127 12866 6148 4805 2164 2641 1536 6718 5786 5442 1458 263 183 1195
internal_count=15368 2502 1123 836 412 237 178 424 127 12866 6148 4805 2164 2641 1536 6718 5786 5442 1458 263 183 1195
is_linear=0
shrinkage=0.035


Tree=176
num_leaves=23
num_cat=0
split_feature=9 9 20 12 20 25 8 24 3 11 11 8 8 12 25 1 13 25 25 21 8 12
split_gain=5.86662 1.47679 2.40703 1.65154 1.99658 2.38243 0.782696 0.89692 0.7191 0.634033 0.794732 0.633321 0.98124 0.60545 2.03993 1.38253 0.558464 0.508445 1.45999 1.66226 0.74375 1.39252
threshold=20.981133275605298 10.641359123216922 19.500000000000004 6.5077789846562988 7.5000000000000009 191.00000000000003 10.360585432670662 12965.500000000002 6.9966807769941894 4.4002996900935516 3.4789710542280781 8.3405067155067165 9.0705825922444401 6.9460315646673028 430.00000000000006 19.908514249778566 0.92857142857142871 210.50000000000003 421.00000000000006 2.5000000000000004 15.932296791281653 4.537952965043119
decision_type=2 2 2 2 2 2 2 2 2 2 2 2 2 2 2 2 2 2 2 2 2 2
left_child=1 6 3 -3 -5 -6 7 16 -2 10 -8 -9 -13 -7 15 -15 -1 -4 19 20 21 -19
right_child=8 2 17 4 5 13 9 11 -10 -11 -12 12 -14 14 -16 -17 -18 18 -20 -21 -22 -23
leaf_value=-0.00078735482725989653 -0.0015397857670375718 0.056776499206693108 0.42307652994871664 0.12449236027716605 0.47266975679950157 -0.18720125475080901 -0.13192287701013597 0.28404078553314949 1.0554055341402255 -0.15312129018347884 0.096215002670005823 -0.072924938280415255 0.17002968020384887 0.13281245385663873 -0.53429507916348873 -0.11987441434026046 0.0030546471484498594 -0.01361847858685856 0.3507035224845631 0.2471431088053799 0.026197059907300063 -0.33224079078176316
leaf_weight=10055 97 1530 338 189 69 53 46 156 1063 78 91 146 259 102 96 46 144 45 574 135 54 46
leaf_count=10055 97 1530 338 189 69 53 46 156 1063 78 91 146 259 102 96 46 144 45 574 135 54 46
internal_value=0.000389797 0.000193203 0.000844607 0.000117225 -0.0015 -0.00300943 0 4.06411e-05 0.00277897 -0.00206818 -0.000443662 0.00139753 0.000597561 -0.00438079 -0.00338755 -0.000617647 -3.29281e-05 0.00209649 0.00158498 -0.000429824 -0.00303333 -0.00488542
internal_weight=15412 14252 3277 2085 555 366 10975 10760 1160 215 137 561 405 297 244 148 10199 1192 854 280 145 91
internal_count=15412 14252 3277 2085 555 366 10975 10760 1160 215 137 561 405 297 244 148 10199 1192 854 280 145 91
is_linear=0
shrinkage=0.035


Tree=177
num_leaves=23
num_cat=0
split_feature=9 25 21 25 7 20 12 12 12 21 20 7 22 20 21 20 22 7 25 25 9 9
split_gain=5.28945 1.33287 1.12822 1.75873 1.78408 1.79087 1.66686 2.94124 1.58018 2.16679 5.36246 4.21805 2.14057 1.99614 1.06875 1.26836 1.06071 2.32525 2.0881 1.42658 1.01321 2.47583
threshold=20.981133275605298 166.00000000000003 2.5000000000000004 381.00000000000006 2.714197881277439 22.500000000000004 1.5644270279898558 1.4725746857314399 1.2127422846509299 3.5000000000000004 11.500000000000002 18.859693877551024 13885.000000000002 14.500000000000002 3.5000000000000004 16.500000000000004 15527.500000000002 13.288932148986737 224.50000000000003 191.00000000000003 7.0717367670185665 8.1076388888888911
decision_type=2 2 2 2 2 2 2 2 2 2 2 2 2 2 2 2 2 2 2 2 2 2
left_child=1 14 3 4 5 -3 7 -6 -4 13 -11 12 -12 -10 -1 -16 -8 19 -19 -18 -21 -22
right_child=-2 2 8 -5 6 -7 16 -9 9 10 11 -13 -14 -15 15 -17 17 18 -20 20 21 -23
leaf_value=0.12339658173692378 0.90979861883190505 0.0065166774355511171 -0.0047532500107746777 0.009771271028409861 -0.068712254773564976 -0.01426215891009433 0.033085769455804361 -0.11962395518723766 0.013725760349933884 0.099946631143602527 0.11098198789518114 -0.4050448122583189 -0.038527355014629547 0.14622605069729949 -0.14530241539627439 0.31421208070963069 -0.17335903768053176 -0.46612745530551386 -0.13056318667394767 0.021074600804393263 -0.11964027812259613 -0.00092909967052581647
leaf_weight=854 1138 1218 1334 2949 81 486 247 52 1245 1010 125 66 1192 1485 91 61 52 67 198 595 282 618
leaf_count=854 1138 1218 1334 2949 81 486 247 52 1245 1010 125 66 1192 1485 91 61 52 67 198 595 282 618
internal_value=0.000380785 0.00019636 0.000101789 -0.000209489 -0.000698923 0.000141311 -0.0013589 -0.00512319 0.000434386 0.000715289 -4.67055e-05 -0.00146758 -0.00100076 0.00138848 0.00142285 -0.00118153 -0.00109545 -0.00139268 -0.00440741 -0.000852448 -0.00063 -0.00137293
internal_weight=15446 14308 13302 6845 3896 1704 2192 133 6457 5123 2393 1383 1317 2730 1006 152 2059 1812 265 1547 1495 900
internal_count=15446 14308 13302 6845 3896 1704 2192 133 6457 5123 2393 1383 1317 2730 1006 152 2059 1812 265 1547 1495 900
is_linear=0
shrinkage=0.035


Tree=178
num_leaves=23
num_cat=0
split_feature=8 25 5 25 8 11 20 15 13 23 21 8 10 1 23 20 20 4 11 1 3 13
split_gain=4.54367 2.45958 0.962891 1.12715 1.06617 0.998423 0.751671 1.43405 0.826336 0.825107 0.777868 0.772165 1.32713 0.982979 0.65987 1.01941 0.811402 1.01303 0.622891 0.608118 0.576489 0.953675
threshold=16.432500007793653 210.50000000000003 5.378571428571429 807.00000000000011 17.685337025350446 7.4828535802045586 25.500000000000004 0.18350168350168353 0.84523809523809534 4900.0000000000009 1.5000000000000002 2.8575374472806065 1.154700538379253 2.1767819229092784 29500.000000000004 15.500000000000002 10.500000000000002 9.9933189851049971 2.6946022679082557 17.901091648750974 1.6470975665024794 0.41428571428571431
decision_type=2 2 2 2 2 2 2 2 2 2 2 2 2 2 2 2 2 2 2 2 2 2
left_child=6 14 5 -4 -5 -3 8 10 9 18 11 12 -8 -14 -2 16 17 -16 -1 -6 21 -9
right_child=1 2 3 4 19 -7 7 20 -10 -11 -12 -13 13 -15 15 -17 -18 -19 -20 -21 -22 -23
leaf_value=0.073209862515934379 1.0603557624986559 -0.0081257182527226576 0.19946853128102113 0.12917950466058825 -0.0069390199097454485 -0.68761928149368468 0.056009598473250516 -0.045567832428957712 0.0058101744139532905 -0.0024843704849873728 0.094826323780748956 0.063216172180401112 -0.03526019610267609 -0.061819897225720476 -0.89300807815023819 0.63031382925951751 -0.19790713238431226 0.24443510711918284 -0.034272339226203846 -0.17586302294988251 0.032963587486067175 -0.0087545560947839465
leaf_weight=366 983 161 828 67 61 48 56 101 393 10046 957 359 68 45 45 196 77 126 55 71 71 249
leaf_count=366 983 161 828 67 61 48 56 101 393 10046 957 359 68 45 45 196 77 126 55 71 71 249
internal_value=0.000388687 0.00170277 0.000538679 0.00099031 -0.00130392 -0.00157009 0.000112638 0.000752747 0 -5.94918e-05 0.00126846 0.000151032 -0.00172988 -0.00391525 0.00269344 0.00147327 0 0.0013125 0.00144601 -0.00314234 -0.00101878 -0.00162676
internal_weight=15429 2663 1236 1027 199 209 12766 1906 10860 10467 1485 528 169 113 1427 444 248 171 421 132 421 350
internal_count=15429 2663 1236 1027 199 209 12766 1906 10860 10467 1485 528 169 113 1427 444 248 171 421 132 421 350
is_linear=0
shrinkage=0.035


Tree=179
num_leaves=23
num_cat=0
split_feature=9 5 9 12 7 27 22 21 9 22 24 9 20 20 7 10 8 9 24 12 2 0
split_gain=5.36719 1.16552 0.991087 1.33313 1.4055 0.886471 2.32657 2.62894 1.16005 0.837831 0.828174 0.66555 0.7132 2.50767 0.619307 0.601626 0.658797 2.36454 0.56551 1.23002 0.926118 0.713268
threshold=20.143619397982267 7.9732713418271493 10.912831063616842 6.6946831940565437 11.429067499492925 2.5000000000000004 19263.000000000004 1.5000000000000002 12.698809523809524 3735.5000000000005 4685.0000000000009 16.000142857142858 9.5000000000000018 16.500000000000004 14.288265306122453 5.2599112793531644 16.111157156397919 14.653349673202618 12965.500000000002 4.899903187615994 9.9001120243386893 1.0000000180025095e-35
decision_type=2 2 2 2 2 2 2 2 2 2 2 2 2 2 2 2 2 2 2 2 2 2
left_child=2 10 9 5 -5 6 -4 -8 -9 -1 -2 -6 -13 -14 -15 -7 17 -17 21 20 -20 -11
right_child=1 -3 3 4 11 15 7 8 -10 18 -12 12 13 14 -16 16 -18 -19 19 -21 -22 -23
leaf_value=0.029683109188396686 0.67390093202409851 0.73524438193410047 0.14149575771127498 -0.33474225407417096 0.31797913999541821 0.21262994661673013 -0.40595597816305656 0.15475135901696677 -0.18021803919252893 0.0035414891143379446 -0.50300753402948783 0.15576877092193034 -0.34288271992828712 -0.064781722867407979 0.1355178250057891 0.070509550934235582 0.2629794431549336 -0.13967564077588462 0.14774356782648659 -0.056353815817708153 -0.011706187049046508 -0.0046393205334953431
leaf_weight=497 156 1191 414 45 107 1086 85 113 50 1699 72 175 111 55 142 170 281 51 405 65 282 8198
leaf_count=497 156 1191 414 45 107 1086 85 113 50 1699 72 175 111 55 142 170 281 51 405 65 282 8198
internal_value=0.000370269 0.00241854 0.000161086 0.000738754 -0.00065625 0.0011408 3.67318e-05 -0.00258696 0 9.7302e-06 4.50645e-05 -0.000147059 -0.000731557 -0.00175559 0.000554456 0.00158851 0.000531558 -0.000836283 -5.45334e-05 0.000864597 0.00132514 -0.00012654
internal_weight=15450 1419 14031 2885 635 2250 662 248 163 11146 228 590 483 308 197 1588 502 221 10649 752 687 9897
internal_count=15450 1419 14031 2885 635 2250 662 248 163 11146 228 590 483 308 197 1588 502 221 10649 752 687 9897
is_linear=0
shrinkage=0.035


end of trees

feature_importances:
sig_roll_mean_28=532
day_of_month=423
sig_roll_std_28=412
month=412
unit_cost_rp=333
shelf_life_days=246
sig_roll_mean_14=236
sig_roll_std_14=222
sig_zero_rate_28=185
sig_roll_mean_7=157
margin_rp=156
sig_roll_std_7=131
sig_lag_14=84
unit_price_rp=74
sig_lag_7=66
sig_zero_rate_14=52
sig_lag_21=51
sig_lag_28=51
sig_lag_1=31
promised_lead_time_days=31
sig_lag_3=22
sig_zero_rate_7=19
sig_lag_2=15
is_perishable=8
promo_flag=2
is_weekend=1

parameters:
[boosting: gbdt]
[objective: quantile]
[metric: quantile]
[tree_learner: serial]
[device_type: cpu]
[data_sample_strategy: bagging]
[data: ]
[valid: ]
[num_iterations: 180]
[learning_rate: 0.035]
[num_leaves: 23]
[num_threads: 8]
[seed: 20260723]
[deterministic: 0]
[force_col_wise: 0]
[force_row_wise: 0]
[histogram_pool_size: -1]
[max_depth: -1]
[min_data_in_leaf: 45]
[min_sum_hessian_in_leaf: 0.001]
[bagging_fraction: 0.85]
[pos_bagging_fraction: 1]
[neg_bagging_fraction: 1]
[bagging_freq: 1]
[bagging_seed: 320]
[bagging_by_query: 0]
[feature_fraction: 0.85]
[feature_fraction_bynode: 1]
[feature_fraction_seed: 6711]
[extra_trees: 0]
[extra_seed: 20591]
[early_stopping_round: 0]
[early_stopping_min_delta: 0]
[first_metric_only: 0]
[max_delta_step: 0]
[lambda_l1: 0.5]
[lambda_l2: 5]
[linear_lambda: 0]
[min_gain_to_split: 0]
[drop_rate: 0.1]
[max_drop: 50]
[skip_drop: 0.5]
[xgboost_dart_mode: 0]
[uniform_drop: 0]
[drop_seed: 9722]
[top_rate: 0.2]
[other_rate: 0.1]
[min_data_per_group: 100]
[max_cat_threshold: 32]
[cat_l2: 10]
[cat_smooth: 10]
[max_cat_to_onehot: 4]
[top_k: 20]
[monotone_constraints: ]
[monotone_constraints_method: basic]
[monotone_penalty: 0]
[feature_contri: ]
[forcedsplits_filename: ]
[refit_decay_rate: 0.9]
[cegb_tradeoff: 1]
[cegb_penalty_split: 0]
[cegb_penalty_feature_lazy: ]
[cegb_penalty_feature_coupled: ]
[path_smooth: 0]
[interaction_constraints: ]
[verbosity: -1]
[saved_feature_importance_type: 0]
[use_quantized_grad: 0]
[num_grad_quant_bins: 4]
[quant_train_renew_leaf: 0]
[stochastic_rounding: 1]
[linear_tree: 0]
[max_bin: 255]
[max_bin_by_feature: ]
[min_data_in_bin: 3]
[bin_construct_sample_cnt: 200000]
[data_random_seed: 4442]
[is_enable_sparse: 1]
[enable_bundle: 1]
[use_missing: 1]
[zero_as_missing: 0]
[feature_pre_filter: 1]
[pre_partition: 0]
[two_round: 0]
[header: 0]
[label_column: ]
[weight_column: ]
[group_column: ]
[ignore_column: ]
[categorical_feature: ]
[forcedbins_filename: ]
[precise_float_parser: 0]
[parser_config_file: ]
[objective_seed: 5935]
[num_class: 1]
[is_unbalance: 0]
[scale_pos_weight: 1]
[sigmoid: 1]
[boost_from_average: 1]
[reg_sqrt: 0]
[alpha: 0.1]
[fair_c: 1]
[poisson_max_delta_step: 0.7]
[tweedie_variance_power: 1.5]
[lambdarank_truncation_level: 30]
[lambdarank_norm: 1]
[label_gain: ]
[lambdarank_position_bias_regularization: 0]
[eval_at: ]
[multi_error_top_k: 1]
[auc_mu_weights: ]
[num_machines: 1]
[local_listen_port: 12400]
[time_out: 120]
[machine_list_filename: ]
[machines: ]
[gpu_platform_id: -1]
[gpu_device_id: -1]
[gpu_device_id_list: ]
[gpu_use_dp: 0]
[num_gpu: 1]

end of parameters

pandas_categorical:[]
