tree
version=v4
num_class=1
num_tree_per_iteration=1
label_index=0
max_feature_idx=27
objective=quantile
feature_names=sig_lag_1 sig_lag_2 sig_lag_3 sig_lag_7 sig_lag_14 sig_lag_21 sig_lag_28 sig_roll_mean_7 sig_roll_mean_14 sig_roll_mean_28 sig_roll_std_7 sig_roll_std_14 sig_roll_std_28 sig_zero_rate_7 sig_zero_rate_14 sig_zero_rate_28 promo_flag is_weekend is_holiday is_payday_week day_of_month month unit_cost_rp unit_price_rp margin_rp shelf_life_days is_perishable promised_lead_time_days
feature_infos=[0:72] [0:72] [0:72] [0:72] [0:72] [0:72] [0:72] [0:44] [0:44] [0:44] [0:22.786796511095964] [0:17.139376936115319] [0:16.069317439236894] [0:1] [0:1] [0:0.9642857142857143] [0:1] [0:1] [0:1] none [1:31] [1:5] [3633:54611] [4700:64300] [1067:16070] [92:917] [0:1] [2:4]
tree_sizes=1989 2143 2141 2164 2159 2158 2163 2165 2158 2152 2151 2147 2157 2172 2177 2154 2163 2140 2175 2164 2151 2152 2166 2148 2181 2166 2173 2174 2184 2162 2176 2155 2180 2163 2167 2170 2161 2155 2170 2167 2185 2176 2176 2167 2175 2188 2193 2163 2173 2189 2188 2176 2185 2191 2185 2189 2189 2172 2168 2198 2171 2202 2179 2201 2187 2174 2193 2183 2177 2182 2177 2193 2175 2186 2167 2201 2179 2187 2186 2177 2187 2177 2161 2209 2188 2160 2166 2182 2188 2167 2195 2192 2204 2212 2169 2194 2194 2193 2203 2177 2197 2217 2176 2197 2196 2188 2190 2212 2201 2188 2228 2201 2198 2186 2202 2208 2202 2203 2178 2202 2193 2184 2183 2179 2173 2218 2187 2172 2200 2210 2181 2154 2170 2171 2216 2169 2182 2187 2223 2181 2188 2193 2183 2213 2199 2190 2185 2188 2190 2209 2224 2215 2242 2196 2182 2201 2195 2206 2179 2219 2215 2188 2201 2203 2174 2190 2200 2220 2189 2201 2200 2171 2196 2198 2187 2188 2191 2183 2182 2162

Tree=0
num_leaves=23
num_cat=0
split_feature=9 9 22 11 8 15 9 20 9 13 20 14 10 14 10 20 20 10 20 21 14 10
split_gain=1171.29 39.891 14.7451 10.8475 6.37744 4.55851 4.09007 1.50436 2.45194 1.92435 1.03641 0.795633 1.14214 0.866699 0.654735 0.575011 1.48405 0.3544 0.296474 1.42606 0.25468 0.233612
threshold=0.89642857142857157 1.4011821410901339 54348.000000000007 1.1884290189713831 1.3448453054809033 0.44722222222222224 1.8619363398611124 19.500000000000004 1.0014611999653302 0.41428571428571431 11.500000000000002 0.21825396825396828 1.0000000000000016 0.11805555555555557 1.1126972805283728 23.500000000000004 15.500000000000002 1.5118578920369083 1.5000000000000002 1.5000000000000002 0.42261904761904767 0.75592894601845484
decision_type=2 2 2 2 2 2 2 2 2 2 2 2 2 2 2 2 2 2 2 2 2 2
left_child=2 3 5 7 -5 -1 11 8 -2 10 -10 12 21 -14 20 16 17 -15 19 -8 -9 -3
right_child=1 6 -4 4 -6 -7 18 14 9 -11 -12 -13 13 15 -16 -17 -18 -19 -20 -21 -22 -23
leaf_value=5.8600000000000003 5.8880000025033947 6.0238109367539368 5.8949999999999996 5.926500006206334 5.9649999999999999 5.79 5.9649999999999999 6.0350000000000001 6.0350000000000001 5.9649999999999999 5.9649999999999999 6.0700000000000003 5.9860000039637091 6.0000000036041152 5.9649999999999999 6.0700000000000003 5.9403967936220354 6.1050000000000004 6.3150000000000004 6.3150000000000004 6 6.0350000000000001
leaf_weight=135 49 79 59 120 88 1445 130 103 127 71 73 252 77 91 60 56 88 65 12568 418 46 175
leaf_count=135 49 79 59 120 88 1445 130 103 127 71 73 252 77 91 60 56 88 65 12568 418 46 175
internal_value=5.99969 6.00282 5.97167 5.99492 5.98822 5.97102 6.00324 5.99767 5.99618 5.99767 5.99957 6.0009 6.0002 5.99901 6 5.99994 5.99914 6.00111 6.00339 6.00242 6.00123 6.00201
internal_weight=16375 14736 1639 737 208 1580 13999 529 320 271 200 883 631 377 209 300 244 156 13116 548 149 254
internal_count=16375 14736 1639 737 208 1580 13999 529 320 271 200 883 631 377 209 300 244 156 13116 548 149 254
is_linear=0
shrinkage=1


Tree=1
num_leaves=23
num_cat=0
split_feature=9 9 22 15 10 9 9 20 8 14 15 12 12 5 15 10 21 15 20 12 25 10
split_gain=1059.79 23.0377 16.1225 8.79544 3.82327 2.75633 2.44652 2.26163 1.82812 1.18328 2.14038 1.23377 2.52877 0.854938 1.48998 1.10419 0.603297 0.448023 0.281936 0.360949 0.263444 0.22209
threshold=0.89642857142857157 1.4011821410901339 54348.000000000007 0.44722222222222224 1.7043362064926926 1.8281713441864069 1.0014611999653302 20.500000000000004 0.42696347511940796 0.16025641025641027 0.23303167420814483 1.0788981249502503 1.1683812359302161 3.9929401464817613 0.22474747474747478 1.1338934190276804 2.5000000000000004 0.38795986622073586 19.500000000000004 1.0788981249502503 277.00000000000006 1.1126972805283752
decision_type=2 2 2 2 2 2 2 2 2 2 2 2 2 2 2 2 2 2 2 2 2 2
left_child=2 4 3 20 6 13 7 -2 -5 -8 -11 21 16 18 15 -15 -13 -14 19 -3 -1 -12
right_child=1 5 -4 8 -6 -7 9 -9 -10 10 11 12 17 14 -16 -17 -18 -19 -20 -21 -22 -23
leaf_value=-0.10010000000000002 -0.10215800004673005 -0.0008333827863877864 -0.066324999999999995 -0.20265000000000002 -0.0674275002172217 0.303975 0.067500780792343271 -0.034632499903254212 -0.16765000000000002 -0.068775000000000003 0.030470218368508079 -0.033774999999999999 0.0025724997827783107 0.00048999986127018058 0.033775000174228964 -0.070734999880206123 -0.1024275002172217 -0.03242750021722169 0.067549999999999999 0.032549999999999996 -0.17010000000000003 -0.033774999999999999
leaf_weight=71 73 54 57 843 49 13171 108 54 602 59 128 47 79 48 66 58 60 48 250 328 60 46
leaf_count=71 73 54 57 843 49 13171 108 54 602 59 128 47 79 48 66 58 60 48 250 328 60 46
internal_value=-5.56086e-06 0.00296304 -0.0267137 -0.0273824 -0.00298148 0.00328469 -0.00224257 -0.00657576 -0.0282414 -0.0012069 -0.00198729 -0.000991525 -0.00265063 0.00125031 -0.000850282 -0.00343694 -0.0065 0.000583333 0.00185165 0.00114858 -0.0170882 0.00115363
internal_weight=16359 14726 1633 1576 751 13975 702 127 1445 575 467 408 234 804 172 106 107 127 632 382 131 174
internal_count=16359 14726 1633 1576 751 13975 702 127 1445 575 467 408 234 804 172 106 107 127 632 382 131 174
is_linear=0
shrinkage=0.035


Tree=2
num_leaves=23
num_cat=0
split_feature=9 9 22 15 11 9 8 8 9 20 25 22 4 11 15 0 7 25 6 20 21 15
split_gain=1049.63 18.6817 17.8406 9.72782 5.50151 2.82128 2.68362 2.60055 1.2765 1.27606 0.83984 0.757613 0.870184 0.752719 0.696765 0.656774 0.519938 0.514105 0.431453 0.23496 1.20235 0.197617
threshold=0.89642857142857157 1.4011821410901339 54348.000000000007 0.44722222222222224 1.2066664642907552 1.8619363398611124 1.3448453054809033 0.42696347511940796 1.0014611999653302 19.500000000000004 277.00000000000006 54348.000000000007 1.0010887194926981 1.3363062095621228 0.11324786324786326 0.99491741027542968 2.4068986874220459 294.00000000000006 1.0879323844190749 1.5000000000000002 1.5000000000000002 0.22474747474747478
decision_type=2 2 2 2 2 2 2 2 2 2 2 2 2 2 2 2 2 2 2 2 2 2
left_child=2 4 3 10 8 14 15 -5 9 -2 -1 17 -13 -8 -3 -6 21 18 -10 20 -7 -16
right_child=1 5 -4 7 6 19 13 -9 11 -11 -12 12 -14 -15 16 -17 -18 -19 -20 -21 -22 -23
leaf_value=-0.096596500000000016 -0.097504470085983272 -0.0342032596879214 -0.064003624999999995 -0.19555725000000002 -0.065641450138145707 -0.0094141250000000076 -0.069719666164233696 -0.16178225000000002 -0.032592874999999986 0.0035755317380341471 -0.16414650000000003 0.0011491112618577492 -0.033656270397248812 0.0035849625076027672 0.032579168397523554 -0.073782535002301475 -0.010149124430933989 0.065987733400517765 0.037529625147856786 0.29333587500000002 0.29333587500000002 0.035076500096599614
leaf_weight=79 52 85 64 827 46 135 45 622 85 51 69 94 58 48 514 59 51 110 82 12565 420 214
leaf_count=79 52 85 64 827 46 135 45 622 85 51 69 94 58 48 514 59 51 110 82 12565 420 214
internal_value=0 0.00297924 -0.0263319 -0.0270649 -0.00245238 0.00326482 -0.00736207 -0.0280096 -0.000540968 -0.0039537 -0.0170882 0.000274194 -0.00162739 -0.00257143 0.00128481 -0.0111364 0.001625 0.00139007 4.06978e-05 0.00339333 0.0025 0.00187653
internal_weight=16375 14714 1661 1597 730 13984 198 1449 532 103 148 429 152 93 864 105 779 277 167 13120 555 728
internal_count=16375 14714 1661 1597 730 13984 198 1449 532 103 148 429 152 93 864 105 779 277 167 13120 555 728
is_linear=0
shrinkage=0.035


Tree=3
num_leaves=23
num_cat=0
split_feature=8 15 8 8 8 20 22 22 22 20 22 11 11 21 8 15 15 20 11 20 20 15
split_gain=991.128 35.0814 26.7489 4.90079 4.17551 2.70831 2.63813 2.39044 2.40455 2.03482 1.90098 1.90036 1.79519 1.54039 1.31541 1.19182 0.831406 0.738793 0.691461 0.395289 0.306231 0.492104
threshold=0.86030787602530523 0.44722222222222224 1.4977360561426372 0.42696347511940796 1.0027227233636931 17.500000000000004 24335.000000000004 5643.5000000000009 17834.500000000004 9.5000000000000018 54348.000000000007 1.2066664642907552 0.97496125592222971 2.5000000000000004 1.7859246489067384 0.31009615384615391 0.21583850931677021 11.500000000000002 1.2066664642907552 4.5000000000000009 15.500000000000002 0.15587044534412958
decision_type=2 2 2 2 2 2 2 2 2 2 2 2 2 2 2 2 2 2 2 2 2 2
left_child=1 7 4 -3 6 9 13 -1 -9 11 14 19 -11 -2 20 -14 -7 -12 -18 -6 -4 -22
right_child=2 3 10 -5 5 16 -8 8 -10 12 17 -13 15 -15 -16 -17 18 -19 -20 -21 21 -23
leaf_value=-0.15840137250000003 -0.12909181363297387 -0.18871274625000001 0.065901732825664222 -0.15611987125000001 -0.0022795209751255534 0.066372253778102963 -0.032660549997235964 -0.024091813632973854 -0.12821562249999999 -0.096531049976227037 -0.031779785697937581 -0.096324682563655561 -0.044271211035792839 -0.12111987125000001 0.28306911937500001 0.0026179555135298232 0.0033414570064885609 0.030140197490520985 -0.030352129221882539 0.034082927200769171 0.080069117780574892 -0.0014184084096833572
leaf_weight=55 49 825 310 613 91 122 86 50 97 47 67 49 89 46 13116 55 119 69 80 83 118 161
leaf_count=55 49 825 310 613 91 122 86 50 97 47 67 49 89 46 13116 55 119 69 80 83 118 161
internal_value=1.32302e-05 -0.0257553 0.00288592 -0.027692 -0.00288436 -0.00165541 -0.00760215 -0.0115483 -0.00847368 -0.00351671 0.00326997 -0.00110526 -0.00614286 -0.01155 0.00331109 -0.00378188 0.000708589 -0.000719858 -0.000617647 0.000567039 0.00161448 0.000665493
internal_weight=16397 1640 14757 1438 916 735 181 202 147 414 13841 223 191 95 13705 144 321 136 199 174 589 279
internal_count=16397 1640 14757 1438 916 735 181 202 147 414 13841 223 191 95 13705 144 321 136 199 174 589 279
is_linear=0
shrinkage=0.035


Tree=4
num_leaves=23
num_cat=0
split_feature=9 9 22 15 9 20 22 11 9 8 9 9 14 9 11 20 15 11 22 5 8 20
split_gain=1034.84 20.0654 17.3197 7.91267 3.16254 2.39039 1.74216 1.63618 4.95396 1.42554 1.40804 0.964062 0.879173 1.13976 0.705683 0.525428 0.660208 0.402608 0.322889 0.274534 0.289495 0.272436
threshold=0.89642857142857157 1.7201161577513366 54348.000000000007 0.44722222222222224 1.0014611999653302 19.500000000000004 34795.000000000007 1.1203483061798485 1.4011821410901339 1.4977360561426372 1.142896025696168 2.7077488266584928 0.22649572649572652 1.6479371562859608 1.2635801660792751 18.500000000000004 0.17752100840336138 1.3259870882635925 47274.500000000007 1.828637697805678 1.1437298603651989 1.5000000000000002
decision_type=2 2 2 2 2 2 2 2 2 2 2 2 2 2 2 2 2 2 2 2 2 2
left_child=2 4 3 -1 5 -2 -5 15 9 10 -9 18 13 14 -10 16 -6 -12 -3 20 -18 -13
right_child=1 11 -4 6 7 -7 -8 8 12 -11 17 21 -14 -15 -16 -17 19 -19 -20 -21 -22 -23
leaf_value=-0.1237280757125 -0.094831018125879643 0.1080270890841987 -0.067606829879367933 -0.15065567575625002 -0.064423542013530247 -0.021952777930571703 -0.18210780013125 -0.033822340703665493 -0.0030624879437251003 -0.0010661821346880282 -0.067783867473623152 0.29483910030095967 0.064121557155917497 -0.030566761249129257 0.065573903492615326 0.033773749028901442 -0.02774397724335953 -0.027930860432498449 0.0041814118744277632 0.02888022239089609 0.032899955767420587 0.44816170019687501
leaf_weight=136 78 2368 59 907 70 53 512 61 48 48 84 486 169 71 115 232 57 60 62 110 78 10391
leaf_count=136 78 2368 59 907 70 53 512 61 48 48 84 486 169 71 115 232 57 60 62 110 78 10391
internal_value=-6.02705e-05 0.00287389 -0.0266143 -0.0273269 -0.001205 -0.00627941 -0.0281819 -0.000614238 -0.00179501 -0.00558915 -0.00683333 0.00328441 0.000583333 -0.000746862 0.000791667 0.000773551 -0.000109375 -0.00871476 0.00260883 0.0007 -0.00025 0.00343246
internal_weight=16255 14641 1614 1555 1334 131 1419 1203 656 253 205 13307 403 234 163 547 315 144 2430 245 135 10877
internal_count=16255 14641 1614 1555 1334 131 1419 1203 656 253 205 13307 403 234 163 547 315 144 2430 245 135 10877
is_linear=0
shrinkage=0.035


Tree=5
num_leaves=23
num_cat=0
split_feature=9 9 22 8 9 15 11 9 20 21 22 8 9 10 13 11 11 24 12 12 12 20
split_gain=1058.92 20.4391 14.7143 8.89717 3.1701 3.0988 2.05525 4.5616 2.05237 1.80792 1.78359 1.04803 0.810708 0.637514 0.625799 0.664415 0.609046 0.538818 0.461824 0.425713 0.398621 0.290987
threshold=0.89642857142857157 1.7201161577513366 54348.000000000007 0.42696347511940796 1.0014611999653302 0.44722222222222224 1.1404549132230841 1.3584084897651272 19.500000000000004 3.5000000000000004 54348.000000000007 1.3448453054809033 2.7077488266584928 1.2149857925879115 0.18333333333333338 1.472755189182829 1.2635801660792751 4326.0000000000009 0.83187999366322607 0.99804889358803683 1.0788981249502503 1.5000000000000002
decision_type=2 2 2 2 2 2 2 2 2 2 2 2 2 2 2 2 2 2 2 2 2 2
left_child=2 4 3 -1 8 -5 13 9 -2 11 12 -8 19 18 15 16 -9 -16 -6 -3 -15 -14
right_child=1 10 -4 5 6 -7 7 14 -10 -11 -12 -13 21 20 17 -17 -18 -19 -20 -21 -22 -23
leaf_value=-0.17573402712665623 -0.11821549549820136 0.00098717155651993301 -0.08893306358547215 -0.11939759306256249 -0.030730728096330203 -0.14538272710478128 -0.060077907831982032 -0.01192486578523576 -0.030352653964998637 -0.0074191576939034182 -0.037964935037782137 -0.033430768001339393 0.3144434774789952 -0.035044156539735555 0.070111080859149355 -0.034515748123058063 0.033324060580560998 -0.0064417771400900178 0.029138042295572993 0.12267920738449041 0.0020581639470456264 0.43247604068998435
leaf_weight=841 72 53 60 137 49 611 98 59 53 51 49 52 472 47 130 57 71 88 461 2348 48 10427
leaf_count=841 72 53 60 137 49 611 98 59 53 51 49 52 472 47 130 57 71 88 461 2348 48 10427
internal_value=-0.000124457 0.00286385 -0.0266753 -0.0273281 -0.00125019 -0.0239236 -0.00067352 -0.00211375 -0.00646154 -0.00635437 0.00327722 -0.00824194 0.00330271 0.000745902 1.27841e-10 -0.00142187 0 0.00130269 0.00125728 0.00267082 -0.00175 0.00343901
internal_weight=16334 14685 1649 1589 1336 748 1211 606 125 201 13349 150 13300 605 405 187 130 218 510 2401 95 10899
internal_count=16334 14685 1649 1589 1336 748 1211 606 125 201 13349 150 13300 605 405 187 130 218 510 2401 95 10899
is_linear=0
shrinkage=0.035


Tree=6
num_leaves=23
num_cat=0
split_feature=9 9 22 22 9 11 8 15 22 15 15 20 9 20 15 14 8 14 11 15 11 24
split_gain=952.29 23.8801 15.6502 10.9675 3.37655 5.51294 3.10081 2.15577 1.88988 1.63076 1.56871 1.48374 1.97015 1.03331 1.0164 0.70863 0.637193 0.583006 1.15559 0.438787 0.431284 0.411695
threshold=0.89642857142857157 1.7201161577513366 54348.000000000007 34795.000000000007 1.4011821410901339 1.1884290189713831 1.4277452454219259 0.4188596491228071 54348.000000000007 0.11324786324786326 0.32738095238095244 19.500000000000004 1.0014611999653302 11.500000000000002 0.2752525252525253 0.27922077922077926 2.6434676052501795 0.22649572649572652 1.472755189182829 0.72111111111111115 2.0674736065156201 4326.0000000000009
decision_type=2 2 2 2 2 2 2 2 2 2 2 2 2 2 2 2 2 2 2 2 2 2
left_child=2 4 3 7 5 11 10 -1 16 -6 -7 12 -2 15 -15 -14 20 18 21 -9 -3 -11
right_child=1 8 -4 -5 9 6 -8 19 -10 17 -12 -13 13 14 -16 -17 -18 -19 -20 -21 -22 -23
leaf_value=-0.1152186773053728 -0.083063473587197581 0.098923462743253032 -0.082858844893972161 -0.16958333617722327 -0.07159038589772429 -0.088698560929359724 -0.028418534258149185 -0.13658362005771765 -0.065838851934486978 0.051083111099501526 -0.05008001067627383 0.028469673567055504 0.034006329076374908 -0.050795780253934712 -0.011291566789807757 -0.027320480261089609 0.41708450242830342 0.045579041358872023 -0.029204275145991741 -0.13568416053034829 0.020086979820470845 -0.00067260899867743924
leaf_weight=90 49 2282 62 526 50 63 73 833 46 147 83 211 91 45 57 78 10957 207 79 126 105 149
leaf_count=90 49 2282 62 526 50 63 73 833 46 147 83 211 91 45 57 78 10957 207 79 126 105 149
internal_value=9.38236e-06 0.00282023 -0.0252759 -0.025962 -0.00154686 -0.00312914 -0.00775 -0.0234972 0.00327268 0.000313187 -0.0106391 -0.00113619 -0.00263846 -0.00131884 -0.00402336 0.000281609 0.00329811 0.000876491 1.2764e-10 -0.0241297 0.0027245 0.00105814
internal_weight=16409 14772 1637 1575 1382 750 219 1049 13390 632 146 531 320 271 102 169 13344 582 375 959 2387 296
internal_count=16409 14772 1637 1575 1382 750 219 1049 13390 632 146 531 320 271 102 169 13344 582 375 959 2387 296
is_linear=0
shrinkage=0.035


Tree=7
num_leaves=23
num_cat=0
split_feature=9 8 9 22 25 9 11 8 25 7 14 10 15 8 9 22 20 0 0 15 13 7
split_gain=832.487 28.0688 18.7095 6.67389 3.12875 3.06345 4.00892 3.48835 2.71143 1.70872 1.16063 1.24715 1.01381 0.818033 0.662567 0.802455 0.563116 0.856148 0.544231 0.531905 0.517811 0.994958
threshold=0.89642857142857157 0.42696347511940796 1.7969817930439833 54348.000000000007 277.00000000000006 1.4011821410901339 1.2157392722216309 1.3448453054809033 277.00000000000006 0.57806881758180284 0.22649572649572652 1.0000000000000016 0.18019480519480521 2.6434676052501795 1.6479371562859608 24335.000000000004 1.5000000000000002 5.9978252760003432 4.9132540468455685 0.34891304347826091 0.18333333333333338 1.7877128717038759
decision_type=2 2 2 2 2 2 2 2 2 2 2 2 2 2 2 2 2 2 2 2 2 2
left_child=1 4 5 8 -1 6 9 19 -3 -2 11 -7 -11 -4 20 -16 17 18 -15 -8 21 -13
right_child=2 3 13 -5 -6 10 7 -9 -10 12 -12 14 -14 16 15 -17 -18 -19 -20 -21 -22 -23
leaf_value=-0.15866237213891649 -0.061952516221642343 -0.11118602359968474 0.09664190479864708 -0.062189432854978119 -0.16364791941102047 0.027848689220788311 -0.088726071403359877 -0.024687324014837853 -0.13551390495409382 -0.045260104936042614 0.056729325568753278 -0.040356777758264635 0.0022428051479670519 0.24687068936764611 -0.00030625287167044315 -0.063530437296875547 0.40274142168084431 1.0107388926003695 -0.089914897610414046 -0.047965631651280136 0.044227156664268311 0.029932762777076606
leaf_weight=145 49 392 2291 58 685 218 45 79 352 50 228 51 456 59 48 69 10489 258 138 55 77 63
leaf_count=145 49 392 2291 58 685 218 45 79 352 50 228 51 456 59 48 69 10489 258 138 55 77 63
internal_value=0.000216076 -0.0234609 0.00284886 -0.0184888 -0.0281048 -0.000860348 -0.00246752 -0.00696196 -0.0193972 -0.0009375 0.000687088 -0.000191149 -0.000267123 0.00326737 -0.00164377 -0.00367213 0.0034009 0.00205435 0.000207921 -0.0111667 -0.00025 -0.00179412
internal_weight=16355 1632 14723 802 830 1488 734 179 744 555 754 526 506 13235 308 117 10944 455 197 100 191 114
internal_count=16355 1632 14723 802 830 1488 734 179 744 555 754 526 506 13235 308 117 10944 455 197 100 191 114
is_linear=0
shrinkage=0.035


Tree=8
num_leaves=23
num_cat=0
split_feature=9 8 9 22 11 9 25 22 8 20 9 0 15 20 13 9 7 8 8 15 21 24
split_gain=818.141 29.9986 20.9919 4.93452 4.38676 3.61835 2.575 2.4646 2.17164 1.76902 2.48636 1.43613 1.0941 0.980154 0.868002 0.514896 0.952577 0.49754 1.14838 0.460406 0.908763 0.459111
threshold=0.89642857142857157 0.42696347511940796 1.4011821410901339 54348.000000000007 1.1884290189713831 2.0006377551020411 277.00000000000006 34795.000000000007 1.3448453054809033 18.500000000000004 1.0014611999653302 0.99491741027542968 0.069047619047619066 11.500000000000002 0.41428571428571431 1.8976505883434529 2.4068986874220459 5.6641639042627494 5.6470832654320153 0.22474747474747478 1.5000000000000002 6315.0000000000009
decision_type=2 2 2 2 2 2 2 2 2 2 2 2 2 2 2 2 2 2 2 2 2 2
left_child=1 7 4 6 9 12 -3 -1 11 10 -2 -6 -4 14 -12 16 19 18 -7 20 -14 -20
right_child=2 3 5 -5 8 17 -8 -9 -10 -11 13 -13 15 -15 -16 -17 -18 -19 21 -21 -22 -23
leaf_value=-0.13163798692390583 -0.096054151852576639 -0.10707018043688858 -0.092282995320675951 -0.065935920341391105 -0.056349810590327613 0.15324219195650438 -0.13077091828070053 -0.15792024223163476 -0.027290814666613372 0.0051942427652166001 0.033851995976920297 -0.069037430086649976 -0.033008839520180418 -0.029510878160801023 -0.02635541279244099 0.083242191956504369 -0.025043159154697486 1.2732878635733498 -0.090267872073878486 0.036245826661190667 0.028657006691276552 0.29123212891704875
leaf_weight=345 47 394 58 56 51 4531 358 476 92 238 111 66 86 91 45 199 61 8100 80 215 559 50
leaf_count=345 47 394 58 56 51 4531 358 476 92 238 111 66 86 91 45 199 61 8100 80 215 559 50
internal_value=0.000217543 -0.0232748 0.00283265 -0.0181974 -0.0028807 0.00313855 -0.0189703 -0.0281102 -0.00713084 -0.00112756 -0.00293813 -0.0102705 0.00125148 -0.00136111 0.000239131 0.00150889 0.00111879 0.00331083 0.00298243 0.00143642 0.000915385 -0.000129629
internal_weight=16309 1629 14680 808 741 13939 752 821 209 532 294 117 1178 247 156 1120 921 12761 4661 860 645 130
internal_count=16309 1629 14680 808 741 13939 752 821 209 532 294 117 1178 247 156 1120 921 12761 4661 860 645 130
is_linear=0
shrinkage=0.035


Tree=9
num_leaves=23
num_cat=0
split_feature=8 8 8 12 8 22 25 10 20 20 12 8 22 13 10 11 11 11 10 25 3 25
split_gain=774.689 38.6604 23.4629 9.5061 3.95434 3.6834 3.53694 3.46193 2.44224 2.39246 2.16459 1.80694 1.80478 1.68938 2.47012 1.59029 1.34737 4.08673 1.2653 1.02555 1.15905 1.00212
threshold=0.86030787602530523 0.42696347511940796 1.5012755102040818 0.95780870491049808 1.0741758241758244 54348.000000000007 277.00000000000006 0.69006555934235536 17.500000000000004 11.500000000000002 1.048934952398038 2.7146941172001777 28242.500000000004 0.41428571428571431 0.97590007294853509 1.4070093155287455 1.1674721661361123 1.3259870882635925 1.2149857925879142 200.00000000000003 4.9547980748721674 277.00000000000006
decision_type=2 2 2 2 2 2 2 2 2 2 2 2 2 2 2 2 2 2 2 2 2 2
left_child=1 6 4 21 7 11 -1 -2 9 16 -11 19 -5 14 -9 -7 -6 -18 -12 20 -4 -3
right_child=2 3 5 12 8 15 -8 13 -10 10 18 -13 -14 -15 -16 -17 17 -19 -20 -21 -22 -23
leaf_value=-0.12077470234458731 -0.094099937812813714 -0.095785237776213436 0.045665142192567731 -0.12787493781281373 0.021913199202388066 0.038260941093010876 -0.15239303375352753 -0.014355195295711007 0.022456306519363287 -0.11206598019674979 0.021008216636457803 0.39482018266870206 -0.011765998658515898 -0.019892011131848207 -0.11216720202297713 -0.047356667497839844 -0.073871517991171143 0.044726144360599775 -0.040311691768634174 0.089193202556761511 -0.060402607657114582 -0.12619393614087604
leaf_weight=139 52 325 563 60 194 58 694 49 356 49 49 10741 49 117 59 67 49 48 47 2178 63 359
leaf_count=139 52 325 563 60 194 58 694 49 356 49 49 10741 49 117 59 67 49 48 47 2178 63 359
internal_value=0.000207392 -0.0226803 0.00274037 -0.0168947 -0.00223557 0.00313144 -0.0280334 -0.00580851 -0.000935383 -0.00269048 -0.0063 0.00318745 -0.00663158 -0.00365217 -0.00672124 -0.00269231 -0.000756757 -0.00404902 -0.00273762 0.00236614 0.00105943 -0.0184448
internal_weight=16365 1626 14739 793 1069 13670 833 277 792 436 145 13545 109 225 108 125 291 97 96 2804 626 684
internal_count=16365 1626 14739 793 1069 13670 833 277 792 436 145 13545 109 225 108 125 291 97 96 2804 626 684
is_linear=0
shrinkage=0.035


Tree=10
num_leaves=23
num_cat=0
split_feature=9 8 9 11 22 25 9 8 25 15 12 20 20 20 8 8 11 24 15 20 7 22
split_gain=809.648 33.4343 19.0033 6.3771 4.96398 4.7722 3.99105 2.6149 2.55709 1.85974 1.1099 1.31281 1.54207 0.942778 0.852903 1.38305 0.845087 0.735154 0.724976 0.703552 0.472149 0.386271
threshold=0.89642857142857157 0.42696347511940796 1.4011821410901339 1.1884290189713831 54348.000000000007 277.00000000000006 1.8976505883434529 1.4308035714285716 277.00000000000006 0.44722222222222224 1.1564175661505616 18.500000000000004 12.500000000000002 4.5000000000000009 5.6641639042627494 5.6470832654320153 1.3259870882635925 6315.0000000000009 0.097619047619047633 25.500000000000004 2.4068986874220459 28242.500000000004
decision_type=2 2 2 2 2 2 2 2 2 2 2 2 2 2 2 2 2 2 2 2 2 2
left_child=1 8 3 10 5 9 18 16 -1 -3 11 12 13 -2 15 -8 -5 -17 -4 -13 21 -20
right_child=2 4 6 7 -6 -7 14 -9 -10 -11 -12 19 -14 -15 -16 17 -18 -19 20 -21 -22 -23
leaf_value=-0.11654758776252677 -0.024975503410833013 -0.065945702222202571 -0.020981514678292561 -0.067180432624381226 -0.04480514739083695 -0.12179288890149025 0.12446328881013252 -0.024329624604031402 -0.14705927757215409 -0.1041516254134576 0.039580092712073363 0.034915600870603622 -0.03127897554822414 0.018321906684792451 1.2111662018435032 -0.17092720294469729 -0.046081963405013679 0.23222029853308815 0.042885345026303617 -0.045337725871078954 -0.0093087687029856665 0.02154137238545465
leaf_weight=140 64 77 65 76 62 346 4848 50 694 325 80 114 80 108 8053 80 84 55 358 79 55 459
leaf_count=140 64 77 65 76 62 346 4848 50 694 325 80 114 80 108 8053 80 84 55 358 79 55 459
internal_value=0.000202635 -0.0230525 0.00281013 -0.00264865 -0.0177147 -0.0185319 0.00309937 -0.00773256 -0.0280793 -0.0153329 -0.000528302 -0.00124444 -0.00290078 -0.000850282 0.00325845 0.00286848 -0.00986364 -0.0005 0.000861996 0.000848485 0.00114538 0.00137105
internal_weight=16352 1644 14708 735 810 748 13973 210 834 402 525 445 252 172 13036 4983 160 135 937 193 872 817
internal_count=16352 1644 14708 735 810 748 13973 210 834 402 525 445 252 172 13036 4983 160 135 937 193 872 817
is_linear=0
shrinkage=0.035


Tree=11
num_leaves=23
num_cat=0
split_feature=9 8 9 22 25 25 9 10 14 21 20 9 10 14 10 10 12 12 7 9 0 12
split_gain=807.033 31.7869 20.4814 6.0373 4.83481 4.28875 3.3764 2.83185 2.49112 1.53701 1.75765 2.29948 1.22992 1.22078 1.59932 1.84067 0.925782 1.05266 0.768485 0.755759 0.496662 0.479124
threshold=0.89642857142857157 0.42696347511940796 1.8619363398611124 54348.000000000007 277.00000000000006 277.00000000000006 1.4011821410901339 1.7043362064926926 0.40833333333333338 3.5000000000000004 19.500000000000004 1.0014611999653302 1.154700538379253 0.22649572649572652 1.2408126607586332 1.4142135623730965 2.5065704709548395 2.5054540252438939 2.1291913216982263 1.142896025696168 8.9137438819749804 1.2204886304238236
decision_type=2 2 2 2 2 2 2 2 2 2 2 2 2 2 2 2 2 2 2 2 2 2
left_child=1 4 6 5 -1 8 7 9 -3 10 11 -2 -12 14 -8 -16 17 -4 -17 -13 -19 -21
right_child=2 3 16 -5 -6 -7 13 -9 -10 -11 12 19 -14 -15 15 18 -18 20 -20 21 -22 -23
leaf_value=-0.13295422177498101 -0.10626841376579681 -0.079999432195093811 0.12913024402637083 -0.066626058403213131 -0.14191220285712869 -0.11751439726439322 0.024496671060591869 -0.051667712023631789 -0.10453235177807803 0.016250214529182586 0.021419080257782587 -0.00029420489634021392 -0.039231010345074674 0.046727622079044705 -0.050920810566741033 0.033601462908671255 1.1195111399791671 -0.025992250944240174 -0.010113832560524389 -0.0459021997664293 0.9318708765768805 -0.0049377447500280527
leaf_weight=139 57 64 4803 63 701 360 372 51 319 145 185 93 48 260 98 91 8036 173 61 141 65 47
leaf_count=139 57 64 4803 63 701 360 372 51 319 145 185 93 48 260 98 91 8036 173 61 141 65 47
internal_value=0.000183153 -0.0230203 0.00278484 -0.0177762 -0.0278964 -0.0186791 -0.00088029 -0.00257513 -0.0154433 -0.00193689 -0.00275868 -0.00435714 -0.000323529 0.000580045 -0.000240032 -0.00240196 0.00324851 0.002848 0 -0.00286364 0.000475309 -0.00411658
internal_weight=16372 1646 14726 806 840 743 1649 767 383 716 571 338 233 882 622 250 13077 5041 152 281 238 188
internal_count=16372 1646 14726 806 840 743 1649 767 383 716 571 338 233 882 622 250 13077 5041 152 281 238 188
is_linear=0
shrinkage=0.035


Tree=12
num_leaves=23
num_cat=0
split_feature=9 8 9 11 22 25 9 22 8 14 15 20 20 8 8 22 15 10 12 22 11 14
split_gain=787.333 25.384 21.3017 5.1328 5.11412 4.31149 3.97943 3.86266 2.46043 2.39957 2.13398 1.4479 2.51602 1.03723 1.4981 1.01332 0.802702 0.695863 0.652293 0.681219 0.473185 0.429371
threshold=0.89642857142857157 0.42696347511940796 1.4011821410901339 1.1884290189713831 54348.000000000007 277.00000000000006 2.0006377551020411 34795.000000000007 1.3448453054809033 0.42261904761904767 0.069047619047619066 18.500000000000004 12.500000000000002 5.6641639042627494 5.6470832654320153 19263.000000000004 0.34891304347826091 0.95118973121134187 1.1252098250536189 28242.500000000004 1.0860019357503572 0.22649572649572652
decision_type=2 2 2 2 2 2 2 2 2 2 2 2 2 2 2 2 2 2 2 2 2 2
left_child=1 7 3 11 5 9 10 -1 16 -3 -4 12 18 14 -8 -16 -5 -14 19 -2 -13 -12
right_child=2 4 6 8 -6 -7 13 -9 -10 -11 21 20 17 -15 15 -17 -18 -19 -20 -21 -22 -23
leaf_value=-0.11124263237069908 -0.031778704170150288 -0.079375900305448291 -0.10052543792461893 -0.081541932913087964 -0.040458194476896733 -0.11340139336013946 0.13101212344174112 -0.13694527575712917 -0.022427048875619464 -0.10013435080766528 0.023138402918920702 0.028625785662464688 -0.03348421533144267 1.1583513146980975 -0.16053502617875556 0.077734825411589478 -0.041086829346970707 -0.025069156109140903 0.044861328285763474 0.010299061408568632 -0.030434897389358354 0.039166062901859922
leaf_weight=336 76 63 61 53 57 360 4556 499 90 322 837 169 45 8105 46 91 66 51 49 78 57 285
leaf_count=336 76 63 61 53 57 360 4556 499 90 322 837 169 45 8105 46 91 66 51 49 78 57 285
internal_value=0.000183377 -0.0228033 0.00274864 -0.00303586 -0.0180551 -0.0188533 0.00305455 -0.0272083 -0.0076215 -0.0156154 0.00108418 -0.00112264 -0.00271711 0.00323483 0.00279225 -0.000690141 -0.0108952 -0.00724257 -0.000370192 -0.00156289 0.000924243 0.00145031
internal_weight=16352 1637 14715 734 802 745 13981 835 209 385 1183 525 299 12798 4693 137 119 96 203 154 226 1122
internal_count=16352 1637 14715 734 802 745 13981 835 209 385 1183 525 299 12798 4693 137 119 96 203 154 226 1122
is_linear=0
shrinkage=0.035


Tree=13
num_leaves=23
num_cat=0
split_feature=9 25 22 9 22 11 8 8 15 22 25 5 12 10 15 15 14 10 12 15 9 13
split_gain=714.302 26.1205 22.7138 20.3073 10.9839 5.68332 4.40085 2.94688 1.68102 1.30047 1.8757 1.4608 1.1329 1.07764 1.89664 1.03162 0.909501 0.930024 1.07937 1.29872 0.551609 0.944538
threshold=0.89642857142857157 277.00000000000006 54348.000000000007 1.4011821410901339 34795.000000000007 1.1884290189713831 2.7146941172001777 1.3448453054809033 0.44722222222222224 54348.000000000007 299.00000000000006 3.9929401464817613 1.1564175661505616 0.78679579246944131 0.046536796536796543 0.34891304347826091 0.19090909090909094 1.2149857925879115 1.0788981249502503 0.26201372997711675 1.7201161577513366 0.22500000000000003
decision_type=2 2 2 2 2 2 2 2 2 2 2 2 2 2 2 2 2 2 2 2 2 2
left_child=1 8 4 5 -3 12 9 15 -1 10 13 -11 16 14 -5 -7 -2 18 19 -18 21 -15
right_child=3 2 -4 6 -6 7 -8 -9 -10 11 -12 -13 -14 20 -16 -17 17 -19 -20 -21 -22 -23
leaf_value=-0.055858412131043818 0.024553467379868125 -0.10768940725219631 -0.038548977491750715 -0.064888386687205951 -0.13215219110562967 -0.075455236042972024 0.35600209084039403 -0.021402793976794808 -0.11259067350939324 0.021613034638094098 0.097358124785631231 -0.053995567364834678 0.033586981746312368 -0.0073639985212599832 0.044001882111816111 -0.037912992443454044 -0.067313982879021406 -0.031644686985883685 -0.027776437166434634 0.0030121387871217494 0.064578965730189272 0.041248674476768152
leaf_weight=72 93 518 59 54 528 61 10739 96 445 106 1530 46 85 186 91 68 59 50 56 181 1022 170
leaf_count=72 93 518 59 54 528 61 10739 96 445 106 1530 46 85 186 91 68 59 50 56 181 1022 170
internal_value=0.000291667 -0.021712 -0.0248153 0.00272847 -0.0260052 -0.00285942 0.00303079 -0.00745652 -0.0148716 0.00187539 0.00203499 -0.00118153 -0.000800567 0.00114071 -0.00163333 -0.0108657 -0.00154504 -0.00238319 -0.0015 -0.000357143 0.00145011 0.000203601
internal_weight=16315 1622 1105 14693 1046 749 13944 225 517 3205 3053 152 524 1523 145 129 439 346 296 240 1378 356
internal_count=16315 1622 1105 14693 1046 749 13944 225 517 3205 3053 152 524 1523 145 129 439 346 296 240 1378 356
is_linear=0
shrinkage=0.035


Tree=14
num_leaves=23
num_cat=0
split_feature=9 12 9 22 25 22 9 11 15 22 9 8 13 15 9 22 15 22 25 10 15 12
split_gain=733.817 23.924 17.3179 9.47842 8.68688 4.47322 3.28253 4.33467 2.598 2.18288 2.07624 2.03735 1.18685 1.1729 0.934338 1.72468 0.832674 0.779299 0.903032 0.767142 0.832513 0.639974
threshold=0.89642857142857157 0.52004063163607117 1.8976505883434529 54348.000000000007 277.00000000000006 34795.000000000007 1.3584084897651272 1.1884290189713831 0.44722222222222224 34795.000000000007 6.0576699305884718 1.3448453054809033 0.53571428571428581 0.097619047619047633 5.8214332303014045 19263.000000000004 0.34891304347826091 52360.000000000007 299.00000000000006 0.78679579246944131 0.046536796536796543 1.1564175661505616
decision_type=2 2 2 2 2 2 2 2 2 2 2 2 2 2 2 2 2 2 2 2 2 2
left_child=1 5 6 4 8 -1 7 12 -3 -6 14 16 21 -8 17 -16 -9 18 19 20 -4 -2
right_child=2 3 10 -5 9 -7 13 11 -10 -11 -12 -13 -14 -15 15 -17 -18 -19 -20 -21 -22 -23
leaf_value=-0.10300421828502054 -0.018705815790936255 -0.053903367706457289 -0.037173927284727466 -0.064441360588222391 -0.10420913153085279 -0.12752686441693262 -0.036001308506943969 -0.073218393677827051 -0.10977313943784549 -0.13755120348652983 1.1406856141459023 -0.020585814540053458 -0.031340092494016945 0.019546296139680366 -0.15687637067774751 0.18182151916602016 -0.041793431337051226 -0.011043645284421066 0.12941375664269819 0.094035491378244879 0.087204516996817596 0.035116574721910848
leaf_weight=205 364 72 61 62 387 395 69 50 409 134 8013 72 54 929 54 200 62 68 3049 1527 53 64
leaf_count=205 364 72 61 62 387 395 69 50 409 134 8013 72 54 929 54 200 62 68 3049 1527 53 64
internal_value=0.000200697 -0.0217906 0.00269967 -0.0184036 -0.0192309 -0.0275661 -0.000652187 -0.00255067 -0.0153683 -0.0225836 0.00312932 -0.00705556 -0.000740246 0.000603689 0.00255123 0.000391892 -0.00996154 0.00266229 0.00271725 0.00201154 -0.000617647 -5.65819e-05
internal_weight=16353 1664 14689 1064 1002 600 1664 666 481 521 13025 184 482 998 5012 254 112 4758 4690 1641 114 428
internal_count=16353 1664 14689 1064 1002 600 1664 666 481 521 13025 184 482 998 5012 254 112 4758 4690 1641 114 428
is_linear=0
shrinkage=0.035


Tree=15
num_leaves=23
num_cat=0
split_feature=9 9 9 22 22 12 9 11 9 8 15 25 12 20 20 8 7 10 15 7 20 9
split_gain=669.07 34.3121 17.413 13.6526 7.72973 2.69077 2.38551 5.21534 2.30291 1.15671 1.06618 1.0188 0.909853 0.757137 1.40336 0.919897 0.731447 0.672106 0.869595 0.736688 0.545256 0.585958
threshold=0.89642857142857157 0.3956951516321271 1.8976505883434529 34795.000000000007 54348.000000000007 0.52004063163607117 1.4011821410901339 1.1884290189713831 6.0576699305884718 1.4277452454219259 0.097619047619047633 299.00000000000006 1.1564175661505616 18.500000000000004 12.500000000000002 1.0741758241758244 2.4068986874220459 0.89973541084243791 0.046536796536796543 2.1429083088240017 1.5000000000000002 5.8214332303014045
decision_type=2 2 2 2 2 2 2 2 2 2 2 2 2 2 2 2 2 2 2 2 2 2
left_child=1 3 6 5 -3 -1 7 12 11 -9 -8 17 13 14 15 -2 -12 18 19 -4 21 -19
right_child=2 4 8 -5 -6 -7 10 9 -10 -11 16 -13 -14 -15 -16 -17 -18 20 -20 -21 -22 -23
leaf_value=-0.10031513035839372 -0.026230960330709343 -0.09799617533938694 -0.066679766314716352 -0.12306342416233998 -0.03579498440366153 -0.096804338551626262 -0.049498323002861021 -0.045537401508000064 1.1004249490091436 -0.019835003719959551 0.020827300041777276 0.12173890919727927 0.032887725853378236 0.0053647433849657597 -0.032907220862695694 0.026834494469035901 -0.024143137864487806 0.16852802379480983 0.057395267804872308 0.058699917774091968 0.092267731292753105 -0.16188570046819176
leaf_weight=174 57 772 46 507 63 129 70 134 7966 61 827 3220 89 196 80 112 56 55 83 49 1568 67
leaf_count=174 57 772 46 507 63 129 70 134 7966 61 827 3220 89 196 80 112 56 55 83 49 1568 67
internal_value=0.000304589 -0.0208303 0.00267136 -0.026046 -0.015625 -0.0193409 -0.000670124 -0.00217439 0.00310334 -0.007 0.000467641 0.00250353 -0.000331169 -0.00101111 -0.0022874 -0.000321839 0.00081982 0.00181821 -0.00013388 -0.00245 0.00203392 -8.2677e-05
internal_weight=16381 1645 14736 810 835 303 1682 729 13054 195 953 5088 534 445 249 169 883 1868 178 95 1690 122
internal_count=16381 1645 14736 810 835 303 1682 729 13054 195 953 5088 534 445 249 169 883 1868 178 95 1690 122
is_linear=0
shrinkage=0.035


Tree=16
num_leaves=23
num_cat=0
split_feature=8 8 8 22 15 8 25 8 21 21 15 22 25 20 12 12 15 20 12 3 15 20
split_gain=557.73 55.3816 21.4481 14.5388 5.27412 4.46858 3.4507 3.17736 3.11321 3.07775 2.44686 2.18721 1.92715 1.79433 1.74833 1.65091 1.50542 1.43522 1.28148 1.25012 1.36102 1.2098
threshold=0.79285714285714304 0.42696347511940796 1.5012755102040818 34795.000000000007 0.39642857142857152 2.7146941172001777 277.00000000000006 1.0027227233636931 2.5000000000000004 3.5000000000000004 0.67261904761904778 54348.000000000007 299.00000000000006 17.500000000000004 1.2574789693537125 0.95780870491049808 0.72111111111111115 10.500000000000002 0.93151750800769617 0.8172201977397342 0.28285714285714292 11.500000000000002
decision_type=2 2 2 2 2 2 2 2 2 2 2 2 2 2 2 2 2 2 2 2 2 2
left_child=1 3 7 16 15 11 9 8 18 -6 17 12 -4 14 21 -3 -1 -8 -2 20 -15 -9
right_child=2 4 5 -5 6 -7 10 13 -10 -11 -12 -13 -14 19 -16 -17 -18 -19 -20 -21 -22 -23
leaf_value=-0.097920565418987734 -0.069676871522005079 -0.10080490819687649 0.025854037589061674 -0.11875620431665808 -0.067501213420642345 0.33536248473459962 -0.063586029598249327 -0.028451917731091063 -0.021624240863086834 -0.10253883442559257 -0.12842969151881939 -0.031408217090949535 0.092258452953124431 0.038230311718059344 0.015714457248286906 0.0025614069426039034 -0.092864681520391276 -0.098586029598249331 -0.050326772564502062 0.027121104773289273 -0.026296070034717796 -0.048567090286802207
leaf_weight=258 55 50 1332 484 237 10742 85 227 121 65 68 99 1454 61 114 45 104 163 75 284 47 134
leaf_count=258 55 50 1332 484 237 10742 85 227 121 65 68 99 1454 61 114 45 104 163 75 284 47 134
internal_value=0.000456895 -0.0194156 0.00256508 -0.0254953 -0.0120501 0.00294799 -0.0132416 -0.00207881 -0.00552344 -0.0100668 -0.0160171 0.00170761 0.00189484 -0.00103555 -0.00247917 -0.00385 -0.0194837 -0.0136541 -0.0092037 0.000678841 -0.00238496 -0.00367213
internal_weight=16304 1559 14745 846 713 13627 618 1118 251 302 316 2885 2786 867 475 95 362 248 130 392 108 361
internal_count=16304 1559 14745 846 713 13627 618 1118 251 302 316 2885 2786 867 475 95 362 248 130 392 108 361
is_linear=0
shrinkage=0.035


Tree=17
num_leaves=23
num_cat=0
split_feature=9 9 22 9 12 22 20 8 25 21 12 11 5 7 8 20 12 7 15 9 11 11
split_gain=563.257 51.6953 21.007 15.6665 6.90039 4.58231 4.71107 2.56648 2.42002 2.16712 2.07693 2.10541 2.0583 3.67338 1.67193 1.50159 1.5005 1.32319 1.0782 1.02269 2.5498 1.58689
threshold=0.89642857142857157 0.3956951516321271 34795.000000000007 1.8976505883434529 0.48171165642947372 15527.500000000002 25.500000000000004 5.6641639042627494 195.50000000000003 2.5000000000000004 0.8546718367736591 0.74996748032035765 4.9547980748721674 1.1379640013532002 5.6470832654320153 12.500000000000002 0.61376547493725109 0.56969271725119408 0.22474747474747478 1.4011821410901339 1.2066664642907552 1.3259870882635925
decision_type=2 2 2 2 2 2 2 2 2 2 2 2 2 2 2 2 2 2 2 2 2 2
left_child=1 2 4 12 -1 9 8 14 10 16 11 -7 19 -14 -5 -13 -3 -6 -15 20 -2 -22
right_child=3 5 -4 7 17 6 -8 -9 -10 -11 -12 15 13 18 -16 -17 -18 -19 -20 -21 21 -23
leaf_value=-0.093509245268766042 0.0011835185492928332 -0.063948221079616036 -0.11459973716557505 0.09419941192764944 -0.091765731010961735 -0.095414288543372527 -0.064926121622406699 1.010642826274663 -0.074499873196041094 -0.091244969858955138 -0.086517983486193203 -0.073728804141074883 -0.08944828765786253 -0.043705737585339924 -0.070898875035581954 -0.065138670950919852 -0.095135518562310603 -0.089291946120156757 0.028134095294879799 0.017315931801826903 -0.063802403213633965 -0.0095823284329617665
leaf_weight=144 483 53 498 4819 114 108 79 8142 84 138 86 65 63 108 133 53 149 47 77 778 75 97
leaf_count=144 483 53 498 4819 114 108 79 8142 84 138 86 65 63 108 133 53 149 47 77 778 75 97
internal_value=0.000513965 -0.019057 -0.0253923 0.00266407 -0.0175 -0.0126768 -0.0101354 0.00307249 -0.011687 -0.0159783 -0.0131719 -0.0107424 -0.000506524 -0.003417 0.00242677 -0.0067439 -0.0127319 -0.0116807 -0.000736842 0 -0.00100758 -0.00460734
internal_weight=16393 1618 803 14775 305 815 475 13094 396 340 312 226 1681 248 4952 118 202 161 185 1433 655 172
internal_count=16393 1618 803 14775 305 815 475 13094 396 340 312 226 1681 248 4952 118 202 161 185 1433 655 172
is_linear=0
shrinkage=0.035


Tree=18
num_leaves=23
num_cat=0
split_feature=15 12 7 15 22 12 22 21 22 12 15 13 5 22 7 15 10 15 12 12 24 20
split_gain=539.467 55.0314 17.035 10.8354 9.82326 5.93484 4.74426 3.75736 2.74541 2.36 2.31609 2.3013 2.28155 2.08994 1.92355 1.65737 1.45355 1.43972 1.44181 1.31329 1.41535 1.25183
threshold=0.4188596491228071 0.52004063163607117 2.0554463460428067 0.67261904761904778 34795.000000000007 0.95780870491049808 54348.000000000007 2.5000000000000004 54348.000000000007 2.5904173826138641 0.55777777777777793 0.46428571428571436 4.9547980748721674 34795.000000000007 0.71213642240672326 0.32738095238095244 0.42554995647735644 1.0000000180025095e-35 1.2320134215226151 2.5054540252438939 9349.5000000000018 16.500000000000004
decision_type=2 2 2 2 2 2 2 2 2 2 2 2 2 2 2 2 2 2 2 2 2 2
left_child=2 13 5 6 16 7 10 15 17 19 11 -3 -10 -2 -12 -1 -5 -7 21 -4 -21 -19
right_child=1 3 9 4 -6 8 -8 -9 12 -11 14 -13 -14 -15 -16 -17 -18 18 -20 20 -22 -23
leaf_value=-0.077854611921179165 -0.090236421673088471 -0.06246340409985051 0.10971700797340228 -0.090186101985649997 -0.11023789449734402 -0.028623891834393393 -0.027435283526514368 -0.0054563687560828817 -0.012054078483300061 0.94513655855015155 -0.089707211581920562 -0.091805775412629742 -0.033449045115184622 -0.11058874636477993 -0.057186944456612654 -0.10834987340052446 -0.096338142281965133 -0.015467447042826266 0.046537108729043958 -0.027571657531915292 0.56872572419438094 0.033028317785367363
leaf_weight=106 184 153 4027 50 119 83 78 121 279 7840 210 173 65 371 89 47 119 319 1105 284 149 325
leaf_count=106 184 153 4027 50 119 83 78 121 279 7840 210 173 65 371 89 47 119 319 1105 284 149 325
internal_value=0.000500491 -0.0191338 0.0025654 -0.0140351 -0.019913 -9.26679e-05 -0.0114788 -0.00490502 0.000515131 0.0030961 -0.0125 -0.0147931 -0.00231662 -0.028 -0.00974013 -0.00846202 -0.0135977 0.00106124 0.00128506 0.00243393 0.000543379 -5.39278e-06
internal_weight=16296 1546 14750 991 288 2450 703 274 2176 12300 625 326 344 555 299 153 169 1832 1749 4460 433 644
internal_count=16296 1546 14750 991 288 2450 703 274 2176 12300 625 326 344 555 299 153 169 1832 1749 4460 433 644
is_linear=0
shrinkage=0.035


Tree=19
num_leaves=23
num_cat=0
split_feature=9 9 22 9 12 22 9 15 15 20 3 9 7 20 21 21 10 20 7 13 10 0
split_gain=571.6 53.818 22.6245 14.7868 6.66148 3.91155 2.51659 2.31812 2.54614 2.51364 2.19055 1.97235 1.86232 2.58234 4.46158 1.79232 1.74171 1.79282 1.28494 1.10011 1.16652 1.0326
threshold=0.89642857142857157 0.3956951516321271 34795.000000000007 1.8619363398611124 0.48171165642947372 54348.000000000007 6.0576699305884718 0.67261904761904778 0.58114035087719318 27.500000000000004 0.99491741027542968 1.4011821410901339 0.56969271725119408 11.500000000000002 1.5000000000000002 3.5000000000000004 1.2149857925879115 18.500000000000004 0.40964277971844582 0.18333333333333338 0.97590007294853509 0.92290827564587452
decision_type=2 2 2 2 2 2 2 2 2 2 2 2 2 2 2 2 2 2 2 2 2 2
left_child=1 2 4 11 -1 7 -5 8 9 12 -10 15 -3 -14 -15 16 17 21 -6 20 -13 -2
right_child=3 5 -4 6 18 -7 -8 -9 10 -11 -12 19 13 14 -16 -17 -18 -19 -20 -21 -22 -23
leaf_value=-0.087002510182992529 -0.053477917129111631 -0.088858425481902578 -0.10671814024201262 0.086107007203992864 -0.08570037954188027 -0.030563813873361212 0.98205677900089627 -0.11618436716569329 -0.064597650349902419 -0.055165333901887631 -0.025401990546393159 0.016547591785583533 -0.065020903159522428 -0.024938298015525884 -0.090715593997099331 0.023131086963311537 -0.029377532413022718 0.0038128663892983954 -0.082786234769804401 0.030227964325080861 -0.012837787425424204 -0.018560738340690129
leaf_weight=138 72 160 523 5153 103 62 7887 48 123 46 75 205 119 54 137 143 152 207 72 380 279 174
leaf_count=138 72 160 523 5153 103 62 7887 48 123 46 75 205 119 54 137 143 152 207 72 380 279 174
internal_value=0.000460532 -0.0189715 -0.0252574 0.002669 -0.0171918 -0.012459 0.00305998 -0.0131558 -0.0124179 -0.0138321 -0.00839655 -0.000482684 -0.0146263 -0.0123889 -0.0150714 -0.0017988 -0.00263934 -0.00146725 -0.0118611 0.000640391 -0.000436605 -0.00347211
internal_weight=16312 1660 836 14652 313 824 13040 762 714 516 198 1612 470 310 191 748 605 453 175 864 484 246
internal_count=16312 1660 836 14652 313 824 13040 762 714 516 198 1612 470 310 191 748 605 453 175 864 484 246
is_linear=0
shrinkage=0.035


Tree=20
num_leaves=23
num_cat=0
split_feature=9 8 9 25 15 15 20 23 20 20 9 9 21 10 12 12 21 10 8 20 21 7
split_gain=479.689 35.0152 15.5723 5.38141 5.09646 4.10927 3.48261 3.04736 3.39506 4.967 2.49934 2.30582 1.87942 1.80123 1.79114 1.94897 1.1049 1.23636 1.05314 0.990076 1.29897 0.965453
threshold=0.89642857142857157 0.42696347511940796 2.0006377551020411 277.00000000000006 1.0000000180025095e-35 0.67261904761904778 20.500000000000004 19200.000000000004 26.500000000000004 17.500000000000004 6.0576699305884718 1.4011821410901339 3.5000000000000004 1.2149857925879115 0.61376547493725109 0.83187999366322607 2.5000000000000004 1.3692115741521798 0.64512287944562419 17.500000000000004 3.5000000000000004 0.85459183673469397
decision_type=2 2 2 2 2 2 2 2 2 2 2 2 2 2 2 2 2 2 2 2 2 2
left_child=1 3 4 6 -2 7 -1 14 9 18 -4 13 -7 19 -3 -16 -15 -18 -9 20 21 -6
right_child=2 5 10 -5 11 12 -8 8 -10 -11 -12 -13 -14 16 15 -17 17 -19 -20 -21 -22 -23
leaf_value=-0.11347244390289905 -0.097151199794089149 -0.060656048604546674 0.097851764198709529 -0.10298300533354218 -0.036807839114533697 -0.1123302002989881 -0.079836767073250769 -0.071824231898671376 0.0042546383392175705 -0.084902891473234876 0.94768479173586495 0.019063112308323988 -0.1123302002989881 -0.041331918886211974 -0.085487597680882155 -0.05148317753630445 -0.029068503583034578 0.014686110587387721 -0.027662893877295657 0.004561204695306376 0.038052057596941517 -0.016517512816942768
leaf_weight=89 52 59 4866 686 46 62 48 119 50 110 7881 1136 50 90 165 56 50 55 134 247 60 177
leaf_count=89 52 59 4866 686 46 62 48 119 50 110 7881 1136 50 90 165 56 50 55 134 247 60 177
internal_value=0.000617167 -0.0173757 0.00262172 -0.0224964 -0.000313868 -0.0120123 -0.0147394 -0.0107908 -0.00855742 -0.00972011 0.0030636 0 -0.0186368 -0.00153425 -0.0138158 -0.0153938 -0.004375 -0.00159091 -0.00667442 -0.000425234 -0.00184722 -0.00310088
internal_weight=16288 1628 14660 823 1913 805 137 693 413 363 12747 1861 112 725 280 221 195 105 253 530 283 223
internal_count=16288 1628 14660 823 1913 805 137 693 413 363 12747 1861 112 725 280 221 195 105 253 530 283 223
is_linear=0
shrinkage=0.035


Tree=21
num_leaves=23
num_cat=0
split_feature=9 8 9 25 20 9 25 22 11 8 20 20 9 11 0 25 22 20 12 12 12 12
split_gain=456.995 34.0057 12.3825 6.31358 4.88559 4.36624 3.44898 5.32682 2.47965 1.90869 1.73589 1.78783 1.72008 4.07006 1.47801 1.21938 1.76029 1.66144 1.23225 1.15446 1.0051 2.20127
threshold=0.89642857142857157 0.42696347511940796 3.110641021714653 277.00000000000006 20.500000000000004 1.4011821410901339 277.00000000000006 54348.000000000007 1.1404549132230841 3.5008585782075321 25.500000000000004 7.5000000000000009 0.3956951516321271 0.64642795093555827 1.5365967018834772 299.00000000000006 54348.000000000007 11.500000000000002 1.0131933891581635 0.83187999366322607 2.565674953785313 2.5054540252438939
decision_type=2 2 2 2 2 2 2 2 2 2 2 2 2 2 2 2 2 2 2 2 2 2
left_child=1 3 5 4 -1 8 10 12 -2 15 11 -3 -8 -14 -10 18 -17 -18 -7 -15 21 -4
right_child=2 6 20 -5 -6 9 7 -9 14 -11 -12 -13 13 19 -16 16 17 -19 -20 -21 -22 -23
leaf_value=-0.10950090836629758 0.00098685216635407817 -0.055428298693656529 0.17523375312831818 -0.09937860014686821 -0.044425235131085074 -0.070163353242448448 -0.10839864328852353 -0.028084498760529181 -0.035590616377340609 -0.040561644304761418 -0.05540060231591383 -0.074611564133682501 -0.059130516640582574 -0.083420920364926029 -0.002520558344164375 0.074666008335179543 -0.038227059761739283 0.019495898858977151 0.031708086206152931 -0.04964226547223137 0.84451582402510972 0.0017366686144543871
leaf_weight=91 480 89 1599 669 47 50 64 64 174 56 61 226 96 139 84 2040 60 97 1811 48 7888 350
leaf_count=91 480 89 1599 669 47 50 64 64 174 56 61 226 96 139 84 2040 60 97 1811 48 7888 350
internal_value=0.000627026 -0.017141 0.00256152 -0.0222328 -0.0141224 0.00110758 -0.0117904 -0.0141683 -0.00135195 0.00155414 -0.00899344 -0.0100625 -0.0158892 -0.014 -0.00408555 0.00164792 0.00221253 -0.00125309 0.000967846 -0.017099 0.00327596 0.00251484
internal_weight=16283 1594 14689 807 138 4852 787 411 738 4114 376 315 347 283 258 4058 2197 157 1861 187 9837 1949
internal_count=16283 1594 14689 807 138 4852 787 411 738 4114 376 315 347 283 258 4058 2197 157 1861 187 9837 1949
is_linear=0
shrinkage=0.035


Tree=22
num_leaves=23
num_cat=0
split_feature=9 8 9 25 20 9 22 25 15 20 20 9 11 15 11 15 25 24 22 22 7 8
split_gain=468.888 32.5273 14.0628 6.4503 4.68102 3.91341 3.44997 5.22399 3.20516 1.76877 1.40295 1.37559 1.81574 0.976296 0.910844 0.954751 0.840834 0.946519 1.45381 1.31376 2.08493 0.816097
threshold=0.89642857142857157 0.42696347511940796 2.0006377551020411 277.00000000000006 19.500000000000004 6.0576699305884718 54348.000000000007 277.00000000000006 0.069047619047619066 25.500000000000004 12.500000000000002 1.4011821410901339 1.1404549132230841 0.34891304347826091 1.3259870882635925 0.32738095238095244 381.00000000000006 9349.5000000000018 5643.5000000000009 19263.000000000004 3.2832056170816677 1.3580155746509133
decision_type=2 2 2 2 2 2 2 2 2 2 2 2 2 2 2 2 2 2 2 2 2 2
left_child=1 3 8 4 -1 16 7 9 -2 10 -3 12 -10 -9 15 -14 17 18 -4 20 -20 -16
right_child=2 6 5 -5 -6 -7 -8 13 11 -11 -12 -13 14 -15 21 -17 -18 -19 19 -21 -22 -23
leaf_value=-0.10566837657347718 -0.085171967003703872 -0.067370391618533143 0.14432887440045652 -0.095900349141727806 -0.056914403679105698 0.88495777018423094 -0.026950138937428206 -0.084970482050049853 0.0014542185775909368 -0.060067656493726793 -0.081854873076620385 0.015854207139206 -0.058141744969504722 -0.081388227221986117 -0.017252364974432711 -0.016090414618168271 0.10229077696809488 0.19830517433574749 0.0018881967244483377 0.036924572556296061 -0.13274800739521889 0.039992720130553439
leaf_weight=96 74 171 513 681 58 7915 62 45 470 62 163 1133 82 312 59 54 2263 637 271 1069 49 48
leaf_count=96 74 171 513 681 58 7915 62 45 470 62 163 1133 82 312 59 54 2263 637 271 1069 49 48
internal_value=0.000558986 -0.0170982 0.0025558 -0.022 -0.0143302 0.00297728 -0.0119512 -0.0126148 -0.000227273 -0.00950499 -0.0105413 5.86171e-05 -0.00113092 -0.015837 -0.00355645 -0.00543617 0.00217485 0.00171148 0.00129759 0.000687948 -0.00123846 -0.000875
internal_weight=16287 1650 14637 835 154 12717 815 753 1920 396 334 1846 713 357 243 136 4802 2539 1902 1389 320 107
internal_count=16287 1650 14637 835 154 12717 815 753 1920 396 334 1846 713 357 243 136 4802 2539 1902 1389 320 107
is_linear=0
shrinkage=0.035


Tree=23
num_leaves=23
num_cat=0
split_feature=9 22 9 15 22 21 9 20 9 11 12 15 21 12 7 20 12 8 7 14 9 22
split_gain=437.407 37.5255 16.7904 6.90802 4.42883 5.42444 4.26178 4.06644 2.99604 2.29239 2.32363 2.1761 1.92347 1.90329 1.71954 4.02106 2.14809 1.27773 1.11341 2.31576 0.984535 1.94404
threshold=0.800572271527216 34795.000000000007 2.0006377551020411 0.59629629629629644 15527.500000000002 2.5000000000000004 6.0576699305884718 25.500000000000004 1.4011821410901339 1.1404549132230841 0.81652188061227371 0.069047619047619066 3.5000000000000004 0.63508777288479024 0.25098252115031777 11.500000000000002 0.81652188061227371 0.50378643844840409 0.56969271725119408 0.78174603174603186 5.8214332303014045 19263.000000000004
decision_type=2 2 2 2 2 2 2 2 2 2 2 2 2 2 2 2 2 2 2 2 2 2
left_child=1 4 8 -3 5 13 20 14 9 10 -2 -10 -11 -1 -6 -16 -17 -15 19 -7 -4 -22
right_child=2 3 6 -5 7 18 -8 -9 11 12 -12 -13 -14 17 15 16 -18 -19 -20 -21 21 -23
leaf_value=-0.050351034190033631 -0.082070068501243307 -0.070583630355270432 0.080468179373146848 -0.092543836921767333 -0.10196998339340546 -0.077021198409545258 0.85398424822778285 -0.057965288188319128 -0.09204332739379166 -0.038035797377882492 0.0003694832292378315 0.01763795584162672 0.021499111505077984 -0.03976434109616498 -0.051410037843304508 -0.051397468707311572 -0.082370748449785869 -0.076880504631373608 -0.057694163541204088 -0.03639425997092248 -0.16467940001823553 0.2650906625422309
leaf_weight=84 53 45 4613 512 81 157 7931 92 61 214 487 1115 63 54 155 102 74 90 74 48 52 211
leaf_count=84 53 45 4613 512 81 157 7931 92 61 214 487 1115 63 54 155 102 74 90 74 48 52 211
internal_value=0.000620564 -0.0169259 0.00248582 -0.0242758 -0.0127598 -0.0152305 0.00295091 -0.0101149 -0.000493994 -0.00212044 -0.000738532 0.000625318 -0.00469149 -0.0106202 -0.0116079 -0.0100417 -0.0137099 -0.0131779 -0.0186831 -0.0205 0.00212323 0
internal_weight=16368 1568 14800 557 1011 507 12807 504 1993 817 540 1176 277 228 412 331 176 144 279 205 4876 263
internal_count=16368 1568 14800 557 1011 507 12807 504 1993 817 540 1176 277 228 412 331 176 144 279 205 4876 263
is_linear=0
shrinkage=0.035


Tree=24
num_leaves=23
num_cat=0
split_feature=9 22 22 9 22 21 9 15 12 14 15 13 12 20 7 9 21 10 7 12 15 12
split_gain=437.247 34.5788 20.7723 13.5635 5.69773 4.57773 4.1477 3.84963 4.78185 3.29883 2.88867 2.72275 2.27572 2.15293 1.81446 1.23513 1.09296 1.17903 1.04291 0.929643 0.861006 1.74027
threshold=0.89642857142857157 34795.000000000007 54348.000000000007 2.0359184871715175 15527.500000000002 2.5000000000000004 6.0576699305884718 0.55777777777777793 0.61376547493725109 0.78174603174603186 1.0000000180025095e-35 0.73214285714285732 0.81652188061227371 12.500000000000002 0.56969271725119408 1.4011821410901339 3.5000000000000004 1.2149857925879115 0.85459183673469397 1.0788981249502503 0.73993558776167478 0.67014369125706297
decision_type=2 2 2 2 2 2 2 2 2 2 2 2 2 2 2 2 2 2 2 2 2 2
left_child=1 4 -3 10 5 7 -5 8 -1 14 -2 12 20 -14 -7 16 17 18 19 -12 21 -6
right_child=3 2 -4 6 11 9 -8 -9 -10 -11 15 -13 13 -15 -16 -17 -18 -19 -20 -21 -22 -23
leaf_value=-0.051669759567868109 -0.098668277589104639 -0.089304802629505478 -0.025390581762135357 0.083548106955936174 -0.066395941232081687 -0.076044603952978906 0.82409479953981057 -0.071507064941273124 -0.075930318623103857 -0.035021352570514523 0.0047045318691770173 -0.089350250664739714 -0.06500242737492945 -0.080079477394982196 -0.068221330605993308 0.014821953235074984 0.022629477016050448 -0.025681279935396574 0.0016659579755412489 -0.029680721702427915 -0.038567788710420395 -0.048947758604730329
leaf_weight=55 59 524 61 4726 119 150 7947 94 100 50 49 79 72 102 73 1237 144 140 341 58 47 115
leaf_count=55 59 524 61 4726 119 150 7947 94 100 50 49 79 72 102 73 1237 144 140 341 58 47 115
internal_value=0.000618126 -0.0164878 -0.0233729 0.00253373 -0.012565 -0.0152951 0.00295891 -0.0112441 -0.0146562 -0.0186583 -0.000115347 -0.00974675 -0.00844565 -0.0117514 -0.0206009 0.000113475 -0.00101153 -0.00169393 -0.000749448 -0.0036875 -0.00616783 -0.00704393
internal_weight=16342 1641 585 14701 1056 522 12673 249 155 273 2028 534 455 174 223 1969 732 588 448 107 281 234
internal_count=16342 1641 585 14701 1056 522 12673 249 155 273 2028 534 455 174 223 1969 732 588 448 107 281 234
is_linear=0
shrinkage=0.035


Tree=25
num_leaves=23
num_cat=0
split_feature=9 22 22 9 22 9 20 21 11 14 14 12 14 12 25 12 8 22 20 9 20 21
split_gain=426.685 32.3815 19.6596 13.7963 4.52937 3.96275 2.7528 2.59896 2.29085 2.20093 2.04388 2.24668 1.67006 1.97658 1.42657 1.94553 1.53414 1.49245 1.41502 1.35393 1.33035 1.69976
threshold=0.89642857142857157 34795.000000000007 54348.000000000007 3.110641021714653 15527.500000000002 1.4011821410901339 25.500000000000004 2.5000000000000004 1.1674721661361123 0.78174603174603186 0.48076923076923084 0.81652188061227371 0.57738095238095244 0.61376547493725109 381.00000000000006 0.99804889358803683 3.3576964605203803 54348.000000000007 11.500000000000002 6.0576699305884718 2.5000000000000004 1.5000000000000002
decision_type=2 2 2 2 2 2 2 2 2 2 2 2 2 2 2 2 2 2 2 2 2 2
left_child=1 4 -3 5 7 8 10 12 -2 -9 -6 -12 13 -1 15 -7 -17 -16 -19 20 21 -5
right_child=3 2 -4 19 6 14 -8 9 -10 -11 11 -13 -14 -15 17 16 -18 18 -20 -21 -22 -23
leaf_value=-0.051594109699705022 -0.0036342342582044926 -0.086179134537472793 -0.018235895006245846 -0.081288655423592232 -0.028107714371711792 -0.069818311678300687 -0.06920355757350484 -0.069171248136516886 -0.029168761955970124 -0.032964763042085739 -0.064072083190371151 -0.076438296384122764 -0.062922155946347424 -0.072731973894672355 0.087504298188106039 0.026084529232862121 -0.040236376516780067 -0.035325096591261602 0.017614061876177606 0.79525148155591718 0.15398442712034624 0.15694162708878273
leaf_weight=56 512 522 56 150 91 60 84 224 217 55 239 103 72 110 1494 2328 64 61 100 7973 1618 113
leaf_count=56 512 522 56 150 91 60 84 224 217 55 239 103 72 110 1494 2328 64 61 100 7973 1618 113
internal_value=0.000606764 -0.0164567 -0.0231552 0.00248537 -0.012602 0.000947841 -0.00997701 -0.0150728 -0.00141144 -0.0176972 -0.0111233 -0.0124366 -0.0116235 -0.013693 0.00137208 0.000821937 0.000988527 0.00217169 -0.000927711 0.0032373 0.00234942 0
internal_weight=16302 1612 578 14690 1034 4836 517 517 729 279 433 342 238 166 4107 2452 2392 1655 161 9854 1881 263
internal_count=16302 1612 578 14690 1034 4836 517 517 729 279 433 342 238 166 4107 2452 2392 1655 161 9854 1881 263
is_linear=0
shrinkage=0.035


Tree=26
num_leaves=23
num_cat=0
split_feature=15 22 22 8 8 22 12 15 8 22 3 8 22 12 10 21 20 15 22 20 21 22
split_gain=392.047 37.2695 18.8284 18.3435 8.00065 6.38832 3.69323 3.76978 3.67907 2.28387 2.22608 1.79767 2.46226 2.08662 1.78523 1.73005 1.3141 1.30314 1.24837 1.16231 1.00916 0.868597
threshold=0.43303571428571436 34795.000000000007 54348.000000000007 1.5012755102040818 6.0000093177456657 5643.5000000000009 0.48171165642947372 0.73993558776167478 0.21467522739749786 54348.000000000007 0.72511993027812494 0.86030787602530523 17834.500000000004 0.95780870491049808 1.5275252316519483 2.5000000000000004 17.500000000000004 0.55777777777777793 5643.5000000000009 22.500000000000004 3.5000000000000004 24335.000000000004
decision_type=2 2 2 2 2 2 2 2 2 2 2 2 2 2 2 2 2 2 2 2 2 2
left_child=3 6 -3 5 9 -1 8 10 -2 19 15 12 -7 -14 -11 -8 20 -12 -17 -5 21 -13
right_child=1 2 -4 4 -6 11 7 -9 -10 14 17 16 13 -15 -16 18 -18 -19 -20 -21 -22 -23
leaf_value=-0.080456337439879982 -0.059875528938286689 -0.08316286482866124 -0.033205975734598714 0.050195669612164623 0.76741769344743538 0.0088161160761034436 -0.042913174685782672 -0.036271108398347213 -0.065815593909878928 0.023698871500115879 -0.067373064412207972 -0.041808709295106383 -0.079700379828135104 -0.02245268299252828 -0.046164125501030037 -0.065191760788215591 0.006990674737141888 -0.05094110660680793 -0.073948478528351569 0.095171570709711925 0.019934998901130496 -0.012410562160075725
leaf_weight=68 68 533 46 4169 7971 48 180 71 74 65 134 165 53 49 47 111 470 175 117 1509 110 239
leaf_count=68 68 533 46 4169 7971 48 180 71 74 65 134 165 53 49 47 111 470 175 117 1509 110 239
internal_value=0.000636615 -0.0163349 -0.0233493 0.00235422 0.00271691 -0.00177755 -0.0118476 -0.0107119 -0.0174524 0.00171829 -0.0114792 -0.00110931 -0.00462903 -0.0076215 -0.0030812 -0.0133644 -0.000534378 -0.00876115 -0.0157275 0.00181867 -0.00176012 -0.00257579
internal_weight=16472 1509 579 14963 13761 1202 930 788 142 5790 717 1134 150 102 112 408 984 309 228 5678 514 404
internal_count=16472 1509 579 14963 13761 1202 930 788 142 5790 717 1134 150 102 112 408 984 309 228 5678 514 404
is_linear=0
shrinkage=0.035


Tree=27
num_leaves=23
num_cat=0
split_feature=9 23 9 15 9 10 15 20 20 9 15 6 21 20 24 9 3 12 10 12 14 25
split_gain=374.667 45.9103 16.2134 7.81789 5.86324 4.88811 3.64337 3.49561 4.43287 2.81821 2.83994 1.85118 1.59684 2.65525 1.46092 1.15849 1.09431 1.06395 1.4386 1.68125 0.928594 0.924181
threshold=0.800572271527216 40250.000000000007 1.8619363398611124 0.59629629629629644 6.0576699305884718 0.48795003647426188 0.71714285714285719 11.500000000000002 25.500000000000004 1.0014611999653302 0.33974358974358981 2.9974617545665088 1.5000000000000002 3.5000000000000004 8120.5000000000009 2.7173254579940811 0.72511993027812494 1.5882338532114133 1.2149857925879115 1.048934952398038 0.83974358974358987 195.50000000000003
decision_type=2 2 2 2 2 2 2 2 2 2 2 2 2 2 2 2 2 2 2 2 2 2
left_child=1 5 9 -3 12 20 7 -7 11 10 -2 -9 13 14 -4 21 -10 18 -11 -20 -1 -15
right_child=2 3 4 -5 -6 6 -8 8 16 17 -12 -13 -14 15 -16 -17 -18 -19 19 -21 -22 -23
leaf_value=-0.063379683840728687 -0.089659750990006448 -0.058451921229603541 -0.10122643952281625 -0.080252164559658098 0.74055806043079986 -0.042272322368676681 -0.019103179362574649 -0.070379296168954122 -0.064193236309939852 0.0050910679235655846 -0.023790658648953706 -0.034645101599911715 0.084356697360397997 0.10095661412203114 0.12623517980912921 0.076838123734708344 -0.00056100321043994295 0.050276359733415606 -0.036222032457693072 -0.012278770079234442 -0.057601396341776245 -0.0094603611905991966
leaf_weight=177 55 46 154 509 7954 264 60 249 62 842 153 74 3720 101 57 719 49 99 47 508 53 418
leaf_count=177 55 46 154 509 7954 264 60 249 62 842 153 74 3720 101 57 719 49 99 47 508 53 418
internal_value=0.000710687 -0.0156731 0.00242159 -0.02375 0.00283882 -0.0110217 -0.00948165 -0.0101913 -0.0122061 -0.000780281 -0.00455164 -0.0143201 0.00191032 0.000900275 -0.00265741 0.00152896 -0.00555172 -0.000230846 -0.000494294 -0.001875 -0.0157128 0.000227099
internal_weight=16370 1543 14827 555 13123 988 758 698 434 1704 208 323 5169 1449 211 1238 111 1496 1397 555 230 519
internal_count=16370 1543 14827 555 13123 988 758 698 434 1704 208 323 5169 1449 211 1238 111 1496 1397 555 230 519
is_linear=0
shrinkage=0.035


Tree=28
num_leaves=23
num_cat=0
split_feature=9 22 22 9 10 9 15 8 4 13 21 2 21 2 9 24 9 11 25 8 7 11
split_gain=373.568 53.2348 16.2559 12.9166 6.73611 3.80331 3.52815 2.46726 1.25418 1.16796 1.15201 1.12568 1.16587 1.09515 1.5194 1.14019 0.959872 1.82921 0.945166 1.23655 0.904129 0.870771
threshold=0.89642857142857157 34795.000000000007 54348.000000000007 3.110641021714653 0.42554995647735644 1.8976505883434529 0.71714285714285719 0.42696347511940796 1.0010887194926981 0.84523809523809534 3.5000000000000004 5.8887296755550986 1.5000000000000002 4.9547980748721674 8.0222733457361439 3345.5000000000005 1.4011821410901339 1.1404549132230841 381.00000000000006 3.3576964605203803 1.5718492978134759 1.3259870882635925
decision_type=2 2 2 2 2 2 2 2 2 2 2 2 2 2 2 2 2 2 2 2 2 2
left_child=1 4 -3 5 9 10 7 -6 -9 -1 16 12 13 -5 15 -15 17 -2 19 -7 -12 -19
right_child=3 2 -4 11 6 18 -8 8 -10 -11 20 -13 -14 14 -16 -17 -18 21 -20 -21 -22 -23
leaf_value=-0.065601192350695475 -0.0083192338476317396 -0.077443338800070066 -0.043654387694615202 0.11469714030965823 -0.088569659086265684 0.032833686042151707 -0.0053307426949752807 -0.048855982760251021 -0.055937267392119294 -0.056010452471088344 0.042125908620795127 0.70285604754228026 0.2018865832044025 -0.10312948216447822 0.59196641642564363 0.0023152913065618472 0.0037130558331298891 -0.043542782857764556 0.079408776683285942 -0.042910428698633846 -0.0051560801208257604 -0.010129934495307094
leaf_weight=69 400 529 57 420 137 1677 60 506 133 132 238 7383 1550 58 169 243 644 109 1443 52 175 107
leaf_count=69 400 529 57 420 137 1677 60 506 133 132 238 7383 1550 58 169 243 644 109 1443 52 175 107
internal_value=0.000722938 -0.0151824 -0.0236235 0.00248862 -0.0103052 0.00100309 -0.00877705 -0.00940653 -0.00829348 -0.0162087 -0.000337902 0.00321866 0.00252658 0.00146648 0.000257895 -0.00118954 -0.000871541 -0.00185427 0.0017153 0.00113841 0.00123923 -0.00441855
internal_weight=16291 1623 586 14668 1037 4845 836 776 639 201 1673 9823 2440 890 470 301 1260 616 3172 1729 413 216
internal_count=16291 1623 586 14668 1037 4845 836 776 639 201 1673 9823 2440 890 470 301 1260 616 3172 1729 413 216
is_linear=0
shrinkage=0.035


Tree=29
num_leaves=23
num_cat=0
split_feature=9 22 22 9 10 15 9 9 11 20 21 12 20 7 12 25 11 12 10 10 8 21
split_gain=355.553 48.0447 20.8379 14.0719 5.78067 3.48425 3.17059 2.74837 2.60935 2.52361 5.74603 2.36753 1.731 3.32044 1.60275 2.72576 1.18591 1.17622 1.09401 1.58052 1.49981 1.05542
threshold=0.89642857142857157 34795.000000000007 54348.000000000007 2.4444909400534773 0.42554995647735644 0.71714285714285719 6.0576699305884718 1.4011821410901339 1.1884290189713831 11.500000000000002 1.5000000000000002 0.61376547493725109 8.5000000000000018 0.15043001975395084 0.99804889358803683 381.00000000000006 1.3259870882635925 1.3067792306552619 1.0654355355887684 0.75592894601845484 0.50378643844840409 1.5000000000000002
decision_type=2 2 2 2 2 2 2 2 2 2 2 2 2 2 2 2 2 2 2 2 2 2
left_child=1 4 -3 7 12 9 -5 8 -2 -6 -11 -12 -1 -14 15 -9 -10 -18 19 20 -13 -16
right_child=3 2 -4 6 5 -7 -8 14 16 10 11 18 13 -15 21 -17 17 -19 -20 -21 -22 -23
leaf_value=-0.057216549114060412 -0.0035736515255449983 -0.074732821942067609 -0.021276553857188091 0.083051761546909061 -0.0523432058994346 -0.0051441667006511503 0.70367667634711051 -0.093696234207582191 -0.049718005948335364 -0.029401727121081276 -0.058005562268044 -0.084879842107282388 -0.053624981633325991 -0.063535713068749097 -0.0058967189004821164 0.022290675821848266 0.007600487858331539 -0.038505676847047116 -0.034568177550459413 -0.078828170321170635 -0.063581493031272446 0.033369677802251183
leaf_weight=54 534 520 63 3634 303 60 7890 49 96 124 47 58 106 48 535 49 64 52 50 140 63 1739
leaf_count=54 534 520 63 3634 303 60 7890 49 96 124 47 58 106 48 535 49 64 52 50 140 63 1739
internal_value=0.000712123 -0.0147358 -0.0228095 0.00244381 -0.0101626 -0.00872941 0.0030082 0.000350785 -0.00148668 -0.0093481 -0.0110175 -0.0132769 -0.015561 -0.0125692 0.000937947 -0.00329612 -0.00472581 -0.00199587 -0.0116741 -0.0126842 -0.00872222 0.00113493
internal_weight=16278 1636 583 14642 1053 845 11524 3118 746 785 482 358 208 154 2372 98 212 116 311 261 121 2274
internal_count=16278 1636 583 14642 1053 845 11524 3118 746 785 482 358 208 154 2372 98 212 116 311 261 121 2274
is_linear=0
shrinkage=0.035


Tree=30
num_leaves=23
num_cat=0
split_feature=9 22 9 10 15 9 15 8 8 25 12 22 8 14 11 12 10 12 12 15 14 12
split_gain=335.005 62.1966 15.0431 8.096 5.7958 4.38521 2.02354 3.31518 1.8681 1.55772 1.856 1.83744 1.80545 1.6573 1.36979 1.7156 0.908309 0.882095 1.41482 0.881249 1.46794 0.824229
threshold=0.800572271527216 34795.000000000007 3.110641021714653 0.42554995647735644 0.61721611721611735 1.4011821410901339 0.71714285714285719 0.42696347511940796 6.2169130934036625 381.00000000000006 0.99804889358803683 54348.000000000007 3.3576964605203803 0.13392857142857145 1.1404549132230841 0.81652188061227371 0.53452248382485024 2.3960670769776704 2.5065704709548395 0.63961038961038974 0.83974358974358987 2.5054540252438939
decision_type=2 2 2 2 2 2 2 2 2 2 2 2 2 2 2 2 2 2 2 2 2 2
left_child=1 3 5 19 -3 14 7 16 17 10 -7 -11 -12 -13 15 -2 -5 -4 21 -1 -21 -19
right_child=2 4 8 6 -6 9 -8 -9 -10 11 12 13 -14 -15 -16 -17 -18 18 -20 20 -22 -23
leaf_value=-0.034807912500465686 -0.060788888658199577 -0.042060149344964791 0.13055229394499229 -0.050526461208962245 -0.072117173174095245 -0.064567550421980549 -0.027949934952970563 -0.056453596711673493 0.6999456993611034 0.074046196069425793 0.021387363589171073 -0.058780624240863201 -0.050884750427721059 0.013010214816342253 -0.025139367234871923 0.0022944709150752936 -0.084487794485323217 0.17206173024743393 0.12881746004589545 -0.058698274046077595 -0.050590169188415558 -0.077505002830432712
leaf_weight=55 53 47 1111 71 516 60 63 610 7692 1517 2361 47 63 113 280 491 59 145 648 105 46 148
leaf_count=55 53 47 1111 71 516 60 63 610 7692 1517 2361 47 63 113 280 491 59 145 648 105 46 148
internal_value=0.000720348 -0.0146103 0.00236216 -0.00930572 -0.0239208 0.000792585 -0.00758911 -0.00810403 0.00316253 0.00125684 0.000687626 0.00208502 0.000848703 -0.00137879 -0.00152413 -0.000452641 -0.0133519 0.00218984 0.00135412 -0.0155758 -0.0173654 -0.000610738
internal_weight=16301 1572 14729 1009 563 4985 803 740 9744 4161 2484 1677 2424 160 824 544 130 2052 941 206 151 293
internal_count=16301 1572 14729 1009 563 4985 803 740 9744 4161 2484 1677 2424 160 824 544 130 2052 941 206 151 293
is_linear=0
shrinkage=0.035


Tree=31
num_leaves=23
num_cat=0
split_feature=8 8 8 21 8 12 10 20 21 22 5 22 8 10 12 11 12 14 12 10 8 24
split_gain=222.326 18.0719 15.54 8.41974 6.75054 3.28022 3.15132 3.04782 4.13498 2.56921 2.45771 2.28332 2.12412 2.00709 1.8131 1.55594 1.51742 2.53183 1.28153 1.74637 0.939451 1.18537
threshold=0.72077922077922085 0.42696347511940796 5.6641639042627494 3.5000000000000004 1.5012755102040818 0.81652188061227371 0.75592894601845484 19.500000000000004 2.5000000000000004 34795.000000000007 4.9547980748721674 54348.000000000007 1.0027227233636931 1.5275252316519483 1.1683812359302161 1.2066664642907552 0.46353166270361285 0.78174603174603186 0.81652188061227371 1.2149857925879115 5.6470832654320153 6315.0000000000009
decision_type=2 2 2 2 2 2 2 2 2 2 2 2 2 2 2 2 2 2 2 2 2 2
left_child=1 7 4 6 10 -5 -3 -1 9 -9 14 20 -12 -13 15 18 -10 -18 -2 -20 -6 -22
right_child=2 3 -4 5 11 -7 -8 8 16 -11 12 13 -14 -15 -16 -17 17 -19 19 -21 21 -23
leaf_value=-0.069593072113001905 -0.049866881731586564 -0.029899072344764216 0.63098584042484507 -0.071439553429520672 0.051976141899448228 -0.060708205314286945 -0.063725247281665301 -0.014087983154515515 -0.069593072113001905 -0.069593072113001905 -0.071157168619894004 0.019951357310518114 -0.025640954413224781 -0.040794327350046365 0.0093153196450820666 -0.049621146596759778 -0.053130476202845375 -0.053795037948440885 0.0043248906268615059 -0.021197339077732271 -0.15843036216110287 0.3750186652832056
leaf_weight=522 77 270 8106 89 5362 47 248 52 79 95 66 68 125 49 349 78 46 71 398 91 83 49
leaf_count=522 77 270 8106 89 5362 47 248 52 79 95 66 68 125 49 349 78 46 71 398 91 83 49
internal_value=0.00102816 -0.0117034 0.00233067 -0.00717527 0.00109118 -0.0148688 -0.00499904 -0.015046 -0.0118879 -0.00686184 -0.00129815 0.00159918 -0.00489286 -0.00309836 -0.000568136 -0.0016772 -0.015306 -0.011418 -0.000974606 -0.000255061 0.00170513 -0.00109854
internal_weight=16420 1519 14901 654 6795 136 518 865 343 147 1184 5611 191 117 993 644 196 117 566 489 5494 132
internal_count=16420 1519 14901 654 6795 136 518 865 343 147 1184 5611 191 117 993 644 196 117 566 489 5494 132
is_linear=0
shrinkage=0.035


Tree=32
num_leaves=23
num_cat=0
split_feature=9 8 9 15 21 9 9 12 12 12 15 11 6 9 11 25 21 8 12 9 9 11
split_gain=216.581 23.3886 12.9204 6.13077 7.18158 2.70226 1.92028 1.87951 1.45767 1.44073 1.39613 1.37528 1.41008 1.15786 1.14841 1.41096 1.06657 1.04328 0.920893 0.887596 0.885139 0.804918
threshold=0.89642857142857157 0.42696347511940796 3.110641021714653 0.67261904761904778 3.5000000000000004 2.0719489168320893 7.0717367670185665 0.48171165642947372 0.65054217272638115 0.58079340114900446 0.069047619047619066 0.51407864987930629 1.0000000180025095e-35 0.74456521739130443 0.64642795093555827 277.00000000000006 1.5000000000000002 3.4291250319489515 0.77111377118713198 1.4011821410901339 0.64691232819565181 2.4048769312799494
decision_type=2 2 2 2 2 2 2 2 2 2 2 2 2 2 2 2 2 2 2 2 2 2
left_child=1 7 5 11 -5 10 16 -1 9 -9 -2 -3 18 14 -14 -16 21 -7 -13 -12 -20 -4
right_child=2 3 6 4 -6 17 -8 8 -10 -11 19 12 13 -15 15 -17 -18 -19 20 -21 -22 -23
leaf_value=-0.067157314589046849 -0.079012005262551116 -0.0076254288821192015 0.095883806543837852 -0.0755256560341106 -0.076304953641857035 0.051921940292183402 0.75882727908708503 -0.035047478285335082 -0.073728864956264489 -0.042083653688812624 -0.0087307625526104864 -0.052564368205617495 -0.026694234833789906 -0.051934102407757768 -0.042020981933471244 -0.061753110838938856 0.17384555146886568 -0.043099559829087253 0.0038447873433646363 0.009496490838166418 -0.046242899871750683 0.026998572813097747
leaf_weight=466 91 58 352 62 47 2715 7167 144 126 94 729 111 75 77 89 96 1864 74 81 1249 86 443
leaf_count=466 91 58 352 62 47 2715 7167 144 126 94 729 111 75 77 89 96 1864 74 81 1249 86 443
internal_value=0.00106733 -0.0110887 0.00240632 -0.00663977 -0.014307 0.000923401 0.00313686 -0.0151946 -0.0126247 -0.0103272 -2.70008e-05 -0.00527581 -0.00575806 -0.00734795 -0.00587736 -0.00736842 0.00230443 0.0016335 -0.00367314 0.000164145 -0.0017907 0.00118125
internal_weight=16296 1612 14684 782 109 4858 9826 830 364 238 2069 673 615 337 260 185 2659 2789 278 1978 167 795
internal_count=16296 1612 14684 782 109 4858 9826 830 364 238 2069 673 615 337 260 185 2659 2789 278 1978 167 795
is_linear=0
shrinkage=0.035


Tree=33
num_leaves=23
num_cat=0
split_feature=9 9 7 23 21 11 9 4 21 20 20 20 11 20 11 25 11 12 25 23 23 24
split_gain=210.836 19.6366 12.8748 5.90212 3.83062 6.81555 3.81412 3.76525 5.58444 1.45672 1.39651 1.71896 1.60491 1.34839 1.22765 1.0948 0.995651 1.23073 0.978158 1.52095 4.16865 1.22503
threshold=0.89642857142857157 0.3956951516321271 5.4340659340659352 40250.000000000007 2.5000000000000004 0.63452932983050014 1.8976505883434529 1.0010887194926981 2.5000000000000004 5.5000000000000009 8.5000000000000018 23.500000000000004 0.85495059825689546 21.500000000000004 0.81724205485487367 277.00000000000006 0.64642795093555827 0.77111377118713198 299.00000000000006 19200.000000000004 33050.000000000007 1706.5000000000002
decision_type=2 2 2 2 2 2 2 2 2 2 2 2 2 2 2 2 2 2 2 2 2 2
left_child=1 3 6 7 9 -6 -2 8 -1 -3 14 12 -12 18 -7 -11 -17 -18 19 -8 -21 -20
right_child=2 4 -4 -5 5 10 13 -9 -10 15 11 -13 -14 -15 -16 16 17 -19 21 20 -22 -23
leaf_value=0.01727423868572471 -0.0046198815689645475 0.0019818340127735305 0.59226832431903698 -0.0648068085784302 -0.06346923297710852 0.0060779250310369435 0.12220705426254837 -0.079705164087511826 -0.049999953695358701 -0.031305543436476083 -0.064835497474424145 -0.0243665930268099 -0.041458030787729881 0.086858818156621984 -0.034170151732677519 -0.036301731239250519 -0.060132064508600605 -0.027096533032950273 -0.01633941537700951 -0.14448739168764949 0.009829307721507469 0.067818146330288737
leaf_weight=57 1665 59 8039 512 68 51 368 57 182 169 93 56 51 1510 49 93 67 64 241 48 905 1940
leaf_count=57 1665 59 8039 512 68 51 368 57 182 169 93 56 51 1510 49 93 67 64 241 48 905 1940
internal_value=0.00107019 -0.0108601 0.00239444 -0.0147534 -0.00693636 -0.00963673 0.00125292 -0.0103372 -0.00797541 -0.00461816 -0.00705738 -0.00879268 -0.0108289 0.001735 -0.00316667 -0.00538191 -0.00704585 -0.00911029 0.00134431 0.000570136 -0.000153445 0.00180284
internal_weight=16344 1628 14716 808 820 368 6677 296 239 452 300 200 144 5012 100 393 224 131 3502 1321 953 2181
internal_count=16344 1628 14716 808 820 368 6677 296 239 452 300 200 144 5012 100 393 224 131 3502 1321 953 2181
is_linear=0
shrinkage=0.035


Tree=34
num_leaves=23
num_cat=0
split_feature=9 9 9 8 22 4 21 22 4 11 20 20 25 20 11 20 24 22 8 11 21 25
split_gain=205.053 24.3265 12.7214 5.33571 5.18068 4.44775 5.22509 3.52742 2.6304 2.33675 1.94774 1.72044 1.79966 1.52833 1.33794 1.45691 1.2902 1.64979 0.948844 2.94323 1.61722 1.59259
threshold=0.96796171728274449 0.3956951516321271 6.0576699305884718 0.42696347511940796 34795.000000000007 1.0010887194926981 2.5000000000000004 54348.000000000007 4.8493515340940085 0.5793536691826412 7.5000000000000009 22.500000000000004 381.00000000000006 13.500000000000002 1.0509022810878306 26.500000000000004 9349.5000000000018 5643.5000000000009 3.2861431116147957 2.4641586606218087 3.5000000000000004 180.50000000000003
decision_type=2 2 2 2 2 2 2 2 2 2 2 2 2 2 2 2 2 2 2 2 2 2
left_child=1 4 7 -3 5 6 -1 11 -9 -5 -11 12 16 -8 15 -12 17 -2 20 21 -19 -20
right_child=2 3 -4 9 -6 -7 13 8 -10 10 14 -13 -14 -15 -16 -17 -18 18 19 -21 -22 -23
leaf_value=0.015362859801210198 0.091127598141190036 -0.054120382599286677 0.58000582559502711 0.0020450809181973661 -0.062538570278185143 -0.076676985706996673 -0.028541126702093016 -0.0052289126446219848 -0.053683783494365409 -0.026393597026096116 -0.054560878502088919 0.075051561981609963 0.067402720952042514 -0.054676492602488705 -0.013369116930410697 -0.055347524990301003 0.12166066113485553 -0.0093877273586285646 -0.014002596634750437 0.15112096843581077 0.025319066695589091 -0.14803507745455272
leaf_weight=59 383 113 8048 81 521 62 70 369 56 165 386 1617 1753 102 59 68 469 1310 55 80 503 75
leaf_count=59 383 113 8048 81 521 62 70 369 56 165 386 1617 1753 102 59 68 469 1310 55 80 503 75
internal_value=0.00107054 -0.010471 0.00239696 -0.00631756 -0.0148333 -0.010594 -0.00791949 0.00126105 -0.0017907 -0.00515838 -0.0058265 0.0014728 0.00112033 -0.010935 -0.00690541 -0.00755664 0.000571181 0.000233721 -0.000158777 -0.00236046 9.24094e-05 -0.00557407
internal_weight=16404 1686 14718 872 814 293 231 6670 425 759 678 6245 4628 172 513 454 2875 2406 2023 210 1813 130
internal_count=16404 1686 14718 872 814 293 231 6670 425 759 678 6245 4628 172 513 454 2875 2406 2023 210 1813 130
is_linear=0
shrinkage=0.035


Tree=35
num_leaves=23
num_cat=0
split_feature=8 9 8 21 9 9 15 12 20 22 4 12 22 4 21 12 20 12 12 24 12 11
split_gain=208.769 19.729 13.2363 7.18139 4.79743 4.65194 2.98527 2.70257 1.44916 1.32922 1.69131 1.29814 1.20498 1.39345 7.48636 1.33858 1.19396 1.36793 0.992182 0.982001 1.05355 2.65677
threshold=0.64512287944562419 2.3928766644799593 0.42696347511940796 3.5000000000000004 7.0717367670185665 0.96796171728274449 0.67261904761904778 0.61376547493725109 21.500000000000004 54348.000000000007 4.8493515340940085 3.5116709012505347 34795.000000000007 1.9999246801866812 2.5000000000000004 0.36714701646782166 5.5000000000000009 0.91142077587019643 1.2320134215226151 9349.5000000000018 2.4850025229458326 2.4345786037449493
decision_type=2 2 2 2 2 2 2 2 2 2 2 2 2 2 2 2 2 2 2 2 2 2
left_child=2 5 12 7 8 16 -5 -4 11 18 -11 19 13 14 -1 -14 -2 -18 -7 20 -3 -22
right_child=1 4 3 6 -6 9 -8 -9 -10 10 -12 -13 15 -15 -16 -17 17 -19 -20 -21 21 -23
leaf_value=0.010859558642017741 0.0060586413625615702 0.052750419000542323 0.002780523246557151 -0.033791504019784396 0.69246087360967312 -0.0054991905200983881 -0.069177192004410498 -0.054464547052027863 0.13725786775469703 -0.0056242810895926441 -0.053420571810867692 -0.068477160792482838 -0.060349720318448666 -0.073918996825254643 -0.047681076466349039 -0.060349720318448666 -0.045832360790434234 -0.011910933203627613 0.02175552654005591 0.21193314316349721 -0.073805590462262483 0.09854170487165749
leaf_weight=61 53 1856 66 75 7269 891 47 345 1316 367 50 80 107 65 220 384 202 89 1637 660 214 367
leaf_count=61 53 1856 66 75 7269 891 47 345 1316 367 50 80 107 65 220 384 202 89 1637 660 214 367
internal_value=0.00100061 0.00219354 -0.0120527 -0.00755948 0.00286347 -0.000197632 -0.0149646 -0.00516587 0.00195153 0.000249153 -0.00155924 0.00153111 -0.0148314 -0.0124544 -0.0108182 -0.0163286 -0.00402149 -0.00489527 0.00055685 0.00164958 0.00130713 0
internal_weight=16421 15051 1370 533 11762 3289 122 411 4493 2945 417 3177 837 346 281 491 344 291 2528 3097 2437 581
internal_count=16421 15051 1370 533 11762 3289 122 411 4493 2945 417 3177 837 346 281 491 344 291 2528 3097 2437 581
is_linear=0
shrinkage=0.035


Tree=36
num_leaves=23
num_cat=0
split_feature=9 8 9 15 9 21 21 20 20 25 23 12 21 12 24 11 4 9 11 25 25 7
split_gain=199.638 20.6252 13.9022 5.57017 4.93044 4.28021 2.02018 2.36868 1.57073 1.55264 1.51366 1.43265 1.40469 3.33875 1.38257 1.61116 1.38149 1.34532 1.19748 1.57662 1.06907 1.09024
threshold=0.800572271527216 0.42696347511940796 6.2397892490499585 0.67261904761904778 1.4011821410901339 3.5000000000000004 1.5000000000000002 7.5000000000000009 7.5000000000000009 277.00000000000006 40250.000000000007 0.83187999366322607 1.5000000000000002 0.7425107699880612 9349.5000000000018 2.2695813069445605 0.97998062472434233 2.7173254579940811 1.1203483061798485 195.50000000000003 195.50000000000003 2.8521287259842141
decision_type=2 2 2 2 2 2 2 2 2 2 2 2 2 2 2 2 2 2 2 2 2 2
left_child=1 10 4 8 18 -5 7 14 -3 11 16 -10 -11 -14 15 -6 -1 20 19 -2 -9 -22
right_child=2 3 -4 5 6 -7 -8 17 9 12 -12 -13 13 -15 -16 -17 -18 -19 -20 -21 21 -23
leaf_value=-0.044392161944687869 -0.050934304519650087 -0.024297953364862061 0.56200259849570622 -0.067568208989035594 0.0041312667584188258 -0.066755990284256134 0.056029650296165925 0.063339882319678215 -0.024183440854680438 -0.031189228833132368 -0.058237480107302966 -0.055839265992892788 -0.050784559893945931 -0.020488791941507704 0.28717720271031077 -0.098154480541232131 -0.071208007951614541 0.061603663750826709 -0.022672751612797987 0.0049239749931192234 -0.00438681209814907 -0.092852255482948606
leaf_weight=237 51 151 7695 59 156 45 4490 104 159 88 491 77 62 76 58 213 110 635 295 458 442 51
leaf_count=237 51 151 7695 59 156 45 4490 104 159 88 491 77 62 76 58 213 110 635 295 458 442 51
internal_value=0.00104257 -0.010859 0.00231048 -0.0063892 0.00117103 -0.0138394 0.00150942 0.00045012 -0.00499515 -0.0060182 -0.014602 -0.00376141 -0.00816667 -0.010451 -0.0017662 -0.00258289 -0.0121108 0.00123646 -0.00138875 -0.000313229 1.1628e-05 -0.000646586
internal_weight=16203 1555 14648 717 6953 104 6149 1659 613 462 838 236 226 138 427 369 347 1232 804 509 597 493
internal_count=16203 1555 14648 717 6953 104 6149 1659 613 462 838 236 226 138 427 369 347 1232 804 509 597 493
is_linear=0
shrinkage=0.035


Tree=37
num_leaves=23
num_cat=0
split_feature=8 22 9 9 10 9 15 8 9 15 8 20 8 21 9 15 20 20 11 20 21 21
split_gain=192.079 20.6727 18.7577 4.99327 4.6959 2.56528 2.32038 2.71625 1.87033 1.63875 1.3783 1.19004 2.49876 1.16369 2.13737 1.142 1.30073 2.92081 1.13835 1.04676 2.77622 0.967395
threshold=0.64512287944562419 34795.000000000007 3.110641021714653 1.5388931825379748 0.42554995647735644 7.2158385093167707 0.71714285714285719 0.42696347511940796 0.89642857142857157 0.64495798319327746 3.5008585782075321 11.500000000000002 0.21467522739749786 3.5000000000000004 0.46448047084160615 0.21240601503759401 19.500000000000004 9.5000000000000018 0.49724515809884717 3.5000000000000004 1.5000000000000002 1.5000000000000002
decision_type=2 2 2 2 2 2 2 2 2 2 2 2 2 2 2 2 2 2 2 2 2 2
left_child=1 4 3 8 11 19 7 18 -2 -3 21 -1 -13 14 -9 16 17 -10 -6 20 -4 -5
right_child=2 9 5 10 6 -7 -8 13 15 -11 -12 12 -14 -15 -16 -17 -18 -19 -20 -21 -22 -23
leaf_value=-0.044050569670555199 -0.036682391564052376 -0.035949990633275891 -0.083157631267529911 0.0018033671149770161 -0.037472978598064824 0.68233250754835639 0.010399365099093373 0.0031096930397940033 -0.012735734856464301 -0.056199168303547362 -0.055979736790131115 -0.010159845151442599 -0.049547092383763383 -0.050816954354224321 -0.048174672783228768 -0.0023969484706376529 0.034105499396304105 -0.068629814742838871 -0.069934064503073212 0.11874802610424441 0.16206220335772276 0.039385357258062241
leaf_weight=68 274 46 189 890 56 7037 63 84 75 510 54 48 83 76 261 825 52 49 72 2312 244 2899
leaf_count=68 274 46 189 890 56 7037 63 84 75 510 54 48 83 76 261 825 52 49 72 2312 244 2899
internal_value=0.000979105 -0.011551 0.00213334 0.000411966 -0.00786642 0.00303152 -0.00620016 -0.00692419 -0.00147656 -0.0167763 0.00104418 -0.0126275 -0.009625 -0.00537324 -0.0043 -0.000744533 -0.00326796 -0.00518217 -0.0115 0.0021 0.00046347 0.00112915
internal_weight=16267 1367 14900 5118 811 9782 612 549 1275 556 3843 199 131 421 345 1001 176 124 128 2745 433 3789
internal_count=16267 1367 14900 5118 811 9782 612 549 1275 556 3843 199 131 421 345 1001 176 124 128 2745 433 3789
is_linear=0
shrinkage=0.035


Tree=38
num_leaves=23
num_cat=0
split_feature=9 9 9 22 8 11 9 9 6 22 20 21 20 12 21 21 9 21 20 20 12 20
split_gain=192.804 24.9533 14.5847 9.2969 2.83906 2.55635 2.28414 2.27406 1.83646 1.1805 1.14415 1.07068 1.50965 1.07244 1.06039 1.0483 0.98746 0.969133 2.44778 2.22247 0.934898 0.930476
threshold=0.89642857142857157 0.3956951516321271 3.2144105894105901 34795.000000000007 0.42696347511940796 0.5793536691826412 7.2158385093167707 1.8976505883434529 0.75706122236642648 15527.500000000002 21.500000000000004 1.5000000000000002 3.5000000000000004 3.5427433086099263 3.5000000000000004 1.5000000000000002 0.53708791208791218 3.5000000000000004 13.500000000000002 11.500000000000002 1.4006328871416598 7.5000000000000009
decision_type=2 2 2 2 2 2 2 2 2 2 2 2 2 2 2 2 2 2 2 2 2 2
left_child=1 3 7 17 -3 -6 10 14 -7 16 11 12 -4 -13 -2 20 -10 19 -19 -1 -9 -22
right_child=2 4 6 -5 5 8 -8 15 9 -11 -12 13 -14 -15 -16 -17 -18 18 -20 -21 21 -23
leaf_value=-0.067613870310864688 -0.01020375814277078 -0.046815103558307938 -0.065400957399705695 -0.054232197412923198 0.0046532329521372512 -0.025026561322372378 0.65818144795141831 0.041109639041960397 -0.026669227537470037 -0.046978197412195458 0.20563527673931992 0.15801384597245249 0.054085645547657747 -0.056208419196314356 0.017483288742504807 0.045769541419127556 -0.054329164073718725 -0.033840490358340206 -0.04524751822761839 -0.040335813562563688 -0.051964920468913885 0.00016860385515764153
leaf_weight=59 1287 114 195 520 80 264 7094 216 48 215 730 1233 387 46 417 2548 77 54 52 130 79 516
leaf_count=59 1287 114 195 520 80 264 7094 216 48 215 730 1233 387 46 417 2548 77 54 52 130 79 516
internal_value=0.000972199 -0.0104957 0.00223077 -0.014811 -0.00600187 -0.00503411 0.00302683 0.000703039 -0.00581034 -0.00755797 0.00211133 0.00162433 0.000339864 0.00219159 -0.000329725 0.00123187 -0.0105 -0.00945 -0.0125811 -0.00732474 0.00011152 -0.000583333
internal_weight=16361 1613 14748 815 798 684 9685 5063 604 340 2591 1861 582 1279 1704 3359 125 295 106 189 811 595
internal_count=16361 1613 14748 815 798 684 9685 5063 604 340 2591 1861 582 1279 1704 3359 125 295 106 189 811 595
is_linear=0
shrinkage=0.035


Tree=39
num_leaves=23
num_cat=0
split_feature=9 9 9 22 9 22 22 21 20 22 12 25 20 21 24 25 21 22 12 9 2 2
split_gain=172.769 23.0485 14.4827 10.7942 4.06371 2.84535 1.84129 1.78651 1.70231 1.70187 2.30531 1.55121 1.35314 1.4853 1.39696 1.43172 1.19959 1.1825 1.15692 4.66237 1.06958 1.57788
threshold=0.96796171728274449 0.3956951516321271 5.8537154419604276 34795.000000000007 1.8976505883434529 5643.5000000000009 17834.500000000004 2.5000000000000004 21.500000000000004 54348.000000000007 0.83187999366322607 381.00000000000006 11.500000000000002 1.5000000000000002 6315.0000000000009 180.50000000000003 3.5000000000000004 33201.500000000007 0.48171165642947372 0.32393328502805191 1.5402121765051315 2.5684401251082845
decision_type=2 2 2 2 2 2 2 2 2 2 2 2 2 2 2 2 2 2 2 2 2 2
left_child=1 3 4 18 -2 7 -7 -3 11 10 -8 12 13 14 15 -6 17 -14 -1 -20 -18 -22
right_child=2 5 -4 -5 8 6 9 -9 -10 -11 -12 -13 16 -15 -16 -17 20 -19 19 -21 21 -23
leaf_value=-0.032871019355004881 -0.0050804578061050404 -0.045466177473415977 0.48226656116784772 -0.052334070503470893 0.010128258856453101 0.044869408698891389 -0.032784139356519769 -0.040989818859691669 0.076880403934019306 -0.0071123242326615963 -0.079887670537695202 0.053783027117683582 -0.026042323118432135 0.079056065441378415 0.11364356858112731 -0.1098620760397294 0.02047335468513849 0.065469510661380292 0.021855937303589989 -0.046755981284068361 -0.087299834094086648 -0.03806413207684383
leaf_weight=132 1638 215 8011 499 99 49 254 133 1448 93 128 1623 359 742 119 90 48 264 71 99 51 131
leaf_count=132 1638 215 8011 499 99 49 254 133 1448 93 128 1623 359 742 119 90 48 264 71 99 51 131
internal_value=0.0010158 -0.00961979 0.00223667 -0.0139132 0.00101927 -0.0055992 -0.00384405 -0.00810057 0.00151767 -0.00452083 -0.00554393 0.00109133 0.000399895 0.00124408 -0.000749201 -0.00263402 -0.000620046 0.000156051 -0.00835668 -0.0059 -0.00275532 -0.00398663
internal_weight=16296 1673 14623 801 6612 872 524 348 4974 475 382 3526 1903 1050 308 189 853 623 302 170 230 182
internal_count=16296 1673 14623 801 6612 872 524 348 4974 475 382 3526 1903 1050 308 189 853 623 302 170 230 182
is_linear=0
shrinkage=0.035


Tree=40
num_leaves=23
num_cat=0
split_feature=8 22 8 9 4 21 1 7 22 8 21 25 21 21 12 25 11 21 12 24 10 10
split_gain=175.988 21.6146 18.765 4.54739 2.40493 4.35871 1.92156 1.66859 1.62005 1.58611 1.55833 1.41107 1.49848 1.31407 2.01912 1.14057 1.13573 1.82983 1.10285 0.984156 1.6392 0.924777
threshold=0.64512287944562419 34795.000000000007 4.144865848437278 1.7201161577513366 1.9999246801866812 1.5000000000000002 5.0127769206881263 0.57806881758180284 5643.5000000000009 0.21467522739749786 1.5000000000000002 171.00000000000003 2.5000000000000004 2.5000000000000004 0.36714701646782166 277.00000000000006 0.74279255797669197 2.5000000000000004 0.41835467765518408 12965.500000000002 2.2146697055682818 1.2149857925879115
decision_type=2 2 2 2 2 2 2 2 2 2 2 2 2 2 2 2 2 2 2 2 2 2
left_child=1 4 3 8 5 -1 15 9 -2 -7 -5 12 -12 14 -3 -4 17 -11 -16 20 -17 -10
right_child=2 13 6 10 -6 7 -8 -9 21 16 11 -13 -14 -15 18 19 -18 -19 -20 -21 -22 -23
leaf_value=-0.0051244447570447235 -0.051548485788685976 -0.015502378035849404 0.23616256000317595 0.0018782690299016277 -0.044528435331121136 -0.0056796388958917825 0.51991600234707258 -0.030108519667822884 -0.0010756324387826545 -0.047381856866253853 -0.070882351592483864 0.04879667545847962 0.039316647266372608 -0.050502378035849407 -0.050502378035849407 0.16992731116464196 -0.046076840370682152 -0.045835551804903396 -0.049933801720921156 0.5835351894649895 -0.056430020493138729 -0.01526084224568241
leaf_weight=129 88 48 780 1121 134 62 7356 108 1017 57 101 3131 235 276 80 163 127 206 139 134 302 510
leaf_count=129 88 48 780 1121 134 62 7356 108 1017 57 101 3131 235 276 80 163 127 206 139 134 302 510
internal_value=0.000948342 -0.0110514 0.00205016 0.000573937 -0.00736353 -0.00638473 0.00309554 -0.00771239 -0.00101543 -0.00867724 0.00113771 0.00150403 -0.000605572 -0.0164909 -0.0137426 0.00185621 -0.00952532 -0.0109963 -0.01525 0.000660596 -7.4468e-05 -0.000726501
internal_weight=16304 1366 14938 6203 823 689 8735 560 1615 452 4588 3467 336 543 267 1379 390 263 219 599 465 1527
internal_count=16304 1366 14938 6203 823 689 8735 560 1615 452 4588 3467 336 543 267 1379 390 263 219 599 465 1527
is_linear=0
shrinkage=0.035


Tree=41
num_leaves=23
num_cat=0
split_feature=8 22 9 9 4 21 15 11 20 20 20 21 21 12 12 22 22 7 24 21 9 10
split_gain=178.565 24.6366 18.7627 5.71636 2.57632 4.21031 2.8811 2.00902 2.31963 2.00211 1.86143 3.99893 1.81878 1.76113 1.70474 1.59534 1.55288 2.38651 1.42127 2.90933 1.43865 1.36859
threshold=0.64512287944562419 34795.000000000007 7.0717367670185665 1.4011821410901339 1.0010887194926981 1.5000000000000002 0.73993558776167478 0.63452932983050014 8.5000000000000018 21.500000000000004 11.500000000000002 1.5000000000000002 3.5000000000000004 0.36714701646782166 0.54899847081191699 5643.5000000000009 52360.000000000007 5.8587960226890932 4163.5000000000009 1.5000000000000002 1.1786103114104538 0.75592894601845606
decision_type=2 2 2 2 2 2 2 2 2 2 2 2 2 2 2 2 2 2 2 2 2 2
left_child=1 4 3 15 5 -1 7 -7 -9 10 11 16 13 -3 -15 -2 17 -5 20 -20 -17 -10
right_child=2 12 -4 9 -6 6 -8 8 21 -11 -12 -13 -14 14 -16 18 -18 -19 19 -21 -22 -23
leaf_value=-0.0040849779078439858 -0.050616396230573457 -0.028469791986189048 0.57526949986487841 0.0076872748427168269 -0.042577605244439168 -0.03763523884528186 -0.0059531614365445212 -0.01658401456916174 -0.046344400915028949 0.065200721283417112 0.0018123303640735151 0.074904720124784621 -0.04873479480459468 -0.04873479480459468 -0.048294886738773968 0.040645906335999273 -0.062942364752149607 -0.35182095137600783 -0.036771649337459328 -0.01094239409577865 -0.016887848705551923 -0.063268763043837925
leaf_weight=125 96 57 7194 567 142 195 62 86 91 2032 2179 1922 134 260 90 170 51 45 70 527 141 99
leaf_count=125 96 57 7194 567 142 195 62 86 91 2032 2179 1922 134 260 90 170 51 45 70 527 141 99
internal_value=0.000914627 -0.0112957 0.00201123 0.000818386 -0.00728261 -0.00621342 -0.00755948 -0.00848529 -0.0062153 0.00118416 0.000784546 0.00141892 -0.0170769 -0.0152743 -0.0163169 -0.0016338 -0.000901197 -0.000357374 -0.00113855 -0.00213953 0.000731013 -0.00834615
internal_weight=16335 1341 14994 7800 800 658 533 471 276 6796 4764 2585 541 407 350 1004 663 612 908 597 311 190
internal_count=16335 1341 14994 7800 800 658 533 471 276 6796 4764 2585 541 407 350 1004 663 612 908 597 311 190
is_linear=0
shrinkage=0.035


Tree=42
num_leaves=23
num_cat=0
split_feature=9 9 1 22 9 12 20 8 12 5 25 4 20 20 6 15 11 27 14 9 20 6
split_gain=162.774 24.6863 15.987 11.0993 3.19532 1.9407 1.48476 1.47484 1.76949 1.42017 1.42035 1.35375 1.27757 1.25739 2.1277 2.09513 2.1492 1.25485 1.19671 1.0522 0.897376 2.32202
threshold=0.96796171728274449 0.3956951516321271 5.9978252760003432 34795.000000000007 2.0984955039134685 0.48171165642947372 22.500000000000004 0.42696347511940796 0.58079340114900446 4.0075510609739959 499.50000000000006 2.95813533133922 21.500000000000004 11.500000000000002 2.9974617545665088 0.56385869565217395 0.94204763427034732 3.5000000000000004 0.095454545454545472 8.0222733457361439 10.500000000000002 3.6053095280080378
decision_type=2 2 2 2 2 2 2 2 2 2 2 2 2 2 2 2 2 2 2 2 2 2
left_child=1 3 4 5 9 -1 -7 -3 -9 -2 18 13 20 -10 15 16 -15 -14 -11 -4 -6 -22
right_child=2 7 19 -5 12 6 -8 8 11 10 -12 -13 17 14 -16 -17 -18 -19 -20 -21 21 -23
leaf_value=-0.03709685660049266 0.0027897187870848483 -0.057151166865193351 0.13911649626772343 -0.047029076986433868 0.055959687153680715 -0.043006948026679287 -0.013185475997298138 0.0073331898280983307 -0.015035572411846514 -0.09631265391309636 -0.059381619589297566 -0.047946970316605109 0.11108215240737004 -0.061188972888943906 -0.011497182673495249 -0.039951013933938295 -0.013386995323953214 0.025020861882339436 0.01546671630019723 0.86020369688757103 -0.01898862837873834 0.042574367127757279
leaf_weight=132 1699 111 1754 512 1774 108 55 67 220 62 91 81 1039 133 94 130 45 393 184 5905 752 978
leaf_count=132 1699 111 1754 512 1774 108 55 67 220 62 91 81 1039 133 94 130 45 393 184 5905 752 978
internal_value=0.000914237 -0.00935883 0.00210344 -0.0137845 0.000886413 -0.00805 -0.00504167 -0.00523025 -0.00458387 -0.00027266 -0.00233333 -0.00510169 0.00136784 -0.00442663 -0.00561548 -0.00701118 -0.00950546 0.00225783 -0.000822709 0.00320772 0.000996438 0.000413545
internal_weight=16319 1688 14631 807 6972 295 163 881 770 2036 337 703 4936 622 402 308 178 1432 246 7659 3504 1730
internal_count=16319 1688 14631 807 6972 295 163 881 770 2036 337 703 4936 622 402 308 178 1432 246 7659 3504 1730
is_linear=0
shrinkage=0.035


Tree=43
num_leaves=23
num_cat=0
split_feature=8 22 9 9 9 21 20 20 4 9 22 21 20 21 8 21 12 20 20 12 4 8
split_gain=153.264 25.4963 18.6648 3.82991 3.33643 1.68632 2.77772 2.23777 2.03617 2.61011 1.36674 1.33147 1.12133 2.59291 0.937135 1.00975 1.20221 1.03284 1.79888 0.960144 1.2526 0.922293
threshold=0.64512287944562419 34795.000000000007 3.1832201304944365 1.7201161577513366 8.0222733457361439 3.5000000000000004 13.500000000000002 22.500000000000004 1.9999246801866812 0.46448047084160615 5643.5000000000009 2.5000000000000004 3.5000000000000004 1.5000000000000002 3.5008585782075321 1.5000000000000002 1.382130239410553 21.500000000000004 11.500000000000002 1.5235921416654168 4.8493515340940085 0.36038961038961043
decision_type=2 2 2 2 2 2 2 2 2 2 2 2 2 2 2 2 2 2 2 2 2 2
left_child=1 5 3 10 12 8 -7 -8 9 -1 -2 -3 13 -4 15 16 -5 18 -17 20 -18 -10
right_child=2 11 4 14 -6 6 7 -9 21 -11 -12 -13 -14 -15 -16 17 19 -19 -20 -21 -22 -23
leaf_value=-0.014494446129263068 -0.022851480960877042 -0.045383059291908681 -0.09967650917650045 0.029891992374458169 0.76318961622297232 -0.035526109318426986 -0.034241328703757415 -0.026718726365422208 -0.059515810789832924 -0.040094128832413492 -0.0080423004797460038 -0.045383059291908681 0.12616830403023582 0.14612586095263999 -0.02965095899208043 0.048217042803730278 -0.063708832078701996 0.061113670078735235 -0.0015580101180740539 0.0024185439054493947 0.039585797807782749 -0.038664518497432049
leaf_weight=230 92 265 204 229 6215 95 55 57 46 245 1542 266 2945 308 89 1053 102 773 839 489 51 64
leaf_count=230 92 265 204 229 6215 95 55 57 46 245 1542 266 2945 308 89 1053 102 773 839 489 51 64
internal_value=0.00097709 -0.0104157 0.00199089 0.000308511 0.00290322 -0.00633689 -0.00921226 -0.012953 -0.00522034 -0.00408333 -0.00109121 -0.0163507 0.00201386 0.000453578 0.000944904 0.00103883 0 0.0013764 0.000916974 -0.00077357 -0.00314557 -0.00958696
internal_weight=16254 1323 14931 5259 9672 792 207 112 585 475 1634 531 3457 512 3625 3536 871 2665 1892 642 153 110
internal_count=16254 1323 14931 5259 9672 792 207 112 585 475 1634 531 3457 512 3625 3536 871 2665 1892 642 153 110
is_linear=0
shrinkage=0.035


Tree=44
num_leaves=23
num_cat=0
split_feature=8 22 1 8 4 8 21 12 20 22 24 21 25 20 8 25 22 22 25 12 10 24
split_gain=151.026 24.9083 17.426 4.50599 2.14139 2.5359 2.29268 2.87011 2.33317 2.03984 1.51832 1.76741 2.10632 1.82403 1.91926 1.64138 2.56912 1.04081 1.04711 1.49667 1.29613 1.27014
threshold=0.64512287944562419 34795.000000000007 5.9978252760003432 1.3580155746509133 1.9999246801866812 0.21467522739749786 2.5000000000000004 0.77111377118713198 13.500000000000002 15527.500000000002 9349.5000000000018 1.5000000000000002 180.50000000000003 7.5000000000000009 3.0003337402748032 210.50000000000003 34795.000000000007 15527.500000000002 200.00000000000003 1.893055084871331 0.95118973121134187 8120.5000000000009
decision_type=2 2 2 2 2 2 2 2 2 2 2 2 2 2 2 2 2 2 2 2 2 2
left_child=1 4 3 9 5 -1 -7 8 -8 -2 11 12 -5 15 -15 -14 -17 -13 19 -19 21 -20
right_child=2 -3 -4 10 -6 6 7 -9 -10 -11 -12 17 13 14 -16 16 -18 18 20 -21 -22 -23
leaf_value=0.0016917908504881815 -0.033135405869884033 -0.043794652216691876 0.38338493092870185 0.055317463138485588 -0.040315531128731971 -0.024354603223950611 -0.031562538781748452 -0.021772686482302822 -0.044520749166756038 -0.0058873128578144198 0.19151389261231386 0.075123048222212274 -0.13452208240852664 -0.011278616789776815 0.097358789400213433 0.010850574789883027 -0.20760611427819567 -0.022784220566469879 0.012866840207005344 0.10561278685350467 0.043404574056894921 -0.071381094439890672
leaf_weight=88 144 551 7696 335 128 224 86 125 138 868 882 1065 57 609 209 197 51 466 195 243 1817 91
leaf_count=88 144 551 7696 335 128 224 86 125 138 868 882 1065 57 609 209 197 51 466 195 243 1817 91
internal_value=0.000991703 -0.0102398 0.00200435 0.000766381 -0.00615365 -0.00522372 -0.00606747 -0.00787006 -0.0102555 -0.00138692 0.00112054 0.000891386 -0.000136364 -0.000875 0 -0.00316129 -0.00175692 0.00128207 0.000915691 -0.00022549 0.00130835 -0.000829897
internal_weight=16265 1340 14925 7229 789 661 573 349 224 1012 6217 5335 1458 1123 818 305 248 3877 2812 709 2103 286
internal_count=16265 1340 14925 7229 789 661 573 349 224 1012 6217 5335 1458 1123 818 305 248 3877 2812 709 2103 286
is_linear=0
shrinkage=0.035


Tree=45
num_leaves=23
num_cat=0
split_feature=15 22 2 15 9 4 21 14 10 22 21 9 10 24 26 11 10 1 9 7 9 10
split_gain=148.659 29.1081 17.13 6.0757 4.19633 3.3086 3.51877 2.33114 2.07397 1.96811 1.78963 1.62328 1.18303 1.08766 1.58028 0.967233 0.94319 1.28215 1.22994 0.979225 0.899523 0.853349
threshold=0.43303571428571436 34795.000000000007 5.9978252760003432 0.54772727272727284 1.7969817930439833 3.9805079009487661 2.5000000000000004 0.78174603174603186 1.0000000000000002 5643.5000000000009 1.5000000000000002 8.711667288956038 0.95118973121134187 9349.5000000000018 1.0000000180025095e-35 0.4688072309384958 2.1491969707422425 6.9966807769941894 2.8649045071632666 2.7158071615927395 0.46448047084160615 1.2149857925879115
decision_type=2 2 2 2 2 2 2 2 2 2 2 2 2 2 2 2 2 2 2 2 2 2
left_child=2 5 4 -3 9 6 20 8 -8 -1 13 -4 -12 14 16 -9 18 -18 19 -6 -2 -11
right_child=1 3 11 -5 10 -7 7 15 -10 21 12 -13 -14 -15 -16 -17 17 -19 -20 -21 -22 -23
leaf_value=-0.04697350559808821 0.0044206999415879952 -0.019097514035818729 0.13750025629463786 -0.042261839389107665 -0.0059781906488504582 -0.043926759082450209 -0.03736270387796041 0.0089344070048962675 -0.012565517359965786 0.00056041965525974668 -0.0015127392797471485 0.92820807090097501 0.057817586696872925 0.18166404087472132 0.053381351923897528 -0.05184192088747229 -0.089260617396505176 0.10893976147603941 0.036312374921299177 -0.10079116062379097 -0.034207202043415361 -0.01845251086244943
leaf_weight=69 140 45 2082 511 406 77 356 47 46 988 461 5523 3493 299 325 58 265 69 258 48 201 537
leaf_count=69 140 45 2082 511 406 77 356 47 46 988 461 5523 3493 299 325 58 265 69 258 48 201 537
internal_value=0.000909713 -0.00964266 0.0019681 -0.0159652 0.000742836 -0.00575806 -0.00503458 -0.00689062 -0.00810934 -0.000833959 0.0011932 0.00312746 0.00159927 0.000219403 -0.000188227 -0.00190909 -0.000862512 -0.00238496 -0.000112273 -0.00122767 -0.00216474 -0.000549019
internal_weight=16304 1481 14823 556 7218 925 848 507 402 1594 5624 7605 3954 1670 1371 105 1046 334 712 454 341 1525
internal_count=16304 1481 14823 556 7218 925 848 507 402 1594 5624 7605 3954 1670 1371 105 1046 334 712 454 341 1525
is_linear=0
shrinkage=0.035


Tree=46
num_leaves=23
num_cat=0
split_feature=9 22 9 22 9 4 6 20 15 8 20 11 20 22 24 20 15 9 10 10 20 6
split_gain=148.873 31.004 15.6417 11.0719 3.91607 2.85236 2.50345 2.4701 2.23722 1.98532 1.71101 1.43907 2.30346 3.13119 1.34114 1.32491 1.26635 1.17298 1.13513 2.88727 1.40768 1.059
threshold=0.89642857142857157 34795.000000000007 8.1076388888888911 54348.000000000007 2.0984955039134685 2.95813533133922 4.8705795993534231 10.500000000000002 0.56385869565217395 0.28610379882606934 22.500000000000004 0.75592894601845484 17.500000000000004 15527.500000000002 9349.5000000000018 16.500000000000004 0.069047619047619066 0.25004585548086528 2.1491969707422425 2.2146697055682849 11.500000000000002 2.1556186000523501
decision_type=2 2 2 2 2 2 2 2 2 2 2 2 2 2 2 2 2 2 2 2 2 2
left_child=1 5 4 17 16 6 7 -1 -7 -9 14 12 -11 -14 18 -13 -2 -3 20 -20 -6 -22
right_child=2 3 -4 -5 10 8 -8 9 -10 11 -12 15 13 -15 -16 -17 -18 -19 19 -21 21 -23
leaf_value=-0.018517838004236932 -0.062041244350280682 -0.040782675010488892 0.72247917586466348 -0.0047601256412447496 0.065354156315043294 -0.041189686991512785 0.0018890673656064816 -0.031258247710485167 -0.054716615949960398 -0.047810149810096299 0.088451664763703169 0.00026010459035572198 -0.036145001712944255 -0.00066530705051739438 0.14819970048640185 -0.041180973384597627 -0.00089252526626413381 -0.049822125334687092 -0.087458586208383482 0.032668978709980437 -0.02023192425959441 0.027345299813275912
leaf_weight=259 97 412 6248 59 1117 72 126 89 50 84 1707 54 101 62 1047 126 2050 109 200 1122 406 789
leaf_count=259 97 412 6248 59 1117 72 126 89 50 84 1707 54 101 62 1047 126 2050 109 200 1122 406 789
internal_value=0.000922671 -0.00918968 0.00202313 -0.0156453 0.00104508 -0.00545428 -0.00468985 -0.00542949 -0.0105551 -0.00684549 0.00147982 -0.00784259 -0.00969444 -0.00670833 0.00112484 -0.00501351 -0.000240706 -0.0172605 0.000797335 -7.91245e-06 0.00126435 0.000408333
internal_weight=16386 1603 14783 580 8535 1023 901 775 122 516 6388 427 247 163 4681 180 2147 521 3634 1322 2312 1195
internal_count=16386 1603 14783 580 8535 1023 901 775 122 516 6388 427 247 163 4681 180 2147 521 3634 1322 2312 1195
is_linear=0
shrinkage=0.035


Tree=47
num_leaves=23
num_cat=0
split_feature=8 22 9 9 4 22 24 11 5 9 24 20 15 20 15 22 21 15 20 22 20 21
split_gain=148.255 34.0206 17.1894 5.48492 3.76848 2.48293 2.29127 2.1175 1.55726 1.75191 1.4306 1.47741 1.62952 1.80024 1.43041 1.37314 1.36887 1.3374 1.82953 1.28808 1.22418 1.0625
threshold=0.64512287944562419 34795.000000000007 8.1076388888888911 1.7201161577513366 1.9999246801866812 54348.000000000007 4472.0000000000009 3.4073288819675329 2.9974617545665088 0.28576014119515097 4019.0000000000005 21.500000000000004 0.057189542483660136 12.500000000000002 0.64495798319327746 5643.5000000000009 1.5000000000000002 0.11324786324786326 2.5000000000000004 52360.000000000007 17.500000000000004 2.5000000000000004
decision_type=2 2 2 2 2 2 2 2 2 2 2 2 2 2 2 2 2 2 2 2 2 2
left_child=1 4 3 15 8 6 7 10 9 -1 16 12 13 -12 -3 -2 17 18 -5 -4 -19 -9
right_child=2 14 19 5 -6 -7 -8 21 -10 -11 11 -13 -14 -15 -16 -17 -18 20 -20 -21 -22 -23
leaf_value=0.0014960844357536254 -0.022434871147411897 -0.021939031304032471 0.73219240470940017 -0.079045425907889391 -0.039314185241882585 -0.070390810873258353 0.096611741027006343 -0.13067180436521633 0.0060560257023193351 -0.033063695200672795 -0.03688137579975493 0.038163612887465177 -0.0016884306857324468 -0.093613995478385573 -0.039355281385121781 -0.0066553620060893458 0.046871742434095094 0.016533244358853547 0.03450150980778495 -0.0028075952905998493 -0.038563015013750472 -0.0093691808201443547
leaf_weight=74 89 45 6075 72 125 50 3287 55 66 520 81 217 372 55 511 1543 2190 85 539 120 78 75
leaf_count=74 89 45 6075 72 125 50 3287 55 66 520 81 217 372 55 511 1543 2190 85 539 120 78 75
internal_value=0.000895738 -0.0102296 0.00189572 0.000896793 -0.00544937 0.00131525 0.00137372 0.000781642 -0.00428947 -0.00485559 0.000941798 -0.000431507 -0.00148051 -0.00469149 -0.0168387 -0.000925779 0.00128377 0 0.000772727 0.00330806 -0.00275 -0.0035
internal_weight=16324 1341 14983 8788 785 7156 7106 3819 660 594 3689 725 508 136 556 1632 2964 774 611 6195 163 130
internal_count=16324 1341 14983 8788 785 7156 7106 3819 660 594 3689 725 508 136 556 1632 2964 774 611 6195 163 130
is_linear=0
shrinkage=0.035


Tree=48
num_leaves=23
num_cat=0
split_feature=9 9 22 9 9 4 25 8 15 22 27 21 12 11 21 12 11 13 4 8 24 11
split_gain=146.029 26.1717 19.3282 12.2844 4.18734 3.7675 1.78625 2.038 1.74745 1.52355 1.51288 1.99962 1.52497 2.02051 1.46092 1.23038 2.25069 1.22342 1.22066 1.27131 3.15908 1.1793
threshold=0.3956951516321271 3.1832201304944365 34795.000000000007 1.0014611999653302 8.8027167923669971 1.2384258821115111 729.50000000000011 3.5008585782075321 0.72111111111111115 15527.500000000002 3.5000000000000004 2.5000000000000004 1.5235921416654168 1.4468609447374672 1.5000000000000002 1.8152061990235555 1.8232322463624386 0.69047619047619058 5.0127769206881263 5.6470832654320153 4326.0000000000009 0.5793536691826412
decision_type=2 2 2 2 2 2 2 2 2 2 2 2 2 2 2 2 2 2 2 2 2 2
left_child=2 3 5 21 14 8 7 9 17 10 -5 12 13 -12 18 -11 -17 -1 19 -3 -21 -2
right_child=1 4 -4 6 -6 -7 -8 -9 -10 15 11 -13 -14 -15 -16 16 -18 -19 -20 20 -22 -23
leaf_value=-0.032680998249365073 -0.0084735043165285583 0.047466035829017261 -0.037977846536642525 0.083074087184100726 0.81156567054457118 -0.051425537908000286 0.050476148617000539 -0.086390605163687323 -0.0056060014653147435 0.0023622563111747388 -0.016062413278763961 0.039266505961411659 0.021172883047313591 -0.06861375217506327 0.13897827202674543 -0.068487314827323634 -0.0026139868667448365 -0.027618649595633104 0.20033637865250037 -0.15554232313557714 0.030538477227733386 -0.032777992582114078
leaf_weight=66 145 394 529 676 5713 60 711 63 106 2661 86 260 106 49 2868 87 216 70 294 94 327 825
leaf_count=66 145 394 529 676 5713 60 711 63 106 2661 86 260 106 49 2868 87 216 70 294 94 327 825
internal_value=0.00087676 0.00164217 -0.013372 -0.000196095 0.00275993 -0.00607655 0.000512195 0.000232003 -0.00386842 0.000334298 0.00139763 -2.76679e-05 -0.00233333 -0.00475 0.00187393 -8.36981e-05 -0.00218182 -0.00642908 0.000766607 4.26831e-05 -0.00126526 -0.00378718
internal_weight=16406 15575 831 5885 9690 302 4915 4204 242 4141 1177 501 241 135 3977 2964 303 136 1109 815 421 970
internal_count=16406 15575 831 5885 9690 302 4915 4204 242 4141 1177 501 241 135 3977 2964 303 136 1109 815 421 970
is_linear=0
shrinkage=0.035


Tree=49
num_leaves=23
num_cat=0
split_feature=8 22 1 8 4 21 15 8 20 20 8 12 11 21 12 15 22 20 21 6 25 15
split_gain=138.432 33.0498 16.5305 4.10926 2.90629 3.17881 2.74422 2.27151 1.65097 1.59598 1.58908 1.43201 1.46446 1.20934 1.17299 1.17126 1.05718 1.26873 1.85542 1.42161 1.74214 1.33845
threshold=0.64512287944562419 34795.000000000007 5.9978252760003432 1.5012755102040818 1.2384258821115111 1.5000000000000002 0.62731481481481499 0.21467522739749786 21.500000000000004 10.500000000000002 10.027746129187973 1.1683812359302161 1.2249547924985664 2.5000000000000004 0.77111377118713198 0.10912698412698414 54348.000000000007 11.500000000000002 1.5000000000000002 3.6053095280080378 200.00000000000003 0.10620300751879701
decision_type=2 2 2 2 2 2 2 2 2 2 2 2 2 2 2 2 2 2 2 2 2 2
left_child=1 4 3 11 5 -1 -3 -7 16 -9 -4 12 -2 -13 -11 -10 17 18 -5 20 -19 -22
right_child=2 6 10 8 -6 7 -8 9 15 14 -12 13 -14 -15 -16 -17 -18 19 -20 -21 21 -23
leaf_value=0.01091011573983006 -0.0096152237599916399 -0.010993635743612704 0.154878295814218 -0.0089745389690243284 -0.032734122547519853 0.0038314518527455665 -0.036648621907860036 -0.02187783636498741 0.077343131820201347 -0.041466486507257282 1.0633306264147084 -0.0051734867798741832 -0.049723352496679293 0.025759452064016544 -0.037494501188819349 0.0072329781390532265 -0.038197378368547613 -0.052057984865703122 0.063664382575963407 0.024463009071394346 -0.018323505253307323 0.036793534725416112
leaf_weight=125 818 45 2809 658 140 61 512 181 1311 194 4894 254 53 178 121 414 87 239 1631 972 396 313
leaf_count=125 818 45 2809 658 140 61 512 181 1311 194 4894 254 53 178 121 414 87 239 1631 972 396 313
internal_value=0.000915148 -0.00967558 0.0018911 0.000696753 -0.00513362 -0.00409098 -0.016242 -0.00521886 0.0010838 -0.006001 0.00302322 -0.00107569 -0.00189384 0.000536613 -0.00754687 0.00200289 0.000708789 0.000792359 0.00134874 0.000118182 -0.000833683 1.9608e-05
internal_weight=16406 1379 15027 7324 822 682 557 557 6021 496 7703 1303 871 432 315 1725 4296 4209 2289 1920 948 709
internal_count=16406 1379 15027 7324 822 682 557 557 6021 496 7703 1303 871 432 315 1725 4296 4209 2289 1920 948 709
is_linear=0
shrinkage=0.035


Tree=50
num_leaves=23
num_cat=0
split_feature=9 9 22 9 9 4 20 21 20 7 20 23 25 22 12 12 11 20 22 21 12 9
split_gain=135.588 24.9439 18.1334 10.74 4.17639 4.17092 1.87973 2.45895 2.84292 2.47392 1.30311 1.75656 1.2825 1.37063 1.75344 2.34656 1.95679 1.36083 1.46942 1.2749 1.12777 1.1241
threshold=0.3956951516321271 3.2144105894105901 34795.000000000007 1.0014611999653302 8.8027167923669971 4.8493515340940085 21.500000000000004 1.5000000000000002 4.5000000000000009 5.8587960226890932 11.500000000000002 37400.000000000007 729.50000000000011 15527.500000000002 1.8152061990235555 1.9877268929755418 1.8575654633281309 18.500000000000004 24335.000000000004 3.5000000000000004 0.31513608090833106 0.25004585548086528
decision_type=2 2 2 2 2 2 2 2 2 2 2 2 2 2 2 2 2 2 2 2 2 2
left_child=2 3 5 -2 6 21 7 8 9 -3 -9 -12 13 -5 17 16 -16 18 -15 -13 -4 -1
right_child=1 4 20 12 -6 -7 -8 10 -10 -11 11 19 -14 14 15 -17 -18 -19 -20 -21 -22 -23
leaf_value=0.011426142603143778 -0.029307909100521241 -0.034419485378715711 -0.0056067648228302885 0.028898318706988335 0.77774013172201328 -0.048597935150357478 0.18996615477447124 0.21790588778795961 0.033324090287068196 -0.43390597770805267 -0.032792892000861933 0.16894180522557989 0.046097388668031737 -0.02341611935492784 -0.070148125326288308 -0.0024855664280944581 -0.021470319309375124 0.016583545171693952 -0.00093208236703875766 -0.012994309329862831 -0.035365920141084931 -0.029701098881425046
leaf_weight=58 964 196 60 1216 5818 48 1123 1082 539 45 257 466 718 271 52 190 67 1083 1281 193 458 195
leaf_count=58 964 196 60 1216 5818 48 1123 1082 539 45 257 466 718 271 52 190 67 1083 1281 193 458 195
internal_value=0.000896094 0.00162926 -0.0129381 -0.000175389 0.00271534 -0.00587908 0.00181541 0.00131171 -0.000334395 -0.00347154 0.00196231 0.000953855 0.000489556 0.000247899 -0.000155476 -0.00263057 -0.00637903 0.000132576 -0.000523764 0.00191867 -0.0169111 -0.00382558
internal_weight=16380 15561 819 5842 9719 301 3901 2778 780 241 1998 916 4878 4160 2944 309 119 2635 1552 659 518 253
internal_count=16380 15561 819 5842 9719 301 3901 2778 780 241 1998 916 4878 4160 2944 309 119 2635 1552 659 518 253
is_linear=0
shrinkage=0.035


Tree=51
num_leaves=23
num_cat=0
split_feature=9 9 9 21 4 22 9 8 22 24 12 22 10 15 4 10 7 21 24 8 25 25
split_gain=75.9362 14.6432 6.5844 3.03681 4.56947 4.44698 2.99949 2.35447 1.34399 1.26564 1.70831 1.36269 1.28839 1.15431 1.06125 2.26288 1.44592 0.969432 0.918598 1.67022 2.51208 0.910472
threshold=1.0014611999653302 8.5037084278155728 0.3956951516321271 3.5000000000000004 1.9999246801866812 34795.000000000007 2.3928766644799593 0.35299200622699706 52360.000000000007 4472.0000000000009 3.3250015042352929 24335.000000000004 1.1126972805283752 0.67261904761904778 2.95813533133922 0.69006555934235314 0.57806881758180284 1.5000000000000002 3345.5000000000005 3.644822090880004 195.50000000000003 637.50000000000011
decision_type=2 2 2 2 2 2 2 2 2 2 2 2 2 2 2 2 2 2 2 2 2 2
left_child=2 6 3 4 -1 7 21 -5 -3 10 11 18 -11 14 16 -16 17 -4 19 -8 -21 -2
right_child=1 8 13 5 -6 -7 9 -9 -10 12 -12 -13 -14 -15 15 -17 -18 -19 -20 20 -22 -23
leaf_value=-0.034128112936146954 -0.0024593660036134721 0.72490297389336011 -0.0061267146173264314 -0.006377777874340909 -0.0356392006236372 -0.034128112936146954 0.049767903429464459 -0.030465883015454564 -0.013840716567140145 -0.020803838352617614 -0.045074558882925421 -0.0082797515749279769 0.10329570499530837 -0.046692328624312024 -0.0092321372271794919 -0.064654332393767777 -0.0087544988691713559 -0.031077388984375023 0.10092227390759759 0.031138740270739873 -0.11442620290516409 0.044238562118598702
leaf_weight=460 2502 5849 92 66 102 137 879 47 80 242 147 526 2967 59 53 86 363 287 754 123 77 376
leaf_count=460 2502 5849 92 66 102 137 879 47 80 242 147 526 2967 59 53 86 363 287 754 123 77 376
internal_value=0.00108769 0.00191949 -0.00578287 -0.00810955 -0.0065 -0.0114608 0.00099244 -0.00569491 0.00325817 0.00145629 0.000851653 0.00108672 0.00192097 -0.00372222 -0.00333409 -0.00622222 -0.00273159 -0.0042474 0.00153863 0.000852399 -0.00196341 6.43428e-05
internal_weight=16274 14522 1752 812 562 250 8593 113 5929 5715 2506 2359 3209 940 881 139 742 379 1833 1079 200 2878
internal_count=16274 14522 1752 812 562 250 8593 113 5929 5715 2506 2359 3209 940 881 139 742 379 1833 1079 200 2878
is_linear=0
shrinkage=0.035


Tree=52
num_leaves=23
num_cat=0
split_feature=9 9 6 3 22 4 20 8 21 4 12 8 12 20 22 20 21 11 7 24 21 15
split_gain=48.139 14.9906 2.91393 2.39247 2.09274 2.3482 2.10444 1.80519 1.285 1.38935 1.35602 2.31761 1.6831 1.51849 1.50802 1.08436 1.89841 2.0866 1.52248 1.51748 1.49089 2.06806
threshold=1.0014611999653302 8.6090456859449613 5.0238095238095246 4.9547980748721674 54348.000000000007 4.8493515340940085 23.500000000000004 0.64512287944562419 2.5000000000000004 2.95813533133922 0.77111377118713198 0.28610379882606934 0.48171165642947372 17.500000000000004 34795.000000000007 11.500000000000002 1.5000000000000002 1.3259870882635925 5.8587960226890932 4472.0000000000009 3.5000000000000004 0.069047619047619066
decision_type=2 2 2 2 2 2 2 2 2 2 2 2 2 2 2 2 2 2 2 2 2 2
left_child=3 2 4 7 6 -6 15 8 9 -1 11 12 -10 -12 -13 16 18 -18 -2 -17 -21 -22
right_child=1 -3 -4 -5 5 -7 -8 -9 10 -11 13 14 -14 -15 -16 19 17 -19 -20 20 21 -23
leaf_value=-0.032285304635119888 0.0064327583836936743 0.68461575243746564 0.14054746714321475 -0.045307552741453705 -0.0037820292058633538 -0.048048627142317585 0.052521353313147841 -0.011472072344793959 -0.032933628983381813 -0.032900641085342137 -0.030191966085546241 -0.028484297704579373 -0.024833506437731283 0.0073710934591419679 -0.041492563356217267 -0.010036399007058707 -0.0050027431259145249 0.069506061929471258 -0.20244806383410471 0.0595867254100148 -0.091051974566500701 0.080685135119479806
leaf_weight=486 590 5855 1632 96 330 50 1450 375 202 86 96 173 128 64 50 1685 509 1326 133 784 118 65
leaf_count=486 590 5855 1632 96 330 50 1450 375 202 86 96 173 128 64 50 1685 509 1326 133 784 118 65
internal_value=0.00121151 0.00187428 0.000946698 -0.00425128 0.000633428 -0.00186364 0.00077982 -0.0038994 -0.00453101 -0.00317244 -0.00556685 -0.00641039 -0.00433582 -0.00243939 -0.00924123 0.000446309 0.000960008 0.00155978 -0.000538461 -4.34699e-05 0.00105144 -0.00171277
internal_weight=16283 14527 8672 1756 7040 380 6660 1660 1285 572 713 553 330 160 223 5210 2558 1835 723 2652 967 183
internal_count=16283 14527 8672 1756 7040 380 6660 1660 1285 572 713 553 330 160 223 5210 2558 1835 723 2652 967 183
is_linear=0
shrinkage=0.035


Tree=53
num_leaves=23
num_cat=0
split_feature=9 9 5 22 4 9 14 20 25 4 12 12 24 22 7 21 10 12 20 11 12 20
split_gain=49.475 14.0778 2.77362 2.18801 2.9382 2.14832 4.27214 1.99264 1.91221 1.69718 1.88657 3.17479 1.15054 1.10823 1.78598 1.49627 1.09581 0.962655 1.32126 0.939677 1.40434 4.31232
threshold=1.0014611999653302 8.8027167923669971 5.0127769206881263 54348.000000000007 4.8493515340940085 0.3956951516321271 0.65476190476190488 23.500000000000004 381.00000000000006 1.9999246801866812 0.65054217272638115 0.48171165642947372 4472.0000000000009 5643.5000000000009 3.7151433660867341 3.5000000000000004 0.97590007294853509 0.31513608090833106 25.500000000000004 1.3985864135061359 1.5027231870755793 16.500000000000004
decision_type=2 2 2 2 2 2 2 2 2 2 2 2 2 2 2 2 2 2 2 2 2 2
left_child=5 2 3 7 -5 6 -1 8 12 10 11 17 13 -2 15 19 -14 -8 -19 -15 21 -21
right_child=1 -3 -4 4 -6 -7 9 -9 -10 -11 -12 -13 16 14 -16 -17 -18 18 -20 20 -22 -23
leaf_value=-0.03464961601449467 0.045776745945771025 0.69759891582729872 0.11984258066618456 -0.0032800944449747189 -0.053717559890595797 -0.025793396011156967 -0.032822519450824948 0.050878795086269683 0.037274858752821258 -0.031741158576751805 -0.040526712884003877 0.001818575606600404 -0.062230208149049379 -0.0039075745229330758 -0.10840875434816226 0.011517444303981069 0.045930501908972646 -0.031780951968963453 -0.031803643321152618 -0.0071861544339754009 -0.020946890766888136 -0.087285505721593895
leaf_weight=169 372 5787 1888 343 58 951 61 1445 1799 75 54 164 90 623 56 396 1276 239 56 105 318 56
leaf_count=169 372 5787 1888 343 58 951 61 1445 1799 75 54 164 90 623 56 396 1276 239 56 105 318 56
internal_value=0.00126364 0.00193402 0.0010504 0.000721982 -0.00175862 -0.00425366 -0.00560085 0.000878077 0.000546703 -0.00420642 -0.00345164 -0.0027 3.92783e-05 -0.000505696 -0.000922707 -0.00066833 0.000819475 -0.00454709 -0.00536667 -0.0013374 -0.00250207 -0.00514458
internal_weight=16381 14612 8825 6937 401 1769 818 6536 5091 649 574 520 3292 1926 1554 1498 1366 356 295 1102 479 161
internal_count=16381 14612 8825 6937 401 1769 818 6536 5091 649 574 520 3292 1926 1554 1498 1366 356 295 1102 479 161
is_linear=0
shrinkage=0.035


Tree=54
num_leaves=23
num_cat=0
split_feature=9 2 9 14 9 12 12 5 21 12 20 21 9 25 20 20 23 21 22 21 15 20
split_gain=47.7872 14.0045 3.67855 3.53089 2.60403 2.41541 3.85946 1.59167 1.46801 1.26025 1.59259 1.17237 1.47151 1.05074 1.12107 2.41912 0.98691 2.83153 1.76619 1.62612 0.96483 0.957899
threshold=1.0014611999653302 5.9978252760003432 0.3956951516321271 0.65476190476190488 10.025002263940607 0.48171165642947372 0.65054217272638115 5.0127769206881263 2.5000000000000004 0.39002102778747993 16.500000000000004 1.5000000000000002 1.7969817930439833 381.00000000000006 22.500000000000004 11.500000000000002 37400.000000000007 2.5000000000000004 28242.500000000004 3.5000000000000004 0.67261904761904778 2.5000000000000004
decision_type=2 2 2 2 2 2 2 2 2 2 2 2 2 2 2 2 2 2 2 2 2 2
left_child=2 7 3 8 -3 9 -7 11 -1 10 -5 21 -13 14 15 -14 17 18 -17 -18 -4 -2
right_child=1 4 20 5 -6 6 -8 -9 -10 -11 -12 12 13 -15 -16 16 19 -19 -20 -21 -22 -23
leaf_value=-0.020701264821594213 -0.088853581182118335 0.13181728058350498 -0.022256252488133937 -0.031673734224323499 0.99497427806519145 0.0017480493250778592 -0.039108277933063741 0.094038648707388178 -0.032168166283188131 -0.030668618650049731 -0.03066798329208429 -0.0017537770871425824 0.03806944739785563 0.049404550957388674 0.069320973850749409 -0.035652140031251042 0.11357208924890171 -0.0063427957620399 -0.089976446811301153 -0.076665476977374955 -0.042927659194523772 0.001681186127066196
leaf_weight=52 246 2751 906 128 4793 168 60 888 115 202 89 1087 662 1445 483 69 180 255 50 68 58 1552
leaf_count=52 246 2751 906 128 4793 168 60 888 115 202 89 1087 662 1445 483 69 180 255 50 68 58 1552
internal_value=0.00121058 0.0018745 -0.0041949 -0.00594444 0.00292045 -0.00465951 -0.0016073 0.000741059 -0.0105407 -0.00624057 -0.00406757 0.000534579 0.000848978 0.00122614 0.000636005 7.87433e-05 -0.0014681 -0.00259499 -0.00694355 0.000179842 -0.00267647 -0.000207709
internal_weight=16307 14529 1778 814 7544 647 228 6985 167 419 217 6097 4299 3212 1767 1284 622 374 119 248 964 1798
internal_count=16307 14529 1778 814 7544 647 228 6985 167 419 217 6097 4299 3212 1767 1284 622 374 119 248 964 1798
is_linear=0
shrinkage=0.035


Tree=55
num_leaves=23
num_cat=0
split_feature=9 3 9 9 14 23 11 20 12 12 20 15 12 10 25 21 25 20 14 25 20 12
split_gain=45.505 14.2586 3.3467 2.73696 2.18166 3.07905 2.61229 2.10366 2.05438 5.68912 1.52999 1.44405 1.23556 1.15418 1.46674 1.47287 2.42926 1.23274 1.67801 1.37639 2.6299 2.02719
threshold=1.0014611999653302 5.172349027628159 0.4287661851273204 10.025002263940607 0.65476190476190488 40250.000000000007 0.63452932983050014 23.500000000000004 0.48171165642947372 0.65054217272638115 15.500000000000002 0.10912698412698414 0.36714701646782166 2.34636834755521 600.00000000000011 1.5000000000000002 499.50000000000006 11.500000000000002 0.20714285714285716 200.00000000000003 18.500000000000004 1.3601991236896982
decision_type=2 2 2 2 2 2 2 2 2 2 2 2 2 2 2 2 2 2 2 2 2 2
left_child=2 7 4 -3 5 6 -1 13 10 -10 -6 -9 -12 14 15 16 -2 18 -17 20 21 -19
right_child=1 3 -4 -5 8 -7 -8 11 9 -11 12 -13 -14 -15 -16 17 -18 19 -20 -21 -22 -23
leaf_value=-0.026156417557390545 -0.018618564211922192 0.13007060692516925 -0.02299099707955686 0.99515017833290975 -0.029595216997297988 -0.037046748444908184 -0.0062811070588567035 0.071265051945954797 0.0017656295552672292 -0.03972017426915779 0.0030457481834811327 0.0062282665800128699 -0.029608364180533184 0.050843441048204187 0.037584490824042242 0.057239714909545436 -0.064482412396494396 0.0019843594716683986 -0.007954449451716113 0.0031502022523815158 0.014961707864314937 -0.09011329514047399
leaf_weight=87 849 2708 852 4668 221 52 72 1103 176 79 67 550 145 1151 1106 785 77 70 387 801 185 138
leaf_count=87 849 2708 852 4668 221 52 72 1103 176 79 67 550 145 1151 1106 785 77 70 387 801 185 138
internal_value=0.00122652 0.00186796 -0.00409396 0.00294994 -0.00559845 -0.00881481 -0.00589024 0.00075614 -0.0045303 -0.00188462 -0.00600913 0.00185344 -0.00359677 0.000424739 0.000161367 -0.000204883 -0.00138722 0.000252425 0.0010616 -0.000528357 -0.00221608 -0.00488028
internal_weight=16329 14578 1751 7376 899 211 159 7202 688 255 433 1653 212 5549 4398 3292 926 2366 1172 1194 393 208
internal_count=16329 14578 1751 7376 899 211 159 7202 688 255 433 1653 212 5549 4398 3292 926 2366 1172 1194 393 208
is_linear=0
shrinkage=0.035


Tree=56
num_leaves=23
num_cat=0
split_feature=9 3 9 9 20 20 12 12 13 10 15 15 13 12 6 25 25 9 25 9 9 10
split_gain=42.2651 15.2243 2.67804 2.32135 2.27214 1.9546 1.81808 4.9198 2.20825 1.67181 1.66196 1.22974 1.14766 0.992295 0.944905 1.13924 1.71143 3.14942 1.8196 1.12008 2.67562 0.930076
threshold=0.96796171728274449 5.172349027628159 10.025002263940607 0.3956951516321271 5.5000000000000009 22.500000000000004 0.65054217272638115 0.48171165642947372 0.92857142857142871 0.3779644730092277 0.15894736842105264 0.67261904761904778 0.63333333333333341 0.39002102778747993 5.0238095238095246 637.50000000000011 499.50000000000006 5.8214332303014045 381.00000000000006 4.0017607586512876 1.6793160786581842 0.78679579246944131
decision_type=2 2 2 2 2 2 2 2 2 2 2 2 2 2 2 2 2 2 2 2 2 2
left_child=3 5 -3 4 -1 14 7 8 9 13 -7 21 -11 -6 15 16 18 19 -2 20 -18 -5
right_child=1 2 -4 11 6 10 -8 -9 -10 12 -12 -13 -14 -15 -16 -17 17 -19 -20 -21 -22 -23
leaf_value=-0.032095548357402831 -0.0016824464117695874 0.13689782998024413 0.97819491929516367 -0.0091078289530510392 -0.028558867068679598 0.066105366596904816 -0.035750112249336399 0.0016250705642657788 -0.016673283413479609 0.00033411508888924146 -0.0012117435887068449 -0.040870833197041018 -0.02857011401952405 -0.028572246602098318 0.11582651766942303 0.0264698935991881 -0.00078612905934150273 -0.16037211922275518 0.076956081940031035 0.52208468652422657 -0.064594269395046436 -0.024499298396225357
leaf_weight=143 2899 2709 4644 422 82 1426 65 191 87 51 470 54 106 75 477 1100 277 74 446 71 45 403
leaf_count=143 2899 2709 4644 422 82 1426 65 191 87 51 470 54 106 75 477 1100 277 74 446 71 45 403
internal_value=0.00122485 0.00182924 0.00295298 -0.00402375 -0.00541304 0.000691358 -0.00443051 -0.00371106 -0.00589655 -0.00725235 0.00165886 -0.00271606 -0.00427778 -0.00989506 0.000346496 0.000197173 -8.52763e-05 -0.00206144 0.00018806 -0.000721105 -0.00163761 -0.00231928
internal_weight=16317 14638 7353 1679 800 7285 657 592 401 314 1896 879 157 157 5389 4912 3812 467 3345 393 322 825
internal_count=16317 14638 7353 1679 800 7285 657 592 401 314 1896 879 157 157 5389 4912 3812 467 3345 393 322 825
is_linear=0
shrinkage=0.035


Tree=57
num_leaves=23
num_cat=0
split_feature=12 9 8 20 21 20 22 21 24 20 12 7 21 4 22 22 9 12 20 8 8 12
split_gain=37.6384 12.7403 7.05932 2.55486 1.99482 2.77105 2.40757 2.38669 3.59867 2.20999 2.00597 1.48017 1.41857 2.03469 1.41092 1.32445 1.79925 1.51483 1.59137 1.18868 1.17056 1.08859
threshold=1.1683812359302161 10.025002263940607 0.5723960849627322 23.500000000000004 1.5000000000000002 10.500000000000002 54348.000000000007 3.5000000000000004 4326.0000000000009 4.5000000000000009 3.71516736035356 5.8587960226890932 2.5000000000000004 4.8493515340940085 34795.000000000007 34795.000000000007 0.28576014119515097 0.39002102778747993 23.500000000000004 3.0718573973290817 3.214714540186224 0.65054217272638115
decision_type=2 2 2 2 2 2 2 2 2 2 2 2 2 2 2 2 2 2 2 2 2 2
left_child=2 3 12 4 6 20 9 8 -7 11 -9 -2 13 21 -15 16 -14 -17 -19 -5 -6 -1
right_child=1 -3 -4 19 5 7 -8 10 -10 -11 -12 -13 15 14 -16 17 -18 18 -20 -21 -22 -23
leaf_value=-0.018612553711070901 -0.020746777019525726 0.87337319605791397 -0.007209954324422725 0.030207974086526795 0.023089632923811144 -0.012080806727178706 -0.038107393769752834 -0.011537491199862054 0.078090537623666481 0.015972141686527084 -0.10494447206473505 -0.30304246185506811 0.0081866976302295887 -0.040085267721950243 -0.027488188587661305 -0.028405976739057648 -0.024190863081887913 -0.031130178707496989 -0.027558940404135052 0.21561919018474932 0.21208716294668317 -0.028889594844617214
leaf_weight=307 239 5012 1455 968 1089 767 49 767 1077 1305 108 54 57 72 57 77 339 149 45 1040 1224 125
leaf_count=307 239 5012 1455 968 1089 767 49 767 1077 1305 108 54 57 72 57 77 339 149 45 1040 1224 125
internal_value=0.00120397 0.00194717 -0.00258073 0.00113231 0.000798025 0.00114443 -0.00025 0.000377753 0.001096 0 -0.00111364 -0.00272483 -0.00453325 -0.00311661 -0.00694776 -0.00566667 -0.0041808 -0.00765942 -0.0093392 0.00223075 0.00203538 -0.00186613
internal_weight=16382 13699 2683 8687 6679 5032 1647 2719 1844 1598 875 293 1228 561 129 667 396 271 194 2008 2313 432
internal_count=16382 13699 2683 8687 6679 5032 1647 2719 1844 1598 875 293 1228 561 129 667 396 271 194 2008 2313 432
is_linear=0
shrinkage=0.035


Tree=58
num_leaves=23
num_cat=0
split_feature=9 9 9 12 20 12 0 21 22 12 21 12 15 22 22 8 20 7 24 20 12 15
split_gain=38.9549 14.9047 2.60909 2.2111 2.07119 2.01213 1.52086 1.49202 1.41895 1.99531 2.10172 1.36051 2.99748 2.62546 1.70751 1.33665 1.33358 1.65272 1.28645 1.13139 1.10777 1.08549
threshold=1.0014611999653302 8.5037084278155728 3.2144105894105901 0.48171165642947372 22.500000000000004 2.5065704709548395 13.982558156555685 1.5000000000000002 17834.500000000004 0.39002102778747993 1.5000000000000002 0.61376547493725109 0.67261904761904778 17834.500000000004 15527.500000000002 0.28610379882606934 8.5000000000000018 5.5821741259895017 4472.0000000000009 16.500000000000004 3.2584896643638857 0.33974358974358981
decision_type=2 2 2 2 2 2 2 2 2 2 2 2 2 2 2 2 2 2 2 2 2 2
left_child=3 2 -2 8 7 6 -3 16 -1 19 -11 14 21 -14 -5 -15 17 -4 -9 -10 -19 -13
right_child=1 5 4 11 -6 -7 -8 18 9 10 -12 12 13 15 -16 -17 -18 20 -20 -21 -22 -23
leaf_value=-0.016590134715199188 0.0043076788640144222 -0.21882963462254201 -0.01407838661398631 -0.02385169333044114 0.17858260658663175 0.56784616762809703 0.25296004695437868 0.010291420089674434 -0.027411767553190629 -0.026566888330176387 -0.026886263228158378 -0.064777988170408182 -0.007889048746907058 -0.036525318660554834 0.0022217119914376415 -0.035068208076758485 0.036171316196040387 -0.29542230285029902 0.13126017773737672 -0.026929450272799846 -0.049755578227793099 -0.018146449213807928
leaf_weight=124 4876 54 263 89 949 5829 80 565 117 53 116 57 52 49 202 67 409 51 1414 94 48 728
leaf_count=124 4876 54 263 89 949 5829 80 565 117 53 116 57 52 49 202 67 409 51 1414 94 48 728
internal_value=0.00113888 0.00173351 0.000795455 -0.00378751 0.00149676 0.00307775 -0.00103237 0.000997278 -0.00578291 -0.00686364 -0.00977586 -0.00294516 -0.00358768 -0.00782948 -0.000756757 -0.0106736 -0.00028866 -0.0018406 0.00150655 -0.00427778 -0.00558654 -0.00261392
internal_weight=16286 14538 8575 1748 3699 5963 134 2750 504 380 169 1244 953 168 291 116 771 362 1979 211 99 785
internal_count=16286 14538 8575 1748 3699 5963 134 2750 504 380 169 1244 953 168 291 116 771 362 1979 211 99 785
is_linear=0
shrinkage=0.035


Tree=59
num_leaves=23
num_cat=0
split_feature=9 3 12 9 20 12 15 22 9 22 12 20 14 21 0 21 20 20 20 14 9 11
split_gain=36.4121 14.6829 3.95579 3.08581 2.56356 2.26744 3.18493 2.66224 2.08491 1.99376 2.36147 2.53623 1.95702 1.78553 1.19602 1.62168 2.58275 1.94903 1.88342 1.57568 1.4289 1.47723
threshold=0.96796171728274449 5.7847660902793931 0.48171165642947372 10.025002263940607 21.500000000000004 0.61376547493725109 0.67261904761904778 17834.500000000004 2.4444909400534773 17834.500000000004 0.39002102778747993 14.500000000000002 0.78174603174603186 1.5000000000000002 13.508154244475653 1.5000000000000002 11.500000000000002 4.5000000000000009 1.5000000000000002 0.20714285714285716 5.320212579575883 1.472755189182829
decision_type=2 2 2 2 2 2 2 2 2 2 2 2 2 2 2 2 2 2 2 2 2 2
left_child=2 4 9 -3 14 -4 -7 -8 -6 -1 11 -11 -9 -12 15 17 19 18 -2 -17 21 -18
right_child=1 3 5 -5 8 6 7 12 -10 10 13 -13 -14 -15 -16 16 20 -19 -20 -21 -22 -23
leaf_value=-0.015165228383166715 0.035359257156080924 0.11506847726641672 0.00041491438562791524 0.87564042218691696 0.0062312137996551262 -0.020505779654670438 -0.0084486633420999494 -0.035272800412457068 0.088233820443105043 -0.026464734055078713 -0.026000306500592225 -0.025986919513251851 -0.027422157962155642 -0.025945244015172834 0.27814420806211576 0.057116611817607452 0.004512768428902485 -0.00082346324291528324 -0.10837090744823207 -0.004019286698499094 0.1422271245087868 -0.024776120271202615
leaf_weight=117 128 2678 295 4648 954 734 50 68 1195 100 51 106 57 123 238 1447 632 1035 255 445 192 759
leaf_count=117 128 2678 295 4648 954 734 50 68 1195 100 51 106 57 123 238 1447 632 1035 255 445 192 759
internal_value=0.00121702 0.00178246 -0.00361899 0.0028889 0.000665408 -0.00249256 -0.00335449 -0.00758333 0.00168013 -0.00626096 -0.0075 -0.00462796 -0.0102308 -0.0105782 0.000235787 0.000112903 0.000522989 -0.000878074 -0.00299485 0.00139668 -0.000511335 -0.000912607
internal_weight=16307 14606 1701 7326 7280 1204 909 175 2149 497 380 206 125 174 5131 4893 3475 1418 383 1892 1583 1391
internal_count=16307 14606 1701 7326 7280 1204 909 175 2149 497 380 206 125 174 5131 4893 3475 1418 383 1892 1583 1391
is_linear=0
shrinkage=0.035


Tree=60
num_leaves=23
num_cat=0
split_feature=9 4 12 9 9 23 20 7 3 8 9 15 12 23 20 8 21 20 20 25 7 25
split_gain=34.1876 15.6598 2.95712 2.54698 2.02894 1.78164 2.05184 2.02689 1.58723 1.52997 1.44106 1.72082 4.57949 2.72004 1.3876 1.6939 2.76126 2.16545 1.65584 1.6007 2.04305 2.06097
threshold=1.0014611999653302 6.3943572294959923 0.48171165642947372 3.1832201304944365 9.9288271409042093 22050.000000000004 15.500000000000002 1.0000000180025095e-35 4.9547980748721674 3.5008585782075321 0.25004585548086528 0.67261904761904778 0.61376547493725109 22050.000000000004 21.500000000000004 13.000357142857146 1.5000000000000002 8.5000000000000018 11.500000000000002 807.00000000000011 5.5821741259895017 248.50000000000003
decision_type=2 2 2 2 2 2 2 2 2 2 2 2 2 2 2 2 2 2 2 2 2 2
left_child=2 3 5 9 -3 -1 -7 -8 10 -2 -4 -12 -13 -14 15 16 17 19 -18 20 -5 -22
right_child=1 4 8 14 -6 6 7 -9 -10 -11 11 12 13 -15 -16 -17 18 -19 -20 -21 21 -23
leaf_value=-0.01463444538975588 0.0039652830046847483 0.141627951125299 0.002518220559087844 -0.024134976655421511 0.91499300741037481 -0.025081504990104211 0.0064282703697891028 -0.025079076032006323 -0.056707018794798073 -0.061570112930077685 -0.0120371079991386 0.001370506274737804 -0.0081529601251264534 -0.034212644900191429 0.13893935868126511 0.75263167012698706 0.16605468884043706 0.028801047525592236 0.022292891395630239 0.14224206863375219 -0.04869252812058724 -0.2449798238301564
leaf_weight=117 4692 1952 87 242 4334 198 45 139 63 78 835 106 50 122 715 471 788 424 662 54 113 77
leaf_count=117 4692 1952 87 242 4334 198 45 139 63 78 835 106 50 122 715 471 788 424 662 54 113 77
internal_value=0.00116296 0.00171969 -0.00343265 0.000719685 0.00303823 -0.00573611 -0.00690052 -0.00390741 -0.00248975 0.000186911 -0.0021639 -0.00251073 -0.00490989 -0.00836441 0.00143016 0.00106876 0.000673362 -0.000822404 0.00162371 -0.0024165 -0.0031476 -0.00583333
internal_weight=16364 14602 1762 8316 6286 499 382 184 1263 4770 1200 1113 278 172 3546 2831 2360 910 1450 486 432 190
internal_count=16364 14602 1762 8316 6286 499 382 184 1263 4770 1200 1113 278 172 3546 2831 2360 910 1450 486 432 190
is_linear=0
shrinkage=0.035


Tree=61
num_leaves=23
num_cat=0
split_feature=9 4 12 9 3 20 12 9 23 21 15 20 23 14 7 12 12 20 13 9 20 21
split_gain=34.6002 14.2903 3.06206 2.21078 2.14943 1.96708 1.59782 1.5373 1.50837 1.58408 1.18126 1.13575 1.10439 2.19108 1.56721 1.64912 3.97728 2.27521 1.1671 1.12524 1.06805 2.10281
threshold=1.0014611999653302 6.3943572294959923 0.48171165642947372 8.5037084278155728 5.7847660902793931 21.500000000000004 0.39002102778747993 0.25004585548086528 22050.000000000004 1.5000000000000002 0.15894736842105264 14.500000000000002 62250.000000000007 0.34523809523809529 0.57806881758180284 0.65054217272638115 0.77111377118713198 12.500000000000002 0.69047619047619058 0.64691232819565181 11.500000000000002 1.5000000000000002
decision_type=2 2 2 2 2 2 2 2 2 2 2 2 2 2 2 2 2 2 2 2 2 2
left_child=2 4 6 -3 5 20 11 -4 -8 -10 -7 -1 13 -9 15 18 17 -17 -15 -18 21 -2
right_child=1 3 7 -5 -6 10 8 12 9 -11 -12 -13 -14 14 -16 16 19 -19 -20 -21 -22 -23
leaf_value=-0.024648237230002708 -0.014999396871002298 0.10141221236204272 0.0023592125011873718 0.63796825215101172 0.095015782388199313 0.051794674348943887 -0.01612040065086643 -0.061397616194561147 -0.024103529279071851 -0.02420335181796086 0.0002702972147463268 -0.02409032761256158 0.00061667456172805643 -0.019010135898753201 -0.0064518995409200532 -0.020950057254096887 0.0060330299935790373 -0.035330872980841498 0.0025962616671920051 -0.027143049568279412 -0.0067248132526361373 0.024325444210605628
leaf_weight=121 1019 1344 101 4950 1761 1330 99 70 54 123 502 114 129 139 312 84 130 114 121 65 1907 1749
leaf_count=121 1019 1344 101 4950 1761 1330 99 70 54 123 502 114 129 139 312 84 130 114 121 65 1907 1749
internal_value=0.00118494 0.00174844 -0.00341746 0.00300548 0.000788166 0.000490172 -0.00572481 -0.00245276 -0.00758541 -0.00957692 0.00146135 -0.00335417 -0.00281737 -0.00319712 -0.00270619 -0.00368085 -0.00511809 -0.00856897 -0.00138679 -0.0014 0.000104701 0.00054652
internal_weight=16338 14562 1776 6294 8268 6507 511 1265 276 177 1832 235 1164 1035 965 653 393 198 260 195 4675 2768
internal_count=16338 14562 1776 6294 8268 6507 511 1265 276 177 1832 235 1164 1035 965 653 393 198 260 195 4675 2768
is_linear=0
shrinkage=0.035


Tree=62
num_leaves=23
num_cat=0
split_feature=9 9 15 6 12 12 12 22 20 13 22 20 15 14 20 3 12 21 20 25 8 3
split_gain=31.7955 12.4829 3.88198 3.53657 2.15165 3.54949 2.03358 2.55282 1.7772 1.67414 1.54531 1.47471 1.37312 1.42898 1.34277 1.19921 1.23953 1.02189 1.9266 0.961056 0.949852 2.1431
threshold=1.5388931825379748 11.024257222202197 0.67261904761904778 5.0238095238095246 0.65054217272638115 0.48171165642947372 0.39002102778747993 34795.000000000007 23.500000000000004 0.69047619047619058 5643.5000000000009 13.500000000000002 0.15894736842105264 0.20714285714285716 13.500000000000002 1.0010887194926981 0.77111377118713198 1.5000000000000002 10.500000000000002 637.50000000000011 8.002826497466204 5.172349027628159
decision_type=2 2 2 2 2 2 2 2 2 2 2 2 2 2 2 2 2 2 2 2 2 2
left_child=2 3 10 8 5 6 11 -8 19 -7 15 -4 -10 -14 -6 16 17 -1 -19 20 -2 -22
right_child=1 -3 4 -5 14 9 7 -9 12 -11 -12 -13 13 -15 -16 -17 -18 18 -20 -21 21 -23
leaf_value=-0.0014750920493845597 0.0045805510565488138 0.94019321507800346 -0.023608044691499391 0.13644276498134836 -0.027287545774767732 -0.026396987859922626 -0.0037822801169014614 -0.023356234504332229 0.059395978556461546 0.0023947572689719471 -0.0049814581662335931 9.6820321065877469e-05 -0.044352560575651914 0.012092276730692089 -0.03165045567507057 -0.043932536973346377 0.0057677831016984885 0.0022472701217682652 -0.024550702485578259 0.031557048999661719 -0.085918954793247418 0.007338551808185695
leaf_weight=74 3501 4566 97 2527 58 67 58 162 1198 152 1486 119 72 112 70 63 82 58 101 1298 117 283
leaf_count=74 3501 4566 97 2527 58 67 58 162 1198 152 1486 119 72 112 70 63 82 58 101 1298 117 283
internal_value=0.00117181 0.00185222 -0.00233333 0.00109958 -0.00440609 -0.0035 -0.00530952 -0.0077 0.000667477 6.25001e-05 -0.00144382 -0.00267647 0.00178407 -0.000944444 -0.00860526 -0.00344517 -0.00240625 -0.00370588 -0.00525 0.000365873 8.60216e-05 -0.00151235
internal_weight=16321 13674 2647 9108 783 655 436 220 6581 219 1864 216 1382 184 128 378 315 233 159 5199 3901 400
internal_count=16321 13674 2647 9108 783 655 436 220 6581 219 1864 216 1382 184 128 378 315 233 159 5199 3901 400
is_linear=0
shrinkage=0.035


Tree=63
num_leaves=23
num_cat=0
split_feature=8 8 9 6 20 12 20 12 14 12 12 12 23 6 20 9 20 12 12 9 7 12
split_gain=29.9268 12.5824 4.86309 2.67485 1.81224 1.72165 1.6545 1.95613 1.91564 1.45752 2.69355 2.34663 1.69151 1.35374 1.79841 1.14239 1.29343 1.06915 1.05384 1.53998 1.09741 1.52581
threshold=4.144865848437278 0.64512287944562419 11.024257222202197 3.9816512481064232 14.500000000000002 5.240379122086928 23.500000000000004 2.4850025229458326 1.0000000180025095e-35 0.48171165642947372 0.61376547493725109 0.36714701646782166 40250.000000000007 5.0238095238095246 18.500000000000004 1.8976505883434529 9.5000000000000018 1.5882338532114133 0.77111377118713198 0.64691232819565181 0.57806881758180284 0.65054217272638115
decision_type=2 2 2 2 2 2 2 2 2 2 2 2 2 2 2 2 2 2 2 2 2 2
left_child=1 3 5 9 -5 13 7 15 -9 11 -11 -1 -13 14 -2 17 -17 -3 20 -20 21 -12
right_child=2 6 -4 4 -6 -7 -8 8 -10 10 18 12 -14 -15 -16 16 -18 -19 19 -21 -22 -23
leaf_value=-0.023249449417963284 0.019354352140355659 -0.0069836923211857643 0.92183120834030097 -0.022188032391720392 0.0032110549970210123 -0.11473942841842738 0.021282181167984984 -0.085030264024801905 0.002619632982490655 0.0013082954790699648 -0.017329609476711912 -0.018536653003676996 -0.022538766296680602 0.16975572838823599 0.20858530951750187 0.037990839986484302 -0.0023669390582542892 0.034185518276449223 -0.0036692540176504421 -0.038766800694530076 -0.014943081271833815 -0.031977874897273918
leaf_weight=87 1272 1407 4527 142 187 86 1494 101 87 196 87 79 174 2245 621 1171 1835 91 136 67 55 147
leaf_count=87 1272 1407 4527 142 187 86 1494 101 87 196 87 79 174 2245 621 1171 1835 91 136 67 55 147
internal_value=0.00114433 -0.000469263 0.00253666 -0.00351542 -0.000691617 0.00167096 0.000198433 -0.00012146 -0.00357254 -0.00439448 -0.00336869 -0.00634058 -0.00803101 0.00177661 0.00106586 2.25107e-05 0.000419628 -0.000761477 -0.00473944 -0.00255769 -0.00614286 -0.00719038
internal_weight=16294 7543 8751 1357 329 4224 6186 4692 188 1028 688 340 253 4138 1893 4504 3006 1498 492 203 289 234
internal_count=16294 7543 8751 1357 329 4224 6186 4692 188 1028 688 340 253 4138 1893 4504 3006 1498 492 203 289 234
is_linear=0
shrinkage=0.035


Tree=64
num_leaves=23
num_cat=0
split_feature=9 13 9 20 6 6 12 12 12 20 12 22 10 12 10 11 20 15 3 12 22 15
split_gain=30.5065 10.6782 5.5438 2.22223 2.06717 1.98656 2.10986 2.6967 3.77396 2.02931 1.95795 1.38851 1.26054 1.22195 1.04667 0.948711 0.929128 0.92895 0.871665 0.837888 1.0387 1.81786
threshold=3.2144105894105901 0.46428571428571436 11.024257222202197 22.500000000000004 5.0238095238095246 3.9816512481064232 0.48171165642947372 0.65054217272638115 0.77111377118713198 13.500000000000002 0.36714701646782166 34795.000000000007 0.57735026918962606 1.1252098250536189 4.8802914374463162 1.1203483061798485 14.500000000000002 0.73993558776167478 5.2852117926282993 1.3067792306552619 54348.000000000007 0.22474747474747478
decision_type=2 2 2 2 2 2 2 2 2 2 2 2 2 2 2 2 2 2 2 2 2 2
left_child=1 13 3 4 14 6 10 17 9 -9 -3 -12 -10 15 -2 -1 -7 -8 -4 -15 -21 -22
right_child=2 5 18 -5 -6 16 7 8 12 -11 11 -13 -14 19 -16 -17 -18 -19 -20 20 21 -23
leaf_value=-0.0052215864714968948 0.021066998878057307 -0.022145536725366264 0.18076701051216118 0.18525790460528987 0.1318373325726544 -0.021380709600861501 -0.015460379934227208 -0.017799688681532692 0.017659044725963403 -0.032904305242828384 -0.017741512289366122 -0.021749909476296781 -0.020784931836595931 0.017206230974249313 -0.081892695690109291 -0.02331882776899331 0.0011858079968266636 0.0021470332421055132 0.96713138078165173 0.0042606803987369343 -0.056681402236264521 0.0030972723982094735
leaf_weight=926 2028 86 310 1319 1638 142 115 78 74 97 73 178 232 848 113 175 175 141 4288 3208 51 81
leaf_count=926 2028 86 310 1319 1638 142 115 78 74 97 73 178 232 848 113 175 175 141 4288 3208 51 81
internal_value=0.00117108 -0.000646597 0.00242485 0.00162071 0.00117838 -0.00336963 -0.00409036 -0.00296226 -0.00449383 -0.00855556 -0.0064269 -0.00798437 -0.00201447 6.87572e-05 0.00045014 -0.000962025 -0.000847826 0 0.00330991 0.000344741 8.89388e-05 -0.00288686
internal_weight=16376 6680 9696 5098 3779 1391 1074 737 481 175 337 251 306 5289 2141 1101 317 256 4598 4188 3340 132
internal_count=16376 6680 9696 5098 3779 1391 1074 737 481 175 337 251 306 5289 2141 1101 317 256 4598 4188 3340 132
is_linear=0
shrinkage=0.035


Tree=65
num_leaves=23
num_cat=0
split_feature=8 7 9 6 12 12 12 20 12 12 15 12 12 22 6 20 25 10 15 5 7 20
split_gain=28.6979 11.6484 4.74232 2.30075 2.39627 2.77557 3.98678 2.93897 1.36551 1.36235 2.24982 1.42429 1.35055 1.86982 1.31608 1.62809 1.20755 1.74587 1.19658 1.1558 1.43051 1.0041
threshold=4.144865848437278 0.57806881758180284 11.651280215331486 3.9816512481064232 0.77111377118713198 0.65054217272638115 0.48171165642947372 13.500000000000002 5.9012486132499458 2.4850025229458326 1.0000000180025095e-35 2.074295209952568 0.31513608090833106 34795.000000000007 5.0238095238095246 18.500000000000004 294.00000000000006 0.70711369680452518 0.73993558776167478 6.006203158824877 9.575742840367413 14.500000000000002
decision_type=2 2 2 2 2 2 2 2 2 2 2 2 2 2 2 2 2 2 2 2 2 2
left_child=1 3 8 4 5 6 12 -7 14 11 -11 -3 -1 -14 15 19 17 -6 -8 20 -2 -5
right_child=2 9 -4 21 16 7 18 -9 -10 10 -12 -13 13 -15 -16 -17 -18 -19 -20 -21 -22 -23
leaf_value=-0.021370442939978446 0.008826130659805663 0.0016113134639914274 0.97843809008374438 -0.020663156278119831 0.010868960438583269 -0.02496718326698865 -0.016181959666109264 -0.03589762109695737 -0.092487549189228024 -0.094797699236874075 0.012109645899636682 0.058230953122761449 -0.014254000015535222 -0.020989037782506201 0.18011926341562098 0.2133795565560013 0.011833581948162515 -0.032671540828824119 0.0020718870539906506 0.13038312704263175 -0.10217655042033669 0.0021639676503013108
leaf_weight=56 919 5426 4264 147 56 73 121 81 64 99 134 639 74 203 2454 649 89 71 135 290 109 180
leaf_count=56 919 5426 4264 147 56 73 121 81 64 99 134 639 74 203 2454 649 89 71 135 290 109 180
internal_value=0.00116281 -0.000410924 0.00252844 -0.00344036 -0.00430602 -0.00525 -0.00404209 -0.00948742 0.00172272 0.000207124 -0.00238235 0.000311368 -0.00654438 -0.0075461 0.00179982 0.00110396 -0.000934389 -0.00312879 -0.000657088 0.000378307 -0.000159245 -0.000822289
internal_weight=16333 7584 8749 1286 959 743 589 154 4485 6298 233 6065 333 277 4421 1967 216 127 256 1318 1028 327
internal_count=16333 7584 8749 1286 959 743 589 154 4485 6298 233 6065 333 277 4421 1967 216 127 256 1318 1028 327
is_linear=0
shrinkage=0.035


Tree=66
num_leaves=23
num_cat=0
split_feature=8 14 9 6 12 12 4 21 20 24 7 9 12 14 22 12 12 14 12 11 16 21
split_gain=27.5929 10.4441 4.60222 3.03756 2.51083 2.10497 1.93202 1.97464 3.21688 1.74338 1.70739 1.68321 1.2632 2.04577 1.2538 1.18444 1.14892 1.37787 0.916585 0.973237 0.832282 0.821343
threshold=4.144865848437278 0.44949494949494956 13.058982873418367 1.0879323844190749 0.48171165642947372 0.36714701646782166 5.0127769206881263 1.5000000000000002 7.5000000000000009 9795.0000000000018 5.5821741259895017 0.25004585548086528 2.5054540252438939 1.0000000180025095e-35 34795.000000000007 0.81652188061227371 0.54899847081191699 0.29285714285714287 2.074295209952568 0.77104898395053001 1.0000000180025095e-35 3.5000000000000004
decision_type=2 2 2 2 2 2 2 2 2 2 2 2 2 2 2 2 2 2 2 2 2 2
left_child=1 12 6 4 5 -3 7 8 9 10 -2 -6 15 -14 -7 16 -1 -18 19 -17 -21 -8
right_child=2 3 -4 -5 11 14 21 -9 -10 -11 -12 -13 13 -15 -16 18 17 -19 -20 20 -22 -23
leaf_value=0.024290813862819224 -0.056591738258722719 -0.021161096314818474 1.2873735770257968 -0.0083440602465228234 0.0019756449450765265 -0.016789560314085558 0.2175995133814502 0.11140027823494343 0.08668204553204055 0.14699676225084804 -0.24725384978364653 -0.020009703922359418 -0.079801151738777568 0.035651044034394959 -0.020254046322238678 0.046350042093154097 -0.034185451582774806 -0.0050863605240402008 0.049199399376865974 0.00097810875148041619 0.047483200736686555 0.092664350207080665
leaf_weight=56 143 86 3845 411 78 77 2324 855 451 94 125 628 110 122 172 128 70 84 648 4721 191 935
leaf_count=56 143 86 3845 411 78 77 2324 855 451 94 125 628 110 122 172 128 70 84 648 4721 191 935
internal_value=0.00115083 -0.000393502 0.00248713 -0.003058 -0.00406214 -0.00658824 0.00176845 0.000780335 -0.00043643 -0.00288965 -0.00432051 -0.00280098 0.000236756 -0.00225949 -0.0082126 0.000339743 -0.00219767 -0.00376415 0.000438345 0.000274034 0.000190055 0.00226685
internal_weight=16354 7582 8772 1452 1041 335 4927 1668 813 362 268 706 6130 232 249 5898 210 154 5688 5040 4912 3259
internal_count=16354 7582 8772 1452 1041 335 4927 1668 813 362 268 706 6130 232 249 5898 210 154 5688 5040 4912 3259
is_linear=0
shrinkage=0.035


Tree=67
num_leaves=23
num_cat=0
split_feature=8 8 9 6 12 12 12 13 12 22 20 21 20 21 23 20 7 12 12 4 9 12
split_gain=30.5666 12.1746 3.93686 3.57777 2.14955 4.75584 2.67261 3.02431 2.20994 2.59862 1.28009 2.14734 2.27431 3.27838 1.43929 1.42369 1.53911 2.26046 1.38937 1.18231 1.15481 1.27859
threshold=4.144865848437278 0.5723960849627322 11.651280215331486 3.9816512481064232 0.48171165642947372 0.65054217272638115 0.77111377118713198 0.69047619047619058 0.36714701646782166 34795.000000000007 20.500000000000004 1.5000000000000002 11.500000000000002 3.5000000000000004 60300.000000000007 10.500000000000002 5.8587960226890932 2.7764097939154855 3.7792168836356104 4.8493515340940085 1.5388931825379748 2.4850025229458326
decision_type=2 2 2 2 2 2 2 2 2 2 2 2 2 2 2 2 2 2 2 2 2 2
left_child=1 3 10 4 8 -6 7 -7 -1 -10 11 15 -13 -14 18 16 -2 -18 -15 -5 -3 -22
right_child=2 20 -4 19 5 6 -8 -9 9 -11 -12 12 13 14 -16 -17 17 -19 -20 -21 21 -23
leaf_value=-0.019968487742324733 0.026663373022035003 -0.0045448565646813389 0.94751916097092093 0.0029998066459874348 -0.00049018516726043084 -0.013828078557636998 -0.020246984894583389 -0.030928242490364053 -0.015637290973665476 -0.019545154700960323 0.22808995221887146 0.26130135364843099 0.096427285528072074 -0.083666799024572122 0.044469140887730775 0.067678741459758565 -0.28051573526270362 -0.036474490587913314 -0.1443821392365712 -0.019647873843617533 0.010458890733913456 -0.019341059888219755
leaf_weight=84 219 1412 4233 173 286 52 161 101 83 180 1419 1288 694 155 89 343 71 154 65 142 4704 232
leaf_count=84 219 1412 4233 173 286 52 161 101 83 180 1419 1288 694 155 89 343 71 154 65 142 4704 232
internal_value=0.00112527 -0.00049409 0.00253835 -0.00362707 -0.00469853 -0.00332645 -0.00626489 -0.00956962 -0.00694034 -0.00851493 0.0018052 0.00138842 0.00192988 0.000652778 -0.00229618 -0.000167929 -0.00148886 -0.0035 -0.00381111 -0.000328125 0.000128365 0.000383222
internal_weight=16340 7610 8730 1262 947 600 314 153 347 263 4497 3078 2291 1003 309 787 444 225 220 315 6348 4936
internal_count=16340 7610 8730 1262 947 600 314 153 347 263 4497 3078 2291 1003 309 787 444 225 220 315 6348 4936
is_linear=0
shrinkage=0.035


Tree=68
num_leaves=23
num_cat=0
split_feature=8 13 9 6 3 20 21 20 20 21 23 23 25 15 9 11 9 7 10 9 25 21
split_gain=27.2141 8.67332 4.07267 2.67347 1.57048 1.52304 1.82714 2.02065 1.9525 2.84819 1.43159 3.31875 1.2603 1.94335 1.62909 1.92725 1.36393 1.24277 1.78069 1.16215 1.07489 1.05682
threshold=4.144865848437278 0.53571428571428581 11.651280215331486 3.9816512481064232 5.0127769206881263 19.500000000000004 1.5000000000000002 7.5000000000000009 10.500000000000002 3.5000000000000004 26000.000000000004 42000.000000000007 499.50000000000006 0.67261904761904778 0.32393328502805191 0.5793536691826412 0.10912698412698414 5.5821741259895017 2.6457850574621076 0.64691232819565181 191.00000000000003 1.5000000000000002
decision_type=2 2 2 2 2 2 2 2 2 2 2 2 2 2 2 2 2 2 2 2 2 2
left_child=1 21 5 12 10 6 7 17 -8 -10 -4 -12 13 19 15 16 -15 -2 -19 -3 -11 -1
right_child=2 3 4 -5 -6 -7 8 -9 9 20 11 -13 -14 14 -16 -17 -18 18 -20 -21 -22 -23
leaf_value=-0.0073132114917336261 -0.0074804675081133198 0.0027902184076452063 0.65239461852007918 -0.0015509382361899287 0.97335159593981235 0.20652571998735877 0.26613489104494903 0.035229653524739862 0.093012997236367925 -0.18888961094869947 -0.25348677631661193 0.17122018145617204 -0.013350396710836656 -0.019182941995079188 -0.02666775372953151 0.0007843226523162872 -0.018861074286426714 -0.27069768475121059 -0.036525738762262283 -0.026761356183726236 -0.056900039564260492 0.0052215256695743251
leaf_weight=1515 185 127 136 306 3935 1536 1146 406 677 55 45 109 351 65 73 75 270 51 106 110 264 4702
leaf_count=1515 185 127 136 306 3935 1536 1146 406 677 55 45 109 351 65 73 75 270 51 106 110 264 4702
internal_value=0.00110277 -0.0004242 0.00244466 -0.00293271 0.00322695 0.00169115 0.00120294 -0.00026494 0.0017231 0.000562937 0.000652542 -0.00156289 -0.00375372 -0.00461034 -0.00589549 -0.0048494 -0.00597059 -0.00224928 -0.00449383 -0.00185124 -0.00211728 0.000130505
internal_weight=16245 7594 8651 1377 4225 4426 2890 748 2142 996 290 154 1071 720 483 410 335 342 157 237 319 6217
internal_count=16245 7594 8651 1377 4225 4426 2890 748 2142 996 290 154 1071 720 483 410 335 342 157 237 319 6217
is_linear=0
shrinkage=0.035


Tree=69
num_leaves=23
num_cat=0
split_feature=9 9 6 6 4 11 21 20 20 9 15 3 20 24 24 11 20 20 23 20 7 20
split_gain=26.6273 8.96198 5.3243 2.13499 1.94866 1.92829 1.72482 1.72876 1.56426 1.531 1.2153 1.04466 1.24006 1.02512 2.16702 1.01514 0.985359 0.91421 0.903458 1.60833 1.62308 1.29482
threshold=3.2144105894105901 0.96796171728274449 10.000130448439306 3.9816512481064232 5.0127769206881263 0.94204763427034732 3.5000000000000004 11.500000000000002 18.500000000000004 10.262855816375051 1.0000000180025095e-35 5.7847660902793931 21.500000000000004 9795.0000000000018 8120.5000000000009 2.8749263295371774 3.5000000000000004 8.5000000000000018 40250.000000000007 11.500000000000002 0.15043001975395084 3.5000000000000004
decision_type=2 2 2 2 2 2 2 2 2 2 2 2 2 2 2 2 2 2 2 2 2 2
left_child=1 3 4 5 10 18 -6 -8 9 15 11 12 13 14 16 -9 -2 -5 19 21 -21 -1
right_child=2 -3 -4 17 6 -7 7 8 -10 -11 -12 -13 -14 -15 -16 -17 -18 -19 -20 20 -22 -23
leaf_value=-0.018013683150055314 -0.087868589509127529 0.0011705932426734952 0.6467055735911188 -0.029959195954018598 0.20171959506467849 0.0087053608010428316 0.23832798109532782 -0.0086736544334071897 0.064307763076237173 0.0449042285397711 0.082692709436386583 0.082820908123985473 0.12526759645506547 0.093175270050265324 -0.1531932511642759 -0.14545491232981486 0.024305623137578614 0.00094210973082301127 -0.018201311824281585 0.01391966601050728 -0.02482289455117467 0.0027477328503608457
leaf_weight=96 249 4961 3599 96 2462 124 344 51 275 81 540 990 148 335 114 98 396 308 429 65 402 185
leaf_count=96 249 4961 3599 96 2462 124 344 51 275 81 540 990 148 335 114 98 396 308 429 65 402 185
internal_value=0.00108148 -0.000618573 0.00225348 -0.00280409 0.00161432 -0.00349464 0.00219119 0.000795082 -0.000480392 -0.00260638 0.000916277 0.000542915 -0.00012069 -0.000544586 -0.0012644 -0.00468182 -0.000430769 -0.000522005 -0.00393232 -0.00310027 -0.00436017 -0.000905594
internal_weight=16348 6666 9682 1705 6083 1301 3311 849 505 230 2772 2232 1242 1094 759 149 645 404 1177 748 467 281
internal_count=16348 6666 9682 1705 6083 1301 3311 849 505 230 2772 2232 1242 1094 759 149 645 404 1177 748 467 281
is_linear=0
shrinkage=0.035


Tree=70
num_leaves=23
num_cat=0
split_feature=4 9 9 6 12 0 20 11 12 22 9 20 12 12 13 7 12 11 10 9 9 0
split_gain=26.0378 10.1956 3.50067 2.61003 3.56332 1.6884 1.49842 1.55471 1.32402 2.06749 1.31998 1.64328 1.52338 2.98903 2.76831 1.40445 1.19191 1.15489 1.0758 1.05361 0.992534 0.902783
threshold=5.0127769206881263 0.96796171728274449 12.007280625749726 2.9974617545665088 0.48171165642947372 13.982558156555685 21.500000000000004 1.648284963642286 0.39002102778747993 34795.000000000007 0.25004585548086528 12.500000000000002 0.77111377118713198 0.65054217272638115 0.69047619047619058 0.56969271725119408 5.3652381156785038 0.66883577989637522 0.8164965809277277 0.32393328502805191 5.1119291819291828 0.58874036821468489
decision_type=2 2 2 2 2 2 2 2 2 2 2 2 2 2 2 2 2 2 2 2 2 2
left_child=1 3 16 4 8 6 -3 -8 -1 -10 -6 17 13 19 -15 -14 20 21 -5 -13 -2 -12
right_child=2 5 -4 18 10 -7 7 -9 9 -11 11 12 15 14 -16 -17 -18 -19 -20 -21 -22 -23
leaf_value=-0.018166397325477174 0.0087607072116834463 -0.00069524430642469153 1.0479567456528911 0.0012371198495572965 0.0028010629020054504 0.33389595287218204 0.004462722997069935 0.087034692893613222 -0.014307788776739482 -0.017563890772551927 -0.0033589947082520695 0.0052770932266559736 0.020898043942925708 -0.012725549864014977 -0.032784148677972864 -0.02450646648004463 -0.06757853928685531 0.007292664810262404 -0.025452197107167802 -0.017234818620870895 0.14862412989626095 -0.024359920494220835
leaf_weight=137 372 5337 3609 374 80 423 1202 745 78 124 102 47 79 66 71 156 54 215 50 78 2864 59
leaf_count=137 372 5337 3609 374 80 423 1202 745 78 124 102 47 79 66 71 156 54 215 50 78 2864 59
internal_value=0.00103047 -0.000164086 0.00266353 -0.0026011 -0.00338126 0.000377593 0.000249211 0.00107941 -0.00647093 -0.00833575 -0.00223591 -0.00263895 -0.00396016 -0.00580712 -0.0093169 -0.00175 0.0018217 -0.000817585 -0.000171329 -0.00161538 0.00191253 -0.00303614
internal_weight=16322 9423 6899 1716 1292 7707 7284 1947 339 202 953 873 497 262 137 235 3290 376 424 125 3236 161
internal_count=16322 9423 6899 1716 1292 7707 7284 1947 339 202 953 873 497 262 137 235 3290 376 424 125 3236 161
is_linear=0
shrinkage=0.035


Tree=71
num_leaves=23
num_cat=0
split_feature=2 15 8 22 6 20 9 20 11 9 6 9 22 3 20 20 20 2 14 11 11 25
split_gain=24.8787 10.1789 4.17485 3.05472 3.14265 1.84494 1.57688 1.55427 1.45352 1.40499 1.21968 1.21564 1.19964 1.7006 1.1189 1.5395 1.60652 1.41724 1.37748 1.62471 1.55457 1.73584
threshold=5.8887296755550986 0.67261904761904778 13.000357142857146 17834.500000000004 3.9816512481064232 19.500000000000004 0.32393328502805191 12.500000000000002 0.5793536691826412 1.0014611999653302 5.0238095238095246 0.10912698412698414 5643.5000000000009 1.0010887194926981 22.500000000000004 11.500000000000002 3.5000000000000004 4.4824978557374751 0.24038461538461542 2.1295624404935602 1.4070093155287455 381.00000000000006
decision_type=2 2 2 2 2 2 2 2 2 2 2 2 2 2 2 2 2 2 2 2 2 2
left_child=1 9 5 -3 6 7 8 10 11 12 -2 -5 13 -1 15 16 17 -11 19 20 -17 -22
right_child=2 3 -4 4 -6 -7 -8 -9 -10 14 -12 -13 -14 -15 -16 18 -18 -19 -20 -21 21 -23
leaf_value=-0.011422136878602714 0.022022698444427159 0.0012163179225186884 1.1507718441644781 -0.017238669205009861 -0.0034371787866608254 0.19048862552974202 -0.026738456484732165 -0.0017169207897627058 -0.015277686993430179 0.005808719562257131 0.22940502327989412 -0.016949154595512609 -0.0017582821792125438 -0.043733231051755452 0.022712494006614604 -0.0029731562479736132 0.032033403412338263 -0.063981133308072022 0.01329042101006288 0.019099441105130847 -0.044583649178391513 -0.0084972996329618303
leaf_weight=308 639 142 3679 61 119 1420 88 892 79 526 913 279 600 59 1839 694 1733 448 256 627 506 363
leaf_count=308 639 142 3679 61 119 1420 88 892 79 526 913 279 600 59 1839 694 1733 448 256 627 506 363
internal_value=0.000998925 -0.000271759 0.00247059 -0.00410673 -0.00515293 0.00165456 -0.00634375 0.00105615 -0.00525 9.84431e-05 0.00172415 -0.00623913 -0.00114506 -0.00270968 0.000273617 5.42859e-06 0.000583333 -0.000539836 -0.000626887 -0.000916856 -0.00152232 -0.00250686
internal_weight=16270 8727 7543 768 626 3864 507 2444 419 7959 1552 340 967 367 6992 5153 2707 974 2446 2190 1563 869
internal_count=16270 8727 7543 768 626 3864 507 2444 419 7959 1552 340 967 367 6992 5153 2707 974 2446 2190 1563 869
is_linear=0
shrinkage=0.035


Tree=72
num_leaves=23
num_cat=0
split_feature=4 15 8 6 12 12 12 20 12 22 0 21 20 11 25 8 10 13 21 20 20 25
split_gain=24.4666 9.56152 3.59585 2.49597 2.22476 3.98126 2.15144 2.12889 2.05695 1.84421 1.632 2.0881 1.4734 1.39711 1.52018 1.37753 1.52504 1.18693 1.10918 1.07669 2.2939 1.17058
threshold=5.172349027628159 0.63961038961038974 11.214863099812341 4.8705795993534231 0.48171165642947372 0.65054217272638115 0.36714701646782166 12.500000000000002 1.2084359562332871 34795.000000000007 13.982558156555685 1.5000000000000002 8.5000000000000018 1.9793144565920449 195.50000000000003 6.1468904803555828 2.6457850574621076 0.69047619047619058 3.5000000000000004 10.500000000000002 23.500000000000004 171.00000000000003
decision_type=2 2 2 2 2 2 2 2 2 2 2 2 2 2 2 2 2 2 2 2 2 2
left_child=1 8 18 4 6 17 -3 -7 -1 -8 11 12 15 14 -14 -10 -17 -6 -2 -20 21 -21
right_child=2 3 -4 -5 5 7 9 -9 10 -11 -12 -13 13 -15 -16 16 -18 -19 19 20 -22 -23
leaf_value=-0.0067923543767629876 0.11942594199427162 -0.017588769792112154 0.81106933886714661 0.00085106987628736904 -0.019611812614154935 -0.0099356214036356826 -0.012318067427596656 -0.024794585471312261 -0.0095004208667400867 -0.016355934184669668 0.35443301736234095 0.019773436736905011 0.050016335998652323 0.072819150938869884 -0.018582092390642894 -0.28287562692866686 -0.083201309006727314 0.0032377447452053144 0.23030680344047769 -0.1703939930012848 0.19009462140270433 -0.039639210644986107
leaf_weight=1959 2202 91 3898 165 73 76 75 91 433 170 397 4157 136 520 657 54 197 140 272 48 230 271
leaf_count=1959 2202 91 3898 165 73 76 75 91 433 170 397 4157 136 520 657 54 197 140 272 48 230 271
internal_value=0.00105255 -0.000109515 0.00263081 -0.00357111 -0.00446116 -0.0025 -0.00655865 -0.00647093 0.000248679 -0.00826 0.000547743 0.000402906 -0.000520979 0.000154021 -0.000754386 -0.00183382 -0.00388281 0.000610092 0.00170839 0.000576271 -0.000290614 -0.00222531
internal_weight=16312 9391 6921 881 716 380 336 167 8510 245 6551 6154 1997 1313 793 684 251 213 3023 821 549 319
internal_count=16312 9391 6921 881 716 380 336 167 8510 245 6551 6154 1997 1313 793 684 251 213 3023 821 549 319
is_linear=0
shrinkage=0.035


Tree=73
num_leaves=23
num_cat=0
split_feature=8 15 9 23 12 12 9 20 6 12 9 20 20 20 15 8 25 23 11 23 8 5
split_gain=24.4318 8.88438 5.8639 3.21484 3.30607 4.55122 2.9431 2.32367 1.93272 1.55633 1.72976 1.54061 1.41568 2.01897 1.9114 1.91542 1.91196 1.16039 1.99345 1.1409 1.09507 1.09364
threshold=4.144865848437278 0.67261904761904778 13.566565517421449 22050.000000000004 0.65054217272638115 0.48171165642947372 0.17752100840336138 22.500000000000004 5.0238095238095246 2.8562778013060233 2.3928766644799593 12.500000000000002 22.500000000000004 11.500000000000002 0.044466403162055343 3.2829132324537063 299.00000000000006 27800.000000000004 1.4468609447374672 7350.0000000000009 0.42696347511940796 6.075782496068709
decision_type=2 2 2 2 2 2 2 2 2 2 2 2 2 2 2 2 2 2 2 2 2 2
left_child=1 9 7 -3 5 6 -5 8 21 10 19 -10 13 -12 15 17 -17 -15 -19 20 -1 -2
right_child=2 3 -4 4 -6 -7 -8 -9 11 -11 12 -13 -14 14 -16 16 -18 18 -20 -21 -22 -23
leaf_value=-0.031179794133084256 -0.0086727182124484194 0.0052269684516036887 1.2065405041514095 -0.016967443470000905 -0.023231396708670714 0.0028071649967986298 -0.015783814305869292 0.23223582989235475 0.23481167665694075 -0.072999092870643614 0.028822832623535986 0.03901803074023865 0.051565499921012233 0.037245134796449801 0.014087298385266079 -0.11537442063488332 -0.05170877316571771 0.02890780734445297 -0.059332176824774721 -0.0016826818111366866 -0.011143871048446535 0.087883505843733237
leaf_weight=86 1335 142 3656 179 90 177 196 1337 1203 62 1054 869 822 170 510 59 151 87 83 3460 301 421
leaf_count=86 1335 142 3656 179 90 177 196 1337 1203 62 1054 869 822 170 510 59 151 87 83 3460 301 421
internal_value=0.000968855 -0.000479565 0.00222309 -0.00399683 -0.00504714 -0.00391472 -0.00607895 0.00145551 0.00100717 -7.15327e-05 -1.64996e-05 0.00173062 0.000620027 0.000130486 -0.00093662 -0.00236486 -0.00496512 -0.00065942 -0.0027 -0.000507009 -0.00230357 0.000141113
internal_weight=16450 7629 8821 784 642 552 375 5165 3828 6845 6783 2072 2936 2114 1060 550 210 340 170 3847 387 1756
internal_count=16450 7629 8821 784 642 552 375 5165 3828 6845 6783 2072 2936 2114 1060 550 210 340 170 3847 387 1756
is_linear=0
shrinkage=0.035


Tree=74
num_leaves=23
num_cat=0
split_feature=5 7 21 8 12 12 12 12 8 6 10 7 20 8 21 20 20 12 10 25 5 22
split_gain=24.3566 10.6954 2.94164 2.84276 2.74035 2.90425 3.51888 2.45947 2.20698 2.06579 1.87184 1.8203 2.58138 1.80473 1.37484 1.35201 1.73275 1.23766 1.22667 1.14451 1.10992 0.937972
threshold=5.0127769206881263 0.57806881758180284 1.5000000000000002 11.786796536796539 0.48171165642947372 0.61376547493725109 0.77111377118713198 0.39002102778747993 13.890554007155268 5.0238095238095246 0.4879500364742671 9.575742840367413 13.500000000000002 0.43235786701983264 3.5000000000000004 11.500000000000002 23.500000000000004 0.91142077587019643 3.5590260840104397 600.00000000000011 2.1157541025137632 34795.000000000007
decision_type=2 2 2 2 2 2 2 2 2 2 2 2 2 2 2 2 2 2 2 2 2 2
left_child=1 2 -1 14 7 -6 10 -4 9 11 -7 -3 -13 -12 -2 -16 18 -8 -17 -18 -11 -9
right_child=3 8 4 -5 5 6 17 21 -10 20 13 12 -14 -15 15 16 19 -19 -20 -21 -22 -23
leaf_value=-0.0048405057342427778 0.13744952342071415 0.001326903107487634 -0.015425848318660559 0.89306479066315914 0.0027202825567416971 -0.012934962624694299 0.0076603608327093552 -0.014653760782626842 0.54579938178484555 -0.0058086572414841973 -0.024638856538110314 -0.17876332660469116 0.092497046568974617 -0.02128172926629 0.11512827982639003 -0.023902914725638609 0.22499546521734934 -0.026158038686694939 -0.16785166645637462 -0.12864544333824615 0.11384757680452587 -0.015231042987500804
leaf_weight=350 2057 6813 143 3455 180 119 153 66 606 181 46 154 126 68 408 244 184 74 78 46 605 120
leaf_count=350 2057 6813 143 3455 180 119 153 66 606 181 46 154 126 68 408 244 184 74 78 46 605 120
internal_value=0.00096975 -0.00012881 -0.00305589 0.0026354 -0.0040462 -0.00263178 -0.00410215 -0.00666467 0.000325677 0.000166033 -0.00708824 -2.07099e-05 -0.00276316 -0.0103235 0.00183223 0.000707254 -0.000395871 -0.000875 -0.00206575 0.0018617 0.00186283 -0.00932722
internal_weight=16276 9804 1319 6472 969 640 460 329 8485 7879 233 7093 280 114 3017 960 552 227 322 230 786 186
internal_count=16276 9804 1319 6472 969 640 460 329 8485 7879 233 7093 280 114 3017 960 552 227 322 230 786 186
is_linear=0
shrinkage=0.035


Tree=75
num_leaves=23
num_cat=0
split_feature=3 14 9 6 12 12 22 12 15 20 11 24 9 15 9 20 20 0 21 20 24 12
split_gain=21.3862 9.07562 4.46461 2.22478 2.32943 2.69392 2.08228 1.85648 3.48391 1.7256 1.69131 1.41869 1.19612 1.32297 0.999661 0.987823 1.58589 1.10407 1.04302 1.87285 1.22177 0.926669
threshold=6.8390138906295155 0.55050505050505061 13.975441294674999 3.9816512481064232 0.48171165642947372 0.36714701646782166 34795.000000000007 0.61376547493725109 0.67261904761904778 23.500000000000004 1.648284963642286 3555.0000000000005 2.1436720521541957 0.069047619047619066 6.0576699305884718 21.500000000000004 7.5000000000000009 2.6215405527133071 3.5000000000000004 12.500000000000002 6315.0000000000009 0.77111377118713198
decision_type=2 2 2 2 2 2 2 2 2 2 2 2 2 2 2 2 2 2 2 2 2 2
left_child=1 9 11 4 5 -3 -7 -6 21 12 -11 14 13 -1 -2 16 -13 -18 -19 -20 -21 -9
right_child=2 3 -4 -5 7 6 -8 8 -10 10 -12 15 -14 -15 -16 -17 17 18 19 20 -22 -23
leaf_value=-0.061677453658658982 0.071156604613798802 -0.014885943627507439 1.2886212174398612 1.16677770444076e-05 0.0026629220891742893 -0.0076049974198699804 -0.014697956482938274 -0.010761288005114028 -0.020789347123550923 0.0045478937161917881 0.093747426921451979 0.25446502507788871 0.0096116638067643735 -0.0024439427933246431 -0.10101528681941938 0.22727537230527745 -0.10399044941010861 0.11932281073151343 0.16070823673412182 -0.19378670613784699 -0.042674431086698626 0.0017308521212630085
leaf_weight=101 126 91 3277 270 187 70 183 121 155 1074 890 674 4500 1969 139 892 58 1089 117 67 187 176
leaf_count=101 126 91 3277 270 187 70 183 121 155 1074 890 674 4500 1969 139 892 58 1089 117 67 187 176
internal_value=0.000999391 -3.86028e-05 0.00253408 -0.00281558 -0.00358502 -0.00592693 -0.00775969 -0.00226087 -0.00346937 0.000368486 0.00127806 0.00162165 9.3156e-05 -0.000598795 -0.000777778 0.00183441 0.00141306 0.000765266 0.000967577 -0.000595745 -0.00231081 -0.00113576
internal_weight=16413 9787 6626 1253 983 344 253 639 452 8534 1964 3349 6570 2070 265 3084 2192 1518 1460 371 254 297
internal_count=16413 9787 6626 1253 983 344 253 639 452 8534 1964 3349 6570 2070 265 3084 2192 1518 1460 371 254 297
is_linear=0
shrinkage=0.035


Tree=76
num_leaves=23
num_cat=0
split_feature=4 15 9 22 12 12 12 21 12 9 21 20 24 20 11 25 23 10 22 23 24 25
split_gain=22.2811 10.6208 4.37466 2.98078 2.82622 3.72879 3.92977 2.33963 1.71357 1.4521 1.55639 1.46321 1.42297 1.27681 1.20777 1.6478 1.48409 1.18516 1.1176 1.7346 3.32404 1.64431
threshold=5.172349027628159 0.67261904761904778 14.150589420573777 17834.500000000004 0.65054217272638115 0.48171165642947372 0.39002102778747993 1.5000000000000002 0.81652188061227371 16.466148395640829 1.5000000000000002 9.5000000000000018 3792.0000000000005 13.500000000000002 1.7767208746144918 200.00000000000003 62950.000000000007 1.1126972805283728 4464.0000000000009 39000.000000000007 9795.0000000000018 200.00000000000003
decision_type=2 2 2 2 2 2 2 2 2 2 2 2 2 2 2 2 2 2 2 2 2 2
left_child=1 8 12 -3 5 6 -5 -8 -1 10 11 18 -2 -6 15 -13 -16 -17 -10 -20 21 -21
right_child=2 3 -4 4 13 -7 7 -9 9 -11 -12 14 -14 -15 16 17 -18 -19 19 20 -22 -23
leaf_value=-0.010033842694679225 -0.012884081806305155 0.00078033621106818351 1.3417025010156172 -0.014955655274438668 -0.020828310695709094 0.0020502860479218767 -0.018170276599296313 -0.014183528006035435 -0.13861595982606581 0.74607010967816645 0.0097485186669244439 0.030257720177079461 0.12045786059401074 -0.020988310970921457 0.065300136487755775 0.0035769715216314498 -0.064376008990081196 -0.033379316362931288 0.0043549229474875543 -0.034011754499555881 0.07812316926269755 -0.19154085305442167
leaf_weight=662 382 149 3023 194 48 174 45 127 46 288 5374 246 3555 49 549 195 75 425 389 71 173 141
leaf_count=662 382 149 3023 194 48 174 45 127 46 288 5374 246 3555 49 549 195 75 425 389 71 173 141
internal_value=0.000968722 -0.000139257 0.00246985 -0.00402212 -0.00505919 -0.00394954 -0.00593396 -0.00974859 0.000214319 0.000358468 0.000263558 -0.000491361 0.00168874 -0.0105686 0.000152174 -0.000679104 0.00132989 -0.001652 -0.00167576 -0.00130745 -0.00296154 -0.00585484
internal_weight=16380 9420 6960 786 637 540 366 172 8634 7972 7684 2310 3937 97 1490 866 624 620 820 774 385 212
internal_count=16380 9420 6960 786 637 540 366 172 8634 7972 7684 2310 3937 97 1490 866 624 620 820 774 385 212
is_linear=0
shrinkage=0.035


Tree=77
num_leaves=23
num_cat=0
split_feature=0 14 9 23 20 12 12 12 21 12 9 14 12 27 8 20 21 20 20 21 23 21
split_gain=22.0631 9.18261 3.60451 2.06029 1.65666 1.33048 3.34044 2.97794 1.72825 1.26138 1.72233 1.12109 1.09638 1.07931 1.07618 1.0539 0.97284 2.60453 1.82949 2.19889 1.37005 0.902517
threshold=6.9966807769941894 0.55050505050505061 14.341573472007314 40250.000000000007 22.500000000000004 0.48171165642947372 0.39002102778747993 0.65054217272638115 1.5000000000000002 4.3226062937579153 3.1832201304944365 0.75961538461538469 2.5065704709548395 3.5000000000000004 3.5008585782075321 22.500000000000004 1.5000000000000002 3.5000000000000004 10.500000000000002 3.5000000000000004 39000.000000000007 2.5000000000000004
decision_type=2 2 2 2 2 2 2 2 2 2 2 2 2 2 2 2 2 2 2 2 2 2
left_child=1 9 4 11 16 6 -5 -7 -8 10 14 -3 -4 -11 21 -12 17 -2 -18 -20 -19 -1
right_child=2 3 12 5 -6 7 8 -9 -10 13 15 -13 -14 -15 -16 -17 18 20 19 -21 -22 -23
leaf_value=-0.0034600784062740831 -0.24790115198618926 -0.014979652433865566 -0.06952175048041831 -0.013928136325602794 0.21730712008135716 0.0024561453615520971 -0.017534316918320941 -0.014478734889707898 -0.013687104525824193 -0.09090317271416623 0.025536411357588929 0.0027848686609879781 1.2374250108007161 0.18297462133133463 -0.0526938901081839 0.098074653209659204 0.22173437399376292 0.24082020287008979 0.082474215501448581 -0.07613786773272592 -0.014599563067241118 0.0076004437776435929
leaf_weight=2668 45 532 84 174 1013 128 45 57 116 200 1951 163 3257 67 74 623 1030 193 710 342 320 2551
leaf_count=2668 45 532 84 174 1013 128 45 57 116 200 1951 163 3257 67 74 623 1030 193 710 342 320 2551
internal_value=0.000988684 -0.00012198 0.00247485 -0.00295492 0.0017012 -0.00463333 -0.00597059 -0.00202632 -0.00957229 0.00030059 0.000383257 -0.00165 0.00331172 -0.00203309 1.84977e-05 0.00112505 0.00122401 -4.35167e-05 0.00157139 0.000519868 0.000662162 8.30782e-05
internal_weight=16343 9349 6994 1215 3653 520 335 185 161 8134 7867 695 3341 267 5293 2574 2640 558 2082 1052 513 5219
internal_count=16343 9349 6994 1215 3653 520 335 185 161 8134 7867 695 3341 267 5293 2574 2640 558 2082 1052 513 5219
is_linear=0
shrinkage=0.035


Tree=78
num_leaves=23
num_cat=0
split_feature=0 15 9 22 12 12 12 9 20 21 20 23 20 20 20 20 21 10 21 24 12 11
split_gain=23.1423 9.38173 4.08528 2.41195 2.97901 3.8628 4.44581 1.81683 1.65608 1.87094 1.88036 2.27195 1.71555 1.41637 1.28858 1.76948 1.96356 2.23454 1.38268 2.01002 1.99933 2.47845
threshold=6.9966807769941894 0.67261904761904778 13.773268587704081 17834.500000000004 0.61376547493725109 0.48171165642947372 0.39002102778747993 1.5388931825379748 18.500000000000004 1.5000000000000002 5.5000000000000009 62950.000000000007 10.500000000000002 14.500000000000002 23.500000000000004 11.500000000000002 1.5000000000000002 3.2071349029490954 3.5000000000000004 4472.0000000000009 3.2584896643638857 3.9755433509850646
decision_type=2 2 2 2 2 2 2 2 2 2 2 2 2 2 2 2 2 2 2 2 2 2
left_child=1 7 8 -3 5 6 -5 -1 9 10 -2 -12 -11 -6 15 16 17 -9 19 -17 -20 -22
right_child=2 3 -4 4 13 -7 -8 14 -10 12 11 -13 -14 -15 -16 18 -18 -19 20 -21 21 -23
leaf_value=-0.0058307060040342241 -0.20973612717679016 0.00064458838280377704 1.0832500119158939 -0.013354002894543226 -0.019812818281290792 0.0024000184249426695 -0.013208393685086747 0.0029249804000001252 0.16997011187515629 0.20427607102596954 0.099795182771960048 -0.11156374996293326 0.0068260957491650953 -0.019637690922524209 0.028558717178633612 -0.019931433169712614 0.045895247346246372 -0.091386151367019816 -0.017996540673126359 0.035759146842524979 -0.11810908535966541 0.010389856219569706
leaf_weight=1871 82 146 3541 192 62 145 166 577 1343 954 266 58 719 63 1513 1109 1837 129 574 919 63 49
leaf_count=1871 82 146 3541 192 62 145 166 577 1343 954 266 58 719 63 1513 1109 1837 129 574 919 63 49
internal_value=0.000895776 -0.000234076 0.00242509 -0.00391335 -0.00484913 -0.00352756 -0.00546694 9.55356e-05 0.00154931 0.000913628 -0.0011837 0 0.00143504 -0.00969231 0.000364207 0.000101102 0.000766484 -0.0007827 -0.000516182 -4.64829e-05 -0.00186903 -0.00607265
internal_weight=16378 9415 6963 774 628 503 358 8641 3422 2079 406 324 1673 125 6770 5257 2543 706 2714 2028 686 112
internal_count=16378 9415 6963 774 628 503 358 8641 3422 2079 406 324 1673 125 6770 5257 2543 706 2714 2028 686 112
is_linear=0
shrinkage=0.035


Tree=79
num_leaves=23
num_cat=0
split_feature=4 15 9 22 6 9 12 12 12 25 20 8 21 20 9 20 22 15 9 21 12 11
split_gain=23.8721 10.2569 4.148 2.78128 2.72949 2.19765 1.9176 5.02609 2.31442 1.43281 1.4178 1.54602 1.53725 2.33224 1.38531 3.05823 1.53362 1.38091 1.69369 1.71959 2.35058 1.21248
threshold=5.172349027628159 0.67261904761904778 12.007280625749726 17834.500000000004 4.8705795993534231 2.4444909400534773 0.65054217272638115 0.48171165642947372 0.39002102778747993 637.50000000000011 21.500000000000004 16.432500007793653 1.5000000000000002 11.500000000000002 6.0576699305884718 3.5000000000000004 22034.500000000004 0.10620300751879701 3.110641021714653 3.5000000000000004 2.3960670769776704 1.3665076434985421
decision_type=2 2 2 2 2 2 2 2 2 2 2 2 2 2 2 2 2 2 2 2 2 2
left_child=1 5 -2 -3 6 9 7 8 -5 -1 11 12 14 -14 -7 -16 -17 18 21 -20 -21 -15
right_child=2 3 -4 4 -6 10 -8 -9 -10 -11 -12 -13 13 17 15 16 -18 -19 19 20 -22 -23
leaf_value=-0.0063952528169662652 0.087073457464993592 0.00064030398362670293 0.84591162894465755 -0.013477332473634529 -0.016448327173458031 0.0023324812466573399 -0.021162223020207118 -0.00015779743832126654 -0.012745762088442312 0.03322781809648085 0.06576507011499641 0.62333647402112846 0.06063556853924125 0.0046277776674865439 -0.23550011816720853 0.35162519069688297 -0.064347071114959367 0.042548550380007391 0.069314236265972218 0.039750876606289884 -0.10131205218198244 -0.063230085899784766
leaf_weight=3528 3312 151 3599 134 136 716 80 156 129 420 1083 317 1132 71 73 82 418 149 297 71 113 202
leaf_count=3528 3312 151 3599 134 136 716 80 156 129 420 1083 317 1132 71 73 82 418 149 297 71 113 202
internal_value=0.000934958 -0.000206013 0.00249798 -0.00402212 -0.00503125 0.000139968 -0.00622222 -0.00508491 -0.00799254 -0.000466607 0.00065056 0.000312946 8.30581e-05 0.000686275 -0.000854714 -0.00213149 -0.00107426 -0.000624449 -0.00124967 0 -0.00261111 -0.00342446
internal_weight=16369 9458 6911 786 635 8672 499 419 263 3948 4724 3641 3324 2035 1289 573 500 903 754 481 184 273
internal_count=16369 9458 6911 786 635 8672 499 419 263 3948 4724 3641 3324 2035 1289 573 500 903 754 481 184 273
is_linear=0
shrinkage=0.035


Tree=80
num_leaves=23
num_cat=0
split_feature=3 13 9 12 6 5 12 12 12 6 20 11 20 20 21 25 22 21 25 10 12 21
split_gain=21.5554 10.0711 3.97613 2.37329 2.99235 1.84596 1.53463 1.40342 2.15673 2.43158 1.98075 3.93889 1.37867 2.78256 2.03129 1.91896 1.22155 1.10629 1.0348 1.02413 0.971916 0.947137
threshold=7.0056524229269748 0.53571428571428581 14.150589420573777 0.48171165642947372 4.8705795993534231 5.0127769206881263 0.31513608090833106 0.61376547493725109 0.77111377118713198 2.9974617545665088 12.500000000000002 0.61216151311894851 18.500000000000004 10.500000000000002 3.5000000000000004 324.00000000000006 34795.000000000007 1.5000000000000002 729.50000000000011 0.57735026918962606 0.41835467765518408 2.5000000000000004
decision_type=2 2 2 2 2 2 2 2 2 2 2 2 2 2 2 2 2 2 2 2 2 2
left_child=1 5 12 4 6 18 -3 -5 9 10 -9 -12 13 17 -15 -16 -8 -2 21 -10 -18 -1
right_child=2 3 -4 7 -6 -7 16 8 19 -11 11 -13 -14 14 15 -17 20 -19 -20 -21 -22 -23
leaf_value=-0.0062563279837570332 -0.054450180581488747 -0.012414906156657005 1.1207293544857746 0.0023095644093396278 -0.015395543336090153 0.060320674351415186 -0.010428595327565307 -0.0071487150295396224 0.013420360810138802 0.0046976282369121467 -0.0054727029725090389 -0.022531826474590434 0.18283252291717114 0.027605573647319869 -0.14711343374341393 0.081636966671082639 -0.012661595678560829 0.24989982574153935 0.028484443524012179 -0.011754196679872575 -0.01225561639737411 0.0051563595233328164
leaf_weight=3460 90 58 3191 223 134 1603 78 98 90 53 54 96 1100 576 155 71 131 893 1058 281 75 2806
leaf_count=3460 90 58 3191 223 134 1603 78 98 90 53 54 96 1100 576 155 71 131 893 1058 281 75 2806
internal_value=0.000903688 -7.03192e-05 0.00255608 -0.00285901 -0.00486798 0.000357367 -0.00658646 -0.00175 -0.00254874 -0.00473529 -0.00618379 -0.00869355 0.00159862 0.000977654 -0.000533457 -0.00331818 -0.00764187 0.0022247 0.000118911 -0.00068883 -0.00910663 -4.9673e-05
internal_weight=16374 10298 6076 1371 476 8927 342 895 672 301 248 150 2885 1785 802 226 284 983 7324 371 206 6266
internal_count=16374 10298 6076 1371 476 8927 342 895 672 301 248 150 2885 1785 802 226 284 983 7324 371 206 6266
is_linear=0
shrinkage=0.035


Tree=81
num_leaves=23
num_cat=0
split_feature=8 15 8 20 22 12 12 12 21 21 20 21 20 7 12 23 11 20 7 12 12 22
split_gain=22.3413 8.16416 6.43498 2.55152 2.51023 2.90369 3.37109 3.88314 1.57753 1.2822 2.73955 4.76902 1.79745 1.70979 1.52891 1.31708 2.39593 1.26882 1.17441 1.05698 1.76342 1.47657
threshold=4.144865848437278 0.67261904761904778 15.00474509636665 22.500000000000004 17834.500000000004 0.65054217272638115 0.48171165642947372 0.39002102778747993 2.5000000000000004 1.5000000000000002 10.500000000000002 3.5000000000000004 9.5000000000000018 6.1445103084033788 2.7494588394252824 62950.000000000007 3.6419411986894068 13.500000000000002 0.57806881758180284 4.8743476917955162 3.1752366222843702 47334.500000000007
decision_type=2 2 2 2 2 2 2 2 2 2 2 2 2 2 2 2 2 2 2 2 2 2
left_child=1 18 3 9 -3 6 7 -6 -9 12 -11 -12 13 -2 -15 -14 -17 -7 -1 20 -13 -22
right_child=2 4 -4 -5 5 17 -8 8 -10 10 11 19 15 14 -16 16 -18 -19 -20 -21 21 -23
leaf_value=-0.0086405356224581262 0.02415449389670888 0.0010697677587137707 1.1182291009665031 0.19819744874237766 -0.012115674833248314 -0.017908232628633187 0.0017332484597316494 -0.011924462193045706 -0.011826669821348669 0.20778244182746122 0.077968077707305003 0.0022560383119263837 0.14421695041225963 -0.21248897044029991 -0.050841388842667541 0.1352605566349708 -0.1397435769162616 -0.017534056902206187 0.00033604766066166265 0.0061950952404878487 -0.15555053369424929 -0.0091124892600473444
leaf_weight=568 222 149 3235 1478 200 45 174 66 101 1395 1071 143 503 86 196 56 48 47 6245 93 194 69
leaf_count=568 222 149 3235 1478 200 45 174 66 101 1395 1071 143 503 86 196 56 48 47 6245 93 194 69
internal_value=0.000881781 -0.000506579 0.00208312 0.00135303 -0.00388246 -0.00483856 -0.00374359 -0.00562634 -0.00952326 0.000892796 0.00127273 0.000255556 -0.000106631 -0.00165717 -0.00345122 0.00115523 -0.00227982 -0.0105722 -0.000113963 -0.00254167 -0.00331265 -0.00498881
internal_weight=16384 7595 8789 5554 782 633 541 367 167 4076 2965 1570 1111 504 282 607 104 92 6813 499 406 263
internal_count=16384 7595 8789 5554 782 633 541 367 167 4076 2965 1570 1111 504 282 607 104 92 6813 499 406 263
is_linear=0
shrinkage=0.035


Tree=82
num_leaves=23
num_cat=0
split_feature=4 7 9 21 24 5 9 11 8 7 22 23 23 22 10 15 20 9 9 9 0 20
split_gain=21.6264 9.19486 4.45278 2.75275 1.86313 1.66674 1.62448 1.31358 1.30221 2.26653 2.49446 3.7956 2.12305 1.29125 2.0963 2.06025 1.9314 1.60168 1.10828 1.01586 1.01327 0.957299
threshold=6.9904008156964954 0.57806881758180284 14.751408451061586 1.5000000000000002 3792.0000000000005 5.0127769206881263 6.8489486472039536 0.94204763427034732 16.432500007793653 9.575742840367413 22034.500000000004 42000.000000000007 62950.000000000007 34795.000000000007 0.63634792833626974 0.78416149068322993 11.500000000000002 0.21433156976657955 0.10912698412698414 4.1810376178695234 0.58874036821468489 22.500000000000004
decision_type=2 2 2 2 2 2 2 2 2 2 2 2 2 2 2 2 2 2 2 2 2 2
left_child=1 3 4 -1 6 8 19 13 9 -3 -11 -12 -13 14 20 -15 -16 18 -17 -2 -5 -6
right_child=2 5 -4 7 21 -7 -8 -9 -10 10 11 12 -14 15 16 17 -18 -19 -20 -21 -22 -23
leaf_value=-0.003510483438326543 -0.042508066126191575 0.0012950685661678447 1.174514853072494 0.0020693925423382405 0.08037522769488166 0.054659430121052989 -0.11888651786818955 0.017791398827600072 0.5050020330211753 0.30114709179230165 -0.29205150148645687 0.15117157209508639 -0.18471950820062399 -0.017281444486631027 -0.0081794739359944708 -0.011556335822010317 -0.023165959968876711 0.002215971091238029 -0.011439148389840602 0.18372577705749366 -0.017132171967229187 0.21901385666637654
leaf_weight=349 55 6883 2866 239 2137 1289 85 54 322 71 68 113 65 94 74 59 118 71 174 114 80 981
leaf_count=349 55 6883 2866 239 2137 1289 85 54 322 71 68 113 65 94 74 59 118 71 174 114 80 981
internal_value=0.000848161 -0.000149289 0.00246844 -0.00287813 0.00159298 0.000256466 -0.00122973 -0.00383988 5.44043e-05 -4.12906e-05 -0.00291304 -0.00458765 -0.00166393 -0.00415864 -0.00287597 -0.00570596 -0.00573858 -0.004089 -0.00547059 0.000683908 -0.00103704 0.00183013
internal_weight=16361 10123 6238 1312 3372 8811 254 963 7522 7200 317 246 178 909 511 398 192 304 233 169 319 3118
internal_count=16361 10123 6238 1312 3372 8811 254 963 7522 7200 317 246 178 909 511 398 192 304 233 169 319 3118
is_linear=0
shrinkage=0.035


Tree=83
num_leaves=23
num_cat=0
split_feature=3 14 9 6 12 12 9 14 12 20 8 23 20 20 21 20 21 12 11 25 21 12
split_gain=21.4346 11.1387 5.14631 3.07174 3.47346 1.97135 2.91568 2.11059 1.8234 1.73214 1.54334 1.50079 1.40761 2.60677 2.21907 1.13448 2.28046 1.72223 1.38595 1.19897 1.19469 1.63705
threshold=6.006203158824877 0.52272727272727282 15.414215686274511 1.6267793368529471 0.48171165642947372 0.61376547493725109 0.3956951516321271 0.78174603174603186 0.39002102778747993 23.500000000000004 3.1329770917418291 40250.000000000007 21.500000000000004 9.5000000000000018 3.5000000000000004 11.500000000000002 1.5000000000000002 0.91142077587019643 1.3259870882635925 499.50000000000006 3.5000000000000004 2.1661401781727538
decision_type=2 2 2 2 2 2 2 2 2 2 2 2 2 2 2 2 2 2 2 2 2 2
left_child=1 9 12 4 8 -6 7 -7 -3 15 -11 -10 13 -2 -15 16 -1 -17 19 -18 21 -19
right_child=2 3 -4 -5 5 6 -8 -9 11 10 -12 -13 -14 14 -16 17 18 20 -20 -21 -22 -23
leaf_value=-0.019541006665181243 0.20715010978956122 -0.011698467272941214 1.1300704742066308 -0.0050853908851816185 0.0021384121210807827 -0.017472572176996111 -0.013580630714697549 -0.0050829267039803139 -0.010805974777771451 0.0085817241244761071 0.12478068451244287 -0.01103877819619618 0.1720331581847257 0.046133582382421628 -0.073219578551580761 -0.020012893828344619 -0.015072579554049935 -0.0058884872998189071 0.044135013674104419 0.017923336357341512 -0.024343327699473061 0.05707628640350014
leaf_weight=1129 1108 140 2944 335 161 49 292 49 64 1306 649 134 1100 1183 392 151 526 1572 1508 245 663 662
leaf_count=1129 1108 140 2944 335 161 49 292 49 64 1306 649 134 1100 1183 392 151 526 1572 1508 245 663 662
internal_value=0.000835492 -0.000221473 0.00235101 -0.00333482 -0.00440828 -0.00260611 -0.00394304 -0.00907282 -0.00721429 0.000231226 0.00114286 -0.00943103 0.00148574 0.00103906 0.00011076 -4.27951e-05 0.000392763 -0.000535375 0.00103284 -0.00015335 -0.000335286 4.53329e-05
internal_weight=16362 9635 6727 1224 889 551 390 98 338 8411 1955 198 3783 2683 1575 6456 3408 3048 2279 771 2897 2234
internal_count=16362 9635 6727 1224 889 551 390 98 338 8411 1955 198 3783 2683 1575 6456 3408 3048 2279 771 2897 2234
is_linear=0
shrinkage=0.035


Tree=84
num_leaves=23
num_cat=0
split_feature=4 15 9 22 6 9 24 22 12 12 12 20 20 9 15 8 15 11 24 24 21 20
split_gain=22.5253 9.25603 4.75395 3.12154 3.21759 1.8353 1.82013 1.64244 1.60845 4.25847 3.41581 1.80197 1.46529 1.31614 1.27538 1.14921 1.13794 1.08388 1.51458 1.68455 1.05844 1.43495
threshold=6.9904008156964954 0.67261904761904778 14.751408451061586 17834.500000000004 1.707084485018058 2.1173161401228175 3555.0000000000005 5643.5000000000009 0.48171165642947372 0.61376547493725109 0.36714701646782166 14.500000000000002 22.500000000000004 6.8489486472039536 0.042572463768115944 16.575153934138797 0.15894736842105264 4.743528729544515 8120.5000000000009 10740.000000000002 3.5000000000000004 11.500000000000002
decision_type=2 2 2 2 2 2 2 2 2 2 2 2 2 2 2 2 2 2 2 2 2 2
left_child=1 5 6 -3 8 7 13 -1 10 -10 -5 -11 15 -2 -9 17 -14 -7 -19 -20 -8 -22
right_child=2 3 -4 4 -6 12 20 14 9 11 -12 -13 16 -15 -16 -17 -18 18 19 -21 21 -23
leaf_value=-0.01410149788195955 0.024180145971280376 0.0046468844394930682 1.1017053220901754 -0.011417174486320625 -0.0094143279788142225 0.0023946623502812798 0.15772490278962067 -0.037766524701833185 0.0026332263667874054 -0.016065053903404077 -0.010652721456819015 -0.015643662194995567 0.047487255054343806 -0.10328875079317823 -0.0010567311955156223 0.44021824541613086 -0.038422192974110932 0.049173417575131474 -0.25234649369368262 -0.041731516924315121 0.19725167125393003 -0.010977354944879204
leaf_weight=373 171 150 2912 88 156 4267 2196 95 117 51 179 48 1362 91 2551 310 67 131 56 80 325 560
leaf_count=373 171 150 2912 88 156 4267 2196 95 117 51 179 48 1362 91 2551 310 67 131 56 80 325 560
internal_value=0.000788416 -0.000233888 0.0024377 -0.00386146 -0.00492391 7.41638e-05 0.00152419 -0.000631944 -0.00632582 -0.00378507 -0.00820956 -0.00895192 0.000417012 -0.0012191 -0.000315541 0.000121984 0.00140098 -1.61929e-05 -0.00216176 -0.00469149 0.00176474 0.000707865
internal_weight=16336 10081 6255 789 639 9292 3343 3019 483 216 267 99 6273 262 2646 4844 1429 4534 267 136 3081 885
internal_count=16336 10081 6255 789 639 9292 3343 3019 483 216 267 99 6273 262 2646 4844 1429 4534 267 136 3081 885
is_linear=0
shrinkage=0.035


Tree=85
num_leaves=23
num_cat=0
split_feature=2 15 8 22 12 12 12 21 20 20 21 20 5 11 20 20 6 12 12 21 20 6
split_gain=21.16 8.62365 5.29464 2.95217 3.09346 4.23609 3.14771 2.26666 1.74971 1.2869 1.21666 4.73968 1.3511 1.13447 1.20784 1.11554 1.07021 1.03388 1.83157 1.00374 1.4664 0.929525
threshold=5.9978252760003432 0.67261904761904778 15.220948028251184 17834.500000000004 0.65054217272638115 0.48171165642947372 0.39002102778747993 1.5000000000000002 23.500000000000004 14.500000000000002 3.5000000000000004 11.500000000000002 6.8242843518242315 1.8232322463624386 19.500000000000004 1.5000000000000002 0.93388466792390412 4.8743476917955162 3.2584896643638857 1.5000000000000002 9.5000000000000018 10.946439606378263
decision_type=2 2 2 2 2 2 2 2 2 2 2 2 2 2 2 2 2 2 2 2 2 2
left_child=1 13 8 -3 5 6 16 -8 10 -6 12 15 -2 -1 19 -12 -5 18 -13 -15 -21 -20
right_child=2 3 -4 4 9 -7 7 -9 -10 -11 11 17 -14 14 -16 -17 -18 -19 21 20 -22 -23
leaf_value=-0.0014694583630086027 0.023407893567738928 0.0020655051970741856 1.0257773285557892 -0.010977709286632152 -0.015502777016784935 0.0021080676193745503 -0.014286078450954785 -0.01027966585753517 0.17432388115373348 -0.016095213848500864 -0.029212004562163434 0.020323330839556657 0.16157867004578344 -0.029567758696290088 0.06626154186769577 0.18678967765333132 0.0051930417891416355 0.00694633238573273 -0.16717808052083169 0.081368724898508493 -0.0073073799120878472 -0.032918142761740925
leaf_weight=5293 1232 149 3088 118 45 167 46 118 1141 49 81 110 1208 698 840 447 88 86 165 546 600 51
leaf_count=5293 1232 149 3088 118 45 167 46 118 1141 49 81 110 1208 698 840 447 88 86 165 546 600 51
internal_value=0.000904557 -0.000266834 0.00225427 -0.00376752 -0.00480975 -0.0036679 -0.00574 -0.00934024 0.00148166 -0.0106414 0.00107016 0 0.0014816 7.54198e-05 0.000662514 0.00218668 -0.00263744 -0.00279496 -0.00369033 0.00014954 0.000793658 -0.00552715
internal_weight=16366 8757 7609 780 631 537 370 164 4521 94 3380 940 2440 7977 2684 528 206 412 326 1844 1146 216
internal_count=16366 8757 7609 780 631 537 370 164 4521 94 3380 940 2440 7977 2684 528 206 412 326 1844 1146 216
is_linear=0
shrinkage=0.035


Tree=86
num_leaves=23
num_cat=0
split_feature=8 15 9 22 12 12 12 20 21 20 21 21 7 20 20 23 23 9 23 12 20 22
split_gain=21.2731 7.78187 6.35885 3.43171 3.46823 4.31503 3.47399 2.38358 2.01508 3.07479 4.70386 1.38557 1.36994 1.27876 1.06439 1.01854 2.1135 2.99816 1.43761 2.02008 1.27648 1.67593
threshold=4.144865848437278 0.67261904761904778 15.414215686274511 17834.500000000004 0.65054217272638115 0.48171165642947372 0.39002102778747993 21.500000000000004 1.5000000000000002 10.500000000000002 3.5000000000000004 1.5000000000000002 0.57806881758180284 16.500000000000004 12.500000000000002 39000.000000000007 42000.000000000007 8.1076388888888911 62250.000000000007 3.4046925276003348 5.5000000000000009 24335.000000000004
decision_type=2 2 2 2 2 2 2 2 2 2 2 2 2 2 2 2 2 2 2 2 2 2
left_child=1 12 7 -3 5 6 -5 8 13 -10 -11 -8 -1 15 -12 20 17 -17 -18 -20 21 -2
right_child=2 3 -4 4 -6 -7 11 -9 9 10 14 -13 -14 -15 -16 16 18 -19 19 -21 -22 -23
leaf_value=-0.0098729098972852904 -0.15596715873590933 0.0047686270610265685 0.99224342931756671 -0.010593528825875777 -0.01525771136517797 0.0021062628803614576 -0.013796053112207064 0.17110601009556248 0.19943214424347869 0.065850990172665699 0.026880653790992914 -0.0099197874033269181 -6.7945906294762965e-05 0.11459179649192448 -0.10827703322694458 -0.053125234474334621 0.08849077600298999 -0.18915490946721433 0.021420584316941948 -0.14192958986514004 0.18030610533211922 0.084029118038483813
leaf_weight=571 97 151 3141 207 93 172 46 1590 1441 969 91 120 6265 236 394 83 237 51 55 73 200 48
leaf_count=571 97 151 3141 207 93 172 46 1590 1441 969 91 120 6265 236 394 83 237 51 55 73 200 48
internal_value=0.000811153 -0.000536697 0.00199328 -0.00381738 -0.00493701 -0.00375455 -0.00585185 0.00127558 0.000809045 0.00129138 0.000141535 -0.00959941 -0.000152975 -0.000467742 -0.00264286 -0.0011172 -0.002125 -0.00581655 -0.000662162 -0.00360526 0.0003 -0.0021
internal_weight=16331 7625 8706 789 638 545 373 5565 3975 2895 1454 166 6836 1080 485 844 499 134 365 128 345 145
internal_count=16331 7625 8706 789 638 545 373 5565 3975 2895 1454 166 6836 1080 485 844 499 134 365 128 345 145
is_linear=0
shrinkage=0.035


Tree=87
num_leaves=23
num_cat=0
split_feature=4 15 9 22 6 12 5 3 12 12 12 9 7 22 23 23 9 21 25 21 0 7
split_gain=20.5001 8.7082 3.61745 2.54981 2.52534 2.20954 1.74707 1.44431 1.43826 4.84379 2.76167 1.14456 1.85087 1.4117 3.34551 1.50437 1.05131 0.973358 1.11199 1.05513 1.23425 0.946151
threshold=7.4963057118443892 0.67261904761904778 14.150589420573777 17834.500000000004 4.8705795993534231 6.6411069053247589 5.0127769206881263 3.0393224796967035 0.65054217272638115 0.48171165642947372 0.41835467765518408 16.610529248024637 9.575742840367413 22034.500000000004 42000.000000000007 62950.000000000007 1.8976505883434529 1.5000000000000002 171.00000000000003 2.5000000000000004 2.071354073411388 3.286381766263891
decision_type=2 2 2 2 2 2 2 2 2 2 2 2 2 2 2 2 2 2 2 2 2 2
left_child=1 6 5 -3 8 7 11 -2 9 10 -5 12 16 -14 -15 -16 -1 -18 19 20 -19 -21
right_child=2 3 -4 4 -6 -7 -8 -9 -10 -11 -12 -13 13 14 15 -17 17 18 -20 21 -22 -23
leaf_value=-0.0033823477528442001 -0.034941116292451765 0.0045762648582230352 0.94448554306689925 -0.0095878232727280126 0.0032089367290571175 -0.15679365576250601 0.056763500468920911 0.1142323036179422 -0.014864381276125225 0.0017420250399306204 -0.0095461828340886856 0.39528781726339479 0.19560463881263374 -0.27907697573225754 0.13045092750414572 -0.17907428843169507 -0.0056222995692661558 -0.074757087112844386 0.020684720627297818 0.065580174767558938 0.0054123706164836121 -0.039596591813845283
leaf_weight=2526 161 146 3065 185 121 45 1643 2479 90 161 75 291 79 70 131 72 1684 57 3075 139 58 89
leaf_count=2526 161 146 3065 185 121 45 1643 2479 90 161 75 291 79 70 131 72 1684 57 3075 139 58 89
internal_value=0.000897398 -7.52534e-06 0.00258167 -0.00356258 -0.00452198 0.00162639 0.000271348 0.00176654 -0.00558915 -0.00455164 -0.00746226 6.17449e-05 -1.53411e-05 -0.00248039 -0.00367626 -0.00121154 9.76681e-05 0.000388584 0.000729039 -0.00112644 -0.00379167 0.000195279
internal_weight=16442 10692 5750 778 632 2685 9914 2640 511 421 260 8271 7980 352 273 203 7628 5102 3418 343 115 228
internal_count=16442 10692 5750 778 632 2685 9914 2640 511 421 260 8271 7980 352 273 203 7628 5102 3418 343 115 228
is_linear=0
shrinkage=0.035


Tree=88
num_leaves=23
num_cat=0
split_feature=7 15 22 12 12 12 6 8 20 4 13 21 20 21 12 22 11 11 22 3 22 3
split_gain=18.8621 11.085 3.14319 3.87342 3.6182 3.3441 2.45969 2.43133 2.37893 1.87296 1.56547 1.53585 2.94687 2.00332 2.60711 1.5236 1.46342 1.79086 1.37681 1.3232 1.16158 1.54975
threshold=11.288630000435463 0.67261904761904778 17834.500000000004 0.65054217272638115 0.48171165642947372 0.36714701646782166 4.8705795993534231 3.0003337402748032 22.500000000000004 8.0097912782270964 0.69047619047619058 1.5000000000000002 11.500000000000002 3.5000000000000004 2.3253832818284836 3735.5000000000005 2.0068563793835712 1.8575654633281309 22034.500000000004 3.9929401464817613 5643.5000000000009 1.9815188507814125
decision_type=2 2 2 2 2 2 2 2 2 2 2 2 2 2 2 2 2 2 2 2 2 2
left_child=1 7 -3 4 5 -4 -7 15 11 18 -6 -9 -13 16 -15 -1 17 -14 -2 -16 21 -17
right_child=9 2 3 -5 10 6 -8 8 -10 -11 -12 12 13 14 19 20 -18 -19 -20 -21 -22 -23
leaf_value=0.076111769970011331 0.42278604219010335 0.0041265134219922416 -0.0092522494581825324 -0.014178203569281098 -0.019951867364234831 -0.0092370811290877087 -0.014191416173251524 -0.013838313496035396 0.10169447343561405 0.64151058498161528 0.002484949860027983 0.099503323450063852 0.010160451638270611 0.035417676887555094 -0.14240909953192232 -0.0047537379083510698 0.04674333705219999 -0.16649087575646537 0.0014720937596886324 -0.073593275911410835 -0.00055354173858121003 -0.042135120341940259
leaf_weight=234 319 150 133 90 52 169 62 1133 1449 3607 127 1641 109 145 49 312 825 49 457 318 4838 57
leaf_count=234 319 150 133 90 52 169 62 1133 1449 3607 127 1641 109 145 49 312 825 49 457 318 4838 57
internal_value=0.000859461 0.000136813 -0.0038731 -0.00494828 -0.00371715 -0.00570054 -0.0082161 0.000421354 0.000925302 0.00282201 0.000266304 0.000502808 0.000903693 -0.00021 -0.00198356 -0.000105398 0.000701417 -0.00229755 0.00121447 -0.00355645 -0.000233691 -0.00211497
internal_weight=16325 11942 783 633 543 364 231 11159 5718 4383 179 4269 3136 1495 512 5441 983 158 776 367 5207 369
internal_count=16325 11942 783 633 543 364 231 11159 5718 4383 179 4269 3136 1495 512 5441 983 158 776 367 5207 369
is_linear=0
shrinkage=0.035


Tree=89
num_leaves=23
num_cat=0
split_feature=8 15 9 20 21 20 21 22 12 12 12 20 23 10 21 7 10 25 9 1 12 22
split_gain=19.3221 7.542 6.22128 2.50207 3.10691 3.11312 3.58505 2.29644 2.30945 5.11882 4.40076 1.85496 4.56643 1.7166 1.66064 1.45608 1.88221 1.38295 2.05144 2.12703 1.07997 1.03377
threshold=4.144865848437278 0.67261904761904778 16.466148395640829 18.500000000000004 1.5000000000000002 10.500000000000002 3.5000000000000004 17834.500000000004 0.61376547493725109 0.48171165642947372 0.39002102778747993 8.5000000000000018 62950.000000000007 0.51639340459204475 1.5000000000000002 6.1445103084033788 2.4299715851758266 455.50000000000006 8.711667288956038 12.035714285714286 2.8562778013060233 33201.500000000007
decision_type=2 2 2 2 2 2 2 2 2 2 2 2 2 2 2 2 2 2 2 2 2 2
left_child=1 20 3 4 11 -6 -7 -3 9 10 -9 15 -13 -10 -12 -2 -17 18 21 -20 -1 -8
right_child=2 7 -4 -5 5 6 17 8 13 -11 14 12 -14 -15 -16 16 -18 -19 19 -21 -22 -23
leaf_value=-0.00019661813014795984 -0.0061804337714092298 0.00058767232621416865 1.0070050448097536 0.1400194170115486 0.19026060602399655 0.049490023564630489 0.10854465413888546 -0.0090026909965810614 -0.0050988250338240846 0.002397976614927003 -0.014365768209053359 0.10581637568389303 -0.11569022368572414 -0.01803591265609044 -0.0089137832895920272 -0.20259894008796428 -0.053243578324343364 0.0079189952769976937 -0.14354527570269371 -0.14672127545132083 -0.076685758665267056 -0.13205009627379502
leaf_weight=6819 214 149 2879 2247 1537 760 54 205 55 141 47 427 85 66 119 79 202 105 54 64 60 84
leaf_count=6819 214 149 2879 2247 1537 760 54 205 55 141 47 427 85 66 119 79 202 105 54 64 60 84
internal_value=0.000824543 -0.000458388 0.00194418 0.00128773 0.000715259 0.00134454 -4.35167e-05 -0.00370457 -0.00461912 -0.00347292 -0.00562234 -0.000926877 0.000521277 -0.009 -0.00980409 -0.00245 -0.00408741 -0.0029071 -0.00427778 -0.00759756 -8.43985e-05 -0.00115035
internal_weight=16452 7661 8791 5912 3665 2658 1121 782 633 512 371 1007 512 121 166 495 281 361 256 118 6879 138
internal_count=16452 7661 8791 5912 3665 2658 1121 782 633 512 371 1007 512 121 166 495 281 361 256 118 6879 138
is_linear=0
shrinkage=0.035


Tree=90
num_leaves=23
num_cat=0
split_feature=9 7 23 21 12 12 0 12 23 7 24 11 24 12 23 14 11 21 8 8 3 21
split_gain=19.6987 8.68788 2.63205 2.4583 2.36646 2.11646 2.04982 2.02043 1.93585 1.8889 1.92416 3.83349 1.72654 1.2464 1.32373 1.19936 1.17391 1.14475 1.04345 1.23574 1.0413 0.906191
threshold=10.262855816375051 0.57806881758180284 40250.000000000007 2.5000000000000004 0.48171165642947372 2.5065704709548395 12.600843035355068 0.36714701646782166 26000.000000000004 3.5326678522170591 4326.0000000000009 3.1908178702832077 4019.0000000000005 2.565674953785313 4900.0000000000009 1.0000000180025095e-35 4.6106660861790632 3.5000000000000004 0.21467522739749786 0.28288459797392906 5.9680479807034317 1.5000000000000002
decision_type=2 2 2 2 2 2 2 2 2 2 2 2 2 2 2 2 2 2 2 2 2 2
left_child=1 2 18 -4 7 8 17 -5 -2 13 11 12 -11 14 -3 -15 -12 20 -1 -20 -7 -16
right_child=5 9 3 4 -6 6 -8 -9 -10 10 16 -13 -14 15 21 -17 -18 -19 19 -21 -22 -23
leaf_value=0.0080755822719273864 0.54775792501460285 0.066725775850730459 -0.008602041272500905 -0.0086133265422658062 -0.0069104456323162014 -0.03689171009383635 0.64093953220150168 -0.0085044753506696314 -0.364651337986449 0.023543042031064266 0.075701720391300478 -0.10680994014158687 -0.094868956726345238 -0.068243761370141126 -0.010154773537235779 -0.010706632837703546 -0.033907936100872914 -0.00052231904154251025 -0.017513259495269311 -0.0048502495986276839 0.29941585023360667 0.00075500099055135798
leaf_weight=122 48 325 287 53 106 93 3415 134 61 761 3267 179 56 49 1234 63 220 381 48 581 840 3967
leaf_count=122 48 325 287 53 106 93 3415 134 61 761 3267 179 56 49 1234 63 220 381 48 581 840 3967
internal_value=0.00076143 -2.84104e-05 -0.00268263 -0.00445726 -0.00671812 0.00263277 0.00274588 -0.00907812 -0.00202632 0.000320067 0.000856284 -0.000486014 0.000519465 -0.00010358 -2.4679e-05 -0.00367949 0.00124485 0.00153639 -0.00126852 -0.00185489 0.00219403 -0.000164041
internal_weight=16290 11452 1331 580 293 4838 4729 187 109 10121 4483 996 817 5638 5526 112 3487 1314 751 629 933 5201
internal_count=16290 11452 1331 580 293 4838 4729 187 109 10121 4483 996 817 5638 5526 112 3487 1314 751 629 933 5201
is_linear=0
shrinkage=0.035


Tree=91
num_leaves=23
num_cat=0
split_feature=9 15 9 6 22 12 12 12 4 21 12 9 22 10 0 3 23 15 24 9 10 25
split_gain=18.0667 9.23664 3.23322 3.02119 2.6401 1.99915 4.40471 2.01954 1.74767 2.67603 1.76527 1.65605 1.16769 1.52018 1.28362 1.12194 2.56231 0.99653 0.835494 2.63528 1.60665 1.50353
threshold=8.8027167923669971 0.67261904761904778 16.466148395640829 3.9816512481064232 17834.500000000004 0.65054217272638115 0.48171165642947372 0.39002102778747993 5.0127769206881263 3.5000000000000004 6.0947887844857682 1.0014611999653302 54348.000000000007 1.2149857925879115 0.99491741027542968 5.0127769206881263 42000.000000000007 0.78416149068322993 4472.0000000000009 6.8489486472039536 0.97590007294853509 381.00000000000006
decision_type=2 2 2 2 2 2 2 2 2 2 2 2 2 2 2 2 2 2 2 2 2 2
left_child=1 11 8 4 -3 6 7 -6 15 -10 -11 -1 18 -14 -15 16 -2 -8 19 21 -20 -13
right_child=2 3 -4 -5 5 -7 17 -9 9 10 -12 12 13 14 -16 -17 -18 -19 20 -21 -22 -23
leaf_value=-0.0067693291377584463 -0.26393978721330197 -0.0042548209834210914 0.93814341306620608 0.0032964437861580757 -0.008870902334603907 -0.012830359849686779 -0.020100748611469203 -0.0083006693304736711 0.23032738276296813 0.03928265053906644 -0.14284142913616971 -0.0016978048746561837 0.0030867469269970516 0.012392610568672198 -0.03558746101076532 0.054734762646728649 0.057960612031460183 0.0026948329134763439 -0.053340666640898482 -0.10515042106702553 0.043803959083119758 0.021800063017111529
leaf_weight=976 72 135 2884 153 129 88 66 133 1705 624 51 2557 246 45 119 324 94 81 202 166 3525 1937
leaf_count=976 72 135 2884 153 129 88 66 133 1705 624 51 2557 246 45 119 324 94 81 202 166 3525 1937
internal_value=0.000823037 -3.54538e-05 0.00239998 -0.00367721 -0.00474176 -0.00591235 -0.00470048 -0.00738015 0.00155217 0.00194444 5.14707e-05 0.000257006 0.000410361 -0.00139157 -0.00395562 -0.000318182 -0.00264035 4.60528e-05 0.000501311 0.000183816 0.000892819 0.0003493
internal_weight=16312 10558 5754 785 632 497 409 262 2870 2380 675 9773 8797 410 164 490 166 147 8387 4660 3727 4494
internal_count=16312 10558 5754 785 632 497 409 262 2870 2380 675 9773 8797 410 164 490 166 147 8387 4660 3727 4494
is_linear=0
shrinkage=0.035


Tree=92
num_leaves=23
num_cat=0
split_feature=6 15 7 22 6 24 22 9 12 12 27 15 12 12 24 21 4 15 25 8 21 7
split_gain=19.8132 10.2819 3.4547 2.94766 2.67699 1.81179 2.18769 1.81981 3.51761 1.73685 3.44659 1.67541 2.54833 1.87046 1.4921 1.26006 1.20166 1.59814 1.42408 1.18225 1.16548 1.13512
threshold=10.441887007478826 0.67261904761904778 16.431122448979597 17834.500000000004 3.9816512481064232 4472.0000000000009 31797.000000000004 6.8489486472039536 3.9425126036632778 4.0802083829452469 2.5000000000000004 0.78416149068322993 0.48171165642947372 0.36714701646782166 9795.0000000000018 1.5000000000000002 5.9680479807034317 1.0000000180025095e-35 200.00000000000003 7.1428664606028081 2.5000000000000004 0.71213642240672326
decision_type=2 2 2 2 2 2 2 2 2 2 2 2 2 2 2 2 2 2 2 2 2 2
left_child=1 2 5 -3 11 7 -7 21 19 14 -11 -5 13 -13 15 16 17 18 -8 -9 -17 -1
right_child=-2 3 -4 4 -6 6 9 8 -10 10 -12 12 -14 -15 -16 20 -18 -19 -20 -21 -22 -23
leaf_value=-0.0062736529050568396 0.43033945683468805 0.0016884167742477365 0.59330914491507813 -0.013457548180684165 -0.010974656895350444 0.14613077620937778 -0.021974482842828602 -0.099908972155321157 0.10370868916871451 -0.16833522319345748 -0.017590905306272331 -0.0082915604945436681 0.0016948964469704433 -0.0080104464013967952 0.07932550042457244 0.027421819509565355 0.12951476234934467 -0.00036239689061343203 -0.11520389623224205 -0.20292490075273872 -0.0019128191352271835 -0.00017944775746616803
leaf_weight=523 3598 148 699 184 129 929 105 45 87 72 668 87 107 144 1519 615 131 300 179 72 1262 4823
leaf_count=523 3598 148 699 184 129 929 105 45 87 72 668 87 107 144 1519 615 131 300 179 72 1262 4823
internal_value=0.00066268 1.71824e-05 0.000274556 -0.00381343 -0.00482317 0.000125055 0.000559637 -0.000324482 -0.00353349 0.00025659 -0.00129195 -0.00593074 -0.0042551 -0.00628814 0.000540816 2.29112e-05 -0.00121528 -0.00190747 -0.00376644 -0.00740164 0.000505845 -0.000195571
internal_weight=16426 12828 12029 799 651 11330 5780 5550 204 4851 740 522 338 231 4111 2592 715 584 284 117 1877 5346
internal_count=16426 12828 12029 799 651 11330 5780 5550 204 4851 740 522 338 231 4111 2592 715 584 284 117 1877 5346
is_linear=0
shrinkage=0.035


Tree=93
num_leaves=23
num_cat=0
split_feature=9 15 22 0 6 4 20 15 20 7 20 15 12 12 11 8 25 12 9 11 8 7
split_gain=20.104 10.6916 2.86019 2.30872 2.14567 1.82839 1.72428 2.69856 1.65919 2.1581 1.72319 1.60772 2.16645 1.39826 1.09897 2.96983 1.69777 1.47514 1.60491 1.41576 1.09617 1.94169
threshold=10.262855816375051 0.67261904761904778 17834.500000000004 13.982558156555685 4.8705795993534231 5.172349027628159 22.500000000000004 0.15894736842105264 11.500000000000002 10.144011913910395 3.5000000000000004 0.78416149068322993 0.48171165642947372 0.31513608090833106 2.0927097374804693 3.2861431116147957 233.00000000000003 1.9120890816289537 3.8223362132145544 4.4753812819458796 3.0003337402748032 2.9713886012667774
decision_type=2 2 2 2 2 2 2 2 2 2 2 2 2 2 2 2 2 2 2 2 2 2
left_child=1 6 -3 5 11 -2 8 -8 10 14 -1 -4 13 -13 15 -10 -17 -18 -19 -16 21 -12
right_child=3 2 4 -5 -6 -7 7 -9 9 -11 20 12 -14 -15 19 16 17 18 -20 -21 -22 -23
leaf_value=-0.0084040130971673004 -0.031647628383519019 0.00063828397732153654 -0.013359907840764634 0.62894488492785794 -0.011856156361866835 0.22731639049953806 0.046119416282849726 -0.0066728787833483447 -0.0049348233922022243 -0.10834810937901446 0.0088388310484023101 -0.007711173914266338 0.00054987451523251898 -0.007730125561562615 0.020777544678790803 -0.13598983191447447 0.04721749448924998 -0.13686643907350268 -0.02085524997698035 -0.089634186863986803 0.078517038614413878 -0.027252789640772573
leaf_weight=1305 258 148 177 3261 133 1350 2117 690 1964 121 1245 62 105 175 1281 75 60 55 77 106 1415 116
leaf_count=1305 258 148 177 3261 133 1350 2117 690 1964 121 1245 62 105 175 1281 75 60 55 77 106 1415 116
internal_value=0.000713055 -8.81734e-05 -0.00397826 0.0025952 -0.00497032 0.00148202 0.000204759 0.000948435 -6.03833e-05 -0.000594551 0.000424866 -0.00598473 -0.00436743 -0.00619008 -0.000431824 -0.000914132 -0.00434926 -0.00236294 -0.00441971 0.000331897 0.000919993 0.000194729
internal_weight=16296 11427 800 4869 652 1608 10627 2807 7820 3739 4081 519 342 237 3618 2231 267 192 132 1387 2776 1361
internal_count=16296 11427 800 4869 652 1608 10627 2807 7820 3739 4081 519 342 237 3618 2231 267 192 132 1387 2776 1361
is_linear=0
shrinkage=0.035


Tree=94
num_leaves=23
num_cat=0
split_feature=8 15 22 4 21 9 21 9 3 12 10 12 12 9 11 21 7 7 22 0 25 22
split_gain=17.7228 10.4572 3.00097 2.91045 2.36332 1.92605 1.87814 1.6942 1.47929 1.39576 1.35364 1.18576 2.05509 1.07189 1.44197 1.05291 1.35999 1.0359 1.17141 0.971226 0.960729 0.921874
threshold=15.42678182849369 0.67261904761904778 34795.000000000007 5.172349027628159 2.5000000000000004 0.3585714285714286 3.5000000000000004 8.8960459183673475 5.7847660902793931 6.009705465540029 0.63634792833626974 0.48171165642947372 0.41835467765518408 13.199527588272966 4.3805890404412047 1.5000000000000002 0.57806881758180284 9.575742840367413 22034.500000000004 0.58874036821468489 180.50000000000003 16785.000000000004
decision_type=2 2 2 2 2 2 2 2 2 2 2 2 2 2 2 2 2 2 2 2 2 2
left_child=1 3 5 15 -4 -3 7 -5 21 13 -7 12 -6 -8 -15 17 19 20 -19 -17 -1 -2
right_child=8 2 4 6 11 10 9 -9 -10 -11 -12 -13 -14 14 -16 16 -18 18 -20 -21 -22 -23
leaf_value=0.033356632555520592 1.2768469384504855 0.0058292169810882852 -0.0079608471873905129 0.035348145801481649 -0.0075082324976751451 -0.003370192062985018 0.02171326242720913 0.19824657543661553 0.84441701319535334 -0.14524291679114384 -0.016532348150084895 -0.0068488265801349112 -0.0072710497956478869 -0.15313590598889729 0.013691779075737083 -0.0020382679124156819 0.0058561454576343559 0.23508452201419427 -0.12388713202979063 -0.015110175337550408 -0.0083471521504226414 -0.21826010209486757
leaf_weight=336 76 203 213 1461 108 45 1027 1523 2881 61 50 96 76 47 62 260 5310 50 184 115 1965 123
leaf_count=336 76 203 213 1461 108 45 1027 1523 2881 61 50 96 76 47 62 260 5310 50 184 115 1965 123
internal_value=0.000691743 0.00013181 -0.00375502 0.000382557 -0.0054257 -0.000889439 0.00113378 0.00160304 0.00308023 -2.32944e-05 -0.0049 -0.00755263 -0.00927778 0.000248466 -0.00294737 0 0.000264499 -0.00059252 -0.00279707 -0.00175 -0.00035516 6.86276e-05
internal_weight=16272 13192 791 12401 493 298 4181 2984 3080 1197 95 280 184 1136 109 8220 5685 2535 234 375 2301 199
internal_count=16272 13192 791 12401 493 298 4181 2984 3080 1197 95 280 184 1136 109 8220 5685 2535 234 375 2301 199
is_linear=0
shrinkage=0.035


Tree=95
num_leaves=23
num_cat=0
split_feature=9 15 22 24 9 22 12 24 21 5 21 10 4 22 12 12 12 11 24 24 7 25
split_gain=19.4257 9.63185 2.74579 2.65493 3.95875 1.94361 2.69247 1.91786 1.93226 1.88895 1.77344 1.55686 1.27191 1.33809 1.14176 3.33235 2.61237 1.11751 2.07655 1.09093 1.05738 1.2389
threshold=14.341573472007314 0.67261904761904778 17834.500000000004 4472.0000000000009 6.8489486472039536 31797.000000000004 6.7322703132498569 10740.000000000002 1.5000000000000002 5.9680479807034317 2.5000000000000004 1.4912589690331768 5.2852117926282993 19263.000000000004 0.48171165642947372 0.61376547493725109 0.41835467765518408 3.5025085394935593 8120.5000000000009 9795.0000000000018 0.71213642240672326 381.00000000000006
decision_type=2 2 2 2 2 2 2 2 2 2 2 2 2 2 2 2 2 2 2 2 2 2
left_child=1 3 -3 4 20 11 7 8 9 17 -4 -5 13 -2 16 -16 -12 19 -19 -7 -1 -22
right_child=12 2 10 5 -6 6 -8 -9 -10 -11 14 -13 -14 -15 15 -17 -18 18 -20 -21 21 -23
leaf_value=-0.007275184876502516 0.89206183361864877 0.0026471090942749255 -0.0084742224571586078 -0.1727273176675041 -0.12996927845322132 -0.027575860986230206 -0.1565178488002093 0.088522274707946338 0.012441731822281685 0.12808483428372458 -0.0071784946898483856 0.16939600018660775 0.78199385517859654 -0.068916223815369063 0.0019007182772445683 -0.012408429423695088 -0.0069499085508514481 -0.014605899611642931 -0.24355240507743597 0.16984521654887941 -0.004018185160965455 0.013545837996580773
leaf_weight=526 194 154 275 66 177 581 67 1631 2789 144 109 1133 3012 206 101 89 68 76 52 71 2760 2049
leaf_count=526 194 154 275 66 177 581 67 1631 2789 144 109 1133 3012 206 101 89 68 76 52 71 2760 2049
internal_value=0.000671717 4.95629e-05 -0.00366604 0.000296405 -0.000268352 0.000769841 0.00048209 0.000575154 0.000129909 -0.00124704 -0.00466847 0.00204651 0.00301858 0.00108025 -0.00628495 -0.00403846 -0.00842308 -0.00193949 -0.00492105 -0.00129452 -9.17602e-05 6.83425e-05
internal_weight=16330 12918 796 12122 5512 6610 5411 5344 3713 924 642 1199 3412 400 367 190 177 780 128 652 5335 4809
internal_count=16330 12918 796 12122 5512 6610 5411 5344 3713 924 642 1199 3412 400 367 190 177 780 128 652 5335 4809
is_linear=0
shrinkage=0.035


Tree=96
num_leaves=23
num_cat=0
split_feature=9 15 22 21 5 21 20 20 3 10 12 12 12 21 9 15 12 22 21 25 20 7
split_gain=17.441 10.7829 2.39885 2.74694 2.25623 2.77384 2.17712 3.76969 1.95395 1.89211 1.72896 3.00067 2.66516 1.14151 1.12481 1.08485 1.07449 1.03997 1.01436 1.22414 1.09158 1.28402
threshold=14.341573472007314 0.67261904761904778 17834.500000000004 2.5000000000000004 5.0127769206881263 3.5000000000000004 11.500000000000002 22.500000000000004 7.9556346757982341 2.2886885410853224 0.48171165642947372 0.61376547493725109 0.41835467765518408 4.5000000000000009 8.8960459183673475 0.78759398496240618 1.2084359562332871 16785.000000000004 1.5000000000000002 807.00000000000011 3.5000000000000004 6.4321428571428578
decision_type=2 2 2 2 2 2 2 2 2 2 2 2 2 2 2 2 2 2 2 2 2 2
left_child=1 4 -3 15 16 14 13 9 17 -8 12 -12 -5 -7 -6 -4 -1 -2 19 20 21 -18
right_child=8 2 3 10 5 6 7 -9 -10 -11 11 -13 -14 -15 -16 -17 18 -19 -20 -21 -22 -23
leaf_value=-0.0036644649742625592 1.3292545343802176 0.00043978633321049252 -0.010547602325323757 -0.0069272473757036922 0.040264259951129255 0.17099349846788048 0.015551870268628276 0.091871221925021146 0.72031969898153703 -0.13492313506244299 0.0018341931375410077 -0.012162406420314945 -0.006939952555570718 -0.030287077498968092 0.22042188872054805 0.0028321297946987869 -0.032253988325549737 -0.093162113580232062 0.010892757262021834 0.050869602255849099 -0.0075223874592800551 -0.3753511891006695
leaf_weight=2066 79 147 140 107 1329 364 109 268 3162 305 91 81 70 137 1209 143 197 164 4202 258 1716 48
leaf_count=2066 79 147 140 107 1329 364 109 268 3162 305 91 81 70 137 1209 143 197 164 4202 258 1716 48
internal_value=0.000697353 0.000110992 -0.00386607 -0.0047967 0.000367682 0.00108588 -0.000300505 -0.00159461 0.00292522 -0.00368377 -0.00688136 -0.00401412 -0.00938462 0.0014249 0.0017383 -0.00209028 5.02827e-05 -2.82257e-05 0.000275599 -0.000324191 -0.000630213 -0.0028
internal_weight=16392 12987 779 632 12208 3721 1183 682 3405 414 349 172 177 501 2538 283 8487 243 6421 2219 1961 245
internal_count=16392 12987 779 632 12208 3721 1183 682 3405 414 349 172 177 501 2538 283 8487 243 6421 2219 1961 245
is_linear=0
shrinkage=0.035


Tree=97
num_leaves=23
num_cat=0
split_feature=9 7 5 22 12 12 8 24 12 12 10 9 3 7 11 22 8 11 12 22 27 8
split_gain=17.2752 8.56277 2.64115 1.8074 1.8273 2.54365 2.07805 1.35576 0.963833 1.17241 0.929474 1.06214 0.820182 0.782898 1.69958 0.967173 0.775433 1.13304 1.02639 0.746285 1.74297 0.974503
threshold=16.466148395640829 0.57806881758180284 5.0127769206881263 34795.000000000007 0.48171165642947372 0.41835467765518408 0.42696347511940796 4472.0000000000009 3.1752366222843702 3.8637165141595209 0.53452248382485024 0.3585714285714286 7.2326461957764456 9.575742840367413 2.4345786037449493 19263.000000000004 4.144865848437278 3.5887260104967953 2.8562778013060233 15527.500000000002 3.5000000000000004 2.0714541544120011
decision_type=2 2 2 2 2 2 2 2 2 2 2 2 2 2 2 2 2 2 2 2 2 2
left_child=1 3 13 10 5 -5 -6 8 -4 -10 -1 -12 -2 16 -15 -16 18 -18 19 20 -3 -22
right_child=12 2 7 4 6 -7 -8 -9 9 -11 11 -13 -14 14 15 -17 17 -19 -20 -21 21 -23
leaf_value=-0.0017557418312595964 0.11559051363632883 0.048792540958785879 0.0054942204245921437 -0.006784220035366397 0.001769996377727074 -0.0066970542161257423 -0.019141815838082318 0.077791697610350707 -0.085759517707014232 0.192475752892934 0.0090806308565726367 -0.012324159024217032 0.8322814433379111 -0.23334307752402064 0.60201110477083597 -0.046792629746734871 0.066015660160550257 -0.025206640519278536 -0.048084643687936732 -0.0015712623884992203 0.0025870531534442488 -0.030423590126673151
leaf_weight=475 187 890 315 244 151 95 66 3647 73 46 47 236 2655 47 71 394 1258 336 56 4344 452 199
leaf_count=475 187 890 315 244 151 95 66 3647 73 46 47 236 2655 47 71 394 1258 336 56 4344 452 199
internal_value=0.000678771 0.000152785 0.000445109 -0.0025235 -0.00404902 -0.00565698 -0.00138739 0.00117009 -0.000645786 -0.00327419 -0.00136239 -0.00294097 0.00315578 7.47642e-05 -0.00123888 -0.000521276 0.000167109 0.00085147 -1.4127e-05 2.97115e-05 0.000692756 -0.000661585
internal_weight=16284 13442 12128 1314 556 339 217 4081 434 119 758 283 2842 8047 512 465 7535 1594 5941 5885 1541 651
internal_count=16284 13442 12128 1314 556 339 217 4081 434 119 758 283 2842 8047 512 465 7535 1594 5941 5885 1541 651
is_linear=0
shrinkage=0.035


Tree=98
num_leaves=23
num_cat=0
split_feature=9 15 8 20 20 21 21 12 6 22 15 12 20 3 22 9 8 11 22 15 3 24
split_gain=17.3837 10.3161 2.28755 3.31938 2.3442 3.48235 3.3357 2.6107 2.19797 2.12799 2.22764 2.44422 1.9399 1.86617 1.50239 1.3889 1.70396 2.01077 1.28558 1.37421 1.27704 1.23844
threshold=14.341573472007314 0.67261904761904778 3.0003337402748032 22.500000000000004 10.500000000000002 1.5000000000000002 3.5000000000000004 2.3253832818284836 1.707084485018058 17834.500000000004 0.78416149068322993 0.48171165642947372 3.5000000000000004 7.2326461957764456 3735.5000000000005 3.8223362132145544 3.2861431116147957 2.0545874192874614 5643.5000000000009 0.093073593073593086 1.0010887194926981 10740.000000000002
decision_type=2 2 2 2 2 2 2 2 2 2 2 2 2 2 2 2 2 2 2 2 2 2
left_child=1 2 14 4 5 21 15 -8 9 -3 -11 -12 -7 -2 -1 16 -6 -18 20 -20 -16 -4
right_child=13 8 3 -5 6 12 7 -9 -10 10 11 -13 -14 -15 18 -17 17 -19 19 -21 -22 -23
leaf_value=0.071381937493266642 0.009579296259462149 -0.005610961650001964 -0.053030555310512595 0.096897769641802634 0.038205705751725418 0.019788901007940042 0.015608164089779511 -0.079027787645717801 -0.006709174747896382 -0.011187706588723492 -0.0064626573185613415 0.0014437489323392999 0.19428521258145964 0.69815159282108441 -0.0034230505518400393 0.033388716751349627 -0.15361783285914002 -0.017165844391573259 -0.012583379789151873 0.0025572435616212216 -0.031806548218133959 0.16759265774655965
leaf_weight=221 246 125 515 1654 123 654 166 537 180 166 221 99 1142 3131 316 1589 77 114 1552 3321 59 114
leaf_count=221 246 125 515 1654 123 654 166 537 180 166 221 99 1142 3131 316 1589 77 114 1552 3321 59 114
internal_value=0.000644607 5.94596e-05 0.000313472 0.000748132 0.000296068 0.00108025 -0.000427614 -0.00248164 -0.00379899 -0.00479545 -0.00583809 -0.00393077 0.00186757 0.00287907 -0.000214834 0.00032652 -0.00176646 -0.00382143 -0.000337807 -0.000180812 -0.00230263 -0.00113722
internal_weight=16322 12945 12154 6685 5031 2425 2606 703 791 611 486 320 1796 3377 5469 1903 314 191 5248 4873 375 629
internal_count=16322 12945 12154 6685 5031 2425 2606 703 791 611 486 320 1796 3377 5469 1903 314 191 5248 4873 375 629
is_linear=0
shrinkage=0.035


Tree=99
num_leaves=23
num_cat=0
split_feature=9 15 9 23 6 20 20 6 12 12 9 10 12 11 4 12 8 3 20 10 23 5
split_gain=18.3585 8.57644 3.49083 2.17109 1.98466 1.84053 2.22253 2.29153 1.83581 3.723 3.37066 1.71942 1.37213 2.08682 1.42922 1.33635 1.33009 1.17531 1.11824 1.06958 1.02241 1.00681
threshold=8.8027167923669971 0.67261904761904778 16.466148395640829 22050.000000000004 1.707084485018058 18.500000000000004 11.500000000000002 5.0238095238095246 0.48171165642947372 0.61376547493725109 0.10912698412698414 0.51639340459204475 3.71516736035356 4.700362389583014 14.999072958688698 0.41835467765518408 3.7861431116147957 7.9556346757982341 23.500000000000004 3.9880774697543036 4900.0000000000009 12.619143737453959
decision_type=2 2 2 2 2 2 2 2 2 2 2 2 2 2 2 2 2 2 2 2 2 2
left_child=1 16 5 -3 8 6 7 -2 10 -10 -5 -11 -8 14 -14 -12 20 -4 21 -20 -1 -18
right_child=2 3 17 4 -6 -7 12 -9 9 11 15 -13 13 -15 -16 -17 18 -19 19 -21 -22 -23
leaf_value=0.042555254403524728 -0.031396974375750807 0.00041708817158131841 0.057628924820008899 0.011919955650066136 -0.01002757935651517 0.19742252792708068 0.10059816859763655 0.29127010759494626 0.0024044360042468167 -0.0032321790069690277 -0.0064761420936175719 -0.011209595551791589 -0.050714472456536749 0.0024573057660248008 -0.21768945372626855 -0.005903191782803293 0.013213853884139204 0.77871628707234619 0.11637290430304231 -0.15387808034101347 -0.0035681040239661614 -0.070163097191936974
leaf_weight=408 320 146 198 57 153 1145 170 758 125 52 122 50 158 287 52 81 2456 2687 617 63 6084 118
leaf_count=408 320 146 198 57 153 1145 170 758 125 52 122 50 158 287 52 81 2456 2687 617 63 6084 118
internal_value=0.000661292 -0.000206937 0.00224654 -0.00371239 -0.00458527 0.00137219 0.00064 0.00162558 -0.00567683 -0.00313793 -0.00772641 -0.0079486 -0.000927083 -0.00186853 -0.00447674 -0.00979327 7.5736e-05 0.00311246 0.000654035 0.00191606 -0.000211713 0.000310779
internal_weight=16307 10532 5775 786 640 2890 1745 1078 487 227 260 102 667 497 210 203 9746 2885 3254 680 6492 2574
internal_count=16307 10532 5775 786 640 2890 1745 1078 487 227 260 102 667 497 210 203 9746 2885 3254 680 6492 2574
is_linear=0
shrinkage=0.035


Tree=100
num_leaves=23
num_cat=0
split_feature=9 15 8 20 6 22 8 20 22 20 1 2 21 21 20 21 15 21 20 23 7 25
split_gain=17.1362 9.37705 2.83307 2.63453 2.29284 1.95132 1.29841 1.65565 1.21302 1.18844 1.39314 1.16659 1.02583 0.909298 5.68236 1.95044 1.57724 1.51067 1.37748 1.28449 0.865608 0.930024
threshold=15.684722134426346 0.67261904761904778 3.7861431116147957 21.500000000000004 1.707084485018058 17834.500000000004 3.5008585782075321 8.5000000000000018 3735.5000000000005 19.500000000000004 3.9929401464817613 6.9966807769941894 2.5000000000000004 3.5000000000000004 12.500000000000002 4.5000000000000009 1.0000000180025095e-35 1.5000000000000002 11.500000000000002 62950.000000000007 6.1445103084033788 248.50000000000003
decision_type=2 2 2 2 2 2 2 2 2 2 2 2 2 2 2 2 2 2 2 2 2 2
left_child=1 2 6 13 5 -3 8 -8 -1 10 -9 -2 -7 17 15 -15 -16 18 20 -20 -4 -22
right_child=11 4 3 -5 -6 12 7 9 -10 -11 -12 -13 -14 14 16 -17 -18 -19 19 -21 21 -23
leaf_value=0.048446746911365128 -0.076957200190203898 -0.0054291760782572392 0.0025690457795500298 0.11858119249284479 -0.0028786982968481245 -0.0060025161731772966 0.06619356068392844 -0.03628820075331448 -0.00098383431083012016 -0.013595998851822432 -0.15244951389801709 0.68299839936934248 -0.006663108166439613 0.12545986211049137 -0.12677221635811858 -0.052288021339441382 0.083072732392948642 0.077562645240891848 0.092108344668165198 -0.051498384603451457 -0.021424399115576167 -0.17212077892318875
leaf_weight=366 83 125 263 1687 176 149 77 69 5866 95 57 2995 329 569 371 129 53 1962 426 86 196 169
leaf_count=366 83 125 263 1687 176 149 77 69 5866 95 57 2995 329 569 371 129 53 1962 426 86 196 169
internal_value=0.000661872 0.000112476 0.000347582 0.000902806 -0.00359821 -0.00461678 -0.000152639 -0.00239109 -4.09651e-05 -0.00393363 -0.00611832 0.00301184 -0.00563043 0.000429534 -0.000413043 0.00150853 -0.0035979 0.000740103 -0.000259825 0.00106286 -0.00136572 -0.00245946
internal_weight=16298 13220 12441 5911 779 603 6530 298 6232 221 126 3078 478 4224 1122 698 424 3102 1140 512 628 365
internal_count=16298 13220 12441 5911 779 603 6530 298 6232 221 126 3078 478 4224 1122 698 424 3102 1140 512 628 365
is_linear=0
shrinkage=0.035


Tree=101
num_leaves=23
num_cat=0
split_feature=9 12 6 4 21 12 22 12 9 12 22 25 12 24 25 12 22 15 15 11 22 15
split_gain=16.2679 9.21293 3.88113 2.24328 2.20885 2.51991 2.20455 3.31015 1.77245 0.931904 1.12278 0.890763 0.841071 1.37982 0.871968 0.912611 0.794945 0.798713 1.82416 2.60641 1.01943 2.99831
threshold=16.466148395640829 0.48171165642947372 4.8705795993534231 5.2852117926282993 3.5000000000000004 6.009705465540029 34795.000000000007 0.36714701646782166 8.8960459183673475 3.6296836190780013 43337.000000000007 807.00000000000011 3.425993838083095 9795.0000000000018 455.50000000000006 4.0045216894378699 3735.5000000000005 0.75500000000000012 0.67261904761904778 0.61216151311894851 4464.0000000000009 0.46291208791208799
decision_type=2 2 2 2 2 2 2 2 2 2 2 2 2 2 2 2 2 2 2 2 2 2
left_child=1 2 6 11 8 -6 -1 -8 9 -5 -11 12 13 16 -14 -16 -3 18 20 -20 21 -18
right_child=-2 3 -4 4 5 -7 7 -9 -10 10 -12 -13 14 -15 15 -17 17 -19 19 -21 -22 -23
leaf_value=-0.0042042314368725001 0.70110906143820484 0.030300808971044771 -0.00044186315497080238 0.036018974037095766 0.00609936486044034 -0.17751042647742352 -0.0064670345789677305 -0.0057924281071160908 0.18740045352237616 -0.086785717887962563 0.041328022257426711 0.035850358922547572 -0.017549462161137789 0.068061614246025207 -0.12335891663526848 -0.084456103223438786 -0.043515221211742734 0.0025259971331816657 0.005827734350926839 -0.010005239705874584 -0.00014966174942527137 -0.0026110771914486307
leaf_weight=85 2872 476 170 1286 1197 63 86 184 1672 87 97 639 467 607 54 74 48 113 98 127 5662 274
leaf_count=85 2872 476 170 1286 1197 63 86 184 1672 87 97 639 467 607 54 74 48 113 98 127 5662 274
internal_value=0.000671137 0.000162737 -0.00435849 0.000347693 0.000990356 -0.000235178 -0.00641667 -0.00795455 0.00148697 0.000581356 -0.00168519 1.7816e-05 -8.08868e-05 1.88935e-05 -0.00134167 -0.00386842 -0.000121931 -0.000228465 -0.000285001 -0.00334783 -0.000164218 -0.00206575
internal_weight=16438 13566 525 13041 4402 1260 355 270 3142 1470 184 8639 8000 7405 595 128 6798 6322 6209 225 5984 322
internal_count=16438 13566 525 13041 4402 1260 355 270 3142 1470 184 8639 8000 7405 595 128 6798 6322 6209 225 5984 322
is_linear=0
shrinkage=0.035


Tree=102
num_leaves=23
num_cat=0
split_feature=9 12 6 0 12 22 12 12 5 20 20 21 7 20 8 12 21 24 11 11 22 12
split_gain=16.2155 7.76897 3.50707 2.16313 1.9605 1.68887 3.13842 1.51273 1.4754 1.31419 1.6644 2.45273 2.42234 1.80919 1.61224 2.63358 1.30394 1.25003 1.17203 1.65407 1.16597 2.23446
threshold=11.024257222202197 0.48171165642947372 4.8705795993534231 13.982558156555685 1.2084359562332871 34795.000000000007 0.36714701646782166 2.5065704709548395 7.2865913714874226 22.500000000000004 9.5000000000000018 1.5000000000000002 10.144011913910395 3.5000000000000004 11.214863099812341 3.71516736035356 2.5000000000000004 12965.500000000002 1.3985864135061359 2.0927097374804693 19263.000000000004 6.6411069053247589
decision_type=2 2 2 2 2 2 2 2 2 2 2 2 2 2 2 2 2 2 2 2 2 2
left_child=1 2 5 8 -3 -1 -7 -5 20 10 11 -6 17 16 15 -14 -13 18 -12 -20 -2 -22
right_child=3 4 -4 7 9 6 -8 -9 -10 -11 12 13 14 -15 -16 -17 -18 -19 19 -21 21 -23
leaf_value=-0.0037020055942305809 0.46011554072523486 -0.0039903553281954857 0.0061035847869897056 -0.16611096689253327 -0.030624573305376886 -0.0066769761356645415 -0.0055796106552835163 0.55123497512310837 0.23243729257449841 0.028796057115024459 0.019719570671697714 0.059529418917574947 -0.023442158672484437 0.08574427981839923 0.052087800015827614 -0.17632992056757682 -0.012445411746716206 0.10295900318476886 -0.02137118186464361 0.0094264087988061556 0.016574258861366559 -0.22636851051104545
leaf_weight=86 91 2322 163 89 666 92 173 3092 988 2339 546 220 87 1356 55 90 649 223 1276 1485 221 74
leaf_count=86 91 2322 163 89 666 92 173 3092 988 2339 546 220 87 1356 55 90 649 223 1276 1485 221 74
internal_value=0.000683 0 -0.00418786 0.00245614 0.000191404 -0.00613483 -0.00751852 0.00296171 0.0012665 0.000426753 0.000172424 0.000804903 -0.000309397 0.00136547 -0.00373629 -0.00534615 9.611e-05 -7.42573e-05 -0.00025151 -0.000549168 -0.000528133 -0.00163333
internal_weight=16383 11828 514 4555 11314 351 265 3181 1374 8992 6653 2891 3762 2225 232 177 869 3530 3307 2761 386 295
internal_count=16383 11828 514 4555 11314 351 265 3181 1374 8992 6653 2891 3762 2225 232 177 869 3530 3307 2761 386 295
is_linear=0
shrinkage=0.035


Tree=103
num_leaves=23
num_cat=0
split_feature=8 12 22 12 24 11 22 12 22 10 12 24 8 24 20 0 24 7 20 10 7 20
split_gain=15.8505 6.82979 3.47766 2.42537 2.21283 2.3071 1.9003 1.92516 1.38616 2.21103 1.39128 1.37872 1.70601 3.12608 1.39535 1.35697 1.26936 1.21376 1.10407 0.938796 0.90244 1.71727
threshold=11.214863099812341 0.48171165642947372 34795.000000000007 0.36714701646782166 4472.0000000000009 3.1908178702832077 16785.000000000004 3.085010526822328 31797.000000000004 1.4912589690331768 5.9012486132499458 12965.500000000002 7.9318006805211025 8120.5000000000009 11.500000000000002 11.00884074265187 4163.5000000000009 11.428755246468436 2.5000000000000004 2.7071139577407091 3.3710722829052542 17.500000000000004
decision_type=2 2 2 2 2 2 2 2 2 2 2 2 2 2 2 2 2 2 2 2 2 2
left_child=1 2 -1 -4 5 16 -2 -8 9 -6 11 12 20 -14 -15 -9 -3 -13 -18 -16 -10 -22
right_child=6 4 3 -5 8 -7 7 15 10 -11 -12 17 13 14 19 -17 18 -19 -20 -21 21 -23
leaf_value=0.00066695383327079055 1.2323441269942921 0.00083305509923428341 -0.0060317509678119987 -0.005398622457504206 -0.18629776444286802 -0.085245116459421774 -0.14943420004271193 0.046228951069021106 -0.00022837027356737433 0.15144272843783507 -0.20380031095161849 0.1344186391869544 0.084836675887784013 -0.056518225886237963 -0.0056738266339721793 0.26663047510848525 -0.020448740115613394 -0.074603458420551647 -0.0073896360739816591 -0.150094194061035 0.0054053729695850289 0.080618583121242385
leaf_weight=162 1556 4444 114 229 58 195 94 684 1702 780 53 722 282 137 46 2114 85 65 930 115 997 732
leaf_count=162 1556 4444 114 229 58 195 94 684 1702 780 53 722 282 137 46 2114 85 65 930 115 997 732
internal_value=0.000650788 -1.68311e-05 -0.00398039 -0.00595402 0.000159764 -0.000328415 0.00243106 0.00188108 0.000647875 0.00196382 0.000415157 0.000483136 0.000214393 -0.00152564 -0.00400825 0.00205155 -0.000189605 0.00182071 -0.00130392 -0.00619879 0.000515425 0.00107785
internal_weight=16296 11848 505 343 11343 5654 4448 2892 5689 838 4851 4798 4011 580 298 2798 5459 787 1015 161 3431 1729
internal_count=16296 11848 505 343 11343 5654 4448 2892 5689 838 4851 4798 4011 580 298 2798 5459 787 1015 161 3431 1729
is_linear=0
shrinkage=0.035


Tree=104
num_leaves=23
num_cat=0
split_feature=9 15 11 20 20 21 21 9 22 21 21 12 9 12 10 21 3 11 20 24 24 27
split_gain=15.9466 8.53094 2.25087 2.60367 3.13331 3.21217 3.12128 4.39929 2.1729 2.02222 1.89836 1.76205 3.10113 1.79482 1.74584 1.69498 1.60995 1.30464 1.21019 1.10958 1.07181 1.43761
threshold=16.466148395640829 0.67261904761904778 2.0927097374804693 18.500000000000004 11.500000000000002 1.5000000000000002 3.5000000000000004 12.76091540367271 17834.500000000004 2.5000000000000004 3.5000000000000004 0.48171165642947372 0.32393328502805191 0.41835467765518408 4.0777862680999357 4.5000000000000009 8.1083281831690481 2.8456416706332375 30.500000000000004 3438.0000000000005 12965.500000000002 3.5000000000000004
decision_type=2 2 2 2 2 2 2 2 2 2 2 2 2 2 2 2 2 2 2 2 2 2
left_child=1 2 -1 4 5 19 -6 17 -3 -10 18 13 -13 -11 -12 -7 -2 -8 -5 -4 21 -19
right_child=16 8 3 10 6 15 7 -9 9 11 14 12 -14 -15 -16 -17 -18 20 -20 -21 -22 -23
leaf_value=-0.0017125720523639392 0.054520485962413906 0.0021578669333787324 -0.068048565591064369 0.13110458330980251 -0.0030467230283846083 0.14181292222644537 0.016331260776022361 -0.23420554702574634 -0.0063611301884029725 -0.0057339910132079711 0.059470373493589739 6.9900908190089096e-05 -0.012497667175996242 -0.005176343383271071 -0.1472062234132504 -0.046772735918888808 0.67098826129052991 -0.15617086615702647 -0.035007329335038175 -0.0061077143751930131 0.067224387812056988 -0.0031406913648447253
leaf_weight=6418 227 142 140 1669 1070 1656 104 53 297 110 460 109 81 72 80 139 2633 104 106 588 57 48
leaf_count=6418 227 142 140 1669 1070 1656 104 53 297 110 460 109 81 72 80 139 2633 104 106 588 57 48
internal_value=0.000566227 6.16673e-05 0.000285855 0.000757525 0.00020661 0.000952532 -0.00109056 -0.00385849 -0.00340564 -0.00423739 0.00168966 -0.0059695 -0.00332051 -0.00847861 -9.63301e-05 0.00175 0.00293805 -0.00211321 0.00224157 -0.000988404 -0.00369626 -0.00519427
internal_weight=16363 13503 12692 6274 3959 2523 1436 366 811 669 2315 372 190 182 540 1795 2860 313 1775 728 209 152
internal_count=16363 13503 12692 6274 3959 2523 1436 366 811 669 2315 372 190 182 540 1795 2860 313 1775 728 209 152
is_linear=0
shrinkage=0.035


Tree=105
num_leaves=23
num_cat=0
split_feature=8 12 22 12 6 12 21 22 20 20 7 21 9 12 20 7 12 20 7 6 20 9
split_gain=14.6892 9.78388 3.53671 3.27797 2.34996 1.81959 1.71893 1.48083 1.18709 1.2126 3.46696 2.34963 1.65577 2.51985 1.33627 1.12059 2.23159 1.00407 0.989444 0.969844 0.862154 0.956217
threshold=11.214863099812341 0.48171165642947372 34795.000000000007 0.39002102778747993 12.035714285714286 2.074295209952568 1.5000000000000002 19263.000000000004 22.500000000000004 9.5000000000000018 10.287085137085139 1.5000000000000002 11.024257222202197 3.71516736035356 3.5000000000000004 8.9986595234537141 3.2017456766535917 30.500000000000004 2.8521287259842141 0.93388466792390412 18.500000000000004 12.215090180103827
decision_type=2 2 2 2 2 2 2 2 2 2 2 2 2 2 2 2 2 2 2 2 2 2
left_child=1 2 -1 19 7 -3 -5 -2 9 11 -11 -7 13 -12 15 16 -13 18 -10 -4 21 -9
right_child=4 5 3 6 -6 8 -8 20 17 10 12 14 -14 -15 -16 -17 -18 -19 -20 -21 -22 -23
leaf_value=-0.001059671782336109 0.61452933509276886 -0.0016789722866085593 -0.0059003251853516157 -0.0097214295167006165 0.51704944093252103 -0.035025482361773962 -0.0048052010581217377 0.071792191557246643 -0.021125887633290059 0.0046597001923159159 -0.030690659227440013 0.051435866298839457 0.069115473816126663 -0.17830320803216004 0.22703183787618048 0.14967611370495021 -0.13547224510177885 -0.044280710092128368 0.10380243859195959 0.017017618287408505 0.21373861460973834 -0.037923384026768391
leaf_weight=166 655 6376 114 50 2570 483 129 230 83 1807 73 203 48 85 693 164 78 76 1171 55 384 593
leaf_count=166 655 6376 114 50 2570 483 129 230 83 1807 73 203 48 85 693 164 78 76 1171 55 384 593
internal_value=0.000614665 -2.68571e-05 -0.00472736 -0.00671246 0.00233254 0.000186646 -0.0100054 0.00136288 0.000689575 0.000354905 -0.000211596 0.00106765 -0.00446209 -0.00616258 0.00193832 0.000388889 -0.000905594 0.00158614 0.00183201 -0.00293678 0.000612211 -8.45398e-06
internal_weight=16286 11854 514 348 4432 11340 179 1862 4964 3634 2013 1621 206 158 1138 445 281 1330 1254 169 1207 823
internal_count=16286 11854 514 348 4432 11340 179 1862 4964 3634 2013 1621 206 158 1138 445 281 1330 1254 169 1207 823
is_linear=0
shrinkage=0.035


Tree=106
num_leaves=23
num_cat=0
split_feature=9 15 6 12 9 9 20 12 22 20 21 21 12 22 3 20 11 12 11 23 9 27
split_gain=14.4787 8.95688 2.10836 2.38234 3.20785 1.9592 1.96343 1.59509 2.40401 1.59307 4.19131 3.73347 1.84807 1.54896 1.53075 1.46219 1.46006 1.33377 1.25192 1.15138 1.13634 1.08029
threshold=16.466148395640829 0.67261904761904778 1.707084485018058 0.48171165642947372 0.28576014119515097 4.3603896103896114 22.500000000000004 0.36714701646782166 34795.000000000007 10.500000000000002 3.5000000000000004 1.5000000000000002 3.71516736035356 17834.500000000004 8.1083281831690481 17.500000000000004 0.66883577989637522 2.8562778013060233 3.8352041938847621 41450.000000000007 11.28222510038432 3.5000000000000004
decision_type=2 2 2 2 2 2 2 2 2 2 2 2 2 2 2 2 2 2 2 2 2 2
left_child=1 5 3 7 -5 17 9 -3 -9 11 15 -7 -12 -6 -2 19 -15 21 -14 -11 -20 -1
right_child=14 2 -4 4 13 6 -8 8 -10 10 12 -13 18 16 -16 -17 -18 -19 20 -21 -22 -23
leaf_value=0.0030056685553706136 0.043435952590524907 -0.0058249696200932772 8.9861332736002785e-05 0.0019221318121964823 -0.0052411953157937277 -0.056548914606050486 0.1133191840562027 -0.011019945809018246 -0.0047763040263380484 0.070685705739576041 -0.019018437151897313 0.15625123359503548 -0.15046549958353655 -0.0039107263825838142 0.6335636517264065 0.092790218509011452 -0.0087182116051363872 -0.051450377341403515 -0.021339483305946268 -0.03230160685660953 -0.15041092186888916 -0.008366764548438271
leaf_weight=4923 210 92 183 137 64 573 1477 50 169 435 209 1494 69 45 2648 702 62 61 123 552 123 1917
leaf_count=4923 210 92 183 137 64 573 1477 50 169 435 209 1494 69 45 2648 702 62 61 123 552 123 1917
internal_value=0.000616033 0.000133866 -0.00343928 -0.00440865 -0.00209105 0.000362908 0.000839466 -0.00657911 -0.00821875 0.000453326 -0.000192516 0.00115203 -0.00291777 -0.00525 0.00287653 0.00064876 -0.00775 -3.24354e-05 -0.00459375 -0.000204637 -0.00319323 1.27832e-05
internal_weight=16318 13460 802 619 308 12658 5757 311 219 4280 2213 2067 524 171 2858 1689 107 6901 315 987 246 6840
internal_count=16318 13460 802 619 308 12658 5757 311 219 4280 2213 2067 524 171 2858 1689 107 6901 315 987 246 6840
is_linear=0
shrinkage=0.035


Tree=107
num_leaves=23
num_cat=0
split_feature=3 12 24 8 12 21 20 20 20 21 20 20 12 11 8 12 11 15 20 8 21 22
split_gain=14.5924 8.84813 4.43084 4.11316 3.05637 1.71792 1.24682 1.28964 1.73008 1.43791 1.20942 3.5101 1.56841 2.58765 1.48093 1.15379 1.51106 1.31666 1.05523 1.20694 1.20075 1.26795
threshold=7.0056524229269748 0.48171165642947372 4685.0000000000009 15.42678182849369 0.39002102778747993 1.5000000000000002 3.5000000000000004 10.500000000000002 23.500000000000004 1.5000000000000002 18.500000000000004 9.5000000000000018 3.7792168836356104 3.7974108994791695 14.071683673469389 0.99804889358803683 0.61216151311894851 0.23669467787114848 30.500000000000004 3.2861431116147957 2.5000000000000004 28242.500000000004
decision_type=2 2 2 2 2 2 2 2 2 2 2 2 2 2 2 2 2 2 2 2 2 2
left_child=1 2 -1 10 -4 -6 -3 9 15 -8 11 -2 -13 -14 -15 16 -9 -17 19 20 21 -10
right_child=3 6 4 -5 5 -7 7 8 18 -11 -12 12 13 14 -16 17 -18 -19 -20 -21 -22 -23
leaf_value=0.00080811614059775371 0.1430651761155512 -0.012284140566275741 -0.005687794343525357 0.57219741281540804 -0.009025398307107144 -0.0044697737397755444 -0.0088873204438720387 0.0027190646630246371 -0.012965469419257374 0.025660085273269604 0.10893985163421911 0.028537215975802943 -0.17967093800905309 -0.013351033707361645 -0.18714744826247401 -0.0074153324451973809 -0.011952701518537539 0.010188900371281881 -0.027519331885768935 0.10787694459902944 0.018221251258922839 0.0098826043511158496
leaf_weight=175 890 1293 188 2920 51 136 719 106 412 1541 1243 510 59 292 93 3045 450 352 153 679 733 312
leaf_count=175 890 1293 188 2920 51 136 719 106 412 1541 1243 510 59 292 93 3045 450 352 153 679 733 312
internal_value=0.000585652 -0.000209662 -0.00450901 0.00195725 -0.00663158 -0.00980729 3.2143e-05 0.000188022 -6.89129e-05 0.000903974 0.00105498 0.000471336 -0.000989051 -0.00250223 -0.00134615 -0.000514654 -0.0019902 -0.000265432 0.000692677 0.000900747 0.000316006 -0.000676955
internal_weight=16352 10345 550 6007 375 187 9795 8502 6242 2260 3087 1844 954 444 385 3953 556 3397 2289 2136 1457 724
internal_count=16352 10345 550 6007 375 187 9795 8502 6242 2260 3087 1844 954 444 385 3953 556 3397 2289 2136 1457 724
is_linear=0
shrinkage=0.035


Tree=108
num_leaves=23
num_cat=0
split_feature=6 15 22 8 20 8 3 20 21 20 21 7 8 8 24 25 11 11 21 21 7 7
split_gain=14.6163 9.48202 2.4594 1.95405 1.89202 2.36 1.3025 1.3073 2.21064 1.9971 1.74186 3.7664 1.77897 1.94938 1.44272 1.42233 1.97605 2.47462 1.29707 1.13531 1.16036 1.32941
threshold=10.441887007478826 0.67261904761904778 34795.000000000007 15.42678182849369 23.500000000000004 3.2861431116147957 15.022525042907136 11.500000000000002 1.5000000000000002 3.5000000000000004 3.5000000000000004 10.287085137085139 4.144865848437278 3.5008585782075321 3345.5000000000005 729.50000000000011 1.5424399110243752 1.7323070877902575 2.5000000000000004 3.5000000000000004 3.4294290803724485 2.9713886012667774
decision_type=2 2 2 2 2 2 2 2 2 2 2 2 2 2 2 2 2 2 2 2 2 2
left_child=1 4 -3 -2 6 -6 7 8 -1 -10 12 15 13 -9 -15 16 -12 -18 -4 20 21 -11
right_child=3 2 18 -5 5 -7 -8 10 9 19 11 -13 -14 14 -16 -17 17 -19 -20 -21 -22 -23
leaf_value=-0.024254262318559417 0.091697553231799178 -0.0046093548882322503 -0.0058861040148720104 0.59163925050101396 0.0012751465166567547 0.10962277395691512 0.15759102892115004 -0.0060704385584075867 -0.0039556189067642437 0.0070680759148078294 0.0024031538988588171 -0.14758315911118444 0.028519361589522171 -0.15266081357336972 -0.045581708153241217 0.066161155136126262 -0.099773859025453535 -0.042781916475216245 -0.00451446016908602 0.079731284519884191 0.15188951091698344 -0.050966603505809789
leaf_weight=1307 1264 286 221 2334 1487 1104 591 1841 1061 718 302 92 1390 46 110 129 56 458 274 618 583 111
leaf_count=1307 1264 286 221 2334 1487 1104 591 1841 1061 718 302 92 1390 46 110 129 56 458 274 618 583 111
internal_value=0.000520686 -3.2838e-05 -0.00375827 0.00248973 0.000209551 0.00104623 -1.93246e-05 -0.000128073 0.000296503 0.000809432 -0.000553962 -0.0018071 -0.000163031 -0.000835664 -0.00454348 -0.00110526 -0.00165834 -0.00297399 -0.00525 0.00145332 0.000881793 1.67867e-05
internal_weight=16383 12785 781 3598 12004 2591 9413 8822 4398 3091 4424 1037 3387 1997 156 945 816 514 495 2030 1412 829
internal_count=16383 12785 781 3598 12004 2591 9413 8822 4398 3091 4424 1037 3387 1997 156 945 816 514 495 2030 1412 829
is_linear=0
shrinkage=0.035


Tree=109
num_leaves=23
num_cat=0
split_feature=9 12 22 12 21 8 22 21 12 4 25 5 11 22 24 8 11 22 10 0 0 2
split_gain=14.5306 8.61912 3.4844 3.17641 3.17161 2.32634 1.80182 1.62918 2.87724 1.55764 1.24668 1.08819 1.50735 1.63144 1.32544 1.06241 1.2782 1.0425 1.03957 1.01115 0.963564 0.938711
threshold=16.466148395640829 0.48171165642947372 31797.000000000004 0.39002102778747993 1.5000000000000002 3.0003337402748032 3735.5000000000005 3.5000000000000004 6.009705465540029 10.394207867097037 171.00000000000003 8.0097912782270964 4.1595910618951262 22034.500000000004 3345.5000000000005 3.4291250319489515 2.0927097374804693 16785.000000000004 0.37796447300922686 13.272026472482283 15.022525042907136 5.9978252760003432
decision_type=2 2 2 2 2 2 2 2 2 2 2 2 2 2 2 2 2 2 2 2 2 2
left_child=1 2 18 -4 -5 6 -3 11 10 17 -9 12 14 -14 15 -7 -17 -2 -1 -19 -15 -21
right_child=9 5 3 4 -6 7 -8 8 -10 -11 -12 -13 13 20 -16 16 -18 19 -20 21 -22 -23
leaf_value=-0.013585162800555764 1.0006059869956319 0.064479036339036302 -0.0051216354490145931 -0.0085034210854533325 -0.0041073926587529806 0.022522677962455325 -0.0035027023269314688 -0.065065786792222788 -0.18970505076083413 0.60490183453413826 0.0072579107429933025 0.12363768659742799 0.28769966141830816 -0.079484886461918119 0.047520615459832938 -0.13722929482936361 -0.033709935061859812 -0.4186946819952001 0.0082774236718322989 -0.43123961895520951 0.073816778272761702 0.17971941330940935
leaf_weight=58 173 237 182 46 123 176 5512 182 68 2406 1697 1617 113 377 2726 49 131 54 105 45 86 122
leaf_count=58 173 237 182 46 123 176 5512 182 68 2406 1697 1617 113 377 2726 49 131 54 105 45 86 122
internal_value=0.000509208 3.11343e-05 -0.00439017 -0.00633146 -0.00977586 0.00020931 -0.000313868 0.000628131 -0.000229508 0.00280125 2.60086e-05 0.000947917 0.000604832 -0.00101807 0.000914966 -0.00105679 -0.00293243 0.000692983 -4.16665e-05 -0.000836283 -0.0019594 0.000447675
internal_weight=16285 13485 514 351 169 12971 5749 7222 1947 2800 1879 5275 3658 576 3082 356 180 394 163 221 463 167
internal_count=16285 13485 514 351 169 12971 5749 7222 1947 2800 1879 5275 3658 576 3082 356 180 394 163 221 463 167
is_linear=0
shrinkage=0.035


Tree=110
num_leaves=23
num_cat=0
split_feature=6 12 24 12 0 12 12 22 5 21 24 20 12 22 24 12 11 10 20 20 22 10
split_gain=13.8779 10.7204 3.94741 2.90977 2.25631 1.57297 1.56506 1.55024 1.46359 1.45324 1.14847 0.977692 0.96667 0.918942 1.04422 1.60367 1.20846 1.32583 1.33512 1.30554 1.17556 1.32243
threshold=10.441887007478826 0.48171165642947372 4685.0000000000009 0.39002102778747993 13.982558156555685 6.6411069053247589 0.99804889358803683 43337.000000000007 13.32559790105371 1.5000000000000002 12965.500000000002 4.5000000000000009 0.61376547493725109 15527.500000000002 4472.0000000000009 3.2017456766535917 2.4641586606218087 1.154700538379253 9.5000000000000018 3.5000000000000004 31797.000000000004 2.9358214555806348
decision_type=2 2 2 2 2 2 2 2 2 2 2 2 2 2 2 2 2 2 2 2 2 2
left_child=1 2 -1 11 5 6 12 -7 -2 -5 13 -4 -3 -8 15 16 17 -15 19 -19 -16 -22
right_child=8 4 3 9 -6 7 10 -9 -10 -11 -12 -13 -14 14 20 -17 -18 18 -20 -21 21 -23
leaf_value=-0.00049722542347950755 0.11786922711292538 0.0024354698817787659 -0.056278789542935727 -0.009282655492142312 0.13197426130176226 -0.027757500573877256 0.01301097300014894 -0.19143384771223437 0.4697218726598934 -0.0039635667393311874 0.11164307744498901 -0.0051514581896323769 -0.0066963855108912599 0.0050792107056567793 0.10027114539552029 -0.096348682185724593 0.062978266540142061 -0.022368237620158105 -0.020504750830378279 0.053494324760253148 0.0083430739383864184 -0.029686910869962491
leaf_weight=176 1270 298 48 48 1133 105 1572 67 2284 130 622 141 1092 933 762 149 273 249 1027 339 2794 822
leaf_count=176 1270 298 48 48 1133 105 1572 67 2284 130 622 141 1092 933 762 149 273 249 1027 339 2794 822
internal_value=0.000524604 -1.2319e-05 -0.00480292 -0.00684946 0.000200703 4.6944e-05 0.000101445 -0.00322316 0.00245757 -0.0100792 0.000262858 -0.00353608 -0.000991039 0.000158824 -3.33184e-06 -0.000511765 -0.000314579 -0.000557971 -0.00116667 0.000135751 0.000337782 6.86276e-05
internal_weight=16334 12780 543 367 12237 11104 10932 172 3554 178 9542 189 1390 8920 7348 2970 2821 2548 1615 588 4378 3616
internal_count=16334 12780 543 367 12237 11104 10932 172 3554 178 9542 189 1390 8920 7348 2970 2821 2548 1615 588 4378 3616
is_linear=0
shrinkage=0.035


Tree=111
num_leaves=23
num_cat=0
split_feature=9 15 23 21 20 20 21 12 20 21 12 8 9 21 7 10 5 20 12 10 25 12
split_gain=15.2701 8.53674 3.1154 1.64876 1.47908 2.19243 2.39658 3.85749 2.25195 2.42354 2.18835 1.54681 1.50065 1.42171 1.7164 1.38267 1.29696 1.30445 1.25206 1.95618 1.12708 3.01658
threshold=16.466148395640829 0.67261904761904778 40250.000000000007 2.5000000000000004 23.500000000000004 11.500000000000002 3.5000000000000004 3.2584896643638857 3.5000000000000004 2.5000000000000004 0.99804889358803683 2.8575374472806065 8.3080451137937903 3.5000000000000004 2.4068986874220459 4.3534332373864322 2.6558297365382098 20.500000000000004 3.3250015042352929 3.2877840272018823 807.00000000000011 8.0938199012078709
decision_type=2 2 2 2 2 2 2 2 2 2 2 2 2 2 2 2 2 2 2 2 2 2
left_child=1 4 -3 -4 5 8 10 -8 15 -10 16 13 18 14 -11 -1 17 -7 -6 -20 -2 -22
right_child=20 2 3 -5 12 6 7 -9 9 11 -12 -13 -14 -15 -16 -17 -18 -19 19 -21 21 -23
leaf_value=-0.017575159334726 0.63741001159813848 -0.0043420177542234286 -0.004371833990810565 -0.0040962142093778778 0.014614225343881447 -0.023010030129043783 -0.0057237295997379306 -0.090348549522577107 0.0024452621321557652 0.0013835478887204479 0.0033074795632421694 0.18067176371107246 0.19384490076369421 0.045389360063384246 -0.050043163913676462 0.13166118518140776 0.011623647324627777 -0.0015772827801906382 0.012929939652626687 -0.25906696258600254 0.22224601464685834 -0.36747878971920833
leaf_weight=1344 2572 289 216 278 2048 137 782 393 1711 259 3419 1028 759 265 67 160 108 64 113 46 223 50
leaf_count=1344 2572 289 216 278 2048 137 782 393 1711 259 3419 1028 759 265 67 160 108 64 113 46 223 50
internal_value=0.00050906 1.58255e-05 -0.00351777 -0.00519739 0.000236308 2.58675e-05 -0.00049348 -0.00186864 0.00055621 0.00106522 -5.34421e-05 0.00203448 0.000920061 0.000563759 -0.000941087 -0.000558979 -0.0028535 -0.00448544 0.000446203 -0.00247561 0.00283684 0.000604317
internal_weight=16331 13486 783 494 12703 9737 4903 1175 4834 3330 3728 1619 2966 591 326 1504 309 201 2207 159 2845 273
internal_count=16331 13486 783 494 12703 9737 4903 1175 4834 3330 3728 1619 2966 591 326 1504 309 201 2207 159 2845 273
is_linear=0
shrinkage=0.035


Tree=112
num_leaves=23
num_cat=0
split_feature=9 12 22 12 21 12 20 20 21 9 21 8 11 5 25 15 12 0 11 9 12 20
split_gain=12.7781 8.27554 3.54444 2.99785 2.07406 1.72674 1.46242 2.53675 1.9744 4.17752 1.83235 1.67899 1.52104 1.49304 1.35433 1.48736 1.34919 1.33213 1.42406 1.18698 1.05426 1.01043
threshold=16.610529248024637 0.48171165642947372 31797.000000000004 0.39002102778747993 1.5000000000000002 1.2084359562332871 19.500000000000004 11.500000000000002 3.5000000000000004 13.199527588272966 1.5000000000000002 8.4219707518794262 1.4868142880410111 12.996151141142256 233.00000000000003 1.0000000180025095e-35 2.5065704709548395 7.9712513399742182 2.5607320462505196 12.583321449021946 5.1395437612930941 30.500000000000004
decision_type=2 2 2 2 2 2 2 2 2 2 2 2 2 2 2 2 2 2 2 2 2 2
left_child=1 2 -1 -4 -5 -3 7 10 -9 12 17 13 -10 -12 15 -14 -2 -7 -19 20 21 -8
right_child=16 5 3 4 -6 6 19 8 9 -11 11 -13 14 -15 -16 -17 -18 18 -20 -21 -22 -23
leaf_value=-3.5341837755728022e-05 -0.14665459477996304 -0.0032350681761515003 -0.0037907397392100777 -0.0077279016795926761 -0.003671894890141665 0.0024114057775419212 0.027928370121199152 -0.003132951148424201 0.037579524471630689 -0.23937918010964937 0.020134024431853175 0.19045642087017992 -0.11750399511226571 -0.19477911921832672 -0.028535214311909068 -0.009834114104004435 0.54618067656040958 -0.17495736510068768 -0.10215553896945154 0.3398835960732467 -0.15130820831008704 -0.037999708460833947
leaf_weight=172 77 2295 168 50 115 733 3259 2119 74 51 2063 987 117 47 347 83 2704 55 183 426 59 144
leaf_count=172 77 2295 168 50 115 733 3259 2119 74 51 2063 987 117 47 347 83 2704 55 183 426 59 144
internal_value=0.000562083 0.000116736 -0.0042549 -0.00633728 -0.00967647 0.000288917 0.000475912 0.00016521 -0.000643419 -0.00229025 0.000724405 0.00114184 -0.00142013 0.000570922 -0.00207971 -0.00435366 0.00272111 -0.000588115 -0.00283745 0.00101862 0.000794491 0.000881162
internal_weight=16328 13547 505 333 165 13042 10747 6859 2791 672 4068 3097 621 2110 547 200 2781 971 238 3888 3462 3403
internal_count=16328 13547 505 333 165 13042 10747 6859 2791 672 4068 3097 621 2110 547 200 2781 971 238 3888 3462 3403
is_linear=0
shrinkage=0.035


Tree=113
num_leaves=23
num_cat=0
split_feature=9 15 22 6 25 10 8 20 20 21 21 9 20 10 21 20 23 5 20 22 10 10
split_gain=12.8941 7.2569 2.25535 1.66794 1.51414 1.73256 1.50593 1.6624 1.76088 3.48865 3.18489 1.81976 1.4209 1.32953 1.32918 1.25333 1.48798 1.01491 1.0142 0.972936 2.14383 0.873913
threshold=16.466148395640829 0.67261904761904778 17834.500000000004 1.707084485018058 807.00000000000011 7.8269983038521032 4.144865848437278 22.500000000000004 10.500000000000002 3.5000000000000004 1.5000000000000002 13.199527588272966 3.5000000000000004 0.37796447300922686 2.5000000000000004 17.500000000000004 41450.000000000007 13.563206108273512 30.500000000000004 31797.000000000004 7.8269983038521032 4.2761798705987912
decision_type=2 2 2 2 2 2 2 2 2 2 2 2 2 2 2 2 2 2 2 2 2 2
left_child=1 6 -3 13 17 -6 -1 8 10 15 -8 -11 14 -4 -12 16 -10 19 -9 -2 -21 -16
right_child=4 2 3 -5 5 -7 7 18 9 11 12 -13 -14 -15 21 -17 -18 -19 -20 20 -22 -23
leaf_value=-0.0004656125873712389 0.69003374825302377 0.0039080556217756792 -0.0030667823610042257 -0.0074574176516434302 0.1692876635538845 -0.35584279201571778 -0.051054912876166203 0.12204516292638297 0.061050779776666286 -0.046036673895472613 0.17722418845947993 -0.21280533298396215 0.24160605682566244 -0.0044762689980317495 -0.060505445623453516 0.097101529516021745 -0.033941142001127668 0.6658643306967984 -0.044194523659220837 0.26291332452858363 -0.31610243216067829 0.099177887702553008
leaf_weight=6872 478 156 127 151 223 50 587 1404 449 469 161 72 989 345 266 724 561 1914 98 158 54 127
leaf_count=6872 478 156 127 151 223 50 587 1404 449 469 161 72 989 345 266 724 561 1914 98 158 54 127
internal_value=0.000523723 7.04491e-05 -0.00319643 -0.00413535 0.0026499 0.00010072 0.000272137 0.000682003 0.000333333 -0.000337719 0.00105738 -0.00278205 0.0018947 -0.00515828 0.000432022 0.000420644 -0.000362069 0.00290974 0.00168845 0.00168705 -0.000209677 -0.000633166
internal_weight=16435 13558 779 623 2877 273 12779 5907 4405 2275 2130 541 1543 472 554 1734 1010 2604 1502 690 212 393
internal_count=16435 13558 779 623 2877 273 12779 5907 4405 2275 2130 541 1543 472 554 1734 1010 2604 1502 690 212 393
is_linear=0
shrinkage=0.035


Tree=114
num_leaves=23
num_cat=0
split_feature=0 12 6 3 20 20 0 6 12 11 14 22 12 6 11 0 8 24 20 20 11 11
split_gain=12.337 7.51262 3.50594 2.02328 1.75517 2.28361 1.585 1.54809 1.52138 2.39789 2.19014 1.44655 3.07494 1.43177 1.58894 1.41256 1.33295 1.01993 0.852344 0.818656 1.8893 2.15221
threshold=13.982558156555685 0.48171165642947372 4.8705795993534231 9.0039695662631729 22.500000000000004 11.500000000000002 5.9978252760003432 5.0238095238095246 0.91142077587019643 0.61216151311894851 0.24038461538461542 34795.000000000007 0.41835467765518408 1.1759986573030072 0.70762479444762083 10.117143261012473 8.3365828615828637 6315.0000000000009 30.500000000000004 17.500000000000004 1.7444527221758717 1.270995810231738
decision_type=2 2 2 2 2 2 2 2 2 2 2 2 2 2 2 2 2 2 2 2 2 2
left_child=1 2 11 -2 5 7 -6 15 9 -7 19 -1 -13 14 -11 -3 -9 -5 -8 -10 21 -21
right_child=3 4 -4 17 6 8 18 16 10 13 -12 12 -14 -15 -16 -17 -18 -19 -20 20 -22 -23
leaf_value=-0.0069383562135457641 0.03396792596056647 0.0022779316359768133 0.0004238017700783126 0.604470011004695 0.001737012226842082 0.0034896792907781549 0.11452172589719684 0.0090813371558350967 -0.020310425779319234 -0.015572930998586944 0.011340992213611813 -0.00340212917003783 -0.0035256906845479727 -0.0054411764918944486 -0.0096165060753293317 -0.1600172346463658 0.20384063847732589 0.13765017255535478 -0.04226713335811004 0.0088785666298942158 0.017431566218727646 -0.041191393431407666
leaf_weight=87 594 3312 163 2101 2096 97 1061 504 1996 49 327 184 76 86 153 152 662 811 81 230 1115 358
leaf_count=87 594 3312 163 2101 2096 97 1061 504 1996 49 327 184 76 86 153 152 662 811 81 230 1115 358
internal_value=0.000465951 -3.72048e-05 -0.00417961 0.00230376 0.000135054 -0.000113752 0.000834259 0.000426645 -0.000684782 -0.00278205 -0.000476681 -0.00614489 -0.00746226 -0.00438396 -0.0059686 4.9438e-05 0.00152733 0.00268409 0.00188274 -0.000723812 -0.000147541 -0.00175295
internal_weight=16295 12789 510 3506 12279 9041 3238 4630 4411 385 4026 347 260 288 202 3464 1166 2912 1142 3699 1703 588
internal_count=16295 12789 510 3506 12279 9041 3238 4630 4411 385 4026 347 260 288 202 3464 1166 2912 1142 3699 1703 588
is_linear=0
shrinkage=0.035


Tree=115
num_leaves=23
num_cat=0
split_feature=9 12 6 22 12 20 20 20 21 21 7 6 14 5 14 21 15 22 22 12 7 12
split_gain=12.7111 7.59833 3.99413 1.83946 3.06283 1.35093 1.72633 2.41873 2.51667 1.80965 3.70575 1.94615 1.67242 1.63708 1.37976 1.17016 1.45878 1.10392 1.26572 1.3228 1.07916 1.8403
threshold=16.466148395640829 0.48171165642947372 1.0010887194926981 34795.000000000007 0.36714701646782166 22.500000000000004 11.500000000000002 3.5000000000000004 2.5000000000000004 3.5000000000000004 9.575742840367413 1.0010887194926981 1.0000000180025095e-35 3.0003581617680068 0.13392857142857145 3.5000000000000004 0.10620300751879701 16785.000000000004 25082.000000000004 8.0938199012078709 3.2832056170816677 0.91142077587019643
decision_type=2 2 2 2 2 2 2 2 2 2 2 2 2 2 2 2 2 2 2 2 2 2
left_child=1 2 3 -1 -5 6 7 -3 -9 11 14 20 -10 -7 -11 16 -14 -2 19 -19 21 -8
right_child=17 5 -4 4 -6 13 9 8 12 10 -12 -13 15 -15 -16 -17 -18 18 -20 -21 -22 -23
leaf_value=-0.0062247490328856412 0.98407156390091888 -0.010466873785843741 0.0015389799382712621 -0.0033730950086147678 -0.0033311982228957705 0.00023931101737656877 -0.011107490046723451 0.00085513514011151075 0.16310039969286519 -0.023401509779461274 -0.14922485260840784 0.0056984568900974551 -0.082381207695817568 0.058193961764925375 0.0070561958953694924 0.031518350695636285 0.0027476581427668834 0.10233906638863093 0.25364636461713685 -0.35686123049212976 -0.074572711221144852 0.0034207353448150644
leaf_weight=78 1528 1552 180 87 179 1695 192 1669 979 594 229 2843 86 1759 275 344 284 228 1056 53 75 374
leaf_count=78 1528 1552 180 87 179 1695 192 1669 979 594 229 2843 86 1759 275 344 284 228 1056 53 75 374
internal_value=0.00051909 6.72529e-05 -0.00404253 -0.00622779 -0.00760701 0.000236395 1.87876e-05 0.000476012 0.0010052 -0.000467735 -0.00170399 -7.12237e-05 0.00195406 0.000828708 -0.000624714 0.000627956 -0.0007 0.00263415 0.00185693 -0.000171329 -0.0018096 -0.00121979
internal_weight=16339 13474 524 344 266 12950 9496 4914 3362 4582 1098 3484 1693 3454 869 714 370 2865 1337 281 641 566
internal_count=16339 13474 524 344 266 12950 9496 4914 3362 4582 1098 3484 1693 3454 869 714 370 2865 1337 281 641 566
is_linear=0
shrinkage=0.035


Tree=116
num_leaves=23
num_cat=0
split_feature=9 15 22 21 12 11 12 4 11 22 12 1 22 22 12 12 7 12 21 11 12 9
split_gain=10.8551 7.38054 2.018 2.1308 2.08411 2.93733 2.34424 1.86862 1.27351 1.1352 1.27165 1.4679 0.857125 0.846657 0.832831 1.16625 1.86907 0.91258 0.954011 0.844736 1.04922 0.872614
threshold=16.466148395640829 0.67261904761904778 17834.500000000004 2.5000000000000004 0.48171165642947372 0.66883577989637522 0.41835467765518408 10.786321963483829 2.0927097374804693 17236.500000000004 6.4635219713292207 11.00884074265187 16785.000000000004 4464.0000000000009 1.8502109131881215 1.9371464890661367 2.8521287259842141 1.6257696641301178 3.5000000000000004 1.3665076434985421 2.8041387078318905 3.8223362132145544
decision_type=2 2 2 2 2 2 2 2 2 2 2 2 2 2 2 2 2 2 2 2 2 2
left_child=1 8 -3 -4 6 -6 -5 12 14 13 -11 -12 -2 -10 17 16 -16 18 -1 -17 21 -21
right_child=7 2 3 4 5 -7 -8 -9 9 10 11 -13 -14 -15 15 19 -18 -19 -20 20 -22 -23
leaf_value=-0.0036037975995959004 0.89154774894557209 0.00048925074580420853 -0.0031664627112851541 -0.0031683565663627399 -9.3855973484314849e-05 -0.0062117839981559236 -0.0032474391160268803 0.48472729150189819 0.0033348930246997607 0.020128108895074104 -0.17371683907138832 0.003846761311618267 -0.10052218808297977 0.14401849045018095 -0.067680603194295988 -0.080368196833958766 -0.0043012053669539115 0.017522548028713308 0.0088877688725881691 -0.010631988916032788 -0.12309773157500234 0.10399584360023087
leaf_weight=3399 183 149 275 108 134 47 77 2433 209 5492 77 125 237 434 78 64 126 997 949 386 90 281
leaf_count=3399 183 149 275 108 134 47 77 2433 209 5492 77 125 237 434 78 64 126 997 949 386 90 281
internal_value=0.000450474 3.42173e-05 -0.00323585 -0.00408514 -0.00583962 -0.00289785 -0.00847368 0.00241008 0.000240088 0.000591612 0.000429286 -0.00224879 0.000205882 0.00198765 -0.000107059 -0.00101942 -0.00336603 6.54207e-05 -0.000150356 -0.000398305 -3.67453e-05 0.000427083
internal_weight=16350 13497 790 641 366 181 185 2853 12707 6337 5694 202 420 643 6370 1025 204 5345 4348 821 757 667
internal_count=16350 13497 790 641 366 181 185 2853 12707 6337 5694 202 420 643 6370 1025 204 5345 4348 821 757 667
is_linear=0
shrinkage=0.035


Tree=117
num_leaves=23
num_cat=0
split_feature=9 12 23 12 25 20 9 8 20 20 21 21 12 12 12 9 21 21 24 21 23 21
split_gain=10.8069 7.64776 3.85207 2.69389 2.04594 1.92427 2.02075 1.62486 1.45891 3.47904 2.17588 1.84744 2.84109 1.66974 1.62351 1.50408 1.67584 1.3995 1.20395 1.87584 1.17235 1.75653
threshold=16.610529248024637 0.48171165642947372 40250.000000000007 0.36714701646782166 600.00000000000011 22.500000000000004 8.3080451137937903 18.866071428571434 10.500000000000002 3.5000000000000004 1.5000000000000002 3.5000000000000004 3.1752366222843702 1.6257696641301178 0.99804889358803683 0.32393328502805191 2.5000000000000004 1.5000000000000002 4326.0000000000009 3.5000000000000004 56450.000000000007 2.5000000000000004
decision_type=2 2 2 2 2 2 2 2 2 2 2 2 2 2 2 2 2 2 2 2 2 2
left_child=1 2 -1 -4 -2 8 -7 -6 9 -3 -11 14 -13 18 15 -10 -17 -5 -12 20 21 -20
right_child=4 5 3 17 7 6 -8 -9 11 10 13 12 -14 -15 -16 16 -18 -19 19 -21 -22 -23
leaf_value=0.00012734438533939442 0.56784169779134885 -0.011714404263077774 -0.0019709500926656694 -0.0071543314521291708 0.15705834052446138 0.0051336091492243767 0.17775227122781617 -0.24846199157382431 0.0036738681695761334 -0.013450687631948913 0.013266885116047426 -0.0022267079695466423 -0.087034367172399013 0.13724909851317421 0.0032280396421269369 -0.0071510331615251927 -0.019763560159597782 -0.0030556365163901737 -0.017129205511791208 0.088242961666359587 0.0087030323978565388 -0.070599188143987482
leaf_weight=165 2524 1569 110 64 173 2592 867 92 55 745 555 786 413 1371 3407 216 135 172 77 90 66 70
leaf_count=165 2524 1569 110 64 173 2592 867 92 55 745 555 786 413 1371 3407 216 135 172 77 90 66 70
internal_value=0.000490931 8.01923e-05 -0.0040969 -0.00617236 0.0024728 0.000247062 0.000953811 -0.000388889 -7.32205e-06 0.000444811 0.00115022 -0.00042067 -0.00161628 0.0016983 -3.85017e-05 -0.00212044 -0.00298876 -0.00826349 0.000458285 -0.00127273 -0.00308257 -0.00478947
internal_weight=16314 13525 511 346 2789 13014 3459 265 9555 4543 2974 5012 1199 2229 3813 406 351 236 858 303 213 147
internal_count=16314 13525 511 346 2789 13014 3459 265 9555 4543 2974 5012 1199 2229 3813 406 351 236 858 303 213 147
is_linear=0
shrinkage=0.035


Tree=118
num_leaves=23
num_cat=0
split_feature=5 12 24 9 20 20 12 21 12 21 7 9 7 23 9 12 20 23 10 21 20 2
split_gain=9.34897 7.47228 3.72478 2.84312 2.77135 2.2252 3.75536 2.28817 2.03562 1.72451 1.6781 1.03748 1.14294 1.05699 0.93835 1.27642 1.05946 1.15847 1.71698 1.43106 1.31173 1.03245
threshold=11.946428571428573 0.48171165642947372 4685.0000000000009 19.646291208791215 21.500000000000004 11.500000000000002 6.2641902025808056 3.5000000000000004 0.39002102778747993 1.5000000000000002 8.8614571260816977 4.3603896103896114 4.7277820077321424 4900.0000000000009 5.8214332303014045 3.1428721723249589 2.5000000000000004 23700.000000000004 4.9809159608975522 2.5000000000000004 15.500000000000002 7.3463985739894344
decision_type=2 2 2 2 2 2 2 2 2 2 2 2 2 2 2 2 2 2 2 2 2 2
left_child=1 2 -1 4 5 10 -7 -8 -4 -10 -2 12 13 -3 15 -13 -16 -18 -19 21 -21 -20
right_child=3 11 8 -5 -6 6 7 -9 9 -11 -12 14 -14 -15 16 -17 17 18 19 20 -22 -23
leaf_value=0.00010889868848308117 -0.14538369715268742 0.03563524988750847 -0.0038662777444588036 0.9021122729440294 0.30892171322726614 0.0023486689839418112 -0.11086238130022336 -0.33222479158229296 -0.0069038776030385862 -0.0029332692223342834 0.20712194668950978 0.17548286548004413 -0.03554157580035943 -0.0004471484791034375 -0.037556528615033925 -0.046757944004067339 0.46322437989954268 0.03448357756687058 0.025242860984927146 0.19326127448361791 -0.055066648282550396 -0.18500913533420049
leaf_weight=174 65 492 182 1393 803 507 59 55 53 127 705 360 78 6605 369 54 448 3206 72 168 78 272
leaf_count=174 65 492 182 1393 803 507 59 55 53 127 705 360 78 6605 369 54 448 3206 72 168 78 272
internal_value=0.000529394 8.32223e-05 -0.00393993 0.00210663 0.00130355 0.000340974 -0.00119649 -0.00679412 -0.00594142 -0.00860811 0.00160323 0.000262923 -4.87452e-06 4.04113e-05 0.000648251 0.00224702 0.000498701 0.000658155 0.000452118 -0.00126471 0.000711155 -0.00271776
internal_weight=16325 12738 536 3587 2194 1391 621 114 362 180 770 12202 7175 7097 5027 414 4613 4244 3796 590 246 344
internal_count=16325 12738 536 3587 2194 1391 621 114 362 180 770 12202 7175 7097 5027 414 4613 4244 3796 590 246 344
is_linear=0
shrinkage=0.035


Tree=119
num_leaves=23
num_cat=0
split_feature=9 15 22 4 9 20 20 20 20 21 5 6 21 4 21 25 14 9 10 20 21 9
split_gain=9.8785 7.23063 2.31529 2.06212 1.66931 1.43354 1.12594 3.28419 2.1848 1.93947 1.64321 1.13844 1.3487 1.13944 1.13186 1.29177 1.64588 1.10542 1.06202 1.04328 1.22257 1.04022
threshold=16.610529248024637 0.67261904761904778 34795.000000000007 10.786321963483829 0.32393328502805191 15.500000000000002 19.500000000000004 10.500000000000002 3.5000000000000004 1.5000000000000002 1.0010887194926981 8.9846950015344529 3.5000000000000004 10.175356040695599 3.5000000000000004 600.00000000000011 1.0000000180025095e-35 3.2878635146613098 0.51639340459204475 30.500000000000004 2.5000000000000004 10.501359568927349
decision_type=2 2 2 2 2 2 2 2 2 2 2 2 2 2 2 2 2 2 2 2 2 2
left_child=1 6 4 -2 -3 -4 7 8 -1 -10 -8 -9 21 -14 19 -16 -17 -11 -6 20 -12 -13
right_child=3 2 5 -5 18 -7 10 11 9 17 14 12 13 -15 15 16 -18 -19 -20 -21 -22 -23
leaf_value=-0.0085872648345791235 0.0084831691438308349 0.0081286600805682719 -0.0034032017836940196 0.48038124043445668 -0.0020182558228263999 -0.0027703310673517362 -0.006704154724289358 -0.005685619437407685 -0.0047936209215588693 0.01406956819378073 0.023953065525409791 -0.075288581839742685 -0.027294114606038346 -0.20299763453713812 0.016467828837382379 -0.099339427062776722 0.047900330563166525 0.19396256320259722 -0.012565175273839489 -0.03152522890297807 0.11738072898456729 0.050537684393310127
leaf_weight=1565 403 172 237 2407 57 263 946 3218 721 1058 1773 143 58 82 659 143 72 1080 64 165 878 219
leaf_count=1565 403 172 237 2407 57 263 946 3218 721 1058 1773 143 58 82 659 143 72 1080 64 165 878 219
internal_value=0.000456615 6.39271e-05 -0.00316667 0.00234369 -0.000610738 -0.00460891 0.000266914 1.67507e-05 0.000663017 0.00123918 0.000702112 -0.00074698 -0.00229882 -0.00518965 0.00103721 -4.37996e-05 -0.00238636 0.00176878 -0.00372222 0.00137841 0.0015497 -0.00107766
internal_weight=16383 13573 793 2810 293 500 12780 8144 4424 2859 4636 3720 502 140 3690 874 215 2138 121 2816 2651 362
internal_count=16383 13573 793 2810 293 500 12780 8144 4424 2859 4636 3720 502 140 3690 874 215 2138 121 2816 2651 362
is_linear=0
shrinkage=0.035


Tree=120
num_leaves=23
num_cat=0
split_feature=9 15 22 20 22 6 20 21 21 9 9 22 25 7 25 22 10 21 20 20 20 11
split_gain=10.5172 7.33398 4.06802 2.49589 2.16395 1.64104 1.59379 4.5101 3.84433 2.91041 1.85308 1.33935 1.25515 1.2335 0.985313 0.816468 0.753488 0.733372 1.52921 1.41868 1.51424 1.2412
threshold=8.8960459183673475 0.67261904761904778 16785.000000000004 21.500000000000004 17834.500000000004 1.707084485018058 11.500000000000002 3.5000000000000004 1.5000000000000002 19.831351334706785 13.199527588272966 46389.000000000007 224.50000000000003 21.718501396931643 807.00000000000011 43337.000000000007 0.37796447300922686 2.5000000000000004 3.5000000000000004 11.500000000000002 23.500000000000004 4.1595910618951262
decision_type=2 2 2 2 2 2 2 2 2 2 2 2 2 2 2 2 2 2 2 2 2 2
left_child=1 17 -2 6 -3 16 8 13 14 10 11 -9 -12 15 -4 -8 -6 21 -19 -20 -21 -1
right_child=2 4 3 -5 5 -7 7 9 -10 -11 12 -13 -14 -15 -16 -17 -18 18 19 20 -22 -23
leaf_value=-0.0010364055380148516 0.88796306233534017 0.00045982776957801422 -0.15616730335369677 0.24698428227408831 -0.0026705182217826359 -0.0065431298245029442 0.11875522434258032 -0.098722938990539549 0.22384805959344264 0.37760232583182518 -0.12214904192133424 0.058424432862275229 -0.23505628376639653 -0.20715608435810315 0.17608888121079555 0.00084174493279162103 -0.0034466826576805307 -0.016687919158064404 0.032534442232411184 -0.0080619921462391983 0.024314463822424952 -0.08214099166751046
leaf_weight=4765 1583 153 319 1244 127 146 478 94 1148 77 54 69 86 50 74 420 360 695 1248 1829 1157 135
leaf_count=4765 1583 153 319 1244 127 146 478 94 1148 77 54 69 86 50 74 420 360 695 1248 1829 1157 135
internal_value=0.00044533 -0.000204331 0.00165822 0.00106921 -0.0034469 -0.00434483 0.000491997 -0.000385971 0.00125873 -0.00359091 -0.00513636 -0.00233333 -0.00808621 0.000892445 -0.00168844 0.00121318 -0.00532114 5.481e-05 0.000357519 0.000610168 0.000188399 -0.000246177
internal_weight=16311 10615 5696 4113 786 633 2869 1328 1541 380 303 163 140 948 393 898 487 9829 4929 4234 2986 4900
internal_count=16311 10615 5696 4113 786 633 2869 1328 1541 380 303 163 140 948 393 898 487 9829 4929 4234 2986 4900
is_linear=0
shrinkage=0.035


Tree=121
num_leaves=23
num_cat=0
split_feature=9 12 22 22 12 20 21 12 12 25 20 8 21 12 10 24 8 20 20 21 12 20
split_gain=10.3192 6.97015 3.48125 3.0155 2.67095 2.22865 2.11912 1.40871 1.29643 1.53756 1.64528 1.23557 1.13259 0.93745 1.73208 0.86978 1.24818 0.803243 1.281 1.73859 1.65786 1.2575
threshold=10.262855816375051 0.48171165642947372 34795.000000000007 16785.000000000004 0.39002102778747993 21.500000000000004 1.5000000000000002 2.6424518410464439 5.9594640373526735 191.00000000000003 11.500000000000002 15.42678182849369 2.5000000000000004 6.9008938940004301 8.5500484389587896 12965.500000000002 10.145576280711838 19.500000000000004 10.500000000000002 3.5000000000000004 3.6030684514534728 3.5000000000000004
decision_type=2 2 2 2 2 2 2 2 2 2 2 2 2 2 2 2 2 2 2 2 2 2
left_child=1 2 -1 -2 -4 7 -6 -5 -9 -10 11 -11 -13 -12 -15 17 -17 18 19 -3 -20 -21
right_child=3 15 4 5 6 -7 -8 8 9 10 13 12 -14 14 -16 16 -18 -19 20 21 -22 -23
leaf_value=0.00065305558235509865 0.85685425140946381 -0.0033192063296722425 -0.0025736235618123507 -0.25164328602771019 -0.0066753362900744588 0.33175102727928824 -0.0026126341812966521 0.092226234225709525 0.43333374253893908 -0.1663842261109931 -0.12820837033917279 -0.16731203229066191 0.62627822078468187 0.018204917068870459 -0.33346392580809703 0.10843688254769673 -0.08869479077075261 0.0040067280868515565 -0.0052152572309580965 0.00051368680625814192 -0.077118573403069268 0.061738734497637414
leaf_weight=159 1573 2538 171 82 50 995 126 1457 230 63 79 76 160 125 63 547 92 3764 2756 479 213 581
leaf_count=159 1573 2538 171 82 50 995 126 1457 230 63 79 76 160 125 63 547 92 3764 2756 479 213 581
internal_value=0.000466553 -0.000106393 -0.00410274 0.0018099 -0.00604545 0.00120165 -0.00906906 0.000598291 0.000771922 -0.000345193 -0.00134238 0.000391447 0.00161203 -0.00331985 -0.00175907 7.81322e-05 0.00132609 0 -0.000233262 0.000206911 -0.000772024 0.00139671
internal_weight=16379 11476 506 4903 347 3330 176 2335 2253 796 566 299 236 267 188 10970 639 10331 6567 3598 2969 1060
internal_count=16379 11476 506 4903 347 3330 176 2335 2253 796 566 299 236 267 188 10970 639 10331 6567 3598 2969 1060
is_linear=0
shrinkage=0.035


Tree=122
num_leaves=23
num_cat=0
split_feature=9 12 12 23 6 25 10 8 5 25 8 23 12 24 9 10 7 9 9 25 24 9
split_gain=9.66563 6.98045 3.41352 3.28767 2.39337 2.20276 1.40937 1.17716 1.04255 1.45307 0.991978 1.62531 1.31517 3.47051 1.58149 1.94592 0.945731 0.852211 0.888345 0.812303 1.19136 1.25681
threshold=16.774921507064366 0.48171165642947372 0.36714701646782166 40250.000000000007 4.8705795993534231 600.00000000000011 0.3779644730092277 18.866071428571434 15.022525042907136 210.50000000000003 3.0003337402748032 4900.0000000000009 6.1733661069009056 12965.500000000002 15.414215686274511 5.063080158049643 3.1060629472273757 18.488914571250383 20.401106820578843 381.00000000000006 3555.0000000000005 6.6959692399551134
decision_type=2 2 2 2 2 2 2 2 2 2 2 2 2 2 2 2 2 2 2 2 2 2
left_child=1 2 -1 6 -5 8 -4 -7 9 -2 11 -3 19 14 -14 -16 -13 -11 -19 -12 21 -21
right_child=5 10 3 4 -6 7 -8 -9 -10 17 12 16 13 -15 15 -17 -18 18 -20 20 -22 -23
leaf_value=0.0071580046047368812 0.76253630593997035 0.064705472778897599 -0.01250887377767983 -0.0025211919849512697 -0.0085456139073257654 0.17938917663500464 0.0082751757054892964 -0.28038825167643161 0.60902912127305497 0.26843367991578598 0.0084248172286177647 -0.0016488158212314373 0.31921888812713306 -0.19413777542591085 0.45803898975146845 -0.16060393462370343 -0.020436193736784628 -0.20943628642536974 0.097848226616889272 0.025688396683674366 0.063236894981679517 -0.058907771431495511
leaf_weight=157 442 238 45 176 62 148 77 89 1624 171 4225 5182 158 51 48 77 296 109 127 597 1964 208
leaf_count=157 442 238 45 176 62 148 77 89 1624 171 4225 5182 158 51 48 77 296 109 127 597 1964 208
internal_value=0.000407717 2.47679e-05 -0.00394253 -0.00580137 -0.00816667 0.002314 -0.000909449 -0.000838843 0.00262429 0.00157377 0.000184804 -0.000158451 0.000454862 -0.00166224 -2.43054e-05 -0.00296154 -0.000285336 1.69904e-05 -0.00129253 0.00055958 0.00102704 -8.64196e-05
internal_weight=16271 13561 517 360 238 2710 122 237 2473 849 13044 5716 7328 334 283 125 5478 407 236 6994 2769 805
internal_count=16271 13561 517 360 238 2710 122 237 2473 849 13044 5716 7328 334 283 125 5478 407 236 6994 2769 805
is_linear=0
shrinkage=0.035


Tree=123
num_leaves=23
num_cat=0
split_feature=9 12 22 12 25 5 12 21 8 3 8 22 11 9 12 21 8 12 25 25 11 9
split_gain=8.93766 6.1928 3.88512 3.89414 1.92468 1.69694 2.19805 1.46303 1.33849 1.12553 1.01698 1.3131 0.892892 1.0632 0.862154 2.43707 0.813088 0.724441 1.1534 0.964072 2.53059 0.926911
threshold=16.610529248024637 0.48171165642947372 31797.000000000004 0.39002102778747993 210.50000000000003 15.022525042907136 7.9131780114970178 1.5000000000000002 3.7861431116147957 5.9680479807034317 3.4291250319489515 3735.5000000000005 1.5548576840284813 6.8489486472039536 6.1733661069009056 3.5000000000000004 19.711791198094954 2.4256551433630795 807.00000000000011 499.50000000000006 3.2389416159940043 5.8214332303014045
decision_type=2 2 2 2 2 2 2 2 2 2 2 2 2 2 2 2 2 2 2 2 2 2
left_child=1 2 -1 -4 -2 6 9 -5 10 -6 11 -3 13 -10 17 -16 -8 -14 19 -19 21 -21
right_child=4 8 3 7 5 -7 16 -9 12 -11 -12 -13 14 -15 15 -17 -18 18 -20 20 -22 -23
leaf_value=0.0011352242052751146 0.80554833369976453 0.047179606806054313 -0.0033346895627554248 -0.0072259831632577763 -0.17943214337524296 0.24614409152086872 -0.0054367053352510544 -0.0024329502654779752 0.0121081408419485 0.2438717194946334 -0.03996346825330347 -0.0011260968833890536 0.06852188368356181 -0.29688246513152067 0.0040626670760545575 -0.2115227709303055 -0.34078125267366405 0.027074914486088317 0.12697669422895219 0.24021282675184993 -0.095351565589462089 -0.027791282437907898
leaf_weight=173 1491 368 181 47 81 773 49 123 61 348 364 6081 623 45 254 51 71 3947 749 115 165 168
leaf_count=173 1491 368 181 47 81 773 49 123 61 348 364 6081 623 45 254 51 71 3947 749 115 165 168
internal_value=0.000439938 6.47191e-05 -0.00364556 -0.00574157 0.00223314 0.00123173 -0.000227437 -0.0095 0.000217067 0.000919355 -0.000119096 -1.40997e-05 0.000590409 -0.00249099 0.000649087 -0.00112903 -0.00434 0.000747055 0.000604292 0.000381818 -0.00113576 0.000826389
internal_weight=16328 13515 524 351 2813 1322 549 170 12991 429 6813 6449 6178 106 6072 305 120 5767 5144 4395 448 283
internal_count=16328 13515 524 351 2813 1322 549 170 12991 429 6813 6449 6178 106 6072 305 120 5767 5144 4395 448 283
is_linear=0
shrinkage=0.035


Tree=124
num_leaves=23
num_cat=0
split_feature=9 12 22 12 21 9 12 7 7 5 22 10 10 12 21 10 8 6 11 9 8 8
split_gain=8.69987 6.71603 3.3472 3.40828 2.43685 2.05607 2.35355 1.74151 1.84014 1.12121 1.02084 1.06442 1.25279 1.1071 0.88462 0.754177 0.686918 0.830485 0.683214 0.681786 0.859751 1.01105
threshold=19.460948604891435 0.48171165642947372 31797.000000000004 0.39002102778747993 1.5000000000000002 8.8960459183673475 6.5492767057550667 10.428611230955811 22.289929968360216 5.9680479807034317 19263.000000000004 5.1640940349864071 7.4129873163510078 2.5065704709548395 3.5000000000000004 0.37796447300922686 14.438132791110812 19.510000000000002 9.0656933098188244 10.262855816375051 13.379966179780657 15.752049219590733
decision_type=2 2 2 2 2 2 2 2 2 2 2 2 2 2 2 2 2 2 2 2 2 2
left_child=1 2 15 -4 -5 -3 10 -8 16 -2 -7 13 19 -12 -15 -1 -9 18 -18 -13 -21 -22
right_child=9 5 3 4 -6 6 7 8 -10 -11 11 12 -14 14 -16 -17 17 -19 -20 20 21 -23
leaf_value=-0.011084603669619317 0.10003831565462638 0.00022702240576456378 -0.0037098682839824372 -0.0055285074691732343 -0.002347797006186246 0.34111203080237262 -0.17627057463464957 0.28084241490179046 -0.3038011299926045 0.74235414614573014 -0.090487225116291897 -0.12844949689033852 0.27000318535804546 0.11805001635289379 0.021184655169612755 0.0080241900542769706 -0.092622524182414442 0.25721776606756197 0.10949704918059538 0.051970750025722115 -0.12096221248523623 0.03357531644996236
leaf_weight=63 252 10200 180 47 117 591 48 99 57 1491 59 61 113 1534 553 109 270 94 61 160 107 129
leaf_count=63 252 10200 180 47 117 591 48 99 57 1491 59 61 113 1534 553 109 270 94 61 160 107 129
internal_value=0.000424695 0.000144948 -0.00375528 -0.00572636 -0.00934024 0.000289831 0.000968917 -0.000971609 -0.000382252 0.00275915 0.0013442 0.00104318 -0.000273913 0.00140098 0.00154254 0.000138418 0.000258034 -0.000325581 -0.0011875 -0.00112121 -0.000514962 -0.00187344
internal_weight=16395 14652 516 344 164 14136 3936 629 581 1743 3307 2716 570 2146 2087 172 524 425 331 457 396 236
internal_count=16395 14652 516 344 164 14136 3936 629 581 1743 3307 2716 570 2146 2087 172 524 425 331 457 396 236
is_linear=0
shrinkage=0.035


Tree=125
num_leaves=23
num_cat=0
split_feature=12 8 24 12 21 23 20 7 20 20 21 20 20 12 25 4 4 15 21 11 12 15
split_gain=8.92975 7.57852 4.29516 4.25721 3.05251 2.08931 1.38545 1.81207 1.65662 1.62026 1.81064 1.23778 1.45486 1.47403 1.9026 1.47172 1.15007 1.10349 1.0828 2.54743 1.58375 1.87836
threshold=0.48171165642947372 15.42678182849369 4685.0000000000009 0.39002102778747993 1.5000000000000002 21250.000000000004 22.500000000000004 2.8521287259842141 11.500000000000002 3.5000000000000004 3.5000000000000004 20.500000000000004 11.500000000000002 5.9012486132499458 191.00000000000003 5.9680479807034317 5.0127769206881263 1.0000000180025095e-35 3.5000000000000004 2.8247931730791582 0.99804889358803683 0.54772727272727284
decision_type=2 2 2 2 2 2 2 2 2 2 2 2 2 2 2 2 2 2 2 2 2 2
left_child=2 6 -1 -4 -5 -3 8 17 9 -2 16 12 15 -14 -15 -7 -11 -8 20 -20 21 -10
right_child=1 5 3 4 -6 11 7 -9 18 10 -12 -13 13 14 -16 -17 -18 -19 19 -21 -22 -23
leaf_value=0.00014916894497517334 -0.0084540504849556081 0.76146109059924261 -0.0035839725744170729 -0.0053349798516012462 -0.0022656241109697277 -0.094655270418724319 -0.051012314181054633 0.059410785193321769 -0.020861519470584157 -0.00020768564256078167 0.066156902572042126 0.4777540479639828 0.078054264119229125 0.17979219105232044 -0.17947271290446867 0.34229330022288279 0.122337362480684 0.00055878328994253123 -0.00066332527616246278 -0.092821743533962831 0.0010752043216117812 0.0010439022646515832
leaf_weight=188 1538 1520 187 47 122 159 79 1903 185 1830 783 458 174 109 180 491 604 1425 678 394 3100 188
leaf_count=188 1538 1520 187 47 122 159 79 1903 185 1830 783 458 174 109 180 491 604 1425 678 394 3100 188
internal_value=0.00042543 0.000578719 -0.00395902 -0.00619529 -0.0101782 0.00213211 0.000198789 0.000802169 -2.06877e-05 0.000433824 0.000882061 0.00121256 0.000557245 -0.000912393 -0.00245238 0.00162977 0.000400369 -9.5096e-05 -0.0005 -0.00147214 -0.000193214 -0.00233333
internal_weight=16342 15798 544 356 169 3091 12707 3407 9300 4755 3217 1571 1113 463 289 650 2434 1504 4545 1072 3473 373
internal_count=16342 15798 544 356 169 3091 12707 3407 9300 4755 3217 1571 1113 463 289 650 2434 1504 4545 1072 3473 373
is_linear=0
shrinkage=0.035


Tree=126
num_leaves=23
num_cat=0
split_feature=0 12 22 12 21 22 20 12 20 21 9 12 20 20 21 8 0 22 25 22 25 11
split_gain=8.53796 5.7813 3.33246 3.87997 2.62414 2.51333 1.40477 1.0817 1.42416 1.5411 2.63005 1.3512 0.977001 1.69692 1.69774 1.5858 1.03388 1.07141 1.50412 1.27948 1.22095 1.0084
threshold=13.982558156555685 0.48171165642947372 34795.000000000007 0.39002102778747993 1.5000000000000002 16785.000000000004 22.500000000000004 2.6424518410464439 11.500000000000002 3.5000000000000004 19.831351334706785 6.1733661069009056 20.500000000000004 11.500000000000002 1.5000000000000002 8.4219707518794262 7.9712513399742182 4464.0000000000009 294.00000000000006 19263.000000000004 248.50000000000003 1.648284963642286
decision_type=2 2 2 2 2 2 2 2 2 2 2 2 2 2 2 2 2 2 2 2 2 2
left_child=1 2 -1 -4 -5 -2 7 -7 -9 -10 11 -11 13 14 16 -16 17 -3 19 -19 -21 -14
right_child=5 12 3 4 -6 6 -8 8 9 10 -12 -13 21 -15 15 -17 -18 18 -20 20 -22 -23
leaf_value=0.00018370747536225867 0.75789734457413049 -0.032634556419662751 -0.002023306452935201 -0.0051482555567952028 -0.0021863272670857871 -0.26507444530413182 0.35024636150099786 0.16528777797379984 0.062534116336214668 -0.036732326699069805 0.45425061321270671 -0.20368883971320337 -0.00067195681066267981 -0.0080063135382382172 0.0047236224097289697 0.17178481302093562 -0.17013004658770581 -0.069853796942842508 0.02965184655619589 0.022461989708763952 -0.088986689226834628 0.037068107680630562
leaf_weight=163 1439 85 172 49 125 70 560 751 475 91 75 45 1764 3576 2803 707 224 89 459 227 48 2331
leaf_count=163 1439 85 172 49 125 70 560 751 475 91 75 45 1764 3576 2803 707 224 89 459 227 48 2331
internal_value=0.000405651 -1.17329e-05 -0.00364981 -0.00557407 -0.0092095 0.00193492 0.00113514 0.000560185 0.000781554 -0.000349493 -0.00281944 -0.0056844 0.000138659 -7.95937e-05 0.000359264 0.000741821 -0.000809586 -0.000256845 0.000118358 -0.0015271 -0.00025 0.000580488
internal_weight=16328 12822 509 346 174 3506 2067 1507 1437 686 211 136 12313 8218 4642 3510 1132 908 823 364 275 4095
internal_count=16328 12822 509 346 174 3506 2067 1507 1437 686 211 136 12313 8218 4642 3510 1132 908 823 364 275 4095
is_linear=0
shrinkage=0.035


Tree=127
num_leaves=23
num_cat=0
split_feature=9 12 22 12 7 9 21 20 22 22 20 8 12 11 20 5 0 12 24 9 20 9
split_gain=8.72179 6.26724 3.39194 3.23053 2.19537 2.49134 2.08782 1.464 1.2017 1.24875 1.26324 1.25947 1.19653 1.83267 2.3132 1.14901 0.991628 0.974778 1.41037 1.38169 1.83719 1.25824
threshold=19.460948604891435 0.48171165642947372 31797.000000000004 0.39002102778747993 23.026516996264409 8.214889277389279 1.5000000000000002 22.500000000000004 31797.000000000004 32208.500000000004 9.5000000000000018 9.3380952380952404 6.009705465540029 7.7477078520835452 17.500000000000004 5.9680479807034317 15.950345293025352 2.8257308880003973 3792.0000000000005 6.8489486472039536 13.500000000000002 3.5380434782608701
decision_type=2 2 2 2 2 2 2 2 2 2 2 2 2 2 2 2 2 2 2 2 2 2
left_child=1 2 -1 -4 5 17 -5 8 -7 11 -11 -10 -12 14 -14 16 -2 21 19 -19 -21 -3
right_child=15 4 3 6 -6 7 -8 -9 9 10 12 -13 13 -15 -16 -17 -18 18 -20 20 -22 -23
leaf_value=0.00085920821527340867 -0.23144918905397602 -0.00073478040572800456 -0.0029445272719037081 -0.0049681263246136673 -0.2992069529305173 0.10469708899591813 -0.0021098058127377844 0.19112668425432386 0.0062912382318172618 0.08657611284858073 0.0017490986400325026 -0.1286215229954599 -0.18282398785116036 0.051397741564897202 -0.01070625514698724 0.69132158664195298 0.54365637233786712 -0.034399552325582228 -0.0033650845351311186 -0.018192108765857945 -0.14781746492340492 0.035187287534614198
leaf_weight=164 49 6638 177 53 50 1280 115 1186 45 767 837 45 50 88 50 1497 218 159 1089 50 68 1674
leaf_count=164 49 6638 177 53 50 1280 115 1186 45 767 837 45 50 88 50 1497 218 159 1089 50 68 1674
internal_value=0.000426746 0.000143934 -0.00364981 -0.0056 0.000283609 0.000312059 -0.00904335 0.00100747 0.000604515 3.15317e-05 0.000247357 -0.00386842 -0.000543689 -0.0030285 -0.00616667 0.00274816 0.000540441 0 -0.000865427 -0.00307801 -0.00589024 0.000141818
internal_weight=16349 14585 509 345 14076 14026 168 4348 3162 1882 1792 90 1025 188 100 1764 267 9678 1366 277 118 8312
internal_count=16349 14585 509 345 14076 14026 168 4348 3162 1882 1792 90 1025 188 100 1764 267 9678 1366 277 118 8312
is_linear=0
shrinkage=0.035


Tree=128
num_leaves=23
num_cat=0
split_feature=9 12 23 12 23 21 20 20 20 21 8 23 23 24 9 21 8 1 25 25 23 20
split_gain=8.26775 6.69533 3.93785 4.23145 2.06377 2.05622 1.8921 1.30742 1.99945 2.37035 1.84639 1.25535 1.28607 1.42104 1.64119 1.24368 2.37654 1.34379 1.20418 1.14569 1.09775 1.07655
threshold=16.610529248024637 0.48171165642947372 40250.000000000007 0.39002102778747993 21250.000000000004 1.5000000000000002 22.500000000000004 22.500000000000004 10.500000000000002 1.5000000000000002 8.4219707518794262 5950.0000000000009 40250.000000000007 9795.0000000000018 3.4897302743485183 3.5000000000000004 13.890554007155268 1.401192436999614 210.50000000000003 180.50000000000003 29500.000000000004 29.500000000000004
decision_type=2 2 2 2 2 2 2 2 2 2 2 2 2 2 2 2 2 2 2 2 2 2
left_child=1 2 -1 -4 -2 -5 20 8 9 11 -11 -3 18 14 -14 -10 17 -17 19 -13 -6 -9
right_child=4 7 3 5 6 -7 -8 21 15 10 -12 12 13 -15 -16 16 -18 -19 -20 -21 -22 -23
leaf_value=0.00013245548443974683 0.67399794580744743 -0.044376373178109094 -0.0027889744321432605 -0.0051553982003750103 -0.060280863863082193 -0.002035962609291962 0.5570940825718862 0.017596070828855739 -0.0024151665463507921 0.007078527159307184 0.17291120890736464 0.014993642774642473 -0.0022481479137552124 0.015914412834399962 -0.18813550607706739 0.006773875068517809 -0.15200064136383054 -0.02527548115879687 0.046207023702713533 -0.071621158663706219 0.058255553324092713 -0.008198763265145086
leaf_weight=182 1517 76 177 50 198 125 340 2930 3828 2559 899 108 104 193 125 249 67 876 356 68 742 538
leaf_count=182 1517 76 177 50 198 125 340 2930 3828 2559 899 108 104 193 125 249 67 876 356 68 742 538
internal_value=0.000408105 4.79099e-05 -0.00377273 -0.00591176 0.00213847 -0.00972222 0.00107588 0.000207881 -2.57529e-06 0.00053205 0.000973289 -0.000929952 -0.000551095 -0.0019918 -0.00382906 -0.000484079 -0.00147076 -0.0010531 0.000567039 -0.00172099 0.000240741 0.000789087
internal_weight=16307 13510 534 352 2797 175 1280 12976 9508 4488 3458 1030 954 422 229 5020 1192 1125 532 176 940 3468
internal_count=16307 13510 534 352 2797 175 1280 12976 9508 4488 3458 1030 954 422 229 5020 1192 1125 532 176 940 3468
is_linear=0
shrinkage=0.035


Tree=129
num_leaves=23
num_cat=0
split_feature=8 15 22 6 12 12 12 10 5 20 7 20 20 20 21 25 11 4 21 6 10 22
split_gain=8.94666 6.48353 2.02983 1.98892 2.32171 2.78087 2.12317 1.54047 2.03808 1.27257 1.20318 0.883106 2.05774 2.0975 2.15493 1.4504 1.42899 1.10262 1.05184 0.999166 1.21018 1.08413
threshold=16.118101600842365 0.71130952380952395 16785.000000000004 1.707084485018058 0.48171165642947372 0.39002102778747993 0.65054217272638115 7.1279421404046248 15.022525042907136 9.5000000000000018 22.289929968360216 19.500000000000004 10.500000000000002 3.5000000000000004 3.5000000000000004 210.50000000000003 1.7218071138765743 5.0127769206881263 2.5000000000000004 8.9846950015344529 3.6839419880650368 47334.500000000007
decision_type=2 2 2 2 2 2 2 2 2 2 2 2 2 2 2 2 2 2 2 2 2 2
left_child=1 11 -2 4 5 -3 9 -4 10 -6 -9 12 13 -1 17 -14 18 -15 -13 -17 -21 -22
right_child=2 3 7 -5 6 -7 -8 8 -10 -11 -12 16 15 14 -16 19 -18 -19 -20 20 21 -23
leaf_value=-0.010325208844620232 0.68513812990685519 -0.0028091775108707818 0.20041406271904449 0.0017448525239864303 -0.01462995824749326 -0.0019647039134240542 -0.0066061682819636026 -0.032558259218469263 0.15127895607081002 0.0042714847587346271 -0.33067462723974544 -0.008258595703386877 -0.018485044121130532 0.00070047496141839279 0.078160491842611646 0.0014308350447434885 0.042132809212049732 0.12247723780863082 0.005355994341576545 -0.11917079580816896 0.093573794936707852 -0.18357318460950242
leaf_weight=1566 1538 142 931 158 54 141 82 118 284 115 60 1005 1182 1655 686 2070 2700 544 951 125 167 46
leaf_count=1566 1538 142 931 158 54 141 82 118 284 115 60 1005 1182 1655 686 2070 2700 544 951 125 167 46
internal_value=0.000391271 6.2716e-06 0.00214101 -0.00327905 -0.00429221 -0.00646528 -0.00169531 0.00114664 -0.000472163 0.000482759 -0.00338525 0.000187923 -3.21898e-05 0.000468133 0.00102941 -0.000657163 0.000571444 0.000482759 -0.000140999 -0.000155201 -0.00190816 -0.00019266
internal_weight=16320 13389 2931 692 534 283 251 1393 462 169 178 12697 8041 4451 2885 3590 4656 2199 1956 2408 338 213
internal_count=16320 13389 2931 692 534 283 251 1393 462 169 178 12697 8041 4451 2885 3590 4656 2199 1956 2408 338 213
is_linear=0
shrinkage=0.035


Tree=130
num_leaves=23
num_cat=0
split_feature=9 12 12 22 8 20 20 21 12 21 8 22 10 10 2 12 5 5 22 25 22 6
split_gain=8.58138 6.66535 3.03197 4.37981 2.03513 1.9946 2.47431 4.56164 3.21151 2.61237 1.36082 1.07501 1.03423 1.02647 1.17739 1.01829 1.13149 1.01218 0.907933 0.792186 0.735174 0.782514
threshold=19.460948604891435 0.48171165642947372 0.39002102778747993 34795.000000000007 8.9736488350169576 21.500000000000004 11.500000000000002 3.5000000000000004 6.1733661069009056 1.5000000000000002 19.163690476190478 19263.000000000004 0.48795003647426188 3.8057231972200163 8.5285819240145049 4.8743476917955162 7.9927388748624617 16.940434238785283 43337.000000000007 224.50000000000003 16785.000000000004 11.946428571428573
decision_type=2 2 2 2 2 2 2 2 2 2 2 2 2 2 2 2 2 2 2 2 2 2
left_child=1 2 -1 12 17 6 9 10 15 11 18 -6 -4 -13 -15 16 -9 -3 -8 -16 -2 -22
right_child=20 4 3 -5 5 -7 7 8 -10 -11 -12 13 -14 14 19 -17 -18 -19 -20 -21 21 -23
leaf_value=-0.0016534969545603478 0.76521113790965833 -2.4500292239963216e-05 -0.010701511428775394 -0.002224454726091285 0.57773297272888724 0.25521813369267965 0.096787566294086344 0.032146451566620632 -0.27859605739449145 0.18036913861498957 -0.11937074830294715 0.00014863903743435729 0.0087019728748197502 0.0098114182217611482 -0.24407568054484549 0.014405723976791922 -0.16045426747241148 -0.14347514030527267 -0.011841347984908719 -0.1953930780692297 -0.076546472495718748 0.3012602615824912
leaf_weight=233 1249 10108 64 166 67 1097 489 47 58 1185 69 140 48 47 46 100 118 50 428 58 137 372
leaf_count=233 1249 10108 64 166 67 1097 489 47 58 1185 69 140 48 47 46 100 118 50 428 58 137 372
internal_value=0.000359166 7.97033e-05 -0.00382558 -0.00627032 0.00022371 0.000897572 0.000400595 -0.000708523 -0.00428963 0.00135207 0.000462664 -0.00122452 -0.000688034 -0.00217568 -0.0041282 -0.00246296 -0.00411765 -3.68492e-05 0.000842733 -0.00613303 0.00266619 0.0014572
internal_weight=16376 14618 511 278 14107 3949 2852 1309 323 1543 986 358 112 291 151 265 165 10158 917 104 1758 509
internal_count=16376 14618 511 278 14107 3949 2852 1309 323 1543 986 358 112 291 151 265 165 10158 917 104 1758 509
is_linear=0
shrinkage=0.035


Tree=131
num_leaves=23
num_cat=0
split_feature=9 12 22 12 21 9 12 25 22 20 20 21 7 8 21 10 10 0 21 12 22 12
split_gain=7.97991 6.49142 3.05338 3.89075 2.79112 1.7984 2.27797 1.6454 1.2074 1.19379 1.16523 2.41896 1.33598 2.35894 0.989344 1.37464 1.13022 0.931205 0.889556 1.05 0.67856 0.830452
threshold=20.036375661375665 0.48171165642947372 31797.000000000004 0.39002102778747993 1.5000000000000002 9.1171568627450998 6.5492767057550667 455.50000000000006 19263.000000000004 21.500000000000004 9.5000000000000018 1.5000000000000002 10.000510204081634 11.214863099812341 3.5000000000000004 3.6839419880650368 5.1640940349864071 11.852133989485408 2.5000000000000004 5.8496916562031886 31488.000000000004 3.6296836190780013
decision_type=2 2 2 2 2 2 2 2 2 2 2 2 2 2 2 2 2 2 2 2 2 2
left_child=1 2 -1 -4 -5 -3 8 -8 -7 10 11 -10 -12 20 16 -16 -15 -9 19 -18 -14 -22
right_child=-2 5 3 4 -6 6 7 17 9 -11 12 -13 13 14 15 -17 18 -19 -20 -21 21 -23
leaf_value=0.00024597600668161123 0.65110189563114274 0.00035167503381459313 -0.0022418010973360345 -0.0045799863828223869 -0.0018180833655837064 0.31343418016675545 0.0011431728020869694 -0.18845260977789022 -0.061330625814885263 0.17375794405916078 0.070074901405259099 0.18832664450908398 -0.12117636066689248 0.22493023555405428 -0.18517549295298535 0.0027807998142804534 -0.31991649450071136 -0.06923464284884058 0.12122717074350588 0.14549286799968397 -0.040900053695162197 -0.17019544849150281
leaf_weight=168 1574 10285 176 46 124 631 559 60 195 790 250 655 53 241 65 117 45 106 88 45 45 80
leaf_count=168 1574 10285 176 46 124 631 559 60 195 790 250 655 53 241 65 117 45 106 88 45 45 80
internal_value=0.000380449 0.000127217 -0.0037158 -0.00557407 -0.0093 0.000267726 0.000894541 -0.000863014 0.00128669 0.000947644 0.000453291 0.00141228 -0.000324952 -0.00105357 0 -0.00211497 0.000941038 -0.00386842 -0.00109016 -0.0035 -0.00453279 -0.00592308
internal_weight=16398 14824 514 346 170 14310 4025 725 3300 2669 1879 850 1029 779 601 182 419 166 178 90 178 125
internal_count=16398 14824 514 346 170 14310 4025 725 3300 2669 1879 850 1029 779 601 182 419 166 178 90 178 125
is_linear=0
shrinkage=0.035


Tree=132
num_leaves=23
num_cat=0
split_feature=1 12 22 12 22 21 8 12 8 24 12 12 12 22 8 21 3 0 12 22 10 22
split_gain=8.44287 5.81639 2.92033 2.8845 2.06005 2.04223 0.813314 1.36923 1.11403 1.03553 1.45009 1.23883 1.18177 1.23969 1.61018 1.07591 0.958192 0.944281 0.96369 0.78879 0.747522 0.710933
threshold=13.013525075797139 0.48171165642947372 34795.000000000007 0.39002102778747993 16785.000000000004 1.5000000000000002 3.9551450089305922 2.8562778013060233 5.9308091339300484 3438.0000000000005 4.2669690075239988 2.8257308880003973 6.5492767057550667 52360.000000000007 8.002826497466204 2.5000000000000004 5.6225331621782955 12.282887333448043 8.2438892791534588 3735.5000000000005 0.37796447300922686 19263.000000000004
decision_type=2 2 2 2 2 2 2 2 2 2 2 2 2 2 2 2 2 2 2 2 2 2
left_child=1 2 -1 20 -2 -5 7 19 21 10 11 16 13 -11 -15 -16 -10 18 -14 -3 -4 -8
right_child=4 6 3 5 -6 -7 8 -9 9 12 -12 -13 17 14 15 -17 -18 -19 -20 -21 -22 -23
leaf_value=0.00024876249169031626 0.64734726065908632 0.030011520324575495 0.00090559660465477953 -0.0044366800455721165 0.081994189579472521 -0.0017544504477882768 -0.013771152915913083 -0.059764895369325749 -0.1419797166099474 0.04451060479530701 0.14540422199776612 -0.12076380132351809 -0.16688077846227761 0.016509469418735923 -0.21735947158895175 -0.019988351310366591 0.11807710956304128 0.035210145841102478 0.010845635661977803 -0.0020050013048223941 -0.0030508304159193116 0.083877534446423721
leaf_weight=161 1395 433 74 48 2100 126 151 48 52 3358 133 176 67 277 57 83 60 160 53 6445 103 760
leaf_count=161 1395 433 74 48 2100 126 151 48 52 3358 133 176 67 277 57 83 60 160 53 6445 103 760
internal_value=0.000376264 -3.81916e-05 -0.00367602 -0.00544663 0.0019 -0.0086229 0.000113087 -0.000135839 0.000436202 0.000203861 -0.00142958 -0.00283106 0.00037931 0.000546296 -0.00122749 -0.00422414 0 -0.0017807 -0.00406 -9.00042e-05 -0.00207692 0.00155131
internal_weight=16320 12825 512 351 3495 174 12313 6926 5387 4476 421 288 4055 3775 417 140 112 280 120 6878 177 911
internal_count=16320 12825 512 351 3495 174 12313 6926 5387 4476 421 288 4055 3775 417 140 112 280 120 6878 177 911
is_linear=0
shrinkage=0.035


Tree=133
num_leaves=23
num_cat=0
split_feature=9 12 22 12 21 9 7 20 21 20 4 10 22 4 21 11 6 2 24 10 20 10
split_gain=7.2825 4.77847 2.78579 3.59092 2.5236 1.6837 1.96971 1.55487 1.20614 5.37623 1.3985 1.26606 1.77956 1.11694 1.02646 0.863982 0.80278 0.631241 0.571916 0.923423 0.545016 0.537762
threshold=20.036375661375665 0.48171165642947372 31797.000000000004 0.39002102778747993 1.5000000000000002 9.2861832611832629 23.732142857142861 22.500000000000004 3.5000000000000004 11.500000000000002 8.2950862850224016 5.1640940349864071 19263.000000000004 5.9680479807034317 4.5000000000000009 2.7107714277658164 17.961864802538603 12.315729686009409 9795.0000000000018 8.5500484389587896 29.500000000000004 3.0557452648642953
decision_type=2 2 2 2 2 2 2 2 2 2 2 2 2 2 2 2 2 2 2 2 2 2
left_child=1 2 -1 -4 -5 -3 7 8 11 14 -11 -7 -13 17 -10 -2 -15 -14 -17 -20 -9 -12
right_child=15 5 3 4 -6 6 -8 20 9 10 21 12 13 16 -16 18 -18 -19 19 -21 -22 -23
leaf_value=0.00029872989458135053 -0.29863310344188693 0.00043316374742589247 -0.0022620141071543142 -0.0042747794840478325 -0.0018499220401440473 0.081613338420791826 -0.26697728690909306 0.29946866811226736 0.35957026411478282 0.061242318423107275 -0.013077293304032327 0.20148693715881419 -0.077734372333643206 0.028521608739012747 -0.097165121355197906 0.68184214960910905 -0.14870904118809974 -0.27045893984696689 0.64539769948289638 -0.19143453857716256 0.011697983043236352 -0.13673262847125886
leaf_weight=175 51 10279 182 47 115 1413 54 878 335 55 47 223 55 267 91 1420 68 59 83 48 149 204
leaf_count=175 51 10279 182 47 115 1413 54 878 335 55 47 223 55 267 91 1420 68 59 83 48 149 204
internal_value=0.000412838 0.000166894 -0.0031126 -0.00492407 -0.00865569 0.00028924 0.000908404 0.00100844 0.000572998 -0.000631615 -0.00415273 0.00100478 -0.000222304 -0.00151101 0.00187587 0.00265059 -0.000411765 -0.00444118 0.0028027 0.000411765 0.00217733 -0.00525
internal_weight=16298 14696 519 344 162 14177 3898 3844 2817 732 306 2085 672 449 426 1602 335 114 1551 131 1027 251
internal_count=16298 14696 519 344 162 14177 3898 3844 2817 732 306 2085 672 449 426 1602 335 114 1551 131 1027 251
is_linear=0
shrinkage=0.035


Tree=134
num_leaves=23
num_cat=0
split_feature=1 12 12 22 22 21 5 20 20 20 21 12 24 21 12 15 20 21 7 24 25 11
split_gain=7.30247 5.34359 2.883 4.23597 2.22043 1.61724 1.45827 1.40402 1.88394 1.82563 2.00248 1.81441 1.49161 1.45923 3.29921 1.40963 1.3739 1.1754 1.20857 1.05321 1.60649 1.02135
threshold=13.508154244475653 0.48171165642947372 0.39002102778747993 34795.000000000007 16785.000000000004 1.5000000000000002 9.9933189851049971 23.500000000000004 10.500000000000002 3.5000000000000004 3.5000000000000004 1.6407499002301473 4326.0000000000009 3.5000000000000004 2.3497233763288237 0.15894736842105264 27.500000000000004 2.5000000000000004 1.6979764769128707 5252.0000000000009 248.50000000000003 0.90507180736132598
decision_type=2 2 2 2 2 2 2 2 2 2 2 2 2 2 2 2 2 2 2 2 2 2
left_child=1 2 -1 -4 -2 -5 -6 8 9 -3 11 12 -11 -10 -15 16 -9 -14 -19 -16 -21 -17
right_child=4 7 3 5 6 -7 -8 15 13 10 -12 -13 17 14 19 21 -18 18 -20 20 -22 -23
leaf_value=-0.0010172898639553597 0.58725093613409407 -0.0078089549140492164 -0.00040882973343735071 -0.0044929725793527329 -0.020456844267703344 -0.0016282974107106455 0.13739586110092925 0.058287457462551769 -0.0017218075359776879 0.0031746348153512344 0.068470819316858694 0.055461961117700659 -0.012831234086476368 0.00021890925663077754 -0.11759725036822928 0.0027323746766966962 0.0045911554765841389 -0.014082280517010781 -0.090863849457717416 0.031114751699647083 -0.11312984787230852 -0.012584163107254315
leaf_weight=226 1409 1491 104 50 631 126 1432 1260 3940 533 680 1278 192 679 222 265 915 61 45 133 197 439
leaf_count=226 1409 1491 104 50 631 126 1432 1260 3940 533 680 1278 192 679 222 265 915 61 45 133 197 439
internal_value=0.000406149 1.93522e-05 -0.0034863 -0.00583333 0.00182902 -0.00906906 0.00107979 0.000165991 -3.84939e-05 0.000502334 0.00103221 0.000486755 -0.000770335 -0.000489567 -0.00154045 0.000842233 0.0012844 -0.00273762 -0.00564414 -0.0035377 -0.00214179 -0.000498589
internal_weight=16308 12836 506 280 3472 176 2063 12330 9451 4280 2789 2109 831 5171 1231 2879 2175 298 106 552 330 704
internal_count=16308 12836 506 280 3472 176 2063 12330 9451 4280 2789 2109 831 5171 1231 2879 2175 298 106 552 330 704
is_linear=0
shrinkage=0.035


Tree=135
num_leaves=23
num_cat=0
split_feature=12 9 24 12 21 25 20 9 7 9 22 12 24 12 2 11 5 11 20 9 8 22
split_gain=7.95397 6.5163 3.29864 3.48539 2.68528 1.807 1.96887 1.35791 1.47798 1.22645 1.53159 1.51777 1.25922 1.42494 1.21956 1.39317 1.19629 1.4652 1.30607 1.12509 1.49828 1.03898
threshold=0.48171165642947372 16.774921507064366 4685.0000000000009 0.39002102778747993 1.5000000000000002 210.50000000000003 21.500000000000004 4.3603896103896114 4.8582227003737612 6.0576699305884718 17236.500000000004 3.2320935130678863 4472.0000000000009 6.5492767057550667 13.272026472482283 7.2619737787877066 12.035714285714286 7.4105664942184228 10.500000000000002 19.646291208791215 19.84639984856285 52360.000000000007
decision_type=2 2 2 2 2 2 2 2 2 2 2 2 2 2 2 2 2 2 2 2 2 2
left_child=2 7 -1 -4 -5 -3 16 8 -2 11 -11 -9 -12 21 15 -15 17 -7 -18 20 -20 -14
right_child=1 5 3 4 -6 6 -8 9 -10 10 12 -13 13 14 -16 -17 18 -19 19 -21 -22 -23
leaf_value=0.00022963652746378751 -0.001115307161636069 0.65505838984331499 -0.0022353851647407665 -0.0039745174577189507 -0.0015713070013357729 0.0090560127604577597 0.43696576238143631 0.14840047269353379 -0.072063272357766578 0.35446370849503889 -0.053781644080629937 -0.068618231451469835 0.039775987796472227 -0.17809772742577237 0.051148001347382628 -0.020828461276139059 0.46403609978940202 -0.38331140339028341 -0.01643687112305893 0.12030562454489854 -0.23251737066214775 -0.02361790134574045
leaf_weight=175 7156 1480 181 49 124 189 379 606 57 349 304 59 3897 52 95 61 276 85 127 148 46 447
leaf_count=175 7156 1480 181 49 124 189 379 606 57 349 304 59 3897 52 95 61 276 85 127 148 46 447
internal_value=0.000356916 0.000499621 -0.00384082 -0.00576184 -0.0092809 0.00205393 0.00104582 0.000173289 -0.000146439 0.000568936 0.000382918 0.00198507 0.000216725 0.00036636 -0.00241549 -0.00480508 0.000103881 -0.00176882 0.001 -0.000472392 -0.00239888 0.000506208
internal_weight=16342 15813 529 354 173 2730 1250 13083 7213 5870 5205 665 4856 4552 208 113 871 274 597 321 173 4344
internal_count=16342 15813 529 354 173 2730 1250 13083 7213 5870 5205 665 4856 4552 208 113 871 274 597 321 173 4344
is_linear=0
shrinkage=0.035


Tree=136
num_leaves=23
num_cat=0
split_feature=8 15 22 20 22 20 21 21 12 12 9 21 9 9 20 3 20 25 20 22 3 1
split_gain=6.75694 4.47351 3.49149 2.02412 1.96773 1.46614 3.72256 1.14655 1.17102 1.85931 1.13021 1.0993 1.74782 1.69156 1.02905 0.987781 0.942653 0.912662 0.852049 0.803742 0.772479 0.76986
threshold=8.6533702435584079 0.67261904761904778 16785.000000000004 21.500000000000004 34795.000000000007 10.500000000000002 1.5000000000000002 2.5000000000000004 0.39002102778747993 0.48171165642947372 0.32393328502805191 3.5000000000000004 19.831351334706785 12.76091540367271 3.5000000000000004 12.981742114742621 19.500000000000004 248.50000000000003 18.500000000000004 43337.000000000007 22.797540755617458 20.017857142857146
decision_type=2 2 2 2 2 2 2 2 2 2 2 2 2 2 2 2 2 2 2 2 2 2
left_child=1 15 -2 5 10 6 -4 16 -9 -10 -3 20 13 19 -8 -1 -6 -17 21 -13 -7 -15
right_child=2 4 3 -5 7 11 14 8 9 -11 -12 12 -14 18 -16 17 -18 -19 -20 -21 -22 -23
leaf_value=0.0011385624253856211 0.52650433720119239 0.0071691197827105707 -0.10532458005154399 0.20796024585019057 -0.0029968632406308614 0.037893675869724384 0.052314661383036955 -0.0017855735079725932 -0.0014564126619679757 -0.0072296118950051893 -0.0073328745206655398 -0.079578330037669259 0.25526129186595431 -0.19767977659024327 0.25557682502969686 0.046726696794791481 0.0033324219870383455 -0.142735088694594 -0.025433327198273577 0.052003368105034052 -0.079259471205843673 -0.099182751456004026
leaf_weight=9589 1596 167 380 1204 128 1009 409 78 98 92 135 77 78 79 735 69 91 63 45 124 96 48
leaf_count=9589 1596 167 380 1204 128 1009 409 78 98 92 135 77 78 79 735 69 91 63 45 124 96 48
internal_value=0.000385331 -0.000144793 0.00133517 0.000807065 -0.00267128 0.000323339 0.00109647 -0.00404065 -0.00560256 -0.00708974 -0.000376221 -0.000423767 -0.00187281 -0.00288889 0.00209878 5.97369e-05 -0.00196875 -0.00288686 -0.0053983 -0.00057767 0.000157658 -0.00684091
internal_weight=16390 10510 5880 4284 789 3080 1524 487 268 190 302 1556 451 373 1144 9721 219 132 172 201 1105 127
internal_count=16390 10510 5880 4284 789 3080 1524 487 268 190 302 1556 451 373 1144 9721 219 132 172 201 1105 127
is_linear=0
shrinkage=0.035


Tree=137
num_leaves=23
num_cat=0
split_feature=12 9 24 12 8 12 12 22 7 7 11 10 12 23 22 5 1 0 25 7 12 7
split_gain=7.08816 6.45003 2.49286 2.5085 1.41668 1.2532 1.72116 1.20538 1.08924 0.898781 0.820225 0.794065 0.883618 0.817789 0.672126 0.88993 0.664595 1.05329 0.564425 0.959275 0.742839 1.87735
threshold=0.48171165642947372 20.230777150249171 4685.0000000000009 0.39002102778747993 8.9736488350169576 6.5492767057550667 6.8210593452430386 19263.000000000004 17.154761904761909 1.0000000180025095e-35 10.276399433309187 3.3876526498728432 2.5065704709548395 62950.000000000007 32208.500000000004 12.996151141142256 13.272026472482283 13.982558156555685 180.50000000000003 8.5703912678374952 3.3250015042352929 5.0043161206207767
decision_type=2 2 2 2 2 2 2 2 2 2 2 2 2 2 2 2 2 2 2 2 2 2
left_child=2 4 -1 9 18 7 8 -6 -7 -4 16 12 -9 -14 -3 -16 17 -8 19 -2 -20 -22
right_child=1 14 3 -5 5 6 10 11 -10 -11 -12 -13 13 -15 15 -17 -18 -19 20 -21 21 -23
leaf_value=-0.00027614702306304542 0.022495970190566757 0.66219831368081139 0.0011294119534448451 -0.0017469150651476121 0.24768097837896363 -0.088692093434520988 -0.14194982242575149 -0.020752218683745226 -0.20472611173399727 -0.0030912178099636962 -0.25326691743426782 0.021660166155579801 0.12703675577215928 -0.017798440106594784 -0.30502103028202093 0.50326494627664553 0.1484134107488268 0.094455205768581102 0.00030952467325596908 -0.038463492469268008 -0.10330418398451209 -0.011308813979634591
leaf_weight=167 1480 1384 71 178 644 50 93 53 54 111 60 1738 765 172 45 84 415 95 7957 68 59 652
leaf_count=167 1480 1384 71 178 644 50 93 53 54 111 60 1738 765 172 45 84 415 95 7957 68 59 652
internal_value=0.000364939 0.000498992 -0.00360526 -0.00522603 0.000268106 0.000814189 -0.0004443 0.00110586 -0.00452752 -0.00211497 0.000199102 0.000772228 0.00156533 0.00182803 0.00266996 0.000104478 0.000621711 -0.00103368 4.48588e-05 0.000660335 -6.33574e-05 -0.00114385
internal_weight=16395 15868 527 360 14355 4139 767 3372 104 182 663 2728 990 937 1513 129 603 188 10216 1548 8668 711
internal_count=16395 15868 527 360 14355 4139 767 3372 104 182 663 2728 990 937 1513 129 603 188 10216 1548 8668 711
is_linear=0
shrinkage=0.035


Tree=138
num_leaves=23
num_cat=0
split_feature=12 9 24 12 21 20 9 20 21 21 12 20 9 25 20 21 22 21 6 6 9 25
split_gain=7.36896 6.29097 2.80852 3.34288 2.084 1.24707 2.39004 2.08063 2.72503 1.84257 3.32085 1.76205 1.98801 1.72423 1.66137 1.3328 1.27895 1.19815 1.19697 1.22995 1.17952 1.16382
threshold=0.48171165642947372 21.113247863247867 4685.0000000000009 0.39002102778747993 1.5000000000000002 23.500000000000004 9.1171568627450998 10.500000000000002 1.5000000000000002 3.5000000000000004 2.3497233763288237 3.5000000000000004 3.4002541242064055 210.50000000000003 19.500000000000004 2.5000000000000004 13885.000000000002 3.5000000000000004 17.961864802538603 1.0010887194926981 2.0984955039134685 200.00000000000003
decision_type=2 2 2 2 2 2 2 2 2 2 2 2 2 2 2 2 2 2 2 2 2 2
left_child=2 5 -1 -4 -5 7 -7 8 -2 14 -11 15 -13 -12 18 -10 -17 21 19 20 -9 -18
right_child=1 -3 3 4 -6 6 -8 9 11 10 13 12 -14 -15 -16 16 17 -19 -20 -21 -22 -23
leaf_value=-0.00026648186673576774 -0.016327634955176785 0.6926886541593873 -0.0021411498660133758 -0.0040305110109964369 -0.0015718039985551965 0.0018305242103983986 0.24367838751669538 -0.0056913632985579098 0.043648542466171079 0.0015162148795225499 -0.0084930398917791462 0.0064862447957212792 0.18672928946214992 -0.10796100727500002 0.017605415818818793 0.034018439722282225 -0.14354037751096954 -0.0037587456715292996 -0.15508907153026616 0.00016229153431134084 -0.064720228171439687 -0.022973716160267967
leaf_weight=177 1154 1225 186 50 119 2414 1047 367 365 673 224 1188 1334 536 1450 124 71 619 126 2610 138 236
leaf_count=177 1154 1225 186 50 119 2414 1047 367 365 673 224 1188 1334 536 1450 124 71 619 126 2610 138 236
internal_value=0.000359411 0.000496417 -0.00366946 -0.00544444 -0.00897126 0.000293475 0.000874495 0.0001123 0.000635989 -0.000320362 -0.00141655 0.0010761 0.00163019 -0.00299673 1.19252e-05 7.39438e-05 -0.000547393 -0.00101128 -0.00042483 -0.000280449 -0.00185294 -0.00278205
internal_weight=16433 15901 532 355 169 14676 3461 11215 5091 6124 1433 3937 2522 760 4691 1415 1050 926 3241 3115 505 307
internal_count=16433 15901 532 355 169 14676 3461 11215 5091 6124 1433 3937 2522 760 4691 1415 1050 926 3241 3115 505 307
is_linear=0
shrinkage=0.035


Tree=139
num_leaves=23
num_cat=0
split_feature=12 9 23 12 21 8 20 20 21 7 21 27 23 2 20 6 23 12 17 10 5 11
split_gain=6.06088 5.12448 2.25789 3.11014 2.00034 2.00002 2.81452 2.56804 2.8294 1.44047 1.44684 1.58227 1.12096 1.14956 1.07719 1.06888 1.64744 0.990625 0.907468 0.839474 0.769513 0.787572
threshold=0.48171165642947372 21.357905112267982 29500.000000000004 0.39002102778747993 1.5000000000000002 8.9736488350169576 20.500000000000004 10.500000000000002 1.5000000000000002 10.287085137085139 3.5000000000000004 3.5000000000000004 23700.000000000004 12.315729686009409 3.5000000000000004 17.961864802538603 29500.000000000004 5.0400512301083227 1.0000000180025095e-35 4.9809159608975522 11.946428571428573 3.5025085394935593
decision_type=2 2 2 2 2 2 2 2 2 2 2 2 2 2 2 2 2 2 2 2 2 2
left_child=2 5 -1 -4 -5 17 7 8 12 -9 11 15 -7 -14 18 -11 -17 -2 -10 -15 21 -8
right_child=1 -3 3 4 -6 6 20 9 14 10 -12 -13 13 19 -16 16 -18 -19 -20 -21 -22 -23
leaf_value=-0.00011595698509901552 0.00019034557344351448 0.70309738662329269 -0.0021142147162178512 -0.0035238980471089822 -0.0015167908189940111 0.50049968380039855 0.26672770612454455 0.054178178846322193 0.13323406445853503 0.046795431537606909 -0.08625700551312826 -0.17219746896963431 -0.008270251901154527 -0.088279825616512889 0.26606624485606833 0.31103045491613496 -0.17525711195138294 -0.16989246686106604 -0.10502407727723682 -0.24655782391689524 0.28633397676217953 0.016792912119624064
leaf_weight=169 10094 1113 186 45 121 74 139 300 326 659 309 169 169 52 784 50 66 45 110 55 907 383
leaf_count=169 10094 1113 186 45 121 74 139 300 326 659 309 169 169 52 784 50 66 45 110 55 907 383
internal_value=0.000338641 0.00046249 -0.00335361 -0.00493137 -0.00837134 0.000287221 0.000896313 0.000299872 0.0013 -0.000700898 -0.00122973 -0.000520021 -0.00142958 -0.00247865 0.0021 0.000134616 -0.00286364 1.17312e-05 0.000642857 -0.00525 0.00218201 0.00104269
internal_weight=16325 15804 521 352 166 14691 4552 3123 1570 1553 1253 944 350 276 1220 775 116 10139 436 107 1429 522
internal_count=16325 15804 521 352 166 14691 4552 3123 1570 1553 1253 944 350 276 1220 775 116 10139 436 107 1429 522
is_linear=0
shrinkage=0.035


Tree=140
num_leaves=23
num_cat=0
split_feature=12 9 24 12 9 12 7 20 12 20 24 24 11 7 25 5 22 10 10 12 20 6
split_gain=7.02138 5.18239 3.29668 2.47778 1.33422 2.15586 1.45322 2.02569 1.22929 1.34328 1.06739 1.04532 1.00389 0.909657 0.799206 1.07252 0.70273 1.02469 0.793335 0.731781 0.708967 0.943957
threshold=0.48171165642947372 20.230777150249171 4685.0000000000009 0.39002102778747993 10.393218861693699 6.5492767057550667 10.858297628196111 9.5000000000000018 6.9827705005271801 19.500000000000004 12965.500000000002 9349.5000000000018 10.276399433309187 1.0000000180025095e-35 224.50000000000003 13.982558156555685 19263.000000000004 5.063080158049643 6.4807406984078604 3.1148531105018393 10.500000000000002 7.9732713418271493
decision_type=2 2 2 2 2 2 2 2 2 2 2 2 2 2 2 2 2 2 2 2 2 2
left_child=2 4 -1 13 6 16 10 -8 9 -7 -2 -9 -10 -4 -3 -16 -6 19 20 -18 21 -19
right_child=1 14 3 -5 5 8 7 11 12 -11 -12 -13 -14 -15 15 -17 17 18 -20 -21 -22 -23
leaf_value=0.00017202898831650338 0.00046849638593953196 0.74745116254128274 0.0012388182580331919 -0.0016246094123201367 0.23147752565316024 -0.10778284356133479 0.20436153061947476 -0.012593583130404063 0.052421426591253463 0.012205490615101193 0.083449176713091183 -0.21510450299023345 -0.24039884530526687 -0.0029505541700033584 -0.1738360511051221 0.42056547965354918 -0.077380453105242761 -0.075679033813143406 0.15638605320761192 0.10404598892040791 -0.054702737778140796 0.20379947710409183
leaf_weight=170 10205 1046 73 169 660 106 70 45 500 92 560 78 61 110 119 318 68 49 202 1289 210 90
leaf_count=170 10205 1046 73 169 660 106 70 45 500 92 560 78 61 110 119 318 68 49 202 1289 210 90
internal_value=0.000364069 0.000497718 -0.00360626 -0.00551961 0.000291463 0.000905462 0.00010312 -0.00286364 -0.00071466 -0.00305172 0.000159239 -0.00552344 9.89401e-05 -0.00245745 0.00246505 0.00112443 0.00139157 0.00103006 -0.000214029 0.00154699 -0.00124576 0.000583333
internal_weight=16290 15768 522 352 14285 3327 10958 193 759 198 10765 123 561 183 1483 437 2568 1908 551 1357 349 139
internal_count=16290 15768 522 352 14285 3327 10958 193 759 198 10765 123 561 183 1483 437 2568 1908 551 1357 349 139
is_linear=0
shrinkage=0.035


Tree=141
num_leaves=23
num_cat=0
split_feature=12 9 24 12 8 20 20 5 7 20 5 7 4 5 3 17 20 20 12 24 0 20
split_gain=7.46242 5.34645 3.35512 4.2722 1.19493 2.14141 2.89289 1.82188 1.71478 1.31801 1.17487 1.10519 1.05119 1.02242 0.937708 0.715041 0.817785 1.05749 1.29671 0.738588 0.684546 0.79405
threshold=0.48171165642947372 20.715476190476192 4685.0000000000009 0.39002102778747993 8.9736488350169576 21.500000000000004 9.5000000000000018 5.9680479807034317 23.026516996264409 3.5000000000000004 7.2124177154897433 1.0000000180025095e-35 0.97998062472434233 12.315729686009409 6.9966807769941894 1.0000000180025095e-35 11.500000000000002 18.500000000000004 6.5492767057550667 12965.500000000002 13.013525075797139 15.500000000000002
decision_type=2 2 2 2 2 2 2 2 2 2 2 2 2 2 2 2 2 2 2 2 2 2
left_child=2 4 -1 11 -2 6 7 -6 10 -9 -8 -4 -5 -7 -3 16 -12 18 -18 20 21 -17
right_child=1 14 3 12 5 13 8 9 -10 -11 15 -13 -14 -15 -16 19 17 -19 -20 -21 -22 -23
leaf_value=7.2240496124583323e-05 0.00017492280847409991 -0.046651224512267435 0.0070555094233379131 -0.0015208108958170339 -0.016648958811382446 0.088545120300148356 0.034969297472730206 0.041804032120261785 -0.22008165160429174 0.3335462249596064 0.18166780400409629 -0.0026767449589438636 -0.003013717438648878 0.29591422767870407 0.62440552097123225 -0.19219888396651658 -0.038681958109598714 0.080329586404769102 -0.21292334899608412 -0.10910413632423525 -0.00060343194094556146 -0.027796780986144
leaf_weight=179 10173 84 74 118 344 513 604 401 64 611 93 112 53 696 1244 45 349 223 56 62 159 87
leaf_count=179 10173 84 74 118 344 513 604 401 64 611 93 112 53 696 1244 45 349 223 56 62 159 87
internal_value=0.000293076 0.000432271 -0.00374584 -0.00568508 0.000235589 0.000724026 0.000228972 0.00144269 -0.000707212 0.00219223 -0.000472074 -0.00181414 -0.009625 0.00197199 0.00255476 -0.00117099 -0.000501377 -0.000978673 -0.00204878 -0.00246369 -0.00158446 -0.00339781
internal_weight=16344 15808 536 357 14480 4307 3098 1356 1742 1012 1678 186 171 1209 1328 1074 721 628 405 353 291 132
internal_count=16344 15808 536 357 14480 4307 3098 1356 1742 1012 1678 186 171 1209 1328 1074 721 628 405 353 291 132
is_linear=0
shrinkage=0.035


Tree=142
num_leaves=23
num_cat=0
split_feature=9 12 22 12 9 12 12 21 7 11 24 14 22 1 27 7 10 1 9 12 5 25
split_gain=5.71232 4.07691 2.23051 2.1224 1.31723 1.22018 1.37087 1.51265 1.14648 1.08775 1.02486 1.01673 0.966062 0.870652 0.698571 2.71549 1.53587 0.700767 0.727167 0.711967 0.70618 0.695372
threshold=20.230777150249171 0.48171165642947372 31797.000000000004 0.39002102778747993 10.393218861693699 6.5492767057550667 6.8210593452430386 2.5000000000000004 11.288630000435463 2.8749263295371774 12965.500000000002 0.78174603174603186 19263.000000000004 13.013525075797139 2.5000000000000004 12.860265344091902 4.2370948858627377 18.049040346336252 15.96336015175301 5.9594640373526735 22.797540755617458 248.50000000000003
decision_type=2 2 2 2 2 2 2 2 2 2 2 2 2 2 2 2 2 2 2 2 2 2
left_child=1 2 -1 -4 8 12 7 -7 10 -2 -3 -5 -6 -8 15 -14 -17 20 -19 -20 -16 -10
right_child=9 4 3 11 5 6 13 -9 21 -11 -12 -13 14 -15 17 16 -18 18 19 -21 -22 -23
leaf_value=0.00012724536306365919 -0.48572830972786557 4.1753652067544083e-05 -0.001650082789048705 -0.0015416326044597588 0.22573011721347214 -0.00038912207178890061 -0.077804502753653318 -0.17063874495350714 -0.0024895097856585621 0.53811917724649638 0.077666550957739097 -0.0014286959532456519 0.057569593443315199 0.10956713588613448 0.13288358605656114 -0.20572222423049746 -0.050762673304322999 -0.081779981927146236 0.21708176753323324 -0.048911094287364586 -0.046548926384999793 -0.10430964150854674
leaf_weight=176 48 10258 178 53 653 59 227 49 52 1474 603 113 254 430 1199 45 58 118 128 59 78 53
leaf_count=176 48 10258 178 53 653 59 227 49 52 1474 603 113 254 430 1199 45 58 118 128 59 78 53
internal_value=0.000337813 0.000126819 -0.0029 -0.00452292 0.000238903 0.00084533 -0.000363636 -0.00393363 5.13628e-05 0.00237688 8.89013e-05 -0.00734795 0.00120889 0.000222055 0.000799383 -0.000560773 -0.00525 0.00111815 -0.00033871 0.000947917 0.00147972 -0.0035
internal_weight=16365 14843 520 344 14323 3357 765 108 10966 1522 10861 166 2592 657 1939 357 103 1582 305 187 1277 105
internal_count=16365 14843 520 344 14323 3357 765 108 10966 1522 10861 166 2592 657 1939 357 103 1582 305 187 1277 105
is_linear=0
shrinkage=0.035


Tree=143
num_leaves=23
num_cat=0
split_feature=0 15 22 20 22 20 7 8 20 21 24 22 4 9 20 20 20 20 7 20 2 21
split_gain=5.59091 4.13662 2.13155 1.64771 1.50963 1.47372 1.83744 1.61705 1.4137 1.05636 1.28341 1.29862 1.3975 1.18597 1.02011 0.99455 2.49552 2.09389 1.61282 1.59619 1.47105 1.47415
threshold=13.982558156555685 0.67261904761904778 16785.000000000004 19.500000000000004 17834.500000000004 15.500000000000002 0.40964277971844582 0.28288459797392906 26.500000000000004 2.5000000000000004 1706.5000000000002 3735.5000000000005 1.9999246801866812 2.9287756300286603 8.5000000000000018 11.500000000000002 23.500000000000004 3.5000000000000004 3.8561343066402523 29.500000000000004 10.000130448439306 3.5000000000000004
decision_type=2 2 2 2 2 2 2 2 2 2 2 2 2 2 2 2 2 2 2 2 2 2
left_child=1 9 -2 -4 -3 6 14 8 -7 10 11 13 -13 -1 -6 17 20 -11 -19 -18 -17 -22
right_child=2 4 3 -5 5 7 -8 -9 -10 15 -12 12 -14 -15 -16 16 19 18 -20 -21 21 -23
leaf_value=0.060002129713652992 0.47856045920787438 0.0001340388606342182 0.0056528708591778529 0.25185916002119729 -0.00061549846848507487 -0.0011328660618913995 -0.0091739762988325164 0.0010772577573754209 -0.0024279024187682432 -0.0065801504572316136 0.00016044945736325028 -0.0061752795844708672 -0.03010887099080348 -0.046361136199740013 -0.0025757540244955605 -0.0037553780996775706 0.041028105173471982 0.0091112627027557982 0.19902689565502341 -0.028507441202379104 -0.017135652790713531 -0.12215944971123112
leaf_weight=154 1425 150 1341 749 108 168 74 105 57 800 5317 242 241 111 112 1923 1142 800 702 249 181 180
leaf_count=154 1425 150 1341 749 108 168 74 105 57 800 5317 242 241 111 112 1923 1142 800 702 249 181 180
internal_value=0.000335517 -2.45678e-06 0.00157102 0.000843676 -0.00247561 -0.00323291 -0.00504515 -0.00151493 -0.00319565 0.000156014 -0.000167216 -0.00151992 -0.00259631 0.000388889 -0.00318889 0.000486794 0.000123641 0.00105743 0.0018278 0.0012937 -0.000582569 -0.00262022
internal_weight=16331 12816 3515 2090 774 624 294 330 225 12042 6065 748 483 265 220 5977 3675 2302 1502 1391 2284 361
internal_count=16331 12816 3515 2090 774 624 294 330 225 12042 6065 748 483 265 220 5977 3675 2302 1502 1391 2284 361
is_linear=0
shrinkage=0.035


Tree=144
num_leaves=23
num_cat=0
split_feature=12 9 24 12 21 9 22 10 21 21 12 3 5 12 3 3 24 3 25 22 2 21
split_gain=6.58423 4.79203 2.662 3.60465 2.10466 1.62166 1.37547 2.67616 2.53188 0.936594 0.783052 0.780402 0.749158 0.695164 0.650884 0.626312 0.603445 0.780505 0.957838 0.801769 0.722194 0.580328
threshold=0.48171165642947372 21.357905112267982 4685.0000000000009 0.39002102778747993 1.5000000000000002 9.3912408410482708 31488.000000000004 4.9809159608975522 2.5000000000000004 3.5000000000000004 2.565674953785313 6.9966807769941894 15.408097019939717 6.5492767057550667 7.9556346757982341 15.888781740388525 12965.500000000002 12.981742114742621 248.50000000000003 43337.000000000007 8.9643303029379542 2.5000000000000004
decision_type=2 2 2 2 2 2 2 2 2 2 2 2 2 2 2 2 2 2 2 2 2 2
left_child=2 5 -1 -4 -5 16 -7 9 12 10 -8 -3 14 -11 -9 -16 17 21 19 -19 -18 -2
right_child=1 11 3 4 -6 6 7 8 -10 13 -12 -13 -14 -15 15 -17 20 18 -20 -21 -22 -23
leaf_value=-0.00062957919207652982 -0.0037588534730846591 -0.014690111320843049 -0.0016113330198154075 -0.0042107714326963495 -0.0012639587986263768 0.1041188949301112 -0.070642357506423725 -0.074631428219392573 0.025431059388957893 0.0051428355717203613 0.11625043796409192 0.66279889580781703 -0.0050336937031157684 -0.16168592071942131 -0.20846211310713619 -0.21148389040163823 0.11161190561972506 0.069841271698585713 -0.14469125357495294 -0.11449501101732867 -0.0042661893008556374 0.0016970956011648089
leaf_weight=178 4841 82 176 48 130 1984 48 77 375 371 1016 1074 87 79 88 80 228 75 59 48 181 5006
leaf_count=178 4841 82 176 48 130 1984 48 77 375 371 1016 1074 87 79 88 80 228 75 59 48 181 5006
internal_value=0.000269099 0.000399519 -0.00353911 -0.00527437 -0.00874044 0.000226516 0.000806413 0.000198113 -0.0015632 0.00103456 0.00160103 0.00256546 -0.00377003 -0.000269231 -0.00476 -0.00600867 -5.69747e-06 -6.13911e-05 -0.00230214 -0.000328125 0.00130193 -1.70522e-05
internal_weight=16331 15799 532 354 178 14643 4205 2221 707 1514 1064 1156 332 450 245 168 10438 10029 182 123 409 9847
internal_count=16331 15799 532 354 178 14643 4205 2221 707 1514 1064 1156 332 450 245 168 10438 10029 182 123 409 9847
is_linear=0
shrinkage=0.035


Tree=145
num_leaves=23
num_cat=0
split_feature=12 9 24 12 9 20 20 20 21 21 20 20 20 22 9 24 12 21 21 25 25 12
split_gain=5.55838 4.60799 2.5588 2.05806 1.37045 1.29348 1.89958 1.74161 4.26031 3.60081 2.01528 1.95761 1.42728 1.37002 1.81238 1.36819 1.35311 1.19121 1.20946 1.84949 1.13588 1.0937
threshold=0.48171165642947372 20.539744396851962 4685.0000000000009 0.39002102778747993 4.3603896103896114 23.500000000000004 28.500000000000004 9.5000000000000018 3.5000000000000004 1.5000000000000002 11.500000000000002 3.5000000000000004 17.500000000000004 52360.000000000007 7.0001034034430978 5252.0000000000009 3.6030684514534728 2.5000000000000004 3.5000000000000004 233.00000000000003 224.50000000000003 3.4528625999724123
decision_type=2 2 2 2 2 2 2 2 2 2 2 2 2 2 2 2 2 2 2 2 2 2
left_child=2 4 -1 -4 -2 7 -7 9 12 -6 -10 17 13 21 -15 -12 -17 -11 19 -19 -18 -9
right_child=1 -3 3 -5 5 6 -8 8 10 11 15 -13 -14 14 -16 16 20 18 -20 -21 -22 -23
leaf_value=7.6482135421911739e-05 -0.0012961882769135964 0.48093523045738773 -0.0020806564401119111 -0.0013301253943624703 -0.066018387351269456 0.15159913856637991 -0.0041527865573278673 0.060684331355678411 0.086399149171626471 0.15200495027991048 -0.14504098446606756 0.20693311119615332 0.088848005423386611 0.044377123687414824 -0.18102089658733603 0.020088164460259052 -0.0066440520343228459 -0.13094223127981233 0.02307843464558855 0.01403964679228994 -0.097227647128451999 -0.029405470678648394
leaf_weight=178 7220 1367 184 161 610 1163 538 485 110 180 214 1051 1070 55 46 112 104 77 329 93 214 841
leaf_count=178 7220 1367 184 161 610 1163 538 485 110 180 214 1051 1070 55 46 112 104 77 329 93 214 841
internal_value=0.000268148 0.00038649 -0.00326136 -0.005 0.000201798 0.000540565 0.00138687 0.000278949 -0.000240786 0.00100746 -0.00254084 0.00182565 0.00045044 -0.000263966 -0.00409434 -0.00329507 -0.00205172 0.000327486 -0.000527778 -0.0029 -0.00321827 2.89257e-05
internal_weight=16402 15879 523 345 14512 7292 1701 5591 3251 2340 754 1730 2497 1427 101 644 430 679 499 170 318 1326
internal_count=16402 15879 523 345 14512 7292 1701 5591 3251 2340 754 1730 2497 1427 101 644 430 679 499 170 318 1326
is_linear=0
shrinkage=0.035


Tree=146
num_leaves=23
num_cat=0
split_feature=4 12 24 12 14 8 20 20 9 12 25 12 23 9 11 20 20 4 6 6 22 9
split_gain=4.8571 3.3554 2.0012 2.76467 1.56511 1.23564 1.16937 2.28959 1.74869 1.93426 1.27272 1.23272 0.998517 2.21393 0.969005 0.921071 1.97352 1.6645 1.57451 1.04767 1.00602 0.912754
threshold=17.482659175368095 0.48171165642947372 4685.0000000000009 0.39002102778747993 0.78174603174603186 8.6533702435584079 20.500000000000004 10.500000000000002 23.672619047619051 6.5492767057550667 191.00000000000003 8.4706950275334005 62950.000000000007 13.371490800498107 3.6419411986894068 19.500000000000004 11.500000000000002 15.950345293025352 5.0238095238095246 5.9272486772486781 25082.000000000004 7.0717367670185665
decision_type=2 2 2 2 2 2 2 2 2 2 2 2 2 2 2 2 2 2 2 2 2 2
left_child=1 2 -1 -4 -5 14 7 -2 9 -9 -11 -12 15 -14 -3 16 18 19 -7 -18 -19 -16
right_child=6 5 3 4 -6 12 -8 8 -10 10 11 -13 13 -15 21 -17 17 20 -20 -21 -22 -23
leaf_value=0.00029620967742415737 0.47604932595422844 0.00027530780588110645 -0.0013125735285251449 -0.00088015335375364427 -0.0011991770721074086 -0.0085905517611811633 0.42976662172483537 0.058022791975684523 0.62276820138853495 0.095387836745601765 -0.23968202041525827 -0.033074641611720954 0.0033999308368400502 -0.17682093096216112 -0.09964637978674247 0.17125868168855035 0.07929565449100856 -0.1746794086360553 0.16245777014540161 -0.029430344017621034 -0.049552299596044222 -0.011141718388370084
leaf_weight=180 486 9541 192 50 115 486 793 275 168 75 109 45 485 45 123 1042 269 62 966 463 66 307
leaf_count=180 486 9541 192 50 115 486 793 275 168 75 109 45 485 45 123 1042 269 62 966 463 66 307
internal_value=0.000288598 6.49095e-05 -0.00263469 -0.00413812 -0.00741176 0.000171717 0.00192536 0.00118272 -0.000118907 -0.00117583 -0.00352991 -0.00530503 0.00070108 -0.000686916 -3.2979e-05 0.000926317 0.000524169 -0.000789017 0.001314 -0.000109226 -0.00439474 -0.00164943
internal_weight=16343 14392 537 357 165 13855 1951 1158 672 504 229 154 3884 530 9971 3354 2312 860 1452 732 128 430
internal_count=16343 14392 537 357 165 13855 1951 1158 672 504 229 154 3884 530 9971 3354 2312 860 1452 732 128 430
is_linear=0
shrinkage=0.035


Tree=147
num_leaves=23
num_cat=0
split_feature=6 12 24 12 14 26 20 20 24 20 27 20 20 12 8 10 10 20 8 10 20 11
split_gain=5.08773 4.25383 2.40481 2.50407 2.20181 1.36268 0.970279 2.19961 1.60874 0.955021 0.801932 0.639447 0.946779 0.886078 0.849523 1.19051 0.622881 0.616108 0.711375 1.3342 0.615641 0.695161
threshold=15.660611128661314 0.48171165642947372 4685.0000000000009 0.39002102778747993 0.73863636363636376 1.0000000180025095e-35 20.500000000000004 9.5000000000000018 7066.5000000000009 15.500000000000002 2.5000000000000004 17.500000000000004 12.500000000000002 1.893055084871331 3.0718573973290817 2.8371280825101945 1.7043362064926952 4.5000000000000009 6.0000093177456657 4.2370948858627377 30.500000000000004 2.926578562121096
decision_type=2 2 2 2 2 2 2 2 2 2 2 2 2 2 2 2 2 2 2 2 2 2
left_child=1 2 -1 -4 -5 20 7 -2 -9 -10 -7 12 17 16 -14 -16 -13 18 -12 -20 -3 -22
right_child=6 5 3 4 -6 10 -8 8 9 -11 11 13 14 -15 15 -17 -18 -19 19 -21 21 -23
leaf_value=0.00026317083048856216 0.38412751877444512 0.00059538925455181375 -0.0012666334550267648 -0.00062087325492213308 -0.0012415998080360247 0.5315216190705041 0.33695108556868875 0.063338046576805973 -0.2085868638283003 -0.0011006204508400548 0.015906099080915344 0.021782034126534067 0.013621820320656815 0.078653392578232173 -0.088280460126241578 -0.0077124377159294008 -0.042375594862299602 0.059879775617784771 -0.098947720669885886 0.088366258828063288 -0.0079264931006492439 -0.12715852250739118
leaf_weight=179 641 11529 192 54 117 196 844 484 76 58 174 231 105 489 91 104 59 468 57 54 130 51
leaf_count=179 641 11529 192 54 117 196 844 484 76 58 174 231 105 489 91 104 59 468 57 54 130 51
internal_value=0.000300708 6.24783e-05 -0.00296252 -0.00458424 -0.00763636 0.00018413 0.00190607 0.00125712 -0.000207865 -0.00355036 0.00102091 0.000775449 0.000191872 0.00153571 -0.00143443 -0.0028 0 0.000868074 -0.000362069 -0.00253448 3.73454e-05 -0.00195699
internal_weight=16383 14280 542 363 171 13738 2103 1259 618 134 2028 1832 1053 779 300 195 290 753 285 111 11710 181
internal_count=16383 14280 542 363 171 13738 2103 1259 618 134 2028 1832 1053 779 300 195 290 753 285 111 11710 181
is_linear=0
shrinkage=0.035


Tree=148
num_leaves=23
num_cat=0
split_feature=1 12 22 22 12 14 10 5 22 1 10 5 9 12 15 12 4 11 10 10 1 9
split_gain=5.53981 3.51923 2.02967 1.76987 1.46806 1.35093 1.21814 1.3049 0.93109 1.17091 0.808412 0.69714 0.760047 0.947012 0.783257 1.8869 1.31983 1.02574 1.94894 0.882804 0.787802 0.750164
threshold=13.013525075797139 0.48171165642947372 16785.000000000004 34795.000000000007 0.39002102778747993 0.73863636363636376 3.8297084310253569 9.0039695662631729 31488.000000000004 19.556552062598733 0.37796447300922686 22.797540755617458 3.8223362132145544 2.4256551433630795 1.0000000180025095e-35 1.8502109131881215 4.8493515340940085 1.270995810231738 1.0654355355887684 2.7945525240230924 3.9929401464817613 4.3603896103896114
decision_type=2 2 2 2 2 2 2 2 2 2 2 2 2 2 2 2 2 2 2 2 2 2
left_child=1 3 -2 -1 10 -6 -4 8 -8 -10 -5 12 14 -14 15 17 -17 -3 -19 -16 -18 -15
right_child=2 11 6 4 5 -7 7 -9 9 -11 -12 -13 13 21 19 16 20 18 -20 -21 -22 -23
leaf_value=2.9745873066944943e-05 0.4258608600762776 0.041180284712789082 0.098719904311899212 0.0012473040087206584 -0.0009416043324273186 -0.0011445013168141463 0.094883122489689456 0.059029613066880385 -0.056841421566376345 -0.21624419802939396 -0.0019218873261725644 -0.10831903265370928 0.067053095368862323 -0.065410825907920328 -0.00072763029003107126 -0.086732837237290042 0.021482208829720278 -0.057708755207547757 0.00068879008103295779 0.037314902675411002 -0.046586069178792752 0.01034567096978105
leaf_weight=164 1418 201 637 72 48 119 134 1084 178 68 100 116 644 96 6001 131 67 56 294 150 64 4522
leaf_count=164 1418 201 637 72 48 119 134 1084 178 68 100 116 644 96 6001 131 67 56 294 150 64 4522
internal_value=0.000284165 -5.17508e-05 0.00151362 -0.00290748 -0.0043343 -0.00667442 0.000807692 0.000235875 -0.0015 -0.0027749 -0.00183898 6.43477e-05 9.18569e-05 0.000410006 -0.000146147 -0.00116381 -0.00357865 0 -0.0011338 -7.95958e-06 -0.000875 0.000229397
internal_weight=16364 12845 3519 503 339 167 2101 1464 380 246 172 12342 12226 5262 6964 813 262 551 350 6151 131 4618
internal_count=16364 12845 3519 503 339 167 2101 1464 380 246 172 12342 12226 5262 6964 813 262 551 350 6151 131 4618
is_linear=0
shrinkage=0.035


Tree=149
num_leaves=23
num_cat=0
split_feature=9 12 20 22 12 14 25 12 5 22 5 20 21 7 3 20 3 9 12 9 24 21
split_gain=5.12557 3.74912 2.90139 2.35756 2.25861 1.91164 1.86778 2.53438 1.59185 1.15842 1.01209 0.887831 2.38741 1.73034 1.16201 0.809486 1.19674 0.72598 1.81822 1.29476 1.73073 0.752896
threshold=13.199527588272966 0.48171165642947372 21.500000000000004 34795.000000000007 0.39002102778747993 0.73863636363636376 200.00000000000003 8.0938199012078709 15.945025446116915 43337.000000000007 21.965076773329255 11.500000000000002 3.5000000000000004 18.0155477880433 7.9556346757982341 30.500000000000004 2.9974617545665088 4.8693181818181825 2.8562778013060233 5.8214332303014045 4326.0000000000009 2.5000000000000004
decision_type=2 2 2 2 2 2 2 2 2 2 2 2 2 2 2 2 2 2 2 2 2 2
left_child=1 3 6 -1 -5 -6 9 11 -9 -2 15 14 -13 -14 -8 17 -17 18 -3 -19 -21 -22
right_child=2 10 -4 4 5 -7 7 8 -10 -11 -12 12 13 -15 -16 16 -18 19 -20 20 21 -23
leaf_value=0.00029826179699453392 0.35190476750749655 -0.00013519357499954459 0.42410009307972285 -0.0012385173723035406 -0.00085165472580369913 -0.0011513809458075191 -0.092579589905499943 -0.38917763968180469 -0.0035638499223326955 -0.14298392553019271 -0.10728551646945507 0.042950505310081086 -0.13095276736703518 -0.050784129962027032 0.16349644942083039 0.0034086066784905773 -0.098449766615752415 0.24601315110335292 -0.037439686597870052 -0.050377442176345884 0.0018551628420999168 0.036854007827062905
leaf_weight=171 1086 7064 1076 179 49 122 130 119 117 66 45 450 53 65 560 87 115 297 97 391 1962 2026
leaf_count=171 1086 7064 1076 179 49 122 130 119 117 66 45 450 53 65 560 87 115 297 97 391 1962 2026
internal_value=0.000274737 -6.10625e-05 0.00141521 -0.00295437 -0.00458451 -0.0074375 0.000780272 -2.56837e-05 -0.00332573 0.00183621 6.34049e-05 0.000590261 -0.000409249 -0.00475203 0.00143525 8.54369e-05 -0.00207971 0.000124726 -9.47529e-05 0.000464324 0.000306569 0.00052855
internal_weight=16327 12605 3722 521 350 171 2646 1494 236 1152 12084 1258 568 118 690 12039 202 11837 7161 4676 4379 3988
internal_count=16327 12605 3722 521 350 171 2646 1494 236 1152 12084 1258 568 118 690 12039 202 11837 7161 4676 4379 3988
is_linear=0
shrinkage=0.035


Tree=150
num_leaves=23
num_cat=0
split_feature=12 9 24 12 14 20 20 20 6 21 12 20 24 21 20 10 21 22 10 6 9 20
split_gain=5.96214 4.27889 2.61349 1.59935 2.84707 1.41969 2.13387 1.90106 2.02005 1.6202 2.74427 1.85262 1.43128 1.35501 1.51028 1.23853 1.21037 1.1834 1.14412 1.10702 1.02221 0.945228
threshold=0.48171165642947372 20.539744396851962 4685.0000000000009 0.39002102778747993 0.73863636363636376 23.500000000000004 10.500000000000002 3.5000000000000004 5.0238095238095246 3.5000000000000004 2.3253832818284836 19.500000000000004 5252.0000000000009 2.5000000000000004 30.500000000000004 2.0701966780270649 3.5000000000000004 54348.000000000007 5.8291229140406875 18.955902356631452 3.3578323788309925 20.500000000000004
decision_type=2 2 2 2 2 2 2 2 2 2 2 2 2 2 2 2 2 2 2 2 2 2
left_child=2 5 -1 -4 -5 6 7 18 16 11 -11 19 -12 20 17 -13 -9 -15 -2 -8 -7 -14
right_child=1 -3 3 4 -6 13 9 8 -10 10 12 15 21 14 -16 -17 -18 -19 -20 -21 -22 -23
leaf_value=0.00015179355344463143 -0.012768140292420641 0.48761218939049283 -0.0018242514929300224 -0.00011564670267486137 -0.001111082612704256 -0.0085822954216894978 -0.0056756848604708407 0.00045546539409924277 0.15871790556354939 0.00061042485024195305 -0.10958747108455373 0.0011775207413684066 -0.014200026521806897 0.048320294389288539 -0.087075295519205786 0.13067905466838087 0.037847725812493745 -0.022393753759697353 0.16014382726871537 -0.19219057027437508 0.039121949809769581 -0.12439874841077173
leaf_weight=185 1572 1397 187 52 122 790 3126 1730 1095 668 284 791 364 1546 110 613 421 55 143 89 876 110
leaf_count=185 1572 1397 187 52 122 790 3126 1730 1095 668 284 791 364 1546 110 613 421 55 143 89 876 110
internal_value=0.000278826 0.000404656 -0.00329673 -0.00501093 -0.00744972 0.000223311 2.89257e-05 0.000568063 0.0010669 -0.000410744 -0.0014406 -8.78026e-05 -0.00287615 0.00085068 0.00154196 0.000966288 0.000431818 0.00182192 -0.000366279 -0.000554348 0.000127768 -0.00161482
internal_weight=16326 15780 546 361 174 14383 11006 4961 3246 6045 1426 4619 758 3377 1711 1404 2151 1601 1715 3215 1666 474
internal_count=16326 15780 546 361 174 14383 11006 4961 3246 6045 1426 4619 758 3377 1711 1404 2151 1601 1715 3215 1666 474
is_linear=0
shrinkage=0.035


Tree=151
num_leaves=23
num_cat=0
split_feature=6 15 22 25 9 7 12 11 11 12 12 9 11 12 25 24 9 10 25 25 24 12
split_gain=4.58306 3.72519 1.67053 1.12306 0.990786 1.86268 0.97496 1.00765 0.878752 1.33906 1.11141 0.699535 0.602917 0.964051 1.28668 0.897002 0.864758 0.855646 0.917901 0.939967 0.825401 1.00351
threshold=16.040429585733566 0.71130952380952395 34795.000000000007 166.00000000000003 23.672619047619051 26.035714285714288 0.39002102778747993 0.3631365196012814 0.49724515809884717 0.54899847081191699 0.44499191036434266 0.3585714285714286 2.4345786037449493 4.4754421922454606 831.00000000000011 4472.0000000000009 10.501359568927349 3.0557452648642953 421.00000000000006 233.00000000000003 8120.5000000000009 3.3250015042352929
decision_type=2 2 2 2 2 2 2 2 2 2 2 2 2 2 2 2 2 2 2 2 2 2
left_child=1 3 11 -1 5 -2 -4 -8 10 -10 -9 -3 -5 16 15 -15 20 -17 19 -19 21 -14
right_child=4 2 6 12 -6 -7 7 8 9 -11 -12 -13 13 14 -16 17 -18 18 -20 -21 -22 -23
leaf_value=0.0721441341838817 0.15991882534788379 0.0094226682453298505 -0.00034559412302003661 -0.0013678059734398215 0.83162927922727137 -0.19327114719519339 -0.0013848816921524379 -0.00076389721040977254 -0.0092980205307450214 -0.0022952655870317582 0.0015855549763020562 -0.0096624792341816618 0.059875267596298451 0.2036792724158859 -0.19926190424771867 0.053713020990430127 0.14281118738471399 -0.050007413099534853 0.0034149728990787265 -0.17742273962153676 -0.0022821357245382348 -0.011492970792392422
leaf_weight=998 1311 156 171 7596 453 71 49 90 64 54 51 46 793 381 49 232 691 565 646 58 1436 392
leaf_count=998 1311 156 171 7596 453 71 49 90 64 54 51 46 793 381 49 232 691 565 646 58 1436 392
internal_value=0.000256327 4.65126e-05 -0.00246939 0.000172446 0.00190217 0.00140555 -0.00358678 -0.00477476 -0.00365909 -0.00589024 -0.00153425 0.000118358 8.28404e-05 0.000372142 -0.000242252 -7.97561e-05 0.000735454 -0.000474103 -0.000840659 -0.00179459 0.000434501 0.00111765
internal_weight=16353 14518 681 13837 1835 1382 479 308 259 118 141 202 12839 5243 1931 1882 3312 1501 1269 623 2621 1185
internal_count=16353 14518 681 13837 1835 1382 479 308 259 118 141 202 12839 5243 1931 1882 3312 1501 1269 623 2621 1185
is_linear=0
shrinkage=0.035


Tree=152
num_leaves=23
num_cat=0
split_feature=9 0 12 22 20 12 11 24 20 20 11 12 27 22 9 27 21 24 20 1 9 15
split_gain=5.2812 3.99939 2.1928 1.80454 1.41347 1.23544 1.62654 1.09208 1.0295 0.947899 1.22534 1.04257 1.33515 1.01187 1.36209 1.33125 1.28909 1.19088 0.996691 1.03598 0.988752 1.18902
threshold=0.21433156976657955 13.982558156555685 0.39002102778747993 16785.000000000004 19.500000000000004 6.5492767057550667 8.2586804149757178 10740.000000000002 29.500000000000004 19.500000000000004 1.7218071138765743 1.8152061990235555 3.5000000000000004 31797.000000000004 7.5542108248118387 3.5000000000000004 2.5000000000000004 4685.0000000000009 12.500000000000002 2.1527671844114455 7.0001034034430978 0.075498575498575513
decision_type=2 2 2 2 2 2 2 2 2 2 2 2 2 2 2 2 2 2 2 2 2 2
left_child=2 5 -1 -3 -5 7 -7 8 9 13 11 -11 -13 17 20 16 -16 18 -2 -20 21 -15
right_child=1 3 -4 4 -6 6 -8 -9 -10 10 -12 12 -14 14 15 -17 -18 -19 19 -21 -22 -23
leaf_value=-0.00041115267773773895 0.0040980920955803381 0.38131844400496256 -0.00091318469334865555 0.0016121824686855242 0.17953777619590638 -0.17402181960863597 0.039269624632296794 0.036122877036243395 -0.01505065601671372 0.00046440710979824863 0.046317411983597082 -0.00098688706844379738 -0.091576752542194259 -0.021619201496348495 -0.10626470891955403 0.014054139511927749 -0.023722092783537856 0.093508597479209893 0.00085154348338126553 -0.025341178966402089 0.059375441253975633 0.0014544377720848622
leaf_weight=210 2324 1444 155 1369 738 199 178 1481 411 1657 1605 111 46 937 182 224 231 445 683 608 218 918
leaf_count=210 2324 1444 155 1369 738 199 178 1481 411 1657 1605 111 46 937 182 224 231 445 683 608 218 918
internal_value=0.000251939 0.000348383 -0.00387838 0.00138386 0.000715909 5.13922e-05 -0.00190576 0.000114678 -8.25069e-06 5.97412e-05 0.000535631 -7.88894e-05 -0.00276543 -0.000178229 -0.000702578 -0.00211526 -0.0032823 0.000167897 -3.86739e-05 -0.000820988 -0.000256015 -0.000526882
internal_weight=16374 16009 365 3551 2107 12458 377 12081 10600 10189 3419 1814 157 6770 2710 637 413 4060 3615 1291 2073 1855
internal_count=16374 16009 365 3551 2107 12458 377 12081 10600 10189 3419 1814 157 6770 2710 637 413 4060 3615 1291 2073 1855
is_linear=0
shrinkage=0.035


Tree=153
num_leaves=23
num_cat=0
split_feature=9 15 20 20 9 11 11 23 20 8 21 20 20 21 20 8 7 11 5 15 2 5
split_gain=4.98397 3.46325 1.48938 1.25788 2.37664 1.73102 1.24819 1.05472 1.34857 1.1869 0.958227 0.840945 2.457 1.70586 1.59382 1.54881 2.98527 1.39554 1.44064 1.13158 1.71602 1.05207
threshold=17.784902708968087 0.67261904761904778 20.500000000000004 10.500000000000002 23.672619047619051 3.049899905658854 7.0211611074453542 22050.000000000004 28.500000000000004 0.36038961038961043 3.5000000000000004 9.5000000000000018 3.5000000000000004 3.5000000000000004 17.500000000000004 2.9845125473974528 2.9036069472282455 1.4566109428538025 2.612443059847831 0.17752100840336138 2.8545262843253605 5.9680479807034317
decision_type=2 2 2 2 2 2 2 2 2 2 2 2 2 2 2 2 2 2 2 2 2 2
left_child=1 11 3 5 6 -2 10 -3 9 -9 -5 12 -1 15 17 16 -14 -13 19 20 -19 -20
right_child=2 7 -4 4 -6 -7 -8 8 -10 -11 -12 14 13 -15 -16 -17 -18 18 21 -21 -22 -23
leaf_value=-0.01048975580150203 -0.38552269346776802 0.00075924512305529054 0.48933168175187447 0.15066994928230729 0.53919098457534076 0.45388096764278918 -0.14625426929679822 -0.00062718284568646812 -0.0048323385140189102 -0.0079650581215030252 -0.14782392877016509 0.0028185944169218861 0.00084527295918782725 0.10431881933170752 0.0041187602818822146 0.057433464785265599 -0.061930000332274707 -0.061928456725709534 0.0011234178160320048 0.00027463049374423971 -0.018485584884715713 -0.041369287009357901
leaf_weight=1603 71 156 761 196 208 751 293 527 52 77 51 871 743 607 5650 1174 47 113 1115 118 191 948
leaf_count=1603 71 156 761 196 208 751 293 527 52 77 51 871 743 607 5650 1174 47 113 1115 118 191 948
internal_value=0.000220358 -2.82559e-05 0.00171704 0.00107778 1.39444e-05 0.00201874 -0.00118807 -0.00224051 -0.00285401 -0.0023046 0.000583333 0.000107509 0.000518426 0.00119022 -8.11784e-05 0.000673692 -0.000506289 -0.000686254 -0.00111044 -0.00297541 -0.004089 -0.000714216
internal_weight=16323 13992 2331 1570 748 822 540 812 656 604 247 13180 4174 2571 9006 1964 790 3356 2485 422 304 2063
internal_count=16323 13992 2331 1570 748 822 540 812 656 604 247 13180 4174 2571 9006 1964 790 3356 2485 422 304 2063
is_linear=0
shrinkage=0.035


Tree=154
num_leaves=23
num_cat=0
split_feature=0 9 9 24 20 20 21 9 9 11 2 25 20 20 8 20 21 20 11 2 23 8
split_gain=4.25339 2.92378 1.22028 1.01614 1.03655 1.37544 1.83432 1.2723 1.03813 1.00035 0.900706 0.88377 0.759976 1.49031 1.35374 1.23966 2.58194 1.91271 2.04678 1.44633 1.23514 1.72085
threshold=15.950345293025352 0.21433156976657955 23.672619047619051 12965.500000000002 21.500000000000004 11.500000000000002 3.5000000000000004 20.230777150249171 13.058982873418367 7.2619737787877066 10.982153892092549 224.50000000000003 23.500000000000004 28.500000000000004 3.644822090880004 9.5000000000000018 1.5000000000000002 3.5000000000000004 2.6406742178845142 17.961864802538603 62950.000000000007 6.9285807463170945
decision_type=2 2 2 2 2 2 2 2 2 2 2 2 2 2 2 2 2 2 2 2 2 2
left_child=1 -1 3 4 5 -2 9 -8 -6 -7 -4 -11 15 14 -14 16 19 -18 -19 -3 -17 -22
right_child=2 12 10 -5 8 6 7 -9 -10 11 -12 -13 13 -15 -16 20 17 18 -20 -21 21 -23
leaf_value=-0.00069955646167605171 0.16996027654797802 -0.015926818843361029 -0.394784493713628 -0.064946768437482524 -0.11050647038477919 0.0877062844253364 -0.011418774128202485 -0.37030941714213728 0.39800410787168256 0.039260731231024415 0.73173538294252072 -0.26616125634759963 0.00033664302481212666 -0.0046460114441438365 0.11506525729292544 -0.0022562453553035748 -0.0019493524694096985 0.007467671407057651 0.19645949848191352 -0.24904208234230096 0.080599069265171921 -0.064054987657291826
leaf_weight=365 836 922 45 100 54 367 82 67 596 71 543 50 1162 929 979 5507 1252 1226 692 50 98 346
leaf_count=365 836 922 45 100 54 367 82 67 596 71 543 50 1162 929 979 5507 1252 1226 692 50 98 346
internal_value=0.000298519 3.95701e-05 0.00153622 0.00114363 0.0013125 0.000776725 -0.000425234 -0.00377273 0.00248473 0.00058925 0.0029688 -0.00205556 0.000127051 0.000608943 0.00111883 -1.80232e-05 0.000444779 0.000931496 0.00162533 -0.00112129 -0.000343183 -0.00211247
internal_weight=16339 13528 2811 2223 2123 1473 637 149 650 488 588 121 13163 3070 2141 10093 4142 3170 1918 972 5951 444
internal_count=16339 13528 2811 2223 2123 1473 637 149 650 488 588 121 13163 3070 2141 10093 4142 3170 1918 972 5951 444
is_linear=0
shrinkage=0.035


Tree=155
num_leaves=23
num_cat=0
split_feature=0 9 10 1 9 6 6 9 7 20 20 9 21 20 11 7 2 24 3 5 7 14
split_gain=4.51017 2.73651 1.43586 1.38068 1.21081 1.11288 1.01808 0.842745 1.03867 0.82888 1.55385 2.2047 2.24588 1.55878 1.72682 1.51611 1.39341 1.16729 1.37231 1.0642 1.06302 1.01155
threshold=15.950345293025352 0.21433156976657955 0.51639340459204475 14.007413885646328 0.10912698412698414 4.8705795993534231 21.965076773329255 23.672619047619051 27.732142857142861 19.500000000000004 9.5000000000000018 0.3956951516321271 1.5000000000000002 3.5000000000000004 2.5607320462505196 10.719723989995103 18.955902356631452 4326.0000000000009 0.99491741027542968 1.0010887194926981 11.718282033618715 0.24038461538461542
decision_type=2 2 2 2 2 2 2 2 2 2 2 2 2 2 2 2 2 2 2 2 2 2
left_child=1 2 4 -2 -1 -6 9 8 -5 10 11 -3 16 -14 17 21 -13 -15 -19 -11 -17 -12
right_child=3 6 -4 7 5 -7 -8 -9 -10 19 15 12 13 14 -16 20 -18 18 -20 -21 -22 -23
leaf_value=-0.00027267210923582628 0.017146011573486372 -0.012036119474495647 4.8752652848347102e-05 0.16790107508335761 -0.0008191607785464841 -0.006297779745415991 0.29245862243256165 0.70560821326013068 -0.066738807365000888 -0.0035579785712658435 -0.010144749228708547 -0.012651757423147123 -0.0002391891451442776 0.025110432736657081 0.17385641899873105 -0.10075155561029817 -0.21411850567320134 -0.039808714174824691 0.0048743778817145833 0.017556993785093199 -0.054213441850922313 0.0023694247619397571
leaf_weight=97 727 129 50 1487 145 85 206 561 47 1080 2891 904 1157 657 663 120 52 47 423 3633 505 661
leaf_count=97 727 129 50 1487 145 85 206 561 47 1080 2891 904 1157 657 663 120 52 47 423 3633 505 661
internal_value=0.000272594 5.18148e-06 -0.00291361 0.00154386 -0.0037741 -0.0051383 9.14111e-05 0.002 0.00154418 5.06306e-05 -0.000160214 0.000326852 0.000481832 0.000962737 0.00160864 -0.000634385 -0.000979708 0.000748233 -0.000552631 0.000421365 -0.00222222 -0.000347343
internal_weight=16327 13505 377 2822 327 230 13128 2095 1534 12922 8209 4032 3903 2947 1790 4177 956 1127 470 4713 625 3552
internal_count=16327 13505 377 2822 327 230 13128 2095 1534 12922 8209 4032 3903 2947 1790 4177 956 1127 470 4713 625 3552
is_linear=0
shrinkage=0.035


Tree=156
num_leaves=23
num_cat=0
split_feature=9 9 20 9 20 11 20 20 21 12 21 20 11 21 20 12 20 12 11 10 9 7
split_gain=4.03276 3.38645 1.24433 1.25311 1.78349 1.20922 1.18998 1.53932 2.02003 2.51761 1.94157 1.50499 1.74903 1.50055 1.17641 1.09358 1.08227 1.05427 1.08023 1.10293 1.0535 2.23496
threshold=19.460948604891435 0.3956951516321271 20.500000000000004 23.672619047619051 10.500000000000002 6.9219986903744779 23.500000000000004 10.500000000000002 3.5000000000000004 2.3497233763288237 1.5000000000000002 3.5000000000000004 2.6406742178845142 2.5000000000000004 12.500000000000002 8.4706950275334005 27.500000000000004 6.2641902025808056 5.0646913852218809 4.4880794492585796 11.024257222202197 10.428611230955811
decision_type=2 2 2 2 2 2 2 2 2 2 2 2 2 2 2 2 2 2 2 2 2 2
left_child=1 16 3 4 -2 -6 7 10 20 -10 -3 13 -13 -12 -11 -7 -1 18 19 -16 21 -9
right_child=2 6 -4 -5 5 15 -8 8 9 14 11 12 -14 -15 17 -17 -18 -19 -20 -21 -22 -23
leaf_value=-0.00078091193367130641 0.37773260613096427 -0.015962794145113698 0.62244310207111653 0.55143511811763624 0.19110850108441652 -0.28366834990875267 0.017479312784793186 -0.0011021194640884158 0.0017290833168341849 0.0038466230475628482 0.04363632903613078 0.007780102160422373 0.16044842323310943 -0.014878856928141457 -0.073168418856195253 0.0039661018256153284 -0.0045770320334495374 -0.16854084098456928 0.041406663123175549 -0.10665401375528047 0.062851659396565784 -0.10142597020764445
leaf_weight=712 381 1101 559 429 136 136 3256 3388 647 117 347 1372 970 974 390 83 95 58 71 54 928 115
leaf_count=712 381 1101 559 429 136 136 3256 3388 647 117 347 1372 970 974 390 83 95 58 71 54 928 115
internal_value=0.000281733 9.1096e-05 0.00188057 0.00119658 0.000288124 -0.00145833 0.000221526 3.88632e-05 -0.000343755 -0.00153353 0.000505662 0.000895038 0.00142714 -3.69531e-05 -0.0029964 -0.0030625 -0.00210345 -0.00364533 -0.00302885 -0.00367149 1.26241e-05 -0.000261402
internal_weight=16319 14595 1724 1165 736 355 13788 10532 5768 1337 4764 3663 2342 1321 690 219 807 573 515 444 4431 3503
internal_count=16319 14595 1724 1165 736 355 13788 10532 5768 1337 4764 3663 2342 1321 690 219 807 573 515 444 4431 3503
is_linear=0
shrinkage=0.035


Tree=157
num_leaves=23
num_cat=0
split_feature=6 12 10 12 11 25 20 6 22 7 5 11 11 7 22 4 22 12 24 10 6 22
split_gain=4.63423 3.74137 1.48313 1.43997 1.56455 1.08551 0.896091 0.868703 0.771839 1.81855 0.763736 0.690044 1.19718 1.02789 0.657295 2.69164 0.919386 1.28172 1.39818 1.4269 1.06358 1.01349
threshold=16.040429585733566 0.48171165642947372 0.4879500364742671 0.39002102778747993 0.3631365196012814 180.50000000000003 29.500000000000004 23.023809523809529 31960.500000000004 8.9986595234537141 15.022525042907136 1.0509022810878306 3.5531933946703917 0.99943504826342566 4464.0000000000009 4.8493515340940085 15527.500000000002 6.2641902025808056 12965.500000000002 4.386125310350276 1.0879323844190749 6498.5000000000009
decision_type=2 2 2 2 2 2 2 2 2 2 2 2 2 2 2 2 2 2 2 2 2 2
left_child=1 2 3 -1 -5 8 14 10 -3 -10 -2 13 -13 -8 15 -7 21 20 19 -19 -18 -16
right_child=7 5 -4 4 -6 6 11 -9 9 -11 -12 12 -14 -15 16 -17 17 18 -20 -21 -22 -23
leaf_value=-0.001420905408007093 0.00016976591648756016 0.054601264979575778 7.4378227677150691e-05 -0.0021371076878039662 -0.0021770302745619703 -0.0013101395491279207 -0.0024133207204984357 0.42309886458207091 0.010431792803513402 -0.055165142476047417 0.2141024061018644 0.0038234067855604089 -0.074690320661561019 -0.058380897002279164 0.0018126473099613221 -0.053618743082403733 -0.003608804993499401 0.28249197825402567 -0.19519725335742835 -0.12064751026637839 0.0048513371139527342 0.058652023590315024
leaf_weight=247 415 1019 78 47 164 347 45 675 969 68 800 270 79 45 748 46 1625 118 47 307 7513 692
leaf_count=247 415 1019 78 47 164 347 45 675 969 68 800 270 79 45 748 46 1625 118 47 307 7513 692
internal_value=0.000228572 1.42622e-05 -0.00284011 -0.00360583 -0.00573611 0.000126264 -8.83188e-07 0.0018562 0.000867783 0.000174664 0.0012623 -0.00154504 -0.000751412 -0.00423684 5.74774e-05 -0.00133668 0.000109227 -1.27404e-05 -0.00178302 -0.00105814 7.77099e-05 0.000932526
internal_weight=16364 14474 536 458 211 13938 11882 1890 2056 1037 1215 439 349 90 11443 393 11050 9610 472 425 9138 1440
internal_count=16364 14474 536 458 211 13938 11882 1890 2056 1037 1215 439 349 90 11443 393 11050 9610 472 425 9138 1440
is_linear=0
shrinkage=0.035


Tree=158
num_leaves=23
num_cat=0
split_feature=9 9 12 11 9 20 20 21 21 9 27 1 12 26 22 20 21 10 8 2 5 11
split_gain=4.82858 2.42645 1.27396 1.50194 1.05584 1.47321 1.56502 2.50152 1.8187 1.52252 0.982679 1.39048 1.1752 0.909322 0.871817 0.845182 0.87807 1.33036 1.5278 0.828281 0.802686 0.92283
threshold=20.401106820578843 0.21433156976657955 0.39002102778747993 0.3631365196012814 9.3912408410482708 21.500000000000004 10.500000000000002 3.5000000000000004 1.5000000000000002 18.672043959643712 2.5000000000000004 12.996151141142256 6.009705465540029 1.0000000180025095e-35 19263.000000000004 3.5000000000000004 2.5000000000000004 5.8291229140406875 11.214863099812341 16.535714285714288 10.946439606378263 3.5531933946703917
decision_type=2 2 2 2 2 2 2 2 2 2 2 2 2 2 2 2 2 2 2 2 2 2
left_child=1 2 -1 -4 -3 6 8 9 14 -8 11 -9 -12 -11 -6 16 -10 18 -18 -20 21 -7
right_child=-2 4 3 -5 5 20 7 10 15 13 12 -13 -14 -15 -16 -17 17 -19 19 -21 -22 -23
leaf_value=-0.00018606497845382835 0.38639755949144206 -0.00096035759528784919 -0.00071082537717935199 -0.0005428733809800983 0.42976660628001273 0.15805104349800353 0.044298209890502732 -0.18587836349338713 0.21957699284402965 -0.38651220577700207 -0.0037442085231694949 -0.077592446388744268 -0.042656913858989676 -0.0025943125790242397 -0.1196167717195869 0.21761958036415954 0.052477737545729458 0.17439352198445338 -0.19956691140959476 -0.033743441723630647 0.20368042443645812 -0.086690911563705605
leaf_weight=207 1441 10583 46 117 67 117 975 45 95 64 158 55 85 64 251 668 65 97 66 45 819 222
leaf_count=207 1441 10583 46 117 67 117 975 45 95 64 158 55 85 64 251 668 65 97 66 45 819 222
internal_value=0.000213334 2.48727e-05 -0.00275333 -0.00504167 9.76902e-05 0.000585541 0.000143494 -0.000648863 0.00100184 0.000151625 -0.00323851 -0.00616667 -0.0018629 -0.00334211 -0.0012678 0.00171806 0.000309652 -0.000654676 -0.00249447 -0.00494828 0.00163414 0.000142442
internal_weight=16352 14911 370 163 14541 3958 2800 1446 1354 1103 343 100 243 128 318 1036 368 273 176 111 1158 339
internal_count=16352 14911 370 163 14541 3958 2800 1446 1354 1103 343 100 243 128 318 1036 368 273 176 111 1158 339
is_linear=0
shrinkage=0.035


Tree=159
num_leaves=23
num_cat=0
split_feature=9 9 6 14 0 17 18 8 9 21 24 23 9 20 21 21 20 9 20 12 22 7
split_gain=4.31102 2.10339 0.93521 0.932645 0.873682 0.871274 2.82787 1.34818 1.40636 0.885776 1.15628 1.39211 1.53531 1.08596 1.46393 1.35883 2.0249 1.20295 1.08063 0.992532 0.911956 0.886249
threshold=20.539744396851962 0.96796171728274449 22.052447947677845 0.86607142857142871 0.58874036821468489 1.0000000180025095e-35 1.0000000180025095e-35 3.4291250319489515 10.62646977997295 1.5000000000000002 1706.5000000000002 39000.000000000007 15.030725974600367 10.500000000000002 3.5000000000000004 2.5000000000000004 21.500000000000004 4.0017607586512876 1.5000000000000002 5.9012486132499458 3735.5000000000005 4.1439643496121894
decision_type=2 2 2 2 2 2 2 2 2 2 2 2 2 2 2 2 2 2 2 2 2 2
left_child=1 3 5 4 -1 9 -7 -8 -9 10 20 -12 -13 17 15 -15 19 21 -19 -17 -3 -11
right_child=-2 2 -4 -5 -6 6 7 8 -10 13 11 12 -14 14 -16 16 -18 18 -20 -21 -22 -23
leaf_value=-0.00027074431540643085 0.39520177747179808 0.0012503572222674166 0.21876369043032404 -0.001157742303622747 -0.006961914698564769 -0.0010662149807888082 -0.01424156279782905 -0.21242479228600003 -0.07763357402678811 0.0072669232392974965 0.018449305892278986 -0.0078779230047092159 -0.17839614970888831 -0.0012713289985585589 -0.010268269875460206 0.018865976252728015 0.11395224554124564 -0.042638892852318339 0.11838603521226417 -0.14208821371920202 -0.040542437110758001 -0.058362508415251944
leaf_weight=1003 1401 96 285 120 566 3274 88 73 47 1124 1156 1000 104 1472 1412 919 643 212 1113 49 114 58
leaf_count=1003 1401 96 285 120 566 3274 88 73 47 1124 1156 1000 104 1472 1412 919 643 212 1113 49 114 58
internal_value=0.000227991 5.22669e-05 0.000201903 -0.00110744 -0.000858323 0.000156378 -0.000314167 -0.004223 -0.00658 0.000331276 -0.000233333 0 -0.000886835 0.000532967 0.000202222 0.000632448 0.00133416 0.00111744 0.00184211 0.000298561 -0.00268605 0.000286015
internal_weight=16329 14928 13239 1689 1569 12954 3482 208 120 9472 2470 2260 1104 7002 4495 3083 1611 2507 1325 968 210 1182
internal_count=16329 14928 13239 1689 1569 12954 3482 208 120 9472 2470 2260 1104 7002 4495 3083 1611 2507 1325 968 210 1182
is_linear=0
shrinkage=0.035


Tree=160
num_leaves=23
num_cat=0
split_feature=9 8 20 9 20 8 25 21 15 20 25 15 5 25 22 12 20 12 12 11 17 4
split_gain=3.70994 2.71699 1.24319 2.6661 1.95317 2.69105 2.61626 1.50238 1.55353 1.0932 1.09106 1.19473 2.40052 1.051 1.45778 1.10814 1.02251 0.981993 2.08464 1.27978 0.962674 0.935811
threshold=21.357905112267982 0.28288459797392906 19.500000000000004 13.199527588272966 12.500000000000002 19.163690476190478 224.50000000000003 3.5000000000000004 0.38795986622073586 1.5000000000000002 210.50000000000003 0.051315789473684217 2.212526934429782 381.00000000000006 15527.500000000002 5.9594640373526735 17.500000000000004 0.48171165642947372 0.39002102778747993 0.3631365196012814 1.0000000180025095e-35 13.982558156555685
decision_type=2 2 2 2 2 2 2 2 2 2 2 2 2 2 2 2 2 2 2 2 2 2
left_child=1 17 4 -4 7 10 -7 13 9 -9 11 12 -6 14 -3 -16 -14 18 -1 -20 -17 -2
right_child=21 2 3 -5 5 6 -8 8 -10 -11 -12 -13 16 -15 15 20 -18 -19 19 -21 -22 -23
leaf_value=-0.00085038331479086072 0.04228429382226518 0.043274317911203654 0.0024148113544017477 0.24104990417384425 -0.051306099917630667 0.10276822954926892 -0.26851824239022981 -0.01691725426809304 -0.0088799519418163164 0.0563951076381509 -0.00013170646395119836 -0.0020764904222436674 -0.073730007016641202 0.01078278279994988 -0.0087560866942682485 -0.078294348481728587 0.032578901244680443 0.00073883749135195056 -0.0021512309035201503 -0.00071735682010787576 -0.37544978892012548 0.45235385789863325
leaf_weight=206 197 431 4472 947 52 68 128 207 133 1366 2075 458 364 1745 1959 89 145 136 45 124 48 961
leaf_count=206 197 431 4472 947 52 68 128 207 133 1366 2075 458 364 1745 1959 89 145 136 45 124 48 961
internal_value=0.000239808 9.27779e-05 0.000181527 0.000602692 -6.30323e-05 -0.000748862 -0.00468408 0.0003118 0.00118849 0.0015038 -0.00048677 -0.00142187 -0.00249823 -3.51881e-05 -0.000494866 -0.000881247 -0.0016751 -0.00240116 -0.00331579 -0.00615517 -0.00389437 0.00214574
internal_weight=16356 15198 14687 5419 9268 3290 196 5978 1706 1573 3094 1019 561 4272 2527 2096 509 511 375 169 137 1158
internal_count=16356 15198 14687 5419 9268 3290 196 5978 1706 1573 3094 1019 561 4272 2527 2096 509 511 375 169 137 1158
is_linear=0
shrinkage=0.035


Tree=161
num_leaves=23
num_cat=0
split_feature=6 9 20 9 9 20 20 10 6 8 25 20 5 0 10 2 5 27 17 10 5 1
split_gain=3.92968 1.52918 1.65923 1.11704 0.7495 0.742099 0.707696 1.01345 0.975694 2.03142 0.705347 0.92821 1.01622 1.05485 1.38371 0.942593 0.856135 1.06032 0.696624 0.692224 0.797605 0.682806
threshold=19.010370193622947 9.3912408410482708 21.500000000000004 0.21433156976657955 0.10912698412698414 28.500000000000004 10.500000000000002 0.37796447300922686 4.8705795993534231 0.20936799804848402 171.00000000000003 7.5000000000000009 13.053571428571431 20.946428571428573 3.3594217189442399 8.2950862850224016 5.9680479807034317 2.5000000000000004 1.0000000180025095e-35 4.5721725585067228 13.053571428571431 15.950345293025352
decision_type=2 2 2 2 2 2 2 2 2 2 2 2 2 2 2 2 2 2 2 2 2 2
left_child=1 3 10 4 -1 -4 -6 -8 9 -9 -3 16 15 14 -14 -13 17 -12 -16 20 -18 -17
right_child=-2 2 5 -5 6 -7 7 8 -10 -11 11 12 13 -15 18 21 19 -19 -20 -21 -22 -23
leaf_value=0.0068514690013621662 0.27325556532659651 0.14232178498684311 0.19560150890551548 -0.0012256647702949272 2.7505899131457122e-05 0.011877218096255162 0.0033462069459960246 -0.0013340015419604258 -0.0058655905302331356 -0.00025476132692569192 -0.18129144360100513 0.057416089369809527 0.059619228081185416 0.037325386938208985 -0.055865614989114368 -0.036752697889541039 0.11043263216579628 0.029952439701995022 -0.16946656800365326 0.25506821697033294 -0.0443411231928489 0.035426138951109284
leaf_weight=99 1208 498 875 10539 85 233 47 45 60 48 59 209 91 154 223 541 148 199 90 334 152 354
leaf_count=99 1208 498 875 10539 85 233 47 45 60 48 59 209 91 154 223 541 148 199 90 334 152 354
internal_value=0.000226804 7.14476e-05 0.000642857 -0.000144766 -0.00198843 0.00180189 -0.00289655 -0.00401219 -0.00536076 -0.00757143 0.000214099 -1.50448e-05 -0.000510198 -0.00172202 -0.00266137 9.1524e-05 0.00088573 -0.000758555 -0.00376415 0.00158294 0.000286885 -0.000388889
internal_weight=16291 15083 4160 10923 384 1108 285 200 153 93 3052 2554 1662 558 404 1104 892 258 313 634 300 895
internal_count=16291 15083 4160 10923 384 1108 285 200 153 93 3052 2554 1662 558 404 1104 892 258 313 634 300 895
is_linear=0
shrinkage=0.035


Tree=162
num_leaves=23
num_cat=0
split_feature=9 8 9 10 24 21 24 3 9 12 14 12 2 7 10 12 25 12 10 11 22 14
split_gain=3.64158 1.83149 1.32233 1.06927 1.90363 3.13831 1.29798 1.24292 1.14915 1.55552 0.871227 1.20787 0.849237 0.801757 1.87901 0.75344 0.751353 0.734338 0.700386 0.691392 0.599006 0.773406
threshold=23.672619047619051 8.9736488350169576 0.21433156976657955 5.063080158049643 6315.0000000000009 2.5000000000000004 10740.000000000002 11.481308474781668 22.510370877914514 7.699841913030089 0.75961538461538469 0.39002102778747993 9.9933189851049971 9.1411651844888784 2.9358214555806348 0.46353166270361285 200.00000000000003 3.6030684514534728 7.0169861933806894 2.4053511772118221 3735.5000000000005 1.0000000180025095e-35
decision_type=2 2 2 2 2 2 2 2 2 2 2 2 2 2 2 2 2 2 2 2 2 2
left_child=1 2 10 16 8 6 7 -6 -5 -10 -1 -12 -2 20 -15 -13 -3 -16 -7 -18 21 -4
right_child=12 3 13 4 5 18 -8 -9 9 -11 11 15 -14 14 17 -17 19 -19 -20 -21 -22 -23
leaf_value=0.00038361177483622362 -0.23551674151262836 0.16600477306216865 -0.002833504650244136 0.12321696227628662 -0.057748994328285404 -0.019807703750413266 -0.026934323930547642 -0.23943548990142396 0.3260338441181726 -0.22561872881248538 -0.0009610753940853113 -0.00061021777766988121 0.59853833050163718 -0.13744495018604397 0.055126661773207367 -0.00038070205534706934 -0.074589578974006351 -0.015943744503238766 0.13796950732098209 0.043397836623954252 -0.00022782645947519415 0.073860226647407115
leaf_weight=61 45 832 243 1013 86 255 156 115 47 90 182 72 598 52 116 45 97 100 181 2162 9520 269
leaf_count=61 45 832 243 1013 86 255 156 115 47 90 182 72 598 52 116 45 97 100 181 2162 9520 269
internal_value=0.000278852 0.000171444 -8.69666e-05 0.000721671 6.82753e-05 -0.00123684 -0.0036547 -0.00550485 0.000984849 -0.00192254 -0.00215753 -0.00294737 0.00285185 -1.18873e-05 -0.00188462 -0.00568033 0.00112597 -0.000300905 0.000722222 0.000779152 3.73121e-05 0.00119826
internal_weight=16337 15694 10660 5034 1943 793 357 201 1150 137 360 299 643 10300 268 117 3091 216 436 2259 10032 512
internal_count=16337 15694 10660 5034 1943 793 357 201 1150 137 360 299 643 10300 268 117 3091 216 436 2259 10032 512
is_linear=0
shrinkage=0.035


Tree=163
num_leaves=23
num_cat=0
split_feature=9 9 12 20 8 20 21 12 20 21 9 20 12 7 2 5 10 9 24 8 7 20
split_gain=3.30056 1.86792 1.58957 1.50928 2.481 1.57822 2.06739 2.71199 1.91665 1.79063 1.61861 1.54986 1.43311 1.41695 1.38248 1.26036 1.26637 1.25909 1.14419 1.07087 1.3747 1.05717
threshold=23.672619047619051 0.21433156976657955 0.39002102778747993 23.500000000000004 3.2861431116147957 10.500000000000002 3.5000000000000004 2.3497233763288237 3.5000000000000004 3.5000000000000004 22.510370877914514 28.500000000000004 2.565674953785313 19.580392744506621 10.982153892092549 8.0097912782270964 5.7029634483919995 17.524877625317149 5252.0000000000009 6.1468904803555828 8.1454742027739808 10.500000000000002
decision_type=2 2 2 2 2 2 2 2 2 2 2 2 2 2 2 2 2 2 2 2 2 2
left_child=1 2 -1 5 -5 8 -7 -8 13 15 12 -6 -9 19 -2 16 -10 -13 -14 -3 -21 -4
right_child=14 3 21 4 11 6 7 10 9 -11 -12 17 18 -15 -16 -17 -18 -19 -20 20 -22 -23
leaf_value=-0.00017376454007494898 -0.5530863475228347 -0.0010740373556624523 -7.0551828687790896e-05 -0.0018660282991788688 0.13539415738139407 -2.7249182768888124e-05 0.00074176277289845203 -0.10358009896687279 0.0038375340141001855 0.065893417810939436 -0.47368828048358813 -0.012875011940529504 -0.10696167642383644 0.36183479941976165 0.55389297374747859 0.16433993336518757 -0.17282426989761709 0.32735701660059352 -0.018344469591153247 -0.16871195014313445 -0.040611394505533562 -0.00059308194407550763
leaf_weight=206 45 1010 46 1630 1372 4812 708 46 1939 858 49 499 264 171 598 556 110 127 499 119 525 117
leaf_count=206 45 1010 46 1630 1372 4812 708 46 1939 858 49 499 264 171 598 556 110 127 499 119 525 117
internal_value=0.000240543 0.000138052 -0.00230214 0.000198804 0.000821773 3.2989e-06 -0.000365737 -0.00146817 0.000451634 0.000936563 -0.00278621 0.00164778 -0.00234767 -0.000459016 0.00268981 0.000469349 5.79359e-05 0.000171949 -0.00192318 -0.0007827 -0.00189291 -0.00483333
internal_weight=16306 15663 369 15294 3628 11666 6378 1566 5288 3463 858 1998 809 1825 643 2605 2049 626 763 1654 644 163
internal_count=16306 15663 369 15294 3628 11666 6378 1566 5288 3463 858 1998 809 1825 643 2605 2049 626 763 1654 644 163
is_linear=0
shrinkage=0.035


Tree=164
num_leaves=23
num_cat=0
split_feature=9 25 11 4 12 12 20 10 8 20 20 12 21 8 10 20 8 12 12 2 11 6
split_gain=3.7849 2.25672 1.60537 1.11629 1.02695 1.50244 0.868477 0.848963 0.830901 1.81666 2.2574 2.92302 1.54736 1.30819 1.49545 1.269 1.01426 0.939557 0.924348 1.40126 0.915144 0.909618
threshold=23.672619047619051 166.00000000000003 0.3631365196012814 0.62909050043519821 0.46353166270361285 0.36714701646782166 19.500000000000004 2.3704530408864106 8.9736488350169576 21.500000000000004 9.5000000000000018 5.9012486132499458 1.5000000000000002 19.348214285714288 10.28450624245937 3.5000000000000004 20.501524510250249 7.699841913030089 4.9975351040341955 9.9933189851049971 5.6416909977397944 8.9846950015344529
decision_type=2 2 2 2 2 2 2 2 2 2 2 2 2 2 2 2 2 2 2 2 2 2
left_child=1 6 3 4 5 -3 -1 -2 21 10 12 18 -10 -13 16 20 -15 -18 19 -12 -14 -4
right_child=7 2 8 -5 -6 -7 -8 -9 9 -11 11 13 15 14 -16 -17 17 -19 -20 -21 -22 -23
leaf_value=0.056592597380333599 -0.35417583123446783 -0.0013617977696302715 -0.00028325256285461882 0.0063002344932130763 0.0085445871069235145 -0.0023799819815187449 0.20096685194608779 0.55793460812074014 -0.10015999958490934 0.14075210759824167 0.041597111691497178 -0.017653222803858119 -0.035595490581859568 -0.23977596506658766 -0.27875672845144578 0.21036546187871943 0.042442405292062245 -0.16693125590267049 0.10709644924996346 -0.063421163529934613 0.26367578607209219 -0.044568392197959647
leaf_weight=805 45 89 9420 65 47 59 480 597 290 1170 318 221 293 70 46 638 100 85 263 602 106 522
leaf_count=805 45 89 9420 65 47 59 480 597 290 1170 318 221 293 70 46 638 100 85 263 602 106 522
internal_value=0.000226249 0.00011686 -7.52989e-06 -0.00270755 -0.004025 -0.00542157 0.00151938 0.00285085 4.18052e-05 0.000455075 0 -0.000839181 0.00108258 -0.00300854 -0.00450654 0.00171977 -0.00323077 -0.00165789 0.000111953 -0.000397297 0.000121287 -0.000131245
internal_weight=16331 15689 14404 260 195 148 1285 642 14144 4202 3032 1705 1327 522 301 1037 255 185 1183 920 399 9942
internal_count=16331 15689 14404 260 195 148 1285 642 14144 4202 3032 1705 1327 522 301 1037 255 185 1183 920 399 9942
is_linear=0
shrinkage=0.035


Tree=165
num_leaves=23
num_cat=0
split_feature=3 9 11 20 20 11 7 20 7 9 9 7 23 10 20 21 23 23 24 10 2 24
split_gain=3.98978 1.79944 1.6213 1.39406 1.90372 1.26972 0.99975 0.937405 1.20533 0.907529 1.36132 1.18747 1.11314 1.07769 1.5408 1.13718 0.999153 0.912697 0.927005 0.899459 0.845379 0.821634
threshold=15.022525042907136 23.672619047619051 0.3631365196012814 21.500000000000004 9.5000000000000018 6.0456138849150998 20.172203644549398 16.500000000000004 25.789001428751192 4.8693181818181825 6.1444750999722366 5.1540659340659358 26000.000000000004 5.063080158049643 2.5000000000000004 2.5000000000000004 23700.000000000004 62950.000000000007 5252.0000000000009 2.22539456105675 7.3463985739894344 4685.0000000000009
decision_type=2 2 2 2 2 2 2 2 2 2 2 2 2 2 2 2 2 2 2 2 2 2
left_child=2 3 21 4 -2 -6 -7 8 -8 11 16 -4 -12 14 19 20 -11 18 -16 -14 -15 -1
right_child=1 -3 9 -5 5 6 7 -9 -10 10 12 -13 13 15 17 -17 -18 -19 -20 -21 -22 -23
leaf_value=0.0040550234269953753 0.21186925052738209 0.53959403004844264 -0.0017546480669305704 0.31703169695475003 0.026043618521735815 -0.00039773908802382215 0.018200603147014837 -0.21674333126987463 -0.31803778829956997 -0.066088782722978232 0.061455739165954038 -0.058108237648136926 -0.15329020906269225 0.042869787756544375 -0.014593526241798166 0.0071753636171118587 0.17112736973830103 -0.021150482972706951 0.048557240381148718 -0.035611794205607748 -0.12440242070731269 -0.0013167617284702499
leaf_weight=83 690 529 7548 540 450 211 119 74 55 55 1071 50 92 48 590 301 560 725 1919 182 247 180
leaf_count=83 690 529 7548 540 450 211 119 74 55 55 1071 50 92 48 590 301 560 725 1919 182 247 180
internal_value=0.000168096 0.00140498 -7.27884e-05 0.000937034 0.000401496 -0.000635667 -0.00193103 -0.003417 -0.00177933 -1.7509e-05 0.000311044 -0.000270222 0.000121622 -0.000137138 9.2656e-05 -0.00150832 0.0018629 0.000312288 0.000632061 -0.00239606 -0.00303333 -0.00276866
internal_weight=16319 2668 13651 2139 1599 909 459 248 174 13388 5790 7598 5175 4104 3508 596 615 3234 2509 274 295 263
internal_count=16319 2668 13651 2139 1599 909 459 248 174 13388 5790 7598 5175 4104 3508 596 615 3234 2509 274 295 263
is_linear=0
shrinkage=0.035


Tree=166
num_leaves=23
num_cat=0
split_feature=0 15 1 21 20 20 20 9 2 21 24 11 3 20 22 21 1 22 20 2 11 24
split_gain=3.99485 1.85109 1.39123 0.83856 1.77163 2.08255 2.18796 1.93231 1.41053 1.31153 1.83585 1.66896 1.16977 1.16939 0.997475 1.11225 1.15991 1.09215 0.939825 0.92279 0.913857 1.25064
threshold=15.950345293025352 0.67261904761904778 14.007413885646328 2.5000000000000004 3.5000000000000004 11.500000000000002 17.500000000000004 4.8693181818181825 21.965076773329255 3.5000000000000004 11523.000000000002 1.0377490433255421 2.2658856965098457 23.500000000000004 15527.500000000002 3.5000000000000004 3.7899203501381034 44839.000000000007 30.500000000000004 1.0010887194926981 1.648284963642286 3345.5000000000005
decision_type=2 2 2 2 2 2 2 2 2 2 2 2 2 2 2 2 2 2 2 2 2 2
left_child=1 3 -2 8 14 7 20 -6 -1 11 19 12 -8 -12 -5 16 -16 -18 -13 -11 -7 -22
right_child=2 -3 -4 4 5 6 9 -9 -10 10 13 18 -14 -15 15 -17 17 -19 -20 -21 21 -23
leaf_value=-0.0025323237852958491 0.0077256731083742156 -0.0012788553018015872 0.17863634024899663 0.023455300824789631 0.0058875288355373341 0.0023456109900742788 0.004162518005823815 0.19856113858299523 -0.16556172586083892 0.017037825991478055 -0.13531801667110804 0.075705064052950841 -0.078183435094006146 -0.017716990945328397 -0.0036215829707420544 -0.013811475400179768 -0.10634007866124751 -0.017944590201834264 -0.047579725799951601 -0.0028610597127224362 -0.047094742742805992 -0.023585760087219684
leaf_weight=6170 726 798 2064 145 916 376 151 736 123 286 69 1147 46 88 101 462 95 51 76 904 121 636
leaf_count=6170 726 798 2064 145 916 376 151 736 123 286 69 1147 46 88 101 462 95 51 76 904 121 636
internal_value=0.000191628 -5.651e-05 0.00139624 4.51827e-05 0.000328108 0.000558665 0.000112036 0.00159897 -0.000240076 0.000646465 -0.00012426 0.00138772 -0.00152475 -0.00362963 -0.00114494 -0.00169608 -0.00358333 -0.00553973 0.00187541 0.00033682 -0.00117487 -0.00187402
internal_weight=16287 13497 2790 12699 6406 5552 3900 1652 6293 2767 1347 1420 197 157 854 709 247 146 1223 1190 1133 757
internal_count=16287 13497 2790 12699 6406 5552 3900 1652 6293 2767 1347 1420 197 157 854 709 247 146 1223 1190 1133 757
is_linear=0
shrinkage=0.035


Tree=167
num_leaves=23
num_cat=0
split_feature=9 15 20 20 9 20 7 20 21 11 4 11 21 7 20 5 10 20 10 23 13 11
split_gain=3.69421 1.27983 1.06821 2.16213 1.92652 1.7242 2.12654 1.97683 1.96105 1.46376 1.35789 1.26839 1.21808 1.03116 1.30089 0.97439 1.02866 0.879419 1.11357 0.959193 0.924811 0.86091
threshold=21.357905112267982 0.15587044534412958 23.500000000000004 27.500000000000004 13.199527588272966 10.500000000000002 23.026516996264409 3.5000000000000004 3.5000000000000004 3.5531933946703917 9.4885202332320677 1.0994504121565514 3.5000000000000004 2.6152686714927489 9.5000000000000018 8.1083281831690481 5.9920582360956676 19.500000000000004 2.0701966780270649 62950.000000000007 1.0000000180025095e-35 1.3259870882635925
decision_type=2 2 2 2 2 2 2 2 2 2 2 2 2 2 2 2 2 2 2 2 2 2
left_child=1 2 5 -4 9 7 8 -1 17 11 -10 -5 15 21 -15 16 -9 -7 20 -20 -19 -3
right_child=-2 13 3 4 -6 6 -8 12 10 -11 -12 -13 -14 14 -16 -17 -18 18 19 -21 -22 -23
leaf_value=-0.0096255790053620151 0.36367019842303233 -0.0014363168830323026 0.052532672581113153 -0.063701563334008157 0.21976687932495384 -0.0059367946338281883 -0.19322074832186742 0.01044169715575056 -0.0043594046032730555 -0.086937946928062754 -0.067882354898804134 0.0025181199696067964 0.13359948488623832 0.024393961614309612 -0.040825148706164133 0.16550625624415494 -0.13203657740002672 -0.021550784680607383 0.14417710772267381 -0.016309285767245767 0.057127729883404726 0.0052657352453839533
leaf_weight=1459 1180 2575 1525 91 269 2527 76 1418 748 140 385 727 636 51 72 490 74 363 554 90 152 754
leaf_count=1459 1180 2575 1525 91 269 2527 76 1418 748 140 385 727 636 51 72 490 74 363 554 90 152 754
internal_value=0.000229112 8.09237e-05 0.000256331 0.000859449 -0.000221591 6.90098e-05 -0.000371428 0.000601911 -0.000272803 -0.000970405 -0.00154394 -0.000369988 0.00117823 -0.000509256 -0.00360937 0.000734525 0.000273547 0.000114739 0.000914089 0.00188213 -0.000269231 -0.000384223
internal_weight=16356 15176 11724 2752 1227 8972 4895 4077 4819 958 1133 818 2618 3452 123 1982 1492 3686 1159 644 515 3329
internal_count=16356 15176 11724 2752 1227 8972 4895 4077 4819 958 1133 818 2618 3452 123 1982 1492 3686 1159 644 515 3329
is_linear=0
shrinkage=0.035


Tree=168
num_leaves=23
num_cat=0
split_feature=9 9 12 2 20 9 20 20 21 20 7 21 21 25 21 20 12 12 12 20 6 23
split_gain=3.39968 1.85304 1.85551 1.36407 1.24162 1.8349 1.85099 1.28811 2.80268 2.41403 2.25621 1.53287 1.89682 2.1401 1.39522 1.29544 1.19884 1.07642 1.19033 1.07598 1.249 1.14926
threshold=23.672619047619051 4.8693181818181825 2.8562778013060233 8.6813909563685314 22.500000000000004 16.93000806161103 29.500000000000004 9.5000000000000018 1.5000000000000002 3.5000000000000004 23.732142857142861 2.5000000000000004 3.5000000000000004 233.00000000000003 3.5000000000000004 11.500000000000002 7.699841913030089 0.44499191036434266 0.39002102778747993 19.500000000000004 7.9157603464599964 62950.000000000007
decision_type=2 2 2 2 2 2 2 2 2 2 2 2 2 2 2 2 2 2 2 2 2 2
left_child=1 2 17 -2 7 6 -6 8 -3 11 14 -10 13 -13 19 -16 -12 18 -1 20 21 -9
right_child=3 4 -4 -5 5 -7 -8 10 9 -11 16 12 -14 -15 15 -17 -18 -19 -20 -21 -22 -23
leaf_value=-0.00012056971601283041 -0.53807111722084022 -0.050607434686361655 -0.043035204604233102 0.49784793810924804 0.05461431048068649 0.38515314170097947 -0.063557547476922674 0.055352884137592928 0.1458717939464175 0.18615307648316648 -0.021981722890340141 -0.20549942684980183 0.023237372344949981 -0.001096972199414351 0.082995484467171796 -0.045473728817570613 -0.33229309048377115 -0.00063161673248236946 -0.0022061152371824827 0.1048702193823806 -0.032637062568519962 -0.021615747269517177
leaf_weight=226 45 638 93 615 1283 555 241 886 192 1143 66 95 374 98 118 575 85 7396 156 546 797 165
leaf_count=226 45 638 93 615 1283 555 241 886 192 1143 66 95 374 98 118 575 85 7396 156 546 797 165
internal_value=0.000205606 0.000100776 -0.000277298 0.00265789 0.000481684 0.00121593 0.00056998 0.000213644 0.000804519 0.00148112 -0.000244989 -2.74868e-05 -0.000966783 -0.00374747 -3.16946e-05 -0.00141404 -0.00435256 -0.000214506 -0.0020168 0.000363276 -3.211e-05 0.000749053
internal_weight=16388 15728 7871 660 7857 2079 1524 5778 2540 1902 3238 759 567 193 3087 693 151 7778 382 2394 1848 1051
internal_count=16388 15728 7871 660 7857 2079 1524 5778 2540 1902 3238 759 567 193 3087 693 151 7778 382 2394 1848 1051
is_linear=0
shrinkage=0.035


Tree=169
num_leaves=23
num_cat=0
split_feature=9 6 20 20 21 9 7 20 21 4 10 21 12 22 21 22 18 12 12 20 25 7
split_gain=3.22586 1.43992 1.37797 2.25357 2.71651 1.90312 2.09916 1.84523 1.84153 1.57589 1.16156 1.31278 1.6428 1.54171 2.32439 1.05705 1.28805 1.06631 1.22935 1.02594 0.969398 0.915484
threshold=23.672619047619051 1.0879323844190749 23.500000000000004 9.5000000000000018 1.5000000000000002 13.199527588272966 12.146075006129591 4.5000000000000009 3.5000000000000004 12.996151141142256 5.3814053340254899 2.5000000000000004 3.1428721723249589 43337.000000000007 3.5000000000000004 32208.500000000004 1.0000000180025095e-35 6.9008938940004301 4.8262685747351375 21.500000000000004 637.50000000000011 9.998308041631736
decision_type=2 2 2 2 2 2 2 2 2 2 2 2 2 2 2 2 2 2 2 2 2 2
left_child=1 -1 3 4 -3 6 20 10 -5 19 11 -6 -13 14 -14 16 -11 18 -17 -10 -4 -16
right_child=-2 2 5 8 7 -7 -8 -9 9 15 -12 12 13 -15 21 17 -18 -19 -20 -21 -22 -23
leaf_value=-0.0013456185854040922 0.45998678052080133 -0.017710638717951695 0.019195979986740924 -0.00017176258825085482 0.047677606257856393 0.29864273417361686 -0.17792428017273182 0.07991473731244092 -0.0026072111963877554 -0.1714359109364906 0.16984458411428188 0.0033901693911332449 -0.17394328145329468 0.0072283057169156666 -0.087942381853794174 0.0087951435895889836 -0.0041855094723216657 0.049075181574434565 -0.12573545116873339 -0.041010201111908402 -0.010812829998237579 0.12972421260849279
leaf_weight=2835 649 1097 1826 4539 359 712 65 1521 793 163 247 482 108 142 49 61 55 76 51 111 442 70
leaf_count=2835 649 1097 1826 4539 359 712 65 1521 793 163 247 482 108 142 49 61 55 76 51 111 442 70
internal_value=0.000233504 0.000132614 0.000289733 8.77733e-05 0.000720588 0.000940984 0.000446108 0.0012707 -0.000350359 -0.0015038 0.000363885 -7.20163e-05 -0.000834112 -0.00258289 -0.00434483 -0.00331265 -0.00497534 -0.00121503 -0.00338034 -0.000658416 0.000635944 -0.000733871
internal_weight=16453 15804 12969 9924 4075 3045 2333 2978 5849 1310 1457 1210 851 369 227 406 218 188 112 904 2268 119
internal_count=16453 15804 12969 9924 4075 3045 2333 2978 5849 1310 1457 1210 851 369 227 406 218 188 112 904 2268 119
is_linear=0
shrinkage=0.035


Tree=170
num_leaves=23
num_cat=0
split_feature=9 20 9 20 7 4 20 20 22 2 10 0 0 9 8 0 24 5 22 22 7 10
split_gain=2.99699 1.4722 2.2746 1.4441 1.96892 1.90259 1.57042 1.3277 1.18739 1.11214 0.941033 0.890679 0.884649 0.872366 2.26226 0.904699 0.832108 0.876542 0.802433 1.25162 1.21908 0.937156
threshold=23.672619047619051 23.500000000000004 16.93000806161103 9.5000000000000018 26.035714285714288 5.7847660902793931 3.5000000000000004 28.500000000000004 54348.000000000007 11.852133989485408 5.8291229140406875 8.9137438819749804 11.35416666666667 0.3956951516321271 0.35299200622699706 6.1466474533550786 4685.0000000000009 12.557872588367035 6498.5000000000009 15527.500000000002 3.1440780676432158 7.0169861933806894
decision_type=2 2 2 2 2 2 2 2 2 2 2 2 2 2 2 2 2 2 2 2 2 2
left_child=1 3 7 5 18 13 10 8 -3 -2 16 -9 -13 14 -1 -15 -7 -18 20 -20 -5 -22
right_child=9 2 -4 4 -6 6 -8 11 -10 -11 -12 12 -14 15 -16 -17 17 -19 19 -21 21 -23
leaf_value=-6.9253125463238129e-05 -0.24599605922845111 0.016462690273474002 0.35360854083897902 -0.0022513254406807638 -0.34104521350644357 0.055478025585883703 0.16328752361604634 0.00024047687000840133 -0.025413555670486782 0.49013165458117736 0.1746489786726069 -0.12031962721866919 -0.032580931450698666 0.0044297746145896769 -0.010415769801176075 -0.041641333670822893 0.014965374365655041 -0.15007131505348101 0.056352626983421084 -0.0023011584705153322 -0.091798772890010968 0.24240680725948632
leaf_weight=189 53 2115 489 577 79 137 1016 728 80 598 169 111 162 2390 52 616 185 174 461 5708 275 52
leaf_count=189 53 2115 489 577 79 137 1016 728 80 598 169 111 162 2390 52 616 185 174 461 5708 275 52
internal_value=0.000273035 0.000175333 0.000787263 -1.01364e-05 -0.000329118 0.000449118 0.00140332 0.000438457 0.000922727 0.00259299 5.22389e-05 -0.000605368 -0.00229137 -4.08978e-05 -0.00204878 0.000117403 -0.000691617 -0.00159615 -0.000263069 -0.00011678 -0.00123597 -0.00293072
internal_weight=16416 15765 3685 12080 7152 4928 1681 3196 2195 651 665 1001 273 3247 241 3006 496 359 7073 6169 904 327
internal_count=16416 15765 3685 12080 7152 4928 1681 3196 2195 651 665 1001 273 3247 241 3006 496 359 7073 6169 904 327
is_linear=0
shrinkage=0.035


Tree=171
num_leaves=23
num_cat=0
split_feature=9 25 7 9 20 20 9 12 2 20 23 21 7 20 21 9 21 11 22 11 9 22
split_gain=3.03605 1.46369 1.26547 0.988586 1.01383 0.99297 1.38954 1.10934 0.97151 0.937068 0.930872 1.71724 0.8332 0.779234 1.25148 1.50436 1.24546 1.15542 1.57205 1.08705 1.05149 0.778275
threshold=23.672619047619051 166.00000000000003 25.789001428751192 9.1171568627450998 23.500000000000004 28.500000000000004 13.058982873418367 3.9108788711712292 11.852133989485408 19.500000000000004 62950.000000000007 1.5000000000000002 10.428611230955811 9.5000000000000018 3.5000000000000004 11.148485071787837 1.5000000000000002 6.453310749635139 43337.000000000007 7.4105664942184228 19.263406561056041 25082.000000000004
decision_type=2 2 2 2 2 2 2 2 2 2 2 2 2 2 2 2 2 2 2 2 2 2
left_child=1 9 3 -3 10 -6 7 -7 -2 21 12 -12 -5 16 15 -15 -14 18 -16 -17 -21 -1
right_child=8 2 -4 4 5 6 -8 -9 -10 -11 11 -13 13 14 17 19 -18 -19 -20 20 -22 -23
leaf_value=0.1799107051108734 -0.39515253864565891 -0.00091445805759018939 -0.2718459289822564 0.051027853260567475 0.17126242559079047 0.036493478328273897 0.1766757610892209 -0.16966589444913979 0.44673365166223994 0.17141244174271864 -0.11607300222155015 0.0057505160091555069 -0.090159713076922707 -0.13076690911455488 -0.15228840818706574 0.074926751797708704 0.13153670234264542 0.0029534248096017611 -0.025300575596242585 0.026869814238555841 -0.438046129917806 -0.0028494317523708153
leaf_weight=202 46 10279 87 468 656 68 169 66 598 484 104 264 197 62 108 749 731 144 82 91 62 620
leaf_count=202 46 10279 87 468 656 68 169 66 598 484 104 264 197 62 108 749 731 144 82 91 62 620
internal_value=0.000182475 8.42784e-05 -1.65368e-05 8.56357e-06 0.000474665 0.00146681 -0.000136364 -0.00279496 0.00252928 0.00120404 0.000156342 -0.00147319 0.000387736 9.56971e-05 -0.00044858 0.000176987 0.000874062 -0.00228171 -0.00403846 0.000567255 -0.00203797 0.000452842
internal_weight=16337 15693 14387 14300 4021 959 303 134 644 1306 3062 368 2694 2226 1298 964 928 334 190 902 153 822
internal_count=16337 15693 14387 14300 4021 959 303 134 644 1306 3062 368 2694 2226 1298 964 928 334 190 902 153 822
is_linear=0
shrinkage=0.035


Tree=172
num_leaves=23
num_cat=0
split_feature=9 20 20 8 25 21 7 20 2 25 8 9 9 11 20 20 22 14 1 7 12 12
split_gain=3.28786 1.31941 1.4473 2.26805 0.869011 0.887046 0.778457 1.21978 0.765613 0.762647 0.724757 0.711834 0.689107 1.06489 1.05693 1.25235 0.6859 0.808093 1.14606 0.638184 0.817651 1.02361
threshold=21.357905112267982 30.500000000000004 23.500000000000004 3.2861431116147957 499.50000000000006 2.5000000000000004 23.026516996264409 7.5000000000000009 10.982153892092549 807.00000000000011 2.7857089057276201 0.3956951516321271 24.172619047619051 7.2619737787877066 18.500000000000004 12.500000000000002 3735.5000000000005 1.0000000180025095e-35 2.9496381466201336 16.431122448979597 6.009705465540029 6.8210593452430386
decision_type=2 2 2 2 2 2 2 2 2 2 2 2 2 2 2 2 2 2 2 2 2 2
left_child=1 2 6 4 5 10 9 -8 -2 16 -4 -7 13 -10 15 -15 17 18 -1 -18 -21 -22
right_child=8 -3 3 -5 -6 11 7 -9 12 -11 -12 -13 -14 14 -16 -17 19 -19 -20 20 21 -23
leaf_value=0.040402002914357374 -0.18776703154403479 -0.026134954556821521 -0.00032426593876690347 0.083732570798882994 -0.011440361617356018 -0.00050966037650232898 0.71264163806588143 -0.15773323650263563 0.39491564574456584 0.027249635483722532 -0.057437728206632413 0.042704212827263985 0.53157104055562898 0.10942309442623817 0.42629237324725183 -0.16736413414395229 -0.002438877748837815 0.07603056059771339 -0.02942240962232576 0.14863928802167245 -0.10101464386209408 0.092273348117757129
leaf_weight=84 55 263 458 1753 527 78 54 83 319 1182 59 469 484 135 82 79 8932 215 125 449 212 290
leaf_count=84 55 263 458 1753 527 78 54 83 319 1182 59 469 484 135 82 79 8932 215 125 449 212 290
internal_value=0.000192594 5.46661e-05 9.93323e-05 0.000740968 -0.00020614 0.000356876 -8.39565e-05 -0.00266197 0.00199008 -5.0548e-05 -0.000657088 0.0013442 0.00220018 0.00135484 -0.000104651 -0.00145434 -0.000148662 0.00121562 -0.000261682 -0.000209547 0.000644352 -0.000296844
internal_weight=16387 15233 14970 3344 1591 1064 11626 137 1154 11489 517 547 1099 615 296 214 10307 424 209 9883 951 502
internal_count=16387 15233 14970 3344 1591 1064 11626 137 1154 11489 517 547 1099 615 296 214 10307 424 209 9883 951 502
is_linear=0
shrinkage=0.035


Tree=173
num_leaves=23
num_cat=0
split_feature=0 20 20 9 10 11 20 9 10 6 21 20 10 22 10 11 24 23 20 27 22 24
split_gain=3.29031 1.07636 1.09405 1.20769 1.61462 1.04203 0.975664 0.847339 0.787945 0.72248 0.760725 1.41856 1.16541 1.75675 1.00837 1.00883 0.99916 1.26705 0.993742 0.934881 2.12761 0.917091
threshold=14.834983613123457 21.500000000000004 12.500000000000002 24.172619047619051 9.1676364710540508 3.8771282200006474 3.5000000000000004 18.185466062788063 5.7029634483919995 1.0879323844190749 2.5000000000000004 27.500000000000004 5.2235729425092066 19263.000000000004 2.3603873774083355 0.8827885019618994 10740.000000000002 41450.000000000007 16.500000000000004 2.5000000000000004 31797.000000000004 1706.5000000000002
decision_type=2 2 2 2 2 2 2 2 2 2 2 2 2 2 2 2 2 2 2 2 2 2
left_child=9 2 5 4 -4 6 -2 8 -3 -1 11 12 14 -14 15 -11 17 -15 19 20 -16 -17
right_child=1 7 3 -5 -6 -7 -8 -9 -10 10 -12 -13 13 16 18 21 -18 -19 -20 -21 -22 -23
leaf_value=-0.0011354824935775726 -0.070727354784587693 0.1174685982399163 -0.0081365007635635853 0.31332456834602374 -0.19978553164136698 0.17361187119330118 0.15148313429462198 0.45722234389041788 -0.079357185794635243 0.0072599962357245531 0.0083082069060635335 -0.021371529686526874 0.22750529671261327 -0.095953530729548361 0.021789222460535145 -0.024585998354829563 -0.0082273569865913589 -0.21610814133938636 0.095487358722521454 0.021243167961180816 -0.096542249565810326 -0.0037307530278188929
leaf_weight=2816 124 326 630 139 84 1130 121 543 68 450 4846 493 101 71 102 352 89 92 681 741 66 2313
leaf_count=2816 124 326 630 139 84 1130 121 543 68 450 4846 493 101 71 102 352 89 92 681 741 66 2313
internal_value=0.000257004 0.00126972 0.000835423 -0.000130536 -0.000735049 0.00144565 -0.00056 0.00227389 0.00095614 1.27101e-05 0.000148722 -0.00012851 4.35514e-05 -0.00187709 0.000193206 -0.000168269 -0.00344553 -0.00504167 0.000910658 0.000130197 -0.00216474 -0.000432584
internal_weight=16378 3165 2228 853 714 1375 245 937 394 13213 10397 5551 5058 353 4705 3115 252 163 1590 909 168 2665
internal_count=16378 3165 2228 853 714 1375 245 937 394 13213 10397 5551 5058 353 4705 3115 252 163 1590 909 168 2665
is_linear=0
shrinkage=0.035


Tree=174
num_leaves=23
num_cat=0
split_feature=9 20 9 9 20 8 7 8 9 25 11 20 22 9 22 12 20 25 12 20 4 1
split_gain=2.91573 1.1816 0.930301 1.4693 1.57314 1.14392 1.79614 0.98288 2.05069 1.22681 0.896866 1.26697 1.16522 1.47657 1.21049 1.10782 1.0507 1.83102 1.03394 0.927081 1.65343 1.1867
threshold=21.357905112267982 30.500000000000004 4.3603896103896114 6.0576699305884718 23.500000000000004 9.0705825922444401 9.1411651844888784 3.5008585782075321 3.110641021714653 878.00000000000011 2.4053511772118221 9.5000000000000018 6498.5000000000009 18.866071428571434 19263.000000000004 3.6030684514534728 17.500000000000004 455.50000000000006 4.7278438513068801 3.5000000000000004 5.9680479807034317 12.996151141142256
decision_type=2 2 2 2 2 2 2 2 2 2 2 2 2 2 2 2 2 2 2 2 2 2
left_child=1 2 7 -4 10 6 -6 -1 -9 -10 -5 19 13 -13 -14 -16 -17 -18 -19 -12 21 -21
right_child=-2 -3 3 4 5 -7 -8 8 9 -11 11 12 14 -15 15 16 17 18 -20 20 -22 -23
leaf_value=9.0279374428170415e-05 0.30235820845391304 -0.027113881529998541 0.088239712737828657 -0.094440942140834691 0.027076258216786882 0.18371071762830229 -0.12508018397445739 -0.077028192049234182 -0.0017327125421203104 -0.10945899256478964 -0.0059185707882777709 -0.014044344758408668 0.092862655830725158 -0.42123216422023446 0.016940990668194544 -0.056689038208001925 0.047861408852813828 -0.040701482904784272 -0.11965346572323007 0.045612654312868463 0.1726242460213184 -0.12553759283352345
leaf_weight=6950 1127 245 678 411 527 920 69 55 536 64 641 82 379 55 862 874 487 121 52 279 810 112
leaf_count=6950 1127 245 678 411 527 920 69 55 536 64 641 82 379 55 862 874 487 121 52 279 810 112
internal_value=0.000270088 0.000141252 0.000182143 0.000462928 0.000301526 0.00129093 6.406e-05 -8.73849e-05 -0.00137879 -0.00072314 6.76996e-06 0.000146354 -0.000303565 -0.00340141 -0.000138489 -0.00043586 -0.00100292 2.63159e-05 -0.00298876 0.000865999 0.00143947 -0.000388889
internal_weight=16336 15209 14964 7359 6681 1516 596 7605 655 600 5165 4754 2912 137 2775 2396 1534 660 173 1842 1201 391
internal_count=16336 15209 14964 7359 6681 1516 596 7605 655 600 5165 4754 2912 137 2775 2396 1534 660 173 1842 1201 391
is_linear=0
shrinkage=0.035


Tree=175
num_leaves=23
num_cat=0
split_feature=9 20 9 12 20 22 20 20 12 2 12 20 20 7 20 21 21 25 7 12 20 24
split_gain=3.03037 1.18567 0.920479 1.45041 1.15026 0.94518 1.03134 0.781397 0.889922 0.660339 0.657992 0.81072 0.938671 1.06957 0.850457 1.3069 1.07104 1.17041 1.07813 1.16175 1.05928 1.20022
threshold=19.460948604891435 20.500000000000004 23.672619047619051 6.6411069053247589 7.5000000000000009 10086.000000000002 12.500000000000002 30.500000000000004 2.7233645530827539 9.9933189851049971 1.1252098250536189 2.5000000000000004 7.5000000000000009 22.289929968360216 23.500000000000004 2.5000000000000004 3.5000000000000004 600.00000000000011 8.719938709218118 1.8502109131881215 26.500000000000004 3345.5000000000005
decision_type=2 2 2 2 2 2 2 2 2 2 2 2 2 2 2 2 2 2 2 2 2 2
left_child=7 2 3 -2 -5 6 -6 10 -9 -4 -1 -12 -13 14 -14 20 -17 -18 19 -19 21 -16
right_child=1 -3 9 4 5 -7 -8 8 -10 -11 11 12 13 -15 15 16 17 18 -20 -21 -22 -23
leaf_value=-0.00070906932266152261 0.19173803788471486 0.44439909791669613 -0.18930226798489522 0.30754970780278018 -0.014655779099297387 -0.048062907026973765 -0.32878844731269019 -0.00037868064578294714 -0.097734692692474895 0.38313828247924558 -0.012167467684483832 0.031363828351812249 -0.00019718143165521488 -0.16049266735579487 -0.035496547039046533 0.11388077054864086 0.029285410756256711 0.012155549901186473 0.19317883823413498 -0.1597603833012316 -0.01531542302331876 0.048712224098881415
leaf_weight=2397 246 558 45 163 51 197 71 147 98 399 1026 1996 6193 45 96 667 487 48 47 73 721 511
leaf_count=2397 246 558 45 163 51 197 71 147 98 399 1026 1996 6193 45 96 667 487 48 47 73 721 511
internal_value=0.000280868 0.00166427 0.00100212 0.000205321 -0.000883983 -0.00211728 -0.00449213 0.000114687 -0.00182 0.00225278 0.000149665 0.000257029 0.000346818 0.000190093 0.000220728 0.000744821 0.00152185 0.000477273 -0.00196243 -0.00372222 -1.83795e-05 0.00104085
internal_weight=16282 1730 1172 728 482 319 122 14552 245 444 14307 11910 10884 8888 8843 2650 1322 655 168 121 1328 607
internal_count=16282 1730 1172 728 482 319 122 14552 245 444 14307 11910 10884 8888 8843 2650 1322 655 168 121 1328 607
is_linear=0
shrinkage=0.035


Tree=176
num_leaves=23
num_cat=0
split_feature=4 12 11 20 9 20 12 12 11 22 22 9 11 21 20 20 21 20 20 22 24 1
split_gain=2.68746 1.16412 1.47945 1.0738 1.4705 1.39777 1.07498 1.02448 1.52898 1.58033 1.65409 1.3039 1.02037 0.967784 1.14035 2.42912 2.00426 1.34553 1.21896 1.07503 2.04368 1.19912
threshold=18.955902356631452 1.184637334902003 1.2066664642907552 20.500000000000004 23.672619047619051 10.500000000000002 6.2641902025808056 1.320954211152511 1.0716117059605355 31797.000000000004 24335.000000000004 2.3334151686354567 1.2838814775327398 2.5000000000000004 3.5000000000000004 9.5000000000000018 3.5000000000000004 19.500000000000004 30.500000000000004 17236.500000000004 1706.5000000000002 3.9929401464817613
decision_type=2 2 2 2 2 2 2 2 2 2 2 2 2 2 2 2 2 2 2 2 2 2
left_child=1 2 -1 4 5 -2 -7 -3 9 10 11 -9 -4 19 -15 -16 17 -17 -19 20 21 -10
right_child=3 7 12 -5 -6 6 -8 8 13 -11 -12 -13 -14 14 15 16 -18 18 -20 -21 -22 -23
leaf_value=-0.00070168640369484597 0.28579185676024532 0.012813894765412667 -0.037434512200512811 0.29279169831744961 0.34964501843478651 0.01544448353252008 -0.12053923630533388 -0.054481175240119598 0.00078086783780200592 0.02340838977257912 -0.11812846054178328 0.018835046537635822 0.0089898876058966491 -0.017075619483608213 0.10464089660376036 0.0012780665946521127 -0.0086022988519451823 0.11375148407806458 -0.050360475879674738 -0.0094671787502024519 0.068618676858629532 -0.038742677653370527
leaf_weight=2556 298 702 110 698 284 202 228 54 282 81 47 46 60 810 1090 832 1786 893 68 4218 877 125
leaf_count=2556 298 702 110 698 284 202 228 54 282 81 47 46 60 810 1090 832 1786 893 68 4218 877 125
internal_value=0.000229452 7.45801e-05 -0.00057543 0.00154082 0.000781219 -3.34242e-05 -0.00132759 0.000224992 0.000141698 -0.0026588 -0.00478947 -0.00183333 -0.0037 0.000202622 0.000532276 0.00074433 0.000296875 0.00112514 0.00201449 -0.000122662 0.000757564 -0.00125728
internal_weight=16347 14637 2726 1710 1012 728 430 11911 11209 228 147 100 170 10981 5479 4669 3579 1793 961 5502 1284 407
internal_count=16347 14637 2726 1710 1012 728 430 11911 11209 228 147 100 170 10981 5479 4669 3579 1793 961 5502 1284 407
is_linear=0
shrinkage=0.035


Tree=177
num_leaves=23
num_cat=0
split_feature=9 8 20 20 21 7 20 7 20 9 20 11 21 20 23 6 9 11 8 22 21 21
split_gain=2.80122 1.4942 2.06116 1.34162 1.70521 1.61089 1.31559 0.971776 1.01707 0.900767 0.946071 0.890713 0.8515 1.04193 0.960884 0.850063 1.19846 1.07237 1.00062 0.773526 0.757669 1.43486
threshold=24.172619047619051 8.9736488350169576 21.500000000000004 9.5000000000000018 1.5000000000000002 25.789001428751192 3.5000000000000004 9.1411651844888784 18.500000000000004 18.185466062788063 30.500000000000004 6.453310749635139 3.5000000000000004 11.500000000000002 62950.000000000007 7.9732713418271493 11.024257222202197 7.5843125818846806 14.280550660809697 16785.000000000004 2.5000000000000004 3.5000000000000004
decision_type=2 2 2 2 2 2 2 2 2 2 2 2 2 2 2 2 2 2 2 2 2 2
left_child=1 7 3 4 11 12 20 -1 -9 10 -4 -3 14 -14 15 17 -17 -5 -18 -2 -6 -22
right_child=19 2 9 5 6 -7 -8 8 -10 -11 -12 -13 13 -15 -16 16 18 -19 -20 -21 21 -23
leaf_value=-0.00046983895128277595 0.49886121549377971 -0.0028205453839311306 0.10456570452182846 0.072012441846163108 0.24336459577341929 -0.28026803306872733 0.22240573215507464 -0.0041853365931303569 -0.12087597503981874 0.37854229395668576 -0.11477404105856448 -0.25344024380485641 0.10918717533621279 -0.061460276911475278 -0.074368374417667332 -0.069801635821107266 0.2428593236288778 -0.36266295210029692 -0.011970259749032354 -0.012688566951298514 -0.13423658763026411 0.048949487361985115
leaf_weight=10418 463 282 914 482 124 109 771 172 93 494 52 80 93 397 158 103 117 77 552 76 120 251
leaf_count=10418 463 282 914 482 124 109 771 172 93 494 52 80 93 397 158 103 117 77 552 76 120 251
internal_value=0.000192678 0.000106783 0.000595155 0.000151438 0.000906614 -0.000429766 0.00151731 -0.000128368 -0.0022037 0.00170819 0.00104892 -0.00117302 -0.000186996 -0.00144949 0.000220214 0.000539671 -0.000193694 0.00157624 0.000332344 0.0026636 7.00001e-05 -0.00068883
internal_weight=16398 15859 5176 3716 1628 2088 1266 10683 265 1460 966 362 1979 490 1489 1331 772 559 669 539 495 371
internal_count=16398 15859 5176 3716 1628 2088 1266 10683 265 1460 966 362 1979 490 1489 1331 772 559 669 539 495 371
is_linear=0
shrinkage=0.035


Tree=178
num_leaves=23
num_cat=0
split_feature=3 25 11 1 20 20 25 7 15 20 10 10 20 5 21 11 11 8 15 12 8 10
split_gain=2.55811 1.27946 0.809266 0.775945 0.771326 0.736416 1.15008 0.862893 1.14487 0.859148 0.697601 0.995527 0.671074 0.758158 0.630409 1.44551 1.25479 0.869766 0.616632 0.61575 0.905444 0.596287
threshold=15.022525042907136 200.00000000000003 1.0377490433255421 5.4734877778898161 7.5000000000000009 23.500000000000004 831.00000000000011 2.9713886012667774 1.0000000180025095e-35 28.500000000000004 1.154700538379253 1.4142135623730965 21.500000000000004 10.786321963483829 3.5000000000000004 6.453310749635139 7.2619737787877066 15.752049219590733 0.16333333333333336 1.6852221055136734 1.4977360561426372 1.0930778482198111
decision_type=2 2 2 2 2 2 2 2 2 2 2 2 2 2 2 2 2 2 2 2 2 2
left_child=2 -2 3 21 -3 -4 7 8 -7 -9 -10 19 14 -14 16 17 -6 -16 -13 20 -12 -1
right_child=1 4 5 -5 12 6 -8 9 10 -11 11 18 13 -15 15 -17 -18 -19 -20 -21 -22 -23
leaf_value=-0.00064639932175929941 0.24828110004947007 0.1662000094991333 -8.2914119718770859e-06 -0.29215465319590034 0.031761451787426044 -0.029422337374580543 -0.030242556137891646 0.079169843700977058 0.025802728280596855 0.0058371744942331055 -0.026681293990512386 0.036851997472512103 -0.20186575280314845 0.17711911172016112 -0.010967237798359423 0.019537738884856031 -0.14610649744478627 -0.19067377221377474 -0.0092702173573397436 -0.066221708890223108 0.011360393461290488 -0.011042354542925903
leaf_weight=2215 1285 314 8580 45 396 55 243 1058 251 496 45 226 47 305 48 133 90 52 95 49 107 209
leaf_count=2215 1285 314 8580 45 396 55 243 1058 251 496 45 226 47 305 48 133 90 52 95 49 107 209
internal_value=0.000220289 0.00121028 2.53309e-05 -0.000546079 0.000453238 0.000152989 0.000665399 0.000904692 0 0.00138967 0.0003509 -0.000351992 0 0.0012451 -0.000609116 -0.00208824 7.84115e-05 -0.00516667 0.000815951 -0.0022767 -0.000958599 -0.000448127
internal_weight=16344 2670 13674 2469 1385 11205 2625 2382 828 1554 773 522 1071 352 719 233 486 100 321 201 152 2424
internal_count=16344 2670 13674 2469 1385 11205 2625 2382 828 1554 773 522 1071 352 719 233 486 100 321 201 152 2424
is_linear=0
shrinkage=0.035


Tree=179
num_leaves=23
num_cat=0
split_feature=9 8 20 20 5 24 20 9 12 5 20 7 10 7 12 12 20 16 9 8 15 4
split_gain=3.06137 0.980192 1.08892 0.97488 0.880443 0.863345 1.008 1.18849 2.64925 0.935883 0.769539 0.767238 1.3774 1.58401 1.27015 0.933708 0.816219 0.658824 0.632238 1.08148 1.8582 1.88643
threshold=20.230777150249171 8.9736488350169576 23.500000000000004 20.500000000000004 21.965076773329255 4685.0000000000009 12.500000000000002 23.672619047619051 7.1353588293936427 12.996151141142256 28.500000000000004 7.9994104518699931 1.9518001458970664 8.1454742027739808 3.3548048777161266 3.6296836190780013 20.500000000000004 1.0000000180025095e-35 3.7422296529669432 3.4291250319489515 1.0000000180025095e-35 4.8493515340940085
decision_type=2 2 2 2 2 2 2 2 2 2 2 2 2 2 2 2 2 2 2 2 2 2
left_child=1 11 4 5 -3 6 -2 8 -8 -7 -4 17 -13 14 -14 -15 -17 18 19 -1 21 -21
right_child=3 2 10 -5 -6 9 7 -9 -10 -11 -12 12 13 15 -16 16 -18 -19 -20 20 -22 -23
leaf_value=-0.00068860015161133215 0.42064272524473739 0.016594205261210911 0.19690245625069985 0.46728687308868283 -0.045433912497954476 -0.29080903584351159 0.14566354771382414 0.14870313839095659 -0.23681870378464479 0.065509552150012779 0.0027104486575319077 -0.12710115950697037 -0.11391461987380452 0.033445181235876337 0.0091080080687353151 -0.0047755877590563113 -0.1188956309731357 0.020628413100431529 0.010494526999261582 -0.15756457419975103 -0.0084109316092323468 -0.025117395197377074
leaf_weight=6673 471 2974 605 491 281 76 63 159 68 158 288 46 75 398 51 137 65 351 2496 46 329 56
leaf_count=6673 471 2974 605 491 281 76 63 159 68 158 288 46 75 398 51 137 65 351 2496 46 329 56
internal_value=0.000203643 5.08202e-05 0.000508187 0.00171596 0.000203988 0.00105 0.00162663 0 -0.00241912 -0.000746862 0.0015902 -0.000124627 -0.00118468 -0.000761286 -0.00424809 0 -0.00191063 -4.00762e-05 -9.65642e-05 -0.000266352 -0.00195872 -0.00598598
internal_weight=16357 14871 4148 1486 3255 995 761 290 131 234 893 10723 772 726 126 600 202 9951 9600 7104 431 102
internal_count=16357 14871 4148 1486 3255 995 761 290 131 234 893 10723 772 726 126 600 202 9951 9600 7104 431 102
is_linear=0
shrinkage=0.035


end of trees

feature_importances:
day_of_month=559
sig_roll_std_28=526
sig_roll_mean_28=480
month=332
unit_cost_rp=317
sig_roll_mean_14=231
sig_roll_std_14=193
sig_zero_rate_28=180
sig_roll_std_7=154
shelf_life_days=150
sig_roll_mean_7=142
margin_rp=121
sig_lag_28=91
unit_price_rp=74
sig_lag_14=71
sig_lag_21=67
sig_zero_rate_14=58
sig_lag_7=52
sig_lag_1=48
sig_lag_3=35
sig_lag_2=28
sig_zero_rate_7=24
promised_lead_time_days=15
is_weekend=5
is_perishable=3
promo_flag=2
is_holiday=2

parameters:
[boosting: gbdt]
[objective: quantile]
[metric: quantile]
[tree_learner: serial]
[device_type: cpu]
[data_sample_strategy: bagging]
[data: ]
[valid: ]
[num_iterations: 180]
[learning_rate: 0.035]
[num_leaves: 23]
[num_threads: 8]
[seed: 20260723]
[deterministic: 0]
[force_col_wise: 0]
[force_row_wise: 0]
[histogram_pool_size: -1]
[max_depth: -1]
[min_data_in_leaf: 45]
[min_sum_hessian_in_leaf: 0.001]
[bagging_fraction: 0.85]
[pos_bagging_fraction: 1]
[neg_bagging_fraction: 1]
[bagging_freq: 1]
[bagging_seed: 320]
[bagging_by_query: 0]
[feature_fraction: 0.85]
[feature_fraction_bynode: 1]
[feature_fraction_seed: 6711]
[extra_trees: 0]
[extra_seed: 20591]
[early_stopping_round: 0]
[early_stopping_min_delta: 0]
[first_metric_only: 0]
[max_delta_step: 0]
[lambda_l1: 0.5]
[lambda_l2: 5]
[linear_lambda: 0]
[min_gain_to_split: 0]
[drop_rate: 0.1]
[max_drop: 50]
[skip_drop: 0.5]
[xgboost_dart_mode: 0]
[uniform_drop: 0]
[drop_seed: 9722]
[top_rate: 0.2]
[other_rate: 0.1]
[min_data_per_group: 100]
[max_cat_threshold: 32]
[cat_l2: 10]
[cat_smooth: 10]
[max_cat_to_onehot: 4]
[top_k: 20]
[monotone_constraints: ]
[monotone_constraints_method: basic]
[monotone_penalty: 0]
[feature_contri: ]
[forcedsplits_filename: ]
[refit_decay_rate: 0.9]
[cegb_tradeoff: 1]
[cegb_penalty_split: 0]
[cegb_penalty_feature_lazy: ]
[cegb_penalty_feature_coupled: ]
[path_smooth: 0]
[interaction_constraints: ]
[verbosity: -1]
[saved_feature_importance_type: 0]
[use_quantized_grad: 0]
[num_grad_quant_bins: 4]
[quant_train_renew_leaf: 0]
[stochastic_rounding: 1]
[linear_tree: 0]
[max_bin: 255]
[max_bin_by_feature: ]
[min_data_in_bin: 3]
[bin_construct_sample_cnt: 200000]
[data_random_seed: 4442]
[is_enable_sparse: 1]
[enable_bundle: 1]
[use_missing: 1]
[zero_as_missing: 0]
[feature_pre_filter: 1]
[pre_partition: 0]
[two_round: 0]
[header: 0]
[label_column: ]
[weight_column: ]
[group_column: ]
[ignore_column: ]
[categorical_feature: ]
[forcedbins_filename: ]
[precise_float_parser: 0]
[parser_config_file: ]
[objective_seed: 5935]
[num_class: 1]
[is_unbalance: 0]
[scale_pos_weight: 1]
[sigmoid: 1]
[boost_from_average: 1]
[reg_sqrt: 0]
[alpha: 0.1]
[fair_c: 1]
[poisson_max_delta_step: 0.7]
[tweedie_variance_power: 1.5]
[lambdarank_truncation_level: 30]
[lambdarank_norm: 1]
[label_gain: ]
[lambdarank_position_bias_regularization: 0]
[eval_at: ]
[multi_error_top_k: 1]
[auc_mu_weights: ]
[num_machines: 1]
[local_listen_port: 12400]
[time_out: 120]
[machine_list_filename: ]
[machines: ]
[gpu_platform_id: -1]
[gpu_device_id: -1]
[gpu_device_id_list: ]
[gpu_use_dp: 0]
[num_gpu: 1]

end of parameters

pandas_categorical:[]
