tree
version=v4
num_class=1
num_tree_per_iteration=1
label_index=0
max_feature_idx=27
objective=quantile
feature_names=sig_lag_1 sig_lag_2 sig_lag_3 sig_lag_7 sig_lag_14 sig_lag_21 sig_lag_28 sig_roll_mean_7 sig_roll_mean_14 sig_roll_mean_28 sig_roll_std_7 sig_roll_std_14 sig_roll_std_28 sig_zero_rate_7 sig_zero_rate_14 sig_zero_rate_28 promo_flag is_weekend is_holiday is_payday_week day_of_month month unit_cost_rp unit_price_rp margin_rp shelf_life_days is_perishable promised_lead_time_days
feature_infos=[0:72] [0:72] [0:72] [0:72] [0:72] [0:72] [0:72] [0:44] [0:44] [0:44] [0:22.786796511095964] [0:17.139376936115319] [0:16.069317439236894] [0:1] [0:1] [0:0.9642857142857143] [0:1] [0:1] [0:1] none [1:31] [1:4] [3633:54611] [4700:64300] [1067:16070] [92:917] [0:1] [2:4]
tree_sizes=1470 1680 1767 2101 2105 2098 2093 2101 2110 2117 2118 2116 2105 2102 2113 2107 2120 2133 2119 2112 2131 2123 2129 2136 2138 2143 2153 2149 2143 2138 2142 2137 2144 2141 2149 2152 2149 2158 2146 2165 2153 2153 2169 2160 2163 2149 2160 2165 2152 2170 2166 2171 2169 2158 2168 2170 2181 2168 2165 2182 2178 2170 2166 2172 2166 2180 2166 2161 2171 2178 2166 2179 2178 2172 2180 2178 2190 2178 2182 2186 2190 2188 2156 2188 2173 2151 2173 2173 2189 2180 2181 2167 2170 2182 2171 2177 2181 2176 2178 2178 2182 2173 2191 2173 2177 2157 2188 2164 2177 2185 2168 2189 2205 2196 2173 2190 2161 2191 2172 2184 2194 2182 2187 2173 2154 2201 2189 2187 2189 2188 2175 2201 2173 2202 2163 2185 2209 2167 2199 2190 2188 2195 2172 2203 2162 2197 2153 2207 2160 2173 2184 2165 2193 2208 2161 2197 2195 2172 2196 2182 2191 2175 2146 2215 2195 2189 2223 2144 2192 2191 2194 2193 2208 2154 2174 2189 2211 2185 2167 2191

Tree=0
num_leaves=17
num_cat=0
split_feature=9 9 9 9 12 24 12 22 24 20 11 11 9 22 8 8
split_gain=3476.65 62.2865 18.0569 7.26358 6.9322 5.42444 5.6805 5.66927 4.63006 4.25768 3.65472 3.04476 2.65195 1.56373 0.173747 0.568269
threshold=5.1377390466676189 6.0501303267706303 4.6144343751486616 7.0717367670185665 2.5084880235492499 4472.0000000000009 2.5373173121949115 33201.500000000007 7066.5000000000009 14.500000000000002 2.5672879190624593 3.6253078686998621 5.5363286080542542 47334.500000000007 5.9308091339300484 6.5742775742775752
decision_type=2 2 2 2 2 2 2 2 2 2 2 2 2 2 2 2
left_child=2 5 -1 8 -4 6 12 -7 11 10 13 14 -2 -9 -3 -16
right_child=1 3 4 -5 -6 7 -8 9 -10 -11 -12 -13 -14 -15 15 -17
leaf_value=77.25 79.105000000000004 79.665004539489743 79.105000000000004 82.923754692077637 77.915000000000006 80.027800559997559 79.349999999999994 79 79.713902721405034 79.280000000000001 78.859999999999999 79.349999999999994 77.739999999999995 79.332499999999996 79.262500000000003 79.489999999999995
leaf_weight=7358 49 56 54 6802 59 63 89 45 422 58 46 46 84 46 78 91
leaf_count=7358 49 56 54 6802 59 63 89 45 422 58 46 46 84 46 78 91
internal_value=79 79.016 78.9828 79.0168 78.997 79.0037 78.9998 79.0071 79.013 79.0038 79.0002 79.009 78.9952 79.0044 79.0107 79.0091
internal_weight=15446 7975 7471 7495 113 480 222 258 693 195 137 271 133 91 225 169
internal_count=15446 7975 7471 7495 113 480 222 258 693 195 137 271 133 91 225 169
is_linear=0
shrinkage=1


Tree=1
num_leaves=18
num_cat=0
split_feature=9 9 9 25 9 12 21 25 25 21 9 20 12 22 25 12 12
split_gain=3442.49 61.3793 15.3815 8.06205 7.73827 5.61795 4.59475 3.98695 3.36921 5.65751 2.40902 1.24862 0.860452 0.779822 0.259939 0.14708 0.0642209
threshold=5.1377390466676189 6.0501303267706303 4.6144343751486616 277.00000000000006 7.1434714651971118 2.5084880235492499 2.5000000000000004 299.00000000000006 210.50000000000003 1.5000000000000002 5.8061224489795924 14.500000000000002 2.508496812003508 52360.000000000007 200.00000000000003 3.4679179670884719 2.9846591381902856
decision_type=2 2 2 2 2 2 2 2 2 2 2 2 2 2 2 2 2
left_child=2 3 -1 8 7 -4 10 14 9 -2 -5 -11 -6 -14 -3 16 -9
right_child=1 4 5 6 12 -7 -8 15 -10 11 -12 -13 13 -15 -16 -17 -18
leaf_value=-1.6887500000000002 -0.062300000000000043 0.48081249999999992 0.093449252319335804 0.028735936737060579 1.1091871023178101 -1.0645250000000004 0.37275000000000025 0.47285000000000021 0.88664409160614022 0.14490000000000003 -0.91000000000000014 0.30519999999999997 4.2026685857772828 0.73766858577728278 0.68345632162094105 0.41081249999999991 0.6602092928886415
leaf_weight=7319 86 131 57 78 229 58 69 84 55 71 95 45 6304 230 438 45 50
leaf_count=7319 86 131 57 78 229 58 69 84 55 71 95 45 6304 230 438 45 50
internal_value=-4.64431e-05 0.0158668 -0.0171942 0.00388889 0.0166571 -0.00408333 -0.000637652 0.0129449 0.00814885 0.00566425 -0.00373596 0.0105579 0.0170553 0.0171681 0.0144512 0.00779891 0.00868705
internal_weight=15444 8010 7434 499 7511 115 242 748 257 202 173 116 6763 6534 569 179 134
internal_count=15444 8010 7434 499 7511 115 242 748 257 202 173 116 6763 6534 569 179 134
is_linear=0
shrinkage=0.035


Tree=2
num_leaves=19
num_cat=0
split_feature=9 9 9 9 22 21 24 22 20 9 11 4 8 20 22 11 7 3
split_gain=3379.47 64.6913 16.2464 13.9144 10.3688 6.14628 6.44832 7.35843 6.47657 4.38131 3.76399 1.27648 0.990893 0.967136 0.706512 0.486892 0.0907627 0.0808286
threshold=5.1377390466676189 6.0501303267706303 4.6144343751486616 8.1076388888888911 31488.000000000004 2.5000000000000004 4472.0000000000009 33201.500000000007 14.500000000000002 5.8061224489795924 3.0282552188231571 5.9680479807034317 5.6470832654320153 1.5000000000000002 52360.000000000007 1.5898026693500447 4.8582227003737612 5.5950265671834734
decision_type=2 2 2 2 2 2 2 2 2 2 2 2 2 2 2 2 2 2
left_child=2 5 -1 4 10 6 9 -8 13 -2 17 -12 -7 -9 -5 -6 -4 -3
right_child=1 3 16 14 15 12 7 8 -10 -11 11 -13 -14 -15 -16 -17 -18 -19
leaf_value=-1.6296437500000003 0.048081694149017411 0.50838206686401399 -0.34476662500000016 4.657104039645195 0.45942703203535079 0.25035514764356603 1.079534697508812 -0.10517150000000024 0.25951800000000003 -1.2244346359252931 -0.14442481472492241 0.23968546676397304 0.49971282897949254 -0.17762150000000024 0.74685018527507774 0.67398406249999998 -0.076945723831176746 0.49088206686401398
leaf_weight=7329 72 52 63 5721 48 48 51 45 47 85 51 78 79 56 117 1379 56 74
leaf_count=7329 72 52 63 5721 48 48 51 45 47 85 51 78 79 56 117 1379 56 74
internal_value=-0.000203804 0.0155813 -0.0171666 0.0163791 0.0134129 0.00308402 0.000630194 0.00480392 0.000571895 -0.00453704 0.00659615 0.00208955 0.00954545 -0.00429245 0.0172185 0.0145915 -0.00395161 0.0108206
internal_weight=15451 8003 7448 7520 1682 483 356 199 148 157 255 129 127 101 5838 1427 119 126
internal_count=15451 8003 7448 7520 1682 483 356 199 148 157 255 129 127 101 5838 1427 119 126
is_linear=0
shrinkage=0.035


Tree=3
num_leaves=23
num_cat=0
split_feature=8 8 8 8 20 24 21 5 24 11 24 22 21 20 11 11 22 22 5 18 8 11
split_gain=3326.22 55.7117 15.2909 14.3932 13.89 10.8301 7.73809 6.96904 6.30715 3.96091 3.94508 9.42951 2.98679 2.81998 2.63257 2.04385 1.29951 1.24054 0.99049 0.157936 0.106407 0.090106
threshold=5.0056043956043963 6.0000093177456657 8.6118387918076387 4.432092945874003 17.500000000000004 4472.0000000000009 2.5000000000000004 5.5950265671834734 11523.000000000002 3.0559947976300306 4472.0000000000009 34795.000000000007 3.5000000000000004 16.500000000000004 1.7415415679698938 2.3772039389181931 52360.000000000007 31488.000000000004 6.006203158824877 1.0000000180025095e-35 4.144865848437278 2.4078641832698486
decision_type=2 2 2 2 2 2 2 2 2 2 2 2 2 2 2 2 2 2 2 2 2 2
left_child=3 4 5 20 7 6 9 10 15 -3 19 -12 -8 14 -7 -5 21 -6 -16 -2 -1 -4
right_child=1 2 16 8 17 13 12 -9 -10 -11 11 -13 -14 -15 18 -17 -18 -19 -20 -21 -22 -23
leaf_value=-1.6004145654983521 -0.090626864761676779 0.33680144794460265 1.9150765438874962 0.075121108043823465 0.27574737650291437 0.094402770638682951 0.81506052240141669 0.34160741955581425 -0.74733987170795457 -0.2115850077302634 0.6652107227810623 -0.83015300593750008 0.28583177498185636 0.91015727002911573 0.45250299130659111 -0.45260621875000012 0.68571042879044997 0.36852779631023397 0.67765382965409759 -1.2111947877426148 -0.81054712145996111 4.802576543887497
leaf_weight=7136 60 45 174 57 87 48 73 72 56 50 69 88 87 814 441 59 104 129 319 64 109 5339
leaf_count=7136 60 45 174 57 87 48 73 72 56 50 69 88 87 814 441 59 104 129 319 64 109 5339
internal_value=-0.000145786 0.015409 0.0162118 -0.0170567 0.0047561 0.0133342 0.00632692 0.000391061 -0.00662429 -0.0014 -0.00208042 0.00151235 0.0109242 0.0144023 0.0125923 -0.00159091 0.0171576 0.0116403 0.0131078 -0.00664729 -0.0172972 0.0172526
internal_weight=15480 8063 7494 7417 569 1877 255 353 172 95 281 157 160 1622 808 116 5617 216 760 124 7245 5513
internal_count=15480 8063 7494 7417 569 1877 255 353 172 95 281 157 160 1622 808 116 5617 216 760 124 7245 5513
is_linear=0
shrinkage=0.035


Tree=4
num_leaves=23
num_cat=0
split_feature=9 9 9 9 24 21 20 24 23 11 24 11 21 20 3 3 20 9 20 11 11 6
split_gain=3319.62 59.7995 15.4154 15.2976 12.7254 7.07646 7.32338 3.91946 5.15875 3.74666 2.81159 2.01918 1.67372 1.23421 0.876991 0.747807 0.530987 0.441644 0.323403 0.201858 0.127353 0.0244361
threshold=5.1377390466676189 6.0501303267706303 4.6144343751486616 8.5037084278155728 4472.0000000000009 1.5000000000000002 16.500000000000004 4472.0000000000009 51350.000000000007 2.9064312337191436 7066.5000000000009 1.5898026693500447 2.5000000000000004 11.500000000000002 5.3595203124901198 5.8133709940375446 16.500000000000004 4.9555335968379453 9.5000000000000018 2.4078641832698486 2.4078641832698486 5.172349027628159
decision_type=2 2 2 2 2 2 2 2 2 2 2 2 2 2 2 2 2 2 2 2 2 2
left_child=2 5 -1 4 9 6 7 -2 -9 20 12 -6 13 -7 19 -11 18 -4 -13 -5 -3 -17
right_child=1 3 17 14 11 10 -8 8 -10 15 -12 16 -14 -15 -16 21 -18 -19 -20 -21 -22 -23
leaf_value=-1.5165917089575578 -1.1688029701716234 0.53497611234288078 -0.73591662915613087 1.8679875868897033 0.48875804600564976 0.19530764780426924 0.34231236435112211 1.0581720022026624 -0.85930577118508611 -0.062704467515675127 0.29996344628998695 0.64826785904968465 0.31427592217827088 -0.053668441500375794 4.7064327378372735 0.14297062024834578 0.74513023863655869 -0.032867980133221557 0.43826785904968457 1.9176316590408868 0.42822329625854666 0.27231657788006702
leaf_weight=7308 78 52 55 118 50 45 49 50 52 52 79 467 96 45 5024 52 743 54 365 396 58 51
leaf_count=7308 78 52 55 118 50 45 49 50 52 52 79 467 96 45 5024 52 743 54 365 396 58 51
internal_value=-0.000328467 0.0154204 -0.017151 0.0162051 0.0133443 0.00354208 -0.000897436 -0.00425676 0.000163551 0.00596296 0.00738889 0.0145153 0.00467277 0.000921053 0.0171653 0.0021875 0.0147532 -0.00368421 0.0135693 0.0148025 0.0108043 0.00388889
internal_weight=15339 7922 7417 7428 1890 494 229 180 102 265 265 1625 186 90 5538 155 1575 109 832 514 110 103
internal_count=15339 7922 7417 7428 1890 494 229 180 102 265 265 1625 186 90 5538 155 1575 109 832 514 110 103
is_linear=0
shrinkage=0.035


Tree=5
num_leaves=23
num_cat=0
split_feature=9 9 9 9 24 21 20 24 12 21 11 23 21 11 10 12 20 21 20 21 9 24
split_gain=3281.65 57.0372 20.1827 15.1172 11.2511 6.95726 6.17344 7.96118 5.76459 5.379 6.44021 5.29795 3.86564 3.02272 2.5496 1.59625 1.28496 0.955306 2.56462 0.864281 0.241933 0.160093
threshold=5.1377390466676189 6.0501303267706303 8.5037084278155728 4.6144343751486616 4472.0000000000009 1.5000000000000002 14.500000000000002 4472.0000000000009 2.5084880235492499 2.5000000000000004 2.980246285029104 51350.000000000007 3.5000000000000004 1.5544071024751493 2.6404048884099196 2.508496812003508 13.500000000000002 2.5000000000000004 16.500000000000004 2.5000000000000004 5.714900036625683 11523.000000000002
decision_type=2 2 2 2 2 2 2 2 2 2 2 2 2 2 2 2 2 2 2 2 2 2
left_child=3 5 4 21 9 6 7 -2 -5 10 -3 -9 -11 -6 20 -4 -14 18 -15 -16 -7 -1
right_child=1 2 15 8 13 14 -8 11 -10 12 -12 -13 16 17 19 -17 -18 -19 -20 -21 -22 -23
leaf_value=-1.5035440582642212 -1.1321147435199492 0.37734351161264923 1.8654828916488568 0.11787161670346109 0.44399005702452732 0.19425186699943042 0.26033143159883304 0.992862847423571 -0.9778873558967226 0.82782259341941733 -0.21200516749002882 -0.60280219030070925 0.32749510265505338 0.45385158938473541 -0.0055106747883565893 4.2947612190271292 0.0083346948670776667 0.71283598926628966 0.60588649452888277 0.32194029422258158 0.41194871330333982 -0.65851099914404299
leaf_weight=6860 83 45 136 54 47 77 46 52 61 73 59 53 49 404 50 5438 52 793 416 46 74 443
leaf_count=6860 83 45 136 54 47 77 46 52 61 73 59 53 49 404 50 5438 52 793 416 46 74 443
internal_value=-0.000324663 0.0152288 0.0159775 -0.0170851 0.0127805 0.00345679 -0.000805439 -0.00371762 -0.00408333 0.00599823 -0.00016055 0.00254545 0.00967877 0.0138844 0.0075 0.0170734 0.00462264 0.0141471 0.0128333 0.00259901 0.0103205 -0.0172845
internal_weight=15411 7993 7512 7418 1938 481 234 188 115 278 104 105 174 1660 247 5574 101 1613 820 96 151 7303
internal_count=15411 7993 7512 7418 1938 481 234 188 115 278 104 105 174 1660 247 5574 101 1613 820 96 151 7303
is_linear=0
shrinkage=0.035


Tree=6
num_leaves=23
num_cat=0
split_feature=9 9 24 9 21 9 20 12 21 21 20 22 11 22 12 7 11 21 20 9 21 9
split_gain=3248 53.2959 25.1642 15.3879 12.9789 8.9438 6.54729 4.72113 4.11713 2.86614 5.17371 2.69486 2.42333 2.79675 2.27667 2.3634 2.22949 2.26379 1.80872 1.63162 1.19454 0.833141
threshold=5.1377390466676189 8.3076717470484791 4472.0000000000009 4.6144343751486616 2.5000000000000004 5.8214332303014045 21.500000000000004 2.5084880235492499 1.5000000000000002 3.5000000000000004 11.500000000000002 52360.000000000007 2.5672879190624593 34795.000000000007 2.5373173121949115 16.431122448979597 1.4935927396067301 2.5000000000000004 18.500000000000004 5.714900036625683 3.5000000000000004 4.2361111111111116
decision_type=2 2 2 2 2 2 2 2 2 2 2 2 2 2 2 2 2 2 2 2 2 2
left_child=3 2 4 21 6 12 8 -5 -2 19 -11 14 13 -4 15 -3 -7 18 -18 -6 -19 -1
right_child=1 11 5 7 9 16 -8 -9 -10 10 -12 -13 -14 -15 -16 -17 17 20 -20 -21 -22 -23
leaf_value=-1.4249085063296487 -0.64498218969391241 0.35397011814101931 0.92730076590307087 0.12412146188805946 0.27335009797826254 0.49377328162354528 0.25963580532274971 -0.87967291333260333 0.014136488706206408 0.55118867299524466 -0.25966974436295476 0.51404497444979047 -0.03940637717671884 0.1132572607052552 4.1537291680359845 4.3631492500236666 0.40544120591565558 0.69813996436113046 0.55959659472638934 0.73226968995405817 0.59713450370078791 -0.63546311417400159
leaf_weight=7249 111 63 46 54 46 45 58 59 81 47 53 90 54 67 5492 77 463 483 340 80 297 113
leaf_count=7249 111 63 46 54 46 45 58 59 81 47 53 90 54 67 5492 77 463 483 340 80 297 113
internal_value=-0.000494248 0.01501 0.0104108 -0.0170742 0.00316528 0.0123083 -0.00226471 -0.00385593 -0.00541878 0.00916667 0.00416667 0.0168216 0.00427326 0.00711864 0.0169288 0.0112241 0.0131062 0.0133344 0.0116955 0.0126908 0.014914 -0.017272
internal_weight=15468 7993 2271 7475 476 1795 250 113 192 226 100 5722 167 113 5632 140 1628 1583 803 126 780 7362
internal_count=15468 7993 2271 7475 476 1795 250 113 192 226 100 5722 167 113 5632 140 1628 1583 803 126 780 7362
is_linear=0
shrinkage=0.035


Tree=7
num_leaves=23
num_cat=0
split_feature=9 9 9 9 12 21 22 12 25 9 11 8 21 20 12 11 12 25 25 21 20 20
split_gain=3192.01 58.3853 27.4599 15.0492 7.52585 4.85222 4.48248 4.33926 3.59758 4.69119 3.20442 3.3183 7.31187 2.96301 2.92873 2.74984 2.25843 1.71094 1.03324 0.992898 2.93427 3.23543
threshold=5.1377390466676189 6.0501303267706303 9.3912408410482708 4.6144343751486616 4.6258045893660116 2.5000000000000004 31488.000000000004 2.5084880235492499 277.00000000000006 5.5363286080542542 2.9064312337191436 8.2410379719891846 2.5000000000000004 16.500000000000004 2.5373173121949115 1.9793144565920449 2.3206546490501618 455.50000000000006 248.50000000000003 3.5000000000000004 10.500000000000002 16.500000000000004
decision_type=2 2 2 2 2 2 2 2 2 2 2 2 2 2 2 2 2 2 2 2 2 2
left_child=3 5 4 -1 6 8 10 -5 13 -10 -3 12 -12 14 -2 16 -8 19 -6 -17 -21 -22
right_child=1 2 -4 7 18 -7 15 -9 9 -11 11 -13 -14 -15 -16 17 -18 -19 -20 20 21 -23
leaf_value=-1.3609602515844905 0.30374457796973198 0.52203026419015719 4.4540640554799209 0.07474854144518138 0.28615900488782287 0.37062953030676776 0.1291888751340533 -0.8107712061717306 0.12487180363897069 -0.29569647355313144 -0.19981336919184636 0.61209224441498999 0.40637627657161685 0.20865546741869112 -0.18509439043899947 0.53825877216034435 0.78325877216034434 0.85805758575335789 -0.0020932321771630316 0.80132390759823846 0.057707221730928356 0.56947341016015862
leaf_weight=7306 101 132 5088 56 46 125 87 59 53 117 47 62 68 53 45 1154 65 369 59 145 75 126
leaf_count=7306 101 132 5088 56 46 125 87 59 53 117 47 62 68 53 45 1154 65 369 59 145 75 126
internal_value=-0.000520139 0.0147862 0.0155519 -0.017057 0.0124078 0.0030511 0.0128233 -0.00408333 0.000935829 -0.0027 0.00847134 0.005 0.00116667 0.00411765 0.00127483 0.0134576 0.00813694 0.0138581 0.00286364 0.0131279 0.0107194 0.00747573
internal_weight=15438 8017 7523 7421 2435 494 2330 115 369 170 309 177 115 199 146 2021 152 1869 105 1500 346 201
internal_count=15438 8017 7523 7421 2435 494 2330 115 369 170 309 177 115 199 146 2021 152 1869 105 1500 346 201
is_linear=0
shrinkage=0.035


Tree=8
num_leaves=23
num_cat=0
split_feature=9 9 24 9 21 9 20 12 12 24 11 9 11 22 20 22 21 4 7 3 21 20
split_gain=3130.18 59.5678 28.9488 14.6845 12.1637 9.79916 7.37046 4.75382 4.68155 4.41103 2.90751 2.74166 2.67494 3.44548 2.24122 2.22426 3.95705 4.70701 1.75946 1.66601 1.6629 3.94901
threshold=5.1377390466676189 10.000255712332782 4472.0000000000009 4.6144343751486616 2.5000000000000004 5.8214332303014045 23.500000000000004 4.800368077799912 2.5084880235492499 12965.500000000002 1.5281246137553179 5.8061224489795924 2.5672879190624593 34795.000000000007 25.500000000000004 31797.000000000004 1.5000000000000002 5.9680479807034317 9.8582976281961106 5.9112165349214569 3.5000000000000004 10.500000000000002
decision_type=2 2 2 2 2 2 2 2 2 2 2 2 2 2 2 2 2 2 2 2 2 2
left_child=3 2 4 -1 6 12 11 9 -5 10 -7 -2 13 -4 15 -12 17 -17 -18 -13 -6 -22
right_child=1 -3 5 8 20 7 -8 -9 -10 -11 14 19 -14 -15 -16 16 18 -19 -20 -21 21 -23
leaf_value=-1.3133815505778006 0.0072176082437318467 4.5431718135381232 0.86545529666446719 0.073284893248025909 0.55992286843467265 0.31942032024835759 0.34893799344904902 0.24635422992203887 -0.88449575425768545 0.81903203997855289 0.66950196073458168 -0.68599703378207244 -0.049462840374128667 0.021670507389057792 0.87225891953727408 0.11238961077845326 0.4365245973573042 0.29755232545966731 0.29601771871398175 -0.012748173004236208 0.38481885893172874 -0.039410150503053104
leaf_weight=7330 53 4689 52 55 126 51 46 83 57 524 464 111 56 65 304 142 826 86 87 56 45 71
leaf_count=7330 53 4689 52 55 126 51 46 83 57 524 464 111 56 65 304 142 826 86 87 56 45 71
internal_value=-0.000732579 0.0145518 0.0108615 -0.0170347 0.00310429 0.0122851 -0.00200185 0.0128324 -0.00403846 0.0131127 0.0122277 -0.00474444 0.00393258 0.00688525 0.012453 0.0117826 0.0107504 0.00623391 0.0118192 -0.0069186 0.00871457 0.00506198
internal_weight=15379 7937 3248 7442 508 2740 266 2567 112 2484 1960 220 173 117 1909 1605 1141 228 913 167 242 116
internal_count=15379 7937 3248 7442 508 2740 266 2567 112 2484 1960 220 173 117 1909 1605 1141 228 913 167 242 116
is_linear=0
shrinkage=0.035


Tree=9
num_leaves=23
num_cat=0
split_feature=8 8 24 8 12 5 20 22 23 23 22 22 11 20 22 25 12 24 7 24 7 8
split_gain=3055.2 64.3341 29.6047 16.6896 8.68613 7.57532 8.14287 8.35741 9.00851 15.4654 6.09427 13.9711 5.96543 3.23928 2.67947 2.2708 2.26972 1.92832 1.92173 1.25223 1.00405 1.1487
threshold=5.0056043956043963 10.027746129187973 4472.0000000000009 4.0036998727253499 2.5373173121949115 5.9272486772486781 15.500000000000002 31797.000000000004 60300.000000000007 51350.000000000007 39092.000000000007 22034.500000000004 2.8797713520158221 3.5000000000000004 52360.000000000007 831.00000000000011 3.8221179664495621 11523.000000000002 6.5816326530612255 12965.500000000002 6.0003021807474264 8.002826497466204
decision_type=2 2 2 2 2 2 2 2 2 2 2 2 2 2 2 2 2 2 2 2 2 2
left_child=3 2 4 17 13 6 7 -4 9 16 11 -5 -6 -2 -10 -3 20 -1 -14 -7 -9 -22
right_child=1 15 5 10 12 19 -8 8 14 -11 -12 -13 18 -15 -16 -17 -18 -19 -20 -21 21 -23
leaf_value=-1.330268907290854 -1.0492575458992999 4.4541608000642894 0.6881335300286352 -0.80505855684892125 0.37758473605288734 0.55296603678925282 0.61023005077894876 0.11741538504693957 0.64215745324872542 -1.1412434554100401 -0.49741319630757747 0.17896109837920079 -0.078461899278400513 0.056193793844939541 0.25213334577548996 0.63916080006428888 -0.044403785081249231 -0.52698935337678388 0.21422951321894426 0.86456063525972748 0.38013400455088336 0.091490384036514605
leaf_weight=6736 80 4629 126 75 128 1299 439 64 99 52 195 86 65 86 119 129 49 337 121 375 102 45
leaf_count=6736 80 4629 126 75 128 1299 439 64 99 52 195 86 65 86 119 129 49 337 121 375 102 45
internal_value=-0.000708341 0.0142848 0.0104441 -0.0168691 0.00234536 0.0118349 0.00941818 0.00680408 0.00474299 0.000828076 -0.00916205 -0.00379518 0.00576019 -0.00399123 0.0101233 0.0168901 0.00442453 -0.0172478 0.00155759 0.0133725 0.00599537 0.00759868
internal_weight=15436 8007 3249 7429 480 2769 1095 656 530 312 356 161 314 166 218 4758 260 7073 186 1674 211 147
internal_count=15436 8007 3249 7429 480 2769 1095 656 530 312 356 161 314 166 218 4758 260 7073 186 1674 211 147
is_linear=0
shrinkage=0.035


Tree=10
num_leaves=23
num_cat=0
split_feature=9 9 24 9 21 9 24 12 4 11 25 21 20 4 20 24 21 21 20 25 12 23
split_gain=3022.34 67.8799 28.6443 17.41 13.8775 8.60706 7.39738 5.99058 4.41069 3.84067 3.55876 3.46591 4.32046 3.28357 3.00881 2.99663 3.35779 3.33504 4.93146 6.86604 2.89667 2.73499
threshold=5.1377390466676189 10.262855816375051 4472.0000000000009 4.0299239409697059 2.5000000000000004 5.8214332303014045 11523.000000000002 4.6258045893660116 4.9547980748721674 1.5281246137553179 831.00000000000011 3.5000000000000004 12.500000000000002 5.0127769206881263 25.500000000000004 12965.500000000002 2.5000000000000004 3.5000000000000004 10.500000000000002 248.50000000000003 2.5084880235492499 51350.000000000007
decision_type=2 2 2 2 2 2 2 2 2 2 2 2 2 2 2 2 2 2 2 2 2 2
left_child=3 2 4 -1 8 -4 20 9 -2 -7 -3 -6 -13 -10 15 16 21 -18 -19 -20 -5 -11
right_child=1 10 5 6 11 7 -8 -9 13 14 -12 12 -14 -15 -16 -17 17 18 19 -21 -22 -23
leaf_value=-1.2258599071415091 0.18163373775365238 4.3682651720620393 0.18124024701279567 0.084082317827443312 0.57217966422294486 0.28888679775204112 -0.5011753147340442 0.22560990543883827 -0.67100295195476034 0.39587909473175859 0.5182560076333278 0.36385216590645558 -0.11389411905453543 -0.00055819626676516525 0.90380760117366443 0.71286249917467648 0.60550320545743275 0.73728477901953793 0.43694975498909527 -0.046362028520304154 -0.53511434942633118 0.11201528639526434
leaf_weight=7164 45 4524 181 88 134 57 149 139 126 637 51 47 59 90 393 463 477 175 169 58 49 154
leaf_count=7164 45 4524 181 88 134 57 149 139 126 637 51 47 59 90 393 463 477 175 169 58 49 154
internal_value=-0.000886679 0.0140763 0.0102926 -0.0169131 0.00249012 0.0116265 -0.00811856 0.0121223 -0.00302632 0.0125097 0.0168734 0.0085 0.00331081 -0.00514706 0.0127153 0.0120814 0.0112522 0.0128676 0.0101044 0.00633621 -0.00197183 0.00936558
internal_weight=15429 7979 3404 7450 501 2903 286 2722 261 2583 4575 240 106 216 2526 2133 1670 879 402 227 137 791
internal_count=15429 7979 3404 7450 501 2903 286 2722 261 2583 4575 240 106 216 2526 2133 1670 879 402 227 137 791
is_linear=0
shrinkage=0.035


Tree=11
num_leaves=23
num_cat=0
split_feature=9 9 9 9 24 24 12 21 3 21 12 20 24 24 24 20 12 20 22 20 21 20
split_gain=2995.11 68.7999 27.8013 18.58 9.41028 8.23144 6.1662 5.88914 4.54061 4.41646 3.93863 3.6441 2.80404 6.26466 2.76449 2.72048 2.54013 2.25586 1.97814 2.3848 6.17732 6.02294
threshold=5.1377390466676189 11.060317460317462 6.0501303267706303 4.0299239409697059 4472.0000000000009 11523.000000000002 4.6258045893660116 2.5000000000000004 5.3595203124901198 3.5000000000000004 2.1879075781792019 15.500000000000002 8120.5000000000009 10740.000000000002 12965.500000000002 19.500000000000004 2.5084880235492499 13.500000000000002 31797.000000000004 16.500000000000004 1.5000000000000002 9.5000000000000018
decision_type=2 2 2 2 2 2 2 2 2 2 2 2 2 2 2 2 2 2 2 2 2 2
left_child=3 2 8 -1 7 16 10 11 15 -9 -6 -4 -8 -14 18 -2 -5 -11 -12 20 -20 -22
right_child=1 -3 4 5 6 -7 12 9 -10 17 14 -13 13 -15 -16 -17 -18 -19 19 -21 21 -23
leaf_value=-1.1873611862765661 -0.083607395625405631 4.4253758910398675 -0.31284526589043887 0.068506796199726702 0.12761332689045463 -0.46571166413571513 0.94474258293485713 0.77375314951330776 0.14534952949327912 0.24581968535101786 0.70468622365328204 0.20267477020415167 -0.1780381870687883 0.32306890090488843 0.78537589103986749 0.23572199806858915 -0.51347726995641907 -0.0073066086865812355 0.096679245753416868 0.58497620103489645 0.52468379673343679 0.21011820371805529
leaf_weight=7175 270 4281 56 94 113 152 64 74 154 46 679 47 56 110 649 57 49 46 118 616 301 235
leaf_count=7175 270 4281 56 94 113 152 64 74 154 46 679 47 56 110 649 57 49 46 118 616 301 235
internal_value=-0.000930116 0.0139855 0.0104451 -0.0168492 0.0116213 -0.00793333 0.0122013 0.00510949 0.00252058 0.00910819 0.0126804 -0.0012963 0.00632979 0.00358187 0.0129687 0.000105422 -0.00165541 0.00342784 0.0121622 0.0111314 0.00937405 0.0109658
internal_weight=15442 7972 3691 7470 3210 295 2941 269 481 166 2711 103 230 166 2598 327 143 92 1949 1270 654 536
internal_count=15442 7972 3691 7470 3210 295 2941 269 481 166 2711 103 230 166 2598 327 143 92 1949 1270 654 536
is_linear=0
shrinkage=0.035


Tree=12
num_leaves=23
num_cat=0
split_feature=9 9 9 9 6 12 24 22 24 12 5 4 8 20 25 22 7 11 9 11 20 25
split_gain=2940.12 71.5747 29.7966 12.2636 8.67396 6.73696 5.70493 4.32852 3.88113 4.38767 3.07153 3.04081 4.67617 2.88429 3.56708 5.31497 4.09146 2.90324 2.18787 1.98971 1.33542 1.68006
threshold=4.9555335968379453 11.060317460317462 6.0501303267706303 3.7503880141252837 6.152141958849584 4.4984192253111397 3555.0000000000005 19263.000000000004 4472.0000000000009 2.009963825467882 5.9272486772486781 5.0127769206881263 13.203768832316007 25.500000000000004 277.00000000000006 31960.500000000004 6.1445103084033788 2.5672879190624593 6.8571475160156901 2.4991236372046255 16.500000000000004 191.00000000000003
decision_type=2 2 2 2 2 2 2 2 2 2 2 2 2 2 2 2 2 2 2 2 2 2
left_child=3 2 7 -1 5 8 -5 -2 18 -10 -7 12 -3 14 15 -9 19 -17 -4 -16 21 -11
right_child=1 11 4 6 -6 10 -8 13 9 20 -12 -13 -14 -15 16 17 -18 -19 -20 -21 -22 -23
leaf_value=-1.171391046282765 -1.0733380195468043 0.51545929601728746 0.46829098023180199 -0.10418591167907079 0.60168820992137118 -0.01300216023363035 -0.38497476751905002 0.73826760486853582 0.039842345428616713 0.24465089921724514 0.68133886551355949 4.4804877348534724 3.1999792391288682 0.30365318280033898 -0.22147177238159019 0.16171600634897648 0.41826888948926433 -0.029399088993548692 0.01620533835383128 0.033551247453452546 0.57230553518334282 0.41140958000220135
leaf_weight=6995 57 85 80 84 1636 118 335 51 53 127 48 3695 450 57 104 84 51 73 75 62 594 522
leaf_count=6995 57 85 80 84 1636 118 335 51 53 127 48 3695 450 57 104 84 51 73 75 62 594 522
internal_value=-0.00101661 0.013663 0.010135 -0.0169009 0.0113981 0.00947287 -0.0107311 0.00244485 0.0102404 0.010882 0.00255848 0.0168058 0.0137407 0.00355749 0.00244186 0.00566901 -0.000630631 0.00216049 0.00459375 -0.00337719 0.0113021 0.00984709
internal_weight=15436 8022 3792 7414 3253 1617 419 539 1451 1296 166 4230 535 482 425 208 217 157 155 166 1243 649
internal_count=15436 8022 3792 7414 3253 1617 419 539 1451 1296 166 4230 535 482 425 208 217 157 155 166 1243 649
is_linear=0
shrinkage=0.035


Tree=13
num_leaves=23
num_cat=0
split_feature=9 9 9 9 6 4 8 9 21 11 21 22 21 3 8 22 22 11 12 25 10 10
split_gain=2864.99 71.6019 24.941 18.855 12.4265 8.94903 7.64255 4.98615 4.89465 4.73613 4.28087 3.95766 3.86203 3.49254 3.9662 2.86466 2.66843 2.50444 3.67883 3.68321 1.8368 1.66749
threshold=5.1377390466676189 11.727127523016275 6.0501303267706303 3.7503880141252837 5.2614774216179452 5.172349027628159 9.985740888138297 4.6144343751486616 3.5000000000000004 4.2867749500021981 2.5000000000000004 31960.500000000004 3.5000000000000004 5.154761904761906 13.545737712266419 43337.000000000007 43337.000000000007 3.1132471299766293 2.508496812003508 277.00000000000006 1.7194019224728865 2.4976179127511347
decision_type=2 2 2 2 2 2 2 2 2 2 2 2 2 2 2 2 2 2 2 2 2 2
left_child=3 2 10 -1 5 6 9 -5 -6 20 17 -9 -7 14 -3 -14 -10 18 19 -2 -4 -12
right_child=1 13 4 7 8 12 -8 11 16 -11 21 -13 15 -15 -16 -17 -18 -19 -20 -21 -22 -23
leaf_value=-1.1303923596628682 0.23387828347557113 0.43127870189147377 0.16254316244322761 -0.37150065065588339 0.65871243672051527 0.53312357299162971 -0.084090791220429825 0.10511397422861415 0.33260788751946668 -0.026212723428718516 0.38449322877155628 -0.89671223956232748 0.042673105623937037 4.4255918219705146 2.6810964992418351 0.72821961668875757 0.72550000431266759 -0.1694615057379649 0.14105363303927038 -0.25095010517177269 0.31977482763180259 0.14912580066240497
leaf_weight=6945 107 45 47 361 1567 634 94 55 320 90 72 57 95 3684 245 54 240 48 91 118 363 60
leaf_count=6945 107 45 47 361 1567 634 94 55 320 90 72 57 95 3684 245 54 240 48 91 118 363 60
internal_value=-0.00103316 0.0135258 0.0101854 -0.0166843 0.0112261 0.00853473 0.00517112 -0.00966527 0.0129362 0.00689604 0.00275948 -0.00284188 0.0110152 0.0168667 0.0123983 0.00545455 0.00981858 0.000711382 0.0019081 -0.000456522 0.0084759 0.00804745
internal_weight=15392 7974 4000 7418 3504 1377 594 473 2127 500 496 112 783 3974 290 149 560 364 316 225 410 132
internal_count=15392 7974 4000 7418 3504 1377 594 473 2127 500 496 112 783 3974 290 149 560 364 316 225 410 132
is_linear=0
shrinkage=0.035


Tree=14
num_leaves=23
num_cat=0
split_feature=9 9 24 9 5 21 24 22 21 12 3 5 24 3 7 21 21 8 9 9 1 22
split_gain=2785.27 76.6326 26.1873 20.7747 12.7713 10.7429 7.56703 6.50237 9.06467 5.93044 5.33076 5.12576 4.90762 4.38696 4.45953 3.49012 3.12342 3.06043 2.47237 2.35145 2.1216 1.99527
threshold=5.1377390466676189 11.727127523016275 4472.0000000000009 4.0299239409697059 6.1148057525490485 2.5000000000000004 11523.000000000002 31797.000000000004 1.5000000000000002 4.3046812472089746 5.9112165349214569 4.8705795993534231 11523.000000000002 5.154761904761906 15.002551020408164 3.5000000000000004 3.5000000000000004 5.6470832654320153 6.2397892490499585 5.8061224489795924 6.9904008156964954 47334.500000000007
decision_type=2 2 2 2 2 2 2 2 2 2 2 2 2 2 2 2 2 2 2 2 2 2
left_child=3 2 5 12 7 11 -5 -4 9 10 -9 -2 -1 14 -3 -6 19 -13 -10 -7 -19 -11
right_child=1 13 4 6 15 16 -8 8 18 21 -12 17 -14 -15 -16 -17 -18 20 -20 -21 -22 -23
leaf_value=-1.0908286270746677 0.2930797535004524 0.42850808581064614 0.6127739713098932 -0.025346714205258219 0.62561572884838224 0.096650207766734414 -0.43880402072752289 0.061448212740340583 0.094577309869792903 -0.16586964275974972 0.3465300698005731 0.065035867034564959 -0.37955473402828871 4.2737749503646318 3.0072581217683707 0.52446480652034633 0.14267600135893027 -0.4043990423156571 0.48333252513503011 0.62089336911827953 -0.076878865546355729 0.0079835356980690626
leaf_weight=6773 51 78 308 140 1493 46 154 206 114 56 239 50 318 3696 213 473 118 119 580 83 46 53
leaf_count=6773 51 78 308 140 1493 46 154 206 114 56 239 50 318 3696 213 473 118 119 580 83 46 53
internal_value=-0.00108552 0.0131877 0.00975495 -0.0165907 0.0108314 0.0022973 -0.007199 0.00837444 0.0071648 0.0037254 0.00552222 -0.00251845 -0.0169722 0.0166408 0.0118243 0.012741 0.0075 -0.00493182 0.00983906 0.0112313 -0.00720588 -0.00337719
internal_weight=15407 8022 4035 7385 3522 513 294 1556 1248 554 445 266 7091 3987 291 1966 247 215 694 129 165 109
internal_count=15407 8022 4035 7385 3522 513 294 1556 1248 554 445 266 7091 3987 291 1966 247 215 694 129 165 109
is_linear=0
shrinkage=0.035


Tree=15
num_leaves=23
num_cat=0
split_feature=9 9 9 9 6 20 22 22 5 20 7 23 5 25 25 25 12 23 9 20 20 20
split_gain=2766.88 78.6321 25.103 22.5477 10.8206 9.73803 6.32207 8.20839 5.31396 4.97028 3.73309 3.6395 3.67879 3.42294 5.09317 5.21818 3.6651 3.26602 2.66407 2.59814 4.49568 3.04545
threshold=5.1377390466676189 11.926421442748618 6.0501303267706303 3.7503880141252837 5.2614774216179452 18.500000000000004 24335.000000000004 22034.500000000004 5.172349027628159 9.5000000000000018 9.575742840367413 62950.000000000007 6.9747745027976142 831.00000000000011 248.50000000000003 210.50000000000003 3.5001385572150507 21250.000000000004 13.312221499828377 26.500000000000004 9.5000000000000018 15.500000000000002
decision_type=2 2 2 2 2 2 2 2 2 2 2 2 2 2 2 2 2 2 2 2 2 2
left_child=3 2 17 -1 5 8 7 -5 10 -10 13 18 -13 14 15 16 -4 -2 -3 20 -6 -22
right_child=1 11 4 6 19 -7 -8 -9 9 -11 -12 12 -14 -15 -16 -17 -18 -19 -20 -21 21 -23
leaf_value=-1.0526496251270545 -0.92769783089887869 1.2891928271018696 0.28920578622643012 -0.56358912549287199 0.64165737954554447 0.54362244206000632 -0.33543517991859312 0.16199699852546037 0.55460050605071909 0.22712962749256912 -0.03092252487853344 0.097412723739174409 0.67669282710186951 0.49273827561504069 -0.02840244575266752 0.50992245928712066 -0.033084267905731976 0.099417722505870082 4.4391928271018699 1.0166581766924052 0.28243545641486095 0.54464136125889329
leaf_weight=6943 45 391 91 63 667 530 356 66 132 155 131 46 63 54 143 87 78 439 3447 303 449 793
leaf_count=6943 45 391 91 63 667 530 356 66 132 155 131 46 63 54 143 87 78 439 3447 303 449 793
internal_value=-0.0011228 0.0130951 0.00966724 -0.0165206 0.0106703 0.00816501 -0.009 -0.00208955 0.00579338 0.0097089 0.00377334 0.0166321 0.00921053 0.00527293 0.00398515 0.00690613 0.00301724 0.00211145 0.016826 0.0122271 0.0116301 0.0102306
internal_weight=15472 8044 4097 7428 3613 1401 485 129 871 287 584 3947 109 453 399 256 169 484 3838 2212 1909 1242
internal_count=15472 8044 4097 7428 3613 1401 485 129 871 287 584 3947 109 453 399 256 169 484 3838 2212 1909 1242
is_linear=0
shrinkage=0.035


Tree=16
num_leaves=23
num_cat=0
split_feature=8 8 24 8 6 20 22 21 21 24 8 20 4 20 24 21 20 25 25 22 4 22
split_gain=2666.85 85.6267 28.8253 16.9826 14.1715 11.4578 10.593 10.1252 8.17344 8.10525 7.91205 7.22556 5.39835 4.83502 4.48796 3.89038 6.89179 3.72375 4.21578 3.42258 2.90307 2.90187
threshold=5.0056043956043963 13.000357142857146 4472.0000000000009 3.9504968114988048 6.152141958849584 17.500000000000004 31797.000000000004 2.5000000000000004 1.5000000000000002 11523.000000000002 6.2169130934036625 24.500000000000004 4.9547980748721674 10.500000000000002 12965.500000000002 3.5000000000000004 10.500000000000002 831.00000000000011 200.00000000000003 46389.000000000007 5.4734877778898161 43337.000000000007
decision_type=2 2 2 2 2 2 2 2 2 2 2 2 2 2 2 2 2 2 2 2 2 2
left_child=3 2 7 9 5 6 -4 12 17 -1 -10 -5 -2 -12 -3 -9 -17 18 21 -15 -14 -8
right_child=1 14 4 11 -6 -7 8 15 10 -11 13 -13 20 19 -16 16 -18 -19 -20 -21 -22 -23
leaf_value=-1.0508068882476076 0.22399016050457754 4.1824718960243983 0.55405832210263883 -0.43989971509086928 0.62119549732663737 0.55931206155344326 -0.030756536631707833 0.4831483584989037 -0.16534871717987742 -0.33758070111470057 0.48202345780713785 0.11756021514636822 -0.47191503532859297 -0.022292910188006235 0.46885089343412623 0.37075454372516214 -0.19116436524824373 0.21967531869300766 -0.128711815975838 0.25428150683195233 -0.0045854524020059991 0.92309548350072557
leaf_weight=6724 48 3543 238 359 2003 756 63 117 71 294 212 53 138 82 71 46 73 73 224 86 83 45
leaf_count=6724 48 3543 238 359 2003 756 63 117 71 294 212 53 138 82 71 46 73 73 224 86 83 45
internal_value=-0.00129373 0.0127614 0.00942986 -0.0163749 0.0104601 0.00817925 0.0058121 0.0015098 0.00392276 -0.0167873 0.00713816 -0.00919065 -0.00306569 0.00913636 0.0167553 0.00675311 0.00197581 0.000256098 -0.00129822 0.00434971 -0.00542035 0.00418142
internal_weight=15402 7972 4358 7430 3853 1850 1094 505 856 7018 451 412 269 380 3614 236 119 405 332 168 221 108
internal_count=15402 7972 4358 7430 3853 1850 1094 505 856 7018 451 412 269 380 3614 236 119 405 332 168 221 108
is_linear=0
shrinkage=0.035


Tree=17
num_leaves=23
num_cat=0
split_feature=9 9 24 9 5 21 20 22 21 20 20 23 23 12 21 20 12 20 12 9 21 20
split_gain=2642.49 87.8955 27.4057 20.9089 12.4708 11.2504 8.24508 8.41664 8.97199 7.74716 7.1295 6.39248 5.64034 6.17332 4.52606 8.82312 3.89409 3.72888 3.66306 3.61005 3.56277 5.41525
threshold=5.1377390466676189 12.532844179123261 4472.0000000000009 3.6794790703574112 6.7982669905140449 2.5000000000000004 18.500000000000004 31797.000000000004 1.5000000000000002 24.500000000000004 23.500000000000004 62950.000000000007 41450.000000000007 2.4815453541447932 3.5000000000000004 9.5000000000000018 4.3046812472089746 16.500000000000004 2.2535296985471489 2.5357338073371021 3.5000000000000004 11.500000000000002
decision_type=2 2 2 2 2 2 2 2 2 2 2 2 2 2 2 2 2 2 2 2 2 2
left_child=3 2 5 19 6 10 7 -4 16 -5 -2 -3 -10 -14 18 -16 -9 -17 -6 -1 -7 -22
right_child=1 11 4 9 14 20 -8 8 12 -11 -12 -13 13 -15 15 17 -18 -19 -20 -21 21 -23
leaf_value=-1.2305349375947323 -0.19555299658577327 3.9274345617924507 0.47578450024035651 -0.36076537657568591 0.068237036100814247 0.43538487452019842 0.51825934565730758 0.12158506193427969 0.030980505050335838 0.017492976509447439 0.21489175370391636 0.30303924327966009 0.0038501062652334999 0.41345588506391595 0.90012194976198545 0.051543773649580946 -0.10808448974477963 0.4235841419364097 0.61694748958797418 -0.5615770914214151 0.3577781346947817 -0.13944033146147844
leaf_weight=4786 225 3664 260 445 54 128 508 321 115 81 48 74 62 284 175 128 106 198 1516 2188 46 62
leaf_count=4786 225 3664 260 445 54 128 508 321 115 81 48 74 62 284 175 128 106 198 1516 2188 46 62
internal_value=-0.00136911 0.0126529 0.00917295 -0.0162781 0.010213 0.00149805 0.00787026 0.00614701 0.00444849 -0.00932674 -0.00327338 0.0165743 0.00781116 0.0100214 0.0120544 0.00885375 0.000729167 0.00523414 0.0130333 -0.0167929 0.00704357 0.00201327
internal_weight=15474 7974 4236 7500 3727 509 1656 1148 888 526 273 3738 461 346 2071 501 427 326 1570 6974 236 108
internal_count=15474 7974 4236 7500 3727 509 1656 1148 888 526 273 3738 461 346 2071 501 427 326 1570 6974 236 108
is_linear=0
shrinkage=0.035


Tree=18
num_leaves=23
num_cat=0
split_feature=7 7 7 5 3 12 6 24 20 24 22 10 24 3 20 20 22 20 20 21 20 11
split_gain=2467.67 96.498 38.2721 28.8546 15.4158 14.735 8.15323 8.13417 7.07675 6.17386 6.20542 6.04947 5.3927 5.38023 5.10282 3.97365 3.36636 3.23101 3.02811 6.8547 5.76014 3.97773
threshold=5.0043161206207767 12.004964222543288 3.8580005089438769 5.8026567083232594 5.3595203124901198 2.5638158698470939 5.0238095238095246 4472.0000000000009 9.5000000000000018 4472.0000000000009 31797.000000000004 2.8199966227605611 10081.000000000002 5.7048596889145831 21.500000000000004 24.500000000000004 19263.000000000004 19.500000000000004 9.5000000000000018 3.5000000000000004 16.500000000000004 3.3840127707943251
decision_type=2 2 2 2 2 2 2 2 2 2 2 2 2 2 2 2 2 2 2 2 2 2
left_child=2 3 12 4 6 14 9 8 -5 -2 -11 -7 -1 16 -4 18 -3 -10 -9 -20 -21 -22
right_child=1 13 5 7 -6 11 -8 15 17 10 -12 -13 -14 -15 -16 -17 -18 -19 19 20 21 -23
leaf_value=-0.97214252817918534 -0.47658154600195524 3.3027856125343238 -0.39202125377126568 0.40756652225369222 0.33079956285304268 0.10865525415969018 0.31393055139549997 0.53975900361737406 -0.14622642422000717 0.63781300104227678 -0.031286331392759659 -0.26636226045211181 -0.35566919993348395 3.7525294363582309 -0.092987553914659765 0.79586818374742296 0.7835508074680021 0.21042485963955382 0.44922086585153348 -0.081384748744664004 0.042895361996844419 0.53881579310511907
leaf_weight=6623 148 101 321 56 927 131 127 616 66 64 304 55 314 3609 68 509 162 69 825 100 64 141
leaf_count=6623 148 101 321 56 927 131 127 616 66 64 304 55 314 3609 68 509 162 69 825 100 64 141
internal_value=-0.00146203 0.0122054 -0.0158145 0.00837789 0.00463333 -0.007 0.000432099 0.0107599 0.00357143 -0.00151152 0.000891421 0.00100785 -0.016537 0.0161549 -0.0108376 0.0113518 0.010709 -0.00075 0.010444 0.00920485 0.00451613 0.00783333
internal_weight=15400 7888 7512 4016 1570 575 643 2446 191 516 368 186 6937 3872 389 2255 263 135 1746 1130 305 205
internal_count=15400 7888 7512 4016 1570 575 643 2446 191 516 368 186 6937 3872 389 2255 263 135 1746 1130 305 205
is_linear=0
shrinkage=0.035


Tree=19
num_leaves=23
num_cat=0
split_feature=9 9 9 9 20 6 20 21 24 23 21 20 23 21 20 21 20 12 25 25 23 24
split_gain=2490.59 106 28.0034 14.5021 11.6563 10.1937 8.173 13.7565 7.22208 6.81546 6.29812 5.74483 5.17665 4.74852 7.79319 4.43692 4.05792 5.72846 3.90037 5.53409 4.38432 4.57666
threshold=4.6144343751486616 13.720201117958425 6.0501303267706303 3.1811937276162703 24.500000000000004 5.9323336949891461 9.5000000000000018 3.5000000000000004 11523.000000000002 21250.000000000004 2.5000000000000004 16.500000000000004 62950.000000000007 1.5000000000000002 10.500000000000002 2.5000000000000004 25.500000000000004 1.7273547721659368 807.00000000000011 248.50000000000003 51350.000000000007 5252.0000000000009
decision_type=2 2 2 2 2 2 2 2 2 2 2 2 2 2 2 2 2 2 2 2 2 2
left_child=3 2 8 -1 5 11 -7 10 9 -2 -8 13 -3 18 -15 -5 17 -17 19 20 21 -4
right_child=1 12 4 15 -6 6 7 -9 -10 -11 -12 -13 -14 14 -16 16 -18 -19 -20 -21 -22 -23
leaf_value=-0.98524698953727419 -0.97916631262746268 3.9736358218571772 0.016745118735142662 -0.43680188963396804 0.735032904691033 0.6245971191770564 0.27771659745838756 0.1631833214451433 -0.80804710444297856 0.10519379552165022 0.73803162226174379 0.43768929391737182 0.19292114216428774 0.41943086618883152 0.045803913199705379 -0.1265903772353339 -0.065962748045331157 -0.36040464238057429 0.21758985002458439 -0.12883311011958976 -0.14252658119415387 0.60525357069327856
leaf_weight=6304 54 3274 96 472 754 763 440 401 48 493 436 474 53 209 160 80 60 419 83 146 55 109
leaf_count=6304 54 3274 96 472 754 763 440 401 48 493 436 474 53 209 160 80 60 419 83 146 55 109
internal_value=-0.0014989 0.0119412 0.00854634 -0.0162459 0.00956972 0.00864895 0.0102262 0.00840874 0.0014 0.00259964 0.0108655 0.0061911 0.0167332 0.00440035 0.00739305 -0.0121959 -0.00980496 -0.0108333 0.00205466 0.000553528 0.00363208 0.006
internal_weight=15383 8048 4721 7335 4126 3372 2040 1277 595 547 876 1332 3327 858 369 1031 559 499 489 406 260 205
internal_count=15383 8048 4721 7335 4126 3372 2040 1277 595 547 876 1332 3327 858 369 1031 559 499 489 406 260 205
is_linear=0
shrinkage=0.035


Tree=20
num_leaves=23
num_cat=0
split_feature=9 9 9 9 20 24 23 5 21 20 24 21 21 20 10 23 12 23 9 12 3 20
split_gain=2420.87 112.076 29.2648 18.1961 14.1386 10.5417 10.0161 8.30639 7.76479 14.9738 6.65828 8.24118 5.52861 6.52851 4.76337 4.66185 6.21167 6.29711 5.2828 4.62013 4.60742 4.1634
threshold=4.6144343751486616 13.720201117958425 6.2397892490499585 3.1811937276162703 24.500000000000004 4472.0000000000009 62950.000000000007 6.8416666666666677 3.5000000000000004 9.5000000000000018 11523.000000000002 2.5000000000000004 2.5000000000000004 24.500000000000004 3.3594217189442355 39000.000000000007 4.6258045893660116 46750.000000000007 8.3076717470484791 1.7273547721659368 5.3595203124901198 23.500000000000004
decision_type=2 2 2 2 2 2 2 2 2 2 2 2 2 2 2 2 2 2 2 2 2 2
left_child=3 2 10 -1 5 -4 20 15 -9 -10 11 21 -5 19 -11 -7 17 18 -17 -14 -3 -2
right_child=1 6 4 12 -6 7 -8 8 9 14 -12 -13 13 -15 -16 16 -18 -19 -20 -21 -22 -23
leaf_value=-0.94385664476919229 -0.05084088722840243 2.3050510135429865 0.03592976357816284 -0.43155605130289465 0.74228664565207703 0.50126713905615661 0.047947953604059922 0.5502692964473348 0.92493021800110553 0.33587413790026771 -0.79433096854616847 0.30316054677009513 -0.15669054441539809 -0.036327436726194408 -0.090278024625797079 0.15290901161897269 -0.052039441612316759 0.39081763867937258 -0.32317827723093606 -0.35273429798960043 3.9395585680921759 0.13328597921147148
leaf_weight=6273 393 225 195 482 731 302 52 1201 204 157 48 187 86 91 179 301 156 437 49 423 3085 92
leaf_count=6273 393 225 195 482 731 302 52 1201 204 157 48 187 86 91 179 301 156 437 49 423 3085 92
internal_value=-0.001582 0.0117462 0.00819334 -0.0160686 0.00938665 0.00833804 0.0166164 0.00885239 0.0104439 0.00677523 0.00166552 0.00261078 -0.0117042 -0.00922727 0.00210411 0.00658 0.00527954 0.0065404 0.00290845 -0.0107588 0.016856 0.000142857
internal_weight=15349 7994 4632 7355 3912 3181 3362 2986 1741 540 720 672 1082 600 336 1245 943 787 350 509 3310 485
internal_count=15349 7994 4632 7355 3912 3181 3362 2986 1741 540 720 672 1082 600 336 1245 943 787 350 509 3310 485
is_linear=0
shrinkage=0.035


Tree=21
num_leaves=23
num_cat=0
split_feature=9 9 24 9 6 20 22 9 23 25 9 12 20 25 8 20 9 20 11 12 24 9
split_gain=2369.38 111.134 26.3754 19.446 15.6487 11.5797 9.58718 8.01352 6.98986 5.90247 5.31481 4.95251 4.84265 4.49159 7.59543 4.47533 3.71667 3.43912 3.37779 3.24048 3.11568 5.26095
threshold=4.9555335968379453 13.898167688792691 4472.0000000000009 2.5357338073371021 5.9323336949891461 17.500000000000004 31797.000000000004 3.6794790703574112 62950.000000000007 430.00000000000006 5.8061224489795924 4.3046812472089746 24.500000000000004 421.00000000000006 14.280550660809697 26.500000000000004 8.9281484389793651 26.500000000000004 5.1139579793748515 2.508496812003508 12965.500000000002 9.4949794085136343
decision_type=2 2 2 2 2 2 2 2 2 2 2 2 2 2 2 2 2 2 2 2 2 2
left_child=3 2 9 -1 5 6 -4 17 19 -2 -8 20 -9 14 16 -11 -6 -5 -15 -3 -12 -22
right_child=1 8 4 7 13 -7 10 12 -10 15 11 -13 -14 18 -16 -17 -18 -19 -20 -21 21 -23
leaf_value=-1.101324086442383 -1.0791363623749324 1.9618742280689818 0.48649181555931081 -0.48042305437481958 0.3118340304486254 0.42468504158551751 -0.22335478497931804 -0.30700822173467418 0.14915339976217071 0.039340296433441224 0.10865187244030701 -0.091676190728229162 -0.029867678088162663 0.71234291073119238 -0.10400185581536478 0.46568421308340735 0.68557351168000646 -0.2978298332721942 0.51974067310231165 3.76667401820895 0.62233931758457661 -0.00019036886552711965
leaf_weight=4724 53 74 229 1938 969 662 47 413 50 440 441 153 76 671 54 49 760 218 85 3125 77 45
leaf_count=4724 53 74 229 1938 969 662 47 413 50 440 441 153 76 671 54 49 760 218 85 3125 77 45
internal_value=-0.00158842 0.0116163 0.00817405 -0.0158957 0.00911267 0.00640295 0.00394935 -0.0133925 0.0166073 0.000863803 0.00200521 0.00279126 -0.00906883 0.010855 0.00978747 0.00212551 0.0101932 -0.0143417 0.0132687 0.0168118 0.00431338 0.00923228
internal_weight=15353 7984 4735 7369 4193 1654 992 2645 3249 542 763 716 489 2539 1783 489 1729 2156 756 3199 563 122
internal_count=15353 7984 4735 7369 4193 1654 992 2645 3249 542 763 716 489 2539 1783 489 1729 2156 756 3199 563 122
is_linear=0
shrinkage=0.035


Tree=22
num_leaves=23
num_cat=0
split_feature=9 9 9 9 20 5 20 20 20 4 9 3 7 23 9 7 22 24 9 4 11 8
split_gain=2319 119.692 27.9481 23.2658 17.342 12.4051 8.52519 8.22493 6.89698 5.77204 4.92393 4.84649 4.43548 4.33216 4.0483 3.7342 3.72438 11.6584 3.58436 3.19051 2.79596 2.77426
threshold=4.9555335968379453 14.462912087912089 6.2397892490499585 2.6422888473493016 24.500000000000004 6.8416666666666677 24.500000000000004 9.5000000000000018 16.500000000000004 5.0127769206881263 3.6794790703574112 5.7048596889145831 9.575742840367413 21250.000000000004 3.7503880141252837 11.144966344609683 31960.500000000004 4472.0000000000009 6.9496246332794014 4.9547980748721674 3.6497014495350357 7.0000093177456657
decision_type=2 2 2 2 2 2 2 2 2 2 2 2 2 2 2 2 2 2 2 2 2 2
left_child=3 2 13 -1 5 9 10 -7 -9 12 -5 -3 20 -2 -8 -14 17 19 21 -15 -4 -11
right_child=1 11 4 6 -6 7 14 8 -10 18 -12 -13 15 16 -16 -17 -18 -19 -20 -21 -22 -23
leaf_value=-1.0396199370204151 -0.84859545874993392 2.0231545581529349 0.21269205162187796 -0.45868691662786465 0.72237943358184875 0.61730558837519889 -0.29086425045965175 0.20086469435506163 0.48045113437852865 0.37559973834094562 -0.28176231671100482 3.79002688997398 -0.14484712167027725 0.28637110316146486 -0.0056488163615329521 0.20364668383147783 -0.0070253967372172002 0.48473140185839181 0.38137053532459791 -0.032827783610388087 0.072514647561663426 -0.050038295429883993
leaf_weight=4929 48 232 252 1585 771 700 347 519 785 82 394 2961 101 74 66 118 298 84 649 163 175 50
leaf_count=4929 48 232 252 1585 771 700 347 519 785 82 394 2961 101 74 66 118 298 84 649 163 175 50
internal_value=-0.0014716 0.0114736 0.00799959 -0.0157275 0.00905574 0.00795547 -0.0127983 0.00974739 0.00800802 0.00540154 -0.0137777 0.0167448 0.00287634 0.00130208 -0.00795455 -0.00109375 0.00213141 0.00472393 0.00743639 0.000578512 0.00494213 0.00191606
internal_weight=15383 8062 4869 7321 4202 3431 2392 2004 1304 1427 1979 3193 646 667 413 219 619 321 781 237 427 132
internal_count=15383 8062 4869 7321 4202 3431 2392 2004 1304 1427 1979 3193 646 667 413 219 619 321 781 237 427 132
is_linear=0
shrinkage=0.035


Tree=23
num_leaves=23
num_cat=0
split_feature=9 9 9 9 20 5 21 20 20 20 21 22 24 21 12 21 9 22 9 12 22 20
split_gain=2256.31 133.458 32.0172 22.3485 16.0143 10.8425 9.19538 15.2313 8.78991 7.81396 6.41078 5.4866 10.9374 4.99167 4.86015 4.80096 4.75753 4.67055 4.35631 3.54206 2.86191 2.71458
threshold=4.6144343751486616 14.462912087912089 6.2397892490499585 2.6422888473493016 25.500000000000004 6.8416666666666677 3.5000000000000004 10.500000000000002 26.500000000000004 17.500000000000004 2.5000000000000004 31960.500000000004 4472.0000000000009 2.5000000000000004 3.1227165101146142 2.5000000000000004 8.9281484389793651 22034.500000000004 3.7503880141252837 2.7688746209726927 33201.500000000007 16.500000000000004
decision_type=2 2 2 2 2 2 2 2 2 2 2 2 2 2 2 2 2 2 2 2 2 2
left_child=3 2 11 -1 5 21 10 -8 18 -9 16 12 17 -10 15 -13 19 -2 -5 -7 -21 -4
right_child=1 -3 4 8 -6 6 7 9 13 -11 -12 14 -14 -15 -16 -17 -18 -19 -20 20 -22 -23
leaf_value=-1.0044832678349302 -0.95981436161163636 3.5458235372483546 0.16993321618937068 -0.4399609842871004 0.7665024891645128 0.36182515793973929 0.75501144173960444 -0.13435520842943696 -0.39867380202517683 0.32086674727261827 0.6704334647392568 -0.085915973105465726 0.51417741996489696 -0.015346035289900152 -0.41978618852483268 0.28782724021341377 0.49781854736866354 0.058954702766023326 -0.25385101275498773 -0.074656893110001024 0.2071917971206618 0.37660964382148149
leaf_weight=4996 51 3156 1048 1765 635 100 253 183 126 224 636 222 84 106 45 73 485 263 312 96 122 450
leaf_count=4996 51 3156 1048 1765 635 100 253 183 126 224 636 222 84 106 45 73 485 263 312 96 122 450
internal_value=-0.00160307 0.011082 0.00748894 -0.0157141 0.0086612 0.00772488 0.00936549 0.00581579 -0.0127658 0.00152913 0.0109557 0.000730148 0.00351737 -0.00598101 -0.00248551 -0.0007 0.00870668 0.000384013 -0.013499 0.00514706 0.00243274 0.00539088
internal_weight=15431 8126 4970 7305 4232 3597 2099 660 2309 407 1439 738 398 232 340 295 803 314 2077 318 218 1498
internal_count=15431 8126 4970 7305 4232 3597 2099 660 2309 407 1439 738 398 232 340 295 803 314 2077 318 218 1498
is_linear=0
shrinkage=0.035


Tree=24
num_leaves=23
num_cat=0
split_feature=9 9 9 4 9 6 20 21 20 9 20 9 3 20 21 24 22 24 24 8 21 22
split_gain=2228.19 117.039 28.9988 28.9031 15.104 13.0164 10.0231 8.40894 9.98226 6.61407 6.09361 5.88887 5.87385 5.62834 7.05459 7.49328 5.72861 5.53496 4.41372 4.28901 3.93596 3.78078
threshold=5.1377390466676189 15.513274814546774 2.6071448546910281 5.9680479807034317 9.2861832611832629 6.152141958849584 24.500000000000004 3.5000000000000004 10.500000000000002 4.6144343751486616 19.500000000000004 3.7503880141252837 5.7048596889145831 9.5000000000000018 1.5000000000000002 4472.0000000000009 31797.000000000004 4472.0000000000009 7066.5000000000009 9.8586007145034475 2.5000000000000004 16785.000000000004
decision_type=2 2 2 2 2 2 2 2 2 2 2 2 2 2 2 2 2 2 2 2 2 2
left_child=2 3 -1 5 17 13 9 -6 -9 -4 18 20 21 14 15 -2 -17 -5 -10 -19 -8 -3
right_child=1 12 6 4 7 -7 11 8 10 -11 -12 -13 -14 -15 -16 16 -18 19 -20 -21 -22 -23
leaf_value=-0.96932635346070772 -0.81177829458886686 3.307621178570201 -0.40703123022608401 0.075599656550450478 0.78363242299949276 0.32358985081025354 -0.39756224242087562 1.045472009698196 -0.27808269181386991 -0.15909777130282463 0.40084398943908678 0.081395108947680525 3.6718739621794012 0.18885306371980776 0.34775039640270861 0.54697374729618042 -0.12458031787434522 0.30847271608939558 0.26674059331689326 -0.0782211318655293 -0.12970736288139523 0.89722432975210364
leaf_weight=4900 96 78 1975 223 1351 373 189 171 76 102 150 69 2731 569 125 86 266 1480 91 50 170 120
leaf_count=4900 96 78 1975 223 1351 373 189 171 76 102 150 69 2731 569 125 86 266 1480 91 50 170 120
internal_value=-0.00155671 0.0112017 -0.0154028 0.00798318 0.00969627 0.00389145 -0.012257 0.0119387 0.00777383 -0.0132805 0.00391304 -0.00715358 0.0167843 0.00199869 -0.000423875 -0.00251104 -4.90196e-05 0.0073066 -0.000610465 0.00806026 -0.00894231 0.0102586
internal_weight=15441 8036 7405 5107 3592 1515 2505 1839 488 2077 317 428 2929 1142 573 448 352 1753 167 1530 359 198
internal_count=15441 8036 7405 5107 3592 1515 2505 1839 488 2077 317 428 2929 1142 573 448 352 1753 167 1530 359 198
is_linear=0
shrinkage=0.035


Tree=25
num_leaves=23
num_cat=0
split_feature=9 9 9 9 20 21 20 21 21 20 21 23 20 20 9 21 27 9 22 12 12 12
split_gain=2146.58 132.147 31.164 29.5529 15.5278 17.6332 14.4648 14.5825 9.66293 8.39399 6.55779 5.87488 6.52299 5.72514 5.47058 5.42278 5.52199 5.23757 4.63894 4.58117 4.22876 4.35043
threshold=4.6144343751486616 15.513274814546774 6.9496246332794014 2.4643052359085309 17.500000000000004 1.5000000000000002 10.500000000000002 3.5000000000000004 3.5000000000000004 25.500000000000004 2.5000000000000004 62950.000000000007 6.5000000000000009 18.500000000000004 9.5893784702334361 2.5000000000000004 3.5000000000000004 5.5363286080542542 33201.500000000007 7.1843557144086043 3.0964443656071725 2.508496812003508
decision_type=2 2 2 2 2 2 2 2 2 2 2 2 2 2 2 2 2 2 2 2 2 2
left_child=3 2 13 -1 5 11 -7 -8 10 15 14 12 -4 17 -6 -5 -17 -2 -10 -14 21 -19
right_child=1 -3 4 9 8 6 7 -9 18 -11 -12 -13 19 -15 -16 16 -18 20 -20 -21 -22 -23
leaf_value=-0.970399931089583 -0.12270965954048355 3.4945700739425756 -0.18459219915040206 -0.46876994299566355 0.2554348703870607 0.5538535006964691 0.27360243988862365 -0.076560358704356957 0.028066198213777729 -0.20118884925960256 1.1353221466405821 -0.13565170629432827 0.20383778282344836 0.2409022508293425 0.64413718640811457 -0.28111822338210141 -0.51531625677913917 0.036011582366893335 0.415139732051024 2.4195758066913258 -0.059053498586537509 0.26766276607025929
leaf_weight=4537 150 2935 132 1074 470 1021 451 249 137 373 470 96 279 384 444 1063 249 290 188 52 107 238
leaf_count=4537 150 2935 132 1074 470 1021 451 249 137 373 470 96 279 384 444 1063 249 290 188 52 107 238
internal_value=-0.00154151 0.0108656 0.00747385 -0.0153044 0.00894717 0.00700766 0.00876014 0.00479078 0.0114965 -0.0123716 0.012788 0.00155142 0.00321581 0.00241482 0.0108732 -0.0131524 -0.0114674 0.000664557 0.00583333 0.00583333 0.00207813 0.0033818
internal_weight=15389 8093 5158 7296 3989 2280 1721 700 1709 2759 1384 559 463 1169 914 2386 1312 785 325 331 635 528
internal_count=15389 8093 5158 7296 3989 2280 1721 700 1709 2759 1384 559 463 1169 914 2386 1312 785 325 331 635 528
is_linear=0
shrinkage=0.035


Tree=26
num_leaves=23
num_cat=0
split_feature=8 8 8 4 6 20 22 20 7 20 21 20 3 3 7 15 24 21 12 8 22 22
split_gain=2085.37 132.859 35.5579 30.7703 15.8778 12.5785 10.958 10.0296 8.63532 7.85616 12.4635 6.70349 5.73635 5.22029 4.51149 4.33347 4.21343 4.71458 4.32425 4.20089 3.60645 4.68976
threshold=5.0056043956043963 15.433015574650915 3.0003337402748032 5.9680479807034317 6.152141958849584 24.500000000000004 3735.5000000000005 20.500000000000004 7.4209183673469399 8.5000000000000018 3.5000000000000004 16.500000000000004 5.0127769206881263 5.9112165349214569 3.5719447622651486 0.069047619047619066 4472.0000000000009 2.5000000000000004 2.2535296985471489 2.4017915439394724 43337.000000000007 31797.000000000004
decision_type=2 2 2 2 2 2 2 2 2 2 2 2 2 2 2 2 2 2 2 2 2 2
left_child=2 3 6 4 12 8 15 -4 16 -10 11 -11 -2 -3 -9 -1 -5 18 -18 -8 21 -12
right_child=1 13 7 5 -6 -7 19 14 9 10 20 -13 -14 -15 -16 -17 17 -19 -20 -21 -22 -23
leaf_value=-0.30303588324853586 -0.040896402245714759 1.8857589667415979 -0.32612067672276507 -0.026944428563829278 0.3270997867579537 0.74499821835384028 -0.97143593350144763 -0.1839093087742909 0.60337578295104244 0.23123357837181957 0.13462712775387817 0.61082728310949197 0.143819004049759 3.4772601213545848 0.0047878075709239104 -0.0018650382167975368 -0.15203881250382226 0.33753831136717971 0.11897566782275754 -0.45235278540918039 0.27851351713234707 -0.22900006568371412
leaf_weight=153 580 198 1158 117 377 770 4377 249 583 494 135 614 584 2753 132 69 45 289 233 1329 232 57
leaf_count=153 580 198 1158 117 377 770 4377 249 583 494 135 614 584 2753 132 69 45 289 233 1329 232 57
internal_value=-0.00159644 0.0107439 -0.014919 0.00731134 0.00314683 0.00909765 -0.0161609 -0.0100874 0.00796362 0.00908019 0.00768543 0.00963836 0.00109281 0.0166593 -0.00498705 -0.00809471 0.00444485 0.00569056 0.00228799 -0.0164643 0.00248834 -0.000977157
internal_weight=15528 8061 7467 5110 1541 3569 5928 1539 2799 2115 1532 1108 1164 2951 381 222 684 567 278 5706 424 192
internal_count=15528 8061 7467 5110 1541 3569 5928 1539 2799 2115 1532 1108 1164 2951 381 222 684 567 278 5706 424 192
is_linear=0
shrinkage=0.035


Tree=27
num_leaves=23
num_cat=0
split_feature=9 9 9 4 6 20 20 21 21 20 20 9 20 24 23 9 21 3 10 21 23 23
split_gain=2052.68 137.016 31.8863 28.8028 13.6121 11.0057 10.8023 11.4788 10.6037 8.57358 8.17775 8.14664 7.08955 6.37736 8.10494 5.77825 5.49359 5.36539 4.64659 4.43281 4.5465 7.50655
threshold=4.6144343751486616 15.513274814546774 2.3214258814352391 6.9966807769941894 6.152141958849584 25.500000000000004 9.5000000000000018 3.5000000000000004 2.5000000000000004 16.500000000000004 24.500000000000004 7.0717367670185665 18.500000000000004 4472.0000000000009 39000.000000000007 5.8061224489795924 1.5000000000000002 5.7048596889145831 3.5367495358613534 1.5000000000000002 7350.0000000000009 52700.000000000007
decision_type=2 2 2 2 2 2 2 2 2 2 2 2 2 2 2 2 2 2 2 2 2 2
left_child=2 3 -1 4 9 6 -5 8 11 13 -4 -8 -9 16 -15 -16 -2 -3 -14 -12 -21 -22
right_child=1 17 10 5 -6 -7 7 12 -10 -11 19 -13 18 14 15 -17 -18 -19 -20 20 21 -23
leaf_value=-0.96296483156009816 -0.66948903697278583 1.7929068106049304 -0.38442357832579072 0.52859696690098423 0.31276338006003401 0.78669034387961079 -0.044912236787740735 -0.074653073288605473 0.70111395329998583 0.25041341451122745 -0.45310382224211515 0.28100039797493293 0.37652515458555569 0.35514629066304604 -0.37477144809029977 0.039814359946058676 0.085652032615651463 3.3555560171071743 -0.11242104500559535 0.04694877196309824 -0.30586064196787488 -0.011693771838253257
leaf_weight=4164 141 207 2597 767 618 534 134 281 493 418 184 735 144 180 50 571 79 2700 64 62 206 112
leaf_count=4164 141 207 2597 767 618 534 134 281 493 418 184 735 144 180 50 571 79 2700 64 62 206 112
internal_value=-0.00167001 0.0104491 -0.0150982 0.00703491 0.00378516 0.0091408 0.00815955 0.00665679 0.00830834 0.00189058 -0.0123816 0.00588673 0.00198381 0.000136452 0.0016067 -0.000279553 -0.00505556 0.0165385 0.00681925 -0.0083348 -0.00595455 -0.00763932
internal_weight=15441 8116 7325 5209 2057 3152 2618 1851 1362 1439 3161 869 489 1021 801 621 220 2907 208 564 380 318
internal_count=15441 8116 7325 5209 2057 3152 2618 1851 1362 1439 3161 869 489 1021 801 621 220 2907 208 564 380 318
is_linear=0
shrinkage=0.035


Tree=28
num_leaves=23
num_cat=0
split_feature=9 9 9 4 9 9 21 27 22 21 24 22 21 3 27 9 21 22 22 15 9 21
split_gain=1986.48 135.712 41.2205 25.5208 16.8902 11.3142 10.7838 8.31352 6.82554 6.76544 6.46568 10.5974 6.42448 5.44309 5.38268 5.17821 4.9493 5.43881 5.70248 4.54247 4.29565 4.29548
threshold=5.1377390466676189 15.795833333333336 2.3214258814352391 5.172349027628159 9.5893784702334361 3.7503880141252837 1.5000000000000002 3.5000000000000004 43337.000000000007 3.5000000000000004 4472.0000000000009 31797.000000000004 3.5000000000000004 5.7048596889145831 3.5000000000000004 8.6090456859449613 2.5000000000000004 13885.000000000002 44839.000000000007 0.10620300751879701 6.1444750999722366 2.5000000000000004
decision_type=2 2 2 2 2 2 2 2 2 2 2 2 2 2 2 2 2 2 2 2 2 2
left_child=2 3 -1 6 8 7 10 16 9 -5 -2 -12 -6 -3 -7 -11 -4 -18 -19 -20 -8 -10
right_child=1 13 5 4 12 14 20 -9 21 15 11 -13 -14 -15 -16 -17 17 18 19 -21 -22 -23
leaf_value=-0.93873190672429352 -0.42989417995057227 1.7301550722337578 -0.3711663591155277 0.19339191079957771 0.79182198045114272 -0.20115633871035801 0.040772483267476296 -0.50741113886516997 0.22312784144633549 0.087936873698215345 0.44267335690340071 -0.028840728555386833 0.39094566518584228 3.2829293538587843 0.056286317246646227 -0.31012452236196553 -0.10737485234634633 -0.35946591287432877 -0.088711358123806414 -0.39591231463834325 0.30470457591932409 0.58311237266656613
leaf_weight=4172 139 193 1064 932 1255 389 161 613 345 239 183 517 454 2691 90 57 193 611 229 79 497 307
leaf_count=4172 139 193 1064 932 1255 389 161 613 345 239 183 517 454 2691 90 57 193 611 229 79 497 307
internal_value=-0.00173354 0.0104034 -0.0147357 0.00694706 0.00855036 -0.0117362 0.0030759 -0.012602 0.00621088 0.00461273 0.000414692 0.00181206 0.0110881 0.0164702 -0.00658058 0 -0.0114982 -0.00969785 -0.0108333 -0.00665335 0.00641403 0.00913623
internal_weight=15410 7970 7440 5086 3589 3268 1497 2789 1880 1228 839 700 1709 2884 479 296 2176 1112 919 308 658 652
internal_count=15410 7970 7440 5086 3589 3268 1497 2789 1880 1228 839 700 1709 2884 479 296 2176 1112 919 308 658 652
is_linear=0
shrinkage=0.035


Tree=29
num_leaves=23
num_cat=0
split_feature=9 9 9 9 20 22 22 3 20 21 3 21 20 25 21 20 8 22 21 22 24 22
split_gain=1939.18 144.22 40.4337 25.192 13.0881 10.7512 10.6314 9.01896 8.91815 9.14461 8.78273 7.83914 7.03256 6.55421 6.16932 6.92072 6.03894 5.82397 5.38761 4.20825 7.0446 5.62205
threshold=4.6144343751486616 14.289115646258507 2.2594012527089604 6.2397892490499585 22.500000000000004 44839.000000000007 5643.5000000000009 6.1783000796872116 8.5000000000000018 3.5000000000000004 5.7048596889145831 2.5000000000000004 25.500000000000004 807.00000000000011 2.5000000000000004 22.500000000000004 8.978056566977914 16785.000000000004 2.5000000000000004 34795.000000000007 5252.0000000000009 47334.500000000007
decision_type=2 2 2 2 2 2 2 2 2 2 2 2 2 2 2 2 2 2 2 2 2 2
left_child=2 3 -1 19 7 6 14 -5 -9 11 17 13 18 -10 -4 -16 -6 -3 -7 20 -2 -21
right_child=1 10 5 4 16 12 -8 8 9 -11 -12 -13 -14 -15 15 -17 -18 -19 -20 21 -22 -23
leaf_value=-0.90587628998894321 0.01392268666713509 2.8802357549969426 -0.32821434194815402 0.12336244327650137 0.3503221509706152 -0.2932745851609862 -0.42340696925524662 0.46971421028437055 0.14520872541887092 0.061276030253350065 2.9482090291233658 0.55259079143320256 -0.059323299183999145 0.40478458453205451 -0.14524342859549877 0.11338843848829969 0.78265836169337755 0.56802280184774112 -0.15891361712990767 -0.93367991214629675 0.35890352167341449 0.013160362758198972
leaf_weight=4016 450 80 242 843 603 378 1877 725 576 400 2993 361 148 136 191 62 471 149 404 71 76 126
leaf_count=4016 450 80 242 843 603 378 1877 725 576 400 2993 361 148 136 191 62 471 149 404 71 76 126
internal_value=-0.00165979 0.0101789 -0.0146992 0.00634163 0.00739927 -0.0117743 -0.0130532 0.00619337 0.00737971 0.0057544 0.0159165 0.00743506 -0.00844118 0.00519874 -0.00826 -0.00420543 0.010753 0.00882479 -0.00976175 0.000288462 0.00194444 -0.00398515
internal_weight=15378 8060 7318 4838 4115 3302 2372 3041 2198 1473 3222 1073 930 712 495 253 1074 229 782 723 526 197
internal_count=15378 8060 7318 4838 4115 3302 2372 3041 2198 1473 3222 1073 930 712 495 253 1074 229 782 723 526 197
is_linear=0
shrinkage=0.035


Tree=30
num_leaves=23
num_cat=0
split_feature=9 9 9 6 12 9 27 4 4 22 9 24 22 25 27 22 16 8 23 12 25 9
split_gain=1887.29 140.387 46.8144 24.5966 14.4391 10.0123 10.4942 7.48499 5.25086 6.58638 4.92999 4.49021 5.09498 4.06978 4.05341 4.02453 3.72505 3.54467 3.24315 5.32945 4.54186 3.48787
threshold=5.1377390466676189 15.795833333333336 2.2594012527089604 9.0039695662631729 2.508496812003508 3.6794790703574112 3.5000000000000004 5.0127769206881263 5.7574969127869009 43337.000000000007 12.145154118299546 4472.0000000000009 31797.000000000004 421.00000000000006 3.5000000000000004 13885.000000000002 1.0000000180025095e-35 3.4291250319489515 42000.000000000007 4.7060561110315069 248.50000000000003 7.1434714651971118
decision_type=2 2 2 2 2 2 2 2 2 2 2 2 2 2 2 2 2 2 2 2 2 2
left_child=2 3 -1 4 11 6 15 -6 9 -3 18 -2 -13 -5 17 -4 -17 -7 20 -20 -9 -22
right_child=1 8 5 13 7 14 -8 10 -10 -11 -12 12 -14 -15 -16 16 -18 -19 19 -21 21 -23
leaf_value=-0.8741706198393302 -0.27924772316970087 2.067339510454409 -0.19137245483248017 0.41233458755422236 0.14772770069493982 0.069004732258944421 -0.47172285953131604 0.23040215366903263 3.1250217131040476 0.032686856517333072 0.76098803225932943 0.30013510901786622 -0.015081483411422668 0.67484683208252494 0.0044456296511148352 -0.32607001109412487 -0.17794311455567743 -0.19128713133437747 0.40449338979476435 0.047284117310836218 0.18980804111981081 -0.061336341693550483
leaf_weight=4048 150 292 413 815 981 50 696 638 2524 53 290 98 348 645 92 1697 74 380 663 100 173 183
leaf_count=4048 150 292 413 815 981 50 696 638 2524 53 290 98 348 645 92 1697 74 380 663 100 173 183
internal_value=-0.00173773 0.0101156 -0.014392 0.00660591 0.00503927 -0.0113157 -0.0121378 0.00601797 0.0163065 0.0117 0.00723197 2.91181e-05 0.00182373 0.0104522 -0.00667457 -0.0108646 -0.0116273 -0.00808621 0.0064756 0.0082487 0.00506256 0.00179363
internal_weight=15403 7953 7450 5084 3624 3402 2880 3028 2869 345 2047 596 446 1460 522 2184 1771 430 1757 763 994 356
internal_count=15403 7953 7450 5084 3624 3402 2880 3028 2869 345 2047 596 446 1460 522 2184 1771 430 1757 763 994 356
is_linear=0
shrinkage=0.035


Tree=31
num_leaves=23
num_cat=0
split_feature=8 8 8 20 5 8 22 20 3 20 3 7 20 21 21 8 20 21 7 22 24 23
split_gain=1821.47 136.424 45.142 25.6713 15.2563 13.966 13.6117 9.90529 7.54273 7.51163 6.19908 6.15495 5.69437 5.65868 9.51342 5.39001 5.37064 6.06271 4.90447 4.8358 6.62044 4.5076
threshold=5.1743423595009279 15.752049219590733 2.5502262202386512 16.500000000000004 8.7570536433732169 8.978056566977914 3735.5000000000005 25.500000000000004 5.154761904761906 8.5000000000000018 10.982153892092549 3.5719447622651486 22.500000000000004 2.5000000000000004 3.5000000000000004 4.432092945874003 9.5000000000000018 3.5000000000000004 7.4209183673469399 31797.000000000004 4685.0000000000009 42000.000000000007
decision_type=2 2 2 2 2 2 2 2 2 2 2 2 2 2 2 2 2 2 2 2 2 2
left_child=2 3 6 4 8 13 -1 15 -2 -10 -3 -9 -7 -5 -15 -4 18 -18 -6 20 -11 -21
right_child=1 10 7 5 16 12 -8 11 9 19 -12 -13 -14 14 -16 -17 17 -19 -20 21 -22 -23
leaf_value=-0.091835176594244852 -0.023462693217441422 1.6618969449666952 -0.31690323413092447 0.11836786251335867 -0.0080716862640133873 0.44700866617833968 -0.77357464814495347 -0.17614255661853226 0.28061570983280576 0.051081185080114444 3.0733882627157185 0.050083011413527466 0.91625157856105088 0.6251039777992895 0.11750390213496319 -0.13564362311737238 0.22076937807006178 -0.11836797063723553 0.65567415683151464 -0.11603750501879348 0.42569166471129039 0.060012099447125711
leaf_weight=93 694 308 2185 671 52 530 4718 249 475 133 2573 96 589 347 166 196 247 113 476 143 108 327
leaf_count=93 694 308 2185 671 52 530 4718 249 475 133 2573 96 589 347 166 196 247 113 476 143 108 327
internal_value=-0.0017552 0.00992554 -0.0140798 0.0064539 0.00415885 0.00918977 -0.0161337 -0.0104257 0.00234881 0.00404072 0.0160083 -0.0047 0.0120196 0.00646131 0.00925676 -0.0112364 0.00793673 0.0044589 0.0102111 0.00171089 0.00569106 -0.000331579
internal_weight=15489 7952 7537 5071 2768 2303 4811 2726 1880 1186 2881 345 1119 1184 513 2381 888 360 528 711 241 470
internal_count=15489 7952 7537 5071 2768 2303 4811 2726 1880 1186 2881 345 1119 1184 513 2381 888 360 528 711 241 470
is_linear=0
shrinkage=0.035


Tree=32
num_leaves=23
num_cat=0
split_feature=9 9 9 5 9 9 27 4 21 21 4 22 22 22 11 21 4 24 22 21 25 12
split_gain=1763.86 136.345 52.1266 19.4767 10.9866 10.4355 9.30423 8.39033 6.88312 6.42074 6.25406 6.20896 4.86007 6.48302 6.25912 4.66814 4.22815 5.76629 6.87519 3.88399 5.27785 3.60541
threshold=5.1377390466676189 15.795833333333336 2.2020976541785888 6.7982669905140449 9.2861832611832629 3.6353955996051828 3.5000000000000004 6.1339285714285721 3.5000000000000004 2.5000000000000004 5.7574969127869009 43337.000000000007 13885.000000000002 44839.000000000007 1.7415415679698938 3.5000000000000004 4.9547980748721674 4472.0000000000009 31797.000000000004 2.5000000000000004 233.00000000000003 2.508496812003508
decision_type=2 2 2 2 2 2 2 2 2 2 2 2 2 2 2 2 2 2 2 2 2 2
left_child=2 3 -1 7 -5 6 9 16 19 -4 11 -3 14 -14 -11 -15 -2 21 -19 20 -6 -18
right_child=1 10 5 4 8 -7 -8 -9 -10 12 -12 -13 13 15 -16 -17 17 18 -20 -21 -22 -23
leaf_value=-0.85149953545988022 0.17110293629304879 1.8873687888784878 -0.32085222903967386 0.20695180473622374 0.33753319627611228 -0.14978018524690556 -0.4403921563201082 0.2569697484454736 0.34760650413799116 0.090717378394762044 2.9430773639503558 0.078313194723802451 -0.30584626433949907 -0.075231790053194678 -0.13052679864070577 -0.21925243036853176 -0.66195663230834656 0.3607555801465262 0.012500675856335734 0.9762297188848339 0.5859042354981957 0.072241769881208104
leaf_weight=3880 229 293 1113 1244 311 576 760 1004 455 62 2520 57 651 185 126 86 97 181 635 494 328 81
leaf_count=3880 229 293 1113 1244 311 576 760 1004 455 62 2520 57 651 185 126 86 97 181 635 494 328 81
internal_value=-0.00181568 0.00966536 -0.0140536 0.00619273 0.0081239 -0.0109498 -0.0117955 0.0037164 0.0100738 -0.0105723 0.0157591 0.0108944 -0.00855381 -0.00960895 -0.00317358 -0.00481884 0.0017386 0.000718218 0.00198234 0.0115641 0.00951087 -0.00487705
internal_weight=15368 7929 7439 5059 2832 3559 2983 2227 1588 2223 2870 350 1110 922 188 271 1223 994 816 1133 639 178
internal_count=15368 7929 7439 5059 2832 3559 2983 2227 1588 2223 2870 350 1110 922 188 271 1223 994 816 1133 639 178
is_linear=0
shrinkage=0.035


Tree=33
num_leaves=23
num_cat=0
split_feature=9 9 9 4 9 20 6 20 23 20 20 20 9 20 4 23 21 21 24 23 23 7
split_gain=1713.39 132.439 52.109 24.6773 13.2599 10.7228 10.1766 6.63223 6.55792 7.15909 9.1884 6.45533 6.29646 5.74612 5.41217 5.0143 4.56185 4.50704 6.12912 6.3688 4.78607 3.97005
threshold=5.1377390466676189 16.5089783585499 2.2594012527089604 6.9966807769941894 9.5893784702334361 24.500000000000004 6.152141958849584 26.500000000000004 23700.000000000004 22.500000000000004 10.500000000000002 11.500000000000002 3.6794790703574112 16.500000000000004 5.9680479807034317 21250.000000000004 1.5000000000000002 1.5000000000000002 4472.0000000000009 39000.000000000007 19200.000000000004 3.4294290803724485
decision_type=2 2 2 2 2 2 2 2 2 2 2 2 2 2 2 2 2 2 2 2 2 2
left_child=2 3 -1 6 7 12 11 -5 -6 10 -10 17 -4 -12 15 -3 21 18 20 -20 -2 -7
right_child=1 14 5 4 8 16 -8 -9 9 -11 13 -13 -14 -15 -16 -17 -18 -19 19 -21 -22 -23
leaf_value=-0.78669705171878446 -0.47103658560669176 3.0333512254021358 -0.33123399316463081 0.16861782648737333 1.6763722855213561 -0.42573496165639313 0.2650810616482715 0.48423122308730354 0.78588311678323841 0.70519454153187289 0.047057071573337203 0.17479996875396589 -0.17962002695472604 0.37579227866872139 2.9800696562120934 0.58890574426100895 -0.10557466989022711 0.13855182080573458 0.35792100097908675 -0.13150937092610776 -0.8197114419242868 -0.025528974364935168
leaf_weight=4005 47 148 2350 1314 245 169 610 179 443 464 327 638 456 372 2319 159 404 210 124 341 69 45
leaf_count=4005 47 148 2350 1314 245 169 610 179 443 464 327 638 456 372 2319 159 404 210 124 341 69 45
internal_value=-0.00175306 0.0094728 -0.0138559 0.00631403 0.00816736 -0.0106409 0.00325342 0.00565421 0.0101643 0.00926598 0.00767437 0.00161088 -0.0115733 0.00507102 0.015917 0.0109936 -0.00632022 -0.000483668 -0.00209044 -0.000223404 -0.00911157 -0.010468
internal_weight=15438 8009 7429 5383 3344 3424 2039 1493 1851 1606 1142 1429 2806 699 2626 307 618 791 581 465 116 214
internal_count=15438 8009 7429 5383 3344 3424 2039 1493 1851 1606 1142 1429 2806 699 2626 307 618 791 581 465 116 214
is_linear=0
shrinkage=0.035


Tree=34
num_leaves=23
num_cat=0
split_feature=9 9 9 9 20 22 22 22 8 21 20 21 21 21 20 25 24 20 11 25 24 21
split_gain=1665.79 144.305 49.1132 25.0051 14.8119 13.2336 12.7792 12.9729 9.31599 8.99325 9.93899 19.1967 8.92746 7.5867 6.59372 6.5305 6.28262 6.18973 5.83158 5.68856 5.97619 5.57939
threshold=4.6144343751486616 16.5089783585499 1.8996542048334364 6.9496246332794014 21.500000000000004 17236.500000000004 44839.000000000007 3735.5000000000005 8.978056566977914 2.5000000000000004 9.5000000000000018 3.5000000000000004 1.5000000000000002 2.5000000000000004 22.500000000000004 878.00000000000011 11523.000000000002 16.500000000000004 2.2558163041235004 106.50000000000001 10740.000000000002 2.5000000000000004
decision_type=2 2 2 2 2 2 2 2 2 2 2 2 2 2 2 2 2 2 2 2 2 2
left_child=2 3 -1 16 5 -5 7 12 -6 19 -11 17 -4 -8 -14 -9 21 -12 -15 -7 -21 -2
right_child=1 -3 6 4 8 9 13 15 -10 10 11 -13 14 18 -16 -17 -18 -19 -20 20 -22 -23
leaf_value=-0.93416265490862704 0.0065638408348172566 2.7709722963696701 -0.34187327787614957 1.5021160915405212 0.25912662939091136 2.0370398953442086 -0.23832661630814952 -0.36590311199458708 0.78659348828491571 0.46602600401193506 0.23959896889088358 -0.034129989285613935 -0.14311939797847245 -0.034667895433687 0.076634845517992975 -0.2188580060316985 -0.63722599732255658 0.76349429700173221 -0.18803356193724829 0.044908171489906334 0.19265707632745299 0.22032479160713955
leaf_weight=3138 721 2688 120 215 536 46 484 2287 674 594 224 426 271 292 87 486 51 152 157 920 472 437
leaf_count=3138 721 2688 120 215 536 46 484 2287 674 594 224 426 271 292 87 486 51 152 157 920 472 437
internal_value=-0.00171688 0.0091585 -0.0138314 0.00588023 0.00714118 0.00581041 -0.0113088 -0.0123618 0.0104424 0.00514706 0.00715739 0.00453222 -0.00684783 -0.00757463 -0.00390496 -0.0132919 0.00141269 0.0102428 -0.004163 0.00316528 0.00271832 0.0019712
internal_weight=15478 8156 7322 5468 4259 3049 4184 3251 1210 2834 1396 802 478 933 358 2773 1209 376 449 1438 1392 1158
internal_count=15478 8156 7322 5468 4259 3049 4184 3251 1210 2834 1396 802 478 933 358 2773 1209 376 449 1438 1392 1158
is_linear=0
shrinkage=0.035


Tree=35
num_leaves=23
num_cat=0
split_feature=9 9 9 9 4 22 22 9 21 21 21 20 24 9 21 20 12 22 3 20 22 22
split_gain=1583.31 134.128 60.0179 23.7022 14.3243 11.7474 11.7045 15.1195 11.5723 8.82911 8.72816 16.8765 7.98073 7.46371 6.51763 6.51221 6.23584 6.1783 8.30043 6.15039 5.82369 5.76348
threshold=5.1377390466676189 16.646428571428576 1.8649500989674754 9.0121317021009091 5.172349027628159 44839.000000000007 5643.5000000000009 4.0299239409697059 2.5000000000000004 1.5000000000000002 3.5000000000000004 10.500000000000002 12965.500000000002 8.5037084278155728 2.5000000000000004 24.500000000000004 2.366729057723862 16785.000000000004 5.9112165349214569 12.500000000000002 19263.000000000004 43337.000000000007
decision_type=2 2 2 2 2 2 2 2 2 2 2 2 2 2 2 2 2 2 2 2 2 2
left_child=2 3 -1 8 19 6 9 -8 12 -4 14 -12 -2 -14 20 -7 -11 -3 -19 -5 -6 -10
right_child=1 17 5 4 10 15 7 -9 21 16 11 -13 13 -15 -16 -17 -18 18 -20 -21 -22 -23
leaf_value=-0.90146696198682519 0.010276172648929389 3.4787831878717315 -0.3487479820366019 0.025589970169965854 1.5263968472045522 -0.19317506965146439 -0.32988352767413887 0.060245421798103153 0.16102510915164645 -0.038607146119362973 0.83841782636344042 0.025830315480121515 0.43054515168722968 0.031074353131650273 0.97415566136220444 -0.031800363196962216 -0.24778975775446235 0.40717487153346027 1.5887831878717313 0.49337012986374662 0.32990032579428635 0.48702787982580786
leaf_weight=3069 1268 1432 124 349 165 840 2793 84 882 294 196 333 98 89 675 181 76 94 1110 139 840 354
leaf_count=3069 1268 1432 124 349 165 840 2793 84 882 294 196 333 98 89 675 181 76 94 1110 139 840 354
internal_value=-0.00175791 0.00903008 -0.0133606 0.00585064 0.00817358 -0.0107022 -0.011715 -0.0125815 0.00350519 -0.00655812 0.00937444 0.00530899 0.00136644 0.00802083 0.0106246 -0.00730019 -0.00368667 0.0154989 0.0134181 0.00266227 0.00869802 0.00599315
internal_weight=15485 8024 7461 5388 2697 4392 3371 2877 2691 494 2209 529 1455 187 1680 1021 370 2636 1204 488 1005 1236
internal_count=15485 8024 7461 5388 2697 4392 3371 2877 2691 494 2209 529 1455 187 1680 1021 370 2636 1204 488 1005 1236
is_linear=0
shrinkage=0.035


Tree=36
num_leaves=23
num_cat=0
split_feature=9 9 9 9 23 4 20 20 20 21 21 23 24 21 24 25 9 7 23 9 12 23
split_gain=1495.48 139.57 59.1337 21.9152 15.2777 18.4042 12.8858 10.3216 9.6552 18.2025 8.16307 6.13585 6.13346 6.12777 6.25631 6.02373 6.54405 5.85843 5.52788 5.49024 5.06307 4.942
threshold=4.6144343751486616 14.289115646258507 1.8649500989674754 6.2397892490499585 21250.000000000004 5.2852117926282993 17.500000000000004 24.500000000000004 8.5000000000000018 1.5000000000000002 2.5000000000000004 42000.000000000007 8654.0000000000018 3.5000000000000004 7066.5000000000009 729.50000000000011 3.5456796574388791 8.1454742027739808 4900.0000000000009 2.3573097272802586 4.848385629559175 63800.000000000007
decision_type=2 2 2 2 2 2 2 2 2 2 2 2 2 2 2 2 2 2 2 2 2 2
left_child=2 3 -1 -2 -3 -6 8 15 9 -5 -9 -8 -12 21 -15 16 18 -11 -4 -17 -13 -10
right_child=1 4 7 6 5 -7 11 10 13 17 12 20 -14 14 -16 19 -18 -19 -20 -21 -22 -23
leaf_value=-0.86991561831728614 -0.02322326039573909 3.3220257762962211 -0.17946568390207759 -0.10516467077601331 0.3340722475995217 1.3931757762962202 0.26300470851853264 -0.28210718940714097 0.14813721820032508 0.14691777326803362 -0.12546019834110381 0.56498539920710855 0.11614257590525724 -0.24216468282475292 0.086589345639751528 0.0073672483752524097 -0.14568410293282508 0.45648307142659189 -0.34981012252022159 -0.22174794227861602 0.18770529841221292 -0.13844530266266861
leaf_weight=3064 722 1451 316 218 238 1491 926 426 874 241 266 713 76 146 183 68 350 595 1960 733 159 83
leaf_count=3064 722 1451 316 218 238 1491 926 426 874 241 266 713 76 146 183 68 350 595 1960 733 159 83
internal_value=-0.00174726 0.00864667 -0.0132599 0.00490288 0.0143462 0.0120098 0.00588402 -0.010525 0.00414179 0.00662653 -0.0067238 0.00812396 -0.00257205 0.00207397 -0.00199102 -0.0113607 -0.0122054 0.00896849 -0.0129121 -0.00851117 0.0102765 0.00349272
internal_weight=15299 8040 7259 4860 3180 1729 4138 4195 2340 1054 768 1798 342 1286 329 3427 2626 836 2276 801 872 957
internal_count=15299 8040 7259 4860 3180 1729 4138 4195 2340 1054 768 1798 342 1286 329 3427 2626 836 2276 801 872 957
is_linear=0
shrinkage=0.035


Tree=37
num_leaves=23
num_cat=0
split_feature=9 8 9 4 22 22 20 22 4 21 20 25 22 20 20 20 25 21 5 7 8 9
split_gain=1461.89 134.717 58.9666 21.1877 13.4082 12.1719 11.3049 10.8143 10.6239 9.09355 8.95428 8.60873 8.38064 8.03265 6.05965 5.59394 5.51382 5.17873 5.05074 4.90818 4.41963 4.40632
threshold=4.6144343751486616 15.752049219590733 1.8996542048334364 6.9966807769941894 16785.000000000004 44839.000000000007 24.500000000000004 3735.5000000000005 5.9680479807034317 1.5000000000000002 8.5000000000000018 878.00000000000011 19263.000000000004 16.500000000000004 20.500000000000004 15.500000000000002 191.00000000000003 2.5000000000000004 6.3670754674976626 7.8543763822568913 6.8669416219889357 2.4438589267464939
decision_type=2 2 2 2 2 2 2 2 2 2 2 2 2 2 2 2 2 2 2 2 2 2
left_child=2 3 -1 13 -3 7 10 9 -6 -4 19 -9 -12 18 -11 -14 -10 -7 -2 -5 -8 -13
right_child=1 4 5 6 8 17 20 11 16 14 12 21 15 -15 -16 -17 -18 -19 -20 -21 -22 -23
leaf_value=-0.83946857167618116 -0.015269488177573438 3.1707548741258536 -0.31221814503135131 0.068169070101466972 0.42896045911913822 -0.21481915633198603 0.14601912242117082 -0.33022019566754768 2.3594146241258525 -0.13890125884357776 1.1467267376930188 -0.0036272403394287528 0.047272295965089348 0.20922401941944688 0.050346194131751433 0.21224632447428254 1.076165203262486 -0.074413074299335427 0.20563972367187014 0.47762486038853619 0.70168124510243746 -0.21399727919232409
leaf_weight=3139 1029 1463 113 138 187 506 111 2224 414 254 91 76 659 676 110 1004 814 459 332 528 618 403
leaf_count=3139 1029 1463 113 138 187 506 111 2224 414 254 91 76 659 676 110 1004 814 459 332 528 618 403
internal_value=-0.0017109 0.00855156 -0.0130728 0.00516808 0.0146228 -0.0102976 0.00696893 -0.0113571 0.0120528 -0.00631743 0.00578041 -0.0122267 0.00442723 0.00236533 -0.00346206 0.00381894 0.0132421 -0.00674742 0.00079429 0.00925857 0.0108243 -0.0077376
internal_weight=15348 8064 7284 5186 2878 4145 3149 3180 1415 477 2420 2703 1754 2037 364 1663 1228 965 1361 666 729 479
internal_count=15348 8064 7284 5186 2878 4145 3149 3180 1415 477 2420 2703 1754 2037 364 1663 1228 965 1361 666 729 479
is_linear=0
shrinkage=0.035


Tree=38
num_leaves=23
num_cat=0
split_feature=9 9 15 6 22 20 11 20 25 5 5 9 21 21 25 21 22 25 11 21 11 25
split_gain=1417.32 126.471 68.0988 16.61 15.2607 11.7752 13.9018 11.0825 9.19223 7.35287 7.15369 6.86245 5.54738 10.6828 7.24423 5.41189 5.78486 5.28397 5.36065 5.1373 4.67196 4.48508
threshold=5.1377390466676189 16.000142857142858 0.14550264550264552 10.000130448439306 16785.000000000004 18.500000000000004 1.7743595036946866 16.500000000000004 191.00000000000003 10.946439606378263 7.9732713418271493 9.5893784702334361 2.5000000000000004 3.5000000000000004 248.50000000000003 2.5000000000000004 31960.500000000004 600.00000000000011 1.8575654633281318 3.5000000000000004 3.6831961753257283 807.00000000000011
decision_type=2 2 2 2 2 2 2 2 2 2 2 2 2 2 2 2 2 2 2 2 2 2
left_child=2 3 5 7 -3 17 15 9 -6 21 -10 12 20 -14 -15 -7 -17 18 -1 -18 -9 -2
right_child=1 4 -4 -5 8 6 -8 11 10 -11 -12 -13 13 14 -16 16 19 -19 -20 -21 -22 -23
leaf_value=-0.37633631457618244 0.030241578844789674 3.1067000731804106 -0.77508717166751495 0.43860598757696445 2.0318351122814473 -0.3023051096542636 -0.068756637009458402 0.12273044887449158 0.30208246498916114 0.32560614196447368 1.039015030192159 0.48400202819478588 0.5350065655936137 0.20904447676286661 -0.34932450563857576 -0.22961515504259003 0.067755982188058408 -0.22496641129273107 -0.25667622567562937 -0.33216465364807202 -0.071135849817212896 0.16549274027984781
leaf_weight=1063 1672 1445 3289 1194 435 572 566 562 181 338 769 554 349 88 77 331 105 844 622 53 85 225
leaf_count=1063 1672 1445 3289 1194 435 572 566 562 181 338 769 554 349 88 77 331 105 844 622 53 85 225
internal_value=-0.00185166 0.00839798 -0.0128302 0.00511507 0.0143395 -0.00982036 -0.00742034 0.00400442 0.0115827 0.00235937 0.00951047 0.006125 0.00453259 0.00724952 0 -0.00978424 -0.00687247 -0.0113398 -0.0125296 -0.00118098 0.00230828 0.00149054
internal_weight=15419 7974 7445 5144 2830 4156 1627 3950 1385 2235 950 1715 1161 514 165 1061 489 2529 1685 158 647 1897
internal_count=15419 7974 7445 5144 2830 4156 1627 3950 1385 2235 950 1715 1161 514 165 1061 489 2529 1685 158 647 1897
is_linear=0
shrinkage=0.035


Tree=39
num_leaves=23
num_cat=0
split_feature=9 9 9 9 9 25 22 20 21 20 21 27 25 22 21 22 24 12 20 21 24 12
split_gain=1347.4 129.336 71.0091 18.3749 13.4347 13.3507 12.6355 12.7631 10.3872 10.778 17.0656 9.24734 7.23153 7.21004 7.15216 6.90207 7.82095 6.77453 6.91406 6.69257 6.44357 6.05591
threshold=5.1377390466676189 16.5089783585499 1.7242762445887447 7.7692754686766738 3.7503880141252837 455.50000000000006 17236.500000000004 22.500000000000004 2.5000000000000004 10.500000000000002 3.5000000000000004 3.5000000000000004 106.50000000000001 31797.000000000004 2.5000000000000004 13885.000000000002 8120.5000000000009 1.8152061990235555 20.500000000000004 2.5000000000000004 4472.0000000000009 2.0722989270795074
decision_type=2 2 2 2 2 2 2 2 2 2 2 2 2 2 2 2 2 2 2 2 2 2
left_child=2 3 -1 19 11 13 -5 8 12 -10 -11 14 -8 -3 -4 17 -17 -16 -19 20 -2 -18
right_child=1 5 4 6 -6 -7 7 -9 9 10 -12 -13 -14 -15 15 16 21 18 -20 -21 -22 -23
leaf_value=-0.85295912065915191 -0.1235532698456249 2.8110439509701339 -0.25008639200085309 1.340801779593342 -0.098508482303141923 0.47717784652486744 2.0488287995511509 0.5433399317982639 0.51551956176923974 0.48855042318289632 -0.070877717945190294 -0.31562306371260845 0.058158809358151022 1.1653833159549394 0.16440551350377364 -0.24168562681130712 0.0072596325762756568 -0.13395584425811288 0.053360382229974843 0.1674908829948337 0.045765166258318259 -0.11639201800828584
leaf_weight=2821 253 1854 1415 296 483 254 48 773 561 312 379 1304 1139 522 45 840 201 114 52 792 812 111
leaf_count=2821 253 1854 1415 296 483 254 48 773 561 312 379 1304 1139 522 45 840 201 114 52 792 812 111
internal_value=-0.00182439 0.00812875 -0.0125988 0.00499907 -0.00987199 0.0144848 0.00649089 0.00582608 0.00455401 0.00678003 0.00377155 -0.0105291 0.00217282 0.0153097 -0.00932537 -0.00741959 -0.00848531 -0.00145833 -0.00480994 0.00216165 0.000327103 -0.00358833
internal_weight=15381 7995 7386 5365 4565 2630 3508 3212 2439 1252 691 4082 1187 2376 2778 1363 1152 211 166 1857 1065 312
internal_count=15381 7995 7386 5365 4565 2630 3508 3212 2439 1252 691 4082 1187 2376 2778 1363 1152 211 166 1857 1065 312
is_linear=0
shrinkage=0.035


Tree=40
num_leaves=23
num_cat=0
split_feature=9 8 9 22 4 4 22 22 25 21 9 25 12 14 21 12 2 21 21 12 12 21
split_gain=1313.78 126.674 73.1634 18.1672 17.9818 11.9948 11.6938 10.0504 7.78812 7.49973 7.30325 6.93701 6.8634 7.29655 6.5587 6.554 6.32885 6.0452 5.77379 5.59617 4.75579 4.55864
threshold=4.6144343751486616 15.752049219590733 1.7242762445887447 16785.000000000004 6.9966807769941894 5.9680479807034317 44839.000000000007 5643.5000000000009 191.00000000000003 1.5000000000000002 10.508507269154792 878.00000000000011 2.4815453541447932 1.0000000180025095e-35 3.5000000000000004 2.0353195344438961 5.3595203124901198 2.5000000000000004 2.5000000000000004 1.5018342907828595 2.9590975938571598 2.5000000000000004
decision_type=2 2 2 2 2 2 2 2 2 2 2 2 2 2 2 2 2 2 2 2 2 2
left_child=2 4 -1 -3 16 -5 7 9 -7 -4 17 -9 13 -11 21 -15 -2 20 -8 -13 -6 -12
right_child=1 3 6 5 10 8 18 11 -10 12 14 19 -14 15 -16 -17 -18 -19 -20 -21 -22 -23
leaf_value=-0.82310555143608166 -0.0076924470723180255 2.8876574126861789 -0.28721705206611386 0.27480835408616988 0.19473626404199459 2.1055569384559187 -0.1951272625667326 -0.29740039719504313 0.91669246722725184 -0.16187713176753424 0.43356122730497887 0.01943151302905733 -0.23364170327752642 0.11995436568775934 0.16247897726383764 -0.04233945295970383 0.12566240408307622 0.26976513347001313 -0.069268033348637251 -0.18258772833159823 0.01946351676073178 1.0635445017203278
leaf_weight=2832 722 1448 117 187 319 421 502 2524 811 129 628 83 57 96 316 69 1340 991 481 389 521 377
leaf_count=2832 722 1448 117 187 319 421 502 2524 811 129 628 83 57 96 316 69 1340 991 481 389 521 377
internal_value=-0.00167768 0.00803364 -0.0124595 0.0139415 0.00477151 0.0110112 -0.0096305 -0.0105989 0.0122656 -0.00566068 0.0064357 -0.0113537 -0.00294944 -0.000643813 0.00844646 0.00411765 0.00220972 0.00495643 -0.00616397 -0.00722746 0.00271302 0.00984158
internal_weight=15360 8081 7279 2867 5214 1419 4447 3464 1232 468 3152 2996 351 294 1321 165 2062 1831 983 472 840 1005
internal_count=15360 8081 7279 2867 5214 1419 4447 3464 1232 468 3152 2996 351 294 1321 165 2062 1831 983 472 840 1005
is_linear=0
shrinkage=0.035


Tree=41
num_leaves=23
num_cat=0
split_feature=9 9 9 22 4 20 21 20 21 8 24 22 21 26 21 20 20 9 20 9 7 8
split_gain=1279.11 127.706 71.7407 23.8826 19.0354 15.3991 11.61 13.3678 11.133 10.9209 8.5344 10.9024 7.21883 7.07499 6.92693 15.197 9.14696 7.32144 6.69751 8.59941 5.87295 5.74226
threshold=4.6144343751486616 14.289115646258507 1.573233841878634 16785.000000000004 5.2852117926282993 24.500000000000004 2.5000000000000004 18.500000000000004 3.5000000000000004 6.2169130934036625 8654.0000000000018 5643.5000000000009 2.5000000000000004 1.0000000180025095e-35 3.5000000000000004 9.5000000000000018 16.500000000000004 8.5037084278155728 8.5000000000000018 3.6353955996051828 8.719938709218118 2.9288295239897173
decision_type=2 2 2 2 2 2 2 2 2 2 2 2 2 2 2 2 2 2 2 2 2 2
left_child=2 5 -1 -3 -5 9 -4 18 10 -2 11 -9 -11 -6 16 20 17 -14 19 -8 -16 -10
right_child=1 3 6 4 13 -7 7 8 21 12 -12 -13 14 -15 15 -17 -18 -19 -20 -21 -22 -23
leaf_value=-0.82929685713581891 -0.036133834811130972 2.786589403242163 -0.28272579804948178 0.21646307842687765 0.88460823087429807 0.37656153064916453 -0.15323663219668585 0.14287585223897767 -0.31836859674335705 0.080018942153230563 0.12346813597433923 -0.1259504882497329 0.0094977283759396167 1.9986398522216844 0.11854207633067344 -0.016550388002810692 0.59317903930060456 0.38759298442574525 -0.29417056579636391 0.13573036127938862 0.62048199397556325 -0.095672656801447278
leaf_weight=2619 611 1466 2396 250 1043 885 602 59 205 1665 104 354 241 428 108 531 297 307 838 52 212 146
leaf_count=2619 611 1466 2396 250 1043 885 602 59 205 1665 104 354 241 428 108 531 297 307 838 52 212 146
internal_value=-0.00186754 0.0077814 -0.0123923 0.0132237 0.0103418 0.00419683 -0.00980309 -0.00799894 -0.00447022 0.00325182 -0.00113985 -0.00343301 0.00403446 0.0118564 0.00564815 0.0033528 0.00790588 0.00509494 -0.0100184 -0.00719651 0.00931538 -0.00924157
internal_weight=15419 8044 7375 3187 1721 4857 4756 2360 868 3972 517 413 3361 1471 1696 851 845 548 1492 654 320 351
internal_count=15419 8044 7375 3187 1721 4857 4756 2360 868 3972 517 413 3361 1471 1696 851 845 548 1492 654 320 351
is_linear=0
shrinkage=0.035


Tree=42
num_leaves=23
num_cat=0
split_feature=9 9 15 9 24 20 25 22 20 25 9 24 14 12 12 20 20 22 20 20 22 24
split_gain=1219.49 123.141 74.5144 25.8678 11.79 10.7784 10.7022 10.402 10.1912 9.58647 8.73356 8.57514 8.46163 11.7791 7.00329 7.12999 7.05176 6.44244 5.92547 5.71263 5.38768 10.9711
threshold=4.6144343751486616 17.822478991596643 0.18350168350168353 10.508507269154792 11523.000000000002 23.500000000000004 729.50000000000011 3735.5000000000005 16.500000000000004 455.50000000000006 2.3573097272802586 12965.500000000002 1.0000000180025095e-35 2.1207404262391947 3.271555614372891 9.5000000000000018 16.500000000000004 31797.000000000004 19.500000000000004 7.5000000000000009 31797.000000000004 4472.0000000000009
decision_type=2 2 2 2 2 2 2 2 2 2 2 2 2 2 2 2 2 2 2 2 2 2
left_child=2 3 4 8 6 14 7 12 11 17 -8 20 -1 -14 -5 -16 -17 -3 -6 -13 21 -2
right_child=1 9 -4 5 18 -7 10 -9 -10 -11 -12 19 13 -15 15 16 -18 -19 -20 -21 -22 -23
leaf_value=-0.20515689600963116 -0.075332784903341804 2.6890587741286871 -0.76527146713606531 -0.24418411813848445 -0.12412253743851975 1.0876520500569589 0.054108337703611502 -0.30064987700731566 0.18037293173645275 0.34304520489350226 -0.18274512724270603 0.38699327382358678 0.092787710921137329 -0.12569741357262409 0.78787967963136329 0.12786875294328612 0.43483857339064591 1.1665493754629626 0.034313149062847811 0.034826592659779686 -0.051492479095533637 0.19933424975730929
leaf_weight=232 330 1648 2772 81 285 521 86 2660 1557 112 900 160 134 117 624 531 555 372 162 200 948 394
leaf_count=232 330 1648 2772 81 285 521 86 2660 1557 112 900 160 134 117 624 531 555 372 162 200 948 394
internal_value=-0.00186306 0.00755909 -0.0121641 0.00494243 -0.00939369 0.00783233 -0.00998186 -0.0109959 0.00306761 0.0147649 -0.00669273 0.00141753 -0.00609631 -0.00150391 0.00648942 0.00696939 0.00518103 0.0153222 -0.00387168 0.00628082 0.000344365 0.0026166
internal_weight=15381 8033 7348 5901 4576 2312 4129 3143 3589 2132 986 2032 483 251 1791 1710 1086 2020 447 360 1672 724
internal_count=15381 8033 7348 5901 4576 2312 4129 3143 3589 2132 986 2032 483 251 1791 1710 1086 2020 447 360 1672 724
is_linear=0
shrinkage=0.035


Tree=43
num_leaves=23
num_cat=0
split_feature=9 9 9 20 3 21 20 20 21 21 22 9 26 22 12 20 9 15 2 11 24 9
split_gain=1163.45 122.801 84.7583 20.6957 18.0694 12.8471 11.203 9.5257 11.1351 13.6769 11.7021 9.16394 9.1308 9.92938 8.94886 6.62327 5.88978 5.26247 5.15274 5.06309 4.77722 4.67437
threshold=4.6144343751486616 17.822478991596643 1.573233841878634 25.500000000000004 7.2865913714874226 2.5000000000000004 26.500000000000004 7.5000000000000009 3.5000000000000004 2.5000000000000004 19263.000000000004 20.286476540839413 1.0000000180025095e-35 44839.000000000007 1.9422961801812175 16.500000000000004 9.3912408410482708 0.13961038961038963 15.888781740388525 1.4468609447374672 4472.0000000000009 5.714900036625683
decision_type=2 2 2 2 2 2 2 2 2 2 2 2 2 2 2 2 2 2 2 2 2 2
left_child=2 3 -1 4 20 -4 12 -6 9 10 -9 -3 13 -7 19 -11 -5 -15 -10 -14 -2 -22
right_child=1 11 5 16 7 6 -8 8 18 15 -12 -13 14 17 -16 -17 -18 -19 -20 -21 21 -23
leaf_value=-0.80370500143900581 -0.065772608796609483 1.255773164776633 -0.26062127456179607 0.26861179912169897 0.47866244925166346 -0.25280720145149227 0.01575002216573651 0.74594932054739527 0.072993196173633035 0.31600231291918396 0.072613318007976074 2.8399417170341832 -0.17886693410316096 -0.055896093636484005 -0.12037221802177196 0.73652455422936991 1.0495842283049652 -0.39471751932264648 -0.26585866838519845 0.089405089815237954 -0.19855048803854294 0.11026268797615424
leaf_weight=2581 381 776 2370 440 747 1248 199 203 410 287 983 1373 81 384 232 308 431 68 92 122 90 1501
leaf_count=2581 381 776 2370 440 747 1248 199 203 410 287 983 1373 81 384 232 308 431 68 92 122 90 1501
internal_value=-0.00175549 0.00743646 -0.0118779 0.00480521 0.003925 -0.00905659 -0.00716011 0.00562191 0.00446678 0.00576148 0.00354114 0.0145915 -0.00789953 -0.00906305 -0.00326136 0.0100917 0.00978881 -0.00448031 -0.00010355 0.00201923 0.00130121 0.00214912
internal_weight=15307 8022 7285 5873 5002 4704 2334 3030 2283 1781 1186 2149 2135 1700 435 595 871 452 502 203 1972 1591
internal_count=15307 8022 7285 5873 5002 4704 2334 3030 2283 1781 1186 2149 2135 1700 435 595 871 452 502 203 1972 1591
is_linear=0
shrinkage=0.035


Tree=44
num_leaves=23
num_cat=0
split_feature=8 8 15 25 20 8 20 21 4 25 22 25 25 25 12 8 20 21 20 27 14 12
split_gain=1118.25 125.193 88.0961 20.3368 15.9303 14.3641 13.3417 10.1263 9.33484 7.97814 7.9484 8.38884 6.98736 6.43998 6.39564 6.1547 6.11166 18.3017 10.1701 6.18995 6.01933 9.60563
threshold=5.1743423595009279 15.752049219590733 0.18634259259259262 200.00000000000003 25.500000000000004 3.0618511121266239 22.500000000000004 2.5000000000000004 5.9680479807034317 191.00000000000003 3735.5000000000005 729.50000000000011 180.50000000000003 807.00000000000011 6.783646224184138 8.002826497466204 10.500000000000002 3.5000000000000004 14.500000000000002 2.5000000000000004 1.0000000180025095e-35 1.7994708216848749
decision_type=2 2 2 2 2 2 2 2 2 2 2 2 2 2 2 2 2 2 2 2 2 2
left_child=2 4 5 -3 7 10 -7 13 -5 15 20 -12 -4 14 -2 -9 -11 18 -18 -19 -1 -22
right_child=1 3 12 8 -6 6 -8 9 -10 16 11 -13 -14 -15 -16 -17 17 19 -20 -21 21 -23
leaf_value=-0.1947158118342904 0.0082863025406169303 2.5091330340722289 -0.04535729073593768 0.20645556582580626 0.44261965366454131 -0.16488169362224064 0.016139809338026671 0.045060803255783814 1.1716472286368076 0.3404859561965885 -0.27548262918221306 -0.16060835767844217 -0.71035729073593779 0.22894577678465775 1.1028993801736555 -0.30321802149991617 0.024526593305095087 -0.23195653002039657 0.51051105870121283 0.053230015403254997 0.13109441332491981 -0.14585999152631154
leaf_weight=101 1840 1452 45 175 747 1228 296 159 1230 732 2388 536 2727 334 103 49 156 126 414 389 72 53
leaf_count=101 1840 1452 45 175 747 1228 296 159 1230 732 2388 536 2727 334 103 49 156 126 414 389 72 53
internal_value=-0.00180846 0.00735526 -0.0115391 0.0132075 0.00403047 -0.00858356 -0.00573414 0.0031977 0.0101028 0.005 -0.00994532 -0.0104379 -0.0164917 0.00157975 0.000790554 -0.00139671 0.00574369 0.00401376 0.0083087 -0.000740385 -0.00340909 0.00161538
internal_weight=15352 7906 7446 2857 5049 4674 1524 4302 1405 2025 3150 2924 2772 2277 1943 208 1817 1085 570 515 226 125
internal_count=15352 7906 7446 2857 5049 4674 1524 4302 1405 2025 3150 2924 2772 2277 1943 208 1817 1085 570 515 226 125
is_linear=0
shrinkage=0.035


Tree=45
num_leaves=23
num_cat=0
split_feature=9 9 9 9 21 21 22 24 26 21 23 22 4 21 21 9 9 9 2 11 24 27
split_gain=1083.04 121.605 92.4314 23.0094 12.8588 12.6887 8.26994 7.95728 9.09677 7.94862 6.9308 6.4446 9.2324 6.59188 6.30597 6.05725 6.17152 5.51433 4.82199 4.7805 4.7371 5.87568
threshold=4.6144343751486616 18.074005295944417 1.573233841878634 12.145154118299546 2.5000000000000004 2.5000000000000004 16785.000000000004 11523.000000000002 1.0000000180025095e-35 3.5000000000000004 60300.000000000007 16785.000000000004 5.0127769206881263 3.5000000000000004 3.5000000000000004 9.5893784702334361 10.786076004550843 8.6090456859449613 8.9846950015344529 7.2126256479035415 4472.0000000000009 3.5000000000000004
decision_type=2 2 2 2 2 2 2 2 2 2 2 2 2 2 2 2 2 2 2 2 2 2
left_child=2 3 -1 5 -4 20 -3 8 -6 17 15 -5 -13 19 -10 -11 -17 -7 -8 -14 -2 -22
right_child=1 6 4 11 7 9 18 -9 14 10 -12 12 13 -15 -16 16 -18 -19 -20 -21 21 -23
leaf_value=-0.74119669462542648 -0.071661515281844654 2.6548375594957214 -0.24655480914977204 1.2731700000744732 -0.1998929126532718 0.21245093501315881 0.099498888059383297 -0.0083233479584385976 0.025943620480014914 -0.059359893204982694 0.34468699785833701 0.039940210852498555 0.86261898659423442 0.18562121138582371 -0.14100516316813744 0.61764351244441407 -0.14134123311793667 0.48277786211822804 1.4315566087814935 0.041234677367595653 0.020718435229910598 0.18266139015426272
leaf_weight=2582 322 1288 2396 197 1658 691 47 219 248 408 293 228 967 345 229 66 46 438 708 88 1504 425
leaf_count=2582 322 1288 2396 197 1658 691 47 219 248 408 293 228 967 345 229 66 46 438 708 88 1504 425
internal_value=-0.00183433 0.00701649 -0.0115657 0.00450066 -0.00864511 0.00305979 0.0143896 -0.00675816 -0.00740888 0.00513225 0.00243888 0.00778415 0.00699786 0.00805872 -0.00304979 0 0.00702991 0.00703704 0.0112368 0.0094434 0.00125665 0.0019183
internal_weight=15393 8061 7332 6018 4750 4193 2043 2354 2135 1942 813 1825 1628 1400 477 520 112 1129 755 1055 2251 1929
internal_count=15393 8061 7332 6018 4750 4193 2043 2354 2135 1942 813 1825 1628 1400 477 520 112 1129 755 1055 2251 1929
is_linear=0
shrinkage=0.035


Tree=46
num_leaves=23
num_cat=0
split_feature=9 9 9 9 24 25 22 9 20 22 9 20 22 20 4 20 22 24 24 24 9 24
split_gain=1029.39 117.357 93.9813 20.7337 11.042 12.0581 13.8464 9.23613 8.97094 8.45034 7.74559 7.2842 6.97393 6.42519 6.29455 9.97685 6.00283 6.46253 5.6092 7.35974 8.57045 5.88112
threshold=4.6144343751486616 18.385164835164836 1.4655513469079844 12.145154118299546 11523.000000000002 729.50000000000011 3735.5000000000005 6.2397892490499585 24.500000000000004 16785.000000000004 2.3573097272802586 19.500000000000004 16785.000000000004 25.500000000000004 5.0127769206881263 9.5000000000000018 31960.500000000004 4472.0000000000009 4326.0000000000009 8654.0000000000018 2.0719489168320893 3345.5000000000005
decision_type=2 2 2 2 2 2 2 2 2 2 2 2 2 2 2 2 2 2 2 2 2 2
left_child=2 3 -1 7 5 6 -4 16 12 -3 -7 -6 -5 -9 -14 -16 17 -2 21 -20 -21 -8
right_child=1 9 4 8 11 10 18 13 -10 -11 -12 -13 14 -15 15 -17 -18 -19 19 20 -22 -23
leaf_value=-0.72955290124828998 0.00034686703374525512 2.6459337374227361 -0.090283990693896615 1.0453505916457211 -0.11898212167229943 0.065832717857105441 -0.30854488534105823 0.12115975364201448 1.355801581430526 1.2984600599109521 -0.14460806327545325 0.05318167517915779 -0.014301553152117921 0.33603654382029313 0.94491030045624147 0.20682995552057779 -0.1198491250333158 0.30434864580477694 -0.35899805609098046 -0.029154468012407835 -0.26234615894629298 -0.19121687361124884
leaf_weight=2383 328 1250 476 175 290 83 639 2974 372 665 897 169 221 517 410 745 339 92 485 113 384 1453
leaf_count=2383 328 1250 476 175 290 83 639 2974 372 665 897 169 221 517 410 745 339 92 485 113 384 1453
internal_value=-0.00181846 0.00680063 -0.0112752 0.00444157 -0.00852223 -0.00904906 -0.0100077 0.00306404 0.0074611 0.0143646 -0.00552538 -0.00324353 0.00623072 0.00382437 0.0053349 0.00636638 -0.000412304 0.00234706 -0.0108728 -0.0131738 -0.0099004 -0.0097556
internal_weight=15460 8088 7372 6173 4989 4530 3550 4250 1923 1915 980 459 1551 3491 1376 1155 759 420 3074 982 497 2092
internal_count=15460 8088 7372 6173 4989 4530 3550 4250 1923 1915 980 459 1551 3491 1376 1155 759 420 3074 982 497 2092
is_linear=0
shrinkage=0.035


Tree=47
num_leaves=23
num_cat=0
split_feature=9 9 9 22 9 21 20 20 21 26 22 27 24 9 22 24 9 26 8 9 21 23
split_gain=1006.36 123.551 94.7779 20.0313 14.5832 14.3107 12.6514 11.3866 9.0127 8.83308 7.96253 5.98818 7.8144 5.93531 6.16635 5.51205 5.45708 5.31834 8.1017 5.55407 5.16587 7.4285
threshold=4.6144343751486616 16.000142857142858 1.573233841878634 16785.000000000004 7.7692754686766738 2.5000000000000004 26.500000000000004 22.500000000000004 2.5000000000000004 1.0000000180025095e-35 17236.500000000004 2.5000000000000004 5252.0000000000009 13.156280398468322 31797.000000000004 11523.000000000002 8.7171428571428589 1.0000000180025095e-35 2.7861226886287489 2.7105779258776592 2.5000000000000004 62950.000000000007
decision_type=2 2 2 2 2 2 2 2 2 2 2 2 2 2 2 2 2 2 2 2 2 2
left_child=2 4 -1 -3 -2 15 17 10 9 -5 -6 13 -13 14 -12 -4 -16 18 -7 -19 21 -14
right_child=1 3 5 8 7 6 -8 -9 -10 -11 11 12 20 -15 16 -17 -18 19 -20 -21 -22 -23
leaf_value=-0.70142585017685932 0.033804081775386338 2.3040091085435535 -0.23934884493154973 0.18214756561839218 1.0619160669166519 -0.2252536944193976 0.034555988698693293 0.47061035639530757 1.2091957958745514 1.4468022006064616 0.22378682702879979 -0.16276693561955591 0.19155344306059038 -0.42803863656592589 0.0043712090273075078 -0.085896802205950487 -0.61342050981488616 0.043481716577791693 -0.13705275330955641 -0.12516073973310499 0.31508446943100443 -0.055042633638988862
leaf_weight=2580 1975 1446 2157 402 171 989 202 803 763 200 310 124 600 47 100 236 46 144 737 274 849 239
leaf_count=2580 1975 1446 2157 402 171 989 202 803 763 200 310 124 600 47 100 236 46 144 737 274 849 239
internal_value=-0.00187171 0.0066448 -0.0112684 0.0125657 0.00347077 -0.00830734 -0.00631965 0.0048983 0.00942701 0.0060832 0.00370233 0.00313793 0.00407402 -0.000206693 0.00102495 -0.0102314 -0.00475166 -0.00710912 -0.0079766 -0.00343381 0.00470319 0.0026955
internal_weight=15394 8075 7319 2811 5264 4739 2346 3289 1365 602 2486 2315 1812 503 456 2393 146 2144 1726 418 1688 839
internal_count=15394 8075 7319 2811 5264 4739 2346 3289 1365 602 2486 2315 1812 503 456 2393 146 2144 1726 418 1688 839
is_linear=0
shrinkage=0.035


Tree=48
num_leaves=23
num_cat=0
split_feature=9 9 9 9 21 9 21 4 21 21 25 8 25 25 11 3 11 11 9 22 23 8
split_gain=966.587 123.82 94.0092 21.2927 13.6337 12.3388 11.2167 7.43102 9.03095 8.01831 7.27533 7.06404 8.35781 6.73746 6.44883 6.29229 5.6493 5.51109 6.52206 5.26937 4.99459 4.9525
threshold=4.6144343751486616 17.974087893652136 1.573233841878634 10.641359123216922 2.5000000000000004 20.286476540839413 2.5000000000000004 5.172349027628159 3.5000000000000004 2.5000000000000004 729.50000000000011 2.985127205852542 195.50000000000003 191.00000000000003 6.3509250569544022 6.9966807769941894 3.8912331299044887 3.8912331299044887 6.2397892490499585 16785.000000000004 62950.000000000007 2.1428827258405723
decision_type=2 2 2 2 2 2 2 2 2 2 2 2 2 2 2 2 2 2 2 2 2 2
left_child=2 3 -1 6 10 19 17 16 9 13 -4 12 -6 -9 -15 -7 -5 18 -2 -3 -8 -12
right_child=1 5 4 7 11 15 20 8 -10 -11 21 -13 -14 14 -16 -17 -18 -19 -20 -21 -22 -23
leaf_value=-0.64446864494840972 -0.055365871414888697 1.2988146890735437 -0.24677048166819118 -0.30685353845948454 -0.021162973305355097 1.0583577550468801 0.1383335248671444 1.4163517171560931 0.15454896307368701 0.94461018884290138 0.059104154191917967 -0.073883999002915035 -0.19621688904689819 0.37882070865389678 -0.049972408780438189 2.5511641235852354 0.31872762145983397 -0.081408829553347425 0.09370255109569442 0.84848238695548162 0.35067943469409346 -0.16088060008411845
leaf_weight=2579 508 257 1911 92 201 104 1341 96 442 611 51 887 1255 736 118 1291 252 346 1141 474 336 430
leaf_count=2579 508 257 1911 92 201 104 1341 96 442 611 51 887 1255 736 118 1291 252 346 1141 474 336 430
internal_value=-0.00192156 0.00636871 -0.0111542 0.00379399 -0.00820359 0.0136239 0.0021179 0.00639881 0.00721614 0.00847063 -0.0100824 -0.00626065 -0.00777379 0.00635864 0.00527648 0.0156 0.00155444 0.0003325 0.00118501 0.00974864 0.00422414 -0.00604938
internal_weight=15459 8145 7314 6019 4735 2126 3672 2347 2003 1561 2392 2343 1456 950 854 1395 344 1995 1649 731 1677 481
internal_count=15459 8145 7314 6019 4735 2126 3672 2347 2003 1561 2392 2343 1456 950 854 1395 344 1995 1649 731 1677 481
is_linear=0
shrinkage=0.035


Tree=49
num_leaves=23
num_cat=0
split_feature=8 8 15 22 8 7 20 20 22 5 25 21 20 21 12 8 0 21 20 21 21 25
split_gain=898.451 112.12 95.8826 23.7364 15.1639 14.8344 17.5748 13.6868 12.8125 9.62732 8.40361 7.70696 7.45264 12.7562 7.3322 7.26259 7.19158 6.0377 6.83107 5.98691 8.85879 5.60438
threshold=4.8263308037724721 15.752049219590733 0.22474747474747478 16785.000000000004 6.2169130934036625 2.714197881277439 25.500000000000004 19.500000000000004 3735.5000000000005 12.696322922042574 729.50000000000011 2.5000000000000004 8.5000000000000018 1.5000000000000002 1.7128783259046561 2.1255520827819288 10.875946117517978 3.5000000000000004 14.500000000000002 2.5000000000000004 3.5000000000000004 191.00000000000003
decision_type=2 2 2 2 2 2 2 2 2 2 2 2 2 2 2 2 2 2 2 2 2 2
left_child=2 4 5 -3 -2 8 11 12 -1 21 -10 -7 13 -6 -4 -12 19 18 -14 -9 -21 -5
right_child=1 3 14 9 7 6 -8 16 10 -11 15 -13 17 -15 -16 -17 -18 -19 -20 20 -22 -23
leaf_value=0.0054170602124872505 -0.046310266951388859 2.1572660422288052 -0.65691224237521528 1.3068733792597518 -0.12290690628802733 -0.21307108618647289 0.034087233159926622 0.048902431354368621 -0.23691224237521527 1.0564750214824972 0.074506323307059114 -0.10902094658992453 -0.0019752596782679891 0.26068195891815321 -0.095958835405501916 -0.16405269340173431 0.54253713454631147 -0.094625784549832601 0.18762427139336291 0.54853087602698691 0.078503753325838518 0.24379281286964516
leaf_weight=151 755 1434 2359 117 252 869 302 485 2226 943 56 1076 703 919 75 306 616 402 593 290 201 363
leaf_count=151 755 1434 2359 117 252 869 302 485 2226 943 56 1076 703 919 75 306 616 402 593 290 201 363
internal_value=-0.00183379 0.0062435 -0.0106226 0.0118134 0.0031809 -0.00782258 -0.00567274 0.00395768 -0.00956633 0.00852941 -0.0101437 -0.00689231 0.00249652 0.00464286 -0.0163233 -0.00500681 0.00656387 0.00099677 0.00216564 0.00462029 0.00733871 0.00436598
internal_weight=15493 8073 7420 2857 5216 4986 2247 4461 2739 1423 2588 1945 2869 1171 2434 362 1592 1698 1296 976 491 480
internal_count=15493 8073 7420 2857 5216 4986 2247 4461 2739 1423 2588 1945 2869 1171 2434 362 1592 1698 1296 976 491 480
is_linear=0
shrinkage=0.035


Tree=50
num_leaves=23
num_cat=0
split_feature=9 9 9 9 20 25 21 25 20 5 24 10 20 20 9 22 21 25 21 20 25 8
split_gain=851.019 113.845 110.472 19.9603 15.2539 14.8258 13.8632 13.0086 12.7032 7.49986 6.96694 6.80206 6.74665 10.9249 7.93253 6.57549 7.95242 11.2543 8.5331 20.734 8.34755 7.82909
threshold=4.6144343751486616 17.974087893652136 1.573233841878634 7.834438775510205 26.500000000000004 210.50000000000003 1.5000000000000002 878.00000000000011 26.500000000000004 12.696322922042574 11523.000000000002 1.1758402850776715 8.5000000000000018 18.500000000000004 3.7503880141252837 17236.500000000004 2.5000000000000004 106.50000000000001 3.5000000000000004 9.5000000000000018 831.00000000000011 17.839743589743595
decision_type=2 2 2 2 2 2 2 2 2 2 2 2 2 2 2 2 2 2 2 2 2 2
left_child=2 3 -1 -2 15 -3 7 10 11 -7 -4 -8 14 -14 -13 21 17 -17 20 -20 -18 -5
right_child=1 5 6 4 -6 9 8 -9 -10 -11 -12 12 13 -15 -16 16 18 -19 19 -21 -22 -23
leaf_value=-0.61362031389208271 0.020211591254168156 2.2932129776734809 -0.27248773273290522 0.8375228007666885 0.82499750121187054 0.36663524775917283 -0.19515176166387263 0.00054551989091983449 0.011741915823224574 1.2535737339410382 -0.077840265006391615 -0.092570896678437126 -0.2041803782567804 -0.065793510226801771 0.14696160278953901 1.3390352554274809 0.49282207056639094 0.035648252374263056 0.61978515646811849 -0.039121727880669685 -0.021847310700346373 -0.083084087235901632
leaf_weight=2601 2030 1264 967 403 436 226 944 125 316 582 112 687 928 634 57 86 642 1403 278 535 100 91
leaf_count=2601 2030 1264 967 403 436 226 944 125 316 582 112 687 928 634 57 86 642 1403 278 535 100 91
internal_value=-0.00186189 0.00598348 -0.0104582 0.00353262 0.00497424 0.0130513 -0.00727487 -0.0105521 -0.00615024 0.00919127 -0.0117851 -0.00680108 -0.00573237 -0.0070469 -0.00292056 0.00419348 0.00356428 0.00171017 0.00531731 0.00278117 0.00803548 0.00796092
internal_weight=15447 8076 7371 6004 3974 2072 4770 1204 3566 808 1079 3250 2306 1562 744 3538 3044 1489 1555 813 742 494
internal_count=15447 8076 7371 6004 3974 2072 4770 1204 3566 808 1079 3250 2306 1562 744 3538 3044 1489 1555 813 742 494
is_linear=0
shrinkage=0.035


Tree=51
num_leaves=23
num_cat=0
split_feature=9 9 9 9 22 21 7 25 21 25 25 24 15 4 12 24 21 8 5 22 9 22
split_gain=829.675 110.884 107.07 15.3294 13.7858 13.4776 9.18919 11.2662 8.83119 11.7774 8.5897 9.63611 8.56729 7.77455 9.43917 7.57596 7.50733 6.13885 6.09578 5.66295 5.63707 5.49979
threshold=5.1377390466676189 1.3584084897651272 17.974087893652136 10.508507269154792 16785.000000000004 2.5000000000000004 3.5719447622651486 878.00000000000011 3.5000000000000004 729.50000000000011 294.00000000000006 8120.5000000000009 0.10620300751879701 5.172349027628159 4.4984192253111397 12965.500000000002 2.5000000000000004 8.3405067155067165 7.9732713418271493 33201.500000000007 20.143619397982267 43337.000000000007
decision_type=2 2 2 2 2 2 2 2 2 2 2 2 2 2 2 2 2 2 2 2 2 2
left_child=1 -1 3 15 -4 6 7 -3 10 -10 -7 -12 -11 19 -15 16 -2 -17 -6 -5 -20 -18
right_child=2 5 4 13 18 8 -8 -9 9 12 11 -13 -14 14 -16 17 21 -19 20 -21 -22 -23
leaf_value=-0.64744360290585989 -0.014917459034494096 -0.22137958837305921 2.1764992765322257 0.42513214171921154 0.26058423498616456 0.0054030200164923861 -0.079806454779507097 -0.048084766574312432 -0.20056355357174813 0.045267557530597587 -0.15240938576298665 0.0059872173921436209 -0.2527337132333306 0.68418749587685912 0.34040413481238913 0.44447975710737292 0.093083703818372721 0.15620709307223588 0.92514351497519354 -0.18090397148024567 1.8728810030795087 0.32476993098838319
leaf_weight=2200 1514 2135 1317 181 160 440 341 201 997 158 623 262 63 668 1338 158 1024 500 361 161 260 303
leaf_count=2200 1514 2135 1317 181 160 440 341 201 997 158 623 262 63 668 1338 158 1024 500 361 161 260 303
internal_value=-0.0017944 -0.0102077 0.00606226 0.00361842 0.01284 -0.00741196 -0.00916107 -0.00994981 -0.00554945 -0.00771259 -0.00352632 -0.00550562 -0.000309735 0.00580854 0.00663973 0.00213756 0.00134048 0.00551659 0.00899491 0.000857349 0.0105671 0.00325826
internal_weight=15365 7420 7945 5847 2098 5220 2677 2336 2543 1218 1325 885 221 2348 2006 3499 2841 658 781 342 621 1327
internal_count=15365 7420 7945 5847 2098 5220 2677 2336 2543 1218 1325 885 221 2348 2006 3499 2841 658 781 342 621 1327
is_linear=0
shrinkage=0.035


Tree=52
num_leaves=23
num_cat=0
split_feature=9 9 9 20 21 3 9 20 5 21 21 12 20 12 9 20 21 20 20 20 21 24
split_gain=776.586 112.359 108.638 16.4361 15.3178 13.8213 13.4985 11.4944 11.0814 10.1495 24.2392 10.0471 10.0181 8.62687 8.09839 7.4216 7.21397 6.99497 5.83056 9.16944 6.12627 6.9025
threshold=4.6144343751486616 18.074005295944417 1.3584084897651272 18.500000000000004 2.5000000000000004 6.9966807769941894 21.215047969410843 26.500000000000004 10.946439606378263 2.5000000000000004 3.5000000000000004 1.2845633049924936 9.5000000000000018 1.7036763559484533 12.145154118299546 19.500000000000004 1.5000000000000002 9.5000000000000018 7.5000000000000009 16.500000000000004 3.5000000000000004 3291.5000000000005
decision_type=2 2 2 2 2 2 2 2 2 2 2 2 2 2 2 2 2 2 2 2 2 2
left_child=2 3 -1 8 13 -3 15 11 -2 14 -11 -6 -10 -4 -5 17 -16 -7 -13 -20 -21 -22
right_child=1 5 4 9 7 6 -8 -9 12 10 -12 18 -14 -15 16 -17 -18 -19 19 20 21 -23
leaf_value=-0.62478307680415479 0.027294858191487567 0.54123859524119489 -0.21618608274093939 0.042005861244803315 -0.2624591067905202 1.1627993081113972 2.371645617623777 0.034901465845976018 0.59279951717311152 0.6940364870443515 0.031799319704209669 -0.045929075368633297 0.050799219955052988 -0.1361201632231745 0.94092255065849106 1.4822940363762167 0.040714758567173284 0.47120974906205987 -0.20883780010047526 0.0020129662052283948 0.0030930926591485179 -0.20443263748981944
leaf_weight=2163 2732 145 1614 853 370 222 1013 218 546 649 351 545 504 965 250 353 159 322 667 344 127 273
leaf_count=2163 2732 145 1614 853 370 222 1013 218 546 649 351 545 504 965 250 353 159 322 667 344 127 273
internal_value=-0.00177615 0.00567929 -0.0100641 0.00326624 -0.00726892 0.0127427 0.0135339 -0.00530698 0.00184381 0.00562748 0.00827114 -0.00602853 0.00489336 -0.00918344 0.00349448 0.0102439 0.00752415 0.00749089 -0.00498853 -0.00617938 -0.00343458 -0.00635185
internal_weight=15385 8099 7286 6044 5123 2055 1910 2544 3782 2262 1000 2326 1050 2579 1262 897 409 544 1956 1411 744 400
internal_count=15385 8099 7286 6044 5123 2055 1910 2544 3782 2262 1000 2326 1050 2579 1262 897 409 544 1956 1411 744 400
is_linear=0
shrinkage=0.035


Tree=53
num_leaves=23
num_cat=0
split_feature=9 9 9 20 25 21 3 20 5 12 25 12 25 21 20 20 21 24 25 11 25 3
split_gain=774.243 119.575 99.3053 17.8008 13.5353 12.9299 10.7895 10.7717 9.56114 9.09762 10.6814 9.00835 6.88056 6.75372 6.33392 12.0816 6.23345 8.23383 6.13503 6.21416 5.95768 5.94539
threshold=5.1377390466676189 1.4011821410901339 18.385164835164836 25.500000000000004 210.50000000000003 2.5000000000000004 13.982558156555685 26.500000000000004 12.996151141142256 1.7036763559484533 878.00000000000011 1.2957609874351619 299.00000000000006 2.5000000000000004 8.5000000000000018 16.500000000000004 3.5000000000000004 3291.5000000000005 324.00000000000006 1.381305237137983 637.50000000000011 8.942279580511066
decision_type=2 2 2 2 2 2 2 2 2 2 2 2 2 2 2 2 2 2 2 2 2 2
left_child=1 -1 3 6 21 9 -2 11 -6 10 -3 -7 -11 -5 -13 -16 18 -18 -17 -20 -19 -4
right_child=2 5 4 13 8 7 -8 -9 -10 12 -12 14 -14 -15 15 16 17 20 19 -21 -22 -23
leaf_value=-0.60291566911600947 0.076312766908963575 -0.22338944599174612 1.1636057080685835 0.25026323705442255 0.3742734321308186 -0.23275156950754722 0.3466327329896618 0.045249957775481776 1.190513581957642 -0.21620544305445138 0.010877197420442465 -0.045813754566837554 -0.0864526732951265 0.81642555831152441 -0.21432453084006994 0.057572998578512127 0.019127981912489496 -0.23865052710611051 0.13738593201762606 -0.19117784433013357 -0.0019478274019671816 2.2936354856084278
leaf_weight=2287 3857 1503 74 524 205 377 1280 219 517 359 97 619 733 346 588 175 122 221 45 105 74 1128
leaf_count=2287 3857 1503 74 524 205 377 1280 219 517 359 97 619 733 346 588 175 122 221 45 105 74 1128
internal_value=-0.00184961 -0.00989009 0.00577747 0.00355123 0.0126918 -0.00695727 0.00275671 -0.00513333 0.00873796 -0.0086624 -0.0103692 -0.00583333 -0.00610985 0.00818 -0.00483623 -0.00620037 -0.00316265 -0.00597156 0.000424242 -0.00462903 -0.0091 0.0150062
internal_weight=15455 7524 7931 6007 1924 5237 5137 2545 722 2692 1600 2326 1092 870 1949 1330 742 417 325 150 295 1202
internal_count=15455 7524 7931 6007 1924 5237 5137 2545 722 2692 1600 2326 1092 870 1949 1330 742 417 325 150 295 1202
is_linear=0
shrinkage=0.035


Tree=54
num_leaves=23
num_cat=0
split_feature=9 9 9 9 21 20 25 20 20 21 25 20 21 4 21 21 20 9 25 8 10 12
split_gain=723.175 113.654 99.5137 21.4893 13.5801 12.2453 9.77665 9.54451 12.8313 12.3512 13.2568 9.26739 11.6623 9.54742 9.19248 8.80836 9.85805 8.78893 8.76613 7.99671 7.78521 6.87615
threshold=4.6144343751486616 1.3584084897651272 20.143619397982267 12.145154118299546 2.5000000000000004 20.500000000000004 729.50000000000011 17.500000000000004 8.5000000000000018 3.5000000000000004 324.00000000000006 8.5000000000000018 3.5000000000000004 6.9966807769941894 2.5000000000000004 2.5000000000000004 26.500000000000004 2.3573097272802586 210.50000000000003 3.0718573973290817 6.792853387410708 1.3378923384129464
decision_type=2 2 2 2 2 2 2 2 2 2 2 2 2 2 2 2 2 2 2 2 2 2
left_child=1 -1 3 15 6 11 -3 8 21 10 -9 13 14 -5 20 -2 -17 -8 -4 -11 -13 -6
right_child=2 4 18 5 7 -7 17 9 -10 19 -12 12 -14 -15 -16 16 -18 -19 -20 -21 -22 -23
leaf_value=-0.58181362069694909 0.017706316820013657 -0.20229115434074882 2.2886247136103268 0.12612771579688584 -0.15745527135777659 0.87340332519977981 0.093680076025872014 0.10744037341756138 -0.2183014115113362 -0.20936485522768522 -0.084373694475292541 0.27344535299159733 -0.21570402710890726 0.9055409598266817 0.73072957715203057 0.12694574553926502 0.62003614801882878 -0.12124046516191016 1.2204594233470569 -0.0018796534428982172 -0.19616127507920611 -0.028539024834074351
leaf_weight=2194 2237 2131 997 184 123 780 56 291 804 278 301 372 224 500 252 1801 181 427 414 136 141 579
leaf_count=2194 2237 2131 997 184 123 780 56 291 804 278 301 372 224 500 252 1801 181 427 414 136 141 579
internal_value=-0.00183087 -0.00979761 0.00538328 0.00358806 -0.00692701 0.00619406 -0.00870657 -0.00505463 -0.00682164 -0.00237141 0.000850084 0.00446365 0.00225352 0.00759434 0.00431818 0.00206321 0.00376069 -0.00408811 0.0138171 -0.00697494 0.00155405 -0.00329208
internal_weight=15403 7320 8083 6672 5126 2453 2614 2512 1506 1006 592 1673 989 684 765 4219 1982 483 1411 414 513 702
internal_count=15403 7320 8083 6672 5126 2453 2614 2512 1506 1006 592 1673 989 684 765 4219 1982 483 1411 414 513 702
is_linear=0
shrinkage=0.035


Tree=55
num_leaves=23
num_cat=0
split_feature=9 9 9 9 20 23 20 21 9 25 21 20 25 21 25 21 20 23 12 15 9 20
split_gain=697.86 108.753 99.8365 29.7722 17.0147 11.7506 11.1403 16.7214 10.8027 9.52119 9.8903 10.9281 9.20547 7.48603 7.0589 6.96039 6.749 6.06491 6.05514 5.94757 5.94529 5.40273
threshold=3.6353955996051828 20.143619397982267 1.3584084897651272 7.7692754686766738 18.500000000000004 62250.000000000007 8.5000000000000018 1.5000000000000002 13.898167688792691 729.50000000000011 2.5000000000000004 25.500000000000004 195.50000000000003 3.5000000000000004 210.50000000000003 2.5000000000000004 19.500000000000004 39000.000000000007 5.4785645940392262 0.32738095238095244 2.3573097272802586 10.500000000000002
decision_type=2 2 2 2 2 2 2 2 2 2 2 2 2 2 2 2 2 2 2 2 2 2
left_child=2 3 19 16 6 9 7 -5 -6 10 -4 12 -12 15 -3 17 -2 -8 -9 -1 -11 -15
right_child=1 14 5 4 8 -7 13 18 -10 20 11 -13 -14 21 -16 -17 -18 -19 -20 -21 -22 -23
leaf_value=-0.24358619324318578 -0.033595838135502737 2.1798548726748295 -0.18485053847556293 -0.11056469952693491 0.24940270526333458 -0.31639730182092957 0.24426243965747768 0.31072572899380058 1.0146903952146911 0.082409110682219705 -0.035715520589387886 0.027202854621182805 -0.16768673000788267 0.3605789188600878 1.2322843371884438 0.34206708120709967 0.071782659709604402 -0.056427403371494197 1.0339029761800898 -0.63145014397255594 -0.094284895665800908 -0.22763319075363642
leaf_weight=453 1608 1010 1825 289 1083 161 344 710 699 87 383 217 1191 83 418 419 853 477 285 1730 779 324
leaf_count=453 1608 1010 1825 289 1083 161 344 710 699 87 383 217 1191 83 418 419 853 477 285 1730 779 324
internal_value=-0.00172245 0.00490618 -0.0100758 0.00314215 0.00477003 -0.00715361 0.00311138 0.00555275 0.00747202 -0.00679797 -0.00759252 -0.00569042 -0.00670519 0.00118644 0.0137142 0.00254418 1.4193e-05 0.000635593 0.0077 -0.0162523 -0.00343571 -0.00288835
internal_weight=15428 8602 6826 7174 4713 4643 2931 1284 1782 4482 3616 1791 1574 1647 1428 1240 2461 821 995 2183 866 407
internal_count=15428 8602 6826 7174 4713 4643 2931 1284 1782 4482 3616 1791 1574 1647 1428 1240 2461 821 995 2183 866 407
is_linear=0
shrinkage=0.035


Tree=56
num_leaves=23
num_cat=0
split_feature=9 9 22 25 21 22 20 22 25 22 11 25 24 23 21 10 22 15 25 9 9 21
split_gain=672.822 121.004 90.3793 24.7851 24.2177 14.0414 13.5548 12.5721 11.2585 11.0413 10.0206 10.002 9.14084 9.03358 8.51638 7.91665 7.329 7.29321 7.11748 7.59353 6.60434 5.89622
threshold=5.714900036625683 1.3584084897651272 13885.000000000002 106.50000000000001 2.5000000000000004 54348.000000000007 26.500000000000004 44839.000000000007 600.00000000000011 6498.5000000000009 3.3610568719828735 195.50000000000003 4472.0000000000009 42000.000000000007 2.5000000000000004 7.158228479897681 31797.000000000004 0.081666666666666679 224.50000000000003 13.312221499828377 0.98878360389629716 1.5000000000000002
decision_type=2 2 2 2 2 2 2 2 2 2 2 2 2 2 2 2 2 2 2 2 2 2
left_child=1 20 9 -4 12 7 13 8 11 10 -2 14 -5 16 -3 18 -6 -10 19 -14 -1 -13
right_child=2 5 3 4 6 -7 -8 -9 17 -11 -12 21 15 -15 -16 -17 -18 -19 -20 -21 -22 -23
leaf_value=-0.60934938893351642 -0.30330896659093132 -0.18045179674923878 1.1883365446799219 -0.24702475879336785 0.20641351856356269 -0.30558973704934855 0.93391472846814905 -0.042474842603761262 -0.057104101748308059 2.0606401777204915 1.189154385386848 -0.24122440944849391 0.0021095193122473432 0.34542461492147747 -0.034264263646828295 -0.28224157803172334 -0.038809305850816149 -0.16954621517817528 0.11246019208286659 -0.97408017804320224 -0.18934938893351638 -0.1630763291957481
leaf_weight=1615 45 515 499 170 841 164 237 1021 890 990 484 536 917 1324 467 158 417 257 1684 55 581 1550
leaf_count=1615 45 515 499 170 841 164 237 1021 890 990 484 536 917 1324 467 158 417 257 1684 55 581 1550
internal_value=-0.00183601 -0.00925306 0.00536673 0.00350999 0.0028564 -0.00642044 0.00518059 -0.0060871 -0.00693365 0.0130217 0.00871723 -0.0080467 0.000649883 0.00441728 -0.00505319 0.00113604 0.00225851 -0.00391927 0.00159808 -0.000770215 -0.0161801 -0.00943209
internal_weight=15417 7596 7821 6302 5803 5400 2819 5236 4215 1519 529 3068 2984 2582 982 2814 1258 1147 2656 972 2196 2086
internal_count=15417 7596 7821 6302 5803 5400 2819 5236 4215 1519 529 3068 2984 2582 982 2814 1258 1147 2656 972 2196 2086
is_linear=0
shrinkage=0.035


Tree=57
num_leaves=23
num_cat=0
split_feature=9 9 9 9 9 20 21 20 25 20 25 23 5 22 25 21 21 20 20 24 22 21
split_gain=636.87 107.516 98.8281 25.8816 16.6135 13.6696 12.653 13.3148 10.0264 9.1671 9.07451 7.81844 7.27017 6.93737 6.42937 6.28456 9.39766 24.3664 6.14144 6.03873 8.00268 5.95848
threshold=3.7503880141252837 1.7242762445887447 19.972535392007416 10.508507269154792 0.98878360389629716 24.500000000000004 1.5000000000000002 20.500000000000004 210.50000000000003 25.500000000000004 878.00000000000011 21250.000000000004 6.9747745027976142 16785.000000000004 180.50000000000003 2.5000000000000004 3.5000000000000004 9.5000000000000018 14.500000000000002 8120.5000000000009 5643.5000000000009 3.5000000000000004
decision_type=2 2 2 2 2 2 2 2 2 2 2 2 2 2 2 2 2 2 2 2 2 2
left_child=1 4 3 9 -1 13 10 -8 -4 11 -3 -2 -10 -5 -6 -15 18 -18 -17 20 -9 -21
right_child=2 6 8 5 14 -7 7 19 12 -11 -12 -13 -14 15 -16 16 17 -19 -20 21 -22 -23
leaf_value=-0.58802216032084331 -0.48642895840965344 -0.20938905204646052 2.100827392333207 0.69894263233591414 -0.10401636077612976 0.99747274724933355 -0.12880598849191346 0.080914330921031535 0.057510557103292476 0.16707941174230428 -0.014881630650718913 0.024809119808075056 1.4763791714818415 0.089082903464249852 -0.20120092392637537 0.35440122870060181 0.78028841065380394 -0.15219665240727795 0.82953801783039149 0.10022087956162069 -0.10623781433438134 -0.18567721375191654
leaf_weight=1577 109 938 1037 301 96 534 2154 102 108 584 117 3334 337 1060 1108 305 201 373 235 201 591 51
leaf_count=1577 109 938 1037 301 96 534 2154 102 108 584 117 3334 337 1060 1108 305 201 373 235 201 591 51
internal_value=-0.00172532 -0.00959726 0.0046835 0.00294525 -0.0149246 0.0053998 -0.00601286 -0.00485986 0.0128867 0.00110243 -0.00934434 0.000406032 0.00824444 0.00427621 -0.0116811 0.00355782 0.00539544 0.00220639 0.00870183 -0.00136316 -0.00305874 0.00320039
internal_weight=15453 6935 8518 7036 2781 3009 4154 3099 1482 4027 1055 3443 445 2475 1204 2174 1114 574 540 945 693 252
internal_count=15453 6935 8518 7036 2781 3009 4154 3099 1482 4027 1055 3443 445 2475 1204 2174 1114 574 540 945 693 252
is_linear=0
shrinkage=0.035


Tree=58
num_leaves=23
num_cat=0
split_feature=9 9 7 22 21 20 21 20 20 25 12 27 27 24 22 23 25 8 9 9 22 8
split_gain=611.55 111.925 93.1727 29.6157 12.8954 11.423 11.3127 12.4353 11.0448 10.4969 7.75918 7.54204 7.55101 7.52869 10.0495 7.43685 7.24502 7.02551 6.72016 6.14825 5.97854 5.89035
threshold=3.7503880141252837 1.3584084897651272 14.432142857142859 16785.000000000004 1.5000000000000002 19.500000000000004 2.5000000000000004 26.500000000000004 21.500000000000004 878.00000000000011 1.3378923384129464 2.5000000000000004 3.5000000000000004 8120.5000000000009 5643.5000000000009 21250.000000000004 191.00000000000003 19.15626780082474 0.91360632121501695 5.5363286080542542 6498.5000000000009 7.7870228156727048
decision_type=2 2 2 2 2 2 2 2 2 2 2 2 2 2 2 2 2 2 2 2 2 2
left_child=1 18 6 20 9 11 15 16 10 -3 -6 17 -13 14 -10 -2 21 -5 -1 -18 -4 -8
right_child=2 4 3 5 8 -7 7 -9 13 -11 -12 12 -14 -15 -16 -17 19 -19 -20 -21 -22 -23
leaf_value=-0.56744138470961381 -0.56288032870903648 -0.20206043522483438 1.0780918132273074 0.28358766205808938 -0.1928151186464869 1.1267052295066611 0.021463227736394901 0.5392230142073452 0.090803628270659908 0.0057329539156202895 -0.11223530845207166 0.56356483138362101 -0.32079270010047078 0.044369067328227027 -0.1084325858084539 0.017902030268079017 -0.072352455120262824 -0.41518852011705037 -0.17958211056881471 0.18427611784514697 1.9149888127686128 -0.21211789917215276
leaf_weight=1556 93 1076 470 219 602 490 201 224 81 118 2025 849 66 232 620 2737 185 67 646 1753 970 76
leaf_count=1556 93 1076 470 219 602 490 201 224 81 118 2025 849 66 232 620 2737 185 67 646 1753 970 76
internal_value=-0.00181254 -0.00948535 0.00454105 0.0093192 -0.00644621 0.00612913 0.00169226 0.00343699 -0.00536536 -0.00961843 -0.00652926 0.00423715 0.00578261 -0.00205224 -0.00386686 0.000179012 0.00261712 -0.000661512 -0.0160093 0.00337751 0.013019 -0.00260638
internal_weight=15356 6956 8400 3131 4754 1691 5269 2439 3560 1194 2627 1201 915 933 701 2830 2215 286 2202 1938 1440 277
internal_count=15356 6956 8400 3131 4754 1691 5269 2439 3560 1194 2627 1201 915 933 701 2830 2215 286 2202 1938 1440 277
is_linear=0
shrinkage=0.035


Tree=59
num_leaves=23
num_cat=0
split_feature=9 9 9 8 20 9 21 25 9 20 20 22 12 21 24 24 21 25 12 7 25 23
split_gain=570.808 106.388 89.0218 26.5273 20.0218 18.1012 11.7848 11.1606 8.66055 8.53328 8.25747 7.80549 7.24451 6.79204 9.65546 9.24946 5.97854 9.40179 6.87496 5.9732 5.31577 5.29945
threshold=3.6353955996051828 0.98878360389629716 20.981133275605298 11.214863099812341 24.500000000000004 1.7242762445887447 1.5000000000000002 878.00000000000011 6.1444750999722366 16.500000000000004 8.5000000000000018 16785.000000000004 3.5327268122738742 3.5000000000000004 3792.0000000000005 8654.0000000000018 2.5000000000000004 106.50000000000001 4.1548883195934261 19.000701735785487 381.00000000000006 62950.000000000007
decision_type=2 2 2 2 2 2 2 2 2 2 2 2 2 2 2 2 2 2 2 2 2 2
left_child=1 -1 3 8 11 -3 7 -7 -2 10 -8 -5 -4 15 -15 -11 17 -13 -18 21 -12 -19
right_child=2 5 12 4 -6 6 9 -9 -10 13 20 16 -14 14 -16 -17 18 19 -20 -21 -22 -23
leaf_value=-0.54758093624477733 -0.037428353542942223 -0.18099899547104087 -0.018851618039098812 0.68891069787794668 1.2419460654352297 -0.19843132246884571 -0.084644409984767868 0.030875210924187404 0.076790996134544973 -0.041901220879360004 -0.22386517090008221 0.93790757919552981 1.8479642043217108 -0.014536178797455631 -0.20559197883270022 0.096156173805539327 0.69547311277944435 0.099126676938285613 0.27646582513382606 -0.37398971899655875 -0.10257416166400785 -0.22540731432291014
leaf_weight=1622 1155 1215 45 437 534 915 867 121 3170 797 441 156 1079 151 185 177 119 646 966 98 382 89
leaf_count=1622 1155 1215 45 437 534 915 867 121 3170 797 441 156 1079 151 185 177 119 646 966 98 382 89
internal_value=-0.00184654 -0.00934283 0.00421903 0.00281186 0.00531311 -0.00690544 -0.00575538 -0.00899376 0.00104273 -0.00461814 -0.00626696 0.00397854 0.0133769 -0.00246198 -0.00672287 -0.000947395 0.00305556 0.00105634 0.00484862 -0.000417661 -0.00879227 0.000662162
internal_weight=15367 6873 8494 7370 3045 5251 4036 1036 4325 3000 1690 2511 1124 1310 336 974 2074 989 1085 833 823 735
internal_count=15367 6873 8494 7370 3045 5251 4036 1036 4325 3000 1690 2511 1124 1310 336 974 2074 989 1085 833 823 735
is_linear=0
shrinkage=0.035


Tree=60
num_leaves=23
num_cat=0
split_feature=9 9 9 7 23 20 21 9 21 20 25 12 9 27 20 4 20 20 21 25 24 23
split_gain=558.983 118.493 81.2364 22.2056 14.7102 14.6273 10.9621 10.4961 9.74392 10.4763 8.99514 9.52408 12.9249 10.1971 7.86855 7.26466 6.861 11.2821 7.79439 9.80625 8.87374 6.24839
threshold=4.6144343751486616 1.3584084897651272 21.215047969410843 14.432142857142859 62250.000000000007 24.500000000000004 2.5000000000000004 0.91360632121501695 2.5000000000000004 26.500000000000004 299.00000000000006 1.7717856088622941 2.3928766644799593 3.5000000000000004 26.500000000000004 11.946428571428573 8.5000000000000018 16.500000000000004 3.5000000000000004 324.00000000000006 3792.0000000000005 21250.000000000004
decision_type=2 2 2 2 2 2 2 2 2 2 2 2 2 2 2 2 2 2 2 2 2 2
left_child=1 7 3 8 6 21 10 -1 -2 -10 -3 12 13 -12 16 -4 -8 -18 19 -19 -20 -5
right_child=2 4 15 5 -6 -7 14 -9 9 -11 11 -13 -14 -15 -16 -17 17 18 20 -21 -22 -23
leaf_value=-0.55044928534571691 0.012605996404498471 -0.18302504603962474 0.79030320377821905 0.72520437326050624 -0.2832668424518146 1.5327818540673048 -0.032857905921305074 -0.16368480357714002 0.12197925024004712 0.63256072167732147 0.046304960231207774 -0.037619970085949146 -0.206428241583414 -0.14530110175962085 0.03837457558890895 1.9582854571704504 -0.18253424139097646 0.067005606422764638 -0.03795410641673503 -0.14176752388191746 -0.17353570936794291 0.25040402537438933
leaf_weight=1573 2694 1058 164 462 172 373 681 636 2040 195 144 587 419 288 210 928 696 215 208 205 245 1244
leaf_count=1573 2694 1058 164 462 172 373 681 636 2040 195 144 587 419 288 210 928 696 215 208 205 245 1244
internal_value=-0.00184723 -0.00884296 0.0044889 0.00309675 -0.00590834 0.00613004 -0.00554173 -0.0156188 0.00180888 0.00351563 -0.00718613 -0.00532398 -0.00768692 -0.0033238 -0.00385497 0.0133523 -0.00446231 -0.00573698 -0.00302961 0.000370588 -0.00618996 0.00471508
internal_weight=15437 7337 8100 7008 5128 2079 4956 2209 4929 2235 2496 1438 851 432 2460 1092 2250 1569 873 420 453 1706
internal_count=15437 7337 8100 7008 5128 2079 4956 2209 4929 2235 2496 1438 851 432 2460 1092 2250 1569 873 420 453 1706
is_linear=0
shrinkage=0.035


Tree=61
num_leaves=23
num_cat=0
split_feature=9 9 9 9 9 20 27 21 20 21 20 25 20 21 21 21 4 25 20 12 9 20
split_gain=532.917 120.22 78.2355 20.5093 18.8276 15.9096 14.219 13.144 8.5727 7.36245 9.93751 7.22135 6.98529 13.5704 14.7285 12.8978 12.5091 6.55955 6.37451 5.72924 5.4336 5.34925
threshold=4.6144343751486616 0.98878360389629716 20.981133275605298 12.698809523809524 1.7242762445887447 24.500000000000004 3.5000000000000004 1.5000000000000002 25.500000000000004 2.5000000000000004 26.500000000000004 180.50000000000003 8.5000000000000018 3.5000000000000004 2.5000000000000004 1.5000000000000002 6.9966807769941894 878.00000000000011 15.500000000000002 3.5327268122738742 5.3389258777073429 7.5000000000000009
decision_type=2 2 2 2 2 2 2 2 2 2 2 2 2 2 2 2 2 2 2 2 2 2
left_child=1 -1 3 9 6 12 11 17 21 -2 20 -3 16 14 15 -14 -5 -6 -16 -4 -11 -9
right_child=2 4 19 5 7 -7 -8 8 -10 10 -12 -13 13 -15 18 -17 -18 -19 -20 -21 -22 -23
leaf_value=-0.50914987848910997 0.0055134778329601992 -0.081006040630350662 0.075946514523002551 -0.11031521175299148 -0.18586272852708946 1.2313129893993764 -0.00060500442014076237 -0.051622593155902979 0.0066825886080506972 -0.38753368021144741 0.60221234833635251 -0.19077899982701185 0.37588086938001974 -0.17215889828770856 0.24217843084576376 -0.15483814799138204 0.84178218815684536 -0.028682989060959462 1.0978936566654354 1.7497454661694842 0.1053844431930903 -0.11096260932021282
leaf_weight=1605 2314 97 49 193 1045 465 153 813 430 45 185 985 388 318 147 324 510 126 193 1103 1844 2082
leaf_count=1605 2314 97 49 193 1045 465 153 813 430 45 185 985 388 318 147 324 510 126 193 1103 1844 2082
internal_value=-0.00181935 -0.0086463 0.00437987 0.00296674 -0.00626046 0.0054709 -0.0101048 -0.00519051 -0.00404655 0.00150979 0.00302189 -0.011511 0.00412656 0.00263455 0.00455298 0.00163529 0.00697034 -0.00839286 0.0105 0.0128111 0.00223601 -0.00473103
internal_weight=15414 7336 8078 6926 5731 2538 1235 4496 3325 4388 2074 1082 2073 1370 1052 712 703 1171 340 1152 1889 2895
internal_count=15414 7336 8078 6926 5731 2538 1235 4496 3325 4388 2074 1082 2073 1370 1052 712 703 1171 340 1152 1889 2895
is_linear=0
shrinkage=0.035


Tree=62
num_leaves=23
num_cat=0
split_feature=9 9 9 9 22 20 22 25 25 9 22 9 20 21 3 21 27 21 25 9 12 9
split_gain=522.135 109.248 79.0363 22.9229 16.4356 15.7797 10.2128 9.73912 14.4964 8.81288 8.03615 11.7739 9.89888 7.96639 7.91351 7.19991 8.20545 5.96554 5.42798 6.64534 5.39571 4.97558
threshold=3.6794790703574112 0.98878360389629716 21.215047969410843 12.88904440725347 54348.000000000007 26.500000000000004 16785.000000000004 381.00000000000006 180.50000000000003 6.1444750999722366 39092.000000000007 2.0719489168320893 20.500000000000004 2.5000000000000004 6.9966807769941894 2.5000000000000004 3.5000000000000004 1.5000000000000002 106.50000000000001 13.720201117958425 1.9422961801812175 23.572667725649094
decision_type=2 2 2 2 2 2 2 2 2 2 2 2 2 2 2 2 2 2 2 2 2 2
left_child=1 -1 3 9 7 6 -5 8 13 -2 -10 -12 -13 -3 -4 16 18 -14 -8 -20 -15 -16
right_child=2 4 14 5 -6 -7 15 -9 10 -11 11 12 17 20 21 -17 -18 -19 19 -21 -22 -23
leaf_value=-0.4913296327419911 -0.038069627775725298 -0.14680292417841861 0.69468862446507396 0.69567051658603407 -0.25528961559762203 1.4969857646890128 0.73491370744314455 -0.081074141362785929 -0.16424224512055904 0.075650218649707321 0.071380583477352377 -0.16798337776595368 -0.20518983666723334 0.079446735730002757 1.0875128575488624 0.45841495539304733 -0.58602303317412074 0.047971303254096459 0.39415374065496406 -0.070370018887839489 -0.054729262468334532 2.1435043748535523
leaf_weight=1599 1063 468 105 516 394 294 171 1912 1429 3800 104 381 64 224 437 852 58 130 128 533 194 551
leaf_count=1599 1063 468 105 516 394 294 171 1912 1429 3800 104 381 64 224 437 852 58 130 128 533 194 551
internal_value=-0.00185083 -0.00900348 0.00394896 0.00264623 -0.00656786 0.00533144 0.00430734 -0.00599725 -0.00725325 0.00122946 -0.00883696 -0.00557749 -0.0075431 -0.00343715 0.0127186 0.00299513 0.00076257 -0.000967337 0.00169355 0.00021021 4.13712e-05 0.0136934
internal_weight=15407 6899 8508 7415 5300 2552 2258 4906 2994 4863 2108 679 575 886 1093 1742 890 194 832 661 418 988
internal_count=15407 6899 8508 7415 5300 2552 2258 4906 2994 4863 2108 679 575 886 1093 1742 890 194 832 661 418 988
is_linear=0
shrinkage=0.035


Tree=63
num_leaves=23
num_cat=0
split_feature=9 9 9 20 23 3 9 23 25 23 9 20 8 20 3 8 4 10 11 12 13 23
split_gain=509.029 110.468 78.2525 25.5601 18.4189 16.8585 10.566 9.95342 15.6399 9.40104 18.7288 8.7595 8.66451 7.51776 7.00128 5.68504 4.55468 4.52156 3.91781 3.86405 3.76623 5.18596
threshold=3.6353955996051828 0.98878360389629716 20.981133275605298 25.500000000000004 62250.000000000007 13.508154244475653 13.156280398468322 4900.0000000000009 299.00000000000006 35850.000000000007 2.5714480930513881 7.5000000000000009 6.2169130934036625 16.500000000000004 16.040429585733566 2.8341563330877038 3.9929401464817613 7.5671594595926246 3.4362322837218549 6.5077789846562988 0.30952380952380959 17650.000000000004
decision_type=2 2 2 2 2 2 2 2 2 2 2 2 2 2 2 2 2 2 2 2 2 2
left_child=1 -1 3 5 7 12 -5 15 9 -9 16 -7 18 17 -4 -3 -11 -13 -2 -15 21 -10
right_child=2 4 14 6 -6 11 -8 8 20 10 -12 13 -14 19 -16 -17 -18 -19 -20 -21 -22 -23
leaf_value=-0.47413309559602146 -0.045365365807456898 0.086496560126560887 0.90814579102180959 0.19968333406435224 -0.24671841960696322 0.64468509983495914 1.3866328360474669 -0.17159418218377906 -0.15798156967889229 -0.023977052617443848 -0.22838887249721804 0.10445664305689299 0.06170797896070454 0.47626444497158493 1.7535809412657355 -0.058375040268837178 -0.1020585873113778 -0.32700457182818349 -0.28351355353406021 0.10427005095696389 0.027456636178495732 -0.079165976753017744
leaf_weight=1615 1010 148 252 717 394 475 371 926 442 504 317 514 3419 499 908 245 146 158 54 199 92 1976
leaf_count=1615 1010 148 252 717 394 475 371 926 442 504 317 514 3419 499 908 245 146 158 54 199 92 1976
internal_value=-0.0017152 -0.0088605 0.00395438 0.00262465 -0.00635659 0.00176575 0.00757319 -0.00574099 -0.00621711 -0.00863014 -0.0061214 0.00457838 0.00060049 0.00311818 0.0123927 -0.000351759 -0.00264504 0.000439439 -0.00214453 0.00565078 -0.00437674 -0.00464404
internal_weight=15381 6805 8576 7416 5190 6328 1088 4796 4403 1893 967 1845 4483 1370 1160 393 650 672 1064 698 2510 2418
internal_count=15381 6805 8576 7416 5190 6328 1088 4796 4403 1893 967 1845 4483 1370 1160 393 650 672 1064 698 2510 2418
is_linear=0
shrinkage=0.035


Tree=64
num_leaves=23
num_cat=0
split_feature=9 9 9 9 22 20 25 22 22 9 22 22 20 4 20 9 23 8 15 22 9 20
split_gain=476.577 117.581 77.0355 20.6139 16.064 12.0005 8.34138 13.21 9.69903 11.7665 9.59355 8.20415 8.07937 7.50878 6.89573 6.8047 6.3362 5.9431 5.50669 6.1931 5.2981 4.67095
threshold=3.6353955996051828 0.98878360389629716 21.215047969410843 10.508507269154792 54348.000000000007 26.500000000000004 381.00000000000006 5643.5000000000009 31960.500000000004 2.2594012527089604 47274.500000000007 16785.000000000004 25.500000000000004 9.9933189851049971 14.500000000000002 2.6071448546910281 21250.000000000004 2.5718369743430354 0.10263157894736843 15527.500000000002 13.156280398468322 9.5000000000000018
decision_type=2 2 2 2 2 2 2 2 2 2 2 2 2 2 2 2 2 2 2 2 2 2
left_child=1 -1 3 12 6 11 7 17 18 -10 15 -5 16 -4 -12 -11 -2 -3 -9 -20 -7 -13
right_child=2 4 13 5 -6 20 -8 8 9 10 14 21 -14 -15 -16 -17 -18 -19 19 -21 -22 -23
leaf_value=-0.45753843725016075 -0.22255789178351174 0.1208835691187419 0.58105316466434209 0.63626531840114386 -0.23703180772996135 0.39802846022044552 -0.073486254524285685 -0.29967357288435459 -0.0054043901241363204 -0.10129356676399617 -0.18289952183904348 0.41906015316299366 0.13731450634858425 1.6880745745903516 0.073805684347932013 -0.23489981663134485 0.012981730267893 -0.049460768465693729 -0.097546799756351069 -0.13900966316767857 1.455136716065119 0.094337291242648225
leaf_weight=1612 146 102 148 531 407 99 1835 228 417 262 83 809 584 948 101 300 3367 303 362 838 276 1674
leaf_count=1612 146 102 148 531 407 99 1835 228 417 262 83 809 584 948 101 300 3367 303 362 838 276 1674
internal_value=-0.0017288 -0.00861087 0.00376412 0.00248799 -0.0060514 0.00450648 -0.00547146 -0.00661863 -0.00753659 -0.00509418 -0.00771305 0.00375041 0.00081058 0.0124137 -0.000648148 -0.00996914 0.00016913 -0.000682927 -0.00948883 -0.00843776 0.0104079 0.00288384
internal_weight=15432 6850 8582 7486 5238 3389 4831 2996 2591 1163 746 3014 4097 1096 184 562 3513 405 1428 1200 375 2483
internal_count=15432 6850 8582 7486 5238 3389 4831 2996 2591 1163 746 3014 4097 1096 184 562 3513 405 1428 1200 375 2483
is_linear=0
shrinkage=0.035


Tree=65
num_leaves=23
num_cat=0
split_feature=9 9 9 20 22 9 21 20 25 25 22 21 22 9 22 7 21 21 20 20 23 12
split_gain=440.423 118.306 72.4782 18.1055 15.6356 13.6227 9.98467 10.6272 9.87047 9.77724 12.1427 9.72965 9.02635 11.2624 7.80711 7.18708 6.54156 7.5906 28.4033 11.494 6.39265 6.22956
threshold=3.6353955996051828 0.91360632121501695 21.215047969410843 26.500000000000004 54348.000000000007 7.7692754686766738 1.5000000000000002 26.500000000000004 878.00000000000011 381.00000000000006 5643.5000000000009 2.5000000000000004 31960.500000000004 2.5357338073371021 16785.000000000004 17.286263736263738 2.5000000000000004 3.5000000000000004 10.500000000000002 16.500000000000004 21250.000000000004 3.5327268122738742
decision_type=2 2 2 2 2 2 2 2 2 2 2 2 2 2 2 2 2 2 2 2 2 2
left_child=1 -1 3 5 6 20 8 9 -3 10 -8 15 -12 -14 -7 -5 -16 19 -19 -18 -2 -4
right_child=2 4 21 11 -6 14 7 -9 -10 -11 12 -13 13 -15 16 -17 17 18 -20 -21 -22 -23
leaf_value=-0.44152459194640509 -0.21535187797136265 -0.14976119334067858 0.028644525291188647 0.058870224816165835 -0.21014139219061945 0.6119392217879267 0.0062685178705394768 0.015402205881880404 0.037358232593285093 -0.054169007056706069 -0.14760918126188755 0.7963711886596343 -0.010688922827551971 -0.18036321123423354 0.037432581773670967 1.0239581481140652 0.14266765624626429 0.54135843607619805 -0.12205095285592038 0.5792542545694761 0.0028935665444245733 1.528023778678715
leaf_weight=1540 157 1066 53 425 428 533 271 346 119 1256 977 329 422 393 1882 88 600 396 689 355 2051 1045
leaf_count=1540 157 1066 53 425 428 533 271 346 119 1256 977 329 422 393 1882 88 600 396 689 355 2051 1045
internal_value=-0.00160411 -0.00824601 0.00365939 0.00242344 -0.00574058 0.00180564 -0.00515808 -0.00423433 -0.00797059 -0.00484356 -0.00632979 0.00725207 -0.00737201 -0.00456707 0.00291928 0.00412162 0.00236631 0.00373961 0.00170183 0.00601563 -0.00043493 0.0120422
internal_weight=15421 6818 8603 7505 5278 6663 4850 3665 1185 3319 2063 842 1792 815 4455 513 3922 2040 1085 955 2208 1098
internal_count=15421 6818 8603 7505 5278 6663 4850 3665 1185 3319 2063 842 1792 815 4455 513 3922 2040 1085 955 2208 1098
is_linear=0
shrinkage=0.035


Tree=66
num_leaves=23
num_cat=0
split_feature=9 9 9 9 22 20 21 21 20 21 22 4 12 20 24 22 21 20 21 20 12 7
split_gain=426.065 115.555 72.6295 19.9957 14.7704 13.9439 10.4406 9.38594 11.2062 10.364 9.07155 8.48747 8.09297 7.97346 7.78719 7.56912 8.69917 7.52004 24.9877 9.51458 6.31475 6.28308
threshold=3.6353955996051828 0.98878360389629716 21.215047969410843 7.834438775510205 54348.000000000007 26.500000000000004 2.5000000000000004 2.5000000000000004 18.500000000000004 3.5000000000000004 39092.000000000007 9.9933189851049971 1.3620972114816998 8.5000000000000018 3792.0000000000005 16785.000000000004 2.5000000000000004 10.500000000000002 3.5000000000000004 16.500000000000004 1.4934247532569149 16.871428571428577
decision_type=2 2 2 2 2 2 2 2 2 2 2 2 2 2 2 2 2 2 2 2 2 2
left_child=1 -1 3 -2 7 15 21 -3 12 10 -10 -4 -9 20 -11 -5 -17 -18 19 -19 -14 -7
right_child=2 4 11 5 -6 6 -8 8 9 14 -12 -13 13 -15 -16 16 17 18 -20 -21 -22 -23
leaf_value=-0.42607123122828094 -0.0065911287087846663 -0.11607080810209401 0.55502917442444066 0.59145295193584579 -0.21058738241049865 0.12053252079572815 1.4154395660801147 -0.16220839908703297 0.00078934181531053593 0.011042965364867695 0.15681652739610472 1.5960012327875825 0.10205031734446839 -0.13759869385626489 -0.16275183023136408 0.021566476687655867 0.37514753093768949 0.076008707754982238 -0.1190646953149225 0.5980029876020464 -0.053858321394785739 0.988119612930073
leaf_weight=1582 2507 2481 155 530 391 249 200 424 427 152 123 943 100 592 157 1917 760 218 672 354 402 96
leaf_count=1582 2507 2481 155 530 391 249 200 424 427 152 123 943 100 592 157 1917 760 218 672 354 402 96
internal_value=-0.00171973 -0.00824312 0.00346096 0.00222363 -0.00572897 0.0035028 0.00878182 -0.00518559 -0.00358522 -0.000364583 0.00249099 0.0118518 -0.00538903 -0.00374204 -0.00546178 0.00284336 0.00230005 0.00391115 0.00219976 0.00755199 -0.000448718 0.0049
internal_weight=15432 6831 8601 7503 5249 4996 545 4858 2377 859 550 1098 1518 1094 309 4451 3921 2004 1244 572 502 345
internal_count=15432 6831 8601 7503 5249 4996 545 4858 2377 859 550 1098 1518 1094 309 4451 3921 2004 1244 572 502 345
is_linear=0
shrinkage=0.035


Tree=67
num_leaves=23
num_cat=0
split_feature=9 9 9 20 3 20 21 21 22 9 20 6 22 25 20 22 20 4 15 22 9 8
split_gain=413.519 120.137 74.2313 18.7296 13.9946 13.3473 14.441 23.7565 12.8448 10.3519 9.35492 9.224 8.76473 13.7928 9.40346 7.86505 7.79719 7.45116 7.24846 10.8392 9.98618 6.76392
threshold=3.6353955996051828 0.8377192982456142 21.215047969410843 26.500000000000004 8.2534813770198809 7.5000000000000009 3.5000000000000004 2.5000000000000004 54348.000000000007 13.156280398468322 16.500000000000004 5.0238095238095246 3735.5000000000005 299.00000000000006 26.500000000000004 16785.000000000004 9.5000000000000018 9.9933189851049971 0.054093567251461992 31960.500000000004 2.5714480930513881 15.580631868131869
decision_type=2 2 2 2 2 2 2 2 2 2 2 2 2 2 2 2 2 2 2 2 2 2
left_child=1 -1 3 4 -2 21 7 11 12 -5 -9 15 -3 14 18 -7 -8 -4 -14 -20 -21 -6
right_child=2 8 17 9 5 6 16 10 -10 -11 -12 -13 13 -15 -16 -17 -18 -19 19 20 -22 -23
leaf_value=-0.44253115177054503 -0.0040980223905553717 -0.003358427319597759 0.570603153319585 0.18180795588702092 0.19825704411225226 1.0033289372333487 0.50030195859122795 0.18826091498916145 -0.18349226457498824 1.3267935545869485 0.67957906491315578 -0.084124460210398488 -0.26234191407372298 -0.078394213207065244 -0.025958777714059817 0.082078551546641038 -0.16290881382407446 1.5464162878063623 -0.1375471608306755 -0.020290712305269205 -0.20734373267807846 0.84798701798558607
leaf_weight=1483 2980 407 153 554 531 146 67 331 442 300 413 626 265 2543 224 605 604 948 826 495 160 340
leaf_count=1483 2980 407 153 554 531 146 67 331 442 300 413 626 265 2543 224 605 604 948 826 495 160 340
internal_value=-0.00161542 -0.00803212 0.00349268 0.0022394 0.00160575 0.00305344 0.00185824 0.00327611 -0.005579 0.00711001 0.00829439 0.000531838 -0.00504924 -0.00549247 -0.0077 0.00314815 -0.00258876 0.011962 -0.00856511 -0.00753701 -0.00408333 0.00683219
internal_weight=15443 6845 8598 7497 6643 3663 2792 2121 5362 854 744 1377 4920 4513 1970 751 671 1101 1746 1481 655 871
internal_count=15443 6845 8598 7497 6643 3663 2792 2121 5362 854 744 1377 4920 4513 1970 751 671 1101 1746 1481 655 871
is_linear=0
shrinkage=0.035


Tree=68
num_leaves=23
num_cat=0
split_feature=9 9 9 9 9 23 21 20 21 25 25 20 27 21 20 4 8 25 20 21 25 21
split_gain=374.883 125.551 67.2499 17.9932 12.7177 11.447 12.7407 14.5025 11.1229 9.332 9.48124 8.6698 8.52184 8.17701 8.0783 7.1558 7.08566 6.94908 6.29688 23.0658 10.0822 7.26373
threshold=3.6353955996051828 0.8377192982456142 21.215047969410843 7.7692754686766738 1.7242762445887447 20400.000000000004 2.5000000000000004 26.500000000000004 1.5000000000000002 878.00000000000011 195.50000000000003 16.500000000000004 3.5000000000000004 3.5000000000000004 9.5000000000000018 9.9933189851049971 2.6165141011732183 381.00000000000006 10.500000000000002 3.5000000000000004 831.00000000000011 3.5000000000000004
decision_type=2 2 2 2 2 2 2 2 2 2 2 2 2 2 2 2 2 2 2 2 2 2
left_child=1 -1 3 -2 12 -5 -7 18 9 10 16 14 -3 -13 -10 -4 -6 -16 21 20 -20 -8
right_child=2 4 15 5 8 6 7 -9 11 -11 -12 13 -14 -15 17 -17 -18 -19 19 -21 -22 -23
leaf_value=-0.43067014782332202 -0.011161245100514351 -0.13765633625218365 0.5082424961832237 0.65850095533381858 0.11770629531180221 0.028851295846776853 0.1357345598701015 0.98098611778348721 -0.063526289143996495 0.039374019399822338 -0.16480916765677295 0.0079390889325782164 -0.0030922080246928731 -0.11981316837054151 -0.19307806518869569 1.4922917177331392 -0.14188719430387309 -0.075008070952690145 0.50621526266917238 -0.11658508129231607 -0.15266070017087285 0.49671829929175443
leaf_weight=1479 2459 1185 149 594 89 2175 378 183 953 118 692 984 147 350 364 928 115 337 493 679 66 400
leaf_count=1479 2459 1185 149 594 89 2175 378 183 953 118 692 984 147 350 364 928 115 337 493 679 66 400
internal_value=-0.00173378 -0.00784908 0.00316518 0.00197322 -0.00533293 0.0031847 0.00255367 0.00443058 -0.00432805 -0.00750491 -0.00872087 -0.00323338 -0.00831152 -0.0011109 -0.00492616 0.0113216 -0.00192584 -0.00778329 0.00354156 0.00195696 0.00719858 0.00601213
internal_weight=15317 6813 8504 7427 5334 4968 4374 2199 4002 1014 896 2988 1332 1334 1654 1077 204 701 2016 1238 559 778
internal_count=15317 6813 8504 7427 5334 4968 4374 2199 4002 1014 896 2988 1332 1334 1654 1077 204 701 2016 1238 559 778
is_linear=0
shrinkage=0.035


Tree=69
num_leaves=23
num_cat=0
split_feature=9 9 9 7 23 20 23 25 20 20 21 20 20 21 21 15 23 9 27 9 21 20
split_gain=372.06 124.74 63.778 16.7622 14.4997 10.4448 9.68034 13.4413 9.53208 9.43555 9.03709 8.43285 7.871 7.76356 9.00982 7.45627 11.2344 9.35243 7.16456 12.4193 7.16435 6.96506
threshold=3.6353955996051828 0.8377192982456142 21.215047969410843 13.002427551174311 62250.000000000007 24.500000000000004 4900.0000000000009 299.00000000000006 7.5000000000000009 26.500000000000004 2.5000000000000004 16.500000000000004 26.500000000000004 2.5000000000000004 1.5000000000000002 0.054093567251461992 35850.000000000007 2.5714480930513881 3.5000000000000004 2.2159452499708716 1.5000000000000002 17.500000000000004
decision_type=2 2 2 2 2 2 2 2 2 2 2 2 2 2 2 2 2 2 2 2 2 2
left_child=1 -1 3 10 6 8 -3 9 20 15 -2 -10 -12 14 -7 -8 -17 -18 19 -9 -5 -4
right_child=2 4 21 5 -6 13 7 18 11 -11 12 -13 -14 -15 -16 16 17 -19 -20 -21 -22 -23
leaf_value=-0.41378289946713276 -0.015695826401319907 0.0037858883984341679 0.92830797463634407 -0.10104965061279303 -0.17405284063746149 1.1495221470556354 -0.24116197770394826 0.10019677944832049 -0.033851363297297613 -0.015268996975910954 0.061832873998083578 0.36964960408372921 0.37189029051504047 1.6140576348137483 -0.05894094745032178 -0.13371017464470011 -0.019178686708556544 -0.18966172491629224 -0.11035640021055376 -0.062824424659036468 0.73735936842108873 1.7694862652532901
leaf_weight=1502 2688 405 662 128 463 160 265 118 817 216 2123 604 203 187 101 810 486 156 984 1437 491 429
leaf_count=1502 2688 405 662 128 463 160 265 118 817 216 2123 604 203 187 101 810 486 156 984 1437 491 429
internal_value=-0.00172053 -0.00780816 0.00312631 0.00196983 -0.00528765 0.00431709 -0.00471016 -0.00517925 0.00322616 -0.00738648 0.000798466 0.00161992 0.00239489 0.00915563 0.005 -0.00825203 -0.00719458 -0.00365147 -0.00348074 -0.00197436 0.00684295 0.0110173
internal_weight=15435 6842 8593 7502 5340 2488 4877 4472 2040 1933 5014 1421 2326 448 261 1717 1452 642 2539 1555 619 1091
internal_count=15435 6842 8593 7502 5340 2488 4877 4472 2040 1933 5014 1421 2326 448 261 1717 1452 642 2539 1555 619 1091
is_linear=0
shrinkage=0.035


Tree=70
num_leaves=23
num_cat=0
split_feature=9 9 9 9 22 20 22 25 20 20 12 27 9 9 20 4 20 22 10 20 4 9
split_gain=354.477 128.499 65.185 16.8591 12.0571 9.56651 9.22998 13.8526 9.25307 7.20062 7.06602 6.95399 12.452 7.39604 6.66669 10.171 9.25698 6.56837 5.98986 5.69649 7.84604 7.75759
threshold=3.7503880141252837 0.91360632121501695 21.215047969410843 12.532844179123261 54348.000000000007 24.500000000000004 3735.5000000000005 299.00000000000006 26.500000000000004 16.500000000000004 1.6934358174211581 3.5000000000000004 2.2594012527089604 1.8996542048334364 8.5000000000000018 6.9966807769941894 16.500000000000004 54348.000000000007 5.4902511001644685 10.500000000000002 15.945025446116915 24.07460317460318
decision_type=2 2 2 2 2 2 2 2 2 2 2 2 2 2 2 2 2 2 2 2 2 2
left_child=1 17 3 10 6 14 -3 8 -8 19 -2 12 -9 -13 15 -5 18 -1 -16 20 -4 -21
right_child=2 4 9 5 -6 -7 7 11 -10 -11 -12 13 -14 -15 16 -17 -18 -19 -20 21 -22 -23
leaf_value=-0.40111429116815611 -0.17709869521476926 0.005716220604201681 0.53141329634033618 -0.12021270715055736 -0.16980385997394995 0.95189245311551651 -0.1301685417096769 0.073533130396488428 -0.014734582081754023 1.6734419947958368 0.035108325539755257 -0.00092154650790412531 -0.055465255795764432 -0.12412087140117216 0.17139578024011018 0.67811553862825735 0.32065609108462456 -0.086114291168156096 -0.21079601783636165 -0.32429525320493185 1.7107713720232816 1.0173373439712394
leaf_weight=1483 77 431 151 186 416 500 1720 142 220 472 4625 235 1488 739 373 546 731 66 357 128 238 98
leaf_count=1483 77 431 151 186 416 500 1720 142 220 472 4625 235 1488 739 373 546 731 66 357 128 238 98
internal_value=-0.00156657 -0.00743089 0.00323112 0.00204797 -0.00486471 0.004255 -0.00437149 -0.00483568 -0.00708098 0.0112179 0.000777034 -0.00314584 -0.00172324 -0.00548774 0.00323248 0.00595997 0.00183834 -0.0163063 -0.000928571 0.00852419 0.0111041 0.00386364
internal_weight=15422 6940 8482 7395 5391 2693 4975 4544 1940 1087 4702 2604 1630 974 2193 732 1461 1549 730 615 389 226
internal_count=15422 6940 8482 7395 5391 2693 4975 4544 1940 1087 4702 2604 1630 974 2193 732 1461 1549 730 615 389 226
is_linear=0
shrinkage=0.035


Tree=71
num_leaves=23
num_cat=0
split_feature=9 9 9 0 22 20 22 25 4 22 9 20 9 20 20 6 6 27 9 9 22 9
split_gain=344.905 126.942 59.1227 15.8189 14.329 11.6078 8.61693 13.6765 8.09109 10.3639 14.6918 6.77317 6.38825 6.03948 7.4428 8.46083 5.47717 5.46742 11.5309 7.9973 5.30146 4.98419
threshold=3.6353955996051828 0.8377192982456142 21.215047969410843 13.477317666561024 54348.000000000007 26.500000000000004 3735.5000000000005 299.00000000000006 3.0393224796967035 31960.500000000004 2.6071448546910281 17.500000000000004 11.207536514977493 18.500000000000004 9.5000000000000018 5.8026567083232594 4.8281303029948344 3.5000000000000004 2.2159452499708716 1.8996542048334364 31797.000000000004 24.07460317460318
decision_type=2 2 2 2 2 2 2 2 2 2 2 2 2 2 2 2 2 2 2 2 2 2
left_child=1 -1 3 13 6 12 -3 8 9 -8 -11 21 -5 14 15 16 -2 18 -9 -19 -16 -4
right_child=2 4 11 5 -6 -7 7 17 -10 10 -12 -13 -14 -15 20 -17 -18 19 -20 -21 -22 -23
leaf_value=-0.38707529097727067 0.094503037262353803 0.0055161528830547021 0.32420210591178777 -0.062427492346139112 -0.16134517815167251 0.91335165911256588 -0.11217726500034417 0.085755428764079017 -0.16940773315122157 0.0056193237886433779 -0.18428450968157251 1.7168256339817922 0.30533803427065054 0.077216915813148157 0.026971471044086041 0.16268742980353823 -0.12247236309449933 0.009757360051596678 -0.054836495649167309 -0.11961019942231838 -0.086262687464684629 1.4116847134314563
leaf_weight=1483 202 415 362 265 448 327 828 106 442 519 171 409 1633 2021 540 843 648 227 1456 755 977 314
leaf_count=1483 202 415 362 265 448 327 828 106 442 519 171 409 1633 2021 540 843 648 227 1456 755 977 314
internal_value=-0.00167998 -0.00752845 0.00301018 0.00189284 -0.00501024 0.00436323 -0.00444963 -0.0048941 -0.00709796 -0.00582567 -0.00259353 0.0106284 0.00328297 0.000835561 -0.000103421 0.0014841 -0.000961988 -0.0031787 -0.00186503 -0.0052305 -0.00188568 0.00830029
internal_weight=15391 6850 8541 7456 5367 2225 4919 4504 1960 1518 690 1085 1898 5231 3210 1693 850 2544 1562 982 1517 676
internal_count=15391 6850 8541 7456 5367 2225 4919 4504 1960 1518 690 1085 1898 5231 3210 1693 850 2544 1562 982 1517 676
is_linear=0
shrinkage=0.035


Tree=72
num_leaves=23
num_cat=0
split_feature=8 15 8 25 8 22 20 20 21 20 20 8 22 21 12 20 21 21 21 27 13 12
split_gain=336.11 108.587 62.0173 22.6308 15.3621 10.6053 8.32761 9.91193 13.344 7.0652 7.03678 6.89016 6.68797 6.35958 9.92151 6.24928 7.48933 12.6582 6.54961 9.76053 5.94787 5.61765
threshold=3.1434107462346659 0.46291208791208799 15.433015574650915 210.50000000000003 6.2169130934036625 54348.000000000007 22.500000000000004 9.5000000000000018 3.5000000000000004 16.500000000000004 26.500000000000004 22.366846650936655 17236.500000000004 1.5000000000000002 1.2957609874351619 17.500000000000004 2.5000000000000004 3.5000000000000004 1.5000000000000002 2.5000000000000004 0.2678571428571429 6.5077789846562988
decision_type=2 2 2 2 2 2 2 2 2 2 2 2 2 2 2 2 2 2 2 2 2 2
left_child=1 5 4 11 10 13 7 8 -5 -9 -2 21 -6 -1 -15 -14 18 -18 19 -17 -16 -4
right_child=2 -3 3 6 12 -7 -8 9 -10 -11 -12 -13 15 14 20 16 17 -19 -20 -21 -22 -23
leaf_value=-0.12498998195015784 -0.054887017551427712 -0.37352765579306624 0.85331062318624096 0.13532439397828841 0.67543696874961578 -0.16657497133433374 1.0120123269555334 -0.2131653878233862 1.3225291478097714 0.26847154244008753 0.11509896630238309 1.4548406041264983 0.0068272600903770105 -0.10918407700694477 -0.071559974274665816 -0.27244082704589739 0.441582536918876 -0.00062734184433324461 -0.067303081851173521 0.35251024215204108 0.019126539540130435 0.27305317071973223
leaf_weight=1147 1779 1390 431 350 200 455 322 374 160 283 172 687 2399 1004 1775 94 538 321 427 379 376 349
leaf_count=1147 1779 1390 431 350 200 455 322 374 160 283 172 687 2399 1004 1775 94 538 321 427 379 376 349
internal_value=-0.00165613 -0.00799902 0.00255232 0.00673168 0.000587583 -0.00546829 0.00365462 0.00223976 0.00587864 -0.000581571 -0.0019862 0.00981997 0.00174479 -0.00491235 -0.00407595 0.00143346 0.00301587 0.00534722 0.000754144 0.00358787 -0.00271104 0.00742357
internal_weight=15412 6147 9265 2956 6309 4757 1489 1167 510 657 1951 1467 4358 4302 3155 4158 1759 859 900 473 2151 780
internal_count=15412 6147 9265 2956 6309 4757 1489 1167 510 657 1951 1467 4358 4302 3155 4158 1759 859 900 473 2151 780
is_linear=0
shrinkage=0.035


Tree=73
num_leaves=23
num_cat=0
split_feature=9 9 9 23 9 20 9 23 25 15 23 9 20 6 20 23 12 12 4 10 10 23
split_gain=330.051 129.721 58.8928 14.9874 13.4568 9.59496 6.80627 6.46373 11.5586 7.75779 11.1312 7.57643 5.46557 12.0647 7.89783 6.1011 6.25405 5.45629 5.41953 5.19552 5.17132 5.08977
threshold=3.6353955996051828 0.8377192982456142 21.215047969410843 62250.000000000007 7.834438775510205 25.500000000000004 24.446428571428573 4900.0000000000009 299.00000000000006 0.057189542483660136 35850.000000000007 2.6071448546910281 7.5000000000000009 5.0238095238095246 16.500000000000004 21250.000000000004 7.0185333602344437 1.3945628347462813 9.9933189851049971 9.6633807799290903 4.9183790780990995 23700.000000000004
decision_type=2 2 2 2 2 2 2 2 2 2 2 2 2 2 2 2 2 2 2 2 2 2
left_child=1 -1 4 7 21 12 -4 17 9 -9 -11 -12 13 -6 19 16 -16 -3 -8 -14 -15 -2
right_child=2 3 6 -5 5 -7 18 8 -10 10 11 -13 14 20 15 -17 -18 -19 -20 -21 -22 -23
leaf_value=-0.35656705781825992 -0.21005726199780669 0.14394695248854944 0.60484510425524551 -0.15650079059489705 -0.077802582832718348 0.48665066412494812 0.73944138869098797 -0.21786148949592296 -0.062183082710265909 -0.10942797722160073 -0.0067244123638642616 -0.15184527643504869 0.0037892704790778 0.21514268827479854 1.2699277753620972 0.10817697685190696 -0.13920761242079621 -0.021830767910387901 1.7903247880442965 -0.48371855622342913 0.62609866509094703 0.0057065164120584204
leaf_weight=1504 171 52 635 460 337 723 86 281 2533 955 603 149 1475 506 151 1359 48 348 377 71 327 2362
leaf_count=1504 171 52 635 460 337 723 86 281 2533 955 603 149 1475 506 151 1359 48 348 377 71 327 2362
internal_value=-0.00159686 -0.00730987 0.0029616 -0.00475678 0.00185103 0.00290384 0.010519 -0.00417783 -0.00455479 -0.00655921 -0.00562208 -0.00238111 0.00226163 0.00430426 0.00148038 0.00323576 0.00892157 4.32099e-05 0.0138355 -0.000282076 0.00655728 -0.000220646
internal_weight=15513 6885 8628 5381 7530 4997 1098 4921 4521 1988 1707 752 4274 1170 3104 1558 199 400 463 1546 833 2533
internal_count=15513 6885 8628 5381 7530 4997 1098 4921 4521 1988 1707 752 4274 1170 3104 1558 199 400 463 1546 833 2533
is_linear=0
shrinkage=0.035


Tree=74
num_leaves=23
num_cat=0
split_feature=8 15 7 25 8 20 20 21 21 20 12 22 8 21 20 21 10 12 25 8 8 20
split_gain=295.281 115.964 62.2683 16.8342 14.9737 11.0983 18.3877 11.229 10.1612 8.18982 7.71001 8.58448 6.82866 6.41183 9.56122 16.0357 7.78211 6.33037 6.21847 5.78297 5.71875 5.41331
threshold=3.0618511121266239 0.46291208791208799 16.288141836888595 210.50000000000003 6.2169130934036625 16.500000000000004 9.5000000000000018 3.5000000000000004 1.5000000000000002 26.500000000000004 1.3378923384129464 54348.000000000007 21.579214922293968 2.5000000000000004 18.500000000000004 3.5000000000000004 4.3915503282684103 2.9306181165628158 180.50000000000003 9.6895397657244491 1.9301792102554887 26.500000000000004
decision_type=2 2 2 2 2 2 2 2 2 2 2 2 2 2 2 2 2 2 2 2 2 2
left_child=1 8 4 12 21 6 7 -5 18 10 -10 20 -4 17 16 -16 -15 19 -1 -6 -12 -2
right_child=2 -3 3 5 13 -7 -8 -9 9 -11 11 -13 -14 14 15 -17 -18 -19 -20 -21 -22 -23
leaf_value=-0.061511872695273896 -0.053587978087976398 -0.34797434081666972 0.5480036086707587 0.18617689024744616 0.16269868859706826 0.86797556701115908 -0.31254527471396004 1.2972820929671842 -0.10632006230636099 0.027324171856055863 0.025728428860582721 -0.1748317360859496 1.3032771204573064 -0.031328709464753503 0.48783595495869675 0.0046215193963590907 0.25468139423759478 -0.02127837876409519 -0.1354433485674586 -0.20070073087119938 -0.07743437054940322 0.059098479026987796
leaf_weight=197 1968 1394 596 292 485 420 319 151 1242 350 331 74 765 929 563 382 424 1892 1006 68 1371 177
leaf_count=197 1968 1394 596 292 485 420 319 151 1242 350 331 74 765 929 563 382 424 1892 1006 68 1371 177
internal_value=-0.00160558 -0.00769765 0.00224777 0.00692308 0.000515378 0.00381845 0.00125489 0.00585938 -0.00498689 -0.0039794 -0.00456748 -0.00305587 0.00958272 0.00161436 0.00294073 0.00563684 0.00103093 0.000357143 -0.0077649 0.00363799 -0.00251172 -0.00190465
internal_weight=15396 5965 9431 2543 6888 1182 762 443 4571 3368 3018 1776 1361 4743 2298 945 1353 2445 1203 553 1702 2145
internal_count=15396 5965 9431 2543 6888 1182 762 443 4571 3368 3018 1776 1361 4743 2298 945 1353 2445 1203 553 1702 2145
is_linear=0
shrinkage=0.035


Tree=75
num_leaves=23
num_cat=0
split_feature=9 9 9 20 22 21 21 21 20 21 24 21 9 22 25 21 20 21 20 22 12 21
split_gain=295.836 132.756 55.5167 14.7683 12.9428 12.4525 26.1889 17.4488 11.3839 24.9733 10.6739 10.3582 10.3165 7.78763 9.51781 7.40735 13.8975 13.1677 8.90684 8.24236 7.23353 6.58726
threshold=3.6353955996051828 0.8377192982456142 21.215047969410843 18.500000000000004 54348.000000000007 2.5000000000000004 3.5000000000000004 1.5000000000000002 8.5000000000000018 1.5000000000000002 4472.0000000000009 3.5000000000000004 10.508507269154792 3735.5000000000005 381.00000000000006 2.5000000000000004 16.500000000000004 3.5000000000000004 10.500000000000002 15527.500000000002 3.5327268122738742 3.5000000000000004
decision_type=2 2 2 2 2 2 2 2 2 2 2 2 2 2 2 2 2 2 2 2 2 2
left_child=1 -1 3 8 13 7 12 10 9 -2 -5 -10 -7 -3 15 -15 18 19 -17 -18 -4 -11
right_child=2 4 20 5 -6 6 -8 -9 11 21 -12 -13 -14 14 -16 16 17 -19 -20 -21 -22 -23
leaf_value=-0.33208040216898937 -0.24246639841658518 0.0056191572358326889 -0.38835200576601386 0.74985397673161036 -0.14171661724575055 0.23071299880495993 -0.0083546541154106545 -0.07604692834281665 0.0072010463560864234 0.11410347032360708 0.14468954137323664 -0.17597473988238188 1.1181986109854367 -0.11774640584721112 -0.04614479132403574 -0.09174748500914022 -0.1337260282016226 -0.090361862723107408 -0.16284649362709938 0.060612065530891109 1.1056260840201613 0.36615401123012314
leaf_weight=1499 588 412 57 168 441 449 479 677 1935 998 671 620 399 1339 1899 459 64 217 274 290 1057 500
leaf_count=1499 588 412 57 168 441 449 479 677 1935 998 671 620 399 1339 1899 459 64 217 274 290 1057 500
internal_value=-0.0015482 -0.00694775 0.00278072 0.00168948 -0.004375 0.00367451 0.00614865 0.00148422 0.000467068 0.00238522 0.0048519 -0.00109375 0.00982708 -0.00385007 -0.0042682 -0.00563066 -0.00370321 0.000364583 -0.00687669 0.00453343 0.0100559 0.00478543
internal_weight=15492 6894 8598 7484 5395 2843 1327 1516 4641 2086 839 2555 848 4954 4542 2643 1304 571 733 354 1114 1498
internal_count=15492 6894 8598 7484 5395 2843 1327 1516 4641 2086 839 2555 848 4954 4542 2643 1304 571 733 354 1114 1498
is_linear=0
shrinkage=0.035


Tree=76
num_leaves=23
num_cat=0
split_feature=9 9 22 25 22 9 21 21 20 20 22 12 9 10 21 12 20 12 21 25 25 20
split_gain=288.963 129.862 48.6885 12.2207 11.9706 10.8351 10.7569 12.9395 19.8337 16.8819 10.6796 9.64587 8.83028 8.14444 7.65222 8.16081 7.94722 7.54147 7.37065 11.0623 7.14479 7.13956
threshold=0.91360632121501695 6.1444750999722366 16785.000000000004 106.50000000000001 54348.000000000007 24.07460317460318 2.5000000000000004 3.5000000000000004 9.5000000000000018 16.500000000000004 54348.000000000007 7.0185333602344437 10.641359123216922 6.2716292407422634 2.5000000000000004 1.7527287316186821 21.500000000000004 1.3620972114816998 3.5000000000000004 324.00000000000006 210.50000000000003 18.500000000000004
decision_type=2 2 2 2 2 2 2 2 2 2 2 2 2 2 2 2 2 2 2 2 2 2
left_child=10 4 5 -4 14 11 13 9 -9 -8 -1 -3 -11 -5 15 -2 17 -16 19 -18 -17 -10
right_child=1 2 3 6 -6 -7 7 8 21 12 -12 -13 -14 -15 16 20 18 -19 -20 -21 -22 -23
leaf_value=-0.32417242481217168 -0.098444709490550134 0.87622510729724234 0.68501547282262332 0.0080996567498793585 -0.14232778199486809 1.5288443359097392 0.056181815284364597 0.34171133313720892 -0.22975699597350699 0.2574936322198243 -0.020197424812171693 0.18175726746287155 0.84349333523153769 -0.26298792997300147 -0.10555468330927811 -0.13226252754688678 0.090675864964543759 -0.04619227451357056 -0.087356084556962615 -0.031639959159192023 -0.0092963204631506553 0.017363859564489988
leaf_weight=1509 1861 594 489 2445 423 431 733 434 455 423 65 440 310 260 494 437 271 1605 246 231 904 391
leaf_count=1509 1861 594 489 2445 423 431 733 434 455 423 65 440 310 260 494 437 271 1605 246 231 904 391
internal_value=-0.00162817 -1.26063e-05 0.00315047 0.00173381 -0.00363401 0.00885714 0.00125092 0.00279262 0.00020428 0.00503229 -0.0158154 0.00682146 0.00877371 -0.000309963 -0.00322597 -0.00440365 -0.0018899 -0.0029943 0.00118526 0.00362426 -0.00228826 -0.00289953
internal_weight=15451 13877 7405 5940 6472 1465 5451 2746 1280 1466 1574 1034 733 2705 6049 3202 2847 2099 748 502 1341 846
internal_count=15451 13877 7405 5940 6472 1465 5451 2746 1280 1466 1574 1034 733 2705 6049 3202 2847 2099 748 502 1341 846
is_linear=0
shrinkage=0.035


Tree=77
num_leaves=23
num_cat=0
split_feature=9 9 23 9 21 20 12 21 20 12 23 20 25 20 21 10 20 27 12 8 25 25
split_gain=270.955 122.555 47.9717 13.3383 11.2218 13.3062 9.18256 9.10571 11.079 9.70662 9.06063 8.62848 7.58044 7.17027 17.1008 10.5245 7.28773 7.13094 6.71877 6.34419 6.02694 5.89455
threshold=0.91360632121501695 6.1444750999722366 20400.000000000004 24.07460317460318 2.5000000000000004 25.500000000000004 7.0185333602344437 2.5000000000000004 26.500000000000004 1.7128783259046561 62250.000000000007 16.500000000000004 106.50000000000001 10.500000000000002 3.5000000000000004 4.3915503282684103 16.500000000000004 2.5000000000000004 4.20432162917258 2.9288295239897173 180.50000000000003 210.50000000000003
decision_type=2 2 2 2 2 2 2 2 2 2 2 2 2 2 2 2 2 2 2 2 2 2
left_child=10 7 3 6 12 13 11 9 19 -2 -1 -3 -4 15 16 -6 -15 -16 -14 20 -9 -11
right_child=1 2 4 -5 5 -7 -8 8 -10 21 -12 -13 18 14 17 -17 -18 -19 -20 -21 -22 -23
leaf_value=-0.31282638994374568 -0.10116766970972091 0.34544343047765053 0.53347145524908546 1.5245751946990149 0.058938946902368457 0.51567235345683704 0.17281085903790144 0.021508628539408721 0.06606365332616046 -0.12187830694591953 -0.019490514943745655 1.3691263584613822 0.032199529032508854 0.013439256792658796 -0.28496443529111548 0.45995644192723467 0.38124421063597475 -0.033058680943717111 -0.10481235492777644 -0.016426575277931302 -0.090756993853862725 -0.021950587249934463
leaf_weight=1484 1936 296 258 436 596 360 456 199 260 474 66 305 1719 295 191 429 476 622 973 1086 1542 948
leaf_count=1484 1936 296 258 436 596 360 456 199 260 474 66 305 1719 295 191 429 476 622 973 1086 1542 948
internal_value=-0.00155334 0 0.00306964 0.00866822 0.00164838 0.00316577 0.00645951 -0.00352713 -0.00213939 -0.0047926 -0.0154068 0.00929868 0.000112521 0.00227621 0.000781938 0.0045534 0.00451031 -0.00273839 -0.000434742 -0.00278072 -0.00408935 -0.00256307
internal_weight=15407 13857 7412 1493 5919 2969 1057 6445 3087 3358 1550 601 2950 2609 1584 1025 771 813 2692 2827 1741 1422
internal_count=15407 13857 7412 1493 5919 2969 1057 6445 3087 3358 1550 601 2950 2609 1584 1025 771 813 2692 2827 1741 1422
is_linear=0
shrinkage=0.035


Tree=78
num_leaves=23
num_cat=0
split_feature=9 9 22 9 22 21 12 20 20 21 20 20 20 21 25 6 21 8 9 25 25 12
split_gain=273.522 122.855 43.5457 13.6663 13.0466 9.88336 10.6117 9.49213 9.79908 9.00025 12.0612 8.04148 18.2816 13.9234 10.0915 7.6844 7.31845 7.30414 7.27986 9.72668 6.86736 6.78888
threshold=0.8377192982456142 6.2397892490499585 16785.000000000004 24.446428571428573 54348.000000000007 2.5000000000000004 1.7128783259046561 17.500000000000004 7.5000000000000009 2.5000000000000004 26.500000000000004 16.500000000000004 10.500000000000002 3.5000000000000004 324.00000000000006 12.890294869445023 3.5000000000000004 20.856840853427816 2.3928766644799593 381.00000000000006 210.50000000000003 7.0185333602344437
decision_type=2 2 2 2 2 2 2 2 2 2 2 2 2 2 2 2 2 2 2 2 2 2
left_child=-1 4 3 7 5 6 18 8 17 -4 15 12 16 14 -13 -11 -7 -3 19 -2 -8 -9
right_child=1 2 9 -5 -6 11 20 21 -10 10 -12 13 -14 -15 -16 -17 -18 -19 -20 -21 -22 -23
leaf_value=-0.30187746629571455 -0.093049576254506008 0.060306758659788219 0.0077372422142154571 1.4957892965263271 -0.12684018360010735 -0.093044036507893932 -0.12639867748012618 1.4045113113266035 -0.012474849488515788 0.037225975324747439 0.66700377260417676 0.079592447187267032 -0.13913753861317191 -0.079093684467988798 -0.013625526369192757 0.32473578725034774 0.040958856886157489 1.2965159209740973 -0.1588269215998809 0.021212333377136228 -0.0060835567993325953 0.37417619239577138
leaf_weight=1497 922 110 2936 390 447 549 478 288 384 1764 281 416 604 490 349 930 476 141 580 285 944 180
leaf_count=1497 922 110 2936 390 447 549 478 288 384 1764 281 416 604 490 349 930 476 141 580 285 944 180
internal_value=-0.00156125 -3.13643e-05 0.00305406 0.00838785 -0.00352674 -0.00309364 -0.00443217 0.00631769 0.00344531 0.00169794 0.00305369 -0.00159311 -0.00321297 0.0005 0.00345455 0.00231475 -0.000339806 0.00875 -0.00623047 -0.00462046 -0.00214611 0.0101004
internal_weight=15441 13944 7404 1493 6540 6093 3209 1103 635 5911 2975 2884 1629 1255 765 2694 1025 251 1787 1207 1422 468
internal_count=15441 13944 7404 1493 6540 6093 3209 1103 635 5911 2975 2884 1629 1255 765 2694 1025 251 1787 1207 1422 468
is_linear=0
shrinkage=0.035


Tree=79
num_leaves=23
num_cat=0
split_feature=9 9 9 22 20 21 21 20 20 21 25 15 24 21 25 22 12 21 24 10 7 12
split_gain=268.137 110.869 39.0821 11.9972 10.6898 11.2135 8.45142 10.784 14.996 11.6741 8.51661 8.10386 7.56669 7.02981 6.66379 6.30076 8.00963 7.06848 6.56848 6.49547 6.24779 6.22375
threshold=0.91360632121501695 6.1444750999722366 23.572667725649094 54348.000000000007 25.500000000000004 2.5000000000000004 2.5000000000000004 16.500000000000004 8.5000000000000018 3.5000000000000004 324.00000000000006 0.49000000000000005 3291.5000000000005 3.5000000000000004 106.50000000000001 16785.000000000004 7.0185333602344437 2.5000000000000004 9795.0000000000018 7.158228479897681 18.309523809523814 1.7273547721659368
decision_type=2 2 2 2 2 2 2 2 2 2 2 2 2 2 2 2 2 2 2 2 2 2
left_child=11 3 4 6 14 20 21 8 13 10 -9 -1 -11 -8 -3 16 -16 19 -19 -17 -6 -2
right_child=1 2 -4 -5 5 -7 7 9 -10 12 -12 -13 -14 -15 15 17 -18 18 -20 -21 -22 -23
leaf_value=-0.15896558096856003 -0.088646832644888429 0.60703710324914806 1.1769878961728637 -0.12936603475920364 0.016395373150142521 0.65724609122938205 -0.09419045535446785 0.074783376446411268 -0.12091613522725131 0.072092354346073056 -0.0068284488002198713 -0.29131175497536455 -0.10613077810150362 0.041314032850169505 0.57206465774173387 -0.0033364308726297055 0.0060225576638767118 0.018760074781238388 0.2179339853657358 -0.36196716750854824 0.86778730838610307 -0.049099678582961596
leaf_weight=240 1809 352 619 427 473 426 425 405 807 129 340 1308 370 378 450 2082 342 1384 1029 155 110 1367
leaf_count=240 1809 352 619 427 473 426 425 405 807 129 340 1308 370 378 450 2082 342 1384 1029 155 110 1367
internal_value=-0.00152184 2.01671e-05 0.00293827 -0.00333101 0.00216437 0.00548817 -0.00292005 -0.00152413 -0.00341331 0.000910729 0.00368667 -0.0153139 -0.00319444 0 0.00157829 0.00126905 0.00414994 0.000770677 0.00208437 -0.000640054 0.0022619 -0.00416457
internal_weight=15427 13879 7422 6457 6803 1009 6030 2854 1610 1244 745 1548 499 803 5794 5442 792 4650 2413 2237 583 3176
internal_count=15427 13879 7422 6457 6803 1009 6030 2854 1610 1244 745 1548 499 803 5794 5442 792 4650 2413 2237 583 3176
is_linear=0
shrinkage=0.035


Tree=80
num_leaves=23
num_cat=0
split_feature=9 9 22 9 22 25 20 24 21 11 20 7 24 24 25 25 15 9 15 7 12 22
split_gain=267.583 110.992 44.4408 10.9329 9.97758 9.54061 8.67274 7.6733 7.79102 7.45441 7.28314 6.67219 6.60309 6.43116 7.32534 9.30812 7.17823 6.3217 6.14281 6.04942 5.75872 5.75249
threshold=0.8377192982456142 6.1444750999722366 16785.000000000004 24.07460317460318 54348.000000000007 106.50000000000001 17.500000000000004 9795.0000000000018 2.5000000000000004 1.4373357526806561 7.5000000000000009 18.580604475465019 12965.500000000002 9349.5000000000018 381.00000000000006 180.50000000000003 0.10263157894736843 0.60791925465838526 0.21240601503759401 4.7277820077321424 7.6752969302053593 31797.000000000004
decision_type=2 2 2 2 2 2 2 2 2 2 2 2 2 2 2 2 2 2 2 2 2 2
left_child=17 4 3 6 13 20 10 11 -9 18 -3 21 -10 14 15 -2 19 -1 -6 -17 -4 -7
right_child=1 2 5 -5 9 7 -8 8 12 -11 -12 -13 -14 -15 -16 16 -18 -19 -20 -21 -22 -23
leaf_value=-0.28111584355122682 -0.048322037974486816 0.48551668011560312 0.34577361111728128 1.2927395366468484 -0.21724080636577361 0.075291301097433358 0.96456714996977821 0.020564362282846107 0.37779710275405526 -0.19603717783377431 0.015444351874375714 -0.4110786550778015 0.061528017426915979 0.011196194203213246 -0.036953624166876781 -0.18597400824371993 -0.071270513309072039 -0.18074795964146492 -0.049266977189912624 -0.0080010867148962821 1.0182750321922578 -0.039799781502734895
leaf_weight=1213 1131 233 318 438 66 1617 453 1188 694 114 360 123 492 657 2258 446 1456 281 307 70 170 1347
leaf_count=1213 1131 233 318 438 66 1617 453 1188 694 114 360 123 492 657 2258 446 1456 281 307 70 170 1347
internal_value=-0.0016041 -9.1623e-05 0.00282805 0.00823875 -0.00343011 0.0014696 0.00621075 0.00104372 0.00253783 -0.00825203 0.00333612 -0.000101876 0.0045403 -0.00303047 -0.00343086 -0.00453829 -0.00599267 -0.0156554 -0.00564815 -0.00957294 0.00614097 0.000229875
internal_weight=15432 13938 7433 1484 6505 5949 1046 5461 2374 487 593 3087 1186 6018 5361 3103 1972 1494 373 516 488 2964
internal_count=15432 13938 7433 1484 6505 5949 1046 5461 2374 487 593 3087 1186 6018 5361 3103 1972 1494 373 516 488 2964
is_linear=0
shrinkage=0.035


Tree=81
num_leaves=23
num_cat=0
split_feature=15 8 22 5 21 12 20 20 20 8 7 21 26 20 22 5 8 20 12 21 10 20
split_gain=244.214 110.332 37.271 10.6812 10.3115 11.545 10.7186 7.95444 8.38413 11.0494 7.87051 6.92951 6.18476 6.08331 5.89356 5.2017 6.45063 4.92685 4.78371 4.75056 4.70133 6.04089
threshold=0.49000000000000005 6.0000093177456657 16785.000000000004 13.945691989906068 2.5000000000000004 1.7527287316186821 26.500000000000004 17.500000000000004 9.5000000000000018 20.856840853427816 18.309523809523814 2.5000000000000004 1.0000000180025095e-35 17.500000000000004 54348.000000000007 7.9732713418271493 24.821428571428573 7.5000000000000009 1.9422961801812175 1.5000000000000002 1.3801311186847107 11.500000000000002
decision_type=2 2 2 2 2 2 2 2 2 2 2 2 2 2 2 2 2 2 2 2 2 2
left_child=1 4 7 13 5 14 12 8 9 -3 -9 -5 20 17 -1 -10 -17 19 -14 -4 -6 -22
right_child=-2 2 3 11 6 -7 -8 10 15 -11 -12 -13 18 -15 -16 16 -18 -19 -20 -21 21 -23
leaf_value=-0.088625758550364073 -0.27127678902693386 0.014264710276642207 -0.13618210751881479 0.045632187016300209 -0.078431977597747518 -0.043073115154268253 0.058811817190973281 0.35432988724584197 0.46817248044970716 1.1275835348435821 1.3531815668113218 0.37823165480107535 0.093654027219274891 0.10762139355105646 -0.1389866834166904 -0.31020904853020398 0.43626640198103761 -0.044952457746762639 -0.03018777389155659 0.12183683667104465 0.020265546616820666 -0.10091287866967336
leaf_weight=1997 1315 136 326 585 1172 1291 270 170 103 303 449 922 227 1728 228 177 132 1681 256 744 571 653
leaf_count=1997 1315 136 326 585 1172 1291 270 170 103 303 449 922 227 1728 228 177 132 1681 256 744 571 653
internal_value=-0.00148582 -0.000138751 0.00278414 0.00155108 -0.00341079 -0.0047167 -0.00194198 0.00777119 0.00547897 0.00882883 0.0108253 0.00409722 -0.00257282 0.000686887 -0.00624664 0.00180456 -0.00044586 -0.000330189 0.0010041 0.00151395 -0.00330175 -0.00175142
internal_weight=15436 14121 7456 5986 6665 3516 3149 1470 851 439 619 1507 2879 4479 2225 412 309 2751 483 1070 2396 1224
internal_count=15436 14121 7456 5986 6665 3516 3149 1470 851 439 619 1507 2879 4479 2225 412 309 2751 483 1070 2396 1224
is_linear=0
shrinkage=0.035


Tree=82
num_leaves=23
num_cat=0
split_feature=9 9 9 8 20 21 22 9 11 20 21 21 25 21 6 20 10 15 7 22 4 20
split_gain=248.069 96.1805 35.3784 13.1488 12.2483 13.1794 7.41424 7.41054 7.16717 6.41249 9.9015 15.6811 10.8607 9.27061 8.97637 7.87053 7.80341 6.19563 6.07388 6.00798 5.81154 5.48668
threshold=0.8377192982456142 7.7692754686766738 23.572667725649094 3.0003337402748032 26.500000000000004 2.5000000000000004 54348.000000000007 0.57332179065277356 1.4373357526806561 7.5000000000000009 3.5000000000000004 2.5000000000000004 831.00000000000011 1.5000000000000002 6.8416666666666677 16.500000000000004 4.434340313774654 0.19615384615384621 18.309523809523814 16785.000000000004 8.7230576230351975 9.5000000000000018
decision_type=2 2 2 2 2 2 2 2 2 2 2 2 2 2 2 2 2 2 2 2 2 2
left_child=7 3 4 6 9 18 -2 -1 17 13 11 14 15 -3 19 -13 -15 -8 -6 -11 -4 -12
right_child=1 2 20 -5 5 -7 8 -9 -10 10 21 12 -14 16 -16 -17 -18 -19 -20 -21 -22 -23
leaf_value=-0.26501007916367669 -0.062417081519061834 -0.14892389570529277 0.31724221302475558 -0.022530437820156488 0.027391943739189347 0.97615247230860869 -0.20453926151953927 -0.16603252109350308 -0.17673749288171478 0.53570508892404456 0.31754907761779905 0.16611959305408924 -0.22689075642414225 0.10474533175571364 -0.091811331126141205 0.6716966370468791 0.53218308220478949 -0.052312655845891939 0.98509269394653953 0.045369034209752787 1.2708202119729257 -0.13181191749894269
leaf_weight=1153 3958 280 112 3388 291 230 62 361 98 186 95 352 72 510 792 416 504 300 90 793 509 863
leaf_count=1153 3958 280 112 3388 291 230 62 361 98 186 95 352 72 510 792 416 504 300 90 793 509 863
internal_value=-0.00158204 -0.00011326 0.00317869 -0.00268628 0.00227094 0.00693182 -0.00394472 -0.0150115 -0.00816667 0.00167523 0.000900951 0.00202026 0.00594379 0.0037856 0.00013795 0.00717658 0.00534102 -0.00567439 0.00281088 0.00238313 0.0110703 -0.00212617
internal_weight=15415 13901 6095 7806 5474 611 4418 1514 460 4863 3569 2611 840 1294 1771 768 1014 362 381 979 621 958
internal_count=15415 13901 6095 7806 5474 611 4418 1514 460 4863 3569 2611 840 1294 1771 768 1014 362 381 979 621 958
is_linear=0
shrinkage=0.035


Tree=83
num_leaves=23
num_cat=0
split_feature=9 9 9 23 12 8 23 9 25 21 21 20 20 9 10 10 20 11 20 21 11 14
split_gain=250.27 93.8294 37.8442 11.1385 10.2593 8.27692 8.63494 7.56727 7.20319 8.19891 10.7635 15.9904 11.6871 9.23934 7.51911 7.35757 6.27355 6.20885 6.1375 5.97371 5.75017 5.58975
threshold=0.8377192982456142 6.1444750999722366 23.572667725649094 20400.000000000004 7.0185333602344437 3.0003337402748032 62250.000000000007 0.57332179065277356 106.50000000000001 2.5000000000000004 3.5000000000000004 10.500000000000002 15.500000000000002 11.207536514977493 4.357070652311303 7.158228479897681 21.500000000000004 1.4373357526806561 18.500000000000004 1.5000000000000002 8.5903119706767566 1.0000000180025095e-35
decision_type=2 2 2 2 2 2 2 2 2 2 2 2 2 2 2 2 2 2 2 2 2 2
left_child=7 5 3 4 16 6 19 -1 -5 15 12 14 -11 -14 -12 -10 -3 -8 -13 -2 -6 -7
right_child=1 2 -4 8 20 21 17 -9 9 10 11 18 13 -15 -16 -17 -18 -19 -20 -21 -22 -23
leaf_value=-0.2775465073225134 -0.087627409459774958 0.41769083237794807 1.0272585903029585 0.63120550977804279 -0.11395096191577779 -0.052328893564754987 -0.083436148678327687 -0.16550874126647824 -0.00014777230995239422 0.025878311028750683 0.01142754289779621 -0.22473785130530441 0.21048931070798491 0.716561804226171 0.44290936808518999 -0.33501727718012531 1.3546321749139709 -0.17311607266863663 -0.0011478769763714782 -0.051605065272471759 0.45431547944076162 0.025272832107895181
leaf_weight=1153 1034 385 624 413 239 1540 350 354 2520 692 232 409 483 280 273 156 185 102 398 2898 162 550
leaf_count=1153 1034 385 624 413 239 1540 350 354 2520 692 232 409 483 280 273 156 185 102 398 2898 162 550
internal_value=-0.00154515 -7.53769e-05 0.00260059 0.00183914 0.00530738 -0.00315751 -0.00402313 -0.0150694 0.00125704 0.000912261 0.00224747 -3.98633e-05 0.00431507 0.00729167 0.00480392 -0.000463446 0.0083087 -0.00861597 -0.00310345 -0.00348044 0.000948276 -0.00132816
internal_weight=15432 13925 7451 6827 971 6474 4384 1507 5856 5443 2767 1312 1455 763 505 2676 570 452 807 3932 401 2090
internal_count=15432 13925 7451 6827 971 6474 4384 1507 5856 5443 2767 1312 1455 763 505 2676 570 452 807 3932 401 2090
is_linear=0
shrinkage=0.035


Tree=84
num_leaves=23
num_cat=0
split_feature=9 9 9 22 20 21 11 9 4 9 21 15 15 20 22 21 25 9 10 9 22 22
split_gain=239.71 91.6914 30.0424 12.5976 8.01938 10.5921 7.90578 7.64753 7.56104 7.24958 6.92542 7.39559 6.91754 6.64461 7.79192 8.43102 7.78488 7.56669 6.30258 5.72356 8.16266 5.71737
threshold=0.8377192982456142 7.7692754686766738 23.572667725649094 54348.000000000007 26.500000000000004 2.5000000000000004 1.4373357526806561 3.6353955996051828 8.7230576230351975 0.57332179065277356 1.5000000000000002 0.32738095238095244 0.21240601503759401 18.500000000000004 39092.000000000007 3.5000000000000004 381.00000000000006 2.4438589267464939 2.7602622373694117 2.1427047448279741 31960.500000000004 5643.5000000000009
decision_type=2 2 2 2 2 2 2 2 2 2 2 2 2 2 2 2 2 2 2 2 2 2
left_child=9 3 4 7 -3 -6 12 10 -4 -1 11 -2 -5 16 21 -16 18 -18 19 20 -12 -15
right_child=1 2 8 6 5 -7 -8 -9 -10 -11 13 -13 -14 14 15 -17 17 -19 -20 -21 -22 -23
leaf_value=-0.26601823590854112 -0.090208068966234969 0.096142587948529201 0.1778520069374652 -0.1970888623173776 0.21543559022396447 0.8984063240688055 -0.17326542218688865 -0.013392584387222116 1.185475886862658 -0.1597159353221515 -0.072949595965226252 0.063313663869867975 -0.037480791384535535 0.09291136447070604 0.10878387633050622 -0.10574909729232627 0.05737428132316668 -0.046756790026965339 0.064481132683339243 -0.13343355720470218 0.06328949597687461 -0.04809125998014175
leaf_weight=1171 1175 4886 104 63 364 224 109 2431 538 360 593 52 283 95 238 61 278 615 82 607 164 961
leaf_count=1171 1175 4886 104 63 364 224 109 2431 538 360 593 52 283 95 238 61 278 615 82 607 164 961
internal_value=-0.00143881 7.53877e-06 0.00321639 -0.00250448 0.00236676 0.00622681 -0.0081413 -0.00214795 0.0103594 -0.0145605 -0.00294153 -0.00522727 -0.00533476 -0.00217153 -0.000205882 0.00472039 -0.00329991 -0.000701559 -0.00488456 -0.00545836 -0.00335302 -0.00163289
internal_weight=15454 13923 6116 7807 5474 588 455 7352 642 1531 4921 1227 346 3694 1355 299 2339 893 1446 1364 757 1056
internal_count=15454 13923 6116 7807 5474 588 455 7352 642 1531 4921 1227 346 3694 1355 299 2339 893 1446 1364 757 1056
is_linear=0
shrinkage=0.035


Tree=85
num_leaves=23
num_cat=0
split_feature=15 8 8 8 20 22 21 21 11 15 25 15 20 20 10 21 12 4 22 22 25 11
split_gain=226.822 77.764 21.0726 19.3264 11.6622 8.8407 8.25209 5.93194 5.87294 5.67142 5.62746 5.58728 5.33151 7.54937 7.7026 5.24971 4.80479 7.00618 4.98437 7.84332 5.4618 5.30994
threshold=0.46291208791208799 11.214863099812341 3.1325400926071123 22.87263965786218 26.500000000000004 54348.000000000007 1.5000000000000002 2.5000000000000004 1.4373357526806561 0.27888888888888896 180.50000000000003 0.21240601503759401 17.500000000000004 9.5000000000000018 2.4299715851758266 1.5000000000000002 4.20432162917258 5.9680479807034317 43337.000000000007 48992.500000000007 210.50000000000003 4.4969464505621071
decision_type=2 2 2 2 2 2 2 2 2 2 2 2 2 2 2 2 2 2 2 2 2 2
left_child=1 2 5 4 16 6 9 15 11 10 -1 -7 13 14 -5 -6 17 -3 20 -20 21 -18
right_child=-2 3 -4 12 7 8 -8 -9 -10 -11 -12 -13 -14 -15 -16 -17 18 -19 19 -21 -22 -23
leaf_value=-0.03293299221945524 -0.23348198262717551 -0.15986265766872365 -0.006228368276267205 -0.098216994274402808 1.0082270806321909 -0.18931852077395217 -0.041921444181863811 1.4021150028801737 -0.16343222640606775 0.010883819675125271 -0.11256743987236571 -0.059995369544471315 1.4638957978530767 0.15972875444013526 1.0592754661848014 -0.11243798981776196 1.0864462682027609 0.42178861961638664 -0.17713543807878027 0.1601275032972396 0.050015983142199197 0.24339461864960216
leaf_weight=208 1384 138 5189 51 152 68 3117 144 97 128 785 285 269 250 262 87 99 333 365 313 1155 571
leaf_count=208 1384 138 5189 51 152 68 3117 144 97 128 785 285 269 250 262 87 99 333 365 313 1155 571
internal_value=-0.00146182 -0.0001281 -0.00182402 0.00386385 0.00266508 -0.00352387 -0.00301497 0.00838918 -0.00819231 -0.00559503 -0.00648798 -0.00586592 0.00863501 0.00653169 0.0101258 0.00473361 0.0019092 0.00514706 0.00128389 -0.00125549 0.0022377 0.00474444
internal_weight=15450 14066 9877 4189 3357 4688 4238 383 450 1121 993 353 832 563 313 239 2974 471 2503 678 1825 670
internal_count=15450 14066 9877 4189 3357 4688 4238 383 450 1121 993 353 832 563 313 239 2974 471 2503 678 1825 670
is_linear=0
shrinkage=0.035


Tree=86
num_leaves=23
num_cat=0
split_feature=9 9 9 22 12 5 20 20 20 21 21 21 20 21 20 20 21 21 12 12 9 22
split_gain=222.681 71.0849 35.3685 13.3781 9.43995 8.10945 6.54316 7.38351 11.7742 11.3957 16.2586 12.1405 6.07125 5.66051 8.1198 13.5028 9.55286 6.87132 5.27336 4.81219 7.62344 4.81032
threshold=0.8377192982456142 6.1444750999722366 24.07460317460318 54348.000000000007 0.83737086819080064 13.66397320109518 29.500000000000004 9.5000000000000018 16.500000000000004 2.5000000000000004 3.5000000000000004 1.5000000000000002 26.500000000000004 2.5000000000000004 16.500000000000004 9.5000000000000018 3.5000000000000004 3.5000000000000004 6.2265432805619829 1.7527287316186821 2.3928766644799593 16785.000000000004
decision_type=2 2 2 2 2 2 2 2 2 2 2 2 2 2 2 2 2 2 2 2 2 2
left_child=4 3 5 13 -1 21 7 -7 18 11 -11 -10 -5 19 15 17 -16 -15 -9 20 -2 -3
right_child=1 2 -4 12 -6 6 -8 8 9 10 -12 -13 -14 14 16 -17 -18 -19 -20 -21 -22 -23
leaf_value=-0.22531011323522437 -0.047409925241946232 0.41766709548260739 0.99265944492821923 -0.11919715396259663 -0.134929106037007 0.39069703559345986 1.0558237796197871 0.0069638148304765942 0.48944238205982216 0.94567111341301935 0.026851538167103402 -0.18638851407836543 0.014233082720583453 -0.071777334714287849 0.047452746748312846 -0.1111909463397089 -0.050421321245810807 0.045746715327585334 -0.57303313330748329 -0.037355049780529268 -0.12701523463655359 0.017730042503669951
leaf_weight=1303 1234 304 520 409 178 617 90 217 211 298 264 317 54 475 733 705 497 436 203 1331 640 4383
leaf_count=1303 1234 304 520 409 178 617 90 217 211 298 264 317 54 475 733 705 497 436 203 1331 640 4383
internal_value=-0.00151128 -0.000136807 0.00220252 -0.00280526 -0.014391 0.00153242 0.00327633 0.00285647 0.0015132 0.00343607 0.00688272 -0.000229831 -0.00852564 -0.00235799 -0.00120922 -0.0028393 0.000921053 0 -0.00341765 -0.00336916 -0.00451703 0.000701194
internal_weight=15419 13938 7424 6514 1481 6904 2217 2127 1510 1090 562 528 463 6051 2846 1616 1230 911 420 3205 1874 4687
internal_count=15419 13938 7424 6514 1481 6904 2217 2127 1510 1090 562 528 463 6051 2846 1616 1230 911 420 3205 1874 4687
is_linear=0
shrinkage=0.035


Tree=87
num_leaves=23
num_cat=0
split_feature=9 9 9 22 9 5 11 15 25 12 9 21 15 12 25 9 24 25 4 12 11 25
split_gain=224.837 76.7466 25.8201 10.4984 8.35178 8.251 7.77817 7.34066 4.99163 4.93809 12.3778 4.78452 6.7166 6.05437 4.51019 6.64761 4.3301 4.30692 4.21072 4.191 5.91207 4.51303
threshold=0.8377192982456142 6.1444750999722366 24.07460317460318 54348.000000000007 0.57332179065277356 13.945691989906068 1.4373357526806561 0.20416666666666669 106.50000000000001 6.5077789846562988 18.216862438801559 1.5000000000000002 0.32738095238095244 2.0528873862310966 430.00000000000006 17.117731121339435 3555.0000000000005 180.50000000000003 10.946439606378263 1.2957609874351619 0.8838216650825218 180.50000000000003
decision_type=2 2 2 2 2 2 2 2 2 2 2 2 2 2 2 2 2 2 2 2 2 2
left_child=4 3 5 11 -1 8 7 -5 -3 10 14 12 13 16 -7 -16 -2 -18 -4 20 -13 -22
right_child=1 2 18 6 -6 9 -8 -9 -10 -11 -12 19 -14 -15 15 -17 17 -19 -20 -21 21 -23
leaf_value=-0.23057509430922296 -0.056065298172551743 0.52551109506775417 0.32289499759761919 -0.18179842566313595 -0.13701280481586275 0.21169683120663793 -0.15354019809316446 -0.038312479824132335 0.029961040933838137 0.088518335621680821 1.2070525445982114 0.017993672454871375 0.062376099329261359 -0.049658856965782372 0.081861903132682989 -0.1797644898275462 -0.025186239954797858 -0.13101714999250003 1.1283525078133081 -0.024871133063360525 0.042598634676021117 -0.084379561259962543
leaf_weight=1142 385 150 94 65 353 625 109 303 4528 877 356 182 50 630 292 85 107 523 432 3396 83 738
leaf_count=1142 385 150 94 65 353 625 109 303 4528 877 356 182 50 630 292 85 107 523 432 3396 83 738
internal_value=-0.00147131 -9.11523e-05 0.00234148 -0.00284748 -0.01435 0.00176568 -0.00784232 -0.00520777 0.000923019 0.00351563 0.00484043 -0.00244753 -0.00403529 -0.00443333 0.00279791 -0.000183246 -0.00610784 -0.00790945 0.00978814 -0.00182788 -0.00381944 -0.00508475
internal_weight=15505 14010 7439 6571 1495 6913 477 368 4678 2235 1358 6094 1695 1645 1002 377 1015 630 526 4399 1003 821
internal_count=15505 14010 7439 6571 1495 6913 477 368 4678 2235 1358 6094 1695 1645 1002 377 1015 630 526 4399 1003 821
is_linear=0
shrinkage=0.035


Tree=88
num_leaves=23
num_cat=0
split_feature=15 8 22 22 20 21 20 21 20 10 8 11 15 20 8 21 20 12 12 25 12 8
split_gain=201.293 70.8915 28.2378 9.30995 9.00452 7.67689 8.48232 13.8688 12.9799 7.86949 7.57927 7.32452 6.61864 6.34438 6.31407 6.08642 6.75479 5.76684 5.63961 5.49166 5.41387 5.16275
threshold=0.46291208791208799 6.2169130934036625 16785.000000000004 54348.000000000007 18.500000000000004 2.5000000000000004 18.500000000000004 3.5000000000000004 10.500000000000002 4.3915503282684103 23.094925582398712 1.4373357526806561 0.20416666666666669 10.500000000000002 11.502482111271645 2.5000000000000004 24.500000000000004 1.2711243205451574 1.7527287316186821 210.50000000000003 0.83737086819080064 1.6444649245412026
decision_type=2 2 2 2 2 2 2 2 2 2 2 2 2 2 2 2 2 2 2 2 2 2
left_child=1 3 4 15 10 -4 8 14 9 -7 -3 12 -5 -12 -8 18 17 -17 -1 -20 -2 -19
right_child=20 2 5 11 -6 6 7 -9 -10 -11 13 -13 -14 -15 -16 16 -18 21 19 -21 -22 -23
leaf_value=-0.072503451721174367 -0.2213478300449602 0.058461893260481623 -0.0059071342267981927 -0.17128529589764613 0.9805108811048141 0.024729830554621732 0.24261498532873085 -0.0070128676812363728 -0.086926513753751961 0.38749057747732513 0.97171404022691332 -0.1614497089692529 -0.03863395235269395 0.14258606628740822 0.71499602018262354 -0.067001164000214122 0.041054427163124997 0.10547516002287875 -0.09990267607047941 -0.0049965559401864831 -0.11183072152409994 -0.034876168053169253
leaf_weight=1969 1211 456 2857 59 564 598 389 429 846 437 253 101 290 202 296 481 448 90 464 933 161 1877
leaf_count=1969 1211 456 2857 59 564 598 389 429 846 437 253 101 290 202 296 481 448 90 464 933 161 1877
internal_value=-0.00145077 -0.000196881 0.00218153 -0.00279552 0.00650338 0.0010846 0.00232167 0.00473861 0.000872216 0.0035 0.00427948 -0.00765385 -0.00504237 0.00745652 0.00781159 -0.00243777 -0.00124871 -0.00197615 -0.00345224 -0.00172254 -0.0142211 -0.00111815
internal_weight=15411 14039 7327 6712 1475 5852 2995 1114 1881 1035 911 450 349 455 685 6262 2896 2448 3366 1397 1372 1967
internal_count=15411 14039 7327 6712 1475 5852 2995 1114 1881 1035 911 450 349 455 685 6262 2896 2448 3366 1397 1372 1967
is_linear=0
shrinkage=0.035


Tree=89
num_leaves=23
num_cat=0
split_feature=9 9 9 8 20 21 22 11 21 25 12 15 22 9 25 22 15 8 15 12 15 12
split_gain=206.601 73.5765 19.6827 18.7947 10.7986 7.94245 7.02735 7.06442 6.34806 6.22377 9.27103 5.79435 5.01223 5.61001 7.64154 11.9085 10.7898 6.96663 5.21244 4.43617 4.61749 4.42708
threshold=0.8377192982456142 10.508507269154792 24.07460317460318 3.0003337402748032 26.500000000000004 2.5000000000000004 54348.000000000007 1.4373357526806561 1.5000000000000002 277.00000000000006 0.83737086819080064 0.19615384615384621 3735.5000000000005 2.6422888473493016 381.00000000000006 31960.500000000004 0.20416666666666669 1.7113573055962212 0.057189542483660136 1.5289307364432678 0.17519181585677754 4.20432162917258
decision_type=2 2 2 2 2 2 2 2 2 2 2 2 2 2 2 2 2 2 2 2 2 2
left_child=9 3 4 6 21 8 12 11 -6 -1 -11 -8 -2 14 15 16 17 -14 -17 -16 -21 -3
right_child=1 2 -4 -5 5 -7 7 -9 -10 10 -12 -13 13 -15 19 18 -18 -19 -20 20 -22 -23
leaf_value=-0.11570652278125222 0.039995327986423725 0.28091883913477333 0.95410614574359764 -0.0077855283353730981 0.74438996352992604 1.2306220812087485 -0.16823763433718567 -0.14251555134597982 -0.11792011307929799 -0.23660695691959507 -0.068603390969762798 -0.037281764020349675 -0.047807190704904065 -0.087972070214327305 0.045230694544390534 -0.087348625008541708 -0.034351572867406463 -0.17337402435161395 0.021611162459343095 -0.07909785615058762 0.056557352186571021 0.091525436964415563
leaf_weight=478 214 587 523 5088 184 168 58 103 98 941 70 290 227 807 496 72 743 495 615 254 57 2953
leaf_count=478 214 587 523 5088 184 168 58 103 98 941 70 290 227 807 496 72 743 495 615 254 57 2953
internal_value=-0.00135482 -3.61544e-05 0.00364099 -0.00178234 0.00279036 0.00788462 -0.00344793 -0.00759868 0.00408537 -0.0137282 -0.0153642 -0.00500708 -0.00296424 -0.0032624 -0.0025388 -0.00362656 -0.00540476 -0.00844911 0.000151734 0.000344828 -0.00287975 0.00212764
internal_weight=15521 14032 4513 9519 3990 450 4431 451 282 1489 1011 348 3980 3766 2959 2152 1465 722 687 807 311 3540
internal_count=15521 14032 4513 9519 3990 450 4431 451 282 1489 1011 348 3980 3766 2959 2152 1465 722 687 807 311 3540
is_linear=0
shrinkage=0.035


Tree=90
num_leaves=23
num_cat=0
split_feature=9 9 8 9 20 23 21 21 25 12 20 21 21 21 21 20 25 23 11 15 21 11
split_gain=207.395 58.2282 16.4157 14.6866 13.6901 7.56605 6.60869 6.58497 6.51898 7.76129 6.39784 12.1023 12.0456 8.41093 13.3419 7.91092 6.01067 5.72832 6.9154 5.97709 6.83159 5.47233
threshold=0.8377192982456142 12.532844179123261 3.0003337402748032 24.07460317460318 25.500000000000004 4900.0000000000009 2.5000000000000004 1.5000000000000002 277.00000000000006 0.83737086819080064 9.5000000000000018 3.5000000000000004 3.5000000000000004 2.5000000000000004 1.5000000000000002 14.500000000000002 191.00000000000003 62250.000000000007 1.4373357526806561 0.32738095238095244 1.5000000000000002 4.4002996900935516
decision_type=2 2 2 2 2 2 2 2 2 2 2 2 2 2 2 2 2 2 2 2 2 2
left_child=8 2 5 4 10 -2 7 -6 -1 -10 12 13 -3 14 21 -15 -4 19 -19 20 -7 -12
right_child=1 3 16 -5 6 17 -8 -9 9 -11 11 -13 -14 15 -16 -17 -18 18 -20 -21 -22 -23
leaf_value=-0.10693802561945985 0.0476684474234223 0.12230292309388845 -0.062751363717686789 0.90497015215446686 0.82101744753690031 -0.082888686174465986 1.3314329673265941 -0.13651770864145776 -0.22832571342740929 -0.066202272285821095 0.43406177878583851 -0.18718824863274713 0.73099065209586367 -0.040917716610825612 -0.18634912557685676 0.75869936692742623 0.0031149431626622008 -0.061856161946831176 -0.12908066760022152 0.025181958452097135 -0.045013724761941688 0.094124260971783197
leaf_weight=502 223 725 877 497 179 898 195 105 929 67 152 450 252 137 426 279 4909 351 105 180 2628 316
leaf_count=502 223 725 877 497 179 898 195 105 929 67 152 450 252 137 426 279 4909 351 105 180 2628 316
internal_value=-0.00147056 -0.000132299 -0.00150305 0.00361485 0.00273285 -0.00311731 0.00817149 0.00454152 -0.0138207 -0.015542 0.00176149 0.000485836 0.00402749 0.00219582 0.000253059 0.00627672 -0.000274996 -0.00345632 -0.00717462 -0.00298504 -0.00330572 0.00432875
internal_weight=15382 13884 10171 3713 3216 4385 479 284 1498 996 2737 1760 977 1310 894 416 5786 4162 456 3706 3526 468
internal_count=15382 13884 10171 3713 3216 4385 479 284 1498 996 2737 1760 977 1310 894 416 5786 4162 456 3706 3526 468
is_linear=0
shrinkage=0.035


Tree=91
num_leaves=23
num_cat=0
split_feature=9 8 22 22 9 12 25 12 11 21 24 24 9 9 21 21 9 21 12 25 12 22
split_gain=199.041 50.8563 19.5473 9.23574 8.27768 8.71302 7.65174 11.5693 7.35108 6.0999 7.53667 10.2995 6.15951 5.62131 5.30428 5.77116 9.26795 5.28063 5.1824 5.91566 5.23554 4.95148
threshold=0.8377192982456142 6.2169130934036625 16785.000000000004 54348.000000000007 24.07460317460318 7.0185333602344437 277.00000000000006 0.83737086819080064 1.4373357526806561 1.5000000000000002 3555.0000000000005 3345.5000000000005 6.6994793594143482 20.286476540839413 2.5000000000000004 3.5000000000000004 10.395188399508827 1.5000000000000002 2.899552327888109 106.50000000000001 1.7036763559484533 47334.500000000007
decision_type=2 2 2 2 2 2 2 2 2 2 2 2 2 2 2 2 2 2 2 2 2 2
left_child=6 3 4 9 5 13 -1 -8 -5 10 11 -2 -11 -3 18 16 -16 -7 20 -20 -4 -17
right_child=1 2 14 8 -6 17 7 -9 -10 12 -12 -13 -14 -15 15 21 -18 -19 19 -21 -22 -23
leaf_value=-0.098769982728469319 -0.059553206074272065 0.22383670597055644 -0.21920526457602152 -0.059691196278692071 0.98836584383577308 0.57310415240387425 -0.22033431345744994 -0.011778865689867628 -0.12456284423421381 -0.027933673314989617 -0.094054705262663921 0.15832790304892699 0.24024794159168225 1.0868407513107503 0.02638412967075475 -0.030749377818211205 0.46699040180758911 -0.09111134728874988 0.35382217467854449 -0.046603353241879086 0.1383551911616587 0.20111763116708953
leaf_weight=503 531 325 50 357 435 103 932 63 103 4342 1099 111 52 279 798 1071 762 346 239 2060 513 336
leaf_count=503 531 325 50 357 435 103 932 63 103 4342 1099 111 52 279 798 1071 762 346 239 2060 513 336
internal_value=-0.00141794 -0.000109399 0.00189771 -0.00233864 0.00547388 0.00373819 -0.013518 -0.015365 -0.0071129 -0.00197231 -0.00372852 -0.000676198 -0.00126904 0.00646552 0.000977888 0.0020138 0.00347764 0 -9.15591e-05 -0.000835503 0.00289613 0.000371813
internal_weight=15410 13912 7317 6595 1488 1053 1498 995 460 6135 1741 642 4394 604 5829 2967 1560 449 2862 2299 563 1407
internal_count=15410 13912 7317 6595 1488 1053 1498 995 460 6135 1741 642 4394 604 5829 2967 1560 449 2862 2299 563 1407
is_linear=0
shrinkage=0.035


Tree=92
num_leaves=23
num_cat=0
split_feature=9 2 9 24 25 21 22 7 11 24 22 24 14 21 9 21 25 25 11 7 27 8
split_gain=204.53 53.8447 24.8754 8.50045 8.34627 6.73718 6.68267 6.08351 5.64959 5.54828 6.59714 5.84123 5.5337 5.40144 4.93733 4.69252 4.60126 4.23685 4.00956 3.95162 3.78897 5.26634
threshold=0.67928571428571438 5.154761904761906 23.572667725649094 9795.0000000000018 277.00000000000006 2.5000000000000004 54348.000000000007 14.574646434701021 5.5564981728356617 4472.0000000000009 31797.000000000004 4019.0000000000005 1.0000000180025095e-35 3.5000000000000004 7.1434714651971118 1.5000000000000002 430.00000000000006 455.50000000000006 1.3008872711759827 21.010724767698907 3.5000000000000004 3.5718573973290817
decision_type=2 2 2 2 2 2 2 2 2 2 2 2 2 2 2 2 2 2 2 2 2 2
left_child=4 3 7 5 -1 6 9 -3 13 11 14 20 -13 17 -11 -12 19 -9 -8 -4 21 -2
right_child=1 2 16 -5 -6 -7 18 8 -10 10 15 12 -14 -15 -16 -17 -18 -19 -20 -21 -22 -23
leaf_value=-0.093644862642436363 -0.012314375328230655 0.012524857013434884 0.18065577883542575 0.032051660084352923 -0.21262261248643921 -0.029580079764658998 -0.060832703623405621 0.55684301197461716 0.097834044145999721 0.71196429773311254 -0.088594558083744751 -0.339857815472973 -0.084976570429186077 -0.13402038957762061 0.02682996584167395 0.013839494682378871 -0.14323638539310424 0.016380472727501996 -0.14882710840908087 1.0250357589558532 -0.086356915413242155 -0.26521237449331686
leaf_weight=404 872 4119 52 734 960 2896 165 769 1450 46 379 115 438 111 82 325 53 147 75 474 726 109
leaf_count=404 872 4119 52 734 960 2896 165 769 1450 46 379 115 438 111 82 325 53 147 75 474 726 109
internal_value=-0.00143783 -0.000185617 0.00194011 -0.00237871 -0.0143554 -0.00279921 -0.00387549 0.00132291 0.00269339 -0.00341863 -0.00094086 -0.00431898 -0.00746416 0.00468023 0.00618421 -0.00229549 0.00886986 0.00556732 -0.0095 0.00985405 -0.00327103 -0.00181034
internal_weight=15501 14137 7175 6962 1364 6228 3332 6596 2477 3092 832 2260 553 1027 128 704 579 916 240 526 1707 981
internal_count=15501 14137 7175 6962 1364 6228 3332 6596 2477 3092 832 2260 553 1027 128 704 579 916 240 526 1707 981
is_linear=0
shrinkage=0.035


Tree=93
num_leaves=23
num_cat=0
split_feature=9 9 9 22 8 11 20 7 20 6 20 20 22 11 25 15 22 22 12 7 27 11
split_gain=184.027 44.0384 18.4057 9.13065 9.09991 8.53884 7.89113 8.83149 8.36237 11.3959 6.41304 7.42658 6.26442 5.6121 5.20979 5.1399 4.50213 4.34607 5.83008 4.29702 4.19705 4.17949
threshold=0.8377192982456142 7.7692754686766738 23.572667725649094 54348.000000000007 0.36038961038961043 1.4373357526806561 18.500000000000004 17.154761904761909 9.5000000000000018 5.378571428571429 19.500000000000004 7.5000000000000009 47274.500000000007 3.1666184688832555 421.00000000000006 0.19615384615384621 5643.5000000000009 48992.500000000007 3.5625551142121235 2.3333638470330818 2.5000000000000004 3.3840127707943251
decision_type=2 2 2 2 2 2 2 2 2 2 2 2 2 2 2 2 2 2 2 2 2 2
left_child=4 3 6 10 -1 15 8 17 9 -3 11 -2 16 -10 -4 -5 19 18 -8 -12 -15 -19
right_child=1 2 14 5 -6 -7 7 -9 13 -11 12 -13 -14 20 -16 -17 -18 21 -20 -21 -22 -23
leaf_value=-0.21530152398436583 -0.011404136332878779 -0.12824613265336979 0.88856941921945753 -0.1511584085735149 -0.10671803090576563 -0.12298230954869517 0.28433193493057513 0.77005827687335471 0.16637806292216703 0.23562814740157209 0.1938223720641013 -0.061863886694928753 0.12204922543914898 -0.20956703067183627 -0.10640083184742552 -0.020144287739418516 -0.023145627466498574 -0.062047935626729472 -0.012604528482848425 0.01702413184501687 -0.036412902289843174 0.51316057738020948
leaf_weight=756 1757 491 541 58 742 105 308 502 188 1195 45 2997 302 397 74 300 2116 52 1039 119 1132 181
leaf_count=756 1757 491 541 58 742 105 308 502 188 1195 45 2997 302 397 74 300 2116 52 1039 119 1132 181
internal_value=-0.001418 -0.000158587 0.00206675 -0.00190159 -0.0130522 -0.00665598 0.0014153 0.00311092 0.000369718 0.00212153 -0.00159481 -0.00235711 -0.000182644 -0.00134146 0.00779032 -0.00390496 -0.000819475 0.00179968 0.00100962 0.00465976 -0.00205346 0.00617647
internal_weight=15397 13899 6100 7799 1498 463 5485 2082 3403 1686 7336 4754 2582 1717 615 358 2280 1580 1347 164 1529 233
internal_count=15397 13899 6100 7799 1498 463 5485 2082 3403 1686 7336 4754 2582 1717 615 358 2280 1580 1347 164 1529 233
is_linear=0
shrinkage=0.035


Tree=94
num_leaves=23
num_cat=0
split_feature=9 2 9 8 22 0 22 11 15 25 21 25 12 8 15 25 12 9 22 22 10 9
split_gain=182.249 48.0698 24.2475 8.94314 8.28264 7.0138 6.16877 6.0824 4.44209 3.97995 3.66674 4.00414 7.24824 3.50094 3.6786 3.42332 3.26878 7.14318 3.77886 5.39328 4.73414 3.39982
threshold=0.8377192982456142 5.3595203124901198 23.572667725649094 0.36038961038961043 54348.000000000007 16.535714285714288 43337.000000000007 1.4373357526806561 0.21240601503759401 430.00000000000006 2.5000000000000004 180.50000000000003 1.9422961801812175 2.3333571197290919 0.10620300751879701 807.00000000000011 4.4984192253111397 12.145154118299546 43337.000000000007 48992.500000000007 5.4902511001644685 16.361582263013812
decision_type=2 2 2 2 2 2 2 2 2 2 2 2 2 2 2 2 2 2 2 2 2 2
left_child=3 4 5 -1 6 16 10 8 -6 -4 15 12 -12 -8 -15 -2 17 -3 21 -20 -21 -18
right_child=1 2 9 -5 7 -7 13 -9 -10 -11 11 -13 -14 14 -16 -17 18 -19 19 20 -22 -23
leaf_value=-0.20369079159187325 -0.062274054746749116 0.016618382316905277 0.9145552026744509 -0.10167680693515341 -0.1477281468746415 0.2568165790337017 0.13129405282855461 -0.11646778555294253 -0.030803770915313076 -0.052960948846524337 0.11116055026256277 -0.0418610064222786 -0.028679627147588323 0.014029967686460375 -0.1048407820134456 0.011082052201142006 0.2343589527197486 0.3920794875716212 -0.17072259044698798 0.28991739741230677 -0.15036306009964948 -0.038432732118114786
leaf_weight=745 2482 2936 514 760 61 1728 57 98 283 53 221 1871 279 998 127 247 367 307 402 110 97 626
leaf_count=745 2482 2936 514 760 61 1728 57 98 283 53 221 1871 279 998 127 247 367 307 402 110 97 626
internal_value=-0.00136367 -0.00010473 0.00189328 -0.0129106 -0.00222879 0.00128763 -0.00189558 -0.00685123 -0.00446275 0.00881119 -0.0024236 -0.00139941 0.00135149 0.000368576 -6.19469e-05 -0.00330285 0.000598969 0.00123922 -0.000686061 -0.00285016 0.00165094 0.000631263
internal_weight=15369 13864 7140 1505 6724 6573 6282 442 344 567 5100 2371 500 1182 1125 2729 4845 3243 1602 609 207 993
internal_count=15369 13864 7140 1505 6724 6573 6282 442 344 567 5100 2371 500 1182 1125 2729 4845 3243 1602 609 207 993
is_linear=0
shrinkage=0.035


Tree=95
num_leaves=23
num_cat=0
split_feature=9 9 9 24 25 10 12 5 21 21 25 10 12 23 10 22 11 8 12 7 14 12
split_gain=173.104 46.9069 17.8634 13.2367 9.75944 5.9958 5.55089 5.53427 5.45131 8.89373 7.08431 5.12029 4.25071 4.00937 4.15971 3.60125 8.53048 3.72279 3.56082 3.4168 3.09531 3.99662
threshold=0.64334089962422325 9.2861832611832629 23.572667725649094 9795.0000000000018 277.00000000000006 1.0000000000000016 4.4523084613230575 9.9933189851049971 2.5000000000000004 3.5000000000000004 831.00000000000011 9.9618319217950688 4.1039126347782684 62950.000000000007 9.0052859577585984 54348.000000000007 1.4468609447374672 9.5719246031746064 3.4174892201957241 23.153581910556053 0.26136363636363641 1.3378923384129464
decision_type=2 2 2 2 2 2 2 2 2 2 2 2 2 2 2 2 2 2 2 2 2 2
left_child=4 3 8 5 -1 -2 -5 -4 13 10 18 12 -11 14 19 17 -17 20 -10 -3 -7 -22
right_child=1 2 7 6 -6 15 -8 -9 9 11 -12 -13 -14 -15 -16 16 -18 -19 -20 -21 21 -23
leaf_value=-0.074786058813156253 -0.060329827383315139 0.082573762571453532 0.065337108011931946 0.057868857152838737 -0.19051609000424546 -0.034268415351290236 -0.14403088994554678 0.88664023379904999 0.3907949848141764 0.25682912691951548 -0.27655737464712177 0.97027332954659351 -0.045371877003046283 -0.13443908162544405 -0.22293874510848868 -0.035076603773841232 -0.12834369982113941 -0.37350777212395031 0.39827805348356132 1.4251660226015819 -0.036250003563311997 0.075590911712567821
leaf_weight=375 1540 1849 107 1265 925 5399 75 504 86 134 58 90 809 213 173 192 87 48 1036 54 189 209
leaf_count=375 1540 1849 107 1265 925 5399 75 504 86 134 58 90 809 213 173 192 87 48 1036 54 189 209
internal_value=-0.00133446 -0.000205707 0.00246874 -0.00172688 -0.0135307 -0.00228876 0.00147026 0.00806818 0.0016968 0.00293508 0.00500633 0.000539499 -0.000221519 0.00048823 0.000967083 -0.00179026 -0.00566901 -0.00159744 0.00563665 0.00144916 -0.0015081 0.001433
internal_weight=15417 14117 5113 9004 1300 7664 1340 611 4502 2213 1180 1033 943 2289 2076 6124 279 5845 1122 1903 5797 398
internal_count=15417 14117 5113 9004 1300 7664 1340 611 4502 2213 1180 1033 943 2289 2076 6124 279 5845 1122 1903 5797 398
is_linear=0
shrinkage=0.035


Tree=96
num_leaves=23
num_cat=0
split_feature=9 3 9 12 20 20 10 25 21 20 25 9 25 10 2 21 21 20 10 9 25 12
split_gain=173.897 42.4305 17.9835 9.53035 8.88919 8.5695 10.1067 8.2156 7.83756 7.78956 6.97825 6.69021 5.74519 5.26536 5.24383 5.3164 5.02967 4.67301 4.57746 4.51074 8.29151 5.13012
threshold=0.64334089962422325 7.2865913714874226 23.572667725649094 1.7036763559484533 25.500000000000004 7.5000000000000009 6.1836959205717053 142.00000000000003 2.5000000000000004 25.500000000000004 277.00000000000006 18.074005295944417 637.50000000000011 4.9665548085837949 10.875946117517978 2.5000000000000004 1.5000000000000002 16.500000000000004 1.2909944487358072 2.5357338073371021 729.50000000000011 1.2244805909085656
decision_type=2 2 2 2 2 2 2 2 2 2 2 2 2 2 2 2 2 2 2 2 2 2
left_child=10 3 4 8 5 13 11 -8 19 12 -1 -7 -10 -3 -6 16 -16 18 -5 20 -2 -21
right_child=1 2 -4 17 14 6 7 -9 9 -11 -12 -13 -14 -15 15 -17 -18 -19 -20 21 -22 -23
leaf_value=-0.084957396152424217 -0.057246258227849692 0.066080900901376374 0.70350775071156424 -0.123911163647748 0.010783209998714086 0.0025031339188473114 0.42983803271602772 -0.2330372152946214 -0.049996293104897345 0.058940329708742786 -0.1838480268540969 0.39830353433921378 0.052463776122328894 0.49046899370939118 0.62187711650803701 0.95293616890564115 -0.10107377323948015 0.016378459860153589 -0.028836225055245263 0.0028865909847206341 0.090200519079142019 -0.18420484987851066
leaf_weight=364 1565 693 541 194 235 2200 107 543 1344 239 912 505 309 393 191 198 113 1862 2367 89 90 410
leaf_count=364 1565 693 541 194 235 2200 107 543 1344 239 912 505 309 393 191 198 113 1862 2367 89 90 410
internal_value=-0.0013519 -0.000235503 0.00209119 -0.00180906 0.00144849 0.000850202 -2.08333e-05 -0.00392748 -0.0030369 -0.00137454 -0.0137022 0.000916974 -0.00223764 0.00354491 0.005 0.0070069 0.00390777 -0.000679765 -0.00165043 -0.0044824 -0.00356325 -0.00743056
internal_weight=15464 14188 5719 8469 5178 4441 3355 650 4046 1892 1276 2705 1653 1086 737 502 304 4423 2561 2154 1655 499
internal_count=15464 14188 5719 8469 5178 4441 3355 650 4046 1892 1276 2705 1653 1086 737 502 304 4423 2561 2154 1655 499
is_linear=0
shrinkage=0.035


Tree=97
num_leaves=23
num_cat=0
split_feature=9 9 25 9 24 5 12 22 11 15 9 15 23 9 27 22 8 12 8 27 9 12
split_gain=160.766 39.1059 13.8617 12.4116 10.423 5.54991 4.66871 4.39651 7.95993 6.32303 4.62619 4.99759 3.76501 3.97397 3.27342 9.07298 4.74527 3.59134 8.26316 4.19781 6.89764 3.14218
threshold=0.67928571428571438 8.9281484389793651 277.00000000000006 23.572667725649094 9795.0000000000018 9.9933189851049971 4.537952965043119 54348.000000000007 1.4373357526806561 0.18350168350168353 0.91360632121501695 0.32738095238095244 62950.000000000007 11.727127523016275 2.5000000000000004 31797.000000000004 10.027746129187973 4.4984192253111397 11.072005956955199 3.5000000000000004 20.473214285714288 7.7792375936535905
decision_type=2 2 2 2 2 2 2 2 2 2 2 2 2 2 2 2 2 2 2 2 2 2
left_child=2 4 -1 12 7 -5 -6 10 9 -9 -2 -12 14 -14 15 16 -3 18 -16 -19 -21 -18
right_child=1 3 -4 5 6 -7 -8 8 -10 -11 11 -13 13 -15 17 -17 21 19 -20 20 -22 -23
leaf_value=-0.071971853780626802 -0.10773208901906549 0.26381504899678765 -0.17741334591420352 -0.0040206185591821963 0.051230824317684637 0.80285075346776447 -0.11747278598809385 -0.14294748066710675 -0.1083352705842494 -0.0093157436044486366 -0.035428400906282111 0.035349712915492541 0.021150285747996947 -0.23780436779477016 0.039459058002430616 -0.76243313668691448 0.053815399277572881 0.26154673044740834 0.40329678463130025 -0.13759094444923847 0.55296555005536596 -0.16202294924066962
leaf_weight=409 163 128 938 111 1185 482 60 58 102 316 6707 150 353 124 446 46 988 1399 438 461 185 123
leaf_count=409 163 128 938 111 1185 482 60 58 102 316 6707 150 353 124 446 46 988 1399 438 461 185 123
internal_value=-0.0013395 -0.000227014 -0.0128661 0.00214738 -0.00166476 0.00690635 0.001288 -0.00215805 -0.005421 -0.00290897 -0.0019306 -0.00178519 0.00153535 -0.00137967 0.0018707 0.000379845 0.000984727 0.00251704 0.00438976 0.00169024 -0.00061828 0.000219534
internal_weight=15372 14025 1347 5284 8741 593 1245 7496 476 374 7020 6857 4691 477 4214 1285 1239 2929 884 2045 646 1111
internal_count=15372 14025 1347 5284 8741 593 1245 7496 476 374 7020 6857 4691 477 4214 1285 1239 2929 884 2045 646 1111
is_linear=0
shrinkage=0.035


Tree=98
num_leaves=23
num_cat=0
split_feature=9 3 9 22 24 20 20 9 10 21 20 20 21 21 25 20 15 15 12 22 21 21
split_gain=153.5 42.1633 17.1551 11.0948 8.19664 7.85262 18.5862 10.2672 5.31323 4.93332 5.41856 5.76797 8.4661 5.73462 9.21782 6.9199 6.60806 5.46629 6.14925 5.29159 4.9252 7.49759
threshold=0.67928571428571438 6.9966807769941894 23.572667725649094 34795.000000000007 9795.0000000000018 7.5000000000000009 16.500000000000004 18.216862438801559 4.9665548085837949 2.5000000000000004 24.500000000000004 7.5000000000000009 3.5000000000000004 3.5000000000000004 637.50000000000011 15.500000000000002 0.10620300751879701 0.069047619047619066 1.8527114407105285 54348.000000000007 3.5000000000000004 2.5000000000000004
decision_type=2 2 2 2 2 2 2 2 2 2 2 2 2 2 2 2 2 2 2 2 2 2
left_child=3 4 5 -1 9 8 -7 20 -3 19 11 12 17 15 -15 -13 -16 18 -11 -2 21 -8
right_child=1 2 -4 -5 -6 6 7 -9 -10 10 -12 13 -14 14 16 -17 -18 -19 -20 -21 -22 -23
leaf_value=-0.094305111286302826 -0.049821490082768233 0.09364867650808599 0.67170510162392993 -0.20620387880720639 0.032941035677118917 -0.071492641636185406 0.031870453609183655 0.64673005439100284 0.45836461272599577 0.15497625718303878 0.046450934534715278 -0.064275799014576765 0.061146471236415055 -0.086818014405112498 0.11911827528238576 0.043184118724406591 -0.13915446598545747 -0.13127390994375587 -0.1131099920301448 -0.068795899791803519 -0.096096180350231611 0.25429290083780121
leaf_weight=839 3449 772 554 496 1028 1840 1104 619 400 68 522 465 356 718 147 464 50 244 74 244 347 589
leaf_count=839 3449 772 554 496 1028 1840 1104 619 400 68 522 465 356 718 147 464 50 244 74 244 347 589
internal_value=-0.00116636 -8.5888e-05 0.0020618 -0.0124851 -0.00179602 0.00147992 0.000808171 0.00268018 0.00402931 -0.002237 -0.0011974 -0.00185739 0.000726238 -0.00290562 -0.00486957 -0.000936831 0.00173267 -0.00281969 0.0025 -0.00310438 0.00146333 0.00224676
internal_weight=15389 14054 6225 1335 7829 5671 4499 2659 1172 6801 3108 2586 742 1844 915 929 197 386 142 3693 2040 1693
internal_count=15389 14054 6225 1335 7829 5671 4499 2659 1172 6801 3108 2586 742 1844 915 929 197 386 142 3693 2040 1693
is_linear=0
shrinkage=0.035


Tree=99
num_leaves=23
num_cat=0
split_feature=9 3 9 23 8 20 20 9 20 10 14 23 13 9 12 12 15 24 23 15 10 24
split_gain=150.792 36.8154 14.9197 11.9295 8.15968 7.15513 10.2906 8.41022 7.53979 5.88119 5.53299 5.31122 5.08398 4.97187 6.01764 5.78857 4.16159 4.24176 4.13428 4.1092 3.4571 3.39243
threshold=0.67928571428571438 7.2865913714874226 24.07460317460318 40250.000000000007 3.0003337402748032 25.500000000000004 7.5000000000000009 12.88904440725347 15.500000000000002 4.9665548085837949 1.0000000180025095e-35 4900.0000000000009 1.0000000180025095e-35 18.385164835164836 5.6291706126250025 6.9460315646673028 0.051315789473684217 8654.0000000000018 7350.0000000000009 0.73993558776167478 0.37796447300922736 4163.5000000000009
decision_type=2 2 2 2 2 2 2 2 2 2 2 2 2 2 2 2 2 2 2 2 2 2
left_child=3 4 5 19 11 6 9 -7 -8 -3 -6 12 -2 14 -10 -15 17 -12 -13 -1 -21 -20
right_child=1 2 -4 -5 10 7 8 -9 13 -11 16 18 -14 15 -16 -17 -18 -19 21 20 -22 -23
leaf_value=-0.098375344112018398 -0.028375975034314539 0.076174170999266932 0.67387740427055642 -0.19898674304895417 -0.025562098842043995 0.00647146242902835 -0.069171535948699736 0.66885012488906415 0.061473752168634349 0.48632097062829077 0.19329821280536633 -0.18404521776612565 0.15615985575583072 0.75824643496817778 -0.17454695434997342 0.098099847397781742 0.0043626350313442338 -0.025664730362424532 -0.029993888216004641 -0.063139272012102093 0.013995567608717795 -0.052258893005258204
leaf_weight=734 150 672 455 509 3299 312 1521 439 1144 391 137 58 70 223 250 267 349 63 2395 54 60 1831
leaf_count=734 150 672 455 509 3299 312 1521 439 1144 391 137 58 70 223 250 267 349 63 2395 54 60 1831
internal_value=-0.00124188 -0.000160894 0.00201224 -0.0123605 -0.00163964 0.00147397 0.000935055 0.00462963 0 0.00393258 -0.00044965 -0.00265081 0.00256667 0.001473 0.000387777 0.0044899 0.00277978 0.0067439 -0.00292551 -0.00966295 -0.00308824 -0.00278362
internal_weight=15383 14026 5674 1357 8352 5219 4468 751 3405 1063 3848 4504 220 1884 1394 490 549 200 4284 848 114 4226
internal_count=15383 14026 5674 1357 8352 5219 4468 751 3405 1063 3848 4504 220 1884 1394 490 549 200 4284 848 114 4226
is_linear=0
shrinkage=0.035


Tree=100
num_leaves=23
num_cat=0
split_feature=9 9 22 20 9 21 8 21 20 23 14 22 21 20 21 21 21 6 20 9 25 25
split_gain=135.938 30.5709 14.615 10.9652 9.6596 9.55003 8.05755 6.33313 5.44219 5.25147 4.86213 6.96929 4.7619 3.99146 11.8019 9.49093 7.50718 11.2003 9.66781 3.96325 3.96322 5.43654
threshold=0.67928571428571438 10.508507269154792 34795.000000000007 25.500000000000004 24.07460317460318 2.5000000000000004 3.0003337402748032 1.5000000000000002 25.500000000000004 62950.000000000007 1.0000000180025095e-35 16785.000000000004 2.5000000000000004 9.5000000000000018 3.5000000000000004 3.5000000000000004 2.5000000000000004 11.012190511862441 15.500000000000002 16.789456666317523 637.50000000000011 499.50000000000006
decision_type=2 2 2 2 2 2 2 2 2 2 2 2 2 2 2 2 2 2 2 2 2 2
left_child=2 6 -1 4 9 7 8 -5 20 13 11 -8 -10 14 -3 16 17 -15 19 -18 21 -2
right_child=1 3 -4 5 -6 -7 10 -9 12 -11 -12 -13 -14 15 -16 -17 18 -19 -20 -21 -22 -23
leaf_value=-0.087561295347361595 -0.04509663643704169 0.056077691769179698 -0.19202220704224077 0.55152948115842848 0.53831925460189334 0.93435771096343623 -0.096076163611223508 -0.13824115173871307 -0.027729813253029471 -0.13728387170191816 0.041215394778337605 -0.012231972339516128 0.055064181595739635 0.18529948538896288 0.62316950297566498 -0.1755235720558983 0.33065896743398299 -0.2067956759732443 0.6073922840902608 -0.29344024208512481 -0.0087389205432515746 -0.074263066851748119
leaf_weight=848 2528 813 504 215 465 257 265 136 455 258 585 4235 291 620 261 509 96 382 310 99 789 463
leaf_count=848 2528 813 504 215 465 257 265 136 455 258 585 4235 291 620 261 509 96 382 310 99 789 463
internal_value=-0.00124748 -0.00022316 -0.0118257 0.00218256 0.0014759 0.00653752 -0.00133215 0.00265449 -0.0024062 0.000808977 -0.000371316 -0.000765261 0.000302929 0.00121567 0.00293559 0.00028575 0.00168981 -5.21351e-05 0.00514706 -0.000875 -0.00294518 -0.00352804
internal_weight=15384 14032 1352 4421 3813 608 9611 351 4526 3348 5085 4500 746 3090 1074 2016 1507 1002 505 195 3780 2991
internal_count=15384 14032 1352 4421 3813 608 9611 351 4526 3348 5085 4500 746 3090 1074 2016 1507 1002 505 195 3780 2991
is_linear=0
shrinkage=0.035


Tree=101
num_leaves=23
num_cat=0
split_feature=9 9 22 6 25 25 5 15 21 9 8 25 9 8 24 15 22 25 12 12 24 12
split_gain=134.005 30.8394 15.6147 14.14 6.52518 7.26804 8.14021 5.79434 7.93309 9.34794 5.44618 4.98639 5.99877 5.41563 4.9837 6.77586 8.54549 8.05517 5.40625 5.17975 5.03786 8.00783
threshold=0.67928571428571438 5.8214332303014045 34795.000000000007 20.017857142857146 600.00000000000011 499.50000000000006 1.0010887194926981 0.093073593073593086 3.5000000000000004 2.3573097272802586 22.87263965786218 637.50000000000011 3.4897302743485183 2.985127205852542 9349.5000000000018 0.10263157894736843 5643.5000000000009 381.00000000000006 1.3945628347462813 2.8737776306382172 3438.0000000000005 1.4006328871416598
decision_type=2 2 2 2 2 2 2 2 2 2 2 2 2 2 2 2 2 2 2 2 2 2
left_child=2 4 -1 -3 5 14 -7 8 9 -6 -5 -11 13 -13 15 16 18 -17 -2 -16 -18 -22
right_child=1 3 -4 10 7 6 -8 -9 -10 11 -12 12 -14 -15 19 17 20 -19 -20 -21 21 -23
leaf_value=-0.079828146121349239 0.14795270307802177 0.034675542088215966 -0.18530142979576236 0.22321148467368199 0.10796626052185226 -0.023255605379955038 -0.1169478334823834 -0.062516408876414228 0.12330199090609741 0.070290633758054999 0.84038247621400108 -0.067058057163333559 -0.2054312930009744 0.050131851003056449 0.032101498514040476 -0.03050943241728039 -0.19114432010334445 0.092913603276459616 -0.026816436698195629 -0.23457788245795913 2.8327504980474317e-06 -0.11249327104280632
leaf_weight=836 49 6673 524 594 141 293 246 393 256 186 370 338 126 264 507 1943 173 179 356 60 296 684
leaf_count=836 49 6673 524 594 141 293 246 393 256 186 370 338 126 264 507 1943 173 179 356 60 296 684
internal_value=-0.00118158 -0.000168412 -0.0116538 0.00133735 -0.00194265 -0.00260436 -0.00643382 -7.16793e-05 0.00103723 -0.00029717 0.00529154 -0.00161861 -0.00293656 -0.00141269 -0.00210724 -0.0025787 -0.00433301 -0.00127527 0 0.000917832 -0.00586356 -0.00481472
internal_weight=15487 14127 1360 7637 6490 4786 539 1704 1311 1055 964 914 728 602 4247 3680 1558 2122 405 567 1153 980
internal_count=15487 14127 1360 7637 6490 4786 539 1704 1311 1055 964 914 728 602 4247 3680 1558 2122 405 567 1153 980
is_linear=0
shrinkage=0.035


Tree=102
num_leaves=23
num_cat=0
split_feature=9 3 22 9 20 20 20 21 9 24 21 21 21 9 21 21 20 20 22 21 14 24
split_gain=131.231 28.5632 15.0759 11.6667 7.14987 9.02276 8.99478 6.50605 9.26125 6.459 5.62322 5.05651 7.63698 8.32385 8.00927 4.69372 6.31563 8.43173 5.86518 5.4027 5.40924 4.74238
threshold=0.64334089962422325 7.5792109196426667 34795.000000000007 24.07460317460318 25.500000000000004 7.5000000000000009 15.500000000000002 2.5000000000000004 13.505915403672711 9795.0000000000018 1.5000000000000002 3.5000000000000004 2.5000000000000004 18.074005295944417 1.5000000000000002 2.5000000000000004 20.500000000000004 10.500000000000002 54348.000000000007 3.5000000000000004 0.13392857142857145 1706.5000000000002
decision_type=2 2 2 2 2 2 2 2 2 2 2 2 2 2 2 2 2 2 2 2 2 2
left_child=2 9 -1 4 5 -3 -7 10 -9 15 -6 12 14 -14 -8 18 17 -17 21 20 -18 -2
right_child=1 3 -4 -5 7 6 11 8 -10 -11 -12 -13 13 -15 -16 16 19 -19 -20 -21 -22 -23
leaf_value=-0.082964417489506878 -0.085493108730338691 0.17082224869421567 -0.17881587975291066 0.58317263954534904 0.27146934031485509 -0.086474634681743809 0.20023701315009895 0.024523411964066287 1.143288469890954 0.023771360084739755 -0.15471810442427569 -0.062535775465590443 0.15259746562124044 0.9040900087694772 -0.070334974954094104 0.00052202691667869062 0.015502403358095053 -0.06550422830314212 -0.0622996026429797 -0.035049413368764049 0.096907422106560615 -0.032074170375906347
leaf_weight=764 584 1071 507 449 273 1514 452 129 181 1205 161 485 370 130 468 1163 397 1129 260 387 250 3117
leaf_count=764 584 1071 507 449 273 1514 452 129 181 1205 161 485 370 130 468 1163 397 1129 260 387 250 3117
internal_value=-0.00126286 -0.000293724 -0.0120141 0.00162447 0.00115241 0.000619021 -0.000255549 0.00432243 0.00816667 -0.00157968 0.00147494 0.0013377 0.00239474 0.00585644 0.000472973 -0.00197271 -0.000992945 -0.00201894 -0.0027887 0.00126323 0.00322086 -0.0024177
internal_weight=15446 14175 1271 5683 5234 4490 3419 744 310 8492 434 1905 1420 500 920 7287 3326 2292 3961 1034 647 3701
internal_count=15446 14175 1271 5683 5234 4490 3419 744 310 8492 434 1905 1420 500 920 7287 3326 2292 3961 1034 647 3701
is_linear=0
shrinkage=0.035


Tree=103
num_leaves=23
num_cat=0
split_feature=15 8 8 8 20 20 22 20 12 20 22 15 20 12 20 10 10 12 24 12 7 22
split_gain=128.371 26.6942 11.9171 11.2246 8.0715 6.93848 7.78222 7.65123 6.72764 6.21907 6.64759 5.30705 5.17783 5.15351 4.9337 4.71959 4.5744 4.21381 4.56834 5.6689 4.1127 3.92472
threshold=0.46291208791208799 6.2169130934036625 0.35299200622699706 22.57902452389941 19.500000000000004 16.500000000000004 16785.000000000004 8.5000000000000018 7.0185333602344437 26.500000000000004 54348.000000000007 0.23303167420814483 13.500000000000002 2.508496812003508 7.5000000000000009 1.8126539343499322 3.3443805492851308 2.9590975938571598 9795.0000000000018 6.3066794743269474 22.289929968360216 34795.000000000007
decision_type=2 2 2 2 2 2 2 2 2 2 2 2 2 2 2 2 2 2 2 2 2 2
left_child=1 9 21 5 14 7 8 13 -7 10 -1 -12 -13 -3 16 -9 -5 -8 -19 -20 -17 -2
right_child=2 3 -4 4 -6 6 17 15 -10 -11 11 12 -14 -15 -16 20 -18 18 19 -21 -22 -23
leaf_value=-0.032637517777686705 -0.113798910283824 -0.20150138791260672 -0.086169822004560179 -0.19918493491451872 1.0915134379686506 0.86686633518684708 0.17503845941095672 0.14467150868888981 -0.034328658365608368 0.021026275348682049 -0.11991202493596251 0.011965888920475154 -0.099954044993028818 0.09877819679244923 0.058098030059649378 -0.063469406232236458 0.71534709613874703 -0.019326019758674706 0.23770309331493156 -0.089543713530191915 -0.71723443829251532 -0.17255732396155879
leaf_weight=5564 216 142 769 55 218 278 371 96 131 772 119 117 160 1522 397 1604 191 1235 729 200 79 424
leaf_count=5564 216 142 769 55 218 278 371 96 131 772 119 117 160 1522 397 1604 191 1235 729 200 79 424
internal_value=-0.00126186 -0.000244011 -0.0113119 0.00122811 0.00497113 0.000717303 0.00196423 -0.000345128 0.00642512 -0.0018313 -0.002215 -0.00658978 -0.0037234 0.00135261 0.00291667 -0.00194226 0.00676295 0.00122638 0.000621254 0.00247323 -0.00238448 -0.0148953
internal_weight=15389 13980 1409 7248 861 6387 2944 3443 409 6732 5960 396 277 1664 643 1779 246 2535 2164 929 1683 640
internal_count=15389 13980 1409 7248 861 6387 2944 3443 409 6732 5960 396 277 1664 643 1779 246 2535 2164 929 1683 640
is_linear=0
shrinkage=0.035


Tree=104
num_leaves=23
num_cat=0
split_feature=9 2 22 9 20 20 21 21 21 21 24 21 20 20 21 20 12 9 24 22 9 9
split_gain=124.07 28.3439 18.6202 13.6196 12.3481 7.69241 7.6219 6.40086 8.94096 6.58812 5.8734 5.68449 5.39268 8.34844 6.68454 5.25781 5.2189 7.82587 5.16063 4.58813 4.43209 6.68282
threshold=0.67928571428571438 5.154761904761906 34795.000000000007 18.385164835164836 19.500000000000004 7.5000000000000009 3.5000000000000004 2.5000000000000004 3.5000000000000004 1.5000000000000002 9795.0000000000018 2.5000000000000004 19.500000000000004 10.500000000000002 3.5000000000000004 16.500000000000004 6.6210252830050198 24.07460317460318 3291.5000000000005 54348.000000000007 1.0628184817885318 2.2857338073371021
decision_type=2 2 2 2 2 2 2 2 2 2 2 2 2 2 2 2 2 2 2 2 2 2
left_child=2 10 -1 -3 5 6 16 9 -9 -6 11 19 13 -13 -14 -15 -5 -18 -16 20 -2 -22
right_child=1 3 -4 4 7 -7 -8 8 -10 -11 -12 12 14 15 18 -17 17 -19 -20 -21 21 -23
leaf_value=-0.07083434106786457 -0.11757899819518154 0.014986679480646645 -0.16651781762290421 0.84931580380566241 0.65847445146114902 -0.0059210903881164265 1.1043432276968213 1.3935321345220835 0.40410125999228885 -0.12080344900447082 0.033075594019544567 0.0013759178623272384 0.05193636523725724 -0.088245568021259518 0.094847016922960603 -0.015728428209214391 -0.29047028009305453 0.43685709120621086 -0.062921569622062495 -0.058626747511373485 -0.0022638736915874084 -0.063618201580815353
leaf_weight=822 145 5298 508 109 123 812 140 210 169 162 741 1000 602 551 88 329 106 65 293 248 1110 1799
leaf_count=822 145 5298 508 109 123 812 140 210 169 162 741 1000 602 551 88 329 106 65 293 248 1110 1799
internal_value=-0.00111451 -0.000147643 -0.0113127 0.00138804 0.00393083 0.00182498 0.00564118 0.00776906 0.0107552 0.00362069 -0.00174975 -0.00210454 -0.000951883 -0.00205172 0.0011336 -0.00452825 0.00214912 -0.00159091 -0.00244819 -0.00309571 -0.00270595 -0.00239019
internal_weight=15430 14100 1330 7194 1896 1232 420 664 379 285 6906 6165 2863 1880 983 880 280 171 381 3302 3054 2909
internal_count=15430 14100 1330 7194 1896 1232 420 664 379 285 6906 6165 2863 1880 983 880 280 171 381 3302 3054 2909
is_linear=0
shrinkage=0.035


Tree=105
num_leaves=23
num_cat=0
split_feature=9 9 22 9 20 24 9 21 20 21 21 20 21 9 12 21 21 7 12 22 9 5
split_gain=124.696 25.7342 16.151 11.2417 7.46563 6.61676 6.04667 6.45231 5.09213 8.35495 7.04475 8.11765 8.32879 7.61 6.89772 7.46127 4.78019 4.36118 4.80563 4.33367 9.61041 4.30062
threshold=0.67928571428571438 8.9281484389793651 34795.000000000007 24.07460317460318 25.500000000000004 9795.0000000000018 13.720201117958425 2.5000000000000004 7.5000000000000009 1.5000000000000002 3.5000000000000004 14.500000000000002 2.5000000000000004 18.074005295944417 4.1039126347782684 1.5000000000000002 1.5000000000000002 19.000701735785487 7.4403419494706364 54348.000000000007 0.98878360389629716 9.9933189851049971
decision_type=2 2 2 2 2 2 2 2 2 2 2 2 2 2 2 2 2 2 2 2 2 2
left_child=2 5 -1 4 8 19 -6 16 9 -3 11 -10 14 -14 -13 -16 -8 18 -12 -2 -21 -5
right_child=1 3 -4 21 6 -7 7 -9 10 -11 17 12 13 -15 15 -17 -18 -19 -20 20 -22 -23
leaf_value=-0.073570386935961268 -0.02749323347196022 -0.16037743490213363 -0.16068969400610256 -0.0096309414875885586 0.036438365332415901 0.028981516882119467 0.73506196892772391 1.0189823953938635 -0.073075763203391667 0.24798928585949059 -0.12122782453821508 0.24041330911752867 0.16670930771468045 0.7825081563958256 0.15149502544979038 -0.17529606756207117 -0.19286116274142601 -0.5202165696706198 0.43308112187401432 0.048945255722267392 -0.071905036396163996 0.75596648153668433
leaf_weight=844 6968 262 490 98 284 1227 151 181 861 861 464 257 300 146 326 314 93 214 86 90 390 414
leaf_count=844 6968 262 490 98 284 1227 151 181 861 861 464 257 300 146 326 314 93 214 86 90 390 414
internal_value=-0.00120579 -0.00022763 -0.0114096 0.00168845 0.00115453 -0.00140323 0.00446078 0.0070814 0.00057251 0.00257535 -0.000182476 0.00081598 0.00251855 0.00640244 0.000543237 -0.00138372 0.00316265 -0.00307217 -0.00135586 -0.00179626 -0.00501546 0.00660058
internal_weight=15321 13987 1334 5312 4800 8675 709 425 4091 1123 2968 2204 1343 446 897 640 244 764 550 7448 480 512
internal_count=15321 13987 1334 5312 4800 8675 709 425 4091 1123 2968 2204 1343 446 897 640 244 764 550 7448 480 512
is_linear=0
shrinkage=0.035


Tree=106
num_leaves=23
num_cat=0
split_feature=15 9 6 12 20 20 15 22 9 9 21 21 24 12 9 21 20 21 20 20 9 21
split_gain=128.85 23.5852 12.7566 10.9609 7.05938 6.63175 6.02217 6.39851 4.94569 4.89531 4.57933 7.64934 7.03882 4.95732 5.08628 4.50855 4.4061 11.9985 4.31841 12.4559 7.68627 7.24196
threshold=0.46291208791208799 6.1444750999722366 20.017857142857146 0.54899847081191699 26.500000000000004 20.500000000000004 0.34891304347826091 54348.000000000007 1.0628184817885318 24.07460317460318 2.5000000000000004 3.5000000000000004 8654.0000000000018 2.2737314028868858 5.5363286080542542 2.5000000000000004 7.5000000000000009 3.5000000000000004 7.5000000000000009 16.500000000000004 18.216862438801559 1.5000000000000002
decision_type=2 2 2 2 2 2 2 2 2 2 2 2 2 2 2 2 2 2 2 2 2 2
left_child=1 5 18 -2 9 6 7 8 -1 -4 13 12 -12 -7 -15 -8 17 -10 21 -20 -21 -3
right_child=3 2 4 -5 -6 10 15 -9 16 -11 11 -13 -14 14 -16 -17 -18 -19 19 20 -22 -23
leaf_value=-0.14746053464295977 -0.15506555471588895 -0.11678835783760975 0.12597467550232785 -0.078099712754266665 0.98120661745078619 -0.034769019204220673 -0.0050608315974881987 -0.10451069033430196 -0.052800088365427794 0.63348058734823443 0.042064247782492702 -0.041627093093649419 0.17013180075274295 0.14359505267797235 -0.067424977254130672 0.059796779363608284 -0.047611077329090243 0.075063486340302563 -0.073913400504597895 0.032715558360062395 0.44963818436977632 0.16040311914184335
leaf_weight=73 585 408 568 796 164 1010 112 218 1129 229 507 322 92 77 46 107 2566 329 2009 2410 514 1140
leaf_count=73 585 408 568 796 164 1010 112 218 1129 229 507 322 92 77 46 107 2566 329 2009 2410 514 1140
internal_value=-0.00118286 -0.00017581 0.00117262 -0.0113636 0.00492754 -0.00170143 -0.00244823 -0.00273843 -0.00241468 0.00349127 -4.24964e-05 0.00177646 0.00411424 -0.00153779 0.00492188 0.003125 -0.00223691 -0.000681818 0.000609775 9.92305e-05 0.00155941 0.0022199
internal_weight=15411 14030 7442 1381 961 6588 4534 4315 4097 797 2054 921 599 1133 123 219 4024 1458 6481 4933 2924 1548
internal_count=15411 14030 7442 1381 961 6588 4534 4315 4097 797 2054 921 599 1133 123 219 4024 1458 6481 4933 2924 1548
is_linear=0
shrinkage=0.035


Tree=107
num_leaves=23
num_cat=0
split_feature=15 0 12 20 20 21 8 21 21 21 8 21 20 22 15 12 8 15 24 22 24 11
split_gain=117.417 22.6981 14.8506 7.69223 11.345 7.98425 7.391 6.38112 5.9134 5.32852 5.25312 4.906 4.84306 5.69806 6.57057 3.83559 3.73241 3.17255 6.04046 7.62996 7.41577 4.05407
threshold=0.46291208791208799 16.987659160272365 0.52004063163607117 16.500000000000004 10.500000000000002 2.5000000000000004 6.0000093177456657 3.5000000000000004 3.5000000000000004 1.5000000000000002 15.433015574650915 3.5000000000000004 26.500000000000004 54348.000000000007 0.20416666666666669 7.7792375936535905 23.787893649849043 1.0000000180025095e-35 4472.0000000000009 31797.000000000004 4019.0000000000005 2.5901334345533651
decision_type=2 2 2 2 2 2 2 2 2 2 2 2 2 2 2 2 2 2 2 2 2 2
left_child=1 6 -2 4 8 9 12 10 -3 -5 -7 -6 13 17 -15 -10 -11 18 20 -20 -1 -21
right_child=2 3 -4 5 11 7 -8 -9 15 16 -12 -13 -14 14 -16 -17 -18 -19 19 21 -22 -23
leaf_value=-0.068092963734601039 -0.14963826030083285 0.14284786101422869 -0.075366222807867339 0.41369720975324503 -0.0096319477923107414 0.023891727847967704 0.010054446432734778 0.38990272279542071 0.27732201839906656 -0.19030327451094509 1.2189251267193386 -0.56248401871318265 0.016076942241259627 -0.16856738598457136 -0.031271146462886555 1.2286788204293524 0.50833861393025814 -0.018765236465661621 0.45545817037571285 0.0030511343042886811 -0.27553015106451789 -0.1121412422845543
leaf_weight=663 528 545 853 258 369 52 5073 155 141 183 261 186 737 96 308 114 49 4046 48 453 119 180
leaf_count=663 528 545 853 258 369 52 5073 155 141 183 261 186 737 96 308 114 49 4046 48 453 119 180
internal_value=-0.00108935 -0.000128374 -0.0108081 0.00303494 0.0013125 0.00543354 -0.000755031 0.0086945 0.00397826 0.00222727 0.0115566 -0.0025 -0.00152254 -0.00185705 -0.00586186 0.00834615 -0.00155063 -0.00155513 -0.0029564 -0.000510204 -0.00504765 -0.00159091
internal_weight=15417 14036 1381 2313 1355 958 11723 468 800 490 313 555 6650 5913 404 255 232 5509 1463 681 782 633
internal_count=15417 14036 1381 2313 1355 958 11723 468 800 490 313 555 6650 5913 404 255 232 5509 1463 681 782 633
is_linear=0
shrinkage=0.035


Tree=108
num_leaves=23
num_cat=0
split_feature=15 0 22 15 20 11 8 15 7 25 20 25 8 15 8 8 8 6 10 24 14 21
split_gain=111.17 21.6895 17.619 9.25372 8.83782 6.97186 5.44254 5.14792 5.07121 5.02087 7.77232 6.91279 5.00464 4.79647 4.72605 5.52507 4.86528 4.64508 4.28943 4.13943 4.52372 4.49434
threshold=0.49000000000000005 13.477317666561024 34795.000000000007 0.71714285714285719 26.500000000000004 1.8337495365063814 23.573906879869618 0.67261904761904778 0.26527786914775114 600.00000000000011 25.500000000000004 557.50000000000011 18.64658250556737 0.19615384615384621 2.2505441902424379 2.985127205852542 3.427434225977219 16.535714285714288 7.4354363883846331 4163.5000000000009 0.19090909090909094 1.5000000000000002
decision_type=2 2 2 2 2 2 2 2 2 2 2 2 2 2 2 2 2 2 2 2 2 2
left_child=1 5 3 -2 6 9 -3 -4 -5 10 11 13 -6 -1 -11 -16 -17 -8 -7 21 -21 -15
right_child=2 4 7 8 12 18 17 -9 -10 14 -12 -13 -14 19 15 16 -18 -19 -20 20 -22 -23
leaf_value=-0.062486786492325828 -0.073088503749191333 0.053873303838192901 -0.1444009211903037 -0.054401753615686166 0.29839788750060242 0.00014733629948983308 0.012714781717242546 -0.1470004425025575 0.056439845559278674 0.046783286236540947 0.013424853953246735 -0.15831512103184425 1.2491509862009622 0.082938736629379325 -0.057352208838181339 0.090386839548608017 -0.042156889952502184 0.521560536829072 -0.20900437956698073 0.056824562038610818 -0.041350959717905728 -0.0084198803564379168
leaf_weight=1948 694 2266 51 69 251 5974 202 457 53 272 578 67 155 95 467 165 108 408 218 75 539 334
leaf_count=1948 694 2266 51 69 251 5974 202 457 53 272 578 67 155 95 467 165 108 408 218 75 539 334
internal_value=-0.00110656 -0.000194486 -0.0107844 -0.00748173 0.00229465 -0.000950438 0.00159754 -0.0159308 0.00124016 -0.00197453 -0.00258102 -0.00328518 0.00711071 -0.00301402 0.000189282 -0.00124497 0.00264388 0.00452439 -0.000177909 -0.0010687 -0.00291195 0.00153226
internal_weight=15446 14122 1324 816 3282 10840 2876 508 122 4648 3636 3058 406 2991 1012 740 273 610 6192 1043 614 429
internal_count=15446 14122 1324 816 3282 10840 2876 508 122 4648 3636 3058 406 2991 1012 740 273 610 6192 1043 614 429
is_linear=0
shrinkage=0.035


Tree=109
num_leaves=23
num_cat=0
split_feature=9 22 5 9 15 8 12 9 12 9 12 21 25 15 25 25 11 21 9 14 10 22
split_gain=106.952 21.2341 21.0458 8.86318 7.16392 4.82621 4.47302 10.4499 4.9136 7.15523 4.18826 4.1343 5.5094 5.90538 4.89418 4.2806 5.09162 5.66769 6.72055 8.04351 4.62739 3.89212
threshold=0.67928571428571438 34795.000000000007 10.000130448439306 24.07460317460318 0.71714285714285719 6.2169130934036625 6.5077789846562988 18.385164835164836 4.4984192253111397 11.926421442748618 0.52004063163607117 2.5000000000000004 180.50000000000003 0.34891304347826091 195.50000000000003 299.00000000000006 0.85495059825689546 3.5000000000000004 1.3584084897651272 0.20714285714285716 0.61459060367448182 52360.000000000007
decision_type=2 2 2 2 2 2 2 2 2 2 2 2 2 2 2 2 2 2 2 2 2 2
left_child=1 4 5 6 10 11 7 8 9 -4 -1 21 -13 15 -15 16 -14 18 -18 -20 -17 -2
right_child=2 -3 3 -5 -6 -7 -8 -9 -10 -11 -12 12 13 14 -16 20 17 -19 19 -21 -22 -23
leaf_value=-0.12827020796493954 -0.034731540474886365 -0.14227946827120916 0.028749893284478675 0.61285264836527309 0.002666136050939683 -0.00084566614700136715 -0.024384940886510265 0.79720726187902147 -0.022674789311266326 0.46596847436588679 -0.056498705161114535 0.047459096037939873 0.042133969845080249 -0.034794024034440194 0.060229355869156967 -0.10642037119899463 -0.1415139817669781 -0.08896154470209823 -0.069893571779328922 0.10121977472936863 -0.0092401697209562178 -0.049097670789657148
leaf_weight=104 3206 507 641 414 117 3779 1017 372 873 263 618 505 73 58 136 71 51 307 209 117 1599 333
leaf_count=104 3206 507 641 414 117 3779 1017 372 873 263 618 505 73 58 136 71 51 307 209 117 1599 333
internal_value=-0.00112569 -0.0105311 -0.000218298 0.00209414 -0.00700829 -0.00101325 0.00145143 0.00235608 0.00121773 0.00302255 -0.00830468 -0.00157946 -0.000642766 -0.00129284 0.00448492 -0.00177015 -0.00395013 -0.00490203 -0.00192408 0 -0.000762687 -0.00239983
internal_weight=15370 1346 14024 3580 839 10444 3166 2149 1777 904 722 6665 3126 2621 194 2427 757 684 377 326 1670 3539
internal_count=15370 1346 14024 3580 839 10444 3166 2149 1777 904 722 6665 3126 2621 194 2427 757 684 377 326 1670 3539
is_linear=0
shrinkage=0.035


Tree=110
num_leaves=23
num_cat=0
split_feature=12 22 2 22 22 20 20 21 21 7 21 22 12 25 5 20 20 5 21 21 21 11
split_gain=102.381 23.5017 18.6644 8.58888 8.30739 10.3661 9.3858 6.80171 6.43983 6.02629 5.56723 5.35032 4.51958 4.4008 5.87976 4.38604 9.26371 4.78105 4.13748 11.4403 5.8591 4.085
threshold=0.83737086819080064 34795.000000000007 5.154761904761906 4464.0000000000009 15527.500000000002 19.500000000000004 7.5000000000000009 2.5000000000000004 3.5000000000000004 24.007192378077715 1.5000000000000002 43337.000000000007 6.6946831940565437 191.00000000000003 2.9974617545665088 8.5000000000000018 15.500000000000002 20.017857142857146 2.5000000000000004 3.5000000000000004 1.5000000000000002 0.57800199381172557
decision_type=2 2 2 2 2 2 2 2 2 2 2 2 2 2 2 2 2 2 2 2 2 2
left_child=1 3 -2 -1 5 6 9 10 -9 12 -7 -3 -4 14 21 17 -17 -6 20 -20 -18 -5
right_child=2 11 4 13 15 7 -8 8 -10 -11 -12 -13 -14 -15 -16 16 18 -19 19 -21 -22 -23
leaf_value=-0.075091620218634816 -0.024063599423836426 -0.13956945009413244 0.26059515138458567 0.0085388642124363083 0.050720575239097065 0.48458147581311528 -0.044530245922516302 1.1393313017956739 0.47161589233572959 0.96788527102685862 -0.11788534859533457 -0.10045547940247097 -0.10619993682792925 0.085125092851015216 -0.095387524318686759 -0.085469219432306939 0.091196366007193191 0.60032756337648285 0.24686596795316079 -0.063860685903681547 -0.068022158057096938 -0.038688072211157956
leaf_weight=443 6780 494 109 50 1353 165 653 161 93 148 143 52 92 78 87 1425 770 122 793 517 649 243
leaf_count=443 6780 494 109 50 1353 165 653 161 93 148 143 52 92 78 87 1425 770 122 793 517 649 243
internal_value=-0.00101313 -0.00985882 -9.26456e-05 -0.00629691 0.00114754 0.00340185 0.00123386 0.00719136 0.0114189 0.00583333 0.00352236 -0.0155944 0.00169903 -0.00283477 -0.00440909 0.000515619 -6.31161e-05 0.00215203 0.00112655 0.00254183 -0.000172051 -0.00187919
internal_weight=15420 1447 13973 901 7193 1564 1002 562 254 349 308 546 201 458 380 5629 4154 1475 2729 1310 1419 293
internal_count=15420 1447 13973 901 7193 1564 1002 562 254 349 308 546 201 458 380 5629 4154 1475 2729 1310 1419 293
is_linear=0
shrinkage=0.035


Tree=111
num_leaves=23
num_cat=0
split_feature=12 24 0 20 20 23 20 21 21 20 21 9 25 21 21 24 21 21 12 9 23 7
split_gain=101.348 23.4077 18.4862 8.8964 8.90038 7.87189 6.96413 9.97745 23.3989 8.96193 14.0586 8.93387 7.51677 7.28555 6.34507 6.24556 5.95069 10.2789 5.78494 5.60767 5.37033 5.30816
threshold=0.82361122168980294 5252.0000000000009 16.987659160272365 16.500000000000004 8.5000000000000018 5950.0000000000009 16.500000000000004 2.5000000000000004 3.5000000000000004 7.5000000000000009 3.5000000000000004 2.0719489168320893 637.50000000000011 1.5000000000000002 1.5000000000000002 1706.5000000000002 2.5000000000000004 3.5000000000000004 1.0540522519750035 14.653349673202618 42000.000000000007 2.1309517806799789
decision_type=2 2 2 2 2 2 2 2 2 2 2 2 2 2 2 2 2 2 2 2 2 2
left_child=1 5 6 4 -4 -1 9 11 12 10 14 13 20 18 -2 -10 -5 19 -8 -18 -9 -17
right_child=2 -3 3 16 -6 -7 7 8 15 -11 -12 -13 -14 -15 -16 21 17 -19 -20 -21 -22 -23
leaf_value=-0.073103942377262157 -0.1418477560129339 -0.13241475612842221 0.37896231158852062 0.23122014205732927 -0.0904730339571648 -0.034209112574960905 0.068081077625532838 0.071897075166650892 0.10860408928791088 -0.049712375849219233 0.083805145315805879 -0.0072810522373833748 -0.0074536513617573345 -0.088914661215549765 -0.00016059693032332236 -0.093060488075919684 0.10464235790611555 0.14732190891310801 -0.032793356631310902 1.1065983319212109 0.20060346841933152 -0.04638466194324066
leaf_weight=437 701 538 598 488 720 391 77 747 101 3535 659 2352 288 332 1435 201 45 166 162 265 438 758
leaf_count=437 701 538 598 488 720 391 77 747 101 3535 659 2352 288 332 1435 201 45 166 162 265 438 758
internal_value=-0.000987272 -0.0100711 -0.000100725 0.00277766 0.000886243 -0.00628151 -0.000660461 0.000253159 0.0018617 -0.00145028 2.5e-05 -0.00113559 0.00471245 -0.0050434 -0.00134867 -0.00208685 0.00532766 0.00811331 -0.000286885 0.0118333 0.00594118 -0.00297718
internal_weight=15434 1366 14068 2282 1318 828 11786 5456 2533 6330 2795 2923 1473 571 2136 1060 964 476 239 310 1185 959
internal_count=15434 1366 14068 2282 1318 828 11786 5456 2533 6330 2795 2923 1473 571 2136 1060 964 476 239 310 1185 959
is_linear=0
shrinkage=0.035


Tree=112
num_leaves=23
num_cat=0
split_feature=8 2 22 9 15 20 9 20 20 21 9 20 15 22 21 20 8 25 24 15 25 15
split_gain=95.2283 20.2626 11.8624 10.4015 8.72656 7.1812 9.13364 6.848 7.79612 7.15671 9.40213 6.45103 5.33575 7.81566 4.68043 4.45653 4.3942 4.04538 5.91354 6.96061 6.5847 5.32474
threshold=0.36038961038961043 5.0127769206881263 34795.000000000007 24.07460317460318 0.71714285714285719 26.500000000000004 0.8377192982456142 24.500000000000004 7.5000000000000009 2.5000000000000004 13.312221499828377 15.500000000000002 0.32738095238095244 54348.000000000007 1.5000000000000002 5.5000000000000009 10.360585432670662 381.00000000000006 4472.0000000000009 1.0000000180025095e-35 180.50000000000003 0.19139194139194141
decision_type=2 2 2 2 2 2 2 2 2 2 2 2 2 2 2 2 2 2 2 2 2 2
left_child=2 5 4 7 -1 6 15 8 -3 14 -11 -10 13 17 -9 -2 -16 18 19 -8 -21 -22
right_child=1 3 -4 -5 -6 -7 12 9 11 10 -12 -13 -14 -15 16 -17 -18 -19 -20 20 21 -23
leaf_value=-0.10100351006499297 9.5224472221557845e-05 0.10967367330228446 -0.12735619840768628 0.46599512311905561 0.0038860213807318193 0.01276338945622226 -0.1835998632727244 0.20102379927763653 -0.069753490776227528 0.081638648004677211 0.88269857899708715 0.029189720706008233 0.014787205533770395 -0.082862261539482354 0.013660789322821396 -0.069599519450808736 -0.23047618926023719 -0.0029029872679534208 -0.0053818772488956777 0.0047622828984687261 -0.096783767374267485 -0.01718440785750705
leaf_weight=198 120 1522 455 485 93 778 293 439 1957 285 230 2023 281 276 138 537 155 2014 1441 620 571 498
leaf_count=198 120 1522 455 485 93 778 293 439 1957 285 230 2023 281 276 138 537 155 2014 1441 620 571 498
internal_value=-0.000869664 -0.000245773 -0.013026 0.00107094 -0.00721284 -0.00153013 -0.00190355 0.00070995 0.000174778 0.00304712 0.00619231 -0.000636763 -0.00146733 -0.00170164 0.000783582 -0.00581571 -0.00258389 -0.00140206 -0.0021339 -0.00337318 -0.00247934 -0.00413873
internal_weight=15409 14663 746 7234 291 7429 6651 6749 5502 1247 515 3980 5994 5713 732 657 293 5437 3423 1982 1689 1069
internal_count=15409 14663 746 7234 291 7429 6651 6749 5502 1247 515 3980 5994 5713 732 657 293 5437 3423 1982 1689 1069
is_linear=0
shrinkage=0.035


Tree=113
num_leaves=23
num_cat=0
split_feature=9 9 22 9 13 22 15 20 21 9 17 25 25 20 25 15 21 15 24 22 15 25
split_gain=95.1755 22.6192 13.9171 8.29518 8.03279 6.59988 5.67378 4.72555 5.56653 5.71828 4.5676 4.55525 4.48045 5.66891 6.17692 5.78693 4.59378 4.3364 4.32035 6.11992 8.88315 8.9089
threshold=0.40370370370370373 5.8214332303014045 34795.000000000007 24.07460317460318 0.53571428571428581 39092.000000000007 0.71714285714285719 26.500000000000004 2.5000000000000004 14.289115646258507 1.0000000180025095e-35 106.50000000000001 600.00000000000011 26.500000000000004 499.50000000000006 0.32738095238095244 2.5000000000000004 0.21240601503759401 9349.5000000000018 5643.5000000000009 0.10263157894736843 381.00000000000006
decision_type=2 2 2 2 2 2 2 2 2 2 2 2 2 2 2 2 2 2 2 2 2 2
left_child=2 4 6 7 12 -6 -1 11 -9 10 -10 -3 13 14 17 -16 -15 18 19 -2 -21 -22
right_child=1 3 -4 -5 5 -7 -8 8 9 -11 -12 -13 -14 16 15 -17 -18 -19 -20 20 21 -23
leaf_value=-0.098767335757332458 0.0052836143045129806 0.34798499487634704 -0.12289873146341725 0.43056575388055823 -0.065866476973964833 0.046604576854540912 -0.0080060359254443027 0.02432038193663175 0.32388882786053746 1.1070739105152043 -0.080459501584176973 0.00088312630036792696 0.00066189441154993042 -0.014122604953689104 -0.085188430734342444 -0.016758682711720246 0.077076127796690444 0.0043187632104076503 0.0080601826917511242 -0.1003572768537767 -0.046042484772107539 0.10816527755452116
leaf_weight=168 460 371 486 515 512 68 107 488 121 125 80 5924 1680 323 326 188 204 774 510 1035 894 138
leaf_count=168 460 371 486 515 512 68 107 488 121 125 80 5924 1680 323 326 188 204 774 510 1035 894 138
internal_value=-0.00103858 -0.000411946 -0.0130679 0.00091067 -0.00183188 -0.0057735 -0.0065 0.000595305 0.00309829 0.00660876 0.00271845 0.000266667 -0.00147507 -0.0020141 -0.00243303 -0.00603565 0.00138158 -0.00193527 -0.00253123 -0.00312401 -0.00393581 -0.00160318
internal_weight=15497 14736 761 7624 7112 580 275 7109 814 326 201 6295 6532 4852 4325 514 527 3811 3037 2527 2067 1032
internal_count=15497 14736 761 7624 7112 580 275 7109 814 326 201 6295 6532 4852 4325 514 527 3811 3037 2527 2067 1032
is_linear=0
shrinkage=0.035


Tree=114
num_leaves=23
num_cat=0
split_feature=7 4 22 6 6 20 20 20 20 12 15 20 22 22 11 7 11 8 20 7 7 25
split_gain=96.3848 17.889 14.7599 6.52753 6.34914 6.96869 10.8042 5.35869 4.73984 7.56278 7.60057 6.66935 5.51179 4.41474 4.25849 4.2508 5.04272 4.13471 5.15485 4.36679 3.8231 3.6505
threshold=0.56969271725119408 7.2865913714874226 28242.500000000004 7.0056524229269748 20.017857142857146 8.5000000000000018 15.500000000000002 26.500000000000004 19.500000000000004 0.93999887425351958 0.34891304347826091 11.500000000000002 3735.5000000000005 13885.000000000002 5.3321025950399861 2.78561448581122 0.7416727592765725 22.87263965786218 26.500000000000004 19.437535601649479 2.4033953109097155 142.00000000000003
decision_type=2 2 2 2 2 2 2 2 2 2 2 2 2 2 2 2 2 2 2 2 2 2
left_child=2 3 7 8 5 -3 14 -1 9 11 -11 -2 20 -8 -7 16 -14 18 19 -6 -10 -16
right_child=1 4 -4 -5 17 6 13 -9 12 10 -12 -13 15 -15 21 -17 -18 -19 -20 -21 -22 -23
leaf_value=-0.07208780032140287 -0.036874571580038908 0.19259482447588555 -0.11902131711843882 0.062742379815056676 0.1538058317427678 -0.042140148196158161 0.3396622501304255 0.014164532196547929 0.17894194177788675 -0.033949541041506194 0.040696613343186132 -0.10408832376547163 0.039054097005640595 0.03089391026355081 0.27956109312899885 0.029764287420649009 -0.028356624761803072 0.55549595249473871 0.69943628235783295 -0.27768862347331436 0.038323160716239327 -0.38119059434376029
leaf_weight=463 307 937 487 712 291 614 442 58 46 5014 175 200 92 2038 53 881 1435 373 110 169 111 349
leaf_count=463 307 937 487 712 291 614 442 58 46 5014 175 200 92 2038 53 881 1435 373 110 169 111 349
internal_value=-0.000950072 -0.000212136 -0.0113845 -0.00116953 0.00138218 0.000820189 9.49729e-05 -0.00711977 -0.0014481 -0.00201061 -0.00160377 -0.00608398 -0.000190661 0.00134507 -0.00293095 -0.000616453 -0.00173629 0.00398734 0.00203913 0.00033871 0.00604938 -0.00571867
internal_weight=15357 14349 1008 8973 5376 4433 3496 521 8261 5696 5189 507 2565 2480 1016 2408 1527 943 570 460 157 402
internal_count=15357 14349 1008 8973 5376 4433 3496 521 8261 5696 5189 507 2565 2480 1016 2408 1527 943 570 460 157 402
is_linear=0
shrinkage=0.035


Tree=115
num_leaves=23
num_cat=0
split_feature=8 2 22 9 20 13 21 20 20 9 21 21 6 7 10 7 22 20 20 21 21 12
split_gain=97.9109 18.9497 12.131 8.71239 7.63991 6.71193 6.34643 5.33023 10.9751 7.83174 6.24074 12.5498 8.66631 5.33463 4.17916 4.12913 4.07916 3.92332 5.17633 12.1325 5.7665 8.33949
threshold=0.36038961038961043 5.154761904761906 34795.000000000007 24.07460317460318 11.500000000000002 0.53571428571428581 2.5000000000000004 16.500000000000004 7.5000000000000009 18.216862438801559 2.5000000000000004 3.5000000000000004 12.890294869445023 24.007192378077715 4.6496287614225347 21.718501396931643 39092.000000000007 19.500000000000004 9.5000000000000018 3.5000000000000004 3.5000000000000004 0.93999887425351958
decision_type=2 2 2 2 2 2 2 2 2 2 2 2 2 2 2 2 2 2 2 2 2 2
left_child=2 5 4 7 -1 17 -6 8 13 -9 12 -12 -11 -3 -13 -10 -7 18 19 -2 21 -20
right_child=1 3 -4 -5 6 16 -8 9 15 10 11 14 -14 -15 -16 -17 -18 -19 20 -21 -22 -23
leaf_value=-0.087051793102237512 -0.036823159256740332 0.070802097742824421 -0.11183200845079848 0.46304701228216688 0.020012835384828877 -0.060162139876888586 -0.091695837730811261 0.032036583098951119 -0.037787074547542654 0.69679175961322026 0.95263982654328883 0.51404233231295038 -0.23107666657248815 1.0516052976054993 -0.12671745833805945 -0.49890782476491513 0.034638541085406489 -0.00071583328245424134 -0.098239147120298437 0.057268911705015427 -0.087728132917153104 -0.022934560124248906
leaf_weight=102 1769 1454 475 479 70 506 112 2355 1921 134 208 64 177 81 97 253 66 2355 113 457 529 1637
leaf_count=102 1769 1454 475 479 70 506 112 2355 1921 134 208 64 177 81 97 253 66 2355 113 457 529 1637
internal_value=-0.000886406 -0.000248295 -0.0131021 0.00102656 -0.00708478 -0.00148951 -0.00252674 0.000697511 -0.000188476 0.00178454 0.00508394 0.00814171 0.00132911 0.00206818 0.00063253 -0.00179096 -0.00512565 -0.00118026 -0.00178492 -0.000572613 -0.00295753 -0.00196439
internal_weight=15414 14655 759 7223 284 7432 182 6744 3709 3035 680 369 311 1535 161 2174 572 6860 4505 2226 2279 1750
internal_count=15414 14655 759 7223 284 7432 182 6744 3709 3035 680 369 311 1535 161 2174 572 6860 4505 2226 2279 1750
is_linear=0
shrinkage=0.035


Tree=116
num_leaves=23
num_cat=0
split_feature=9 9 22 15 9 12 9 6 12 22 14 10 11 11 22 15 12 9 15 21 14 22
split_gain=92.7451 16.8662 15.9716 8.25712 7.40849 6.17 5.25403 4.48601 3.87049 4.81593 5.4801 3.84641 3.52424 3.34881 3.28358 3.23021 2.92501 3.29489 2.83899 4.12637 4.34494 2.81203
threshold=0.40370370370370373 4.6144343751486616 34795.000000000007 0.71714285714285719 24.07460317460318 0.61376547493725109 0.8377192982456142 11.827380952380954 2.5084880235492499 3735.5000000000005 1.0000000180025095e-35 0.37796447300922736 0.57800199381172557 0.49724515809884717 44839.000000000007 1.0000000180025095e-35 1.8152061990235555 3.3976474364079761 0.32738095238095244 2.5000000000000004 0.42261904761904767 54348.000000000007
decision_type=2 2 2 2 2 2 2 2 2 2 2 2 2 2 2 2 2 2 2 2 2 2
left_child=2 6 3 5 15 -1 12 -6 9 10 -8 -5 13 -2 -10 -3 -12 -18 21 20 -20 -11
right_child=1 4 -4 11 7 -7 8 -9 14 18 16 -13 -14 -15 -16 -17 17 -19 19 -21 -22 -23
leaf_value=-0.10750548483737257 -0.027783747744342044 0.020379663979590675 -0.11321121393593109 -0.037740277855682215 -0.075121145682502402 -0.014004980343659185 -0.029408292482302232 0.58984694872754584 -0.12733232925385712 -0.019517593377599739 0.23301443646806194 0.046403865888368395 -0.053989723272503384 0.038648593233059574 -0.019716473950616358 0.23895523935729018 -0.016941689385143857 0.1079018266915292 0.02383191770664703 0.050061168885628296 -0.048097058390023623 -0.047901587289185039
leaf_weight=121 51 7471 474 58 112 49 208 382 158 4575 86 63 619 49 122 91 80 45 78 141 88 308
leaf_count=121 51 7471 474 58 112 49 208 382 158 4575 86 63 619 49 122 91 80 45 78 141 88 308
internal_value=-0.000886679 -0.000263651 -0.0127273 -0.00603041 0.000809763 -0.0109 -0.00157455 0.00494489 -0.00122328 -0.00101621 0.00255896 0.000833333 -0.00439917 0.0015 -0.0052193 0.000534228 0.00648148 0.00269231 -0.00131039 0.00190705 -0.00173977 -0.001518
internal_weight=15429 14664 765 291 8056 170 6608 494 5889 5609 419 121 719 100 280 7562 211 125 5190 307 166 4883
internal_count=15429 14664 765 291 8056 170 6608 494 5889 5609 419 121 719 100 280 7562 211 125 5190 307 166 4883
is_linear=0
shrinkage=0.035


Tree=117
num_leaves=23
num_cat=0
split_feature=7 5 23 9 21 20 12 20 9 21 25 15 21 14 15 12 12 25 23 20 21 20
split_gain=84.7062 14.085 11.1568 6.98872 5.62404 5.43975 7.04049 8.96174 5.146 5.37857 8.09465 5.02797 4.96004 5.05149 4.68181 6.61796 4.59002 4.47 4.463 4.03114 10.5303 5.81491
threshold=0.56969271725119408 10.946439606378263 33050.000000000007 24.07460317460318 2.5000000000000004 19.500000000000004 0.93999887425351958 8.5000000000000018 12.88904440725347 2.5000000000000004 233.00000000000003 0.32738095238095244 3.5000000000000004 1.0000000180025095e-35 0.10620300751879701 1.2711243205451574 0.96169746706743797 171.00000000000003 27800.000000000004 25.500000000000004 2.5000000000000004 9.5000000000000018
decision_type=2 2 2 2 2 2 2 2 2 2 2 2 2 2 2 2 2 2 2 2 2 2
left_child=2 5 4 19 -1 6 7 -2 9 14 12 -8 17 -14 15 -7 -12 -11 -16 21 -21 -3
right_child=1 3 -4 -5 -6 8 11 -9 -10 10 16 -13 13 -15 18 -17 -18 -19 -20 20 -22 -23
leaf_value=-0.023645077431433528 -0.0088265491642692331 0.23647223772907242 -0.10395549566726293 0.52278341987492882 -0.088414215617889966 0.12774892152583162 -0.025189518388740135 -0.086792928560944838 0.28103359237159481 0.0099058800504911657 0.045519212332692162 0.039125844746921976 0.13345279091764214 -0.036041220125292206 -0.0057377851171423093 -0.013883507206364316 -0.021675202395103545 0.13866027407183928 -0.055336473988379688 -0.010480655964874545 0.69181702165621495 -0.022127830321502916
leaf_weight=239 243 871 479 414 298 71 6562 266 179 96 51 194 92 95 307 1077 910 275 364 298 215 1772
leaf_count=239 243 871 479 414 298 71 6562 266 179 96 51 194 92 95 307 1077 910 275 364 298 215 1772
internal_value=-0.000800267 -0.000106046 -0.0105411 0.0017965 -0.00690959 -0.000738157 -0.00128542 -0.00524319 0.000387564 6.80526e-05 0.00160761 -0.000980994 0.00494227 0.000182292 -0.00120888 0.0001366 -0.000326087 0.00726064 -0.00352071 0.00122351 0.00405405 0.000660876
internal_weight=15368 14352 1016 3570 537 10782 7265 509 3517 3338 1519 6756 558 187 1819 1148 961 371 671 3156 513 2643
internal_count=15368 14352 1016 3570 537 10782 7265 509 3517 3338 1519 6756 558 187 1819 1148 961 371 671 3156 513 2643
is_linear=0
shrinkage=0.035


Tree=118
num_leaves=23
num_cat=0
split_feature=9 12 23 20 23 20 21 12 25 21 21 21 4 21 23 25 7 21 21 13 9 27
split_gain=84.7694 16.0134 13.0494 8.4534 10.7251 10.2155 16.3222 9.1514 7.58066 7.50876 6.44562 5.9874 7.29959 5.76022 5.41221 4.94993 4.88414 5.98909 8.92678 5.61936 4.82366 5.4151
threshold=0.40370370370370373 1.5118578920369092 40250.000000000007 16.500000000000004 17650.000000000004 9.5000000000000018 3.5000000000000004 7.7792375936535905 166.00000000000003 2.5000000000000004 3.5000000000000004 3.5000000000000004 1.9999246801866812 3.5000000000000004 19200.000000000004 878.00000000000011 3.6872237546884019 1.5000000000000002 2.5000000000000004 0.2678571428571429 7.348269646581671 3.5000000000000004
decision_type=2 2 2 2 2 2 2 2 2 2 2 2 2 2 2 2 2 2 2 2 2 2
left_child=2 15 11 5 9 6 16 8 -8 -5 -7 12 -1 -11 -6 -2 19 -18 -19 -3 -20 -22
right_child=1 3 -4 4 14 10 7 -9 -10 13 -12 -13 -14 -15 -16 -17 17 18 20 -21 21 -23
leaf_value=0.0069698846937863573 -0.029847618877078975 -0.10818831946339905 -0.1056103790998193 0.045509419699021565 -0.083261700371871583 -0.028962098733402695 -0.19780881121762631 1.0396554624278556 0.12062714988781052 0.57980330536992819 -0.14635788322254145 -0.087715928892895992 -0.1017982113453046 0.15186070342514588 0.023957665675514959 0.14193187651652503 -0.17671280285496169 0.17029362906449835 0.090500389040704135 0.10609981227146795 -0.030871212530544343 -0.32388233192639521
leaf_weight=147 3472 453 494 510 132 1916 72 113 684 264 681 92 51 197 3914 95 721 657 165 75 398 109
leaf_count=147 3472 453 494 510 132 1916 72 113 684 264 681 92 51 197 3914 95 721 657 165 75 398 109
internal_value=-0.000956898 -0.000352798 -0.0121324 0.000303633 0.00136599 -0.000575715 0.000669177 0.00480549 0.00333443 0.00466189 -0.0022329 -0.00599153 -0.00232759 0.00788627 0.00056591 -0.00239082 -0.000724932 4.25791e-05 0.00144303 -0.00371013 -0.00137001 -0.00307617
internal_weight=15412 14628 784 11061 5017 6044 3447 869 756 971 2597 290 198 461 4046 3567 2578 2050 1329 528 672 507
internal_count=15412 14628 784 11061 5017 6044 3447 869 756 971 2597 290 198 461 4046 3567 2578 2050 1329 528 672 507
is_linear=0
shrinkage=0.035


Tree=119
num_leaves=23
num_cat=0
split_feature=7 9 20 22 21 21 21 23 21 20 20 6 21 21 21 9 21 25 15 24 22 25
split_gain=81.6922 15.1144 12.6517 10.7706 7.81097 7.51457 5.61661 4.71837 4.46314 4.45688 7.61484 7.68878 6.30311 5.94014 11.4633 8.20516 9.15269 5.61789 4.85714 4.47338 5.16962 4.32705
threshold=0.56969271725119408 12.698809523809524 24.500000000000004 28242.500000000004 2.5000000000000004 1.5000000000000002 2.5000000000000004 62950.000000000007 3.5000000000000004 16.500000000000004 11.500000000000002 3.1878878625770057 1.5000000000000002 2.5000000000000004 3.5000000000000004 2.0719489168320893 1.5000000000000002 210.50000000000003 0.20416666666666669 3291.5000000000005 31488.000000000004 807.00000000000011
decision_type=2 2 2 2 2 2 2 2 2 2 2 2 2 2 2 2 2 2 2 2 2 2
left_child=3 9 7 6 5 -4 -1 -3 -6 10 12 -12 -2 15 17 16 18 -15 -11 -16 -21 -17
right_child=1 2 4 -5 8 -7 -8 -9 -10 13 11 -13 -14 14 19 21 -18 -19 -20 20 -22 -23
leaf_value=-0.021772833060635592 -0.090426986766783776 0.073799364182123184 0.57833213057264965 -0.096711673296343947 0.96591829633679893 -0.19687605389690535 -0.084000015830604194 -0.28071982670208478 0.15405372494902936 -0.042140763904666534 -0.073729927175112772 -0.031815435569187998 0.00094907799107108565 0.10058333063826515 0.07891820203948105 -0.017072361701899991 -0.081271180784222338 0.030454300346939817 0.020465022507086827 -0.10654313718024933 -0.017869208459625131 0.090479246204686906
leaf_weight=231 951 2988 208 493 216 148 297 66 71 79 764 1084 3053 490 137 1750 342 905 199 240 480 260
leaf_count=231 951 2988 208 493 216 148 297 66 71 79 764 1084 3053 490 137 1750 342 905 199 240 480 260
internal_value=-0.000895549 -0.00021578 0.00171124 -0.0104386 0.00615741 0.00256925 -0.00679644 0.00076087 0.0104281 -0.0008816 -0.00153278 -0.00339045 -0.000667872 -9.66851e-05 0.00121732 -0.00122865 -0.004732 0.003175 0 -0.00194896 -0.00306552 -0.000130273
internal_weight=15452 14431 3697 1021 643 356 528 3054 287 10734 5852 1848 4004 4882 2252 2630 620 1395 278 857 720 2010
internal_count=15452 14431 3697 1021 643 356 528 3054 287 10734 5852 1848 4004 4882 2252 2630 620 1395 278 857 720 2010
is_linear=0
shrinkage=0.035


Tree=120
num_leaves=23
num_cat=0
split_feature=7 9 22 9 21 25 20 20 21 21 25 9 9 20 8 22 8 13 21 21 24 9
split_gain=80.6759 13.6635 11.2617 6.95806 5.69627 5.19154 5.38208 7.89766 6.61846 5.97842 4.64804 5.16342 5.77827 4.73271 6.43813 4.83936 4.57576 4.45187 4.22849 8.09361 4.93884 4.23395
threshold=0.56969271725119408 5.714900036625683 34795.000000000007 24.07460317460318 2.5000000000000004 600.00000000000011 19.500000000000004 7.5000000000000009 3.5000000000000004 3.5000000000000004 106.50000000000001 15.795833333333336 21.90097402597403 24.500000000000004 18.64658250556737 47334.500000000007 1.2167400709199607 1.0000000180025095e-35 2.5000000000000004 3.5000000000000004 3792.0000000000005 2.0719489168320893
decision_type=2 2 2 2 2 2 2 2 2 2 2 2 2 2 2 2 2 2 2 2 2 2
left_child=2 5 4 10 -1 6 7 8 17 16 11 -3 -13 -12 15 -15 -9 -2 21 -20 -21 -8
right_child=1 3 -4 -5 -6 -7 18 9 -10 -11 13 12 -14 14 -16 -17 -18 -19 19 20 -22 -23
leaf_value=-0.021010783903513335 -0.10022235892597316 1.4713850828168946 -0.095835302797296823 0.36990030113642153 -0.081300010713824075 0.0045044086650429804 -0.031146326336593044 -0.046265757792746845 0.043819953014459921 -0.083975470986783401 -0.0061097080296034544 0.078909081120648081 1.0882271470596945 -0.0024512509647738414 0.80680871181369573 0.27341840307937137 -0.029050752289233178 0.0028294956061215085 0.05667008625084493 0.033834163218691794 -0.063858846311077078 0.0022790874068778781
leaf_weight=244 378 45 485 491 286 1598 446 332 292 521 5645 323 63 804 156 248 1248 466 490 90 198 489
leaf_count=244 378 45 485 491 286 1598 446 332 292 521 5645 323 63 804 156 248 1248 466 490 90 198 489
internal_value=-0.000886235 -0.000207635 -0.0103971 0.000782776 -0.00670561 -0.00138601 -0.00194601 -0.00278532 -0.00041411 -0.00405508 0.000506585 0.00401376 0.00255115 0.000280694 0.00226505 0.00124172 -0.00294795 -0.00199941 -0.000346333 0.00154215 -0.00304608 -0.00193617
internal_weight=15338 14323 1015 7775 530 6548 4950 3237 1136 2101 7284 431 386 6853 1208 1052 1580 844 1713 778 288 935
internal_count=15338 14323 1015 7775 530 6548 4950 3237 1136 2101 7284 431 386 6853 1208 1052 1580 844 1713 778 288 935
is_linear=0
shrinkage=0.035


Tree=121
num_leaves=23
num_cat=0
split_feature=8 9 22 20 9 20 5 15 8 14 20 9 21 21 8 20 10 15 10 25 22 9
split_gain=79.2564 17.1893 10.534 8.58023 6.91837 6.22603 5.92965 5.57642 5.23557 4.97836 4.48579 8.99608 5.92402 5.06938 4.24496 4.1611 4.09104 4.47715 3.90797 3.70621 5.22621 5.14331
threshold=0.36038961038961043 5.714900036625683 34795.000000000007 11.500000000000002 0.8377192982456142 24.500000000000004 23.023809523809529 0.72111111111111115 18.64658250556737 1.0000000180025095e-35 24.500000000000004 13.156280398468322 2.5000000000000004 1.5000000000000002 3.5718573973290817 7.5000000000000009 2.7945525240230924 0.32738095238095244 0.53452248382484913 729.50000000000011 15527.500000000002 2.6071448546910281
decision_type=2 2 2 2 2 2 2 2 2 2 2 2 2 2 2 2 2 2 2 2 2 2
left_child=2 4 3 -1 5 15 10 -5 -8 -6 -3 -12 13 -13 16 -2 17 19 -7 20 -11 -22
right_child=1 6 -4 7 9 18 8 -9 -10 14 11 12 -14 -15 -16 -17 -18 -19 -20 -21 21 -23
leaf_value=-0.077259032254402449 -0.01947240553165161 0.0030459311733747542 -0.092481067199391434 -0.081237337945274185 -0.037906107939882083 0.098341967440452163 -0.10392475427507948 0.040709853517331022 0.51131309379796286 0.0129766948181436 -0.0015718427545937175 0.45141177426599405 0.6640811151936229 -0.24149244402971876 0.059476757117004064 -0.05527540646689038 0.16230105341526979 0.020838868141119519 -0.028426742829749156 0.03445666653908163 -0.022663547353999215 -0.10390194010693897
leaf_weight=100 184 5880 466 117 2026 48 171 75 486 853 755 169 228 101 225 448 80 299 81 483 1880 270
leaf_count=100 184 5880 466 117 2026 48 171 75 486 853 755 169 228 101 225 448 80 299 81 483 1880 270
internal_value=-0.000905055 -0.000331584 -0.0119037 -0.00642256 -0.00160709 -0.00475196 0.000792495 -0.00186548 0.00396526 -0.00120936 0.000495237 0.00239269 0.00601889 0.00235455 -0.0005 -0.00618132 -0.000777778 -0.000951187 0.00208955 -0.00130836 -0.00176862 -0.00268794
internal_weight=15425 14667 758 292 6877 761 7790 192 657 6116 7133 1253 498 270 4090 632 3865 3785 129 3486 3003 2150
internal_count=15425 14667 758 292 6877 761 7790 192 657 6116 7133 1253 498 270 4090 632 3865 3785 129 3486 3003 2150
is_linear=0
shrinkage=0.035


Tree=122
num_leaves=23
num_cat=0
split_feature=9 5 23 9 21 4 9 25 12 9 10 11 11 11 21 24 10 12 23 11 11 15
split_gain=78.4039 11.7853 11.5298 6.56421 5.8559 8.09787 5.27202 4.29657 4.24974 5.98819 5.59016 4.17651 4.16852 3.98472 3.51453 3.42568 5.2566 4.45193 4.43152 4.39664 3.5482 4.02946
threshold=0.40370370370370373 12.996151141142256 40250.000000000007 0.8377192982456142 3.5000000000000004 1.7486717755119703 27.707142857142859 430.00000000000006 6.6946831940565437 20.286476540839413 9.6633807799290903 7.0733981651269149 0.57800199381172557 3.0282552188231571 2.5000000000000004 9795.0000000000018 7.0406980173437868 6.0533660460862473 56450.000000000007 3.7508240673969655 2.4371213428059835 0.32738095238095244
decision_type=2 2 2 2 2 2 2 2 2 2 2 2 2 2 2 2 2 2 2 2 2 2
left_child=2 3 4 12 5 -1 7 8 9 11 -10 13 -2 -3 -12 17 18 19 -17 20 21 -5
right_child=1 6 -4 15 -6 -7 -8 -9 10 -11 14 -13 -14 -15 -16 16 -18 -19 -20 -21 -22 -23
leaf_value=0.013712359316301097 0.012334852134452233 -0.085825882843124091 -0.089244229847412745 -0.020758711033317615 -0.082048972167477169 -0.093315464134858153 0.72417250784995002 -0.035359954890653356 -0.069406919647182694 0.91292685680969199 -0.11483380481780736 -0.21486748338361034 -0.044992571815352732 0.20132164917555231 0.62261279877357689 0.5003974986436639 -0.23934936072236604 0.16044246376917601 0.021990019827443846 -0.083895506600445063 0.013259952338179703 0.020109507756180343
leaf_weight=139 105 125 478 5434 87 60 47 804 675 192 84 72 617 779 137 149 127 397 1909 1017 1620 311
leaf_count=139 105 125 478 5434 87 60 47 804 675 192 84 72 617 779 137 149 127 397 1909 1017 1620 311
internal_value=-0.000872154 -0.000297138 -0.0117653 -0.000794842 -0.00595361 -0.00240196 0.00169007 0.00148016 0.002326 0.00371483 0.000485572 0.00255097 -0.00401994 0.00321507 0.00526549 -0.000579132 0.000655251 -0.000888547 0.00109428 -0.00106206 -0.000759837 -0.0011687
internal_weight=15365 14601 764 11686 286 199 2915 2868 2064 1168 896 976 722 904 221 10964 2185 8779 2058 8382 7365 5745
internal_count=15365 14601 764 11686 286 199 2915 2868 2064 1168 896 976 722 904 221 10964 2185 8779 2058 8382 7365 5745
is_linear=0
shrinkage=0.035


Tree=123
num_leaves=23
num_cat=0
split_feature=9 2 22 15 8 16 13 21 7 24 0 6 22 7 15 22 25 25 25 8 12 8
split_gain=75.2058 14.4663 13.0885 7.95362 5.58454 4.71146 5.29342 4.88263 4.68651 3.97448 3.78812 3.58255 3.47599 3.15082 2.9799 5.67672 5.6787 6.81679 8.10236 6.5503 4.9478 4.68737
threshold=0.40370370370370373 5.154761904761906 34795.000000000007 0.68139097744360921 22.57902452389941 1.0000000180025095e-35 0.53571428571428581 1.5000000000000002 0.26527786914775114 9795.0000000000018 3.9929401464817613 19.021343143503419 17834.500000000004 21.010724767698907 0.20416666666666669 54348.000000000007 381.00000000000006 248.50000000000003 210.50000000000003 1.7113573055962212 1.5118578920369092 2.2143247575313469
decision_type=2 2 2 2 2 2 2 2 2 2 2 2 2 2 2 2 2 2 2 2 2 2
left_child=2 5 3 -1 -3 6 9 12 -5 14 -7 -6 -8 -13 15 16 17 18 -2 -19 -21 -22
right_child=1 4 -4 8 11 10 7 -9 -10 -11 -12 13 -14 -15 -16 -17 -18 19 -20 20 21 -23
leaf_value=-0.089331105799426588 -0.034780549923399247 0.016874189043399213 -0.086544723058994452 -0.044177258141615446 0.12970072329190402 0.092460017734208727 0.05323397277298815 -0.053628471784586587 0.037322225163264187 0.0288965320405206 -0.024093533365031592 -0.12528518856746418 -0.042961694642580386 0.50999587194340357 -0.00078495618736550208 -0.11937921437572953 -0.0062601295693409048 0.014266769429200903 0.22314209431140269 -0.13506550452767457 0.078118285913590255 -0.1338074775693027
leaf_weight=113 1668 6371 464 85 390 151 59 425 85 702 119 55 59 382 1333 96 1993 160 134 297 63 240
leaf_count=113 1668 6371 464 85 390 151 59 425 85 702 119 55 59 382 1333 96 1993 160 134 297 63 240
internal_value=-0.000839375 -0.000285675 -0.0116356 -0.00546875 0.000833333 -0.00136194 -0.00153373 -0.00485401 -0.0005 -0.00125803 0.00311818 0.00353365 0.00128049 0.00570136 -0.00155159 -0.0019695 -0.0017807 -0.00287008 -0.00167543 -0.00565033 -0.00731818 -0.00397727
internal_weight=15444 14697 747 283 7198 7499 7229 543 170 6686 270 827 118 437 5984 4651 4555 2562 1802 760 600 303
internal_count=15444 14697 747 283 7198 7499 7229 543 170 6686 270 827 118 437 5984 4651 4555 2562 1802 760 600 303
is_linear=0
shrinkage=0.035


Tree=124
num_leaves=23
num_cat=0
split_feature=9 22 9 23 12 21 12 9 9 12 9 7 10 27 9 27 9 11 22 12 22 10
split_gain=81.3408 13.6986 12.9437 6.52487 6.43467 6.06831 4.12843 4.64078 3.83841 8.64182 5.03977 5.24123 4.50248 4.06216 4.9058 4.30523 4.2346 3.80658 5.85379 3.67405 3.97363 3.42587
threshold=0.40370370370370373 34795.000000000007 12.532844179123261 62950.000000000007 0.82361122168980294 3.5000000000000004 4.4523084613230575 13.505915403672711 18.385164835164836 6.6946831940565437 23.24935897435898 21.290670902596371 4.7056197405715965 3.5000000000000004 16.361582263013812 2.5000000000000004 16.646428571428576 8.7569438681231979 48992.500000000007 9.3132291466709738 32208.500000000004 5.4902511001644685
decision_type=2 2 2 2 2 2 2 2 2 2 2 2 2 2 2 2 2 2 2 2 2 2
left_child=1 5 4 6 -2 -1 7 -4 13 12 17 -12 -10 14 -8 -16 -17 18 -11 20 -19 -18
right_child=2 -3 3 -5 -6 -7 8 -9 9 10 11 -13 -14 -15 15 16 21 19 -20 -21 -22 -23
leaf_value=-0.013070467099890461 -0.033180922547335415 -0.084650539358137419 0.45496198256328246 -0.30187792259122503 -0.012112566072709365 -0.079014389991238623 0.2084623140468648 0.1842516955083808 0.87927063877243383 -0.25797305672066728 -0.12380628325789204 0.36564482472499621 0.35426435620046481 -0.13748340596738809 -0.22441658858971353 -0.4138942512902411 0.35289034308929362 0.63956465338343893 0.50588305570553793 -0.19687861726829525 -0.14232757653888811 -0.049299172904263604
leaf_weight=199 596 504 114 83 10270 83 522 384 205 428 84 460 345 230 226 63 196 127 60 74 67 145
leaf_count=199 596 504 114 83 10270 83 522 384 205 428 84 460 345 230 226 63 196 127 60 74 67 145
internal_value=-0.000902715 -0.0118363 -0.000312245 0.00143924 -0.000928847 -0.00542683 0.00166332 0.00462724 0.00119478 0.00223585 0.000657088 0.00321949 0.0058964 -0.000189257 0.000650389 -0.00140551 0.000727384 -0.0011728 -0.00301724 0.00211538 0.0046608 0.00232659
internal_weight=15465 786 14679 3813 10866 282 3730 498 3232 1850 1300 544 550 1382 1152 630 404 756 488 268 194 341
internal_count=15465 786 14679 3813 10866 282 3730 498 3232 1850 1300 544 550 1382 1152 630 404 756 488 268 194 341
is_linear=0
shrinkage=0.035


Tree=125
num_leaves=23
num_cat=0
split_feature=8 23 20 12 21 17 20 21 12 20 21 21 8 15 25 11 15 12 25 21 25 1
split_gain=77.3776 13.4522 8.7406 8.75751 7.71324 7.31293 5.65802 19.7244 7.73326 7.6156 7.29364 16.9815 7.99762 7.59659 6.04617 5.22571 5.00684 4.78688 4.76024 4.58281 4.07754 4.07136
threshold=0.43235786701983264 40250.000000000007 26.500000000000004 0.83737086819080064 2.5000000000000004 1.0000000180025095e-35 7.5000000000000009 3.5000000000000004 7.7792375936535905 16.500000000000004 2.5000000000000004 3.5000000000000004 17.839743589743595 0.11324786324786326 166.00000000000003 4.5434411125112151 0.71714285714285719 5.4785645940392262 637.50000000000011 2.5000000000000004 831.00000000000011 8.9846950015344529
decision_type=2 2 2 2 2 2 2 2 2 2 2 2 2 2 2 2 2 2 2 2 2 2
left_child=1 16 3 -2 -4 21 7 -5 14 -8 13 12 20 15 -9 18 19 -7 -11 -1 -12 -6
right_child=2 -3 4 6 5 17 9 8 -10 10 11 -13 -14 -15 -16 -17 -18 -19 -20 -21 -22 -23
leaf_value=-0.013227506765628403 -0.040852708416525725 -0.080128847618153656 0.0038045910031606939 -0.014927886479568022 0.098187452168240943 -0.037340735080980077 -0.038541852515700407 -0.23130641686965989 1.134291943258418 -0.003447309918121793 0.090343778516136342 -0.03168896461574601 0.73671992226115013 -0.060522498590080555 0.094159858941816138 -0.12360290895153057 0.003802007090082396 0.75076984921726764 0.073564142686356096 -0.081799799375678606 -0.14244420478311368 0.633707462245651
leaf_weight=111 522 482 1010 2422 219 197 4293 57 96 1092 929 1205 193 490 684 535 109 55 294 174 77 140
leaf_count=111 522 482 1010 2422 219 197 4293 57 96 1092 929 1205 193 490 684 535 109 55 294 174 77 140
internal_value=-0.000833442 -0.0109052 -0.000220634 -0.000526602 0.00219557 0.00528409 -0.000336647 0.000911458 0.0055285 -0.000785416 0.000167012 0.00153279 0.00447674 -0.00118791 0.00422252 -0.000181724 -0.00592105 0.00061284 0.000943566 -0.00832759 0.00316766 0.00846154
internal_weight=15386 876 14510 12889 1621 611 12367 3259 837 9108 4815 2404 1199 2411 741 1921 394 252 1386 285 1006 359
internal_count=15386 876 14510 12889 1621 611 12367 3259 837 9108 4815 2404 1199 2411 741 1921 394 252 1386 285 1006 359
is_linear=0
shrinkage=0.035


Tree=126
num_leaves=23
num_cat=0
split_feature=9 22 8 21 4 20 9 25 25 15 20 20 21 22 21 21 21 21 20 8 15 21
split_gain=74.0152 13.1421 11.3628 6.2499 7.95678 5.48351 7.8771 5.20737 7.22648 7.57232 5.22424 6.57834 5.8178 6.09224 5.30602 4.82722 4.77432 4.45297 5.22119 4.42359 7.33593 4.99806
threshold=0.40370370370370373 34795.000000000007 6.2169130934036625 3.5000000000000004 1.7486717755119703 26.500000000000004 13.156280398468322 600.00000000000011 557.50000000000011 0.53708791208791218 26.500000000000004 9.5000000000000018 3.5000000000000004 13885.000000000002 3.5000000000000004 2.5000000000000004 2.5000000000000004 2.5000000000000004 15.500000000000002 2.2505441902424379 0.10620300751879701 3.5000000000000004
decision_type=2 2 2 2 2 2 2 2 2 2 2 2 2 2 2 2 2 2 2 2 2 2
left_child=1 3 7 4 -1 -4 -7 8 10 -10 11 14 17 -14 -2 -8 -11 -13 -19 -9 21 -21
right_child=2 -3 5 -5 -6 6 15 19 9 16 -12 12 13 -15 -16 -17 -18 18 -20 20 -22 -23
leaf_value=0.02451828758646931 -0.021310696288044613 -0.078883260813967238 0.01285049386739253 -0.074113250098184189 -0.08600240510186502 0.00043001704044066008 0.25806452166471816 0.045035692259745269 -0.079459680261077942 0.02861140273364907 0.021152287796424921 -0.038866858246354899 0.018520844783336623 -0.076031575847929786 0.05219692704487177 0.92176828474861749 -0.040777295906868544 -0.040313562214961969 0.040075728256458699 -0.011344366519171915 -0.085256369940633236 0.10993055814846309
leaf_weight=135 1265 476 6549 82 58 418 225 302 173 72 592 1531 147 599 375 163 85 267 468 976 222 247
leaf_count=135 1265 476 6549 82 58 418 225 302 173 72 592 1531 147 599 375 163 85 267 468 976 222 247
internal_value=-0.000893598 -0.0115741 -0.000342109 -0.00525 -0.00159091 0.000627717 0.00334464 -0.00131859 -0.00184128 -0.00684328 -0.00151696 -0.00191271 -0.00288283 -0.00556924 -0.000117021 0.00690204 -0.00108025 -0.00198041 0.000236486 0.000339612 -0.000458621 0.000598534
internal_weight=15427 751 14676 275 193 7355 806 7321 5574 330 5244 4652 3012 746 1640 388 157 2266 735 1747 1445 1223
internal_count=15427 751 14676 275 193 7355 806 7321 5574 330 5244 4652 3012 746 1640 388 157 2266 735 1747 1445 1223
is_linear=0
shrinkage=0.035


Tree=127
num_leaves=23
num_cat=0
split_feature=9 22 8 21 4 13 22 21 20 9 12 20 21 12 21 9 7 10 15 22 21 20
split_gain=75.4967 14.8609 9.48263 5.42058 9.14663 5.1645 5.96418 4.52986 4.09028 7.05656 8.49493 6.81088 10.6589 9.11514 6.29416 5.5405 5.0726 4.05571 3.92279 6.17917 4.34315 5.33067
threshold=0.40370370370370373 34795.000000000007 6.2169130934036625 3.5000000000000004 1.7486717755119703 0.53571428571428581 39092.000000000007 2.5000000000000004 17.500000000000004 18.216862438801559 6.783646224184138 9.5000000000000018 3.5000000000000004 7.7792375936535905 3.5000000000000004 6.7817460317460325 22.574477591929064 4.6496287614225347 0.19615384615384621 54348.000000000007 1.5000000000000002 7.5000000000000009
decision_type=2 2 2 2 2 2 2 2 2 2 2 2 2 2 2 2 2 2 2 2 2 2
left_child=1 3 5 4 7 18 -7 -1 11 15 -11 12 -4 -14 -13 -10 17 -12 19 20 -2 -22
right_child=2 -3 8 -5 -6 6 -8 -9 9 10 16 14 13 -15 -16 -17 -18 -19 -20 -21 21 -23
leaf_value=0.049244886810003947 -0.057570566335064591 -0.077257228291686186 -0.0064708500125603766 -0.064088798144017758 -0.082274003832588247 -0.041674189294632388 0.056947567833574832 -0.026784771111326745 0.15614917838067435 0.71877678209853535 0.19840338795711462 -0.0098138559014028463 0.15230370388261558 1.0589330443581753 -0.20677097325458058 0.0087746567869098173 0.44683318895804325 -0.13701443389489365 0.0077939102698337068 -0.10941461600146601 0.030992975106411955 -0.017740047755198048
leaf_weight=63 1492 481 1655 86 60 507 66 82 118 304 153 1484 490 118 538 2124 168 210 1413 96 910 2817
leaf_count=63 1492 481 1655 86 60 507 66 82 118 304 153 1484 490 118 538 2124 168 210 1413 96 910 2817
internal_value=-0.000786593 -0.0114189 -0.000221912 -0.00496622 -0.00166667 -0.00111621 -0.00429931 0.00303333 0.000662753 0.0016353 0.004375 -3.2634e-05 0.00128086 0.00522431 -0.00151085 0.000599688 0.00163246 -0.000665761 -0.000839522 -0.00127632 -0.00110547 -0.000459539
internal_weight=15435 772 14663 291 205 7301 573 145 7362 3077 835 4285 2263 608 2022 2242 531 363 6728 5315 5219 3727
internal_count=15435 772 14663 291 205 7301 573 145 7362 3077 835 4285 2263 608 2022 2242 531 363 6728 5315 5219 3727
is_linear=0
shrinkage=0.035


Tree=128
num_leaves=23
num_cat=0
split_feature=9 6 23 14 15 12 20 25 24 12 23 24 23 10 20 10 9 8 12 20 23 20
split_gain=64.5731 11.1731 8.27169 6.92644 6.14667 5.85105 4.01549 3.83705 4.21217 3.918 6.61284 5.35207 3.81012 3.7993 3.49804 6.01354 3.41637 4.28354 3.26203 3.24253 5.13108 4.15024
threshold=0.40370370370370373 20.470912355175066 40250.000000000007 0.48076923076923084 0.72111111111111115 0.61376547493725109 25.500000000000004 106.50000000000001 9795.0000000000018 4.6691717702501343 56450.000000000007 11523.000000000002 27800.000000000004 9.1943303461214416 8.5000000000000018 5.4902511001644685 16.000142857142858 17.218011076995939 6.9460315646673028 18.500000000000004 21250.000000000004 7.5000000000000009
decision_type=2 2 2 2 2 2 2 2 2 2 2 2 2 2 2 2 2 2 2 2 2 2
left_child=2 3 4 7 5 -1 13 16 19 10 -10 14 -5 18 -11 -16 -2 -18 -3 21 -21 -9
right_child=1 6 -4 12 -6 -7 -8 8 9 11 -12 -13 -14 -15 15 -17 17 -19 -20 20 -22 -23
leaf_value=-0.087048713386163504 1.0715642397725051 0.20910613515911552 -0.074553225301477163 -0.037933975596619381 0.0026549938929500663 0.0043500527874968144 0.65763360841826635 -0.0019499287799682288 1.3942538082614486 0.45171766177605632 0.037086968633345971 -0.22068327605964771 0.044906634435862174 0.41220329908904135 0.1922298136688653 -0.24651640696096425 -0.47725430959900561 0.32573078223172219 -0.073646707354294141 0.031026622990189136 -0.013551199924971408 -0.036554727484546641
leaf_weight=120 54 326 482 556 119 46 211 2409 103 160 1856 211 69 128 256 224 54 247 296 1274 2441 3736
leaf_count=120 54 326 482 556 119 46 211 2409 103 160 1856 211 69 128 256 224 54 247 296 1274 2441 3736
internal_value=-0.00078837 -0.000265805 -0.0106541 -0.000524167 -0.00567241 -0.0099269 0.00336957 -0.000349194 -0.000451479 0.000739787 0.00160387 -0.00122664 -0.00411111 0.00210927 0.000352713 -0.00111856 0.00320833 0.00160131 0.000921053 -0.000792955 1.88172e-05 -0.00128618
internal_weight=15378 14611 767 13650 285 166 961 13025 12670 2810 1959 851 625 750 640 480 355 301 622 9860 3715 6145
internal_count=15378 14611 767 13650 285 166 961 13025 12670 2810 1959 851 625 750 640 480 355 301 622 9860 3715 6145
is_linear=0
shrinkage=0.035


Tree=129
num_leaves=23
num_cat=0
split_feature=9 6 22 9 20 15 25 8 8 24 12 15 10 22 15 21 14 22 9 12 11 21
split_gain=54.3405 10.6172 9.10171 7.36457 4.93992 4.79125 4.08773 5.74486 4.27262 3.9441 3.79493 3.78229 3.56361 3.48009 3.79152 3.0292 4.22748 2.97387 2.95795 3.31978 4.27309 4.71672
threshold=0.40370370370370373 19.760000000000002 34795.000000000007 0.8377192982456142 26.500000000000004 0.71714285714285719 106.50000000000001 15.932296791281653 17.685337025350446 9795.0000000000018 0.61376547493725109 0.32738095238095244 7.5671594595926246 54348.000000000007 0.18350168350168353 2.5000000000000004 0.42261904761904767 34795.000000000007 16.789456666317523 4.3608446639554428 3.7753416995048639 2.5000000000000004
decision_type=2 2 2 2 2 2 2 2 2 2 2 2 2 2 2 2 2 2 2 2 2 2
left_child=2 3 5 17 -3 10 7 -5 -9 11 -1 13 18 -8 -15 16 -13 -2 19 -11 -21 -22
right_child=1 4 -4 6 -6 -7 9 8 -10 12 -12 15 -14 14 -16 -17 -18 -19 -20 20 21 -23
leaf_value=-0.075942462451956225 -0.033772845982568508 0.15472635997204906 -0.069250057947268712 1.3784504913611832 0.57419488821246523 0.0026620702035711655 -0.015306427429795362 -0.33624414251969292 0.38318064420123182 0.042521492806852634 0.00071287751217475226 0.027721028975617745 -0.19554376895006942 -0.1178658186928844 -0.020757465316870845 0.044227210710842145 -0.042795178510251976 0.074873439051692553 0.43378166788516881 -0.27457439625506586 -0.14461740311734231 0.24268589914472657
leaf_weight=108 693 937 489 47 177 116 8996 72 218 1794 46 90 197 93 219 140 86 45 264 110 224 225
leaf_count=108 693 937 489 47 177 116 8996 72 218 1794 46 90 197 93 219 140 86 45 264 110 224 225
internal_value=-0.000794783 -0.000318138 -0.00989529 -0.000590324 0.00295576 -0.00451818 -0.000391628 0.00337719 0.00136441 -0.000496464 -0.00847484 -0.000834199 0.000651827 -0.000963975 -0.00458202 0.00288941 -9.66851e-05 -0.00398048 0.00100114 0.000593723 -0.00173759 -0.000154185
internal_weight=15386 14627 759 13513 1114 270 12775 337 290 12438 154 9624 2814 9308 312 316 176 738 2617 2353 559 449
internal_count=15386 14627 759 13513 1114 270 12775 337 290 12438 154 9624 2814 9308 312 316 176 738 2617 2353 559 449
is_linear=0
shrinkage=0.035


Tree=130
num_leaves=23
num_cat=0
split_feature=9 22 8 20 20 21 9 11 15 21 21 9 21 12 20 10 10 8 11 25 25 25
split_gain=49.9667 10.2779 9.50217 6.77016 7.92644 11.233 8.99037 6.41509 6.29234 6.15599 16.0132 11.0114 9.96355 4.74191 4.31472 4.87718 4.19905 5.98002 4.46249 4.13682 4.39313 4.34668
threshold=0.40370370370370373 34795.000000000007 6.2169130934036625 16.500000000000004 9.5000000000000018 3.5000000000000004 17.269176916083492 2.9064312337191436 0.71714285714285719 3.5000000000000004 2.5000000000000004 18.216862438801559 1.5000000000000002 0.61376547493725109 26.500000000000004 0.67989119028088918 4.6496287614225347 23.573906879869618 3.8912331299044887 191.00000000000003 299.00000000000006 807.00000000000011
decision_type=2 2 2 2 2 2 2 2 2 2 2 2 2 2 2 2 2 2 2 2 2 2
left_child=1 8 14 4 5 -4 19 -6 13 10 12 -12 -5 -1 15 -2 18 -18 -11 -7 -21 -22
right_child=2 -3 3 9 7 6 -8 -9 -10 16 11 -13 -14 -15 -16 -17 17 -19 -20 20 21 -23
leaf_value=-0.070536203139841006 -0.037705853914048702 -0.069520110387771061 -0.018870581314873364 0.16069569928674513 0.15558733676396325 -0.2517881414201954 0.80703994104357324 -0.089777223795773201 0.011299279589896499 -0.13866951396190147 0.18926068240814056 0.82077074094689761 -0.079625779974750274 0.0029563505571769256 0.016393376794225499 -0.016072125106918599 -0.27356675030055161 0.65685061045669224 0.19057946966514708 0.24502853483434153 -0.18626521677321192 0.32339432566762771
leaf_weight=123 490 467 1636 885 213 47 223 1600 127 198 704 264 790 50 829 5998 165 54 227 198 90 53
leaf_count=123 490 467 1636 885 213 47 223 1600 127 198 704 264 790 50 829 5998 165 54 227 198 90 53
internal_value=-0.000750518 -0.00943005 -0.000292283 0.000595076 -0.000357319 0.00102575 0.00505682 -0.00207921 -0.00418852 0.00177552 0.00252455 0.00609712 0.0004375 -0.00845506 -0.00118547 -0.00149045 -0.00126733 -0.00515625 0.000732558 0.00173664 0.00313584 -0.00141892
internal_weight=15431 767 14664 7347 4060 2247 611 1813 300 3287 2643 968 1675 173 7317 6488 644 219 425 388 341 143
internal_count=15431 767 14664 7347 4060 2247 611 1813 300 3287 2643 968 1675 173 7317 6488 644 219 425 388 341 143
is_linear=0
shrinkage=0.035


Tree=131
num_leaves=23
num_cat=0
split_feature=7 22 6 20 20 21 21 21 21 9 7 9 12 21 20 12 9 23 12 4 21 25
split_gain=60.8968 9.20995 7.53758 4.33014 9.95724 9.39075 6.27268 13.0146 8.24035 10.5055 9.87982 8.08087 6.10062 5.60929 8.59824 5.30568 5.27198 5.01893 6.34456 4.93053 5.07161 4.8491
threshold=0.56969271725119408 28242.500000000004 20.017857142857146 7.5000000000000009 16.500000000000004 3.5000000000000004 2.5000000000000004 3.5000000000000004 1.5000000000000002 1.7242762445887447 3.9965703534566237 12.698809523809524 2.1343541161883 3.5000000000000004 11.500000000000002 1.2584549331829937 17.269176916083492 42000.000000000007 3.5001385572150507 8.0097912782270964 2.5000000000000004 455.50000000000006
decision_type=2 2 2 2 2 2 2 2 2 2 2 2 2 2 2 2 2 2 2 2 2 2
left_child=1 -1 3 5 13 19 8 11 12 -10 -11 17 15 -5 -15 -6 -7 18 -8 -2 -21 -16
right_child=2 -3 -4 4 6 16 7 -9 9 10 -12 -13 -14 14 21 -17 -18 -19 -20 20 -22 -23
leaf_value=-0.037053091965880545 -0.025569499517237006 -0.064393102055542328 0.21222430473623463 -0.021894358465975153 0.017389811730114779 0.052397608478768766 0.036103671109484738 -0.025476136636534669 -0.083249771690176846 0.038943306454905416 -0.085619778373516489 0.61677571945132181 0.10873413692867581 -0.0089597357752355944 -0.1468431152329201 -0.061059593669776938 0.83002175761557939 0.12801886514670535 -0.16339332668662787 0.39917713966176055 -0.045210793881222885 -0.042151762397707911
leaf_weight=526 2008 485 965 3183 226 679 804 1115 225 480 761 279 1005 427 403 551 117 501 77 254 205 172
leaf_count=526 2008 485 965 3183 226 679 804 1115 225 480 761 279 1005 427 403 551 117 501 77 254 205 172
internal_value=-0.000639843 -0.00892224 -5.57402e-05 -0.000271388 -0.00062708 0.000835373 0.000281556 0.00150396 -0.000758531 -0.00270054 -0.00140449 0.00346639 0.000832401 -0.00193795 -0.00422294 -0.00147698 0.00412921 0.00233417 0.000711061 -0.000226537 0.00301724 -0.007
internal_weight=15448 1011 14437 13472 10209 3263 6024 2776 3248 1466 1241 1661 1782 4185 1002 777 796 1382 881 2467 459 575
internal_count=15448 1011 14437 13472 10209 3263 6024 2776 3248 1466 1241 1661 1782 4185 1002 777 796 1382 881 2467 459 575
is_linear=0
shrinkage=0.035


Tree=132
num_leaves=23
num_cat=0
split_feature=8 22 8 21 22 12 22 11 21 8 4 24 8 22 12 27 12 12 0 8 11 7
split_gain=52.3908 11.704 7.91219 4.35927 4.02759 5.09609 5.21925 4.97086 4.35697 4.14957 4.01317 3.44469 5.38523 7.4496 5.4235 4.56193 10.5577 5.08189 5.4087 4.95333 4.70037 4.66986
threshold=0.43235786701983264 34795.000000000007 6.2169130934036625 3.5000000000000004 16785.000000000004 7.0185333602344437 6498.5000000000009 7.2126256479035415 1.5000000000000002 22.87263965786218 0.96364657268580889 5252.0000000000009 16.872397719833153 17236.500000000004 2.9590975938571598 2.5000000000000004 3.4174892201957241 4.537952965043119 13.477317666561024 7.2857236034599504 3.0559947976300306 6.9974489795918382
decision_type=2 2 2 2 2 2 2 2 2 2 2 2 2 2 2 2 2 2 2 2 2 2
left_child=1 3 -2 10 5 6 -4 8 -7 -10 -1 12 13 -6 -15 16 19 20 -19 -13 -17 -22
right_child=2 -3 4 -5 11 7 -8 -9 9 -11 -12 15 -14 14 -16 17 -18 18 -20 -21 21 -23
leaf_value=0.0033075537063886355 -0.011690584237044917 -0.062139343483598342 0.064380611592073658 -0.059078505191885018 0.31753084107743368 0.34788980886497772 0.57190302869452503 0.22343914936570125 -0.46571506046885536 0.15132495345024852 -0.053205982700330563 0.19290794581132631 -0.2671688222084953 0.12994857388667727 -0.067379733125643854 0.0087213251368734746 -0.28222798188708609 -0.10382677999149494 0.085168239319100267 -0.076642860460163512 0.33276792962421498 0.11708489590546728
leaf_weight=197 7218 480 303 81 289 51 375 536 131 70 121 152 210 198 912 781 154 708 1067 140 84 1120
leaf_count=197 7218 480 303 81 289 51 375 536 131 70 121 152 210 198 912 781 154 708 1067 140 84 1120
internal_value=-0.000635929 -0.00890837 -0.000130309 -0.00433168 0.00068213 0.00231985 0.00453514 0.000375158 -0.00360895 -0.0059466 -0.00232972 0.000264605 -0.00110595 -0.000299145 -0.00161659 0.000793754 -0.00252217 0.00119456 -0.000157303 0.00135522 0.00240955 0.00377792
internal_weight=15378 879 14499 399 7281 1466 678 788 252 201 318 5815 1609 1399 1110 4206 446 3760 1775 292 1985 1204
internal_count=15378 879 14499 399 7281 1466 678 788 252 201 318 5815 1609 1399 1110 4206 446 3760 1775 292 1985 1204
is_linear=0
shrinkage=0.035


Tree=133
num_leaves=23
num_cat=0
split_feature=9 22 20 9 9 15 12 20 21 20 12 4 21 21 9 9 24 11 9 22 10 24
split_gain=50.4534 10.933 7.61839 7.8569 6.47057 6.27891 5.49483 4.65521 16.8997 8.41956 8.23057 5.38554 4.69618 10.0642 9.66599 4.95734 4.95107 4.87536 5.51769 4.46266 6.24037 4.36675
threshold=0.40370370370370373 34795.000000000007 26.500000000000004 13.156280398468322 0.8377192982456142 0.71714285714285719 0.61376547493725109 8.5000000000000018 3.5000000000000004 14.500000000000002 7.7792375936535905 20.60550089441811 3.5000000000000004 2.5000000000000004 18.074005295944417 1.9648926707350622 3291.5000000000005 4.4002996900935516 14.109126984126986 47274.500000000007 0.69006555934235536 3291.5000000000005
decision_type=2 2 2 2 2 2 2 2 2 2 2 2 2 2 2 2 2 2 2 2 2 2
left_child=1 5 4 19 -2 6 -1 8 -6 11 -10 -9 13 15 16 -11 -15 18 -17 20 -4 -14
right_child=2 -3 3 -5 7 -7 -8 9 10 12 -12 -13 21 14 -16 17 -18 -19 -20 -21 -22 -23
leaf_value=-0.070389608408257309 -0.030192578546026513 -0.059964466461672403 0.078203081622782583 0.39715231119827638 -0.019683060613987318 0.01359185499963946 0.0027545352559472172 -0.037511595788958234 0.075700111797466441 -0.041626839049171867 0.97216737746709736 -0.39651730225459947 0.072205759458134983 -0.042668443797568123 0.61695991564517705 0.0058196507792879978 0.073709974578952273 -0.10796991378723822 0.35468271795189549 0.12226982019462876 -0.014753022354739676 -0.05542074911758086
leaf_weight=121 653 488 72 360 2869 124 46 2537 841 391 99 285 264 165 192 1625 1057 680 144 229 966 1173
leaf_count=121 653 488 72 360 2869 124 46 2537 841 391 99 285 264 165 192 1625 1057 680 144 229 966 1173
internal_value=-0.000680164 -0.00933036 -0.000214452 0.00203738 -0.000498844 -0.00378378 -0.00813953 -0.000316581 0.000697431 -0.000772482 0.00475926 -0.00233375 0 0.000587579 0.00299683 -0.000608963 0.00181133 -1.42624e-05 0.000947012 0.000715409 -0.000251678 -0.0017233
internal_weight=15381 779 14602 1627 12975 291 167 12322 3809 8513 940 2822 5691 4254 1414 2840 1222 2449 1769 1267 1038 1437
internal_count=15381 779 14602 1627 12975 291 167 12322 3809 8513 940 2822 5691 4254 1414 2840 1222 2449 1769 1267 1038 1437
is_linear=0
shrinkage=0.035


Tree=134
num_leaves=23
num_cat=0
split_feature=9 11 22 15 20 20 21 22 21 22 21 21 20 9 21 21 12 12 23 10 9 22
split_gain=47.2661 9.31388 7.28016 8.00912 4.13491 9.13242 10.2444 7.94545 7.59522 7.25291 6.65706 5.29673 4.63144 4.62128 4.3587 7.28485 4.06863 3.88018 3.63306 3.76731 3.61841 3.46703
threshold=0.32393328502805191 1.8088801908238554 34795.000000000007 0.71714285714285719 16.500000000000004 8.5000000000000018 3.5000000000000004 13885.000000000002 2.5000000000000004 22034.500000000004 3.5000000000000004 3.5000000000000004 11.500000000000002 17.269176916083492 1.5000000000000002 2.5000000000000004 2.4534288951514034 6.0533660460862473 21250.000000000004 2.8935338083613886 10.508507269154792 31797.000000000004
decision_type=2 2 2 2 2 2 2 2 2 2 2 2 2 2 2 2 2 2 2 2 2 2
left_child=2 16 3 -1 5 6 14 8 -6 -8 -10 18 -13 -11 -3 20 -2 21 -7 -20 -16 -17
right_child=1 4 -4 -5 7 11 9 -9 10 13 -12 12 -14 -15 15 17 -18 -19 19 -21 -22 -23
leaf_value=-0.080165816950947141 -0.017302666117380475 -0.10496483076061604 -0.057865710135513858 0.014623096430959184 0.03611648967989723 -0.079483696281337765 0.33174833871520104 0.013969666751834212 0.65476707288697444 0.025519753066505474 0.19970547243154027 -0.017700331137935878 -0.184658842328916 1.193583967507674 0.038056813245652958 0.11456676332443466 0.24678328988977918 -0.23412458828432223 0.043346806921403337 -0.032874171809069708 0.53037157682285485 -0.075083672259055378
leaf_weight=80 5146 740 451 101 395 437 233 3391 228 389 170 280 459 71 340 205 67 129 558 941 292 264
leaf_count=80 5146 740 451 101 395 437 233 3391 228 389 170 280 459 71 340 205 67 129 558 941 292 264
internal_value=-0.000637523 -0.0002327 -0.00997253 -0.00376344 0.000416973 -0.000225997 0.00122001 0.00124075 0.00438596 0.0048639 0.00777295 -0.00167164 -0.00418683 0.00222043 -6.20253e-05 0.00120445 -0.001422 -0.00153814 -0.00069423 0.000116356 0.00381868 0
internal_weight=15367 14735 632 181 9522 5338 2663 4184 793 693 398 2675 739 460 1970 1230 5213 598 1936 1499 632 469
internal_count=15367 14735 632 181 9522 5338 2663 4184 793 693 398 2675 739 460 1970 1230 5213 598 1936 1499 632 469
is_linear=0
shrinkage=0.035


Tree=135
num_leaves=23
num_cat=0
split_feature=9 22 8 15 13 11 20 8 21 21 17 21 22 9 8 12 9 20 21 12 25 21
split_gain=50.3818 9.31193 7.36299 5.6028 4.47703 4.55765 4.20891 8.1094 5.23802 5.72679 6.74461 5.51225 4.08845 3.93391 3.69218 3.58543 3.26538 3.15899 7.70828 7.15932 5.08722 4.93329
threshold=0.40370370370370373 34795.000000000007 6.334447238559533 0.68139097744360921 0.53571428571428581 3.5628929216482779 24.500000000000004 21.751492906082621 2.5000000000000004 3.5000000000000004 1.0000000180025095e-35 1.5000000000000002 39092.000000000007 7.2857189445871189 6.9302041229404709 0.63727486250636911 6.7817460317460325 8.5000000000000018 3.5000000000000004 7.7792375936535905 191.00000000000003 3.5000000000000004
decision_type=2 2 2 2 2 2 2 2 2 2 2 2 2 2 2 2 2 2 2 2 2 2
left_child=1 3 4 -1 5 16 14 8 11 10 13 -8 15 -10 -4 -6 -2 18 -16 20 -20 -19
right_child=2 -3 6 -5 12 -7 7 -9 9 -11 -12 -13 -14 -15 17 -17 -18 21 19 -21 -22 -23
leaf_value=-0.06397662736934849 -0.008999215384490996 -0.056264451537012039 0.14328203171233811 -0.0031525722080466292 0.014643744845959769 -0.22719331943859308 0.15782908229344797 1.0349110517593012 -0.0095392034131396401 -0.11472200418899378 -0.043292175289639523 -0.16682192567724308 0.0489289520315054 0.39114360160402301 -0.0063120567917669497 -0.046330283230412904 0.17165898201289553 0.0066448429414725759 -0.2832449329754067 0.80970286396293356 0.21003669768260769 -0.10276259135109143
leaf_weight=113 6733 474 312 174 70 54 368 122 50 111 117 261 69 235 1341 444 67 2787 54 107 326 1033
leaf_count=113 6733 474 312 174 70 54 368 122 50 111 117 261 69 235 1341 444 67 2787 54 107 326 1033
internal_value=-0.000615966 -0.00936684 -0.000157507 -0.00419521 -0.000931201 -0.000676119 0.000636672 0.00246848 0.00151046 0.00412162 0.00606265 -0.000607256 -0.00386905 0.00893103 0.000243504 -0.00495665 -0.000588905 3.40527e-05 0.00123159 0.00497967 0.00259091 -0.000535294
internal_weight=15422 761 14661 287 7437 6854 7224 1264 1142 513 402 629 583 285 5960 514 6800 5648 1828 487 380 3820
internal_count=15422 761 14661 287 7437 6854 7224 1264 1142 513 402 629 583 285 5960 514 6800 5648 1828 487 380 3820
is_linear=0
shrinkage=0.035


Tree=136
num_leaves=23
num_cat=0
split_feature=9 22 6 9 12 8 20 20 20 21 21 21 21 9 9 12 12 21 25 9 9 11
split_gain=51.1045 12.3195 5.99057 4.54926 3.94244 4.16697 3.79128 3.71176 8.27572 9.55664 6.04374 10.4997 6.10282 6.94145 9.60041 5.72307 7.67486 5.67371 7.47148 5.32827 5.24238 9.22214
threshold=0.40370370370370373 34795.000000000007 19.021343143503419 0.8377192982456142 0.48865526070192983 0.21488931231694783 26.500000000000004 16.500000000000004 9.5000000000000018 1.5000000000000002 2.5000000000000004 3.5000000000000004 1.5000000000000002 1.7242762445887447 11.330825691167254 2.0528873862310966 1.2584549331829937 3.5000000000000004 729.50000000000011 12.88904440725347 9.0121317021009091 2.73513300681465
decision_type=2 2 2 2 2 2 2 2 2 2 2 2 2 2 2 2 2 2 2 2 2 2
left_child=1 4 3 -2 5 -1 -4 8 9 -5 12 19 15 -14 20 16 -9 -10 -19 -12 21 -15
right_child=2 -3 6 7 -6 -7 -8 10 17 -11 11 -13 13 14 -16 -17 -18 18 -20 -21 -22 -23
leaf_value=-0.0095036307691278455 -0.026277918003646629 -0.056564958945632231 0.090457227620387937 -0.095346398050132841 0.0016463865054670858 -0.086545328498906435 0.52719029305536869 0.040057219737439351 -0.028301213904974393 0.030603540131005469 0.056278452857548442 -0.019567808778375682 -0.070917648979538089 0.019196469440878286 -0.22191129088360842 0.081634362848478484 -0.0592767401866197 -0.10549659089605272 0.06834646595929332 0.50701372184024351 0.23028639102215964 -0.11712658882376667
leaf_weight=60 738 469 931 1090 152 68 176 168 2357 2886 1322 1068 185 622 277 1046 509 647 113 262 133 175
leaf_count=60 738 469 931 1090 152 68 176 168 2357 2886 1322 1068 185 622 277 1046 509 647 113 262 133 175
internal_value=-0.000721101 -0.00960875 -0.000264106 -0.000466993 -0.00362281 -0.00802632 0.00220324 -0.000311504 -0.000848126 0.000206606 0.000345634 0.00157414 -0.000695513 -0.00241768 -0.00141502 0.000688657 -0.00179619 -0.00219731 -0.0048268 0.00338106 0.000280749 -0.000785536
internal_weight=15454 749 14705 13598 280 128 1107 12860 7093 3976 5767 2652 3115 1392 1207 1723 677 3117 760 1584 930 797
internal_count=15454 749 14705 13598 280 128 1107 12860 7093 3976 5767 2652 3115 1392 1207 1723 677 3117 760 1584 930 797
is_linear=0
shrinkage=0.035


Tree=137
num_leaves=23
num_cat=0
split_feature=9 22 0 9 15 15 24 12 22 25 12 4 8 9 7 7 22 24 4 10 9 8
split_gain=51.2611 9.93048 6.74935 4.63252 4.56536 3.60591 3.80054 3.8795 5.53263 3.38954 3.92599 4.23594 3.85681 3.46106 3.23371 3.16869 3.0872 3.08682 3.69885 3.59915 3.03976 5.73392
threshold=0.40370370370370373 34795.000000000007 18.955902356631452 0.8377192982456142 0.70185185185185195 0.32738095238095244 9795.0000000000018 4.6691717702501343 46389.000000000007 455.50000000000006 6.6210252830050198 9.9933189851049971 18.015496800719323 23.572667725649094 26.732142857142861 0.26527786914775114 34795.000000000007 11523.000000000002 6.9966807769941894 5.4902511001644685 13.720201117958425 12.215499489872871
decision_type=2 2 2 2 2 2 2 2 2 2 2 2 2 2 2 2 2 2 2 2 2 2
left_child=1 4 3 16 -1 6 14 8 -8 10 11 -4 -11 -12 -5 -6 -2 18 -9 -20 21 -10
right_child=2 -3 9 5 15 -7 7 17 20 12 13 -13 -14 -15 -16 -17 -18 -19 19 -21 -22 -23
leaf_value=-0.058325964226168155 -0.027764772208441844 -0.052315422170119502 -0.075943793927768302 -0.014072137366796619 -0.042291422152964976 0.019866183584455917 1.3672708187461662 0.33590183094573722 0.032306830564236187 0.070416024618529041 -0.056715757083873941 0.41076178754081472 -0.42155730886472942 0.29060880782016202 0.35808167609971719 0.021451283040339074 0.080016786961323694 -0.17415996605072509 0.089845782433166196 -0.15864895032642354 -0.21415447542291915 0.50554723015261738
leaf_weight=118 691 483 131 9153 87 321 85 80 1674 128 515 591 63 377 49 85 50 216 259 188 67 70
leaf_count=118 691 483 131 9153 87 321 85 80 1674 128 515 591 63 377 49 85 50 216 259 188 67 70
internal_value=-0.00064639 -0.00940231 -0.000181982 -0.000463666 -0.00409322 -0.000297732 -0.000398869 0.000767776 0.00161099 0.00181768 0.00234558 0.00426066 -0.0025 0.00076087 -0.000735582 -0.00029661 -0.00314343 -0.00135695 6.57895e-05 -0.0011615 0.00117566 0.00147084
internal_weight=15481 773 14708 12903 290 12162 11841 2639 1896 1805 1614 722 191 892 9202 172 741 743 527 447 1811 1744
internal_count=15481 773 14708 12903 290 12162 11841 2639 1896 1805 1614 722 191 892 9202 172 741 743 527 447 1811 1744
is_linear=0
shrinkage=0.035


Tree=138
num_leaves=23
num_cat=0
split_feature=9 22 6 13 12 8 25 9 10 12 24 21 13 9 14 22 7 27 12 9 12 9
split_gain=49.6813 8.00785 6.44891 5.64717 3.66362 4.3153 3.40307 4.19555 3.09453 4.26503 3.87005 3.35489 3.19445 4.33093 3.67446 3.12443 5.14603 5.59368 9.67577 4.60803 11.1141 4.66475
threshold=0.36602870813397131 34795.000000000007 20.017857142857146 0.53571428571428581 0.48865526070192983 0.21488931231694783 106.50000000000001 15.795833333333336 7.4354363883846331 7.3402617043732228 9795.0000000000018 2.5000000000000004 0.36666666666666675 1.4011821410901339 0.24038461538461542 24335.000000000004 12.444577672416967 3.5000000000000004 3.5001385572150507 5.5363286080542542 1.7386808150004769 2.7566066573759609
decision_type=2 2 2 2 2 2 2 2 2 2 2 2 2 2 2 2 2 2 2 2 2 2
left_child=1 4 3 6 5 -1 7 -2 10 -10 12 -11 15 -14 -15 -8 17 18 -17 20 21 -19
right_child=2 -3 -4 -5 -6 -7 8 -9 9 11 -12 -13 13 14 -16 16 -18 19 -20 -21 -22 -23
leaf_value=-0.0099236674437685191 1.4641730867922458 -0.050060341137924166 0.16936670188250363 -0.029363570503240798 0.0021283873585579683 -0.079945972326900705 0.00032002155983807513 0.084058792694182372 -0.25430451563877998 -0.22885042820066676 0.041158363033155898 0.30455185324232065 0.00048081087224876478 -0.00048313951673325308 0.08510036942892292 -0.019732170907708558 -0.40360563847427328 0.018764832074100273 -0.17897211289282219 0.064634210329001546 -0.1080757766909872 -0.12772656844505287
leaf_weight=66 45 474 989 624 105 61 4372 322 261 187 2651 158 365 54 88 2423 158 671 291 830 184 107
leaf_count=66 45 474 989 624 105 61 4372 322 261 187 2651 158 365 54 88 2423 158 671 291 830 184 107
internal_value=-0.000586308 -0.00962377 -0.000150321 -0.000347565 -0.00406118 -0.00795455 -0.000191315 0.00310484 -0.000288364 -0.00272095 -0.000164973 -0.0001 -0.000494868 0.0021875 0.0072619 -0.000648435 -0.00127811 -0.00105132 -0.00205314 0.000457707 -0.00117632 0.000648148
internal_weight=15486 706 14780 13791 232 127 13167 367 12800 606 12194 345 9543 507 142 9036 4664 4506 2714 1792 962 778
internal_count=15486 706 14780 13791 232 127 13167 367 12800 606 12194 345 9543 507 142 9036 4664 4506 2714 1792 962 778
is_linear=0
shrinkage=0.035


Tree=139
num_leaves=23
num_cat=0
split_feature=9 20 12 23 15 3 5 20 21 17 25 21 15 10 15 10 12 8 10 23 15 21
split_gain=51.4152 7.69691 8.09629 6.46389 7.36176 5.39252 4.1155 3.29102 3.24798 5.74785 3.40962 3.00218 2.97688 3.22965 3.20084 2.8838 2.66221 4.6776 2.45035 2.61129 6.38996 5.03287
threshold=0.32393328502805191 26.500000000000004 0.93999887425351958 40250.000000000007 0.71714285714285719 16.040429585733566 23.023809523809529 6.5000000000000009 2.5000000000000004 1.0000000180025095e-35 233.00000000000003 3.5000000000000004 0.32738095238095244 0.95118973121134298 0.4188596491228071 0.61459060367448182 6.6946831940565437 24.245625631798511 0.96975008699700671 5950.0000000000009 0.53708791208791218 2.5000000000000004
decision_type=2 2 2 2 2 2 2 2 2 2 2 2 2 2 2 2 2 2 2 2 2 2
left_child=3 2 18 4 -1 8 12 11 15 10 -10 -8 13 -4 -14 -3 -9 -18 19 20 -2 -22
right_child=1 5 6 -5 -6 -7 7 16 9 -11 -12 -13 14 -15 -16 -17 17 -19 -20 -21 21 -23
leaf_value=-0.070966221034147292 -0.070059768845195589 0.048689961636003594 -0.033701593508698606 -0.045799691131771895 0.016697987170212612 0.55567316383769871 0.11330157787007906 0.36921943432007642 0.17898797303474373 -0.02438357158218395 0.062927578192340655 0.86134855542048494 0.036765344130952143 -0.0070060741021422774 -0.022841681755959443 -0.0078389775618689771 -0.26265194969558042 0.38693310241181228 -0.059642094636263403 -0.019976440493117826 0.049154774055459663 -0.040681780725191748
leaf_weight=76 149 49 780 474 94 210 68 168 131 203 204 65 184 10534 109 830 165 123 129 497 64 101
leaf_count=76 149 49 780 474 94 210 68 168 131 203 204 65 184 10534 109 830 165 123 129 497 64 101
internal_value=-0.000631326 -0.000206189 -0.000488738 -0.0102735 -0.0041 0.00205882 -0.000245267 0.00259259 0.00125527 0.00338398 0.00617647 0.00735507 -0.000391836 -0.000483921 0.00305369 -3.95928e-05 0.00110087 -0.000895904 -0.00361111 -0.00283088 -0.00532132 -0.000411765
internal_weight=15407 14763 13136 644 170 1627 12196 589 1417 538 335 133 11607 11314 293 879 456 288 940 811 314 165
internal_count=15407 14763 13136 644 170 1627 12196 589 1417 538 335 133 11607 11314 293 879 456 288 940 811 314 165
is_linear=0
shrinkage=0.035


Tree=140
num_leaves=23
num_cat=0
split_feature=12 9 22 20 3 15 9 22 20 20 7 4 15 12 12 24 11 24 9 12 27 22
split_gain=45.3602 7.08208 5.19996 4.79831 6.13125 4.55951 3.38576 3.37979 3.27535 6.9253 6.32216 5.49705 3.60107 3.36521 3.01193 5.42591 4.75524 5.26179 4.7409 4.24676 3.27299 5.28805
threshold=0.52004063163607117 0.8377192982456142 34795.000000000007 26.500000000000004 15.950345293025352 0.71714285714285719 27.707142857142859 47274.500000000007 8.5000000000000018 14.500000000000002 24.357142857142858 21.011946453809166 0.18019480519480521 10.454423194225415 1.4587605849278396 8120.5000000000009 1.2066664642907576 4019.0000000000005 2.2857338073371021 1.1297745999915771 3.5000000000000004 15527.500000000002
decision_type=2 2 2 2 2 2 2 2 2 2 2 2 2 2 2 2 2 2 2 2 2 2
left_child=2 -2 5 6 7 -1 8 -5 10 11 -3 12 -10 14 15 16 17 19 -16 -11 21 -18
right_child=1 3 -4 4 -6 -7 -8 -9 9 13 -12 -13 -14 -15 18 -17 20 -19 -20 -21 -22 -23
leaf_value=-0.0526449991900469 -0.02124875406033171 0.0063882595869836226 -0.044105718696230992 -0.00058518903232645419 0.52893224624948865 0.0060860049901240347 0.30553697791191525 0.12531193228179158 -0.049170299368216284 0.055017472892681184 0.60471534275984884 -0.45517077275032569 0.030114787196794668 -0.2577513232719838 0.055787445659947518 0.067791620840866193 0.11108624929041487 -0.046870547868243739 0.005030655280894223 -0.02673067858150379 -0.091753281159956582 -0.064703579891266252
leaf_weight=159 938 3551 363 1056 245 58 82 257 2281 144 157 241 267 78 288 94 54 222 4285 139 101 267
leaf_count=159 938 3551 363 1056 245 58 82 257 2281 144 157 241 267 78 288 94 54 222 4285 139 101 267
internal_value=-0.000582116 -0.000201668 -0.010141 0 0.00182502 -0.00551802 -0.000234171 0.000849772 -0.000284623 -0.000665604 0.00057972 -0.00209198 -0.00159714 3.39088e-05 0.00014065 -0.0015692 -0.00240343 -6.86275e-05 0.000527523 0.00303819 -0.00512295 -0.00322086
internal_weight=15327 14747 580 13809 1558 217 12251 1313 12169 8461 3708 2789 2548 5672 5594 1021 927 505 4573 283 422 321
internal_count=15327 14747 580 13809 1558 217 12251 1313 12169 8461 3708 2789 2548 5672 5594 1021 927 505 4573 283 422 321
is_linear=0
shrinkage=0.035


Tree=141
num_leaves=23
num_cat=0
split_feature=9 22 15 8 20 8 8 5 4 11 12 25 12 25 9 20 8 15 24 8 12 14
split_gain=52.9196 7.27947 7.5793 6.4442 4.97117 5.97309 3.46363 3.60579 3.4168 3.07662 3.03286 3.51891 4.16411 3.99711 8.65204 3.73447 3.51573 3.32462 4.62288 7.87928 5.82824 4.82814
threshold=0.32393328502805191 34795.000000000007 0.71714285714285719 6.2169130934036625 24.500000000000004 21.899783549783553 6.9302041229404709 25.194668409427759 36.500000000000007 3.410164810264694 0.83737086819080064 299.00000000000006 1.0674147365390876 277.00000000000006 1.2527268325876004 26.500000000000004 1.2857920513923358 0.24500000000000002 1706.5000000000002 1.8441627522734043 1.5118578920369092 0.17424242424242428
decision_type=2 2 2 2 2 2 2 2 2 2 2 2 2 2 2 2 2 2 2 2 2 2
left_child=1 2 -1 9 6 -6 -5 8 -8 10 -2 13 -13 15 -15 -12 -14 18 19 -18 -21 -22
right_child=3 -3 -4 4 5 -7 7 -9 -10 -11 11 12 16 14 -16 -17 17 -19 -20 20 21 -23
leaf_value=-0.0714715850530145 -0.023767308243497879 -0.045961533616373194 0.017074019105535423 0.11905656789219536 0.09508342043897558 1.0541816386421572 -0.0072157786420511986 0.19613026694602634 -0.40764529182630571 -0.17581683395867345 -0.020296067025857491 0.043494190390517905 -0.037655905980126768 0.048069859729117967 -0.061249708877557978 0.044195426043321932 0.05958669171181051 0.068132628777163695 0.0037598460362275789 -0.15885408171025792 -0.11394816105354022 0.084465897808299786
leaf_weight=81 781 464 100 374 1137 122 5204 392 78 77 2141 286 174 48 431 273 92 159 2688 119 123 51
leaf_count=81 781 464 100 374 1137 122 5204 392 78 77 2141 286 174 48 431 273 92 159 2688 119 123 51
internal_value=-0.000618182 -0.0103923 -0.00413978 -0.000186208 0.000550465 0.00254747 0.000130101 -8.32013e-05 -0.000327691 -0.000911654 -0.000833333 -0.000584219 0.000127806 -0.00149758 -0.00441116 -0.000904299 -0.000210349 4.86562e-05 -0.000204678 -0.00376923 -0.00657718 -0.0022486
internal_weight=15395 645 181 14750 7307 1259 6048 5674 5282 7443 7366 6585 3692 2893 479 2414 3406 3232 3073 385 293 174
internal_count=15395 645 181 14750 7307 1259 6048 5674 5282 7443 7366 6585 3692 2893 479 2414 3406 3232 3073 385 293 174
is_linear=0
shrinkage=0.035


Tree=142
num_leaves=23
num_cat=0
split_feature=9 22 15 6 12 10 24 22 9 21 14 16 0 2 1 24 12 24 22 4 10 11
split_gain=45.0084 8.32839 7.53312 5.02968 4.18572 3.86818 3.60365 3.17793 5.83166 6.76456 2.84792 2.58532 3.33025 3.12015 3.02835 2.58294 3.30475 5.09895 4.15821 2.91179 2.58103 2.32673
threshold=0.32393328502805191 34795.000000000007 0.71714285714285719 19.021343143503419 0.82361122168980294 0.37796447300922736 4472.0000000000009 5643.5000000000009 0.50705008623763181 2.5000000000000004 0.70714285714285718 1.0000000180025095e-35 3.9929401464817613 9.9001120243386893 17.017817371952514 9795.0000000000018 4.537952965043119 11523.000000000002 46389.000000000007 10.946439606378263 5.4902511001644685 3.1961640323084253
decision_type=2 2 2 2 2 2 2 2 2 2 2 2 2 2 2 2 2 2 2 2 2 2
left_child=1 2 -1 4 6 -4 7 8 9 -2 -9 15 -13 -14 -15 -6 18 19 -17 -18 -21 -20
right_child=3 -3 5 -5 11 -7 -8 10 -10 -11 -12 12 13 14 -16 16 17 -19 21 20 -22 -23
leaf_value=-0.05837472812822686 0.039600615816496265 -0.043976927433784813 -0.015743415751253365 0.13792506155221659 -0.010424775694127534 0.068401082141091071 -0.098090036020533192 0.013377175481362118 -0.076873391744405328 -0.040577333856504388 -0.058432272374301118 0.10484338695918721 -0.056931881438123791 0.42685673336256363 -0.01046994018316795 1.3617681820669916 0.33340148239187922 -0.19188975686835719 -2.960168844374778e-05 0.18529555674327236 -0.13693438538484246 0.1045117716045737
leaf_weight=81 68 457 45 1126 9766 50 90 268 163 88 55 148 206 65 73 84 146 244 1037 230 227 726
leaf_count=81 68 457 45 1126 9766 50 90 268 163 88 55 148 206 65 73 84 146 244 1037 230 227 726
internal_value=-0.000607198 -0.00971003 -0.00299724 -0.000213804 -0.000400139 0.0035 -0.00296811 -0.0019745 -0.00442901 0.000326087 0.000426829 -0.000252566 0.00221831 0.000250716 0.00428322 -0.000352387 0.000603001 -0.00119131 0.00143629 0.000518092 -0.000833333 0.00104921
internal_weight=15443 633 176 14810 13684 95 732 642 319 156 323 12952 492 344 138 12460 2694 847 1847 603 457 1763
internal_count=15443 633 176 14810 13684 95 732 642 319 156 323 12952 492 344 138 12460 2694 847 1847 603 457 1763
is_linear=0
shrinkage=0.035


Tree=143
num_leaves=23
num_cat=0
split_feature=8 22 20 8 7 20 21 9 11 14 21 21 20 9 21 24 21 15 9 22 13 22
split_gain=47.4694 6.1109 5.55803 6.94539 5.64328 4.9011 11.6823 5.90638 5.24082 4.4879 4.46392 7.78598 6.28936 5.06852 4.78566 4.50531 4.25398 6.03418 6.84506 4.2792 4.44263 6.02205
threshold=0.35299200622699706 34795.000000000007 24.500000000000004 21.899783549783553 1.0023000964625202 7.5000000000000009 3.5000000000000004 17.269176916083492 5.5047440295121728 0.78174603174603186 2.5000000000000004 3.5000000000000004 30.500000000000004 16.5089783585499 1.5000000000000002 3555.0000000000005 3.5000000000000004 0.21240601503759401 2.1173161401228175 52360.000000000007 0.2678571428571429 6498.5000000000009
decision_type=2 2 2 2 2 2 2 2 2 2 2 2 2 2 2 2 2 2 2 2 2 2
left_child=1 9 4 10 -2 6 -6 8 -8 -1 14 12 13 -12 15 -4 19 18 -18 20 21 -7
right_child=2 -3 3 -5 5 16 7 -9 -10 -11 11 -13 -14 -15 -16 -17 17 -19 -20 -21 -22 -23
leaf_value=-0.062644641654727037 -0.02392723379056317 -0.042813687479617661 0.082765336501336259 0.90159810927544637 -0.013724691907515593 -0.069276008302921924 0.069643016751166728 0.68621244991122532 -0.20022964857344042 -0.0013825742111115869 0.098274418766160568 -0.046571358444434947 -0.058493861733185361 0.79254998359685969 -0.053313119781698254 -0.0060120705528457479 -0.10457032282457476 0.051811007494766213 -0.053917544888820959 -0.065677611001813477 0.05695114340008512 0.0015069810301486799
leaf_weight=96 1007 427 236 116 2440 583 565 177 85 117 609 236 117 90 616 628 103 133 1758 338 332 4583
leaf_count=96 1007 427 236 116 2440 583 565 177 85 117 609 236 117 90 616 628 103 133 1758 338 332 4583
internal_value=-0.000662629 -0.00995736 -0.000254964 0.00119393 -0.000573747 -0.000343632 0.000791565 0.004375 0.00275191 -0.00481651 0.00079326 0.00253311 0.00415652 0.00541903 -0.000436027 0.00122842 -0.000819719 -0.00221486 -0.00273848 -0.000338555 -9.85826e-05 -0.000355347
internal_weight=15392 640 14752 2648 12104 11097 3267 827 650 213 2532 1052 816 699 1480 864 7830 1994 1861 5836 5498 5166
internal_count=15392 640 14752 2648 12104 11097 3267 827 650 213 2532 1052 816 699 1480 864 7830 1994 1861 5836 5498 5166
is_linear=0
shrinkage=0.035


Tree=144
num_leaves=23
num_cat=0
split_feature=9 22 15 6 25 9 12 25 24 10 22 12 8 8 15 10 11 12 11 11 9 9
split_gain=43.2156 7.06691 5.39792 4.14626 3.56162 5.18004 3.5509 3.65692 3.49211 3.64262 4.15657 5.79053 3.39882 3.24881 2.76955 2.52957 2.36679 3.61301 2.30776 4.76211 4.16431 3.66936
threshold=0.32393328502805191 34795.000000000007 0.71714285714285719 20.470912355175066 106.50000000000001 15.795833333333336 6.783646224184138 142.00000000000003 9795.0000000000018 7.5671594595926246 46389.000000000007 5.067838959229559 24.245625631798511 17.218011076995939 0.67261904761904778 0.42831300971392222 6.7662209501136115 5.5445526260821518 5.1139579793748515 4.0227489699123984 18.385164835164836 9.6793003572517247
decision_type=2 2 2 2 2 2 2 2 2 2 2 2 2 2 2 2 2 2 2 2 2 2
left_child=1 2 -1 4 5 -2 7 -5 14 10 11 -10 -8 -7 -6 -4 17 -15 19 21 -20 -12
right_child=3 -3 15 6 8 13 12 -9 9 -11 18 -13 -14 16 -16 -17 -18 -19 20 -21 -22 -23
leaf_value=-0.059774079324572925 1.497519098966936 -0.038006676589249645 -0.023642897916082428 -0.19848619074716084 -0.0094806468395581215 -0.42981861975050661 -0.1315442897063224 0.29787711940599981 1.3497406218204075 -0.15221509725500776 0.029694118588011843 0.054982829308918901 0.25642728787321034 -0.18946257164435687 -0.045215372286989776 0.040881634729915788 -0.040726508855700776 0.67361932440855077 -0.1417552554322373 0.17115330614594798 0.59221432982369837 -0.11377414754870359
leaf_weight=79 50 447 48 59 10513 60 320 372 131 210 1236 191 202 50 131 54 118 84 252 386 49 363
leaf_count=79 50 447 48 59 10513 60 320 372 131 210 1236 191 202 50 131 54 118 84 252 386 49 363
internal_value=-0.000526931 -0.00948262 -0.0033871 -0.000142065 -0.000297382 0.00309946 0.00208246 0.00441514 -0.000391141 0.000700496 0.00106487 0.004763 9.96205e-05 0.00126972 -0.000681989 0.00179907 0.0030642 0.00616906 0.000527062 0.000967337 -0.00228758 0.000109102
internal_weight=15405 628 181 14777 13824 362 953 431 13462 2818 2608 322 522 312 10644 102 252 134 2286 1985 301 1599
internal_count=15405 628 181 14777 13824 362 953 431 13462 2818 2608 322 522 312 10644 102 252 134 2286 1985 301 1599
is_linear=0
shrinkage=0.035


Tree=145
num_leaves=23
num_cat=0
split_feature=9 22 15 12 21 15 11 5 20 12 25 8 20 21 20 21 25 20 12 25 12 24
split_gain=45.3339 9.46253 6.78089 4.7456 4.55878 9.67823 4.96313 4.03709 3.64215 3.96781 3.51696 3.14026 3.09448 9.48216 6.6114 4.8085 6.30772 3.93404 3.89268 7.01443 3.81043 5.69903
threshold=0.32393328502805191 34795.000000000007 0.71714285714285719 0.82361122168980294 2.5000000000000004 0.60357142857142865 0.63452932983050003 25.194668409427759 26.500000000000004 5.2723445241812223 277.00000000000006 18.866071428571434 9.5000000000000018 3.5000000000000004 15.500000000000002 3.5000000000000004 455.50000000000006 10.500000000000002 7.7792375936535905 166.00000000000003 1.4490007439104911 8120.5000000000009
decision_type=2 2 2 2 2 2 2 2 2 2 2 2 2 2 2 2 2 2 2 2 2 2
left_child=1 2 -1 4 5 6 -2 8 12 -10 -6 -9 13 -5 15 -14 17 -17 19 -15 21 -16
right_child=3 -3 -4 7 10 -7 -8 11 9 -11 -12 -13 14 18 20 16 -18 -19 -20 -21 -22 -23
leaf_value=-0.060583282805267431 0.0028611843738439282 -0.039984974737207295 0.018093556350947875 -0.01322435774198545 -0.022948137169757719 0.043884338850924492 -0.041452854786892333 -0.11535116870396012 0.011308031165412019 0.40885968129899913 -0.062993072279965964 0.33334956567814578 -0.025315605339827789 -0.26150139546085777 -0.031434170792922989 0.0034444594178532741 0.0079253843049881569 -0.15958416318346733 0.85449809768413698 0.070357603747000064 0.010092809562058847 0.079025211525575512
leaf_weight=80 156 458 102 3140 126 97 167 124 1265 243 198 341 2114 65 912 83 215 417 74 900 4105 77
leaf_count=80 156 458 102 3140 126 97 167 124 1265 243 198 341 2114 65 912 83 215 417 74 900 4105 77
internal_value=-0.000602043 -0.00968605 -0.0027139 -0.00020541 -0.00292056 -0.000452941 -0.00341463 -5.96591e-05 -0.000170951 0.0014458 -0.00601064 0.00312766 -0.00037437 0.000393164 -0.000781408 -0.00213656 -0.00461806 -0.00675743 0.00328544 0.00263402 -2.40243e-05 -0.00197183
internal_weight=15459 640 182 14819 744 420 323 14075 13610 1508 324 465 12102 4179 7923 2829 715 500 1039 965 5094 989
internal_count=15459 640 182 14819 744 420 323 14075 13610 1508 324 465 12102 4179 7923 2829 715 500 1039 965 5094 989
is_linear=0
shrinkage=0.035


Tree=146
num_leaves=23
num_cat=0
split_feature=9 22 15 20 15 15 9 22 9 4 10 25 15 7 20 8 11 12 9 8 25 20
split_gain=43.7573 7.94007 5.30122 5.2755 5.67996 4.55686 4.39194 3.65484 3.50052 3.66676 3.1829 2.70975 2.75783 2.55112 2.4259 5.70736 3.21615 3.20383 2.37864 2.16493 2.28417 3.17371
threshold=0.32393328502805191 34795.000000000007 0.71714285714285719 26.500000000000004 0.4188596491228071 0.32738095238095244 21.459415584415588 47274.500000000007 27.707142857142859 36.500000000000007 0.57735026918962573 233.00000000000003 0.069047619047619066 29.785714285714288 7.5000000000000009 0.43235786701983264 0.61124984550212702 0.74446813513595367 1.0628184817885318 1.2857920513923358 324.00000000000006 12.500000000000002
decision_type=2 2 2 2 2 2 2 2 2 2 2 2 2 2 2 2 2 2 2 2 2 2
left_child=1 2 -1 4 5 8 7 10 9 13 -5 -12 -13 18 15 -6 -16 -17 -2 20 -7 -22
right_child=3 -3 -4 6 14 19 -8 -9 -10 -11 11 12 -14 -15 16 17 -18 -19 -20 -21 21 -23
leaf_value=-0.052887018290716251 -0.083669172850966159 -0.038585500621405047 0.015068089118673004 0.047099467266481558 -0.048227863602822725 0.049630144499637242 1.1125729294779894 0.1389292426454847 0.29698936932283976 -0.34240322296608555 0.031600912524732509 0.0016148495330025271 -0.04517708796597799 0.30884402496260521 0.012929139717140676 0.053169254654698815 -0.036352575366207056 -0.0032670547565505186 -0.0070412357939946277 0.083276826833024814 0.042516677394382703 -0.065479909483155699
leaf_weight=79 96 447 98 71 61 102 90 277 87 103 552 432 235 69 83 56 473 79 11793 51 51 45
leaf_count=79 96 447 98 71 61 102 90 277 87 103 552 432 235 69 83 56 473 79 11793 51 51 45
internal_value=-0.000556689 -0.00959857 -0.00307692 -0.000171325 -0.000407101 -0.00022577 0.00168472 0.00122455 -0.000323994 -0.000377093 0.000418919 0 -0.00151042 -0.000317437 -0.00335205 0 -0.00452317 0.004 -0.000359005 0.00440945 0.0025 -0.00121287
internal_weight=15430 624 177 14806 13149 12397 1657 1567 12148 12061 1290 1219 667 11958 752 196 556 135 11889 249 198 96
internal_count=15430 624 177 14806 13149 12397 1657 1567 12148 12061 1290 1219 667 11958 752 196 556 135 11889 249 198 96
is_linear=0
shrinkage=0.035


Tree=147
num_leaves=23
num_cat=0
split_feature=8 6 20 21 20 21 21 20 21 8 4 24 22 24 22 21 4 11 8 12 27 8
split_gain=23.0987 4.47728 5.14144 7.66182 7.06083 4.75276 11.019 4.85561 4.78309 7.36227 5.65021 4.96642 9.2248 6.41342 4.17755 4.23907 6.07159 4.0869 3.82384 3.46561 3.43948 3.39792
threshold=0.43235786701983264 20.470912355175066 7.5000000000000009 1.5000000000000002 16.500000000000004 2.5000000000000004 3.5000000000000004 29.500000000000004 1.5000000000000002 1.6444649245412026 7.9927388748624617 3555.0000000000005 10086.000000000002 4019.0000000000005 34795.000000000007 2.5000000000000004 4.9547980748721674 0.81836546217389927 0.21488931231694783 0.78637527081399305 2.5000000000000004 21.751492906082621
decision_type=2 2 2 2 2 2 2 2 2 2 2 2 2 2 2 2 2 2 2 2 2 2
left_child=14 2 3 -2 19 8 7 -7 11 17 20 12 -6 -13 15 16 -1 -10 -17 -4 -11 -21
right_child=1 -3 4 -5 5 6 -8 -9 9 10 -12 13 -14 -15 -16 18 -18 -19 -20 21 -22 -23
leaf_value=0.038683773064441047 -0.0608497527591607 0.13067530693387058 -0.045487120336752285 0.037977862872099172 -0.01171859342238717 0.084721443852956227 -0.028337842446317558 -0.033966324174056345 0.012157014410329278 0.12025877795443184 -0.10691111970836766 -0.12695323329261088 0.14756514163309559 0.0006262098426588204 -0.037235008099655867 0.0082006904975380976 -0.06353685939443908 -0.075093453928755993 -0.052726706992106027 -0.02307088795173062 -0.00051332837196110153 -0.38557747099172335
leaf_weight=123 868 960 143 2405 286 1461 1136 209 47 114 508 126 245 1134 487 51 58 216 189 3861 585 222
leaf_count=123 868 960 143 2405 286 1461 1136 209 47 114 508 126 245 1134 487 51 58 216 189 3861 585 222
internal_value=-0.000484002 -0.000143314 -0.000308194 0.000896888 -0.000693339 6.917e-05 0.00112682 0.00293582 -0.000835885 -0.00231356 -0.00112624 0.000370267 0.00319963 -0.000816206 -0.00588445 -0.00320423 0.000752688 -0.00757463 -0.00621429 -0.00179095 0.000894886 -0.00159247
internal_weight=15434 14526 13566 3273 10293 6067 2806 1670 3261 1470 1207 1791 531 1260 908 421 181 263 240 4226 699 4083
internal_count=15434 14526 13566 3273 10293 6067 2806 1670 3261 1470 1207 1791 531 1260 908 421 181 263 240 4226 699 4083
is_linear=0
shrinkage=0.035


Tree=148
num_leaves=23
num_cat=0
split_feature=9 22 15 9 9 4 15 25 9 8 11 11 11 1 9 27 9 23 9 11 11 22
split_gain=21.2508 4.03977 4.42967 4.00075 3.59489 3.2967 2.97846 2.62611 6.35219 5.43604 2.79403 2.21901 5.58674 2.18371 2.0225 3.07098 2.69794 2.23351 5.69133 3.24314 8.64064 4.83056
threshold=0.40370370370370373 34795.000000000007 0.70185185185185195 27.707142857142859 0.25004585548086528 13.982558156555685 0.64495798319327746 106.50000000000001 15.795833333333336 18.501524510250249 4.9093428936125418 8.925321201231057 7.2126256479035415 35.433215501771933 24.07460317460318 2.5000000000000004 24.803571428571434 42000.000000000007 0.98878360389629716 5.1139579793748515 3.3840127707943251 43337.000000000007
decision_type=2 2 2 2 2 2 2 2 2 2 2 2 2 2 2 2 2 2 2 2 2 2
left_child=1 2 -1 6 -3 -5 7 8 -2 10 -10 12 -11 14 17 -16 -17 -9 -19 20 -20 -21
right_child=3 4 -4 5 -6 -7 -8 13 9 11 -12 -13 -14 -15 15 16 -18 18 19 21 -22 -23
leaf_value=-0.0428213014548098 1.3610189525887539 -0.032532267741657642 0.0054096065874939476 0.022001310011808075 -0.067577759364622084 0.4073790192279822 -0.050191004390789745 -0.0086718769899560046 0.10189350833180727 0.59837754267949184 -0.40731258214744648 0.7702990122867005 -0.54303535983140738 -0.27080756185872201 0.68725966119681148 0.59145114088092376 -0.10971761695885164 0.066265052405697925 -0.0067785430618451424 0.10543656255989618 0.13213939180117265 -0.14711926652371787
leaf_weight=102 53 395 165 48 102 51 54 8671 51 154 99 69 75 110 110 50 154 102 2793 293 1173 590
leaf_count=102 53 395 165 48 102 51 54 8671 51 154 99 69 75 110 110 50 154 102 2793 293 1173 590
internal_value=-0.000403872 -0.00607607 -0.00244485 -0.000105916 -0.00794821 0.00673077 -0.000155758 -0.000122664 0.00235178 0.000888521 -0.00440323 0.00363861 0.00179487 -0.000212974 -0.000171975 0.00257837 0 -0.00023758 0.000353107 0.000173053 0.000603752 -0.00173423
internal_weight=15464 764 267 14700 497 99 14601 14547 501 448 150 298 229 14046 13936 314 204 13622 4951 4849 3966 883
internal_count=15464 764 267 14700 497 99 14601 14547 501 448 150 298 229 14046 13936 314 204 13622 4951 4849 3966 883
is_linear=0
shrinkage=0.035


Tree=149
num_leaves=23
num_cat=0
split_feature=9 6 22 12 14 15 15 20 25 9 10 20 22 24 22 12 20 24 12 9 12 9
split_gain=22.6707 4.1957 4.0706 3.51302 3.21458 3.17317 2.85323 2.42018 2.39773 5.48508 2.60628 3.09571 3.15238 2.57492 2.75407 4.093 3.01966 2.41756 9.88134 6.11334 5.50337 2.69893
threshold=0.40370370370370373 19.021343143503419 34795.000000000007 0.48865526070192983 0.78174603174603186 0.64495798319327746 0.78416149068322993 26.500000000000004 106.50000000000001 15.795833333333336 7.4354363883846331 8.5000000000000018 43337.000000000007 9795.0000000000018 46389.000000000007 5.067838959229559 10.500000000000002 8654.0000000000018 3.5327268122738742 2.2594012527089604 3.1561967812336884 8.3076717470484791
decision_type=2 2 2 2 2 2 2 2 2 2 2 2 2 2 2 2 2 2 2 2 2 2
left_child=2 5 3 4 -1 8 -4 -3 9 -2 13 12 -12 17 15 -15 -17 -10 19 -19 -21 -20
right_child=1 7 6 -5 -6 -7 -8 -9 10 -11 11 -13 -14 14 -16 16 -18 18 21 20 -22 -23
leaf_value=-0.056763952903799458 1.3789963837304768 0.081305210460191055 -0.066393638370699629 0.0055311527721851753 0.01073585605551112 -0.048568020650549597 -0.031393638370699625 0.38196232536143215 -0.0052050979653421071 0.021312371104132526 0.39489785713818609 -0.22115259989783995 -0.22102016686368137 1.225624648450172 0.010911160050991173 0.70484876574656796 -0.13005740596640444 0.08344273072976939 -0.11130990795389814 -0.043398068669294562 0.159522877282466 -0.46662467625897702
leaf_weight=84 45 928 161 148 49 56 324 175 9051 301 147 353 65 127 2227 55 136 182 89 587 56 70
leaf_count=84 45 928 161 148 49 56 324 175 9051 301 147 353 65 127 2227 55 136 182 89 587 56 70
internal_value=-0.000482297 -0.000173149 -0.00633268 -0.00281469 -0.00684783 -0.000343492 -0.00828571 0.00189531 -0.000306017 0.00254274 -0.00038327 -0.00270175 0.000564516 -0.000276718 0.000713725 0.00373839 0.000357143 -0.00052988 -0.00217644 -0.000590361 -0.00221451 -0.0100305
internal_weight=15416 14650 766 281 133 13547 485 1103 13491 346 13145 565 212 12580 2545 318 191 10035 984 825 643 159
internal_count=15416 14650 766 281 133 13547 485 1103 13491 346 13145 565 212 12580 2545 318 191 10035 984 825 643 159
is_linear=0
shrinkage=0.035


Tree=150
num_leaves=23
num_cat=0
split_feature=9 20 20 21 21 21 9 21 9 8 21 25 25 25 12 25 23 25 25 7 7 12
split_gain=23.4628 4.15982 8.43778 11.0067 7.12386 12.2375 10.9192 7.31059 7.37088 8.09955 7.01475 5.92038 8.85333 5.7565 5.71807 7.52651 5.63818 7.18012 4.03639 6.24673 7.08657 8.84686
threshold=0.40370370370370373 16.500000000000004 9.5000000000000018 3.5000000000000004 2.5000000000000004 3.5000000000000004 18.216862438801559 1.5000000000000002 1.8996542048334364 5.3627472527472539 3.5000000000000004 421.00000000000006 248.50000000000003 831.00000000000011 7.7792375936535905 166.00000000000003 42000.000000000007 455.50000000000006 171.00000000000003 2.1995628082941741 3.8561343066402523 2.8191862215196868
decision_type=2 2 2 2 2 2 2 2 2 2 2 2 2 2 2 2 2 2 2 2 2 2
left_child=-1 2 3 -2 7 6 16 11 -9 -10 -4 12 18 -12 15 -5 -6 -18 -3 -20 -21 -22
right_child=1 4 10 14 5 -7 -8 8 9 -11 13 -13 -14 -15 -16 -17 17 -19 19 20 21 -23
leaf_value=-0.030294861027725148 -0.01339647158254529 0.20626050719875794 -0.018471517363111475 -0.29644482950098611 0.015207149483183857 -0.017499308612787499 0.62510754307320981 -0.059421779573651669 0.0362754414145358 -0.090036433158520709 -0.085690787655440429 0.056901496989257491 -0.093061517127671647 0.11877876274983656 0.6626259149233753 0.064340169411636658 0.17454775038852824 0.0066240623836120978 0.041661699539095952 -0.12573902070298906 0.47856316407850691 -0.092477216373534732
leaf_weight=760 3413 255 2629 70 983 1204 265 330 481 864 822 688 320 61 120 921 363 244 133 97 56 326
leaf_count=760 3413 255 2629 70 983 1204 265 330 481 864 822 688 320 61 120 921 363 244 133 97 56 326
internal_value=-0.000406554 -9.31741e-05 -0.000628964 0.000367079 0.00055564 0.00179341 0.00357527 -0.000507032 -0.0021875 -0.00101111 -0.0019157 0.000986702 -0.000499161 -0.00461149 0.0033871 0.00245984 0.00244671 0.00508987 0.00132454 -0.000198541 -0.00209711 4.52196e-05
internal_weight=15405 14645 8036 4524 6609 3059 1855 3550 1675 1345 3512 1875 1187 883 1111 991 1590 607 867 612 479 382
internal_count=15405 14645 8036 4524 6609 3059 1855 3550 1675 1345 3512 1875 1187 883 1111 991 1590 607 867 612 479 382
is_linear=0
shrinkage=0.035


Tree=151
num_leaves=23
num_cat=0
split_feature=9 15 5 2 24 10 9 10 1 6 22 15 15 7 14 21 12 3 12 11 9 16
split_gain=19.7278 3.94404 3.12037 3.26959 2.44643 5.40181 4.64664 2.64202 2.60531 2.55929 2.3452 4.06565 3.93179 3.07823 2.48404 2.24974 1.98184 2.32379 1.85334 2.17799 2.8175 1.825
threshold=0.40370370370370373 0.67261904761904778 25.194668409427759 13.982558156555685 9795.0000000000018 5.8716429111612758 16.789456666317523 11.493250581918259 17.901091648750974 16.535714285714288 34795.000000000007 0.70185185185185195 0.78416149068322993 0.41557595269009978 0.83974358974358987 2.5000000000000004 5.5445526260821518 17.033107411818296 6.6946831940565437 7.8112072819882643 22.647709039754044 1.0000000180025095e-35
decision_type=2 2 2 2 2 2 2 2 2 2 2 2 2 2 2 2 2 2 2 2 2 2
left_child=10 2 4 -4 7 6 -6 21 -7 -9 11 15 -12 14 -13 -1 -8 -18 -5 20 -20 -2
right_child=1 -3 3 18 5 8 16 9 -10 -11 12 13 -14 -15 -16 -17 17 -19 19 -21 -22 -23
leaf_value=-0.0019275794522344738 -0.0096755800356282864 -0.052624791501116916 -0.23044592330549166 0.58478345926871833 0.028905961500073546 -0.017239806545833149 0.90833034668639823 -0.06345915437246448 -0.25434048496215272 0.50032555004712664 -0.06300954089175477 -0.049526180132156185 -0.029234540891754767 0.040233336935168888 0.014454781498466233 -0.053629495070388528 0.46878860375890075 -0.12799444614920419 -0.38069499547931435 0.34248436721782372 0.18354956953033225 0.037914624295757746
leaf_weight=45 10756 54 68 110 2255 236 76 53 172 60 163 61 327 52 51 66 93 63 56 146 85 388
leaf_count=45 10756 54 68 110 2255 236 76 53 172 60 163 61 327 52 51 66 93 63 56 146 85 388
internal_value=-0.000447672 -0.000159785 -0.000122076 0.00268085 -0.000216324 0.000687931 0.00130618 -0.00045063 -0.00300847 0.00474576 -0.00590909 -0.003125 -0.00738889 0.000310651 -0.00284188 -0.00814655 0.00598101 0.00336957 0.00391791 0.0022774 -0.000719178 -0.000506996
internal_weight=15436 14671 14617 465 14152 2895 2487 11257 408 113 765 275 490 164 112 111 232 156 397 287 141 11144
internal_count=15436 14671 14617 465 14152 2895 2487 11257 408 113 765 275 490 164 112 111 232 156 397 287 141 11144
is_linear=0
shrinkage=0.035


Tree=152
num_leaves=23
num_cat=0
split_feature=13 12 12 20 20 21 21 21 9 21 25 12 21 9 4 24 22 8 27 12 27 8
split_gain=15.9147 4.50254 7.74498 3.93451 9.12375 9.61175 6.80048 8.96086 11.6784 5.44066 4.90835 4.81749 4.2334 5.70092 7.33689 5.64676 7.98065 7.07504 5.17001 4.74814 4.47951 4.31812
threshold=0.46428571428571436 0.54899847081191699 0.63727486250636911 16.500000000000004 9.5000000000000018 3.5000000000000004 2.5000000000000004 3.5000000000000004 18.533043183530747 3.5000000000000004 831.00000000000011 7.7792375936535905 1.5000000000000002 1.7242762445887447 7.9927388748624617 3555.0000000000005 10086.000000000002 6.2169130934036625 2.5000000000000004 2.6907937434164588 3.5000000000000004 5.1743423595009279
decision_type=2 2 2 2 2 2 2 2 2 2 2 2 2 2 2 2 2 2 2 2 2 2
left_child=3 -2 -3 4 5 -1 12 8 -8 -6 -11 -7 15 -14 -15 16 -5 20 -19 -20 21 -17
right_child=1 2 -4 6 9 11 7 -9 -10 10 -12 -13 13 14 -16 17 -18 18 19 -21 -22 -23
leaf_value=-0.012468527030072779 -0.028211331960543352 0.011980476454727482 -0.028432285342949084 -0.0020543705065326589 -0.021012475008849077 0.046856052988364677 0.054625081441278173 -0.012975392969190312 0.68096943422936185 -0.079729024013717467 0.1190297560660163 0.64497913362706871 -0.056291631870459512 0.019480281786282756 -0.11316087936021696 -0.0015891639787160906 0.16037620092162205 -0.2145303483754033 0.54564682377033835 0.11876361214156167 -0.12099950967713734 -0.17530732347245848
leaf_weight=3295 577 145 612 284 2494 967 1547 1198 234 794 59 119 192 746 658 391 253 169 48 482 131 66
leaf_count=3295 577 145 612 284 2494 967 1547 1198 234 794 59 119 192 746 658 391 253 169 48 482 131 66
internal_value=-0.000391504 -0.00403846 -0.00220472 -4.45797e-05 -0.000577072 0.000470816 0.000595721 0.00181803 0.00339026 -0.00195257 -0.0043648 0.00332035 -0.000464964 -0.0017817 -0.000981192 0.000679333 0.00368081 -0.000568885 0.00178977 0.0035 -0.00339376 -0.00166667
internal_weight=15461 1334 757 14127 7728 4381 6399 2979 1781 3347 853 1086 3420 1596 1404 1824 537 1287 699 530 588 457
internal_count=15461 1334 757 14127 7728 4381 6399 2979 1781 3347 853 1086 3420 1596 1404 1824 537 1287 699 530 588 457
is_linear=0
shrinkage=0.035


Tree=153
num_leaves=23
num_cat=0
split_feature=9 6 20 8 7 14 23 7 11 15 20 21 20 23 10 10 21 21 24 23 20 21
split_gain=15.7857 4.66138 3.49269 3.02582 2.86153 2.78805 4.17042 2.75503 4.05695 2.75346 2.62687 8.32797 4.78456 4.05326 4.34426 3.81153 3.72498 7.12634 5.03998 5.52501 4.93579 4.28457
threshold=0.40370370370370373 19.021343143503419 26.500000000000004 22.87263965786218 21.010724767698907 0.78174603174603186 40250.000000000007 19.000701735785487 5.5047440295121728 0.64495798319327746 7.5000000000000009 1.5000000000000002 16.500000000000004 8300.0000000000018 3.0783421635988559 4.9665548085837949 2.5000000000000004 3.5000000000000004 3345.5000000000005 35850.000000000007 30.500000000000004 1.5000000000000002
decision_type=2 2 2 2 2 2 2 2 2 2 2 2 2 2 2 2 2 2 2 2 2 2
left_child=5 9 3 7 -5 -1 -7 -3 -9 10 11 -2 13 -12 -15 -13 21 20 -19 -20 -18 -14
right_child=1 2 -4 4 -6 6 -8 8 -10 -11 12 15 16 14 -16 -17 17 18 19 -21 -22 -23
leaf_value=-0.043612002725531882 -0.088633091026728394 0.073565998047919134 0.37721702881936836 -0.19286400464291634 0.33506041061477959 0.014147760509363524 -0.027223935341924337 0.22380573816572652 -0.35271327720919715 -0.046977197115150388 -0.059777932106655239 0.016843865719544448 0.0045246744049844837 -0.0026224340853676512 -0.077845239710580397 0.26710923766166889 0.070215497714905803 0.051991956756973913 -0.093442944466516298 -0.008614606012721425 -0.11124383009166956 -0.032793387593856277
leaf_weight=323 878 317 183 49 316 97 333 73 163 59 506 2007 1798 2247 1412 373 1549 236 322 571 109 1514
leaf_count=323 878 317 183 49 316 97 333 73 163 59 506 2007 1798 2247 1412 373 1549 236 322 571 109 1514
internal_value=-0.000476036 -0.000220433 0.00196203 0.0010428 0.0035 -0.00540237 -0.00341954 -0.000564516 -0.00341286 -0.000399308 -0.000363532 0.000498774 -0.000639059 -0.00155276 -0.00113674 0.00157757 -1.14679e-05 0.00092765 -0.0012037 -0.00241648 0.00238876 -0.000807205
internal_weight=15435 14682 1101 918 365 753 430 553 236 13581 13522 3258 10264 4165 3659 2380 6099 2787 1129 893 1658 3312
internal_count=15435 14682 1101 918 365 753 430 553 236 13581 13522 3258 10264 4165 3659 2380 6099 2787 1129 893 1658 3312
is_linear=0
shrinkage=0.035


Tree=154
num_leaves=23
num_cat=0
split_feature=9 9 20 20 21 21 21 10 11 8 24 9 25 25 10 22 22 11 9 11 22 5
split_gain=15.7963 3.63217 6.3674 4.9933 5.68059 4.63148 9.32772 5.78678 4.74637 4.45487 4.15851 4.1491 7.1751 3.77742 6.13337 3.5157 3.04355 6.80067 3.28204 3.08183 5.6507 5.78513
threshold=0.40370370370370373 18.385164835164836 15.500000000000002 9.5000000000000018 3.5000000000000004 2.5000000000000004 3.5000000000000004 7.3070340360887558 6.0182871499937791 20.157280219780223 9795.0000000000018 16.361582263013812 106.50000000000001 807.00000000000011 4.6097071278108039 34795.000000000007 46389.000000000007 5.1139579793748515 15.513274814546774 3.3840127707943251 48992.500000000007 10.441887007478826
decision_type=2 2 2 2 2 2 2 2 2 2 2 2 2 2 2 2 2 2 2 2 2 2
left_child=15 10 3 4 9 7 -7 -4 -8 -3 11 12 -2 -14 -15 -1 18 19 -12 -18 -21 -22
right_child=1 2 5 -5 -6 6 8 -9 -10 -11 16 -13 13 14 -16 -17 17 -19 -20 20 21 -23
leaf_value=-0.014557052398715263 0.61728861938684143 -0.34397914272422814 0.20804392465986554 -0.22384504749642065 0.38986321469097629 0.56831659030326542 -0.74869351614251489 -0.38226908902363649 0.19619771655641019 0.10838636040351873 0.91244957683739381 -0.16535357709469964 -0.012346669936453385 0.011233601589838571 0.77207774431796261 -0.02728849405080264 0.0017831939658785958 -0.15377538910488861 0.088184934609393806 0.037004867703874129 0.14075301002715188 0.5576714752553158
leaf_weight=287 82 95 297 394 174 275 52 92 215 321 122 494 8695 618 101 494 1244 352 225 506 156 114
leaf_count=287 82 95 297 394 174 275 52 92 215 321 122 494 8695 618 101 494 1244 352 225 506 156 114
internal_value=-0.000420182 -0.000159102 0.00125781 -0.000690091 0.00132353 0.00332799 0.00540676 0.00035533 0.000643382 -0.000872922 -0.00037439 -0.000705603 -0.00053968 -0.00063356 0.00178867 -0.00525445 0.000835169 0.000375473 0.00387784 0.00116667 0.00289052 0.00693636
internal_weight=15405 14624 1915 984 590 931 542 389 267 416 12709 9990 9496 9414 719 781 2719 2372 347 2020 776 270
internal_count=15405 14624 1915 984 590 931 542 389 267 416 12709 9990 9496 9414 719 781 2719 2372 347 2020 776 270
is_linear=0
shrinkage=0.035


Tree=155
num_leaves=23
num_cat=0
split_feature=9 20 3 22 22 15 15 13 10 21 20 21 21 9 21 21 10 7 21 20 9 20
split_gain=12.861 3.59073 3.58668 3.26183 3.23454 3.98563 3.05321 3.31014 2.96675 2.60479 2.45386 8.80766 5.39929 4.62306 4.33163 10.4507 6.2635 5.55091 4.30662 8.80712 6.99989 6.74717
threshold=0.40370370370370373 26.500000000000004 16.040429585733566 47274.500000000007 34795.000000000007 0.78416149068322993 0.68139097744360921 0.58571428571428574 0.69006555934235536 2.5000000000000004 8.5000000000000018 3.5000000000000004 3.5000000000000004 17.269176916083492 2.5000000000000004 1.5000000000000002 0.61459060367448182 13.430278064829881 2.5000000000000004 14.500000000000002 18.216862438801559 11.500000000000002
decision_type=2 2 2 2 2 2 2 2 2 2 2 2 2 2 2 2 2 2 2 2 2 2
left_child=4 10 3 8 6 -6 7 -1 -3 -5 11 14 18 -13 15 -2 -16 -17 -12 21 -21 -20
right_child=1 2 -4 9 5 -7 -8 -9 -10 -11 12 13 -14 -15 16 17 -18 -19 19 20 -22 -23
leaf_value=-0.054341812789372182 -0.067634411278685649 0.069128285823333691 0.38347218907528519 0.025493010707112466 -0.057335292954752641 -0.025316000313178905 0.0069704910959039598 0.0011631993765614324 -0.0082865521474848707 0.20889685502920305 -0.01265627875934687 0.039765965569663032 -0.037787035205648675 0.58183290525900278 -0.075460750861185213 0.021164578173281615 -0.044462228373620648 0.61648721935017792 0.035114949455032025 0.042449011374297858 0.4294543286819712 -0.090053707230086585
leaf_weight=58 998 75 202 163 164 318 168 50 1077 96 4519 803 2222 199 51 781 963 223 375 1307 208 376
leaf_count=58 998 75 202 163 164 318 168 50 1077 96 4519 803 2222 199 51 781 963 223 375 1307 208 376
internal_value=-0.000271573 -3.94386e-05 0.00151422 0.000865113 -0.00470183 -0.00643224 -0.00155694 -0.00603982 4.5376e-05 0.004375 -0.000233691 0.000482849 -0.000555371 0.00331927 -0.00045763 0.000479571 -0.00231845 0.0030005 -6.18557e-05 0.001179 0.00271711 -0.00189815
internal_weight=15396 14638 1613 1411 758 482 276 108 1152 259 13025 4018 9007 1002 3016 2002 1014 1004 6785 2266 1515 751
internal_count=15396 14638 1613 1411 758 482 276 108 1152 259 13025 4018 9007 1002 3016 2002 1014 1004 6785 2266 1515 751
is_linear=0
shrinkage=0.035


Tree=156
num_leaves=23
num_cat=0
split_feature=9 22 15 12 12 11 15 20 21 20 25 10 20 1 9 15 15 15 22 9 21 25
split_gain=18.1222 4.16858 3.41884 4.38912 3.10761 4.06234 2.91916 2.82957 3.50563 5.55103 5.27937 3.32226 2.6933 3.78409 2.45743 2.99 6.7684 3.66224 2.52571 4.58022 2.21312 2.99909
threshold=0.40370370370370373 34795.000000000007 0.78416149068322993 0.54899847081191699 0.48865526070192983 0.42581531362632047 0.64495798319327746 26.500000000000004 2.5000000000000004 30.500000000000004 233.00000000000003 1.8898223650461381 1.5000000000000002 19.908514249778566 0.46547619047619054 0.4188596491228071 0.32738095238095244 0.31980519480519487 24335.000000000004 0.60791925465838526 2.5000000000000004 499.50000000000006
decision_type=2 2 2 2 2 2 2 2 2 2 2 2 2 2 2 2 2 2 2 2 2 2
left_child=1 4 -3 -4 5 -1 7 12 -9 10 -10 -12 13 -2 -14 16 17 -16 19 -17 21 -18
right_child=6 2 3 -5 -6 -7 -8 8 9 -11 11 -13 14 -15 15 18 20 -19 -20 -21 -22 -23
leaf_value=-0.0028750357450421406 0.033468228212335999 -0.055419540947265186 -0.024429940302217644 0.0050580558814258382 0.0026272412427767169 -0.048769861173136905 -0.049197173862868919 8.1097428733656337e-05 0.20627019496078819 -0.074078338458907822 -0.026639061575949551 0.22022182141389338 0.032290586724961899 0.89188798680849357 -0.0063722968073910207 -0.0049822159721341526 0.046336304886912774 -0.056622867078429881 0.022265197984688928 -0.067701234904047614 0.057617045475348162 -0.04778386524154956
leaf_weight=72 469 165 271 49 159 55 56 993 221 118 127 153 73 46 11566 240 82 93 73 183 99 61
leaf_count=72 469 165 271 49 159 55 56 993 221 118 127 153 73 46 11566 240 82 93 73 183 99 61
internal_value=-0.000379966 -0.00559278 -0.00757143 -0.00522308 -0.00210481 -0.00609848 -0.000102674 -6.9511e-05 0.00130952 0.00336538 0.00498024 0.00165789 -0.000242494 0.00222115 -0.000346493 -0.000386631 -0.000273392 -0.000396091 -0.00303892 -0.00408879 0.00545547 0.00236486
internal_weight=15424 771 485 320 286 127 14653 14597 1612 619 501 280 12985 515 12470 12397 11901 11659 496 423 242 143
internal_count=15424 771 485 320 286 127 14653 14597 1612 619 501 280 12985 515 12470 12397 11901 11659 496 423 242 143
is_linear=0
shrinkage=0.035


Tree=157
num_leaves=23
num_cat=0
split_feature=12 14 4 11 24 10 10 11 24 12 12 5 2 21 10 20 6 10 20 22 12 24
split_gain=13.3356 2.907 2.13235 2.37516 2.11193 3.483 3.25866 3.1904 5.24617 5.15955 4.28868 2.58033 2.31569 2.98642 2.29539 3.48598 2.0313 2.01197 1.9687 1.95852 6.17609 4.03845
threshold=0.54899847081191699 0.48076923076923084 0.8172201977397342 0.36313651960128163 9795.0000000000018 7.5671594595926246 11.493250581918259 3.138523957676306 11523.000000000002 4.848385629559175 4.3608446639554428 18.955902356631452 9.9001120243386893 1.5000000000000002 5.4902511001644685 7.5000000000000009 11.827380952380954 4.7509397566616842 26.500000000000004 28242.500000000004 5.067838959229559 6315.0000000000009
decision_type=2 2 2 2 2 2 2 2 2 2 2 2 2 2 2 2 2 2 2 2 2 2
left_child=1 -1 3 -3 6 7 19 10 14 12 -6 -7 13 -10 18 -16 -8 -15 -9 -2 21 -21
right_child=4 2 -4 -5 5 11 16 8 9 -11 -12 -13 -14 17 15 -17 -18 -19 -20 20 -22 -23
leaf_value=0.0060632763303153153 -0.0021203157414981535 -0.023574892391640033 -0.045989726373031836 -0.031393903877832162 0.001888570538587189 -0.20342751512781751 -0.065098400188774413 0.17589044110652227 0.19662560102166837 -0.21712289820968908 -0.32794182107933156 0.10476080792243921 -0.058614601195468449 0.089629124562330853 0.67057392172754537 -0.11296218919156333 0.56240682481370619 -0.10356805271140446 0.49341305880923148 -0.028905034702363407 -0.3172707950865436 -0.00077328026047458927
leaf_weight=73 7091 176 169 214 1039 190 46 613 57 133 80 57 285 210 64 135 99 51 72 1590 144 2848
leaf_count=73 7091 176 169 214 1039 190 46 613 57 133 80 57 285 210 64 135 99 51 72 1590 144 2848
internal_value=-0.000452205 -0.00541209 -0.00626773 -0.0046519 -0.000237524 0.000590939 -0.00044849 0.000956633 0.00194923 -0.000212551 -0.000467082 -0.00333333 0.00115132 0.00319659 0.00375984 0.000343137 0.00466667 0.00144737 0.00471739 -0.000515499 -0.00107968 -0.00083896
internal_weight=15436 632 559 390 14804 2986 11818 2739 1620 736 1119 247 603 318 884 199 145 261 685 11673 4582 4438
internal_count=15436 632 559 390 14804 2986 11818 2739 1620 736 1119 247 603 318 884 199 145 261 685 11673 4582 4438
is_linear=0
shrinkage=0.035


Tree=158
num_leaves=23
num_cat=0
split_feature=12 20 21 9 17 9 11 9 13 13 7 22 12 8 20 7 10 9 9 12 12 20
split_gain=17.9455 3.4865 4.49234 5.3007 3.8206 3.20568 4.42086 3.02774 2.44644 2.71508 2.87691 2.40087 3.43417 3.8544 2.38362 5.82411 4.6126 5.97026 4.62385 6.2352 2.7792 5.49692
threshold=0.48865526070192983 26.500000000000004 2.5000000000000004 16.5089783585499 1.0000000180025095e-35 0.36602870813397131 0.42581531362632047 27.707142857142859 0.46428571428571436 0.36666666666666675 1.1459071942171641 54348.000000000007 1.5118578920369092 1.2844387755102045 7.5000000000000009 24.357142857142858 4.9665548085837949 18.074005295944417 14.462912087912089 7.1843557144086043 6.6210252830050198 13.500000000000002
decision_type=2 2 2 2 2 2 2 2 2 2 2 2 2 2 2 2 2 2 2 2 2 2
left_child=5 7 -3 4 -4 6 -1 8 9 11 -11 14 13 -13 15 -2 17 -16 19 -18 21 -20
right_child=1 2 3 -5 -6 -7 -8 -9 -10 10 -12 12 -14 -15 16 -17 18 -19 20 -21 -22 -23
leaf_value=-0.022749771157932627 0.0037932221753701968 -0.00042074245251100712 0.077689448007996181 0.87108854014934889 -0.034777521381757312 0.00063178215944657454 -0.056236960553670341 0.28143667160877273 -0.01733982284197309 0.0050173874217188802 0.061776826312975271 -0.046084365148978734 -0.17346275828424443 0.013658601685926516 -0.0069754745660538129 0.58552150704179817 -0.01768596367183875 0.28941645173717395 -0.28169386585241668 2.3057293178467986 -0.24554911861207773 0.082884618484980882
leaf_weight=316 2995 1026 312 123 204 61 140 89 762 355 108 99 45 136 6484 156 323 478 151 45 706 298
leaf_count=316 2995 1026 312 123 204 61 140 89 762 355 108 99 45 136 6484 156 323 478 151 45 706 298
internal_value=-0.000325777 -0.000101007 0.00140419 0.00369565 0.00204894 -0.00670498 -0.00770607 -0.000292218 -0.000338126 -0.00021762 0.00239316 -0.000321491 -0.0035 -0.00160417 -0.000242032 0.000576679 -0.000548292 -0.00016327 -0.00229058 0.00107909 -0.00337931 -0.00115639
internal_weight=15412 14895 1665 639 516 517 456 13230 13141 12379 463 11916 280 235 11636 3151 8485 6962 1523 368 1155 449
internal_count=15412 14895 1665 639 516 517 456 13230 13141 12379 463 11916 280 235 11636 3151 8485 6962 1523 368 1155 449
is_linear=0
shrinkage=0.035


Tree=159
num_leaves=23
num_cat=0
split_feature=9 22 12 8 14 20 21 21 9 23 25 20 21 21 12 25 12 22 24 25 9 12
split_gain=14.7629 4.62034 2.72629 3.5779 2.60317 2.41061 5.19083 7.28555 7.7884 6.72094 6.14426 4.7989 10.76 6.50638 4.75449 7.96652 4.11802 4.24142 4.16463 4.09501 3.94388 3.88395
threshold=0.40370370370370373 34795.000000000007 0.48865526070192983 0.21488931231694783 0.75961538461538469 16.500000000000004 2.5000000000000004 3.5000000000000004 18.216862438801559 42000.000000000007 455.50000000000006 10.500000000000002 3.5000000000000004 3.5000000000000004 7.8875613280712829 166.00000000000003 3.4679179670884719 19263.000000000004 3291.5000000000005 729.50000000000011 3.7503880141252837 0.65861480268624806
decision_type=2 2 2 2 2 2 2 2 2 2 2 2 2 2 2 2 2 2 2 2 2 2
left_child=1 2 3 -1 -3 11 21 8 9 16 -11 12 -2 -13 15 -14 18 -18 -8 -15 -21 -7
right_child=5 4 -4 -5 -6 6 7 -9 -10 10 -12 13 14 19 -16 -17 17 -19 -20 20 -22 -23
leaf_value=0.0080024190869060399 -0.014935560281787216 -0.050442457163137278 0.0066254465056391479 -0.044517505701604725 -0.021953529167404982 0.065713158390285839 -0.042153854567312521 -0.010743745895760741 0.51509121424391291 0.16805357799901166 0.015514809351795595 -0.010647333101425601 -0.22069691504526484 -0.090774415768583971 0.67129958046713556 0.055127091646831133 0.095502992792335428 -0.17786904400032971 0.0559023301712065 0.14921456753865178 -0.14553194120702373 -0.011694701137207542
leaf_weight=69 3762 150 153 65 339 71 223 1253 248 364 258 2277 91 640 110 1053 72 100 594 48 53 3416
leaf_count=69 3762 150 153 65 339 71 223 1253 248 364 258 2277 91 640 110 1053 72 100 594 48 53 3416
internal_value=-0.000263397 -0.00495198 -0.00131849 -0.00491007 -0.00701417 -1.19552e-05 0.000482283 0.0015215 0.00291041 0.00199257 0.00482855 -0.000420139 0.00024049 -0.00152249 0.00304408 0.00233029 0.000176056 -0.00464689 0.00123479 -0.00436327 0.00198113 -0.000441008
internal_weight=15409 776 287 134 489 14633 6599 3112 1859 1611 622 8034 5016 3018 1254 1144 989 172 817 741 101 3487
internal_count=15409 776 287 134 489 14633 6599 3112 1859 1611 622 8034 5016 3018 1254 1144 989 172 817 741 101 3487
is_linear=0
shrinkage=0.035


Tree=160
num_leaves=23
num_cat=0
split_feature=12 20 15 9 21 4 20 10 25 25 9 8 10 4 4 4 12 12 8 20 21 10
split_gain=14.7716 4.0695 3.81378 3.65716 3.385 3.24011 3.22901 3.29648 2.41488 2.33406 2.74442 3.56217 2.32998 2.42027 2.16279 2.06146 2.36392 1.89781 5.31034 2.11006 6.51327 5.95621
threshold=0.57757224164425802 26.500000000000004 0.46291208791208799 27.707142857142859 2.5000000000000004 36.500000000000007 30.500000000000004 1.1338934190276835 248.50000000000003 106.50000000000001 16.000142857142858 17.685337025350446 0.95118973121134187 16.940434238785283 30.236721569975128 0.8172201977397342 0.37440003165503594 0.63727486250636911 0.50378643844840409 7.5000000000000009 3.5000000000000004 5.549455788842045
decision_type=2 2 2 2 2 2 2 2 2 2 2 2 2 2 2 2 2 2 2 2 2 2
left_child=2 3 -1 5 12 9 7 -6 -9 10 -2 -12 -3 -14 17 16 -4 -11 -19 20 -20 -21
right_child=1 4 15 -5 6 -7 -8 8 -10 14 11 -13 13 -15 -16 -17 -18 18 19 21 -22 -23
leaf_value=0.0090247867934492212 0.81000361449453673 0.042740484457897271 0.013814844353454193 0.30089854858460574 -0.0039790885850949659 -0.2723642890988518 -0.034422377830754698 0.23947038829079659 0.11454930573673554 0.01215104677740492 -0.3561939780076972 0.25820432753185291 -0.023632079169356113 0.27840473656548625 0.32369174240247461 -0.02905516633593494 -0.023645138737160714 -0.032102280720763404 -0.012243067399556936 -0.0046837961746902228 0.059154837435952123 -0.13392194584017589
leaf_weight=83 49 126 90 81 106 107 119 195 200 123 69 294 749 134 128 181 356 260 2421 7843 809 929
leaf_count=83 49 126 90 81 106 107 119 195 200 123 69 294 749 134 128 181 356 260 2421 7843 809 929
internal_value=-0.000300026 -6.05208e-05 -0.00521329 -0.000266809 0.00158507 -0.000315448 0.003612 0.0048419 0.0063 -0.000262568 0.00230815 0.0011413 0.000310651 -0.000315315 -0.000349497 -0.00614715 -0.00469512 -0.000398305 -0.00044367 -0.000333764 0.000427357 -0.000616099
internal_weight=15452 14742 710 13113 1629 13032 620 501 395 12925 412 363 1009 883 12513 627 446 12385 12262 12002 3230 8772
internal_count=15452 14742 710 13113 1629 13032 620 501 395 12925 412 363 1009 883 12513 627 446 12385 12262 12002 3230 8772
is_linear=0
shrinkage=0.035


Tree=161
num_leaves=23
num_cat=0
split_feature=8 22 15 9 9 24 10 5 20 20 10 20 24 15 13 24 9 8 22 9 8 10
split_gain=12.8227 4.33205 3.42538 3.56736 2.78915 2.86679 4.62149 2.52473 2.44125 2.14033 3.55201 3.36622 2.66491 2.11109 2.18017 2.03423 7.97145 4.1235 2.65573 5.36251 4.70842 2.11148
threshold=0.50378643844840409 34795.000000000007 0.78416149068322993 0.21433156976657955 27.707142857142859 9795.0000000000018 7.5671594595926246 18.955902356631452 10.500000000000002 6.5000000000000009 1.7182493859684496 24.500000000000004 15110.000000000002 0.72111111111111115 0.73214285714285732 8654.0000000000018 2.2594012527089604 8.8778565857855565 39092.000000000007 2.7874516916347951 7.0714378891742369 2.2886885410853224
decision_type=2 2 2 2 2 2 2 2 2 2 2 2 2 2 2 2 2 2 2 2 2 2
left_child=1 13 -3 -4 5 15 9 -8 -6 10 -7 -11 -13 -1 -15 21 -17 18 20 -20 -18 -2
right_child=4 2 3 -5 8 6 7 -9 -10 11 -12 12 -14 14 -16 16 17 -19 19 -21 -22 -23
leaf_value=-0.022646845703407213 -0.0089754106042054908 -0.047028522903279892 -0.021668675198916708 0.0078179649272873495 -0.018502109968640497 -0.15002934011658514 -0.25908624696321869 0.095208123052152316 0.4310744683052663 -0.00051638781639560714 0.14408502627397499 0.1694740246727581 -0.09949331812202282 0.055426023010653663 -0.012929144412131711 0.083193647458105327 0.074494321956668524 -0.45969902919399153 -0.019339469239991535 -0.18591151577061438 -0.073219045557296136 0.010550982823288636
leaf_weight=423 5695 180 265 61 48 45 178 57 48 1665 497 427 92 55 69 178 192 69 238 73 236 4586
leaf_count=423 5695 180 265 61 48 45 178 57 48 1665 497 427 92 55 69 178 192 69 238 73 236 4586
internal_value=-0.00035041 -0.004069 -0.00640411 -0.004071 -7.44993e-05 -0.000116806 0.000849629 -0.00379167 0.00571782 0.00126236 0.00323126 0.000759479 0.00320611 -0.00183877 0.00203488 -0.000372605 -0.00188951 -0.00337946 -0.00254032 -0.00498418 -0.000687067 -0.000224577
internal_weight=15377 1053 506 326 14324 14228 2961 235 96 2726 542 2184 519 547 124 11267 986 808 739 311 428 10281
internal_count=15377 1053 506 326 14324 14228 2961 235 96 2726 542 2184 519 547 124 11267 986 808 739 311 428 10281
is_linear=0
shrinkage=0.035


Tree=162
num_leaves=23
num_cat=0
split_feature=12 9 11 7 25 8 22 9 9 21 11 9 12 10 10 10 22 9 11 11 0 9
split_gain=16.037 2.86524 4.33465 3.16326 3.01584 6.09003 3.57127 6.20169 3.83071 3.37976 3.2289 3.32315 3.3862 2.61815 2.81483 2.55059 2.5424 2.52795 3.24763 3.91548 3.34251 2.83763
threshold=0.46454078355228479 7.7692754686766738 3.410164810264694 8.2793986829086421 455.50000000000006 18.145253313201852 22034.500000000004 13.312221499828377 12.324988176330232 3.5000000000000004 4.3221891075378336 16.646428571428576 5.067838959229559 2.0354009783964337 3.6253078686998577 3.9880774697543058 47334.500000000007 9.0121317021009091 4.4002996900935516 2.980246285029104 10.117143261012473 10.508507269154792
decision_type=2 2 2 2 2 2 2 2 2 2 2 2 2 2 2 2 2 2 2 2 2 2
left_child=-1 2 15 13 17 6 7 -6 -8 -7 -9 12 -12 -3 -15 -2 -4 -5 19 20 -19 -20
right_child=1 3 16 4 5 9 8 10 -10 -11 11 -13 -14 14 -16 -17 -18 18 21 -21 -22 -23
leaf_value=-0.038524515680887751 -0.0045236577350019321 0.32055475209109746 -0.11882236213402408 -0.066731229251423732 0.65828067485582287 -0.53066294524145818 -0.032860801602908656 -0.31858589056131648 -0.26285739041112838 -0.078792178200244298 0.072514536302599533 -0.089733305242751207 0.82461204054137671 0.0088937627619875316 0.24826821875102911 0.15118395260022105 0.14315001543986491 0.22252621932413955 -0.22217644311829335 0.16691040956780293 -0.15786905875191154 0.022061386232212217
leaf_weight=443 8438 113 323 258 58 76 735 90 79 68 76 84 62 352 84 47 61 82 73 900 168 2738
leaf_count=443 8438 113 323 258 58 76 735 90 79 68 76 84 62 352 84 47 61 82 73 900 168 2738
internal_value=-0.000271362 -7.48163e-05 -0.000477237 0.000507704 0.000252161 -0.00119467 -0.00033852 0.00247333 -0.0016453 -0.00786913 0.000386435 0.00269824 0.0059965 0.00303249 0.00170635 -0.000309187 -0.00409383 0.000712595 0.000935451 0.0025 -0.00130392 0.000285866
internal_weight=15408 14965 8869 6096 5547 1328 1184 370 814 144 312 222 138 549 436 8485 384 4219 3961 1150 250 2811
internal_count=15408 14965 8869 6096 5547 1328 1184 370 814 144 312 222 138 549 436 8485 384 4219 3961 1150 250 2811
is_linear=0
shrinkage=0.035


Tree=163
num_leaves=23
num_cat=0
split_feature=12 20 21 20 25 9 15 21 22 9 8 14 10 8 8 25 14 25 15 10 21 20
split_gain=13.427 3.17796 3.97293 5.29374 4.06633 3.40036 5.60708 3.25231 2.96342 3.87043 3.67473 3.34816 3.73564 2.98071 4.2564 6.56397 3.65661 3.274 5.7725 3.15534 3.07472 2.95929
threshold=0.46454078355228479 26.500000000000004 2.5000000000000004 30.500000000000004 455.50000000000006 0.8377192982456142 0.32738095238095244 3.5000000000000004 54348.000000000007 1.6793160786581842 1.3448453054809033 0.26136363636363641 1.2724180205607036 3.0003337402748032 2.2857533289599181 381.00000000000006 1.0000000180025095e-35 600.00000000000011 0.051315789473684217 2.0586634591635535 1.5000000000000002 14.500000000000002
decision_type=2 2 2 2 2 2 2 2 2 2 2 2 2 2 2 2 2 2 2 2 2 2
left_child=-1 5 -3 4 -4 7 8 -2 11 10 -10 13 -13 14 15 -7 -15 19 -19 -18 -16 -22
right_child=1 2 3 -5 -6 6 -8 -9 9 -11 -12 12 -14 16 20 -17 17 18 -20 -21 21 -23
leaf_value=-0.037176157632056672 -0.011955948855235736 -0.0039683116878186913 0.13142792222412095 -0.051486208672998725 0.0018781794198325487 -0.019932456325755726 0.021665234721876578 -0.032401434526154023 -0.079919722517491312 -0.20604959148932497 0.013432005258511346 -0.0036811127679340408 0.07795461314928262 -0.0054180353514006194 -0.082535699749445413 0.052600053257286311 -0.05294104454114603 0.20737823970615418 0.030944595019901551 0.040941637886735376 -0.042935011672705879 0.0027316845567275298
leaf_weight=435 737 1028 362 126 147 1092 272 221 124 49 113 184 171 7959 375 346 157 89 134 175 543 548
leaf_count=435 737 1028 362 126 147 1092 272 221 124 49 113 184 171 7959 375 346 157 89 134 175 543 548
internal_value=-0.000336538 -0.000157953 0.00127998 0.00344531 0.00503891 -0.000339627 -0.000181582 -0.00234424 -0.000295922 -0.00378866 -0.00173554 -0.000208015 0.00311111 -0.000314059 -0.00128137 6.06376e-05 1.43796e-05 0.00275 0.00598684 0.000467359 -0.00260537 -0.00162865
internal_weight=15387 14952 1663 635 509 13289 12331 958 12059 286 237 11773 355 11418 2904 1438 8514 555 223 332 1466 1091
internal_count=15387 14952 1663 635 509 13289 12331 958 12059 286 237 11773 355 11418 2904 1438 8514 555 223 332 1466 1091
is_linear=0
shrinkage=0.035


Tree=164
num_leaves=23
num_cat=0
split_feature=12 20 21 25 21 9 9 9 11 9 9 11 25 25 12 20 21 21 8 15 22 10
split_gain=15.0279 4.01386 4.99604 8.58166 6.49526 4.7548 4.18712 8.34447 7.38756 6.15165 5.65725 4.27312 3.89005 8.47559 3.86314 3.51764 7.59222 7.5917 3.88867 3.70681 5.07203 3.6401
threshold=0.46454078355228479 18.500000000000004 2.5000000000000004 233.00000000000003 1.5000000000000002 18.385164835164836 11.470238095238097 2.1787756300286607 0.81836546217389927 2.5357338073371021 9.0121317021009091 2.6946022679082557 421.00000000000006 248.50000000000003 6.8727569651421678 10.500000000000002 3.5000000000000004 3.5000000000000004 0.36038961038961043 0.17752100840336138 5643.5000000000009 1.2535663410560174
decision_type=2 2 2 2 2 2 2 2 2 2 2 2 2 2 2 2 2 2 2 2 2 2
left_child=-1 15 4 -4 12 -5 7 8 -6 -9 11 -11 13 -3 -7 16 18 -17 -2 -20 -21 -22
right_child=1 2 3 5 6 14 -8 9 -10 10 -12 -13 -14 -15 -16 17 -18 -19 19 20 21 -23
leaf_value=-0.027655300529505541 -0.045923093719066908 0.034326774058468339 0.098141698525806551 -0.008995238686366475 0.014152371866371968 0.43949992476228306 -0.18577246358165264 0.14281898239043797 -0.060989101056211983 0.0057391150768434686 0.19425390918006644 -0.11940945903917674 0.060967658029309021 -0.072789721340427008 0.089313323287108601 -0.0090424839999931807 0.041739957175966132 -0.069119692447390454 -0.032719556204534116 -0.030735158296166607 0.0054429452416859371 0.079751800352912919
leaf_weight=456 81 753 1132 1427 97 52 366 108 291 293 119 150 596 300 82 3076 1264 1036 3126 98 353 189
leaf_count=456 81 753 1132 1427 97 52 366 108 291 293 119 150 596 300 82 3076 1264 1036 3126 98 353 189
internal_value=-0.000342071 -0.000149393 0.000573124 0.00167346 -0.000386615 0 -0.00211861 -0.000971308 -0.00503181 0.00137407 -9.25926e-05 -0.00195313 0.00110036 -0.000165406 0.00616906 -0.000603056 6.84128e-06 -0.00136446 -0.00076324 -0.000589366 0.00181783 0.00316728
internal_weight=15445 14989 5766 2693 3073 1561 1424 1058 388 670 562 443 1649 1053 134 9223 5111 4112 3847 3766 640 542
internal_count=15445 14989 5766 2693 3073 1561 1424 1058 388 670 562 443 1649 1053 134 9223 5111 4112 3847 3766 640 542
is_linear=0
shrinkage=0.035


Tree=165
num_leaves=23
num_cat=0
split_feature=9 23 15 15 13 20 9 7 9 4 9 24 9 21 11 14 5 13 9 15 14 15
split_gain=11.1675 3.56803 4.13625 3.03709 2.87359 2.7672 4.20438 2.46291 2.41335 2.55756 2.37249 2.03664 6.94651 3.67499 4.36488 4.12487 2.88996 3.98173 2.71091 2.45932 2.23405 3.20142
threshold=0.40370370370370373 40250.000000000007 0.78416149068322993 0.68139097744360921 0.63333333333333341 26.500000000000004 21.459415584415588 0.26527786914775114 27.707142857142859 36.500000000000007 0.21433156976657955 1706.5000000000002 4.2361111111111116 3.5000000000000004 1.8883680959850138 1.0000000180025095e-35 2.071354073411388 0.15476190476190479 0.53708791208791218 0.13961038961038963 0.70714285714285718 0.32738095238095244
decision_type=2 2 2 2 2 2 2 2 2 2 2 2 2 2 2 2 2 2 2 2 2 2
left_child=1 3 -3 4 -1 8 -7 -5 9 11 -4 12 13 16 19 -16 18 -18 -2 -15 21 -13
right_child=5 2 10 7 -6 6 -8 -9 -10 -11 -12 20 -14 14 15 -17 17 -19 -20 -21 -22 -23
leaf_value=-0.05410039906470334 0.014765003525009993 -0.041959434946536395 -0.017292812482468875 -0.022909446225269914 0.0029051789026622202 0.015742291072701635 0.93661864798177186 0.032377454619949148 0.22190915588780175 -0.31489145178427097 0.0091964842084444956 -0.0043524997985097793 -0.41921731684970975 -0.13122862270244207 -0.016415065038841378 0.16180962899950771 -0.02741195165560183 0.043688011627070901 -0.059945386334356546 0.014179204768396609 -0.035107937402694411 0.016249143916719038
leaf_weight=63 89 166 260 84 45 1543 88 91 94 107 61 11027 51 45 45 62 328 109 351 97 47 547
leaf_count=63 89 166 260 84 45 1543 88 91 94 107 61 11027 51 45 45 62 328 109 351 97 47 547
internal_value=-0.000353294 -0.00444839 -0.00626016 -0.00121528 -0.00573009 -0.000135121 0.00121944 0.00155556 -0.000306829 -0.000349729 -0.00375767 -0.000302078 -0.00168782 -0.00106764 0.00261811 0.0078125 -0.00214286 -7.91855e-05 -0.00412921 -0.00130952 -0.000159556 -0.000125443
internal_weight=15400 770 487 283 108 14630 1631 175 12999 12905 321 12798 1177 1126 249 107 877 437 440 142 11621 11574
internal_count=15400 770 487 283 108 14630 1631 175 12999 12905 321 12798 1177 1126 249 107 877 437 440 142 11621 11574
is_linear=0
shrinkage=0.035


Tree=166
num_leaves=23
num_cat=0
split_feature=9 22 15 15 20 20 21 21 21 21 21 9 23 24 22 22 22 26 21 21 11 10
split_gain=13.3541 4.78206 3.40542 2.77635 2.28274 5.30905 8.26213 6.26351 4.23854 7.63565 7.45139 9.60705 5.46035 4.60506 5.54763 5.23155 4.28457 4.21953 4.05699 9.31942 4.54768 3.73245
threshold=0.40370370370370373 34795.000000000007 0.71714285714285719 0.64495798319327746 16.500000000000004 10.500000000000002 1.5000000000000002 3.5000000000000004 2.5000000000000004 1.5000000000000002 3.5000000000000004 18.216862438801559 42000.000000000007 3555.0000000000005 10086.000000000002 47334.500000000007 44839.000000000007 1.0000000180025095e-35 3.5000000000000004 2.5000000000000004 5.5564981728356617 0.95118973121134187
decision_type=2 2 2 2 2 2 2 2 2 2 2 2 2 2 2 2 2 2 2 2 2 2
left_child=1 3 -3 -1 5 6 -2 -7 9 13 11 12 -10 14 -6 17 -14 -15 19 -8 21 -21
right_child=4 2 -4 -5 8 7 18 -9 10 -11 -12 -13 16 15 -16 -17 -18 -19 -20 20 -22 -23
leaf_value=-0.042514539311010784 -0.070705836542023615 -0.042370876551189623 -0.01668756404558247 0.0028167765268903369 0.0039619990525693186 -0.012922745633577143 0.032709474453302079 -0.077451207097073288 0.00061540722192695804 -0.033662723370644923 -0.015304866606485883 0.49299253097639029 0.15418082580827477 -0.050345150865471387 0.13899141728348488 0.13481652609777273 0.058047730017227621 0.13837207827444883 0.051994770477992461 -0.063117351678596917 -0.30327667720970913 -0.013163213983953172
leaf_weight=59 1237 64 428 232 299 2248 1262 732 1005 1666 1244 250 182 845 258 253 428 195 1226 175 81 1020
leaf_count=59 1237 64 428 232 299 2248 1262 732 1005 1666 1244 250 182 845 258 253 428 195 1226 175 81 1020
internal_value=-0.00040243 -0.00484137 -0.00693662 -0.00118243 -0.000161693 -0.000560982 0.000132841 -0.00172948 0.000316742 -0.000511928 0.00125883 0.00265775 0.00164198 0.0010283 0.00367438 -0.000107858 0.00423984 -0.00122249 0.000951844 0.000144514 -0.00195355 -0.00137083
internal_weight=15389 783 492 291 14606 7981 5001 2980 6625 3516 3109 1865 1615 1850 557 1293 610 1040 3764 2538 1276 1195
internal_count=15389 783 492 291 14606 7981 5001 2980 6625 3516 3109 1865 1615 1850 557 1293 610 1040 3764 2538 1276 1195
is_linear=0
shrinkage=0.035


Tree=167
num_leaves=23
num_cat=0
split_feature=9 22 15 15 9 3 11 9 8 10 20 9 8 20 20 5 15 13 1 7 9 9
split_gain=14.42 4.36128 4.24213 2.91012 2.72759 2.3519 3.3636 3.32142 3.25591 3.03385 3.79745 2.87048 2.3436 2.21648 2.27667 2.2705 2.15415 2.2939 2.10162 2.16439 1.95127 3.3369
threshold=0.40370370370370373 34795.000000000007 0.78416149068322993 0.64495798319327746 0.21433156976657955 16.940434238785283 5.5564981728356617 27.707142857142859 19.503725362710224 11.493250581918259 8.5000000000000018 24.803571428571434 26.791727044093815 16.500000000000004 9.5000000000000018 29.450702392131813 0.68139097744360921 0.58571428571428574 22.052447947677845 17.859693877551024 16.361582263013812 18.216862438801559
decision_type=2 2 2 2 2 2 2 2 2 2 2 2 2 2 2 2 2 2 2 2 2 2
left_child=1 16 -3 5 -4 18 8 9 -7 12 -11 -10 13 14 -8 20 17 -1 -2 -20 -15 -22
right_child=3 2 4 -5 -6 6 7 -9 11 10 -12 -13 -14 15 -16 -17 -18 -19 19 -21 21 -23
leaf_value=-0.03652016417613782 -0.00097246091321306243 -0.038904487860687828 -0.016103499303987086 -0.044075716138866516 0.0086997971197901851 0.0705292368193986 0.012064247551763857 0.23077356194735163 0.66790259887257952 0.76919307703577411 -0.078888493069399462 -0.16580403081544434 -0.23319567958025988 0.37408000031935534 -0.21172227465075191 0.5657420471017951 0.0093305279062556052 0.0027049104626278766 0.14215384970594053 -0.28006706797657505 -0.29207951547192257 0.036885365379822593
leaf_weight=57 12008 167 264 58 66 602 277 57 237 69 59 46 66 51 288 72 172 53 86 253 71 355
leaf_count=57 12008 167 264 58 66 602 277 57 237 69 59 46 66 51 288 72 172 53 86 253 71 355
internal_value=-0.000241434 -0.00486607 -0.00683267 4.7749e-06 -0.00433582 3.83509e-05 0.00107871 0 0.00275281 -0.000386519 0.00460526 0.00583333 -0.000959916 -0.000547364 -0.00208772 0.00101083 -0.00128049 -0.00502174 -0.000150178 -0.00284884 7.26141e-05 -0.000690255
internal_weight=15434 779 497 14655 330 14597 2250 1365 885 1308 128 283 1180 1114 565 549 282 110 12347 339 477 426
internal_count=15434 779 497 14655 330 14597 2250 1365 885 1308 128 283 1180 1114 565 549 282 110 12347 339 477 426
is_linear=0
shrinkage=0.035


Tree=168
num_leaves=23
num_cat=0
split_feature=12 12 21 11 24 9 11 22 24 24 12 9 8 11 11 22 11 9 22 12 21 20
split_gain=16.9629 3.4076 3.43757 5.11488 3.53821 5.534 3.35981 3.23835 4.14371 5.45343 5.47062 5.06983 4.9301 4.34995 4.0299 6.23078 6.8832 4.20972 9.22873 5.7435 5.00898 3.9872
threshold=0.46454078355228479 0.82361122168980294 2.5000000000000004 0.42487512300579616 4685.0000000000009 0.50705008623763181 0.77047627013031572 15527.500000000002 4472.0000000000009 4163.5000000000009 1.0842217005819286 7.0717367670185665 2.0714541544120011 3.9900389529484266 1.1094252342038535 17236.500000000004 1.4878475632989014 2.5357338073371021 24335.000000000004 1.3495616193990727 2.5000000000000004 1.5000000000000002
decision_type=2 2 2 2 2 2 2 2 2 2 2 2 2 2 2 2 2 2 2 2 2 2
left_child=-1 2 4 -4 5 -2 -3 -8 9 11 -11 14 -12 -13 -9 16 -16 19 -19 -17 -20 -10
right_child=1 6 3 -5 -6 -7 7 8 21 10 12 13 -14 -15 15 17 -18 18 20 -21 -22 -23
leaf_value=-0.035412894418399198 0.037883399986023594 0.031375015964382649 0.016004285466812217 -0.028326915947079447 -0.018405097946309294 -0.012138165509424809 0.021461732095380201 0.03451591391807373 0.16169965638653624 -0.060041295934857485 0.0015992104604504044 -0.27517519950874059 -0.091430630680095715 0.034270646454239828 -0.0089791026670111591 -0.059381285772626281 -0.17479238680010295 0.01480968533514183 -0.20794391341900154 0.072587654479313618 -0.034822637454672435 -0.0011316848085425059
leaf_weight=438 175 190 51 415 101 176 2999 390 283 170 299 64 107 47 145 175 95 795 160 386 173 7616
leaf_count=438 175 190 51 415 101 176 2999 390 283 170 299 64 107 47 145 175 95 795 160 386 173 7616
internal_value=-0.000320446 -0.000120031 -0.00218039 -0.00427282 0 0.00167135 1.36535e-05 -4.90689e-05 -0.000330431 -0.00143557 -0.00448795 -0.000697125 -0.00217153 -0.00784483 -0.000331325 -0.000995346 -0.00621429 -0.000227273 -0.00146734 0.00222615 -0.00631657 8.85628e-05
internal_weight=15450 15012 918 466 452 351 14094 13904 10905 3006 576 2430 406 111 2319 1929 240 1689 1128 561 333 7899
internal_count=15450 15012 918 466 452 351 14094 13904 10905 3006 576 2430 406 111 2319 1929 240 1689 1128 561 333 7899
is_linear=0
shrinkage=0.035


Tree=169
num_leaves=23
num_cat=0
split_feature=12 15 11 20 21 25 21 20 21 21 12 25 21 21 10 12 15 22 25 12 9 25
split_gain=14.7563 3.99807 3.6112 2.49129 4.45573 9.99636 5.47017 3.80602 8.21192 5.07647 4.9908 5.20581 4.72247 9.83837 4.75093 4.3709 4.28233 5.7708 4.06118 4.12199 3.69489 4.45408
threshold=0.48865526070192983 0.60357142857142865 0.42581531362632047 16.500000000000004 2.5000000000000004 233.00000000000003 3.5000000000000004 9.5000000000000018 3.5000000000000004 3.5000000000000004 7.7792375936535905 166.00000000000003 2.5000000000000004 1.5000000000000002 0.61459060367448182 4.848385629559175 0.069047619047619066 31797.000000000004 729.50000000000011 2.1343541161883 21.90097402597403 191.00000000000003
decision_type=2 2 2 2 2 2 2 2 2 2 2 2 2 2 2 2 2 2 2 2 2 2
left_child=1 -1 -3 7 -5 6 20 8 12 -9 11 -10 13 -2 -14 16 17 -16 -11 -20 21 -6
right_child=3 2 -4 4 5 -7 -8 9 10 18 -12 -13 14 -15 15 -17 -18 -19 19 -21 -22 -23
leaf_value=0.0072339557383805696 -0.066173984500660352 -0.014300425523703557 -0.044272709493098493 -0.0080465153005678403 0.028926617437064286 -0.0099914672604736222 0.014736364599111306 -0.0097213457775837502 -0.23774057943065902 -0.068249032702368387 0.58301331188681482 0.042452556966923766 -0.05135458991685337 0.044133098628815232 0.14344975457732706 -0.25824300903342789 -0.066585586564470625 -0.0396203884939434 0.14682098294129106 -0.087204839987841051 0.98378195821662573 0.12146317295313165
leaf_weight=62 1101 309 149 3619 337 1807 549 2723 69 775 116 952 84 1156 196 252 348 291 53 65 93 420
leaf_count=62 1101 309 149 3619 337 1807 549 2723 69 775 116 952 84 1156 196 252 348 291 53 65 93 420
internal_value=-0.000397753 -0.00616667 -0.00729482 -0.000194691 0.000297218 0.00124805 0.0034651 -0.000607134 6.12691e-05 -0.00145471 0.00263573 0.00180799 -0.000790125 0.000139257 -0.00258929 -0.00192308 -0.000666667 0.00142276 -0.00374165 0.00213415 0.0052193 0.00431759
internal_weight=15526 520 458 15006 6825 3206 1399 8181 4565 3616 1137 1021 3428 2257 1171 1087 835 487 893 118 850 757
internal_count=15526 520 458 15006 6825 3206 1399 8181 4565 3616 1137 1021 3428 2257 1171 1087 835 487 893 118 850 757
is_linear=0
shrinkage=0.035


Tree=170
num_leaves=23
num_cat=0
split_feature=8 22 20 22 10 7 20 20 10 10 6 8 8 9 23 24 14 13 24 7 10 9
split_gain=13.8331 4.1562 2.40707 2.69923 3.39446 3.28872 2.37253 5.10765 4.4123 3.92395 3.276 3.47028 3.66113 2.57291 2.4251 4.1895 3.0941 4.55671 2.81693 4.66357 2.38348 3.09263
threshold=0.43235786701983264 34795.000000000007 26.500000000000004 47334.500000000007 0.57735026918962573 18.451115397679409 8.5000000000000018 14.500000000000002 11.493250581918259 3.0783421635988559 4.0135033199247925 2.2857533289599181 0.5723960849627322 26.740818000982234 37400.000000000007 4019.0000000000005 0.20714285714285716 1.0000000180025095e-35 8120.5000000000009 12.146075006129591 1.1338934190276804 0.60791925465838526
decision_type=2 2 2 2 2 2 2 2 2 2 2 2 2 2 2 2 2 2 2 2 2 2
left_child=1 -1 6 4 -4 -6 8 9 -2 10 11 12 -8 14 15 -9 17 18 19 -16 21 -17
right_child=2 -3 3 -5 5 -7 7 13 -10 -11 -12 -13 -14 -15 16 20 -18 -19 -20 -21 -22 -23
leaf_value=-0.014687276208512616 0.0054148140239364479 -0.013799910630373939 0.094642395781371291 0.12573563072900415 -0.005416926689492208 0.30326927260917302 -0.042708562309390324 0.0035800396265833361 0.70530787818695873 -0.11133688281303468 0.014084822318785514 -0.05642917794612988 0.0060082435082182278 0.43809886325274766 0.095672132067591745 0.016725799640002259 -0.036472403233474823 0.071096638199890816 -0.0019486257139775811 -0.21425523592316809 -0.028621046209302965 -0.06134040354045299
leaf_weight=396 3932 488 47 216 1160 189 50 2114 85 1210 869 439 444 46 554 45 215 243 1602 60 857 241
leaf_count=396 3932 488 47 216 1160 189 50 2114 85 1210 869 439 444 46 554 45 215 243 1602 60 857 241
internal_value=-0.000308087 -0.00454724 -4.90665e-05 0.00122294 0.000637045 0.000284343 -0.000208477 -0.00052535 0.000496022 -0.00169954 -0.000648866 -0.00208955 -3.50701e-05 6.43597e-05 0 -0.000643777 0.000777342 0.00113636 0.000622467 0.00262924 -0.00234756 -0.00511168
internal_weight=15502 884 14618 1612 1396 1349 13006 8989 4017 3012 1802 933 494 5977 5931 3257 2674 2459 2216 614 1143 286
internal_count=15502 884 14618 1612 1396 1349 13006 8989 4017 3012 1802 933 494 5977 5931 3257 2674 2459 2216 614 1143 286
is_linear=0
shrinkage=0.035


Tree=171
num_leaves=23
num_cat=0
split_feature=12 9 21 15 20 25 22 20 20 21 21 22 21 21 9 23 25 12 22 11 25 15
split_gain=13.3736 3.32469 4.14067 3.14441 3.0764 2.88388 2.66448 2.64358 5.43153 6.81308 6.19641 3.71315 3.33012 6.568 7.97103 6.23751 6.38287 4.20887 4.95268 3.4402 3.12064 3.0965
threshold=0.46454078355228479 0.8377192982456142 3.5000000000000004 0.32738095238095244 17.500000000000004 294.00000000000006 17834.500000000004 16.500000000000004 10.500000000000002 3.5000000000000004 3.5000000000000004 5643.5000000000009 2.5000000000000004 3.5000000000000004 18.216862438801559 42000.000000000007 455.50000000000006 3.5001385572150507 19263.000000000004 2.0821058655036846 106.50000000000001 0.21240601503759401
decision_type=2 2 2 2 2 2 2 2 2 2 2 2 2 2 2 2 2 2 2 2 2 2
left_child=5 2 -2 7 -5 -1 -6 8 9 20 -10 -11 -9 14 15 17 -17 19 -19 -14 -3 -12
right_child=1 3 -4 4 6 -7 -8 12 10 11 21 -13 13 -15 -16 16 -18 18 -20 -21 -22 -23
leaf_value=-0.035078770468365612 -0.0076018446353805441 0.4620210644893008 -0.025665601721670588 0.040289176114015987 0.034742135333282374 -0.001081632046321619 -0.022868888723173685 -0.0040141531872823506 -0.015089870226499047 0.21691512288492801 -0.10443239374714211 0.047574604637991846 -0.01110787881204109 -0.011659549306461053 0.50563404099141829 0.14154405443611515 0.00043696967943098743 0.084818436198530744 -0.15715019004179512 0.18531010072767967 -0.019532100196722624 0.017941110060204376
leaf_weight=371 864 120 228 174 47 88 94 3262 2065 86 667 1097 476 1198 237 350 247 68 89 257 3293 46
leaf_count=371 864 120 228 174 47 88 94 3262 2065 86 667 1097 476 1198 237 350 247 68 89 257 3293 46
internal_value=-0.00025747 -7.48163e-05 -0.00193026 7.06154e-05 0.0035 -0.00610991 -0.000239726 -9.03193e-06 -0.000457718 0.000277657 -0.00167894 0.00256313 0.000523106 0.00138111 0.00276316 0.00178284 0.00453488 -5.86592e-05 -0.00518519 0.00104336 -0.000511995 -0.00448468
internal_weight=15424 14965 1092 13873 315 459 141 13558 7374 4596 2778 1183 6184 2922 1724 1487 597 890 157 733 3413 713
internal_count=15424 14965 1092 13873 315 459 141 13558 7374 4596 2778 1183 6184 2922 1724 1487 597 890 157 733 3413 713
is_linear=0
shrinkage=0.035


Tree=172
num_leaves=23
num_cat=0
split_feature=12 25 21 12 9 10 15 22 25 11 9 8 8 12 10 9 27 10 20 20 20 21
split_gain=11.9374 3.67039 4.94428 2.76767 4.8355 3.17617 2.76202 5.34317 3.52634 2.95564 4.80189 4.20214 2.91447 4.28311 3.72971 3.41457 6.33653 3.26107 2.82329 3.8814 4.59314 6.23009
threshold=0.57757224164425802 294.00000000000006 2.5000000000000004 0.63727486250636911 0.75614179818437999 0.8997354108424388 0.19615384615384621 54348.000000000007 180.50000000000003 0.90860567228300571 2.748426913839737 3.0003337402748032 2.2857533289599181 1.4120567354281885 0.97590007294853442 2.1173161401228175 3.5000000000000004 1.9880595947760116 1.5000000000000002 16.500000000000004 10.500000000000002 1.5000000000000002
decision_type=2 2 2 2 2 2 2 2 2 2 2 2 2 2 2 2 2 2 2 2 2 2
left_child=1 -1 -3 -2 5 -5 7 9 -8 10 -6 12 13 15 -15 -11 -17 -16 -13 20 21 -20
right_child=3 2 -4 4 6 -7 8 -9 -10 11 -12 18 -14 14 17 16 -18 -19 19 -21 -22 -23
leaf_value=-0.016005598180426239 0.012478450698835675 0.035728050747620227 -0.025525410172483519 -0.010380861932821058 0.051049794579215005 -0.039035494443988177 0.16525810658063583 -0.086098903061973653 0.0074412665293179898 -0.04293425028018881 -0.045128849121041648 0.14958568521335755 -0.02816842079161937 -0.063973235444614862 0.066540117213210598 0.084824906235348482 -0.06072758178945558 -0.051547482412097813 -0.10815732117304237 0.027283997888921194 -0.044701688912508614 0.031034125871492579
leaf_weight=543 152 84 88 450 151 168 49 96 1255 514 48 374 1610 101 371 99 93 85 769 4191 1964 2209
leaf_count=543 152 84 88 450 151 168 49 96 1255 514 48 374 1610 101 371 99 93 85 769 4191 1964 2209
internal_value=-0.000265854 -0.00466667 -9.88701e-05 -4.9817e-05 -0.000100671 -0.00311798 3.25372e-05 -0.000124211 0.00156417 -5.84075e-05 0.00411765 -0.000128583 -0.00130125 -2.76025e-05 0.00224199 -0.00184599 0.00204315 0.00360629 0.000224453 9.95842e-05 -0.000562462 0.000299195
internal_weight=15464 715 172 14749 14597 618 13979 12675 1304 12579 199 12380 2873 1263 557 706 192 456 9507 9133 4942 2978
internal_count=15464 715 172 14749 14597 618 13979 12675 1304 12579 199 12380 2873 1263 557 706 192 456 9507 9133 4942 2978
is_linear=0
shrinkage=0.035


Tree=173
num_leaves=23
num_cat=0
split_feature=12 6 6 25 20 25 10 9 24 23 9 12 24 9 12 12 7 20 10 20 9 10
split_gain=12.6338 2.85687 2.49645 3.75201 2.49624 2.29236 3.91379 3.26328 2.32647 2.31151 5.72439 5.88547 2.70018 9.23934 3.45963 6.44485 3.41963 3.15193 3.00771 2.79757 3.31777 4.19266
threshold=0.46454078355228479 19.021343143503419 4.8281303029948344 294.00000000000006 25.500000000000004 106.50000000000001 7.4354363883846331 16.000142857142858 9795.0000000000018 62950.000000000007 9.5893784702334361 2.4250674389462761 11523.000000000002 13.720201117958425 4.3608446639554428 3.9879809966218258 8.5703912678374952 14.500000000000002 1.6183471874253759 7.5000000000000009 16.789456666317523 5.4902511001644685
decision_type=2 2 2 2 2 2 2 2 2 2 2 2 2 2 2 2 2 2 2 2 2 2
left_child=2 5 -1 -4 -3 7 8 -2 -7 12 11 -11 13 -10 15 16 17 18 -14 -15 -21 -22
right_child=1 4 3 -5 -6 6 -8 -9 9 10 -12 -13 14 19 -16 -17 -18 -19 -20 20 21 -23
leaf_value=-0.035550102622058842 0.86090857948709276 0.038716785441051088 -0.011528960855603138 0.027072941359808835 0.25437213173807138 -0.0042794872857533413 -0.13972993166182107 0.10106556332245334 1.2481470310042895 -0.15873920095191485 -0.10727938542306846 0.13624758812107687 -0.15484008415718623 0.62059780257679709 -0.27299539685585927 0.41378156922501924 -0.097853872315870422 0.072024688419256022 0.00361086077399861 -0.11541086765703427 0.50194870697351313 -0.29723433525723431
leaf_weight=268 47 868 135 45 240 10437 575 283 104 62 367 508 55 125 53 57 246 342 211 224 139 54
leaf_count=268 47 868 135 45 240 10437 575 283 104 62 367 508 55 125 53 57 246 342 211 224 139 54
internal_value=-0.000228803 -5.36595e-05 -0.00598786 -0.00255405 0.00165094 -0.00019145 -0.000263197 0.00266418 -0.000136077 0.000809169 -0.000557325 0.00161304 0.00161455 0.00336022 0.000415377 0.00095524 0.000142608 0.00157015 -0.00122694 0.00143967 0 0.00335859
internal_weight=15445 14997 448 180 1108 13889 13559 330 12984 2547 937 570 1610 646 964 911 854 608 266 542 417 193
internal_count=15445 14997 448 180 1108 13889 13559 330 12984 2547 937 570 1610 646 964 911 854 608 266 542 417 193
is_linear=0
shrinkage=0.035


Tree=174
num_leaves=23
num_cat=0
split_feature=12 11 25 16 1 2 1 25 9 12 14 11 12 20 22 7 12 8 22 11 20 22
split_gain=11.0466 2.7265 4.00986 2.57155 2.95573 2.82839 2.74273 2.79529 2.65782 2.78956 2.41723 4.52849 2.39868 2.38399 3.74949 3.98344 8.2555 3.324 3.26264 3.94681 2.91811 3.83187
threshold=0.48865526070192983 0.49724515809884717 294.00000000000006 1.0000000180025095e-35 3.9929401464817613 9.9001120243386893 15.888781740388525 200.00000000000003 0.8377192982456142 0.63727486250636911 0.24038461538461542 1.6101389151895156 0.57757224164425802 16.500000000000004 47274.500000000007 17.154761904761909 6.6946831940565437 21.899783549783553 16785.000000000004 8.7569438681231979 10.500000000000002 33201.500000000007
decision_type=2 2 2 2 2 2 2 2 2 2 2 2 2 2 2 2 2 2 2 2 2 2
left_child=1 2 -1 8 -5 -6 -7 -8 9 12 13 -12 -2 20 15 -15 17 -17 -18 -20 21 -10
right_child=3 -3 -4 4 5 6 7 -9 10 -11 11 -13 -14 14 -16 16 18 -19 19 -21 -22 -23
leaf_value=-0.011125447225657023 -0.0079395260181768599 -0.049489131916232283 0.0061367915170169691 0.065487447749909208 -0.066111458531097053 0.36624764365055706 0.55021082503808716 -0.39297062234913444 0.016269542924073496 -0.022431248569052396 0.0010440697340293604 0.060700067715002977 0.012191486979377794 -0.0085331123571402417 0.057912342554589963 0.31579323366600481 0.090101483517294995 1.0511192294830596 -0.45095205567225111 0.24082495235500576 -0.032606857235153587 -0.037839254812470746
leaf_weight=363 174 58 90 194 173 66 59 54 2729 665 645 172 140 3930 936 319 312 64 95 48 2598 1537
leaf_count=363 174 58 90 194 173 66 59 54 2729 665 645 172 140 3930 936 319 312 64 95 48 2598 1537
internal_value=-0.00039025 -0.00542636 -0.0043559 -0.000214717 0.00212795 0.000147059 0.0032337 0 -0.000305693 -0.00206301 -0.000175131 0.00166058 0.000603448 -0.000296469 0.0002299 -0.000164991 0.00201364 0.0057732 -0.0011413 -0.00543919 -0.000736279 -0.000167993
internal_weight=15421 511 453 14910 546 352 179 113 14364 979 13385 817 314 12568 5704 4768 838 383 455 143 6864 4266
internal_count=15421 511 453 14910 546 352 179 113 14364 979 13385 817 314 12568 5704 4768 838 383 455 143 6864 4266
is_linear=0
shrinkage=0.035


Tree=175
num_leaves=23
num_cat=0
split_feature=12 6 12 20 16 20 3 9 13 21 9 15 15 22 25 13 25 8 20 20 22 15
split_gain=9.73225 2.12857 3.33967 2.26052 2.07307 2.03324 3.61772 2.54929 3.45829 2.9864 2.98621 4.04955 2.81437 5.09631 3.67086 3.2234 2.44421 2.01876 1.94099 1.85803 3.96547 2.65829
threshold=0.46454078355228479 4.8281303029948344 0.39002102778747993 13.500000000000002 1.0000000180025095e-35 26.500000000000004 16.040429585733566 0.8377192982456142 0.30952380952380959 3.5000000000000004 1.4011821410901339 0.32738095238095244 0.53708791208791218 15527.500000000002 195.50000000000003 0.53571428571428581 142.00000000000003 1.9188216063727939 12.500000000000002 14.500000000000002 34795.000000000007 0.6132478632478634
decision_type=2 2 2 2 2 2 2 2 2 2 2 2 2 2 2 2 2 2 2 2 2 2
left_child=1 2 -1 -3 5 7 16 9 -9 12 11 -10 13 -2 -15 -14 -7 -12 -11 20 21 -17
right_child=4 3 -4 -5 -6 6 -8 8 10 18 17 -13 15 14 -16 19 -18 -19 -20 -21 -22 -23
leaf_value=-0.009239766906847309 -0.057548446576681074 -0.042657391480035882 -0.043584217202761552 0.013635367465313714 0.033930539035276173 -0.10677810319641595 0.29492655655710609 -0.0050306594387408768 -0.047101550163313605 -0.0075708374791399052 0.080785477200497557 0.018572985850633505 0.048406377434737372 -0.032658975856386462 0.11308528608543311 -0.011279149705926665 0.0099523029152469369 0.020828539252873562 -0.048065233941139117 0.011363040096255861 -0.03071520255000753 0.023493554981036963
leaf_weight=126 119 94 140 88 534 79 202 11430 89 100 112 148 58 86 63 73 1349 45 109 195 60 69
leaf_count=126 119 94 140 88 534 79 202 11430 89 100 112 148 58 86 63 73 1349 45 109 195 60 69
internal_value=-0.000237917 -0.00529249 -0.00729705 -0.00215241 -8.32496e-05 -0.000164165 0.000995413 -0.000314043 -0.000173092 -0.00207311 0.00302632 0.000433884 -0.000961538 -0.00378205 0.000454545 0.000684783 0.000354152 0.00669753 -0.0057243 -0.000435323 -0.00278986 0.000357143
internal_weight=15368 448 266 182 14920 14386 1630 12756 11824 932 394 237 723 268 149 455 1428 157 209 397 202 142
internal_count=15368 448 266 182 14920 14386 1630 12756 11824 932 394 237 723 268 149 455 1428 157 209 397 202 142
is_linear=0
shrinkage=0.035


Tree=176
num_leaves=23
num_cat=0
split_feature=9 22 9 12 15 15 11 15 13 22 15 22 25 6 21 21 27 9 11 9 20 20
split_gain=9.52897 3.67587 3.24574 2.61953 2.37145 2.4904 2.83882 2.32937 2.03403 4.22705 3.54045 4.63788 3.07843 3.05627 2.71107 2.68036 2.74323 2.47721 2.49639 2.78541 2.28831 6.08573
threshold=0.40370370370370373 34795.000000000007 0.28576014119515097 0.54899847081191699 0.64495798319327746 0.60357142857142865 0.84213887628859063 0.64495798319327746 0.53571428571428581 39092.000000000007 0.19615384615384621 54348.000000000007 180.50000000000003 1.5878704920621021 1.5000000000000002 2.5000000000000004 3.5000000000000004 1.5018052704500626 0.91617599132032257 3.0716258664974467 14.500000000000002 10.500000000000002
decision_type=2 2 2 2 2 2 2 2 2 2 2 2 2 2 2 2 2 2 2 2 2 2
left_child=1 7 3 -3 5 8 -7 -1 10 14 11 17 -12 15 -10 -14 -17 -2 19 -19 21 -20
right_child=4 2 -4 -5 -6 6 -8 -9 9 -11 12 -13 13 -15 -16 16 -18 18 20 -21 -22 -23
leaf_value=-0.030545547988854258 -0.043058330411848728 -0.014261453860441925 -0.071705683467459758 0.0093706845526393759 -0.038924567211766577 0.031987606297245612 -0.0084019032559561439 0.0026750808932111017 0.0090199687535341116 0.041646990606954419 0.17896201996244085 -0.084218520435042188 -0.020102062155840136 0.022786721290805011 -0.050036296567194397 0.0012625074982705621 0.078628131903171597 0.048641420497169616 0.00089762239984274577 -0.21298119678325306 0.0066890699446070919 -0.050160467133824022
leaf_weight=57 107 383 49 54 55 121 47 220 77 68 47 95 274 642 250 342 64 168 4148 53 6419 1672
leaf_count=57 107 383 49 54 55 121 47 220 77 68 47 95 274 642 250 342 64 168 4148 53 6419 1672
internal_value=-0.0002554 -0.00405599 -0.00588086 -0.00475113 -5.49338e-05 -2.5173e-05 0.0041474 -0.000744681 -7.6398e-05 -0.0025375 -4.98718e-06 -0.000189271 0.00168122 0.00133195 -0.00421687 -0.000281022 0.00149027 -0.000128062 -8.00241e-05 0.00356195 -0.000148644 -0.000651931
internal_weight=15412 763 486 437 14649 14594 168 277 14426 395 14031 12662 1369 1322 327 680 406 12567 12460 221 12239 5820
internal_count=15412 763 486 437 14649 14594 168 277 14426 395 14031 12662 1369 1322 327 680 406 12567 12460 221 12239 5820
is_linear=0
shrinkage=0.035


Tree=177
num_leaves=23
num_cat=0
split_feature=12 15 6 9 12 20 5 12 8 15 21 22 15 21 5 13 15 7 15 22 25 25
split_gain=9.40016 3.30848 2.17446 2.15649 2.40948 2.84167 2.30285 2.13272 3.67173 2.73878 2.27798 2.80972 3.97328 5.60438 3.02291 2.09821 2.83326 2.7014 2.57055 5.51428 4.87857 3.74437
threshold=0.57757224164425802 0.46291208791208799 19.760000000000002 21.690047969410838 6.9460315646673028 14.500000000000002 10.786321963483829 0.63727486250636911 0.72077922077922085 0.59629629629629644 3.5000000000000004 15527.500000000002 0.53708791208791218 2.5000000000000004 3.9816512481064232 0.41428571428571431 0.4188596491228071 1.0023000964625202 0.17752100840336138 54348.000000000007 171.00000000000003 299.00000000000006
decision_type=2 2 2 2 2 2 2 2 2 2 2 2 2 2 2 2 2 2 2 2 2 2
left_child=1 -1 7 6 5 -5 -4 9 10 -2 11 12 -9 -14 -13 16 17 -10 19 -19 -20 -22
right_child=2 -3 3 4 -6 -7 -8 8 15 -11 -12 14 13 -15 -16 -17 -18 18 20 -21 21 -23
leaf_value=0.012499681613369416 -0.01516201267000109 -0.01287620420507276 0.2115756422885626 0.0084102855697855729 0.14682073354835468 0.88659123278239582 -0.047731887582276047 -0.061109128034440803 -0.085922184806703036 0.022003292638713895 -0.039135022030054395 0.012806563230457381 0.040815099312273326 -0.051990660928801218 -0.044067040777535676 0.014041068668735442 -0.03166034991554155 -0.0040862590477886585 0.15467749729021585 -0.10421364725016095 -0.0068832782147901922 0.027689139297322217
leaf_weight=82 45 642 74 51 369 87 515 67 121 102 107 252 52 66 47 497 56 10998 79 51 599 487
leaf_count=82 45 642 74 51 369 87 515 67 121 102 107 252 52 66 47 497 56 10998 79 51 599 487
internal_value=-0.00027296 -0.00415295 -7.96157e-05 0.00141462 0.00307617 0.00697552 0 -0.000201563 -0.000249184 0.00391447 -0.00293624 -0.00182515 -0.00515789 -0.000995935 0.000230263 -0.000123517 -0.000214585 -0.000175851 -0.000121737 -0.000288131 0.0014359 0.000785976
internal_weight=15446 724 14722 1096 507 138 589 13626 13479 147 591 484 185 118 299 12888 12391 12335 12214 11049 1165 1086
internal_count=15446 724 14722 1096 507 138 589 13626 13479 147 591 484 185 118 299 12888 12391 12335 12214 11049 1165 1086
is_linear=0
shrinkage=0.035


Tree=178
num_leaves=23
num_cat=0
split_feature=12 12 25 8 21 15 23 23 12 20 12 8 23 25 14 11 8 24 12 23 12 12
split_gain=8.36973 2.6497 4.17801 2.11536 3.41007 1.9821 4.5027 2.23904 4.30287 3.36845 2.02554 1.87313 1.86527 4.23833 3.09559 3.72372 3.1035 3.56928 6.9113 4.43244 4.82727 3.38267
threshold=0.46454078355228479 0.44474623624030163 294.00000000000006 0.72077922077922085 3.5000000000000004 0.50925925925925941 7350.0000000000009 40250.000000000007 0.69861470638928425 15.500000000000002 0.83737086819080064 0.35299200622699706 19200.000000000004 557.50000000000011 0.21825396825396828 1.5281246137553179 1.6311106389694114 1706.5000000000002 1.3945628347462813 7350.0000000000009 1.3945628347462813 1.3620972114816998
decision_type=2 2 2 2 2 2 2 2 2 2 2 2 2 2 2 2 2 2 2 2 2 2
left_child=1 2 -1 4 5 6 -2 8 -7 -9 -10 -6 13 14 16 -16 -5 19 -19 20 -18 -21
right_child=3 -3 -4 12 11 7 -8 9 10 -11 -12 -13 -14 -15 15 -17 17 18 -20 21 -22 -23
leaf_value=-0.010263476401751979 -0.05477224278580068 -0.037271475634405374 0.025790402163749081 0.100091858802568 -0.0014199407593343551 0.022614283592173351 0.007736377756556943 -0.025323342792329652 0.00032906048325806572 0.010953342848283367 -0.044319402071981644 -0.034836092173568783 -0.0038870386726169853 -0.11855683023287489 -0.030662973779241053 0.1423802897697326 0.15410056027317387 0.112918271943035 0.030543308073907309 -0.1357542961053132 -0.0060542916014303576 -0.019392579884329068
leaf_weight=318 78 61 61 57 60 227 119 75 182 77 46 135 10988 51 46 72 50 108 1849 87 433 249
leaf_count=318 78 61 61 57 60 227 119 75 182 77 46 135 10988 51 46 72 50 108 1849 87 433 249
internal_value=-0.000263056 -0.00499438 -0.00373698 -0.000121382 -0.00167331 -0.000627318 -0.00363861 0.000343137 0.00159783 -0.00323248 -0.00172747 -0.005775 -8.75313e-06 0.000762388 0.000947226 0.00640244 0.00070296 0.000522294 0.00133792 -0.0014017 0.000717213 -0.00446481
internal_weight=15429 440 379 14989 999 804 197 607 455 152 228 195 13990 3002 2951 118 2833 2776 1957 819 483 336
internal_count=15429 440 379 14989 999 804 197 607 455 152 228 195 13990 3002 2951 118 2833 2776 1957 819 483 336
is_linear=0
shrinkage=0.035


Tree=179
num_leaves=23
num_cat=0
split_feature=8 22 21 16 1 2 0 8 9 12 15 22 22 22 8 15 15 24 9 15 15 9
split_gain=8.68929 2.39096 3.99577 2.01884 2.43737 2.4451 2.35692 2.42852 2.25718 3.66776 2.52129 3.70004 3.53961 3.49019 3.6246 5.59302 4.23734 3.60729 6.03121 2.91053 2.83182 2.8202
threshold=0.43235786701983264 17834.500000000004 2.5000000000000004 1.0000000180025095e-35 3.9929401464817613 8.9846950015344529 15.888781740388525 21.357801233228887 5.1377390466676189 3.0367022960280923 0.17752100840336138 31960.500000000004 54348.000000000007 44839.000000000007 2.3333571197290919 0.10620300751879701 0.051315789473684217 4019.0000000000005 2.6071448546910281 0.039230769230769243 1.0000000180025095e-35 2.9995397029792472
decision_type=2 2 2 2 2 2 2 2 2 2 2 2 2 2 2 2 2 2 2 2 2 2
left_child=1 2 -1 8 -5 -6 -7 -8 9 10 12 -12 13 17 -15 16 -16 19 -19 20 -2 -21
right_child=3 -3 -4 4 5 6 7 -9 -10 -11 11 -13 -14 14 15 -17 -18 18 -20 21 -22 -23
leaf_value=0.040375879884644764 -0.013440658948999628 -0.013395812558510941 -0.022178745352697267 0.062052766184580707 -0.057995258873968829 0.38774414856462575 -0.10907468080250425 0.85250890456705275 0.011715275252814836 -0.18471699958488813 -0.0036910677385489036 0.020308446669542023 -0.085750296395780634 0.14006304559078056 0.0013900474991836733 -0.14130533352214553 0.11115090026153583 -0.016686147966106582 -0.090427348425596646 -0.015301350222979127 0.0409773152554474 -0.06007052202036621
leaf_weight=74 499 661 145 182 159 47 88 49 7735 76 1606 651 50 58 559 109 138 671 287 794 574 238
leaf_count=74 499 661 145 182 159 47 88 49 7735 76 1606 651 50 58 559 109 138 671 287 794 574 238
internal_value=-0.000211744 -0.0035791 -0.0003125 -6.00343e-06 0.00211321 0.000301724 0.00305556 0.000492958 -8.71886e-05 -0.000579177 -0.000479644 0.000448718 -0.0010108 -0.000881231 0.00106732 0.000409988 0.00159544 -0.00143742 -0.00321651 -0.000613744 0.000649351 -0.00194069
internal_weight=15450 880 219 14570 525 343 184 137 14045 6310 6234 2257 3977 3927 864 806 697 3063 958 2105 1073 1032
internal_count=15450 880 219 14570 525 343 184 137 14045 6310 6234 2257 3977 3927 864 806 697 3063 958 2105 1073 1032
is_linear=0
shrinkage=0.035


end of trees

feature_importances:
sig_roll_mean_28=667
day_of_month=533
month=526
unit_cost_rp=345
sig_roll_std_28=292
shelf_life_days=254
sig_roll_mean_14=199
margin_rp=171
sig_zero_rate_28=165
sig_roll_std_14=135
sig_roll_std_7=104
unit_price_rp=104
sig_roll_mean_7=84
sig_lag_14=73
sig_lag_21=49
sig_lag_28=49
sig_lag_7=41
promised_lead_time_days=37
sig_zero_rate_14=33
sig_zero_rate_7=26
sig_lag_3=16
sig_lag_1=12
sig_lag_2=10
promo_flag=7
is_perishable=7
is_weekend=5
is_holiday=1

parameters:
[boosting: gbdt]
[objective: quantile]
[metric: quantile]
[tree_learner: serial]
[device_type: cpu]
[data_sample_strategy: bagging]
[data: ]
[valid: ]
[num_iterations: 180]
[learning_rate: 0.035]
[num_leaves: 23]
[num_threads: 8]
[seed: 20260723]
[deterministic: 0]
[force_col_wise: 0]
[force_row_wise: 0]
[histogram_pool_size: -1]
[max_depth: -1]
[min_data_in_leaf: 45]
[min_sum_hessian_in_leaf: 0.001]
[bagging_fraction: 0.85]
[pos_bagging_fraction: 1]
[neg_bagging_fraction: 1]
[bagging_freq: 1]
[bagging_seed: 320]
[bagging_by_query: 0]
[feature_fraction: 0.85]
[feature_fraction_bynode: 1]
[feature_fraction_seed: 6711]
[extra_trees: 0]
[extra_seed: 20591]
[early_stopping_round: 0]
[early_stopping_min_delta: 0]
[first_metric_only: 0]
[max_delta_step: 0]
[lambda_l1: 0.5]
[lambda_l2: 5]
[linear_lambda: 0]
[min_gain_to_split: 0]
[drop_rate: 0.1]
[max_drop: 50]
[skip_drop: 0.5]
[xgboost_dart_mode: 0]
[uniform_drop: 0]
[drop_seed: 9722]
[top_rate: 0.2]
[other_rate: 0.1]
[min_data_per_group: 100]
[max_cat_threshold: 32]
[cat_l2: 10]
[cat_smooth: 10]
[max_cat_to_onehot: 4]
[top_k: 20]
[monotone_constraints: ]
[monotone_constraints_method: basic]
[monotone_penalty: 0]
[feature_contri: ]
[forcedsplits_filename: ]
[refit_decay_rate: 0.9]
[cegb_tradeoff: 1]
[cegb_penalty_split: 0]
[cegb_penalty_feature_lazy: ]
[cegb_penalty_feature_coupled: ]
[path_smooth: 0]
[interaction_constraints: ]
[verbosity: -1]
[saved_feature_importance_type: 0]
[use_quantized_grad: 0]
[num_grad_quant_bins: 4]
[quant_train_renew_leaf: 0]
[stochastic_rounding: 1]
[linear_tree: 0]
[max_bin: 255]
[max_bin_by_feature: ]
[min_data_in_bin: 3]
[bin_construct_sample_cnt: 200000]
[data_random_seed: 4442]
[is_enable_sparse: 1]
[enable_bundle: 1]
[use_missing: 1]
[zero_as_missing: 0]
[feature_pre_filter: 1]
[pre_partition: 0]
[two_round: 0]
[header: 0]
[label_column: ]
[weight_column: ]
[group_column: ]
[ignore_column: ]
[categorical_feature: ]
[forcedbins_filename: ]
[precise_float_parser: 0]
[parser_config_file: ]
[objective_seed: 5935]
[num_class: 1]
[is_unbalance: 0]
[scale_pos_weight: 1]
[sigmoid: 1]
[boost_from_average: 1]
[reg_sqrt: 0]
[alpha: 0.5]
[fair_c: 1]
[poisson_max_delta_step: 0.7]
[tweedie_variance_power: 1.5]
[lambdarank_truncation_level: 30]
[lambdarank_norm: 1]
[label_gain: ]
[lambdarank_position_bias_regularization: 0]
[eval_at: ]
[multi_error_top_k: 1]
[auc_mu_weights: ]
[num_machines: 1]
[local_listen_port: 12400]
[time_out: 120]
[machine_list_filename: ]
[machines: ]
[gpu_platform_id: -1]
[gpu_device_id: -1]
[gpu_device_id_list: ]
[gpu_use_dp: 0]
[num_gpu: 1]

end of parameters

pandas_categorical:[]
