tree
version=v4
num_class=1
num_tree_per_iteration=1
label_index=0
max_feature_idx=27
objective=quantile
feature_names=sig_lag_1 sig_lag_2 sig_lag_3 sig_lag_7 sig_lag_14 sig_lag_21 sig_lag_28 sig_roll_mean_7 sig_roll_mean_14 sig_roll_mean_28 sig_roll_std_7 sig_roll_std_14 sig_roll_std_28 sig_zero_rate_7 sig_zero_rate_14 sig_zero_rate_28 promo_flag is_weekend is_holiday is_payday_week day_of_month month unit_cost_rp unit_price_rp margin_rp shelf_life_days is_perishable promised_lead_time_days
feature_infos=[0:72] [0:72] [0:72] [0:72] [0:72] [0:72] [0:72] [0:44] [0:44] [0:44] [0:22.786796511095964] [0:17.139376936115319] [0:16.069317439236894] [0:1] [0:1] [0:0.9642857142857143] [0:1] [0:1] [0:1] none [1:31] [1:5] [3633:54611] [4700:64300] [1067:16070] [92:917] [0:1] [2:4]
tree_sizes=1868 1931 1833 1847 1880 1876 1856 1859 1946 1999 1957 2022 1975 1970 2001 2045 2000 2041 2067 2035 2083 2064 1990 2037 2062 2023 2060 2073 2108 2101 2148 2089 2122 2143 2078 2077 2114 2101 2110 2064 2113 2090 2139 2108 2137 2160 2084 2138 2151 2115 2093 2116 2109 2126 2113 2155 2145 2132 2135 2109 2096 2140 2113 2122 2109 2094 2142 2119 2128 2144 2173 2129 2144 2153 2117 2177 2149 2160 2125 2123 2165 2130 2160 2155 2129 2136 2137 2140 2137 2133 2159 2147 2156 2151 2185 2151 2121 2160 2126 2166 2155 2164 2182 2112 2164 2167 2150 2147 2160 2157 2074 2161 2103 2147 2119 2135 2136 2152 2135 2117 2141 2118 2131 2097 2165 2121 2138 2123 2156 2131 2121 2153 2124 2139 2165 2165 2167 2186 2115 2187 2135 2147 2186 2154 2134 2162 2158 2182 2150 2135 2160 2178 2188 2181 2100 2178 2186 2093 2155 2144 2150 2139 2132 2125 2125 2131 2180 2157 2159 2162 2128 2113 2131 2158 2112 2127 2119 2129 2116 2142

Tree=0
num_leaves=23
num_cat=0
split_feature=9 9 8 15 9 9 22 15 9 10 10 11 8 5 5 4 5 7 10 25 12 7
split_gain=562.318 60.1225 16.0968 15.2041 4.36827 3.04162 2.36938 1.70391 1.67758 1.46122 1.55033 1.17116 1.4944 1.01352 0.904402 0.845392 0.902409 0.801299 0.862502 0.716597 1.02859 0.665221
threshold=0.92978902904902838 2.0719489168320893 5.7074308839208543 0.68139097744360921 1.8251638013966984 0.57332179065277356 34795.000000000007 0.10912698412698414 1.1812982611590288 2.0000000000000031 0.8164965809277277 1.6967972416057495 5.6937212231911305 2.9974617545665088 1.9792204361109744 4.9547980748721674 1.9999246801866812 2.5508182128584127 0.96921583719686422 381.00000000000006 1.700913865885409 1.4287269599275285
decision_type=2 2 2 2 2 2 2 2 2 2 2 2 2 2 2 2 2 2 2 2 2 2
left_child=3 4 7 5 8 -1 -5 11 13 10 -10 14 -13 21 17 16 -12 18 -3 20 -9 -2
right_child=1 2 -4 6 -6 -7 -8 19 9 -11 15 12 -14 -15 -16 -17 -18 -19 -20 -21 -22 -23
leaf_value=0 0 0 0.17500000000000002 0 0 0 0 0 0 0.035000000000000003 0 0.035000000000000003 0 0 0.035000000000000003 0 0 0.035000000000000003 0 0.035000000000000003 0.035000000000000003 0
leaf_weight=554 251 52 8487 230 565 439 503 200 232 49 456 2122 127 76 1492 95 375 173 117 312 218 48
leaf_count=554 251 52 8487 230 565 439 503 200 232 49 456 2122 127 76 1492 95 375 173 117 312 218 48
internal_value=-0.000430318 0.00168794 0.00256614 -0.0193481 -0.00373745 -0.0162796 -0.0233428 0.000942922 -0.0046821 -0.00397937 -0.00423431 0.0012226 0.00176087 -0.00681579 0.000550027 -0.00488346 -0.00525 -0.0010389 -0.00273563 -0.000595238 -0.00154728 -0.00559539
internal_weight=17173 15447 13300 1726 2147 993 733 4813 1582 1207 1158 4083 2249 375 1834 926 831 342 169 730 418 299
internal_count=17173 15447 13300 1726 2147 993 733 4813 1582 1207 1158 4083 2249 375 1834 926 831 342 169 730 418 299
is_linear=0
shrinkage=0.035


Tree=1
num_leaves=23
num_cat=0
split_feature=9 9 15 8 9 9 15 10 5 25 20 8 8 3 25 15 10 10 10 0 12 1
split_gain=564.452 55.4596 23.7944 12.3372 8.40599 5.11593 1.84098 1.23557 1.18705 1.08342 0.979249 0.97433 1.26359 0.947968 0.867527 0.817598 1.41759 0.878025 0.810964 0.58474 0.539414 0.716226
threshold=1.0014611999653302 2.2581248134303693 0.68139097744360921 5.7074308839208543 1.8251638013966984 0.8377192982456142 0.39642857142857152 2.0000000000000031 5.0127769206881263 557.50000000000011 29.500000000000004 5.6937212231911305 3.0645657969878894 4.1127087570106822 277.00000000000006 0.29520697167755999 0.87600555302173799 0.89973541084243702 0.78679579246944309 2.2269799137813178 0.9988261512073161 1.7342759147158915
decision_type=2 2 2 2 2 2 2 2 2 2 2 2 2 2 2 2 2 2 2 2 2 2
left_child=2 4 5 8 7 -1 -7 10 11 19 13 12 -3 15 -13 16 18 -17 -2 -6 -18 -22
right_child=1 3 -4 -5 9 6 -8 -9 -10 -11 -12 14 -14 -15 -16 17 20 -19 -20 -21 21 -23
leaf_value=0 0 0.033774999999999999 0 0.16887500000000003 0 0 0 0.033774999999999999 0.033774999999999999 0.033774999999999999 0.01750000286847353 0.035000000000000003 0.033774999999999999 0 0 0 0 0 0.035000000000000003 0.033774999999999999 0 0
leaf_weight=906 195 2003 722 8521 600 139 50 45 489 226 56 61 1589 65 69 62 86 207 49 301 397 317
leaf_count=906 195 2003 722 8521 600 139 50 45 489 226 56 61 1589 65 69 62 86 207 49 301 397 317
internal_value=-0.000422203 0.00176403 -0.0188408 0.00271685 -0.0028807 -0.0154 -0.00948969 -0.00461321 0.00115892 -0.000581272 -0.00479395 0.000936276 0.00104796 -0.00497795 -0.00194444 -0.00518361 -0.00464109 -0.00710219 -0.00212249 -0.00113576 -0.00536956 -0.00492142
internal_weight=17155 15338 1817 12732 2606 1095 189 1479 4211 1127 1434 3722 3592 1378 130 1313 1044 269 244 901 800 714
internal_count=17155 15338 1817 12732 2606 1095 189 1479 4211 1127 1434 3722 3592 1378 130 1313 1044 269 244 901 800 714
is_linear=0
shrinkage=0.035


Tree=2
num_leaves=23
num_cat=0
split_feature=9 9 9 8 22 9 25 25 11 8 20 4 25 8 1 4 20 25 22 20 2 9
split_gain=564.071 54.921 19.6982 10.8197 7.85134 7.77334 2.44604 1.20896 0.970058 1.19836 0.896467 0.887905 0.88005 0.789101 0.693486 0.920797 1.4768 0.638099 0.623015 0.681996 0.645343 0.60917
threshold=1.0014611999653302 2.321297033566406 0.57332179065277356 5.7074308839208543 34795.000000000007 1.8251638013966984 195.50000000000003 277.00000000000006 1.5897087143519026 5.6937212231911305 29.500000000000004 4.9547980748721674 557.50000000000011 1.7859246489067384 1.1330627853334125 1.6849104296056494 23.500000000000004 277.00000000000006 24335.000000000004 14.500000000000002 2.107529227153353 2.7246111641241617
decision_type=2 2 2 2 2 2 2 2 2 2 2 2 2 2 2 2 2 2 2 2 2 2
left_child=2 5 4 8 -1 10 -4 -8 21 -10 11 13 -7 14 15 -2 -17 -11 19 -16 -20 -3
right_child=1 3 6 -5 -6 12 7 -9 9 17 -12 -13 -14 -15 18 16 -18 -19 20 -21 -22 -23
leaf_value=0 0 -0.001182125 0 0.16296437500000002 0 0 0 0 0.032592875 0.033774999999999999 0.034387499899603428 0 0.032592875 0 0 0 0 0 0 0 0 0.032592875
leaf_weight=715 409 633 229 8489 566 1026 73 268 2642 70 52 144 260 150 95 189 55 67 251 96 46 654
leaf_count=715 409 633 229 8489 566 1026 73 268 2642 70 52 144 260 150 95 189 55 67 251 96 46 654
internal_value=-0.000414688 0.00179029 -0.018639 0.00277548 -0.0211034 -0.00266091 -0.0129348 -0.0105607 0.00128187 0.00165194 -0.00438204 -0.00454514 -0.000647947 -0.00484491 -0.00517365 -0.00426596 -0.00605823 -0.00142958 -0.00629716 -0.00810714 -0.00496026 0.000465944
internal_weight=17179 15328 1851 12555 1281 2773 570 341 4066 2779 1487 1435 1286 1291 1141 653 244 137 488 191 297 1287
internal_count=17179 15328 1851 12555 1281 2773 570 341 4066 2779 1487 1435 1286 1291 1141 653 244 137 488 191 297 1287
is_linear=0
shrinkage=0.035


Tree=3
num_leaves=23
num_cat=0
split_feature=8 8 15 8 8 15 15 11 5 15 8 6 20 8 11 27 21 1 14 11 7 11
split_gain=556.819 64.5688 15.2396 14.0977 9.05745 5.38341 3.28346 1.84239 1.43057 0.899411 0.989101 0.844717 0.843654 1.31692 1.13685 1.07446 1.05441 0.961051 0.951607 0.910697 1.48392 0.8311
threshold=0.86030787602530523 2.1869318181818187 0.68139097744360921 5.7074308839208543 1.6441046834441899 0.39642857142857152 0.29520697167755999 0.90621303993092428 5.9680479807034317 0.10912698412698414 5.6937212231911305 1.0010887194926981 23.500000000000004 1.3548781993631764 1.1516564273678112 3.5000000000000004 3.5000000000000004 0.97613398113309346 0.27922077922077926 1.1670623729466119 1.2503707257122016 1.6751667092642408
decision_type=2 2 2 2 2 2 2 2 2 2 2 2 2 2 2 2 2 2 2 2 2 2
left_child=2 4 5 8 6 -1 12 -7 9 10 21 -6 13 16 -15 17 18 -16 -2 20 -14 -3
right_child=1 3 -4 -5 11 7 -8 -9 -10 -11 -12 -13 19 14 15 -17 -18 -19 -20 -21 -22 -23
leaf_value=0 0 0.031452124375000001 0 0.15726062187500001 0 0 0 0 0.032634249375 0 0 0 0.033420362489430991 0 0 0 0 0 0 0.033183937403117307 0 0.031452124375000001
leaf_weight=144 105 1336 731 8540 354 684 409 160 457 593 124 824 55 203 46 62 50 144 111 101 112 1859
leaf_count=144 105 1336 731 8540 354 684 409 160 457 593 124 824 55 203 46 62 50 144 111 101 112 1859
internal_value=-0.000449677 0.00164945 -0.019319 0.00265983 -0.00340236 -0.0162382 -0.00530613 -0.0173598 0.00103544 0.000810442 0.0010361 -0.00111538 -0.00414084 -0.00479201 -0.0035 -0.00507977 -0.0068321 -0.00637179 -0.00790271 -0.00226923 -0.00382558 0.00115938
internal_weight=17204 15485 1719 12909 2576 988 1398 844 4369 3912 3319 1178 989 721 455 252 266 190 216 268 167 3195
internal_count=17204 15485 1719 12909 2576 988 1398 844 4369 3912 3319 1178 989 721 455 252 266 190 216 268 167 3195
is_linear=0
shrinkage=0.035


Tree=4
num_leaves=23
num_cat=0
split_feature=9 9 15 8 9 9 22 15 2 11 25 11 1 15 7 8 8 1 9 11 11 13
split_gain=559.616 57.2115 20.4022 11.2969 7.8455 5.01534 1.90149 1.71295 1.43416 1.2915 1.18399 1.01669 1.00735 1.42681 0.963615 0.837606 0.835078 0.999121 0.776714 0.712587 0.971399 0.56845
threshold=1.0014611999653302 2.2581248134303693 0.68139097744360921 5.7074308839208543 1.7184794675355068 0.8377192982456142 34795.000000000007 0.37268518518518523 3.2187509744530982 1.5897087143519026 637.50000000000011 0.90621303993092428 1.1886731649318623 0.32738095238095244 1.0023000964625202 5.6937212231911305 2.3572293111853639 0.97613398113309346 1.1812982611590288 1.3424596091494918 0.88178143959067323 0.41428571428571431
decision_type=2 2 2 2 2 2 2 2 2 2 2 2 2 2 2 2 2 2 2 2 2 2
left_child=2 4 5 9 8 7 -4 -1 12 -3 16 -9 13 14 18 -11 17 -6 -2 20 -16 -20
right_child=1 3 6 -5 10 -7 -8 11 -10 15 -12 -13 -14 -15 19 -17 -18 -19 21 -21 -22 -23
leaf_value=0 0 0.030351300021875003 0 0.151756500109375 0.033774999999999999 0 0 0 3.8853734729560335e-09 0.030351300021875003 0.031452124375000001 0 0 0 0.033774999999999999 0 0.032592875 0 0 0.032592875 0 0
leaf_weight=56 52 1357 222 8426 144 182 512 692 81 2666 225 186 498 115 50 128 133 799 50 97 270 68
leaf_count=56 52 1357 222 8426 144 182 512 692 81 2666 225 186 498 115 50 128 133 799 50 97 270 68
internal_value=-0.000447631 0.00177123 -0.0185943 0.00274615 -0.00296695 -0.0154206 -0.0232591 -0.016516 -0.0049098 0.00124302 -0.0010291 -0.016953 -0.00521369 -0.00422277 -0.00341723 0.00167435 -0.0015185 -0.0018903 -0.0057 -0.00238863 -0.00317692 -0.00361382
internal_weight=17009 15159 1850 12577 2582 1116 734 934 1281 4151 1301 878 1200 702 587 2794 1076 943 170 417 320 118
internal_count=17009 15159 1850 12577 2582 1116 734 934 1281 4151 1301 878 1200 702 587 2794 1076 943 170 417 320 118
is_linear=0
shrinkage=0.035


Tree=5
num_leaves=23
num_cat=0
split_feature=9 9 15 8 9 9 22 11 9 11 15 1 8 12 10 8 10 12 22 22 5 25
split_gain=564.303 56.0755 19.3664 11.7562 8.20365 4.57625 2.08764 1.33229 1.22827 1.76333 1.33631 1.07788 1.00465 0.939391 0.869325 0.859086 0.73001 0.703179 1.12207 1.06705 0.665453 0.572882
threshold=1.0014611999653302 2.2581248134303693 0.68139097744360921 5.7074308839208543 1.8251638013966984 0.69236835154341714 34795.000000000007 1.6751667092642408 1.3566482833550577 1.0994504121565514 0.11882352941176472 1.0010887194926981 5.6937212231911305 1.1252098250536189 2.0354009783964337 1.4922804535981715 0.87600555302173799 1.1069254434621634 17834.500000000004 5643.5000000000009 0.99491741027542968 277.00000000000006
decision_type=2 2 2 2 2 2 2 2 2 2 2 2 2 2 2 2 2 2 2 2 2 2
left_child=2 4 5 7 8 -1 -4 13 9 -2 -10 16 20 -3 -6 -13 -12 18 19 -7 -9 -14
right_child=1 3 6 -5 14 17 -8 12 10 -11 11 15 21 -15 -16 -17 -18 -19 -20 -21 -22 -23
leaf_value=0 0 -0.0045702448508079937 0 0.14644502260554687 0 0 0 -0.0046101711257656251 0 0 0.033656787621543741 0 0.032592875 0.029289004521109378 -0.001182125 0 0 0 0 0 0.029289004521109378 0
leaf_weight=756 319 51 218 8474 1025 60 514 115 83 234 70 116 64 1603 116 317 349 50 172 58 2297 66
leaf_count=756 319 51 218 8474 1025 60 514 115 83 234 70 116 64 1603 116 317 349 50 172 58 2297 66
internal_value=-0.000430656 0.00176647 -0.0187831 0.00273235 -0.00287813 -0.0156371 -0.0233317 0.00120888 -0.00458774 -0.00597133 -0.0037234 -0.00323862 0.00171358 0.000419831 -0.000623037 -0.00449087 -0.00186557 -0.0117174 -0.0125169 -0.00873577 0.00187815 -0.00116667
internal_weight=17127 15299 1828 12670 2629 1096 732 4196 1488 553 935 852 2542 1654 1141 433 419 340 290 118 2412 130
internal_count=17127 15299 1828 12670 2629 1096 732 4196 1488 553 935 852 2542 1654 1141 433 419 340 290 118 2412 130
is_linear=0
shrinkage=0.035


Tree=6
num_leaves=23
num_cat=0
split_feature=9 9 8 9 22 8 9 2 15 9 14 15 1 12 8 21 12 25 5 20 20 20
split_gain=566.799 55.3437 18.98 17.947 9.87402 2.33896 2.06333 1.98041 1.70949 1.54059 1.80145 1.47661 1.4439 1.62602 1.31028 1.04217 1.00207 0.950131 0.844222 1.31789 0.9801 0.828894
threshold=1.0014611999653302 1.8251638013966984 5.7074308839208543 0.57332179065277356 34795.000000000007 3.0645657969878894 0.8377192982456142 3.2187509744530982 0.4188596491228071 1.3566482833550577 0.16025641025641027 0.40588235294117653 1.2739059848253513 1.0304431325172205 5.6937212231911305 1.5000000000000002 1.6909314353100842 195.50000000000003 1.0879323844190749 13.500000000000002 19.500000000000004 21.500000000000004
decision_type=2 2 2 2 2 2 2 2 2 2 2 2 2 2 2 2 2 2 2 2 2 2
left_child=3 7 5 4 -1 15 8 9 -5 10 -2 -8 13 -11 -7 16 -3 -14 20 -20 -19 -12
right_child=1 2 -4 6 -6 14 11 -9 -10 12 21 -13 17 -15 -16 -17 -18 18 19 -21 -22 -23
leaf_value=0 0 -0.0019645500831223001 0.14131944681435274 0 0 0.02826388936287055 0 0.032592874864011932 0 0 0 0 0 0 0 0.02826388936287055 0.02822251498787055 0 0 0 0.032022499594008207 0
leaf_weight=730 89 504 8572 60 552 1892 135 89 300 45 313 48 54 360 137 2522 317 111 108 111 53 115
leaf_count=730 89 504 8572 60 552 1892 135 89 300 45 313 48 54 360 137 2522 317 111 108 111 53 115
internal_value=-0.000404018 0.00178376 0.00246122 -0.0188197 -0.0211387 0.000824716 -0.0131697 -0.00471404 -0.014911 -0.00504472 -0.00662452 -0.00934574 -0.00402066 -0.00239024 0.00176205 0.000248805 -0.000822034 -0.00544796 -0.00606186 -0.00759375 -0.00374852 -0.0075739
internal_weight=17217 15392 13944 1825 1282 5372 543 1448 360 1359 517 183 842 405 2029 3343 821 437 383 219 164 428
internal_count=17217 15392 13944 1825 1282 5372 543 1448 360 1359 517 183 842 405 2029 3343 821 437 383 219 164 428
is_linear=0
shrinkage=0.035


Tree=7
num_leaves=23
num_cat=0
split_feature=9 9 9 9 22 9 15 8 20 10 20 20 20 12 15 10 1 21 8 20 14 9
split_gain=564.273 48.1467 19.8944 17.3303 4.34897 3.04321 2.54333 2.12136 1.45612 1.30373 1.12517 0.875131 0.84398 0.990495 0.746769 1.1481 1.09302 0.962723 0.884535 0.666725 0.808609 0.885431
threshold=1.0014611999653302 1.8251638013966984 0.3956951516321271 6.0000046588728333 34795.000000000007 0.8377192982456142 0.39642857142857152 3.0645657969878894 27.500000000000004 2.0000000000000031 19.500000000000004 29.500000000000004 4.5000000000000009 2.5136152065707509 0.29520697167755999 0.89973541084243702 1.6826396187409476 3.5000000000000004 1.5012755102040818 23.500000000000004 0.20714285714285716 1.3566482833550577
decision_type=2 2 2 2 2 2 2 2 2 2 2 2 2 2 2 2 2 2 2 2 2 2
left_child=2 9 4 7 -1 8 10 -3 -4 11 -7 14 13 -9 16 -16 17 19 -19 20 -2 -22
right_child=1 3 5 -5 -6 6 -8 12 -10 -11 -12 -13 -14 -15 15 -17 -18 18 -20 -21 21 -23
leaf_value=0 0 0.027233278860170081 0 0.13637326617585038 0 0 0 0.027274653235170081 0 0.031447986822415328 0 0.030823824837288065 0.027274653235170081 0 0 0 0 0.033451843609414091 0 0 0 0
leaf_weight=338 118 3277 711 8411 530 74 51 235 75 50 59 51 1689 220 64 218 473 88 90 96 86 149
leaf_count=338 118 3277 711 8411 530 74 51 235 75 50 59 51 1689 220 64 218 473 88 90 96 86 149
internal_value=-0.000459377 0.00174086 -0.0187572 0.00238451 -0.0227199 -0.0150949 -0.0102037 0.000835975 -0.016146 -0.00423858 -0.0127319 -0.00443463 0.00169218 0.000304348 -0.00460022 -0.00637805 -0.00410181 -0.00303481 -0.00070765 -0.00390088 -0.00461452 -0.00583333
internal_weight=17153 15315 1838 13832 868 970 184 5421 786 1483 133 1433 2144 455 1382 282 1100 627 178 449 353 235
internal_count=17153 15315 1838 13832 868 970 184 5421 786 1483 133 1433 2144 455 1382 282 1100 627 178 449 353 235
is_linear=0
shrinkage=0.035


Tree=8
num_leaves=23
num_cat=0
split_feature=9 9 15 9 9 9 22 10 15 7 20 2 21 22 8 1 9 11 13 12 12 0
split_gain=563.232 52.5359 21.3589 16.5884 6.56486 2.30622 1.94053 1.35773 1.29662 1.06892 1.02541 0.736806 0.717682 0.685387 0.862052 0.644492 1.09166 3.10174 1.09866 1.90631 0.983859 0.85154
threshold=1.0014611999653302 1.8251638013966984 0.68139097744360921 6.0000046588728333 0.8377192982456142 2.7125911075679072 34795.000000000007 2.0000000000000031 0.39642857142857152 0.86989795918367363 6.5000000000000009 3.2187509744530982 1.5000000000000002 19263.000000000004 3.644822090880004 1.1330627853334125 1.3566482833550577 1.0994504121565514 0.2678571428571429 1.0492520049945619 1.0304431325172205 1.9999246801866812
decision_type=2 2 2 2 2 2 2 2 2 2 2 2 2 2 2 2 2 2 2 2 2 2
left_child=2 7 4 5 9 12 -4 11 -6 -1 13 15 -3 14 -7 16 17 18 -2 -20 -18 -22
right_child=1 3 6 -5 8 10 -8 -9 -10 -11 -12 -13 -14 -15 -16 -17 20 -19 19 -21 21 -23
leaf_value=0 0.031422060473670514 -0.0020251560348914705 0 0.13160020185969562 0 0.026320040371939128 0 0.030339032434753187 0 0 0.026320040371939128 -0.0011407507562284894 0.026321488475064127 0.026320040371939128 -0.0077253467648299235 0 0 0 0 0.032254828155185281 0 0
leaf_weight=836 83 521 215 8356 135 201 526 48 52 79 2220 79 1863 501 108 593 46 146 65 54 196 167
leaf_count=836 83 521 215 8356 135 201 526 48 52 79 2220 79 1863 501 108 593 46 146 65 54 196 167
internal_value=-0.00050468 0.00170548 -0.0187538 0.00237949 -0.0154702 0.000864828 -0.0234772 -0.00455331 -0.00889583 -0.0167391 0.00150494 -0.00474965 4.24865e-05 0.000407976 -0.000847134 -0.00494649 -0.00412467 -0.00562181 -0.00258696 -0.00468548 -0.00275604 -0.0020163
internal_weight=17090 15247 1843 13770 1102 5414 741 1477 187 915 3030 1429 2384 810 309 1350 757 348 202 119 409 363
internal_count=17090 15247 1843 13770 1102 5414 741 1477 187 915 3030 1429 2384 810 309 1350 757 348 202 119 409 363
is_linear=0
shrinkage=0.035


Tree=9
num_leaves=23
num_cat=0
split_feature=8 8 8 8 22 8 12 8 20 25 25 25 2 5 12 1 12 5 20 20 12 1
split_gain=545.283 62.7978 15.187 12.4537 7.22893 6.95566 2.55055 1.55786 1.55342 1.46723 1.41319 1.29895 1.23738 1.18687 0.924275 0.885871 0.916667 0.848072 0.825354 1.69443 0.946625 1.00182
threshold=0.86030787602530523 2.1869318181818187 0.43179375919907664 5.0056043956043963 34795.000000000007 1.6441046834441899 1.0492520049945619 1.0741758241758244 27.500000000000004 557.50000000000011 557.50000000000011 195.50000000000003 3.9805079009487661 0.99491741027542968 1.6055246644948793 3.9805079009487661 1.595178283109683 2.4260456986287315 21.500000000000004 10.500000000000002 1.0135239427059755 0.97613398113309346
decision_type=2 2 2 2 2 2 2 2 2 2 2 2 2 2 2 2 2 2 2 2 2 2
left_child=2 5 4 13 -1 7 8 11 -4 15 12 -2 14 -3 18 16 -7 -17 19 -9 -20 -22
right_child=1 3 6 -5 -6 9 -8 10 -10 -11 -12 -13 -14 -15 -16 17 -18 -19 20 -21 21 -23
leaf_value=0 0 -0.0052030783442671208 0 0.12699419479460627 0 -0.00081352504597547088 0 0 0 0.027487647037441339 0.028712647037441339 0 0.029289578569770616 0.025398838958921258 0.0057816393862931623 -0.0028636529807345096 0.027568226412926163 -0.001828697948460221 0.032372495519389151 0 0.017875673009977989 -0.00093642992758291425
leaf_weight=463 45 247 579 8855 535 670 67 359 55 216 50 235 56 3779 53 61 176 55 46 288 57 207
leaf_count=463 45 247 579 8855 535 670 67 359 55 216 50 235 56 3779 53 61 176 55 46 288 57 207
internal_value=-0.000508101 0.0015621 -0.0192993 0.00256022 -0.022183 -0.00342129 -0.0150411 -0.00509386 -0.0157801 -0.00141124 -0.00443042 -0.00755263 -0.00470261 0.000938601 -0.00498276 -0.00200155 -0.00155875 -0.00488843 -0.00523181 -0.00600153 -0.0035 -0.00430669
internal_weight=17154 15455 1699 12881 998 2574 701 1396 634 1178 1116 280 1066 4026 1010 962 846 116 957 647 310 264
internal_count=17154 15455 1699 12881 998 2574 701 1396 634 1178 1116 280 1066 4026 1010 962 846 116 957 647 310 264
is_linear=0
shrinkage=0.035


Tree=10
num_leaves=23
num_cat=0
split_feature=9 8 15 8 9 9 20 8 9 22 15 11 15 21 2 25 11 8 22 7 12 9
split_gain=549.329 39.2799 22.362 11.9269 4.56442 4.09832 3.06077 1.61952 1.43293 1.38121 1.30621 1.30654 1.04253 0.968842 0.96398 0.888019 0.91768 2.00584 0.873401 1.72705 0.755728 0.650981
threshold=1.0014611999653302 3.0645657969878894 0.68139097744360921 1.6441046834441899 0.8377192982456142 6.7367139420991249 21.500000000000004 1.0741758241758244 1.8251638013966984 34795.000000000007 0.44722222222222224 0.90621303993092428 0.39642857142857152 1.5000000000000002 3.9805079009487661 180.50000000000003 1.0860019357503572 1.4308035714285716 19263.000000000004 5.1540659340659358 1.4198477951204269 2.9646741845814515
decision_type=2 2 2 2 2 2 2 2 2 2 2 2 2 2 2 2 2 2 2 2 2 2
left_child=2 3 4 6 10 18 8 -8 14 -4 -1 -12 -6 20 15 -2 -17 -18 19 -3 -5 -15
right_child=1 5 9 13 12 -7 7 -9 -10 -11 11 -13 -14 21 -16 16 17 -19 -20 -21 -22 -23
leaf_value=0 0 0.024509879595359014 0 -0.0020100516693663294 0 0.15754939797679507 0 -0.00045633186763860802 -0.0028636529844336669 0 0 0 0 2.8473376609141483e-05 0.010030203564252908 0 0 0 0.025052655081790349 -0.0077222853060421722 -0.00069287091594744067 0.024511327698484013
leaf_weight=127 47 661 219 252 131 7898 70 345 80 512 614 162 45 2408 45 297 205 174 1935 73 587 252
leaf_count=127 47 661 219 252 131 7898 70 345 80 512 614 162 45 2408 45 297 205 174 1935 73 587 252
internal_value=-0.000313579 0.00184062 -0.018522 -0.000795154 -0.0151301 0.00302989 -0.00370426 -0.00116667 -0.00491149 -0.0233682 -0.0161971 -0.0168905 -0.00926243 0.00025371 -0.00537451 -0.00568269 -0.00600808 -0.00725521 0.00182461 0.000753045 -0.000771327 0.000584428
internal_weight=17139 15329 1810 4762 1079 10567 1263 415 848 731 903 776 176 3499 768 723 676 379 2669 734 839 2660
internal_count=17139 15329 1810 4762 1079 10567 1263 415 848 731 903 776 176 3499 768 723 676 379 2669 734 839 2660
is_linear=0
shrinkage=0.035


Tree=11
num_leaves=23
num_cat=0
split_feature=9 9 9 8 22 9 20 9 20 8 7 20 9 24 14 3 5 0 21 3 22 12
split_gain=563.912 38.2621 19.4537 12.4522 10.6984 3.62458 3.12036 2.99177 1.28231 1.28196 1.07804 0.960741 0.944474 0.936688 0.885356 0.821018 0.79441 0.793522 0.650955 0.641326 0.577161 0.619433
threshold=1.0014611999653302 3.110641021714653 0.57332179065277356 1.6441046834441899 34795.000000000007 6.7367139420991249 21.500000000000004 0.8377192982456142 15.500000000000002 1.0741758241758244 1.0023000964625202 4.5000000000000009 1.394122775479413 9349.5000000000018 0.40833333333333338 2.3964285714285718 5.0127769206881263 2.6507681264349361 4.5000000000000009 2.3744258531167257 54348.000000000007 1.0945553872080129
decision_type=2 2 2 2 2 2 2 2 2 2 2 2 2 2 2 2 2 2 2 2 2 2
left_child=2 3 4 6 -1 11 8 14 12 -8 -10 13 -2 16 -4 -11 -3 20 -13 -14 21 -5
right_child=1 5 7 17 -6 -7 9 -9 10 15 -12 18 19 -15 -16 -17 -18 -19 -20 -21 -22 -23
leaf_value=0 0 -0.0062428411586917523 0 -0.0028361761760058455 0 0.15203516904760725 0 0 -0.00066563809223138776 4.8746662832753281e-05 0 0.023653431229037073 0 0.034724065844422052 0 -0.0011135186334742546 0.058591662292496349 0.023652033809521449 -0.0091094250739139938 0.031826209808067205 -0.0022747883787490285 2.7476808427821532e-05
leaf_weight=731 324 282 91 105 565 7873 71 189 66 298 156 1902 231 143 279 50 72 1541 91 78 62 1961
leaf_count=731 324 282 91 105 565 7873 71 189 66 298 156 1902 231 143 279 50 72 1541 91 78 62 1961
internal_value=-0.000373937 0.00183584 -0.0185726 -0.000694624 -0.0209812 0.00304427 -0.00366966 -0.0128209 -0.00488372 -0.00112264 -0.00729295 0.00185872 -0.00396081 0.000432271 -0.0147933 -0.000168555 -0.000497214 0.000337235 0.0022037 -0.00240764 -9.35301e-05 1.69013e-06
internal_weight=17161 15306 1855 4943 1296 10363 1274 559 855 419 222 2490 633 497 370 348 354 3669 1993 309 2128 2066
internal_count=17161 15306 1855 4943 1296 10363 1274 559 855 419 222 2490 633 497 370 348 354 3669 1993 309 2128 2066
is_linear=0
shrinkage=0.035


Tree=12
num_leaves=23
num_cat=0
split_feature=9 8 15 8 9 9 20 15 22 9 4 1 4 15 15 11 15 1 20 22 22 8
split_gain=568.453 34.4567 20.2387 7.79568 6.29993 4.19724 2.87439 2.2085 1.23742 1.10463 1.18224 1.08026 2.38607 1.08795 1.05154 1.04263 1.48816 1.02954 0.978451 0.966791 0.913316 1.06834
threshold=1.0014611999653302 3.0645657969878894 0.68139097744360921 1.6441046834441899 0.8377192982456142 6.1071475160156901 21.500000000000004 0.39642857142857152 54348.000000000007 1.8251638013966984 4.9547980748721674 1.0010887194926981 1.6849104296056494 0.31980519480519487 0.10263157894736843 0.90621303993092428 0.37268518518518523 3.7899203501381034 6.5000000000000009 34795.000000000007 19263.000000000004 3.644822090880004
decision_type=2 2 2 2 2 2 2 2 2 2 2 2 2 2 2 2 2 2 2 2 2 2
left_child=2 3 4 6 15 18 9 -6 14 10 11 12 13 -2 -5 16 -1 -16 20 -4 21 -3
right_child=1 5 19 8 7 -7 -8 -9 -10 -11 -12 -13 -14 -15 17 -17 -18 -19 -20 -21 -22 -23
leaf_value=0 1.3978406393985256e-05 0.022824212626188198 0 0.023682509946969441 0 0.1208446849559161 0 0 -0.0021594411815900978 0.0060567938426159948 0 0 -0.0010997721165784682 0 2.6515120132847778e-05 0 0 -0.0038172857406669736 0.022824163716505152 0 0.023632024295592004 -0.008803856812633605
leaf_weight=54 187 108 211 1816 139 8330 411 51 74 84 80 275 145 84 1304 179 679 302 1581 526 416 112
leaf_count=54 187 108 211 1816 139 8330 411 51 74 84 80 275 145 84 1304 179 679 302 1581 526 416 112
internal_value=-0.000309538 0.00190016 -0.0186692 -0.000567548 -0.0154702 0.00301573 -0.00291621 -0.0090641 0.00028092 -0.00406977 -0.00448325 -0.00494828 -0.00364964 -0.00157246 0.000385031 -0.016729 -0.0175569 -0.000258535 0.00164131 -0.0232925 0.000442278 -0.00132222
internal_weight=17148 15309 1839 4762 1102 10547 1266 190 3496 855 771 691 416 271 3422 912 733 1606 2217 737 636 220
internal_count=17148 15309 1839 4762 1102 10547 1266 190 3496 855 771 691 416 271 3422 912 733 1606 2217 737 636 220
is_linear=0
shrinkage=0.035


Tree=13
num_leaves=23
num_cat=0
split_feature=9 9 15 9 8 9 22 1 15 0 15 11 11 4 1 4 21 9 25 9 11 5
split_gain=568.677 32.8742 20.9231 5.04976 4.38719 3.67448 2.13057 1.5999 1.55415 1.40102 1.29996 1.23955 1.00568 0.770742 0.757966 0.681288 0.62399 0.720183 0.753949 0.597992 0.755815 0.605958
threshold=1.0014611999653302 3.110641021714653 0.68139097744360921 0.8377192982456142 1.6441046834441899 6.0000046588728333 34795.000000000007 1.0010887194926981 0.39642857142857152 0.99502319985380738 0.37797619047619052 0.90621303993092428 1.8125789272193893 1.8395072499011569 3.1082911943165921 2.1576609397334576 1.5000000000000002 5.7857189445871189 277.00000000000006 2.1181764471546729 1.4373357526806561 1.9792204361109744
decision_type=2 2 2 2 2 2 2 2 2 2 2 2 2 2 2 2 2 2 2 2 2 2
left_child=2 4 3 10 7 16 -4 -2 -5 13 -1 -12 19 -9 -14 -11 17 -3 -19 20 -6 -21
right_child=1 5 6 8 12 -7 -8 9 -10 15 11 -13 14 -15 -16 -17 -18 18 -20 21 -22 -23
leaf_value=0 0 0.02202531798642747 0 0 -9.1430284496769388e-05 0.11661512098245903 0 0 0 0 0 0 0.022853622098825507 0 -0.0020788486976256377 4.704052963360692e-05 0.02202531798642747 0.027379836103777994 -0.0068514625684832613 -0.0057197466074361851 -0.0026680018117905091 0.022852226391148797
leaf_weight=54 738 487 210 142 469 8295 530 75 51 332 674 180 638 60 296 73 1337 89 79 456 348 1497
leaf_count=54 738 487 210 142 469 8295 530 75 51 332 674 180 638 60 296 73 1337 89 79 456 348 1497
internal_value=-0.000295501 0.00192117 -0.0186452 -0.0153924 -0.000409164 0.00305111 -0.0233255 -0.0021742 -0.00958081 -0.00362844 -0.0165493 -0.016954 0.000197223 -0.00675 0.00118903 -0.00247561 0.00167727 0.000742424 -0.00115318 -0.000132432 -0.000928224 0.000193054
internal_weight=17110 15269 1841 1101 4982 10287 740 1278 193 540 908 854 3704 135 934 405 1992 655 168 2770 817 1953
internal_count=17110 15269 1841 1101 4982 10287 740 1278 193 540 908 854 3704 135 934 405 1992 655 168 2770 817 1953
is_linear=0
shrinkage=0.035


Tree=14
num_leaves=23
num_cat=0
split_feature=9 9 9 22 9 9 9 15 9 1 1 25 8 13 11 22 7 0 2 22 10 8
split_gain=566.64 30.1284 19.9552 9.60983 4.71746 3.83199 2.27694 2.8805 1.62109 1.33969 1.03395 1.03587 0.841111 0.892928 0.806507 0.734541 2.33892 0.610602 0.59971 0.974921 0.539358 0.676587
threshold=1.0014611999653302 3.110641021714653 0.57332179065277356 34795.000000000007 1.394122775479413 7.9300594662842876 0.8377192982456142 0.39642857142857152 2.321297033566406 1.1330627853334125 0.97613398113309346 557.50000000000011 1.4922804535981715 0.41428571428571431 1.6751667092642408 19263.000000000004 5.1540659340659358 2.37594586696614 3.2187509744530982 28242.500000000004 1.5735915849388864 2.3572293111853639
decision_type=2 2 2 2 2 2 2 2 2 2 2 2 2 2 2 2 2 2 2 2 2 2
left_child=2 4 3 -1 9 15 -4 -8 10 -2 -6 20 13 -11 17 16 -3 18 -10 -20 -12 -22
right_child=1 5 6 -5 8 -7 7 -9 14 12 11 -13 -14 -15 -16 -17 -18 -19 19 -21 21 -23
leaf_value=0 0 0.021254431856902511 0 0 0.024735271679042426 0.17340284492309785 0 0 -0.0057875203424830332 0 -0.0006693106578427822 0.024809387158628488 0 0 0.022053745325366619 0.04253359174807296 -0.0079705102212621146 0.022053778970094556 -0.0061905915458557829 -0.010858613409264584 -0.002747756660573098 0.024683682483127991
leaf_weight=743 403 574 355 531 343 6700 132 55 478 119 1091 282 45 56 1014 3021 69 558 89 52 339 79
leaf_count=743 403 574 355 531 343 6700 132 55 478 119 1091 282 45 56 1014 3021 69 558 89 52 339 79
internal_value=-0.000414084 0.00177936 -0.0188723 -0.0213202 -0.000464264 0.00285191 -0.0129442 -0.00907812 -4.84987e-05 -0.00329936 -0.000737962 -0.00107962 -0.00552222 -0.00661111 0.00061521 0.001926 0.000799383 0 -0.00076282 -0.00273288 -0.00144716 -0.00254019
internal_weight=17128 15312 1816 1274 4948 10364 542 187 4325 623 2134 1791 220 175 2191 3664 643 1177 619 141 1509 418
internal_count=17128 15312 1816 1274 4948 10364 542 187 4325 623 2134 1791 220 175 2191 3664 643 1177 619 141 1509 418
is_linear=0
shrinkage=0.035


Tree=15
num_leaves=23
num_cat=0
split_feature=9 9 8 22 9 9 12 20 20 1 8 5 22 8 11 14 15 25 15 11 15 15
split_gain=566.007 28.4143 17.8204 8.3595 4.93733 3.67641 1.32959 1.33946 1.31882 1.30676 1.07309 1.08505 0.997697 1.13492 0.971132 0.86165 0.709641 0.671043 0.852091 0.809961 0.642926 0.641695
threshold=1.0014611999653302 3.110641021714653 0.5723960849627322 34795.000000000007 1.394122775479413 8.0036823498036949 1.1069254434621634 27.500000000000004 4.5000000000000009 1.1886731649318623 2.2505441902424379 0.99491741027542968 19263.000000000004 3.7178072315882882 1.1200276811242398 0.34523809523809529 0.34891304347826091 557.50000000000011 0.075498575498575513 1.4468609447374672 0.43303571428571436 0.10912698412698414
decision_type=2 2 2 2 2 2 2 2 2 2 2 2 2 2 2 2 2 2 2 2 2 2
left_child=2 4 3 -1 9 8 7 20 12 14 17 -12 13 -3 16 -16 -2 18 -6 -20 -4 -13
right_child=1 5 6 -5 10 -7 -8 -9 -10 -11 11 21 -14 -15 15 -17 -18 -19 19 -21 -22 -23
leaf_value=0 2.3199484527688756e-05 0.054246312567850938 0 0 -0.0030130525790101202 0.16733374535078943 0 0 0.031914169211915304 0 -0.0067902644594093715 0.021281864055599443 0.021719466280228278 -0.0093524513211435643 -4.8924422378948397e-07 0 -0.0010995437748662859 0.023964397789517373 2.342587302449738e-05 -0.0017892834080953455 0 -0.0049074831757803354
leaf_weight=742 199 63 187 550 313 6630 58 48 3086 223 190 1730 516 88 98 65 45 331 837 530 243 409
leaf_count=742 199 63 187 550 313 6630 58 48 3086 223 190 1730 516 88 98 65 45 331 837 530 243 409
internal_value=-0.000361282 0.00183181 -0.018745 -0.0210297 -0.000341206 0.00287332 -0.0130619 -0.0137464 0.00198191 -0.00322441 7.65249e-05 0.000590831 0.00053125 -0.00188462 -0.00193689 -0.004 -0.000435743 -0.000510417 -0.000799703 -0.000403061 -0.0144425 0.000822761
internal_weight=17181 15353 1828 1292 4970 10383 536 478 3753 630 4340 2329 667 151 407 163 244 2011 1680 1367 430 2139
internal_count=17181 15353 1828 1292 4970 10383 536 478 3753 630 4340 2329 667 151 407 163 244 2011 1680 1367 430 2139
is_linear=0
shrinkage=0.035


Tree=16
num_leaves=23
num_cat=0
split_feature=8 8 15 8 15 7 8 24 7 6 20 12 11 10 11 22 7 21 4 17 12 15
split_gain=553.69 30.0606 14.1077 6.48102 5.44443 4.02676 2.03196 1.72568 1.3305 1.26149 1.05096 1.06378 1.04852 0.929545 0.89151 0.860317 1.84385 0.766041 0.755982 0.637975 0.550325 0.732186
threshold=0.86030787602530523 3.0645657969878894 0.68139097744360921 1.0741758241758244 0.44722222222222224 7.4209183673469399 2.2505441902424379 4326.0000000000009 0.42857142857142866 1.97709895546861 18.500000000000004 1.13796904394344 0.90621303993092428 2.1491969707422425 1.2157392722216309 19263.000000000004 5.1540659340659358 2.5000000000000004 1.4444546508177714 1.0000000180025095e-35 1.7489730908780579 0.10620300751879701
decision_type=2 2 2 2 2 2 2 2 2 2 2 2 2 2 2 2 2 2 2 2 2 2
left_child=2 3 4 7 -1 15 9 -2 -4 10 11 18 -6 -11 -13 16 -3 -9 -5 -12 21 -8
right_child=1 5 8 6 12 -7 20 17 -10 13 19 14 -14 -15 -16 -17 -18 -19 -20 -21 -22 -23
leaf_value=0 0 0.019393530819493885 0 -8.0978196692805065e-05 0 0.12647706426351182 0.020537046669236014 0 0 0 4.3328625102965507e-05 4.7527929190632743e-05 0 -0.0036627039600268261 -0.0017117330631829229 0.030797173289498273 -0.0072773615009823411 0 0 -0.0028122597159452494 0.020536996221141017 -0.0053367684236141927
leaf_weight=196 144 684 670 120 636 7123 960 57 75 1497 298 108 128 51 302 2633 70 89 87 61 733 406
leaf_count=196 144 684 670 120 636 7123 960 57 75 1497 298 108 128 51 302 2633 70 89 87 61 733 406
internal_value=-0.000322156 0.00177132 -0.0192193 -0.00048536 -0.016158 0.00282763 -0.000160328 -0.00551695 -0.0230067 -0.000831752 -0.001816 -0.00268971 -0.0175728 -0.000196072 -0.00156024 0.0018181 0.000733202 -0.00252649 -0.00475472 -0.00025 0.000638783 0.000206783
internal_weight=17128 15423 1705 4913 960 10510 4623 290 745 2524 976 617 764 1548 410 3387 754 146 207 359 2099 1366
internal_count=17128 15423 1705 4913 960 10510 4623 290 745 2524 976 617 764 1548 410 3387 754 146 207 359 2099 1366
is_linear=0
shrinkage=0.035


Tree=17
num_leaves=23
num_cat=0
split_feature=9 9 22 9 7 15 9 9 15 20 21 25 20 3 22 4 22 2 24 11 2 3
split_gain=577.679 27.1535 13.0255 9.40497 3.52681 1.5235 1.45912 1.45888 1.34807 1.31253 1.53199 0.925164 0.736322 0.622449 0.614413 0.583397 0.57267 0.545642 0.544496 0.706326 0.512591 0.759851
threshold=0.8377192982456142 3.110641021714653 34795.000000000007 1.0014611999653302 7.1428757783484729 0.39642857142857152 2.321297033566406 0.46448047084160615 0.37268518518518523 4.5000000000000009 1.5000000000000002 637.50000000000011 26.500000000000004 0.99491741027542968 43337.000000000007 1.6849104296056494 22034.500000000004 3.048913353713417 4326.0000000000009 1.6602380777659305 1.3122145151877842 3.9853480954257141
decision_type=2 2 2 2 2 2 2 2 2 2 2 2 2 2 2 2 2 2 2 2 2 2
left_child=2 3 8 5 9 15 11 -4 -1 10 14 13 -10 -5 -3 -2 -12 -8 -19 -20 21 -15
right_child=1 4 7 6 -6 -7 17 -9 12 -11 16 -13 -14 20 -16 -17 -18 18 19 -21 -22 -23
leaf_value=0 0 -0.0099384194747093296 0 2.0318571475409679e-05 0.1220503670142889 0 0.01981825168387388 0 0 0.020399163198379353 -0.0074568793999216379 0.023272963747582871 0 1.7123547832631941e-08 0.019785922692891308 0 0.047602295134651244 0.019484482144788127 -0.011753513547806835 0.0042994521459961818 -0.001109577933865567 -0.0034214507744796323
leaf_weight=48 92 160 546 460 7281 48 1569 45 871 2589 73 322 137 808 60 46 208 421 65 126 1055 121
leaf_count=48 92 160 546 460 7281 48 1569 45 871 2589 73 322 137 808 60 46 208 421 65 126 1055 121
internal_value=-0.000255829 0.00183903 -0.0199322 -0.000239782 0.00286922 -0.00786126 5.08887e-05 -0.0243356 -0.0173483 0.00186026 0.000179842 -0.000478708 -0.0176797 -0.000716006 -0.00194444 -0.00971678 0.00190909 0.000730101 -0.00013047 -0.00167857 -0.000987179 -0.000359743
internal_weight=17151 15504 1647 5133 10371 186 4947 591 1056 3090 501 2766 1008 2444 220 138 281 2181 612 191 1984 929
internal_count=17151 15504 1647 5133 10371 186 4947 591 1056 3090 501 2766 1008 2444 220 138 281 2181 612 191 1984 929
is_linear=0
shrinkage=0.035


Tree=18
num_leaves=23
num_cat=0
split_feature=15 7 12 15 15 7 14 22 11 12 12 22 7 11 20 21 0 15 12 20 7 12
split_gain=551.117 28.1906 11.2921 11.0077 6.10749 3.05192 2.80614 2.4522 2.10506 2.03505 1.33528 1.16141 1.5827 0.980775 0.745095 0.546349 0.755074 0.535713 0.542702 0.525037 1.13925 0.710135
threshold=0.43303571428571436 3.5719447622651486 0.93182273442540076 0.68139097744360921 0.32738095238095244 7.4209183673469399 0.42261904761904767 34795.000000000007 0.90621303993092428 0.67014369125706297 1.7920311537267728 19263.000000000004 5.1540659340659358 0.92878273166406544 12.500000000000002 1.5000000000000002 1.9999246801866812 0.04083333333333334 1.1252098250536189 15.500000000000002 2.9025822443491589 1.7101433810229156
decision_type=2 2 2 2 2 2 2 2 2 2 2 2 2 2 2 2 2 2 2 2 2 2
left_child=1 2 4 8 9 11 10 -5 -2 -1 17 12 -3 -8 -11 16 -12 18 -4 20 -19 -21
right_child=3 5 6 7 -6 -7 13 -9 -10 14 15 -13 -14 -15 -16 -17 -18 19 -20 21 -22 -23
leaf_value=0 0 0.018000786528868322 -0.0054229076334480217 0 0 0.12108304441559749 0 0 0 0.015132657826452166 -0.0054756498337897091 0.038136048337397657 -0.0066748091668331318 -5.99324174142118e-10 -0.00072193166514756353 0.018000786528868322 0.018000786528868322 3.6968892120137945e-05 0.01907394317736202 -0.000829911210476212 -0.012302009843273343 0.023080501342280041
leaf_weight=63 648 302 71 223 109 7156 48 501 189 78 122 2189 76 108 71 932 273 1415 904 1359 113 143
leaf_count=63 648 302 71 223 109 7156 48 501 189 78 122 2189 76 108 71 932 273 1415 904 1359 113 143
internal_value=-0.000221488 0.00177219 -0.000154111 -0.0200121 -0.00648466 0.00292434 0.000218551 -0.0233861 -0.0169513 -0.00279032 0.000358722 0.00186703 2.74153e-05 -0.00432609 -0.000363636 0.00131907 0.000175 3.49128e-05 0.00075 -0.00019028 0.000257991 -0.000657266
internal_weight=17093 15532 5809 1561 321 9723 5488 724 837 212 5332 2567 378 156 149 1327 395 4005 975 3030 1528 1502
internal_count=17093 15532 5809 1561 321 9723 5488 724 837 212 5332 2567 378 156 149 1327 395 4005 975 3030 1528 1502
is_linear=0
shrinkage=0.035


Tree=19
num_leaves=23
num_cat=0
split_feature=9 9 22 9 9 15 20 12 20 21 9 25 15 2 5 10 15 3 22 3 5 6
split_gain=581.49 23.5858 14.6364 4.81113 3.65152 1.76217 1.55537 1.50587 1.22001 1.63887 1.07371 0.740425 1.06341 0.538172 0.730403 0.522522 0.512152 0.504586 0.498308 0.484645 0.669487 0.790647
threshold=0.8377192982456142 3.110641021714653 34795.000000000007 1.0014611999653302 7.9300594662842876 0.37268518518518523 26.500000000000004 0.93182273442540076 4.5000000000000009 1.5000000000000002 2.4444909400534773 557.50000000000011 0.060661764705882359 2.9852237017189558 0.99491741027542968 0.70711369680452518 0.61721611721611735 3.6063547516383614 22034.500000000004 2.2520525147951038 2.0727513227513232 1.9999246801866812
decision_type=2 2 2 2 2 2 2 2 2 2 2 2 2 2 2 2 2 2 2 2 2 2
left_child=2 3 5 7 8 -1 -7 -2 9 -3 11 12 -5 -12 -15 -8 -4 -16 -11 -14 -21 -22
right_child=1 4 16 10 -6 6 15 -9 -10 18 13 -13 19 14 17 -17 -18 -19 -20 20 21 -23
leaf_value=0 0 -0.010823542222318678 0 -0.0055037564345276685 0.14854069761424285 0 0 0 0.02632366175362548 -0.0069622703000852201 0.01914131751434326 0.022065310455774749 8.2917570458810546e-07 -0.010091619335069623 0.018494487109244073 0 0 -0.011908516198189585 0.026245497388743527 -7.2944911807051288e-05 -0.0048025456886579346 -0.00086657770389550796
leaf_weight=50 60 225 54 170 6684 870 83 131 3001 73 926 443 1811 55 581 52 538 238 327 389 79 211
leaf_count=50 60 225 54 170 6684 870 83 131 3001 73 926 443 1811 55 581 52 538 238 327 389 79 211
internal_value=-0.000218339 0.00189639 -0.0199534 -4.87349e-05 0.0028587 -0.0172358 -0.017604 -0.00542857 0.00194809 0.0005 0.000162592 -0.000227477 -0.000453096 0.00084349 0.000195108 -0.0125 -0.0245821 0.000484223 0.00185802 -0.000259519 -0.00105409 -0.00231356
internal_weight=17051 15404 1647 5094 10310 1055 1005 191 3626 625 4903 3103 2660 1800 874 135 592 819 400 2490 679 290
internal_count=17051 15404 1647 5094 10310 1055 1005 191 3626 625 4903 3103 2660 1800 874 135 592 819 400 2490 679 290
is_linear=0
shrinkage=0.035


Tree=20
num_leaves=23
num_cat=0
split_feature=9 9 23 9 15 9 15 8 6 20 25 9 15 8 24 2 2 25 25 6 23 21
split_gain=580.505 21.4384 13.7061 3.5611 2.31273 2.18655 2.14347 1.33402 1.23048 0.889806 0.74316 1.09031 0.768247 0.733236 0.594796 0.913917 0.697849 0.884537 1.36107 0.459654 0.442719 0.517981
threshold=0.8377192982456142 6.0000046588728333 40250.000000000007 2.4444909400534773 0.59629629629629644 1.0014611999653302 0.44722222222222224 9.1458333333333339 4.9547980748721674 6.5000000000000009 557.50000000000011 1.6084720730397424 0.051315789473684217 3.0645657969878894 9349.5000000000018 4.0075510609739959 5.0127769206881263 180.50000000000003 600.00000000000011 3.9929401464817613 7350.0000000000009 1.5000000000000002
decision_type=2 2 2 2 2 2 2 2 2 2 2 2 2 2 2 2 2 2 2 2 2 2
left_child=2 3 6 5 -4 8 -1 -3 -2 14 11 -7 19 20 15 -5 17 -17 -19 -13 -11 -22
right_child=1 7 4 9 -6 10 -8 -9 -10 13 -12 12 -14 -15 -16 16 -18 18 -20 -21 21 -23
leaf_value=0 0 0.051939478478852448 0 0.016932230228249877 0 2.6592042160554333e-05 0 0.17834177319774439 0 0.019595434471249822 0.021293024589822632 -0.0051694575921839604 -0.00080542020951089566 0.016449430838981042 0.014824239927192118 0.028937633131787186 0.01593871109282996 -0.011586864482988289 0.0049435438275069648 -0.0071202664761195718 -0.010274531254241786 0.017820112633986439
leaf_weight=114 116 2552 50 470 534 1037 968 5797 58 176 434 79 1464 1508 174 54 127 108 78 70 293 828
leaf_count=114 116 2552 50 470 534 1037 968 5797 58 176 434 79 1464 1508 174 54 127 108 78 70 293 828
internal_value=-0.000216216 0.00190517 -0.0198124 0.000484037 -0.0243693 -0.000361477 -0.017236 0.00310618 -0.0041257 0.00121002 -0.000137099 -0.000362523 -0.000934487 0.00153203 0.00029626 -7.48217e-05 -0.00139247 -0.0025 -0.0036466 -0.00331818 0.000892473 0.000609236
internal_weight=17089 15423 1666 7074 584 3258 1082 8349 174 3816 3084 2650 1613 2805 1011 837 367 240 186 149 1297 1121
internal_count=17089 15423 1666 7074 584 3258 1082 8349 174 3816 3084 2650 1613 2805 1011 837 367 240 186 149 1297 1121
is_linear=0
shrinkage=0.035


Tree=21
num_leaves=23
num_cat=0
split_feature=9 9 22 7 9 9 12 20 20 24 9 5 9 25 10 9 25 12 5 10 5 14
split_gain=568.655 22.0772 14.3074 3.9437 2.83016 1.8379 1.38689 1.29151 1.21399 1.13258 0.94956 0.758057 0.708292 1.32275 0.847065 0.651402 0.644412 1.08895 0.602127 0.800214 0.756998 0.543548
threshold=0.8377192982456142 2.9646741845814515 34795.000000000007 7.0080666749968783 1.0014611999653302 0.46448047084160615 0.93182273442540076 4.5000000000000009 27.500000000000004 8120.5000000000009 2.321297033566406 5.0127769206881263 1.6084720730397424 557.50000000000011 0.69006555934235536 10.282228184783714 180.50000000000003 2.4250674389462761 0.99491741027542968 1.3451854182691003 1.9505436317305533 0.34523809523809529
decision_type=2 2 2 2 2 2 2 2 2 2 2 2 2 2 2 2 2 2 2 2 2 2
left_child=2 4 8 7 6 -4 -2 9 21 11 12 16 14 18 -6 -5 -3 -18 19 -14 -20 -1
right_child=1 3 5 15 10 -7 -8 -9 -10 -11 -12 -13 13 -15 -16 -17 17 -19 20 -21 -22 -23
leaf_value=0 0 0.017357358273705676 0 0.050121596732092613 -0.00050548505598227314 0 0 0.016460020126346168 0 0.019080075038106228 0.017248832579070245 0.029870186732331369 -0.00063357649760619882 0.020741421128723195 2.7345570503114991e-05 0.20709981113582332 0.015495475207544695 -0.01071953652439963 0.00020895068177108258 -0.0051994932343723604 -0.0017279513492002273 0
leaf_weight=48 54 76 540 2185 112 46 122 2742 114 204 1858 76 81 282 978 5136 74 111 341 78 885 921
leaf_count=48 54 76 540 2185 112 46 122 2742 114 204 1858 76 81 282 978 5136 74 111 341 78 885 921
internal_value=-0.000270871 0.00183409 -0.0196452 0.00272471 -0.000134278 -0.024275 -0.00442818 0.00170103 -0.0170239 0.000102564 3.03032e-05 -0.00110526 -0.000377625 -0.000833134 0.000303653 0.00317991 -0.00202632 -0.00313158 -0.00128417 -0.00332927 -0.000992283 -0.0175575
internal_weight=17064 15395 1669 10604 4791 586 176 3283 1083 541 4615 337 2757 1667 1090 7321 261 185 1385 159 1226 969
internal_count=17064 15395 1669 10604 4791 586 176 3283 1083 541 4615 337 2757 1667 1090 7321 261 185 1385 159 1226 969
is_linear=0
shrinkage=0.035


Tree=22
num_leaves=23
num_cat=0
split_feature=9 8 22 9 9 15 15 20 11 1 6 20 9 9 25 8 22 22 11 22 24 15
split_gain=569.307 20.6864 13.8819 4.20705 4.00905 1.76321 1.62058 1.25799 2.29824 1.03598 1.021 1.37196 1.00842 0.851209 1.30952 0.628811 0.728659 0.616527 0.571006 0.546724 0.783241 0.497512
threshold=0.8377192982456142 3.0645657969878894 34795.000000000007 1.0014611999653302 10.03132202993814 0.37268518518518523 0.59629629629629644 26.500000000000004 0.75955452531275025 1.9999246801866812 5.6169243421240225 4.5000000000000009 2.5357338073371021 1.6084720730397424 557.50000000000011 3.7861431116147957 19263.000000000004 54348.000000000007 1.6602380777659305 33201.500000000007 10081.000000000002 0.10620300751879701
decision_type=2 2 2 2 2 2 2 2 2 2 2 2 2 2 2 2 2 2 2 2 2 2
left_child=2 3 5 9 10 -1 -4 -7 -9 17 11 15 13 -5 -15 -3 -17 -2 -13 -18 -21 -14
right_child=1 4 6 12 -6 7 -8 8 -10 -11 -12 18 21 14 -16 16 19 -19 -20 20 -22 -23
leaf_value=0 0 0.017433660723057472 0 2.589973078787078e-05 0.17110327084339794 0 0 0 0 0 0.048898990454676272 0.01349916759196612 0.016583339820449641 -0.0016519423620811589 0.01930778673163636 -0.0057675283820777757 0.03039408906882932 0 0.016700018526894522 -0.011130450374206423 0.020548499703787599 -0.00857833180245921
leaf_weight=46 73 161 56 1080 5301 867 537 102 45 49 2148 282 1066 1748 514 78 153 62 2244 89 88 289
leaf_count=46 73 161 56 1080 5301 867 537 102 45 49 2148 282 1066 1748 514 78 153 62 2244 89 88 289
internal_value=-0.000294415 0.00179877 -0.0197841 -8.16618e-05 0.00267054 -0.0171385 -0.024301 -0.0174863 -0.0128487 -0.0052037 0.00197275 0.00154677 0.000120587 -0.000201822 -0.00059131 0 -0.000737288 -0.00675 0.00189589 0 -0.00130769 0.000926471
internal_weight=17078 15425 1653 4881 10544 1060 593 1014 147 184 5243 3095 4697 3342 2262 569 408 135 2526 330 177 1355
internal_count=17078 15425 1653 4881 10544 1060 593 1014 147 184 5243 3095 4697 3342 2262 569 408 135 2526 330 177 1355
is_linear=0
shrinkage=0.035


Tree=23
num_leaves=23
num_cat=0
split_feature=9 8 22 9 9 20 8 12 15 9 6 20 21 21 24 9 15 20 8 9 15 5
split_gain=555.257 20.0792 14.512 4.22154 4.05764 1.81258 1.11464 1.08796 1.07369 0.974748 0.963173 1.46723 1.17131 0.914875 0.688619 0.604782 0.548973 0.53276 0.440195 0.732752 0.748201 0.673554
threshold=0.8377192982456142 3.0645657969878894 34795.000000000007 1.0014611999653302 10.03132202993814 27.500000000000004 0.64512287944562419 0.95780870491049808 0.54772727272727284 2.7125911075679072 5.6169243421240225 4.5000000000000009 1.5000000000000002 4.5000000000000009 9349.5000000000018 0.46448047084160615 0.10620300751879701 30.500000000000004 1.4308035714285716 2.0719489168320893 0.15192307692307697 1.8664466268405147
decision_type=2 2 2 2 2 2 2 2 2 2 2 2 2 2 2 2 2 2 2 2 2 2
left_child=2 3 5 7 10 6 -1 -2 -4 17 11 12 14 -13 -3 -7 -11 18 -5 20 21 -20
right_child=1 4 8 9 -6 15 -8 -9 -10 16 -12 13 -14 -15 -16 -17 -18 -19 19 -21 -22 -23
leaf_value=0 0 -0.0094621307159062241 0 2.5512414194563595e-05 0.17257954113596036 0 0 0 0 0.015980906136723923 0.047015426535935614 0.016085843101658441 0.015350398167641366 -0.017637770382351207 0.050174711605330373 0 -0.011295035348347065 -0.0052447554993295953 -0.00017321341141268357 0.017141572944936657 -0.00017173230461478616 -0.0023560385299538703
leaf_weight=753 63 195 46 747 5340 46 218 123 542 819 2118 2462 310 77 58 57 156 57 165 1736 765 314
leaf_count=753 63 195 46 747 5340 46 218 123 542 819 2118 2462 310 77 58 57 156 57 165 1736 765 314
internal_value=-0.000231947 0.00183011 -0.0194274 -7.07058e-06 0.00269167 -0.0167734 -0.017335 -0.00511257 -0.0240632 0.000193955 0.00198612 0.0015737 -1.23238e-05 0.0019316 -0.0017907 -0.0107593 0.00117857 -5.63472e-05 0 -0.000193467 -0.000843475 -0.00192355
internal_weight=17167 15505 1662 4945 10560 1074 971 186 588 4759 5220 3102 563 2539 253 103 975 3784 3727 2980 1244 479
internal_count=17167 15505 1662 4945 10560 1074 971 186 588 4759 5220 3102 563 2539 253 103 975 3784 3727 2980 1244 479
is_linear=0
shrinkage=0.035


Tree=24
num_leaves=23
num_cat=0
split_feature=9 9 22 9 9 9 12 15 22 7 25 1 0 9 9 3 25 12 1 8 6 14
split_gain=577.162 18.8405 11.863 3.82444 3.69678 2.24059 2.00589 1.19207 1.1639 2.79589 1.03433 0.848677 0.723624 0.689975 0.854877 0.803215 1.64684 0.781387 0.616349 0.466318 0.465979 0.45027
threshold=0.8377192982456142 3.110641021714653 34795.000000000007 10.03132202993814 1.0014611999653302 0.46448047084160615 0.93182273442540076 0.37268518518518523 19263.000000000004 5.1540659340659358 557.50000000000011 1.3800681417141047 5.0127769206881263 2.4444909400534773 1.6084720730397424 3.9853480954257141 294.00000000000006 1.0797154152493629 2.7752525252525255 1.4922804535981715 5.6169243421240225 0.42261904761904767
decision_type=2 2 2 2 2 2 2 2 2 2 2 2 2 2 2 2 2 2 2 2 2 2
left_child=2 4 7 8 6 -4 -2 -1 9 -3 13 -9 -5 14 21 -15 -17 -16 -18 -19 -10 -6
right_child=1 3 5 12 10 -7 -8 11 20 -11 -12 -13 -14 15 17 16 18 19 -20 -21 -22 -23
leaf_value=0 0 0.014150094898195234 0 0.025930841488471516 2.5187921232883259e-05 0 0 0 0.023207724051055419 -0.012299682328003705 0.016271672628000253 0 0.18696534532838871 0.016092063836432548 -0.0019998740167901296 0.016194719139133396 -0.010861190681748267 0.00020571132259887982 -0.016391612946251286 -0.0015524904088692554 0.045638626898589621 -4.2852856337611999e-06
leaf_weight=47 54 580 536 82 939 47 134 906 2323 71 1148 104 5243 786 71 199 47 91 63 1445 2119 113
leaf_count=47 54 580 536 82 939 47 134 906 2323 71 1148 104 5243 786 71 199 47 91 63 1445 2119 113
internal_value=-0.000254445 0.00183494 -0.0199681 0.00268737 8.58686e-05 -0.0242381 -0.00466062 -0.0174934 0.0019896 0.000565549 0.000276034 -0.0178103 0.00334897 -9.30968e-07 -0.00031006 0.000731818 -0.000735669 -0.000820719 -0.0041087 -0.000633679 0.0021935 0.000453643
internal_weight=17148 15508 1640 10418 5090 583 188 1057 5093 651 4902 1010 5325 3754 2659 1095 309 1607 110 1536 4442 1052
internal_count=17148 15508 1640 10418 5090 583 188 1057 5093 651 4902 1010 5325 3754 2659 1095 309 1607 110 1536 4442 1052
is_linear=0
shrinkage=0.035


Tree=25
num_leaves=23
num_cat=0
split_feature=9 9 22 9 9 9 11 20 9 6 20 11 5 21 14 12 6 7 3 25 1 25
split_gain=561.387 19.2821 12.393 3.71202 3.69139 2.27861 1.4835 1.01549 0.808412 0.806773 1.30076 0.740537 0.739909 0.674588 0.64562 0.562544 0.767305 0.497424 0.491134 0.494225 0.627677 1.20265
threshold=0.8377192982456142 3.110641021714653 34795.000000000007 1.0014611999653302 10.03132202993814 0.46448047084160615 0.97496125592222926 26.500000000000004 2.5357338073371021 5.6169243421240225 4.5000000000000009 0.75435079936376792 1.8030751392401039 1.5000000000000002 0.34523809523809529 1.9456632077282754 2.6170241296177879 10.287085137085139 3.2187509744530982 729.50000000000011 2.7752525252525255 200.00000000000003
decision_type=2 2 2 2 2 2 2 2 2 2 2 2 2 2 2 2 2 2 2 2 2 2
left_child=2 3 7 6 9 -4 -2 14 -5 10 13 -9 15 -3 -1 16 -10 -12 -14 20 -20 -22
right_child=1 4 5 8 -6 -7 -8 11 12 -11 17 -13 18 -15 -16 -17 -18 -19 19 -21 21 -23
leaf_value=0 0 -0.0098573184754966892 0 -3.5668769942667136e-06 0.16022324654927261 0 0 0 -0.016022140430934074 0.043772534665727225 0.013748184354894805 0 0.015117909292371431 0.012766922687292128 0 0.018964061771092253 0.014663238782132056 -0.006614220248586232 0.015228982839104614 0.016014909244531351 0.015983982689692137 -0.016009855981174159
leaf_weight=46 99 264 527 3382 5292 49 76 98 88 2155 2305 48 886 289 877 75 118 46 129 104 62 90
leaf_count=46 99 264 527 3382 5292 49 76 98 88 2155 2305 48 886 289 877 75 118 46 129 104 62 90
internal_value=-0.000235242 0.0018343 -0.0196424 7.11773e-05 0.00270239 -0.0240301 -0.00486111 -0.0171611 0.000254404 0.00201402 0.00161103 -0.0127252 0.000914901 5.01793e-05 -0.0177716 -0.000660839 -0.00164218 0.00196986 0.00127821 0.000179487 -0.000538461 -0.00207325
internal_weight=17105 15460 1645 5109 10351 576 175 1069 4934 5059 2904 146 1552 553 923 281 206 2351 1271 385 281 152
internal_count=17105 15460 1645 5109 10351 576 175 1069 4934 5059 2904 146 1552 553 923 281 206 2351 1271 385 281 152
is_linear=0
shrinkage=0.035


Tree=26
num_leaves=23
num_cat=0
split_feature=15 8 15 12 15 0 22 21 11 8 11 15 1 22 20 8 22 7 8 20 12 8
split_gain=544.003 24.0291 12.5894 12.4372 6.11833 3.67829 2.43701 2.05429 1.73898 1.63101 1.24644 0.901994 0.792322 0.65833 0.768161 0.633116 0.61545 0.606638 0.582232 0.493411 0.487894 0.441982
threshold=0.43303571428571436 3.0645657969878894 0.68139097744360921 0.93182273442540076 0.32738095238095244 8.0097912782270964 34795.000000000007 2.5000000000000004 0.94053994312596167 0.79285714285714304 8.4235408307209809 0.046536796536796543 3.0003581617680068 19263.000000000004 6.5000000000000009 3.7178072315882882 15527.500000000002 1.3891258533528705 8.7841199852211975 30.500000000000004 1.9456632077282754 2.3333571197290919
decision_type=2 2 2 2 2 2 2 2 2 2 2 2 2 2 2 2 2 2 2 2 2 2
left_child=1 3 8 4 7 10 -4 -1 -2 -5 13 21 19 14 15 20 -17 -9 -7 -13 -3 -11
right_child=2 5 6 9 -6 18 -8 17 -10 11 -12 12 -14 -15 -16 16 -18 -19 -20 -21 -22 -23
leaf_value=-0.00047744369180967051 0 -0.016406689527513361 0 0 0 0.041880945597046859 0 3.8717175996027223e-05 0 -0.0003614656993185197 -0.022567973467681759 2.3862743149402289e-05 -0.0026324869051915258 0.03104501408182227 0.013173655124337085 -0.0046531427760412927 -0.01273332504175061 -0.00097135834047949591 0.14067081861107381 -0.0049009599436931625 0.032573261248740687 0.014388411216305968
leaf_weight=101 709 55 230 58 105 775 511 59 115 249 45 3029 526 3742 543 65 46 53 5279 48 66 847
leaf_count=101 709 55 230 58 105 775 511 59 115 249 45 3029 526 3742 543 65 46 53 5279 48 66 847
internal_value=-0.000241093 0.0017228 -0.0198853 -0.000254921 -0.00690248 0.00266957 -0.0233834 -0.00324312 -0.0165965 0.000192566 0.00190596 0.000270833 0 0.00196749 0.00098718 -0.000635021 -0.00253448 0 0.00324006 0.00021804 0.001 0.00114759
internal_weight=17256 15691 1565 5075 318 10616 741 213 824 4757 4562 4699 3603 4517 775 232 111 112 6054 3077 121 1096
internal_count=17256 15691 1565 5075 318 10616 741 213 824 4757 4562 4699 3603 4517 775 232 111 112 6054 3077 121 1096
is_linear=0
shrinkage=0.035


Tree=27
num_leaves=23
num_cat=0
split_feature=9 8 23 15 8 14 9 6 20 15 9 10 25 12 12 23 15 21 20 7 14 4
split_gain=567.983 17.7996 13.8625 7.30661 3.52208 3.02412 1.82838 1.2251 1.26157 1.00183 0.944353 0.681383 0.856845 0.711778 0.891518 1.08195 0.623319 0.622263 0.61438 0.589388 0.710868 0.880769
threshold=0.8377192982456142 3.0645657969878894 40250.000000000007 0.38795986622073586 13.000357142857146 0.42261904761904767 1.0014611999653302 5.6169243421240225 5.5000000000000009 0.59629629629629644 2.4444909400534773 1.2724180205607056 324.00000000000006 1.2938451050442537 1.595178283109683 17650.000000000004 0.060661764705882359 4.5000000000000009 26.500000000000004 1.8571940231097155 0.16025641025641027 2.3139571424755929
decision_type=2 2 2 2 2 2 2 2 2 2 2 2 2 2 2 2 2 2 2 2 2 2
left_child=2 5 3 -1 7 10 -7 8 -3 -4 11 12 16 -13 15 -15 -2 -10 -5 -16 -21 -22
right_child=1 4 9 18 -6 6 -8 -9 17 -11 -12 13 -14 14 19 -17 -18 -19 -20 20 21 -23
leaf_value=0 -0.0061397722718227674 0.0088174002104524328 0 0 0.24074733995968622 0 -4.2772155286158945e-06 0.053935681349389968 0.015186592480742641 0 0.013869765365326962 6.9311447092178574e-05 4.095515824898615e-05 -0.0037160748295162107 0.027171921060727085 -0.0019194242689101789 0 -0.018880943494160248 0 0.02056063966433232 -0.00094314789471281987 -0.0067497712952312152
leaf_weight=46 84 754 47 879 4010 84 119 3080 2643 543 1670 279 850 78 96 557 874 50 145 180 67 45
leaf_count=46 84 754 47 879 4010 84 119 3080 2643 543 1670 279 850 78 96 557 874 50 145 180 67 45
internal_value=-0.000300407 0.00178213 -0.0197282 -0.0171093 0.00259695 5.47315e-05 -0.00407212 0.00208543 0.00161414 -0.0242647 0.000237722 -0.000117977 0.000314672 -0.000731063 -0.0011644 -0.00196875 -0.000388889 0.00196924 -0.0177245 0.000115776 -0.000624579 -0.00278205
internal_weight=17180 15520 1660 1070 10537 4983 203 6527 3447 590 4780 3110 1808 1302 1023 635 958 2693 1024 388 292 112
internal_count=17180 15520 1660 1070 10537 4983 203 6527 3447 590 4780 3110 1808 1302 1023 635 958 2693 1024 388 292 112
is_linear=0
shrinkage=0.035


Tree=28
num_leaves=23
num_cat=0
split_feature=9 9 22 15 9 8 15 6 25 3 9 15 15 9 12 14 12 22 25 11 7 1
split_gain=542.553 18.681 16.4696 11.0786 3.75026 3.18508 1.66848 0.984549 0.852786 0.784525 1.12513 1.30051 1.09361 1.35577 1.31517 0.748491 0.700527 0.669019 0.645691 0.560709 0.558366 0.645359
threshold=0.8377192982456142 3.110641021714653 34795.000000000007 0.37268518518518523 1.0014611999653302 11.430029285932017 0.56385869565217395 5.6169243421240225 557.50000000000011 3.9853480954257141 2.4643052359085309 0.072751322751322761 0.10912698412698414 1.6459916292040904 1.5831721330199306 0.42261904761904767 1.0945553872080129 15527.500000000002 381.00000000000006 0.95717732691974178 10.000510204081634 8.0097912782270964
decision_type=2 2 2 2 2 2 2 2 2 2 2 2 2 2 2 2 2 2 2 2 2 2
left_child=2 4 3 -1 15 7 -4 20 9 10 11 16 18 -14 -15 19 -6 -18 -11 -2 -3 -22
right_child=1 5 6 -5 8 -7 -8 -9 -10 12 -12 -13 13 14 -16 -17 17 -19 -20 -21 21 -23
leaf_value=1.1697371619666488e-05 1.1544241008952739e-05 0.013002562028516474 0 0 -0.0025227013432701528 0.19028058548305035 0 0.045111853286905139 0.014157930586465738 0.013463635997448969 0.014300007586438049 1.9119296060031255e-05 8.065547144260485e-05 -0.0047266930321643672 -0.0046504150168042834 0 0.018857921602088407 -0.0093190556123800873 -0.0138785254517735 -4.5550078087153735e-06 -0.012122805522457196 0.030304977959156282
leaf_weight=48 48 2887 47 995 56 4579 535 2700 1153 321 737 2034 72 72 145 87 137 128 74 51 67 135
leaf_count=48 48 2887 47 995 56 4579 535 2700 1153 321 737 2034 72 72 145 87 137 128 74 51 67 135
internal_value=-0.000224361 0.0017961 -0.0194325 -0.0165716 6.15236e-05 0.00264972 -0.024345 0.00209251 0.000251115 0 0.000233936 -0.000133474 -0.00107184 -0.00269048 -0.00406757 -0.00474607 -0.00219018 -0.0012963 8.75001e-05 -0.00222115 0.0016448 -5.07245e-05
internal_weight=17108 15483 1625 1043 5115 10368 582 5789 4929 3776 3092 2355 684 289 217 186 321 265 395 99 3089 202
internal_count=17108 15483 1625 1043 5115 10368 582 5789 4929 3776 3092 2355 684 289 217 186 321 265 395 99 3089 202
is_linear=0
shrinkage=0.035


Tree=29
num_leaves=23
num_cat=0
split_feature=9 9 22 15 8 9 9 1 9 14 2 20 9 14 8 25 21 11 5 12 12 24
split_gain=546.024 18.0505 13.5547 7.70994 3.46776 3.20424 1.76294 1.17946 0.982368 0.719579 0.701621 1.3416 0.830435 0.670196 0.945906 0.695855 0.657149 0.642741 0.613802 0.612405 1.03117 0.59733
threshold=0.8377192982456142 3.110641021714653 34795.000000000007 0.37797619047619052 11.430029285932017 1.0014611999653302 0.46448047084160615 1.3800681417141047 2.4444909400534773 0.36931818181818188 5.0127769206881263 5.5000000000000009 7.8648728259941691 0.26136363636363641 1.8572293111853637 557.50000000000011 4.5000000000000009 0.95717732691974178 1.7322665565320203 1.9456632077282754 1.8197468197430526 8120.5000000000009
decision_type=2 2 2 2 2 2 2 2 2 2 2 2 2 2 2 2 2 2 2 2 2 2
left_child=2 5 3 -1 10 9 -4 -5 13 17 11 12 21 15 -15 16 -7 -2 19 20 -10 -3
right_child=1 4 6 7 -6 8 -8 -9 18 -11 -12 -13 -14 14 -16 -17 -18 -19 -20 -21 -22 -23
leaf_value=-4.0940800668832711e-07 1.4873050239310607e-05 -0.0070392461928270806 0 0 0.16681608371397486 -0.00059721007277747571 0 0 -0.0084945785396999263 0 0.043280434100872824 0.011800426087186433 -0.03136436792051614 3.4399895129031621e-05 -0.0028807062651543861 0.017584362147822209 0.023678972643997268 -0.00074655876819335499 0.01297913108552402 0.019104576640154636 -0.018697580965468318 0.0095185390464557085
leaf_weight=45 51 295 526 898 4559 1849 46 103 228 78 3401 1820 57 662 72 404 126 50 1471 76 49 184
leaf_count=45 51 295 526 898 4559 1849 46 103 228 78 3401 1820 57 662 72 404 126 50 1471 76 49 184
internal_value=-0.000284227 0.00174513 -0.0195961 -0.0169805 0.00258778 4.16912e-05 -0.0241603 -0.0176183 0.000213881 -0.00448913 0.00200573 0.00151355 0 -0.000159397 0.000753045 -0.000449245 -0.000724747 -0.00211321 0.000859213 -0.000410614 -0.00121631 0.00046281
internal_weight=17050 15432 1618 1046 10316 5116 572 1001 4937 179 5757 2356 536 3113 734 2379 1975 101 1824 353 277 479
internal_count=17050 15432 1618 1046 10316 5116 572 1001 4937 179 5757 2356 536 3113 734 2379 1975 101 1824 353 277 479
is_linear=0
shrinkage=0.035


Tree=30
num_leaves=23
num_cat=0
split_feature=9 22 9 15 1 14 12 11 9 11 3 14 10 25 24 25 11 14 12 8 6 1
split_gain=546.73 18.4365 18.1371 10.3396 3.35352 2.98941 2.33544 1.81413 1.09019 0.996872 0.788061 0.772855 0.809485 0.619815 0.632536 0.614518 0.564396 0.52449 0.537889 1.00077 0.489989 0.637027
threshold=0.8377192982456142 34795.000000000007 3.110641021714653 0.37797619047619052 10.121474680095425 0.42261904761904767 8.6219335438479856 0.92878273166406544 2.321297033566406 1.456014464567468 6.2149784522836695 0.29285714285714287 1.1126972805283752 637.50000000000011 8654.0000000000018 195.50000000000003 0.85492966673622606 0.21825396825396828 1.5054623232592033 1.8441627522734043 1.618379744114167 1.7342759147158915
decision_type=2 2 2 2 2 2 2 2 2 2 2 2 2 2 2 2 2 2 2 2 2 2
left_child=1 3 5 -1 6 8 10 -7 9 17 -4 12 -11 14 15 -14 -10 18 20 -20 -2 -22
right_child=2 -3 4 -5 -6 7 -8 -9 16 11 -12 -13 13 -15 -16 -17 -18 -19 19 -21 21 -23
leaf_value=-3.9507872645423571e-07 -0.00064597027367486884 0 0.011385122854461478 0 0.12809935453888238 0 -0.028426230296309737 -2.4670625661938825e-06 -0.014448319328622563 0.018312248946941057 0.044822799639201306 0.029405964856083044 0.017793956088500734 0.017591351141132992 0.023107432106142922 -0.0026659185389536805 0.012711711664282987 2.6187739667819305e-05 -0.0036159285759717321 0.018514013012418132 0.00020669642198064148 -0.00012536576258333917
leaf_weight=52 510 587 2765 1011 4909 63 53 134 53 119 2570 58 79 64 81 426 2136 515 57 64 374 440
leaf_count=52 510 587 2765 1011 4909 63 53 134 53 119 2570 58 79 64 81 426 2136 515 57 64 374 440
internal_value=-0.000303504 -0.0194245 0.00174039 -0.0164579 0.0025895 4.59638e-05 0.00197487 -0.00412376 0.000218531 -0.000235673 0.0020515 -0.00125361 -0.0015646 -0.00205725 -0.00242217 -0.00288235 0.000804011 0.000187023 -0.000144827 -0.00233333 5.00378e-05 0.000594017
internal_weight=17120 1650 15470 1063 10297 5173 5388 197 4976 2787 5335 827 769 650 586 505 2189 1960 1445 121 1324 814
internal_count=17120 1650 15470 1063 10297 5173 5388 197 4976 2787 5335 827 769 650 586 505 2189 1960 1445 121 1324 814
is_linear=0
shrinkage=0.035


Tree=31
num_leaves=23
num_cat=0
split_feature=8 8 8 22 14 1 12 20 11 24 24 8 10 5 3 8 20 7 12 12 10 14
split_gain=517.808 17.9101 17.7048 10.5446 5.83439 3.55271 2.1596 1.63915 1.17787 0.955939 1.59086 0.853443 1.2539 0.84488 0.794444 0.784294 0.590616 0.53742 0.58872 0.736294 0.535684 0.807368
threshold=0.86030787602530523 3.0645657969878894 0.5723960849627322 34795.000000000007 0.36931818181818188 8.7917610864307907 0.93182273442540076 25.500000000000004 7.2809816439689881 4019.0000000000005 4326.0000000000009 2.2505441902424379 2.1491969707422425 0.99491741027542968 1.9815188507814125 8.9736488350169576 24.500000000000004 1.7057550961328125 1.2828451946772625 1.3467618719166388 1.2414501221333021 0.26136363636363641
decision_type=2 2 2 2 2 2 2 2 2 2 2 2 2 2 2 2 2 2 2 2 2 2
left_child=2 6 3 -1 -4 8 9 -6 16 -2 -11 12 17 14 -13 -7 -3 18 -8 -20 -19 -22
right_child=1 5 4 -5 7 15 11 -9 -10 10 -12 13 -14 -15 -16 -17 -18 20 19 -21 21 -23
leaf_value=0 -1.8411760820628932e-06 0.012375781834464283 0 0 0 0.033864835607977303 3.3309138837754379e-05 0 -0.020968923050302568 0 -0.0004879512013416116 -0.012470402509596922 -0.0031273258494668599 0.012590878059340871 0.016052466733268985 0.14533932223034043 0.043883522065700453 4.6867451731132803e-05 -0.0011436951411882841 2.3311103161619605e-05 -0.001707070390742985 8.3112256961187598e-05
leaf_weight=746 102 3818 87 540 275 827 743 53 46 54 79 47 91 1985 110 5090 741 539 81 427 585 130
leaf_count=746 102 3818 87 540 275 827 743 53 46 54 79 47 91 1985 110 5090 741 539 81 427 585 130
internal_value=-0.000252107 0.00176129 -0.0185545 -0.0206286 -0.0119167 0.00257903 2.67177e-05 -0.0140526 0.00183731 -0.00320833 -0.00512319 0.000194076 -0.000227412 0.000712389 -0.00168519 0.0031513 0.00189724 -6.9721e-05 0.000434713 -0.000457115 -0.000586577 -0.00121528
internal_weight=17196 15495 1701 1286 415 10522 4973 328 4605 235 133 4738 2596 2142 157 5917 4559 2505 1251 508 1254 715
internal_count=17196 15495 1701 1286 415 10522 4973 328 4605 235 133 4738 2596 2142 157 5917 4559 2505 1251 508 1254 715
is_linear=0
shrinkage=0.035


Tree=32
num_leaves=23
num_cat=0
split_feature=9 22 9 15 8 8 9 6 9 11 25 9 5 22 12 12 11 15 10 3 7 21
split_gain=544.671 16.15 15.1635 10.1853 3.92934 1.65619 1.42971 1.32516 1.25931 1.07375 1.07304 1.43822 0.857319 0.783282 0.732602 1.5564 0.511701 0.505901 0.481956 0.601903 1.18362 0.621413
threshold=0.8377192982456142 34795.000000000007 3.110641021714653 0.37797619047619052 13.000357142857146 0.72077922077922085 0.46448047084160615 6.006203158824877 2.4643052359085309 0.90621303993092428 637.50000000000011 1.6084720730397424 1.7322665565320203 54348.000000000007 1.9456632077282754 1.8197468197430526 1.6391501416322993 0.10620300751879701 7.1746909672954091 6.1466474533550786 10.428611230955811 1.5000000000000002
decision_type=2 2 2 2 2 2 2 2 2 2 2 2 2 2 2 2 2 2 2 2 2 2
left_child=1 3 5 -1 7 -2 -3 18 10 -5 11 16 14 -13 15 -10 -7 -12 19 20 21 -4
right_child=2 6 4 9 -6 8 -8 -9 12 -11 17 13 -14 -15 -16 -17 -18 -19 -20 -21 -22 -23
leaf_value=-3.8125097102833747e-07 0 0 0.009251865000591589 0 0.21025244595227854 2.0827719612709904e-05 -6.9949183915573566e-07 0.048535353413954894 -0.0002855271442016183 0 0.017251867594263968 -0.0010650742783007052 0.0120195069811515 -0.0011478042679689774 0.017317633150367325 -0.018883877064795065 -0.00056535678801856103 0.01615259894861882 -0.016911704791158822 0.032647316169191844 -0.017218408850128077 0.0098235127797613939
leaf_weight=51 52 532 884 855 4005 1130 45 2629 215 167 228 1599 1446 68 80 50 60 214 50 1339 78 1323
leaf_count=51 52 532 884 855 4005 1130 45 2629 215 167 228 1599 1446 68 80 50 60 214 50 1339 78 1323
internal_value=-0.000277258 -0.019361 0.00176529 -0.0165974 0.00253956 0.000208763 -0.0242835 0.00198526 0.000278214 -0.0173569 -0.000122881 -0.00037666 0.00102506 -0.00104246 -0.0005 -0.00142593 0.000541841 0.00146421 0.00154023 0.00159038 0.00122271 0.00137975
internal_weight=17100 1650 15450 1073 10308 5142 577 6303 5090 1022 3299 2857 1791 1667 345 265 1190 442 3674 3624 2285 2207
internal_count=17100 1650 15450 1073 10308 5142 577 6303 5090 1022 3299 2857 1791 1667 345 265 1190 442 3674 3624 2285 2207
is_linear=0
shrinkage=0.035


Tree=33
num_leaves=23
num_cat=0
split_feature=15 9 23 23 9 14 9 10 10 9 0 6 20 21 11 11 12 15 10 21 11 12
split_gain=527.007 20.5034 15.2784 11.5273 5.96243 4.87063 3.91636 1.28629 1.19762 1.06314 0.998581 0.888889 1.44275 0.823241 0.805464 0.779018 0.66644 0.845495 0.673259 0.651967 0.616986 0.725783
threshold=0.44722222222222224 3.110641021714653 62250.000000000007 40250.000000000007 1.0014611999653302 0.36931818181818188 11.985865601625543 1.0564524048220496 0.69006555934235536 2.321297033566406 6.9686127082414542 6.006203158824877 4.5000000000000009 1.5000000000000002 1.4468609447374672 1.6967972416057495 1.4198477951204269 0.15587044534412958 1.5275252316519483 4.5000000000000009 1.3848965593938203 1.5054623232592033
decision_type=2 2 2 2 2 2 2 2 2 2 2 2 2 2 2 2 2 2 2 2 2 2
left_child=1 4 3 7 5 8 11 -2 -1 14 -8 12 13 -3 20 -11 17 -16 -19 -14 21 -6
right_child=2 6 -4 -5 9 -7 10 -9 -10 15 -12 -13 19 -15 16 -17 -18 18 -20 -21 -22 -23
leaf_value=1.6342622026296123e-05 0 -0.0052002153606890856 2.4482214370450752e-08 0 -4.0168974536263308e-08 -6.4262299662806083e-07 -0.012212474739121591 0 -2.5057051056355383e-06 0.0098103225273152156 0.16789361034394878 0.04201785493005699 0.012282613418531959 0.0071131791637062281 -0.0045806246460930716 0.011469853130471427 -0.0009379980182020139 -0.00096094636766791907 6.0063736717613988e-05 -0.018169120341802188 0.006885269759631705 -0.0029990706343561873
leaf_weight=66 858 270 45 547 1605 126 72 116 91 1249 4292 2411 2863 368 98 939 617 61 64 78 175 117
leaf_count=66 858 270 45 547 1605 126 72 116 91 1249 4292 2411 2863 368 98 939 617 61 64 78 175 117
internal_value=-0.000393655 0.00155518 -0.0197145 -0.0203073 -0.000232975 -0.00512847 0.00245598 -0.017736 -0.000820988 4.96959e-05 0.00325967 0.0018653 0.00149805 0 -0.000405908 0.000627223 -0.00130473 -0.00294737 -0.000807692 0.00182485 0 -0.000208743
internal_weight=17128 15562 1566 1521 5208 283 10354 974 157 4925 4364 5990 3579 638 2737 2188 840 223 125 2941 1897 1722
internal_count=17128 15562 1566 1521 5208 283 10354 974 157 4925 4364 5990 3579 638 2737 2188 840 223 125 2941 1897 1722
is_linear=0
shrinkage=0.035


Tree=34
num_leaves=23
num_cat=0
split_feature=9 9 0 5 22 9 0 9 4 10 14 11 11 11 7 10 14 5 2 14 9 25
split_gain=510.548 17.4855 14.8945 5.5262 4.51653 3.02466 2.21038 1.27471 1.07124 1.26748 0.97581 0.963806 0.682952 0.667891 0.549973 0.981049 0.927859 0.809145 0.713408 0.569204 0.725763 0.597307
threshold=0.75614179818437999 0.3956951516321271 5.5301729582254806 4.8493515340940085 34795.000000000007 2.7125911075679072 11.00884074265187 0.57332179065277356 5.0127769206881263 6.3733074317066709 0.40833333333333338 6.0587780293381988 0.90621303993092428 1.6391501416322993 2.7871348190300576 1.4906432498713766 1.0000000180025095e-35 0.99491741027542968 1.9999246801866812 0.22649572649572652 0.92978902904902838 381.00000000000006
decision_type=2 2 2 2 2 2 2 2 2 2 2 2 2 2 2 2 2 2 2 2 2 2
left_child=1 4 5 12 -1 10 8 -5 9 13 14 -7 -3 -4 15 19 -17 18 -18 21 -21 -2
right_child=2 3 6 7 -6 11 -8 -9 -10 -11 -12 -13 -14 -15 -16 16 17 -19 -20 20 -22 -23
leaf_value=0 -0.00043420333268690068 0 -0.018365599095472144 0 0 0.009707595793057024 0.13274315592546282 0 0.048147938285320234 -0.012994723358618076 -1.4553062256290639e-06 -0.031738120257350025 0 0.017654519018276034 0.013900767799652653 -0.01478920208868085 0.00022699768433795211 -0.00020562607041155965 -0.004819903496199711 -1.7919125405052445e-06 2.8395510604494075e-05 7.8047819164107755e-05
leaf_weight=332 1260 462 79 58 539 3356 4543 45 2386 45 232 46 142 1097 403 88 46 763 53 56 488 665
leaf_count=332 1260 462 79 58 539 3356 4543 45 2386 45 232 46 142 1097 403 88 46 763 53 56 488 665
internal_value=-0.000222148 -0.0191627 0.00169742 -0.0147865 -0.0225902 0.000563396 0.00273176 -0.0065463 0.00206589 0.0011876 -7.84675e-05 0.0013324 -0.0160977 0.00142549 5.21297e-05 -8.79087e-05 -0.0010445 -0.000658016 -0.00356731 0.000274454 0.00126867 0
internal_weight=17184 1578 15606 707 871 7456 8150 103 3607 1221 4054 3402 604 1176 3822 3419 950 862 99 2469 544 1925
internal_count=17184 1578 15606 707 871 7456 8150 103 3607 1221 4054 3402 604 1176 3822 3419 950 862 99 2469 544 1925
is_linear=0
shrinkage=0.035


Tree=35
num_leaves=23
num_cat=0
split_feature=15 9 15 8 15 11 22 0 5 5 20 9 9 24 0 11 21 5 12 9 12 6
split_gain=537.757 16.105 9.44377 4.08667 3.46304 3.14991 2.11081 1.26852 1.78179 1.14292 1.95606 1.13965 0.94422 0.874156 1.09759 0.810127 0.718441 0.615053 0.539947 0.704886 0.508171 0.452248
threshold=0.49000000000000005 3.110641021714653 0.68139097744360921 13.000357142857146 0.44722222222222224 0.90621303993092428 34795.000000000007 8.6813909563685314 7.9927388748624617 5.0127769206881263 5.5000000000000009 0.57332179065277356 2.5357338073371021 9349.5000000000018 4.9584559719734012 0.64642795093555827 4.5000000000000009 1.7322665565320203 1.9456632077282754 2.8216327728858035 5.9777162238917123 1.1428467635660768
decision_type=2 2 2 2 2 2 2 2 2 2 2 2 2 2 2 2 2 2 2 2 2 2
left_child=1 4 5 9 12 -2 -4 8 -5 10 13 -7 15 14 -3 -1 20 18 19 -14 -12 -17
right_child=2 3 6 7 -6 11 -8 -9 -10 -11 16 -13 17 -15 -16 21 -18 -19 -20 -21 -22 -23
leaf_value=4.6974019252432875e-08 0 0.0072156172936999026 0 -0.020711598883832342 0 0 0 0.19237132352451936 0.13384599978353651 0.04018752483374223 0.0094623069125961828 0 -0.0050779628346032894 0.014594253305874052 -0.013469770113465052 -0.00031783198514839832 -0.009583724385453362 0.010542989339521192 0.014250918025812985 -0.018871117179283265 -0.025085155857778364 2.249180488198213e-08
leaf_weight=117 599 166 222 47 68 58 506 3895 75 3426 2192 90 143 213 260 1297 96 1274 76 60 56 2279
leaf_count=117 599 166 222 47 68 58 506 3895 75 3426 2192 90 143 213 260 1297 96 1274 76 60 56 2279
internal_value=-0.000284553 0.00161051 -0.0204561 0.0024095 3.88232e-05 -0.0173045 -0.0235259 0.00329115 -8.2677e-05 0.00185204 0.001333 -0.011598 0.000147305 -0.000358696 -0.00129118 -0.000153326 0.0018014 0.00087163 -0.000566901 -0.00154808 0.00193098 -0.000253141
internal_weight=17215 15740 1475 10426 5314 747 728 4017 122 6409 2983 148 5246 639 426 3693 2344 1553 279 203 2248 3576
internal_count=17215 15740 1475 10426 5314 747 728 4017 122 6409 2983 148 5246 639 426 3693 2344 1553 279 203 2248 3576
is_linear=0
shrinkage=0.035


Tree=36
num_leaves=23
num_cat=0
split_feature=15 15 2 11 9 23 8 20 8 25 0 20 2 1 25 25 0 25 12 2 12 5
split_gain=521.837 15.2282 14.0433 3.41768 2.63075 2.21026 2.05612 1.33519 1.16921 1.00707 0.943256 0.780251 0.8224 0.663196 0.796698 0.934353 0.646499 0.640533 0.620635 1.01949 0.913268 0.695162
threshold=0.44722222222222224 0.68139097744360921 5.2938371853575159 0.90621303993092428 2.5000195216228165 40250.000000000007 14.283924685636547 13.500000000000002 1.4277452454219259 637.50000000000011 8.6813909563685314 5.5000000000000009 2.9852237017189558 5.9323336949891461 248.50000000000003 729.50000000000011 3.7899203501381034 191.00000000000003 1.1252098250536189 1.9784416022758746 1.2480689131758729 2.0386904761904767
decision_type=2 2 2 2 2 2 2 2 2 2 2 2 2 2 2 2 2 2 2 2 2 2
left_child=2 3 4 -2 8 -3 17 -5 -1 18 -8 12 -6 14 -14 -16 -13 -4 19 -10 21 -20
right_child=1 5 6 7 11 -7 10 -9 9 -11 -12 16 13 -15 15 -17 -18 -19 20 -21 -22 -23
leaf_value=7.1783432105164216e-08 0 0 0.0081717119296668989 0 0.011052536997142495 0 -0.00025625919053978588 0 -1.0777185207433174e-05 0.015163421619230896 0.21525840059492191 0.0090366491983591615 0.0098372153507895813 0.010142046074279614 -0.013902404433823309 0.0065627540401869827 0.013012989372984604 0.038502637999902597 0.00061729330927785657 -0.001102702433422304 -0.0012407942791900087 -0.00076645405120655556
leaf_weight=974 626 222 465 92 223 501 81 87 126 483 3420 1597 200 204 193 90 1483 3994 177 141 1512 96
leaf_count=974 626 222 465 92 223 501 81 87 126 483 3420 1597 200 204 193 90 1483 3994 177 141 1512 96
internal_value=-0.000240584 -0.0197192 0.00168934 -0.0161173 0.000598881 -0.0235673 0.00271343 -0.0109565 -9.56174e-05 -0.000496063 0.00336024 0.00121339 0.000286885 -0.000293352 -0.00101844 -0.00221181 0.00148055 0.00219848 -0.000838843 -0.00241912 -0.000586592 0.00123381
internal_weight=16987 1528 15459 805 7499 723 7960 179 3509 2535 3501 3990 910 687 483 283 3080 4459 2052 267 1785 273
internal_count=16987 1528 15459 805 7499 723 7960 179 3509 2535 3501 3990 910 687 483 283 3080 4459 2052 267 1785 273
is_linear=0
shrinkage=0.035


Tree=37
num_leaves=23
num_cat=0
split_feature=15 15 8 11 8 9 5 20 22 9 8 24 11 21 25 22 11 10 4 2 15 9
split_gain=511.569 13.5131 13.481 6.10285 3.80922 2.09948 1.3441 1.35239 1.27718 0.943708 1.05432 0.870522 0.814874 0.721156 0.711796 0.721079 0.619029 0.846117 0.581579 0.576318 0.57567 0.517601
threshold=0.45643939393939398 0.68139097744360921 3.0645657969878894 0.90621303993092428 14.283924685636547 0.57332179065277356 5.0127769206881263 5.5000000000000009 34795.000000000007 2.7125911075679072 1.3580155746509133 8120.5000000000009 7.608604816174334 4.5000000000000009 381.00000000000006 44839.000000000007 1.0716117059605355 0.75592894601845606 2.7785142138351269 2.1618502225395146 0.53452380952380962 1.5010753820005218
decision_type=2 2 2 2 2 2 2 2 2 2 2 2 2 2 2 2 2 2 2 2 2 2
left_child=2 3 9 -2 6 -5 7 11 -3 10 -1 -4 13 -9 16 -16 17 18 -12 -19 -7 -18
right_child=1 8 4 5 -6 20 -8 12 -10 -11 14 -13 -14 -15 15 -17 21 19 -20 -21 -22 -23
leaf_value=6.9271011981483478e-08 0 0 -0.011471392028443939 0 0.17810428318033888 -2.370176042182702e-07 0.039384333157249693 0.0091771984796977738 0 0.0096748023699478446 -0.0035193159618887629 0.0088070797401543031 -0.029347424210347001 -0.0095255544292097098 0.013822989939970517 -0.00054068648327009155 0.00010560528381814656 8.6107108782360555e-05 -0.0010361269654868843 -0.0028364932309043155 0 -0.00094588355127092258
leaf_weight=933 634 227 393 52 3615 67 3636 2407 494 963 45 285 48 97 810 330 149 170 45 64 53 1539
leaf_count=933 634 227 393 52 3615 67 3636 2407 494 963 45 285 48 97 810 330 149 170 45 64 53 1539
internal_value=-0.000209044 -0.0195059 0.001693 -0.0160931 0.00240854 -0.00955085 0.00191581 0.00137944 -0.0231598 0.000202949 -2.56722e-05 0 0.00174795 0.00183998 -0.00033592 0.000351529 -0.000734011 -0.0021383 -0.00497368 -0.000893305 -0.0063 -0.000448612
internal_weight=17056 1527 15529 806 10481 172 6866 3230 721 5048 4085 678 2552 2504 3152 1140 2012 324 90 234 120 1688
internal_count=17056 1527 15529 806 10481 172 6866 3230 721 5048 4085 678 2552 2504 3152 1140 2012 324 90 234 120 1688
is_linear=0
shrinkage=0.035


Tree=38
num_leaves=23
num_cat=0
split_feature=15 5 15 11 9 15 15 9 0 11 20 2 11 2 0 11 22 8 0 25 14 12
split_gain=513.604 13.363 10.8591 3.67855 3.26076 2.33276 2.07941 1.67527 1.40726 4.0903 1.15179 0.956869 0.917554 0.837812 0.796504 0.79232 0.785473 0.684762 0.65228 0.558313 0.563542 0.710026
threshold=0.49000000000000005 5.0127769206881263 0.68139097744360921 0.90621303993092428 2.5357338073371021 0.44722222222222224 0.53452380952380962 14.335642961906251 12.035714285714286 8.5871128860910755 7.5000000000000009 4.0075510609739959 1.6751667092642408 5.9978252760003432 6.9686127082414542 0.67345596942462282 34795.000000000007 3.1434107462346659 1.9133455045070373 878.00000000000011 0.34523809523809529 0.91166911182833654
decision_type=2 2 2 2 2 2 2 2 2 2 2 2 2 2 2 2 2 2 2 2 2 2
left_child=1 4 3 -2 5 15 -5 18 9 10 11 -6 -12 14 17 -1 -4 -13 -3 20 21 -17
right_child=2 7 16 6 8 -7 -8 -9 -10 -11 12 13 -14 -15 -16 19 -18 -19 -20 -21 -22 -23
leaf_value=3.8030494242241413e-08 0 -0.00050711868435895447 0 -6.4977784204095721e-07 0.0085013784179510526 0 0 0.20687063326902705 0.10176502824985205 -0.030900447587301764 0.0081951795856500809 -0.019463855580641634 0.0098456927441149047 0.0094838783712858435 -0.043332698589020481 -0.0005156923921380345 0 -0.0048293340610033849 0.037340456940512259 0.015103527554356332 6.1848458369857383e-06 -0.00025433373625276072
leaf_weight=140 598 90 210 45 567 76 108 3000 653 56 793 46 2300 360 52 99 511 251 3796 124 436 2850
leaf_count=140 598 90 210 45 567 76 108 3000 653 56 793 46 2300 360 52 99 511 251 3796 124 436 2850
internal_value=-0.000298497 0.00155754 -0.0200308 -0.0167315 0.000650886 -0.000131367 -0.0108987 0.00271274 0.00122772 0.000995485 0.00112346 0.000221312 0.00148903 -0.000617647 -0.00183898 0 -0.0233044 -0.00101987 0.0022137 -0.000105578 -0.000196165 -0.000374407
internal_weight=17161 15689 1472 751 8803 3725 153 6886 5078 4425 4369 1276 3093 709 349 3649 721 297 3886 3509 3385 2949
internal_count=17161 15689 1472 751 8803 3725 153 6886 5078 4425 4369 1276 3093 709 349 3649 721 297 3886 3509 3385 2949
is_linear=0
shrinkage=0.035


Tree=39
num_leaves=23
num_cat=0
split_feature=9 2 22 9 9 0 9 9 12 20 10 0 12 25 6 22 12 9 10 12 2 9
split_gain=487.207 14.4707 13.8781 4.30424 3.33958 2.47252 2.35401 1.98507 1.7466 0.892269 0.865591 0.738157 0.640521 0.526264 0.507269 0.473631 0.459475 0.780177 0.591905 0.457725 0.446926 1.46811
threshold=0.69236835154341714 5.2938371853575159 34795.000000000007 0.75614179818437999 0.32393328502805191 11.00884074265187 0.57332179065277356 2.7125911075679072 8.4771323195708188 6.5000000000000009 0.96921583719686422 5.0127769206881263 1.5714886953385068 557.50000000000011 4.1419333031218928 52360.000000000007 1.6909314353100842 3.110641021714653 1.5275252316519483 3.7301431392663469 4.0075510609739959 3.4309996599975103
decision_type=2 2 2 2 2 2 2 2 2 2 2 2 2 2 2 2 2 2 2 2 2 2
left_child=2 3 6 -2 -4 8 10 13 15 20 -1 12 -11 -5 -7 -3 17 18 -14 -18 -9 -22
right_child=1 5 4 7 -6 14 -8 9 -10 11 -12 -13 16 -15 -16 -17 19 -19 -20 -21 21 -23
leaf_value=0 0 0.030158498365370788 0 -4.3808934971965001e-06 0 0.030346747846190455 0 0.0070376673232252418 -0.016960675090778681 0.010207739064732943 0 0.026985604698913992 -0.0060603362298075501 0.0028575022242431419 0.12963016110461109 0.010813314302175631 0.0060854134774871857 0.0082068102164255721 -0.0240761122030381 -0.021946448097375008 -0.018800258222840215 0.00063374254569310265
leaf_weight=672 88 3293 505 3285 50 77 207 453 73 294 65 783 55 744 4214 325 1268 50 45 61 51 420
leaf_count=672 88 3293 505 3285 50 77 207 453 73 294 65 783 55 744 4214 325 1268 50 45 61 51 420
internal_value=-0.000304659 0.00153035 -0.0193291 0.000433702 -0.0239375 0.00257099 -0.0164895 0.000528214 0.00189015 0.00113989 -0.0175849 0.00147735 0.00105906 0 0.00314967 0.00200262 0.000740566 -0.00101613 -0.00283333 0.000955023 0.000184607 -0.000544118
internal_weight=17078 15579 1499 7597 555 7982 944 7509 3691 3480 737 2556 1773 4029 4291 3618 1479 150 100 1329 924 471
internal_count=17078 15579 1499 7597 555 7982 944 7509 3691 3480 737 2556 1773 4029 4291 3618 1479 150 100 1329 924 471
is_linear=0
shrinkage=0.035


Tree=40
num_leaves=23
num_cat=0
split_feature=9 8 22 9 6 9 0 12 0 9 22 14 21 3 6 8 12 24 7 8 17 7
split_gain=483.78 14.0275 11.6006 6.092 3.88176 3.30631 1.18004 1.81198 1.73485 0.940235 0.934186 0.848615 0.735894 0.870368 0.838995 0.995458 0.700583 0.737237 0.681638 0.663183 0.631418 0.5658
threshold=0.69236835154341714 3.0645657969878894 34795.000000000007 0.8377192982456142 10.000130448439306 0.32393328502805191 15.022525042907136 8.1089825484969165 9.9001120243386893 0.57332179065277356 3735.5000000000005 0.48076923076923084 1.5000000000000002 3.9853480954257141 1.1428467635660768 1.3580155746509133 1.7320508075688779 3291.5000000000005 2.4047020061498245 2.2505441902424379 1.0000000180025095e-35 3.0002456206287342
decision_type=2 2 2 2 2 2 2 2 2 2 2 2 2 2 2 2 2 2 2 2 2 2
left_child=2 3 9 11 6 -4 7 -3 -9 -1 -5 -2 13 -12 15 -14 17 18 -16 -17 -15 -21
right_child=1 4 5 10 -6 -7 -8 8 -10 -11 12 -13 14 20 16 19 -18 -19 -20 21 -22 -23
leaf_value=0 -1.8688534900328632e-05 0.011641570601760338 0 0.010963991871579948 0.12090271266830084 0 0.11673549231976109 -0.028274046748688785 0.053921539811468855 0 -5.7379490564803342e-07 0 1.0486848768909225e-05 -0.0086585037638400551 3.8533421822209261e-05 -0.00086077785013687947 0.0096406569213677521 0.00012556091894827372 -0.016043672623735721 0.011734113208127174 6.3828049611617046e-05 -0.018875145110884291
leaf_weight=745 99 5662 504 239 3875 49 852 50 55 190 752 63 378 205 205 638 432 1483 96 303 101 97
leaf_count=745 99 5662 504 239 3875 49 852 50 55 190 752 63 378 205 205 638 432 1483 96 303 101 97
internal_value=-0.000299625 0.00152213 -0.0193332 1.09891e-05 0.00225321 -0.0235968 0.00172992 0.00154141 -0.00286364 -0.0166809 0.000236928 -0.00655988 0.000123003 -0.000681561 0.000362799 -0.000293103 0.000789509 0.00046758 -0.00107516 -0.000862416 -0.00223955 0.00021605
internal_weight=17073 15585 1488 5091 10494 553 6619 5767 105 935 4929 162 4690 1058 3632 1416 2216 1784 301 1038 306 400
internal_count=17073 15585 1488 5091 10494 553 6619 5767 105 935 4929 162 4690 1058 3632 1416 2216 1784 301 1038 306 400
is_linear=0
shrinkage=0.035


Tree=41
num_leaves=23
num_cat=0
split_feature=15 15 4 11 9 22 1 9 0 12 20 11 24 22 20 22 12 4 0 24 8 9
split_gain=515.563 14.8041 13.8769 5.64099 3.21517 2.75888 2.23677 1.70694 1.00703 3.07939 0.937258 1.09648 1.02504 0.796397 0.769181 0.748963 0.591224 0.540888 0.651384 0.503044 0.762852 0.465628
threshold=0.49000000000000005 0.68139097744360921 7.2326461957764456 0.90621303993092428 2.4444909400534773 5643.5000000000009 0.97613398113309346 14.150589420573777 14.007413885646328 8.4771323195708188 6.5000000000000009 1.6751667092642408 8120.5000000000009 34795.000000000007 8.5000000000000018 33201.500000000007 3.4610800596760201 5.9680479807034317 1.9717784752471823 3345.5000000000005 3.644822090880004 2.7125911075679072
decision_type=2 2 2 2 2 2 2 2 2 2 2 2 2 2 2 2 2 2 2 2 2 2
left_child=2 3 4 -2 5 14 -5 -4 9 10 12 17 15 -3 -1 19 -17 18 21 20 -6 -12
right_child=1 13 7 6 8 -7 -8 -9 -10 -11 11 -13 -14 -15 -16 16 -18 -19 -20 -21 -22 -23
leaf_value=-8.1532460090308589e-05 0 0 0.039544276356772178 0 0.0059854233888887842 9.1303737248308562e-10 0 0.19086151052255917 0.07797452367658779 -0.021204520890931826 -0.018191979470650939 0.0096220076961319768 0.009641856261665839 0 -7.7970161133172317e-05 -0.012370854551340175 0.010480494852870382 -0.02563716100600796 0.0076549225695938267 0.0083109521810212101 -0.019112090789468281 0.0075536572603674959
leaf_weight=46 593 212 2786 71 189 3373 70 3191 454 62 86 3059 623 528 66 101 56 72 807 490 87 94
leaf_count=46 593 212 2786 71 189 3373 70 3191 454 62 86 3059 623 528 66 101 56 72 807 490 87 94
internal_value=-0.000388207 -0.020141 0.00147789 -0.016297 0.000655119 -0.000190544 -0.00920548 0.00280374 0.0011346 0.00100218 0.00109217 0.00136927 0.000340748 -0.0237953 -0.00547436 -0.000384698 -0.00254938 0.000375 0.000606855 4.99353e-05 -0.00110854 -0.00122973
internal_weight=17116 1474 15642 734 9665 3485 141 5977 6180 5726 5664 4118 1546 740 112 923 157 1059 987 766 276 180
internal_count=17116 1474 15642 734 9665 3485 141 5977 6180 5726 5664 4118 1546 740 112 923 157 1059 987 766 276 180
is_linear=0
shrinkage=0.035


Tree=42
num_leaves=23
num_cat=0
split_feature=15 4 11 22 15 9 9 20 0 11 15 6 7 12 23 0 7 22 7 5 25 20
split_gain=492.156 13.0126 10.5939 9.12933 4.73225 3.49988 1.67942 1.38527 0.942385 0.948365 0.683401 0.652111 0.62992 1.27258 0.670171 0.86254 0.697745 0.54834 0.535558 0.483724 0.468314 0.455677
threshold=0.49000000000000005 7.3463985739894344 0.90621303993092428 34795.000000000007 0.53452380952380962 2.7125911075679072 14.150589420573777 6.5000000000000009 6.4340078050551961 5.2421993778383174 0.10912698412698414 7.9927388748624617 20.994304623647363 6.3030390952350634 62950.000000000007 6.9686127082414542 13.430278064829881 3735.5000000000005 6.2783219388512146 5.2852117926282993 878.00000000000011 12.500000000000002
decision_type=2 2 2 2 2 2 2 2 2 2 2 2 2 2 2 2 2 2 2 2 2 2
left_child=1 5 3 -2 -4 17 -3 11 9 10 21 12 13 14 15 19 18 -1 -17 -7 -19 -9
right_child=2 6 4 -5 -6 7 -8 8 -10 -11 -12 -13 -14 -15 -16 16 -18 20 -20 -21 -22 -23
leaf_value=0.01671565038785507 0 0.037142098791671525 -3.3449775214245578e-07 0 0 0.00087302976316362203 0.1841813576542696 0.013622199320997593 0.040715932636333239 -0.022132083526153579 -0.016094829530260556 0.031486324042189935 0.1033175702302241 -0.014632793758655721 0.03594052950963756 0.002038709014123325 0.027158463712009105 -8.2714125539044527e-06 -0.02502982291539552 0.015788504498846095 0.012485602341146268 0.0052327130662236055
leaf_weight=81 771 2780 47 544 112 666 3160 636 1407 45 93 207 93 45 97 58 71 3941 199 125 178 1727
leaf_count=81 771 2780 47 544 112 666 3160 636 1407 45 93 207 93 45 97 58 71 3941 199 125 178 1727
internal_value=-0.000346559 0.00148034 -0.019644 -0.0207083 -0.010372 0.000685239 0.00276997 0.00126854 0.00162165 0.00119553 0.00129561 0.000371009 7.46874e-05 -0.000121643 8.88617e-05 -0.000143238 -0.00165015 -7.0749e-05 -0.00251145 0.000466081 -0.000132396 0.00141596
internal_weight=17083 15609 1474 1315 159 9669 5940 5469 3908 2501 2456 1561 1354 1261 1216 1119 328 4200 257 791 4119 2363
internal_count=17083 15609 1474 1315 159 9669 5940 5469 3908 2501 2456 1561 1354 1261 1216 1119 328 4200 257 791 4119 2363
is_linear=0
shrinkage=0.035


Tree=43
num_leaves=23
num_cat=0
split_feature=15 15 4 11 22 9 9 20 9 12 21 0 12 22 1 0 11 22 8 24 27 22
split_gain=503.376 14.9173 12.4032 6.38981 3.05078 2.30165 2.07145 1.51066 1.12251 1.19195 1.8932 0.713166 0.744317 0.615461 0.614254 0.538508 0.691689 0.617706 1.4041 0.534652 0.609283 0.714621
threshold=0.49000000000000005 0.68139097744360921 7.3463985739894344 0.90621303993092428 34795.000000000007 2.7125911075679072 14.150589420573777 6.5000000000000009 0.75614179818437999 0.8546718367736591 2.5000000000000004 15.022525042907136 6.8365581202638435 52360.000000000007 0.97613398113309346 6.4340078050551961 5.3028440227623435 52360.000000000007 7.2941068473382087 9349.5000000000018 2.5000000000000004 34795.000000000007
decision_type=2 2 2 2 2 2 2 2 2 2 2 2 2 2 2 2 2 2 2 2 2 2
left_child=2 3 5 -2 -3 8 13 11 -1 10 -10 12 19 -4 -5 16 -9 -17 -19 20 -7 -22
right_child=1 4 6 14 -6 7 -8 15 9 -11 -12 -13 -14 -15 -16 17 -18 18 -20 -21 21 -23
leaf_value=3.0153357553752983e-07 0 0 0.03974387076002709 0 0 0.0057834751552634242 0.17773501013637019 0.0066832320276592177 -0.00042680178015165051 4.9871189221514841e-07 1.0322929355259235e-05 0.076865912172826928 -0.014113122466340708 0.0037350755443214243 0 0.040424684752811739 -0.024588254535220885 0.042494876406198728 -0.025664047041438133 0.009816303450275142 -0.0022988953601726292 -0.020922120488303088
leaf_weight=127 587 224 2553 79 520 158 3156 2431 57 3977 72 156 51 195 65 1286 45 65 53 414 688 69
leaf_count=127 587 224 2553 79 520 158 3156 2431 57 3977 72 156 51 195 65 1286 45 65 53 414 688 69
internal_value=-0.000406241 -0.0199122 0.00144832 -0.0160448 -0.0235561 0.000672157 0.00271222 0.00114988 5.61587e-05 -4.17172e-05 -0.00329104 0.000206684 -3.7906e-05 0.00198711 -0.00871476 0.00151802 0.00118642 0.0020841 -0.000199187 0.000115442 -0.000342391 -0.000771653
internal_weight=17028 1475 15553 731 744 9649 5904 5416 4233 4106 129 1536 1380 2748 144 3880 2476 1404 118 1329 915 757
internal_count=17028 1475 15553 731 744 9649 5904 5416 4233 4106 129 1536 1380 2748 144 3880 2476 1404 118 1329 915 757
is_linear=0
shrinkage=0.035


Tree=44
num_leaves=23
num_cat=0
split_feature=15 11 3 22 8 7 20 11 0 11 22 22 8 25 1 25 8 12 3 11 1 3
split_gain=494.069 12.0538 11.3548 9.56765 2.15484 1.22877 1.12774 0.862172 0.662526 1.41141 0.619075 0.774439 0.625313 0.777038 0.569477 0.539806 0.528574 0.439897 0.431585 0.526707 0.487589 0.444003
threshold=0.49000000000000005 0.90621303993092428 9.4660690456137484 34795.000000000007 3.0645657969878894 13.583536160091679 24.500000000000004 6.9303218716858934 13.982558156555685 7.7787151680189615 3735.5000000000005 5643.5000000000009 1.3580155746509133 637.50000000000011 0.97613398113309346 421.00000000000006 2.9288295239897173 3.6394578264929875 4.9063382803216653 1.6751667092642408 3.9805079009487661 6.086651859151325
decision_type=2 2 2 2 2 2 2 2 2 2 2 2 2 2 2 2 2 2 2 2 2 2
left_child=2 3 4 -2 10 7 8 -4 9 15 -1 -12 -13 -14 -3 18 -15 -10 19 20 -6 -20
right_child=1 14 5 -5 6 -7 -8 -9 17 -11 11 12 13 16 -16 -17 -18 -19 21 -21 -22 -23
leaf_value=0.0096229351590313879 0 0 0.039169251141912824 0 0.0062599817613646427 0.15883237498432837 0.037293821094983151 -0.0034857152039141546 0.018748331870627362 -0.019144684666289102 -6.4301367717865373e-05 3.1797576367189203e-07 -0.00029171409113820169 0.010336550008067345 0 0.0076097749804809791 -0.018871053726035609 0.058676731200302819 -0.0012744177621881144 0.0060660345837427109 -0.022490600799734375 0.014991319467756989
leaf_weight=234 771 90 1712 538 78 3453 954 61 173 45 87 897 2805 970 73 1310 102 295 838 710 53 827
leaf_count=234 771 90 1712 538 78 3453 954 61 173 45 87 897 2805 970 73 1310 102 295 838 710 53 827
internal_value=-0.000350184 -0.0196991 0.00147969 -0.0208455 0.000806655 0.00281084 0.00130257 0.00202362 0.00105307 0.000892654 0.000288235 0.00019852 0.000262921 6.49151e-05 -0.0100417 0.000971866 0.000867688 0.00231607 0.000656511 0.00130733 -0.000617647 0.000314371
internal_weight=17076 1472 15604 1309 10378 5226 5283 1773 4329 3861 5095 4861 4774 3877 163 3816 1072 468 2506 841 131 1665
internal_count=17076 1472 15604 1309 10378 5226 5283 1773 4329 3861 5095 4861 4774 3877 163 3816 1072 468 2506 841 131 1665
is_linear=0
shrinkage=0.035


Tree=45
num_leaves=23
num_cat=0
split_feature=15 11 3 22 15 9 9 9 9 11 5 21 3 9 1 27 16 11 0 2 11 11
split_gain=502.5 13.8521 10.6192 8.53573 3.67159 1.93871 1.74168 1.00184 0.67325 0.613192 0.531003 0.761805 0.650836 0.747933 0.538087 0.529828 0.515109 0.504225 0.478638 0.441359 0.518114 0.41664
threshold=0.49000000000000005 0.90621303993092428 9.4660690456137484 34795.000000000007 0.53452380952380962 14.335642961906251 2.7125911075679072 0.75614179818437999 0.8377192982456142 8.5871128860910755 8.9014060232131627 4.5000000000000009 3.4127635668544474 4.6726190476190483 3.7070982822676251 3.5000000000000004 1.0000000180025095e-35 2.6358104279717112 3.7899203501381034 2.9852237017189558 1.8693596482500359 4.0990905445054358
decision_type=2 2 2 2 2 2 2 2 2 2 2 2 2 2 2 2 2 2 2 2 2 2
left_child=2 3 6 -2 -3 18 7 -1 -9 10 11 12 -8 14 15 -14 -10 -13 -4 -16 -21 -20
right_child=1 4 5 -5 -6 -7 9 8 16 -11 -12 17 13 -15 19 -17 -18 -19 21 20 -22 -23
leaf_value=2.6778465620628919e-07 0 -3.4321703015174087e-07 -0.0076897910215519803 0 0 0.16595515165714572 0.0064745974038253789 -6.1200714372328067e-05 2.8118389839533021e-06 -0.012155494490354907 0.029406490363244497 0.0014984105052300782 0.0047067794203699519 0.020477461311937863 0.0061492135833533541 -0.017931139955985654 0.024006646995130831 -0.019192341984753728 0.041155205778916716 0.0025574743132852217 -0.022049776178225657 0.033284242452417769
leaf_weight=125 766 46 79 552 111 3202 1494 61 3882 73 1168 229 497 2279 105 71 150 68 1158 79 160 745
leaf_count=125 766 46 79 552 111 3202 1494 61 3882 73 1168 229 497 2279 105 71 150 68 1158 79 160 745
internal_value=-0.000442999 -0.0199358 0.00140179 -0.0211296 -0.00946296 0.00269734 0.000755888 0.000201397 0.000100781 0.00112845 0.00116856 0.0010015 0.00111194 0.000816959 -1.14503e-05 0.000629145 0.000162125 -0.000672185 0.00180901 -0.00111318 -0.00195082 0.00192243
internal_weight=17100 1475 15625 1318 157 5184 10441 4218 4093 6223 6150 4982 4685 3191 912 568 4032 297 1982 344 239 1903
internal_count=17100 1475 15625 1318 157 5184 10441 4218 4093 6223 6150 4982 4685 3191 912 568 4032 297 1982 344 239 1903
is_linear=0
shrinkage=0.035


Tree=46
num_leaves=23
num_cat=0
split_feature=15 15 0 11 9 22 20 8 1 9 6 7 1 11 22 8 25 8 22 8 0 2
split_gain=502.553 12.3083 11.0755 5.40861 2.53065 1.90837 1.38789 1.15406 1.13697 1.08304 1.06948 1.30636 1.00215 1.85402 0.630181 1.05979 0.577811 0.596181 0.573038 1.22329 0.544773 0.623921
threshold=0.49000000000000005 0.68139097744360921 12.035714285714286 0.90621303993092428 2.7125911075679072 34795.000000000007 6.5000000000000009 11.430029285932017 0.97613398113309346 0.75614179818437999 7.69680936421629 12.860265344091902 10.866071428571431 7.2809816439689881 19263.000000000004 3.644822090880004 637.50000000000011 2.9288295239897173 52360.000000000007 7.2941068473382087 8.2950862850224016 8.7917610864307907
decision_type=2 2 2 2 2 2 2 2 2 2 2 2 2 2 2 2 2 2 2 2 2 2
left_child=2 3 4 -2 9 -3 10 -4 -5 -1 11 14 13 18 15 -6 17 -11 -8 -20 -16 -22
right_child=1 5 7 8 6 -7 12 -9 -10 16 -12 -13 -14 -15 20 -17 -18 -19 19 -21 21 -23
leaf_value=2.5841219323906902e-07 0 0 0.029892437596783554 0 0.0073701615979093688 0 0.0076332916042244157 0.12897127023701563 0 -5.365834524081284e-05 0.036973147802123053 -0.016036202301617421 0.055112554812003049 -0.025302676740925859 0.0060748956597658265 -0.010930703632988245 0.012062552432138662 0.013891085733619404 0.027679884701813696 -0.018285683916896698 -0.014974837133807834 0.01516461039801301
leaf_weight=127 591 224 519 78 193 515 4112 3603 65 3327 456 55 1100 53 751 106 724 65 224 131 89 66
leaf_count=127 591 224 519 78 193 515 4112 3603 65 3327 456 55 1100 53 751 106 724 65 224 131 89 66
internal_value=-0.000478986 -0.0199912 0.00135623 -0.0164391 0.000798861 -0.0233616 0.00119241 0.00291483 -0.00950676 0.000113701 0.000307089 -0.00020751 0.00145911 0.00121823 2.89257e-05 -0.00133553 9.34252e-06 -0.000178245 0.00130076 0 0.000503293 -0.0013125
internal_weight=17174 1473 15701 734 11579 739 7336 4122 143 4243 1716 1260 5620 4520 1205 299 4116 3392 4467 355 906 155
internal_count=17174 1473 15701 734 11579 739 7336 4122 143 4243 1716 1260 5620 4520 1205 299 4116 3392 4467 355 906 155
is_linear=0
shrinkage=0.035


Tree=47
num_leaves=23
num_cat=0
split_feature=15 11 3 22 9 9 20 9 11 1 22 8 9 22 10 4 2 20 14 22 9 3
split_gain=498.582 14.3284 10.3241 7.47498 1.87441 1.46811 1.27073 0.942236 0.865141 0.795262 0.593724 2.24451 0.964993 0.596388 0.631326 1.05478 0.749297 0.579695 0.688346 0.755362 0.696095 0.593469
threshold=0.49000000000000005 0.90621303993092428 9.4660690456137484 34795.000000000007 14.335642961906251 2.7125911075679072 23.500000000000004 0.75614179818437999 7.2809816439689881 0.97613398113309346 13885.000000000002 1.0741758241758244 1.0641324483029539 5643.5000000000009 1.1338934190276835 1.244817030871882 2.9852237017189558 6.5000000000000009 0.10555555555555557 52360.000000000007 7.1812704906524027 8.9137438819749804
decision_type=2 2 2 2 2 2 2 2 2 2 2 2 2 2 2 2 2 2 2 2 2 2
left_child=2 3 5 -2 8 7 17 -1 -4 -3 11 -9 -12 -13 -15 16 -16 21 19 -19 -21 -7
right_child=1 9 4 -5 -6 6 -8 10 -10 -11 12 13 -14 14 15 -17 -18 18 -20 20 -22 -23
leaf_value=2.5829179627829397e-07 0 0 0.034310650464001897 0 0.15563272689085009 0.0054339221991221119 0.023605747574087194 -6.7825649767077662e-05 -0.017678014609270432 0 5.09520850569322e-06 0.014971130728144209 3.1856241740371788e-05 0.00023352388702747057 -0.0037074370907730419 -4.3941443822033991e-06 -0.001760497735988928 0.0070937796681084563 -0.016576535803160358 0.034456422611792506 -0.017214427923004497 -0.0080968869995823277
leaf_weight=122 768 90 1938 533 3229 1514 1387 48 47 72 267 88 3201 192 69 189 49 2833 135 120 100 106
leaf_count=122 768 90 1938 533 3229 1514 1387 48 47 72 267 88 3201 192 69 189 49 2833 135 120 100 106
internal_value=-0.000433458 -0.0199366 0.00139629 -0.0211822 0.00266842 0.000757074 0.00110081 0.000248227 0.00179397 -0.00949401 0.000151655 -0.000820312 0.000335589 -0.00016554 -0.000666667 -0.00166026 -0.00418293 0.000823915 0.00109944 0.00121092 -0.0007 0.000269231
internal_weight=17097 1463 15634 1301 5214 10420 6195 4225 1985 162 4103 635 3468 587 499 307 118 4808 3188 3053 220 1620
internal_count=17097 1463 15634 1301 5214 10420 6195 4225 1985 162 4103 635 3468 587 499 307 118 4808 3188 3053 220 1620
is_linear=0
shrinkage=0.035


Tree=48
num_leaves=23
num_cat=0
split_feature=15 11 4 22 15 7 9 11 12 8 25 22 3 12 13 6 0 1 11 1 1 10
split_gain=525.965 15.3073 10.7291 8.9835 4.39667 2.87519 1.21795 1.2145 1.07756 3.86666 0.853405 0.84962 0.828082 0.560275 1.06552 0.610086 0.53135 0.740229 0.646702 0.555627 0.725463 0.561648
threshold=0.49000000000000005 0.90621303993092428 7.3463985739894344 34795.000000000007 0.53452380952380962 12.146075006129591 2.5000195216228165 1.3424596091494918 8.4771323195708188 19.933053515110455 557.50000000000011 52360.000000000007 0.99491741027542968 1.1252098250536189 0.36666666666666675 1.2518752857764714 1.7342759147158915 4.9584559719734012 1.8125789272193893 0.97613398113309346 3.9805079009487661 1.4906432498713766
decision_type=2 2 2 2 2 2 2 2 2 2 2 2 2 2 2 2 2 2 2 2 2 2
left_child=2 3 6 -2 -3 11 7 12 -8 -10 16 -4 -1 14 -14 -15 18 -18 19 -9 21 -21
right_child=1 4 5 -5 -6 -7 8 10 9 -11 -12 -13 13 15 -16 -17 17 -19 -20 20 -22 -23
leaf_value=5.1311413447882996e-06 0 -2.6992433609361686e-07 0.029962957724370382 0 0 0.11864720132657477 0.0064776940642667907 8.7271080163450109e-05 -0.025327265091854016 0.14666512885700436 0.012388205038159275 -0.004801412273669617 -0.00033931473625684733 -0.00027039953587298943 2.7938950934304795e-07 0.0002745514253275175 -0.00023223332744014681 -0.00351320945411319 0.0068363526259826602 -0.0018131762631082894 0.00020418367254770194 -0.0030159916785743811
leaf_weight=446 792 49 2080 561 121 3685 5967 80 59 72 267 198 588 322 159 589 657 73 97 142 56 118
leaf_count=446 792 49 2080 561 121 3685 5967 80 59 72 267 198 588 322 159 589 657 73 97 142 56 118
internal_value=-0.000606384 -0.0202075 0.00130524 -0.0214742 -0.0097 0.00247369 0.000583634 6.71021e-05 0.000884893 -0.00216176 -0.000690635 0.00147635 0.000612376 0.000237823 -0.000456117 0.000825328 -0.00108876 -0.000452381 -0.00198193 -0.00260973 -0.00326012 -0.0040283
internal_weight=17178 1523 15655 1353 170 5963 9692 3594 6098 131 1490 2278 2104 1658 747 911 1223 730 493 396 316 260
internal_count=17178 1523 15655 1353 170 5963 9692 3594 6098 131 1490 2278 2104 1658 747 911 1223 730 493 396 316 260
is_linear=0
shrinkage=0.035


Tree=49
num_leaves=23
num_cat=0
split_feature=15 15 4 11 15 7 22 5 0 12 20 21 8 0 24 0 0 25 15 15 10 22
split_gain=496.691 14.2762 11.3211 6.68897 3.81169 2.87585 1.8651 1.2476 1.23086 1.9253 0.93342 2.03913 1.18085 0.930224 1.26596 0.727837 0.721692 0.945342 0.632391 0.625096 0.651628 0.539173
threshold=0.49000000000000005 0.68139097744360921 7.3463985739894344 0.90621303993092428 0.53452380952380962 13.288932148986737 34795.000000000007 5.8946821433870653 15.411663809346749 8.4771323195708188 4.5000000000000009 1.5000000000000002 2.7861226886287489 7.9927388748624617 9349.5000000000018 1.9133455045070373 1.9999246801866812 180.50000000000003 0.12250000000000001 0.43303571428571436 0.42429768886763164 52360.000000000007
decision_type=2 2 2 2 2 2 2 2 2 2 2 2 2 2 2 2 2 2 2 2 2 2
left_child=2 3 7 -2 -5 21 -3 8 9 10 11 13 19 14 16 -9 -1 -18 -14 20 -12 -4
right_child=1 6 5 4 -6 -7 -8 15 -10 -11 12 -13 18 -15 -16 -17 17 -19 -20 -21 -22 -23
leaf_value=2.9075548364237768e-05 0 0 0.029849321209610195 -2.6047698433034034e-07 0 0.13698420739362083 0 -0.0019505671265949861 0.10574158461071263 -0.020612002578846541 -0.0010077723176586892 2.9903091562670835e-05 0.0052014871373738348 -0.028831273144491087 0.039425798037039571 0.023402195762914517 0.012695619697184494 -0.01378343350173329 -0.016351372956410631 6.073760653837083e-08 1.8091245120516594e-06 -0.0012828274550005991
leaf_weight=56 589 215 2379 49 99 3401 516 84 294 65 54 818 2499 71 54 1641 51 179 99 79 3717 200
leaf_count=56 589 215 2379 49 99 3401 516 84 294 65 54 818 2499 71 54 1641 51 179 99 79 3717 200
internal_value=-0.000540025 -0.0199759 0.00127721 -0.016217 -0.00885294 0.00247661 -0.023606 0.00053973 0.000353003 0.0002652 0.000319839 -0.000555916 0.000489772 -0.00255769 -0.00167391 0.00139595 -0.00263402 -0.0035 0.00106627 9.53309e-05 2.40997e-05 0.00157663
internal_weight=17209 1468 15741 737 148 5980 731 9761 8036 7742 7677 1229 6448 411 340 1725 286 230 2598 3850 3771 2579
internal_count=17209 1468 15741 737 148 5980 731 9761 8036 7742 7677 1229 6448 411 340 1725 286 230 2598 3850 3771 2579
is_linear=0
shrinkage=0.035


Tree=50
num_leaves=23
num_cat=0
split_feature=9 2 22 9 14 2 4 14 11 4 20 9 5 23 10 23 10 7 11 2 9 11
split_gain=461.707 13.9057 11.3523 9.83239 4.00044 1.76614 1.48288 1.27784 0.936618 0.900343 0.799525 0.664367 0.590785 0.561356 0.535425 0.594778 0.502706 0.431209 0.429657 0.676029 0.781635 0.697796
threshold=0.60791925465838526 10.528634420224899 34795.000000000007 0.8377192982456142 0.5634920634920636 5.0127769206881263 9.5426717771377181 0.52272727272727282 0.67345596942462282 4.9547980748721674 25.500000000000004 0.69236835154341714 2.5004605840489691 39000.000000000007 4.6700667885506482 41450.000000000007 1.7043362064926926 12.004964222543288 2.8410310425255987 3.2187509744530982 2.7246111641241617 2.5066905276343792
decision_type=2 2 2 2 2 2 2 2 2 2 2 2 2 2 2 2 2 2 2 2 2 2
left_child=2 3 7 4 8 10 13 -1 -2 -4 18 -10 -7 -3 15 -15 -12 -8 19 20 -5 -22
right_child=1 6 9 5 -6 12 17 -9 11 -11 16 -13 -14 14 -16 -17 -18 -19 -20 -21 21 -23
leaf_value=0 5.861179030952785e-08 0.051902616827028472 0 9.1389660376219943e-07 0 -0.0021280319084425762 0.037045311944596766 0 0 0 4.9958181970698396e-05 -4.6324750354510315e-07 0.023597352245835809 -0.010425363102507452 -0.0055879786082745093 0.038343123594028944 0.01536535580512932 0.11926855217599992 0.013074129114377888 -0.0016271547594531373 0.005317151537005016 -0.0098908545503114849
leaf_weight=176 50 541 494 2927 88 213 396 652 53 56 748 96 2930 58 203 404 420 3294 700 1427 1117 136
leaf_count=176 50 541 494 2927 88 213 396 652 53 56 748 96 2930 58 203 404 420 3294 700 1427 1117 136
internal_value=-0.000516527 0.00117936 -0.0199093 0.00048121 -0.00584931 0.000656641 0.00272873 -0.0170042 -0.00284804 -0.0240586 0.000360294 -0.00422727 0.00135419 0.00162139 0.00088806 0.00155139 0.00120247 0.00308322 0.000200729 9.4797e-05 0.000321983 0.00105167
internal_weight=17179 15801 1378 10905 287 10618 4896 828 199 550 7475 149 3143 1206 665 462 1168 3690 6307 5607 4180 1253
internal_count=17179 15801 1378 10905 287 10618 4896 828 199 550 7475 149 3143 1206 665 462 1168 3690 6307 5607 4180 1253
is_linear=0
shrinkage=0.035


Tree=51
num_leaves=23
num_cat=0
split_feature=15 15 8 22 12 9 6 12 9 25 21 4 5 4 15 3 0 2 12 12 24 5
split_gain=472.451 14.0457 10.4414 3.43701 3.23479 2.44428 0.930245 1.32704 0.794355 1.16718 0.753142 0.909769 1.17194 0.837226 0.643848 0.588391 0.675392 0.567195 1.119 1.17354 1.2277 0.838239
threshold=0.49000000000000005 0.68139097744360921 15.433015574650915 34795.000000000007 0.77431177036664367 2.4444909400534773 10.000130448439306 8.6219335438479856 1.5010753820005218 557.50000000000011 3.5000000000000004 6.006203158824877 3.802034333080027 7.0056524229269748 0.53452380952380962 5.7672630030662937 14.209780574436282 3.7899203501381034 2.5451381627577256 2.5136152065707509 8654.0000000000018 2.647123939246129
decision_type=2 2 2 2 2 2 2 2 2 2 2 2 2 2 2 2 2 2 2 2 2 2
left_child=2 4 5 -3 -2 8 7 10 -1 -10 13 -12 -13 17 -6 16 -4 -7 19 21 -21 -19
right_child=1 3 15 -5 14 6 -8 -9 9 -11 11 12 -14 -15 -16 -17 -18 18 -20 20 -22 -23
leaf_value=3.1117268669609687e-07 0 0 -0.0057163120644992587 0 0 0.0064677869118793824 0.035209018160153698 -0.024380130160308173 -0.00080547988063118408 0.013194075100257162 0.0051310512332098388 -0.0067332883241637284 -0.0016466460399921635 0.032640354563702706 0 0.13720993553050234 0.070818074117289048 -0.013027203382185524 0.018241192383701865 -0.013244062912591765 0.033108412806857591 0.0052122677717349221
leaf_weight=1203 433 224 49 514 83 1480 1408 46 1830 426 1407 77 668 1415 199 3076 149 223 1239 166 62 711
leaf_count=1203 433 224 49 514 83 1480 1408 46 1830 426 1407 77 668 1415 199 3076 149 223 1239 166 62 711
internal_value=-0.000609577 -0.0196653 0.00116592 -0.0232093 -0.0158472 0.000697962 0.00100477 0.000844313 -8.68936e-05 -0.000478328 0.000884275 0.000319657 -0.000653333 0.00110989 -0.0122317 0.0029236 0.000913793 0.00083402 0.000488778 -0.00027892 -0.00250858 0.000257189
internal_weight=17088 1453 15635 738 715 12361 8902 7494 3459 2256 7448 2152 745 5296 282 3274 198 3881 2401 1162 228 934
internal_count=17088 1453 15635 738 715 12361 8902 7494 3459 2256 7448 2152 745 5296 282 3274 198 3881 2401 1162 228 934
is_linear=0
shrinkage=0.035


Tree=52
num_leaves=23
num_cat=0
split_feature=15 22 0 15 11 5 11 20 22 0 15 9 15 12 7 6 21 11 1 1 3 9
split_gain=468.307 11.6276 11.3943 8.66496 4.71519 2.49885 2.73586 1.45214 1.0537 0.955489 0.893258 1.20367 0.92035 0.65861 0.784984 0.61571 0.794039 0.681927 0.729648 0.716739 0.593289 1.04486
threshold=0.52086956521739147 34795.000000000007 12.600843035355068 0.49000000000000005 0.8017837257372733 5.0127769206881263 8.1598049688090466 27.500000000000004 33201.500000000007 1.9133455045070373 0.10912698412698414 1.0641324483029539 0.12771739130434787 1.0945553872080129 1.5000159459058626 15.022525042907136 3.5000000000000004 2.5797469136336 11.00884074265187 10.000130448439306 3.6063547516383614 1.6793160786581842
decision_type=2 2 2 2 2 2 2 2 2 2 2 2 2 2 2 2 2 2 2 2 2 2
left_child=2 7 3 5 -5 6 10 -2 -4 -7 13 -12 -13 -1 -15 16 -11 -18 19 -19 -14 -22
right_child=1 -3 8 4 -6 9 -8 -9 -10 15 11 12 20 14 -16 -17 17 18 -20 -21 21 -23
leaf_value=-0.00085842393520895593 0 0 0.12763247482357271 0 0 -0.0019973088181752131 -0.022340540891582789 0 0.035424262029087175 0.027805837202302033 2.2085031209243667e-07 -0.01220398907463229 -1.2881041542616973e-05 -0.0023014673231998269 0.0047821214182841663 0.071289130927889771 0.017510504053533247 -0.0011281996627796442 0.029728577832110227 -0.032978893262767935 0.00015295722811352048 -0.0049795887895091769
leaf_weight=191 730 532 3146 58 61 92 54 92 949 1922 415 60 1925 82 4999 369 251 499 240 53 84 257
leaf_count=191 730 532 3146 58 61 92 54 92 949 1922 415 60 1925 82 4999 369 251 499 240 53 84 257
internal_value=-0.000585316 -0.0202969 0.0011187 0.000556469 -0.0086371 0.000656897 0.000317394 -0.0173646 0.0027061 0.00144958 0.000374532 -0.000132556 -0.000448949 0.000641368 0.000719819 0.00155031 0.001367 0.000561069 3.07404e-05 -0.000647217 -0.000322105 -0.00165896
internal_weight=17061 1354 15707 11612 119 11493 8067 822 4095 3426 8013 2741 2326 5272 5081 3334 2965 1043 792 552 2266 341
internal_count=17061 1354 15707 11612 119 11493 8067 822 4095 3426 8013 2741 2326 5272 5081 3334 2965 1043 792 552 2266 341
is_linear=0
shrinkage=0.035


Tree=53
num_leaves=23
num_cat=0
split_feature=15 11 0 22 15 5 11 22 9 14 9 0 20 20 20 21 1 20 0 24 24 1
split_gain=470.562 14.9568 9.31842 8.46109 4.61654 2.53054 3.03571 1.18058 1.10047 1.06405 0.948668 0.645713 0.601492 0.546288 0.552391 0.583117 0.55388 0.538448 1.20089 0.614326 0.750578 0.589623
threshold=0.49000000000000005 0.90621303993092428 13.013525075797139 34795.000000000007 0.53452380952380962 5.0127769206881263 8.5871128860910755 33201.500000000007 2.321297033566406 0.24038461538461542 10.404336971991631 1.9133455045070373 14.500000000000002 22.500000000000004 20.500000000000004 3.5000000000000004 14.999072958688698 4.5000000000000009 6.4340078050551961 8120.5000000000009 4163.5000000000009 4.9584559719734012
decision_type=2 2 2 2 2 2 2 2 2 2 2 2 2 2 2 2 2 2 2 2 2 2
left_child=2 3 5 -2 -3 6 8 -4 9 -1 11 -7 -6 14 16 -16 -13 18 19 20 -10 -20
right_child=1 4 7 -5 12 10 -8 -9 17 -11 -12 13 -14 -15 15 -17 -18 -19 21 -21 -22 -23
leaf_value=-0.00034495018695663221 0 6.5026288066568904e-08 0.12779459845591085 0 0 -0.0034679315605106054 -0.02240528198532786 0.03472337706581459 0.0020515401598232203 7.5041747282030854e-07 0.048277433369231314 0.015966562618088192 0 0.034278786414253554 0.0060541857198142552 -0.026820998920010539 -0.011682443074993304 0.0050617815414897432 0.0066539071286558366 0.011004048836981441 -0.011559674026095715 -0.014802794799477298
leaf_weight=2041 756 46 2928 538 70 88 51 756 356 1033 1331 1425 47 724 135 58 75 4257 47 216 79 109
leaf_count=2041 756 46 2928 538 70 88 51 756 356 1033 1331 1425 47 724 135 58 75 4257 47 216 79 109
internal_value=-0.000584794 -0.019578 0.00118137 -0.0208572 -0.009 0.000706983 0.000356236 0.00272201 0.000413914 -0.000103443 0.00144975 0.00103187 -0.0125656 0.00114451 0.000779152 -0.000919192 0.00101163 0.000731209 -7.75861e-05 0.000565549 -0.000159091 -0.00280435
internal_weight=17166 1457 15709 1294 163 12025 8189 3684 8138 3074 3836 2505 117 2417 1693 193 1500 5064 807 651 435 156
internal_count=17166 1457 15709 1294 163 12025 8189 3684 8138 3074 3836 2505 117 2417 1693 193 1500 5064 807 651 435 156
is_linear=0
shrinkage=0.035


Tree=54
num_leaves=23
num_cat=0
split_feature=15 15 0 11 5 11 1 22 21 12 25 22 20 20 25 20 15 9 10 2 10 11
split_gain=483.663 13.8858 10.3814 5.43322 2.54454 2.29064 2.15331 1.22806 0.888745 0.847575 0.785784 0.75153 0.715647 1.95467 0.616119 0.595042 0.996143 0.753053 0.816861 0.703026 0.729953 0.669473
threshold=0.49000000000000005 0.68139097744360921 13.982558156555685 0.90621303993092428 5.0127769206881263 8.5871128860910755 0.97613398113309346 34795.000000000007 3.5000000000000004 3.8777509567963695 600.00000000000011 33201.500000000007 23.500000000000004 21.500000000000004 277.00000000000006 6.5000000000000009 0.21240601503759401 2.2581248134303693 1.6035674514745473 4.0075510609739959 2.2175168379162637 1.0163498575623617
decision_type=2 2 2 2 2 2 2 2 2 2 2 2 2 2 2 2 2 2 2 2 2 2
left_child=2 3 4 -2 5 10 -5 -3 9 -6 14 -4 13 -10 -1 16 17 18 21 -19 -21 -16
right_child=1 7 11 6 8 -7 -8 -9 12 -11 -12 -13 -14 -15 15 -17 -18 19 -20 20 -22 -23
leaf_value=1.6814497788477087e-05 0 0 0.12332178750995397 0 0.020856974902838547 -0.020534772523265334 0 0 0.0077579633605034332 0.070129851830001311 0.0049974071150507091 0.042533068327639922 0.041782551178138526 -0.029242942804473142 -0.00077351573393396049 1.6140610208792372e-07 2.6923092113324641e-05 0.0030962950980534766 -0.0049903711067648734 -0.013506626672787266 0.013665754925693826 0.027733049954402251
leaf_weight=3291 600 220 2887 77 1650 54 67 517 1033 784 1996 755 272 72 45 2170 177 157 57 98 60 69
leaf_count=3291 600 220 2887 77 1650 54 67 517 1033 784 1996 755 272 72 45 2170 177 157 57 98 60 69
internal_value=-0.000688628 -0.0197705 0.00112442 -0.0160794 0.000624687 0.000273444 -0.00918456 -0.0233396 0.00137212 0.00177798 0.000325231 0.00276104 0.000638206 0.000220721 0.000125061 -0.000249119 -0.00116317 -0.0019888 -0.00385795 -0.000875 -0.00251227 -0.00179412
internal_weight=17108 1481 15627 744 11985 8174 144 737 3811 2434 8120 3642 1377 1105 6124 2833 663 486 171 315 158 114
internal_count=17108 1481 15627 744 11985 8174 144 737 3811 2434 8120 3642 1377 1105 6124 2833 663 486 171 315 158 114
is_linear=0
shrinkage=0.035


Tree=55
num_leaves=23
num_cat=0
split_feature=15 15 3 11 23 8 12 2 6 11 15 20 4 21 9 12 1 9 23 4 0 10
split_gain=489.904 12.9021 10.3042 6.09818 2.33153 2.25829 1.74906 1.64906 1.09193 1.06805 0.7054 0.776716 1.11781 0.854689 0.75497 0.967843 0.793818 0.769651 0.674994 0.64109 0.630037 0.61805
threshold=0.49000000000000005 0.68139097744360921 9.4660690456137484 0.94053994312596167 40250.000000000007 15.944127598627071 0.8546718367736591 0.99502319985380738 8.1083281831690481 8.5871128860910755 0.10263157894736843 4.5000000000000009 4.9547980748721674 3.5000000000000004 1.6084720730397424 1.7320508075688779 3.7899203501381034 1.6459916292040904 62950.000000000007 3.8694122318189232 2.0616933082983997 1.1126972805283728
decision_type=2 2 2 2 2 2 2 2 2 2 2 2 2 2 2 2 2 2 2 2 2 2
left_child=2 3 6 -2 -3 18 7 -1 9 10 11 12 -8 20 -12 16 17 -16 -4 -17 -13 -19
right_child=1 4 5 -5 -6 -7 8 -9 -10 -11 14 13 -14 -15 15 19 -18 21 -20 -21 -22 -23
leaf_value=-2.5286382136354822e-05 0 0 0.034689015405480653 0 0 0.13694087731615454 0.0076608078923854506 -5.4443006724916357e-07 0.028114868281993173 -0.0092719425596748135 1.1100269852104638e-05 0.00071547686960279607 -0.004797822677971182 0.00018126403029381619 -0.00072958655996855043 0.011673809818887661 -0.004247135860839503 0.012262435886311719 0.008665230000998168 -0.0033899650943166305 0.010366285879012121 -0.0015845544813222897
leaf_weight=66 644 217 1935 78 527 2853 407 218 1102 67 1187 926 686 1172 58 353 223 328 412 247 2652 774
leaf_count=66 644 217 1935 78 527 2853 407 218 1102 67 1187 926 686 1172 58 353 223 328 412 247 2652 774
internal_value=-0.000695016 -0.0200078 0.00111694 -0.0163349 -0.0234159 0.00239049 0.000481664 -0.00219204 0.000558997 0.000429554 0.000464959 0.000693058 -0.00013388 0.000886961 3.85828e-05 -0.000373239 -0.000887608 -0.000495708 0.00156548 0.000780992 0.0011556 -0.000262421
internal_weight=17132 1466 15666 722 744 5200 10466 284 10182 9080 9013 5843 1093 4750 3170 1983 1383 1160 2347 600 3578 1102
internal_count=17132 1466 15666 722 744 5200 10466 284 10182 9080 9013 5843 1093 4750 3170 1983 1383 1160 2347 600 3578 1102
is_linear=0
shrinkage=0.035


Tree=56
num_leaves=23
num_cat=0
split_feature=15 15 9 11 2 25 22 25 20 9 4 20 11 2 12 22 20 20 11 9 9 10
split_gain=471.119 16.1439 11.5361 4.85144 2.29002 1.46097 1.09509 1.0899 0.697987 0.565379 0.656656 0.729655 0.533991 0.841084 0.620444 0.59536 0.580806 1.14724 0.828232 0.683797 0.63373 0.840602
threshold=0.49000000000000005 0.68139097744360921 15.672619047619049 0.91617599132032257 5.2938371853575159 600.00000000000011 34795.000000000007 210.50000000000003 23.500000000000004 2.4444909400534773 3.0003581617680068 23.500000000000004 1.4373357526806561 3.9805079009487661 1.5054623232592033 54348.000000000007 19.500000000000004 25.500000000000004 1.5897087143519026 1.928614655592682 2.2400445813187457 1.8257418583505545
decision_type=2 2 2 2 2 2 2 2 2 2 2 2 2 2 2 2 2 2 2 2 2 2
left_child=2 3 4 -2 5 9 -3 8 -6 12 -11 -12 14 15 -1 16 19 18 -18 -14 21 -21
right_child=1 6 -4 -5 7 -7 -8 -9 -10 10 11 -13 13 -15 -16 -17 17 -19 -20 20 -22 -23
leaf_value=3.0804168530208119e-07 0 0 0.1177956053133563 0 -0.00053736801579751334 0.0047321016912792212 0 0.023558087616464534 0.027079630824202779 0.0056738938130789316 -0.002703413348011126 0.011280840259440763 0.00058267633747353595 0.0005330762254410964 -0.003213419824013704 -0.00071264129681155642 -0.0054736443542107186 0.0029507585557459696 -0.0027515952887200304 -0.0012798829913917085 0.017940498159987286 -0.0038611631818122288
leaf_weight=1957 602 224 3272 117 1074 1861 515 3450 319 1097 1283 306 169 148 140 84 49 92 89 96 102 78
leaf_count=1957 602 224 3272 117 1074 1861 515 3450 319 1097 1283 306 169 148 140 84 49 92 89 96 102 78
internal_value=-0.000686759 -0.0196818 0.00108567 -0.0156436 0.00059533 0.000211223 -0.0234556 0.00118977 0.000345494 -6.45302e-05 0.000300446 -0.000144918 -0.000396643 -0.00110526 -7.99237e-05 -0.00158508 -0.00118382 -0.00260638 -0.00457692 -0.000388889 -0.00148221 -0.00275698
internal_weight=17124 1458 15666 719 12394 7551 739 4843 1393 5690 2686 1589 3004 907 2097 759 675 230 138 445 276 174
internal_count=17124 1458 15666 719 12394 7551 739 4843 1393 5690 2686 1589 3004 907 2097 759 675 230 138 445 276 174
is_linear=0
shrinkage=0.035


Tree=57
num_leaves=23
num_cat=0
split_feature=15 22 8 15 10 0 20 10 3 0 12 5 25 4 22 25 8 12 9 5 2 9
split_gain=481.768 12.3426 12.1117 8.72449 3.17423 1.87447 1.52219 1.26078 0.934669 1.55276 0.919896 0.668685 0.609554 0.635154 1.1119 0.601618 0.600295 0.896412 0.584622 0.665879 0.48922 0.979654
threshold=0.52086956521739147 34795.000000000007 15.783213123016756 0.47722567287784684 0.78679579246944309 3.7899203501381034 23.500000000000004 0.97590007294853509 5.7672630030662937 14.523794177969004 2.3262162789641234 0.99491741027542968 600.00000000000011 5.9680479807034317 44839.000000000007 210.50000000000003 1.5012755102040818 1.0797154152493629 0.8377192982456142 1.9999246801866812 13.982558156555685 10.03132202993814
decision_type=2 2 2 2 2 2 2 2 2 2 2 2 2 2 2 2 2 2 2 2 2 2
left_child=2 7 3 5 -5 12 11 -2 9 -4 -8 -7 16 -14 -15 20 18 -18 19 -1 -13 -22
right_child=1 -3 8 4 -6 6 10 -9 -10 -11 -12 15 13 14 -16 -17 17 -19 -20 -21 21 -23
leaf_value=2.9802487844563772e-07 0 0 -0.011660293006281568 0 -1.8948146220591576e-07 -0.0096096319828715242 0.0030655762295372902 0 0.11980593161425594 0.057820882902001006 0.046804304372381943 0.0048279432106609109 0.0044825901175503825 0.0076174955138829936 -0.02304909404086038 0.010097487098642577 -0.0010626658281099226 -0.00025566780758725369 1.7280455189897962e-05 -8.8607051139228144e-07 -0.030767794875452881 0.0030671686266705877
leaf_weight=104 719 546 46 67 51 79 329 88 3014 143 1262 1414 1163 70 51 3636 140 2894 1075 87 50 127
leaf_count=104 719 546 46 67 51 79 329 88 3014 143 1262 1414 1163 70 51 3636 140 2894 1075 87 50 127
internal_value=-0.000695513 -0.020701 0.0010223 0.000531498 -0.00873577 0.000623979 0.00101014 -0.0176207 0.00294358 0.00043299 0.00196491 0.00071898 0.000143407 0.00081187 -0.0015 0.000770642 -5.28454e-05 -0.000323626 0.000581039 -0.00114286 0.000188597 -0.0015
internal_weight=17155 1353 15802 12599 118 12481 6897 807 3203 189 1591 5306 5584 1284 121 5227 4300 3034 1266 191 1591 177
internal_count=17155 1353 15802 12599 118 12481 6897 807 3203 189 1591 5306 5584 1284 121 5227 4300 3034 1266 191 1591 177
is_linear=0
shrinkage=0.035


Tree=58
num_leaves=23
num_cat=0
split_feature=15 15 1 11 15 8 22 0 12 5 20 5 20 20 20 25 25 8 11 0 25 15
split_gain=470.738 15.8824 10.2708 8.5715 2.8255 1.7104 1.70765 1.43876 1.00734 0.93895 0.809638 0.755237 0.760575 0.708827 0.882614 0.682193 0.868775 1.44084 0.516993 0.497323 0.479224 0.789445
threshold=0.47722567287784684 0.68139097744360921 11.852133989485408 0.90621303993092428 0.53452380952380962 2.2505441902424379 34795.000000000007 15.638733474143338 8.9378733062503795 0.99491741027542968 23.500000000000004 12.778846153846155 5.5000000000000009 3.5000000000000004 4.5000000000000009 381.00000000000006 277.00000000000006 5.0056043956043963 1.6751667092642408 1.9133455045070373 637.50000000000011 0.072751322751322761
decision_type=2 2 2 2 2 2 2 2 2 2 2 2 2 2 2 2 2 2 2 2 2 2
left_child=2 3 5 -2 -5 20 -3 11 9 19 15 12 13 -4 -15 16 -11 -18 -12 -7 21 -1
right_child=1 6 7 4 -6 8 -8 -9 -10 10 18 -13 -14 14 -16 -17 17 -19 -20 -21 -22 -23
leaf_value=-0.0023840395347175984 0 0 0.022264374561827355 -5.6733686078903226e-08 0 0.012847037246263186 0 0.11455076175943564 -0.017698528683168742 0.0062026456361367254 0.0041161390519590798 0.068780205036076653 0.035400828316680233 -0.011840199648336247 0.01807836788748781 0.0052526690562737909 -0.001265407920767015 -0.03501722637697182 0.025177456277413936 -0.011161952627679253 0.012733473253422443 -4.1074631713294222e-07
leaf_weight=331 583 217 106 46 101 48 512 2583 53 3064 350 825 823 52 65 2567 563 54 1290 179 327 2334
leaf_count=331 583 217 106 46 101 48 512 2583 53 3064 350 825 823 52 65 2567 563 54 1290 179 327 2334
internal_value=-0.000664422 -0.0196421 0.00111348 -0.0156905 -0.00755263 0.000543887 -0.0234414 0.00253454 0.000806375 0.000840517 0.000905929 0.00176493 0.00110228 -0.000644737 -0.00252459 0.000718135 0.000404504 -0.000776527 0.00160638 -0.00132759 -0.000167 -0.000327715
internal_weight=17073 1459 15614 730 147 11160 729 4454 8168 8115 7888 1871 1046 223 117 6248 3681 617 1640 227 2992 2665
internal_count=17073 1459 15614 730 147 11160 729 4454 8168 8115 7888 1871 1046 223 117 6248 3681 617 1640 227 2992 2665
is_linear=0
shrinkage=0.035


Tree=59
num_leaves=23
num_cat=0
split_feature=15 15 9 11 22 11 5 3 11 9 20 12 14 6 24 12 22 7 11 22 11 20
split_gain=473.914 13.5704 9.18857 5.31396 3.77791 2.06432 1.4744 1.35024 1.32236 1.03258 0.771194 0.548713 0.524198 0.617866 0.522369 0.511301 1.15681 0.835132 0.562285 0.671772 0.83447 0.642459
threshold=0.49000000000000005 0.68139097744360921 11.985865601625543 0.90621303993092428 34795.000000000007 1.8232322463624395 0.99491741027542968 5.154761904761906 7.1436648350354597 20.006673737631434 22.500000000000004 6.8365581202638435 0.39230769230769241 0.96364657268580889 12965.500000000002 0.8546718367736591 15527.500000000002 1.3891258533528705 1.2455122013763331 52360.000000000007 1.4468609447374672 12.500000000000002
decision_type=2 2 2 2 2 2 2 2 2 2 2 2 2 2 2 2 2 2 2 2 2 2
left_child=2 3 5 -2 -3 12 -5 8 -4 -9 11 14 15 -14 -7 16 -1 -18 -17 21 -21 -20
right_child=1 4 7 6 -6 10 -8 9 -10 -11 -12 -13 13 -15 -16 18 17 -19 19 20 -22 -23
leaf_value=-4.6894215873145282e-05 0 0 0.042485031540543637 0 0 0.003852305933626315 0 0.0530092856482288 -0.010820707116882223 0.17203311649919234 0.022064432887405366 -0.020728060647058247 4.8365510736644892e-06 -4.7810598492690263e-06 0.026697362367194007 3.949481937831193e-05 2.3218395026616073e-05 -0.0046834540798061999 0.0013185253039993566 3.5802058261644451e-05 -0.0016355775357616131 -0.00093738618071338264
leaf_weight=56 592 221 201 81 517 4029 63 2517 70 1555 1436 52 70 214 711 1681 81 46 1108 92 80 1615
leaf_count=56 592 221 201 81 517 4029 63 2517 70 1555 1436 52 70 214 711 1681 81 46 1108 92 80 1615
internal_value=-0.000754958 -0.0196913 0.00103729 -0.0160074 -0.0232093 0.000507804 -0.00918456 0.00240524 0 0.00256426 0.00093382 0.000712841 -1.52534e-05 -0.0014654 0.000756059 6.90597e-05 -0.00171277 5.30304e-05 0.000145929 -0.000144827 -0.00223446 -2.56585e-06
internal_weight=17088 1474 15614 736 738 11271 144 4343 271 4072 6228 4792 5043 284 4740 4759 183 127 4576 2895 172 2723
internal_count=17088 1474 15614 736 738 11271 144 4343 271 4072 6228 4792 5043 284 4740 4759 183 127 4576 2895 172 2723
is_linear=0
shrinkage=0.035


Tree=60
num_leaves=23
num_cat=0
split_feature=15 15 8 11 23 11 11 20 3 0 11 8 25 7 11 12 8 9 5 12 18 12
split_gain=474.703 13.9457 8.59806 5.51152 3.15722 1.75524 1.80797 1.81549 1.1385 1.31184 0.655677 0.626115 0.624662 0.565698 0.532645 0.449162 1.02547 0.494187 0.397418 1.3533 0.780462 0.652779
threshold=0.49000000000000005 0.68139097744360921 16.151466294475643 0.90621303993092428 40250.000000000007 8.5871128860910755 1.8232322463624395 23.500000000000004 5.7672630030662937 15.950345293025352 1.0509022810878306 8.3229169434961694 210.50000000000003 0.15043001975395084 1.9057460827371895 3.7301431392663469 7.6445818335705633 12.714511183261184 1.9792204361109744 1.2938451050442537 1.0000000180025095e-35 1.1252098250536189
decision_type=2 2 2 2 2 2 2 2 2 2 2 2 2 2 2 2 2 2 2 2 2 2
left_child=2 3 5 -2 13 6 18 12 9 -4 -5 -9 14 -3 -8 16 -16 -17 19 21 -21 -1
right_child=1 4 8 10 -6 -7 7 11 -10 -11 -12 -13 -14 -15 15 17 -18 -19 -20 20 -22 -23
leaf_value=-1.9860524434284761e-07 0 0 -0.010356486842357708 0 0 -0.021595190263571047 0.013809960664511444 0.016541700069294587 0.11787724211005424 0.079056122504278584 -4.9550745227112677e-07 0.06405987279732718 0.0071722624288006586 0 0.0018091664953689384 0.020129308592660138 -0.017831647958734008 -0.0061533741293409716 2.2607062882666622e-05 -0.0029380774279177484 0.016119383048255401 0.00010287424684043078
leaf_weight=566 587 97 52 98 520 48 69 897 2835 125 51 727 4033 124 932 406 291 139 3408 728 87 342
leaf_count=566 587 97 52 98 520 48 69 897 2835 125 51 727 4033 124 932 406 291 139 3408 728 87 342
internal_value=-0.000803897 -0.0197389 0.000983748 -0.0160074 -0.0232895 0.000581953 0.00060966 0.000956328 0.00266473 0 -0.00922727 0.00199601 0.000664255 -0.0183363 0.000117807 0 -0.000376221 0.000827273 9.94939e-05 -0.000328125 -0.00136585 0.000586528
internal_weight=17162 1477 15685 736 741 12673 12625 7494 3012 177 149 1624 5870 221 1837 1768 1223 545 5131 1723 815 908
internal_count=17162 1477 15685 736 741 12673 12625 7494 3012 177 149 1624 5870 221 1837 1768 1223 545 5131 1723 815 908
is_linear=0
shrinkage=0.035


Tree=61
num_leaves=23
num_cat=0
split_feature=15 11 3 23 11 7 9 11 0 11 9 9 5 11 12 20 12 2 15 2 20 4
split_gain=462.909 15.6416 10.4401 9.74513 3.60439 2.15433 1.41275 1.25907 1.24087 0.941747 0.760262 0.7371 1.02021 0.761943 0.774608 0.730779 0.700352 0.684714 0.652091 0.623849 0.618777 0.531388
threshold=0.47722567287784684 0.90621303993092428 9.4660690456137484 40250.000000000007 1.0509022810878306 16.868156844289597 2.321297033566406 8.5871128860910755 5.0127769206881263 4.1369863056542906 0.57332179065277356 0.8377192982456142 1.9999246801866812 1.4468609447374672 1.4198477951204269 23.500000000000004 3.7301431392663469 3.0003581617680068 0.15587044534412958 22.052447947677845 22.500000000000004 5.0127769206881263
decision_type=2 2 2 2 2 2 2 2 2 2 2 2 2 2 2 2 2 2 2 2 2 2
left_child=2 3 6 -2 10 8 11 16 9 -4 -3 12 -1 -13 18 -10 17 21 -15 -18 -19 -8
right_child=1 4 5 -5 -6 -7 7 -9 15 -11 -12 13 -14 14 -16 -17 19 20 -20 -21 -22 -23
leaf_value=1.0863942549103743e-07 0 0 0.0082453235973714567 0 -7.6633043416169289e-08 0.11977441641490605 0.0049897408463004927 -0.011141456812795021 0.025886557647724146 -0.019904550740269537 0 9.2819732258216906e-06 -1.7285880811098531e-06 -0.0043767721888336884 -0.00036515457647580011 0.084887139185050933 0.021865229619885535 -0.00028483805112485298 -0.00022730497355767009 -0.0092450015628300995 0.014554611898329104 -0.0015860936434244498
leaf_weight=100 766 59 202 538 46 2533 2180 71 1834 83 52 2084 84 94 654 552 1140 2710 129 61 855 299
leaf_count=100 766 59 202 538 46 2533 2180 71 1834 83 52 2084 84 94 654 552 1140 2710 129 61 855 299
internal_value=-0.000802726 -0.0196105 0.000955967 -0.020885 -0.00859877 0.0022368 0.000316358 0.000583732 0.00152504 -0.000603448 -0.0118879 -0.0003 -0.00242593 -0.000158125 -0.00102381 0.00178733 0.000632414 0.00047388 -0.00279386 0.00141045 0.000156863 0.000921498
internal_weight=17126 1461 15665 1304 157 5204 10461 7316 2671 285 111 3145 184 2961 877 2386 7245 6044 223 1201 3565 2479
internal_count=17126 1461 15665 1304 157 5204 10461 7316 2671 285 111 3145 184 2961 877 2386 7245 6044 223 1201 3565 2479
is_linear=0
shrinkage=0.035


Tree=62
num_leaves=23
num_cat=0
split_feature=15 15 6 12 20 22 12 0 12 14 20 6 22 5 12 22 20 9 4 21 20 3
split_gain=452.049 14.3086 9.89831 4.15501 2.81053 2.3392 2.2966 2.27777 1.37212 1.24709 1.24306 1.03237 0.991081 0.950751 0.871063 0.803887 0.784923 1.03548 1.05021 0.966497 0.824007 1.01765
threshold=0.47722567287784684 0.68139097744360921 10.000130448439306 0.77431177036664367 25.500000000000004 34795.000000000007 0.93182273442540076 15.638733474143338 8.1089825484969165 0.37980769230769235 9.5000000000000018 0.96364657268580889 17834.500000000004 1.9999246801866812 3.8777509567963695 33201.500000000007 6.5000000000000009 4.6726190476190483 5.0127769206881263 3.5000000000000004 12.500000000000002 12.996151141142256
decision_type=2 2 2 2 2 2 2 2 2 2 2 2 2 2 2 2 2 2 2 2 2 2
left_child=2 3 7 -2 6 -3 -5 8 9 16 -10 -11 -13 -14 -4 -9 -1 18 -18 -19 -21 -22
right_child=1 5 14 4 -6 -7 -8 15 10 11 -12 12 13 -15 -16 -17 17 19 -20 20 21 -23
leaf_value=-9.4703502380034103e-05 0 0 0.025598183238580811 0 0 0 -3.3134029275981645e-07 0.091188290999775629 -0.020426564861602874 5.4678857733751667e-06 0.0097918312551455288 1.8832312375713722e-06 -8.4769493535753343e-06 -6.3660186529799019e-06 0.084997040579059505 0.0099555138186918374 4.3219652467420513e-05 0.024709430654328898 -0.0037208919112855098 0.06300055209419482 0.00018093349847512103 -0.036240099260303783
leaf_weight=2509 449 216 616 188 48 512 53 617 50 68 53 74 85 58 3257 223 4640 2463 311 157 375 98
leaf_count=2509 449 216 616 188 48 512 53 617 50 68 53 74 85 58 3257 223 4640 2463 311 157 375 98
internal_value=-0.000814452 -0.0193654 0.000927358 -0.0156252 -0.0117381 -0.0230007 -0.0132886 0.000420499 0.0002833 0.000323757 -0.00362963 -0.00193103 -0.00312162 -0.00477703 0.00246209 0.00217456 0.000387195 0.000556156 0.000237288 0.00105972 -0.000137795 -0.000893305
internal_weight=17120 1466 15654 738 289 728 241 11781 10941 10838 103 285 217 143 3873 840 10553 8044 4951 3093 630 473
internal_count=17120 1466 15654 738 289 728 241 11781 10941 10838 103 285 217 143 3873 840 10553 8044 4951 3093 630 473
is_linear=0
shrinkage=0.035


Tree=63
num_leaves=23
num_cat=0
split_feature=9 23 8 9 10 8 9 20 8 14 11 20 9 12 3 4 9 20 25 9 4 2
split_gain=445.079 12.3766 9.76252 6.56758 2.12606 1.53263 1.4445 1.50378 1.04025 0.729335 0.707078 0.668844 0.636769 0.798231 1.30054 0.583803 0.712811 0.554695 0.619873 0.591023 0.752905 0.576851
threshold=0.60791925465838526 40250.000000000007 16.151466294475643 0.8377192982456142 1.0564524048220496 0.5723960849627322 4.6726190476190483 22.500000000000004 3.93921194255759 0.52272727272727282 8.4235408307209809 12.500000000000002 20.006673737631434 7.5062549710448145 13.013525075797139 6.9966807769941894 2.5357338073371021 20.500000000000004 210.50000000000003 14.512308379836307 14.007413885646328 13.982558156555685
decision_type=2 2 2 2 2 2 2 2 2 2 2 2 2 2 2 2 2 2 2 2 2 2
left_child=1 4 3 5 9 -2 8 10 15 -1 17 -10 13 -4 -15 16 -5 18 21 -20 -21 -8
right_child=2 -3 12 6 -6 -7 7 -9 11 -11 -12 -13 -14 14 -16 -17 -18 -19 19 20 -22 -23
leaf_value=0 0 0 0.077034220815679316 6.0407286292428065e-08 0 -2.5241763765575405e-07 0.0097957634010078266 0.034910026474977769 -0.0022531143344879439 0 -0.019363733339710507 -0.0079522829407051021 0.15457340024088109 -0.024681007683715322 0.050997344514887695 -0.0034764359247380014 0.0030990801694920135 -0.0069368636222161854 0.017978762171805981 0.018449555448102575 -0.018423975967996897 -0.012432738982743104
leaf_weight=137 69 557 1152 3556 69 224 1021 1543 175 591 45 180 1665 59 168 137 2462 358 2518 155 92 159
leaf_count=137 69 557 1152 3556 69 224 1021 1543 175 591 45 180 1665 59 168 137 2462 358 2518 155 92 159
internal_value=-0.000821518 -0.0200394 0.000836594 0.000407631 -0.0169239 -0.00472148 0.000532081 0.000929613 0.000169225 -0.0175573 0.000589364 -0.00165278 0.0026161 0.00200795 3.01725e-05 0.000278409 0.000332974 0.000640204 0.000762025 0.00104874 -0.000527778 7.38398e-05
internal_weight=17092 1354 15738 12694 797 293 12401 5891 6510 728 4348 355 3044 1379 227 6155 6018 4303 3945 2765 247 1180
internal_count=17092 1354 15738 12694 797 293 12401 5891 6510 728 4348 355 3044 1379 227 6155 6018 4303 3945 2765 247 1180
is_linear=0
shrinkage=0.035


Tree=64
num_leaves=23
num_cat=0
split_feature=9 15 8 8 15 6 10 22 11 15 16 20 20 20 6 9 3 5 1 5 12 12
split_gain=449.353 11.9277 9.68324 4.68263 3.27854 1.37087 1.29539 0.995769 0.944588 0.690139 0.723156 0.663548 0.952208 1.34322 0.698128 0.904517 0.898877 0.793582 0.688963 0.686163 1.27179 1.77706
threshold=0.60791925465838526 0.68139097744360921 16.151466294475643 0.5723960849627322 0.52086956521739147 10.000130448439306 1.0564524048220496 34795.000000000007 8.4235408307209809 0.10263157894736843 1.0000000180025095e-35 22.500000000000004 13.500000000000002 6.5000000000000009 5.9680479807034317 2.7125911075679072 1.4851023448362637 3.9805079009487661 5.172349027628159 1.6117723313051522 1.6441370830326945 1.9906376427646346
decision_type=2 2 2 2 2 2 2 2 2 2 2 2 2 2 2 2 2 2 2 2 2 2
left_child=1 4 3 -2 -1 8 -6 -3 9 10 11 12 13 -5 15 16 -14 -16 -19 20 -13 -22
right_child=2 7 -4 5 6 -7 -8 -9 -10 -11 -12 19 14 -15 17 -17 -18 18 -20 -21 21 -23
leaf_value=0 0 0 0.097424669007679515 -0.00013452840268188718 0 0.028139360410863189 0 0 -0.018212465841320385 -7.1311364676527526e-07 0.033105229534040971 0.015026207543599302 -0.019293716436150726 0.0092291172967709691 -0.0092949313005712009 0.0023043846830669919 -0.0011121462700357991 -0.011356487072722564 -0.0025335318260611499 0.011002984401528047 -0.023853251225383103 0.0021357291746734214
leaf_weight=77 83 226 3052 1800 507 1552 46 520 49 3387 280 85 69 1664 45 1235 218 155 423 1590 45 46
leaf_count=77 83 226 3052 1800 507 1552 46 520 49 3387 280 85 69 1664 45 1235 218 155 423 1590 45 46
internal_value=-0.000848738 -0.0199938 0.000825604 0.000398908 -0.0160669 0.000456041 -0.0170735 -0.0231578 0.000317322 0.000341224 0.000525457 0.000455285 0.000264339 0.000624532 -0.000309302 8.48069e-05 -0.00165411 -0.00129299 -0.000882504 0.00104941 -0.000947514 -0.00379167
internal_weight=17154 1376 15778 12726 630 12643 553 746 11091 11042 7655 7375 5609 3464 2145 1522 287 623 578 1766 176 91
internal_count=17154 1376 15778 12726 630 12643 553 746 11091 11042 7655 7375 5609 3464 2145 1522 287 623 578 1766 176 91
is_linear=0
shrinkage=0.035


Tree=65
num_leaves=23
num_cat=0
split_feature=9 22 8 8 15 10 9 20 3 0 12 9 20 20 22 21 20 10 5 22 21 20
split_gain=437.895 11.4722 8.53794 5.7216 4.00727 2.55438 1.80589 1.70151 1.09316 1.59208 0.862149 0.643581 0.626819 0.869162 0.888317 0.749813 0.765691 0.804979 0.672682 0.79051 0.649283 0.730953
threshold=0.60791925465838526 34795.000000000007 16.151466294475643 0.5723960849627322 0.52086956521739147 1.0564524048220496 4.6726190476190483 23.500000000000004 5.7672630030662937 15.950345293025352 8.6219335438479856 20.006673737631434 6.5000000000000009 11.500000000000002 52360.000000000007 3.5000000000000004 14.500000000000002 2.9840847683606317 13.982558156555685 46389.000000000007 1.5000000000000002 2.5000000000000004
decision_type=2 2 2 2 2 2 2 2 2 2 2 2 2 2 2 2 2 2 2 2 2 2
left_child=1 4 3 -2 -1 -6 -5 10 9 -4 12 -10 20 14 -14 -15 -17 -18 19 -19 21 -8
right_child=2 -3 8 6 5 -7 7 -9 11 -11 -12 -13 13 15 -16 16 17 18 -20 -21 -22 -23
leaf_value=0 0 0 -0.013170488990152437 3.9389354076482466e-08 0 0 -0.009646969851026534 0.040866266943141584 0.052998211202316015 0.063953644364414836 -0.01659304493784958 0.14575346781718146 0.040388843485799943 0.014585750207566592 -0.008814877976105126 0.016628495404658428 0.0021190899513355531 -0.03709374818896026 0.020121882047733072 -0.029388903520743428 0.010917738941527611 0.0038529348237892405
leaf_weight=57 83 544 53 6746 679 62 187 1368 1301 132 48 1564 879 1617 101 114 152 90 57 63 1060 173
leaf_count=57 83 544 53 6746 679 62 187 1368 1301 132 48 1564 879 1617 101 114 152 90 57 63 1060 173
internal_value=-0.000781295 -0.0199373 0.000851675 0.000451267 -0.0169421 -0.0176595 0.000514218 0.000961109 0.00251473 0 0.000628245 0.00268293 0.000683193 0.000964263 0.00182995 0.000547188 -0.000647609 -0.00145913 -0.00284884 -0.00403165 6.14036e-05 -0.00119863
internal_weight=17130 1342 15788 12738 798 741 12655 5909 3050 185 4541 2865 4493 3073 980 2093 476 362 210 153 1420 360
internal_count=17130 1342 15788 12738 798 741 12655 5909 3050 185 4541 2865 4493 3073 980 2093 476 362 210 153 1420 360
is_linear=0
shrinkage=0.035


Tree=66
num_leaves=23
num_cat=0
split_feature=9 22 9 8 9 9 8 3 1 20 4 11 7 3 20 20 21 0 24 3 11 21
split_gain=444.861 14.6587 9.23552 5.70789 1.78797 1.55183 1.38243 0.984336 1.26002 0.678659 0.720254 0.665724 1.19807 0.782396 0.66535 0.894807 1.29715 0.66286 0.631114 0.661772 0.704428 0.612082
threshold=0.60791925465838526 34795.000000000007 12.179112554112557 0.5723960849627322 0.57332179065277356 20.006673737631434 2.2505441902424379 5.154761904761906 13.982558156555685 24.500000000000004 26.068648301856552 1.2638361016682702 0.86989795918367363 0.99491741027542968 4.5000000000000009 2.5000000000000004 1.5000000000000002 3.7899203501381034 3291.5000000000005 1.9815188507814125 0.97496125592222926 4.5000000000000009
decision_type=2 2 2 2 2 2 2 2 2 2 2 2 2 2 2 2 2 2 2 2 2 2
left_child=1 4 3 -2 -1 7 11 8 -4 10 -9 13 -13 -5 15 16 -8 -16 19 20 -15 -17
right_child=2 -3 5 6 -6 -7 14 9 -10 -11 -12 12 -14 18 17 21 -18 -19 -20 -21 -22 -23
leaf_value=0 0 0 -0.012522001884184246 5.7893380771977632e-08 0 0.14065209644358009 -0.0067868934408497833 0.039489261084862066 0.036019439888901751 0.10431180135161537 -0.028782292620002963 -0.00039287743674509818 -0.00035666445109053436 -0.0026129945094817706 0.0023799609559764646 -0.011532163303417423 0.016189485336177849 0.010162867300272953 3.2414967562059143e-08 -7.9621440815297959e-06 -0.00010716613249809447 0.010233531201436875
leaf_weight=741 77 557 87 404 79 1682 187 1821 76 506 98 56 1233 55 2498 519 480 4528 1146 127 56 134
leaf_count=741 77 557 87 404 79 1682 187 1821 76 506 98 56 1233 55 2498 519 480 4528 1146 127 56 134
internal_value=-0.000834188 -0.0198755 0.000833122 0.000314863 -0.0166091 0.00222281 0.000382219 0.00166429 -0.000875 0.00184362 0.00151715 -0.000247566 -0.000854714 0.000181539 0.000616513 -9.24527e-05 0.000791667 0.000752169 -0.000204104 -0.00182922 -0.00374138 -0.00102128
internal_weight=17147 1377 15770 11500 820 4270 11423 2588 163 2425 1919 3077 1289 1788 8346 1320 667 7026 1384 238 111 653
internal_count=17147 1377 15770 11500 820 4270 11423 2588 163 2425 1919 3077 1289 1788 8346 1320 667 7026 1384 238 111 653
is_linear=0
shrinkage=0.035


Tree=67
num_leaves=23
num_cat=0
split_feature=9 22 8 8 15 10 6 3 12 0 20 4 0 16 9 20 4 9 25 20 9 1
split_gain=450.462 11.34 8.21397 5.8873 3.5396 2.59696 1.21778 1.15993 0.953717 0.925813 0.649436 0.725946 0.676908 0.648212 0.613858 1.06704 0.959891 0.695003 0.604679 0.669308 0.552576 0.542813
threshold=0.60791925465838526 34795.000000000007 16.151466294475643 0.5723960849627322 0.52086956521739147 1.0564524048220496 10.000130448439306 7.2326461957764456 8.6219335438479856 14.523794177969004 23.500000000000004 13.272026472482283 11.852133989485408 1.0000000180025095e-35 4.6726190476190483 22.500000000000004 6.9966807769941894 2.9646741845814515 210.50000000000003 20.500000000000004 20.006673737631434 3.0003581617680068
decision_type=2 2 2 2 2 2 2 2 2 2 2 2 2 2 2 2 2 2 2 2 2 2
left_child=1 4 3 -2 -1 -6 8 9 13 -4 11 -8 -13 14 16 18 21 -18 -16 -20 -9 -5
right_child=2 -3 7 6 5 -7 10 20 -10 -11 -12 12 -14 -15 15 -17 17 -19 19 -21 -22 -23
leaf_value=0 0 0 -0.012684279095284938 1.0810000495919246e-06 0 0 0.020651255414472811 0.055644388443391327 -0.016973257894932987 0.033065072278199992 0.054299001409498587 0.039302556175845757 -0.016077495744069546 0.029087290625600851 -0.0037990160499340284 0.025670659385391779 0.00796506410032264 -0.0074211818068295275 0.01365940769089748 -0.011901159047359736 0.13572927306805482 -0.00129712906708589
leaf_weight=65 81 544 51 4898 670 65 765 1308 49 150 532 111 173 410 1028 951 55 124 2004 194 1592 1341
leaf_count=65 81 544 51 4898 670 65 765 1308 49 150 532 111 173 410 1028 951 55 124 2004 194 1592 1341
internal_value=-0.000851043 -0.0202658 0.000803438 0.000407476 -0.0172826 -0.0180203 0.000470728 0.00241822 0.000338322 -6.7961e-05 0.00138146 0.000843454 -0.000617647 0.000362398 0.000307076 0.000637733 8.88216e-05 -0.00239674 0.00032606 0.000656151 0.00259639 0.000164798
internal_weight=17161 1344 15817 12716 800 735 12635 3101 11054 201 1581 1049 284 11005 10595 4177 6418 179 3226 2198 2900 6239
internal_count=17161 1344 15817 12716 800 735 12635 3101 11054 201 1581 1049 284 11005 10595 4177 6418 179 3226 2198 2900 6239
is_linear=0
shrinkage=0.035


Tree=68
num_leaves=23
num_cat=0
split_feature=15 23 15 3 11 9 8 11 11 20 14 5 23 20 0 9 23 10 1 4 0 6
split_gain=440.811 12.8613 9.42933 8.15867 5.17987 3.16046 2.08815 1.67534 1.47976 0.852529 0.715515 1.04645 0.678778 0.61006 0.661078 0.688921 0.73824 0.582954 0.54174 0.539659 0.780337 0.886488
threshold=0.52086956521739147 40250.000000000007 0.47722567287784684 9.6921791352322053 0.75955452531275025 0.57332179065277356 16.151466294475643 0.84189738614109566 8.5871128860910755 23.500000000000004 0.37980769230769235 1.3301358658429183 22050.000000000004 25.500000000000004 15.411663809346749 12.714511183261184 42000.000000000007 2.643792112187985 7.2326461957764456 13.508154244475653 11.852133989485408 11.946428571428573
decision_type=2 2 2 2 2 2 2 2 2 2 2 2 2 2 2 2 2 2 2 2 2 2
left_child=2 5 3 8 -4 -2 9 -7 10 17 13 -12 -13 14 15 -1 -17 -5 -11 -19 -21 -22
right_child=1 -3 4 6 -6 7 -8 -9 -10 18 11 12 -14 -15 -16 16 -18 19 -20 20 21 -23
leaf_value=3.3551307433502996e-05 0 0 0 0.034921635009599876 -6.5545580383302935e-09 0 0.095978748510672895 -1.3109111388475344e-09 -0.01204014688635284 0.014227669119661005 7.6108753035123575e-07 -5.7603357340413487e-07 -2.4955064065413411e-06 0.0032307286278346003 0.024155618217995136 -0.022963120348109052 0.0032234084983972016 0.015110617413030578 0.071040519273846053 0.029308439246197377 0.0038209443364602457 -0.021978909908854542
leaf_weight=7858 687 550 61 323 63 67 2811 49 73 103 171 52 79 1627 328 79 93 1169 425 143 91 108
leaf_count=7858 687 550 61 323 63 67 2811 49 73 103 171 52 79 1627 328 79 93 1169 425 143 91 108
internal_value=-0.000953423 -0.0200825 0.00070438 0.000783434 -0.0087093 -0.0169455 0.00191831 -0.0103843 0.000214424 0.00113414 0.000252332 -0.00140228 -0.00370588 0.000304805 0.000181215 0.000115433 -0.00203672 0.00075938 0.00238368 0.000452507 -0.000736311 -0.00216176
internal_weight=17010 1353 15657 15533 124 803 5173 116 10360 2362 10287 302 131 9985 8358 8030 172 1834 528 1511 342 199
internal_count=17010 1353 15657 15533 124 803 5173 116 10360 2362 10287 302 131 9985 8358 8030 172 1834 528 1511 342 199
is_linear=0
shrinkage=0.035


Tree=69
num_leaves=23
num_cat=0
split_feature=9 15 3 23 11 23 9 11 20 8 23 1 15 20 5 7 7 6 11 25 8 4
split_gain=445.766 11.1489 8.7827 8.17999 6.33459 2.16457 1.17999 1.09454 1.05607 0.909792 0.815459 0.726387 0.679176 0.551822 0.553671 0.53313 0.503671 0.502778 0.62407 0.501172 0.723017 0.793945
threshold=0.57332179065277356 0.47722567287784684 9.4660690456137484 40250.000000000007 0.84189738614109566 21250.000000000004 2.321297033566406 8.5871128860910755 23.500000000000004 0.72077922077922085 62950.000000000007 3.9805079009487661 0.54356060606060608 26.500000000000004 2.9974617545665088 8.4253828275852474 9.719938709218118 10.946439606378263 4.9287784102961565 557.50000000000011 0.79285714285714304 0.99491741027542968
decision_type=2 2 2 2 2 2 2 2 2 2 2 2 2 2 2 2 2 2 2 2 2 2
left_child=3 2 6 12 -3 -4 19 13 10 -6 11 -7 -1 -8 -15 -10 -12 18 -18 20 21 -2
right_child=1 4 5 -5 9 8 7 -9 15 -11 16 -13 -14 14 -16 -17 17 -19 -20 -21 -22 -23
leaf_value=0 -4.2774667418392784e-05 -2.3401662444283037e-10 0.13385258506900657 0 4.588188985966371e-11 -0.019413849744450918 0.0022415787351906056 -0.010447428889464526 0.0045366717856324566 -7.3820678299874583e-09 0.021514798269656486 0.022153379374794009 0 -0.0024952458783743031 0.01845340073150014 0.071820512944067341 -0.033982793333436484 0.019244854967739176 0.015831330208913429 5.132958584287125e-06 -0.00013891264229926229 -6.6885348892717763e-07
leaf_weight=80 52 107 1570 558 49 45 6224 72 75 62 107 2559 650 205 733 678 93 70 55 383 2606 87
leaf_count=80 52 107 1570 558 49 45 6224 72 75 62 107 2559 650 205 733 678 93 70 55 383 2606 87
internal_value=-0.00102088 0.000591621 0.000703406 -0.0207807 -0.00717265 0.00186884 0.000110399 0.000357301 0.0013926 -0.00102586 0.00107839 0.00128651 -0.0179286 0.000403865 0.00119883 0.00257652 -0.000530303 -0.00152242 -0.00267647 -0.000454676 -0.000623636 -0.0030625
internal_weight=17120 15832 15614 1288 218 5252 10362 7234 3682 111 2929 2604 730 7162 938 753 325 218 148 3128 2745 139
internal_count=17120 15832 15614 1288 218 5252 10362 7234 3682 111 2929 2604 730 7162 938 753 325 218 148 3128 2745 139
is_linear=0
shrinkage=0.035


Tree=70
num_leaves=23
num_cat=0
split_feature=9 22 3 9 10 20 0 12 9 9 9 7 11 12 10 1 20 4 23 20 2 12
split_gain=437.68 13.9244 8.48353 2.10458 1.49523 0.97687 0.927875 1.57567 0.716029 0.82051 0.986553 1.76953 0.673672 0.571171 0.946177 0.567484 0.644135 0.795176 0.861438 0.392406 0.764857 0.650821
threshold=0.57332179065277356 34795.000000000007 9.4660690456137484 20.895292207792213 0.96921583719686422 23.500000000000004 15.638733474143338 6.918985069027408 2.321297033566406 0.60791925465838526 0.69236835154341714 0.71213642240672326 1.4468609447374672 1.4198477951204269 1.6761634196950437 3.7899203501381034 13.500000000000002 25.102403528914756 62950.000000000007 23.500000000000004 3.0003581617680068 2.3262162789641234
decision_type=2 2 2 2 2 2 2 2 2 2 2 2 2 2 2 2 2 2 2 2 2 2
left_child=1 4 6 5 -1 15 7 8 9 -2 11 -11 -12 14 -14 -4 -17 18 -18 20 -10 -21
right_child=2 -3 3 -5 -6 -7 -8 -9 19 10 12 -13 13 -15 -16 16 17 -19 -20 21 -22 -23
leaf_value=0 8.1905818554990639e-12 0 -0.0099852473526989161 0.15793465183538416 0 0.069436919044696718 0.026038064008181178 -0.016030576427498687 0.0032698595489961541 8.1905818554990639e-12 8.1905818554990639e-12 -7.4381119188219401e-09 -0.0016096562480114539 -0.000853633468322314 2.9034412889871283e-05 0.033455812066121596 0.017648483385647225 -0.052065347262557085 -0.018194119784717855 0.00092349239519678029 -0.00080802972263938641 0.020254655971262345
leaf_weight=665 79 554 67 1265 72 849 401 87 1922 81 2236 53 125 648 99 1716 1070 81 137 776 3320 813
leaf_count=665 79 554 67 1265 72 849 401 87 1922 81 2236 53 125 648 99 1716 1070 81 137 776 3320 813
internal_value=-0.000899276 -0.0204545 0.000700885 0.00186127 -0.0169717 0.00144904 0.000133161 6.62828e-05 0.000109235 -0.000309381 -0.000402063 -0.00329856 -0.000266463 -0.00108951 -0.00261354 0.00114467 0.00122017 0.000603635 0.000843234 0.000315389 0.000164761 0.000799247
internal_weight=17116 1291 15825 5185 737 3920 10640 10239 10152 3321 3242 134 3108 872 224 3071 3004 1288 1207 6831 5242 1589
internal_count=17116 1291 15825 5185 737 3920 10640 10239 10152 3321 3242 134 3108 872 224 3071 3004 1288 1207 6831 5242 1589
is_linear=0
shrinkage=0.035


Tree=71
num_leaves=23
num_cat=0
split_feature=9 22 0 15 6 2 10 9 11 9 25 8 9 15 8 25 3 11 9 2 1 22
split_gain=437.443 11.7099 7.36154 2.77136 1.52661 1.72497 1.11295 1.10956 0.66671 0.62524 0.633036 0.85989 0.646824 0.826252 2.00182 0.616506 0.928396 1.21974 1.86059 1.03032 1.04909 1.40394
threshold=0.57332179065277356 34795.000000000007 13.982558156555685 0.53452380952380962 10.000130448439306 22.052447947677845 0.96921583719686422 20.895292207792213 8.5871128860910755 13.559095523217161 600.00000000000011 12.357390892603606 0.60791925465838526 0.47722567287784684 0.5723960849627322 277.00000000000006 3.9260782193255599 2.5797469136336 4.2613636363636376 0.99502319985380738 3.9805079009487661 28242.500000000004
decision_type=2 2 2 2 2 2 2 2 2 2 2 2 2 2 2 2 2 2 2 2 2 2
left_child=1 3 4 -1 5 8 -5 -4 9 10 11 12 -2 15 -15 -14 -17 18 19 -18 -21 -22
right_child=2 -3 7 6 -6 -7 -8 -9 -10 -11 -12 -13 13 14 -16 16 17 -19 -20 20 21 -23
leaf_value=0 7.9039114905565968e-12 0 0.035858906950169606 0 0.024120044387686869 -0.021379998234809464 0 0.12224649409186326 -0.014835059485671306 0.046822122177287727 0.0031445466722580303 -0.016002259728914239 2.9876424128982663e-05 7.9039114905565968e-12 -7.412336495094212e-09 3.6644710931596499e-06 -0.0037231693840610496 0.01785119794152603 -0.012776809640534152 0.00018740186027201109 -0.0159076701301499 -0.0011677667289016636
leaf_weight=47 83 548 2384 598 1376 62 65 1289 56 205 2550 102 4540 48 92 2131 53 289 107 325 54 86
leaf_count=47 83 548 2384 598 1376 62 65 1289 56 205 2550 102 4540 48 92 2131 53 289 107 325 54 86
internal_value=-0.000813834 -0.020637 0.000766212 -0.0173042 0.00034931 0.000206989 -0.0179296 0.00213921 0.000243427 0.000265698 0.000225753 6.85409e-05 0.000113337 7.6973e-05 -0.00253448 0.000129117 -0.000252459 -0.00118444 -0.00205556 -0.00111759 -0.000521276 -0.00301724
internal_weight=17090 1258 15832 710 12159 10783 663 3673 10721 10665 10460 7910 7808 7725 140 7585 3045 914 625 518 465 140
internal_count=17090 1258 15832 710 12159 10783 663 3673 10721 10665 10460 7910 7808 7725 140 7585 3045 914 625 518 465 140
is_linear=0
shrinkage=0.035


Tree=72
num_leaves=23
num_cat=0
split_feature=15 22 15 8 12 12 6 14 25 6 1 25 18 21 3 8 1 2 20 0 11 24
split_gain=411.355 14.5477 10.7191 6.63266 4.66718 4.45906 1.46657 1.0577 0.908855 0.827231 1.21007 0.809202 0.678645 1.05737 0.810949 0.604641 1.68764 0.96292 1.22203 0.666517 0.601996 0.597996
threshold=0.54356060606060608 34795.000000000007 0.47722567287784684 15.433015574650915 0.81652188061227371 0.69341176683614714 8.1083281831690481 0.5634920634920636 421.00000000000006 15.660611128661314 22.052447947677845 210.50000000000003 1.0000000180025095e-35 3.5000000000000004 7.69680936421629 7.5741971352295439 7.0056524229269748 8.9846950015344529 7.5000000000000009 2.2067564465434555 6.2977843313287449 3345.5000000000005
decision_type=2 2 2 2 2 2 2 2 2 2 2 2 2 2 2 2 2 2 2 2 2 2
left_child=2 4 3 6 -2 -4 12 -7 -5 10 -10 -8 13 14 15 19 17 18 -17 -1 -16 -21
right_child=1 -3 5 8 -6 7 11 -9 9 -11 -12 -13 -14 -15 20 16 -18 -19 -20 21 -22 -23
leaf_value=-6.2167845725540691e-07 0 0 0 0.093268706990172409 0 -6.9183462243348742e-09 0.0032287518403023904 7.6272745883871152e-12 0.036038974510497243 0.074977130731424993 -0.033629664321321313 0.023046584877365134 0.0027555241581699772 -0.00095574560062374131 0.020830610359079165 -0.034804750365318889 0.0097401725519811379 -0.00028816412327535627 -0.02425656756127615 -0.00023668159460635401 -0.015460220140038733 0.0060687726803191492
leaf_weight=2683 603 538 73 2036 89 103 572 67 473 618 131 1585 1022 2325 1202 57 348 74 65 546 49 1848
leaf_count=2683 603 538 73 2036 89 103 572 67 473 618 131 1585 1022 2325 1202 57 348 74 65 546 49 1848
internal_value=-0.000819775 -0.0202773 0.000692419 0.000807692 -0.0165861 -0.00652016 0.000435627 -0.0031 0.00221284 0.00141769 0.000454023 0.00126596 0.000258118 0.000160509 0.00038018 0.000196587 -0.000898907 -0.00346517 -0.0053189 0.000318182 0.0011871 0.000742601
internal_weight=17107 1230 15877 15634 692 243 12376 170 3258 1222 604 2157 10219 9197 6872 5621 544 196 122 5077 1251 2394
internal_count=17107 1230 15877 15634 692 243 12376 170 3258 1222 604 2157 10219 9197 6872 5621 544 196 122 5077 1251 2394
is_linear=0
shrinkage=0.035


Tree=73
num_leaves=23
num_cat=0
split_feature=9 23 9 10 9 12 9 9 8 6 25 5 1 16 25 20 4 11 25 7 4 20
split_gain=445.501 12.5473 7.81329 4.30494 2.21738 1.26621 0.896719 1.47462 3.45914 0.761451 0.732946 0.58151 0.702857 0.573329 0.519255 0.510859 0.890532 0.408725 0.579463 1.03973 1.03168 0.806909
threshold=0.57332179065277356 40250.000000000007 17.086902992776061 1.0564524048220496 2.321297033566406 8.6219335438479856 0.60791925465838526 0.69236835154341714 0.5723960849627322 10.000130448439306 421.00000000000006 8.1342290082565736 22.052447947677845 1.0000000180025095e-35 637.50000000000011 6.5000000000000009 13.508154244475653 1.4468609447374672 294.00000000000006 1.8571940231097155 2.1289997301842822 19.500000000000004
decision_type=2 2 2 2 2 2 2 2 2 2 2 2 2 2 2 2 2 2 2 2 2 2
left_child=1 3 4 -1 6 9 -2 8 -8 13 -4 12 -12 -6 17 16 -11 -9 -19 21 -21 -20
right_child=2 -3 10 -5 5 -7 7 14 -10 15 11 -13 -14 -15 -16 -17 -18 18 19 20 -22 -23
leaf_value=0 7.6272745883871152e-12 0 0.10986390698327442 0 0.0027241836127154715 -0.012934422596171133 7.3603199777935673e-12 -1.4526211057604771e-05 -2.6159382745357315e-08 0.02154020281164909 0.049774190156150949 0.064933557039837733 -0.030748608040317441 0.027675723992562483 0.011344952183781178 0.025098502600006702 -0.023395181003643298 -4.0985106735938171e-05 0.00069059462088709119 -0.0014143683676867058 -0.0046073521823158129 -0.001363578335568164
leaf_weight=682 79 556 1870 59 7707 64 49 2009 84 252 99 774 48 311 320 1388 97 314 133 158 104 70
leaf_count=682 79 556 1870 59 7707 64 49 2009 84 252 99 774 48 311 320 1388 97 314 133 158 104 70
internal_value=-0.000927809 -0.0206129 0.000679793 -0.0172842 0.000320603 0.000585709 -0.000457895 -0.00055422 -0.0041087 0.000620389 0.00236087 0.00149676 -0.000414474 0.000472454 -0.000390138 0.0012899 3.95481e-05 -0.000547619 -0.00123214 -0.00201064 -0.00344757 -3.36537e-05
internal_weight=17227 1297 15930 741 13139 9819 3320 3241 133 9755 2791 921 147 8018 3108 1737 349 2788 779 465 262 203
internal_count=17227 1297 15930 741 13139 9819 3320 3241 133 9755 2791 921 147 8018 3108 1737 349 2788 779 465 262 203
is_linear=0
shrinkage=0.035


Tree=74
num_leaves=23
num_cat=0
split_feature=15 22 3 12 12 15 22 20 12 0 10 24 6 10 1 22 12 16 5 8 15 21
split_gain=389.644 15.4536 8.60944 6.12777 5.99046 7.25448 2.5464 1.45115 1.21146 1.58288 1.19706 0.978259 0.672265 0.677133 1.04997 0.662347 0.61277 0.794385 0.66328 0.609537 0.770858 1.01238
threshold=0.54356060606060608 34795.000000000007 6.006203158824877 0.81652188061227371 0.69341176683614714 0.49000000000000005 16785.000000000004 24.500000000000004 6.4952350456122856 14.523794177969004 0.78679579246944309 12965.500000000002 2.0386904761904767 2.672612419124246 13.982558156555685 19263.000000000004 1.1252098250536189 1.0000000180025095e-35 0.99491741027542968 0.5723960849627322 0.49000000000000005 2.5000000000000004
decision_type=2 2 2 2 2 2 2 2 2 2 2 2 2 2 2 2 2 2 2 2 2 2
left_child=2 3 4 -2 5 -1 -4 12 11 -10 -5 16 -8 -14 -15 -16 19 18 -18 -6 -21 -22
right_child=1 -3 6 10 8 -7 7 -9 9 -11 -12 -13 13 14 15 -17 17 -19 -20 20 21 -23
leaf_value=-8.3014494121732427e-07 0 0 0.10601867023885979 0 7.1027087785707915e-12 0 -0.0062871556488391066 0.04562442237284163 -0.017253535504568568 0.074260274574394936 0 0.040639996172857011 0.025511821403695126 0.0019192317993354359 -0.001116049653199552 0.034703443228364259 -0.00079108293885114258 0.026747346296371328 9.3461048579572553e-05 -6.9806769364125267e-05 -9.5841101844634015e-10 -5.7606257103956478e-09
leaf_weight=138 588 537 1617 46 85 73 99 994 71 51 49 242 1001 1936 253 1155 486 282 6340 946 49 56
leaf_count=138 588 537 1617 46 85 73 99 994 71 51 49 242 1001 1936 253 1155 486 282 6340 946 49 56
internal_value=-0.000880373 -0.0199 0.000586089 -0.0160858 -0.000141206 -0.00589815 0.00149717 0.00112723 1.21922e-06 -0.00338976 -0.007 5.39985e-05 0.000848843 0.000917241 0.000667811 0.00139455 -8.91004e-06 0.000109729 3.12547e-05 -0.000763804 -0.00100758 -0.00381818
internal_weight=17094 1220 15874 683 8819 211 7055 5438 8608 122 95 8486 4444 4345 3344 1408 8244 7108 6826 1136 1051 105
internal_count=17094 1220 15874 683 8819 211 7055 5438 8608 122 95 8486 4444 4345 3344 1408 8244 7108 6826 1136 1051 105
is_linear=0
shrinkage=0.035


Tree=75
num_leaves=23
num_cat=0
split_feature=9 22 3 9 20 11 9 7 2 23 1 1 9 9 14 22 11 11 20 0 11 11
split_gain=450.89 10.4214 6.68578 1.84979 1.1681 1.04231 0.997879 0.903068 0.730205 0.683176 0.639525 0.636186 0.613024 1.1716 1.53862 0.525159 0.634494 0.506101 0.56385 0.476626 0.473921 0.617954
threshold=0.57332179065277356 34795.000000000007 9.4660690456137484 20.006673737631434 23.500000000000004 8.5871128860910755 4.6726190476190483 4.0011072067550462 22.052447947677845 62950.000000000007 12.996151141142256 3.7899203501381034 0.60791925465838526 0.69236835154341714 0.55050505050505061 44839.000000000007 2.5300393082122139 5.7750885228243831 22.500000000000004 6.075782496068709 1.7323070877902575 2.1403234597762544
decision_type=2 2 2 2 2 2 2 2 2 2 2 2 2 2 2 2 2 2 2 2 2 2
left_child=1 -1 5 4 9 6 7 12 17 11 -5 -4 -2 14 -14 16 -9 18 20 -6 -8 -22
right_child=2 -3 3 10 19 -7 8 15 -10 -11 -12 -13 13 -15 -16 -17 -18 -19 -20 -21 21 -23
leaf_value=0 7.3603199777935673e-12 0 -0.019556376599302969 -0.0035433579628306382 -0.010261615398104641 -0.011248208486408879 -0.012620215525453711 -0.0026435948308480028 -0.022225139605510258 -0.0057303678191070523 0.11617843818190265 0.019929890923582307 -5.7270813247500257e-09 5.0842449874133764e-07 6.8541139713208138e-12 -0.00074409289049559026 -0.029862200323205218 0.040748532311568095 0.020172948611235697 0.065307916126812401 0.024962754455388734 0.0041196179802512577
leaf_weight=728 75 566 54 66 60 70 139 147 67 320 1504 2546 72 6277 51 205 48 158 949 703 183 2228
leaf_count=728 75 566 54 66 60 70 139 147 67 320 1504 2546 72 6277 51 205 48 158 949 703 183 2228
internal_value=-0.00097535 -0.0208033 0.000641019 0.0016628 0.00122234 0.000135751 0.000166352 -8.13952e-05 0.000627916 0.000891453 0.00267778 0.00108157 1.62038e-05 -1.91256e-05 -0.00333594 -0.00168519 -0.002975 0.000699618 0.000603311 0.00245182 0.000321918 0.000443295
internal_weight=17216 1294 15922 5253 3683 10669 10599 6875 3724 2920 1570 2600 6475 6400 123 400 195 3657 3499 763 2550 2411
internal_count=17216 1294 15922 5253 3683 10669 10599 6875 3724 2920 1570 2600 6475 6400 123 400 195 3657 3499 763 2550 2411
is_linear=0
shrinkage=0.035


Tree=76
num_leaves=23
num_cat=0
split_feature=9 22 5 10 22 3 11 7 0 20 0 9 12 16 3 9 20 22 10 23 4 20
split_gain=438.556 12.2492 6.29285 2.23443 1.30746 1.04253 1.81014 0.902841 0.862781 0.778837 0.685592 0.670974 0.882469 0.725679 0.667761 0.64215 0.592028 0.584168 0.991823 0.553148 0.554049 0.522969
threshold=0.57332179065277356 34795.000000000007 12.778846153846155 1.0564524048220496 31797.000000000004 6.006203158824877 8.5871128860910755 8.7090543789850212 3.7899203501381034 6.5000000000000009 13.714261283220216 0.60791925465838526 1.1252098250536189 1.0000000180025095e-35 9.9759097374375028 8.8218253968253979 3.5000000000000004 54348.000000000007 1.4142135623730965 62950.000000000007 11.35416666666667 8.5000000000000018
decision_type=2 2 2 2 2 2 2 2 2 2 2 2 2 2 2 2 2 2 2 2 2 2
left_child=1 3 5 -1 -4 6 11 15 14 10 -10 -2 -13 17 -7 -6 -12 -14 -19 -11 21 -21
right_child=2 -3 4 -5 7 8 -8 -9 9 19 16 12 13 -15 -16 -17 -18 18 -20 20 -22 -23
leaf_value=0 7.1027087785707915e-12 0 0.073144439691809962 0 0.021613397806405633 -0.00078600870832106157 -0.014106343940386715 0.03254461658628658 0.0024994151317203877 0.019017587728911992 0.0013837262734472978 -1.1805334273274814e-05 0.00015384172932395785 0.029488078414835053 -0.021327257027539775 -0.028144304144030106 -0.031414114728918544 8.2647959991604514e-06 -0.0010364109112111785 0.025174335403705193 0.025154686271073423 -0.0098781402281668627
leaf_weight=669 84 558 2253 60 94 187 48 1047 466 2461 63 1209 6744 297 70 46 75 172 107 51 128 282
leaf_count=669 84 558 2253 60 94 187 48 1047 466 2461 63 1209 6744 297 70 46 75 172 107 51 128 282
internal_value=-0.000972811 -0.0205828 0.000620964 -0.0172425 0.00194557 0.000252751 3.87723e-05 0.000974832 0.000737329 0.000883178 -0.000235632 8.04132e-05 4.67543e-05 0.000193515 -0.00117557 -0.00156897 -0.00237413 0.000118526 -0.00142958 0.00112043 0 -0.000745562
internal_weight=17171 1287 15884 729 3440 12444 8661 1187 3783 3526 604 8613 8529 7320 257 140 138 7023 279 2922 461 333
internal_count=17171 1287 15884 729 3440 12444 8661 1187 3783 3526 604 8613 8529 7320 257 140 138 7023 279 2922 461 333
is_linear=0
shrinkage=0.035


Tree=77
num_leaves=23
num_cat=0
split_feature=9 23 9 6 11 10 15 0 1 25 12 16 12 7 7 8 1 20 23 20 11 7
split_gain=427.844 13.1222 5.64755 1.44771 2.06518 1.41013 1.27118 1.03268 0.890381 1.08668 0.854433 0.765137 0.689563 0.605097 0.52353 0.544016 0.516469 0.495828 0.983977 0.463373 0.453807 0.736404
threshold=0.57332179065277356 40250.000000000007 19.25430457580925 10.000130448439306 8.5871128860910755 1.1126972805283728 0.43303571428571436 15.022525042907136 21.965076773329255 421.00000000000006 1.1252098250536189 1.0000000180025095e-35 3.6653260854228855 1.6269715917855294 2.0008168058289266 1.5736338395007128 27.062749211546333 26.500000000000004 33050.000000000007 17.500000000000004 1.2455122013763331 0.86989795918367363
decision_type=2 2 2 2 2 2 2 2 2 2 2 2 2 2 2 2 2 2 2 2 2 2
left_child=1 5 3 4 6 -1 7 10 -5 -10 13 20 -9 17 15 -15 -11 19 -19 -2 -12 -22
right_child=2 -3 -4 8 -6 -7 -8 12 9 16 11 -13 -14 14 -16 -17 -18 18 -20 -21 21 -23
leaf_value=0 -3.4325543718033143e-05 0 0.10208722119958451 0.025055452508110202 -0.012001138998934829 0 4.2939555830397231e-11 -0.01494330485003546 0.039351695768819937 -0.026800198202791364 0.00012743779521390779 0.028071650807407873 0.033330046375057203 -1.3460093174478829e-05 -0.0025571210722051536 -0.00081916784480643974 0.0019336355324302624 4.978115302638621e-05 -0.00034400061434820367 1.2281584433501683e-05 -0.00036822390027746395 0.00025800205383500889
leaf_weight=675 404 557 1922 2085 80 45 296 94 112 83 1072 330 414 56 115 86 50 46 47 236 46 8271
leaf_count=675 404 557 1922 2085 80 45 296 94 112 83 1072 330 414 56 115 86 50 46 47 236 46 8271
internal_value=-0.000885473 -0.0203339 0.000686751 0.000439259 0.000277031 -0.0168724 0.000318458 0.000256372 0.00123662 -0.0007 0.000180978 0.000282189 0.00179435 -0.000791457 -0.00224427 -0.00364286 -0.00284058 -0.000246612 -0.00257143 8.13955e-05 0.000221312 0.000131219
internal_weight=17122 1277 15845 13923 11593 720 11513 11217 2330 245 10709 9719 508 990 257 142 133 733 93 640 9389 8317
internal_count=17122 1277 15845 13923 11593 720 11513 11217 2330 245 10709 9719 508 990 257 142 133 733 93 640 9389 8317
is_linear=0
shrinkage=0.035


Tree=78
num_leaves=23
num_cat=0
split_feature=9 22 9 6 11 10 9 15 1 22 9 20 20 20 20 20 1 24 21 22 4 9
split_gain=436.148 8.90568 5.67259 2.29324 2.41284 2.25906 1.54476 1.1944 1.08416 0.598762 1.16596 0.575416 0.570584 0.98812 0.702988 1.61699 0.957304 1.03392 0.746519 0.722804 0.640814 0.696257
threshold=0.57332179065277356 34795.000000000007 20.551106820578845 7.1127015835801446 8.9148304096770818 1.0564524048220496 0.75614179818437999 0.53452380952380962 13.714261283220216 54348.000000000007 1.7560281505042352 26.500000000000004 24.500000000000004 11.500000000000002 6.5000000000000009 3.5000000000000004 6.9966807769941894 4685.0000000000009 4.5000000000000009 48992.500000000007 25.102403528914756 8.7171428571428589
decision_type=2 2 2 2 2 2 2 2 2 2 2 2 2 2 2 2 2 2 2 2 2 2
left_child=1 5 3 4 6 7 -2 -1 9 -8 11 -11 13 14 15 -5 -17 -18 -16 -19 21 -15
right_child=2 -3 -4 12 -6 -7 8 -9 -10 10 -12 -13 -14 20 18 16 17 19 -20 -21 -22 -23
leaf_value=0 2.8103773301459942e-10 0 0.10656169099414033 0.038746657553913356 -0.015342212579249748 0 5.7686865136013172e-06 0 0.025348151316662366 -8.2275157597555293e-06 -0.009348518191778326 -0.00015571578987107516 0.036376031057564109 -0.0076404050603739795 0.059149236870529164 0.021546704341304051 0.043654981600214089 -0.027455991033085769 -7.9843487799073203e-05 0.0095660632612020284 -0.050126009693574967 0.009022714907987131
leaf_weight=45 301 555 1512 442 61 65 8798 624 604 419 45 71 929 271 663 62 79 235 160 58 93 1058
leaf_count=45 301 555 1512 442 61 65 8798 624 604 419 45 71 929 271 663 62 79 235 160 58 93 1058
internal_value=-0.00100685 -0.0205456 0.000585907 0.000369166 8.9674e-05 -0.0176231 0.000134287 -0.0183101 5.70309e-05 -3.44826e-05 -0.00116667 -0.00060101 0.0010746 0.000835253 0.00140493 0.000679342 -0.000805239 -0.00151326 0.00214734 -0.00248993 0.000139804 0.000351574
internal_weight=17150 1289 15861 14349 10299 734 10238 669 9937 9333 535 490 4050 3121 1699 876 434 372 823 293 1422 1329
internal_count=17150 1289 15861 14349 10299 734 10238 669 9937 9333 535 490 4050 3121 1699 876 434 372 823 293 1422 1329
is_linear=0
shrinkage=0.035


Tree=79
num_leaves=23
num_cat=0
split_feature=9 15 9 5 9 25 22 20 9 8 4 9 12 11 1 7 3 1 15 2 3 8
split_gain=424.003 10.1601 5.32316 2.31887 1.92835 1.55831 1.22323 0.982719 0.771266 0.975627 0.964111 0.788576 0.742077 0.680987 0.640567 0.632531 0.910701 0.729174 1.46368 1.13954 0.605273 0.564462
threshold=0.57332179065277356 0.68139097744360921 16.134658032596921 1.0010887194926981 0.60791925465838526 210.50000000000003 34795.000000000007 24.500000000000004 4.6726190476190483 5.6937212231911305 6.9966807769941894 0.75614179818437999 2.0379011026893052 8.5871128860910755 3.9805079009487661 1.5714178114552404 3.9853480954257141 3.4254378765207423 0.12250000000000001 5.9978252760003432 0.58874036821468489 6.3410822967592075
decision_type=2 2 2 2 2 2 2 2 2 2 2 2 2 2 2 2 2 2 2 2 2 2
left_child=1 3 4 -1 -2 -4 -3 -7 10 -10 11 -6 -12 14 21 -13 -17 -18 19 -19 -5 -11
right_child=2 6 5 20 8 7 -8 -9 9 13 12 15 -14 -15 -16 16 17 18 -20 -21 -22 -23
leaf_value=0 -4.4850911382540705e-12 0 0.094339197427711297 0 4.0900461253974429e-07 0.024234526291662804 0 0.10885912391121098 0.02825603231058646 -0.017882200616498044 0.0010547126038541708 -5.764788683741756e-05 -0.0064935001777018143 -0.012683469948895121 0.0091503416160487443 0.00040534758504378156 8.4581312310811891e-05 -1.9781729377088399e-05 -0.014094328897101325 -0.020746466803613733 0 -0.0013291391989567298
leaf_weight=384 77 219 1590 65 229 1259 513 295 369 54 83 1290 103 52 5160 3636 1049 360 67 50 79 161
leaf_count=384 77 219 1590 65 229 1259 513 295 369 54 83 1290 103 52 5160 3636 1049 360 67 50 79 161
internal_value=-0.00093087 -0.0204328 0.000620964 -0.0162655 0.000300706 0.00191061 -0.0232843 0.00109782 0.000336517 0.000634115 8.25089e-05 0.000154951 -0.00236387 0.000510309 0.000552974 7.96811e-05 0.000255371 -0.000454931 -0.00158299 -0.000716867 -0.0112987 -0.00127273
internal_weight=17144 1260 15884 528 12740 3144 732 1554 12663 5796 6867 6681 186 5427 5375 6452 5162 1526 477 410 144 215
internal_count=17144 1260 15884 528 12740 3144 732 1554 12663 5796 6867 6681 186 5427 5375 6452 5162 1526 477 410 144 215
is_linear=0
shrinkage=0.035


Tree=80
num_leaves=23
num_cat=0
split_feature=9 22 1 9 25 10 1 6 11 20 15 12 11 11 2 5 10 20 12 24 20 22
split_gain=438.129 8.89501 5.17087 2.09623 1.41829 1.17417 0.822439 0.964489 0.741011 1.35421 0.921088 1.01494 0.769249 0.648842 0.863766 0.606701 0.59002 0.586422 0.944279 0.773193 0.576965 0.534111
threshold=0.57332179065277356 34795.000000000007 13.982558156555685 0.60791925465838526 233.00000000000003 1.0564524048220496 21.965076773329255 18.719087295446389 1.6751667092642408 24.500000000000004 0.4188596491228071 1.1252098250536189 1.2455122013763331 6.8181252700229509 20.983158914892449 21.011946453809166 5.8716429111612731 25.500000000000004 1.0945553872080129 3792.0000000000005 14.500000000000002 33201.500000000007
decision_type=2 2 2 2 2 2 2 2 2 2 2 2 2 2 2 2 2 2 2 2 2 2
left_child=1 5 3 -2 -4 -1 15 13 10 -10 11 17 -13 16 -15 -6 -8 18 -5 -19 -20 -14
right_child=2 -3 4 8 6 -7 7 -9 9 -11 -12 12 21 14 -16 -17 -18 19 20 -21 -22 -23
leaf_value=0 -4.3281129484151776e-12 0 0.064461573151719118 -4.0939986161423466e-05 0.023389002939820623 0 -0.016133744377799204 0.052676581844875905 0.0013116313393865674 0.018398340967752839 3.9886681314060027e-07 0.00012066708969362627 4.7821768486819301e-05 0.0061978290125082316 -0.045679655674016474 0.094221768037600684 0.034054917455421913 -1.3475918855612876e-06 -0.001086963004408169 -0.0014039047570262174 -0.00043404693663537998 -0.0023646886291657371
leaf_weight=661 73 552 2192 663 879 64 81 138 6361 1312 312 1072 1578 47 58 171 68 71 52 86 53 625
leaf_count=661 73 552 2192 663 879 64 81 138 6361 1312 312 1072 1578 47 58 171 68 71 52 86 53 625
internal_value=-0.00100594 -0.0206888 0.000580581 0.000234894 0.0017399 -0.0177397 0.000863511 -0.000467254 0.000272765 0.000482287 -7.98095e-05 -0.000220571 6.40245e-05 -0.00177027 -0.00381818 0.00137678 -0.000136364 -0.00124194 -0.000801423 -0.00319753 -0.00381818 -0.000304348
internal_weight=17169 1277 15892 12258 3634 725 1442 392 12185 7673 4512 4200 3275 254 105 1050 149 925 768 157 105 2203
internal_count=17169 1277 15892 12258 3634 725 1442 392 12185 7673 4512 4200 3275 254 105 1050 149 925 768 157 105 2203
is_linear=0
shrinkage=0.035


Tree=81
num_leaves=23
num_cat=0
split_feature=15 22 10 5 12 15 2 3 2 23 0 10 15 3 1 2 21 10 11 5 4 2
split_gain=415.755 14.1352 7.43403 6.16551 5.38003 9.99506 1.26514 0.858527 1.23091 0.88259 1.053 0.556432 0.528829 1.11711 1.38635 1.05695 0.587014 0.553588 0.527786 0.523175 0.51693 0.487604
threshold=0.54356060606060608 34795.000000000007 0.95118973121134187 12.778846153846155 0.69341176683614714 0.49000000000000005 10.000130448439306 9.4660690456137484 22.052447947677845 62950.000000000007 3.7899203501381034 2.3608110074759998 0.10912698412698414 3.6063547516383614 3.9805079009487661 0.99502319985380738 4.5000000000000009 1.0690449676497 2.0003853989113245 24.170466578992038 30.236721569975128 13.982558156555685
decision_type=2 2 2 2 2 2 2 2 2 2 2 2 2 2 2 2 2 2 2 2 2 2
left_child=3 2 -2 4 5 -1 11 8 12 10 -9 -5 -6 16 15 -15 17 -14 -19 -8 -12 -11
right_child=1 -3 -4 6 7 -7 19 9 -10 21 20 -13 13 14 -16 -17 -18 18 -20 -21 -22 -23
leaf_value=1.2200164145456746e-07 0 0 0 -0.010118756597712587 0.0016191738728609378 0 0.052598544573117315 -0.019150270417904576 -0.022759285794003915 -0.0036304070698387142 0.025864687848511599 0.013685741723864503 3.8072911264093221e-07 -0.0041970875862329645 -0.010733979112900409 5.3178881677093811e-06 -0.00073394106091929229 -9.2410015150179008e-05 0.01037720195932499 0.11409419642083027 -0.017159259217037263 -0.018435419588275142
leaf_weight=141 614 547 80 88 7115 73 2142 57 71 271 1828 485 1021 68 70 268 145 1204 95 672 45 60
leaf_count=141 614 547 80 88 7115 73 2142 57 71 271 1828 485 1021 68 70 268 145 1204 95 672 45 60
internal_value=-0.0010185 -0.0204888 -0.016829 0.000504208 0.000144333 -0.00528995 0.00182842 0.000242271 0.00010157 0.000858782 0.00114858 0.000290658 0.000136973 -0.000260431 -0.00195012 -0.00091349 1.41702e-05 0.000158065 -0.00031135 0.00213427 0.00130085 -0.000770833
internal_weight=17160 1241 694 15919 12532 214 3387 12318 10057 2261 1930 573 9986 2871 406 336 2465 2320 1299 2814 1873 331
internal_count=17160 1241 694 15919 12532 214 3387 12318 10057 2261 1930 573 9986 2871 406 336 2465 2320 1299 2814 1873 331
is_linear=0
shrinkage=0.035


Tree=82
num_leaves=23
num_cat=0
split_feature=9 22 9 9 10 5 11 20 20 20 20 4 9 5 3 20 21 10 0 9 4 9
split_gain=432.207 8.8857 5.37332 4.22944 4.09027 1.13885 2.63704 1.44824 1.17146 1.39455 1.36502 1.36465 0.920737 0.843552 0.746121 0.722766 1.15891 0.798823 1.07323 0.768788 1.1108 0.96555
threshold=0.57332179065277356 34795.000000000007 20.551106820578845 0.60791925465838526 1.1126972805283728 5.0127769206881263 8.1598049688090466 23.500000000000004 11.500000000000002 6.5000000000000009 2.5000000000000004 25.102403528914756 0.75614179818437999 1.0000000180025095e-35 6.9966807769941894 4.5000000000000009 1.5000000000000002 3.0394235042348474 5.9323336949891461 4.6726190476190483 6.9966807769941894 3.036019516910804
decision_type=2 2 2 2 2 2 2 2 2 2 2 2 2 2 2 2 2 2 2 2 2 2
left_child=1 4 3 -2 -1 6 12 8 9 10 -7 -10 -5 -14 -4 16 17 18 -15 20 -17 -22
right_child=2 -3 14 5 -6 7 -8 -9 11 -11 -12 -13 13 15 -16 19 -18 -19 -20 -21 21 -23
leaf_value=0 -1.3054009067930506e-08 0 -0.0088551182487517158 3.7158095573824662e-07 0 0.033238033804221787 -0.017555067248492231 0.032703257647967193 9.4994287921068611e-05 0.052487882982440434 -0.0048137783196771713 -0.065330578437788028 -0.00069136970997129448 -0.0055653083547828851 0.11382768462549174 2.5431207674256743e-05 7.9253367624420497e-05 0.010939897047321016 -0.038877772106949884 0.015046833591732993 0.0043070941980817646 -0.024379449227072227
leaf_weight=682 77 545 97 233 46 457 74 1487 1902 854 811 83 722 257 1401 4628 756 78 91 1730 47 90
leaf_count=682 77 545 97 233 46 457 74 1487 1902 854 811 83 722 257 1401 4628 756 78 91 1730 47 90
internal_value=-0.00104614 -0.0206275 0.000528967 0.000319288 -0.0177005 0.000365781 0.000112903 0.00075576 0.000410263 0.00098237 0.000228201 -0.000193467 0.000173035 0.000109948 0.00252196 0.000219604 -0.000569082 -0.00202204 -0.00274646 0.000366154 0.000132076 -0.00290845
internal_weight=17148 1273 15875 14377 728 14300 8706 5594 4107 2122 1268 1985 8632 8399 1498 7677 1182 426 348 6495 4765 137
internal_count=17148 1273 15875 14377 728 14300 8706 5594 4107 2122 1268 1985 8632 8399 1498 7677 1182 426 348 6495 4765 137
is_linear=0
shrinkage=0.035


Tree=83
num_leaves=23
num_cat=0
split_feature=9 23 9 10 3 11 20 9 12 0 16 9 6 6 5 20 21 10 4 12 20 12
split_gain=428.274 11.5328 5.14963 2.73386 1.64387 1.43636 1.21025 0.686559 0.792825 1.10124 0.614376 0.607734 0.587988 0.542113 0.704496 0.535714 1.58633 0.816583 0.651855 0.784734 0.538862 0.486743
threshold=0.57332179065277356 40250.000000000007 20.551106820578845 1.0564524048220496 9.4660690456137484 8.5871128860910755 24.500000000000004 0.75614179818437999 1.1252098250536189 1.8049935302825111 1.0000000180025095e-35 1.2974831614982973 16.040429585733566 2.2621819928061417 1.5076264718614014 13.500000000000002 3.5000000000000004 2.7688746209726953 17.017817371952514 4.8553541829995375 15.500000000000002 0.81652188061227371
decision_type=2 2 2 2 2 2 2 2 2 2 2 2 2 2 2 2 2 2 2 2 2 2
left_child=1 3 4 -1 5 7 15 21 9 11 12 -9 -10 14 -13 -6 20 -18 19 -19 -17 -2
right_child=2 -3 -4 -5 6 -7 -8 8 10 -11 -12 13 -14 -15 -16 16 17 18 -20 -21 -22 -23
leaf_value=0 4.5271368838234712e-10 0 0.095435309600269247 0 0.01911750159500536 -0.01034027282463303 0.056172833071540341 1.2423824470508069e-05 6.8285048791183212e-05 -0.00086292572358680143 0.023336618310310895 7.9321123224927449e-05 0.046844926450549759 0.00018493700755265241 -0.0023682636255167103 -0.017976116357188002 0.029271369213334425 -0.046829873385250513 -0.029755744357291464 0.011873505395396425 0.020157823320951961 2.5646598021794999e-07
leaf_weight=672 136 551 1495 60 1733 49 708 368 8778 388 363 64 112 66 81 170 63 109 72 101 858 178
leaf_count=672 136 551 1495 60 1733 49 708 368 8778 388 363 64 112 66 81 170 63 109 72 101 858 178
internal_value=-0.00102881 -0.0204402 0.000543153 -0.0172056 0.000338286 0.00011173 0.000961377 0.000142471 9.07092e-05 -0.000856996 0.00019205 8.39042e-05 0.000131816 -0.00136111 -0.00256667 0.000653648 0.000121916 -0.0019 -0.00271951 -0.00154651 0.00082333 0.00174451
internal_weight=17175 1283 15892 732 14397 10583 3814 10534 10220 967 9253 579 8890 211 145 3106 1373 345 282 210 1028 314
internal_count=17175 1283 15892 732 14397 10583 3814 10534 10220 967 9253 579 8890 211 145 3106 1373 345 282 210 1028 314
is_linear=0
shrinkage=0.035


Tree=84
num_leaves=23
num_cat=0
split_feature=9 22 9 10 9 25 9 11 9 5 20 6 5 8 10 20 20 10 12 11 8 8
split_gain=423.204 10.6263 4.82657 3.67841 1.89186 1.23008 0.883271 0.957693 0.76821 0.707294 1.44777 0.61316 0.468143 0.563334 0.422637 0.383197 0.527965 0.378462 0.36186 0.360606 0.354855 0.443715
threshold=0.57332179065277356 34795.000000000007 16.134658032596921 1.0564524048220496 0.60791925465838526 455.50000000000006 24.339285714285719 6.8181252700229509 0.75614179818437999 7.9927388748624617 9.5000000000000018 10.000130448439306 19.010370193622947 16.469772842650677 6.198966626596718 13.500000000000002 7.5000000000000009 4.6700667885506482 5.7467729127967333 8.5871128860910755 14.071683673469389 12.215499489872871
decision_type=2 2 2 2 2 2 2 2 2 2 2 2 2 2 2 2 2 2 2 2 2 2
left_child=1 3 4 -1 -2 6 7 -4 -6 10 -9 19 13 -7 -11 16 -15 -13 20 -10 21 -19
right_child=2 -3 5 -5 8 12 -8 9 11 14 -12 17 -14 15 -16 -17 -18 18 -20 -21 -22 -23
leaf_value=0 -1.2612963303091985e-08 0 0.073655823299898587 0 3.4959931297977969e-07 0.083546199236208388 0.14620772115827876 -0.035889262109973896 3.4442302569858382e-05 0.0012925702009861056 0.048018063222357361 0.018012558101514493 0.050293619823100301 -0.024871555107981284 0.052850872896987908 -0.027535709280103925 0.092600433519003045 -0.0086998425774786579 0.042345904539293017 -0.013800087125460906 -0.021213970356480028 0.04674958593131031
leaf_weight=654 71 550 1371 59 226 67 547 45 10858 245 63 1131 98 58 568 82 46 118 56 45 98 78
leaf_count=654 71 550 1371 59 226 67 547 45 10858 245 63 1131 98 58 568 82 46 118 56 45 98 78
internal_value=-0.00100085 -0.020459 0.000552469 -0.017266 0.000244443 0.00176917 0.0020109 0.00168677 0.000278835 0.000778618 -0.00176549 0.00023985 -0.00013764 -0.000976744 0.0011467 -0.00199738 -0.000353211 0.000909152 -4.92956e-05 0.000146956 -0.00059699 0.000191542
internal_weight=17134 1263 15871 713 12681 3190 2839 2292 12610 921 108 12384 351 253 813 186 104 1481 350 10903 294 196
internal_count=17134 1263 15871 713 12681 3190 2839 2292 12610 921 108 12384 351 253 813 186 104 1481 350 10903 294 196
is_linear=0
shrinkage=0.035


Tree=85
num_leaves=23
num_cat=0
split_feature=15 22 12 15 0 10 6 11 22 20 20 11 4 12 0 12 10 25 4 4 8 2
split_gain=402.986 16.7635 8.18041 9.43394 4.23712 3.47371 1.23654 2.37215 0.970667 0.844221 0.618752 0.65286 0.724831 0.60687 0.602118 0.555747 0.52005 0.522337 0.473742 0.433839 0.616053 0.786953
threshold=0.54356060606060608 34795.000000000007 0.7905469377017692 0.49000000000000005 15.798157719979523 1.0564524048220496 10.000130448439306 7.7787151680189615 16785.000000000004 9.5000000000000018 23.500000000000004 4.7832124016314586 15.950345293025352 0.98116877806463842 1.7070184425302937 0.67014369125706297 7.1746909672954091 210.50000000000003 18.049040346336252 0.99491741027542968 2.7146941172001777 1.5800039031569326
decision_type=2 2 2 2 2 2 2 2 2 2 2 2 2 2 2 2 2 2 2 2 2 2
left_child=2 5 3 -1 6 -2 7 13 -6 -9 11 12 -10 14 -4 -5 -13 -18 -14 20 21 -15
right_child=1 -3 4 15 8 -7 -8 9 10 -11 -12 16 18 19 -16 -17 17 -19 -20 -21 -22 -23
leaf_value=-5.4240372338378834e-07 0 0 3.3736333702548741e-07 0 0.10353855305935884 0 0.018866440717167556 -0.018851297755652245 0.0030245160720857745 -0.0029828095356929695 0.076184935299962384 0.032803853177221072 -0.032918815263003387 3.6455396323320389e-06 -3.0580204478778224e-05 -1.2447712066953285e-08 0.064023364635385036 -0.012255304245762556 -0.0052950570119206768 6.4635117541625501e-05 0.01178603546714263 -0.0017056325788903919
leaf_weight=194 640 537 311 59 1353 59 1800 58 301 61 354 490 52 285 128 52 139 191 46 9655 84 305
leaf_count=194 640 537 311 59 1353 59 1800 58 301 61 354 490 52 285 128 52 139 191 46 9655 84 305
internal_value=-0.00106495 -0.0202752 0.000431483 -0.00519355 0.000544116 -0.0163864 0.000265285 0.000122751 0.00174463 -0.00468548 0.00112674 0.000726307 -0.000398515 0.000179662 0.00145045 -0.0130948 0.00129394 0.000156717 -0.00295631 0.000123282 -0.000726804 -0.00114706
internal_weight=17154 1236 15918 305 15613 699 12687 10887 2926 119 1573 1219 399 10768 439 111 820 330 98 10329 674 590
internal_count=17154 1236 15918 305 15613 699 12687 10887 2926 119 1573 1219 399 10768 439 111 820 330 98 10329 674 590
is_linear=0
shrinkage=0.035


Tree=86
num_leaves=23
num_cat=0
split_feature=9 22 0 9 15 6 12 20 22 12 20 7 21 1 22 20 7 10 10 15 1 20
split_gain=416.752 13.7782 4.96289 3.4791 1.74262 1.23302 2.26968 1.1314 1.01727 0.837659 0.773441 1.37643 0.890856 0.799828 0.682637 0.665596 1.0219 0.632682 0.561304 0.538542 0.535634 0.51458
threshold=0.57332179065277356 34795.000000000007 15.798157719979523 0.60791925465838526 0.54356060606060608 8.2534813770198809 8.1089825484969165 9.5000000000000018 16785.000000000004 3.8228808250260653 4.5000000000000009 1.7057550961328125 1.5000000000000002 10.866071428571431 43337.000000000007 2.5000000000000004 2.1429083088240017 2.8702082220799161 1.0564524048220496 0.45643939393939398 2.1594555204127661 6.5000000000000009
decision_type=2 2 2 2 2 2 2 2 2 2 2 2 2 2 2 2 2 2 2 2 2 2
left_child=1 4 3 -2 -1 6 10 -8 -4 -10 11 -5 14 19 -13 16 -14 20 -6 -12 -17 -11
right_child=2 -3 8 5 18 -7 7 -9 9 21 13 12 15 -15 -16 17 -18 -19 -20 -21 -22 -23
leaf_value=0 -1.153889421979507e-08 0 0.099914703702281282 5.384485195583423e-05 0 0.014397771632035018 -0.01990696676948191 -0.0027500328952921485 -0.013729701833171617 0.0072032899335694846 8.5468450466575315e-06 -0.014471213093773503 -0.0023804776228553838 0.023418366999788505 0.00020785803512197128 -0.0040440641575517659 0.0051657497869245592 -0.017848498936737241 0 3.2388467644700579e-07 0.0041793987158039994 0.042674740308472375
leaf_weight=80 79 563 1366 241 570 2482 50 46 202 319 7720 249 74 740 105 149 402 138 50 167 244 1076
leaf_count=80 79 563 1366 241 570 2482 50 46 202 319 7720 249 74 740 105 149 402 138 50 167 244 1076
internal_value=-0.00106797 -0.0203762 0.000475527 0.000176751 -0.0167553 0.000224555 5.42112e-05 -0.00516337 0.00176651 0.00114045 0.000107387 -0.000594586 -0.00103514 0.000240037 -0.00254457 -0.000477273 0.000443867 -0.00133209 -0.0175 0.000133933 -0.000545226 0.00145
internal_weight=17112 1263 15849 12886 700 12807 10325 96 2963 1597 10229 1602 1361 8627 354 1007 476 531 620 7887 393 1395
internal_count=17112 1263 15849 12886 700 12807 10325 96 2963 1597 10229 1602 1361 8627 354 1007 476 531 620 7887 393 1395
is_linear=0
shrinkage=0.035


Tree=87
num_leaves=23
num_cat=0
split_feature=9 22 9 10 9 25 11 9 7 4 9 9 24 25 9 1 0 12 9 0 3 21
split_gain=421.984 11.9836 4.44571 2.42882 2.37701 1.00246 0.812479 0.615919 0.786012 0.658121 0.904232 0.643984 0.964448 0.638312 0.645097 0.943537 0.613078 0.605107 0.952197 0.513184 1.21716 0.507345
threshold=0.57332179065277356 34795.000000000007 15.937473247944052 1.0564524048220496 0.60791925465838526 210.50000000000003 8.5871128860910755 4.6726190476190483 5.1540659340659358 5.0127769206881263 3.1432456131528803 5.7857189445871189 4472.0000000000009 210.50000000000003 13.037423469387758 12.996151141142256 3.8881092392799408 3.7301431392663469 7.3044554304393552 8.942279580511066 8.9137438819749804 1.5000000000000002
decision_type=2 2 2 2 2 2 2 2 2 2 2 2 2 2 2 2 2 2 2 2 2 2
left_child=1 3 4 -1 -2 -4 7 8 9 -6 -11 -9 19 14 17 -16 -12 18 -14 21 -21 -13
right_child=2 -3 5 -5 6 -7 -8 11 -10 10 16 12 13 -15 15 -17 -18 -19 -20 20 -22 -23
leaf_value=0 -8.4090198188903691e-09 0 0.080808493505247547 0 3.3784009529195589e-07 0.030374640531588594 -0.010184348394996653 0.025259723906524426 -0.014663035044097958 0.00096198217412495795 -0.0060825396859949038 -0.0048698877904950052 0.012500980363884407 0.014047115263739952 -0.033109527557040545 0.012960285004723755 -0.0023148898862484354 0.014232250776321488 -0.016249566071223982 -0.035150990923415872 0.011505653913058382 0.0037048426898514393
leaf_weight=665 79 555 1604 55 6476 1581 45 328 50 166 111 102 480 3353 63 79 84 545 462 64 47 238
leaf_count=665 79 555 1604 55 6476 1581 45 328 50 166 111 102 480 3353 63 79 84 545 462 64 47 238
internal_value=-0.00106257 -0.0203984 0.00048722 -0.0170655 0.000193668 0.00165674 0.000233738 0.000252549 2.64076e-05 6.24088e-05 -0.00137705 0.000519598 0.000423501 0.000566373 0 -0.00221429 -0.002975 0.000215818 -0.000306758 -0.00110526 -0.00313793 -0.000355072
internal_weight=17232 1275 15957 720 12772 3185 12693 12648 6887 6837 361 5761 5433 4982 1629 142 195 1487 942 451 111 340
internal_count=17232 1275 15957 720 12772 3185 12693 12648 6887 6837 361 5761 5433 4982 1629 142 195 1487 942 451 111 340
is_linear=0
shrinkage=0.035


Tree=88
num_leaves=23
num_cat=0
split_feature=15 22 15 12 10 0 6 11 25 12 20 8 20 20 25 25 7 20 8 8 10 11
split_gain=418.825 11.2187 7.08944 8.87338 6.03089 3.72801 1.0788 1.67595 0.926693 0.923472 0.90873 0.529841 0.833256 0.710629 0.402776 0.798223 0.836113 0.516507 0.466528 0.857059 0.560201 0.537355
threshold=0.54356060606060608 34795.000000000007 0.49000000000000005 0.67014369125706297 0.97590007294853509 17.009731282911645 10.000130448439306 7.7787151680189615 200.00000000000003 0.7905469377017692 9.5000000000000018 19.756312873683516 6.5000000000000009 3.5000000000000004 381.00000000000006 277.00000000000006 5.2914285714285727 30.500000000000004 12.215499489872871 15.433015574650915 5.7981934789249348 0.82874193016474396
decision_type=2 2 2 2 2 2 2 2 2 2 2 2 2 2 2 2 2 2 2 2 2 2
left_child=2 4 5 -4 -2 6 7 14 -7 -5 -9 12 13 -10 15 18 -17 -16 21 -20 -21 -1
right_child=1 -3 3 9 -6 8 -8 10 11 -11 -12 -13 -14 -15 17 16 -18 -19 19 20 -22 -23
leaf_value=-8.5363438891219906e-05 0 0 0 -1.17557373860531e-08 0 0.078664115804309917 0.017609142020719368 -0.020325609220514306 0.013417637920674115 2.374410084766438e-07 -0.0032333603444911303 0.064056619329869099 0.02660532668646887 -0.032230594193940441 6.5902299416995287e-05 -0.00043386425699930856 -0.012415265854962628 -0.020608445684834779 -0.016955187548088835 0.061909092861540164 -0.008451845435673044 7.1184405821695369e-05
leaf_weight=133 636 529 59 57 66 1203 2175 65 111 129 85 415 519 60 4295 1601 54 57 191 108 45 4540
leaf_count=133 636 529 59 57 66 1203 2175 65 111 129 85 415 519 60 4295 1601 54 57 191 108 45 4540
internal_value=-0.00114202 -0.0207678 0.00038219 -0.00546 -0.0174901 0.00047644 0.000250038 0.000109268 0.00177497 -0.00144764 -0.0035 0.00100901 0.000377698 -0.00167045 0.000161529 -6.81431e-06 -0.000674699 0.000423342 0.000210474 -0.00101289 0.000841772 0.000305259
internal_weight=17133 1231 15902 245 702 15657 13349 11174 2308 186 150 1105 690 171 11024 6672 1655 4352 5017 344 153 4673
internal_count=17133 1231 15902 245 702 15657 13349 11174 2308 186 150 1105 690 171 11024 6672 1655 4352 5017 344 153 4673
is_linear=0
shrinkage=0.035


Tree=89
num_leaves=23
num_cat=0
split_feature=9 22 5 10 9 9 20 20 1 5 10 20 8 12 8 9 8 9 10 1 20 8
split_gain=425.06 10.091 3.52912 3.33057 3.20808 1.05052 0.759984 1.66237 1.11976 1.04596 0.732997 1.83137 1.12556 1.01762 0.647119 0.657691 0.493587 0.571732 0.506135 0.504307 0.476349 0.832436
threshold=0.57332179065277356 34795.000000000007 11.623984965733095 1.0564524048220496 0.60791925465838526 24.339285714285719 23.500000000000004 13.500000000000002 23.023809523809529 18.955902356631452 7.1746909672954091 9.5000000000000018 22.64496498418011 8.1089825484969165 15.783213123016756 0.69236835154341714 17.519196712489137 15.395433867372985 3.4086724129853905 17.009731282911645 4.5000000000000009 6.4293354925570769
decision_type=2 2 2 2 2 2 2 2 2 2 2 2 2 2 2 2 2 2 2 2 2 2
left_child=1 3 4 -1 -2 6 7 16 -9 -10 14 12 13 -12 15 -6 17 -4 -18 -19 21 -17
right_child=2 -3 5 -5 10 -7 -8 8 9 -11 11 -13 -14 -15 -16 20 18 19 -20 -21 -22 -23
leaf_value=0 -1.0626212291828885e-08 0 0.029965064777768235 0 2.8990745588230214e-07 0.15406504691274245 0.064021563804342915 0.0033843305548773906 -0.077506165892659878 -0.0030909564705227707 -0.027362875927932389 0.028171989922278741 0.046693160524963244 -0.020409417032196567 0.044541673994710658 2.5294725710780967e-05 -0.012324352301696585 0.022779643255260464 0.06827862858006363 -0.022077232637415477 3.4219136984697822e-05 -0.016990056892526997
leaf_weight=653 77 554 493 55 140 455 865 928 48 83 58 139 47 52 523 1224 66 130 677 79 9500 416
leaf_count=653 77 554 493 55 140 455 865 928 48 83 58 139 47 52 523 1224 66 130 677 79 9500 416
internal_value=-0.00110126 -0.020616 0.00044283 -0.0174607 0.0001497 0.0013702 0.00114523 0.000821642 -0.000217105 -0.00319118 0.000197786 -0.0015 -0.00406173 -0.00593478 0.000242463 0.000184537 0.0015931 0.000876238 0.00223663 -0.000588785 0.000152311 -0.000393617
internal_weight=17262 1262 16000 708 12176 3824 3369 2504 1059 131 12099 296 157 110 11803 11280 1445 702 743 209 11140 1640
internal_count=17262 1262 16000 708 12176 3824 3369 2504 1059 131 12099 296 157 110 11803 11280 1445 702 743 209 11140 1640
is_linear=0
shrinkage=0.035


Tree=90
num_leaves=23
num_cat=0
split_feature=9 23 3 9 10 23 20 2 10 3 11 9 11 11 20 11 23 20 11 24 10 11
split_gain=427.169 12.6132 4.27038 3.44871 3.38441 1.67086 1.20502 0.898838 0.892427 0.698996 0.600931 0.592159 0.505277 0.494176 0.513708 0.460248 0.496631 0.422317 0.809751 0.657007 0.621225 0.564544
threshold=0.57332179065277356 40250.000000000007 9.6921791352322053 0.60791925465838526 1.1126972805283728 21250.000000000004 25.500000000000004 22.052447947677845 2.6276913640612212 14.834983613123457 0.82874193016474396 19.045634920634924 8.4235408307209809 8.2969527007627129 2.5000000000000004 0.70762479444762083 42000.000000000007 6.5000000000000009 3.3927955011541369 7066.5000000000009 3.0394235042348474 3.2525455399820542
decision_type=2 2 2 2 2 2 2 2 2 2 2 2 2 2 2 2 2 2 2 2 2 2
left_child=1 4 3 -2 -1 -4 8 10 -7 13 15 12 -12 14 -10 16 -5 18 -16 -20 21 -19
right_child=2 -3 5 7 -6 6 -8 -9 9 -11 11 -13 -14 -15 17 -17 -18 20 19 -21 -22 -23
leaf_value=0 -1.0237487089906194e-08 0 0.08544387110492091 2.8393805696616864e-07 0 0.027384046298668356 0.052050449221612387 -0.018889428524058779 0.019602228849570344 0.016769516733577131 3.9032404417880496e-06 0.14694247700615864 -0.0057236025502414162 -0.029278801527753744 0.013689420885144146 -4.7206259401560333e-05 -0.00065559838651467776 0.0034929281743969211 -0.0046615786693419287 -0.041718004748074876 0.0041086036522211059 -0.031851910813786029
leaf_weight=697 82 548 1550 195 45 387 548 86 99 1497 9905 78 46 62 58 218 48 77 65 67 664 92
leaf_count=697 82 548 1550 195 45 387 548 86 99 1497 9905 78 46 62 58 218 48 77 65 67 664 92
internal_value=-0.00120033 -0.020527 0.000380094 -1.87094e-05 -0.0172095 0.00120547 0.0007839 3.67169e-05 0.000504556 0.000268429 6.8366e-05 0.000126968 0.000100543 -0.000356182 -0.000164596 -0.00115665 -2.82257e-05 -0.00041537 -0.00188462 -0.00339781 -5.01192e-05 -0.00193103
internal_weight=17114 1290 15824 10658 742 5166 3616 10576 3068 2681 10490 10029 9951 1184 1122 461 243 1023 190 132 833 169
internal_count=17114 1290 15824 10658 742 5166 3616 10576 3068 2681 10490 10029 9951 1184 1122 461 243 1023 190 132 833 169
is_linear=0
shrinkage=0.035


Tree=91
num_leaves=23
num_cat=0
split_feature=9 22 9 10 9 15 5 11 4 9 15 0 21 18 1 11 3 25 11 6 4 4
split_gain=418.837 11.5568 3.74935 3.6617 2.75968 1.06854 0.913264 1.08517 1.0626 0.833049 0.726062 0.538418 0.484314 1.26616 0.971634 0.749099 0.716325 0.599268 0.54925 1.25674 0.959479 0.728041
threshold=0.57332179065277356 34795.000000000007 20.551106820578845 1.0564524048220496 0.60791925465838526 0.54356060606060608 14.21202134598583 8.5871128860910755 10.394207867097037 0.69236835154341714 0.49000000000000005 18.049040346336252 3.5000000000000004 1.0000000180025095e-35 0.97613398113309346 1.2838814775327398 9.6921791352322053 233.00000000000003 2.9883966050422188 6.3943572294959923 13.272026472482283 19.556552062598733
decision_type=2 2 2 2 2 2 2 2 2 2 2 2 2 2 2 2 2 2 2 2 2 2
left_child=1 3 4 5 -2 -1 7 9 -9 -6 12 -4 16 14 -14 -15 -11 -18 -16 -20 -21 -22
right_child=2 -3 11 -5 6 -7 -8 8 -10 10 -12 -13 13 15 18 -17 17 -19 19 20 21 -23
leaf_value=0 -8.9233082469178669e-09 0 0.048574570310853868 0 1.8020390093600592e-07 0 0.023563019966027814 -0.013027021948717646 0.0061623556916738931 3.2773837708591052e-05 -8.4189371093771099e-06 0.098539948345157002 0.0002196911121528829 -0.00011191462001618335 -0.00035741635836865771 0.023107318102325525 0.025495457098530641 0.006798930958715547 -0.022004708571778865 0.0067637931892561573 -0.022923052333089024 0.012163172666806577
leaf_weight=76 74 546 420 57 130 579 1620 66 66 7169 47 1097 205 84 1750 544 798 874 273 425 146 57
leaf_count=76 74 546 420 57 130 579 1620 66 66 7169 47 1097 205 84 1750 544 798 874 273 425 146 57
internal_value=-0.00110106 -0.0204984 0.000443849 -0.0171973 0.000266902 -0.0179773 0.000304124 0.000201875 -0.00288686 0.000237027 0.000205583 0.00209724 0.00022425 -0.000121381 -0.000439182 0.00128831 0.000362424 0.0010164 -0.000624623 -0.00132892 -0.00042575 -0.00238942
internal_weight=17103 1258 15845 712 14328 655 14254 12634 132 12502 12372 1517 12325 3484 2856 628 8841 1672 2651 901 628 203
internal_count=17103 1258 15845 712 14328 655 14254 12634 132 12502 12372 1517 12325 3484 2856 628 8841 1672 2651 901 628 203
is_linear=0
shrinkage=0.035


Tree=92
num_leaves=23
num_cat=0
split_feature=9 22 9 3 15 23 9 0 2 8 24 23 11 7 0 6 9 0 6 12 21 6
split_gain=430.453 12.0637 3.64914 2.91001 2.01012 1.16535 1.04614 0.835851 0.824529 0.788842 0.563781 0.488227 0.624893 0.997823 0.697344 0.571774 0.659002 0.683348 0.560621 0.83749 0.53463 1.06837
threshold=0.57332179065277356 34795.000000000007 0.60791925465838526 9.6921791352322053 0.54356060606060608 21250.000000000004 0.69236835154341714 3.7899203501381034 22.052447947677845 0.86030787602530523 15110.000000000002 62950.000000000007 4.2148785789142886 14.001745838491638 15.950345293025352 10.946439606378263 8.0036823498036949 11.35416666666667 13.563206108273512 5.0212108132138402 4.5000000000000009 19.908514249778566
decision_type=2 2 2 2 2 2 2 2 2 2 2 2 2 2 2 2 2 2 2 2 2 2
left_child=1 4 -2 6 -1 -5 -4 -7 9 -8 -11 12 14 18 -9 16 -13 -18 -14 -20 -15 -22
right_child=2 -3 3 5 -6 7 8 11 -10 10 -12 15 13 20 -16 -17 17 -19 19 -21 21 -23
leaf_value=0 -9.5020018198823484e-09 0 1.7269473688700681e-07 0.084038998805898407 0 -0.017952662674334104 -3.0459601069041031e-06 0.030104352815800157 -0.025703893278555604 4.2515043284281069e-05 0.028589880017833608 0.013492140407453937 -0.00047170027761054856 0.028289833188887725 -0.0018711286939080091 0.015240832440635647 -0.019581213047996007 0.019957269256855932 -0.028027927434499989 0.0028024035464798429 0.086021892768270894 -0.044043455949399839
leaf_weight=91 75 548 128 1534 650 74 214 1026 90 9952 260 49 359 1359 222 126 155 69 56 69 64 64
leaf_count=91 75 548 128 1534 650 74 214 1026 90 9952 260 49 359 1359 222 126 155 69 56 69 64 64
internal_value=-0.00113107 -0.0205456 0.00044326 0.000481732 -0.0172842 0.00115819 0.000147573 0.000811334 0.000106787 0.000137906 0.000183958 0.000891664 0.00103567 0.000630567 0.00165642 -0.000225247 -0.00115827 -0.00200218 -0.000722904 -0.00269231 0.00108378 -0.000973684
internal_weight=17234 1289 15945 15870 741 5226 10644 3692 10516 10426 10212 3618 3219 1971 1248 399 273 224 484 125 1487 128
internal_count=17234 1289 15945 15870 741 5226 10644 3692 10516 10426 10212 3618 3219 1971 1248 399 273 224 484 125 1487 128
is_linear=0
shrinkage=0.035


Tree=93
num_leaves=23
num_cat=0
split_feature=9 22 5 9 10 22 9 7 3 10 0 20 20 20 23 2 8 6 25 0 2 11
split_gain=415.113 12.2309 4.01978 2.86505 2.08195 0.972046 0.951603 0.807827 0.637537 1.52263 1.16487 0.629159 0.840395 1.18644 0.686464 0.664333 0.554072 0.618919 0.522301 0.521607 0.729748 0.757945
threshold=0.57332179065277356 34795.000000000007 12.611365525045416 0.60791925465838526 1.0564524048220496 16785.000000000004 0.69236835154341714 0.57806881758180284 9.5210499713367636 7.1746909672954091 15.950345293025352 22.500000000000004 13.500000000000002 15.500000000000002 42000.000000000007 11.852133989485408 9.258698295722958 11.946428571428573 381.00000000000006 5.0127769206881263 9.5790246797893861 3.3684052378171265
decision_type=2 2 2 2 2 2 2 2 2 2 2 2 2 2 2 2 2 2 2 2 2 2
left_child=1 4 3 -2 -1 -4 -5 -8 9 18 -11 12 -7 14 -14 16 -15 -18 -9 20 21 -10
right_child=2 -3 5 6 -6 11 7 8 19 10 -12 -13 13 15 -16 -17 17 -19 -20 -21 -22 -23
leaf_value=0 -9.0830194426102047e-09 0 0.083844574299164421 1.6167420813339446e-07 0 0.023515490194394102 -1.8445785024635342e-06 -0.0001309266543946841 0.0051939147367452785 -0.018900694853981277 0.010642781676391964 0.047951225006590215 -0.0068043528205149507 0.022961221758155959 -0.065062072404256432 0.021798330870898202 -0.030798772260819084 0.0016304880409132446 8.1281163348273354e-05 0.014577915070125855 0.016549041415517027 -0.024394681479113989
leaf_weight=657 81 558 1284 136 56 900 112 5917 87 72 47 601 48 63 46 290 80 87 3856 1941 59 112
leaf_count=657 81 558 1284 136 56 900 112 5917 87 72 47 601 48 63 46 290 80 87 3856 1941 59 112
internal_value=-0.00115984 -0.0203636 0.000387955 9.43663e-05 -0.0169735 0.00145388 0.000140068 0.000105505 0.000134838 1.30849e-05 -0.00383871 0.000974057 0.000573733 -0.000401454 -0.00392424 0.000233333 -0.00111702 -0.00219767 6.37146e-05 0.000673321 -0.000758555 -0.00181863
internal_weight=17090 1271 15819 12420 713 3399 12339 12203 12091 9892 119 2115 1514 614 94 520 230 167 9773 2199 258 199
internal_count=17090 1271 15819 12420 713 3399 12339 12203 12091 9892 119 2115 1514 614 94 520 230 167 9773 2199 258 199
is_linear=0
shrinkage=0.035


Tree=94
num_leaves=23
num_cat=0
split_feature=9 22 2 15 9 22 9 13 22 25 15 4 10 12 21 18 21 9 0 11 10 8
split_gain=415.681 11.8375 3.84188 3.17757 2.44342 1.17544 0.910064 1.02966 0.723067 0.654158 0.648708 0.569882 0.604445 0.506037 0.499442 0.903775 1.18131 0.599561 0.59755 0.767507 0.902959 0.896718
threshold=0.57332179065277356 34795.000000000007 10.095760798250753 0.54356060606060608 0.60791925465838526 31797.000000000004 0.69236835154341714 0.46428571428571436 52360.000000000007 807.00000000000011 0.43303571428571436 13.982558156555685 6.4512826336355511 8.7798997480632703 3.5000000000000004 1.0000000180025095e-35 4.5000000000000009 2.321297033566406 2.4834054987751801 1.8342986978880502 1.1126972805283752 3.644822090880004
decision_type=2 2 2 2 2 2 2 2 2 2 2 2 2 2 2 2 2 2 2 2 2 2
left_child=1 3 4 -1 -2 9 -6 13 -7 -4 -9 12 -11 14 17 18 -17 -8 -16 20 -20 -21
right_child=2 -3 5 -5 6 8 7 10 -10 11 -12 -13 -14 -15 15 16 -18 -19 19 21 -22 -23
leaf_value=0 -8.7470710414581665e-09 0 0.047457322973352312 0 1.6279486392139678e-07 0.010347865094785882 -3.2979422130263176e-05 -4.2402735821780133e-06 -0.01787101611559282 0.081351368322608711 -7.7654281979856469e-05 -0.0061850335993241324 -0.0050751023696604617 -0.008348601118228785 3.4967741590669826e-05 0.033209727554843811 -0.007596186988018604 0.0027492235220627557 0.00011373675153825354 0.004493445321515758 -0.0081655216506272797 -0.0070983832613174596
leaf_weight=87 76 546 2502 634 128 1834 2134 129 74 158 52 269 45 46 969 361 151 5351 113 198 294 899
leaf_count=87 76 546 2502 634 128 1834 2134 129 74 158 52 269 45 46 969 361 151 5351 113 198 294 899
internal_value=-0.00113588 -0.0203836 0.000414112 -0.0170854 4.68551e-05 0.00122969 9.37213e-05 5.62513e-05 0.000536069 0.00166717 -0.00252151 0.000418239 0.00181731 0.00010346 0.000121957 -0.000257525 0.00106286 0.000275701 -0.000539548 -0.000976474 -0.0022767 -0.000470054
internal_weight=17050 1267 15783 721 10901 4882 10825 10697 1908 2974 181 472 203 10516 10470 2985 512 7485 2473 1504 407 1097
internal_count=17050 1267 15783 721 10901 4882 10825 10697 1908 2974 181 472 203 10516 10470 2985 512 7485 2473 1504 407 1097
is_linear=0
shrinkage=0.035


Tree=95
num_leaves=23
num_cat=0
split_feature=9 22 9 3 10 9 9 11 9 16 10 4 13 25 15 25 9 21 18 5 12 3
split_gain=432.212 13.6407 3.50121 2.99939 2.92909 0.848676 0.780242 0.598025 0.79544 0.705516 0.78854 1.65798 0.681136 0.557599 0.543914 0.511328 0.504267 0.584095 1.52905 0.637699 0.630454 0.535339
threshold=0.57332179065277356 34795.000000000007 0.60791925465838526 14.834983613123457 1.0564524048220496 0.69236835154341714 20.551106820578845 1.6602380777659305 7.2501034034430978 1.0000000180025095e-35 7.9102103999469362 5.172349027628159 0.22500000000000003 200.00000000000003 0.54356060606060608 248.50000000000003 2.8649045071632666 3.5000000000000004 1.0000000180025095e-35 2.647123939246129 2.0156931096332822 4.0075510609739959
decision_type=2 2 2 2 2 2 2 2 2 2 2 2 2 2 2 2 2 2 2 2 2 2
left_child=1 4 -2 5 14 -4 15 8 -7 10 12 -12 16 -13 -1 -5 -9 19 -19 20 -18 -21
right_child=2 -3 3 6 -6 7 -8 9 -10 -11 11 13 -14 -15 -16 -17 17 18 -20 21 -22 -23
leaf_value=0 -8.627043794187755e-09 0 1.5228893487300464e-07 0.028505764610485148 0 -2.4291665611549279e-06 0.079394758087985115 0.0046073632383976286 -0.027125254055068031 0.027307925855609858 -0.016396021960340956 0.093342593228676926 -0.0020948447870915402 -0.02173557359140129 0 0.011386772765694353 -0.021704603214298637 -0.0036091943176115603 0.026713219553267904 0.0078184610032916175 0.00013576739337684508 0.0043265699304731609
leaf_weight=72 77 558 133 951 61 4280 1264 816 61 322 63 56 299 89 590 911 86 1525 384 729 196 3609
leaf_count=72 77 558 133 951 61 4280 1264 816 61 322 63 56 299 89 590 911 86 1525 384 729 196 3609
internal_value=-0.00112596 -0.0206407 0.000456042 0.000494423 -0.017125 0.000252549 0.00146551 0.000220847 -0.000107915 0.000397543 0.000328306 -0.00175822 0.000388482 0.000233333 -0.0178568 0.000987949 0.000457143 0.000350322 -0.000157262 0.000563784 -0.00101219 0.00067131
internal_weight=17132 1281 15851 15774 723 12648 3126 12515 4341 8174 7852 208 7644 145 662 1862 7345 6529 1909 4620 282 4338
internal_count=17132 1281 15851 15774 723 12648 3126 12515 4341 8174 7852 208 7644 145 662 1862 7345 6529 1909 4620 282 4338
is_linear=0
shrinkage=0.035


Tree=96
num_leaves=23
num_cat=0
split_feature=9 22 9 10 5 22 9 20 20 1 9 22 9 12 11 17 6 2 15 21 20 10
split_gain=430.678 13.9816 3.67871 2.82525 2.43815 1.06982 1.04826 0.738326 0.642084 1.11242 0.785669 0.869263 1.13275 0.855758 0.758368 0.67635 0.635961 0.729651 0.620742 0.617928 2.15884 1.18029
threshold=0.57332179065277356 34795.000000000007 0.60791925465838526 1.0690449676496974 13.982558156555685 16785.000000000004 0.75614179818437999 23.500000000000004 6.5000000000000009 23.023809523809529 4.6726190476190483 52360.000000000007 7.1077571794828254 2.5451381627577256 4.28644682384214 1.0000000180025095e-35 17.961864802538603 9.0039695662631729 0.54356060606060608 3.5000000000000004 14.500000000000002 2.4102953780654808
decision_type=2 2 2 2 2 2 2 2 2 2 2 2 2 2 2 2 2 2 2 2 2 2
left_child=1 3 -2 18 6 -6 -4 16 9 -8 13 19 -13 -10 15 -14 17 -7 -1 -12 -21 -22
right_child=2 -3 4 -5 5 7 8 -9 10 -11 11 12 14 -15 -16 -17 -18 -19 -20 20 21 -23
leaf_value=0 -8.3250972613911841e-09 0 1.7765502081793628e-07 0 0.076416942251533129 -0.0072816288213822383 -0.00020432515193863566 0.05227945219792287 1.3639246460340422e-05 -0.029079477876461368 0.016611471965528812 0.017868133520135492 -0.027901043249397069 -0.003793887450762882 0.0090949909212266374 0.00026828473983466774 -0.014779272717587373 0.019634860711750048 0 0.037202700719073674 0.018647684420869465 -0.016510114787380101
leaf_weight=86 79 559 237 50 1278 216 2805 435 4945 63 3157 200 116 181 48 47 389 764 597 437 144 336
leaf_count=86 79 559 237 50 1278 216 2805 435 4945 63 3157 200 116 181 48 47 389 764 597 437 144 336
internal_value=-0.00120566 -0.0205979 0.000377283 -0.0170827 0.000417041 0.00130045 0.000201124 0.000733278 0.000155319 -0.000300905 0.000293365 0.000631403 -0.000875 0 -0.00265741 -0.00379167 0.000315866 0.000799492 -0.0177137 0.000788551 0 -0.00162371
internal_weight=17169 1292 15877 733 15798 3082 12716 1804 12479 2868 9611 4485 411 5126 211 163 1369 980 683 4074 917 480
internal_count=17169 1292 15877 733 15798 3082 12716 1804 12479 2868 9611 4485 411 5126 211 163 1369 980 683 4074 917 480
is_linear=0
shrinkage=0.035


Tree=97
num_leaves=23
num_cat=0
split_feature=9 22 10 9 9 9 9 11 5 11 12 8 22 3 1 7 8 2 22 2 9 24
split_gain=424.716 10.9242 4.37302 3.01451 2.707 0.936357 0.836514 0.597734 1.12085 0.535983 0.581429 0.783264 0.990224 0.529019 0.836306 0.497078 0.673045 0.451646 0.832884 0.614697 0.590087 0.623502
threshold=0.57332179065277356 34795.000000000007 1.0564524048220496 0.60791925465838526 20.551106820578845 0.69236835154341714 2.321297033566406 8.1598049688090466 7.9927388748624617 1.4373357526806561 1.4198477951204269 2.0607158352125703 31960.500000000004 6.9966807769941894 21.965076773329255 19.580392744506621 21.761108290698008 10.528634420224899 33201.500000000007 13.982558156555685 10.03132202993814 12965.500000000002
decision_type=2 2 2 2 2 2 2 2 2 2 2 2 2 2 2 2 2 2 2 2 2 2
left_child=1 2 -1 -2 5 -5 9 17 -9 -7 11 12 -11 14 -6 16 -15 -8 -19 -20 21 -21
right_child=3 -3 -4 4 13 6 7 8 -10 10 -12 -13 -14 15 -16 -17 -18 18 19 20 -22 -23
leaf_value=0 -7.9160645780046987e-09 0 0 1.4494799264109987e-07 0.11699900960741901 1.4891238335717587e-06 0.0018606614761003662 -0.016455776260969543 0.0027058430158157748 0.00014645392609925477 -0.00060646502971889048 -0.0051762057785800846 -0.00096679087022681393 0.068511968172137575 -0.029494457951674952 0.082456642153793738 -0.056464254361516433 0.023729171985039443 0.014168800141654178 -0.036577199388483715 -0.0012222516386878408 0.0052468069581841255
leaf_weight=666 78 542 61 130 55 2195 7492 84 264 113 658 64 61 119 49 1201 58 1920 578 60 576 58
leaf_count=666 78 542 61 130 55 2195 7492 84 264 113 658 64 61 119 49 1201 58 1920 578 60 576 58
internal_value=-0.00112515 -0.0205659 -0.0173948 0.000439879 0.000475858 0.000325993 0.000296787 0.000439839 -0.000961756 -0.00020801 -0.000928413 -0.00240535 -0.000997207 0.00189946 -0.000353211 0.00208279 0.000230769 0.000487557 0.000839694 0.000128818 -0.000555794 -0.00276016
internal_weight=17082 1269 727 15813 15735 14253 14123 11032 348 3091 896 238 174 1482 104 1378 177 10684 3192 1272 694 118
internal_count=17082 1269 727 15813 15735 14253 14123 11032 348 3091 896 238 174 1482 104 1378 177 10684 3192 1272 694 118
is_linear=0
shrinkage=0.035


Tree=98
num_leaves=23
num_cat=0
split_feature=9 22 10 9 0 9 6 10 24 1 15 11 11 20 20 17 11 10 24 21 0 8
split_gain=412.052 11.526 4.65562 3.00397 2.53527 0.878369 0.880083 1.93484 0.863008 0.679321 0.676839 0.568857 0.63985 0.359103 0.896115 0.750204 0.577679 0.44648 0.690917 0.584964 0.524251 0.428139
threshold=0.57332179065277356 34795.000000000007 1.1126972805283728 0.60791925465838526 18.049040346336252 0.69236835154341714 8.2534813770198809 8.2404345701402111 4472.0000000000009 14.999072958688698 0.53452380952380962 4.7832124016314586 4.5263933134132062 24.500000000000004 11.500000000000002 1.0000000180025095e-35 2.0003853989113245 7.4610097618664657 9349.5000000000018 3.5000000000000004 14.999072958688698 7.501658163265307
decision_type=2 2 2 2 2 2 2 2 2 2 2 2 2 2 2 2 2 2 2 2 2 2
left_child=1 2 10 -2 5 -5 7 -7 -6 -9 -1 12 -10 14 -8 17 -15 18 19 -16 -19 -17
right_child=3 -3 -4 4 8 6 13 9 11 -11 -12 -13 -14 16 15 21 -18 20 -20 -21 -22 -23
leaf_value=0 -7.7398488278081991e-09 0 0 1.3747075795574157e-07 0.078218746947087206 8.314055666416523e-06 0.018385246254719344 -0.015218147034515966 0.0093751297877798286 -0.012793650529342645 0 0.028478608420047669 -0.023987631870096969 -0.0080085026243832229 -0.010131698919996998 -0.013919158106135561 0.030062698930058768 0.038071058859301669 0.00098886607453316298 -0.033751383420730773 -0.03248682172649394 0.023327265524750444
leaf_weight=46 72 541 45 136 1088 10310 1287 49 225 48 643 657 59 45 234 49 689 82 269 128 69 322
leaf_count=46 72 541 45 136 1088 10310 1287 49 225 48 643 657 59 45 234 49 689 82 269 128 69 322
internal_value=-0.00116107 -0.0202617 -0.0170548 0.000383335 0.000417974 0.000245373 0.000215369 5.7818e-05 0.00157276 -0.00473529 -0.0177824 0.000762157 -0.00049654 0.000725543 0.00050818 -0.000187392 0.0014161 -0.00081385 -0.0012327 -0.00222207 0.000807692 0.00107979
internal_weight=17093 1275 734 15818 15746 13717 13581 10407 2029 97 689 941 284 3174 2440 1153 734 782 631 362 151 371
internal_count=17093 1275 734 15818 15746 13717 13581 10407 2029 97 689 941 284 3174 2440 1153 734 782 631 362 151 371
is_linear=0
shrinkage=0.035


Tree=99
num_leaves=23
num_cat=0
split_feature=9 23 9 10 3 1 20 9 20 20 20 10 11 20 20 12 3 10 6 12 9 24
split_gain=424.381 12.1993 3.88179 3.44278 2.64358 1.25566 1.15004 0.970822 0.880032 1.50357 0.630697 0.717002 0.667592 0.867662 0.763959 0.711779 0.984899 1.40621 1.09008 0.710463 0.999912 0.630401
threshold=0.57332179065277356 40250.000000000007 0.60791925465838526 1.0564524048220496 13.982558156555685 23.023809523809529 5.5000000000000009 0.69236835154341714 22.500000000000004 13.500000000000002 25.500000000000004 0.75592894601845484 8.025542996937256 9.5000000000000018 12.500000000000002 3.7301431392663469 8.5123750921691315 2.8192531688954712 8.9846950015344529 4.13780248361999 8.3591333284590785 4685.0000000000009
decision_type=2 2 2 2 2 2 2 2 2 2 2 2 2 2 2 2 2 2 2 2 2 2
left_child=1 3 -2 -1 5 7 -7 -4 9 21 12 -12 14 -14 15 16 -9 -18 -19 20 -16 -6
right_child=2 -3 4 -5 8 6 -8 10 -10 -11 11 -13 13 -15 19 -17 17 18 -20 -21 -22 -23
leaf_value=0 -7.4857618680026407e-09 0 1.2811597969149092e-07 0 0.064310789935179649 -0.034130784617790309 -0.006178901783118025 6.2782859313462627e-05 0.070418764245456622 -0.0011301706101362759 -0.001201337003986756 0.0048144453843990123 -0.006931306253879747 0.00021393693358616656 -0.0002890339093260704 0.010458135121363966 0.012137350453513277 -0.0073318338689657659 -0.043043312400789895 -0.011181815500144011 0.014530114796310074 0.024390564798152922
leaf_weight=669 81 562 140 65 724 67 106 3886 820 1083 94 1865 52 79 3585 844 192 137 83 554 522 899
leaf_count=669 81 562 140 65 724 67 106 3886 820 1083 94 1865 52 79 3585 844 192 137 83 554 522 899
internal_value=-0.00125488 -0.02047 0.00032482 -0.0171495 0.000366302 0.00012067 -0.00279213 0.000165144 0.00121028 0.000892106 0.000128845 0.000702139 1.37339e-05 -0.00241912 4.92456e-05 0.000344764 0.000156984 -0.00145204 -0.00334444 -0.000273039 -0.000108949 0.00156511
internal_weight=17109 1296 15813 734 15732 12206 173 12033 3526 2706 11893 1959 9934 131 9803 5142 4298 412 220 4661 4107 1623
internal_count=17109 1296 15813 734 15732 12206 173 12033 3526 2706 11893 1959 9934 131 9803 5142 4298 412 220 4661 4107 1623
is_linear=0
shrinkage=0.035


Tree=100
num_leaves=23
num_cat=0
split_feature=9 22 15 9 3 1 1 9 25 14 20 9 20 20 21 1 22 8 24 21 21 6
split_gain=416.902 11.5102 3.9415 3.80816 2.90092 1.05861 1.0145 0.883394 0.872994 0.748744 1.27295 0.58048 0.486698 0.544209 0.681094 0.690439 0.464829 0.598654 0.446151 0.407887 0.469202 0.577017
threshold=0.57332179065277356 34795.000000000007 0.54356060606060608 0.60791925465838526 13.714261283220216 23.023809523809529 27.944847149584415 0.69236835154341714 455.50000000000006 0.48076923076923084 23.500000000000004 19.456489997302601 24.500000000000004 13.500000000000002 3.5000000000000004 12.996151141142256 52360.000000000007 8.0955073894160083 5252.0000000000009 1.5000000000000002 4.5000000000000009 20.696428571428573
decision_type=2 2 2 2 2 2 2 2 2 2 2 2 2 2 2 2 2 2 2 2 2 2
left_child=1 2 -1 -2 5 7 -7 -5 12 11 -11 16 13 18 -15 -16 -9 -18 -6 -20 -21 -22
right_child=3 -3 -4 4 8 6 -8 9 -10 10 -12 -13 -14 14 15 -17 17 -19 19 20 21 -23
leaf_value=0 -7.0520741598993234e-09 0 0 1.3118028967487335e-07 0.070142654819432063 -0.030888212658753456 0.005270589168445073 7.7223852106939874e-05 -0.001197160925701146 6.741548402570669e-08 -0.00017059259695580942 0.071361717054883117 0.088238473104306617 0.028344867643686787 -0.043476238109571068 0.0075977283320892344 -5.0025948852383542e-05 -0.017449918622683771 -0.013507667132854105 0.040355593704494742 0.050491821117296207 -0.040983728320401445
leaf_weight=89 82 540 626 130 708 95 87 10595 546 102 51 175 522 752 82 242 882 143 77 465 73 45
leaf_count=89 82 540 626 130 708 95 87 10595 546 102 51 175 522 752 82 242 882 143 77 465 73 45
internal_value=-0.0012058 -0.0205833 -0.0173056 0.000333029 0.000374247 0.000118427 -0.0024893 0.000160184 0.00126088 0.000126788 -0.00225949 0.00016017 0.00149731 0.00127052 0.000650786 -0.000648936 0.000127957 -0.00057767 0.00174108 0.00102632 0.00135714 -0.00048374
internal_weight=17109 1255 715 15854 15772 12260 182 12078 3512 11948 153 11795 2966 2444 1076 324 11620 1025 1368 660 583 118
internal_count=17109 1255 715 15854 15772 12260 182 12078 3512 11948 153 11795 2966 2444 1076 324 11620 1025 1368 660 583 118
is_linear=0
shrinkage=0.035


Tree=101
num_leaves=23
num_cat=0
split_feature=9 22 10 9 5 15 9 12 16 8 9 8 10 9 6 21 18 12 17 1 5 9
split_gain=428.867 13.6696 3.43389 3.16027 2.3102 1.39151 0.952345 0.987636 1.50956 0.997101 0.895478 0.691466 0.642725 0.658368 0.621613 0.748272 1.76562 1.07899 1.3109 0.735919 0.852586 0.695431
threshold=0.57332179065277356 34795.000000000007 1.0564524048220496 0.60791925465838526 13.982558156555685 0.53452380952380962 0.69236835154341714 1.1252098250536189 1.0000000180025095e-35 1.5736338395007128 24.339285714285719 1.7859246489067384 0.70711369680452518 1.4655513469079844 16.940434238785283 3.5000000000000004 1.0000000180025095e-35 4.3498074685151975 1.0000000180025095e-35 0.97613398113309346 0.85977426310473903 15.672619047619049
decision_type=2 2 2 2 2 2 2 2 2 2 2 2 2 2 2 2 2 2 2 2 2 2
left_child=1 2 5 -2 6 -1 -5 8 9 12 -6 -11 -8 -14 15 -9 17 19 21 -17 -21 -19
right_child=3 -3 -4 4 10 -7 7 14 -10 11 -12 -13 13 -15 -16 16 -18 18 -20 20 -22 -23
leaf_value=0 -6.8256678444801239e-09 0 0 1.1904061026366819e-07 0.023221650558742993 0 4.4843602300934514e-05 0.0004632137688807719 -0.0016527843331156833 -0.00064948883143217174 0.12718003646722395 -0.0024139396821519781 -7.4932275629728742e-07 -0.00084785723969104374 0.020646561433227777 0.0087147438745505054 0.01293383232206714 -0.022999027616886526 0.018205118642706925 -0.0048023666548642329 -0.0013418963758249863 0.0042413081144218332
leaf_weight=45 80 558 59 138 2679 655 172 8089 46 86 418 168 543 50 463 148 549 176 79 109 1892 47
leaf_count=45 80 558 59 138 2679 655 172 8089 46 86 418 168 543 50 463 148 549 176 79 109 1892 47
internal_value=-0.00125078 -0.020407 -0.0170236 0.000337548 0.000374567 -0.0177482 0.000164577 0.000130883 -0.000883177 -0.000567383 0.00123211 -0.00244595 4.54547e-05 -0.000479933 0.000226227 0.000171624 -0.000297005 -0.00070399 -0.00265635 -0.00041597 -0.000600199 -0.00402193
internal_weight=17249 1317 759 15932 15852 700 12755 12617 1065 1019 3097 254 765 593 11552 11089 3000 2451 302 2149 2001 223
internal_count=17249 1317 759 15932 15852 700 12755 12617 1065 1019 3097 254 765 593 11552 11089 3000 2451 302 2149 2001 223
is_linear=0
shrinkage=0.035


Tree=102
num_leaves=23
num_cat=0
split_feature=9 22 9 7 11 20 12 9 14 20 9 24 20 0 21 20 20 20 21 1 20 20
split_gain=423.496 12.3529 3.11615 2.68118 0.936009 1.77167 1.00891 0.892055 0.986758 1.82083 0.736234 0.731207 0.663081 0.661043 0.891895 1.93476 1.32683 1.29406 0.919752 0.909659 0.818308 0.778686
threshold=0.57332179065277356 34795.000000000007 0.60791925465838526 19.580392744506621 8.5871128860910755 9.5000000000000018 7.6109599464759841 0.69236835154341714 0.42261904761904767 25.500000000000004 0.53708791208791218 4685.0000000000009 9.5000000000000018 2.37594586696614 3.5000000000000004 13.500000000000002 22.500000000000004 6.5000000000000009 4.5000000000000009 23.023809523809529 2.5000000000000004 8.5000000000000018
decision_type=2 2 2 2 2 2 2 2 2 2 2 2 2 2 2 2 2 2 2 2 2 2
left_child=1 10 -2 4 6 -6 7 -4 13 12 -1 -5 -10 -9 16 17 19 20 -19 -15 -16 -20
right_child=2 -3 3 11 5 -7 -8 8 9 -11 -12 -13 -14 14 15 -17 -18 18 21 -21 -22 -23
leaf_value=0 -6.5867694699233198e-09 0 1.224225581770244e-07 0.072225625675552463 -0.014170654157910269 -0.00052720432458730113 0.076411340991201906 -0.00010374633588796777 -0.00012660785929266612 -0.00020177130523987345 0 0.015183826690247001 7.8478525551473488e-06 0.0017580136042712297 0.002625664574203906 -0.0080949788805130471 0.017001870942891708 0.033951982624197283 0.0099357128386641739 -0.027840802680541586 -0.0057130408103522401 -0.028078792906401556
leaf_weight=638 80 563 131 1181 53 145 216 3835 69 57 87 632 154 4712 311 1123 1863 509 138 69 535 76
leaf_count=638 80 563 131 1181 53 145 216 3835 69 57 87 632 154 4712 311 1123 1863 509 138 69 535 76
internal_value=-0.00127476 -0.0205371 0.000291557 0.000328443 0.000162739 -0.00218965 0.000198544 0.000158939 0.000129013 -0.00190351 -0.0171644 0.00159406 -0.000337719 0.000174256 0.000333851 -0.000198554 0.000552188 0.00058704 0.00167308 0.000238404 -0.000324912 -0.000175799
internal_weight=17177 1288 15889 15809 13996 198 13798 13582 13451 280 725 1813 223 13171 9336 2692 6644 1569 723 4781 846 214
internal_count=17177 1288 15889 15809 13996 198 13798 13582 13451 280 725 1813 223 13171 9336 2692 6644 1569 723 4781 846 214
is_linear=0
shrinkage=0.035


Tree=103
num_leaves=23
num_cat=0
split_feature=15 22 15 12 10 2 20 27 22 1 8 11 24 2 2 12 4 12 12 8 20 11
split_gain=399.675 13.8751 6.44132 8.97163 4.25631 2.25659 1.44905 1.2994 1.24446 0.694556 1.78816 0.874561 0.640997 0.838701 0.785263 0.669081 0.574196 0.55304 0.484539 1.09174 1.34558 1.01996
threshold=0.54356060606060608 34795.000000000007 0.49000000000000005 0.67014369125706297 0.97590007294853509 10.528634420224899 24.500000000000004 3.5000000000000004 31797.000000000004 23.023809523809529 21.943452380952383 7.2809816439689881 9795.0000000000018 11.852133989485408 17.903471131289511 8.3598805184905292 6.006203158824877 8.7798997480632703 1.1252098250536189 1.5566579892850401 25.500000000000004 0.85492966673622606
decision_type=2 2 2 2 2 2 2 2 2 2 2 2 2 2 2 2 2 2 2 2 2 2
left_child=2 4 5 -4 -2 17 8 -5 9 -7 11 -11 13 -10 -15 -14 -8 18 19 20 -1 -22
right_child=1 -3 3 7 -6 6 16 -9 12 10 -12 -13 15 14 -16 -17 -18 -19 -20 -21 21 -23
leaf_value=2.6375585994636648e-06 0 0 0 8.0480134602145081e-08 0 0.028086240405792363 -0.0044846899431538476 -1.209885894374764e-08 0.022715358670857836 -0.017531613814367408 0.048705391426775747 -0.055428576666934036 0.013947299443437238 -0.024204866125772429 0.021225312614571574 -0.012163146474314298 0.061310623302953358 -0.0075057713861535662 9.0512575162658782e-05 -0.0014684677781218721 3.1301354124383002e-06 -0.00082178415908815074
leaf_weight=676 634 532 59 101 69 1792 58 77 73 151 401 52 1102 236 55 102 873 50 9589 286 51 80
leaf_count=676 634 532 59 101 69 1792 58 77 73 151 401 52 1102 236 55 102 873 50 9589 286 51 80
internal_value=-0.00129858 -0.0204355 0.000196074 -0.00546694 -0.0168672 0.000284801 0.000907143 -0.00128142 0.000607584 0.00110933 5.17243e-05 -0.00255769 -0.000149078 -0.00143225 -0.00229392 0.000228702 0.00215385 0 1.86677e-05 -0.000675774 0 -0.00319118
internal_weight=17099 1235 15864 237 703 15627 4895 178 3964 2396 604 203 1568 364 291 1204 931 10732 10682 1093 807 131
internal_count=17099 1235 15864 237 703 15627 4895 178 3964 2396 604 203 1568 364 291 1204 931 10732 10682 1093 807 131
is_linear=0
shrinkage=0.035


Tree=104
num_leaves=23
num_cat=0
split_feature=9 22 9 9 15 20 9 15 20 5 4 16 15 20 15 2 21 7 22 2 9 12
split_gain=424.999 11.9055 2.67909 2.3415 1.33306 1.14917 0.832367 0.874863 0.692884 0.721331 0.667102 0.628487 0.620677 0.582238 1.11061 0.781148 0.552133 0.575784 0.538932 0.598613 0.530011 1.11856
threshold=0.57332179065277356 34795.000000000007 0.60791925465838526 16.752241043269517 0.54356060606060608 23.500000000000004 0.69236835154341714 0.10912698412698414 13.500000000000002 25.102403528914756 15.950345293025352 1.0000000180025095e-35 0.12771739130434787 28.500000000000004 0.17752100840336138 1.0833947985161962 4.5000000000000009 2.1995628082941741 16785.000000000004 30.236721569975128 23.787301587301592 6.5858494204307316
decision_type=2 2 2 2 2 2 2 2 2 2 2 2 2 2 2 2 2 2 2 2 2 2
left_child=1 4 -2 6 -1 8 -4 11 18 10 -10 -8 -9 16 -15 -16 -14 -18 -5 -20 21 -12
right_child=2 -3 3 5 -6 -7 7 12 9 -11 20 -13 13 14 15 -17 17 -19 19 -21 -22 -23
leaf_value=0 -6.0840422580271843e-09 0 1.0870476416708414e-07 0.061384092140791748 0 0.094926435083293334 0.00081431344784455701 -0.0058327979405670589 0.022224063566044994 0.069035797250999648 0.00042269040719641822 0.030139781385718347 -1.4188042276785553e-05 0.021822387245861448 -0.0021190188704178292 -0.00029739887543336977 -0.000857763101400548 0.012027314034115702 0.027400448038573021 -0.017650669399609333 0.018422807134183764 -0.053134218153314546
leaf_weight=86 81 558 139 721 655 627 9603 62 187 197 209 346 2361 46 80 65 129 48 571 66 116 206
leaf_count=86 81 558 139 721 655 627 9603 62 187 197 209 346 2361 46 80 65 129 48 571 66 116 206
internal_value=-0.00128793 -0.0204954 0.000290104 0.000324633 -0.0172373 0.00122289 0.000120615 8.92508e-05 0.000841967 7.60871e-05 -0.000421162 0.000244023 -0.000455651 -0.00036613 -0.00221429 -0.00373333 -0.000216083 -0.00207692 0.00134299 0.000556075 -0.0010709 -0.00166667
internal_weight=17159 1299 15860 15779 741 2900 12879 12740 2273 915 718 9949 2791 2729 191 145 2538 177 1358 637 531 415
internal_count=17159 1299 15860 15779 741 2900 12879 12740 2273 915 718 9949 2791 2729 191 145 2538 177 1358 637 531 415
is_linear=0
shrinkage=0.035


Tree=105
num_leaves=23
num_cat=0
split_feature=9 22 9 15 9 3 20 2 9 20 21 6 20 11 20 3 11 9 8 9 1 9
split_gain=429.824 10.5211 3.63563 3.09626 2.20201 0.821841 1.666 1.45305 0.8049 0.768737 1.12728 1.05437 0.879906 0.567595 0.508474 0.737786 0.478263 0.448872 0.673417 1.09769 0.912072 0.916873
threshold=0.57332179065277356 34795.000000000007 0.60791925465838526 0.54356060606060608 22.982142857142861 9.9759097374375028 25.500000000000004 22.052447947677845 0.69236835154341714 12.500000000000002 3.5000000000000004 6.1466474533550786 22.500000000000004 7.2809816439689881 22.500000000000004 15.950345293025352 6.5601611445048018 2.321297033566406 3.2811628092404379 4.6726190476190483 3.0003581617680068 3.0003052311965184
decision_type=2 2 2 2 2 2 2 2 2 2 2 2 2 2 2 2 2 2 2 2 2 2
left_child=1 3 -2 -1 5 7 9 8 -4 -7 12 -12 13 -11 15 -13 -17 -10 -19 20 -20 -22
right_child=2 -3 4 -5 -6 6 -8 -9 17 10 11 14 -14 -15 -16 16 -18 18 19 -21 21 -23
leaf_value=0 -5.9454323372403215e-09 0 1.0704703508812418e-07 0 0.077699909450066426 0.014240797729223209 0.046425066853937949 -0.025232577887421882 -5.5487578262076439e-05 0.0016897586641366729 -0.031588090907535116 0.014195325781397776 0.042102372078508622 -0.020946015015876639 -0.046562580570048757 -0.02564594312247051 0.0094221296097833657 0.0031033188922071015 0.00015364932766553243 0.0031594152023152484 0.0047538358554897473 -0.0077014629332668181
leaf_weight=84 79 538 137 646 849 1908 694 66 3065 868 69 135 303 169 84 86 102 2397 562 3648 51 527
leaf_count=84 79 538 137 646 849 1908 694 66 3065 868 69 135 303 169 84 86 102 2397 562 3648 51 527
internal_value=-0.00123992 -0.0208048 0.000335295 -0.0176905 0.00037504 0.000274335 0.000674994 0.000103079 0.000138761 0.000374497 -0.000132619 -0.00159355 0.000377324 -9.40498e-05 -0.000832524 -0.000128049 -0.00157772 0.000100683 0.000253129 9.49314e-06 -0.000932314 -0.00190309
internal_weight=17067 1268 15799 730 15720 14871 4418 10453 10387 3724 1816 476 1340 1037 407 323 188 10250 7185 4788 1140 578
internal_count=17067 1268 15799 730 15720 14871 4418 10453 10387 3724 1816 476 1340 1037 407 323 188 10250 7185 4788 1140 578
is_linear=0
shrinkage=0.035


Tree=106
num_leaves=23
num_cat=0
split_feature=9 22 9 10 5 20 20 9 11 24 20 3 5 12 4 9 4 7 1 21 21 20
split_gain=414.234 12.9722 3.07987 2.77566 2.38693 0.914741 1.01612 0.797341 0.686793 1.07684 1.04698 0.722682 0.649348 0.799596 0.560771 1.14345 0.543575 0.453355 0.497347 0.447078 0.445865 0.429608
threshold=0.57332179065277356 34795.000000000007 0.60791925465838526 1.0690449676496974 14.21202134598583 23.500000000000004 13.500000000000002 0.69236835154341714 8.5871128860910755 4685.0000000000009 10.500000000000002 13.982558156555685 25.102403528914756 6.3030390952350634 18.955902356631452 22.982142857142861 24.170466578992038 23.673992673992679 23.023809523809529 4.5000000000000009 1.5000000000000002 14.500000000000002
decision_type=2 2 2 2 2 2 2 2 2 2 2 2 2 2 2 2 2 2 2 2 2 2
left_child=1 3 -2 -1 7 6 17 -4 11 -10 -11 -9 13 -8 -15 -16 20 18 19 -6 -13 -22
right_child=2 -3 4 -5 5 -7 12 8 9 10 -12 16 -14 14 15 -17 -18 -19 -20 -21 21 -23
leaf_value=0 -5.6630106471928212e-09 0 1.1058645566689625e-07 0 0.044086777511131603 0.074952857798902206 0.0029449722951435378 5.5080352344357664e-06 0.024185249329009742 -0.020336685071358798 -0.0010823239231550982 0.037075584375626532 0.036976673238209426 0.0004429657988508182 -0.090393938774278301 -0.017656760343517257 -0.016174632477480893 0.090970655471203282 -0.01048496931260969 -7.8457140364062927e-05 0.03411583864010171 -0.0060653670693215506
leaf_weight=687 80 546 133 50 514 689 373 11365 124 52 81 359 215 111 83 103 92 346 154 175 446 337
leaf_count=687 80 546 133 50 514 689 373 11365 124 52 81 359 215 111 83 103 92 346 154 175 446 337
internal_value=-0.00129819 -0.0203859 0.000253489 -0.0170189 0.000290316 0.00122399 0.000840067 8.99647e-05 6.01432e-05 -0.00170992 -0.00385507 9.83023e-05 -3.93257e-05 -0.000596296 -0.00194702 -0.00309686 0.00090113 0.0015067 0.00102359 0.00143228 0.00111988 0.000612944
internal_weight=17115 1283 15832 737 15752 2763 2074 12989 12856 257 133 12599 885 670 297 186 1234 1189 843 689 1142 783
internal_count=17115 1283 15832 737 15752 2763 2074 12989 12856 257 133 12599 885 670 297 186 1234 1189 843 689 1142 783
is_linear=0
shrinkage=0.035


Tree=107
num_leaves=23
num_cat=0
split_feature=15 22 12 15 10 0 12 6 11 20 7 20 20 2 10 20 21 24 20 0 5 12
split_gain=397.089 14.2588 6.5952 7.78089 6.13324 2.41192 2.33893 0.89181 1.90588 1.17614 0.645921 0.614693 1.02775 0.78557 0.941099 0.654433 0.615679 0.981173 0.749068 0.857844 0.537062 0.920619
threshold=0.54356060606060608 34795.000000000007 0.81652188061227371 0.49000000000000005 0.97590007294853509 18.049040346336252 0.67014369125706297 10.000130448439306 8.1598049688090466 9.5000000000000018 11.428755246468436 13.500000000000002 14.500000000000002 2.9852237017189558 4.30646622650141 8.5000000000000018 1.5000000000000002 9795.0000000000018 4.5000000000000009 1.9999246801866812 0.85977426310473903 1.1564175661505616
decision_type=2 2 2 2 2 2 2 2 2 2 2 2 2 2 2 2 2 2 2 2 2 2
left_child=2 4 3 -1 -2 7 -5 8 11 -10 -7 15 13 -13 -15 16 17 18 19 -4 21 -14
right_child=1 -3 5 6 -6 10 -8 -9 9 -11 -12 12 20 14 -16 -17 -18 -19 -20 -21 -22 -23
leaf_value=-5.5048234278903113e-05 0 0 0.00036121596856170953 0 0 -0.018305030804505126 -8.5261668990214801e-09 0.011485555501432205 -0.019624901076767141 -0.0029397710393390072 0.040037458817030011 2.0572636879944116e-05 1.5783857951050101e-07 -0.014740395390072955 0.0076193226137293343 0.0017705134273229557 3.7854501055469915e-05 0.024497515187204933 -6.2113311870131899e-05 -0.01411529892702529 1.3525921594897891e-07 -0.002224266002728677
leaf_weight=221 621 541 45 59 67 50 54 2344 62 71 1941 114 138 201 49 1723 2620 167 300 267 5245 239
leaf_count=221 621 541 45 59 67 50 54 2344 62 71 1941 114 138 201 49 1723 2620 167 300 267 5245 239
internal_value=-0.00131189 -0.0204384 0.000170437 -0.00465634 -0.0167525 0.000276523 -0.0119237 0.000108168 -1.99181e-05 -0.0041087 0.00141333 2.92902e-05 -0.000209731 -0.00200135 -0.00308824 0.000311976 2.4677e-05 -0.000830357 -0.0014919 -0.00268297 -8.8946e-05 -0.00135602
internal_weight=17139 1229 15910 334 688 15576 113 13585 11241 133 1991 11108 5986 364 250 5122 3399 779 612 312 5622 377
internal_count=17139 1229 15910 334 688 15576 113 13585 11241 133 1991 11108 5986 364 250 5122 3399 779 612 312 5622 377
is_linear=0
shrinkage=0.035


Tree=108
num_leaves=23
num_cat=0
split_feature=15 22 15 10 11 0 24 6 20 1 25 1 11 5 22 21 18 11 6 11 7 6
split_gain=385.419 15.5177 7.42473 4.92252 2.86702 2.3677 0.766419 0.733767 0.577649 0.566665 1.23352 0.730129 0.65349 0.956369 0.58448 0.612322 0.734084 0.931145 0.940396 0.918319 0.796247 0.722979
threshold=0.54356060606060608 34795.000000000007 0.49000000000000005 0.96921583719686422 0.75435079936376792 19.010370193622947 4472.0000000000009 22.052447947677845 7.5000000000000009 21.965076773329255 421.00000000000006 18.955902356631452 8.5871128860910755 14.999072958688698 52360.000000000007 3.5000000000000004 1.0000000180025095e-35 3.1238184579520238 6.006203158824877 1.3008872711759827 6.9974489795918382 12.035714285714286
decision_type=2 2 2 2 2 2 2 2 2 2 2 2 2 2 2 2 2 2 2 2 2 2
left_child=2 3 5 -2 -4 7 -7 9 -6 11 -11 12 14 -14 15 21 17 -17 20 -18 -19 -1
right_child=1 -3 4 -5 8 6 -8 -9 -10 10 -12 -13 13 -15 -16 16 19 18 -20 -21 -22 -23
leaf_value=1.4782932618577829e-05 0 0 0 0 8.9418562949659513e-08 0.057276068174433377 0.013625105375449085 0.039161748802256896 -5.1160087681064806e-05 0.0062876848563899407 -0.030651620956286558 0.03995651670176472 -0.013199323602214095 0.029452946996358826 -0.00020352376826124043 -0.00019944437764745515 -0.0012475855557959122 -0.00013122929490945874 -0.0056709723769072656 0.0088187454716909634 -0.026472453727551217 0.028831325538136048
leaf_weight=7577 632 536 101 78 50 996 798 423 88 229 149 332 91 85 1087 1856 75 58 651 503 144 638
leaf_count=7577 632 536 101 78 50 996 798 423 88 229 149 332 91 85 1087 1856 75 58 651 503 144 638
internal_value=-0.00137865 -0.0200851 8.91693e-05 -0.0163741 -0.00596721 0.000184398 0.00137938 2.84472e-05 -0.00237413 -1.55785e-05 -0.00134334 2.19052e-05 -1.91855e-05 -0.00210773 9.44907e-06 8.42532e-05 -0.000316829 -0.00056227 -0.00151748 0.000798456 -0.00360145 0.000246959
internal_weight=17177 1246 15931 710 239 15692 1794 13898 138 13475 378 13097 12765 176 12589 11502 3287 2709 853 578 202 8215
internal_count=17177 1246 15931 710 239 15692 1794 13898 138 13475 378 13097 12765 176 12589 11502 3287 2709 853 578 202 8215
is_linear=0
shrinkage=0.035


Tree=109
num_leaves=23
num_cat=0
split_feature=9 22 10 5 15 9 9 9 12 0 15 9 18 7 5 21 11 7 1 7 10 10
split_gain=391.633 13.0987 4.24751 2.38949 1.33988 1.25711 1.08875 0.522406 0.518038 1.15901 0.796307 0.543998 0.580476 0.517538 0.488205 0.595452 0.467974 0.482581 1.01463 0.460707 1.11241 0.447199
threshold=0.57332179065277356 34795.000000000007 1.0564524048220496 11.623984965733095 0.54356060606060608 0.60791925465838526 23.787301587301592 0.65267186346043349 1.1252098250536189 2.6090985782424796 0.24500000000000002 1.394122775479413 1.0000000180025095e-35 0.86989795918367363 25.102403528914756 3.5000000000000004 9.0838636918657567 20.007492563953981 23.023809523809529 21.718501396931643 5.2956093184880517 4.5408201482824371
decision_type=2 2 2 2 2 2 2 2 2 2 2 2 2 2 2 2 2 2 2 2 2 2
left_child=1 2 4 5 -1 -2 14 -7 9 11 -11 12 -9 -10 15 16 17 18 -5 20 21 -17
right_child=3 -3 -4 6 -6 7 -8 8 13 10 -12 -13 -14 -15 -16 19 -18 -19 -20 -21 -22 -23
leaf_value=0 -2.6460179580270489e-09 0 0 0.017096623494464926 0 1.6547937610399146e-07 0.097774690393910235 1.8522915231778865e-06 -0.00012394384121795502 -0.00070239033471562967 -0.00087708732351126088 -0.00073356742229452017 -0.00011221532418398826 9.7744217066165286e-05 0.043748294574042716 -0.00062381029217736892 -0.018348484097205322 0.060845138963547846 -0.028111585499591387 -0.013201615494697724 0.048292919396834312 -0.017862477979545578
leaf_weight=81 81 530 61 1291 586 66 535 625 103 129 53 274 70 10681 376 457 107 359 100 193 242 104
leaf_count=81 81 530 61 1291 586 66 535 625 103 129 53 274 70 10681 376 457 107 359 100 193 242 104
internal_value=-0.00127059 -0.0200273 -0.0166501 0.000223235 -0.0174896 -1.53469e-05 0.000992704 1.34101e-05 -2.93119e-06 -0.000708477 -0.00323797 -0.000201232 0.0003 7.10447e-05 0.00074026 0.000573128 0.000943609 0.00108689 0.000767192 -0.000101398 0.000251238 -0.000581272
internal_weight=17104 1258 728 15846 667 12082 3764 12001 11935 1151 182 969 695 10784 3229 2853 1857 1750 1391 996 803 561
internal_count=17104 1258 728 15846 667 12082 3764 12001 11935 1151 182 969 695 10784 3229 2853 1857 1750 1391 996 803 561
is_linear=0
shrinkage=0.035


Tree=110
num_leaves=23
num_cat=0
split_feature=14 12 22 12 14 3 25 20 11 20 2 7 20 21 12 14 20 20 21 6 10 24
split_gain=353.513 24.854 11.8684 10.6167 6.17023 2.09046 1.80113 1.2017 0.80024 0.765134 0.71557 0.812822 0.702781 0.800545 0.695883 0.632944 0.931149 0.829077 0.599604 1.34543 1.61385 0.596497
threshold=0.52272727272727282 0.81652188061227371 34795.000000000007 0.77431177036664367 0.42261904761904767 13.013525075797139 195.50000000000003 24.500000000000004 0.74351561001688371 17.500000000000004 28.125319265124826 20.007492563953981 13.500000000000002 3.5000000000000004 0.8546718367736591 0.40833333333333338 24.500000000000004 13.500000000000002 4.5000000000000009 20.696428571428573 5.186980037050648 4685.0000000000009
decision_type=2 2 2 2 2 2 2 2 2 2 2 2 2 2 2 2 2 2 2 2 2 2
left_child=3 2 8 4 -1 10 14 12 -2 -6 11 15 18 -14 -3 -5 17 -17 21 -20 -21 -7
right_child=1 6 -4 5 9 7 -8 -9 -10 -11 -12 -13 13 -15 -16 16 -18 -19 19 20 -22 -23
leaf_value=-4.3520584175883038e-05 0 -2.5534073294961019e-09 0 1.3805393694210027e-05 0 0.052040131063588485 0 0.06724492074138573 0 0 -0.020018880008852585 0.090449374532674418 0.01362913073986402 -0.012884132712121021 0 -3.1916471442987097e-05 -0.00020825488086027264 1.7873827082453283e-06 0.032736385237003479 -0.050901198100748939 0.012455704178377698 0.02157384875152599
leaf_weight=153 436 45 530 11494 107 583 68 617 140 45 85 130 886 401 56 125 69 120 153 54 88 749
leaf_count=153 436 45 530 11494 107 583 68 617 140 45 85 130 886 401 56 125 69 120 153 54 88 749
internal_value=-0.0013378 -0.0190312 -0.0209464 8.91328e-05 -0.00632258 0.000217977 -0.00615517 0.000966063 -0.0170422 -0.0112134 -5.81845e-07 2.13934e-05 0.000658273 3.25079e-05 -0.00904717 -7.99953e-06 -0.00154702 -0.00042 0.00114093 -0.000233333 -0.00269048 0.00145812
internal_weight=17134 1275 1106 15859 305 15554 169 3531 576 152 12023 11938 2914 1287 101 11808 314 245 1627 295 142 1332
internal_count=17134 1275 1106 15859 305 15554 169 3531 576 152 12023 11938 2914 1287 101 11808 314 245 1627 295 142 1332
is_linear=0
shrinkage=0.035


Tree=111
num_leaves=23
num_cat=0
split_feature=9 23 9 3 10 20 20 20 25 15 20 20 20 1 21 21 7 20 3 18 9 20
split_gain=391.796 11.4834 4.34717 1.86624 1.75811 0.854992 0.834836 0.921965 0.758792 0.669688 0.586248 0.762242 1.01437 1.00015 0.747958 0.736611 1.23452 0.980616 0.793579 0.730446 0.679593 0.676104
threshold=0.53708791208791218 40250.000000000007 0.57332179065277356 14.999072958688698 0.96921583719686422 22.500000000000004 13.500000000000002 15.500000000000002 224.50000000000003 0.10263157894736843 23.500000000000004 12.500000000000002 6.5000000000000009 23.023809523809529 4.5000000000000009 3.5000000000000004 3.2395761604798015 21.500000000000004 1.9815188507814125 1.0000000180025095e-35 11.641281512605044 2.5000000000000004
decision_type=2 2 2 2 2 2 2 2 2 2 2 2 2 2 2 2 2 2 2 2 2 2
left_child=1 4 -2 9 -1 6 -5 8 -8 10 11 12 13 21 -14 18 -17 -18 -13 -16 -19 -4
right_child=2 -3 3 5 -6 -7 7 -9 -10 -11 -12 15 14 -15 19 16 17 20 -20 -21 -22 -23
leaf_value=0 0 0 0.0025667550887793237 0.028327921609861386 0 0.056914347971564673 0.00039703967812403193 0.007622251209243606 -0.054610431437777121 -5.304669229673143e-05 0.0052586270872585737 -0.0056246565568078026 0.0083357361277616726 -0.031577910524151528 0.0063485742316038707 0.0031079719613962536 -0.005995260253067158 -0.016093648030953801 0.00030477076945919509 -0.027158714708057585 -0.060922180478997286 -0.0023970095339280236
leaf_weight=597 93 542 791 1439 50 721 99 778 103 3597 2069 167 1643 80 122 161 428 73 2085 72 45 1394
leaf_count=597 93 542 791 1439 50 721 99 778 103 3597 2069 167 1643 80 122 161 428 73 2085 72 45 1394
internal_value=-0.0013152 -0.0206541 0.000130442 0.000176852 -0.0171135 0.000940382 0.000612211 -0.000159898 -0.00224879 -1.0446e-05 0.00014751 -1.98119e-06 0.000304237 -0.000185022 0.000915852 -0.000432186 -0.00141573 -0.00221688 -0.000113203 -0.00107286 -0.00503659 -3.19633e-05
internal_weight=17149 1189 15960 15867 647 3140 2419 980 202 12727 9130 7061 4102 2265 1837 2959 707 546 2252 194 118 2185
internal_count=17149 1189 15960 15867 647 3140 2419 980 202 12727 9130 7061 4102 2265 1837 2959 707 546 2252 194 118 2185
is_linear=0
shrinkage=0.035


Tree=112
num_leaves=23
num_cat=0
split_feature=9 22 9 10 3 9 5 1 14 20 2 20 2 0 8 11 2 22 8 1 22 0
split_gain=386.002 12.7877 5.65644 1.7258 1.4946 1.28973 0.826337 0.778182 0.768503 0.730804 0.687873 0.901116 0.676973 0.669471 0.569159 0.67187 0.568893 0.444435 0.437426 1.37319 0.696822 0.512469
threshold=0.53708791208791218 34795.000000000007 0.57332179065277356 0.96921583719686422 13.714261283220216 0.69236835154341714 0.99491741027542968 0.55266442227249601 0.48076923076923084 24.500000000000004 1.9217459220572952 22.500000000000004 28.125319265124826 1.6421623604942222 24.821428571428573 7.608604816174334 9.0039695662631729 54348.000000000007 21.219916865514886 21.965076773329255 25082.000000000004 15.950345293025352
decision_type=2 2 2 2 2 2 2 2 2 2 2 2 2 2 2 2 2 2 2 2 2 2
left_child=1 3 7 -1 5 -4 10 -2 12 14 11 17 -8 -12 15 -6 -11 -7 19 21 -20 -17
right_child=2 -3 4 -5 9 6 8 -9 -10 16 13 -13 -14 -15 -16 18 -18 -19 20 -21 -22 -23
leaf_value=0 0 0 1.8577402842922516e-06 0 0.016454975218592755 6.9131842221232859e-05 7.6392966787244211e-05 0 -7.1700495082597905e-05 -0.01181601009474832 -8.3409560512759539e-05 -0.00088782607267039204 -0.017154623602968395 -0.0068091529385849179 0.064307820369078686 -0.014475559843453237 0.076012984295637909 -0.00029527648449082959 0.030087230901255268 -0.066928426797132165 -0.033654958037876812 0.024344139375872653
leaf_weight=586 50 554 205 49 1931 197 11184 45 100 57 146 109 90 207 411 101 560 71 194 56 122 80
leaf_count=586 50 554 205 49 1931 197 11184 45 100 57 146 109 90 207 411 101 560 71 194 56 122 80
internal_value=-0.00119667 -0.0203903 0.000242039 -0.016625 0.000295463 0.000111986 6.33002e-05 -0.00805 0.000138105 0.000932471 -0.00107143 0 0.000167258 -0.00217039 0.000687931 0.000476698 0.00203698 0.0010641 -0.000577061 -0.00170661 0.000228972 -7.52687e-05
internal_weight=17105 1189 15916 635 15821 12309 12104 95 11374 3512 730 377 11274 353 2895 2484 617 268 553 237 316 181
internal_count=17105 1189 15916 635 15821 12309 12104 95 11374 3512 730 377 11274 353 2895 2484 617 268 553 237 316 181
is_linear=0
shrinkage=0.035


Tree=113
num_leaves=23
num_cat=0
split_feature=9 22 9 7 10 9 15 20 0 6 3 20 14 10 20 7 7 5 11 25 10 1
split_gain=388.792 11.4172 4.92777 1.97011 1.35032 1.19241 1.07336 0.946327 0.701521 1.30345 0.58203 0.700073 0.758966 0.5476 0.612621 0.738588 0.91972 0.877637 0.759519 0.651538 0.706851 0.613535
threshold=0.53708791208791218 34795.000000000007 0.57332179065277356 20.007492563953981 0.96921583719686422 0.69236835154341714 0.10263157894736843 25.500000000000004 16.535714285714288 8.2534813770198809 5.9978252760003432 22.500000000000004 0.48076923076923084 2.5448360411214028 14.500000000000002 0.86989795918367363 1.8571940231097155 3.2132129376788225 1.406422281611247 637.50000000000011 1.5118578920369083 1.9209485283024776
decision_type=2 2 2 2 2 2 2 2 2 2 2 2 2 2 2 2 2 2 2 2 2 2
left_child=1 4 -2 5 -1 -4 7 -7 9 -5 11 13 -13 14 15 -8 18 -18 21 20 -19 -17
right_child=2 -3 3 8 -6 6 10 -9 -10 -11 -12 12 -14 -15 -16 16 17 19 -20 -21 -22 -23
leaf_value=0 0 0 1.7891781507270792e-06 -0.024089224395048247 0 0.00021423045009206593 -6.300198171858269e-05 0.010922963500936973 0.050738061033788209 0.01627990985603189 -0.0059841672994855773 -0.00035973095191454225 -0.00014279165979384315 0.010843610190097256 2.8264993462119457e-05 -0.00011851282288688193 -0.00015352469364347042 -0.015189409894427155 0.013747369727221901 0.0045616042014839263 -0.0058909236063280253 0.00010503129641412529
leaf_weight=605 92 562 209 47 47 8860 147 1737 1397 233 95 798 56 79 817 350 432 47 197 45 98 245
leaf_count=605 92 562 209 47 47 8860 147 1737 1397 233 95 798 56 79 817 350 432 47 197 45 98 245
internal_value=-0.00127791 -0.020331 0.000174278 0.000223292 -0.0167968 8.78879e-05 4.69733e-05 0.000221845 0.00135672 -0.00018421 -0.000491498 -0.000405307 -0.00126717 -9.66692e-05 -0.000201217 -0.000612388 -0.00034778 -0.00135646 0.000425973 -0.00332051 -0.00443333 -0.000175
internal_weight=17195 1214 15981 15889 652 14212 14003 10597 1677 280 3406 3311 854 2457 2378 1561 1414 622 792 190 145 595
internal_count=17195 1214 15981 15889 652 14212 14003 10597 1677 280 3406 3311 854 2457 2378 1561 1414 622 792 190 145 595
is_linear=0
shrinkage=0.035


Tree=114
num_leaves=23
num_cat=0
split_feature=15 12 22 12 15 7 20 11 12 24 2 1 1 2 1 15 3 8 12 20 7 20
split_gain=363.292 27.4431 9.97226 3.50044 7.81107 1.86109 0.755361 0.597306 0.587511 0.47753 0.578544 0.512991 0.474434 1.31962 0.843504 0.47217 0.869676 0.928764 1.44337 0.711963 0.78328 0.566819
threshold=0.54356060606060608 0.81652188061227371 34795.000000000007 0.67014369125706297 0.49000000000000005 19.718501396931643 17.500000000000004 0.75955452531275025 0.44547487860604157 4685.0000000000009 20.983158914892449 24.170466578992038 23.023809523809529 14.999072958688698 26.068648301856552 0.10912698412698414 3.6063547516383614 1.9301792102554887 1.6055246644948793 25.500000000000004 9.575742840367413 25.500000000000004
decision_type=2 2 2 2 2 2 2 2 2 2 2 2 2 2 2 2 2 2 2 2 2 2
left_child=3 2 7 4 8 12 9 -2 -1 -7 -11 -12 15 -14 -15 19 21 -18 -19 -5 -21 -17
right_child=1 -3 -4 5 -6 6 -8 -9 -10 10 11 -13 13 14 -16 16 17 18 -20 20 -22 -23
leaf_value=-0.0070566997138647542 0 0 0 0.00020401482354818096 0 0.035711886832370601 0.071848426937080836 0 5.5037676448059481e-06 0.035594264294905524 0.0047362977556182941 -0.02457894989691748 0.070177904312560754 -0.059855276753903487 -0.001914338972332617 1.7921720654726204e-06 2.9828925156479223e-05 -0.008245250881354348 -0.0087558503436993319 0.0022595135578365364 0.034725895180445526 -0.00012141028627653357
leaf_weight=46 501 93 533 9089 59 759 530 88 87 198 146 108 70 77 62 2043 156 70 186 1202 567 426
leaf_count=46 501 93 533 9089 59 759 530 88 87 198 146 108 70 77 62 2043 156 70 186 1202 567 426
internal_value=-0.00127487 -0.0196803 -0.0211894 0.00013792 -0.00449492 0.000197146 0.00127491 -0.0175943 0.000202899 0.000765625 -9.95622e-05 -0.00122973 6.09548e-05 -0.00157009 -0.00354861 8.7602e-05 -0.000308039 -0.00178777 -0.00307088 0.000194283 0.000836528 -5.09295e-05
internal_weight=17096 1215 1122 15881 192 15689 1741 589 133 1211 452 254 13948 209 139 13739 2881 412 256 10858 1769 2469
internal_count=17096 1215 1122 15881 192 15689 1741 589 133 1211 452 254 13948 209 139 13739 2881 412 256 10858 1769 2469
is_linear=0
shrinkage=0.035


Tree=115
num_leaves=23
num_cat=0
split_feature=9 22 9 10 6 21 0 9 15 15 20 21 20 20 20 5 1 20 1 21 22 11
split_gain=398.399 10.4845 6.56867 1.75855 1.73539 1.55802 1.1195 1.00424 0.827067 0.853605 0.603841 2.16448 1.81371 1.39022 1.43274 1.07197 1.16903 1.05933 1.10221 0.701291 0.63443 0.70351
threshold=0.53708791208791218 34795.000000000007 0.57332179065277356 0.97590007294853509 22.052447947677845 4.5000000000000009 17.903471131289511 0.65267186346043349 0.10912698412698414 0.12771739130434787 13.500000000000002 3.5000000000000004 22.500000000000004 6.5000000000000009 2.5000000000000004 21.965076773329255 21.965076773329255 29.500000000000004 23.023809523809529 1.5000000000000002 48992.500000000007 2.9883966050422188
decision_type=2 2 2 2 2 2 2 2 2 2 2 2 2 2 2 2 2 2 2 2 2 2
left_child=1 3 -2 -1 7 -6 -7 -4 10 -10 13 12 -12 14 19 16 -16 18 -13 -9 -15 -22
right_child=2 -3 4 -5 5 6 -8 8 9 -11 11 17 -14 20 15 -17 -18 -19 -20 -21 21 -23
leaf_value=0 0 0 1.7265280470869597e-06 0 0.067774474247056779 0.037645334909348564 -0.04654901120768961 -0.0023522559963370269 -0.012053023698218519 -5.5226309358072392e-05 -0.0010072908382997737 -0.006900312340485157 0.010973555678741245 0.011725664424170452 -0.0028949614546762122 0.074252942875084549 -0.031193239512115244 0.099401815576667066 -0.0603463000599153 0.011518270460830621 -0.017456749385304358 0.01939651157681202
leaf_weight=587 95 540 143 45 764 59 82 249 62 2779 2506 1422 2228 2485 1656 85 157 91 63 747 71 174
leaf_count=587 95 540 143 45 764 59 82 249 62 2779 2506 1422 2228 2485 1656 85 157 91 63 747 71 174
internal_value=-0.00126426 -0.0209138 0.000187496 -0.0174341 0.000245009 0.00173077 -0.00153425 0.000153153 0.00012314 -0.000410752 0.000251822 1.3856e-05 0.000390694 0.000515456 -1.32803e-05 -0.000583027 -0.000773927 -0.00110468 -0.00133893 0.00105245 0.00108135 -0.00056
internal_weight=17090 1172 15918 632 15823 905 141 14918 14775 2841 11934 6310 4734 5624 2894 1898 1813 1576 1485 996 2730 245
internal_count=17090 1172 15918 632 15823 905 141 14918 14775 2841 11934 6310 4734 5624 2894 1898 1813 1576 1485 996 2730 245
is_linear=0
shrinkage=0.035


Tree=116
num_leaves=23
num_cat=0
split_feature=9 22 9 12 5 9 3 1 21 6 22 23 10 18 1 11 1 5 11 18 5 7
split_gain=387.885 12.8324 5.98147 2.44231 1.65 1.32062 0.847267 1.10305 0.578305 1.17626 0.541585 0.531571 0.500837 0.628571 0.738423 0.616662 0.533508 0.44817 0.599766 0.855494 0.446456 0.581669
threshold=0.53708791208791218 34795.000000000007 0.57332179065277356 0.7905469377017692 23.023809523809529 0.69236835154341714 9.9759097374375028 23.023809523809529 3.5000000000000004 6.006203158824877 25082.000000000004 61700.000000000007 2.9840847683606317 1.0000000180025095e-35 23.023809523809529 8.7522601705376939 26.068648301856552 1.0000000180025095e-35 1.3587324409735155 1.0000000180025095e-35 11.827380952380954 17.859693877551024
decision_type=2 2 2 2 2 2 2 2 2 2 2 2 2 2 2 2 2 2 2 2 2 2
left_child=1 3 -2 -1 5 -4 7 17 11 -10 -6 -8 -11 14 15 -14 -16 18 -7 -20 -13 -22
right_child=2 -3 4 -5 10 6 8 -9 9 12 -12 20 13 -15 16 -17 -18 -19 19 -21 21 -23
leaf_value=0 0 0 1.6752379144871928e-06 0 0.075252018431167411 4.9768749711337538e-06 0.018881975705226435 -0.021133463569168766 -0.020816825164776492 0.022782161334230128 0.0095380107506165736 -0.013501383228817724 -0.003421856272507259 0.088395604276508694 -0.063086182108148134 0.040641118462855265 -0.0076676973474958153 1.3225516331596822e-05 -0.0027659206937602644 0.027716505580001206 0.042346925414217883 -0.051352895306104054
leaf_weight=580 82 540 212 62 571 430 2460 78 153 164 274 299 641 184 55 102 88 9619 275 45 186 51
leaf_count=580 82 540 212 62 571 430 2460 78 153 164 274 299 641 184 55 102 88 9619 275 45 186 51
internal_value=-0.00125752 -0.0205607 0.000176161 -0.01684 0.000227284 0.000141191 0.00010027 -6.96516e-05 0.000508888 -7.04022e-05 0.00172941 0.000782573 0.000279661 0 -0.000388889 3.74333e-05 -0.00264865 -3.57624e-05 -0.000857616 -0.00199231 -0.000187615 0.000896694
internal_weight=17151 1182 15969 642 15887 15042 14830 10447 4383 1387 845 2996 1234 1070 886 743 143 10369 750 320 536 237
internal_count=17151 1182 15969 642 15887 15042 14830 10447 4383 1387 845 2996 1234 1070 886 743 143 10369 750 320 536 237
is_linear=0
shrinkage=0.035


Tree=117
num_leaves=23
num_cat=0
split_feature=9 23 9 5 10 9 15 20 20 21 20 10 9 9 12 5 2 10 4 8 27 24
split_gain=388.097 14.2102 6.68744 1.54644 1.37258 1.21947 0.866417 0.921469 1.35848 1.97662 1.83816 1.04758 0.96204 0.774718 0.620946 0.737856 0.605993 0.813747 1.27906 0.633771 0.578554 0.817248
threshold=0.53708791208791218 40250.000000000007 0.57332179065277356 24.170466578992038 0.96921583719686422 0.69236835154341714 0.10263157894736843 25.500000000000004 13.500000000000002 3.5000000000000004 6.5000000000000009 2.4784787961282118 16.587121212121215 2.8649045071632666 2.0595218625295169 2.9974617545665088 21.965076773329255 6.3733074317066709 15.950345293025352 19.572953081678822 2.5000000000000004 7066.5000000000009
decision_type=2 2 2 2 2 2 2 2 2 2 2 2 2 2 2 2 2 2 2 2 2 2
left_child=1 4 -2 5 -1 -4 7 8 10 -10 13 -11 -9 -7 20 -16 19 -18 -19 -17 -15 -22
right_child=2 -3 3 -5 -6 6 -8 12 9 11 -12 -13 -14 14 15 16 17 18 -20 -21 21 -23
leaf_value=0 0 0 1.6176916427494064e-06 0.055855282296126879 0 0.0041303436011881373 -9.4407704338475977e-05 0.0075131519636425321 0.00019544302356779553 -0.0012933706049402525 0.010183571594750774 -0.028956458297237676 0.071177270415770669 0.0013861798119977826 0.033897220056920398 -0.0022795757255689624 0.0051741303605032001 -0.04222722199341343 0.015753223158250344 0.076862221451865026 -0.015499233598512603 -0.0061905720711736278
leaf_weight=591 89 553 216 698 54 337 3344 1474 3143 434 2827 612 348 51 75 1633 125 74 61 129 155 55
leaf_count=591 89 553 216 698 54 337 3344 1474 3143 434 2827 612 348 51 75 1633 125 74 61 129 155 55
internal_value=-0.00130653 -0.0204734 0.000144319 0.000200747 -0.0165846 0.000124719 8.51365e-05 0.000229936 9.22191e-05 -0.000380543 0.000454044 -0.00169505 0.000952107 -0.000194444 -0.000425095 -0.00021313 -0.000350518 -0.00191509 -0.00375 -0.00010498 -0.00202632 -0.00284884
internal_weight=17078 1198 15880 15791 645 15093 14877 11533 9711 4189 5522 1046 1822 2695 2358 2097 2022 260 135 1762 261 210
internal_count=17078 1198 15880 15791 645 15093 14877 11533 9711 4189 5522 1046 1822 2695 2358 2097 2022 260 135 1762 261 210
is_linear=0
shrinkage=0.035


Tree=118
num_leaves=23
num_cat=0
split_feature=9 23 9 10 5 9 2 20 4 20 12 9 10 2 24 12 5 14 20 20 20 12
split_gain=392.854 11.2997 6.59407 2.27454 1.525 1.18393 0.774805 1.65397 0.860776 1.11513 1.01398 1.10855 0.699714 0.635537 0.614095 0.508944 0.495106 0.493947 1.57304 0.572125 0.95313 0.469856
threshold=0.53708791208791218 40250.000000000007 0.57332179065277356 1.0564524048220496 24.170466578992038 0.69236835154341714 10.528634420224899 23.500000000000004 24.170466578992038 13.500000000000002 6.1306865385641736 23.506673737631434 2.9277002188456049 18.955902356631452 4019.0000000000005 8.6219335438479856 4.8493515340940085 0.40833333333333338 25.500000000000004 17.500000000000004 6.5000000000000009 8.7798997480632703
decision_type=2 2 2 2 2 2 2 2 2 2 2 2 2 2 2 2 2 2 2 2 2 2
left_child=1 3 -2 -1 5 -4 17 8 12 -10 -11 13 -8 -12 -14 16 -16 21 19 20 -19 -7
right_child=2 -3 4 -5 -6 6 7 -9 9 10 11 -13 14 -15 15 -17 -18 18 -20 -21 -22 -23
leaf_value=0 0 0 1.5597181260076375e-06 0 0.05540329323150292 1.0810539264757603e-05 0.0198527557730762 0.036162311736578731 0.025531959636965244 0.038251020636468194 -0.040823835358297082 -0.0030888959503569632 0.018039385770318456 -0.093767218227686036 -0.013546017115401442 -0.01443725260574096 3.7690712271630294e-05 1.7018751113009645e-05 -0.00014431896428286295 3.0670765029686718e-05 -0.00019980253294786231 -0.0053317003722276671
leaf_weight=617 90 546 214 48 714 10376 415 913 165 49 45 64 660 48 45 91 1688 57 54 108 64 46
leaf_count=617 90 546 214 48 714 10376 415 913 165 49 45 64 660 48 45 91 1688 57 54 108 64 46
internal_value=-0.00130172 -0.0204762 0.000163001 -0.0170299 0.000219234 0.000142947 0.000104109 0.000508119 0.000133588 -0.00143351 -0.00313507 -0.00449383 0.000342287 -0.00685714 0.000111089 -0.000212411 -6.44418e-05 -5.22875e-05 -0.00148264 -8.97435e-05 -0.00177778 -1.10769e-05
internal_weight=17117 1211 15906 665 15816 15102 14888 4183 3270 371 206 157 2899 93 2484 1824 1733 10705 283 229 121 10422
internal_count=17117 1211 15906 665 15816 15102 14888 4183 3270 371 206 157 2899 93 2484 1824 1733 10705 283 229 121 10422
is_linear=0
shrinkage=0.035


Tree=119
num_leaves=23
num_cat=0
split_feature=9 22 15 3 9 10 20 5 2 4 6 20 20 4 20 2 4 3 3 21 25 0
split_gain=388.276 15.7619 3.04615 1.84466 1.30467 0.753345 0.731963 0.604157 0.526169 0.564122 0.531405 0.735649 0.884171 1.31366 0.768279 0.705957 0.53342 0.572923 1.45797 0.509413 0.546564 0.457158
threshold=0.57332179065277356 34795.000000000007 0.54356060606060608 16.03274297468673 0.69236835154341714 1.0564524048220496 23.500000000000004 26.068648301856552 30.236721569975128 17.961864802538603 7.2124177154897433 3.5000000000000004 6.5000000000000009 13.508154244475653 11.500000000000002 22.052447947677845 5.172349027628159 5.9978252760003432 7.69680936421629 4.5000000000000009 248.50000000000003 8.942279580511066
decision_type=2 2 2 2 2 2 2 2 2 2 2 2 2 2 2 2 2 2 2 2 2 2
left_child=1 2 -1 4 -2 -4 7 -5 10 -10 15 -12 13 -13 19 -6 17 -16 -19 -14 -21 -18
right_child=3 -3 5 6 8 -7 -8 -9 9 -11 11 12 14 -15 16 -17 21 18 -20 20 -22 -23
leaf_value=0 1.5051279915973702e-06 0 0 0.0091431901654470977 -2.3094993676933874e-05 0 0.068383362767714839 0.051828946733117699 -0.038279035546112221 0.0034969871733802533 0.031948193490817157 -0.00096222943552064244 0.047118405066155555 -0.039906887905009972 0.014024180879905195 -0.02425857399033968 0.0097349080877705066 -0.035914589132240861 0.026349020756850947 -0.020087015243212828 0.013521977273183059 -0.00017811815973346092
leaf_weight=87 203 549 598 1729 9891 46 482 303 61 48 341 235 455 68 77 64 489 55 55 56 57 1209
leaf_count=87 203 549 598 1729 9891 46 482 303 61 48 341 235 455 68 77 64 489 55 55 56 57 1209
internal_value=-0.00125558 -0.0197607 -0.0160924 0.000240855 7.56602e-05 -0.0169931 0.00111016 0.000802406 3.08371e-05 -0.00233333 5.28071e-05 0.000453578 0.000254799 -0.0015 0.000481286 -7.0281e-05 0.00012963 -0.00160417 -0.00319565 0.00160646 -0.000355932 0.000334997
internal_weight=17158 1280 731 15878 13364 644 2514 2032 13161 109 13052 3097 2756 303 2453 9955 1885 187 110 568 113 1698
internal_count=17158 1280 731 15878 13364 644 2514 2032 13161 109 13052 3097 2756 303 2453 9955 1885 187 110 568 113 1698
is_linear=0
shrinkage=0.035


Tree=120
num_leaves=23
num_cat=0
split_feature=9 22 9 2 9 9 11 20 20 21 21 2 9 11 15 10 11 6 20 10 11 10
split_gain=389.445 12.4596 6.15599 2.15933 1.52553 1.22705 0.466759 0.827276 0.724981 0.863177 0.739333 0.841061 0.906951 0.784748 0.699896 0.751784 1.29527 1.03584 1.04359 0.702881 0.654863 0.674723
threshold=0.53708791208791218 34795.000000000007 0.57332179065277356 1.9999246801866812 21.108196777804341 0.69236835154341714 1.6602380777659305 25.500000000000004 22.500000000000004 2.5000000000000004 4.5000000000000009 3.048913353713417 2.7125911075679072 0.99449031619769424 0.04083333333333334 1.4906432498713766 1.1670623729466119 4.9547980748721674 26.500000000000004 1.7043362064926926 1.3008872711759827 1.154700538379253
decision_type=2 2 2 2 2 2 2 2 2 2 2 2 2 2 2 2 2 2 2 2 2 2
left_child=1 3 -2 -1 5 -4 8 -8 10 14 11 12 -7 -12 -10 16 17 18 -16 -17 21 -15
right_child=2 -3 4 -5 -6 6 7 -9 9 -11 13 -13 -14 20 15 19 -18 -19 -20 -21 -22 -23
leaf_value=0 0 0 1.4489145108830862e-06 0 0.04376657752926854 1.8714189040658155e-05 0.0002586420578215826 0.012867639218183829 0.0021432409962059361 2.6407213797895067e-05 0.030947529013219458 -0.002677964534777956 0.0048460729615879758 -0.0030111990423242786 -0.00038739610588911738 -0.017893194492091809 0.0045630249261907844 4.0823427150788182e-05 -0.0020645567880820787 -0.0043683173168983565 -0.00019141203656239107 -0.0003839287116876569
leaf_weight=570 85 558 217 48 1299 1950 8476 1540 134 599 47 486 341 64 63 45 155 65 84 54 125 46
leaf_count=570 85 558 217 48 1299 1950 8476 1540 134 599 47 486 341 64 63 45 155 65 84 54 125 46
internal_value=-0.00126284 -0.0206533 0.000178527 -0.0168371 0.000231561 0.000127001 8.55453e-05 0.000216895 -0.000219212 -0.000947674 6.16842e-05 0.000241553 0.000527439 -0.00162195 -0.00188017 -0.00251911 -0.00167473 -0.00343548 -0.00501974 -0.00525 -0.00247917 -0.00441304
internal_weight=17051 1176 15875 618 15790 14491 14274 10016 4258 1199 3059 2777 2291 282 600 466 367 212 147 99 235 110
internal_count=17051 1176 15875 618 15790 14491 14274 10016 4258 1199 3059 2777 2291 282 600 466 367 212 147 99 235 110
is_linear=0
shrinkage=0.035


Tree=121
num_leaves=23
num_cat=0
split_feature=9 22 9 2 3 9 20 1 5 20 21 2 1 20 9 20 20 0 10 20 1 2
split_gain=400.782 12.0727 6.58936 2.62185 1.50346 1.46353 1.2424 0.926673 0.698589 0.558623 1.39515 0.650634 0.641275 0.621472 1.09039 0.59471 0.619902 0.880715 0.867645 0.786924 0.526439 1.04867
threshold=0.53708791208791218 34795.000000000007 0.57332179065277356 1.9999246801866812 9.6921791352322053 0.69236835154341714 25.500000000000004 23.023809523809529 27.062749211546333 13.500000000000002 3.5000000000000004 14.007413885646328 21.965076773329255 15.500000000000002 11.143218861693699 6.5000000000000009 2.5000000000000004 14.999072958688698 4.5039665058384175 4.5000000000000009 12.996151141142256 14.007413885646328
decision_type=2 2 2 2 2 2 2 2 2 2 2 2 2 2 2 2 2 2 2 2 2 2
left_child=1 3 -2 -1 5 -4 8 -7 9 15 11 13 -13 14 -11 16 -6 -18 19 -19 21 -12
right_child=2 -3 4 -5 6 7 -8 -9 -10 10 20 12 -14 -15 -16 -17 17 18 -20 -21 -22 -23
leaf_value=0 0 0 1.4017365040105542e-06 0 0.035108028988044035 -1.5513612114859995e-05 0.040558232722495285 -0.024164337093880075 0.046967420002091906 0.010038979353728368 -0.010838963414056942 0.043409503390332831 -0.010079235403105307 0.0016680532605173534 -0.039211023801886631 0.023261204866948593 0.004556705023410627 -0.032976770317563728 -0.0070653380023771913 -0.045267871728556078 -0.0061858144697293409 -0.060090891484198994
leaf_weight=621 86 557 212 45 234 10352 826 77 361 46 171 473 184 603 49 1259 349 77 211 55 279 46
leaf_count=621 86 557 212 45 234 10352 826 77 361 46 171 473 184 603 49 1259 349 77 211 55 279 46
internal_value=-0.0012881 -0.0205554 0.00019414 -0.0169993 0.000249008 8.54794e-06 0.00073508 -4.89744e-05 0.000494548 0.000355976 -8.2974e-05 0.000488971 0.00127946 -0.000233997 -0.0028 0.00073516 4.13535e-05 -0.000467001 -0.00172988 -0.00390876 -0.00166966 -0.00296396
internal_weight=17173 1223 15950 666 15864 10641 5223 10429 4397 4036 1851 1355 657 698 95 2185 926 692 343 132 496 217
internal_count=17173 1223 15950 666 15864 10641 5223 10429 4397 4036 1851 1355 657 698 95 2185 926 692 343 132 496 217
is_linear=0
shrinkage=0.035


Tree=122
num_leaves=23
num_cat=0
split_feature=9 23 12 9 2 9 14 11 12 11 9 8 8 2 6 12 23 16 4 4 7 6
split_gain=382.586 15.0864 4.11933 1.40666 1.15533 1.09768 0.65178 0.578932 0.797486 1.01436 0.533079 1.0336 0.924721 0.456112 0.440547 0.416765 0.513739 0.416468 0.410472 0.472954 0.438501 0.408335
threshold=0.57332179065277356 40250.000000000007 0.83187999366322607 20.006673737631434 1.9999246801866812 0.69236835154341714 0.40833333333333338 8.1598049688090466 7.3749677635316191 9.6395182759771405 4.6726190476190483 3.93921194255759 5.5726572161085075 6.6339285714285721 0.96364657268580889 1.0945553872080129 33050.000000000007 1.0000000180025095e-35 28.125319265124826 19.010370193622947 19.149862906619465 22.052447947677845
decision_type=2 2 2 2 2 2 2 2 2 2 2 2 2 2 2 2 2 2 2 2 2 2
left_child=1 2 4 5 -1 -2 7 10 -9 -10 11 -7 -12 -13 -8 16 -16 18 19 -14 -21 -5
right_child=3 -3 -4 21 -6 6 14 8 9 -11 12 13 17 -15 15 -17 -18 -19 -20 20 -22 -23
leaf_value=0 1.352675726370185e-06 0 0 0.022618294620429458 0 1.4974909373981996e-05 1.4787324034986778e-05 0.033139272162979599 -0.021114093253067203 0.0014921712511044398 0.024034319048879906 -0.0036970915367295775 0.0010272627825322481 -0.017058579860305532 -3.6134491287434945e-05 -0.00032142824430138263 3.1630197469158254e-05 0.035755967390557267 -0.030072210792114827 0.038621559321689855 -0.0047240198675927289 0.062129352374881333
leaf_weight=631 201 542 58 1085 46 5992 76 88 120 95 317 299 5927 59 73 79 49 217 66 350 98 614
leaf_count=631 201 542 58 1085 46 5992 76 88 120 95 317 299 5927 59 73 79 49 217 66 350 98 614
internal_value=-0.00126239 -0.0196513 -0.0160811 0.00022802 -0.0168739 0.000111863 7.29692e-05 0.000108597 -0.00138636 -0.00254545 0.000144411 -8.53657e-05 0.000356017 -0.00189945 -0.00158865 -0.0024466 -0.000909449 0.00026422 0.000209587 0.000241379 0.00133664 0.00117899
internal_weight=17082 1277 735 15805 677 14106 13905 13628 303 215 13325 6350 6975 358 277 201 122 6658 6441 6375 448 1699
internal_count=17082 1277 735 15805 677 14106 13905 13628 303 215 13325 6350 6975 358 277 201 122 6658 6441 6375 448 1699
is_linear=0
shrinkage=0.035


Tree=123
num_leaves=23
num_cat=0
split_feature=9 15 12 22 15 22 22 9 6 2 9 11 11 8 12 15 4 12 9 11 7 12
split_gain=397.293 16.3944 3.74046 2.40702 1.54226 1.53402 0.901173 0.79094 0.462789 0.900433 0.389808 1.05186 0.877454 0.377991 0.386307 0.398116 1.06568 0.853006 0.653323 0.381075 0.374848 0.370064
threshold=0.57332179065277356 0.68139097744360921 0.77431177036664367 34795.000000000007 0.52786377708978338 13885.000000000002 6498.5000000000009 0.69236835154341714 6.006203158824877 24.170466578992038 0.69236835154341714 0.95717732691974178 0.74351561001688371 23.357668702453786 1.2324882352367639 0.10620300751879701 1.244817030871882 1.6563495541773421 3.036019516910804 1.5134459856552929 0.56969271725119408 0.81652188061227371
decision_type=2 2 2 2 2 2 2 2 2 2 2 2 2 2 2 2 2 2 2 2 2 2
left_child=1 2 4 20 -1 6 10 -7 9 21 -2 12 -12 14 -13 18 17 -17 -16 -20 -3 -9
right_child=5 3 -4 -5 -6 7 -8 8 -10 -11 11 13 -14 -15 15 16 -18 -19 19 -21 -22 -23
leaf_value=0 1.8863803791537049e-06 0 0 0 0 1.3009145727778056e-06 0.050868350152654285 -0.0012104975756810751 0.0025437105663369984 -0.034276804059589959 9.8723271715726507e-05 0.0026907777298373573 -0.0017227098744272288 0.070614626664873018 0.0060455068281752167 -0.002800422741260081 0.0046068045563953056 0.010778389087298472 -0.023738624279799364 0.0013513584712392453 0 -6.164326245238855e-05
leaf_weight=46 82 171 99 518 398 126 1105 106 4496 51 47 112 84 104 261 82 265 54 51 674 49 8165
leaf_count=46 82 171 99 518 398 126 1105 106 4496 51 47 112 84 104 261 82 265 54 51 674 49 8165
internal_value=-0.0013589 -0.0200692 -0.0150858 -0.0235861 -0.0165334 0.000156585 0.000880383 -5.67598e-06 -3.46641e-05 -0.000190405 0.000386326 0.000259632 -0.00267647 0.000518035 0.000358378 0.000181035 -0.000724138 -0.00320213 0.000568618 1.28956e-10 -0.0189 -0.000158168
internal_weight=17146 1281 543 738 444 15865 2921 12944 12818 8322 1816 1734 131 1603 1499 1387 401 136 986 725 220 8271
internal_count=17146 1281 543 738 444 15865 2921 12944 12818 8322 1816 1734 131 1603 1499 1387 401 136 986 725 220 8271
is_linear=0
shrinkage=0.035


Tree=124
num_leaves=23
num_cat=0
split_feature=9 22 9 12 9 0 5 7 9 11 9 15 12 10 6 22 6 12 11 13 10 7
split_gain=400.306 9.39732 6.02758 2.49204 1.83167 1.37983 0.830582 0.714305 0.720029 0.789052 0.587146 0.810151 0.935454 0.764211 0.525657 0.507364 0.659469 0.578211 0.797178 0.627124 0.704039 0.513192
threshold=0.53708791208791218 34795.000000000007 0.57332179065277356 0.7905469377017692 0.75614179818437999 21.011946453809166 29.073923966709916 28.467699617561198 2.0719489168320893 1.8232322463624395 1.0641324483029539 0.34891304347826091 1.2324882352367639 1.0564524048220496 3.6183055761621601 31960.500000000004 15.660611128661314 1.485664813694634 1.3587324409735155 0.22500000000000003 1.809457674368582 2.6109693877551021
decision_type=2 2 2 2 2 2 2 2 2 2 2 2 2 2 2 2 2 2 2 2 2 2
left_child=1 3 -2 -1 -4 6 7 8 9 10 13 14 -13 -6 -12 17 -17 -10 -19 21 -21 -20
right_child=2 -3 4 -5 5 -7 -8 -9 15 -11 11 12 -14 -15 -16 16 -18 18 19 20 -22 -23
leaf_value=0 0 0 1.3531330095262315e-06 0 3.7671592906155479e-05 0.032207478136190189 0.059403622165429132 -0.012816056471610781 0.0069649863703410446 0.015983519688334894 -0.00038162110454502445 -0.00093281905977885481 -1.5744720601462361e-05 -0.00013815130349331575 5.3458937074346317e-05 -0.0012393143206235885 0.014816204938808345 -0.015587729172250158 0.0073320394453452011 0.010045795695130982 -0.016993794002483905 0.0016085039568432642
leaf_weight=586 90 551 309 60 211 1335 164 58 757 108 1297 76 64 103 405 5059 490 194 423 70 98 4691
leaf_count=586 90 551 309 60 211 1335 164 58 757 108 1297 76 64 103 405 5059 490 194 423 70 98 4691
internal_value=-0.00133376 -0.0208136 0.00012835 -0.0175215 0.00018185 0.000127371 2.52576e-05 -2.72862e-06 1.27039e-05 -0.000556853 -0.000711013 -0.000953167 -0.0035 0.000647336 -0.000723784 0.000123823 -0.000117213 0.000341135 0.000211367 0.000295915 -0.00176012 0.000368529
internal_weight=17199 1197 16002 646 15912 15603 14268 14104 14046 2264 2156 1842 140 314 1702 11782 5549 6233 5476 5282 168 5114
internal_count=17199 1197 16002 646 15912 15603 14268 14104 14046 2264 2156 1842 140 314 1702 11782 5549 6233 5476 5282 168 5114
is_linear=0
shrinkage=0.035


Tree=125
num_leaves=23
num_cat=0
split_feature=15 12 23 12 15 3 20 20 2 8 4 1 17 12 25 25 7 8 4 11 10 7
split_gain=370.928 24.0061 10.7851 2.95279 6.72093 1.31585 0.925705 0.691557 0.682539 0.544745 0.88996 0.725238 0.519299 0.478058 0.468079 0.608265 0.454754 0.429412 0.400384 0.713725 0.417711 0.532955
threshold=0.54356060606060608 0.81652188061227371 40250.000000000007 0.67014369125706297 0.49000000000000005 16.987659160272365 23.500000000000004 2.5000000000000004 1.0010887194926981 24.51467325084613 24.170466578992038 22.052447947677845 1.0000000180025095e-35 9.3253577680273683 106.50000000000001 248.50000000000003 19.293165011134729 0.64512287944562419 16.987659160272365 6.4619765701316263 5.3496773378445601 15.287460124205923
decision_type=2 2 2 2 2 2 2 2 2 2 2 2 2 2 2 2 2 2 2 2 2 2
left_child=3 2 -2 4 8 17 7 -7 -1 10 12 -12 14 -11 16 -16 -9 -5 20 -20 21 -17
right_child=1 -3 -4 5 -6 6 -8 9 -10 13 11 -13 -14 -15 15 18 -18 -19 19 -21 -22 -23
leaf_value=5.314515943360706e-06 0 0 0 2.0326697770714913e-06 0 0.08812535827829257 0.066361317916886362 -0.054784886376661478 -0.007423641482826919 0.081705528975255612 -0.017032623697954791 -0.083678321688933952 0.021883844343692109 -0.0018573097658907329 0.018171635338729373 -0.033034047692638888 -0.0054535805498433908 2.0066911965893368e-06 -0.038991512864142902 0.048130784056502673 -0.019054410983617258 0.062502546758819499
leaf_weight=82 586 89 536 147 59 151 486 47 45 238 130 65 428 136 382 47 74 13050 75 46 134 84
leaf_count=82 586 89 536 147 59 151 486 47 45 238 130 65 428 136 382 47 74 13050 75 46 134 84
internal_value=-0.00129763 -0.0199293 -0.0213137 0.000125605 -0.00419633 0.000179173 0.000910997 0.00056905 0.000318182 0.000372026 6.22941e-05 -0.0021 0.000402421 0.00156069 -6.26397e-05 0.000239974 -0.00205556 3.76459e-05 -0.000707161 -0.00233333 1.26522e-10 0.00144118
internal_weight=17117 1211 1122 15906 186 15720 2523 2037 127 1886 1512 195 1317 374 889 768 121 13197 386 121 265 131
internal_count=17117 1211 1122 15906 186 15720 2523 2037 127 1886 1512 195 1317 374 889 768 121 13197 386 121 265 131
is_linear=0
shrinkage=0.035


Tree=126
num_leaves=23
num_cat=0
split_feature=9 22 10 9 15 9 20 1 2 1 2 9 10 20 22 4 1 8 2 20 9 0
split_gain=409.801 16.6211 4.93634 1.62733 1.51167 1.09619 0.674616 0.662552 0.904754 0.836999 0.600461 0.903245 0.63258 0.572017 0.973117 1.61587 0.82999 0.630938 0.685493 0.582279 0.527447 0.535359
threshold=0.57332179065277356 34795.000000000007 1.0564524048220496 0.75614179818437999 0.54356060606060608 20.551106820578845 24.500000000000004 23.023809523809529 13.982558156555685 26.068648301856552 5.2938371853575159 10.758298935821459 2.672612419124246 23.500000000000004 43337.000000000007 10.000130448439306 12.996151141142256 20.501524510250249 6.6339285714285721 2.5000000000000004 4.438070263070264 8.0097912782270964
decision_type=2 2 2 2 2 2 2 2 2 2 2 2 2 2 2 2 2 2 2 2 2 2
left_child=1 2 4 -2 -1 7 -7 10 -9 -10 11 -5 -12 17 -15 16 -16 18 -14 -20 -21 -22
right_child=3 -3 -4 5 -6 6 -8 8 9 -11 12 -13 13 14 15 -17 -18 -19 19 20 21 -23
leaf_value=0 1.2414024089372006e-06 0 0 -4.6911885421787598e-05 0 0.019562234687434558 0.11815474035230313 0.067555419646830983 -0.043211031197630499 -0.0037031155468914478 0.010717804974391208 -0.018693198430166744 0.012320953952127478 0.028650490342297271 -0.007185029104152074 0.01779357354709123 -0.071798375334717029 0.040047169306521788 0.015822031221728539 -0.013013574020422096 0.002471679300517976 -0.0080249781149230141
leaf_weight=75 300 582 60 7302 592 1218 269 74 115 157 1822 109 244 586 118 195 55 116 254 58 797 1999
leaf_count=75 300 582 60 7302 592 1218 269 74 115 157 1822 109 244 586 118 195 55 116 254 58 797 1999
internal_value=-0.00139943 -0.0201796 -0.0163429 0.000162446 -0.0172292 0.000111373 0.0010134 1.39941e-05 -0.00148575 -0.00243863 5.38069e-05 -0.000157632 0.000307489 7.66886e-05 0.000835767 -0.000534852 -0.00298876 -0.000127987 -0.000222073 -0.000367652 -0.00051539 -0.000436094
internal_weight=17097 1309 727 15788 667 15488 1487 14001 346 272 13655 7411 6244 4422 954 368 173 3468 3352 3108 2854 2796
internal_count=17097 1309 727 15788 667 15488 1487 14001 346 272 13655 7411 6244 4422 954 368 173 3468 3352 3108 2854 2796
is_linear=0
shrinkage=0.035


Tree=127
num_leaves=23
num_cat=0
split_feature=9 22 9 9 8 20 20 20 1 5 21 4 8 3 7 2 15 1 7 21 10 7
split_gain=373.956 10.4041 6.5709 1.5919 1.04466 1.16999 0.704553 0.938649 1.05524 1.45021 0.880225 0.794612 0.957363 0.689231 0.549261 0.522183 0.485892 0.480111 0.669005 0.465955 0.465702 0.45922
threshold=0.53708791208791218 34795.000000000007 0.57332179065277356 0.75614179818437999 16.151466294475643 24.500000000000004 13.500000000000002 7.5000000000000009 21.965076773329255 22.052447947677845 3.5000000000000004 18.955902356631452 24.821428571428573 19.556552062598733 22.574477591929064 17.903471131289511 0.56385869565217395 21.965076773329255 19.437535601649479 4.5000000000000009 2.690370836538202 21.16836734693878
decision_type=2 2 2 2 2 2 2 2 2 2 2 2 2 2 2 2 2 2 2 2 2 2
left_child=1 -1 16 -4 -5 6 7 8 14 13 17 -12 15 -10 20 -13 -2 -8 -19 -9 -6 -22
right_child=2 -3 3 4 5 -7 10 19 9 -11 11 12 -14 -15 -16 -17 -18 18 -20 -21 21 -23
leaf_value=0 -2.6460084107871486e-08 0 1.1870107989194409e-06 -1.7126088817675855e-05 -0.039554994933344217 0.060185642273147294 0.02531081609628948 0.055043396987459269 -0.027838335762963476 0.049475207695736129 0.01043545022697546 -0.029220226433552862 0.027530605541842688 -0.013995688408345535 0.078400537267272516 -0.086933535506128853 0 -0.084307591520070613 0.01914796777484206 -0.028623411294229743 0.028890340054137518 -0.01028267719759479
leaf_weight=639 49 537 297 12542 46 515 503 593 127 132 109 52 73 98 137 82 45 48 156 48 239 65
leaf_count=639 49 537 297 12542 46 515 503 593 127 132 109 52 73 98 137 82 45 48 156 48 239 65
internal_value=-0.00129343 -0.0202976 0.000112055 0.000169188 0.000119139 0.000702774 0.000380223 0.000869128 7.83276e-05 -0.00133425 -0.000313229 -0.00184268 -0.00310377 -0.00304348 0.00115244 -0.00480935 -0.00887374 0.000353933 -0.00102153 0.00187461 0.000345071 0.000894822
internal_weight=17132 1176 15956 15862 15565 3023 2508 1485 844 357 1023 316 207 225 487 134 94 707 204 641 350 304
internal_count=17132 1176 15956 15862 15565 3023 2508 1485 844 357 1023 316 207 225 487 134 94 707 204 641 350 304
is_linear=0
shrinkage=0.035


Tree=128
num_leaves=23
num_cat=0
split_feature=9 23 9 10 9 3 24 20 20 20 8 5 20 10 20 20 9 21 27 2 2 20
split_gain=393.018 13.5576 2.17777 2.04036 1.64373 1.69366 0.614208 0.56729 0.671982 0.757688 0.601163 0.58818 0.523208 1.41596 0.793431 0.717658 2.00525 1.46188 0.682507 0.676458 1.21068 0.744211
threshold=0.53708791208791218 40250.000000000007 0.57332179065277356 0.96921583719686422 0.75614179818437999 15.798157719979523 11523.000000000002 24.500000000000004 13.500000000000002 15.500000000000002 19.360719881469411 25.102403528914756 7.5000000000000009 7.1746909672954091 3.5000000000000004 11.500000000000002 1.1812982611590288 2.5000000000000004 2.5000000000000004 4.0075510609739959 5.9978252760003432 1.5000000000000002
decision_type=2 2 2 2 2 2 2 2 2 2 2 2 2 2 2 2 2 2 2 2 2 2
left_child=1 3 -2 -1 -4 12 7 8 -7 -10 -11 -12 13 18 -15 16 -14 -18 -6 -20 21 -21
right_child=2 -3 4 -5 5 6 -8 -9 9 10 11 -13 15 14 -16 -17 17 -19 19 20 -22 -23
leaf_value=0 0 0 1.1656728979923399e-06 0 0.00020633138039962499 0.03041658096256351 -0.012021743188192349 0.060226136074259647 -0.045669400042519119 0.021914961846155091 -0.022846334589621306 0.060679927241330582 -0.00096434447344834835 -0.00011792654204810864 -0.028669319935291208 -2.8167588781896457e-05 -4.4432524616825009e-05 0.027700029779765385 3.2877829765382784e-05 -0.00028826627521179272 -0.00050809052921269016 -0.017853164007461224
leaf_weight=583 82 554 307 52 639 1252 105 447 175 366 321 151 78 62 96 7541 722 894 1269 137 958 313
leaf_count=583 82 554 307 52 639 1252 105 447 175 366 321 151 78 62 96 7541 722 894 1269 137 958 313
internal_value=-0.00128695 -0.0206541 0.000164887 -0.0167891 0.000196237 0.000144453 0.000920269 0.00102668 0.000786344 9.62673e-05 0.000552195 -0.000242138 -2.64274e-05 -0.00039336 -0.00358589 0.000109849 0.000760153 0.00103856 -0.000230804 -0.000480238 -0.00100814 -0.0025
internal_weight=17104 1189 15915 635 15833 15526 2817 2712 2265 1013 838 472 12709 3474 158 9235 1694 1616 3316 2677 1408 450
internal_count=17104 1189 15915 635 15833 15526 2817 2712 2265 1013 838 472 12709 3474 158 9235 1694 1616 3316 2677 1408 450
is_linear=0
shrinkage=0.035


Tree=129
num_leaves=23
num_cat=0
split_feature=9 22 9 10 9 7 24 1 20 1 10 4 2 6 12 8 20 24 20 20 25 7
split_gain=386.342 11.1444 2.76664 2.02418 1.7884 0.948818 0.684513 0.769408 1.16166 0.581456 0.8969 0.504678 0.447599 1.30486 0.936739 0.644914 0.463232 0.478371 0.534329 0.539326 0.808096 0.62643
threshold=0.53708791208791218 34795.000000000007 0.57332179065277356 0.97590007294853509 0.75614179818437999 19.293165011134729 4685.0000000000009 23.023809523809529 6.5000000000000009 23.023809523809529 5.6579078561343898 20.60550089441811 10.314292272644416 4.5357142857142865 3.5818887807140345 21.761108290698008 23.500000000000004 4472.0000000000009 2.5000000000000004 6.5000000000000009 200.00000000000003 12.299319727891158
decision_type=2 2 2 2 2 2 2 2 2 2 2 2 2 2 2 2 2 2 2 2 2 2
left_child=1 3 -2 -1 -4 9 -7 -8 -9 12 -11 -10 -6 14 -14 16 17 -15 -19 20 -20 -22
right_child=2 -3 4 -5 5 6 7 8 11 10 -12 -13 13 15 -16 -17 -18 18 19 -21 21 -23
leaf_value=0 0 0 1.099551226872309e-06 0 -4.7387196250483406e-05 0.034175505652429758 0.017169386809834871 -0.032652048097322819 0.038070839000012867 -0.034315060073599371 -0.00092307060751501357 -0.024569598487797831 0.0009136948734209979 0.038378283043964082 -0.039956564618455002 -0.065445916793682557 0.026579357585260713 0.032594865435770781 -0.032694599648502833 0.0042492277434299152 0.021319101852887011 -0.017850313140082286
leaf_weight=598 88 551 315 45 10517 1214 427 83 95 64 117 71 63 271 46 54 673 162 88 1248 134 188
leaf_count=598 88 551 315 45 10517 1214 427 83 95 64 117 71 63 271 46 54 673 162 88 1248 134 188
internal_value=-0.00133584 -0.020495 0.000106167 -0.0169707 0.000142564 8.79512e-05 0.0008219 -4.62554e-05 -0.00159843 -1.28392e-05 -0.00195699 2.0468e-05 1.2752e-05 0.000396317 -0.00325439 0.000549239 0.000630733 0.000360687 0.000143836 -3.57786e-05 -0.00113855 -0.000246177
internal_weight=17112 1194 15918 643 15830 15515 1890 676 249 13625 181 166 13444 2927 109 2818 2764 2091 1820 1658 410 322
internal_count=17112 1194 15918 643 15830 15515 1890 676 249 13625 181 166 13444 2927 109 2818 2764 2091 1820 1658 410 322
is_linear=0
shrinkage=0.035


Tree=130
num_leaves=23
num_cat=0
split_feature=9 22 9 10 9 12 18 6 21 10 0 9 6 2 5 12 5 18 10 3 5 13
split_gain=399.134 11.9453 2.34581 1.96054 1.48038 1.10843 0.850497 0.7817 1.00649 0.933661 0.612971 0.6831 0.861802 0.542388 0.526242 0.486016 0.608352 0.75076 0.539242 0.691516 1.20926 0.460831
threshold=0.53708791208791218 34795.000000000007 0.57332179065277356 0.96921583719686422 1.0641324483029539 1.1252098250536189 1.0000000180025095e-35 22.052447947677845 4.5000000000000009 5.6579078561343898 1.769375620841543 1.3566482833550577 2.982783402872585 0.92963587001951853 34.129284693525193 1.2828451946772625 0.99491741027542968 1.0000000180025095e-35 0.75592894601845484 2.9119796322237961 2.1034298988961333 0.41428571428571431
decision_type=2 2 2 2 2 2 2 2 2 2 2 2 2 2 2 2 2 2 2 2 2 2
left_child=1 3 -2 13 6 10 -4 14 -9 -10 11 -6 -13 -1 15 21 17 -17 19 20 -18 -7
right_child=2 -3 4 -5 5 7 -8 8 9 -11 -12 12 -14 -15 -16 16 18 -19 -20 -21 -22 -23
leaf_value=0 0 0 2.2932700692458656e-06 0 6.7942995889398624e-05 0.00053485659096452894 -5.4256903414833878e-05 0.047576992545106833 -0.049306857569318539 0.028693488558164976 -0.0009520628168667183 -0.00099107217278690974 0.00040465625274352791 0 0.076396638535034492 -0.0024249680221641243 -0.017652290012694107 0.021810442514504317 0.00035654580333612467 0.0063059237447331299 -0.00055306148480851688 -4.2146015343735396e-05
leaf_weight=441 85 551 572 53 196 688 51 749 60 77 357 130 54 159 122 354 46 54 12178 71 65 72
leaf_count=441 85 551 572 53 196 688 51 749 60 77 357 130 54 159 122 354 46 54 12178 71 65 72
internal_value=-0.00128272 -0.0206729 0.000183035 -0.0170851 0.00021593 0.000146158 0.00188376 0.000214463 0.00122166 -0.00142958 -0.00116981 -0.000136364 -0.00168519 -0.0177314 0.000147382 0.000124917 7.20662e-05 -0.00124576 0.000117469 -0.00174064 -0.00343965 0.00098366
internal_weight=17185 1204 15981 653 15896 15273 623 14536 886 137 737 380 184 600 13650 13528 12768 408 12360 182 111 760
internal_count=17185 1204 15981 653 15896 15273 623 14536 886 137 737 380 184 600 13650 13528 12768 408 12360 182 111 760
is_linear=0
shrinkage=0.035


Tree=131
num_leaves=23
num_cat=0
split_feature=9 22 9 9 0 10 20 10 1 2 20 20 25 11 8 0 12 9 8 12 10 20
split_gain=387.595 12.37 1.89989 1.6563 1.44594 1.3329 0.940504 0.709352 0.922989 0.956111 0.635448 0.650946 0.54827 0.438141 0.695625 1.16194 0.640215 0.822537 0.542091 0.533341 0.577112 0.620506
threshold=0.53708791208791218 34795.000000000007 0.57332179065277356 1.0641324483029539 16.03274297468673 0.96921583719686422 22.500000000000004 4.6188021535170067 21.965076773329255 24.170466578992038 30.500000000000004 29.500000000000004 600.00000000000011 1.5897087143519026 3.3576964605203803 4.9584559719734012 4.4915595442794816 8.7171428571428589 7.3571521748885216 3.9877232291953697 4.5774796003640086 5.5000000000000009
decision_type=2 2 2 2 2 2 2 2 2 2 2 2 2 2 2 2 2 2 2 2 2 2
left_child=1 5 -2 -4 10 -1 7 8 12 -10 11 13 -6 14 -5 -16 17 18 -15 20 21 -19
right_child=2 -3 3 4 6 -7 -8 -9 9 -11 -12 -13 -14 16 15 -17 -18 19 -20 -21 -22 -23
leaf_value=0 0 0 2.0127055292887009e-06 -9.5153060576863541e-05 0.011208122525746617 0 0.04966915007525504 0.022072661699617441 -0.041370766068481453 0.088261357491807746 -0.0051899712012899247 0.025079178398415451 -0.031525205583588255 0.00034792938771590286 -0.028697220193741321 0.00011463471903801347 -0.0041458163947539761 -0.01504381487570719 -0.007041773829836521 0.025684470270650718 -0.027543302105498119 0.016944158426716135
leaf_weight=589 81 549 634 3154 389 51 678 1314 133 45 183 263 65 4328 86 110 1946 192 1007 416 115 834
leaf_count=589 81 549 634 3154 389 51 678 1314 133 45 183 263 65 4328 86 110 1946 192 1007 416 115 834
internal_value=-0.00130136 -0.0205369 0.000135374 0.000164465 9.012e-05 -0.0168488 0.000837391 0.000432343 -0.000510989 -0.00262022 -6.39685e-05 -3.20326e-05 0.000297386 -7.09012e-05 -0.000412071 -0.0024204 5.65986e-05 0.000216689 6.55444e-06 0.000923176 0.000506981 0.00078419
internal_weight=17162 1189 15973 15892 15258 640 2624 1946 632 178 12634 12451 454 12188 3350 196 8838 6892 5335 1557 1141 1026
internal_count=17162 1189 15973 15892 15258 640 2624 1946 632 178 12634 12451 454 12188 3350 196 8838 6892 5335 1557 1141 1026
is_linear=0
shrinkage=0.035


Tree=132
num_leaves=23
num_cat=0
split_feature=15 12 22 15 12 15 8 8 1 12 7 10 3 6 10 3 3 7 21 11 5 11
split_gain=362.02 28.7402 7.57159 1.66925 1.66031 6.66648 1.3278 0.668533 0.476055 0.929685 0.827659 0.555382 0.520852 0.773068 0.490437 0.974633 0.62664 0.591342 1.09629 0.754811 0.6186 1.16576
threshold=0.54356060606060608 0.7905469377017692 34795.000000000007 0.63961038961038974 0.65098982857185062 0.49000000000000005 21.59350063657968 0.64512287944562419 23.023809523809529 7.8123347644045165 16.288141836888595 2.4102953780654808 13.508154244475653 13.982558156555685 2.8784916685156952 7.69680936421629 5.2614774216179452 11.428755246468436 2.5000000000000004 2.7695360027141156 6.8960502196693847 4.3576382352153802
decision_type=2 2 2 2 2 2 2 2 2 2 2 2 2 2 2 2 2 2 2 2 2 2
left_child=4 2 -2 -3 5 -1 7 -6 10 12 14 -12 -10 -14 15 -9 -16 18 -18 -20 -21 -22
right_child=1 3 -4 -5 6 -7 -8 8 9 -11 11 -13 13 -15 16 -17 17 -19 19 20 21 -23
leaf_value=4.8242118864960399e-06 0 0 0 0 9.3689923267626692e-07 0 0.036592584748076966 1.6871365339168032e-06 -0.013376134960624989 -0.073202608723945267 -0.060851840856785314 0.019380595313963057 0.039457877612543463 -0.018990849244545908 0.0039775674688969087 0.015502853046243889 0.00062794396248919788 0.00011405056295774114 0.0070999355857030138 -0.0050438393454964731 -0.022186989000665552 0.0018443496865524611
leaf_weight=107 576 85 535 47 167 45 1224 7693 94 56 56 1268 85 163 789 1237 659 1264 86 283 450 135
leaf_count=107 576 85 535 47 167 45 1224 7693 94 56 56 1268 85 163 789 1237 659 1264 86 283 450 135
internal_value=-0.00126241 -0.0194127 -0.0212446 -0.00365328 0.000164566 -0.00341083 0.000201349 0.00010628 7.89291e-05 -0.00110298 0.000114363 0.000945448 -0.000332853 0.000456522 2.52759e-05 0.00016648 -0.000313675 -0.000556211 -0.000999382 -0.00175547 -0.00207274 -0.00272881
internal_weight=17104 1243 1111 132 15861 152 15709 14485 14318 398 13920 1324 342 248 12596 8930 3666 2877 1613 954 868 585
internal_count=17104 1243 1111 132 15861 152 15709 14485 14318 398 13920 1324 342 248 12596 8930 3666 2877 1613 954 868 585
is_linear=0
shrinkage=0.035


Tree=133
num_leaves=23
num_cat=0
split_feature=9 22 9 10 9 8 17 7 0 20 20 21 20 6 10 20 3 6 2 8 0 21
split_gain=388.018 11.7859 5.9939 1.63726 1.50687 1.26561 1.0912 0.739883 0.676153 0.64773 0.908244 1.18684 0.982228 0.914614 1.1102 0.896839 0.721869 0.643734 1.22794 1.11536 0.598717 0.883797
threshold=0.53708791208791218 34795.000000000007 0.57332179065277356 0.96921583719686422 0.75614179818437999 8.4634227218032283 1.0000000180025095e-35 8.5703912678374952 6.9686127082414542 25.500000000000004 11.500000000000002 3.5000000000000004 7.5000000000000009 7.2865913714874226 3.5050983275386689 2.5000000000000004 9.0039695662631729 17.961864802538603 14.823797653521892 22.441918903834296 8.1342290082565736 4.5000000000000009
decision_type=2 2 2 2 2 2 2 2 2 2 2 2 2 2 2 2 2 2 2 2 2 2
left_child=1 3 -2 -1 -4 7 9 -6 -9 10 12 -12 15 14 -13 16 -7 -17 -19 -20 -14 -22
right_child=2 -3 4 -5 5 6 -8 8 -10 -11 11 13 20 -15 -16 17 -18 18 19 -21 21 -23
leaf_value=0 -3.1865370199893846e-08 0 8.9933555676321547e-07 0 -3.8512710340295929e-05 -0.016190381677887621 0.021180663945097974 0.0015165290785817964 -0.026949033471431363 0.025550306316883646 0.00062512528938202542 -0.0011776286578066824 -0.010114840890227595 -0.013181929824553485 -0.03372773900713702 -0.00069279439803874307 0.051872224087886734 0.038993763150213724 -0.033357847598218332 -0.00065526415773906499 0.067988856375481577 -0.029503784728265869
leaf_weight=598 86 541 308 52 8899 142 1742 89 201 688 1411 48 105 453 52 615 260 48 87 70 513 77
leaf_count=598 86 541 308 52 8899 142 1742 89 201 688 1411 48 105 453 52 615 260 48 87 70 513 77
internal_value=-0.00130047 -0.0205259 0.000145072 -0.0169656 0.000197654 0.000147856 0.000529766 -0.000112682 -0.00183898 0.000240271 5.94443e-05 -0.000463941 0.000604579 -0.00183154 -0.00483333 0 0.00135012 -0.000657576 -0.00233333 -0.00384568 0.00165 0.00208824
internal_weight=17085 1191 15894 650 15808 15500 6311 9189 290 4569 3881 1964 1917 553 100 1222 402 820 205 157 695 590
internal_count=17085 1191 15894 650 15808 15500 6311 9189 290 4569 3881 1964 1917 553 100 1222 402 820 205 157 695 590
is_linear=0
shrinkage=0.035


Tree=134
num_leaves=23
num_cat=0
split_feature=9 22 9 2 7 20 18 17 20 20 20 2 21 6 7 25 25 21 0 20 21 21
split_gain=380.198 11.4351 1.44801 1.41341 1.18218 1.44112 0.783807 0.675948 0.657069 1.25662 0.592383 0.704622 0.833256 0.717307 0.673332 0.919787 0.589724 0.545362 1.29905 0.969973 0.857105 0.860115
threshold=0.53708791208791218 34795.000000000007 1.0641324483029539 1.6826396187409476 14.001745838491638 23.500000000000004 1.0000000180025095e-35 1.0000000180025095e-35 3.5000000000000004 4.5000000000000009 11.500000000000002 13.982558156555685 2.5000000000000004 5.172349027628159 7.2844731735882391 191.00000000000003 455.50000000000006 4.5000000000000009 17.903471131289511 12.500000000000002 3.5000000000000004 2.5000000000000004
decision_type=2 2 2 2 2 2 2 2 2 2 2 2 2 2 2 2 2 2 2 2 2 2
left_child=1 3 6 -1 10 7 -2 8 16 -10 11 13 -13 14 -4 -16 -6 19 -19 20 21 -11
right_child=2 -3 4 -5 5 -7 -8 -9 9 17 -12 12 -14 -15 15 -17 -18 18 -20 -21 -22 -23
leaf_value=0 8.5477500551342248e-07 0 0.00011563132605718575 0 0.06348162133839147 0.045874293368095717 -5.0896016486033217e-05 0.019429163270083719 -0.027947237463834713 0.020100092057251828 -0.00041620645783020741 -0.030084442422401349 0.00013927273407056409 0.010985845880255118 -0.027234260413317595 -0.005231257560542258 -0.031926946218283014 0.0063211406434526126 -0.057003602755677035 -0.0096932188865983034 0.11695661264887751 -0.016452485865838647
leaf_weight=595 647 541 2753 45 317 752 60 767 102 341 6843 91 167 1246 54 340 54 71 58 871 197 169
leaf_count=595 647 541 2753 45 317 752 60 767 102 341 6843 91 167 1246 54 340 54 71 58 871 197 169
internal_value=-0.00128725 -0.0204039 0.000137535 -0.0168488 6.40217e-05 0.000608531 0.00168118 0.000251355 -5.60639e-05 -0.000339581 -0.000109879 0.00019244 -0.00155703 0.000300819 1.3325e-05 -0.00132456 0.00126596 -9.81307e-05 -0.00224627 7.29629e-05 0.00104213 0.000237864
internal_weight=17081 1181 15900 640 15193 3699 707 2947 2180 1809 11494 4651 258 4393 3147 394 371 1707 129 1578 707 510
internal_count=17081 1181 15900 640 15193 3699 707 2947 2180 1809 11494 4651 258 4393 3147 394 371 1707 129 1578 707 510
is_linear=0
shrinkage=0.035


Tree=135
num_leaves=23
num_cat=0
split_feature=9 22 9 9 2 0 15 16 22 18 9 2 11 11 5 20 20 20 9 20 0 4
split_gain=405.904 12.2122 7.31204 1.69338 1.57603 1.13799 0.888859 0.672973 0.628705 0.604322 0.425124 0.587828 0.582532 0.428652 0.493396 0.599304 0.427117 0.739955 0.415237 1.16578 0.834175 0.817177
threshold=0.53708791208791218 34795.000000000007 0.57332179065277356 1.1086040571081874 1.9999246801866812 21.011946453809166 0.56385869565217395 1.0000000180025095e-35 52360.000000000007 1.0000000180025095e-35 7.1077571794828254 5.5131578947368434 4.28644682384214 3.6272426407007825 8.9846950015344529 13.500000000000002 18.500000000000004 25.500000000000004 4.6726190476190483 23.500000000000004 9.9001120243386893 5.0127769206881263
decision_type=2 2 2 2 2 2 2 2 2 2 2 2 2 2 2 2 2 2 2 2 2 2
left_child=1 4 6 9 -1 7 -2 8 18 -4 11 16 13 14 15 -12 -10 -18 21 20 -20 -5
right_child=2 -3 3 5 -6 -7 -8 -9 10 -11 12 -13 -14 -15 -16 -17 17 -19 19 -21 -22 -23
leaf_value=0 -6.0667207435867345e-08 0 2.526295287285535e-06 -2.7937300799813911e-05 0 0.024059474450257537 -2.8801837235973506e-08 0.023850657019259924 -0.00080605070168747635 -4.9841844280854178e-05 -0.00089720285078446105 0.021447594973826922 0.0063638957301274347 -0.025082054863377608 0.020940572046437678 -0.031146812275396899 0.00021402044008497396 -0.00012165629739215634 0.0032767272013208833 0.020887305643608675 -0.0032064443828924601 -0.0034755933449033822
leaf_weight=603 47 564 621 5217 45 1312 46 443 277 64 60 151 59 57 49 48 93 77 2439 1531 2953 362
leaf_count=603 47 564 621 5217 45 1312 46 443 277 64 60 151 59 57 49 48 93 77 2439 1531 2953 362
internal_value=-0.00131983 -0.0208016 0.0001696 0.000229675 -0.0171355 0.000151028 -0.00935714 5.59657e-05 9.94183e-06 0.00192754 -0.000894977 -0.000330846 -0.00203957 -0.00289269 -0.00168519 -0.00300442 -0.00099115 0.0003 7.47183e-05 0.00025664 1.10248e-05 -0.000147923
internal_weight=17118 1212 15906 15813 648 15128 93 13816 13373 685 871 598 273 214 157 108 447 170 12502 6923 5392 5579
internal_count=17118 1212 15906 15813 648 15128 93 13816 13373 685 871 598 273 214 157 108 447 170 12502 6923 5392 5579
is_linear=0
shrinkage=0.035


Tree=136
num_leaves=23
num_cat=0
split_feature=9 22 9 2 9 6 21 2 12 20 20 21 24 11 11 20 8 11 18 8 8 25
split_gain=396.489 10.4909 4.44189 3.05429 1.79414 1.36399 0.876151 0.822446 0.702342 0.606103 0.969148 1.08616 0.831602 0.751907 0.697827 0.692743 0.772379 0.65422 0.590434 0.582569 0.56777 0.851304
threshold=0.53708791208791218 34795.000000000007 0.57332179065277356 1.9999246801866812 1.1086040571081874 22.052447947677845 4.5000000000000009 24.170466578992038 1.1252098250536189 11.500000000000002 6.5000000000000009 1.5000000000000002 8654.0000000000018 2.9211242755088396 2.7695360027141156 25.500000000000004 9.3537767547828228 1.395909986653572 1.0000000180025095e-35 1.2857920513923358 1.4308035714285716 381.00000000000006
decision_type=2 2 2 2 2 2 2 2 2 2 2 2 2 2 2 2 2 2 2 2 2 2
left_child=1 3 -2 -1 18 8 -7 -8 20 10 -10 12 17 14 -13 -11 19 -12 -4 -17 -6 -22
right_child=2 -3 4 -5 5 6 7 -9 9 15 11 13 -14 -15 -16 16 -18 -19 -20 -21 21 -23
leaf_value=0 -2.7793772932714433e-08 0 2.339333543552368e-06 0 9.7641032096848714e-06 0.050400617235976185 -0.045951138766837853 0.082437680035245195 -8.5061542926869347e-05 -0.00074335539924217623 -0.001222821310864212 0.0038868847244547845 -0.017944535166806792 0.047371224052860379 -0.025958743434753073 -0.00021323925308450222 0.028193046187542804 0.0012364638374099191 -4.866238961140665e-05 0.00036149058105390606 -0.0016852101787694601 0.00037573360313671722
leaf_weight=605 87 557 631 46 294 758 92 51 3209 6010 48 957 172 771 47 63 650 336 53 1415 233 130
leaf_count=605 87 557 631 46 294 758 92 51 3209 6010 48 957 172 771 47 63 650 336 53 1415 233 130
internal_value=-0.00132927 -0.020622 0.000131589 -0.0172012 0.000176923 9.66801e-05 0.00141391 -0.000993243 1.22038e-05 6.72734e-05 0.000350316 0.00089298 -0.000430481 0.00131742 0.0006556 -0.000123357 0.000415143 0.000440874 0.00192525 -1.65204e-05 -0.0010997 -0.0020163
internal_weight=17215 1208 16007 651 15920 15236 901 143 14335 13678 5540 2331 556 1775 1004 8138 2128 384 684 1478 657 363
internal_count=17215 1208 16007 651 15920 15236 901 143 14335 13678 5540 2331 556 1775 1004 8138 2128 384 684 1478 657 363
is_linear=0
shrinkage=0.035


Tree=137
num_leaves=23
num_cat=0
split_feature=9 22 10 9 15 5 22 0 0 11 23 9 12 11 2 4 0 16 22 15 3 5
split_gain=390.462 13.7623 5.98191 1.98581 1.40107 0.971718 0.522606 0.702364 0.54114 0.681358 0.534449 3.10528 0.670809 0.589752 0.927079 0.827974 0.738798 0.757582 0.730133 0.63973 0.889878 0.79246
threshold=0.57332179065277356 34795.000000000007 1.0564524048220496 1.0641324483029539 0.54356060606060608 27.851297849228462 15527.500000000002 35.433215501771933 23.023809523809529 8.4235408307209809 21250.000000000004 3.5225426318622999 2.1235822433084404 1.6491722628931571 3.2187509744530982 2.1576609397334576 9.6803634230888118 1.0000000180025095e-35 52360.000000000007 0.12250000000000001 5.9978252760003432 2.9974617545665088
decision_type=2 2 2 2 2 2 2 2 2 2 2 2 2 2 2 2 2 2 2 2 2 2
left_child=1 2 4 -2 -1 6 -5 8 9 10 11 12 -8 14 15 -12 18 -18 -15 20 21 -16
right_child=3 -3 -4 5 -6 -7 7 -9 -10 -11 13 -13 -14 16 19 -17 17 -19 -20 -21 -22 -23
leaf_value=-5.7571073122966982e-08 2.0917215790466595e-06 0 0 0.0020750616612495911 0 0.043101087121180055 -0.00020305616101077369 -0.024248669243388386 0.024975433958271162 -0.0094969586353860838 -0.00045690630305123898 -0.018754791904068129 0.02635148019675871 0.0035440627086299049 -0.009722544628826945 0.00050191744491251736 -0.0029782371324270076 0.035067815320390584 -0.0057628874156501206 0.018408939220463865 0.012689924049548886 -0.021952474069954767
leaf_weight=70 618 547 56 3035 602 453 886 64 296 256 1165 61 79 4302 111 713 2941 135 480 91 64 192
leaf_count=70 618 547 56 3035 602 453 886 64 296 256 1165 61 79 4302 111 713 2941 135 480 91 64 192
internal_value=-0.0013348 -0.0199336 -0.0164591 0.000157365 -0.0173863 7.74024e-05 2.72924e-05 -7.65559e-05 -5.43855e-05 -9.4199e-05 -5.14475e-05 -0.000811348 -0.00028866 2.36789e-05 -0.000461982 -0.000105948 0.000170482 -0.000248783 0.000443806 -0.00186717 -0.00252151 -0.00331818
internal_weight=17217 1275 728 15942 672 15324 14871 11836 11772 11476 11220 1026 965 10194 2336 1878 7858 3076 4782 458 367 303
internal_count=17217 1275 728 15942 672 15324 14871 11836 11772 11476 11220 1026 965 10194 2336 1878 7858 3076 4782 458 367 303
is_linear=0
shrinkage=0.035


Tree=138
num_leaves=23
num_cat=0
split_feature=9 22 10 10 21 9 0 7 20 25 20 21 21 2 23 25 7 17 9 0 6 14
split_gain=364.442 18.1786 3.74763 1.99115 1.91725 1.40399 0.911523 0.875278 0.517634 0.654653 0.5257 0.589905 1.069 0.668375 0.880696 0.628309 0.467214 0.452806 1.11195 0.547533 1.00073 0.477337
threshold=0.57332179065277356 34795.000000000007 1.0564524048220496 0.42429768886763164 2.5000000000000004 0.75614179818437999 21.011946453809166 28.467699617561198 30.500000000000004 455.50000000000006 27.500000000000004 2.5000000000000004 3.5000000000000004 1.3800681417141047 41450.000000000007 455.50000000000006 8.8530636656576522 1.0000000180025095e-35 8.6402203508466524 7.9927388748624617 4.9547980748721674 1.0000000180025095e-35
decision_type=2 2 2 2 2 2 2 2 2 2 2 2 2 2 2 2 2 2 2 2 2 2
left_child=1 2 3 -1 -5 -2 7 8 10 -10 17 13 -13 -12 -15 -14 -16 -7 19 21 -21 -19
right_child=5 -3 -4 4 -6 6 -8 -9 9 -11 11 12 15 14 16 -17 -18 18 -20 20 -22 -23
leaf_value=0 5.8824918254385226e-07 0 0 0 0 -3.0644253403082155e-05 0.023191687294179419 -0.012979723936303957 -0.00024044095642954282 -0.024220200813906922 -0.0025682000247353857 0.058077127698160952 0.013774628186219882 0.0067191384904764749 0.0021472101177694848 -0.0082562355257779114 -0.025499250933938671 0.003618342765694023 0.022714767312334527 -0.013892466200671647 -0.0047007150271646892 -7.7509619411807008e-05
leaf_weight=205 304 540 57 233 241 9348 1327 68 151 67 85 310 221 272 103 94 86 860 1193 53 242 1162
leaf_count=205 304 540 57 233 241 9348 1327 68 151 67 85 310 221 272 103 94 86 860 1193 53 242 1162
internal_value=-0.00118915 -0.0191503 -0.0152989 -0.0160468 -0.0142557 0.000252555 0.000205119 0.000122207 0.000142927 -0.00152242 0.000170586 0.000880952 0.00161111 6.35222e-06 0.000570816 0.000109375 -0.00119072 0.000104214 0.000443101 0 -0.0014 0.000202023
internal_weight=17222 1276 736 679 474 15946 15642 14315 14247 218 14029 1171 625 546 461 315 189 12858 3510 2317 295 2022
internal_count=17222 1276 736 679 474 15946 15642 14315 14247 218 14029 1171 625 546 461 315 189 12858 3510 2317 295 2022
is_linear=0
shrinkage=0.035


Tree=139
num_leaves=23
num_cat=0
split_feature=15 9 23 5 20 6 8 2 9 20 20 3 9 20 5 4 11 11 23 21 20 0
split_gain=383.08 27.0402 11.6931 0.993116 0.862877 1.56157 0.805601 0.739099 0.707082 0.960087 1.30568 0.928578 0.970852 0.844003 0.698231 0.675239 1.05645 0.68839 0.618903 0.614415 0.699386 0.896672
threshold=0.54356060606060608 0.57332179065277356 40250.000000000007 27.851297849228462 24.500000000000004 4.0075510609739959 1.2844387755102045 1.9999246801866812 1.9648926707350622 13.500000000000002 7.5000000000000009 1.0833947985161962 1.6084720730397424 14.500000000000002 6.086651859151325 2.37594586696614 1.3008872711759827 1.3771289680025882 7350.0000000000009 1.5000000000000002 2.5000000000000004 12.996151141142256
decision_type=2 2 2 2 2 2 2 2 2 2 2 2 2 2 2 2 2 2 2 2 2 2
left_child=3 2 7 4 6 18 -1 -2 11 10 19 -8 -13 -11 -15 16 -14 -17 -6 -10 -21 -22
right_child=1 -3 -4 -5 5 -7 8 -9 9 13 -12 12 15 14 -16 17 -18 -19 -20 20 21 -23
leaf_value=1.6192862466978736e-06 0 5.6309300748595275e-07 0 0.046844288925476048 5.3599766202292196e-06 0.015269861211570774 6.6338344620479154e-05 0 -0.0074079057572238975 -0.012174850775363736 0.0091450015524016624 -8.3054860018594149e-05 -0.0029464343650408794 0.00093835244111525732 -0.0050405177501630849 0.013171834995850791 -0.00073318514370048914 -0.0014153803331957736 -0.00044740140362467263 0.0064831566550168553 0.001019543355317274 -0.016723717424000823
leaf_weight=799 599 58 551 459 97 1885 509 45 769 410 2637 285 128 2135 1832 49 106 52 933 729 1480 547
leaf_count=799 599 58 551 459 97 1885 509 45 769 410 2637 285 128 2135 1832 49 106 52 933 729 1480 547
internal_value=-0.00130818 -0.0198983 -0.0210292 0.000166982 0.000117599 0.000659247 -7.85747e-06 -0.0174245 -8.30548e-05 4.64732e-06 0.000287741 -0.00091358 -0.00182 -0.000389776 -0.000227341 -0.00308824 -0.00411506 -0.000462264 -0.000422705 -0.000148725 9.00037e-05 -0.000237697
internal_weight=17094 1253 1195 15841 15382 2915 12467 644 11668 10539 6162 1129 620 4377 3967 335 234 101 1030 3525 2756 2027
internal_count=17094 1253 1195 15841 15382 2915 12467 644 11668 10539 6162 1129 620 4377 3967 335 234 101 1030 3525 2756 2027
is_linear=0
shrinkage=0.035


Tree=140
num_leaves=23
num_cat=0
split_feature=9 22 10 15 9 6 6 20 5 6 2 5 6 2 9 9 4 12 20 20 4 24
split_gain=378.763 14.9804 4.07189 1.96729 0.860868 0.819473 0.799032 0.648372 0.473695 0.400818 0.558818 0.499153 0.41605 0.386054 0.365091 1.13959 1.06026 0.646686 0.630333 1.14806 0.981297 1.19762
threshold=0.57332179065277356 34795.000000000007 1.0564524048220496 0.54356060606060608 0.75614179818437999 23.937493722930562 2.982783402872585 23.500000000000004 33.500000000000007 27.062749211546333 24.170466578992038 24.170466578992038 30.236721569975128 17.903471131289511 4.6726190476190483 5.7857189445871189 6.9966807769941894 1.9456632077282754 6.5000000000000009 11.500000000000002 5.172349027628159 9349.5000000000018
decision_type=2 2 2 2 2 2 2 2 2 2 2 2 2 2 2 2 2 2 2 2 2 2
left_child=1 2 3 -1 6 8 -2 9 14 -7 11 12 -11 -14 16 -16 -6 -18 -17 20 21 -20
right_child=4 -3 -4 -5 5 7 -8 -9 -10 10 -12 -13 13 -15 15 18 17 -19 19 -21 -22 -23
leaf_value=-1.1223110419808873e-07 6.570176264422519e-07 0 0 0 -4.6158788224173249e-05 0.047503098856202623 -5.5645281677732408e-05 0.088458298248408201 0.045257577025867059 -0.041992641606556663 0.062084835137357228 0.084779110601469948 0.056772115514041072 -0.045202415438271415 0.024794814081726752 -0.0046488100379052863 0.012232219516946427 -0.0071290935279106566 0.0099637369304733867 0.00037901085084771048 0.048199357170211052 -0.017053945583139878
leaf_weight=74 225 527 55 601 6356 232 74 234 140 66 84 47 46 45 323 1885 56 123 259 4575 863 183
leaf_count=74 225 527 55 601 6356 232 74 234 140 66 84 47 46 45 323 1885 56 123 259 4575 863 183
internal_value=-0.00131614 -0.0197686 -0.0162143 -0.0169853 0.000155079 0.000117704 0.00200329 0.00124045 5.87759e-05 0.0005 -0.000322525 -0.00135646 -0.00233333 -0.000510417 3.78043e-05 0.00019591 -0.000155199 -0.00277717 0.000108108 0.000288445 0.00120229 -0.00010179
internal_weight=17073 1257 730 675 15816 15517 299 754 14763 520 288 204 157 91 14623 8088 6535 179 7765 5880 1305 442
internal_count=17073 1257 730 675 15816 15517 299 754 14763 520 288 204 157 91 14623 8088 6535 179 7765 5880 1305 442
is_linear=0
shrinkage=0.035


Tree=141
num_leaves=23
num_cat=0
split_feature=9 22 9 10 5 15 9 12 0 7 7 5 20 0 12 18 8 3 20 25 11 5
split_gain=384.599 11.5519 5.90084 2.10249 1.60042 1.16684 1.1217 1.05223 0.759229 1.05311 0.554766 0.536399 0.502744 0.79979 0.466199 0.459802 0.631666 0.618836 0.490784 0.441003 0.526188 1.0111
threshold=0.53708791208791218 34795.000000000007 0.57332179065277356 0.96921583719686422 27.851297849228462 0.56385869565217395 1.0641324483029539 1.1252098250536189 21.011946453809166 28.467699617561198 1.6269715917855294 0.99491741027542968 24.500000000000004 0.52719756979206178 1.0945553872080129 1.0000000180025095e-35 2.3333571197290919 2.7974879254646123 16.500000000000004 637.50000000000011 0.92878273166406544 2.7510802800496736
decision_type=2 2 2 2 2 2 2 2 2 2 2 2 2 2 2 2 2 2 2 2 2 2
left_child=1 3 5 -1 6 -2 12 10 9 11 14 15 -4 -14 -8 16 -9 -18 -19 20 -12 -22
right_child=2 -3 4 -5 -6 -7 7 8 -10 -11 19 -13 13 -15 -16 -17 17 18 -20 -21 21 -23
leaf_value=0 -1.0830301555115563e-07 0 1.4735669709801586e-06 0 0.046637814526072616 -2.6820990880069428e-08 2.5319816190336759e-06 -7.4594233007151142e-05 0.017865092178101109 -0.016358694837415359 -0.0082315399017247708 5.1527244550005426e-05 -0.00052628382740502709 2.079016362125508e-05 -0.00084357267706135696 0.02488296177941202 -0.012189995002922034 -0.016368781087580796 0.010958191637880919 0.010111212387217853 -0.0012614548948527995 0.00083375802091378078
leaf_weight=592 45 551 513 54 454 45 385 265 1070 55 75 12403 55 64 63 63 82 46 45 54 88 54
leaf_count=592 45 551 513 54 454 45 385 265 1070 55 75 12403 55 64 63 63 82 46 45 54 88 54
internal_value=-0.00140278 -0.0204933 3.71337e-05 -0.0169301 9.03783e-05 -0.00865789 2.84369e-05 -3.25017e-05 3.3419e-05 -3.94167e-05 -0.00133425 -1.65387e-05 0.00146703 -0.000451613 -0.00051766 -0.00113439 -0.00155643 -0.00318539 -0.000875 -0.00258696 -0.00327928 -0.0017381
internal_weight=17121 1197 15924 646 15834 90 15380 14748 14029 12959 719 12904 632 119 448 501 438 173 91 271 217 142
internal_count=17121 1197 15924 646 15834 90 15380 14748 14029 12959 719 12904 632 119 448 501 438 173 91 271 217 142
is_linear=0
shrinkage=0.035


Tree=142
num_leaves=23
num_cat=0
split_feature=9 22 9 12 9 5 21 1 12 22 25 2 11 5 24 4 10 25 12 4 6 11
split_gain=385.839 13.5017 5.45917 2.61882 0.778352 0.737934 0.514906 0.801036 0.788014 0.60016 0.547483 0.802393 0.704427 0.687235 0.661209 1.08269 0.607347 0.544119 0.504079 0.926487 0.721656 0.503487
threshold=0.53708791208791218 34795.000000000007 0.57332179065277356 0.7905469377017692 0.65267186346043349 27.851297849228462 3.5000000000000004 0.97613398113309346 2.1235822433084404 4464.0000000000009 381.00000000000006 3.0003581617680068 5.0817341175423136 1.9999246801866812 11523.000000000002 3.9929401464817613 3.9759556895112707 878.00000000000011 0.9988261512073161 2.2228186502082319 2.0727513227513232 6.5601611445048018
decision_type=2 2 2 2 2 2 2 2 2 2 2 2 2 2 2 2 2 2 2 2 2 2
left_child=1 3 -2 -1 -4 6 8 -8 9 -6 13 17 16 18 -15 -16 -13 -12 -9 20 -20 -10
right_child=2 -3 4 -5 5 -7 7 10 21 -11 11 12 -14 14 15 -17 -18 -19 19 -21 -22 -23
leaf_value=0 -3.0466118186518714e-08 0 4.6881429131416005e-07 0 3.8923005337539255e-05 0.036300471409712057 9.727975247948847e-05 2.7242132409439156e-06 0.0057745227770253016 -0.00014367566856387609 0.0011299546231096848 -0.0019328734319300819 0.0066922347292195468 -0.00080688371944918034 0.0021614828449532308 -0.012964330477384009 -0.018589619978927888 -0.015470248196814286 -0.0025168008727497484 -0.00041484321677980128 -0.0029450898420954105 -0.0043292339672473335
leaf_weight=563 90 552 150 63 380 461 243 57 5562 3950 450 540 450 2071 73 61 163 85 119 135 67 851
leaf_count=563 90 552 150 63 380 461 243 57 5562 3950 450 540 450 2071 73 61 163 85 119 135 67 851
internal_value=-0.00135561 -0.020642 7.30127e-05 -0.0167456 0.000124142 9.86136e-05 5.54974e-05 -0.000256362 0.000188221 -0.000173587 -0.000371609 0.000109569 -0.000398964 -0.000692426 -0.000443439 -0.00279496 -0.00109746 0.00123148 -0.00207441 -0.00261963 -0.00419633 0.000435182
internal_weight=17136 1178 15958 626 15868 15718 15257 4514 10743 4330 4271 1688 1153 2583 2205 134 703 535 378 321 186 6413
internal_count=17136 1178 15958 626 15868 15718 15257 4514 10743 4330 4271 1688 1153 2583 2205 134 703 535 378 321 186 6413
is_linear=0
shrinkage=0.035


Tree=143
num_leaves=23
num_cat=0
split_feature=9 22 9 10 15 9 6 21 0 6 4 9 11 15 8 11 15 22 21 11 20 20
split_gain=382.686 10.2678 6.84748 3.0904 1.18213 0.889106 0.812178 0.948489 0.830624 0.44654 0.728389 0.371365 0.910493 1.43284 0.818039 0.701438 0.671307 0.494278 0.458481 0.44902 0.589453 0.543972
threshold=0.53708791208791218 34795.000000000007 0.57332179065277356 0.96921583719686422 0.56385869565217395 0.65267186346043349 22.052447947677845 4.5000000000000009 17.903471131289511 21.011946453809166 17.961864802538603 4.6726190476190483 2.2762201434266038 0.069047619047619066 5.6937212231911305 2.868281419105108 1.0000000180025095e-35 5643.5000000000009 3.5000000000000004 1.5281246137553179 5.5000000000000009 11.500000000000002
decision_type=2 2 2 2 2 2 2 2 2 2 2 2 2 2 2 2 2 2 2 2 2 2
left_child=1 3 4 -1 -2 -4 9 -8 -9 11 -11 12 17 15 18 16 -14 -7 -13 20 -16 -21
right_child=2 -3 5 -5 -6 6 7 8 -10 10 -12 14 13 -15 19 -17 -18 -19 -20 21 -22 -23
leaf_value=0 -1.0344609587033702e-07 0 4.5240579111816448e-07 0 -2.481594206273884e-08 3.0284120268996676e-05 0.039979355834319601 0.043624684405709616 -0.048897281971300485 -0.017245877799053497 0.012029727173114464 0.027779642818267829 -0.0073105347758383498 0.0014844322663451954 -0.016152492753750244 -5.3624176460558798e-05 -0.027241687030509082 -4.1256539038163619e-05 -0.0017364056116126461 0.0039024647669623344 0.014703457047831256 -0.00063022196043124661
leaf_weight=597 46 550 145 51 45 471 768 62 83 53 76 289 160 345 45 92 91 5554 51 3071 48 4418
leaf_count=597 46 550 145 51 45 471 768 62 83 53 76 289 160 345 45 92 91 5554 51 3071 48 4418
internal_value=-0.00138111 -0.0204152 5.67284e-05 -0.0170283 -0.00926042 0.00011433 8.7489e-05 0.00109804 -0.0014 2.34614e-05 -0.00198507 4.30329e-05 -0.000146919 -0.00134848 0.000206194 -0.00293678 -0.00388281 -5.80418e-06 0.00187681 0.000127784 -0.00221429 0.000160662
internal_weight=17111 1198 15913 648 91 15822 15677 913 145 14764 129 14635 6713 688 7922 343 251 6025 340 7582 93 7489
internal_count=17111 1198 15913 648 91 15822 15677 913 145 14764 129 14635 6713 688 7922 343 251 6025 340 7582 93 7489
is_linear=0
shrinkage=0.035


Tree=144
num_leaves=23
num_cat=0
split_feature=9 22 9 10 9 5 6 21 6 2 0 4 11 4 9 2 4 24 2 12 10 5
split_gain=377.453 11.9392 5.58276 2.41003 0.854268 0.798229 0.385324 0.817764 0.620229 1.10104 0.479358 0.414204 1.00609 0.975823 0.910699 1.61149 0.535261 0.927593 0.495875 0.482028 0.474363 0.415951
threshold=0.53708791208791218 34795.000000000007 0.57332179065277356 0.96921583719686422 0.65267186346043349 27.851297849228462 22.052447947677845 4.5000000000000009 21.011946453809166 19.556552062598733 17.903471131289511 24.170466578992038 5.8257669400311958 19.010370193622947 20.551106820578845 17.903471131289511 16.987659160272365 4472.0000000000009 20.983158914892449 6.918985069027408 2.6276913640612212 11.827380952380954
decision_type=2 2 2 2 2 2 2 2 2 2 2 2 2 2 2 2 2 2 2 2 2 2
left_child=1 3 -2 -1 -4 6 8 -8 11 -10 -9 13 -13 16 15 -14 -6 19 -16 -18 -19 -22
right_child=2 -3 4 -5 5 -7 7 10 9 -11 -12 12 14 -15 18 -17 17 20 -20 -21 21 -23
leaf_value=0 -6.7034009371205872e-08 0 4.3657158842902869e-07 0 1.1376736342069202e-05 0.040116611329832602 0.030249318353989908 0.029238236854738645 -0.044994985716244315 0.025761576555317425 -0.047185877140872003 0.05700617898064525 -0.0011501119312891778 0.026298055961354497 0.084929365187523323 -0.076944872149405416 0.036186528180891984 0.026877960618589308 -0.0509710157971918 -0.015011257796141705 -0.026285339493364448 -0.022267713738723167
leaf_weight=594 80 540 143 47 13006 460 633 61 55 49 63 109 84 506 64 52 91 49 85 46 118 211
leaf_count=594 80 540 143 47 13006 460 633 61 55 49 63 109 84 506 64 52 91 49 85 46 118 211
internal_value=-0.00132421 -0.0203744 8.98561e-05 -0.0167632 0.000138767 0.000112688 6.79991e-05 0.000835958 2.6497e-05 -0.00260092 -0.00165504 4.75532e-05 -0.0010614 8.03165e-05 -0.00217241 -0.00419504 2.22536e-05 -0.00107692 -0.000136364 0.00128169 -0.00198303 -0.00247305
internal_weight=17146 1181 15965 641 15885 15742 15282 757 14525 104 124 14421 394 14027 285 136 13521 515 149 137 378 329
internal_count=17146 1181 15965 641 15885 15742 15282 757 14525 104 124 14421 394 14027 285 136 13521 515 149 137 378 329
is_linear=0
shrinkage=0.035


Tree=145
num_leaves=23
num_cat=0
split_feature=9 22 9 15 11 9 20 9 20 10 1 1 20 0 18 15 15 7 25 13 10 9
split_gain=370.41 10.4234 5.80573 2.35374 2.25824 0.590789 0.740792 0.646567 0.63364 0.608448 0.625155 0.639559 0.505232 0.864964 0.617399 0.482042 0.660091 0.481073 0.637213 0.506797 0.4745 0.464973
threshold=0.53708791208791218 34795.000000000007 0.57332179065277356 0.56385869565217395 0.75955452531275025 20.401106820578843 23.500000000000004 1.1086040571081874 2.5000000000000004 4.7559486560567157 21.965076773329255 26.94184716045481 24.500000000000004 0.52719756979206178 1.0000000180025095e-35 0.10912698412698414 0.12771739130434787 1.5718492978134759 499.50000000000006 1.0000000180025095e-35 4.0708019567928515 1.928614655592682
decision_type=2 2 2 2 2 2 2 2 2 2 2 2 2 2 2 2 2 2 2 2 2 2
left_child=1 4 3 -2 -1 7 8 12 -7 10 20 -12 14 -14 -4 17 -17 18 -9 21 -10 -19
right_child=2 -3 5 -5 -6 6 -8 15 9 -11 11 -13 13 -15 -16 16 -18 19 -20 -21 -22 -23
leaf_value=0 -7.7804406052978685e-08 0 1.205284451054008e-06 -2.1601193762550772e-08 0 0.10406172399439012 0.085941433292966843 -0.0027024575298063027 0.086629286357610483 0.016087006108858239 -0.04349741025748366 0.026969316115569644 -0.00050784952220841117 8.5782560552627776e-06 -4.6777974434286322e-05 -0.012478676207615847 -0.0001076240254050681 -0.0036804997795371044 0.011927439859716889 0.0061472247771652234 -0.03610745625922103 0.00030040009314078104
leaf_weight=558 47 528 515 49 98 124 331 130 75 817 96 54 56 80 56 61 2284 61 56 1034 45 10030
leaf_count=558 47 528 515 49 98 124 331 130 75 817 96 54 56 80 56 61 2284 61 56 1034 45 10030
internal_value=-0.00131937 -0.0201669 8.00326e-05 -0.00828218 -0.0168328 0.000134192 0.000785068 6.28481e-05 0.000362665 7.05129e-05 -0.00133636 -0.00282258 0.00109129 -0.000719858 0.00155556 7.94245e-06 -0.000446808 0.000103924 -0.00163089 0.00013522 0.00042 5.75477e-05
internal_weight=17185 1184 16001 96 656 15905 1542 14363 1211 1087 270 150 707 136 571 13656 2345 11311 186 11125 120 10091
internal_count=17185 1184 16001 96 656 15905 1542 14363 1211 1087 270 150 707 136 571 13656 2345 11311 186 11125 120 10091
is_linear=0
shrinkage=0.035


Tree=146
num_leaves=23
num_cat=0
split_feature=9 22 9 12 25 9 22 20 20 11 10 2 11 2 25 20 4 4 11 12 10 10
split_gain=391.895 11.0834 5.80661 1.2772 1.14707 0.740212 0.701683 0.804316 0.721897 0.759362 0.839993 0.79157 0.659253 0.521324 0.509363 0.495419 0.494196 0.475647 0.657 0.43051 1.89321 0.744056
threshold=0.53708791208791218 34795.000000000007 0.57332179065277356 0.7905469377017692 195.50000000000003 1.1086040571081874 17834.500000000004 7.5000000000000009 2.5000000000000004 1.0306831113800283 4.1975049278169463 12.996151141142256 1.6103213060362875 41.500000000000007 200.00000000000003 24.500000000000004 0.99491741027542968 13.508154244475653 6.5601611445048018 8.4771323195708188 7.3354975161555185 10.019028385590405
decision_type=2 2 2 2 2 2 2 2 2 2 2 2 2 2 2 2 2 2 2 2 2 2
left_child=1 3 -2 -1 6 15 13 8 -8 -10 11 12 -11 -4 16 -6 -7 -9 -19 -16 -21 -22
right_child=2 -3 4 -5 5 14 7 17 9 10 -12 -13 -14 -15 19 -17 -18 18 -20 20 21 -23
leaf_value=0 -2.0845151980861497e-08 0 0.015598124659843719 0 2.8960280628727182e-06 7.4486511140913129e-05 0.0002233144210582179 4.5886218079229248e-07 2.2473578529997732e-05 -0.015487907574378066 -0.0051307956107543287 -0.0471948480781035 -0.011329344121273439 -0.026995379313461288 -4.8474330249174033e-05 -0.00042211211932489115 -0.00034751860929371813 0.038107865809160334 -0.00071185055474104453 0.0308307293367702 -0.044111647845535791 -0.0070200623860230266
leaf_weight=591 91 545 1593 58 377 88 186 1369 49 49 163 46 149 52 10612 91 344 277 162 124 55 59
leaf_count=591 91 545 1593 58 377 88 186 1369 49 49 163 46 149 52 10612 91 344 277 162 124 55 59
internal_value=-0.00140225 -0.0206993 4.85228e-05 -0.017211 0.000101577 -7.29475e-05 0.000606098 0.000220978 -0.000827666 -0.00158677 -0.0021068 -0.00338755 -0.00218965 0.00116667 -0.000131168 0.00128013 -0.00130549 0.000604247 0.00160811 -8.222e-05 -0.00154115 -0.00473529
internal_weight=17130 1194 15936 649 15845 11750 4095 2450 642 456 407 244 198 1645 11282 468 432 1808 439 10850 238 114
internal_count=17130 1194 15936 649 15845 11750 4095 2450 642 456 407 244 198 1645 11282 468 432 1808 439 10850 238 114
is_linear=0
shrinkage=0.035


Tree=147
num_leaves=23
num_cat=0
split_feature=8 22 8 12 5 12 6 21 20 20 20 21 1 20 8 6 21 0 20 18 2 8
split_gain=352.698 20.2157 10.1255 7.15957 2.24785 3.53869 0.703476 0.901254 0.648691 0.547382 0.719274 1.5664 1.81846 0.535146 1.24692 1.13021 0.845975 1.15164 1.20511 0.656425 0.618449 0.798442
threshold=0.50378643844840409 34795.000000000007 0.72077922077922085 0.81652188061227371 4.8493515340940085 0.77431177036664367 23.937493722930562 4.5000000000000009 20.500000000000004 2.5000000000000004 4.5000000000000009 4.5000000000000009 19.010370193622947 11.500000000000002 1.8441627522734043 1.9999246801866812 3.5000000000000004 2.0809130734656054 29.500000000000004 1.0000000180025095e-35 30.236721569975128 20.857560936038414
decision_type=2 2 2 2 2 2 2 2 2 2 2 2 2 2 2 2 2 2 2 2 2 2
left_child=1 3 4 -1 5 8 9 -8 -2 -4 11 12 -11 14 15 19 -15 -18 -19 -12 21 -16
right_child=2 -3 6 -5 -6 -7 7 -9 -10 10 13 -13 -14 16 20 -17 17 18 -20 -21 -22 -23
leaf_value=0 0 0 0.00054847405098821026 -2.0097697799304889e-08 2.6684983279443798e-06 -2.1379199557198567e-07 0.043715377331212134 -0.024954020611204983 -1.3784132570272311e-07 -0.0022504372371441816 -0.00084442616293255114 0.026304492669338868 -0.029072629292583505 3.0407964009085769e-05 0.0031555513428327756 2.5326375582806651e-05 0.00016082664553927634 -0.0090235912537699851 0.098249783211639755 -0.00079858800953287019 -0.026545517544553754 0.063218322432331484
leaf_weight=555 105 562 1195 83 55 176 645 130 46 783 173 226 125 6697 2898 278 568 1486 84 61 49 207
leaf_count=555 105 562 1195 83 55 176 645 130 46 783 173 226 125 6697 2898 278 568 1486 84 61 49 207
internal_value=-0.00141857 -0.0196784 -4.11454e-05 -0.0151159 -0.00563437 -0.0067259 9.64127e-05 0.00112179 -0.0106346 4.12876e-05 -2.05277e-05 -0.000863477 -0.00152191 5.48538e-05 0.000410924 -0.00117118 -9.10632e-05 -0.000697387 -0.00118889 -0.00294351 0.000674739 0.000742765
internal_weight=17187 1200 15987 638 382 327 15605 775 151 14830 13635 1134 908 12501 3666 512 8835 2138 1570 234 3154 3105
internal_count=17187 1200 15987 638 382 327 15605 775 151 14830 13635 1134 908 12501 3666 512 8835 2138 1570 234 3154 3105
is_linear=0
shrinkage=0.035


Tree=148
num_leaves=23
num_cat=0
split_feature=9 22 11 15 9 7 8 22 11 11 9 12 7 11 7 2 12 8 7 1 8 10
split_gain=348.925 20.2489 8.30703 2.1572 0.833279 1.21638 1.15212 0.778932 0.791903 0.720973 0.590169 0.593728 0.508579 0.618864 0.722401 0.482767 0.552104 0.46057 0.42883 0.997797 0.643124 0.423636
threshold=0.57332179065277356 34795.000000000007 0.75955452531275025 0.54356060606060608 4.6726190476190483 5.1540659340659358 5.5726572161085075 13885.000000000002 8.4235408307209809 0.91617599132032257 22.219210728402334 8.7798997480632703 4.0011072067550462 2.4011019588260019 4.4296786353264741 34.129284693525193 9.5923268933509522 19.185645220602812 20.007492563953981 23.023809523809529 21.761108290698008 9.1943303461214416
decision_type=2 2 2 2 2 2 2 2 2 2 2 2 2 2 2 2 2 2 2 2 2 2
left_child=1 2 3 -1 5 12 -6 15 -9 -4 11 17 -2 -14 -15 18 -17 -10 19 20 -8 -13
right_child=4 -3 9 -5 6 -7 7 8 10 -11 -12 21 13 14 -16 16 -18 -19 -20 -21 -22 -23
leaf_value=-8.9684555400022836e-08 -4.5402948140189011e-06 0 -1.2632851816511846e-08 0 0.024767919466757726 -0.014305715252111778 0.027875678359781542 0.0013918564045988897 -0.061024330849961318 -1.2632851816511846e-08 0.025701176918327399 -0.0035253136307908887 -0.00029119996877532587 -0.025568459751524653 -0.0007375927548223572 0.015004883288331265 -0.022423332973563376 0.025672355034726368 0.045934078393307536 -0.041320967662922876 -0.077814035945057633 -0.016380062900019345
leaf_weight=70 6509 544 79 528 298 56 443 6629 70 47 104 50 225 57 85 72 54 99 971 64 45 45
leaf_count=70 6509 544 79 528 298 56 443 6629 70 47 104 50 225 57 85 72 54 99 971 64 45 45
internal_value=-0.00130436 -0.0189352 -0.0148402 -0.0165829 0.000108211 -0.000178103 0.000332048 0.000255289 9.09741e-05 -0.00611832 -0.00147319 -0.00235502 -0.000131739 -0.00139247 -0.00316667 0.000939541 -0.00104198 -0.000925287 0.0011178 0.000295332 0.000873225 -0.00455
internal_weight=17144 1268 724 598 15876 6932 8944 8646 6997 126 368 264 6876 367 142 1649 126 169 1523 552 488 95
internal_count=17144 1268 724 598 15876 6932 8944 8646 6997 126 368 264 6876 367 142 1649 126 169 1523 552 488 95
is_linear=0
shrinkage=0.035


Tree=149
num_leaves=23
num_cat=0
split_feature=9 9 22 12 10 15 7 15 25 22 16 2 1 18 12 25 20 6 12 12 7 9
split_gain=341.227 24.6653 6.33586 3.50852 2.05446 1.33213 1.99057 0.768845 0.62979 0.766818 0.602618 0.783263 0.576664 0.936768 0.866508 0.531852 0.530543 0.526192 0.689671 0.546049 0.935208 0.671884
threshold=0.57332179065277356 0.3956951516321271 34795.000000000007 0.69341176683614714 0.70711369680452518 0.60791925465838526 0.42857142857142866 0.54356060606060608 195.50000000000003 17834.500000000004 1.0000000180025095e-35 8.9846950015344529 21.965076773329255 1.0000000180025095e-35 8.2512897610912379 381.00000000000006 30.500000000000004 2.0386904761904767 1.0135239427059755 3.2402260912585308 6.2783219388512146 1.4655513469079844
decision_type=2 2 2 2 2 2 2 2 2 2 2 2 2 2 2 2 2 2 2 2 2 2
left_child=1 2 4 7 -1 6 -5 -3 9 -2 -11 -12 15 14 -14 17 -17 18 -10 20 21 -19
right_child=8 3 -4 5 -6 -7 -8 -9 12 10 11 -13 13 -15 -16 16 -18 19 -20 -21 -22 -23
leaf_value=0 0.01301553515928321 -8.6545595961022048e-08 0 -2.0115571661531347e-08 0 0 -1.9673421847953429e-08 0 0.00015698163022133895 4.439195181861164e-06 -0.0055398527140161653 0.11709959328160213 -0.01729570066812269 0.061321620758324001 -0.060553535223657945 5.1155607892950889e-05 -0.016773757981994777 6.5927626129593059e-05 -0.00048810425431407495 -0.0037807059926515387 0.014513809033252729 -0.0006816976696993024
leaf_weight=273 1657 70 547 48 54 91 73 139 134 2332 68 47 375 98 65 5682 84 155 1250 1510 836 1518
leaf_count=273 1657 70 547 48 54 91 73 139 134 2332 68 47 375 98 65 5682 84 155 1250 1510 836 1518
internal_value=-0.00131299 -0.01855 -0.0219437 -0.0112887 -0.0172681 -0.00762903 -0.0101111 -0.0146542 0.000103124 0.00047615 7.42253e-05 -0.00233333 -2.62977e-05 -0.00114088 -0.00184831 2.63112e-05 0.000261393 -0.000221339 -0.000808855 -1.39164e-05 0.000297932 -0.000171037
internal_weight=17106 1295 874 421 327 212 121 209 15811 4104 2447 115 11707 538 440 11169 5766 5403 1384 4019 2509 1673
internal_count=17106 1295 874 421 327 212 121 209 15811 4104 2447 115 11707 538 440 11169 5766 5403 1384 4019 2509 1673
is_linear=0
shrinkage=0.035


Tree=150
num_leaves=23
num_cat=0
split_feature=9 22 11 9 11 11 9 20 5 9 4 20 0 11 20 4 21 11 7 8 9 0
split_gain=319.715 16.4246 14.3015 13.5799 3.56416 2.36582 1.20108 1.00331 0.711087 0.537003 0.475938 0.95843 0.45844 0.541072 0.659217 0.950947 0.724139 0.447152 0.416437 0.423821 0.398757 0.441772
threshold=0.46448047084160615 34795.000000000007 0.75955452531275025 0.60791925465838526 0.75435079936376792 0.63452932983050014 0.53708791208791218 12.500000000000002 21.965076773329255 0.57332179065277356 31.032336348011363 17.500000000000004 18.049040346336252 5.4772255750516585 24.500000000000004 14.007413885646328 2.5000000000000004 8.1598049688090466 22.574477591929064 22.221881666756548 22.982142857142861 32.106343334591671
decision_type=2 2 2 2 2 2 2 2 2 2 2 2 2 2 2 2 2 2 2 2 2 2
left_child=1 2 -1 4 5 -2 -6 -7 10 -8 12 -12 17 14 15 -14 -17 -5 -15 -20 21 -10
right_child=3 -3 -4 8 6 7 9 -9 20 -11 11 -13 13 18 -16 16 -18 -19 19 -21 -22 -23
leaf_value=0 -4.4563887130552058e-08 0 4.4214981357791463e-10 -1.2864951936308586e-06 7.0404500815359718e-10 -4.4563885256555163e-08 -1.8984852083275062e-08 -5.5067029214392687e-08 0.012715001429366721 -7.8394515063837719e-07 -0.072486620593907217 0.02719420199364107 0.014612093808806499 0.035909495203275701 0.023760880307244176 0.0015829712653004384 -0.036136098094125033 -0.014867357903513361 -0.061379943297012948 0.019274705654600106 0.061918531638508682 -0.024457766223177909
leaf_weight=404 77 540 52 12959 55 51 45 62 616 49 71 86 193 456 163 84 108 279 62 224 432 53
leaf_count=404 77 540 52 12959 55 51 45 62 616 49 71 86 193 456 163 84 108 279 62 224 432 53
internal_value=-0.00129242 -0.020486 -0.0151768 -9.98139e-05 -0.00697965 -0.010141 -0.00263636 -0.0134068 4.89837e-05 -0.00498485 -1.42953e-05 -0.00190123 5.53925e-06 0.000635135 -0.000170886 -0.000987179 -0.00271827 -5.4708e-05 0.001251 0.000132303 0.000905063 0.000332344
internal_weight=17121 996 456 16125 339 190 149 113 15786 94 14685 157 14528 1290 548 385 192 13238 742 286 1101 669
internal_count=17121 996 456 16125 339 190 149 113 15786 94 14685 157 14528 1290 548 385 192 13238 742 286 1101 669
is_linear=0
shrinkage=0.035


Tree=151
num_leaves=23
num_cat=0
split_feature=9 22 11 15 9 9 12 25 6 21 10 0 0 9 12 7 12 16 3 6 2 7
split_gain=324.531 16.1696 16.8213 3.90333 2.14634 3.38522 1.76596 1.54795 0.641983 0.834106 0.764189 0.663356 0.507056 0.499558 0.70144 0.581185 0.492661 0.391237 0.402107 0.779334 0.587215 0.566191
threshold=0.46448047084160615 34795.000000000007 0.75955452531275025 0.49000000000000005 0.53708791208791218 0.57332179065277356 0.65098982857185062 557.50000000000011 23.937493722930562 4.5000000000000009 5.5291435658181802 16.03274297468673 14.999072958688698 1.0641324483029539 1.1252098250536189 1.6269715917855294 1.0945553872080129 1.0000000180025095e-35 19.010370193622947 21.011946453809166 32.106343334591671 13.430278064829881
decision_type=2 2 2 2 2 2 2 2 2 2 2 2 2 2 2 2 2 2 2 2 2 2
left_child=1 2 -1 8 6 -6 -5 -7 13 11 -11 12 -10 -2 15 16 -15 18 19 20 -16 -20
right_child=3 -3 -4 4 5 7 -8 -9 9 10 -12 -13 -14 14 17 -17 -18 -19 21 -21 -22 -23
leaf_value=0 7.77856665233428e-06 0 4.2667457010268762e-10 -4.3004151080982733e-08 -8.6298766308492717e-08 -2.8907061074774663e-07 1.1060780029709089e-09 -1.4129848194419074e-06 0.061411496564149883 -0.045879034232787178 0.026245110643112097 0.042545187379248631 -0.042531608746714467 2.9733642429240103e-05 -6.7121929339654179e-05 -0.0017102076688106508 -0.00077925891488335051 0.019099378666002708 -0.012363479253629359 -0.040188268966029346 -0.023229532317129528 0.013718106064261278
leaf_weight=411 426 549 59 46 90 148 116 64 105 51 78 491 54 371 11798 267 58 502 74 122 96 1146
leaf_count=411 426 549 59 46 90 148 116 64 105 51 78 491 54 371 11798 267 58 502 74 122 96 1146
internal_value=-0.00128601 -0.0203916 -0.0152158 -6.99651e-05 -0.00321642 -0.00493648 0 -0.00230645 2.32678e-05 0.001 -0.00146269 0.0015229 -0.000341463 -2.70769e-05 -6.3266e-05 -0.00114337 -0.000290322 -6.8761e-06 -4.46717e-05 -0.000107437 -7.6771e-05 0.000557143
internal_weight=17122 1019 470 16103 464 302 162 212 15639 779 129 650 159 14860 14434 696 429 13738 13236 12016 11894 1220
internal_count=17122 1019 470 16103 464 302 162 212 15639 779 129 650 159 14860 14434 696 429 13738 13236 12016 11894 1220
is_linear=0
shrinkage=0.035


Tree=152
num_leaves=23
num_cat=0
split_feature=9 22 11 15 9 9 25 12 8 22 9 11 11 20 2 20 21 8 20 20 0 2
split_gain=328.023 15.7503 15.9651 3.2401 2.00135 2.80163 2.10803 1.42765 0.7949 0.752412 0.869233 0.727823 0.694211 0.652114 1.48593 0.673995 1.00468 1.03955 1.40452 1.1945 1.01824 0.819221
threshold=0.46448047084160615 34795.000000000007 0.75955452531275025 0.47722567287784684 0.53708791208791218 0.57332179065277356 499.50000000000006 0.65098982857185062 1.2167400709199607 52360.000000000007 7.1077571794828254 4.28644682384214 0.84189738614109566 23.500000000000004 4.0075510609739959 11.500000000000002 1.5000000000000002 1.9217965324295445 6.5000000000000009 3.5000000000000004 8.942279580511066 24.170466578992038
decision_type=2 2 2 2 2 2 2 2 2 2 2 2 2 2 2 2 2 2 2 2 2 2
left_child=1 2 -1 8 7 -6 -7 -5 -2 13 -11 -12 -8 15 -15 16 -10 -18 19 -19 -21 -22
right_child=3 -3 -4 4 5 6 12 -9 9 10 11 -13 -14 14 -16 -17 17 18 -20 20 21 -23
leaf_value=0 1.6210781560984194e-05 0 4.1174096014909352e-10 -4.1499005793148342e-08 -7.9901196382537024e-08 4.0515226382809933e-07 -1.4685885115051355e-06 1.067365272866927e-09 -0.0025329326397297825 -3.0960136888331516e-05 -0.02062813904889171 0.0015361912505379709 -0.00047332561256013524 -0.00039179077600488734 0.018272263893196458 -0.0010039181053076818 -0.00041937204896196875 0.0046935318566500355 0.019474905435727739 0.0024443934329012513 -0.02232470888238406 0.026017531816623425
leaf_weight=409 720 529 55 47 88 122 45 116 1218 536 214 64 45 1250 1887 5229 452 1183 1762 638 458 85
leaf_count=409 720 529 55 47 88 122 45 116 1218 536 214 64 45 1250 1887 5229 452 1183 1762 638 458 85
internal_value=-0.00118992 -0.0206633 -0.0155299 1.16928e-05 -0.00285684 -0.00453279 -0.00214516 0.000166667 9.8306e-05 4.2287e-05 -0.000987179 -0.00256007 -0.00607895 0.000103021 0.000548059 -2.2212e-05 0.000235908 0.00047578 0.000653232 8.71677e-05 -0.000690556 -0.00180109
internal_weight=17152 993 464 16159 463 300 212 163 15696 14976 814 278 90 14162 3137 11025 5796 4578 4126 2364 1181 543
internal_count=17152 993 464 16159 463 300 212 163 15696 14976 814 278 90 14162 3137 11025 5796 4578 4126 2364 1181 543
is_linear=0
shrinkage=0.035


Tree=153
num_leaves=23
num_cat=0
split_feature=9 23 11 15 9 9 27 15 5 8 20 9 3 5 20 9 6 6 10 20 20 4
split_gain=340.884 15.3646 14.0457 4.09304 1.97357 3.32993 1.59165 1.41473 0.586525 0.534018 0.542671 0.498714 0.529928 0.472744 0.512183 0.763287 0.636746 0.658162 0.654072 0.558707 0.887013 0.631911
threshold=0.46448047084160615 40250.000000000007 0.75955452531275025 0.47722567287784684 0.53708791208791218 0.57332179065277356 3.5000000000000004 0.57417582417582425 24.170466578992038 1.2167400709199607 24.500000000000004 22.982142857142861 25.102403528914756 0.62909050043519821 25.500000000000004 15.672619047619049 27.062749211546333 30.236721569975128 5.5291435658181802 13.500000000000002 14.500000000000002 18.049040346336252
decision_type=2 2 2 2 2 2 2 2 2 2 2 2 2 2 2 2 2 2 2 2 2 2
left_child=1 2 -1 8 7 -6 -7 -5 9 10 -2 12 -10 -11 16 -16 19 18 -18 21 -21 -15
right_child=3 -3 -4 4 5 6 -8 -9 11 13 -12 -13 -14 14 15 -17 17 -19 -20 20 -22 -23
leaf_value=0 2.5369884521092232e-05 0 3.9733002654387525e-10 -4.0046540590388145e-08 -7.7104654509148226e-08 -1.4900749366358098e-07 -1.713639158727564e-06 1.0300074883165847e-09 0.02252263292914632 -0.00078077175213838574 -0.00014666875646184921 0.056379943405459432 -0.02027901817070658 0.00032097371768004208 0.00070219296656126833 0.043047850061018994 -0.054150799549789345 -0.0069279776042239106 -0.0011208813731657717 -0.010137524618430913 -0.00016519875828175309 0.039886674020009019
leaf_weight=411 551 551 49 66 88 145 69 100 342 545 142 296 66 5886 1790 388 46 148 47 420 4574 400
leaf_count=411 551 551 49 66 88 145 69 100 342 545 142 296 66 5886 1790 388 46 148 47 420 4574 400
internal_value=-0.00119255 -0.0208553 -0.0156935 4.64814e-05 -0.00315962 -0.00482248 -0.00225342 0 0.00014451 9.65066e-05 0.00104298 0.00113047 0.000279661 4.88808e-05 9.04117e-05 0.000581997 -1.21451e-06 -0.00176423 -0.004 3.56669e-05 -0.000238748 0.000256478
internal_weight=17120 1011 460 16109 468 302 214 166 15641 14937 693 704 408 14244 13699 2178 11521 241 93 11280 4994 6286
internal_count=17120 1011 460 16109 468 302 214 166 15641 14937 693 704 408 14244 13699 2178 11521 241 93 11280 4994 6286
is_linear=0
shrinkage=0.035


Tree=154
num_leaves=23
num_cat=0
split_feature=9 22 9 11 11 9 9 9 7 6 21 10 1 1 3 11 10 9 2 22 8 6
split_gain=338.768 13.0294 7.202 4.97011 1.81767 2.59961 2.87466 0.999444 0.651827 0.508756 1.03938 0.786189 0.646889 1.3176 1.1258 0.820719 0.585203 0.584566 0.578926 0.661034 0.562173 1.1221
threshold=0.4287661851273204 34795.000000000007 0.60791925465838526 0.75435079936376792 0.84189738614109566 0.46448047084160615 0.53708791208791218 0.53708791208791218 0.56969271725119408 22.052447947677845 4.5000000000000009 5.5291435658181802 23.023809523809529 27.062749211546333 10.982153892092549 5.8257669400311958 6.792853387410708 22.219210728402334 23.023809523809529 16785.000000000004 16.151466294475643 20.017857142857146
decision_type=2 2 2 2 2 2 2 2 2 2 2 2 2 2 2 2 2 2 2 2 2 2
left_child=1 3 4 -1 5 -2 -7 -6 -8 12 -11 -12 20 14 -14 -16 -15 -17 -18 -20 21 -4
right_child=2 -3 9 -5 7 6 8 -9 -10 10 11 -13 13 16 15 17 18 -19 19 -21 -22 -23
leaf_value=0 0 0 2.2048199330352741e-06 0 9.9395722622550416e-10 -3.8277301696790133e-08 -1.2005782857461777e-06 -6.7065086060084646e-08 -2.2262673816687894e-07 0.036782727644789209 -0.040712855509962891 0.019697430402214559 -0.034794430941532381 0.048499693969517477 0.020231307949257996 -0.051782640996982973 0.025665878856651173 -0.041406456335696992 0.010146595283352688 -0.062498216833246564 0.010432568406089962 -0.040773691337761195
leaf_weight=354 59 551 12443 62 51 138 62 54 59 766 59 82 50 119 106 90 116 74 87 53 1632 60
leaf_count=354 59 551 12443 62 51 138 62 54 59 766 59 82 50 119 106 90 116 74 87 53 1632 60
internal_value=-0.00124171 -0.0213097 -3.356e-05 -0.01612 -0.00451402 -0.00581889 -0.00405682 -0.000318182 -0.00788889 8.71555e-05 0.000890351 -0.00177397 3.65691e-05 -0.001 -0.00263846 -0.00159091 0.000368421 -0.00312722 -0.000522988 -0.00205172 8.9109e-05 7.83512e-06
internal_weight=17127 967 16160 416 423 318 259 105 121 15737 907 141 14830 695 320 270 375 164 256 140 14135 12503
internal_count=17127 967 16160 416 423 318 259 105 121 15737 907 141 14830 695 320 270 375 164 256 140 14135 12503
is_linear=0
shrinkage=0.035


Tree=155
num_leaves=23
num_cat=0
split_feature=9 22 11 15 15 11 9 9 22 1 20 8 20 27 1 0 2 0 20 5 11 2
split_gain=339.099 12.834 14.8374 1.437 3.26797 3.54171 0.953092 0.620205 0.420572 0.716015 0.994279 1.20987 0.601938 0.56606 0.514811 0.96556 0.550725 0.475028 0.481246 0.620772 0.424203 0.462439
threshold=0.46448047084160615 34795.000000000007 0.75955452531275025 0.49000000000000005 0.53708791208791218 0.75435079936376792 0.53708791208791218 1.0641324483029539 15527.500000000002 23.023809523809529 6.5000000000000009 18.65106459210639 28.500000000000004 3.5000000000000004 2.2751209043800462 16.987659160272365 38.009217265204406 23.023809523809529 30.500000000000004 4.8493515340940085 7.8909114483803835 24.170466578992038
decision_type=2 2 2 2 2 2 2 2 2 2 2 2 2 2 2 2 2 2 2 2 2 2
left_child=1 2 -1 7 5 -5 -6 -2 12 17 11 -11 13 14 -9 -16 -17 18 -10 -20 -12 -22
right_child=3 -3 -4 4 6 -7 -8 8 9 10 20 -13 -14 -15 15 16 -18 -19 19 -21 21 -23
leaf_value=0 1.8275898476309469e-05 0 3.4863497269694699e-10 -2.9057157935150586e-07 1.9019077356535749e-09 -1.8644172618481192e-06 -7.4574426462512421e-09 0.010457152788986904 4.7578385578004012e-05 0.010880453496906981 0.014287295758671787 -0.029282336871569122 0.027281785438464726 -0.00067856101003073834 -0.0028777506687236399 0.036255374443058194 -0.015009105168004206 0.022940170190187747 -0.015822226781872988 0.00065829642291952855 0.044247784838344774 -0.054876921469191417
leaf_weight=427 410 547 53 87 128 128 102 416 11133 45 173 69 231 1043 801 778 52 260 73 85 48 55
leaf_count=427 410 547 53 87 128 128 102 416 11133 45 173 69 231 1043 801 778 52 260 73 85 48 55
internal_value=-0.00116354 -0.0206134 -0.0159845 8.07593e-05 -0.00186667 -0.00493182 0.000968085 0.00013775 0.000100184 1.75804e-06 -0.00146203 -0.00414706 0.000448286 0.000310986 0.00065156 0.000355135 0.00119461 5.33058e-05 1.73514e-05 -0.0018681 -0.000236655 -0.00200926
internal_weight=17144 1027 480 16117 445 215 230 15672 15262 11941 390 114 3321 3090 2047 1631 830 11551 11291 158 276 103
internal_count=17144 1027 480 16117 445 215 230 15672 15262 11941 390 114 3321 3090 2047 1631 830 11551 11291 158 276 103
is_linear=0
shrinkage=0.035


Tree=156
num_leaves=23
num_cat=0
split_feature=9 22 11 15 15 11 9 9 20 9 1 7 21 10 22 20 25 11 6 12 1 12
split_gain=341.708 16.6812 17.1177 0.859459 1.78969 1.98678 1.57052 0.604478 1.16915 0.603165 0.594175 1.16846 0.673546 0.736891 0.586318 0.851476 0.530402 0.565379 0.621273 0.526508 0.731451 0.515467
threshold=0.46448047084160615 34795.000000000007 0.75955452531275025 0.47722567287784684 0.53708791208791218 0.75435079936376792 0.53708791208791218 16.587121212121215 24.500000000000004 1.0641324483029539 23.023809523809529 18.732142857142861 3.5000000000000004 5.9528935069940099 25082.000000000004 6.5000000000000009 455.50000000000006 7.7787151680189615 17.961864802538603 6.918985069027408 27.062749211546333 1.1252098250536189
decision_type=2 2 2 2 2 2 2 2 2 2 2 2 2 2 2 2 2 2 2 2 2 2
left_child=1 2 -1 7 5 -5 -6 9 10 -2 12 -12 16 -14 19 -16 17 -9 -19 -13 -21 -11
right_child=3 -3 -4 4 6 -7 -8 8 -10 21 11 14 13 -15 15 -17 -18 18 -20 20 -22 -23
leaf_value=0 1.8605685108162275e-05 0 3.6426355399352469e-10 -4.8382893855442899e-07 1.8402963278556539e-09 -1.217917948085805e-06 -8.8996963385092185e-08 0.043070341677188269 0.043208905457970369 -0.00062880146589901849 -0.080459467753810424 0.025824403852715828 -0.02259979640487992 0.014687802056838043 -0.023702816448547825 0.0019458326405707787 -0.015624571192823471 0.0084604635128742028 -0.044228131595698675 -0.048111045018726331 0.01635916085765499 3.7277929767510442e-05
leaf_weight=430 437 556 59 81 139 132 98 749 558 694 49 163 254 332 72 113 99 154 100 109 204 11546
leaf_count=430 437 556 59 81 139 132 98 749 558 694 49 163 254 332 72 113 99 154 100 109 204 11546
internal_value=-0.00118832 -0.0205333 -0.015417 7.35332e-05 -0.00142308 -0.00372477 0.000607438 0.000118174 0.000568558 1.15914e-05 0.000222847 -0.000611888 0.000585056 -0.000349408 -0.000178679 -0.00184211 0.00109711 0.00134722 -1.35134e-05 0.000443867 -0.000352201 -3.28704e-05
internal_weight=17128 1045 489 16083 450 213 237 15633 2956 12677 2398 710 1688 586 661 185 1102 1003 254 476 313 12240
internal_count=17128 1045 489 16083 450 213 237 15633 2956 12677 2398 710 1688 586 661 185 1102 1003 254 476 313 12240
is_linear=0
shrinkage=0.035


Tree=157
num_leaves=23
num_cat=0
split_feature=8 12 22 12 14 12 0 8 25 20 21 6 20 7 25 4 7 1 10 2 11 8
split_gain=302.742 24.6326 9.14329 7.78746 3.97981 1.77733 0.871706 0.701126 0.709294 1.34092 0.829193 0.606186 0.542326 0.466773 0.449494 0.40474 0.399818 0.625432 0.600822 0.462051 0.394902 0.39235
threshold=0.43179375919907664 0.69341176683614714 34795.000000000007 0.67014369125706297 0.42261904761904767 0.7425107699880612 21.011946453809166 0.79285714285714304 277.00000000000006 9.5000000000000018 1.5000000000000002 0.96364657268580889 19.500000000000004 28.467699617561198 191.00000000000003 1.3437914145889491 19.000701735785487 15.950345293025352 8.4303861491954688 14.999072958688698 0.4688072309384958 23.357668702453786
decision_type=2 2 2 2 2 2 2 2 2 2 2 2 2 2 2 2 2 2 2 2 2 2
left_child=1 2 -1 4 20 -3 7 8 15 -10 -11 -6 -12 -9 -8 -5 17 -16 -18 -19 -2 -20
right_child=3 5 -4 6 11 -7 14 13 9 10 12 -13 -14 -15 16 -17 18 19 21 -21 -22 -23
leaf_value=0 -0.0081579362071549314 0 0 9.3241053979818387e-10 0 0 0.043051418434291701 4.6218349174136989e-05 7.3424771789965969e-10 2.8161804942222681e-10 -1.3571453151356943e-06 -1.0201188016424121e-08 -1.3019137222386352e-06 -0.015313215035813508 0.016718858697460037 -7.2035555670887896e-07 0.044358137866329687 0.0039798048643105276 -0.012823935201116887 -0.056885574210495761 1.4959813770425061e-06 0.01838588172203625
leaf_weight=356 46 45 533 161 80 99 477 14090 69 45 60 66 53 61 110 47 391 52 93 73 49 99
leaf_count=356 46 45 533 161 80 99 477 14090 69 45 60 66 53 61 110 47 391 52 93 73 49 99
internal_value=-0.00117483 -0.0194961 -0.0216734 3.6896e-06 -0.0061748 -0.00566107 0.000100466 2.18287e-05 -0.00135227 -0.00268534 -0.00444479 -0.00971192 -0.00599153 6.57673e-05 0.000969231 4.92959e-05 0.000438032 -0.000729167 0.000940476 -0.00242308 -0.00035 -0.000586294
internal_weight=17155 1033 889 16122 241 144 15881 14586 435 227 158 146 113 14151 1295 208 818 235 583 125 95 192
internal_count=17155 1033 889 16122 241 144 15881 14586 435 227 158 146 113 14151 1295 208 818 235 583 125 95 192
is_linear=0
shrinkage=0.035


Tree=158
num_leaves=23
num_cat=0
split_feature=9 11 22 12 14 9 9 2 7 20 20 1 7 20 0 5 0 21 24 11 20 12
split_gain=328.761 20.427 8.18719 1.34003 1.28015 0.62542 0.637735 0.577461 0.685891 0.548054 0.622144 0.561751 0.727832 0.834783 0.555616 0.565084 0.518513 0.505758 0.373583 0.795719 0.7108 0.427182
threshold=0.46448047084160615 0.75955452531275025 34795.000000000007 0.67014369125706297 0.42261904761904767 20.006673737631434 0.53708791208791218 15.950345293025352 32.642857142857146 25.500000000000004 13.500000000000002 20.503494464828545 23.026516996264409 7.5000000000000009 16.03274297468673 24.170466578992038 26.94184716045481 3.5000000000000004 3345.5000000000005 0.82874193016474396 18.500000000000004 0.98116877806463842
decision_type=2 2 2 2 2 2 2 2 2 2 2 2 2 2 2 2 2 2 2 2 2 2
left_child=1 2 -1 4 -2 6 -5 -7 9 10 11 -9 13 -13 -12 16 17 -16 19 20 -8 -20
right_child=3 -3 -4 5 -6 7 18 8 -10 -11 14 12 -14 -15 15 -17 -18 -19 21 -21 -22 -23
leaf_value=0 1.3346234995468975e-06 0 0 1.8424389870946802e-09 -1.0201187983629181e-08 0.058472298006830091 -1.3493268332822038e-05 0.06761965611280156 -0.01612044857996962 0.089487514000782642 -0.033318775618976018 -0.036347749665196459 0.031799466922405935 0.052426003408719772 0.045323919711997861 0.065610577396321576 -0.049300628479945499 -0.069872480221831443 4.4124235180396508e-07 -7.8609146442894411e-05 5.0422279328917828e-08 4.9531173250423092e-05
leaf_weight=438 97 84 516 113 107 240 83 209 45 217 114 58 299 58 142 128 46 80 409 2494 54 11101
leaf_count=438 97 84 516 113 107 240 83 209 45 217 114 58 299 58 142 128 46 80 409 2494 54 11101
internal_value=-0.00114842 -0.0201913 -0.021646 8.45706e-05 -0.00269617 0.000122208 4.63919e-05 0.000769957 0.000477159 0.000634956 0.000304214 0.00105167 0.00025 -0.00199587 -0.00057767 8.72831e-06 -0.000858974 -4.62554e-05 2.37524e-05 -0.000350531 -0.00290845 0.000110942
internal_weight=17132 1038 954 16094 204 15890 14254 1636 1396 1351 1134 624 415 116 510 396 268 222 14141 2631 137 11510
internal_count=17132 1038 954 16094 204 15890 14254 1636 1396 1351 1134 624 415 116 510 396 268 222 14141 2631 137 11510
is_linear=0
shrinkage=0.035


Tree=159
num_leaves=23
num_cat=0
split_feature=9 8 22 12 12 13 9 5 2 7 12 25 4 20 20 3 2 21 17 1 8 1
split_gain=330.775 15.0444 8.56844 3.98743 1.29591 1.18141 0.689619 0.656355 0.652001 0.653402 0.525001 0.568261 0.510202 0.425101 0.443909 0.51009 0.440564 0.633001 0.648222 0.752468 0.650073 0.550986
threshold=0.46448047084160615 0.43179375919907664 34795.000000000007 0.65098982857185062 0.67014369125706297 0.41428571428571431 0.53708791208791218 15.945025446116915 34.129284693525193 12.146075006129591 3.8526943538349774 430.00000000000006 31.032336348011363 24.500000000000004 3.5000000000000004 35.433215501771933 26.068648301856552 2.5000000000000004 1.0000000180025095e-35 15.950345293025352 21.085813157123066 27.062749211546333
decision_type=2 2 2 2 2 2 2 2 2 2 2 2 2 2 2 2 2 2 2 2 2 2
left_child=1 2 -1 -3 5 -2 -6 12 9 10 -9 -12 -8 14 -11 16 17 -16 19 -19 -21 -22
right_child=4 3 -4 -5 6 -7 7 8 -10 13 11 -13 -14 -15 15 -17 -18 18 -20 20 21 -23
leaf_value=0 1.1797054229498414e-06 0 0 5.8209853626214793e-11 1.6929834390511181e-09 -9.8441464042021609e-09 -3.2723063281519938e-06 0.01404799966825233 -0.016154990202954633 0.044606474105928051 -0.0026311852341756301 -0.030037173072949324 -0.029778709380784536 0.047854362996846818 0.014763485189437079 0.077355011037356328 0.028216402364336222 0.012708275868898895 0.014086794714467527 -0.051141073545184004 -0.022008087769963654 0.007227658494450089
leaf_weight=371 81 54 537 53 118 114 13230 74 135 277 118 53 71 444 361 109 186 119 258 151 134 46
leaf_count=371 81 54 537 53 118 114 13230 74 135 277 118 53 71 444 361 109 186 119 258 151 134 46
internal_value=-0.0012263 -0.0205539 -0.0220312 -0.0074375 0 -0.0028 3.50244e-05 1.35376e-05 0.000538462 0.000682013 -0.00098 -0.00206818 -8.25942e-05 0.00088756 0.000608141 0.000329803 0.000111111 -0.000149907 -0.000770687 -0.00157692 -0.0024375 -0.000851351
internal_weight=17094 1015 908 107 16079 195 15884 15766 2465 2330 245 171 13301 2085 1641 1364 1255 1069 708 450 331 180
internal_count=17094 1015 908 107 16079 195 15884 15766 2465 2330 245 171 13301 2085 1641 1364 1255 1069 708 450 331 180
is_linear=0
shrinkage=0.035


Tree=160
num_leaves=23
num_cat=0
split_feature=9 8 22 11 12 15 5 9 12 24 11 12 11 4 8 20 12 10 5 11 10 15
split_gain=313.004 19.1053 8.31332 4.36116 0.937791 1.17208 0.837408 0.867232 0.587017 0.440886 1.3585 0.453898 0.434164 0.483817 0.683272 0.580262 0.37638 0.372727 0.360634 0.6292 0.652544 0.578708
threshold=0.46448047084160615 0.43179375919907664 34795.000000000007 0.75955452531275025 0.67014369125706297 0.46291208791208799 21.965076773329255 0.57332179065277356 0.69341176683614714 1706.5000000000002 0.8017837257372733 2.4842630834195245 11.447715753868545 31.032336348011363 22.964285714285719 20.500000000000004 7.7116519410830922 0.4879500364742671 1.2384258821115111 0.97496125592222926 1.7728105208558389 0.046536796536796543
decision_type=2 2 2 2 2 2 2 2 2 2 2 2 2 2 2 2 2 2 2 2 2 2
left_child=1 2 8 -3 5 17 7 -6 -1 10 -9 18 13 14 -11 -15 -16 -2 -12 -20 -21 -22
right_child=4 3 -4 -5 6 -7 -8 9 -10 12 11 -13 -14 15 16 -17 -18 -19 19 20 21 -23
leaf_value=0 -4.6512612269822093e-05 0 0 3.2380031341081912e-10 2.1094966100314153e-09 -9.4996012800550849e-09 0.020115033182811121 -3.7923313550093208e-06 0 9.6511976552265628e-07 -0.00081705072482554219 -0.010348942119996842 -0.010305066053260347 -0.045861178096613768 0.077044141810212602 0.021266737563748285 0.0032910711929930573 4.2633389431665053e-06 -0.0094150993475196655 0.0045768475853095606 -0.015339787772287639 0.0011903229129853617
leaf_weight=317 55 63 532 53 181 87 1099 55 51 12849 276 98 122 68 157 67 187 50 59 451 85 169
leaf_count=317 55 63 532 53 181 87 1099 55 51 12849 276 98 122 68 157 67 187 50 59 451 85 169
internal_value=-0.00115482 -0.0199476 -0.0216768 -0.00604545 3.47396e-05 -0.00236294 6.54823e-05 -2.59613e-06 -0.0169558 -3.39294e-05 -0.000677796 -0.000388889 2.21109e-05 4.27887e-05 6.57677e-05 -0.002 0.00159456 1.20903e-10 -0.000150718 0.000223017 0.000542254 -0.000824324
internal_weight=17131 1016 900 116 16115 192 15923 14824 368 14643 1193 1138 13450 13328 13193 135 344 105 1040 764 705 254
internal_count=17131 1016 900 116 16115 192 15923 14824 368 14643 1193 1138 13450 13328 13193 135 344 105 1040 764 705 254
is_linear=0
shrinkage=0.035


Tree=161
num_leaves=23
num_cat=0
split_feature=9 8 9 22 3 25 1 3 4 4 0 24 9 22 10 15 2 9 1 9 24 17
split_gain=321.094 12.2781 5.57925 5.57897 0.729909 0.633074 0.597548 0.859846 0.520198 0.504492 0.599701 0.574076 0.811481 0.848728 0.771631 0.782544 0.549219 0.805807 0.918885 0.588546 0.678064 0.631522
threshold=0.4287661851273204 0.43179375919907664 0.46448047084160615 34795.000000000007 0.83075922454047013 195.50000000000003 21.965076773329255 10.982153892092549 23.937493722930562 15.817284863354631 16.03274297468673 3345.5000000000005 3.5225426318622999 5643.5000000000009 0.53452248382484913 0.38795986622073586 2.9852237017189558 4.6726190476190483 3.0003581617680068 5.7857189445871189 4472.0000000000009 1.0000000180025095e-35
decision_type=2 2 2 2 2 2 2 2 2 2 2 2 2 2 2 2 2 2 2 2 2 2
left_child=1 3 -2 4 -1 -4 9 -8 -9 10 11 12 14 -14 15 -7 -13 18 -18 -19 -21 -22
right_child=2 -3 5 -5 -6 6 7 8 -10 -11 -12 16 13 -15 -16 -17 17 19 -20 20 21 -23
leaf_value=0 0 0 4.9168818884768137e-07 0 0 8.1771343559980432e-05 -0.025800298066247524 0.0019743018999953794 -0.037712420076199654 -0.008311031740733308 0.021963929461380378 9.5497982691622016e-05 0.0053872627407627214 -0.018048093728616908 -9.8064660856881064e-07 -2.8555108149141492e-07 -0.0003958785483916485 0.02060883182980711 -0.0099399131402276627 -0.0060786680805781082 -0.00014034297685794204 0.014578807957823436
leaf_weight=247 75 78 4213 547 84 52 84 352 96 1028 507 2390 52 67 1716 95 1034 236 503 358 2448 851
leaf_count=247 75 78 4213 547 84 52 84 352 96 1028 507 2390 52 67 1716 95 1034 236 503 358 2448 851
internal_value=-0.00113722 -0.0207924 3.07513e-05 -0.021987 -0.0175417 7.76715e-05 -5.18779e-05 -0.00119274 -0.00051766 6.17305e-07 7.60133e-05 1.3205e-05 -0.000516105 -0.00327419 -0.00032227 -0.00271711 0.00014984 -4.18582e-05 -0.00072179 0.000222678 0.000107045 0.000269068
internal_weight=17113 956 16157 878 331 16082 11869 532 448 11337 10309 9802 1982 119 1863 147 7820 5430 1537 3893 3657 3299
internal_count=17113 956 16157 878 331 16082 11869 532 448 11337 10309 9802 1982 119 1863 147 7820 5430 1537 3893 3657 3299
is_linear=0
shrinkage=0.035


Tree=162
num_leaves=23
num_cat=0
split_feature=9 8 22 9 25 11 12 22 4 11 12 4 8 7 1 11 1 2 8 7 6 12
split_gain=323.217 19.3584 7.13738 3.91547 12.8215 3.71892 1.10857 0.584583 0.760042 0.673407 0.413974 0.448782 0.447312 0.704146 0.497111 0.875564 0.50351 0.431986 0.557951 0.410174 0.354987 0.388351
threshold=0.46448047084160615 0.43179375919907664 34795.000000000007 0.53708791208791218 195.50000000000003 0.75955452531275025 0.69341176683614714 34795.000000000007 26.068648301856552 0.8017837257372733 0.98116877806463842 1.7486717755119703 22.964285714285719 32.642857142857146 23.023809523809529 7.2809816439689881 28.125319265124826 23.023809523809529 22.441918903834296 18.14707282550307 0.96364657268580889 1.4640646684592828
decision_type=2 2 2 2 2 2 2 2 2 2 2 2 2 2 2 2 2 2 2 2 2 2
left_child=1 2 6 4 -2 -3 -1 9 20 -5 11 -11 14 -14 17 19 -17 18 -12 -16 -9 -22
right_child=3 5 -4 7 -6 -7 -8 8 -10 10 12 -13 13 -15 15 16 -18 -19 -20 -21 21 -23
leaf_value=0 -1.5367727314178074e-08 0 0 -4.666039151579588e-07 1.1894667616716485e-08 3.1246730244144046e-10 0 0.00015010695027845784 -0.037852130434276418 2.6216444382135756e-06 0.00012709126017289649 -6.4345985740207916e-07 0.037055211705357437 -0.01568152774640395 -0.026264915979341483 -0.079960445648004558 -0.011960904521768942 0.030056483279312127 -0.034500280362242022 0.0065635778397634395 -0.00047236049366285019 -0.00044812889606086023
leaf_weight=317 69 53 540 408 110 51 50 219 48 203 8608 111 790 60 59 45 76 323 45 261 597 4053
leaf_count=317 69 53 540 408 110 51 50 219 48 203 8608 111 790 60 59 45 76 323 45 261 597 4053
internal_value=-0.001193 -0.0203386 -0.0219825 1.5227e-05 -0.00505978 -0.00549083 -0.0174812 7.50111e-05 -0.000240349 0.000217755 0.000273097 0.00152508 0.000232379 0.00100292 0.000160476 -0.000973094 -0.00344444 0.000218628 0.000168977 0 -0.000191013 -0.000259398
internal_weight=17096 1011 907 16085 179 104 367 15906 4917 10989 10581 314 10267 850 9417 441 121 8976 8653 320 4869 4650
internal_count=17096 1011 907 16085 179 104 367 15906 4917 10989 10581 314 10267 850 9417 441 121 8976 8653 320 4869 4650
is_linear=0
shrinkage=0.035


Tree=163
num_leaves=23
num_cat=0
split_feature=9 12 22 14 15 25 9 8 2 1 0 8 2 1 24 12 20 21 9 25 0 8
split_gain=306.682 19.0952 8.41439 8.2119 4.76545 7.1613 2.91646 0.635487 0.591843 0.523423 1.20916 1.00965 0.596606 0.50652 0.53236 0.500082 0.491897 0.632569 0.468339 0.797992 0.395219 0.438179
threshold=0.46448047084160615 0.67014369125706297 34795.000000000007 0.65476190476190488 0.56385869565217395 499.50000000000006 0.53708791208791218 24.821428571428573 34.129284693525193 23.023809523809529 32.106343334591671 21.943452380952383 13.982558156555685 18.049040346336252 10740.000000000002 9.5923268933509522 25.500000000000004 3.5000000000000004 20.215047969410843 421.00000000000006 23.937493722930562 21.943452380952383
decision_type=2 2 2 2 2 2 2 2 2 2 2 2 2 2 2 2 2 2 2 2 2 2
left_child=1 2 -1 -3 7 6 -6 9 -9 13 11 12 -11 20 -15 -10 17 18 19 -14 21 -2
right_child=4 3 -4 -5 5 -7 -8 8 15 10 -12 -13 16 14 -16 -17 -18 -19 -20 -21 -22 -23
leaf_value=0 -1.0479057053374662e-07 3.0846664562243838e-10 0 0 -1.4667144479096904e-08 1.2875667406352758e-08 -2.2238684019937874e-06 0.070923166144108873 0.032548275002622688 0.047408923670544917 -0.029273957798488629 0.036130831143494198 0.0017658361676833004 0.016193274643310478 -0.015680028387303459 -0.02916279077442098 0.0066750768697637257 -0.00063883826321626917 -0.081015959367465473 -0.059167490478132703 0.03529873408217344 -0.037225898429218342
leaf_weight=358 13333 70 527 65 66 96 68 402 54 72 56 215 66 817 130 51 86 90 61 50 229 143
leaf_count=358 13333 70 527 65 66 96 68 402 54 72 56 215 66 817 130 51 86 90 61 50 229 143
internal_value=-0.00122531 -0.0197878 -0.0216685 -0.007 -4.13299e-05 -0.00498936 -0.0100971 3.08955e-05 0.00124414 -8.4347e-06 -0.000943652 -0.00046124 -0.00146512 3.51028e-05 0.000816177 -0.000954545 -0.00207263 -0.00280515 -0.004 -0.00228512 -1.787e-05 -4.38764e-05
internal_weight=17105 1020 885 135 16085 230 134 15855 507 15348 696 640 425 14652 947 105 353 267 177 116 13705 13476
internal_count=17105 1020 885 135 16085 230 134 15855 507 15348 696 640 425 14652 947 105 353 267 177 116 13705 13476
is_linear=0
shrinkage=0.035


Tree=164
num_leaves=23
num_cat=0
split_feature=9 8 9 22 22 12 25 4 2 6 5 9 8 11 21 7 10 10 10 10 20 0
split_gain=312.76 15.4888 7.93548 6.89362 6.13324 0.98342 0.434975 0.690836 1.01346 0.943613 0.610137 0.521734 0.801948 0.419888 0.551871 0.403398 0.33645 0.376601 1.08039 0.670364 1.09596 0.77577
threshold=0.4287661851273204 0.43179375919907664 0.53708791208791218 17834.500000000004 34795.000000000007 0.67014369125706297 195.50000000000003 22.797540755617458 17.903471131289511 19.510000000000002 29.073923966709916 19.045634920634924 17.218011076995939 12.574284742198744 2.5000000000000004 26.586620476370239 7.5961272309089711 1.7728105208558389 1.9518001458970686 0.96921583719686422 10.500000000000002 1.5800039031569326
decision_type=2 2 2 2 2 2 2 2 2 2 2 2 2 2 2 2 2 2 2 2 2 2
left_child=1 4 3 5 -1 -2 10 15 11 -10 13 12 -9 16 -15 -8 17 19 -19 20 21 -4
right_child=2 -3 6 -5 -6 -7 7 8 9 -11 -12 -13 -14 14 -16 -17 -18 18 -20 -21 -22 -23
leaf_value=0 0 0 6.0193999624069073e-08 -1.4160112929759921e-08 0 1.1211543269899544e-08 7.2344911355314713e-07 0.061205465560038884 -0.069364860124605965 -0.0011915425185435866 0.059128190025345112 0.10241045480687917 -0.036704854436015268 0.020266393442572951 -0.040636326801954122 -0.028634345613979716 0.034911867643208951 -0.022075727879391997 0.00072379526387433813 0.00026117150569193698 2.0933738977562725e-07 -0.011987402602823065
leaf_weight=331 47 77 64 115 529 92 11385 72 105 94 212 72 55 51 48 56 383 114 2256 711 228 59
leaf_count=331 47 77 64 115 529 92 11385 72 105 94 212 72 55 51 48 56 383 114 2256 711 228 59
internal_value=-0.0011562 -0.0207622 -1.63953e-05 -0.00609459 -0.0221127 -0.000631944 8.10897e-05 -2.54136e-05 -0.00145037 -0.00319118 0.000390584 0.000240196 -0.00100758 0.000284894 -0.00188462 2.32397e-05 0.000348168 0.000231161 -7.36829e-06 0.000777413 -0.000432584 -0.0030625
internal_weight=17156 937 16219 254 860 139 15965 11839 398 199 4126 199 127 3914 99 11441 3815 3432 2370 1062 351 123
internal_count=17156 937 16219 254 860 139 15965 11839 398 199 4126 199 127 3914 99 11441 3815 3432 2370 1062 351 123
is_linear=0
shrinkage=0.035


Tree=165
num_leaves=23
num_cat=0
split_feature=9 11 23 15 20 9 10 10 21 20 0 3 6 5 1 3 20 6 6 6 9 1
split_gain=308.98 15.6067 7.32151 5.45656 1.47735 0.835171 0.688387 0.996938 0.475939 0.827336 1.23935 0.841955 0.789714 0.777496 0.700955 1.21636 0.834331 0.644533 0.601046 0.584141 0.816284 1.06399
threshold=0.4287661851273204 0.82874193016474396 40250.000000000007 0.54356060606060608 13.500000000000002 0.50362839128594772 0.8164965809277277 0.70711369680452518 4.5000000000000009 4.5000000000000009 17.903471131289511 3.048913353713417 22.052447947677845 3.3306803804457639 23.023809523809529 13.508154244475653 4.5000000000000009 1.9999246801866812 21.011946453809166 13.982558156555685 21.988816594774296 26.068648301856552
decision_type=2 2 2 2 2 2 2 2 2 2 2 2 2 2 2 2 2 2 2 2 2 2
left_child=1 2 -1 8 6 -6 7 -5 12 11 17 13 14 -10 18 16 -16 -11 -2 -17 21 -21
right_child=3 -3 -4 4 5 -7 -8 -9 9 10 -12 -13 -14 -15 15 19 -18 -19 -20 20 -22 -23
leaf_value=0 2.4017547277242223e-06 0 0 -8.7139577515030799e-09 -7.5877760054818595e-09 1.1897738643821759e-08 -9.0537233776789035e-06 -2.524827987370044e-09 0.00034447495916917946 -0.0014234027001028444 -0.047652339191243828 0.016869426038148731 0.0289193786395734 -0.0050042375173902547 -0.025631422897929801 0.026990743398573505 -0.0078245059166573133 -0.0031121749580024253 -0.011997140527992545 -0.076234671518665351 0.031376794921022647 -0.0013805905515552217
leaf_weight=354 13283 55 499 47 77 88 55 48 102 59 86 319 785 66 58 162 83 469 84 74 163 100
leaf_count=354 13283 55 499 47 77 88 55 48 102 59 86 319 785 66 58 162 83 469 84 74 163 100
internal_value=-0.00118547 -0.0209962 -0.0221585 -6.84326e-05 -0.00459375 -0.00205882 -0.0071129 -0.00455 2.15752e-05 -0.000677215 -0.00153231 0.000369919 7.49815e-05 -0.0015578 1.2989e-05 -0.0011124 -0.00393151 -0.000833959 6.85763e-05 -0.00025 -0.00110526 -0.00275698
internal_weight=17116 908 853 16208 315 165 150 95 15893 1101 614 487 14792 168 14007 640 141 528 13367 499 337 174
internal_count=17116 908 853 16208 315 165 150 95 15893 1101 614 487 14792 168 14007 640 141 528 13367 499 337 174
is_linear=0
shrinkage=0.035


Tree=166
num_leaves=23
num_cat=0
split_feature=9 11 22 15 22 15 11 9 10 14 7 5 2 20 22 27 0 11 24 8 20 8
split_gain=315.691 14.225 5.39964 3.57914 0.731648 2.98646 2.99447 1.15303 1.03687 0.630218 0.615132 0.499811 0.545627 0.574586 0.436331 0.621615 0.596358 1.04087 0.886632 0.750849 0.701897 0.645687
threshold=0.4287661851273204 0.82874193016474396 34795.000000000007 0.46547619047619054 17834.500000000004 0.53708791208791218 0.75435079936376792 0.53708791208791218 0.75592894601845606 0.32051282051282054 0.56969271725119408 0.62909050043519821 1.9217459220572952 22.500000000000004 15527.500000000002 3.5000000000000004 9.0039695662631729 2.3268157275482158 4685.0000000000009 13.203768832316007 23.500000000000004 8.5396389324960769
decision_type=2 2 2 2 2 2 2 2 2 2 2 2 2 2 2 2 2 2 2 2 2 2
left_child=1 2 -1 9 5 6 -5 10 -9 11 -6 12 13 -2 15 -13 21 -18 19 -19 -20 -16
right_child=3 -3 -4 4 7 -7 -8 8 -10 -11 -12 14 -14 -15 16 -17 17 18 20 -21 -22 -23
leaf_value=0 0.00017684025704564559 0 0 -3.2407379931394189e-07 -1.3886872484019881e-08 3.0498852130260781e-10 2.4587847590228517e-07 2.0544803564964496e-07 -8.6564559917801539e-06 1.7773981724274449e-05 -3.3539548009090294e-08 0.0046153880319289818 -0.0025687879629978207 -0.0016580963339282401 -7.6834288577940532e-05 -0.00045158845303973268 -0.015691583424283409 -0.0065835199230195734 -0.0031421194028985349 -0.032049946220605044 0.011975225931120308 0.0043459758482323578
leaf_weight=362 189 52 509 48 53 143 52 60 132 584 56 2134 319 72 6236 1016 111 334 2592 62 741 1230
leaf_count=362 189 52 509 48 53 143 52 60 132 584 56 2134 319 72 6236 1016 111 334 2592 62 741 1230
internal_value=-0.00123847 -0.0210905 -0.0221507 -9.7625e-05 -0.00287523 -0.00129839 -0.00583333 -0.00404902 -0.00218528 0 -0.0069386 -4.39797e-05 -0.00104701 7.89475e-05 -2.17814e-06 0.000360539 -0.000104898 -0.000459688 -0.000352437 -0.00191147 -0.000159377 7.54251e-05
internal_weight=17087 923 871 16164 544 243 100 301 192 15620 109 15036 580 261 14456 3150 11306 3840 3729 396 3333 7466
internal_count=17087 923 871 16164 544 243 100 301 192 15620 109 15036 580 261 14456 3150 11306 3840 3729 396 3333 7466
is_linear=0
shrinkage=0.035


Tree=167
num_leaves=23
num_cat=0
split_feature=9 8 22 15 21 9 9 11 20 20 21 9 9 21 0 25 18 1 5 10 10 9
split_gain=325.572 11.6041 5.60395 2.65984 0.650554 1.21034 0.842197 0.743932 0.485787 0.927114 1.25282 1.88205 0.967796 0.833963 1.47718 0.798581 1.23358 0.507128 0.642702 0.75553 0.688311 0.624395
threshold=0.4287661851273204 0.43179375919907664 34795.000000000007 0.46547619047619054 2.5000000000000004 0.46448047084160615 0.53708791208791218 0.82874193016474396 2.5000000000000004 4.5000000000000009 4.5000000000000009 18.187991379088547 1.6793160786581842 4.5000000000000009 17.903471131289511 233.00000000000003 1.0000000180025095e-35 13.982558156555685 17.961864802538603 5.3496773378445601 8.2404345701402111 15.937473247944052
decision_type=2 2 2 2 2 2 2 2 2 2 2 2 2 2 2 2 2 2 2 2 2 2
left_child=1 2 -1 8 5 -5 -7 -6 15 10 11 12 -10 17 -15 -2 -17 18 20 -20 21 -11
right_child=3 -3 -4 4 7 6 -8 -9 9 13 -12 -13 -14 14 -16 16 -18 -19 19 -21 -22 -23
leaf_value=0 0.014890367619440124 0 0 2.5489756194627384e-10 -1.2028870091591643e-08 -8.9979445734046191e-08 -5.1446994201133382e-06 1.7784858547005474e-08 0.00014850742312675453 3.235552333838881e-05 0.023854414020743953 -0.019082654877503422 -0.0055246280340988108 -0.00093758717578775136 -0.056986093051080107 0.0010466378928350338 -0.0094001601362504808 0.012487520845935291 -0.023706761485539293 0.02424989762980782 -0.0080065263053429141 0.044819201093492717
leaf_weight=328 518 75 532 56 156 75 134 109 107 9095 240 147 731 520 82 548 145 2954 181 115 89 196
leaf_count=328 518 75 532 56 156 75 134 109 107 9095 240 147 731 520 82 548 145 2954 181 115 89 196
internal_value=-0.00112364 -0.0211489 -0.022315 3.73698e-05 -0.00238785 -0.00362963 -0.00484112 -0.00103704 0.00012126 6.34077e-05 -0.000853658 -0.00141414 -0.000734875 0.000149921 -0.00111285 0.000794408 0 0.000211911 8.71296e-05 -0.0015 0.000139851 0.000171687
internal_weight=17133 935 860 16198 530 265 209 265 15668 14457 1225 985 838 13232 602 1211 693 12630 9676 296 9380 9291
internal_count=17133 935 860 16198 530 265 209 265 15668 14457 1225 985 838 13232 602 1211 693 12630 9676 296 9380 9291
is_linear=0
shrinkage=0.035


Tree=168
num_leaves=23
num_cat=0
split_feature=9 11 22 12 9 9 7 11 11 25 20 11 10 6 10 10 2 7 1 2 1 21
split_gain=328.478 13.9998 7.39122 3.23779 1.5865 0.768907 0.475778 0.424119 0.43426 0.571747 0.637914 0.547116 0.491605 0.417878 0.387235 0.466013 0.927195 0.403477 0.454226 0.663395 0.791387 0.435438
threshold=0.4287661851273204 0.82874193016474396 34795.000000000007 0.67014369125706297 0.53708791208791218 22.982142857142861 33.619047619047628 11.447715753868545 0.82874193016474396 381.00000000000006 5.5000000000000009 0.75955452531275025 0.75592894601845484 1.8516343351454452 10.689614419856477 9.4541486666532162 19.556552062598733 19.580392744506621 23.023809523809529 13.982558156555685 25.102403528914756 4.5000000000000009
decision_type=2 2 2 2 2 2 2 2 2 2 2 2 2 2 2 2 2 2 2 2 2 2
left_child=1 2 -1 4 -2 7 -7 8 9 10 -5 -12 13 -11 15 17 -17 18 21 -20 -21 -10
right_child=3 -3 -4 5 -6 6 -8 -9 14 12 11 -13 -14 -15 -16 16 -18 -19 19 20 -22 -23
leaf_value=0 -6.5491022674625784e-08 0 0 -0.00023497941811608582 -2.6428925145169687e-06 0.04145779048082196 -0.014992894995955552 -0.036884305512269532 9.4312915614938666e-07 -5.2709590816548777e-06 1.0437750229044729e-09 -0.0020964159329360048 3.7291135401635349e-08 1.2315678556574872e-08 0.021097458736186236 0.037490815582729327 -0.03861152740316405 0.020033198287237784 0.047313348096789991 -0.05141014738521324 -0.0012518756061841603 -0.0014051329269543307
leaf_weight=382 98 59 536 59 133 782 45 62 12398 77 139 58 119 77 115 71 73 771 56 58 70 886
leaf_count=382 98 59 536 59 133 782 45 62 12398 77 139 58 119 77 115 71 73 771 56 58 70 886
internal_value=-0.00118942 -0.0208432 -0.0219063 4.76734e-06 -0.00406356 6.61706e-05 0.00110216 7.88406e-06 2.14211e-05 -0.000956929 -0.00213218 -0.00100495 0.00010072 -0.00112264 5.86432e-05 4.08675e-05 -0.00190268 6.24124e-05 1.63662e-05 -0.00168519 -0.00307895 4.18769e-05
internal_weight=17124 977 918 16147 231 15916 827 15089 15027 529 256 197 273 154 14498 14383 144 14239 13468 184 128 13284
internal_count=17124 977 918 16147 231 15916 827 15089 15027 529 256 197 273 154 14498 14383 144 14239 13468 184 128 13284
is_linear=0
shrinkage=0.035


Tree=169
num_leaves=23
num_cat=0
split_feature=9 11 22 9 10 9 12 21 18 21 12 7 15 20 9 12 11 20 11 7 4 9
split_gain=313.39 16.486 7.87836 3.78768 1.96806 2.34587 1.18457 0.413594 1.00024 1.93896 0.896816 0.851198 1.00983 0.632547 0.563659 1.50382 0.552264 1.76121 2.41277 0.563998 0.708509 0.561273
threshold=0.4287661851273204 0.82874193016474396 34795.000000000007 0.53708791208791218 0.78679579246944309 0.46448047084160615 0.67014369125706297 3.5000000000000004 1.0000000180025095e-35 4.5000000000000009 2.0595218625295169 1.1415815380977403 0.34891304347826091 29.500000000000004 0.69236835154341714 0.83187999366322607 8.1598049688090466 9.5000000000000018 9.6395182759771405 21.366845095393852 29.073923966709916 22.693452380952383
decision_type=2 2 2 2 2 2 2 2 2 2 2 2 2 2 2 2 2 2 2 2 2 2
left_child=1 2 -1 4 5 -2 -7 14 11 10 -10 -9 13 -13 15 -5 19 18 -18 20 -16 -19
right_child=3 -3 -4 7 -6 6 -8 8 9 -11 -12 12 -14 -15 16 -17 17 21 -20 -21 -22 -23
leaf_value=0 -5.6075050179465965e-10 0 0 5.21580790229023e-08 1.5250939086768458e-09 -9.8764077912589947e-08 -2.3046424463593238e-08 2.4064451084177318e-06 2.2019462807440822e-06 -0.018616770991338644 0.056650493351626918 -0.0021335042356728172 -0.00085313075519520586 0.072140857261663041 7.5828047045299995e-05 -8.7770251665059125e-06 -0.037254073226285586 -0.007636226516717263 -0.0004546547277829225 0.02992812830514345 -0.054954166683253688 0.05271169417967371
leaf_weight=361 61 55 513 166 80 61 58 146 216 243 399 3676 51 113 9898 67 45 203 71 512 68 148
leaf_count=361 61 55 513 166 80 61 58 146 216 243 399 3676 51 113 9898 67 45 203 71 512 68 148
internal_value=-0.00114132 -0.0208576 -0.0220233 -9.24037e-06 -0.00416038 -0.00614865 -0.00891935 5.8308e-05 -0.000210043 0.000863847 0.00191935 -0.000446379 -0.000550715 -0.000476015 0.000176205 -0.0015 0.000214155 -0.000949152 -0.00459917 0.000268101 0.000207452 0.000255618
internal_weight=17211 929 874 16282 260 180 119 16022 4844 858 615 3986 3840 3789 11178 233 10945 467 116 10478 9966 351
internal_count=17211 929 874 16282 260 180 119 16022 4844 858 615 3986 3840 3789 11178 233 10945 467 116 10478 9966 351
is_linear=0
shrinkage=0.035


Tree=170
num_leaves=23
num_cat=0
split_feature=9 8 22 9 10 9 3 5 9 3 2 1 20 20 25 2 20 4 10 10 24 10
split_gain=325.13 13.6193 5.03169 1.74686 1.19631 0.977735 0.813576 0.45525 0.484299 0.4093 0.380464 0.379305 1.13614 0.41165 0.471851 0.400355 0.574816 0.72614 0.851605 0.502129 0.673406 0.599463
threshold=0.4287661851273204 0.43179375919907664 34795.000000000007 0.53708791208791218 0.78679579246944309 0.46448047084160615 0.83075922454047013 24.170466578992038 22.982142857142861 25.102403528914756 28.125319265124826 23.023809523809529 7.5000000000000009 12.500000000000002 430.00000000000006 10.314292272644416 24.500000000000004 24.170466578992038 3.909694909544001 3.1620382566543399 4472.0000000000009 7.0710678118654764
decision_type=2 2 2 2 2 2 2 2 2 2 2 2 2 2 2 2 2 2 2 2 2 2
left_child=1 2 6 4 5 -2 -1 11 9 -9 -10 15 -13 -14 -15 19 17 -17 -19 -5 -21 -22
right_child=3 -3 -4 7 -6 -7 -8 8 10 -11 -12 12 13 14 -16 16 -18 18 -20 20 21 -23
leaf_value=0 -1.5423299200156482e-09 0 0 2.186851184782739e-07 1.6525364275270548e-09 -5.9017442600563962e-08 0 0.0072213629056162958 0.060452489275944349 -0.030971715776415245 0.0016560303540246527 -0.019025595043801566 0.065716926958215224 0.0049877088571220604 -0.045661137870636033 0.0024798956604031061 0.021464497559940517 -0.09109723280917037 -0.0057643638816844769 -0.015552099139133661 -0.00073182964256352575 -0.01166375852826068
leaf_weight=259 59 76 526 9352 71 118 86 344 237 60 75 201 170 280 77 2617 655 72 185 243 1385 79
leaf_count=259 59 76 526 9352 71 118 86 344 237 60 75 201 170 280 77 2617 655 72 185 243 1385 79
internal_value=-0.00114107 -0.0210221 -0.0222705 2.04177e-05 -0.00286364 -0.00438462 -0.0181 6.70014e-05 0.000927185 7.70172e-05 0.00195426 2.53575e-05 -0.000749659 7.89475e-05 -0.000560773 6.54767e-05 0.00039021 0.000168982 -0.00157634 -3.66955e-05 -0.000588785 -0.000288291
internal_weight=17227 947 871 16280 248 177 345 16032 716 404 312 15316 728 527 357 14588 3529 2874 257 11059 1707 1464
internal_count=17227 947 871 16280 248 177 345 16032 716 404 312 15316 728 527 357 14588 3529 2874 257 11059 1707 1464
is_linear=0
shrinkage=0.035


Tree=171
num_leaves=23
num_cat=0
split_feature=9 11 22 9 15 11 3 2 12 7 5 9 3 1 18 11 11 25 2 1 9 2
split_gain=302.84 14.0345 5.90292 1.70001 1.97428 1.99716 0.661974 0.575664 0.64259 0.676375 0.470435 0.717072 0.588228 0.575672 0.980341 0.582547 1.13425 0.851371 0.634692 0.573541 0.520291 0.476969
threshold=0.4287661851273204 0.82874193016474396 34795.000000000007 0.53708791208791218 0.55777777777777793 0.75955452531275025 0.78540102671507539 34.129284693525193 9.5923268933509522 24.583454088187622 24.170466578992038 23.506673737631434 25.102403528914756 23.023809523809529 1.0000000180025095e-35 9.6395182759771405 6.6955261347271469 224.50000000000003 24.170466578992038 27.062749211546333 23.506673737631434 26.068648301856552
decision_type=2 2 2 2 2 2 2 2 2 2 2 2 2 2 2 2 2 2 2 2 2 2
left_child=1 2 6 4 -2 -6 -1 10 9 -9 13 12 -12 21 15 16 18 -18 20 -16 -15 -5
right_child=3 -3 -4 7 5 -7 -8 8 -10 -11 11 -13 -14 14 19 -17 17 -19 -20 -21 -22 -23
leaf_value=0 -1.5974825165142815e-07 0 0 5.2271801419812281e-07 1.5474328140820356e-09 -4.1382612775191639e-08 0 -0.041029045835087617 -0.029366226155237325 0.039372129704201085 0.0087491676616728766 0.068674372697795805 -0.031590849397644484 -0.0096120254133787251 -0.0055729490033032073 0.014124886358635062 -0.028632243787815554 -0.063506949876487695 0.025471084485853272 0.089808423395038306 -0.042387100015068839 0.039883257389610405
leaf_weight=259 45 60 499 14263 148 64 104 59 71 87 369 241 68 177 46 59 90 78 57 92 46 171
leaf_count=259 45 60 499 14263 148 64 104 59 71 87 369 241 68 177 46 59 90 78 57 92 46 171
internal_value=-0.00109378 -0.0205507 -0.0216903 1.63835e-05 -0.00277863 -0.00117742 -0.017519 6.3302e-05 -0.0017027 -0.000208609 8.92654e-05 0.000989019 9.50228e-05 4.73351e-05 -0.000969231 -0.00169531 -0.00214018 -0.00439017 -0.000675438 0.00154196 -0.00156579 9.42934e-05
internal_weight=17153 922 862 16231 257 212 363 15974 217 146 15757 678 437 15079 645 507 448 168 280 138 223 14434
internal_count=17153 922 862 16231 257 212 363 15974 217 146 15757 678 437 15079 645 507 448 168 280 138 223 14434
is_linear=0
shrinkage=0.035


Tree=172
num_leaves=23
num_cat=0
split_feature=9 11 22 9 15 11 0 7 9 7 21 20 25 20 21 1 11 20 0 2 1 25
split_gain=320.273 15.3556 6.1678 1.8399 1.72647 1.41296 0.573556 0.645299 0.376856 0.41574 0.413766 0.370594 0.573564 0.475154 0.758507 0.335279 0.487107 0.346652 0.435635 0.421698 0.387632 0.302682
threshold=0.4287661851273204 0.82874193016474396 34795.000000000007 0.53708791208791218 0.55777777777777793 0.75955452531275025 22.052447947677845 28.928571428571434 20.401106820578843 21.887490267042047 4.5000000000000009 30.500000000000004 455.50000000000006 29.500000000000004 2.5000000000000004 19.556552062598733 4.28644682384214 11.500000000000002 26.94184716045481 28.125319265124826 27.944847149584415 381.00000000000006
decision_type=2 2 2 2 2 2 2 2 2 2 2 2 2 2 2 2 2 2 2 2 2 2
left_child=1 2 -1 4 -2 -6 7 11 9 -8 15 13 -13 21 -15 -10 -17 -18 -19 20 -20 -5
right_child=3 -3 -4 6 5 -7 8 -9 10 -11 -12 12 -14 14 -16 16 17 18 19 -21 -22 -23
leaf_value=0 -1.7782796553963122e-07 0 0 -1.087917493202324e-05 1.4737388025123427e-09 -3.9573694034645377e-08 0.0065506957480740962 -0.018277622308858241 0.072307872261287376 -0.012222199406560427 -0.0089003342983025157 -0.00033771496315827761 -0.021563198322851321 -0.0022090456489949188 0.061323599214539629 -0.016983812706820988 0.082991451795063828 0.072257976453363862 -0.047363770713987931 -0.054853653124368497 0.11592552022523109 2.8509100516220314e-05
leaf_weight=375 51 60 521 8504 140 56 309 68 183 82 63 148 72 121 209 45 169 108 56 55 50 5706
leaf_count=375 51 60 521 8504 140 56 309 68 183 82 63 148 72 121 209 45 169 108 56 55 50 5706
internal_value=-0.00108819 -0.0207196 -0.0218663 7.56174e-05 -0.00288889 -0.00120149 0.000123519 6.44173e-05 0.000886667 0 0.00135422 8.17814e-05 -0.00132222 0.000104675 0.00141045 0.00162221 0.00106148 0.00144582 0.000562044 -0.000506024 0.000662162 7.26347e-05
internal_weight=17151 956 896 16195 247 196 15948 14828 1120 391 729 14760 220 14540 330 666 483 438 269 161 106 14210
internal_count=17151 956 896 16195 247 196 15948 14828 1120 391 729 14760 220 14540 330 666 483 438 269 161 106 14210
is_linear=0
shrinkage=0.035


Tree=173
num_leaves=23
num_cat=0
split_feature=9 11 22 9 5 15 12 12 22 0 7 11 10 12 6 4 21 9 11 9 3 9
split_gain=324.135 14.5678 6.17533 3.3519 2.11804 0.694028 0.763382 0.837824 0.552702 0.514796 0.520615 0.462964 0.385659 0.831066 0.405672 0.361297 0.355579 0.35511 0.305758 0.854004 0.556249 0.448654
threshold=0.4287661851273204 0.82874193016474396 34795.000000000007 0.60791925465838526 3.9805079009487661 0.53708791208791218 0.65098982857185062 0.77431177036664367 31960.500000000004 21.011946453809166 28.928571428571434 0.70762479444762083 6.9196044498033862 8.3598805184905292 5.9680479807034317 14.007413885646328 4.5000000000000009 20.401106820578843 1.6491722628931571 3.8693356326414681 3.4127635668544474 8.2594301323899568
decision_type=2 2 2 2 2 2 2 2 2 2 2 2 2 2 2 2 2 2 2 2 2 2
left_child=1 2 -1 4 5 -2 -7 11 9 10 -5 -8 18 14 -14 -16 17 -11 19 -10 -20 -22
right_child=3 -3 -4 8 -6 6 7 -9 12 16 -12 -13 13 -15 15 -17 -18 -19 20 -21 21 -23
leaf_value=0 -8.3668029074012928e-07 0 0 2.3792841080796439e-05 -1.5703531055158427e-06 2.760411072949449e-09 -1.5343361860671215e-09 3.9120456738986618e-09 -0.00024221758778583756 0.0011805968445410537 -0.016645616302839221 -1.7174292481934881e-07 -0.019529195009778691 -0.027673879292302549 0.019738678609901701 -0.010443562600391502 -0.020364027274185729 0.03755148289547397 0.0019701779745154337 -0.023872353963688354 -0.0030704430521396849 0.001213071395970761
leaf_weight=349 85 59 527 8051 59 46 45 110 1437 278 53 62 55 80 124 119 78 706 907 67 1498 2375
leaf_count=349 85 59 527 8051 59 46 45 110 1437 278 53 62 55 80 124 119 78 706 907 67 1498 2375
internal_value=-0.00116667 -0.0211489 -0.0222832 -8.62056e-06 -0.00312621 -0.00195326 -0.000940298 -0.00186036 7.14016e-05 0.000248446 0.000150635 -0.004 -0.000169566 -0.00125196 -0.000311881 0.000254032 0.000974227 0.00116431 -0.000100731 -0.000535785 3.29155e-05 -0.000146209
internal_weight=17170 935 876 16235 407 348 263 217 15828 9166 8104 107 6662 378 298 243 1062 984 6284 1504 4780 3873
internal_count=17170 935 876 16235 407 348 263 217 15828 9166 8104 107 6662 378 298 243 1062 984 6284 1504 4780 3873
is_linear=0
shrinkage=0.035


Tree=174
num_leaves=23
num_cat=0
split_feature=9 11 22 9 13 20 20 9 0 11 5 9 12 11 1 20 12 7 5 0 20 20
split_gain=315.927 16.3654 6.39434 2.99603 1.14691 1.44668 2.17325 0.788227 1.1336 0.69 0.467386 0.742673 0.651618 0.431905 0.368676 0.956933 0.660889 0.620575 0.650248 0.39585 0.333375 0.729148
threshold=0.4287661851273204 0.82874193016474396 34795.000000000007 0.69236835154341714 0.53571428571428581 23.500000000000004 10.500000000000002 0.50362839128594772 0.96720607159176997 0.75435079936376792 24.170466578992038 22.982142857142861 5.5303111604938815 0.88178143959067323 23.023809523809529 5.5000000000000009 6.7533626365221684 18.732142857142861 14.999072958688698 35.433215501771933 3.5000000000000004 15.500000000000002
decision_type=2 2 2 2 2 2 2 2 2 2 2 2 2 2 2 2 2 2 2 2 2 2
left_child=1 2 -1 4 5 6 -2 -6 9 -9 14 12 -12 -11 -5 16 -16 18 -17 -19 -14 -22
right_child=3 -3 -4 10 7 -7 -8 8 -10 13 11 -13 20 -15 15 17 -18 19 -20 -21 21 -23
leaf_value=0 -3.2937024140269118e-07 0 0 3.3516448129309826e-05 2.568063911038511e-09 2.154896712233157e-09 -1.8087047763776214e-06 -1.5288207358832277e-06 7.7876091758030816e-08 3.5618071503213487e-08 0.069313421428471703 0.046415780881015445 0.036874810865550285 -1.3940531148030517e-05 -0.012360006129590954 0.027997739547889446 -0.037649186928160834 0.0078389890836337642 -0.063291409020288819 -0.01018500656149576 -0.037040754707636805 -0.0045686611835264847
leaf_weight=363 67 59 510 14207 116 46 61 70 90 55 82 301 92 45 77 56 62 419 58 66 54 200
leaf_count=363 67 59 510 14207 116 46 61 70 90 55 82 301 92 45 77 56 62 419 58 66 54 200
internal_value=-0.00116843 -0.020929 -0.0221321 -2.60951e-05 -0.00255405 -0.00490782 -0.00676316 -0.00136877 -0.0024434 -0.0041 6.22809e-05 0.000925068 0 -0.00183333 1.87292e-05 -0.000739569 -0.00330556 -9.27151e-05 -0.00238235 0.000428572 -0.000688034 -0.00136486
internal_weight=17156 932 873 16224 550 174 128 376 260 170 15674 729 428 100 14945 738 139 599 114 485 346 254
internal_count=17156 932 873 16224 550 174 128 376 260 170 15674 729 428 100 14945 738 139 599 114 485 346 254
is_linear=0
shrinkage=0.035


Tree=175
num_leaves=23
num_cat=0
split_feature=9 8 22 9 15 25 10 3 12 12 20 21 15 25 22 25 25 25 1 6 4 3
split_gain=307.882 13.0611 7.16186 1.19148 1.20089 0.873171 1.01453 0.797178 0.781019 0.636235 0.48819 0.591951 0.43201 0.395165 0.298695 0.463662 0.325551 0.281282 0.930416 0.594157 0.598147 0.563926
threshold=0.4287661851273204 0.43179375919907664 34795.000000000007 0.69236835154341714 0.55777777777777793 277.00000000000006 0.75592894601845606 0.83075922454047013 0.69341176683614714 0.77431177036664367 29.500000000000004 2.5000000000000004 0.60357142857142865 455.50000000000006 17236.500000000004 233.00000000000003 499.50000000000006 381.00000000000006 19.010370193622947 17.033107411818296 23.937493722930562 16.03274297468673
decision_type=2 2 2 2 2 2 2 2 2 2 2 2 2 2 2 2 2 2 2 2 2 2
left_child=1 2 7 4 5 -2 -7 -1 -6 -10 17 14 -11 -13 -12 -16 -17 21 -19 20 -20 -5
right_child=3 -3 -4 10 8 6 -8 -9 9 12 11 13 -14 -15 15 16 -18 18 19 -21 -22 -23
leaf_value=0 -1.1162634544370003e-07 0 0 -0.00020055138702210852 3.1723946760608619e-09 -1.860911993964595e-06 -1.5498744074846409e-06 0 -3.5910016925889685e-07 -1.9007419168097248e-06 0.020857696929223721 0.042332472719889706 3.1944477194594618e-08 0.0008560181145265335 -0.0079145673828559613 0.024089587884416758 -0.017073693510089805 0.00018760558253909666 -0.018896563818325537 0.0024439735490914979 -0.05310447454416433 0.0068737328411747631
leaf_weight=239 104 68 527 7597 70 84 57 90 80 50 68 255 103 104 68 52 52 5317 272 227 49 1552
leaf_count=239 104 68 527 7597 70 84 57 90 80 50 68 255 103 104 68 52 52 5317 272 227 49 1552
internal_value=-0.00109362 -0.0206873 -0.0218659 3.16097e-05 -0.00156329 -0.00336 -0.00513014 -0.0170389 -2.27271e-05 -0.00105882 8.91921e-05 0.00106623 0.000177215 0.00196154 -0.000214286 -0.00104802 0.000288991 4.87051e-05 0.000238501 -0.00112025 -0.00208282 -7.11163e-05
internal_weight=17085 924 856 16161 548 245 141 329 303 233 15613 599 153 359 240 172 104 15014 5865 548 321 9149
internal_count=17085 924 856 16161 548 245 141 329 303 233 15613 599 153 359 240 172 104 15014 5865 548 321 9149
is_linear=0
shrinkage=0.035


Tree=176
num_leaves=23
num_cat=0
split_feature=9 8 22 9 9 20 11 12 4 12 17 3 6 12 12 6 9 0 25 12 0 3
split_gain=325.467 15.1824 5.62084 0.911171 2.53885 1.26551 1.21607 0.848836 0.80962 0.702528 0.52648 0.585585 0.64439 0.628609 0.609926 0.621524 0.513901 0.62642 0.786342 0.567612 0.503606 0.47626
threshold=0.4287661851273204 0.43179375919907664 34795.000000000007 0.69236835154341714 0.53708791208791218 7.5000000000000009 0.75435079936376792 0.72975868826210333 1.9815188507814125 0.83187999366322607 1.0000000180025095e-35 21.011946453809166 13.563206108273512 4.4426565696908691 5.2778613193053996 16.040429585733566 7.7387393115140801 7.9927388748624617 299.00000000000006 2.8337999945130155 19.010370193622947 0.83075922454047013
decision_type=2 2 2 2 2 2 2 2 2 2 2 2 2 2 2 2 2 2 2 2 2 2
left_child=1 2 21 4 8 -6 7 -7 -2 -8 -5 12 16 -14 -15 -16 17 -12 19 -19 -17 -1
right_child=3 -3 -4 10 5 6 9 -9 -10 -11 11 -13 13 14 15 20 -18 18 -20 -21 -22 -23
leaf_value=0 3.2946871927649769e-09 0 0 -7.6070112901709434e-05 1.7022039881630859e-06 -1.7849863032290121e-06 1.2038906448352201e-07 -1.6213459092704331e-06 -2.1322632036783798e-07 -6.8031351780183091e-06 0.00010731538776256854 0.027813464271108545 0.039792350344191638 -0.030875491030196867 -0.051841177960452872 0.037407671211791858 0.013746411706618484 0.029471095798783986 -0.011058203683393086 -0.022754736690989041 -0.0078615066264341085 0
leaf_weight=245 213 79 529 11282 52 58 80 45 45 62 2136 465 158 98 57 114 938 90 69 80 123 90
leaf_count=245 213 79 529 11282 52 58 80 45 45 62 2136 465 158 98 57 114 938 90 69 80 123 90
internal_value=-0.00115699 -0.0210886 -0.0224379 1.08226e-05 -0.001375 -0.00356954 -0.00462 -0.00751852 0.00110456 -0.00221429 6.16396e-05 0.000390146 0.000242503 -0.000851351 -0.00161335 -0.000714047 0.00043038 0.000147059 -0.00152049 -9.99999e-05 2.89257e-05 -0.0180147
internal_weight=17108 943 864 16165 555 297 245 103 258 142 15610 4328 3863 550 392 294 3313 2375 239 170 237 335
internal_count=17108 943 864 16165 555 297 245 103 258 142 15610 4328 3863 550 392 294 3313 2375 239 170 237 335
is_linear=0
shrinkage=0.035


Tree=177
num_leaves=23
num_cat=0
split_feature=9 11 22 5 7 11 20 7 2 20 9 12 11 9 22 14 14 11 15 20 20 3
split_gain=322.404 14.9364 7.14198 0.744589 0.777086 0.659904 0.693053 1.06132 1.19236 0.425997 0.515958 0.440768 0.39383 1.17792 2.65964 2.02677 0.67782 0.433396 1.50856 0.376176 0.474351 0.37197
threshold=0.4287661851273204 0.82874193016474396 34795.000000000007 18.955902356631452 10.287085137085139 8.5871128860910755 9.5000000000000018 19.8975866949656 21.965076773329255 23.500000000000004 23.787301587301592 5.3469778937799877 0.82874193016474396 0.53708791208791218 5643.5000000000009 0.42261904761904767 0.5634920634920636 0.70762479444762083 0.10620300751879701 13.500000000000002 18.500000000000004 13.272026472482283
decision_type=2 2 2 2 2 2 2 2 2 2 2 2 2 2 2 2 2 2 2 2 2 2
left_child=1 2 -1 5 -5 12 7 -7 -9 10 11 -6 13 16 15 -15 -2 -16 -19 -8 -21 -13
right_child=3 -3 -4 4 9 6 19 8 -10 -11 -12 21 -14 14 17 -17 -18 18 -20 20 -22 -23
leaf_value=0 -3.7161678119005276e-07 0 0 -0.027777424391583799 0.016602904683566812 -0.015525607039372764 0.035197984712437624 0.049028174037095078 -0.017460272081278986 0.041955289624511984 0.045554370724066047 -0.031864428547613823 3.158228154556776e-07 6.2437603641664365e-07 2.724933056214152e-06 -1.73502377527445e-06 3.6138641649904754e-09 -0.015672553147208595 9.6966060883079326e-07 -0.043857333292623944 0.0033835559694850512 0.00022312530388089738
leaf_weight=372 59 56 512 45 217 46 95 54 50 404 342 98 13371 51 213 94 142 48 151 72 83 600
leaf_count=372 59 56 512 45 217 46 95 54 50 404 342 98 13371 51 213 94 142 48 151 72 83 600
internal_value=-0.00110827 -0.0209815 -0.0220906 4.74139e-05 0.000738457 -3.27507e-05 -0.00142593 -0.00327419 -0.000995413 0.00087395 0.000532488 7.60871e-05 5.94325e-06 -0.000766055 -0.00160676 -0.0056 0.00146117 -0.000109113 -0.00130392 -0.000205882 -0.0013125 -0.00033357
internal_weight=17175 940 884 16235 1706 14529 400 150 104 1661 1257 915 14129 758 557 145 201 412 199 250 155 698
internal_count=17175 940 884 16235 1706 14529 400 150 104 1661 1257 915 14129 758 557 145 201 412 199 250 155 698
is_linear=0
shrinkage=0.035


Tree=178
num_leaves=23
num_cat=0
split_feature=15 8 12 8 23 12 7 5 18 6 21 8 21 20 25 4 12 11 1 7 6 11
split_gain=271.274 21.6898 10.7998 7.56623 4.59147 1.42164 0.667005 0.479755 0.54848 0.922604 1.08765 0.798606 0.71126 0.83817 0.726964 0.673199 0.781575 0.8505 0.622801 0.528168 0.839862 0.464582
threshold=0.64495798319327746 0.43179375919907664 0.52004063163607117 0.5723960849627322 40250.000000000007 0.63508777288479024 0.56969271725119408 25.102403528914756 1.0000000180025095e-35 1.0010887194926981 4.5000000000000009 7.3571521748885216 2.5000000000000004 11.500000000000002 421.00000000000006 2.0850191483444518 0.88116685505925996 1.2066664642907576 23.023809523809529 18.859693877551024 11.946428571428573 0.82874193016474396
decision_type=2 2 2 2 2 2 2 2 2 2 2 2 2 2 2 2 2 2 2 2 2 2
left_child=2 4 3 -1 -2 6 -4 8 18 15 12 -12 -11 -14 -15 16 -10 -18 21 20 -20 -7
right_child=1 -3 5 -5 -6 7 -8 -9 9 10 11 -13 13 14 -16 -17 17 -19 19 -21 -22 -23
leaf_value=0 0 0 -5.3948832095344816e-08 -0.00016308324258580234 0 -5.3522617465614301e-07 0 0.022616230294870251 9.7177550316206095e-09 -8.9760172993273082e-06 0.00078964552224206855 -0.033361003540028314 0.046559301336868281 0.019993231331720863 -0.0072290565509961551 0.00024141888636735673 -0.0019228639719375078 -0.0010240875401734504 0.022097793266618895 -0.007727838143460143 -0.065950914024075866 2.9772884700062411e-07
leaf_weight=71 249 71 60 60 515 538 62 613 48 335 109 85 518 262 138 63 45 75 50 480 57 12605
leaf_count=71 249 71 60 60 515 538 62 613 48 335 109 85 518 262 138 63 45 75 50 480 57 12605
internal_value=-0.00106264 -0.0204583 -6.04151e-05 -0.00988235 -0.0221697 2.12412e-05 -0.00366535 5.15414e-05 1.20354e-05 0.000609329 0.000944904 -0.00142462 0.00132989 0.00183153 0.000561729 -0.00139407 -0.00256936 -0.00406 -5.98834e-05 -0.00117061 -0.003375 -8.51828e-06
internal_weight=17109 835 16274 131 764 16143 122 16021 15408 1678 1447 194 1253 918 400 231 168 120 13730 587 107 13143
internal_count=17109 835 16274 131 764 16143 122 16021 15408 1678 1447 194 1253 918 400 231 168 120 13730 587 107 13143
is_linear=0
shrinkage=0.035


Tree=179
num_leaves=23
num_cat=0
split_feature=9 8 22 9 9 9 11 22 11 6 6 20 3 5 2 22 6 3 9 4 9 18
split_gain=309.831 11.4608 5.35701 3.79216 0.444675 2.03406 1.6902 3.0282 1.20433 0.367021 0.431366 0.569186 0.723653 0.43587 0.402864 0.661707 0.796336 1.21671 0.871614 1.05182 0.692281 0.594655
threshold=0.3956951516321271 0.43179375919907664 34795.000000000007 0.4287661851273204 0.69236835154341714 0.53708791208791218 0.75435079936376792 15527.500000000002 0.75955452531275025 23.937493722930562 28.125319265124826 23.500000000000004 21.965076773329255 22.797540755617458 3.0003581617680068 10086.000000000002 20.017857142857146 15.950345293025352 4.6726190476190483 5.9680479807034317 5.7857189445871189 1.0000000180025095e-35
decision_type=2 2 2 2 2 2 2 2 2 2 2 2 2 2 2 2 2 2 2 2 2 2
left_child=1 2 -1 -2 5 8 7 -7 -5 14 -11 12 -12 -14 -6 -16 18 -18 19 -17 -20 -22
right_child=3 -3 -4 4 9 6 -8 -9 -10 10 11 -13 13 -15 15 16 17 -19 20 -21 21 -23
leaf_value=0 0 0 0 1.999434946909605e-08 5.0265390187126371e-05 -3.4947516523532965e-06 -4.1355773810575853e-07 -2.7282695205066008e-07 -2.1775603129290624e-08 0.027740334837013984 -0.014386785364957275 0.046032853020588793 -0.019643491042557033 0.065238519095005151 0.0056612039114602147 -0.001520523088382306 -0.028422031928489619 -0.0023366938493596125 0.019287560836709405 -0.0096965190754909423 -0.0012452713362878132 0.016170486853659436
leaf_weight=269 78 53 522 198 5440 62 165 68 63 401 120 122 65 57 1127 1164 108 179 245 120 5823 707
leaf_count=269 78 53 522 198 5440 62 165 68 63 401 120 122 65 57 1127 1164 108 179 245 120 5823 707
internal_value=-0.00107462 -0.0216885 -0.02275 -6.4337e-07 3.64248e-05 -0.00092959 -0.00291667 -0.00583333 0.00126316 7.20846e-05 0.000818182 -9.48496e-06 -0.00103441 0.000744095 3.23771e-05 -0.000104136 -0.000213328 -0.0020137 -0.000145833 -0.000980217 1.03246e-05 -5.62355e-05
internal_weight=17156 844 791 16312 16234 556 295 130 261 15678 765 364 242 122 14913 9473 8346 287 8059 1284 6775 6530
internal_count=17156 844 791 16312 16234 556 295 130 261 15678 765 364 242 122 14913 9473 8346 287 8059 1284 6775 6530
is_linear=0
shrinkage=0.035


end of trees

feature_importances:
sig_roll_mean_28=615
day_of_month=378
sig_roll_std_14=293
unit_cost_rp=258
sig_zero_rate_28=251
sig_roll_std_28=242
sig_roll_mean_14=219
sig_roll_std_7=190
sig_lag_2=150
sig_lag_1=141
sig_lag_3=140
sig_lag_21=134
shelf_life_days=133
sig_roll_mean_7=127
month=125
sig_lag_28=119
sig_lag_7=109
sig_lag_14=103
margin_rp=58
sig_zero_rate_14=51
unit_price_rp=51
is_holiday=25
promo_flag=16
is_weekend=12
sig_zero_rate_7=11
promised_lead_time_days=9

parameters:
[boosting: gbdt]
[objective: quantile]
[metric: quantile]
[tree_learner: serial]
[device_type: cpu]
[data_sample_strategy: bagging]
[data: ]
[valid: ]
[num_iterations: 180]
[learning_rate: 0.035]
[num_leaves: 23]
[num_threads: 8]
[seed: 20260723]
[deterministic: 0]
[force_col_wise: 0]
[force_row_wise: 0]
[histogram_pool_size: -1]
[max_depth: -1]
[min_data_in_leaf: 45]
[min_sum_hessian_in_leaf: 0.001]
[bagging_fraction: 0.85]
[pos_bagging_fraction: 1]
[neg_bagging_fraction: 1]
[bagging_freq: 1]
[bagging_seed: 320]
[bagging_by_query: 0]
[feature_fraction: 0.85]
[feature_fraction_bynode: 1]
[feature_fraction_seed: 6711]
[extra_trees: 0]
[extra_seed: 20591]
[early_stopping_round: 0]
[early_stopping_min_delta: 0]
[first_metric_only: 0]
[max_delta_step: 0]
[lambda_l1: 0.5]
[lambda_l2: 5]
[linear_lambda: 0]
[min_gain_to_split: 0]
[drop_rate: 0.1]
[max_drop: 50]
[skip_drop: 0.5]
[xgboost_dart_mode: 0]
[uniform_drop: 0]
[drop_seed: 9722]
[top_rate: 0.2]
[other_rate: 0.1]
[min_data_per_group: 100]
[max_cat_threshold: 32]
[cat_l2: 10]
[cat_smooth: 10]
[max_cat_to_onehot: 4]
[top_k: 20]
[monotone_constraints: ]
[monotone_constraints_method: basic]
[monotone_penalty: 0]
[feature_contri: ]
[forcedsplits_filename: ]
[refit_decay_rate: 0.9]
[cegb_tradeoff: 1]
[cegb_penalty_split: 0]
[cegb_penalty_feature_lazy: ]
[cegb_penalty_feature_coupled: ]
[path_smooth: 0]
[interaction_constraints: ]
[verbosity: -1]
[saved_feature_importance_type: 0]
[use_quantized_grad: 0]
[num_grad_quant_bins: 4]
[quant_train_renew_leaf: 0]
[stochastic_rounding: 1]
[linear_tree: 0]
[max_bin: 255]
[max_bin_by_feature: ]
[min_data_in_bin: 3]
[bin_construct_sample_cnt: 200000]
[data_random_seed: 4442]
[is_enable_sparse: 1]
[enable_bundle: 1]
[use_missing: 1]
[zero_as_missing: 0]
[feature_pre_filter: 1]
[pre_partition: 0]
[two_round: 0]
[header: 0]
[label_column: ]
[weight_column: ]
[group_column: ]
[ignore_column: ]
[categorical_feature: ]
[forcedbins_filename: ]
[precise_float_parser: 0]
[parser_config_file: ]
[objective_seed: 5935]
[num_class: 1]
[is_unbalance: 0]
[scale_pos_weight: 1]
[sigmoid: 1]
[boost_from_average: 1]
[reg_sqrt: 0]
[alpha: 0.1]
[fair_c: 1]
[poisson_max_delta_step: 0.7]
[tweedie_variance_power: 1.5]
[lambdarank_truncation_level: 30]
[lambdarank_norm: 1]
[label_gain: ]
[lambdarank_position_bias_regularization: 0]
[eval_at: ]
[multi_error_top_k: 1]
[auc_mu_weights: ]
[num_machines: 1]
[local_listen_port: 12400]
[time_out: 120]
[machine_list_filename: ]
[machines: ]
[gpu_platform_id: -1]
[gpu_device_id: -1]
[gpu_device_id_list: ]
[gpu_use_dp: 0]
[num_gpu: 1]

end of parameters

pandas_categorical:[]
