tree
version=v4
num_class=1
num_tree_per_iteration=1
label_index=0
max_feature_idx=27
objective=quantile
feature_names=sig_lag_1 sig_lag_2 sig_lag_3 sig_lag_7 sig_lag_14 sig_lag_21 sig_lag_28 sig_roll_mean_7 sig_roll_mean_14 sig_roll_mean_28 sig_roll_std_7 sig_roll_std_14 sig_roll_std_28 sig_zero_rate_7 sig_zero_rate_14 sig_zero_rate_28 promo_flag is_weekend is_holiday is_payday_week day_of_month month unit_cost_rp unit_price_rp margin_rp shelf_life_days is_perishable promised_lead_time_days
feature_infos=[0:72] [0:72] [0:72] [0:72] [0:72] [0:72] [0:72] [0:44] [0:44] [0:44] [0:22.786796511095964] [0:17.139376936115319] [0:16.069317439236894] [0:1] [0:1] [0:0.9642857142857143] [0:1] [0:1] [0:1] none [1:31] [1:5] [3633:54611] [4700:64300] [1067:16070] [92:917] [0:1] [2:4]
tree_sizes=2001 2083 2080 2090 2084 2099 2094 2080 2096 2090 2085 2090 2095 2087 2092 2097 2095 2086 2107 2099 2093 2107 2112 2108 2107 2111 2097 2101 2108 2108 2112 2115 2125 2123 2114 2124 2142 2124 2119 2124 2134 2127 2111 2140 2130 2157 2149 2139 2132 2150 2136 2151 2140 2149 2158 2152 2144 2150 2143 2161 2146 2173 2156 2160 2139 2155 2140 2153 2164 2164 2140 2158 2157 2176 2170 2170 2149 2149 2150 2162 2182 2169 2149 2154 2176 2149 2178 2152 2162 2163 2185 2175 2171 2179 2150 2147 2186 2163 2168 2195 2188 2190 2191 2200 2192 2167 2165 2171 2180 2188 2194 2181 2186 2177 2194 2193 2190 2206 2194 2196 2163 2194 2199 2203 2211 2197 2186 2197 2187 2184 2174 2204 2178 2191 2191 2183 2176 2159 2187 2229 2180 2196 2198 2195 2188 2177 2203 2161 2183 2202 2183 2187 2185 2190 2187 2185 2203 2195 2185 2180 2202 2186 2185 2207 2190 2190 2227 2225 2204 2218 2180 2185 2191 2174 2171 2168 2214 2222 2188 2195

Tree=0
num_leaves=23
num_cat=0
split_feature=9 8 9 4 22 9 11 22 12 5 20 20 5 12 8 20 20 20 20 11 12 11
split_gain=685.245 55.4479 53.6462 28.7474 13.3634 6.76809 5.93421 5.81065 5.7261 6.08875 5.35142 8.57377 8.22456 5.69129 5.65811 4.74883 6.22207 4.69375 18.107 2.75034 2.69468 3.156
threshold=18.488914571250383 15.00474509636665 21.113247863247867 6.9904008156964954 16785.000000000004 23.672619047619051 5.6416909977397944 16785.000000000004 8.4706950275334005 5.9680479807034317 23.500000000000004 10.500000000000002 8.9846950015344529 4.8262685747351375 16.575153934138797 9.5000000000000018 21.500000000000004 22.500000000000004 11.500000000000002 5.8159366304800244 6.6411069053247589 8.0075191903152891
decision_type=2 2 2 2 2 2 2 2 2 2 2 2 2 2 2 2 2 2 2 2 2 2
left_child=1 -1 4 7 6 17 -2 -4 9 -6 11 12 -3 -12 -14 -8 -17 18 -5 -13 -11 -22
right_child=2 10 3 5 8 -7 15 -9 -10 20 13 19 14 -15 -16 16 -18 -19 -20 -21 21 -23
leaf_value=136.88913355222334 141.35899989485742 138.91531893460819 140.28099969625472 141.16299903869628 139.01049982726573 141.5724995368719 140.95999978303908 139.18637465640901 138.89921850603156 140.81649963200093 140.66599992156029 139.50749910295011 139.4949995418792 139.58344342547645 140.43257491204858 139.38499982476233 140.34749981224536 141.31349964201451 139.97999999999999 138.6149999747669 139.88899983644487 140.29797743598058
leaf_weight=13131 127 127 92 193 70 556 66 62 76 148 48 216 135 193 204 106 76 144 180 261 99 65
leaf_count=13131 127 127 92 193 70 556 66 62 76 148 48 216 135 193 204 106 76 144 180 261 99 65
internal_value=139 138.997 139.019 139.024 139.012 139.026 139.017 139.009 139.008 139.009 139.005 139.003 139.007 139.009 139.009 139.013 139.009 139.022 139.019 139 139.011 139.008
internal_weight=16375 14315 2060 1227 833 1073 375 154 458 382 1184 943 466 241 339 248 182 517 373 477 312 164
internal_count=16375 14315 2060 1227 833 1073 375 154 458 382 1184 943 466 241 339 248 182 517 373 477 312 164
is_linear=0
shrinkage=1


Tree=1
num_leaves=23
num_cat=0
split_feature=9 22 9 25 9 4 20 20 4 5 20 20 8 12 22 12 3 9 20 3 12 12
split_gain=634.454 56.912 52.0301 19.2096 12.6516 8.89258 7.68516 23.7688 7.114 5.67219 5.05221 8.78834 5.64149 4.82298 4.59446 5.07055 3.99667 3.79271 3.35225 2.43974 2.37088 2.35653
threshold=18.326530612244905 16785.000000000004 14.751408451061586 191.00000000000003 24.172619047619051 6.9904008156964954 10.500000000000002 20.500000000000004 11.852133989485408 5.7574969127869009 10.500000000000002 23.500000000000004 17.218011076995939 4.7278438513068801 48992.500000000007 7.7940589212907598 13.938804010899039 21.113247863247867 5.5000000000000009 16.816350280949681 5.9594640373526735 8.3491415138346756
decision_type=2 2 2 2 2 2 2 2 2 2 2 2 2 2 2 2 2 2 2 2 2 2
left_child=2 4 21 8 5 -2 -7 19 -3 -4 12 -12 18 -13 -5 -16 -6 20 -11 -8 -10 -1
right_child=1 3 9 14 16 6 7 -9 17 10 11 13 -14 -15 15 -17 -18 -19 -20 -21 -22 -23
leaf_value=-2.0617447187719584 0.44925294890236439 0.58990032868099607 -0.037609100211395567 0.33942952685851158 2.4821649371981627 2.1292950336456302 0.20507895249219943 1.8567529797251763 2.5439224669843914 0.053985927843189369 -0.052762468603253725 1.570208420495137 1.33343462701016 0.56635671281319544 1.5738291510576157 0.373831270574841 2.5734621832579379 2.2075619547294991 1.042305883395116 0.86243500367999038 0.79975587675395077 0.45888010036662585
leaf_weight=13050 69 48 232 277 45 268 59 309 56 105 343 47 138 228 95 46 400 147 85 196 70 46
leaf_count=13050 69 48 232 277 45 268 59 309 56 105 343 47 138 228 95 46 400 147 85 196 70 46
internal_value=-0.000107798 0.0179019 -0.00274505 0.0099543 0.0221995 0.0194857 0.0205024 0.0177214 0.016362 0.00428106 0.00548002 0.00352247 0.00900751 0.008125 0.00485697 0.00992466 0.0273778 0.0185324 0.00475641 0.00942308 0.0127977 -0.00337978
internal_weight=16359 2085 14274 739 1346 901 832 564 321 1178 946 618 328 275 418 141 445 273 190 255 126 13096
internal_count=16359 2085 14274 739 1346 901 832 564 321 1178 946 618 328 275 418 141 445 273 190 255 126 13096
is_linear=0
shrinkage=0.035


Tree=2
num_leaves=23
num_cat=0
split_feature=9 9 8 4 9 20 20 22 22 25 11 8 11 20 22 20 22 11 6 11 7 11
split_gain=602.026 50.795 46.3184 20.3687 11.7253 9.98524 15.8874 5.64784 5.48675 3.94518 3.74296 4.4067 3.23116 2.99042 3.251 2.96723 2.92865 2.91019 2.89903 2.84556 2.66284 2.57704
threshold=18.326530612244905 20.401106820578843 15.00474509636665 6.9904008156964954 24.46552486850624 23.500000000000004 10.500000000000002 16785.000000000004 16785.000000000004 224.50000000000003 5.5181060827125705 16.118101600842365 3.4342327533374832 9.5000000000000018 43337.000000000007 23.500000000000004 25082.000000000004 5.6416909977397944 10.946439606378263 4.430131143687789 15.863293650793652 6.3615327382045797
decision_type=2 2 2 2 2 2 2 2 2 2 2 2 2 2 2 2 2 2 2 2 2 2
left_child=2 8 -1 7 5 6 -5 -3 17 21 11 -4 -13 14 18 -15 -10 -2 -12 -14 -18 -8
right_child=1 3 10 4 -6 -7 9 -9 16 -11 13 12 19 15 -16 -17 20 -19 -20 -21 -22 -23
leaf_value=-1.9889586091707985 1.8404484641383736 1.2660524471489585 0.23695387434970505 2.1999057590327373 2.3398913397954559 2.5073752535437746 1.6323851371372922 -0.26341145426801366 -0.008827894115837856 0.66000549534838915 0.18318948919366065 -0.0054272364725538218 0.91818966613294462 -0.22967831271572794 -0.18913980742806774 0.67742034023884146 -0.017628367518937239 1.0149721963044802 1.6356893698978601 0.8940840190573851 1.3125613092777932 1.1833184933281786
leaf_weight=13129 75 108 198 253 398 243 61 56 73 166 51 56 118 285 50 83 49 180 72 221 277 173
leaf_count=13129 75 108 198 253 398 243 61 56 73 166 51 56 118 285 50 83 49 180 72 221 277 173
internal_value=-0.000183762 0.0172322 -0.00276899 0.020878 0.022366 0.0198074 0.0171915 0.00871893 0.00898103 0.0124877 0.0039978 0.00592308 0.00805 0.00182051 0.00554494 0 0.00620297 0.0130577 0.00853125 0.00931977 0.00760272 0.0155377
internal_weight=16375 2112 14263 1458 1294 896 653 164 654 400 1134 593 395 541 173 368 399 255 123 339 326 234
internal_count=16375 2112 14263 1458 1294 896 653 164 654 400 1134 593 395 541 173 368 399 255 123 339 326 234
is_linear=0
shrinkage=0.035


Tree=3
num_leaves=23
num_cat=0
split_feature=8 22 8 8 20 26 20 21 4 5 11 22 20 20 5 11 20 20 10 7 11 11
split_gain=543.252 71.5465 30.7734 13.6152 18.3429 13.5047 12.0123 7.05487 7.03196 6.29985 4.80207 4.55693 4.25761 7.80113 3.51746 2.93214 2.46487 2.88202 2.92758 2.13464 2.10644 1.98204
threshold=17.678363744600087 16785.000000000004 14.572704081632654 22.57902452389941 21.500000000000004 1.0000000180025095e-35 10.500000000000002 2.5000000000000004 10.946439606378263 5.172349027628159 8.5431670245509483 6498.5000000000009 10.500000000000002 23.500000000000004 8.9846950015344529 7.0211611074453542 23.500000000000004 28.500000000000004 4.3534332373864322 13.288932148986737 6.6813197685079597 4.8216649872818493
decision_type=2 2 2 2 2 2 2 2 2 2 2 2 2 2 2 2 2 2 2 2 2 2
left_child=2 3 19 4 6 7 8 21 -2 -7 15 -5 20 -14 -8 -11 -4 18 -18 -1 -9 -3
right_child=1 5 16 11 -6 9 14 12 -10 10 -12 -13 13 -15 -16 -17 17 -19 -20 -21 -22 -23
leaf_value=-2.1293450578498208 0.51586201524953845 0.97081269660438507 0.25700794108026742 1.434488260645379 1.8273079199156241 0.12470516628341538 0.7961958022816793 0.69231388847642228 1.6698440368660141 1.8384453070062632 1.4817234137269788 2.2579951429026153 0.61714767269712612 1.700434404374821 0.27313464810280841 0.51076894821383279 0.42735670215897431 0.12581824694696925 0.7095472173287658 -0.13434529149815705 1.4518055465380559 -0.444078132551538
leaf_weight=12638 45 79 720 139 264 47 55 51 163 165 97 577 197 55 162 64 92 84 80 411 57 155
leaf_count=12638 45 79 720 139 264 47 55 51 163 165 97 577 197 55 162 64 92 84 80 411 57 155
internal_value=-0.000286368 0.0151853 -0.00290877 0.0202305 0.0163703 0.00777058 0.0115581 0.00438815 0.0175329 0.0129815 0.0146873 0.0237816 0.00743151 0.00467121 0.00548649 0.0113077 0.00306473 0.00602107 0.00856215 -0.0033579 0.0132257 -0.000278243
internal_weight=16397 2372 14025 1405 689 967 425 594 208 373 326 716 360 252 217 229 976 256 172 13049 108 234
internal_count=16397 2372 14025 1405 689 967 425 594 208 373 326 716 360 252 217 229 976 256 172 13049 108 234
is_linear=0
shrinkage=0.035


Tree=4
num_leaves=23
num_cat=0
split_feature=9 22 8 9 25 20 20 6 5 8 20 20 5 8 22 3 11 9 11 9 11 7
split_gain=515.881 50.3664 41.9514 14.8781 11.5804 6.91087 15.7312 7.74635 6.2937 5.27883 4.51383 5.27663 6.28152 4.80863 3.88889 3.69655 3.561 3.39342 2.89332 2.73231 3.19163 2.31092
threshold=18.326530612244905 16785.000000000004 14.572704081632654 24.172619047619051 191.00000000000003 21.500000000000004 10.500000000000002 9.9933189851049971 7.9927388748624617 20.163690476190478 23.500000000000004 10.500000000000002 8.9846950015344529 17.218011076995939 48992.500000000007 12.981742114742621 5.7623255252478458 20.539744396851962 5.8159366304800244 21.113247863247867 6.6813197685079597 18.580604475465019
decision_type=2 2 2 2 2 2 2 2 2 2 2 2 2 2 2 2 2 2 2 2 2 2
left_child=2 3 -1 5 8 6 7 -2 -3 -9 11 12 -4 -14 -6 -5 -8 -18 -13 20 -10 -12
right_child=1 4 10 15 14 -7 16 9 19 -11 21 18 13 -15 -16 -17 17 -19 -20 -21 -22 -23
leaf_value=-1.8798179808250766 0.42685930580313147 0.20223631537793077 -0.27102990360890689 2.3209474937376324 0.34073136693232614 1.8175520557472848 1.5687396558807365 0.61305883275861861 2.0176842512993849 2.0736594656243903 0.52089613002361412 0.26483640119869339 0.49656222613546552 1.2181854993166443 1.044957690771906 2.1645677989715892 -0.062798173746349537 0.66933131381260569 -0.4617993424798042 1.9868882502534655 0.4188731416249552 1.7071737852949571
leaf_weight=12939 47 45 124 48 279 274 58 52 80 202 214 256 202 132 142 409 66 184 253 148 56 45
leaf_count=12939 47 45 124 48 279 274 58 52 80 202 214 256 202 132 142 409 66 184 253 148 56 45
internal_value=-0.000363777 0.0158461 -0.00276147 0.0199201 0.00846026 0.0169955 0.01457 0.0202908 0.0133713 0.0227162 0.00340902 0.00226132 0.00496652 0.00744395 0.00446948 0.0252879 0.0086885 0.00651961 -0.000163425 0.0152716 0.0106489 0.00750379
internal_weight=16255 2090 14165 1340 750 883 609 301 329 254 1226 967 458 334 421 457 308 250 509 284 136 259
internal_count=16255 2090 14165 1340 750 883 609 301 329 254 1226 967 458 334 421 457 308 250 509 284 136 259
is_linear=0
shrinkage=0.035


Tree=5
num_leaves=23
num_cat=0
split_feature=9 9 22 9 5 22 9 4 12 20 20 5 20 20 20 21 12 9 12 10 20 20
split_gain=493.973 75.7031 22.3821 9.36971 7.44603 6.7937 6.62184 5.51953 5.28703 5.51061 9.10138 4.69982 6.26617 6.51311 6.01759 4.06982 3.34465 3.15065 3.52559 3.13757 4.89521 6.33427
threshold=20.036375661375665 13.975441294674999 16785.000000000004 24.46552486850624 8.9846950015344529 16785.000000000004 21.113247863247867 7.2326461957764456 6.009705465540029 10.500000000000002 21.500000000000004 5.172349027628159 10.500000000000002 22.500000000000004 3.5000000000000004 3.5000000000000004 6.5492767057550667 16.93000806161103 5.6506244452749828 3.5367495358613534 21.500000000000004 7.5000000000000009
decision_type=2 2 2 2 2 2 2 2 2 2 2 2 2 2 2 2 2 2 2 2 2 2
left_child=1 16 3 8 -4 7 -6 -3 -2 -10 -11 -7 14 -14 -13 -16 -1 -15 -19 -9 21 -21
right_child=2 5 4 -5 6 11 -8 19 9 10 -12 12 13 17 15 -17 -18 18 -20 20 -22 -23
leaf_value=-1.9190243514961993 2.4981650469193495 -0.2774416761691274 0.20243364555479543 2.1326550143570948 0.96909485891320779 -0.21827885100072555 1.9214806392828201 0.095225595735198496 1.9064581839694419 0.62227032530369741 1.6995124976173812 0.24933101956834464 -0.1985555136808814 0.086455912885767358 0.78479434854945995 1.5949243237400321 0.35767811572629715 1.5475537916501003 0.55913172095634933 1.401499816867992 1.2927569494913902 0.36414422163978677
leaf_weight=12706 175 55 82 422 117 268 186 56 175 240 173 154 456 183 183 89 112 53 165 54 93 137
leaf_count=12706 175 55 82 422 117 268 186 56 175 240 173 154 456 183 183 89 112 53 165 54 93 137
internal_value=-0.00039822 -0.00238618 0.0182333 0.0206471 0.0105897 0.0040346 0.0130909 0.0081375 0.0179648 0.0159772 0.0133301 0.00295565 0.00383696 0.00206264 0.00730046 0.0103989 -0.00336353 0.0052931 0.00811435 0.00978985 0.0112751 0.00757143
internal_weight=16334 14764 1570 1185 385 1946 303 395 763 588 413 1551 1283 857 426 272 12818 401 218 340 284 191
internal_count=16334 14764 1570 1185 385 1946 303 395 763 588 413 1551 1283 857 426 272 12818 401 218 340 284 191
is_linear=0
shrinkage=0.035


Tree=6
num_leaves=23
num_cat=0
split_feature=9 9 22 4 8 25 20 20 12 12 24 21 11 9 20 20 4 20 20 25 12 12
split_gain=431.442 40.7851 36.9847 13.9851 10.8795 8.86822 8.71898 9.70752 6.04283 4.52946 5.25925 4.70596 4.63839 4.3728 3.73091 3.57766 3.51578 5.08855 5.8006 3.65455 3.97349 3.48957
threshold=18.488914571250383 13.773268587704081 16785.000000000004 7.9927388748624617 22.57902452389941 191.00000000000003 10.500000000000002 18.500000000000004 6.0947887844857682 8.4706950275334005 9795.0000000000018 2.5000000000000004 6.2019708399239422 20.715476190476192 23.500000000000004 21.500000000000004 5.7847660902793931 9.5000000000000018 23.500000000000004 421.00000000000006 6.1733661069009056 4.7751561600650705
decision_type=2 2 2 2 2 2 2 2 2 2 2 2 2 2 2 2 2 2 2 2 2 2
left_child=1 -1 3 -2 8 15 -6 -8 -5 10 -7 -12 -13 -10 -15 -4 -3 19 -19 -18 -21 -20
right_child=2 16 5 4 6 9 7 -9 13 -11 11 12 -14 14 -16 -17 17 18 21 20 -22 -23
leaf_value=-1.8556339871917413 0.68525474611888115 -0.30614407154995082 1.3767583526458667 1.7555520568528269 2.3489796019432747 -0.096214069379404341 0.80356251443452031 2.3392404708765189 1.1807172272973747 -0.19516837765475917 0.28997490385337554 0.6364214245611084 1.5541947414908024 0.90938729448575484 1.9740101447149725 1.8875590688371497 1.2136869181972838 -0.055807499213233677 0.91362721021149895 0.02598952280476724 1.410806895515214 0.30581418515229197
leaf_weight=12851 118 213 216 180 216 73 211 204 164 87 71 57 85 155 88 102 149 592 86 156 71 264
leaf_count=12851 118 213 216 180 216 73 211 204 164 87 71 57 85 155 88 102 149 592 86 156 71 264
internal_value=-0.000578714 -0.00271179 0.0145167 0.017928 0.0190511 0.00781465 0.0224198 0.0188333 0.0152416 0.004 0.00612199 0.00886238 0.0124524 0.0124709 0.0155524 0.0121037 0.00267513 0.00335185 0.00193295 0.00678871 0.00374138 0.00547183
internal_weight=16409 14382 2027 1336 1218 691 631 415 587 373 286 213 142 407 243 318 1531 1318 942 376 227 350
internal_count=16409 14382 2027 1336 1218 691 631 415 587 373 286 213 142 407 243 318 1531 1318 942 376 227 350
is_linear=0
shrinkage=0.035


Tree=7
num_leaves=23
num_cat=0
split_feature=9 22 9 9 20 20 21 8 22 11 22 12 3 3 20 8 20 12 9 3 11 7
split_gain=395.865 40.9514 37.713 9.95512 7.56385 14.7984 6.14895 5.89476 5.46491 4.24233 3.76578 3.71042 3.2644 2.9488 2.79907 4.35009 4.33638 3.03329 2.39066 2.17618 2.16501 2.36888
threshold=18.326530612244905 16785.000000000004 13.773268587704081 24.172619047619051 21.500000000000004 10.500000000000002 2.5000000000000004 20.016499355443397 25082.000000000004 5.5181060827125705 33201.500000000007 6.9008938940004301 14.999072958688698 11.827380952380954 10.500000000000002 18.501524510250249 23.500000000000004 4.6422838801156487 20.539744396851962 6.9966807769941894 5.8159366304800244 15.717747209918626
decision_type=2 2 2 2 2 2 2 2 2 2 2 2 2 2 2 2 2 2 2 2 2 2
left_child=2 3 -1 4 5 7 -3 -2 -8 -7 14 -6 -10 -5 15 19 20 -18 -11 -4 21 -16
right_child=1 6 10 13 11 9 8 -9 12 18 -12 -13 -14 -15 16 -17 17 -19 -20 -21 -22 -23
leaf_value=-1.7869113096421212 0.37457964842562141 0.31534362458621923 -0.37567364884793752 2.0920874948469463 1.6746140586595166 1.4409707067796278 -0.036280224692873994 1.5952018557730669 0.53218283781626841 -0.10342556264981798 -0.108837102686707 1.5290628824943844 1.4532671487785365 2.0443475507809037 -0.25934891353052747 1.3948260171335625 1.2581383692404935 0.55929459620313204 0.51376300994753732 0.82262788885685845 -0.3437137196447998 0.82392548272719413
leaf_weight=12832 60 291 55 45 139 47 59 249 74 64 380 134 325 407 105 64 46 213 194 262 194 116
leaf_count=12832 60 291 55 45 139 47 59 249 74 64 380 134 325 407 105 64 46 213 194 262 194 116
internal_value=-0.000656786 0.0135569 -0.00274222 0.0172292 0.014824 0.0123885 0.00689788 0.0177898 0.00942657 0.00666129 0.002625 0.0199173 0.0108812 0.0216969 0.00369811 0.0061114 0.0022732 0.0057803 0.00461787 0.00421739 0 0.00238495
internal_weight=16355 2088 14267 1339 887 614 749 309 458 305 1435 273 399 452 1055 381 674 259 258 317 415 221
internal_count=16355 2088 14267 1339 887 614 749 309 458 305 1435 273 399 452 1055 381 674 259 258 317 415 221
is_linear=0
shrinkage=0.035


Tree=8
num_leaves=23
num_cat=0
split_feature=9 22 8 9 4 12 25 20 20 4 9 12 12 21 20 4 20 20 12 25 12 9
split_gain=367.133 41.9956 30.0099 12.4813 7.82067 6.34229 5.89536 3.8768 4.93908 3.86438 3.66021 3.66774 3.39955 3.8913 3.36139 2.87472 2.83755 6.58735 2.78456 3.65894 2.64886 2.46886
threshold=18.037576967069402 16785.000000000004 13.379966179780657 23.672619047619051 8.7738147298040037 6.0947887844857682 191.00000000000003 23.500000000000004 9.5000000000000018 9.9933189851049971 20.539744396851962 7.4762343795530004 8.4706950275334005 2.5000000000000004 10.500000000000002 12.996151141142256 9.5000000000000018 23.500000000000004 6.1733661069009056 421.00000000000006 4.6001439765542953 20.230777150249171
decision_type=2 2 2 2 2 2 2 2 2 2 2 2 2 2 2 2 2 2 2 2 2 2
left_child=2 3 -1 5 -5 21 15 8 9 -4 11 -7 13 -8 -15 -3 -12 -18 19 -11 -9 -2
right_child=1 6 7 4 -6 10 12 20 -10 18 16 -13 -14 14 -16 -17 17 -19 -20 -21 -22 -23
leaf_value=-1.7943694138046469 1.0434546388783996 0.70616880989601827 -0.22202232004862832 1.5096139189140794 2.0147960640891736 0.46676675225329278 0.082432626449242014 0.49310868869570162 -0.13620690453679693 1.0649753545306047 1.6102346142550534 1.9581059177677633 -0.20431607519313216 1.2063156999522924 0.7488288725981832 1.6758396580358494 0.479393520228446 1.5022114361289711 1.3535550021376945 -0.0096062845763185863 0.49309829064292704 1.7966828300889282
leaf_weight=12556 97 62 155 68 489 129 147 69 695 107 125 67 104 76 161 279 189 80 80 143 266 165
leaf_count=12556 97 62 155 68 489 129 147 69 695 107 125 67 104 76 161 279 189 80 80 143 266 165
internal_value=-0.000702404 0.0124474 -0.00279881 0.0161287 0.0203523 0.0132445 0.00611031 0.0018421 0.000871307 0.00357143 0.0109706 0.0065995 0.0035284 0.00504756 0.00778099 0.00965029 0.0129912 0.0104234 0.00569403 0.00363725 0.00514706 0.0179981
internal_weight=16309 2238 14071 1409 557 852 829 1515 1180 485 590 196 488 384 237 341 394 269 330 250 335 262
internal_count=16309 2238 14071 1409 557 852 829 1515 1180 485 590 196 488 384 237 341 394 269 330 250 335 262
is_linear=0
shrinkage=0.035


Tree=9
num_leaves=23
num_cat=0
split_feature=8 22 7 8 20 25 4 20 20 12 12 20 20 20 3 10 20 20 3 10 8 22
split_gain=325.138 43.4461 18.619 13.7604 13.1571 7.93644 6.54288 14.5558 15.284 4.52459 3.61046 3.45735 3.01223 3.84251 2.97247 2.76991 2.57327 2.88402 2.51806 2.33583 1.89265 1.63456
threshold=17.218011076995939 16785.000000000004 14.148371700231094 22.57902452389941 22.500000000000004 191.00000000000003 10.946439606378263 10.500000000000002 22.500000000000004 7.6055187406032472 7.0574484588945285 7.5000000000000009 23.500000000000004 10.500000000000002 15.888781740388525 8.7545905269017137 20.500000000000004 28.500000000000004 13.938804010899039 4.8802914374463162 11.786796536796539 6498.5000000000009
decision_type=2 2 2 2 2 2 2 2 2 2 2 2 2 2 2 2 2 2 2 2 2 2
left_child=2 3 20 4 11 9 -5 -8 21 19 -6 14 13 18 -2 -13 -4 -18 -7 -3 -1 -9
right_child=1 5 16 6 10 12 7 8 -10 -11 -12 15 -14 -15 -16 -17 17 -19 -20 -21 -22 -23
leaf_value=-1.9044530276276517 0.29124745482780212 1.0775953285687421 0.044004346489591277 1.3395279879230269 1.9603209748266501 0.16909280888985109 2.0317773465193998 0.48883509607430525 2.1755155509840907 1.65876299545429 1.3607897408887568 0.44921338038120862 1.4041966458549033 -0.1790862963340078 1.5055845684129685 -0.24913015533377608 0.50666007925260248 -0.070337618532592294 1.1203587009612446 0.4539627768517327 -0.25479885928269158 0.88811847215781814
leaf_weight=12111 45 98 644 75 157 97 206 61 128 174 99 280 85 338 101 47 225 101 146 137 775 235
leaf_count=12111 45 98 644 75 157 97 206 61 128 174 99 280 85 338 101 47 225 101 146 137 775 235
internal_value=-0.000850948 0.0107283 -0.00295206 0.0147175 0.011139 0.00534722 0.0182887 0.0194843 0.0153462 0.00918116 0.0175536 0.00748326 0.0029158 0.00193515 0.0120298 0.00525 0.00170513 0.00421903 0.00525 0.0056875 -0.00330452 0.0105698
internal_weight=16365 2509 13856 1434 729 1075 705 630 424 409 256 473 666 581 146 327 970 326 243 235 12886 296
internal_count=16365 2509 13856 1434 729 1075 705 630 424 409 256 473 666 581 146 327 970 326 243 235 12886 296
is_linear=0
shrinkage=0.035


Tree=10
num_leaves=23
num_cat=0
split_feature=9 9 22 9 11 21 8 20 20 8 4 20 20 12 12 9 20 11 25 4 9 7
split_gain=309.57 31.154 25.2326 11.2377 7.08179 5.74313 4.94318 4.81993 10.1531 5.14322 4.64718 4.37977 5.67319 4.32831 3.5389 3.06458 2.69487 4.4113 2.98639 2.89345 2.28037 2.22511
threshold=18.488914571250383 13.773268587704081 16785.000000000004 24.172619047619051 5.3501613764418066 2.5000000000000004 22.366846650936655 21.500000000000004 9.5000000000000018 20.844936091523056 10.946439606378263 10.500000000000002 20.500000000000004 6.8210593452430386 7.1353588293936427 16.774921507064366 8.5000000000000018 5.7623255252478458 430.00000000000006 11.852133989485408 20.715476190476192 18.859693877551024
decision_type=2 2 2 2 2 2 2 2 2 2 2 2 2 2 2 2 2 2 2 2 2 2
left_child=1 14 3 4 -2 21 -7 8 9 -6 -5 -12 -13 -9 -1 -3 19 18 -18 -17 -15 -4
right_child=2 15 5 10 7 6 -8 13 -10 -11 11 12 -14 20 -16 16 17 -19 -20 -21 -22 -23
leaf_value=-1.6526485242465903 2.1788989445906459 0.064185699989597389 0.41770499513650605 1.5971443139153698 0.24164590703890312 1.1343186919257144 1.626382445485967 1.1191479874563217 0.33759543957891464 1.7039221800368798 2.2511656175396815 0.70728342807777711 2.114660376927965 0.30850688113428509 0.48484503997585349 0.57636031430141565 1.1578827293026182 -0.1267130830433395 0.041794842535070667 1.3848457115577475 1.6880394147801692 0.012933898239780878
leaf_weight=12755 240 802 82 55 46 278 143 76 282 131 114 136 144 49 65 67 162 240 91 131 66 197
leaf_count=12755 240 802 82 55 46 278 143 76 282 131 114 136 144 49 65 67 162 240 91 131 66 197
internal_value=-0.000915175 -0.00273488 0.0118253 0.014651 0.0121816 0.00632979 0.0089061 0.0100725 0.00789009 0.0143846 0.0193194 0.0207105 0.0175 0.0148929 -0.00329259 0.00203738 0.00374138 0.00226305 0.00545349 0.00718965 0.009625 0.00229225
internal_weight=16352 14313 2039 1339 890 700 421 650 459 177 449 394 280 191 12820 1493 691 493 253 198 115 279
internal_count=16352 14313 2039 1339 890 700 421 650 459 177 449 394 280 191 12820 1493 691 493 253 198 115 279
is_linear=0
shrinkage=0.035


Tree=11
num_leaves=23
num_cat=0
split_feature=9 9 4 9 20 20 8 7 20 20 21 20 10 21 21 20 22 7 25 9 12 10
split_gain=289.555 40.7831 18.6759 12.2992 9.23484 16.4395 12.1002 3.70106 3.67477 5.11575 6.15187 9.26283 4.50717 3.97734 5.42402 3.97121 3.49969 3.30522 3.93668 2.70407 3.6202 2.63944
threshold=17.107946537883073 20.715476190476192 9.9933189851049971 12.583321449021946 10.500000000000002 20.500000000000004 22.57902452389941 21.010724767698907 23.500000000000004 10.500000000000002 3.5000000000000004 3.5000000000000004 5.5032457955023473 2.5000000000000004 3.5000000000000004 27.500000000000004 25082.000000000004 16.002163030105095 421.00000000000006 23.672619047619051 6.6411069053247589 9.1676364710540508
decision_type=2 2 2 2 2 2 2 2 2 2 2 2 2 2 2 2 2 2 2 2 2 2
left_child=3 8 -3 -1 6 19 -4 -7 9 10 -2 -12 17 -10 15 -15 -9 -11 -19 20 -6 -21
right_child=1 2 4 -5 5 7 -8 16 13 12 11 -13 -14 14 -16 -17 -18 18 -20 21 -22 -23
leaf_value=-1.7055759256113547 0.65203366146924924 0.44665160997027531 1.2543345399048473 0.021797717382967995 1.6903162680112207 1.2883699581795045 1.8538749869843332 2.0288138346467246 0.39025282250070065 -0.43894203660221143 0.1328081012217229 1.4903274353926492 -0.12711770937160849 1.333098040746181 0.90172500759603436 0.79362994155343269 1.9068946363780235 1.1003884070654102 0.089842714978886559 0.45689621104748962 0.1451910964779248 0.91623588114849563
leaf_weight=12384 288 166 104 1349 50 175 254 200 139 81 51 79 286 55 78 50 52 98 76 140 151 66
leaf_count=12384 288 166 104 1349 50 175 254 200 139 81 51 79 286 55 78 50 52 98 76 140 151 66
internal_value=-0.000973897 0.00963162 0.0138588 -0.00301594 0.0153889 0.0131448 0.0203154 0.0179699 0.00510031 0.00394295 0.00684279 0.0130926 0.0016282 0.00838073 0.011766 0.0168636 0.0210136 0.00498077 0.00764525 0.00788349 0.00465534 0.0107654
internal_weight=16372 2639 1358 13733 1192 834 358 427 1281 959 418 130 541 322 183 105 252 255 174 407 201 206
internal_count=16372 2639 1358 13733 1192 834 358 427 1281 959 418 130 541 322 183 105 252 255 174 407 201 206
is_linear=0
shrinkage=0.035


Tree=12
num_leaves=23
num_cat=0
split_feature=9 9 4 9 9 20 20 20 20 6 10 20 7 25 12 20 10 8 8 9 11 20
split_gain=273.158 41.922 17.2567 12.5272 10.1962 6.51784 10.4672 5.06554 6.2196 6.46178 5.55356 5.40016 4.10239 4.23289 3.74908 3.15815 3.10643 3.10634 2.18398 2.1355 1.98696 1.744
threshold=16.93000806161103 21.113247863247867 8.7738147298040037 12.007280625749726 23.900193768280207 10.500000000000002 21.500000000000004 23.500000000000004 10.500000000000002 5.6639676383952429 5.77350269189626 2.5000000000000004 16.88244255857531 430.00000000000006 6.9008938940004301 3.5000000000000004 6.2468099056072406 16.872397719833153 22.132139545833123 17.784902708968087 9.3051772518085425 10.500000000000002
decision_type=2 2 2 2 2 2 2 2 2 2 2 2 2 2 2 2 2 2 2 2 2 2
left_child=3 7 20 -1 5 15 -7 8 9 -2 12 -11 -10 -14 17 -4 19 -9 -8 -13 -3 -6
right_child=1 2 4 -5 21 6 18 14 10 11 -12 16 13 -15 -16 -17 -18 -19 -20 -21 -22 -23
leaf_value=-1.6873727726094885 -0.23552528777185666 -0.027796979873070466 0.80221657427647997 0.01208110271182568 2.1354891029212584 0.37883073191101013 1.103832073118767 0.38025098407609242 -0.0038864340096294138 0.32160525557070979 -0.20948524416569017 0.074327433405630333 1.0118566434267116 -0.10094247991084464 0.54849476742508951 1.6988106452107219 1.5283549197076041 1.2887743976248416 2.548651128716978 1.3135544350651753 1.2736114465657917 1.3388622276717164
leaf_weight=12224 104 107 66 1454 142 202 120 69 138 90 295 45 144 47 131 116 115 156 58 121 48 360
leaf_count=12224 104 107 66 1454 142 202 120 69 138 90 295 45 144 47 131 116 115 156 58 121 48 360
internal_value=-0.00100718 0.00921183 0.014 -0.00300888 0.0155879 0.0120556 0.00913636 0.00515411 0.00391848 0.00692708 0.00156359 0.00906649 0.00467365 0.00792857 0.00881302 0.0176497 0.0114301 0.0115652 0.0152432 0.00775731 0.00284375 0.0193501
internal_weight=16352 2674 1219 13678 1064 562 380 1455 1099 475 624 371 329 191 356 182 281 225 178 166 155 502
internal_count=16352 2674 1219 13678 1064 562 380 1455 1099 475 624 371 329 191 356 182 281 225 178 166 155 502
is_linear=0
shrinkage=0.035


Tree=13
num_leaves=23
num_cat=0
split_feature=9 9 5 9 8 2 22 12 9 12 3 7 22 12 9 5 7 7 9 12 11 11
split_gain=245.279 34.0535 14.5277 13.5047 5.84116 5.32673 4.49189 3.8296 3.59936 2.45628 2.41674 2.14089 2.12619 2.76364 2.09448 2.05333 1.89246 1.79964 1.72123 1.65387 1.62529 1.37594
threshold=16.93000806161103 21.113247863247867 8.7230576230351975 12.007280625749726 22.57902452389941 29.073923966709916 16785.000000000004 7.2951295619352834 17.784902708968087 9.3031749962842998 22.797540755617458 20.007492563953981 25082.000000000004 8.4706950275334005 20.230777150249171 6.9966807769941894 14.148371700231094 16.577380952380956 18.866071428571434 6.9827705005271801 5.4617587062515272 5.1221345731620493
decision_type=2 2 2 2 2 2 2 2 2 2 2 2 2 2 2 2 2 2 2 2 2 2
left_child=3 6 9 -1 7 -6 8 -4 -2 -3 -7 17 19 15 -13 -14 -5 -10 -19 -8 -9 -17
right_child=1 2 4 16 5 10 12 20 11 -11 -12 14 13 -15 -16 21 -18 18 -20 -21 -22 -23
leaf_value=-1.6283147255681563 0.13757176522135212 0.061427721921156017 1.6246608659217892 -0.18025516195698618 1.7877126548572619 0.70575333859353617 -0.29592038950611727 1.0847124079976429 0.67069749924827216 1.0202193021959423 1.3588402978595291 0.22485322344665423 -0.29539824799721387 -0.28918442665045629 1.127268179049423 1.0644526195694592 0.13497632252200856 0.57101343193390419 1.3576533431841742 0.38266838165471762 0.59148782981328374 0.57531138195459264
leaf_weight=12191 82 128 148 676 527 88 126 56 45 54 92 102 70 81 97 171 776 66 148 96 111 384
leaf_count=12191 82 128 148 676 527 88 126 56 45 54 92 102 70 81 97 171 776 66 148 96 111 384
internal_value=-0.00107874 0.00860684 0.0129723 -0.00297941 0.0145964 0.0164579 0.00498269 0.0101719 0.00754587 0.0036123 0.0105 0.00874622 0.00343998 0.00437623 0.00559314 0.00516667 0.000199381 0.0109508 0.0123219 0.000354625 0.00606395 0.005875
internal_weight=16315 2672 1204 13643 1022 707 1468 315 540 182 180 458 928 706 199 625 1452 259 214 222 167 555
internal_count=16315 2672 1204 13643 1022 707 1468 315 540 182 180 458 928 706 199 625 1452 259 214 222 167 555
is_linear=0
shrinkage=0.035


Tree=14
num_leaves=23
num_cat=0
split_feature=9 22 9 9 22 21 8 7 6 12 9 12 10 11 27 10 22 10 11 7 22 10
split_gain=225.663 26.0824 13.0663 11.7461 9.11004 4.78313 6.50682 4.31917 4.1189 3.61858 4.14955 4.32216 2.86165 2.68517 2.3815 1.75685 3.0687 1.69941 1.74852 1.38267 1.33669 1.33651
threshold=17.107946537883073 16785.000000000004 12.007280625749726 23.900193768280207 6498.5000000000009 2.5000000000000004 22.366846650936655 25.012025516759049 19.510000000000002 9.3031749962842998 20.230777150249171 6.8210593452430386 9.1676364710540508 6.3615327382045797 2.5000000000000004 5.7029634483919995 6498.5000000000009 2.9920529661723827 5.0646913852218809 14.148371700231094 10086.000000000002 4.9809159608975522
decision_type=2 2 2 2 2 2 2 2 2 2 2 2 2 2 2 2 2 2 2 2 2 2
left_child=2 3 -1 9 -5 13 -7 -8 21 10 15 -12 -13 14 -3 16 -2 -16 -19 -4 -18 -6
right_child=1 5 19 4 8 6 7 -9 -10 -11 11 12 -14 -15 17 -17 20 18 -20 -21 -22 -23
leaf_value=-1.5713237101732707 0.26826657488615241 -0.43288734249068372 -0.15336861550725558 0.071104426851996264 0.69948190502366525 0.61145514760373798 1.5980107947490207 0.74811021905923503 1.8544320759507189 0.51138722732817843 1.4707037354734347 0.7613396336036744 1.4828124119707999 -0.27918755395344869 -0.17227841408849634 0.37378453516502319 1.6406137540102306 1.2629999405045957 0.35545500989600104 0.11226723931631315 0.73934086262169141 1.1836879352172871
leaf_weight=12196 96 70 666 50 56 553 78 71 273 92 273 226 62 187 49 123 65 67 66 855 47 132
leaf_count=12196 96 70 666 50 56 553 78 71 273 92 273 226 62 187 49 123 65 67 66 855 47 132
internal_value=-0.00116567 0.00820201 -0.00296947 0.0112467 0.0156279 0.00416579 0.00595544 0.0124091 0.0171545 0.00888625 0.00957135 0.0114647 0.00808703 0.00122973 0.00358171 0.0061875 0.00816667 0.00567112 0.00765942 7.79808e-05 0.0120556 0.0122772
internal_weight=16353 2636 13717 1495 511 1141 702 149 461 984 892 561 288 439 252 331 208 182 133 1521 112 188
internal_count=16353 2636 13717 1495 511 1141 702 149 461 984 892 561 288 439 252 331 208 182 133 1521 112 188
is_linear=0
shrinkage=0.035


Tree=15
num_leaves=23
num_cat=0
split_feature=9 9 9 5 9 12 20 20 20 9 25 4 25 20 20 11 12 12 20 9 20 20
split_gain=213.856 26.4466 14.1784 10.7877 7.07201 8.40114 3.49495 6.98842 4.1413 3.22374 3.15252 3.0323 2.77383 2.55901 9.46451 3.84168 2.4896 2.29955 2.5313 2.23115 2.18864 2.14054
threshold=17.107946537883073 20.539744396851962 12.583321449021946 7.9927388748624617 24.46552486850624 9.3031749962842998 23.500000000000004 10.500000000000002 3.5000000000000004 21.819805194805198 455.50000000000006 6.9904008156964954 210.50000000000003 9.5000000000000018 21.500000000000004 9.610833935022125 6.5492767057550667 5.9594640373526735 20.500000000000004 18.185466062788063 11.500000000000002 8.5000000000000018
decision_type=2 2 2 2 2 2 2 2 2 2 2 2 2 2 2 2 2 2 2 2 2 2
left_child=2 10 -1 12 5 6 7 8 -5 -8 11 -2 -3 -6 15 -15 -9 18 20 -20 -13 -19
right_child=1 3 -4 4 13 -7 9 16 -10 -11 -12 17 -14 14 -16 -17 -18 21 19 -21 -22 -23
leaf_value=-1.481327380317206 -0.19287421878947697 0.60502594194078252 0.045923730745738876 0.79250803743703735 1.901990797523597 0.44642918817748145 1.4948460945546089 1.5038515249138567 1.8667843146709886 1.8055157214952466 0.020938001023764689 1.5516532992214682 -0.094231383249422304 0.29917802122839593 1.6876244207830968 0.70113576650854614 0.3224696836294087 1.1254799792568189 0.83399749528337486 1.0073486448046856 0.65172043951430381 0.36270800674431436
leaf_weight=12400 103 130 1349 85 104 118 86 70 126 103 201 102 91 101 136 47 186 154 73 65 101 450
leaf_count=12400 103 130 1349 85 104 118 86 70 126 103 201 102 91 101 136 47 186 154 73 65 101 450
internal_value=-0.00121451 0.00791449 -0.00296561 0.0112514 0.0126054 0.010473 0.0120144 0.0100699 0.0148102 0.0163454 0.00417544 0.00494254 0.00393363 0.0166272 0.0141817 0.00748039 0.00588697 0.00556316 0.00793064 0.0116748 0.00508173 0.00414368
internal_weight=16381 2632 13749 1383 1162 774 656 467 211 189 1249 1048 221 388 284 148 256 945 341 138 203 604
internal_count=16381 2632 13749 1383 1162 774 656 467 211 189 1249 1048 221 388 284 148 256 945 341 138 203 604
is_linear=0
shrinkage=0.035


Tree=16
num_leaves=23
num_cat=0
split_feature=8 8 8 20 20 6 20 21 20 21 20 11 20 21 20 21 8 10 21 25 12 11
split_gain=190.952 24.8612 12.1548 11.9101 11.7488 17.4544 8.69191 4.70417 4.69402 6.95889 7.73696 5.15967 4.63418 4.55462 3.75253 3.05071 2.93202 2.31993 2.25619 2.2531 2.20051 1.81853
threshold=16.575153934138797 22.132139545833123 11.64343452838377 23.500000000000004 9.5000000000000018 12.996151141142256 23.500000000000004 2.5000000000000004 8.5000000000000018 3.5000000000000004 3.5000000000000004 4.7786153679873475 28.500000000000004 3.5000000000000004 3.5000000000000004 1.5000000000000002 19.003725362710224 5.77350269189626 2.5000000000000004 430.00000000000006 5.9012486132499458 10.69221603675296
decision_type=2 2 2 2 2 2 2 2 2 2 2 2 2 2 2 2 2 2 2 2 2 2
left_child=2 6 -1 4 5 -3 8 15 9 16 -11 -10 13 -9 -7 17 -2 -8 -5 21 -18 -6
right_child=1 3 -4 18 19 14 7 12 11 10 -12 -13 -14 -15 -16 -17 20 -19 -20 -21 -22 -23
leaf_value=-1.5024916500255026 -0.053628037113163496 0.85081772534683353 -0.0033003384895906309 1.8493060682348106 0.51402428560774616 0.70121291849756784 0.21749542809216679 1.1729778378638371 0.87774089327741933 0.44395111369298756 1.4670121621792804 0.026719808484900999 0.51281393702204681 1.2942538396498018 1.7633700278066884 -0.20125480483446226 1.5752122835910694 0.89487415946685922 1.9170521579009085 0.077474278285305204 0.18768824862102731 0.60565471620517142
leaf_weight=12034 150 117 1547 54 308 91 60 74 114 76 68 720 74 78 153 78 80 45 105 96 88 94
leaf_count=12034 150 117 1547 54 308 91 60 74 114 76 68 720 74 78 153 78 80 45 105 96 88 94
internal_value=-0.00126167 0.00718732 -0.002959 0.0115195 0.00974653 0.0145738 0.00456433 0.00901208 0.00311799 0.00594325 0.0122383 0.00150596 0.0124091 0.0158949 0.0198333 0.00450532 0.00289319 0.00827273 0.0204024 0.00610238 0.00600867 0.00724938
internal_weight=16304 2723 13581 1018 859 361 1705 409 1296 462 144 834 226 152 244 183 318 105 159 498 168 402
internal_count=16304 2723 13581 1018 859 361 1705 409 1296 462 144 834 226 152 244 183 318 105 159 498 168 402
is_linear=0
shrinkage=0.035


Tree=17
num_leaves=23
num_cat=0
split_feature=9 8 9 20 25 22 20 20 4 20 4 11 21 25 20 11 12 21 21 21 20 11
split_gain=188.323 21.4167 13.246 9.70613 8.53211 6.05814 5.54492 10.11 7.06694 4.39574 5.15857 5.10835 4.24807 3.7983 2.91224 2.72742 2.78332 2.6881 2.64897 2.54893 2.52562 2.43878
threshold=17.107946537883073 22.57902452389941 11.148485071787837 23.500000000000004 210.50000000000003 16785.000000000004 9.5000000000000018 23.500000000000004 11.852133989485408 8.5000000000000018 7.9927388748624617 6.453310749635139 2.5000000000000004 224.50000000000003 3.5000000000000004 10.69221603675296 7.2069740981565173 3.5000000000000004 2.5000000000000004 1.5000000000000002 3.5000000000000004 5.5714254610349796
decision_type=2 2 2 2 2 2 2 2 2 2 2 2 2 2 2 2 2 2 2 2 2 2
left_child=2 3 -1 9 6 12 8 15 -3 10 -2 18 19 21 -13 16 -8 -6 -12 -5 -10 -11
right_child=1 4 -4 5 17 -7 7 -9 20 13 11 14 -14 -15 -16 -17 -18 -19 -20 -21 -22 -23
leaf_value=-1.5518937142552109 -0.16256328103453563 1.6749436591288656 -0.026761016747477398 0.36159774656972005 0.21893376928195304 0.68910559719464326 0.95712013922875416 2.0035839696573223 1.1687042842903435 1.3809313012176856 1.5888385806969876 0.52439790812052267 1.3424272323476836 -0.062765058493258544 1.4316380294427478 0.6579377357832723 0.3072017793449181 0.78597940160504276 0.25832983516011193 0.22535840048897457 1.846984667032366 0.20196197951422337
leaf_weight=11922 95 52 1855 62 109 239 61 122 65 107 57 62 130 439 73 88 194 106 165 47 113 230
leaf_count=11922 95 52 1855 62 109 239 61 122 65 107 57 62 130 439 73 88 194 106 165 47 113 230
internal_value=-0.00129516 0.00730313 -0.00293114 0.00494828 0.0116475 0.00918116 0.01355 0.0110213 0.0182447 0.00325588 0.00599672 0.00790884 0.0131393 0.00160883 0.01325 0.00766379 0.00551923 0.00525 0.00436344 0.00724561 0.0215546 0.00438012
internal_weight=16393 2616 13777 1706 910 478 695 465 230 1228 452 357 239 776 135 343 255 215 222 109 178 337
internal_count=16393 2616 13777 1706 910 478 695 465 230 1228 452 357 239 776 135 343 255 215 222 109 178 337
is_linear=0
shrinkage=0.035


Tree=18
num_leaves=23
num_cat=0
split_feature=7 22 6 7 20 20 11 11 21 7 20 21 20 20 10 22 20 20 7 11 22 6
split_gain=155.084 19.4976 8.12149 7.22328 5.4647 12.5378 7.01166 6.60549 5.20194 4.41926 3.98523 3.4292 4.41723 3.78621 7.02146 2.8913 3.35457 5.36091 3.28496 2.79879 2.79443 2.43299
threshold=15.44637328615657 16785.000000000004 16.940434238785283 11.428755246468436 9.5000000000000018 23.500000000000004 6.6813197685079597 10.69221603675296 2.5000000000000004 23.607142857142861 28.500000000000004 2.5000000000000004 3.5000000000000004 9.5000000000000018 6.1566843271977039 25082.000000000004 21.500000000000004 28.500000000000004 21.430126684909297 7.4105664942184228 6498.5000000000009 13.66397320109518
decision_type=2 2 2 2 2 2 2 2 2 2 2 2 2 2 2 2 2 2 2 2 2 2
left_child=3 2 20 19 6 7 9 -6 -7 -4 -10 -3 -13 14 -14 -15 18 -18 -17 -1 -2 -5
right_child=1 11 4 21 5 8 -8 -9 10 -11 -12 12 13 15 -16 16 17 -19 -20 -21 -22 -23
leaf_value=-1.4275774342562786 0.11438617049944444 0.15630056825008548 0.50977745984810163 -0.26646058438398795 0.25049980577640002 0.83144709356336299 1.3844250294920524 0.73799046316666672 1.6880621708486923 1.149336914847934 0.71846620742698963 -0.17872370763944126 0.22179738686437014 -0.051477784307945779 1.4452928889783967 -0.077742107412229755 1.3768703774494593 0.025489244161147052 0.63496816503918907 0.30104227636155917 0.85213490736088038 0.20750197044359062
leaf_weight=11919 223 640 76 913 338 91 133 56 96 57 56 155 79 136 81 163 106 54 102 45 369 408
leaf_count=11919 223 640 76 913 338 91 133 56 96 57 56 155 79 136 81 163 106 54 102 45 369 408
internal_value=-0.00139154 0.00577221 0.00861 -0.00301806 0.0107236 0.00876635 0.0150978 0.00474561 0.0149879 0.00867391 0.0190159 0.00294313 0.00436606 0.00551515 0.0102879 0.00404417 0.00545349 0.00943939 0.00285185 -0.00328946 0.00529397 -0.000543741
internal_weight=16296 3011 1495 13285 903 637 266 394 243 133 152 1516 876 721 160 561 425 160 265 11964 592 1321
internal_count=16296 3011 1495 13285 903 637 266 394 243 133 152 1516 876 721 160 561 425 160 265 11964 592 1321
is_linear=0
shrinkage=0.035


Tree=19
num_leaves=23
num_cat=0
split_feature=9 9 9 5 20 20 7 21 20 20 20 25 12 4 3 20 10 20 20 24 7 2
split_gain=151.797 17.4966 13.521 8.61648 5.33766 11.5139 5.59221 4.15709 3.73219 3.22155 3.14996 2.61633 2.07147 2.05814 1.94113 1.95824 3.87137 2.94157 2.8945 1.84056 1.80972 1.51589
threshold=17.107946537883073 20.401106820578843 10.76739247772006 7.9927388748624617 9.5000000000000018 23.500000000000004 22.739650494433107 2.5000000000000004 28.500000000000004 3.5000000000000004 5.5000000000000009 455.50000000000006 8.9150938612897637 19.556552062598733 16.816350280949681 7.5000000000000009 6.7541874136751385 3.5000000000000004 21.500000000000004 12965.500000000002 17.574477591929064 16.987659160272365
decision_type=2 2 2 2 2 2 2 2 2 2 2 2 2 2 2 2 2 2 2 2 2 2
left_child=2 11 -1 12 6 -6 10 13 -9 -8 -5 14 -3 -7 -2 17 18 -16 21 -4 -20 -17
right_child=1 3 19 4 5 7 9 8 -10 -11 -12 -13 -14 -15 15 16 -18 -19 20 -21 -22 -23
leaf_value=-1.5176122240573087 0.24067315334748157 -0.0029645928013279899 0.014414701374489572 0.12098018326437261 0.46785067894078919 0.28495475296636574 0.81495312823434696 1.7454467861500305 0.99500631299427666 1.8831272213423367 1.4316367043481955 -0.13426434924153491 0.39435339970520317 1.528336383805053 0.36323941736790538 -0.0070971391380643548 -0.15691424125795619 1.461617718191017 0.4186313076094097 -0.50261248274146697 1.0696834108648559 0.77032773676048916
leaf_weight=11667 419 154 1739 52 526 60 99 142 70 119 60 194 70 73 56 82 126 76 52 311 61 104
leaf_count=11667 419 154 1739 52 526 60 99 142 70 119 60 194 70 73 56 82 126 76 52 311 61 104
internal_value=-0.00142578 0.00632692 -0.0028955 0.00893357 0.0101111 0.00852625 0.0140522 0.0135 0.0166613 0.0173744 0.00697008 0.00311277 0.0024607 0.00791304 0.00384964 0.00521886 0.00390698 0.00901825 0.00605592 -0.000263991 0.0104407 0.00309686
internal_weight=16312 2595 13717 1425 1201 871 330 345 212 218 112 1170 224 133 976 557 425 132 299 2050 113 186
internal_count=16312 2595 13717 1425 1201 871 330 345 212 218 112 1170 224 133 976 557 425 132 299 2050 113 186
is_linear=0
shrinkage=0.035


Tree=20
num_leaves=23
num_cat=0
split_feature=9 8 9 20 6 20 20 23 12 20 6 20 21 20 21 21 10 25 23 24 25 21
split_gain=146.908 21.3884 10.8128 7.29981 6.66281 11.7975 7.80961 5.49805 5.15669 3.638 4.06496 4.58558 6.90233 2.64988 3.44429 2.50712 2.47416 2.05397 2.45713 1.80909 1.81246 2.35059
threshold=16.774921507064366 22.57902452389941 10.76739247772006 23.500000000000004 12.996151141142256 9.5000000000000018 23.500000000000004 21250.000000000004 7.1353588293936427 8.5000000000000018 6.9747745027976142 3.5000000000000004 3.5000000000000004 28.500000000000004 2.5000000000000004 2.5000000000000004 10.623613903488502 224.50000000000003 12800.000000000002 12965.500000000002 224.50000000000003 2.5000000000000004
decision_type=2 2 2 2 2 2 2 2 2 2 2 2 2 2 2 2 2 2 2 2 2 2
left_child=2 3 -1 9 -3 -6 16 8 13 10 -2 -12 -13 14 -5 -10 -7 18 -11 20 -4 -22
right_child=1 4 19 7 5 6 -8 -9 15 17 11 12 -14 -15 -16 -17 -18 -19 -20 -21 21 -23
leaf_value=-1.4405645306904205 -0.22119019822692487 0.56517446843236052 -0.22199659126562035 0.45880187742380074 1.5093895058972795 0.34810827781079473 1.6049714385275484 0.58846136265174431 -0.25768682000358401 1.5845812860422364 0.37010092664946437 1.2638801104662931 1.3285741642060955 0.7103357497872288 1.5302536424655617 0.97498990795197016 0.73172657085383119 -0.1079857408810139 0.063464897896139016 -0.4886968483817824 -0.034907661099989475 0.35537215527213395
leaf_weight=11689 102 191 736 55 217 307 112 246 46 96 179 133 62 54 45 50 66 471 252 303 524 352
leaf_count=11689 102 191 736 55 217 307 112 246 46 96 179 133 62 54 45 50 66 471 252 303 524 352
internal_value=-0.00144636 0.0060277 -0.00292391 0.00378842 0.0104532 0.0120446 0.00878571 0.0073982 0.011049 0.00236923 0.00479522 0.00647361 0.01015 0.0149906 0.0185 0.00412376 0.00612963 0.000917475 0.00294476 -0.000473959 0 0.00106867
internal_weight=16288 2684 13604 1791 893 702 485 496 250 1295 476 374 195 154 100 96 373 819 348 1915 1612 876
internal_count=16288 2684 13604 1791 893 702 485 496 250 1295 476 374 195 154 100 96 373 819 348 1915 1612 876
is_linear=0
shrinkage=0.035


Tree=21
num_leaves=23
num_cat=0
split_feature=9 8 9 6 20 20 20 22 12 20 6 5 20 20 10 20 11 22 24 11 20 20
split_gain=141.051 18.4579 12.0413 9.48634 7.36283 8.62435 4.911 4.2963 3.48348 3.184 4.61053 2.85489 2.81344 2.26272 2.56374 2.17353 1.95215 1.81397 1.81377 1.73886 1.729 1.52123
threshold=16.774921507064366 22.132139545833123 10.76739247772006 15.027974235331007 9.5000000000000018 23.500000000000004 23.500000000000004 16785.000000000004 6.9008938940004301 10.500000000000002 5.6639676383952429 16.940434238785283 28.500000000000004 2.5000000000000004 7.9985116278554473 4.5000000000000009 11.373407310010885 10086.000000000002 12965.500000000002 9.610833935022125 28.500000000000004 28.500000000000004
decision_type=2 2 2 2 2 2 2 2 2 2 2 2 2 2 2 2 2 2 2 2 2 2
left_child=2 6 -1 19 15 11 9 8 12 10 -2 -6 -8 -12 -15 -5 -13 -11 -4 -3 -7 -9
right_child=1 3 18 4 5 20 7 21 -10 17 13 16 -14 14 -16 -17 -18 -19 -20 -21 -22 -23
leaf_value=-1.3867524120651316 -0.19313702914790004 0.44918187294250045 0.0092372928232305369 0.92361225609413167 -0.21433106103437974 1.913743149381796 1.0407036486595254 0.57153858403189106 0.5064380975390228 0.57911091946788795 0.19623383157191215 0.53898209547031639 1.3689594596569428 1.0706325511413293 1.0499601553785982 1.6011472305181145 0.77035157925894748 -0.035570858530706538 -0.48078228746787871 0.9727627262611801 1.4778335625259054 -0.10532152164382071
leaf_weight=11604 128 210 1618 95 53 84 85 179 101 189 118 258 49 249 58 127 47 487 318 102 50 74
leaf_count=11604 128 210 1618 95 53 84 85 179 101 189 118 258 49 249 58 127 47 487 318 102 50 74
internal_value=-0.00144358 0.00578493 -0.00291085 0.00950194 0.0117364 0.00910563 0.00353252 0.00651014 0.00991667 0.00231442 0.00427778 0.00604545 0.0136223 0.00602325 0.00760577 0.0171608 0.00733871 0.000662995 -0.000344411 0.00422871 0.0166439 0.00314729
internal_weight=16283 2743 13540 1026 714 492 1717 488 235 1229 553 358 134 425 307 222 305 676 1936 312 134 253
internal_count=16283 2743 13540 1026 714 492 1717 488 235 1229 553 358 134 425 307 222 305 676 1936 312 134 253
is_linear=0
shrinkage=0.035


Tree=22
num_leaves=23
num_cat=0
split_feature=9 8 25 9 20 20 20 6 20 22 11 20 4 20 20 11 11 1 9 20 0 1
split_gain=127.947 17.4808 8.99901 6.87317 5.76832 4.80151 3.82217 4.99005 4.45873 3.44541 3.16403 2.87179 4.49421 2.59417 2.57659 2.56468 2.49779 2.20136 2.12825 2.2571 2.09735 2.08646
threshold=15.030725974600367 22.132139545833123 210.50000000000003 9.5007289286802958 23.500000000000004 28.500000000000004 9.5000000000000018 12.996151141142256 21.500000000000004 16785.000000000004 6.3615327382045797 10.500000000000002 5.9680479807034317 3.5000000000000004 2.5000000000000004 5.9648539107390404 10.69221603675296 20.946428571428573 23.014010363054499 8.5000000000000018 12.996151141142256 19.010370193622947
decision_type=2 2 2 2 2 2 2 2 2 2 2 2 2 2 2 2 2 2 2 2 2 2
left_child=3 4 6 -1 11 9 7 -3 16 -6 -5 12 -2 -9 -14 -13 -8 -10 19 -4 -12 -16
right_child=1 2 18 10 5 -7 8 13 17 -11 20 15 14 -15 21 -17 -18 -19 -20 -21 -22 -23
leaf_value=-1.5442456256499857 -0.19706736292390145 1.5993230841012256 0.88007528023538018 -0.23000304637072899 0.88211414417572276 0.14030136092789824 0.30584329508971603 0.70469850656610444 2.0729615007675677 0.41863904138212682 -0.26135537035555428 0.39532184970913514 0.094834580687302786 1.7087141521787745 0.9994291423715107 -0.10890400372903811 0.64992651670967627 1.2534438378284849 -0.052849095845925655 0.46062447858932171 0.60919356735268271 0.36474936574525119
leaf_weight=10994 166 72 55 1956 170 180 234 65 53 234 61 357 143 114 262 531 76 122 113 111 63 155
leaf_count=10994 166 72 55 1956 170 180 234 65 53 234 61 357 143 114 262 531 76 122 113 111 63 155
internal_value=-0.00150638 0.00474425 0.00854412 -0.00304507 0.00296618 0.00594822 0.0105756 0.0142734 0.0085 0.00805257 -0.00118345 0.00186133 0.00349042 0.0174239 0.00498672 0.00049776 0.00572222 0.0130278 0.00303169 0.00550585 0.0040969 0.00636967
internal_weight=16287 3213 1015 13074 2198 584 736 251 485 404 2080 1614 726 179 560 888 310 175 279 166 124 417
internal_count=16287 3213 1015 13074 2198 584 736 251 485 404 2080 1614 726 179 560 888 310 175 279 166 124 417
is_linear=0
shrinkage=0.035


Tree=23
num_leaves=23
num_cat=0
split_feature=9 9 8 6 20 20 20 20 21 20 12 20 9 21 21 6 24 27 12 20 11 7
split_gain=126.318 13.1191 12.089 5.59974 5.67469 4.42998 3.32213 5.23578 7.69895 12.3504 3.1201 4.86196 5.83352 2.45966 2.15867 5.10176 1.94177 1.82736 2.14357 1.64043 1.36176 1.49102
threshold=17.107946537883073 9.7207792207792227 22.57902452389941 15.445616954736819 9.5000000000000018 23.500000000000004 22.500000000000004 8.5000000000000018 3.5000000000000004 3.5000000000000004 6.7322703132498569 28.500000000000004 18.488914571250383 2.5000000000000004 2.5000000000000004 5.6639676383952429 12965.500000000002 2.5000000000000004 5.9012486132499458 4.5000000000000009 11.373407310010885 28.214285714285719
decision_type=2 2 2 2 2 2 2 2 2 2 2 2 2 2 2 2 2 2 2 2 2 2
left_child=1 -1 6 -4 19 20 7 8 14 -10 11 12 -8 -12 15 -2 -3 -9 -19 -5 21 -6
right_child=2 16 3 4 5 -7 10 17 9 -11 13 -13 -14 -15 -16 -17 -18 18 -20 -21 -22 -23
leaf_value=-1.4514911063211089 -0.18847238713274395 -0.011549312378139675 0.8808373090039604 0.9889681991748781 0.51192567201216232 1.5008948214563886 0.77530271067626455 -0.18768927662220636 0.29671107705531352 1.2119932402107585 -0.13111066075808125 0.2296853117886305 1.1175835005421921 0.85325929790583266 -0.1730196978643922 1.4252125732435108 -0.44748959659588311 0.95274179199792797 0.050505804668220536 1.4230748784211489 0.58077897440306014 -0.21467243073960182
leaf_weight=11239 95 2006 275 80 218 113 83 190 90 61 97 83 110 153 120 80 548 149 373 105 49 51
leaf_count=11239 95 2006 275 80 218 113 83 190 90 61 97 83 110 153 120 80 548 149 373 105 49 51
internal_value=-0.00153121 -0.00286078 0.00557558 0.00888281 0.0107593 0.00830046 0.00379426 0.00269948 0.00565743 0.0119808 0.00612335 0.0087064 0.011702 0.00308823 0.00221667 0.00466667 -0.000586753 0.000795676 0.00187951 0.0160263 0.00592724 0.00467518
internal_weight=16368 13793 2575 891 616 431 1684 1158 446 151 526 276 193 250 295 175 2554 712 522 185 318 269
internal_count=16368 13793 2575 891 616 431 1684 1158 446 151 526 276 193 250 295 175 2554 712 522 185 318 269
is_linear=0
shrinkage=0.035


Tree=24
num_leaves=23
num_cat=0
split_feature=9 8 9 6 20 20 0 20 21 21 20 20 21 20 27 12 25 20 10 5 25 27
split_gain=114.577 12.7221 11.8272 7.45363 6.08542 6.59191 3.3249 3.09424 2.99673 3.1614 7.70559 2.3268 3.69956 6.99144 2.10803 2.08746 1.992 2.23271 1.83245 1.63537 1.55284 1.4598
threshold=17.107946537883073 22.132139545833123 9.8088369700190601 15.027974235331007 9.5000000000000018 19.500000000000004 30.236721569975128 23.500000000000004 2.5000000000000004 3.5000000000000004 28.500000000000004 8.5000000000000018 3.5000000000000004 3.5000000000000004 2.5000000000000004 6.6411069053247589 171.00000000000003 15.500000000000002 4.9809159608975522 16.940434238785283 224.50000000000003 2.5000000000000004
decision_type=2 2 2 2 2 2 2 2 2 2 2 2 2 2 2 2 2 2 2 2 2 2
left_child=2 7 -1 -3 6 19 -5 11 15 10 -10 12 -2 -14 -13 18 17 -4 -9 -6 -16 -21
right_child=1 3 16 4 5 -7 -8 8 9 -11 -12 14 13 -15 20 -17 -18 -19 -20 21 -22 -23
leaf_value=-1.3766874078746443 0.31826259319839245 0.73893034477315267 -0.032461032197181938 1.3372028905549769 -0.26402534620889495 1.347350499337409 0.60807137498660579 0.19456273476072602 0.97589074327559611 0.86565964150048258 0.063138251678439172 -0.090855998335970703 0.27852324069658141 1.0608993377751448 0.57957310273452245 -0.15071968731595561 -0.11719272117673112 0.90243003918927289 0.4751960352575203 0.12401135842029296 0.051064556575015588 0.53036326584247795
leaf_weight=11211 282 298 70 162 48 235 53 55 73 143 47 199 84 53 221 90 2372 62 46 71 305 162
leaf_count=11211 282 298 70 162 48 235 53 55 73 143 47 199 84 53 221 90 2372 62 46 71 305 162
internal_value=-0.00158375 0.00510372 -0.00286735 0.0081441 0.010053 0.00778599 0.0151136 0.00311572 0.00557407 0.00799254 0.01218 0.00210487 0.00417689 0.00882394 0.000863013 0.00203571 -0.000682145 0.00339781 0.00541509 0.00396503 0.00203672 0.00517647
internal_weight=16342 2627 13715 1029 731 516 215 1598 454 263 120 1144 419 137 725 191 2504 132 101 281 526 233
internal_count=16342 2627 13715 1029 731 516 215 1598 454 263 120 1144 419 137 725 191 2504 132 101 281 526 233
is_linear=0
shrinkage=0.035


Tree=25
num_leaves=23
num_cat=0
split_feature=9 9 8 25 6 20 20 20 9 20 12 9 20 21 12 11 21 8 21 3 20 21
split_gain=102.854 12.5265 11.8933 6.57827 4.79546 4.74994 2.82876 5.81771 2.5147 2.43227 2.33896 3.63235 3.59789 2.15407 2.01979 1.79146 1.73385 1.39786 1.92392 1.32913 2.05054 4.05777
threshold=17.107946537883073 9.5007289286802958 22.132139545833123 430.00000000000006 15.027974235331007 22.500000000000004 8.5000000000000018 22.500000000000004 22.756673737631434 3.5000000000000004 7.1353588293936427 18.488914571250383 28.500000000000004 3.5000000000000004 8.5961339243873933 5.6416909977397944 2.5000000000000004 15.00474509636665 2.5000000000000004 15.888781740388525 8.5000000000000018 3.5000000000000004
decision_type=2 2 2 2 2 2 2 2 2 2 2 2 2 2 2 2 2 2 2 2 2 2
left_child=1 -1 5 4 -4 19 9 -8 -5 -6 11 15 16 -12 17 -7 -13 -3 -19 -2 21 -21
right_child=2 14 3 8 6 10 7 -9 -10 -11 13 12 -14 -15 -16 -17 -18 18 -20 20 -22 -23
leaf_value=-1.3824606586586583 -0.0091366764545993372 -0.17709090691700055 0.88916442763116432 0.443898889480075 0.59292984435385909 0.81649468115133883 0.50688121629803295 1.5754091879770487 -0.14969144663845788 1.5807986822137881 -0.16016733784934867 0.16000301854404464 0.1457159595559441 0.85281999647140716 0.8691909509762602 -0.25519185968403746 1.1634202119982811 -0.1013556006629923 0.3622095061271568 0.56908197180053266 0.13689246736415467 0.89243166017485209
leaf_weight=10986 345 2011 226 82 57 95 311 144 110 94 81 58 58 114 57 49 71 309 298 173 484 89
leaf_count=10986 345 2011 226 82 57 95 311 144 110 94 81 58 58 114 57 49 71 309 298 173 484 89
internal_value=-0.00161339 -0.00283668 0.00470106 0.00765646 0.00900299 0.00280086 0.0106489 0.00897826 0.00165228 0.0151218 0.00553013 0.00733333 0.0105365 0.002275 -0.000679105 0.00284228 0.0137388 -0.000831301 0.000617646 0.00144982 0.00227896 0.00475843
internal_weight=16302 13661 2641 1024 832 1617 606 455 192 151 526 331 187 195 2675 144 129 2618 607 1091 746 262
internal_count=16302 13661 2641 1024 832 1617 606 455 192 151 526 331 187 195 2675 144 129 2618 607 1091 746 262
is_linear=0
shrinkage=0.035


Tree=26
num_leaves=23
num_cat=0
split_feature=8 8 8 6 20 20 20 7 20 21 21 7 20 21 20 21 20 11 21 22 21 12
split_gain=97.8737 13.9318 7.33949 5.17928 6.92074 5.79319 4.52632 3.26585 2.53227 3.1185 5.28227 2.30176 1.74832 1.9673 1.7092 3.22956 3.58095 2.42681 1.8508 1.68883 1.65451 1.63505
threshold=15.00474509636665 21.899783549783553 9.5023139330506066 14.547088182840975 8.5000000000000018 22.500000000000004 23.500000000000004 24.007192378077715 28.500000000000004 2.5000000000000004 3.5000000000000004 16.719015344545475 2.5000000000000004 3.5000000000000004 9.5000000000000018 3.5000000000000004 2.5000000000000004 5.6416909977397944 3.5000000000000004 6498.5000000000009 1.5000000000000002 6.8210593452430386
decision_type=2 2 2 2 2 2 2 2 2 2 2 2 2 2 2 2 2 2 2 2 2 2
left_child=2 6 -1 -3 12 19 14 -7 9 20 11 -11 -5 -14 15 -2 -17 18 -16 -6 -8 -4
right_child=1 3 21 4 5 7 8 -9 -10 10 -12 -13 13 -15 17 16 -18 -19 -20 -21 -22 -23
leaf_value=-1.3391187352712044 0.10064870056466071 0.45871144384102197 -0.20604672543330885 0.56110444883022759 -0.041234311514623256 1.6726177683926577 0.43723957143106257 0.52320025609422849 0.23424724183542955 0.54602265404096917 0.923498089190261 0.8015002558643185 0.7117365884940321 1.3476229297797042 0.57729125990976327 -0.057506850331181594 0.93469344419622435 -0.086969051386985921 -0.98331053234673904 0.35357362686965527 -0.13084880519081041 0.20070883676917603
leaf_weight=11095 486 301 1988 52 76 102 88 66 166 49 93 46 66 87 277 73 136 609 54 321 90 151
leaf_count=11095 486 301 1988 52 76 102 88 66 166 49 93 46 66 87 277 73 136 609 54 321 90 151
internal_value=-0.00164135 0.00380651 -0.00297655 0.00707156 0.00860322 0.00644737 0.00217219 0.0118757 0.004973 0.00659434 0.00973834 0.0154 0.0141667 0.0162152 0.0012378 0.00255 0.00614953 0.00024074 0.00264583 0.00398756 0.00300273 -0.00108396
internal_weight=16472 3238 13234 1071 770 565 2167 168 532 366 188 95 205 153 1635 695 209 940 331 397 178 2139
internal_count=16472 3238 13234 1071 770 565 2167 168 532 366 188 95 205 153 1635 695 209 940 331 397 178 2139
is_linear=0
shrinkage=0.035


Tree=27
num_leaves=23
num_cat=0
split_feature=9 9 8 21 20 20 20 20 12 12 20 9 21 12 25 3 20 21 10 27 6 7
split_gain=90.9524 12.2062 7.4909 5.16121 5.44488 6.93877 3.27664 3.2271 2.81001 1.98849 3.28661 3.47343 1.94185 1.89647 1.61158 1.54991 1.80928 5.49909 1.61937 1.80705 2.33453 1.49948
threshold=17.107946537883073 9.7207792207792227 22.132139545833123 1.5000000000000002 9.5000000000000018 20.500000000000004 23.500000000000004 2.5000000000000004 7.7940589212907598 6.7322703132498569 28.500000000000004 18.488914571250383 2.5000000000000004 8.9150938612897637 421.00000000000006 16.816350280949681 9.5000000000000018 3.5000000000000004 5.6390682582686713 2.5000000000000004 13.945691989906068 21.430126684909297
decision_type=2 2 2 2 2 2 2 2 2 2 2 2 2 2 2 2 2 2 2 2 2 2
left_child=1 -1 6 -4 7 -6 15 -5 -9 10 11 -8 -11 -3 -14 -2 17 -17 19 -18 -21 -7
right_child=2 13 3 4 5 21 9 8 -10 12 -12 -13 14 -15 -16 16 18 -19 -20 20 -22 -23
leaf_value=-1.2572495795367125 0.0062927599695631461 -0.099315898341580403 0.15022829000645216 0.41121492202039217 0.25747620846628372 1.6830855957213009 0.74608308939197854 0.65931769749627001 1.4496901935254327 -0.12649686903868276 0.68653948481389704 0.69620157060418342 1.0563868903870268 0.89553477916608148 0.017593884489580193 0.7239268886197946 -0.090432569148018949 0.90816544717867986 -0.1191649782799365 0.93144025248682372 0.11338425436809375 1.1546216252197103
leaf_weight=11165 438 2547 178 63 356 64 71 83 120 74 81 88 75 47 59 185 63 81 216 79 89 148
leaf_count=11165 438 2547 178 63 356 64 71 83 120 74 81 88 75 47 59 185 63 81 216 79 89 148
internal_value=-0.00169389 -0.00283123 0.0042867 0.00665241 0.00780512 0.00572338 0.00276247 0.0119982 0.0141683 0.00530795 0.0075 0.010372 0.00257981 -0.000658523 0.00506115 0.00173789 0.00273955 0.00502398 0.00130088 0.00332203 0.00519942 0.0106935
internal_weight=16370 13759 2611 1012 834 568 1599 266 203 448 240 159 208 2594 134 1151 713 266 447 231 168 212
internal_count=16370 13759 2611 1012 834 568 1599 266 203 448 240 159 208 2594 134 1151 713 266 447 231 168 212
is_linear=0
shrinkage=0.035


Tree=28
num_leaves=23
num_cat=0
split_feature=7 8 9 25 6 12 3 22 11 11 9 12 11 9 9 12 1 2 2 27 27 9
split_gain=77.7617 11.371 6.3407 4.79291 4.04783 3.28589 2.30773 2.30379 2.21468 2.0975 2.09963 2.04467 4.05926 4.14209 1.85138 1.44512 1.43738 1.39266 1.17202 1.04382 1.25455 1.27418
threshold=14.148371700231094 22.132139545833123 9.5007289286802958 430.00000000000006 15.027974235331007 8.7641404509052006 18.955902356631452 16785.000000000004 8.8860003052625043 6.5541665267004587 24.46552486850624 4.0802083829452469 4.6106660861790632 18.672043959643712 22.510370877914514 7.699841913030089 21.965076773329255 30.236721569975128 12.996151141142256 3.5000000000000004 2.5000000000000004 14.341573472007314
decision_type=2 2 2 2 2 2 2 2 2 2 2 2 2 2 2 2 2 2 2 2 2 2
left_child=2 7 -1 4 -3 9 -7 11 -8 10 -6 -2 13 -13 -5 -4 -14 -11 -9 20 -20 -22
right_child=1 3 15 14 5 6 8 18 -10 17 -12 12 16 -15 -16 -17 -18 -19 19 -21 21 -23
leaf_value=-1.2482458442529272 -0.28902336544978829 0.46414584893011585 -0.19090917558582327 0.77471051825473691 1.7236510611617046 -0.12322905802171946 0.30602631742665259 -0.21863395058619423 0.85358943787157848 1.2599752464558409 1.5640546153301547 0.1221810877775721 0.28037259036818751 2.2113120273818625 -0.1855629896512464 0.15686717416928311 -0.0074932908418589737 0.33810527121467887 -0.032142797475949891 -0.69922279639497864 0.53603518370392844 0.22639765634872425
leaf_weight=11008 56 234 1755 72 45 50 85 331 112 192 49 66 372 91 116 92 194 47 324 60 85 855
leaf_count=11008 56 234 1755 72 45 50 85 331 112 192 49 66 372 91 116 92 194 47 324 60 85 855
internal_value=-0.00178394 0.00288768 -0.0030346 0.00602334 0.00718376 0.00876496 0.00538889 0.00157995 0.00706931 0.0111006 0.0159444 0.00315178 0.00366346 0.00859876 0.000852331 -0.00111879 0.00220052 0.00883606 0.000822288 0.00129308 0.0015197 0.00216667
internal_weight=16291 3436 12855 1002 814 580 247 2434 197 333 94 779 723 157 188 1847 566 239 1655 1324 1264 940
internal_count=16291 3436 12855 1002 814 580 247 2434 197 333 94 779 723 157 188 1847 566 239 1655 1324 1264 940
is_linear=0
shrinkage=0.035


Tree=29
num_leaves=23
num_cat=0
split_feature=7 9 9 21 10 12 20 9 9 8 25 12 20 21 10 20 5 20 22 20 8 11
split_gain=75.9276 11.8524 6.48842 4.98932 3.53917 2.94339 2.45537 2.36853 2.19614 1.86605 1.7625 1.5977 1.58878 4.43343 3.54349 1.75268 2.23606 1.64011 1.58082 1.48653 2.03744 1.46085
threshold=14.148371700231094 21.357905112267982 9.1920540382740779 1.5000000000000002 11.557310611531932 8.9150938612897637 22.500000000000004 25.221622339708784 25.221622339708784 21.72207206515111 233.00000000000003 7.6055187406032472 21.500000000000004 2.5000000000000004 4.5355736761107304 8.5000000000000018 8.9846950015344529 4.5000000000000009 10086.000000000002 9.5000000000000018 22.366846650936655 8.0075191903152891
decision_type=2 2 2 2 2 2 2 2 2 2 2 2 2 2 2 2 2 2 2 2 2 2
left_child=2 10 -1 -3 5 6 19 -7 -6 -8 12 -4 15 -14 -15 16 -2 -18 -17 20 -5 -9
right_child=1 3 11 4 8 7 9 21 -10 -11 -12 -13 13 14 -16 18 17 -19 -20 -21 -22 -23
leaf_value=-1.2610649062465318 -0.21987062297667412 0.16201286891597644 -0.23002613837222527 0.26173459218258044 1.1085878322478593 -0.13483192531354923 0.62862829414999344 0.16128082221590667 1.5218001492491533 1.520825708242115 0.035731969849482063 0.23332856521920584 0.085819495083898967 0.89008916650341352 0.12217054507659657 1.0037052244390392 0.80282386201409106 1.0825363591098303 -0.072557095141198652 0.30842474472801945 0.87256437754977589 0.60360578230553197
leaf_weight=10817 80 229 1975 49 58 117 64 48 58 87 1092 97 180 72 65 65 141 108 427 250 120 79
leaf_count=10817 80 229 1975 49 58 117 64 48 58 87 1092 97 180 72 65 65 141 108 427 250 120 79
internal_value=-0.00179331 0.0028627 -0.00301954 0.0057311 0.00686898 0.00594444 0.00733478 0.00254418 0.0126983 0.0113077 0.00135459 -0.00120823 0.00231802 0.00443478 0.00907042 0.00145763 0.00341617 0.00504331 9.15485e-05 0.00574528 0.00836782 0.0057803
internal_weight=16278 3389 12889 1159 930 814 570 244 116 151 2230 2072 1138 317 137 821 329 249 492 419 169 127
internal_count=16278 3389 12889 1159 930 814 570 244 116 151 2230 2072 1138 317 137 821 329 249 492 419 169 127
is_linear=0
shrinkage=0.035


Tree=30
num_leaves=23
num_cat=0
split_feature=9 9 9 6 12 10 12 4 25 11 8 12 25 12 10 11 3 3 12 9 10 16
split_gain=72.4287 8.59 7.61798 4.03277 3.31807 2.35793 2.51573 1.72734 1.64892 2.57656 3.74862 1.58793 1.85019 2.8104 1.51672 2.65889 1.29477 1.27129 1.19454 1.17297 1.14137 0.943579
threshold=14.751408451061586 21.113247863247867 9.1920540382740779 6.9747745027976142 7.6055187406032472 11.557310611531932 6.7322703132498569 5.9680479807034317 421.00000000000006 6.1235000364932732 17.678363744600087 6.3644806140522467 191.00000000000003 5.4271882227676249 6.6026687668205151 4.700362389583014 29.073923966709916 15.888781740388525 7.4762343795530004 24.864479482565923 5.4467115461227307 1.0000000180025095e-35
decision_type=2 2 2 2 2 2 2 2 2 2 2 2 2 2 2 2 2 2 2 2 2 2
left_child=2 7 -1 20 21 6 14 -2 9 10 -9 12 13 -12 15 -5 -10 -8 -11 -7 -3 -4
right_child=1 3 4 5 -6 19 17 8 16 18 11 -13 -14 -15 -16 -17 -18 -19 -20 -21 -22 -23
leaf_value=-1.2304199679854464 -0.23050422339751661 -0.091369540773381039 -0.23155702725732097 1.0928624301600698 0.75301582295874259 0.9607108475425381 0.015784253571535355 0.23269567302768113 0.024188547358937645 -0.094765442499917724 0.10287073153199165 0.2560577590405641 1.5078769819298408 1.7392205676023522 0.78045485865411623 1.1990379167435243 0.47586380006540263 0.54081552320057025 0.47353177261187152 1.4272797497060286 0.30155604798971902 0.30818095111380606
leaf_weight=10873 224 127 2106 47 55 49 84 257 809 242 73 53 77 67 55 121 51 555 136 63 114 63
leaf_count=10873 224 127 2106 47 55 49 84 257 809 242 73 53 77 67 55 121 51 555 136 63 114 63
internal_value=-0.0018086 0.00290231 -0.00296306 0.00522131 -0.00108188 0.00622421 0.00550231 0.0014674 0.00183898 0.00288461 0.00446053 0.00731818 0.00863964 0.00567241 0.0087807 0.0104595 0.000708092 0.00427174 0.000612271 0.0111581 0.00105284 -0.00131049
internal_weight=16301 3204 13097 1215 2224 974 862 1989 1765 905 527 270 217 140 223 168 860 639 378 112 241 2169
internal_count=16301 3204 13097 1215 2224 974 862 1989 1765 905 527 270 217 140 223 168 860 639 378 112 241 2169
is_linear=0
shrinkage=0.035


Tree=31
num_leaves=23
num_cat=0
split_feature=8 8 20 8 21 20 21 6 7 20 20 7 7 10 20 12 20 22 20 21 12 20
split_gain=72.2989 10.3988 5.56267 5.49264 4.3964 5.01999 8.72758 4.34271 3.8056 3.7984 6.94617 3.47083 3.01115 2.73504 3.02815 2.63261 2.10505 2.26465 2.11687 3.13127 3.31127 1.57335
threshold=13.379966179780657 22.132139545833123 23.500000000000004 8.5609179663026485 2.5000000000000004 28.500000000000004 3.5000000000000004 11.946428571428573 15.44637328615657 8.5000000000000018 21.500000000000004 24.007192378077715 21.585714285714293 11.557310611531932 4.5000000000000009 6.9008938940004301 9.5000000000000018 10086.000000000002 2.5000000000000004 3.5000000000000004 5.7155999200184313 18.500000000000004
decision_type=2 2 2 2 2 2 2 2 2 2 2 2 2 2 2 2 2 2 2 2 2 2
left_child=3 2 16 -1 -4 6 8 -3 -6 13 -11 12 -12 14 -9 -5 18 21 -2 -20 -21 -18
right_child=1 7 4 15 5 -7 -8 9 -10 10 11 -13 -14 -15 -16 -17 17 -19 19 20 -22 -23
leaf_value=-1.2813543831396035 -0.17782999257343449 0.075044379917198839 0.072551152667708022 -0.29690421757995439 0.38458800514239394 0.086114392499495165 0.6512226937393234 0.21413287695045072 0.8680874438607048 0.19280920644137867 1.614079528667631 0.47960130449033012 1.4532331261564639 1.3053821596372233 0.82176567695143965 0.42372978776985887 -0.0090908669554200221 -0.11590103422842853 0.17724704230964905 -0.051418090342886906 0.89664275881668898 0.50892434696177247
leaf_weight=10486 182 185 307 2146 46 115 120 81 71 413 49 75 66 66 80 76 130 980 486 45 114 101
leaf_count=10486 182 185 307 2146 46 115 120 81 71 413 49 75 66 66 80 76 130 980 486 45 114 101
internal_value=-0.00178463 0.00250753 0.00135751 -0.00304024 0.00414307 0.00679412 0.00966116 0.00552451 0.0162951 0.0066018 0.00501974 0.0105 0.0142917 0.0105302 0.00746385 -0.00144118 0.000440283 -0.000477797 0.00180048 0.00274615 0.00695732 0.00258051
internal_weight=16420 3712 2697 12708 659 352 237 1015 117 830 603 190 115 227 161 2222 2038 1211 827 645 159 231
internal_count=16420 3712 2697 12708 659 352 237 1015 117 830 603 190 115 227 161 2222 2038 1211 827 645 159 231
is_linear=0
shrinkage=0.035


Tree=32
num_leaves=23
num_cat=0
split_feature=8 9 9 16 10 21 12 5 12 21 3 25 21 7 21 11 8 12 11 21 12 2
split_gain=66.8177 9.97719 5.06645 3.87151 2.52878 3.51821 2.41368 1.76517 2.19502 1.9435 1.50912 1.54943 2.13659 1.67347 4.97889 1.6347 2.66671 1.62365 1.58522 1.645 1.85762 1.5009
threshold=13.000357142857146 20.036375661375665 9.1920540382740779 1.0000000180025095e-35 11.557310611531932 3.5000000000000004 7.1353588293936427 16.940434238785283 6.7322703132498569 3.5000000000000004 10.345238095238097 233.00000000000003 2.5000000000000004 16.002163030105095 3.5000000000000004 6.5541665267004587 18.64658250556737 8.0938199012078709 6.3615327382045797 3.5000000000000004 7.361597660230756 27.062749211546333
decision_type=2 2 2 2 2 2 2 2 2 2 2 2 2 2 2 2 2 2 2 2 2 2
left_child=2 10 -1 4 7 -6 -4 -3 -9 -10 -2 15 -13 14 -14 16 -12 -17 -15 -20 -21 -11
right_child=1 3 6 -5 5 -7 -8 8 9 21 11 12 13 18 -16 17 -18 -19 19 20 -22 -23
leaf_value=-1.1425078656960699 -0.1486894286782133 0.24024895845865826 -0.23825018232028214 0.9610726965861488 0.30901315862093487 1.2944531513532889 0.70210172269578341 1.1166701550801676 0.097141859462293853 0.71941708730815579 0.26054105456118021 -0.22229824122999245 0.57485418021080081 -0.2325898246916967 -0.54054221896410803 -0.1989505489277909 0.94340929705243004 0.73060520760398129 -0.2737551119633716 0.63047179372353646 0.058292713623499325 0.10238041357081311
leaf_weight=10834 388 404 1625 76 72 58 45 279 273 272 534 426 124 176 83 184 127 54 58 51 53 100
leaf_count=10834 388 404 1625 76 72 58 45 279 273 272 534 426 124 176 83 184 127 54 58 51 53 100
internal_value=-0.00180379 0.00226113 -0.00303833 0.00443697 0.00398804 0.00868518 -0.00122239 0.00348425 0.00433638 0.00312308 0.000768669 0.00118533 0.000193647 0.00165454 0.00409434 0.00223009 0.00312162 -0.000187244 7.14277e-05 0.00257784 0.00516972 0.0047626
internal_weight=16296 3792 12504 1534 1458 130 1670 1328 924 645 2258 1870 971 545 207 899 661 238 338 162 104 372
internal_count=16296 3792 12504 1534 1458 130 1670 1328 924 645 2258 1870 971 545 207 899 661 238 338 162 104 372
is_linear=0
shrinkage=0.035


Tree=33
num_leaves=23
num_cat=0
split_feature=7 9 9 21 10 11 20 20 20 18 11 9 2 12 20 25 20 20 3 21 23 11
split_gain=62.6439 8.83363 7.39106 4.3754 3.95043 3.78522 2.31292 2.1654 1.85196 2.41651 1.951 1.82522 2.98558 2.55813 1.43456 2.32373 2.27581 1.45593 1.64834 2.81745 1.41467 1.18978
threshold=14.148371700231094 19.831351334706785 9.3912408410482708 1.5000000000000002 11.557310611531932 5.4617587062515272 8.5000000000000018 21.500000000000004 1.5000000000000002 1.0000000180025095e-35 2.4048769312799494 25.221622339708784 27.062749211546333 8.7641404509052006 21.500000000000004 455.50000000000006 28.500000000000004 11.500000000000002 21.965076773329255 3.5000000000000004 22050.000000000004 8.8860003052625043
decision_type=2 2 2 2 2 2 2 2 2 2 2 2 2 2 2 2 2 2 2 2 2 2
left_child=2 14 8 -3 5 7 -6 -5 9 -1 -11 13 -13 21 17 16 -16 18 -2 -20 -12 -7
right_child=1 3 -4 4 6 11 -8 -9 -10 10 20 12 -14 -15 15 -17 -18 -19 19 -21 -22 -23
leaf_value=-1.1375200903967073 0.020661040268463351 0.06256492132922066 -0.14459137436626932 1.1615123471197961 1.2396725037502365 0.3294281009463953 0.98294850238946885 1.3290272976838409 -1.0996714249105326 -1.9845201504781893 2.1314795958444428 0.77515053321248772 0.042207400941891592 -0.22980022036115508 0.32608486792358726 -0.15157749815225569 -0.09093049178032242 -0.21319087698366529 0.19442035867090432 0.88813169950827575 0.3768131188797213 0.56945988090650168
leaf_weight=274 587 335 1916 159 64 485 57 113 10498 73 48 113 68 119 271 94 119 591 107 45 109 99
leaf_count=274 587 335 1916 159 64 485 57 113 10498 73 48 113 68 119 271 94 119 591 107 45 109 99
internal_value=-0.0018366 0.00236564 -0.00295291 0.00424892 0.00518175 0.0044888 0.0112222 0.00812455 -0.00330285 -0.00116208 0.00141489 0.00331102 0.00647312 0.0024322 0.00067537 0.00229755 0.0035 6.55422e-05 0.00111021 0.00430255 0.00362963 0.00339304
internal_weight=16344 3426 12918 1612 1277 1156 121 272 11002 504 230 884 181 703 1814 484 390 1330 739 152 157 584
internal_count=16344 3426 12918 1612 1277 1156 121 272 11002 504 230 884 181 703 1814 484 390 1330 739 152 157 584
is_linear=0
shrinkage=0.035


Tree=34
num_leaves=23
num_cat=0
split_feature=7 9 8 25 20 21 20 21 20 6 20 21 1 10 10 8 7 20 11 11 25 9
split_gain=60.7773 7.63228 7.45403 5.86071 3.44929 3.80035 4.13482 5.58568 2.90233 3.154 3.54597 3.65996 2.82365 2.34052 2.21092 3.88652 1.90939 1.89 2.49441 2.5633 1.84852 1.77015
threshold=14.148371700231094 23.672619047619051 8.8599693546090617 224.50000000000003 21.500000000000004 2.5000000000000004 28.500000000000004 3.5000000000000004 9.5000000000000018 10.946439606378263 3.5000000000000004 3.5000000000000004 16.987659160272365 5.9920582360956676 10.28450624245937 23.787893649849043 18.580604475465019 1.5000000000000002 2.4048769312799494 2.4053511772118221 430.00000000000006 20.539744396851962
decision_type=2 2 2 2 2 2 2 2 2 2 2 2 2 2 2 2 2 2 2 2 2 2
left_child=2 4 17 14 8 16 7 12 9 -2 -11 20 -7 -13 15 -3 -6 18 -1 -20 -12 -9
right_child=1 3 -4 -5 5 6 -8 21 -10 10 11 13 -14 -15 -16 -17 -18 -19 19 -21 -22 -23
leaf_value=-1.7330627197785931 -0.1359207118414969 0.99213716024159715 -0.16767677840434034 -0.28224997921319128 -0.048126896843458528 0.45128945851031649 0.037621132189849582 -0.63796041934722314 -0.031084970333496262 0.062343081924725728 0.83406906742336462 0.56081510650207556 1.1857973866700309 0.851374303351355 1.1625019163854915 0.30856015278078741 0.44883981322570587 -1.0990315905248385 1.2168780686740457 -0.84930725130896978 -0.21525432506216494 0.81177410071520351
leaf_weight=261 300 125 2303 89 241 74 118 54 1109 249 176 48 87 87 131 304 149 10155 133 79 70 62
leaf_count=261 300 125 2303 89 241 74 118 54 1109 249 176 48 87 87 131 304 149 10155 133 79 70 62
internal_value=-0.00181922 0.00228637 -0.0029237 0.00570489 0.00148586 0.0034557 0.0058625 0.00816667 0.000712328 0.00215241 0.00355512 0.00565803 0.0123133 0.01025 0.00703097 0.0056129 0.000930379 -0.00331567 -0.00108368 0.00166129 0.00291434 0.00199587
internal_weight=16404 3473 12931 649 2824 785 395 277 2039 930 630 381 161 135 560 429 390 10628 473 212 246 116
internal_count=16404 3473 12931 649 2824 785 395 277 2039 930 630 381 161 135 560 429 390 10628 473 212 246 116
is_linear=0
shrinkage=0.035


Tree=35
num_leaves=23
num_cat=0
split_feature=8 9 9 5 12 20 21 20 21 20 11 6 11 11 12 9 20 7 7 8 20 20
split_gain=56.5074 8.01758 6.19647 2.76237 2.30936 2.03227 2.97172 3.61538 5.57736 2.80363 2.77651 2.10303 2.30198 1.95743 3.07837 5.97045 2.63933 2.00864 3.24183 1.58869 1.45728 1.32123
threshold=13.379966179780657 21.113247863247867 9.1920540382740779 8.7230576230351975 6.9008938940004301 22.500000000000004 2.5000000000000004 28.500000000000004 3.5000000000000004 9.5000000000000018 5.1221345731620493 14.999072958688698 7.8761472362098184 9.3051772518085425 8.9150938612897637 26.431577807761194 22.500000000000004 24.007192378077715 21.585714285714293 22.366846650936655 8.5000000000000018 1.5000000000000002
decision_type=2 2 2 2 2 2 2 2 2 2 2 2 2 2 2 2 2 2 2 2 2 2
left_child=2 5 21 -3 -4 9 -7 8 10 11 -8 -2 -13 16 -15 -16 20 18 -18 -20 -5 -1
right_child=1 3 4 13 -6 6 7 -9 -10 -11 -12 12 -14 14 15 -17 17 -19 19 -21 -22 -23
leaf_value=-0.6650991224827949 0.018907520328361974 0.038419029734893126 -0.21057368956430583 0.65572827132934264 0.40522996530705591 -0.0081686586412327098 0.856315968779502 -0.1113009288540234 -0.16647564786744704 -0.1166859250445608 0.29887673653152219 0.36946921723045034 0.74841931446901555 1.4916160540229921 0.050043589679221269 1.0420449430432419 0.57541898398909697 0.0045344337014111783 0.57069290041885634 1.219073554466956 0.11669388716174507 -1.0255654848564688
leaf_weight=490 435 179 1727 197 70 313 58 104 89 1108 91 297 61 72 128 55 107 46 47 50 327 10370
leaf_count=490 435 179 1727 197 70 313 58 104 89 1108 91 297 61 72 128 55 107 46 47 50 327 10370
internal_value=-0.00187422 0.00188604 -0.00299416 0.00423289 -0.00107214 0.000763959 0.00243939 0.00467003 0.0070144 0.000172612 0.0110455 0.00176316 0.0037314 0.00492843 0.00767308 0.00487766 0.00395828 0.00693137 0.00838995 0.0129706 0.00245463 -0.00330994
internal_weight=16421 3764 12657 1208 1797 2556 655 342 238 1901 149 793 358 1029 255 183 774 250 204 97 524 10860
internal_count=16421 3764 12657 1208 1797 2556 655 342 238 1901 149 793 358 1029 255 183 774 250 204 97 524 10860
is_linear=0
shrinkage=0.035


Tree=36
num_leaves=23
num_cat=0
split_feature=9 23 16 9 20 21 10 21 20 21 25 5 20 21 8 20 18 4 27 25 20 20
split_gain=55.6884 7.98572 5.01447 3.76068 3.42098 7.21886 4.99142 4.19712 3.98708 3.53416 2.0262 1.87308 1.66398 3.28993 1.54055 1.496 2.12773 1.52446 1.34551 1.3178 1.16576 2.02939
threshold=11.651280215331486 21250.000000000004 1.0000000180025095e-35 9.3912408410482708 21.500000000000004 2.5000000000000004 10.28450624245937 3.5000000000000004 27.500000000000004 2.5000000000000004 200.00000000000003 5.172349027628159 9.5000000000000018 3.5000000000000004 9.9807114512471689 1.5000000000000002 1.0000000180025095e-35 4.8493515340940085 3.5000000000000004 233.00000000000003 2.5000000000000004 9.5000000000000018
decision_type=2 2 2 2 2 2 2 2 2 2 2 2 2 2 2 2 2 2 2 2 2 2
left_child=3 2 4 15 6 -6 12 8 -7 -8 14 -3 13 -2 -5 16 -1 -18 20 -19 -13 -22
right_child=1 11 -4 10 5 7 9 -9 -10 -11 -12 18 -14 -15 -16 -17 17 19 -20 -21 21 -23
leaf_value=-1.0797026641501106 0.18177451671228359 -0.25607580708628225 1.2265607111642307 0.46070175411033987 0.14174775351372326 0.69118492898048389 0.16687603919632671 0.99196005136841792 0.27802147141653832 1.0552668212511638 -0.25981769197078936 -0.2698268338730464 -0.0083044129882044841 0.67770364387980442 -0.09136116032851635 -0.95823868387893119 -1.8766262748910489 1.3445657655030308 -0.31326533075910384 0.12927206778247416 0.48849149127675456 0.087093795867257406
leaf_weight=274 283 503 57 86 220 77 81 107 48 86 859 140 530 89 141 10418 66 58 223 96 405 1356
leaf_count=274 283 503 57 86 220 77 81 107 48 86 859 140 530 89 141 10418 66 58 223 96 405 1356
internal_value=-0.00187395 0.00158789 0.00355306 -0.00308885 0.00312844 0.00569037 0.00200745 0.00993882 0.0142692 0.00748837 -0.00109395 0.000396276 0.000937706 0.00272016 0.00178017 -0.0032852 -0.00132565 0.00116667 0.000856505 0.00310377 0.00116422 0.00141506
internal_weight=16203 4205 1578 11998 1521 452 1069 232 125 167 1086 2627 902 372 227 10912 494 220 2124 154 1901 1761
internal_count=16203 4205 1578 11998 1521 452 1069 232 125 167 1086 2627 902 372 227 10912 494 220 2124 154 1901 1761
is_linear=0
shrinkage=0.035


Tree=37
num_leaves=23
num_cat=0
split_feature=9 7 25 9 9 11 21 1 20 21 20 21 10 20 7 4 11 20 21 20 20 24
split_gain=52.4942 7.80203 4.98033 2.79865 3.97651 2.32772 3.31541 2.34708 1.99733 4.36337 5.16901 4.13773 1.65577 1.45107 2.21992 1.45062 1.33881 1.2399 1.38961 3.6972 4.2933 1.23483
threshold=10.501359568927349 17.463259122825747 210.50000000000003 5.8214332303014045 5.8537154419604276 9.3051772518085425 2.5000000000000004 23.937493722930562 21.500000000000004 2.5000000000000004 28.500000000000004 3.5000000000000004 5.9920582360956676 8.5000000000000018 23.026516996264409 13.982558156555685 6.0456138849150998 24.500000000000004 3.5000000000000004 8.5000000000000018 3.5000000000000004 12965.500000000002
decision_type=2 2 2 2 2 2 2 2 2 2 2 2 2 2 2 2 2 2 2 2 2 2
left_child=3 21 5 -1 -5 8 15 -8 13 12 11 -11 -10 14 -3 -7 -6 18 -4 20 -20 -2
right_child=1 2 17 4 16 6 7 -9 9 10 -12 -13 -14 -15 -16 -17 -18 -19 19 -21 -22 -23
leaf_value=-1.9361323389507299 0.010939935645888531 0.23896234758304472 -0.074309227832525873 1.0054190475748668 -0.40086823424674739 0.77602089405668917 1.1811781473221747 0.89754569743412982 -0.15697374291283719 0.7877037049455563 -0.011124720701383399 0.91344377490876827 1.426172506328012 0.080595337033437978 1.2007648390494776 0.003756789118206622 0.30784189728180283 0.52420229101328408 0.034368313935154306 -0.096708291713823585 0.79012515250699444 -0.32351655314569211
leaf_weight=8103 2031 181 535 136 3195 54 55 89 113 61 52 64 54 414 131 95 51 139 91 194 69 360
leaf_count=8103 2031 181 535 136 3195 54 55 89 113 61 52 64 54 414 131 95 51 139 91 194 69 360
internal_value=-0.00185454 0.00122321 0.00263522 -0.00313751 -0.0022703 0.00402193 0.00683557 0.010594 0.00320698 0.0054255 0.00919231 0.0129231 0.00118023 0.00210191 0.00389748 0.00286364 -0.0025203 0.000769118 0.000258388 0.00195961 0.00583333 -0.000184058
internal_weight=16267 4782 2391 11485 3382 1363 293 144 1070 344 177 125 167 726 312 149 3246 1028 889 354 160 2391
internal_count=16267 4782 2391 11485 3382 1363 293 144 1070 344 177 125 167 726 312 149 3246 1028 889 354 160 2391
is_linear=0
shrinkage=0.035


Tree=38
num_leaves=23
num_cat=0
split_feature=9 9 21 20 10 20 21 20 9 9 20 5 25 25 27 7 22 25 7 6 10 11
split_gain=49.349 10.8997 3.21535 5.81813 6.74352 3.4288 4.2262 2.05312 1.87807 4.37617 1.73484 2.60799 1.71223 1.7122 1.45599 2.31054 1.94028 1.2359 1.01644 1.2961 0.960328 1.01824
threshold=9.5007289286802958 20.036375661375665 2.5000000000000004 23.500000000000004 10.623613903488502 28.500000000000004 3.5000000000000004 4.5000000000000009 5.8214332303014045 5.8537154419604276 7.5000000000000009 10.946439606378263 455.50000000000006 430.00000000000006 2.5000000000000004 8.5719387755102066 33201.500000000007 233.00000000000003 24.866107030220906 27.198710181842909 2.9920529661723827 5.5714254610349796
decision_type=2 2 2 2 2 2 2 2 2 2 2 2 2 2 2 2 2 2 2 2 2 2
left_child=8 12 10 4 13 6 -5 -6 -1 17 11 -3 14 18 -2 -16 20 -10 19 -4 -17 -22
right_child=1 2 3 5 7 -7 -8 -9 9 -11 -12 -13 -14 -15 15 16 -18 -19 -20 -21 21 -23
leaf_value=-1.8683677070874545 -0.1552926782132602 0.38142431426308232 0.44861648077867905 1.4108501754074656 0.3985950908317033 0.54305400513816027 1.0653634040978597 1.1511444678382776 1.4058814072059787 -0.4328645299880734 0.0045523571992919926 1.2216506120033033 -0.15901998829426062 -0.11998514565281131 0.51372288231111018 -0.17240621671238499 -0.093139708113709016 0.4465252522067607 0.027542219439441552 1.1226131952925702 0.54142487596618993 0.040541748209112653
leaf_weight=8139 562 108 259 60 48 66 90 58 57 2738 488 60 1144 128 46 171 928 84 160 65 446 456
leaf_count=8139 562 108 259 60 48 66 90 58 57 2738 488 60 1144 128 46 171 928 84 160 65 446 456
internal_value=-0.00187896 0.000878271 0.00330251 0.00462566 0.00303527 0.0096448 0.0125323 0.0110045 -0.00321741 -0.0024199 0.00137141 0.00439017 -0.000147154 0.00154862 0.000342769 0.000781188 0.000582751 0.00345205 0.00251227 0.00362766 0.0015974 0.00205678
internal_weight=16361 5343 1590 934 718 216 150 106 11018 2879 656 168 3753 612 2609 2047 2001 141 484 324 1073 902
internal_count=16361 5343 1590 934 718 216 150 106 11018 2879 656 168 3753 612 2609 2047 2001 141 484 324 1073 902
is_linear=0
shrinkage=0.035


Tree=39
num_leaves=23
num_cat=0
split_feature=9 9 9 20 21 10 25 20 12 7 12 20 27 21 3 1 20 9 25 20 20 5
split_gain=48.5138 6.03487 4.43524 2.98811 3.9721 3.40468 3.00518 4.19537 3.80621 2.56858 2.0384 1.74642 1.6726 1.53145 1.44195 1.44083 1.21892 1.95812 1.51622 1.03381 1.1977 1.11758
threshold=11.820970695970697 19.460948604891435 7.7703153745869455 21.500000000000004 2.5000000000000004 10.28450624245937 224.50000000000003 28.500000000000004 7.2951295619352834 27.165745861849597 6.8210593452430386 11.500000000000002 2.5000000000000004 3.5000000000000004 15.888781740388525 26.94184716045481 1.5000000000000002 5.8214332303014045 195.50000000000003 10.500000000000002 4.5000000000000009 9.4885202332320677
decision_type=2 2 2 2 2 2 2 2 2 2 2 2 2 2 2 2 2 2 2 2 2 2
left_child=2 -2 16 5 12 11 7 8 -6 13 19 14 -5 -7 -3 -16 17 -1 -19 20 -4 -22
right_child=1 3 10 4 6 9 -8 -9 -10 -11 -12 -13 -14 -15 15 -17 -18 18 -20 -21 21 -23
leaf_value=-1.7654519543322433 0.011155221834635187 -0.088005608141570657 -0.28974069351027526 1.2340963861221299 1.3575222404127121 -0.16483126164081882 0.3664365535942069 0.49629658636879859 1.2023634480409464 0.96887420216846432 0.91105904829361994 -0.017157467251338748 -0.06408096924079397 0.43203587375248409 0.8172844360306557 -0.023694302810841752 -1.1719516922025108 1.8781102224875379 -0.12563556844613052 -0.31391898515041833 -0.04176849921847961 0.16961721235844898
leaf_weight=269 2410 149 326 53 55 55 102 54 94 126 48 494 139 48 269 93 9422 49 130 1459 340 112
leaf_count=269 2410 149 326 53 55 55 102 54 94 126 48 494 139 48 269 93 9422 49 130 1459 340 112
internal_value=-0.00193047 0.00133719 -0.00304523 0.00291129 0.00521514 0.00195198 0.00767742 0.0101298 0.0130909 0.0057735 -0.00163537 0.0010396 0.00111929 0.00136111 0.00246899 0.00365259 -0.00336886 -0.00149117 0.00125543 -0.0017984 -0.000728609 0.000405907
internal_weight=16296 4141 12155 1731 497 1234 305 203 149 229 2285 1005 192 103 511 362 9870 448 179 2237 778 452
internal_count=16296 4141 12155 1731 497 1234 305 203 149 229 2285 1005 192 103 511 362 9870 448 179 2237 778 452
is_linear=0
shrinkage=0.035


Tree=40
num_leaves=23
num_cat=0
split_feature=9 7 25 9 24 9 9 8 12 10 8 21 11 12 4 24 11 24 6 4 11 27
split_gain=46.4485 7.69239 2.29909 2.05141 1.98247 1.87328 3.92507 1.8595 3.45915 3.42799 1.81291 1.49122 1.41319 2.17078 1.63443 1.37806 1.37517 1.23695 1.21093 1.16485 1.16195 1.15643
threshold=9.5007289286802958 17.574477591929064 210.50000000000003 23.672619047619051 12965.500000000002 5.8214332303014045 5.8537154419604276 23.357668702453786 8.9150938612897637 10.28450624245937 9.2512755102040831 3.5000000000000004 5.9648539107390404 8.2438892791534588 12.996151141142256 9795.0000000000018 10.276399433309187 15110.000000000002 8.9846950015344529 18.955902356631452 5.8799809327583619 2.5000000000000004
decision_type=2 2 2 2 2 2 2 2 2 2 2 2 2 2 2 2 2 2 2 2 2 2
left_child=5 4 3 12 10 -1 -7 8 -5 -9 -2 -11 14 -14 -3 19 -15 -8 -4 -12 -17 -20
right_child=1 2 18 7 -6 6 17 9 -10 11 15 -13 13 16 -16 20 -18 -19 21 -21 -22 -23
leaf_value=-1.7619565281123053 0.54226193422120272 -0.15174978280166407 -0.12083419045120983 1.1744162225443548 -0.32115988057773803 0.9628004152108951 -0.43093338297542294 0.32956165086805439 0.14074858071277183 0.65600554386025622 -0.10488887946843808 1.1467920136470595 -0.042493493268709395 1.0203007782805771 1.125877714784598 0.24781712165806477 0.069964089855277356 0.17447590096559232 -0.10253892711449759 0.12948100318704553 -0.13985596844322276 0.2194283817993273
leaf_weight=8120 53 60 208 51 609 144 2629 347 52 63 1329 54 317 67 299 471 55 110 126 295 191 654
leaf_count=8120 53 60 208 51 609 144 2629 347 52 63 1329 54 317 67 299 471 55 110 126 295 191 654
internal_value=-0.0019205 0.000767809 0.00225912 0.00319343 -0.000418389 -0.00321702 -0.0024214 0.00482168 0.00913889 0.00373881 3.88217e-05 0.00883606 0.0019919 0.000599098 0.00361538 -0.000108469 0.00449213 -0.00272194 0.000941087 -0.000663905 0.00122264 0.0015828
internal_weight=16304 5301 2353 1365 2948 11003 2883 567 103 464 2339 117 798 439 359 2286 122 2739 988 1624 662 780
internal_count=16304 5301 2353 1365 2948 11003 2883 567 103 464 2339 117 798 439 359 2286 122 2739 988 1624 662 780
is_linear=0
shrinkage=0.035


Tree=41
num_leaves=23
num_cat=0
split_feature=9 9 20 21 20 21 20 21 20 12 9 9 12 21 7 12 12 4 20 20 20 21
split_gain=41.7841 7.24959 2.32338 2.80941 3.94895 4.44911 2.7389 5.78103 9.45704 2.24845 1.99715 3.69157 1.69105 1.60808 1.51174 1.38543 1.51667 1.30864 1.29353 1.63381 1.3384 1.32904
threshold=9.5007289286802958 17.107946537883073 23.500000000000004 2.5000000000000004 28.500000000000004 3.5000000000000004 8.5000000000000018 3.5000000000000004 3.5000000000000004 7.9131780114970178 5.8214332303014045 5.8537154419604276 8.5961339243873933 2.5000000000000004 24.583454088187622 6.6411069053247589 5.7844473302170352 28.125319265124826 10.500000000000002 4.5000000000000009 21.500000000000004 3.5000000000000004
decision_type=2 2 2 2 2 2 2 2 2 2 2 2 2 2 2 2 2 2 2 2 2 2
left_child=10 12 6 15 5 -5 7 13 -9 -10 -1 -12 18 14 -3 16 -4 -7 19 -2 -20 -21
right_child=1 2 3 4 -6 17 -8 8 9 -11 11 -13 -14 -15 -16 -17 -18 -19 20 21 -22 -23
leaf_value=-1.7002880496283745 -0.2402292268501445 0.1179329855283773 -0.070333693290043534 0.73244535073079475 0.11436141696206521 0.39680125789756016 0.022350713653231782 0.033242950706073429 0.59229426628237725 0.9809323474946825 0.88195040418938209 -0.38384678608331391 0.6402555852478431 -0.28426792553387975 1.1927159843185153 -0.21436532010922602 1.1182605817973539 0.84720814862862448 -0.41303923077821791 0.02834601297547229 -0.025665287305343204 0.29160391092790661
leaf_weight=8123 356 209 70 100 116 85 1254 157 81 49 140 2759 57 172 95 134 55 57 964 396 781 125
leaf_count=8123 356 209 70 100 116 85 1254 157 81 49 140 2759 57 172 95 134 55 57 964 396 781 125
internal_value=-0.00197919 0.000567318 0.00187135 0.00375884 0.0057562 0.00826113 0.00127745 0.00292578 0.00680822 0.0136111 -0.00320799 -0.00239119 -0.00070939 0.000502078 0.00205016 0.000874999 0.0035 0.00388095 -0.000848688 0.000230158 -0.0014 0.00149049
internal_weight=16335 5313 2634 617 358 242 2017 763 287 130 11022 2899 2679 476 304 259 125 142 2622 877 1745 521
internal_count=16335 5313 2634 617 358 242 2017 763 287 130 11022 2899 2679 476 304 259 125 142 2622 877 1745 521
is_linear=0
shrinkage=0.035


Tree=42
num_leaves=23
num_cat=0
split_feature=9 9 25 8 22 24 22 12 20 4 20 8 4 0 20 20 23 20 22 20 12 12
split_gain=42.5998 7.88727 2.3922 1.93362 3.11256 1.61161 1.50883 2.19186 1.50373 2.69713 1.8856 1.9813 1.44127 1.41367 1.29855 1.15572 1.1054 1.12361 1.05103 0.965785 1.61431 0.959924
threshold=9.3912408410482708 18.326530612244905 210.50000000000003 5.6470832654320153 17236.500000000004 12965.500000000002 48992.500000000007 7.699841913030089 23.500000000000004 24.170466578992038 9.5000000000000018 23.573906879869618 16.940434238785283 30.236721569975128 4.5000000000000009 3.5000000000000004 42000.000000000007 10.500000000000002 52360.000000000007 19.500000000000004 6.1733661069009056 7.9131780114970178
decision_type=2 2 2 2 2 2 2 2 2 2 2 2 2 2 2 2 2 2 2 2 2 2
left_child=3 5 8 -1 -5 -2 19 -8 10 -10 11 12 -3 15 -14 -13 -6 18 -18 -4 -21 -12
right_child=1 2 6 4 16 -7 7 -9 9 -11 21 13 14 -15 -16 -17 17 -19 -20 20 -22 -23
leaf_value=-1.6407779678913816 -0.0088521311126939003 -0.26348531150419419 -0.089316454791459748 1.8524320740624083 -0.47241607705836719 -0.31235075406034035 0.42253307769093057 -0.46245084667055386 0.50174287656789751 1.0939282309037572 -0.015617536360572783 0.583159701605651 0.12050412756229338 0.58952956572027715 1.2064770432319785 0.94573128227812742 0.12058700243163871 -0.27417639209492939 -0.33695255527530332 0.29864274254618878 -0.0040137993163726071 0.23512471147395142
leaf_weight=8128 2627 78 426 46 1838 658 91 50 188 123 308 48 62 53 58 98 196 575 162 52 173 281
leaf_count=8128 2627 78 426 46 1838 658 91 50 188 123 308 48 62 53 58 98 196 575 162 52 173 281
internal_value=-0.00196269 0.000586261 0.00226647 -0.00321553 -0.00239617 -0.000478724 0.000715808 0.00393151 0.00319355 0.00536076 0.00246872 0.00433582 0.00167241 0.00679412 0.00406 0.00855298 -0.0025544 -0.00152239 0 0 0.00182609 0.00115488
internal_weight=16319 5374 2089 10945 2817 3285 792 141 1297 311 986 397 198 199 120 146 2771 933 358 651 225 589
internal_count=16319 5374 2089 10945 2817 3285 792 141 1297 311 986 397 198 199 120 146 2771 933 358 651 225 589
is_linear=0
shrinkage=0.035


Tree=43
num_leaves=23
num_cat=0
split_feature=9 9 8 8 3 20 3 20 20 12 21 11 8 24 11 21 21 2 24 24 8 20
split_gain=41.6414 5.77717 2.53356 3.69811 2.05524 3.08404 4.50382 3.08346 2.12922 1.75776 1.5961 2.0306 2.05459 1.41366 1.34878 1.08318 1.00098 0.834286 0.830347 0.807986 1.65445 1.48083
threshold=9.5007289286802958 17.107946537883073 5.6470832654320153 5.6641639042627494 17.017817371952514 7.5000000000000009 31.032336348011363 19.500000000000004 5.5000000000000009 8.9150938612897637 2.5000000000000004 5.5714254610349796 24.262037037037043 12965.500000000002 7.0211611074453542 2.5000000000000004 3.5000000000000004 23.937493722930562 12965.500000000002 9795.0000000000018 12.072301490674391 7.5000000000000009
decision_type=2 2 2 2 2 2 2 2 2 2 2 2 2 2 2 2 2 2 2 2 2 2
left_child=2 9 -1 -4 -3 6 8 -7 15 13 14 -12 -13 19 -9 -6 -17 -18 -5 -2 -21 -22
right_child=1 4 3 18 5 7 -8 10 -10 -11 11 12 -14 -15 -16 16 17 -19 -20 20 21 -23
leaf_value=-1.5833507390151833 -0.056550857393863764 0.081857404557941271 1.0135958961814262 -0.42551660010495734 1.1271490855059558 0.031903589019540109 0.94100624463006421 0.59320218922116918 0.91410314019381489 0.61229487118753945 0.98097536597701029 0.063243640678250015 1.226616186260526 -0.30927800095260605 -0.14651245842469673 -0.34323924578056236 0.48016004398327716 -0.04196715799482989 -0.10359157645609625 0.32751818617316419 0.34782181260529088 -0.082538174507448686
leaf_weight=8075 1444 1021 144 2337 56 705 62 153 70 48 90 141 72 611 68 77 55 45 421 45 124 390
leaf_count=8075 1444 1021 144 2337 56 705 62 153 70 48 90 141 72 611 68 77 55 45 421 45 124 390
internal_value=-0.00194363 0.000608291 -0.00317174 -0.00225989 0.00177672 0.00256316 0.00539189 0.00169044 0.00343182 -0.000534122 0.00371172 0.00536364 0.00324312 -0.000666858 0.00130088 0.00164706 0.000153845 0.0025 -0.00254995 -0.000205678 0.000906028 0.000276492
internal_weight=16254 5277 10977 2902 2615 1594 365 1229 303 2662 524 303 213 2614 221 233 177 100 2758 2003 559 514
internal_count=16254 5277 10977 2902 2615 1594 365 1229 303 2662 524 303 213 2614 221 233 177 100 2758 2003 559 514
is_linear=0
shrinkage=0.035


Tree=44
num_leaves=23
num_cat=0
split_feature=8 6 7 8 8 20 20 20 21 20 21 21 21 25 20 21 25 6 20 21 21 20
split_gain=38.674 7.70813 2.53084 2.26492 3.41723 1.63775 1.45648 1.72131 2.93873 2.79879 1.95823 2.71428 1.60672 1.53899 1.32552 1.93885 1.36398 1.03636 0.95457 1.71055 1.87489 1.51123
threshold=9.1458333333333339 19.010370193622947 15.44637328615657 5.6470832654320153 5.6641639042627494 28.500000000000004 2.5000000000000004 8.5000000000000018 3.5000000000000004 21.500000000000004 2.5000000000000004 3.5000000000000004 2.5000000000000004 210.50000000000003 23.500000000000004 2.5000000000000004 421.00000000000006 8.9846950015344529 23.500000000000004 2.5000000000000004 3.5000000000000004 27.500000000000004
decision_type=2 2 2 2 2 2 2 2 2 2 2 2 2 2 2 2 2 2 2 2 2 2
left_child=3 2 18 -1 -5 6 -3 8 12 -9 -11 -12 -8 -13 -4 17 -17 -16 -2 -20 21 -21
right_child=1 5 14 4 -6 -7 7 9 -10 10 11 13 -14 -15 15 16 -18 -19 19 20 -22 -23
leaf_value=-1.5279334631496517 -0.19364756385271262 -0.062761202309054603 0.013399908925008643 0.81431053176042456 -0.37058683228529715 -0.106729112373117 0.94885756453038517 0.11212096232761122 0.80682438305322779 0.026321688907190065 0.56047145808433196 1.0220471276897558 -0.12346175321417618 -0.0024988840342155373 0.1950772696383152 0.84523743678531571 0.19499906191493974 -0.40178999295848783 -0.23219105732071255 0.4657780737737936 -0.21756673807090901 0.091081730799370611
leaf_weight=8025 1859 72 1705 135 2544 154 59 428 90 101 93 75 75 78 91 70 59 77 227 76 114 58
leaf_count=8025 1859 72 1705 135 2544 154 59 428 90 101 93 75 75 78 91 70 59 77 227 76 114 58
internal_value=-0.0019662 0.00039867 -0.000291063 -0.00319605 -0.00228726 0.00284553 0.00333085 0.00368127 0.0064345 0.00282692 0.00515057 0.00681872 0.00279496 0.00358861 0.000615595 0.00275828 0.00590298 0.000141618 -0.00107589 0.000291666 0.00231028 0.00506115
internal_weight=16265 5561 4336 10704 2679 1225 1071 999 224 775 347 246 134 153 2002 297 129 168 2334 475 248 134
internal_count=16265 5561 4336 10704 2679 1225 1071 999 224 775 347 246 134 153 2002 297 129 168 2334 475 248 134
is_linear=0
shrinkage=0.035


Tree=45
num_leaves=23
num_cat=0
split_feature=9 9 9 9 16 22 4 3 1 10 6 7 22 6 24 11 21 10 9 11 22 10
split_gain=39.5259 5.06644 2.15066 2.74763 1.9909 1.77998 1.54219 1.35347 1.7415 1.29109 0.934914 0.929125 0.811042 1.39088 0.73413 0.737142 1.48471 1.90008 0.961499 0.985881 0.702113 1.08899
threshold=9.7207792207792227 17.107946537883073 5.8214332303014045 5.8537154419604276 1.0000000180025095e-35 16785.000000000004 4.8493515340940085 15.888781740388525 31.032336348011363 11.557310611531932 16.040429585733566 22.01519190494167 43337.000000000007 13.945691989906068 12965.500000000002 4.4753812819458796 1.5000000000000002 4.7056197405716018 12.380873015873016 3.0790167554142278 10086.000000000002 7.1279421404046248
decision_type=2 2 2 2 2 2 2 2 2 2 2 2 2 2 2 2 2 2 2 2 2 2
left_child=2 6 -1 -4 7 -6 -2 -3 9 10 11 -9 -5 -14 15 16 -8 18 19 -18 -13 -22
right_child=1 4 3 12 5 -7 14 8 -10 -11 -12 20 13 -15 -16 -17 17 -19 -20 -21 21 -23
leaf_value=-1.4744557919394139 0.37028627988245982 0.0043007348208703383 0.90722487015383435 -0.42801789422766534 1.087897893329252 0.29606721680116233 -0.16305117310298745 -0.0082259695860250233 -0.087354586025052555 0.7206272450647595 0.3410678140058907 -0.014864266189050495 -0.20231470369852056 0.41850881267452367 -0.31384446629359319 -0.12314370808756755 0.24006175550329445 0.28336567361025294 -0.026569022830271717 0.10740430628470381 0.71488479408160888 0.30716220576208564
leaf_weight=8092 46 680 129 1855 52 64 358 432 183 87 934 67 967 57 543 1018 63 77 292 202 48 58
leaf_count=8092 46 680 129 1855 52 64 358 432 183 87 934 67 967 57 543 1018 63 77 292 202 48 58
internal_value=-0.00199562 0.000518045 -0.00317537 -0.00234998 0.00160919 0.00604545 -0.000569893 0.00138372 0.00188313 0.00225107 0.00198575 0.000860655 -0.00257767 -0.00173129 -0.000695075 -0.00037345 0.000291373 0.00132003 0.000548042 0.00207407 0.00298876 0.0046982
internal_weight=16304 5204 11100 3008 2605 116 2599 2489 1809 1626 1539 605 2879 1024 2553 2010 992 634 557 265 173 106
internal_count=16304 5204 11100 3008 2605 116 2599 2489 1809 1626 1539 605 2879 1024 2553 2010 992 634 557 265 173 106
is_linear=0
shrinkage=0.035


Tree=46
num_leaves=23
num_cat=0
split_feature=9 9 8 8 6 24 16 0 20 20 20 11 9 24 20 24 11 22 8 20 8 4
split_gain=38.1198 5.12945 2.76641 3.11104 2.02715 1.93882 1.67996 1.63432 1.65216 3.21819 2.50465 1.96618 1.7926 1.13509 1.2457 0.965267 1.67873 2.2299 2.17904 2.67317 1.21579 1.24396
threshold=9.5007289286802958 20.539744396851962 5.6470832654320153 5.6641639042627494 8.7570536433732169 12965.500000000002 1.0000000180025095e-35 30.236721569975128 10.500000000000002 3.5000000000000004 20.500000000000004 9.3051772518085425 22.756673737631434 12965.500000000002 10.500000000000002 9795.0000000000018 6.5541665267004587 48992.500000000007 17.678363744600087 7.5000000000000009 9.2512755102040831 16.940434238785283
decision_type=2 2 2 2 2 2 2 2 2 2 2 2 2 2 2 2 2 2 2 2 2 2
left_child=2 5 -1 -4 -3 15 7 8 9 -6 -10 12 -11 -5 -15 20 17 18 19 -17 -2 -22
right_child=1 4 3 13 6 -7 -8 -9 10 11 -12 -13 -14 14 -16 16 -18 -19 -20 -21 21 -23
leaf_value=-1.4228498392215343 0.49515588484060713 -0.03682142297869212 0.86902828066053572 -0.3823599736267515 0.001465398164354557 -0.31268477864715771 0.91436158017549984 -0.043015092382740122 -0.036820908564434443 0.50697236071411744 0.66967657793984325 1.0090889330465487 0.9708941910004506 0.17817965246784007 -0.14832306622212002 0.90378273713283042 -0.13942271616566432 0.025249900733618751 0.7105481448645492 0.077704504702997446 -0.098317625986215143 0.061397184091711
leaf_weight=8086 49 275 141 2370 101 620 51 162 295 79 335 46 61 149 297 61 289 371 56 192 1564 736
leaf_count=8086 49 275 141 2370 101 620 51 162 295 79 335 46 61 149 297 61 289 371 56 192 1564 736
internal_value=-0.00197752 0.000446334 -0.00315152 -0.00221202 0.00225886 -0.000197947 0.0029141 0.00257011 0.00314317 0.00536986 0.00206693 0.0080445 0.00543103 -0.00247022 -0.000783815 0.000133764 0.00106365 0.00201825 0.00419108 0.00260465 -0.000243841 -0.000372018
internal_weight=16386 5343 11043 2957 1405 3938 1130 1079 917 287 630 186 140 2816 446 3318 969 680 309 253 2349 2300
internal_count=16386 5343 11043 2957 1405 3938 1130 1079 917 287 630 186 140 2816 446 3318 969 680 309 253 2349 2300
is_linear=0
shrinkage=0.035


Tree=47
num_leaves=23
num_cat=0
split_feature=9 9 8 22 20 21 20 21 20 21 20 11 22 9 21 5 24 8 11 24 23 20
split_gain=36.8379 4.71178 2.94404 3.36223 2.67839 2.10946 2.72732 2.4017 1.52318 4.54123 8.55736 1.5119 1.38889 1.24603 1.24286 1.38648 1.22431 1.17058 1.16903 1.122 1.01359 0.986354
threshold=9.5007289286802958 17.107946537883073 5.6470832654320153 17236.500000000004 23.500000000000004 2.5000000000000004 28.500000000000004 3.5000000000000004 7.5000000000000009 3.5000000000000004 3.5000000000000004 4.6106660861790632 10086.000000000002 20.401106820578843 2.5000000000000004 10.946439606378263 12965.500000000002 9.7638158983890122 5.6416909977397944 5252.0000000000009 42000.000000000007 10.500000000000002
decision_type=2 2 2 2 2 2 2 2 2 2 2 2 2 2 2 2 2 2 2 2 2 2
left_child=2 16 -1 -4 8 12 7 18 9 14 -11 -10 -6 -9 15 -3 17 19 -7 -2 -5 -22
right_child=1 4 3 20 5 6 -8 13 11 10 -12 -13 -14 -15 -16 -17 -18 -19 -20 -21 21 -23
leaf_value=-1.3730500948487809 -0.048275375381721289 -0.18504564772074203 1.6128293915242529 -0.39406540410527496 -0.12064933993663272 0.76762667645028715 0.17571803928758919 -0.034115314224483662 0.93643392450651786 0.044555275982681275 0.76539642240943861 -0.03133051179423274 0.74763641230491951 0.87207230989402329 -0.35325004487666523 1.0478976042299579 -0.28234491359075004 -0.023753565924070377 0.43127855833773004 0.44672087411909039 -0.006993377143667461 -0.2345238142418245
leaf_weight=8102 57 174 47 1879 108 46 116 50 113 151 103 1235 142 89 148 112 621 1908 61 82 390 590
leaf_count=8102 57 174 47 1879 108 46 116 50 113 151 103 1235 142 89 148 112 621 1908 61 82 390 590
internal_value=-0.00198889 0.000400582 -0.00314406 -0.00216541 0.00144723 0.00347731 0.00517847 0.00723705 0.00082141 0.00215656 0.00582432 0.000121581 0.000892156 0.00379167 0 0.001311 -0.000632436 -0.000208091 0.0111875 0.00281944 -0.00232682 -0.00136802
internal_weight=16324 5316 11008 2906 2648 612 362 246 2036 688 254 1348 250 139 434 286 2668 2047 107 139 2859 980
internal_count=16324 5316 11008 2906 2648 612 362 246 2036 688 254 1348 250 139 434 286 2668 2047 107 139 2859 980
is_linear=0
shrinkage=0.035


Tree=48
num_leaves=23
num_cat=0
split_feature=9 9 8 8 21 11 11 25 1 22 12 23 24 6 1 11 11 12 7 9 12 7
split_gain=36.6411 5.0396 2.52418 2.94639 2.08751 2.26927 2.69628 1.92273 1.61523 1.28743 1.2619 1.40709 1.22558 1.15586 1.03073 1.03784 1.99069 1.0834 0.977136 1.21408 2.15168 0.968002
threshold=9.003070231831428 20.036375661375665 5.6470832654320153 5.6641639042627494 2.5000000000000004 4.2441510613537536 8.8860003052625043 430.00000000000006 22.797540755617458 16785.000000000004 3.6296836190780013 60300.000000000007 12965.500000000002 5.9272486772486781 17.017817371952514 4.9213595905786294 7.0211611074453542 6.8210593452430386 25.012025516759049 23.327380952380956 8.5961339243873933 23.153581910556053
decision_type=2 2 2 2 2 2 2 2 2 2 2 2 2 2 2 2 2 2 2 2 2 2
left_child=2 12 -1 -4 9 -6 7 18 -8 14 -5 -12 -2 -13 -3 -16 17 -17 19 21 -21 -7
right_child=1 4 3 10 5 6 8 -9 -10 -11 11 13 -14 -15 15 16 -18 -19 -20 20 -22 -23
leaf_value=-1.3249933415290736 -0.0019059057498898343 -0.078111414919762132 0.69218091955571592 -0.35081826809012051 1.725154162569196 0.12723357268007854 0.93295376928703899 -0.16047278972789966 0.53624060530161155 -0.3366934988954795 -0.38499911797590491 -0.19469536175397867 -0.21679855228345069 0.21118329258479304 -0.28264797827472948 1.1730416138419817 0.0073612146908644763 0.15812382924428395 -0.068058047813143521 0.64842023479589017 0.05876662039695893 0.51314419327931504
leaf_weight=8216 3276 123 137 1936 45 182 96 133 135 147 306 111 765 122 56 85 166 51 129 78 63 48
leaf_count=8216 3276 123 137 1936 45 182 96 133 135 147 306 111 765 122 56 85 166 51 129 78 63 48
internal_value=-0.00199004 0.00031157 -0.00317691 -0.00220271 0.00201556 0.00308643 0.00262198 0.00138244 0.00584322 0.00042575 -0.00248387 -0.000926471 -0.000333911 0.00105882 0.0013251 0.00228512 0.00311238 0.00618085 0.00239109 0.00329521 0.00584931 0.00156383
internal_weight=16406 5578 10828 2612 1537 909 864 633 231 628 2475 539 4041 233 481 358 302 136 500 371 141 230
internal_count=16406 5578 10828 2612 1537 909 864 633 231 628 2475 539 4041 233 481 358 302 136 500 371 141 230
is_linear=0
shrinkage=0.035


Tree=49
num_leaves=23
num_cat=0
split_feature=8 7 8 8 6 25 16 0 12 20 20 21 20 21 21 20 20 12 12 8 0 22
split_gain=35.1528 5.09139 1.93754 3.31154 1.66737 1.52526 1.28176 1.36572 1.08955 1.37414 2.52867 3.53904 4.90598 1.77795 2.85349 3.61678 2.23261 1.28612 1.2215 1.04983 1.0073 0.95661
threshold=8.1845337900188806 17.727610342216661 5.6470832654320153 5.6641639042627494 24.170466578992038 233.00000000000003 1.0000000180025095e-35 15.638733474143338 6.8210593452430386 10.500000000000002 4.5000000000000009 3.5000000000000004 8.5000000000000018 3.5000000000000004 2.5000000000000004 22.500000000000004 28.500000000000004 3.8369063831567458 3.9108788711712292 12.792517006802724 29.073923966709916 43337.000000000007
decision_type=2 2 2 2 2 2 2 2 2 2 2 2 2 2 2 2 2 2 2 2 2 2
left_child=2 6 -1 5 -3 -4 8 -8 9 10 -2 -12 18 14 -11 -16 17 -17 -13 -10 -6 -5
right_child=1 4 3 21 20 -7 7 -9 19 13 11 12 -14 -15 15 16 -18 -19 -20 -21 -22 -23
leaf_value=-1.2786185745755561 -0.31548351606487496 0.11767176898294607 1.3112363924809798 -0.40241855532674253 0.5102705842030052 -0.39688037400141457 0.48692403339833956 -0.062137238838111473 0.41384711816788616 -0.21117885846692386 -0.013759388891082806 0.18865441390400145 -0.11960139715594215 -0.4998025563810029 -0.21843495965239765 0.57152861749440698 -0.27446195060766876 0.22659968311089157 0.75999646230774509 0.0046377373954346081 0.012422701177096493 -0.13266071573631161
leaf_weight=8130 466 1847 59 1392 350 79 64 60 62 1098 525 47 59 547 332 67 72 111 72 388 96 483
leaf_count=8130 466 1847 59 1392 350 79 64 60 62 1098 525 47 59 547 332 67 72 111 72 388 96 483
internal_value=-0.00196871 9.04586e-05 -0.00324133 -0.0022339 0.00140426 0.00286364 -0.000664781 0.00274031 -0.000782525 -0.000999266 -1.19259e-05 0.0012952 0.00548907 -0.00150851 -0.000924333 0.00103152 0.00418627 0.0062541 0.00948387 0.000807691 0.00332927 -0.002625
internal_weight=16406 6263 10143 2013 2293 138 3970 124 3846 3396 1169 703 178 2227 1680 582 250 178 119 450 446 1875
internal_count=16406 6263 10143 2013 2293 138 3970 124 3846 3396 1169 703 178 2227 1680 582 250 178 119 450 446 1875
is_linear=0
shrinkage=0.035


Tree=50
num_leaves=23
num_cat=0
split_feature=9 9 8 22 21 10 12 25 24 8 20 20 20 23 20 20 11 10 20 4 11 25
split_gain=34.7508 3.8907 3.32437 2.8812 1.96618 2.85637 3.15639 1.79351 1.66633 1.9589 1.42018 1.47614 1.19788 0.980773 1.06877 0.970744 1.36093 0.952578 0.872601 1.20922 0.848125 0.823762
threshold=9.5007289286802958 19.646291208791215 5.6470832654320153 17236.500000000004 2.5000000000000004 10.623613903488502 5.4271882227676249 430.00000000000006 12965.500000000002 9.2512755102040831 21.500000000000004 28.500000000000004 4.5000000000000009 42000.000000000007 10.500000000000002 22.500000000000004 3.2389416159940043 4.7908643220593277 7.5000000000000009 12.996151141142256 3.7974108994791695 142.00000000000003
decision_type=2 2 2 2 2 2 2 2 2 2 2 2 2 2 2 2 2 2 2 2 2 2
left_child=2 8 -1 -4 18 6 -6 10 9 -2 21 17 -7 -5 20 -16 -17 -12 19 -3 -15 -8
right_child=1 4 3 13 5 12 7 -9 -10 -11 11 -13 -14 14 15 16 -18 -19 -20 -21 -22 -23
leaf_value=-1.2338669244654117 0.49731098187532585 0.0039917783133847883 1.4184138762969936 -0.34197997473696434 1.5950920481705309 0.24910100579715491 0.52881515484222852 -0.10771667935879285 -0.28992982672952383 -0.0050626609344732688 0.49539341428870798 -0.14837076503541394 0.9525526360816795 -0.083940002072509734 -0.37739069062609654 -0.18349132242341079 0.38364192439071237 0.63864197485820362 -0.036699093245413303 1.2084392876190144 0.2193530765843322 0.04109737652505957
leaf_weight=8104 51 121 46 1854 68 51 85 185 630 2986 69 51 69 312 371 171 70 94 532 60 70 330
leaf_count=8104 51 121 46 1854 68 51 85 185 630 2986 69 51 69 312 371 171 70 94 532 60 70 330
internal_value=-0.00198764 0.00031381 -0.00311511 -0.00207537 0.00168895 0.00268669 0.00194532 0.00128632 -0.000325981 9.20364e-06 0.00218612 0.00449087 0.0077 -0.00222415 -0.00129279 -0.0021953 -0.00036992 0.00608333 0.000253481 0.00233333 0.00011757 0.000916666
internal_weight=16380 5382 10998 2894 1715 1002 882 814 3667 3037 629 214 120 2848 994 612 241 163 713 181 382 415
internal_count=16380 5382 10998 2894 1715 1002 882 814 3667 3037 629 214 120 2848 994 612 241 163 713 181 382 415
is_linear=0
shrinkage=0.035


Tree=51
num_leaves=23
num_cat=0
split_feature=9 9 25 16 7 22 12 22 12 9 12 10 9 8 21 10 7 6 7 12 4 10
split_gain=34.7382 5.35681 2.09079 2.01123 1.58376 2.75056 1.27857 1.20481 2.51632 1.1797 2.73915 2.12282 2.02565 1.53667 2.04058 1.16405 1.05844 1.03463 1.16642 1.08436 0.986744 0.907922
threshold=8.0222733457361439 18.326530612244905 210.50000000000003 1.0000000180025095e-35 5.2914285714285727 17236.500000000004 9.3031749962842998 48992.500000000007 7.699841913030089 23.327380952380956 8.7641404509052006 3.9880774697543036 20.230777150249171 23.787893649849043 3.5000000000000004 4.2370948858627377 6.7166477702191996 8.9846950015344529 15.717747209918626 4.5085896562869303 12.315729686009409 10.28450624245937
decision_type=2 2 2 2 2 2 2 2 2 2 2 2 2 2 2 2 2 2 2 2 2 2
left_child=4 6 3 9 -1 -6 16 15 -9 11 13 12 -3 -11 -15 -4 -2 18 -18 20 -19 -12
right_child=1 2 7 -5 5 -7 -8 8 -10 10 21 -13 -14 14 -16 -17 17 19 -20 -21 -22 -23
leaf_value=-1.1975196805114334 0.5504793569149149 1.7802054501930982 0.31349984533948244 0.8940452843666955 1.4256443922324262 -0.36104435104353244 0.2975179689367225 0.36699026870281926 -0.59336217845292194 0.87537058609294083 -0.053774968047128079 -0.016504736075458937 0.86053937328476171 0.027679832645403895 1.0763105738257484 -0.099001099010004534 -0.18710688609659001 -0.011519794310015744 0.066259022822204153 -0.10334566709066828 0.24228729430922044 0.66310951225873382
leaf_weight=8018 80 49 171 63 51 1954 65 85 49 75 223 516 97 115 77 485 1560 662 242 1195 350 92
leaf_count=8018 80 49 171 63 51 1954 65 85 49 75 223 516 97 115 77 485 1560 662 242 1195 350 92
internal_value=-0.00197564 6.93726e-05 0.00151189 0.0023689 -0.00325219 -0.00233333 -0.000655567 6.60369e-05 0.00304676 0.00202042 0.00317802 0.000960269 0.00461258 0.00576471 0.00378426 -0.000534797 -0.000738643 -0.00082312 -0.00144687 -0.000303798 0.000526548 0.000874999
internal_weight=16274 6251 2097 1307 10023 2005 4154 790 134 1244 582 662 146 267 192 656 4089 4009 1802 2207 1012 315
internal_count=16274 6251 2097 1307 10023 2005 4154 790 134 1244 582 662 146 267 192 656 4089 4009 1802 2207 1012 315
is_linear=0
shrinkage=0.035


Tree=52
num_leaves=23
num_cat=0
split_feature=9 7 8 8 20 12 16 20 3 7 8 12 20 4 24 20 1 21 4 9 1 9
split_gain=32.6771 3.25174 3.12973 2.76515 2.06618 1.81799 1.77106 1.76569 4.17804 0.957251 1.21877 3.23827 2.43403 0.901067 0.894313 0.859259 0.843698 2.08036 1.19697 0.798932 0.675409 0.614199
threshold=9.2861832611832629 17.574477591929064 5.6470832654320153 5.6641639042627494 19.500000000000004 4.9147738783845112 1.0000000180025095e-35 8.5000000000000018 33.500000000000007 24.357142857142858 21.899783549783553 8.9150938612897637 23.500000000000004 17.961864802538603 12965.500000000002 23.500000000000004 21.011946453809166 3.5000000000000004 16.040429585733566 17.524877625317149 23.937493722930562 23.327380952380956
decision_type=2 2 2 2 2 2 2 2 2 2 2 2 2 2 2 2 2 2 2 2 2 2
left_child=2 6 -1 -4 7 -6 13 8 16 10 19 12 -12 -2 15 -5 17 -3 -19 -7 -21 -18
right_child=1 4 3 14 5 9 -8 -9 -10 -11 11 -13 -14 -15 -16 -17 21 18 -20 20 -22 -23
leaf_value=-1.148768393291222 -0.096878248090561697 0.0652063057556138 0.64887043724259563 -0.4048932394871686 1.257101101528137 0.6803496360646264 0.36305269484665098 -0.054960741499278737 0.77595680972549896 -0.078800971215842452 0.42638097785543266 -0.09678794426264567 1.0974070348738296 0.052453605278338741 -0.049932065009042285 -0.12281787756078591 -0.15530356104320006 0.14631140742903706 0.65376691297837919 0.1305295937897529 -0.1517783407814503 0.37425573837711784
leaf_weight=8087 2431 277 138 1772 55 50 85 867 58 99 55 64 63 597 364 486 198 73 47 213 91 113
leaf_count=8087 2431 277 138 1772 55 50 85 867 58 99 55 64 63 597 364 486 198 73 47 213 91 113
internal_value=-0.00201302 0.000198768 -0.00312265 -0.00208228 0.00119072 0.00279496 -0.000536563 0.000495726 0.00172049 0.0021875 0.00277542 0.00510962 0.00845122 -0.000684307 -0.00234088 -0.00260296 0.000917951 0.00198507 0.00574 0.00147214 0.000690938 -0.000398735
internal_weight=16283 5436 10847 2760 2323 690 3113 1633 766 635 536 182 118 3028 2622 2258 708 397 120 354 304 311
internal_count=16283 5436 10847 2760 2323 690 3113 1633 766 635 536 182 118 3028 2622 2258 708 397 120 354 304 311
is_linear=0
shrinkage=0.035


Tree=53
num_leaves=23
num_cat=0
split_feature=9 9 25 9 25 7 20 20 21 20 20 21 21 20 12 10 21 9 20 10 12 21
split_gain=33.6609 4.33284 2.47582 4.91829 2.14684 1.60272 1.86728 1.53303 2.22382 3.08574 2.19151 1.69374 4.29142 2.2611 2.0472 1.68991 1.37319 3.3572 1.69833 2.56796 1.69688 1.13132
threshold=8.0222733457361439 17.107946537883073 106.50000000000001 15.96336015175301 430.00000000000006 5.0043161206207767 1.5000000000000002 10.500000000000002 1.5000000000000002 4.5000000000000009 21.500000000000004 2.5000000000000004 3.5000000000000004 28.500000000000004 3.5745092521292743 4.1487258440269041 2.5000000000000004 17.6476749106425 23.500000000000004 10.623613903488502 5.6506244452749828 2.5000000000000004
decision_type=2 2 2 2 2 2 2 2 2 2 2 2 2 2 2 2 2 2 2 2 2 2
left_child=5 2 3 -2 16 -1 -7 8 -4 21 -9 -12 13 14 -13 -11 17 -3 19 -18 -20 -10
right_child=1 4 7 -5 -6 6 -8 10 9 15 11 12 -14 -15 -16 -17 18 -19 20 -21 -22 -23
leaf_value=-1.1435614995260295 0.80453751293837528 0.94094988796460022 -0.37781245809960134 -0.13206766638416495 -0.06459638130251856 0.10800845261738951 -0.34337613575740167 -0.35165060558984307 0.292725962329141 0.053926352590474715 -0.16027382461572712 0.64968272657803516 -0.24915563594592674 -0.1872968117412889 0.25408564866746342 0.36258040873796066 0.15046400573068616 -0.0061771310889835477 1.2218889542660987 0.62107903939557074 0.54484195167599525 -0.35835122375392503
leaf_weight=7978 49 61 277 64 676 198 1910 1300 121 299 533 53 259 75 123 204 737 773 46 105 233 307
leaf_count=7978 49 61 277 64 676 198 1910 1300 121 299 533 53 259 75 123 204 737 773 46 105 233 307
internal_value=-0.00198346 2.22214e-05 -0.000752658 0.00421186 0.00110736 -0.0032364 -0.00234051 -0.000921261 7.79052e-05 0.000912392 -0.00144293 -0.0002271 0.00118932 0.00442969 0.00655525 0.00276968 0.00169643 0.000588199 0.00249911 0.00166529 0.00488028 -0.00123672
internal_weight=16381 6295 3664 113 2631 10086 2108 3551 1208 931 2343 1043 510 251 176 503 1955 834 1121 842 279 428
internal_count=16381 6295 3664 113 2631 10086 2108 3551 1208 931 2343 1043 510 251 176 503 1955 834 1121 842 279 428
is_linear=0
shrinkage=0.035


Tree=54
num_leaves=23
num_cat=0
split_feature=9 7 8 25 16 8 7 20 20 21 10 20 0 20 12 20 9 20 20 21 21 12
split_gain=34.1782 3.97613 1.72907 1.63373 2.16259 1.53131 1.39913 1.44405 2.09952 2.9368 1.95929 1.35106 1.33713 1.27893 1.98291 1.38186 1.92523 2.80994 1.27496 1.10669 2.4556 2.14802
threshold=8.0222733457361439 15.44637328615657 5.6470832654320153 233.00000000000003 1.0000000180025095e-35 5.6641639042627494 6.7166477702191996 10.500000000000002 3.5000000000000004 1.5000000000000002 4.1158221258101024 7.5000000000000009 32.106343334591671 21.500000000000004 4.9498698743743743 7.5000000000000009 23.672619047619051 3.5000000000000004 21.500000000000004 2.5000000000000004 3.5000000000000004 3.4870934248306749
decision_type=2 2 2 2 2 2 2 2 2 2 2 2 2 2 2 2 2 2 2 2 2 2
left_child=2 6 -1 4 13 -4 -2 8 -8 -10 -11 -12 -6 15 -15 16 -3 -18 -9 -20 21 -21
right_child=1 3 5 -5 12 -7 7 18 9 10 11 -13 -14 14 -16 -17 17 -19 19 20 -22 -23
leaf_value=-1.0685368470426184 0.47782254590607159 0.28456240802696831 0.54264562365464564 -0.011636501737824533 0.84511250357408352 -0.33090325135605037 -0.34962567881507406 -0.38545752122932725 -0.3143120141586967 0.067368970385820903 0.34976945259985864 0.17203961435132373 0.13677795723263123 0.73733614553525717 0.28354532069873772 -0.017785145901954142 0.14320727862852597 0.85276913618392736 -0.16603336215380238 0.55220782618074904 -0.24119477303959982 0.088319242252949709
leaf_weight=8121 85 360 136 1095 58 1809 326 1107 198 322 112 79 46 54 445 796 73 64 508 57 280 176
leaf_count=8121 85 360 136 1095 58 1809 326 1107 198 322 112 79 46 54 445 796 73 64 508 57 280 176
internal_value=-0.00195727 7.50872e-05 -0.0032185 0.000997663 0.00161836 -0.00224359 -0.000768818 -0.000894323 0.000161228 0.00124162 0.00264865 0.00542857 0.00645413 0.00131079 0.00281944 0.000706471 0.00214741 0.00561972 -0.00141608 -0.000498052 0.000621621 0.00326471
internal_weight=16307 6241 10066 2991 1896 1945 3250 3165 1037 711 513 191 104 1792 499 1293 497 137 2128 1021 513 233
internal_count=16307 6241 10066 2991 1896 1945 3250 3165 1037 711 513 191 104 1792 499 1293 497 137 2128 1021 513 233
is_linear=0
shrinkage=0.035


Tree=55
num_leaves=23
num_cat=0
split_feature=9 8 12 8 8 9 3 20 21 1 3 20 21 20 20 20 12 1 23 6 9 25
split_gain=31.1025 4.24752 1.75643 1.74376 1.78537 1.69071 1.65938 1.91153 4.03487 3.86182 1.67982 1.42832 1.40695 1.4161 2.19269 2.16166 1.48625 2.15219 1.33393 1.29909 1.11019 3.16041
threshold=7.7703153745869455 16.290867734745969 6.1733661069009056 5.6470832654320153 5.6641639042627494 15.684722134426346 20.470912355175066 7.5000000000000009 3.5000000000000004 23.937493722930562 24.170466578992038 24.500000000000004 1.5000000000000002 10.500000000000002 3.5000000000000004 21.500000000000004 3.4870934248306749 8.7917610864307907 61700.000000000007 18.955902356631452 13.199527588272966 455.50000000000006
decision_type=2 2 2 2 2 2 2 2 2 2 2 2 2 2 2 2 2 2 2 2 2 2
left_child=3 2 12 -1 -5 -3 -7 8 -8 -10 11 -9 -2 14 -14 -15 -16 -18 -17 -12 21 -4
right_child=1 5 20 4 -6 6 7 10 9 -11 19 -13 13 15 16 18 17 -19 -20 -21 -22 -23
leaf_value=-1.0311380573961269 -0.23440927165734127 0.58940680949013013 0.78767594162505405 0.5672943045627914 -0.36712219755614728 -0.0010237132395742893 0.0027156411869396725 0.17760769739500978 0.65383318053590633 0.074380170878753024 -0.12682014298830011 0.73380511481374355 -0.33901006665397415 -0.42397387839960049 -0.027026696074947763 -0.048657672458077533 0.28889222688350635 0.074191820844420206 0.28922772161264376 0.16822338808034432 0.01987064473452484 -0.33300782215553065
leaf_weight=8116 805 77 47 132 1578 1571 147 294 92 52 267 95 344 895 163 523 132 270 200 254 228 47
leaf_count=8116 805 77 47 132 1578 1571 147 294 92 52 267 95 344 895 163 523 132 270 200 254 228 47
internal_value=-0.00198721 -0.000106485 -0.000898197 -0.00322943 -0.00217347 0.000902592 0.000747388 0.00172388 0.00418581 0.00824497 0.000898906 0.00262944 -0.0011401 -0.000721565 0.000367614 -0.0013435 0.0017193 0.00286364 5.76915e-05 -0.000372624 0.00153058 0.00463131
internal_weight=16329 6503 3654 9826 1710 2849 2772 1201 291 144 910 389 3332 2527 909 1618 565 402 723 521 322 94
internal_count=16329 6503 3654 9826 1710 2849 2772 1201 291 144 910 389 3332 2527 909 1618 565 402 723 521 322 94
is_linear=0
shrinkage=0.035


Tree=56
num_leaves=23
num_cat=0
split_feature=9 9 9 25 16 21 11 27 1 20 20 0 20 20 12 20 20 9 12 9 20 20
split_gain=29.3579 4.31171 2.40539 1.4653 1.41265 1.54899 2.90105 1.81815 1.73653 1.93405 4.25667 1.46006 1.45367 1.43065 1.34928 1.34012 1.22796 1.2603 1.53353 1.03217 0.826509 1.4143
threshold=8.0222733457361439 17.107946537883073 5.1119291819291828 430.00000000000006 1.0000000180025095e-35 3.5000000000000004 6.5541665267004587 2.5000000000000004 26.94184716045481 7.5000000000000009 4.5000000000000009 32.106343334591671 23.500000000000004 3.5000000000000004 8.5961339243873933 1.5000000000000002 27.500000000000004 19.063492063492067 6.2641902025808056 20.036375661375665 9.5000000000000018 22.500000000000004
decision_type=2 2 2 2 2 2 2 2 2 2 2 2 2 2 2 2 2 2 2 2 2 2
left_child=2 14 -1 4 5 6 7 12 9 10 -7 -6 -3 -9 20 -4 17 -15 -19 -11 -2 -22
right_child=1 3 15 -5 11 8 -8 13 -10 19 -12 -13 -14 16 -16 -17 -18 18 -20 -21 21 -23
leaf_value=-1.0444034297345719 -0.010856979399086322 -0.1834651432830737 0.13211095356217412 -0.04231481633672135 0.82335986286878604 0.14230168182861394 -0.10773198079508642 -0.18830299762734679 -0.065060436841684 -0.30217704217943431 0.84442832117936295 0.10579533440996175 0.79538984725957473 0.40510929551750868 0.56655809387702027 -0.2821933610559505 -0.10600265424094432 1.5836885922414057 0.23967113175361815 0.48603662243877532 -0.28242332182813101 -0.021950897135579142
leaf_weight=7858 1100 151 192 669 57 77 539 79 175 95 53 49 66 173 53 2013 74 94 79 204 1506 961
leaf_count=7858 1100 151 192 669 57 77 539 79 175 95 53 49 66 173 53 2013 74 94 79 204 1506 961
internal_value=-0.00200325 -0.000116873 -0.00317322 0.000956233 0.00143909 0.00119421 0.000472221 0.00193689 0.00264942 0.00383871 0.00738889 0.00532883 -0.000662163 0.00309722 -0.000902759 -0.00212217 0.00391176 0.00477635 0.00692135 0.00214145 -0.000991602 -0.0013479
internal_weight=16317 6254 10063 2634 1965 1859 1255 716 604 429 130 106 217 499 3620 2205 420 346 173 299 3567 2467
internal_count=16317 6254 10063 2634 1965 1859 1255 716 604 429 130 106 217 499 3620 2205 420 346 173 299 3567 2467
is_linear=0
shrinkage=0.035


Tree=57
num_leaves=23
num_cat=0
split_feature=9 8 9 22 5 1 20 20 21 10 10 12 8 7 12 25 20 20 22 20 21 20
split_gain=31.0038 4.21379 2.25065 2.53045 1.95181 1.61602 1.2989 2.5359 0.951926 2.71089 1.5263 1.44947 1.51224 1.00569 0.828774 2.87098 1.09461 2.14572 2.12979 1.6643 2.22504 2.25443
threshold=7.7703153745869455 18.64658250556737 5.1119291819291828 17236.500000000004 23.023809523809529 21.011946453809166 11.500000000000002 21.500000000000004 2.5000000000000004 11.557310611531932 4.6496287614225347 7.6055187406032472 20.163690476190478 18.14707282550307 7.6055187406032472 200.00000000000003 11.500000000000002 23.500000000000004 19263.000000000004 3.5000000000000004 3.5000000000000004 8.5000000000000018
decision_type=2 2 2 2 2 2 2 2 2 2 2 2 2 2 2 2 2 2 2 2 2 2
left_child=2 14 -1 -4 8 6 -6 -8 -3 10 11 12 -10 -12 16 -16 19 18 -18 -2 -21 -22
right_child=1 4 3 -5 5 -7 7 -9 9 -11 13 -13 -14 -15 15 -17 17 -19 -20 20 21 -23
leaf_value=-1.0213993966218886 -0.31789884095772825 -0.029339307905056716 1.2653731372071655 -0.28336543137995313 0.65717218720963833 0.15600561973270924 -0.077060311423169464 1.0103003132651684 0.0084548025195370011 0.53091371804080767 0.37419719923625155 -0.079688206269049738 1.3281831989638406 -0.046456116726284323 1.1496143276370656 -0.064472476921410907 0.16992007163197867 -0.0012317069653357481 -0.36115223678758124 -0.017249369200274828 0.39238727415481062 -0.11557561234658623
leaf_weight=7899 466 704 45 1906 78 308 113 84 53 48 48 58 68 496 62 175 212 1061 1438 813 167 80
leaf_count=7899 466 704 45 1906 78 308 113 84 53 48 48 58 68 496 62 175 212 1061 1438 813 167 80
internal_value=-0.0019622 -8.94149e-05 -0.00320168 -0.0021043 0.00121643 0.00292857 0.004875 0.00308416 0.000520269 0.00137113 0.000778845 0.00353804 0.00566667 -0.00012113 -0.000694687 0.00127273 -0.000810232 -0.00123196 -0.00201964 -4.80087e-05 0.000706572 0.00358333
internal_weight=16382 6532 9850 1951 2058 583 275 197 1475 771 723 179 121 544 4474 237 4237 2711 1650 1526 1060 247
internal_count=16382 6532 9850 1951 2058 583 275 197 1475 771 723 179 121 544 4474 237 4237 2711 1650 1526 1060 247
is_linear=0
shrinkage=0.035


Tree=58
num_leaves=23
num_cat=0
split_feature=9 7 9 22 16 20 20 21 20 12 7 8 12 6 25 8 21 20 20 21 5 20
split_gain=30.233 3.24777 2.38383 1.45416 1.12005 1.05716 1.34816 2.47707 5.1396 1.78857 1.11081 1.43233 1.50078 0.932525 1.34953 0.929186 0.786414 0.958921 0.773572 0.746923 0.988236 0.719366
threshold=7.7703153745869455 17.463259122825747 4.5774101668029585 17236.500000000004 1.0000000180025095e-35 23.500000000000004 8.5000000000000018 3.5000000000000004 3.5000000000000004 7.699841913030089 24.357142857142858 21.14733922939617 7.699841913030089 13.66397320109518 106.50000000000001 20.016499355443397 2.5000000000000004 7.5000000000000009 3.5000000000000004 2.5000000000000004 18.955902356631452 11.500000000000002
decision_type=2 2 2 2 2 2 2 2 2 2 2 2 2 2 2 2 2 2 2 2 2 2
left_child=2 4 -1 -4 13 6 7 19 -9 -10 11 15 -13 14 -2 -7 17 -15 -18 20 -3 -16
right_child=1 5 3 -5 -6 10 -8 8 9 -11 -12 12 -14 16 21 -17 18 -19 -20 -21 -22 -23
leaf_value=-0.9927451264647863 0.4991789071876897 -0.0029980354143020814 1.1477462841136477 -0.26397112174485465 0.31646959016492965 0.31388958343610035 -0.014025513382598579 -0.027733756159765619 0.56474495878392306 0.62891063547954273 -0.2639011887122229 0.84818111437344768 0.18990089826660334 0.2687290963872232 -0.045568243935407912 -0.095272793337869963 -0.64378467496997804 -0.24754016637726944 0.18107096606036857 -0.33600649201449972 0.86097904823042914 -0.1715880729738527
leaf_weight=7705 63 251 51 1999 124 201 1132 162 61 69 67 71 64 50 1101 81 54 273 586 161 74 1886
leaf_count=7705 63 251 51 1999 124 201 1132 162 61 69 67 71 64 50 1101 81 54 273 586 161 74 1886
internal_value=-0.00196173 -0.000115668 -0.00319519 -0.00210341 -0.000711493 0.000906002 0.000520887 0.00164048 0.00415993 0.0092037 0.00236912 0.00305213 0.006 -0.000817074 -0.00111702 0.0015 0.000115702 -0.00125915 0.000841084 6.4154e-05 0.00106061 -0.00123062
internal_weight=16286 6531 9755 2050 4137 2394 1910 778 292 130 484 417 135 4013 3050 282 963 323 640 486 325 2987
internal_count=16286 6531 9755 2050 4137 2394 1910 778 292 130 484 417 135 4013 3050 282 963 323 640 486 325 2987
is_linear=0
shrinkage=0.035


Tree=59
num_leaves=23
num_cat=0
split_feature=9 9 9 16 20 21 1 11 1 9 2 20 21 21 20 12 20 21 20 21 23 24
split_gain=29.7087 4.23256 2.03336 1.88494 1.71324 1.37597 1.51602 2.35323 1.63501 1.29131 1.25044 1.16786 2.23672 2.90552 4.11955 2.17044 1.94295 2.04806 1.8309 2.48795 1.57635 1.7334
threshold=7.4997099672515128 20.036375661375665 4.5774101668029585 1.0000000180025095e-35 9.5000000000000018 3.5000000000000004 27.062749211546333 8.8860003052625043 18.955902356631452 5.8537154419604276 25.102403528914756 23.500000000000004 2.5000000000000004 3.5000000000000004 28.500000000000004 3.8369063831567458 10.500000000000002 1.5000000000000002 3.5000000000000004 3.5000000000000004 61700.000000000007 9795.0000000000018
decision_type=2 2 2 2 2 2 2 2 2 2 2 2 2 2 2 2 2 2 2 2 2 2
left_child=2 11 -1 5 9 -3 7 8 -7 -4 -10 16 -13 14 15 -14 17 -2 -19 -20 21 -21
right_child=1 3 4 -5 -6 6 -8 -9 10 -11 -12 12 13 -15 -16 -17 -18 18 19 20 -22 -23
leaf_value=-0.9579990470385189 -0.43387734258446986 0.014986109926557287 0.19143808260627143 0.63199874716418591 -0.28753051803923263 -0.10778780279140272 -0.057843528189292726 0.75678610587186179 0.59123385091683123 -0.25662177519149154 -0.13274332016236359 -0.14595687103830871 0.57885177163889523 -0.10942347292827349 -0.16711786115372232 0.2279885050513594 -0.23261514892658391 -0.14347309539952674 0.019493842105282058 0.23438723381740292 -0.024600631371362282 0.70672314411719683
leaf_weight=7767 403 919 263 69 1159 124 153 100 136 362 51 565 76 289 121 130 2203 503 612 175 77 50
leaf_count=7767 403 919 263 69 1159 124 153 100 136 362 51 565 76 289 121 130 2203 503 612 175 77 50
internal_value=-0.00197658 -0.000197235 -0.00323263 0.00140045 -0.00213052 0.00111021 0.00246661 0.00356731 0.00192721 -0.000611112 0.00397396 -0.000677962 0.000277402 0.00174155 0.00398494 0.00695024 -0.000962762 -0.00010548 0.000511954 0.00145103 0.00402443 0.00547826
internal_weight=16307 6756 9551 1552 1784 1483 564 411 311 625 187 5204 1181 616 327 206 4023 1820 1417 914 302 225
internal_count=16307 6756 9551 1552 1784 1483 564 411 311 625 187 5204 1181 616 327 206 4023 1820 1417 914 302 225
is_linear=0
shrinkage=0.035


Tree=60
num_leaves=23
num_cat=0
split_feature=9 8 25 9 23 9 25 16 0 23 20 20 20 4 21 21 20 20 12 24 4 9
split_gain=29.2665 2.59767 3.33808 2.13484 1.56164 1.47056 1.52666 1.97183 2.0617 1.25432 1.23949 1.07982 1.7251 1.78508 1.67248 2.97618 1.7707 1.48758 1.4258 1.01354 0.973961 1.72385
threshold=7.7021825396825401 15.752049219590733 106.50000000000001 4.5774101668029585 20400.000000000004 15.684722134426346 248.50000000000003 1.0000000180025095e-35 32.106343334591671 12800.000000000002 23.500000000000004 22.500000000000004 11.500000000000002 6.9904008156964954 2.5000000000000004 3.5000000000000004 29.500000000000004 3.5000000000000004 3.8369063831567458 9795.0000000000018 24.170466578992038 17.40089285714286
decision_type=2 2 2 2 2 2 2 2 2 2 2 2 2 2 2 2 2 2 2 2 2 2
left_child=3 2 -2 -1 -5 -3 7 9 -9 -7 -11 12 13 -4 -13 16 18 -15 -16 -20 21 -12
right_child=1 5 11 4 -6 6 -8 8 -10 10 20 14 -14 17 15 -17 -18 -19 19 -21 -22 -23
leaf_value=-0.92446908039217068 0.69071151737604564 0.47879499895893601 -0.23992539157464998 1.2504191126059145 -0.24517580551398277 0.56143328920406943 -0.040388407582667943 0.78287459763848166 0.013341893607763505 -0.041782599914308494 0.61947810911076295 -0.14903127519150952 -0.30390450756256415 -0.29841089625962902 0.44149501490157433 -0.14663141703460839 -0.15649747640827705 0.10618059911926138 -0.025741231311585469 0.51396719538344848 0.76685213700185761 -0.18794574385483895
leaf_weight=7769 47 115 505 49 1954 491 1024 47 45 1019 45 478 1233 261 87 278 53 531 48 52 88 145
leaf_count=7769 47 115 505 49 1954 491 1024 47 45 1019 45 478 1233 261 87 278 53 531 48 52 88 145
internal_value=-0.00199472 -0.000189405 -0.000829515 -0.00321003 -0.00215787 0.000562499 0.000398246 0.000993368 0.00588144 0.000716396 0.000129031 -0.000962476 -0.00134615 -0.000435485 0 0.00138528 0.00421428 0.000584064 0.00579687 0.0025 0.00218905 0.000628204
internal_weight=16364 6592 3573 9772 2003 3019 2904 1880 92 1788 1297 3526 2530 1297 996 518 240 792 187 100 278 190
internal_count=16364 6592 3573 9772 2003 3019 2904 1880 92 1788 1297 3526 2530 1297 996 518 240 792 187 100 278 190
is_linear=0
shrinkage=0.035


Tree=61
num_leaves=23
num_cat=0
split_feature=9 7 9 25 20 4 16 20 20 20 23 12 11 11 20 21 21 11 9 6 20 12
split_gain=29.7646 2.71918 1.87511 1.61342 1.5463 1.18604 1.16608 0.974834 1.93579 1.70153 1.4276 1.15371 1.24983 1.4328 1.07947 1.40492 3.05948 1.15197 0.806221 0.777522 0.799796 1.8733
threshold=7.5542108248118387 15.44637328615657 4.5774101668029585 233.00000000000003 9.5000000000000018 7.9927388748624617 1.0000000180025095e-35 10.500000000000002 21.500000000000004 3.5000000000000004 23700.000000000004 3.5745092521292743 5.2297368236327815 3.7390679452605036 27.500000000000004 3.5000000000000004 2.5000000000000004 4.9632960157665531 15.684722134426346 38.500000000000007 7.5000000000000009 7.6055187406032472
decision_type=2 2 2 2 2 2 2 2 2 2 2 2 2 2 2 2 2 2 2 2 2 2
left_child=2 5 -1 6 -4 -2 18 9 10 -7 -9 -11 13 -13 15 16 -10 -18 -3 20 21 -20
right_child=1 3 4 -5 -6 7 -8 8 14 11 -12 12 -14 -15 -16 -17 17 -19 19 -21 -22 -23
leaf_value=-0.89211266257844468 -0.18673207270825876 0.42644577254970134 -0.12717098238600147 -0.03260313336475764 -0.28163153546977371 -0.30255637361729859 0.4393806568513538 0.34261465233181337 -0.0076168410208690791 -0.016400218017755732 -0.32372813796881128 0.048896663520279673 -0.096790268053417061 0.33274432215999844 -0.158076022046232 -0.14919725991743124 0.47683257817047597 0.038493584550560317 -0.060106988738488035 0.8720835138595896 0.019686458006450389 0.56132018373567127
leaf_weight=7727 1261 103 651 1104 1235 200 100 70 292 128 798 93 69 140 265 221 121 46 250 60 1210 194
leaf_count=7727 1261 103 651 1104 1235 200 100 70 292 128 798 93 69 140 265 221 121 46 250 60 1210 194
internal_value=-0.00198161 -0.000192423 -0.00323071 0.000582947 -0.00220439 -0.00082947 0.00119823 -0.000368873 -0.000785479 0.000799212 -0.00197652 0.00205172 0.00322638 0.00444118 0.000294736 0.00104744 0.00215733 0.00586046 0.00097585 0.000775741 0.000613923 0.00187862
internal_weight=16338 6725 9613 3021 1886 3704 1917 2443 1813 630 868 430 302 233 945 680 459 167 1817 1714 1654 444
internal_count=16338 6725 9613 3021 1886 3704 1917 2443 1813 630 868 430 302 233 945 680 459 167 1817 1714 1654 444
is_linear=0
shrinkage=0.035


Tree=62
num_leaves=23
num_cat=0
split_feature=9 6 9 22 16 25 20 20 21 0 21 21 20 12 25 6 12 20 25 22 8 1
split_gain=27.3357 2.56891 2.47613 2.00089 1.8098 2.29527 1.18837 2.49113 7.77511 1.15111 1.01446 1.76394 1.70129 1.53818 1.24723 1.00841 1.32632 0.900084 1.20795 0.877041 0.853893 0.808928
threshold=7.7703153745869455 20.017857142857146 4.5774101668029585 17236.500000000004 1.0000000180025095e-35 200.00000000000003 8.5000000000000018 4.5000000000000009 3.5000000000000004 17.469540622712071 3.5000000000000004 2.5000000000000004 21.500000000000004 3.2017456766535917 807.00000000000011 15.945025446116915 4.2669690075239988 28.500000000000004 421.00000000000006 16785.000000000004 7.715018315018316 30.236721569975128
decision_type=2 2 2 2 2 2 2 2 2 2 2 2 2 2 2 2 2 2 2 2 2 2
left_child=2 4 -1 -4 6 -6 7 19 -9 10 11 -8 13 -13 17 16 -10 18 -14 -2 -12 -3
right_child=1 21 3 -5 5 -7 9 8 15 -11 20 12 14 -15 -16 -17 -18 -19 -20 -21 -22 -23
leaf_value=-0.860888719388199 0.36311279294270538 0.23171043641012179 1.1450027117692534 -0.23689761424862515 0.6701492334591016 -0.040699081695298719 -0.16729918061990628 -0.024557323916583947 0.23691718048293445 0.0054173601578296334 0.074361418862541162 0.21772852852775393 0.23705408111460466 -0.27815558748391966 -0.10146475643046483 0.37180003344514395 0.86733159017376693 -0.0023965629144218309 0.51227215723161834 -0.19326459670777205 -0.35660843686995986 -0.12940117103182933
leaf_weight=7737 142 935 54 1998 67 133 1449 525 57 942 51 56 113 293 63 49 60 52 48 700 667 130
leaf_count=7737 142 935 54 1998 67 133 1449 525 57 942 51 56 113 293 63 49 60 52 48 700 667 130
internal_value=-0.00201219 -0.000255393 -0.00318195 -0.00207073 -0.000564146 0.00264634 -0.000691769 0.000118335 0.0016796 -0.00102875 -0.00138524 -0.000974748 0.000555555 -0.00102825 0.0026032 0.00816667 0.00998361 0.00388532 0.00514458 -0.00114463 -0.00253181 0.00130841
internal_weight=16321 6532 9789 2052 5467 200 5267 1533 691 3734 2792 2074 625 349 276 166 117 213 161 842 718 1065
internal_count=16321 6532 9789 2052 5467 200 5267 1533 691 3734 2792 2074 625 349 276 166 117 213 161 842 718 1065
is_linear=0
shrinkage=0.035


Tree=63
num_leaves=23
num_cat=0
split_feature=9 4 9 23 25 16 6 11 17 20 6 12 20 20 20 10 1 12 12 1 12 0
split_gain=28.1382 2.95118 2.80571 1.36274 1.21413 1.54834 1.32063 0.768326 0.748159 1.07604 1.14716 0.950795 1.25351 1.1279 0.833117 0.732558 0.709751 0.640721 0.847577 1.36475 1.09098 1.22484
threshold=7.7703153745869455 16.940434238785283 4.5774101668029585 26000.000000000004 210.50000000000003 1.0000000180025095e-35 36.500000000000007 2.4933077588217967 1.0000000180025095e-35 10.500000000000002 5.378571428571429 7.4762343795530004 22.500000000000004 24.500000000000004 3.5000000000000004 11.557310611531932 11.00884074265187 9.3031749962842998 7.9131780114970178 24.170466578992038 6.6411069053247589 25.102403528914756
decision_type=2 2 2 2 2 2 2 2 2 2 2 2 2 2 2 2 2 2 2 2 2 2
left_child=2 8 -1 -4 5 6 15 -5 -2 10 -10 12 -11 -14 -12 17 -16 18 20 -20 21 -3
right_child=1 4 3 7 -6 -7 -8 -9 9 11 14 -13 13 -15 16 -17 -18 -19 19 -21 -22 -23
leaf_value=-0.83075761420961203 -0.087829869232393221 0.072644120132527676 1.0134723500971383 -0.17624994678329792 -0.0027100935126076402 0.78867696656466668 1.1939006073965639 -0.28207030707282116 -0.27505511052339704 -0.3260066668260172 -0.041374421915169157 0.44907238978665076 0.32022799110716643 -0.07245686865734538 0.27890612975225776 0.43671986799206136 0.18587417293997746 -0.090481867303849578 0.86333874798648991 -0.17272291953929708 -0.1284010397559526 1.1761603470910109
leaf_weight=7726 3282 343 70 749 1078 49 50 1241 130 355 78 64 59 189 94 88 63 143 112 59 199 73
leaf_count=7726 3282 343 70 749 1078 49 50 1241 130 355 78 64 59 189 94 88 63 143 112 59 199 73
internal_value=-0.00198181 -0.000195072 -0.00316755 -0.00199153 0.000845156 0.00165165 0.00133209 -0.00216667 -0.000728526 7.76269e-05 0.00160811 -0.000739584 -0.00119737 0.000650197 0.0030625 0.00102055 0.00449383 0.000697001 0.00110177 0.00326136 0.000451612 0.00148812
internal_weight=16294 6508 9786 2060 2194 1116 1067 1990 4314 1032 365 667 603 248 235 1017 157 929 786 171 615 416
internal_count=16294 6508 9786 2060 2194 1116 1067 1990 4314 1032 365 667 603 248 235 1017 157 929 786 171 615 416
is_linear=0
shrinkage=0.035


Tree=64
num_leaves=23
num_cat=0
split_feature=9 9 7 20 25 9 22 22 22 11 16 10 9 4 20 20 3 9 12 4 10 10
split_gain=26.4701 2.96838 2.77392 1.42145 1.31914 0.998478 1.18725 1.11108 0.952294 1.50851 0.927858 0.924005 0.86526 0.865252 0.827617 1.08433 1.17403 1.08961 0.867293 0.925987 1.02728 1.00034
threshold=7.7703153745869455 4.5774101668029585 15.44637328615657 7.5000000000000009 233.00000000000003 5.8537154419604276 52360.000000000007 33201.500000000007 10086.000000000002 4.6106660861790632 1.0000000180025095e-35 4.0178174601214964 23.014010363054499 25.102403528914756 21.500000000000004 12.500000000000002 23.937493722930562 23.327380952380956 4.9975351040341955 28.125319265124826 5.7029634483919995 7.1279421404046248
decision_type=2 2 2 2 2 2 2 2 2 2 2 2 2 2 2 2 2 2 2 2 2 2
left_child=1 -1 10 5 8 7 -7 -3 9 -4 -2 -12 -11 -14 15 16 -10 -18 -16 20 -20 -22
right_child=2 3 4 -5 -6 6 -8 -9 14 12 11 -13 13 -15 18 -17 17 -19 19 -21 21 -23
leaf_value=-0.80168109771227558 -0.092038237614575066 0.37336473529629888 1.4831529955364879 -0.24123182392055897 -0.040395291934697555 -0.32680988844439557 0.21448305772194956 -0.54093910799269607 0.022268203641817075 -0.11410824447617471 0.56463163203499245 -0.11880678290468194 0.6925436427206072 -0.014724732039539289 0.37889987367355116 -0.12802201160417001 0.3654491262158468 0.35514659631110612 -0.16248976071439017 0.39424267630809368 1.2542004425101057 -0.094719543392995084
leaf_weight=7771 3339 149 91 1506 1134 271 69 90 445 162 50 57 165 107 45 418 106 48 159 73 60 61
leaf_count=7771 3339 149 91 1506 1134 271 69 90 445 162 50 57 165 107 45 418 106 48 159 73 60 61
internal_value=-0.00201505 -0.00315926 -0.00028161 -0.00195933 0.000478564 -0.000443494 -0.00167391 0.00123361 0.0010347 0.00231132 -0.000964504 0.002125 0.00136332 0.00256498 0.000542253 0 0.00096192 0.00354402 0.00188461 0.00119274 0.00018421 0.00261111
internal_weight=16376 9856 6520 2085 3074 579 340 239 1940 525 3446 107 434 272 1415 1017 599 154 398 353 280 121
internal_count=16376 9856 6520 2085 3074 579 340 239 1940 525 3446 107 434 272 1415 1017 599 154 398 353 280 121
is_linear=0
shrinkage=0.035


Tree=65
num_leaves=23
num_cat=0
split_feature=9 9 9 22 16 0 20 20 20 21 12 22 1 21 21 25 25 10 22 10 20 8
split_gain=27.9602 2.68553 1.98467 1.62403 1.4174 1.64296 0.931401 1.32839 1.35059 1.96686 1.24249 1.58632 1.23206 1.09471 3.94302 1.1327 1.09122 2.63694 1.01701 0.930016 0.863253 0.809547
threshold=7.5542108248118387 4.8693181818181825 17.107946537883073 17236.500000000004 1.0000000180025095e-35 25.102403528914756 21.500000000000004 12.500000000000002 3.5000000000000004 2.5000000000000004 7.2069740981565173 19263.000000000004 5.9978252760003432 2.5000000000000004 3.5000000000000004 807.00000000000011 807.00000000000011 4.5721725585067228 32208.500000000004 5.0254766528386581 9.5000000000000018 7.7870228156727048
decision_type=2 2 2 2 2 2 2 2 2 2 2 2 2 2 2 2 2 2 2 2 2 2
left_child=1 -1 6 -3 -4 -6 7 8 -2 -10 11 19 -11 -8 15 18 -14 -18 -15 -9 -5 -16
right_child=2 3 4 20 5 -7 13 10 9 12 -12 -13 16 14 21 -17 17 -19 -20 -21 -22 -23
leaf_value=-0.77362225929234596 -0.28056832421507133 1.0664911147127289 0.039922198860267856 -0.16359225221553422 0.45168021325723828 0.070172440581348999 -0.06068225972972642 0.26574566543443739 -0.10019893734091453 0.18032337915744778 0.4622056894088063 -0.36744399496234209 0.021746906334363495 0.098344810020903908 0.3120516630277706 0.0058346319274783127 -0.14185724056362101 1.0920519858375375 0.37283984052381186 -0.28725031059909084 -0.23318914397997745 -0.25736766318203758
leaf_weight=7830 453 53 2491 595 45 79 600 54 639 50 56 1026 437 84 54 76 63 47 147 47 1171 236
leaf_count=7830 453 53 2491 595 45 79 600 54 639 50 56 1026 437 84 54 76 63 47 147 47 1171 236
internal_value=-0.00198329 -0.00318821 -0.000240171 -0.00194572 0.000507633 0.0040969 -0.000725087 -0.00106691 -0.000421488 0.000166397 -0.00196801 -0.00223233 0.00161628 8.153e-05 0.00115116 0.00390385 0.00106522 0.00410869 0.00510169 0.00178302 -0.00213636 -0.00172034
internal_weight=16333 9649 6684 1819 2615 124 4069 2872 1689 1236 1183 1127 597 1197 597 307 547 110 231 101 1766 290
internal_count=16333 9649 6684 1819 2615 124 4069 2872 1689 1236 1183 1127 597 1197 597 307 547 110 231 101 1766 290
is_linear=0
shrinkage=0.035


Tree=66
num_leaves=23
num_cat=0
split_feature=9 9 16 7 0 4 22 7 5 20 12 20 3 3 21 20 7 8 12 4 21 6
split_gain=27.3596 2.52091 2.39101 1.87883 1.0973 1.18167 1.06955 0.96239 0.786296 0.67035 1.23802 0.954297 3.42807 1.03734 1.6982 1.23809 0.783496 1.72782 2.3479 0.717736 0.620889 1.28949
threshold=7.7703153745869455 4.5774101668029585 1.0000000180025095e-35 14.148371700231094 20.946428571428573 11.639710665214015 17236.500000000004 32.642857142857146 14.785017823573302 22.500000000000004 4.7751561600650705 7.5000000000000009 33.500000000000007 19.908514249778566 3.5000000000000004 3.5000000000000004 24.357142857142858 21.57046063465495 8.7641404509052006 11.852133989485408 2.5000000000000004 12.996151141142256
decision_type=2 2 2 2 2 2 2 2 2 2 2 2 2 2 2 2 2 2 2 2 2 2
left_child=1 -1 3 -2 5 -4 -3 9 -6 11 -11 12 13 20 -15 -16 17 19 -19 -12 21 -5
right_child=2 6 4 7 8 -7 -8 -9 -10 10 16 -13 -14 14 15 -17 -18 18 -20 -21 -22 -23
leaf_value=-0.74654548021711387 -0.085380990257487549 0.84951584215768028 0.31208050712599095 -0.1431692962651738 -0.30023292848932154 0.44475283272848332 -0.20274424220236184 0.74509512871458938 0.32713592552630927 0.36212209766819753 0.4774208634449052 -0.076624373800216194 0.60710753721373145 -0.081790073892882287 0.033053049533832674 0.59357491155226572 -0.40440406913981991 0.84382375960652434 -0.17124602276113193 -0.041418675161256614 -0.15667264102198808 0.84991683931477546
leaf_weight=7767 2943 53 70 225 53 45 2002 62 76 88 69 1599 46 171 59 60 66 86 48 463 251 52
leaf_count=7767 2943 53 70 225 53 45 2002 62 76 88 69 1599 46 171 59 60 66 86 48 463 251 52
internal_value=-0.00200877 -0.00317589 -0.000250039 -0.000385429 0.00310642 0.00554167 -0.00205583 0.000177611 0.000679104 8.72863e-05 0.000954545 -0.000195706 0.000728998 0.00015735 0.00183898 0.00496774 0.000441655 0.000829358 0.00430575 -4.56247e-05 -0.000742027 0.000347517
internal_weight=16354 9822 6532 6288 244 115 2055 3345 129 3283 820 2463 864 818 290 119 732 666 134 532 528 277
internal_count=16354 9822 6532 6288 244 115 2055 3345 129 3283 820 2463 864 818 290 119 732 666 134 532 528 277
is_linear=0
shrinkage=0.035


Tree=67
num_leaves=23
num_cat=0
split_feature=9 8 25 20 20 17 21 21 21 9 20 10 23 12 4 9 23 25 22 3 20 9
split_gain=27.708 4.47289 3.79478 1.50264 2.85567 1.87508 1.47484 2.73766 1.45255 1.43616 1.65489 1.03497 1.35724 1.92268 0.929047 1.18659 0.908171 0.836605 1.2512 2.1522 1.46946 1.35477
threshold=4.8693181818181825 15.752049219590733 106.50000000000001 10.500000000000002 21.500000000000004 1.0000000180025095e-35 2.5000000000000004 3.5000000000000004 3.5000000000000004 6.8489486472039536 29.500000000000004 4.0777862680999357 61700.000000000007 3.425993838083095 9.9933189851049971 5.8537154419604276 62950.000000000007 248.50000000000003 10086.000000000002 12.981742114742621 23.500000000000004 17.6476749106425
decision_type=2 2 2 2 2 2 2 2 2 2 2 2 2 2 2 2 2 2 2 2 2 2
left_child=-1 2 -2 5 -5 14 -6 9 -7 -8 11 12 13 -11 15 -4 -9 18 19 -3 -20 -22
right_child=1 17 3 4 6 8 7 16 -10 10 -12 -13 -14 -15 -16 -17 -18 -19 20 -21 21 -23
leaf_value=-0.72041638840951483 0.73274922539834875 1.0807833197490968 0.093050126602690866 -0.31079463811921482 -0.15373326913007382 0.053517916536658029 -0.10930272993218265 -0.22639670433345929 0.20969347485742795 0.30190673647148919 -0.20724758940770424 -0.0119671957755776 0.49482296720360125 -0.017039262870205216 0.021101423535945123 -0.1868091155822249 0.36060116877522475 -0.017047941411331698 -0.015727435826940285 0.45365646176239782 0.54687048249668013 0.31051987609898529
leaf_weight=7835 45 51 220 1886 840 380 76 313 79 98 78 50 46 83 313 916 79 1110 1084 463 66 229
leaf_count=7835 45 51 220 1886 840 380 76 313 79 98 78 50 46 83 313 916 79 1110 1084 463 66 229
internal_value=-0.00195396 -0.000567568 -0.00116116 -0.00125082 -0.00167811 -0.00044459 -0.000604317 0.000431159 0.00147845 0.00236009 0.00330555 0.00456738 0.00555172 0.00383871 -0.00106878 -0.00153681 -0.00164862 0.000514294 0.000962591 0.00243449 0.000394508 0.00256667
internal_weight=16340 8505 5502 5457 3549 1908 1663 823 459 431 355 277 227 181 1449 1136 392 3003 1893 514 1379 295
internal_count=16340 8505 5502 5457 3549 1908 1663 823 459 431 355 277 227 181 1449 1136 392 3003 1893 514 1379 295
is_linear=0
shrinkage=0.035


Tree=68
num_leaves=23
num_cat=0
split_feature=9 9 11 20 20 23 21 21 9 20 3 10 9 11 10 23 20 3 21 11 9 20
split_gain=25.0778 3.91306 1.47003 1.79743 2.61169 0.983252 0.925763 2.42475 1.43701 1.0645 0.847426 1.50877 1.32435 1.19988 0.967126 1.2743 0.803514 1.56945 1.74132 1.26382 1.04104 0.769216
threshold=4.5774101668029585 15.030725974600367 7.8761472362098184 10.500000000000002 21.500000000000004 23700.000000000004 2.5000000000000004 3.5000000000000004 7.2158385093167707 29.500000000000004 8.9846950015344529 5.0254766528386581 5.8537154419604276 4.700362389583014 2.2146697055682818 33050.000000000007 7.5000000000000009 22.797540755617458 3.5000000000000004 5.5714254610349796 19.460948604891435 3.5000000000000004
decision_type=2 2 2 2 2 2 2 2 2 2 2 2 2 2 2 2 2 2 2 2 2 2
left_child=-1 2 3 10 5 -5 -6 8 -8 -10 12 21 14 -13 -2 -16 17 -3 -19 -18 -21 -12
right_child=1 16 -4 4 6 -7 7 -9 9 -11 11 13 -14 -15 15 -17 19 18 -20 20 -22 -23
leaf_value=-0.69520181481518173 -0.20228740827305589 0.037197474990179738 0.44864072698475849 0.22040534046137475 -0.12754364606443719 -0.32983506234154725 -0.081563573823112218 -0.18827674076336512 0.26124276414382647 -0.14315401328042512 -0.26141075955365495 0.30884909686549522 -0.20233996579578953 0.049942767643864648 0.68503259935322869 -0.03930338158501636 0.17183686175646432 0.2232754098418866 0.47136538492411467 -0.19929478292442826 0.0032583309224494383 0.053131885449887874
leaf_weight=7778 53 611 62 59 802 1762 118 350 233 65 184 47 789 96 93 113 820 111 107 552 982 458
leaf_count=7778 53 611 62 59 802 1762 118 350 233 65 184 47 789 96 93 113 820 111 107 552 982 458
internal_value=-0.00202031 -0.000699009 -0.00128314 -0.00135058 -0.00182941 -0.0027333 -0.000763192 8.62508e-05 0.0019038 0.00319967 -0.000453211 0.000398733 -0.00110684 0.00359459 0.00100757 0.00213981 0.000265683 0.00120024 0.00371973 -5.78643e-05 -0.000657246 -0.000308347
internal_weight=16245 8467 5284 5222 3389 1821 1568 766 416 298 1833 785 1048 143 259 206 3183 829 218 2354 1534 642
internal_count=16245 8467 5284 5222 3389 1821 1568 766 416 298 1833 785 1048 143 259 206 3183 829 218 2354 1534 642
is_linear=0
shrinkage=0.035


Tree=69
num_leaves=23
num_cat=0
split_feature=9 9 20 20 11 21 21 20 4 20 9 4 9 23 23 23 11 20 3 25 25 9
split_gain=28.4099 4.93588 1.36912 2.43765 2.88093 1.9214 1.9898 1.5425 1.22048 1.34308 1.31297 1.27223 1.17512 1.03933 1.01791 0.927652 0.84874 1.85129 2.25249 1.17563 1.15061 2.03613
threshold=4.5774101668029585 15.030725974600367 10.500000000000002 23.500000000000004 6.3615327382045797 2.5000000000000004 3.5000000000000004 28.500000000000004 8.1342290082565736 3.5000000000000004 5.8537154419604276 11.639710665214015 6.9352287026222621 23700.000000000004 39000.000000000007 62950.000000000007 5.5714254610349796 7.5000000000000009 34.129284693525193 248.50000000000003 142.00000000000003 17.784902708968087
decision_type=2 2 2 2 2 2 2 2 2 2 2 2 2 2 2 2 2 2 2 2 2 2
left_child=-1 2 8 4 13 -5 7 12 10 -10 14 -11 -7 -4 -2 -8 19 18 -18 20 -3 -22
right_child=1 16 3 5 -6 6 15 -9 9 11 -12 -13 -14 -15 -16 -17 17 -19 -20 -21 21 -23
leaf_value=-0.67086975129665027 0.28049093081550269 -0.05553203937769053 0.19406904579632125 -0.11405888448877119 0.33801452040976243 -0.0096701269291591223 -0.20886135183901341 -0.049146554704489413 -0.24318262728031886 0.067848843480642615 -0.16306015304258106 0.016005704304586831 0.34760981854158851 -0.28950443242054008 -0.32529131516648441 0.40332790028974119 0.14785487405987849 -0.050632129456976274 0.66182955549281741 -0.010215176683395217 0.49774883073733572 0.48396063033557324
leaf_weight=7734 160 169 64 639 79 46 207 130 217 188 1033 202 171 2082 110 61 400 1552 49 498 156 401
leaf_count=7734 160 169 64 639 79 46 207 130 217 188 1033 202 171 2082 110 61 400 1552 49 498 156 401
internal_value=-0.00193332 -0.000547802 -0.00119652 -0.00161137 -0.00230718 -0.000358619 0.00101613 0.0027642 -0.000429505 0.000846404 -0.00103823 0.00208228 0.00454054 -0.00255625 0.00108182 -0.00119231 0.000530959 7.67689e-05 0.00205066 0.0012559 0.00214979 0.00291459
internal_weight=16348 8614 5389 3479 2225 1254 615 347 1910 607 1303 390 217 2146 270 268 3225 2001 449 1224 726 557
internal_count=16348 8614 5389 3479 2225 1254 615 347 1910 607 1303 390 217 2146 270 268 3225 2001 449 1224 726 557
is_linear=0
shrinkage=0.035


Tree=70
num_leaves=23
num_cat=0
split_feature=9 9 22 20 20 12 23 22 12 11 11 25 9 20 9 12 5 12 12 27 12 12
split_gain=27.5636 4.44254 1.86378 1.55378 2.46205 2.22354 1.67627 2.58306 1.40454 2.16462 1.8109 1.07867 1.65797 1.35462 1.08761 1.12061 1.01419 1.27873 0.932204 1.10361 0.910371 0.875234
threshold=4.8693181818181825 17.107946537883073 17236.500000000004 10.500000000000002 21.500000000000004 7.1353588293936427 42000.000000000007 39092.000000000007 4.6001439765542953 3.5887260104967953 4.5167575650126297 430.00000000000006 17.40089285714286 7.5000000000000009 23.327380952380956 8.9150938612897637 5.9680479807034317 3.6296836190780013 3.8095717266933433 2.5000000000000004 4.7751561600650705 4.9498698743743743
decision_type=2 2 2 2 2 2 2 2 2 2 2 2 2 2 2 2 2 2 2 2 2 2
left_child=-1 2 18 6 5 -5 -4 -8 9 -9 16 12 -3 14 -14 -16 -11 -18 19 -2 -15 -20
right_child=1 11 3 4 -6 -7 7 8 -10 10 -12 -13 13 20 15 -17 17 -19 21 -21 -22 -23
leaf_value=-0.64738931000126754 0.81994640180234357 0.43767073945291263 -0.14582768973212556 -0.33314615736956438 -0.049912329493855205 0.49542638443405201 0.57661017409053217 -0.11705167909596957 -0.28138741821714414 0.0064288902755440065 -0.13269821973014409 -0.059564175867884213 0.2316188232367003 1.149915008672445 0.84759083129842705 0.28776425620868989 0.016916049807316737 0.57738696862126826 -0.10220543726748806 -0.058406334131482288 0.0066478280183633236 0.13926632856724971
leaf_weight=7838 45 71 966 1861 1595 65 85 386 231 50 48 671 313 63 93 72 47 91 145 47 1316 223
leaf_count=7838 45 71 966 1861 1595 65 85 386 231 50 48 671 313 63 93 72 47 91 145 47 1316 223
internal_value=-0.00194583 -0.000560314 -0.00109338 -0.00127624 -0.00171327 -0.00255748 -0.000456523 0.000582714 0 0.000854066 0.00347095 0.000639784 0.00106285 0.000842104 0.00244203 0.00473529 0.00502332 0.00653496 0.00101613 0.00407732 0.000268063 0.000159517
internal_weight=16322 8484 5885 5425 3521 1926 1904 938 853 622 236 2599 1928 1857 478 165 188 138 460 92 1379 368
internal_count=16322 8484 5885 5425 3521 1926 1904 938 853 622 236 2599 1928 1857 478 165 188 138 460 92 1379 368
is_linear=0
shrinkage=0.035


Tree=71
num_leaves=23
num_cat=0
split_feature=9 9 11 20 20 25 20 20 5 25 11 25 9 9 2 2 20 20 8 4 20 17
split_gain=26.6253 4.03516 1.28845 1.32914 2.70891 1.03715 1.23536 1.25279 2.26937 1.20854 1.03305 1.07093 1.43979 1.78073 0.939265 1.14943 1.11297 0.921621 0.882326 1.47886 1.04429 1.3684
threshold=4.5774101668029585 15.030725974600367 8.0075191903152891 9.5000000000000018 21.500000000000004 248.50000000000003 7.5000000000000009 3.5000000000000004 18.955902356631452 191.00000000000003 5.5714254610349796 191.00000000000003 17.107946537883073 21.357905112267982 25.102403528914756 27.062749211546333 20.500000000000004 27.500000000000004 5.7858390853854962 8.1342290082565736 3.5000000000000004 1.0000000180025095e-35
decision_type=2 2 2 2 2 2 2 2 2 2 2 2 2 2 2 2 2 2 2 2 2 2
left_child=-1 2 3 18 -5 6 7 -3 9 -9 11 -8 -13 -14 16 -16 -12 -6 -2 -20 -21 -22
right_child=1 5 -4 4 17 -7 10 8 -10 -11 14 12 13 -15 15 -17 -18 -19 19 20 21 -23
leaf_value=-0.62473068415122324 0.19030165504463534 0.1072599234913485 0.38839378670236008 -0.2799976138757248 0.0052549836247880498 -0.039515371262819558 -0.0094909142816058684 -0.10282285493261434 0.8020127647574502 0.4938228871258048 -0.1576868122362482 -0.2072996759639433 0.84638546011514204 -0.059848692061862607 0.60327948971605394 0.027336446246349587 0.1203430749228316 -0.14661951281520855 -0.15996984057639965 -0.2572662558677159 0.0058272200478045591 0.25980222391175833
leaf_weight=7732 241 245 58 2011 999 1203 227 82 93 97 427 59 139 59 51 232 281 565 961 203 218 87
leaf_count=7732 241 245 58 2011 999 1203 227 82 93 97 427 59 139 59 51 232 281 565 961 203 218 87
internal_value=-0.00195807 -0.000607574 -0.00119634 -0.00125709 -0.00164246 0.000371874 0.000864045 0.00233333 0.00395487 0.00144565 0.00033108 0.00165337 0.00317939 0.00460345 -0.00030221 0.00136111 -0.000996495 -0.000533143 -0.000438776 -0.000769336 0.000730019 0.00203226
internal_weight=16270 8538 5343 5285 3575 3195 1992 517 272 179 1475 484 257 198 991 283 708 1564 1710 1469 508 305
internal_count=16270 8538 5343 5285 3575 3195 1992 517 272 179 1475 484 257 198 991 283 708 1564 1710 1469 508 305
is_linear=0
shrinkage=0.035


Tree=72
num_leaves=23
num_cat=0
split_feature=8 4 20 20 20 21 20 12 21 11 25 20 20 0 3 22 12 21 25 8 21 6
split_gain=26.63 3.10762 1.98677 1.73962 1.6263 2.66671 2.15533 1.55038 1.49863 1.41109 1.77294 1.20501 1.37183 1.2891 1.44761 1.18562 1.17689 1.48161 1.1572 2.84107 0.972622 1.36721
threshold=4.6125000000000007 12.035714285714286 10.500000000000002 23.500000000000004 3.5000000000000004 3.5000000000000004 8.5000000000000018 6.3644806140522467 2.5000000000000004 5.4617587062515272 200.00000000000003 9.5000000000000018 22.500000000000004 7.0056524229269748 13.938804010899039 22034.500000000004 3.8095717266933433 2.5000000000000004 455.50000000000006 15.572789115646261 2.5000000000000004 6.9747745027976142
decision_type=2 2 2 2 2 2 2 2 2 2 2 2 2 2 2 2 2 2 2 2 2 2
left_child=-1 7 4 -4 8 9 -7 11 -3 10 -6 13 -13 14 15 -2 17 -5 19 -9 -14 -22
right_child=1 2 3 16 5 6 -8 18 -10 -11 -12 12 20 -15 -16 -17 -18 -19 -20 -21 21 -23
leaf_value=-0.60286511020593037 0.32045530967444685 0.65891598750100078 -0.11852223427311333 -0.081439996746267632 1.0232733236788483 0.46754254943416018 0.007441617404779932 0.53404122325947789 -0.19753008702918859 -0.22781533752740613 -0.030015751134157245 -0.23967231274250403 -0.13794839406926684 -0.12787535339968223 0.19828301899363057 -0.043782473015203424 0.058957854298566786 0.23082977053616058 -0.35082088196713307 -0.024946879721490855 -0.11892758611862943 0.094942229756211013
leaf_weight=7756 80 77 1572 47 106 150 69 89 259 113 164 1817 589 997 56 591 848 61 85 279 127 380
leaf_count=7756 80 77 1572 47 106 150 69 89 259 113 164 1817 589 997 56 591 848 61 85 279 127 380
internal_value=-0.00194273 -0.000593214 0.000210745 -0.000294316 0.00158483 0.00266969 0.00571875 -0.00114377 -0.000318183 0.000829896 0.00222727 -0.00133606 -0.00177279 -0.000585021 0.000516393 2.07092e-05 0.000870447 0.00424336 0.000779475 0.00166086 -0.000766123 0.000328124
internal_weight=16312 8556 3466 2528 938 602 219 5090 336 383 270 4637 2913 1724 727 671 956 108 453 368 1096 507
internal_count=16312 8556 3466 2528 938 602 219 5090 336 383 270 4637 2913 1724 727 671 956 108 453 368 1096 507
is_linear=0
shrinkage=0.035


Tree=73
num_leaves=23
num_cat=0
split_feature=9 8 25 20 20 17 23 16 2 9 6 6 9 12 20 3 20 1 2 12 2 10
split_gain=26.9472 3.4779 3.85378 1.21497 2.19697 1.32054 0.849768 0.761958 0.912857 0.878519 0.782437 0.73198 0.778168 0.894288 0.723181 0.701259 1.10457 1.31006 0.693011 1.28203 0.638099 0.597086
threshold=4.3603896103896114 15.752049219590733 106.50000000000001 10.500000000000002 21.500000000000004 1.0000000180025095e-35 23700.000000000004 1.0000000180025095e-35 21.965076773329255 15.684722134426346 26.068648301856552 11.946428571428573 5.8537154419604276 3.5116709012505347 27.500000000000004 8.9846950015344529 3.5000000000000004 10.982153892092549 7.3463985739894344 4.0416553574957526 17.961864802538603 4.1487258440269041
decision_type=2 2 2 2 2 2 2 2 2 2 2 2 2 2 2 2 2 2 2 2 2 2
left_child=-1 2 -2 5 6 11 -5 9 -9 20 -11 12 -4 -14 -6 -7 -17 -18 19 -15 -3 -12
right_child=1 7 3 4 14 15 -8 8 -10 10 21 -13 13 18 -16 16 17 -19 -20 -21 -22 -23
leaf_value=-0.5817648313487227 0.60483689208742286 0.53193858631331559 0.025023197325842517 0.17335340789216294 -0.00804016170053754 -0.021843613365885629 -0.28011984695894415 0.038733335739782437 0.61813960743551766 -0.012299223620245501 0.53105037226842045 0.047716618373699164 -0.24940799492532328 0.13185137572163388 -0.16013168037503067 -0.19364381125803307 0.28748358040466165 -0.09778716662687878 -0.12150032842275521 -0.2131613024421575 0.0022654507120677971 0.14113146600070761
leaf_weight=7743 49 67 249 83 1106 216 1839 86 52 2456 75 224 525 54 608 86 123 59 368 75 49 258
leaf_count=7743 49 67 249 83 1106 216 1839 86 52 2456 75 224 525 54 608 86 123 59 368 75 49 258
internal_value=-0.00193027 -0.000591369 -0.00110452 -0.00119573 -0.00157745 -0.000483368 -0.00239206 0.000358267 0.00286364 0.000228522 9.52032e-05 -0.00100333 -0.00133307 -0.00176193 -0.000649506 0.00108078 0.00226923 0.00379946 -0.000641435 0.00146269 0.00315289 0.00167751
internal_weight=16450 8707 5664 5615 3636 1979 1922 3043 138 2905 2789 1495 1271 1022 1714 484 268 182 497 129 116 333
internal_count=16450 8707 5664 5615 3636 1979 1922 3043 138 2905 2789 1495 1271 1022 1714 484 268 182 497 129 116 333
is_linear=0
shrinkage=0.035


Tree=74
num_leaves=23
num_cat=0
split_feature=8 4 20 12 8 25 20 21 20 20 20 12 21 25 12 22 20 21 21 6 5 24
split_gain=27.0554 3.00749 1.66725 1.19218 1.13075 1.69722 1.00361 1.38772 2.47358 1.88169 1.38045 1.09876 1.08744 1.06936 1.07556 1.00338 0.989326 1.08745 1.1132 1.26157 0.963675 0.921234
threshold=4.2892358030168598 12.035714285714286 8.5000000000000018 6.3644806140522467 15.572789115646261 430.00000000000006 10.500000000000002 3.5000000000000004 3.5000000000000004 7.5000000000000009 23.500000000000004 3.8637165141595209 2.5000000000000004 233.00000000000003 6.4635219713292207 10086.000000000002 21.500000000000004 2.5000000000000004 3.5000000000000004 6.9747745027976142 20.60550089441811 9795.0000000000018
decision_type=2 2 2 2 2 2 2 2 2 2 2 2 2 2 2 2 2 2 2 2 2 2
left_child=-1 2 21 16 5 -5 7 13 -9 20 15 12 -12 14 -3 -8 -4 -18 19 -19 -10 -2
right_child=1 6 3 4 -6 -7 10 8 9 -11 11 -13 -14 -15 -16 -17 17 18 -20 -21 -22 -23
leaf_value=-0.56140306225151748 -0.076327724728358123 0.79617068723706708 -0.23640404713288543 0.50760510383555479 -0.13434466884991852 -0.097329386747777094 0.087406117291982249 -0.085728571191390643 0.33936951745674671 0.049595428956105352 0.0078041623180380437 0.068173094298531162 0.24881848513290661 -0.17352501879169993 -0.16881458727937229 -0.15747205176864709 -0.14650757224723285 -0.065000333635626892 -0.14524458521870734 0.12584314120187307 0.60083783849950634 0.071090125291264405
leaf_weight=7607 1215 201 1943 51 165 48 370 162 72 102 54 819 61 219 143 1184 634 113 238 228 46 601
leaf_count=7607 1215 201 1943 51 165 48 370 162 72 102 54 819 61 219 143 1184 634 113 238 228 46 601
internal_value=-0.00189414 -0.000554416 -0.00108252 -0.00153796 0.000663568 0.00356731 0.000246363 0.00121579 0.00283075 0.00521111 -0.000116527 0.000935569 0.00408333 7.39428e-05 0.00131375 -0.000761066 -0.00172841 -0.000913794 0.000155821 0.00145665 0.00816667 -0.000213345
internal_weight=16276 8669 5236 3420 264 99 3433 945 382 220 2488 934 115 563 344 1554 3156 1213 579 341 118 1816
internal_count=16276 8669 5236 3420 264 99 3433 945 382 220 2488 934 115 563 344 1554 3156 1213 579 341 118 1816
is_linear=0
shrinkage=0.035


Tree=75
num_leaves=23
num_cat=0
split_feature=9 9 20 20 12 22 17 21 22 21 21 9 20 20 25 9 21 11 27 9 12 3
split_gain=28.8494 2.97881 1.49295 2.22602 2.24738 1.3004 1.17433 1.0399 1.03132 0.939462 3.01432 1.53303 1.18998 0.991841 0.876285 1.10281 1.37657 1.35679 1.18816 1.33428 1.23106 1.23133
threshold=4.1810376178695234 17.107946537883073 10.500000000000002 21.500000000000004 7.699841913030089 19263.000000000004 1.0000000180025095e-35 3.5000000000000004 13885.000000000002 3.5000000000000004 2.5000000000000004 7.0717367670185665 29.500000000000004 23.500000000000004 430.00000000000006 17.6476749106425 3.5000000000000004 6.453310749635139 2.5000000000000004 22.00464972215067 6.2641902025808056 19.908514249778566
decision_type=2 2 2 2 2 2 2 2 2 2 2 2 2 2 2 2 2 2 2 2 2 2
left_child=-1 2 6 4 5 -4 8 -8 -2 10 -5 -12 13 -13 15 -3 17 18 19 -17 21 -20
right_child=1 14 3 9 -6 -7 7 -9 -10 -11 11 12 -14 -15 -16 16 -18 -19 20 -21 -22 -23
leaf_value=-0.54500351037748485 0.84759175220506688 0.53597674485583602 0.1529956535828951 -0.075552410489359054 0.49050341318045249 -0.27299169024639885 0.055622494494409536 0.27930327714869646 -0.063417383263041721 -0.16915601644230527 -0.05032341565000957 0.094491128277657765 -0.21632106814018623 0.32556996053946663 -0.065670159054651234 -0.25058324117170061 0.25765084761803242 -0.11894562316829416 0.37041048802430354 0.70878505368974065 -0.0035312721191779919 1.2458872769967964
leaf_weight=7690 65 131 137 897 49 1940 458 90 1568 384 121 73 73 219 662 127 619 604 133 87 180 106
leaf_count=7690 65 131 137 897 49 1940 458 90 1568 384 121 73 73 219 662 127 619 604 133 87 180 106
internal_value=-0.00183293 -0.000452338 -0.000880327 -0.00129118 -0.00205467 -0.00223919 -0.000137695 0.00124683 -0.000615385 -0.000359482 5.54747e-05 0.00227393 0.0034054 0.00439562 0.00052223 0.000892569 0.000656367 -5.6369e-06 0.00110815 -0.000942923 0.00219575 0.00381557
internal_weight=16413 8723 6074 3893 2126 2077 2181 548 1633 1767 1383 486 365 292 2649 1987 1856 1237 633 214 419 239
internal_count=16413 8723 6074 3893 2126 2077 2181 548 1633 1767 1383 486 365 292 2649 1987 1856 1237 633 214 419 239
is_linear=0
shrinkage=0.035


Tree=76
num_leaves=23
num_cat=0
split_feature=9 9 9 7 20 22 25 9 21 21 0 11 11 9 11 16 11 12 22 11 10 20
split_gain=27.5922 3.51154 1.2809 1.32275 1.2782 1.10439 1.07586 1.1067 1.36134 0.927731 1.70106 1.54749 1.43489 1.51505 1.69439 1.40422 1.33089 1.09631 0.949609 1.00868 0.854356 1.0396
threshold=4.1810376178695234 8.0222733457361439 17.107946537883073 6.7166477702191996 1.5000000000000002 17834.500000000004 430.00000000000006 17.6476749106425 2.5000000000000004 3.5000000000000004 27.062749211546333 6.2019708399239422 7.4105664942184228 19.831351334706785 8.8860003052625043 1.0000000180025095e-35 5.4617587062515272 8.7641404509052006 10086.000000000002 4.9632960157665531 2.8371280825101945 10.500000000000002
decision_type=2 2 2 2 2 2 2 2 2 2 2 2 2 2 2 2 2 2 2 2 2 2
left_child=-1 4 3 -3 5 -2 7 8 -4 15 11 -11 -13 -14 17 16 18 -15 -9 -20 -5 -22
right_child=1 2 6 20 -6 -7 -8 9 -10 10 -12 12 13 14 -16 -17 -18 -19 19 -21 21 -23
leaf_value=-0.52621695767105114 1.0129988813301749 0.32328330174403275 0.74181783575470495 0.010014126665413075 -0.15886347415778809 -0.073942326511785408 -0.081577742318883845 1.0560840286374431 0.078445503186020393 -0.10720127331439805 -0.11361986307764063 0.90324471218136171 -0.11454071134624415 0.27632257474905297 0.61474139704581066 0.52560806078476074 -0.11116949257674799 -0.25479820959702393 -0.11684494153039321 0.634890592249991 0.0010714482897346052 -0.1252836293833299
leaf_weight=7643 46 89 61 895 2234 164 666 135 75 127 154 71 60 72 89 66 733 45 182 76 909 1788
leaf_count=7643 46 89 61 895 2234 164 666 135 75 127 154 71 60 72 89 66 733 45 182 76 909 1788
internal_value=-0.00186375 -0.000517274 -7.66918e-05 -0.000499458 -0.0016421 0.000895348 0.000512227 0.00093106 0.00394681 0.000684572 0.0017809 0.00284328 0.0040731 0.00269926 0.00413033 9.64904e-05 -0.000188772 0.00109016 0.00142462 9.31551e-05 -0.000610093 -0.000922281
internal_weight=16380 8737 6293 3681 2444 210 2612 1946 136 1810 618 464 337 266 206 1192 1126 117 393 258 3592 2697
internal_count=16380 8737 6293 3681 2444 210 2612 1946 136 1810 618 464 337 266 206 1192 1126 117 393 258 3592 2697
is_linear=0
shrinkage=0.035


Tree=77
num_leaves=23
num_cat=0
split_feature=9 23 9 7 16 7 20 20 21 10 25 0 11 21 21 10 7 12 12 12 12 21
split_gain=26.4524 2.69702 1.51767 1.76282 1.36484 1.27418 1.20818 2.56016 2.44467 1.39387 1.22818 1.15907 1.09912 1.05703 1.78971 1.3362 1.56425 1.20307 1.64266 1.03752 2.06241 1.15027
threshold=4.1810376178695234 17650.000000000004 8.0222733457361439 6.7166477702191996 1.0000000180025095e-35 32.642857142857146 10.500000000000002 4.5000000000000009 1.5000000000000002 5.0254766528386581 455.50000000000006 7.1165179051553791 6.6813197685079597 3.5000000000000004 2.5000000000000004 5.77350269189626 17.01101398714674 7.0574484588945285 7.699841913030089 9.0672569537313361 7.9131780114970178 3.5000000000000004
decision_type=2 2 2 2 2 2 2 2 2 2 2 2 2 2 2 2 2 2 2 2 2 2
left_child=-1 4 -3 -4 5 19 7 -5 -9 11 12 -10 -11 14 -8 16 -16 -15 -19 20 -2 -22
right_child=1 2 3 6 -6 -7 13 8 9 10 -12 -13 -14 17 15 -17 -18 18 -20 -21 21 -23
leaf_value=-0.50426123869101569 0.0040502973053350893 -0.14436494490792862 0.31838353783404122 -0.16158001959276463 0.75380589170248846 0.72958268708106166 -0.13065197033952042 -0.24923603563521507 0.16598233489026615 0.59186253228596275 1.0216634797474924 0.046783889703951448 -0.041115673296679166 -0.36325221411847636 0.084146173340803598 -0.15883512397990779 0.60747190590124134 0.37515525229964392 -0.10119623508151387 -0.088759257382599321 0.11381427297700804 0.60256553270382984
leaf_weight=7619 985 2388 84 732 49 47 1423 244 81 79 55 383 74 592 524 168 55 64 174 283 110 130
leaf_count=7619 985 2388 84 732 49 47 1423 244 81 79 55 383 74 592 524 168 55 64 174 283 110 130
internal_value=-0.00188788 -0.000568966 -0.000862106 -0.000492823 0.000720012 0.000516025 -0.000588976 0.000163036 0.00140228 0.00249704 0.00488028 0.00135075 0.00292405 -0.00100749 -0.000587357 0.000781914 0.00159418 -0.00207485 0 0.000316919 0.000768292 0.00364286
internal_weight=16343 8724 7120 4732 1604 1555 4648 1648 916 672 208 464 153 3000 2170 747 579 830 238 1508 1225 240
internal_count=16343 8724 7120 4732 1604 1555 4648 1648 916 672 208 464 153 3000 2170 747 579 830 238 1508 1225 240
is_linear=0
shrinkage=0.035


Tree=78
num_leaves=23
num_cat=0
split_feature=9 7 20 20 3 9 20 20 10 24 9 8 22 21 22 11 25 21 21 25 25 9
split_gain=26.1614 2.4118 1.29243 1.71138 1.29033 1.37035 1.27389 1.26118 1.32144 1.25843 1.03183 1.21589 1.16483 0.932921 0.882332 0.830326 0.97912 0.810308 1.86107 1.15721 1.17898 0.808339
threshold=4.0017607586512876 15.44637328615657 8.5000000000000018 22.500000000000004 9.9933189851049971 5.8537154419604276 28.500000000000004 4.5000000000000009 4.3149794459588824 7066.5000000000009 7.9650178694448508 8.4900967863493886 43337.000000000007 2.5000000000000004 25082.000000000004 2.5109198121977871 499.50000000000006 2.5000000000000004 3.5000000000000004 421.00000000000006 600.00000000000011 7.0717367670185665
decision_type=2 2 2 2 2 2 2 2 2 2 2 2 2 2 2 2 2 2 2 2 2 2
left_child=-1 2 4 10 5 15 17 13 14 -10 -4 12 -12 -6 -9 16 -2 -5 19 21 -21 -19
right_child=1 -3 3 6 7 -7 -8 8 9 -11 11 -13 -14 -15 -16 -17 -18 18 -20 20 -22 -23
leaf_value=-0.51426415385147461 0.27476753472689541 0.023578046664011098 -0.25922367584118827 -0.037783709946549615 0.18665331619106165 -0.16744536362849236 -0.20877717210099475 0.1386677753837412 0.045718574594861956 0.3176231206568097 -0.14818415315492875 -0.18037310949826013 0.1621822768420752 -0.2781643650002289 -0.041472982831739898 -0.14241937383591069 -0.131579817366727 -0.10167693333400239 -0.079275692590922292 0.49728298081576983 0.048109292714629395 0.22912204465635075
leaf_weight=7634 147 3015 1061 578 83 803 397 52 49 59 66 1382 58 134 130 67 82 51 294 51 60 125
leaf_count=7634 147 3015 1061 578 83 803 397 52 49 59 66 1382 58 134 130 67 82 51 294 51 60 125
internal_value=-0.00189773 -0.000587668 -0.00100959 -0.00133794 -0.000154253 -0.000836957 -0.00040583 0.00128516 0.00278813 0.00579203 -0.00189425 -0.00127631 0.00192636 -0.000662163 0.000804812 0.00115116 0.00218376 0.000168384 0.00109898 0.00309246 0.00585345 0.00114088
internal_weight=16378 8744 5729 4123 1606 1099 1556 507 290 108 2567 1506 124 217 182 296 229 1159 581 287 111 176
internal_count=16378 8744 5729 4123 1606 1099 1556 507 290 108 2567 1506 124 217 182 296 229 1159 581 287 111 176
is_linear=0
shrinkage=0.035


Tree=79
num_leaves=23
num_cat=0
split_feature=9 4 20 20 21 20 21 25 20 25 9 24 22 8 24 11 11 11 25 27 5 7
split_gain=25.327 2.61221 1.89393 2.60165 2.41075 2.38997 1.553 2.14079 1.37201 1.06591 0.952538 1.39905 0.950202 1.55251 0.921769 0.836394 2.24646 0.818204 1.14632 1.55846 1.36877 0.80553
threshold=4.1810376178695234 9.8663245097765593 10.500000000000002 3.5000000000000004 3.5000000000000004 8.5000000000000018 2.5000000000000004 233.00000000000003 24.500000000000004 106.50000000000001 5.8537154419604276 10740.000000000002 10086.000000000002 17.813412316166538 11523.000000000002 5.1221345731620493 8.6995013737395332 6.5541665267004587 233.00000000000003 2.5000000000000004 19.556552062598733 16.431122448979597
decision_type=2 2 2 2 2 2 2 2 2 2 2 2 2 2 2 2 2 2 2 2 2 2
left_child=14 9 3 6 17 15 7 -3 12 -2 -11 21 13 -4 -1 -6 -17 18 19 -5 -21 -12
right_child=1 2 8 4 5 -7 -8 -9 -10 10 11 -13 -14 -15 -16 16 -18 -19 -20 20 -22 -23
leaf_value=-0.50557597899560747 0.33147631260763011 0.90356296437048633 0.79163680783804891 -0.13244323149067863 0.38327338683580214 -0.011611098499305209 -0.34103633512427428 -0.19869740357083582 0.066203244221520879 -0.0057107927003955967 -0.16236994251563497 -0.012516802897658909 -0.13666705831464226 -0.031124408385270693 -0.14718160493601773 0.13359466095303263 0.53671428163442403 -0.27441304222857221 -0.038099231939653866 0.26904981789732446 1.0278732429754471 -0.037542015633226206
leaf_weight=7284 82 59 45 63 53 83 352 53 1047 596 2459 701 1808 380 406 91 56 79 217 144 45 266
leaf_count=7284 82 59 45 63 53 83 352 53 1047 596 2459 701 1808 380 406 91 56 79 217 144 45 266
internal_value=-0.00190112 -0.000602143 -2.29266e-05 0.00110385 0.00227751 0.00488542 -0.000962687 0.00248291 -0.000474126 -0.00124276 -0.00132717 -0.00155159 -0.000966489 0.000488371 -0.00336355 0.00691463 0.00501974 0.000867088 0.00144726 0.00303696 0.00461856 -0.00191026
internal_weight=16369 8679 4575 1295 831 283 464 112 3280 4104 4022 3426 2233 425 7690 200 147 548 469 252 189 2725
internal_count=16369 8679 4575 1295 831 283 464 112 3280 4104 4022 3426 2233 425 7690 200 147 548 469 252 189 2725
is_linear=0
shrinkage=0.035


Tree=80
num_leaves=23
num_cat=0
split_feature=9 9 20 12 20 22 6 17 21 24 21 7 9 12 7 24 7 20 10 22 25 12
split_gain=25.6049 2.58698 1.37567 1.66314 1.43245 1.98003 1.50771 1.08676 1.5533 0.882572 0.872717 1.18134 1.49124 0.896832 1.10158 0.974939 1.14315 1.13899 1.53674 0.968701 0.855654 1.00965
threshold=4.0017607586512876 17.107946537883073 9.5000000000000018 7.699841913030089 18.500000000000004 19263.000000000004 7.9732713418271493 1.0000000180025095e-35 3.5000000000000004 11523.000000000002 3.5000000000000004 4.4296786353264741 7.4997099672515128 4.1155807028384741 11.718282033618715 9349.5000000000018 11.144966344609683 27.500000000000004 3.5923198500080589 46389.000000000007 455.50000000000006 9.0672569537313361
decision_type=2 2 2 2 2 2 2 2 2 2 2 2 2 2 2 2 2 2 2 2 2 2
left_child=9 2 7 4 5 6 -4 -2 -9 -1 11 -6 -13 15 -15 16 17 18 -14 -16 21 -3
right_child=1 20 3 -5 10 -7 -8 8 -10 -11 -12 12 13 14 19 -17 -18 -19 -20 -21 -22 -23
leaf_value=-0.48757491905658501 -0.039301902273818641 0.12701703723636218 -0.29051103113946458 0.31518774901241137 0.063994262258500037 -0.24850548579434628 0.55332860441744425 0.031000143874745315 0.29332853017415755 -0.14846149377926779 -0.22269923715116011 -0.1206688677472694 0.31132740364100159 -0.30671561129076241 -0.036504613285619512 -0.018510533612019462 -0.1144975297522752 -0.045091844208238696 -0.013174074422248277 0.38260531691237754 -0.19925361633892241 -0.081163461718748386
leaf_weight=7218 1567 1981 52 73 59 1618 72 357 91 346 509 590 132 187 275 355 57 63 54 67 214 437
leaf_count=7218 1567 1981 52 73 59 1618 72 357 91 346 509 590 132 187 275 355 57 63 54 67 214 437
internal_value=-0.00186315 -0.000577709 -0.000969676 -0.00133349 -0.00143162 -0.00219777 0.00192636 -0.000207922 0.00129029 -0.00335665 -0.000852317 -0.000482105 -0.000656864 4.39322e-05 -0.00100936 0.000914414 0.00235209 0.00338976 0.00474607 0.000131123 0.000335797 0.000530127
internal_weight=16374 8810 6178 4163 4090 1742 124 2015 448 7564 2348 1839 1780 1190 529 661 306 249 186 342 2632 2418
internal_count=16374 8810 6178 4163 4090 1742 124 2015 448 7564 2348 1839 1780 1190 529 661 306 249 186 342 2632 2418
is_linear=0
shrinkage=0.035


Tree=81
num_leaves=23
num_cat=0
split_feature=8 8 12 20 20 0 8 4 2 0 20 11 12 11 21 21 7 23 20 11 21 12
split_gain=26.5383 2.18024 1.40682 1.55879 1.63762 1.46375 1.09379 1.07991 1.47814 1.25349 0.883316 0.879995 1.17173 0.838379 0.871352 1.6395 2.2909 0.750606 0.719644 0.775401 1.44912 0.644928
threshold=4.0036998727253499 16.290867734745969 6.8210593452430386 10.500000000000002 21.500000000000004 13.982558156555685 13.890554007155268 8.1342290082565736 12.315729686009409 5.154761904761906 27.500000000000004 2.4053511772118221 2.2815164537545907 5.0646913852218809 3.5000000000000004 2.5000000000000004 6.7131055452484034 60300.000000000007 3.5000000000000004 4.8216649872818493 3.5000000000000004 6.5492767057550667
decision_type=2 2 2 2 2 2 2 2 2 2 2 2 2 2 2 2 2 2 2 2 2 2
left_child=-1 2 3 7 -5 -4 -7 9 18 11 13 12 -2 14 15 -6 -17 -13 -9 20 -20 -3
right_child=1 21 5 4 10 6 -8 8 -10 -11 -12 17 -14 -15 -16 16 -18 -19 19 -21 -22 -23
leaf_value=-0.46033714699046685 -0.2056628540653386 0.14110002899772769 -0.10983777515847802 -0.24098011802440258 -0.022620121201866412 0.48118646875949578 0.33578508607270219 -0.049547320026060722 -0.12498037661697603 -0.12184952875824336 -0.13747944632982576 -0.149032264113341 0.30256013800358089 -0.13287687778725715 -0.12393121210419153 -0.089308190483872035 0.22983864840415294 0.073891086067108078 0.062177363946489456 -0.056276969672205919 0.30495789837402199 -0.017954536474601403
leaf_weight=7532 50 1204 119 2000 519 49 71 132 201 937 603 188 186 93 233 102 160 52 180 53 67 1653
leaf_count=7532 50 1204 119 2000 519 49 71 132 201 937 603 188 186 93 233 102 160 52 180 53 67 1653
internal_value=-0.00183852 -0.000536243 -0.000915834 -0.00102734 -0.00145559 0.00166393 0.00434 -0.000240615 0.000943573 -0.000784909 -0.000642858 0.000647608 0.0021639 -3.77706e-05 0.000243866 0.000819338 0.00305431 -0.000785715 0.00210641 0.00304098 0.00386111 0.000254367
internal_weight=16384 8852 5995 5756 3710 239 120 2046 633 1413 1710 476 236 1107 1014 781 262 240 432 300 247 2857
internal_count=16384 8852 5995 5756 3710 239 120 2046 633 1413 1710 476 236 1107 1014 781 262 240 432 300 247 2857
is_linear=0
shrinkage=0.035


Tree=82
num_leaves=23
num_cat=0
split_feature=9 9 8 25 20 20 20 21 5 25 21 21 7 9 9 11 22 25 25 7 6 5
split_gain=26.9104 2.40541 1.24217 1.05343 1.03297 1.01967 2.79267 3.88922 1.26881 0.981949 0.887662 1.90418 1.4565 1.26942 1.00502 1.51533 1.39273 1.17124 0.953138 1.15524 0.911636 1.20421
threshold=3.8223362132145544 8.5037084278155728 5.6641639042627494 166.00000000000003 10.500000000000002 8.5000000000000018 3.5000000000000004 3.5000000000000004 20.017857142857146 210.50000000000003 3.5000000000000004 2.5000000000000004 8.5703912678374952 19.646291208791215 10.148024281337685 5.5714254610349796 43337.000000000007 191.00000000000003 430.00000000000006 18.296728272861028 17.961864802538603 11.946428571428573
decision_type=2 2 2 2 2 2 2 2 2 2 2 2 2 2 2 2 2 2 2 2 2 2
left_child=-1 2 3 -2 -5 6 -3 -8 9 -9 11 -7 -13 -12 -14 16 17 -16 19 -15 21 -19
right_child=1 5 -4 4 -6 10 7 8 -10 -11 13 12 14 18 15 -17 -18 20 -20 -21 -22 -23
leaf_value=-0.45274076837553523 0.17772023251897726 -0.17807975231000747 -0.15733581849399964 0.035973517936102192 -0.11551792018446266 -0.065190866891209787 0.028641060942873598 0.038852120388181817 0.61094183696770954 0.34031681771359118 -0.20508664368728924 0.40528576212826867 -0.11400908489047278 0.64503666248667613 -0.036141587018620185 -0.054155495744824492 0.0041821133681518505 0.94856998271612292 -0.24412098797281287 0.024950078339922448 0.42784388495917436 0.47314902500542727
leaf_weight=7434 59 681 2180 338 418 2080 710 64 59 121 723 45 142 46 64 392 190 46 103 273 96 97
leaf_count=7434 59 681 2180 338 418 2080 710 64 59 121 723 45 142 46 64 392 190 46 103 273 96 97
internal_value=-0.00180838 -0.000510189 -0.00131833 -0.00012805 -0.000510513 -9.84512e-05 0.000640243 0.00186496 0.00563655 0.00386842 -0.000384008 -7.42802e-05 0.00111467 -0.00121739 0.00080717 0.00125843 0.00254418 0.004 0.000270491 0.00125309 0.00510656 0.0069054
internal_weight=16361 8927 2995 815 756 5932 1635 954 244 185 4297 3152 1072 1145 1027 885 493 303 422 319 239 143
internal_count=16361 8927 2995 815 756 5932 1635 954 244 185 4297 3152 1072 1145 1027 885 493 303 422 319 239 143
is_linear=0
shrinkage=0.035


Tree=83
num_leaves=23
num_cat=0
split_feature=9 4 20 20 21 20 25 27 5 21 11 20 21 20 21 11 11 12 21 8 12 20
split_gain=26.2075 2.30299 1.6815 1.81828 1.65588 1.66277 1.27395 1.53683 1.27098 1.17131 1.16487 1.11669 1.35719 1.16695 1.40217 1.11176 1.02203 1.02022 0.919875 0.961121 0.868871 1.63149
threshold=3.8223362132145544 9.8663245097765593 10.500000000000002 3.5000000000000004 3.5000000000000004 8.5000000000000018 233.00000000000003 2.5000000000000004 19.556552062598733 2.5000000000000004 4.700362389583014 23.500000000000004 2.5000000000000004 27.500000000000004 3.5000000000000004 4.743528729544515 6.6813197685079597 5.6506244452749828 3.5000000000000004 21.357801233228887 6.3644806140522467 18.500000000000004
decision_type=2 2 2 2 2 2 2 2 2 2 2 2 2 2 2 2 2 2 2 2 2 2
left_child=-1 20 3 9 6 -6 7 -5 15 10 -3 18 -13 14 17 -9 -16 -14 -4 -20 -2 -22
right_child=1 2 11 4 5 -7 -8 8 -10 -11 -12 12 13 -15 16 -17 -18 -19 19 -21 21 -23
leaf_value=-0.43689484148239155 -0.089797251823068233 -0.17079303941269233 -0.033237124136985971 -0.070802500841216282 0.34445680876525031 -0.021071733811016749 -0.14660591418162361 0.44348550366430206 1.1046908251316747 -0.20174575133645095 0.87805533932186386 -0.07021433213197964 0.32179001082115527 -0.026604912215167358 -0.084461110384736832 -0.12047016915173028 0.45325570193987175 0.13298209863247948 -0.45512559095149585 -0.013744247128526075 -0.07024267605903721 0.44694190126656802
leaf_weight=7425 4008 59 1427 84 216 83 238 78 58 348 50 548 143 280 172 89 45 70 384 257 245 55
leaf_count=7425 4008 59 1427 84 216 83 238 78 58 348 50 548 143 280 172 89 45 70 384 257 245 55
internal_value=-0.00183629 -0.000556588 -1.05749e-05 0.00104893 0.00201116 0.00409868 0.000811593 0.00229618 0.00380435 -0.000696971 0.00233333 -0.000431853 0.000379651 0.0013951 0.00253448 0.00199419 0.000441441 0.00452752 -0.000933672 -0.00203715 -0.00113854 0.000631147
internal_weight=16362 8937 4629 1303 846 299 547 309 225 457 109 3326 1258 710 430 167 217 213 2068 641 4308 300
internal_count=16362 8937 4629 1303 846 299 547 309 225 457 109 3326 1258 710 430 167 217 213 2068 641 4308 300
is_linear=0
shrinkage=0.035


Tree=84
num_leaves=23
num_cat=0
split_feature=9 9 20 9 22 16 10 9 4 8 20 20 20 5 21 10 25 2 2 9 8 11
split_gain=25.9784 2.68796 1.23038 1.27749 1.10553 1.41805 1.08016 1.12963 1.10616 1.12747 0.950457 0.90352 2.86966 2.33163 1.52346 1.26878 1.26307 0.925021 0.877149 0.857614 0.855595 0.864585
threshold=3.8223362132145544 8.0222733457361439 7.5000000000000009 5.8537154419604276 16785.000000000004 1.0000000180025095e-35 3.8057231972200163 18.326530612244905 12.996151141142256 24.01467325084613 23.500000000000004 3.5000000000000004 10.500000000000002 21.965076773329255 1.5000000000000002 2.8702082220799316 421.00000000000006 16.03274297468673 11.852133989485408 7.4997099672515128 9.3380952380952404 2.5109198121977871
decision_type=2 2 2 2 2 2 2 2 2 2 2 2 2 2 2 2 2 2 2 2 2 2
left_child=-1 2 3 -2 5 6 7 -3 -9 -10 -4 -6 13 14 -13 16 20 -17 -16 -12 21 -14
right_child=1 4 10 -5 11 -7 -8 8 9 -11 19 12 15 -15 18 17 -18 -19 -20 -21 -22 -23
leaf_value=-0.42160352203050783 0.064303467672529091 -0.078986222553667287 -0.22670515513711054 -0.17753402619742814 -0.21396961562890643 0.66810875843162898 -0.0071898467272923042 -0.1094851406275643 1.043335859621245 0.022038696934292248 -0.077400401221212917 -0.19594323435461636 -0.12933200186318772 0.70545566608678767 0.15173454989828175 -0.15583842756101457 0.11790850937023535 -0.0053855180150501822 0.022386741878287361 0.13751256315092578 -0.18105726877726072 0.2359106974518064
leaf_weight=7447 338 72 1272 400 582 54 1249 53 113 51 493 273 55 47 354 1587 318 755 369 103 232 119
leaf_count=7447 338 72 1272 400 582 54 1249 53 113 51 493 273 55 47 354 1587 318 755 369 103 232 119
internal_value=-0.00182507 -0.000544638 -0.00148928 -0.000249664 -0.000149174 0.000642141 0.000424173 0.00233333 0.00359459 0.00499112 -0.0019677 -0.000421849 -0.000233107 0.00134256 0.000940559 -0.000776132 0.00048491 -0.00117363 0.00178846 -0.000762896 -0.00077494 0.000997206
internal_weight=16336 8889 2606 738 6283 1592 1538 289 217 164 1868 4691 4109 1043 996 3066 724 2342 723 596 406 174
internal_count=16336 8889 2606 738 6283 1592 1538 289 217 164 1868 4691 4109 1043 996 3066 724 2342 723 596 406 174
is_linear=0
shrinkage=0.035


Tree=85
num_leaves=23
num_cat=0
split_feature=8 20 17 21 20 0 4 7 12 25 11 5 12 10 12 11 7 11 25 21 25 20
split_gain=25.2911 1.57274 1.55344 2.85291 1.49252 1.16467 0.881086 0.86975 0.853664 0.999386 0.97808 0.87389 0.834545 0.952594 1.16258 0.971578 0.802057 0.767809 0.751903 1.16186 1.238 1.2321
threshold=4.2892358030168598 9.5000000000000018 1.0000000180025095e-35 3.5000000000000004 18.500000000000004 20.017857142857146 9.9933189851049971 20.289929968360216 7.6055187406032472 807.00000000000011 3.473605341131035 7.9927388748624617 8.7641404509052006 4.2201331506865678 7.361597660230756 5.7623255252478458 4.4296786353264741 4.0831593847480443 233.00000000000003 2.5000000000000004 191.00000000000003 3.5000000000000004
decision_type=2 2 2 2 2 2 2 2 2 2 2 2 2 2 2 2 2 2 2 2 2 2
left_child=-1 2 6 -4 5 8 -2 16 9 -3 -11 -10 13 -9 15 -15 -6 -5 19 20 -8 -21
right_child=1 4 3 17 7 -7 18 12 11 10 -12 -13 -14 14 -16 -17 -18 -19 -20 21 -22 -23
leaf_value=-0.38123595248425612 -0.066134953514310507 -0.2406698532046456 0.05083948128450657 0.10098838862761329 0.07038477569414138 0.0051347464222085094 0.3462889829845508 0.72356587663074345 0.24452757181150667 0.187205108863364 -0.21072617039035813 -0.31437053545230687 -0.069388653293622787 0.51767320778973314 1.0965321408949875 -0.22274934231972596 -0.039480557835381805 0.38233376137742681 -0.066447902227088462 -0.18437343282099675 0.63685516167225187 0.15457181086183475
leaf_weight=7659 1345 1633 485 49 71 467 64 67 72 64 171 102 137 50 75 99 2868 94 374 152 84 184
leaf_count=7659 1345 1633 485 49 71 467 64 67 72 64 171 102 137 50 75 99 2868 94 374 152 84 184
internal_value=-0.00180035 -0.000507003 0.000165373 0.00169747 -0.000833788 -0.00148131 -0.000266305 -0.000344603 -0.00184148 -0.00206113 0 0.000410614 0.00110739 0.00217567 0.000932314 -0.000772728 -0.00056352 0.00595946 0.000596175 0.00151022 0.00404902 0.000297653
internal_weight=16366 8707 2831 628 5876 2509 2203 3367 2042 1868 235 174 428 291 224 149 2939 143 858 484 148 336
internal_count=16366 8707 2831 628 5876 2509 2203 3367 2042 1868 235 174 428 291 224 149 2939 143 858 484 148 336
is_linear=0
shrinkage=0.035


Tree=86
num_leaves=23
num_cat=0
split_feature=9 7 20 20 4 15 12 21 21 6 20 0 21 22 20 6 9 10 21 20 12 22
split_gain=26.12 1.95272 1.25678 1.5826 1.36685 1.26929 1.0558 1.0336 2.13793 1.34643 1.03318 1.01368 1.34477 2.07976 0.883958 0.752572 0.993175 0.74549 1.68807 0.699006 0.694262 0.673595
threshold=3.8223362132145544 15.717747209918626 10.500000000000002 18.500000000000004 8.1342290082565736 1.0000000180025095e-35 7.6055187406032472 3.5000000000000004 2.5000000000000004 6.9747745027976142 3.5000000000000004 5.0127769206881263 2.5000000000000004 46389.000000000007 1.5000000000000002 9.0039695662631729 7.2158385093167707 11.557310611531932 2.5000000000000004 27.500000000000004 8.9150938612897637 22034.500000000004
decision_type=2 2 2 2 2 2 2 2 2 2 2 2 2 2 2 2 2 2 2 2 2 2
left_child=-1 2 4 6 5 11 -4 8 19 -10 -6 12 14 -14 -2 16 -11 20 -19 -5 -3 -13
right_child=1 17 3 7 10 -7 -8 -9 9 15 -12 21 13 -15 -16 -17 -18 18 -20 -21 -22 -23
leaf_value=-0.39350414042249116 0.30626032465322295 0.031764955173855677 -0.23877095198438469 -0.042753163409076013 -0.18096855218067712 0.063872559085694017 0.2362423186975102 -0.17073582351309624 -0.033915237952371988 -0.06485024439740851 0.10812742417988831 0.0079320340441467671 -0.046335466527939302 0.18102069579304786 -0.18737427425244058 0.073524901144250726 0.23050162314999428 -0.068595885444139693 0.62360348950737599 -0.23932148493115918 -0.094576996955964304 -0.14469476006111306
leaf_weight=7471 136 2322 1418 910 193 68 46 603 199 49 421 112 94 51 222 258 121 100 102 285 367 783
leaf_count=7471 136 2322 1418 910 193 68 46 603 199 49 421 112 94 51 222 258 121 100 102 285 367 783
internal_value=-0.00180742 -0.000519177 -0.000881152 -0.00125295 -0.00017626 -0.000763767 -0.00216576 -0.000691359 -0.000262453 0.00137342 0.00119305 -0.00100535 0.000220472 0.00303333 -0.000896695 0.00248152 0.0043 0.000222375 0.00224879 -0.0011375 5.97616e-05 -0.00171111
internal_weight=16331 8860 5969 3889 2080 1466 1464 2425 1822 627 614 1398 503 145 358 428 170 2891 202 1195 2689 895
internal_count=16331 8860 5969 3889 2080 1466 1464 2425 1822 627 614 1398 503 145 358 428 170 2891 202 1195 2689 895
is_linear=0
shrinkage=0.035


Tree=87
num_leaves=23
num_cat=0
split_feature=9 9 12 24 21 12 6 15 25 0 25 11 25 12 11 10 12 12 9 6 7 6
split_gain=24.7395 1.74607 1.36065 0.716126 1.05591 0.70338 0.900711 1.21457 1.23063 0.890515 0.697793 0.841688 1.1651 2.24567 2.06304 1.20673 1.01297 1.54554 1.58498 0.842162 0.697984 0.695515
threshold=3.8223362132145544 15.030725974600367 8.3491415138346756 11523.000000000002 2.5000000000000004 4.5085896562869303 7.9732713418271493 1.0000000180025095e-35 600.00000000000011 3.1070845318661218 248.50000000000003 5.4617587062515272 191.00000000000003 5.9594640373526735 4.2013343161470917 5.8291229140406875 7.9131780114970178 8.7641404509052006 23.672619047619051 17.033107411818296 17.01101398714674 5.6639676383952429
decision_type=2 2 2 2 2 2 2 2 2 2 2 2 2 2 2 2 2 2 2 2 2 2
left_child=3 2 5 -1 -5 6 7 -2 9 -9 11 12 15 14 -14 -3 21 18 19 -18 -15 -13
right_child=1 10 -4 4 -6 -7 -8 8 -10 -11 -12 16 13 20 -16 -17 17 -19 -20 -21 -22 -23
leaf_value=-0.40207817197451534 -0.099679416750550462 -0.10708077212964998 0.47100859772388753 -0.15914426848449575 0.17335564389667646 -0.15326165031257738 -0.0072007563230095722 0.039694495023279902 0.13761007518379315 -0.058687500473335721 -0.05066018578620491 -0.2233221149392024 0.15117719803315766 0.60840095534363536 0.56598693427427804 0.67570997546144429 -0.10840088268690459 -0.044680370029585803 1.2013029430127498 0.56285448318637521 -0.26468738528744601 -0.037439504197779222
leaf_weight=7195 2716 263 46 138 106 1041 1749 53 51 88 1248 124 110 47 93 45 65 410 66 61 122 605
leaf_count=7195 2716 263 46 138 106 1041 1749 53 51 88 1248 124 110 47 93 45 65 410 66 61 122 605
internal_value=-0.00177628 -0.000539299 -0.000906506 -0.00326961 -0.001251 -0.000959233 -0.000767268 -0.00114504 0.00147462 -0.000143836 0.00010294 0.000510416 0.0015073 0.002813 0.00525 -3.35471e-05 0 0.00105519 0.0036066 0.00104198 -8.04606e-05 -0.000877385
internal_weight=16442 9003 5744 7439 244 5698 4657 2908 192 141 3259 2011 680 372 203 308 1331 602 192 126 169 729
internal_count=16442 9003 5744 7439 244 5698 4657 2908 192 141 3259 2011 680 372 203 308 1331 602 192 126 169 729
is_linear=0
shrinkage=0.035


Tree=88
num_leaves=23
num_cat=0
split_feature=8 4 20 20 21 20 21 25 21 20 22 10 5 5 8 25 20 20 22 25 3 0
split_gain=25.3599 1.75091 1.34243 1.59509 2.51879 1.27261 1.23302 1.20858 1.09442 1.05362 0.939619 1.1484 0.921151 1.03153 0.834142 0.797796 0.780983 1.30672 1.13443 0.97979 0.871355 2.34777
threshold=3.7861431116147957 8.1342290082565736 10.500000000000002 3.5000000000000004 3.5000000000000004 23.500000000000004 2.5000000000000004 106.50000000000001 3.5000000000000004 8.5000000000000018 31488.000000000004 2.7342623276105913 20.60550089441811 9.9933189851049971 7.501658163265307 233.00000000000003 22.500000000000004 7.5000000000000009 10086.000000000002 324.00000000000006 10.946439606378263 7.1165179051553791
decision_type=2 2 2 2 2 2 2 2 2 2 2 2 2 2 2 2 2 2 2 2 2 2
left_child=-1 7 3 6 -5 8 15 -2 10 12 -4 14 13 -6 -12 -3 17 18 19 -9 -20 -22
right_child=1 2 5 4 9 -7 -8 16 -10 -11 11 -13 -14 -15 -16 -17 -18 -19 20 -21 21 -23
leaf_value=-0.36565875948859583 0.28285408427486058 0.84468417910097382 0.023061526473942669 0.011897162577546815 0.36917261409241692 0.030317738249480596 -0.19575256865945501 0.99926259160147779 -0.25517063910044324 0.03163894909977949 -0.35559962666466377 -0.23813392952569679 0.45465193541685411 0.16065244778065887 0.092944991546561662 -0.058536838098269275 -0.011139456276385898 -0.16784301189927517 -0.10395412489608485 -0.23336529054846281 0.15483064651903625 -0.10894243980333176
leaf_weight=7310 81 68 879 600 55 1372 386 60 675 94 45 543 61 119 138 64 733 1822 1020 45 66 89
leaf_count=7310 81 68 879 600 55 1372 386 60 675 94 45 543 61 119 138 64 733 1822 1020 45 66 89
internal_value=-0.00173393 -0.000488914 -5.76027e-05 0.000838842 0.00170878 -0.00041824 -0.000689293 -0.00104527 -0.000926697 0.0041497 -0.000413044 -0.00134542 0.00539583 0.00373464 0.000968084 0.00212044 -0.00113932 -0.0013822 -0.000503892 0.00286364 -0.000830509 0.00153125
internal_weight=16325 9015 5099 1447 929 3652 518 3916 2280 329 1605 726 235 174 183 132 3835 3102 1280 105 1175 155
internal_count=16325 9015 5099 1447 929 3652 518 3916 2280 329 1605 726 235 174 183 132 3835 3102 1280 105 1175 155
is_linear=0
shrinkage=0.035


Tree=89
num_leaves=23
num_cat=0
split_feature=9 9 20 20 21 24 22 12 1 10 20 15 21 20 22 8 27 11 9 8 12 12
split_gain=26.0532 2.02265 0.833989 1.85241 1.44389 1.2901 2.08032 1.79462 1.19614 1.17817 1.14651 1.16407 1.43588 1.76822 1.04802 0.981166 1.08501 1.0248 0.975325 1.04412 0.910415 0.898421
threshold=3.8223362132145544 20.401106820578843 10.500000000000002 18.500000000000004 3.5000000000000004 9795.0000000000018 46389.000000000007 5.9594640373526735 19.556552062598733 5.4467115461227307 28.500000000000004 1.0000000180025095e-35 2.5000000000000004 23.500000000000004 22034.500000000004 9.7638158983890122 2.5000000000000004 6.8078528461672505 9.2861832611832629 8.9736488350169576 7.699841913030089 3.8369063831567458
decision_type=2 2 2 2 2 2 2 2 2 2 2 2 2 2 2 2 2 2 2 2 2 2
left_child=-1 2 5 8 10 14 7 -7 20 -10 11 12 -5 -14 15 16 -2 -17 19 -8 -4 -15
right_child=1 -3 3 4 -6 6 18 -9 9 -11 -12 -13 13 21 -16 17 -18 -19 -20 -21 -22 -23
leaf_value=-0.35286070290649496 0.29456390793075476 0.059456337427657151 -0.240430609958904 -0.031196497756560804 -0.17392740746627902 0.35693973782629029 0.020723167029065358 0.058187475251113417 0.46186930085575412 -0.266591551910348 -0.16862431209568915 0.069168873421601565 -0.023081791279349884 0.22291280166358074 -0.13687098362678385 -0.099963935253660249 0.00033011676186039772 0.29687285508194849 -0.13008274262312261 0.5560001353816173 0.14258721226894031 0.10398374701101498
leaf_weight=7496 54 1469 1596 1187 657 81 353 78 82 154 425 50 302 152 1134 362 82 81 408 52 62 135
leaf_count=7496 54 1469 1596 1187 657 81 353 78 82 154 425 50 302 152 1134 362 82 81 408 52 62 135
internal_value=-0.00175394 -0.000476901 -0.000711026 -0.000988039 -0.000424134 -0.000208179 0.000798873 0.00439634 -0.00184123 0.000421161 0 0.000380392 0.000214205 0.00162626 -0.000790455 0.000395547 0.0029539 -0.000375001 5.13439e-05 0.00128049 -0.00217408 0.00357192
internal_weight=16452 8956 7487 4802 2908 2685 972 159 1894 236 2251 1826 1776 589 1713 579 136 443 813 405 1658 287
internal_count=16452 8956 7487 4802 2908 2685 972 159 1894 236 2251 1826 1776 589 1713 579 136 443 813 405 1658 287
is_linear=0
shrinkage=0.035


Tree=90
num_leaves=23
num_cat=0
split_feature=9 9 20 20 23 24 21 21 9 12 20 20 21 20 20 25 10 9 25 11 7 9
split_gain=24.0966 1.83087 1.10693 2.37023 1.74251 1.80904 1.23448 0.84288 1.16303 0.97722 0.771458 1.09257 1.48488 2.35164 0.757502 0.792945 0.812611 0.783214 0.727439 0.826309 0.792118 2.16604
threshold=3.2517607586512871 8.5037084278155728 10.500000000000002 22.500000000000004 17650.000000000004 9795.0000000000018 2.5000000000000004 2.5000000000000004 3.4897302743485183 3.6296836190780013 2.5000000000000004 8.5000000000000018 3.5000000000000004 4.5000000000000009 18.500000000000004 106.50000000000001 8.5500484389587896 26.051045676819061 807.00000000000011 3.4073288819675329 14.716713265460024 16.610529248024637
decision_type=2 2 2 2 2 2 2 2 2 2 2 2 2 2 2 2 2 2 2 2 2 2
left_child=-1 2 4 -4 -2 -6 -7 -5 -9 -10 -3 12 -12 -14 15 16 -13 -16 -17 -20 -21 -22
right_child=1 10 3 7 5 6 -8 8 9 -11 11 14 13 -15 17 18 -18 -19 19 20 21 -23
leaf_value=-0.37551057830476753 0.099811898720722575 -0.27612845795021246 -0.20924030431516816 -0.10683092078980246 -0.14442717483688836 -0.043648504769561544 0.17560345774663819 0.2309364201018374 -0.026082407406611916 0.21323415539084684 0.0035139230919141668 -0.11416005439327533 -0.01974794990349428 0.26221486764843177 -0.0050748950304627559 -0.1377131832055645 0.34167128024283522 0.31900618686476861 0.22549931321204814 -0.25252304852326324 0.66973924720906808 -0.50899642131737655
leaf_weight=6763 105 438 1377 445 875 181 180 55 376 67 861 113 144 189 2250 1429 55 89 48 132 48 70
leaf_count=6763 105 438 1377 445 875 181 180 55 376 67 861 113 144 189 2250 1429 55 89 48 132 48 70
internal_value=-0.00172154 -0.000584558 -0.00119913 -0.00166344 -0.000379644 -0.000764304 0.00128142 -0.000287976 0.000674949 1.56242e-05 -0.000197327 -7.92388e-05 0.000849457 0.00281657 -0.000345955 -0.00086579 0.00135549 6.86852e-05 -0.00109527 0.000427392 -0.000343138 0.00162195
internal_weight=16290 9527 3661 2320 1341 1236 361 943 498 443 5866 5428 1194 333 4234 1895 168 2339 1727 298 250 118
internal_count=16290 9527 3661 2320 1341 1236 361 943 498 443 5866 5428 1194 333 4234 1895 168 2339 1727 298 250 118
is_linear=0
shrinkage=0.035


Tree=91
num_leaves=23
num_cat=0
split_feature=9 9 9 11 22 9 9 22 21 22 12 6 12 12 12 21 11 8 12 10 1 24
split_gain=23.7158 2.26814 0.834534 0.711246 0.7686 0.730152 1.51339 1.25658 1.19325 1.18126 0.822132 0.673509 0.664517 0.599761 0.5672 1.48668 0.804019 0.706818 1.58424 1.16902 0.551003 0.552458
threshold=3.2517607586512871 8.0222733457361439 20.401106820578843 2.4933077588217967 47334.500000000007 4.3603896103896114 5.8537154419604276 34795.000000000007 2.5000000000000004 47274.500000000007 2.9980729411549816 38.500000000000007 1.753521270497763 3.6296836190780013 6.6411069053247589 1.5000000000000002 6.6813197685079597 24.51467325084613 6.3644806140522467 5.5032457955023473 3.1070845318661218 9795.0000000000018
decision_type=2 2 2 2 2 2 2 2 2 2 2 2 2 2 2 2 2 2 2 2 2 2
left_child=12 3 20 5 -5 8 7 -7 -2 -10 -8 14 -1 -6 15 -4 -16 18 19 -17 -3 -22
right_child=1 2 11 4 13 6 10 -9 9 -11 -12 -13 -14 -15 16 17 -18 -19 -20 -21 21 -23
leaf_value=-0.43236770806410063 -0.1931871676537367 0.12794315991290262 -0.10815420759365883 -0.16553462591451087 -0.11250531513460149 0.15749093271673006 -0.11894971336355363 -0.11821120510012736 -0.06458514460375539 0.13444386605154376 0.0527323511335831 0.59259160073912365 -0.18736770806410058 0.12701192725328833 -0.15245162810536472 0.56987806878715142 0.04984617284505001 -0.16351952124040686 1.1200371562492482 -0.26670029939132239 -0.063511412789840904 -0.0016207874059184823
leaf_weight=5602 297 48 123 1411 245 222 432 103 332 108 110 66 1102 80 256 112 758 52 51 58 2740 2004
leaf_count=5602 297 48 123 1411 245 222 432 103 332 108 110 66 1102 80 256 112 758 52 51 58 2740 2004
internal_value=-0.00169391 -0.000576356 -0.000180218 -0.00131315 -0.00181132 -0.000759168 -4.8166e-05 0.00180303 -0.00156604 -0.000353933 -0.00119653 0.000541188 -0.00329133 -0.000212122 0.000358656 0.00147506 -6.52609e-05 0.00292086 0.00377876 0.0019 -0.000406401 -0.000448832
internal_weight=16312 9608 6268 3340 1736 1604 867 325 737 440 542 1476 6704 325 1410 396 1014 273 221 170 4792 4744
internal_count=16312 9608 6268 3340 1736 1604 867 325 737 440 542 1476 6704 325 1410 396 1014 273 221 170 4792 4744
is_linear=0
shrinkage=0.035


Tree=92
num_leaves=23
num_cat=0
split_feature=9 9 9 7 7 22 8 12 25 21 22 7 22 22 12 11 11 8 11 16 4 7
split_gain=24.2522 1.32556 1.122 1.45251 1.45063 1.07253 1.54853 1.48352 0.973499 0.859289 1.01072 2.21834 1.22023 0.834318 2.97744 1.26864 2.01829 1.16217 0.978003 0.849941 1.2159 0.743938
threshold=3.8223362132145544 2.6071448546910281 8.1076388888888911 6.7166477702191996 5.5821741259895017 33201.500000000007 21.357801233228887 4.3820882806398815 166.00000000000003 2.5000000000000004 5643.5000000000009 2.6152686714927489 44839.000000000007 32208.500000000004 5.8496916562031886 3.5330723046135648 5.5181060827125705 15.932296791281653 4.5648561858357821 1.0000000180025095e-35 14.999072958688698 8.2857329212056161
decision_type=2 2 2 2 2 2 2 2 2 2 2 2 2 2 2 2 2 2 2 2 2 2
left_child=1 -1 4 -4 8 13 7 21 -2 -3 11 -11 -12 19 15 -15 18 -16 -17 -5 -21 -7
right_child=2 9 3 5 -6 6 -8 -9 -10 10 12 -13 -14 14 17 16 -18 -19 -20 20 -22 -23
leaf_value=-0.45223483828185712 0.12434622972371977 -0.2460618612305614 0.26398364639743238 -0.010786419197322292 -0.13593198978489346 0.093180283089606963 0.33048762938115722 -0.26792766684716035 -0.0096520997456406681 0.11161335126631307 -0.20894999202369363 -0.066046876470753454 -0.026940229661526077 -0.047389142973442239 0.49437392047858408 0.36072277553639653 -0.00097139717071611077 -0.36721434048431389 0.51463192575786598 -0.095447249949899268 0.49954972374898865 -0.047037824806543102
leaf_weight=5179 91 985 86 3328 1814 178 49 960 824 46 753 181 315 60 56 59 50 244 57 53 73 985
leaf_count=5179 91 985 86 3328 1814 178 49 960 824 46 753 181 315 60 56 59 50 244 57 53 73 985
internal_value=-0.00167875 -0.003153 -0.000449399 -0.00018669 -0.00104206 -0.000254102 -0.000879422 -0.0010329 7.60861e-05 -0.00241247 -0.00177692 0.000271551 -0.00222787 8.34371e-05 0.00137759 0.00437879 0.0059152 -0.000860657 0.0083595 -0.000110293 0.00264504 -0.000173802
internal_weight=16426 7459 8967 6238 2729 6152 2172 2123 915 2280 1295 227 1068 3980 526 226 166 300 116 3454 126 1163
internal_count=16426 7459 8967 6238 2729 6152 2172 2123 915 2280 1295 227 1068 3980 526 226 166 300 116 3454 126 1163
is_linear=0
shrinkage=0.035


Tree=93
num_leaves=23
num_cat=0
split_feature=9 3 25 20 20 2 20 20 7 22 11 20 1 16 20 20 9 15 25 22 12 18
split_gain=24.8075 2.13075 1.50956 1.0671 3.34606 1.43308 0.931805 1.12882 0.676954 0.664875 0.892993 0.756966 0.664128 0.610595 0.759666 0.772039 0.683122 0.892525 1.62141 0.82512 1.44186 0.86469
threshold=3.1832201304944365 10.345238095238097 106.50000000000001 7.5000000000000009 4.5000000000000009 7.69680936421629 23.500000000000004 28.500000000000004 18.580604475465019 10086.000000000002 4.4753812819458796 12.500000000000002 26.94184716045481 1.0000000180025095e-35 23.500000000000004 11.500000000000002 3.8223362132145544 1.0000000180025095e-35 600.00000000000011 22034.500000000004 3.6296836190780013 1.0000000180025095e-35
decision_type=2 2 2 2 2 2 2 2 2 2 2 2 2 2 2 2 2 2 2 2 2 2
left_child=-1 2 -2 4 -3 -6 9 -8 -9 10 -5 -11 -10 16 15 -15 -4 19 -19 20 21 -18
right_child=1 3 13 6 5 -7 7 8 12 11 -12 -13 -14 14 -16 -17 17 18 -20 -21 -22 -23
leaf_value=-0.34849658856102789 0.68328920525725512 -0.036249638170115339 -0.12052274361292559 1.0612081757899208 0.32185468153775704 0.23375842902043584 0.11140346883650563 -0.22811594303793975 0.48764015888499429 0.013582058197845297 -0.0026255626906519715 -0.13006260736241793 -0.45961244778128496 0.060494161295971779 0.18909098850933836 -0.27857719376704221 0.06069572206982965 -0.028938755816017941 0.10963941608291626 -0.099717919135017569 -0.14498512964197358 0.84635021285313039
leaf_weight=6582 57 591 770 63 59 332 687 158 89 586 470 1326 52 81 48 70 167 148 52 3493 351 64
leaf_count=6582 57 591 770 63 59 332 687 158 89 586 470 1326 52 81 48 70 167 148 52 3493 351 64
internal_value=-0.00163416 -0.000507409 -0.000980212 5.70386e-05 0.00107447 0.00357071 -0.00023021 0.000667507 -0.00108224 -0.000600001 0.000468401 -0.000907408 0.000575342 -0.0010462 0.000789215 -0.000358975 -0.00112277 -0.000940421 0.00128049 -0.00105515 0.000137137 0.0022839
internal_weight=16296 9714 5301 4413 982 391 3431 986 299 2445 533 1912 141 5244 199 151 5045 4275 200 4075 582 231
internal_count=16296 9714 5301 4413 982 391 3431 986 299 2445 533 1912 141 5244 199 151 5045 4275 200 4075 582 231
is_linear=0
shrinkage=0.035


Tree=94
num_leaves=23
num_cat=0
split_feature=9 9 7 7 12 22 22 9 22 11 9 15 7 12 21 22 22 10 12 9 25 9
split_gain=24.9769 1.50493 1.47191 1.01395 0.887361 0.856836 1.54544 1.19939 0.817816 0.779398 1.29642 2.15742 1.64066 1.47113 1.42605 1.25944 0.832567 0.807246 0.778638 0.713031 0.708498 1.0708
threshold=3.1832201304944365 8.0222733457361439 8.2793986829086421 32.642857142857146 4.5552233512821294 43337.000000000007 47334.500000000007 8.711667288956038 31797.000000000004 2.7107714277658164 4.3603896103896114 1.0000000180025095e-35 5.4340659340659352 2.3960670769776704 2.5000000000000004 34795.000000000007 47334.500000000007 2.7945525240230924 3.6296836190780013 2.6071448546910281 381.00000000000006 3.4380168103750157
decision_type=2 2 2 2 2 2 2 2 2 2 2 2 2 2 2 2 2 2 2 2 2 2
left_child=19 9 4 -4 5 8 -7 -8 -3 10 14 12 13 -12 -2 -15 -11 -14 -18 -1 21 -16
right_child=1 2 3 -5 -6 6 7 -9 -10 16 11 -13 17 15 20 -17 18 -19 -20 -21 -22 -23
leaf_value=-0.42420923834235608 -0.17359515561633396 0.069787383606580849 -0.023096369682684754 0.62393928248591579 -0.21404176555319254 0.3072234024285268 0.19747789118710787 -0.14156215199285663 -0.10559240391024373 -0.16828337844675817 -0.2189264908029892 0.094092348645924917 -0.13196131544545292 0.15581448116657803 0.05704412618921588 -0.10319919259469053 -0.1496933869991155 0.05758737154208568 0.13973186865789111 -0.16878720169959574 -0.12157579862713699 -0.028366445239523429
leaf_weight=5149 378 70 5755 60 67 66 81 51 70 1116 91 69 601 193 98 86 181 89 85 1453 257 206
leaf_count=5149 378 70 5755 60 67 66 81 51 70 1116 91 69 601 193 98 86 181 89 85 1453 257 206
internal_value=-0.00160776 -0.000472094 -0.000143374 -0.000288661 0.00187805 0.00262245 0.00408621 0.00160949 0.000362068 -0.00105861 -0.000612881 0.000172839 -0.000213616 0.00163333 -0.00157203 0.00290845 -0.00170836 -0.00123381 0 -0.00326691 -0.000408128 0.000690938
internal_weight=16272 9670 6220 5815 405 338 198 132 140 3450 2068 1129 1060 370 939 279 1382 690 266 6602 561 304
internal_count=16272 9670 6220 5815 405 338 198 132 140 3450 2068 1129 1060 370 939 279 1382 690 266 6602 561 304
is_linear=0
shrinkage=0.035


Tree=95
num_leaves=23
num_cat=0
split_feature=9 9 7 12 4 22 10 12 8 9 22 11 12 9 8 22 21 24 8 11 24 22
split_gain=23.8316 2.08193 1.39241 1.41605 1.02164 0.877774 1.19559 0.89908 2.07539 0.858205 0.629795 0.617567 1.02175 0.90716 1.88839 0.769375 0.650468 1.43881 0.617101 0.585104 0.572807 0.777078
threshold=3.1832201304944365 8.1076388888888911 8.1454742027739808 4.2669690075239988 7.9927388748624617 16785.000000000004 3.5590260840104397 5.9012486132499458 20.673577788815781 20.401106820578843 6498.5000000000009 2.5109198121977871 2.4850025229458326 6.2397892490499585 4.0036998727253499 28242.500000000004 2.5000000000000004 11523.000000000002 7.2949489824378633 1.8093379942281738 3555.0000000000005 22034.500000000004
decision_type=2 2 2 2 2 2 2 2 2 2 2 2 2 2 2 2 2 2 2 2 2 2
left_child=19 11 3 4 -3 6 7 9 -9 -4 -8 12 16 14 -14 -16 20 -18 -15 -1 21 -2
right_child=1 2 5 -5 -6 -7 10 8 -10 -11 -12 -13 13 18 15 -17 17 -19 -20 -21 -22 -23
leaf_value=-0.37436191500037358 -0.2479225604845611 0.010912350603865221 -0.2805598936166549 -0.1333115292689003 0.20799033469901673 -0.049790042209066861 -0.042174845369984386 0.80948147551715577 0.13609090139268998 0.75578390579586774 0.046359467163504947 -0.14667778267289994 -0.15222343102086891 -0.13135686998762935 0.25779535800824072 0.034528731391169798 -0.052565594890042117 0.18981274553496663 0.079762630895693035 -0.15409274047966579 -0.16543480564241764 0.063977625099557955
leaf_weight=5603 74 99 60 99 171 4279 431 50 73 70 908 1746 94 209 109 142 476 84 71 995 421 66
leaf_count=5603 74 99 60 99 171 4279 431 50 73 70 908 1746 94 209 109 142 476 84 71 995 421 66
internal_value=-0.00162733 -0.000523725 -0.000137311 0.00192781 0.00324545 -0.000271614 0.00042298 0.00260465 0.00470312 0.000388888 0 -0.00120804 -0.000721588 0.000388888 0.0016 0.00319922 -0.00135524 -0.000464603 -0.00104386 -0.00325087 -0.00220141 -0.00012069
internal_weight=16330 9732 6240 369 270 5871 1592 253 123 130 1339 3492 1746 625 345 251 1121 560 280 6598 561 140
internal_count=16330 9732 6240 369 270 5871 1592 253 123 130 1339 3492 1746 625 345 251 1121 560 280 6598 561 140
is_linear=0
shrinkage=0.035


Tree=96
num_leaves=23
num_cat=0
split_feature=9 9 9 7 22 16 21 16 10 25 7 11 8 10 25 12 3 8 11 20 9 20
split_gain=23.6929 1.68649 1.09443 1.44794 1.01442 0.869917 0.815556 0.810016 1.2629 0.76606 0.987792 0.862652 0.747638 1.09843 1.12051 1.04785 0.812649 0.751404 0.949175 0.769534 0.868027 0.752712
threshold=3.8223362132145544 2.5357338073371021 8.5037084278155728 5.5821741259895017 34795.000000000007 1.0000000180025095e-35 3.5000000000000004 1.0000000180025095e-35 5.0254766528386581 248.50000000000003 4.8582227003737612 2.0674736065156201 9.7638158983890122 4.3534332373864322 248.50000000000003 4.0802083829452469 12.981742114742621 13.000357142857146 4.430131143687789 23.500000000000004 14.150589420573777 12.500000000000002
decision_type=2 2 2 2 2 2 2 2 2 2 2 2 2 2 2 2 2 2 2 2 2 2
left_child=1 -1 3 4 6 -3 9 12 -9 -2 11 -11 13 15 -15 16 -4 18 -14 21 -21 -19
right_child=2 5 7 -5 -6 -7 -8 8 -10 10 -12 -13 17 14 -16 -17 -18 19 -20 20 -22 -23
leaf_value=-0.41414670977877566 0.21009721268523882 -0.15380705036869474 0.033569634242344985 -0.11395107658757285 -0.0524697379587451 0.018158710482702581 -0.038561080573661796 0.40773541785512429 -0.039006774324135907 0.090456442550883476 -0.082403063650886524 0.0015660572340506754 -0.028480649677208376 0.3009049949452034 0.070029468222886859 -0.192819228632408 0.14467350426008679 0.014107489508201674 -0.20451621138396484 0.28826558406940495 0.034374135990096436 -0.076213343587601512
leaf_weight=5055 138 2303 443 2073 399 117 97 78 143 47 149 62 860 48 65 145 59 1537 443 64 756 1311
leaf_count=5055 138 2303 443 2073 399 117 97 78 143 47 149 62 860 48 65 145 59 1537 443 64 756 1311
internal_value=-0.00162588 -0.00307888 -0.000404843 -0.000954546 0.0002068 -0.00228763 0.00127912 -0.000127498 0.00192035 0.00199875 0.000758554 0.00325439 -0.000211124 0.000800653 0.00391525 0.000203987 0.000987179 -0.000369977 -0.00109174 -0.000107678 0.000827272 -0.000383983
internal_weight=16392 7475 8917 2965 892 2420 493 5952 221 396 258 109 5731 760 113 647 502 4971 1303 3668 820 2848
internal_count=16392 7475 8917 2965 892 2420 493 5952 221 396 258 109 5731 760 113 647 502 4971 1303 3668 820 2848
is_linear=0
shrinkage=0.035


Tree=97
num_leaves=23
num_cat=0
split_feature=9 9 12 12 22 16 22 1 5 11 25 3 12 12 8 12 9 22 24 22 11 7
split_gain=22.8839 1.32073 0.847318 0.829791 1.1414 0.800507 0.965813 0.746372 0.744286 0.643109 1.20993 1.2559 1.53647 1.20206 1.2959 1.30997 1.50998 0.990781 0.972026 3.40924 1.94773 0.91409
threshold=3.1832201304944365 7.7703153745869455 1.8502109131881215 2.0069950191163435 44839.000000000007 1.0000000180025095e-35 16785.000000000004 15.950345293025352 9.241967772053961 4.6106660861790632 142.00000000000003 17.901091648750974 4.0802083829452469 6.1733661069009056 12.533201776428085 6.5492767057550667 21.819805194805198 10086.000000000002 9795.0000000000018 46389.000000000007 5.5181060827125705 7.8571614926341864
decision_type=2 2 2 2 2 2 2 2 2 2 2 2 2 2 2 2 2 2 2 2 2 2
left_child=2 -2 -1 4 -4 9 -7 8 -8 10 -3 21 -13 18 -15 16 -16 -14 -11 20 -20 -12
right_child=1 5 3 -5 -6 6 7 -9 -10 13 11 12 17 14 15 -17 -18 -19 19 -21 -22 -23
leaf_value=-0.34676411313310329 -0.077096010379606089 -0.21409755681514991 -0.083048534241328006 -0.17848918511815828 0.1896034135926567 0.51987787255828788 -0.074719891201648236 -0.078153112502745689 0.40119730230055917 -0.13162152371439001 0.081413023714932906 -0.15238577005497139 1.1018748524061897 0.41203466068986749 0.055585863053671199 -0.049548049009014959 1.1753626449396843 0.16757618449964545 0.46472243990819001 -0.24384452312115007 -0.028648097438354551 -0.025543306247807512
leaf_weight=5903 3167 176 227 434 51 52 55 93 45 981 352 91 78 46 159 1611 45 139 63 342 58 2116
leaf_count=5903 3167 176 227 434 51 52 55 93 45 981 352 91 78 46 159 1611 45 139 63 342 58 2116
internal_value=-0.00162849 -0.000540522 -0.0032145 -0.00198675 -0.000408128 -0.000251192 0.00168 0.000388888 0.0025 -0.000330886 3.9059e-05 0.000225278 0.0023147 -0.000666164 -6.75249e-05 -0.00023077 0.00236124 0.00390991 -0.00142271 -5.98299e-05 0.00483333 -3.25524e-05
internal_weight=16284 9669 6615 712 278 6502 245 193 100 6257 2952 2776 308 3305 1861 1815 204 217 1444 463 121 2468
internal_count=16284 9669 6615 712 278 6502 245 193 100 6257 2952 2776 308 3305 1861 1815 204 217 1444 463 121 2468
is_linear=0
shrinkage=0.035


Tree=98
num_leaves=23
num_cat=0
split_feature=9 20 20 21 9 3 21 20 12 17 21 6 9 23 1 10 22 11 25 7 7 12
split_gain=22.4318 1.32555 2.10891 2.48307 2.04628 1.39879 1.12158 1.77575 1.3698 1.05052 2.02496 0.955274 0.834221 0.797505 0.741409 0.706842 0.705274 0.654413 1.38122 1.01637 0.746936 0.646993
threshold=3.1832201304944365 11.500000000000002 23.500000000000004 2.5000000000000004 8.5037084278155728 5.2852117926282993 3.5000000000000004 28.500000000000004 7.0574484588945285 1.0000000180025095e-35 3.5000000000000004 6.8416666666666677 2.5357338073371021 62950.000000000007 6.9966807769941894 4.3149794459588824 10086.000000000002 3.5025085394935593 807.00000000000011 9.0000186354913314 15.287460124205923 6.5492767057550667
decision_type=2 2 2 2 2 2 2 2 2 2 2 2 2 2 2 2 2 2 2 2 2 2
left_child=12 9 4 -4 -3 11 7 21 13 -2 -11 -6 -1 -8 -9 -10 -7 18 19 -18 -19 -5
right_child=1 2 3 6 5 16 8 14 15 10 -12 -13 -14 -15 -16 -17 17 20 -20 -21 -22 -23
leaf_value=-0.39514183554288157 -0.016822884202424358 -0.19110533181465503 -0.081745651422800408 0.20695367587309529 0.24648125759964745 0.057913083683170566 -0.08083491550104209 0.13724723877086059 0.32941694508879532 0.015015571246258864 0.23038562589038958 -0.11753318192581695 -0.14599608306856696 0.3870997024898748 -0.16247119286131148 0.36960555818125812 0.078299648363655341 -0.24391434441849866 0.21320338674273448 -0.21429333513513851 -0.051293808258311646 -0.041585470018492346
leaf_weight=5017 2834 1406 1052 336 47 389 372 46 60 733 161 45 1612 59 177 83 73 781 57 162 775 45
leaf_count=5017 2834 1406 1052 336 47 389 372 46 60 733 161 45 1612 59 177 83 73 781 57 162 775 45
internal_value=-0.00161999 -0.000544237 -0.000867673 -7.83081e-06 -0.00137567 -0.000725793 0.0010858 0.00213218 0 -2.15653e-05 0.00101613 0.00335567 -0.00318873 -0.00101147 -0.000276317 0.00288513 -0.000908565 -0.00119563 0.000271043 -0.000875001 -0.00148206 0.00357254
internal_weight=16322 9693 5965 2230 3735 2329 1178 604 574 3728 894 92 6629 431 223 143 2237 1848 292 235 1556 381
internal_count=16322 9693 5965 2230 3735 2329 1178 604 574 3728 894 92 6629 431 223 143 2237 1848 292 235 1556 381
is_linear=0
shrinkage=0.035


Tree=99
num_leaves=23
num_cat=0
split_feature=9 9 20 20 23 24 7 11 10 6 23 16 0 20 20 20 11 10 5 8 12 10
split_gain=22.2988 2.23804 1.57091 1.68996 1.49757 1.33038 1.26784 0.92686 0.892401 0.737108 0.641378 0.693017 1.16224 0.720461 1.40008 0.961446 0.818733 1.95974 1.048 0.793195 1.46947 0.926493
threshold=3.0003052311965184 8.1076388888888911 10.500000000000002 23.500000000000004 17650.000000000004 9795.0000000000018 6.7166477702191996 1.8093379942281738 2.2146697055682818 38.500000000000007 63800.000000000007 1.0000000180025095e-35 20.946428571428573 3.5000000000000004 11.500000000000002 18.500000000000004 4.6106660861790632 4.9280538030458176 22.797540755617458 21.14733922939617 8.7641404509052006 3.8297084310253569
decision_type=2 2 2 2 2 2 2 2 2 2 2 2 2 2 2 2 2 2 2 2 2 2
left_child=7 2 4 -4 8 -6 -3 -1 -2 10 11 13 -13 -8 16 -16 17 -15 -18 -17 21 -21
right_child=1 6 3 -5 5 -7 9 -9 -10 -11 -12 12 -14 14 15 19 18 -19 -20 20 -22 -23
leaf_value=-0.33230385226208059 -0.12712001907356082 0.26340571237604704 -0.19135172466401651 -0.016828736919830053 -0.098246051868100523 0.076110737177580684 -0.15377858809160433 -0.13142314446147899 0.40286811361425834 0.54827823829830413 -0.30415544769820596 0.2874685226690617 -0.013537999749561467 0.062941571666801061 -0.15390386888278229 -0.012755708194260619 -0.035201716306233588 0.97158941402533794 0.39557711724423622 0.99601587687022342 -0.099291217503948773 0.24252313021669883
leaf_weight=5451 47 77 1569 877 936 326 687 796 76 81 107 89 127 595 1326 1889 730 67 90 46 138 180
leaf_count=5451 47 77 1569 877 936 326 687 796 76 81 107 89 127 595 1326 1889 730 67 90 46 138 180
internal_value=-0.00156676 -0.000544213 -0.00120985 -0.00174357 -0.000251799 -0.000627073 -0.000131377 -0.00320889 0.00333594 -0.000191571 -0.000239632 -0.000187051 0.00172624 -0.000263429 -0.000114687 -0.000492188 0.000783792 0.0016949 2.12113e-05 -4.34021e-05 0.00143225 0.00316667
internal_weight=16307 10060 3831 2446 1385 1262 6229 6247 123 6152 6071 5964 216 5748 5061 3579 1482 662 820 2253 364 226
internal_count=16307 10060 3831 2446 1385 1262 6229 6247 123 6152 6071 5964 216 5748 5061 3579 1482 662 820 2253 364 226
is_linear=0
shrinkage=0.035


Tree=100
num_leaves=23
num_cat=0
split_feature=9 9 9 20 20 16 6 0 24 21 15 9 22 20 20 21 3 20 2 3 22 9
split_gain=21.4524 1.56642 1.42855 1.28379 1.15371 0.948996 1.01312 0.965257 0.89802 0.795628 0.8041 1.1642 0.792764 0.765341 1.25311 1.68139 1.0669 1.18373 0.959735 0.889584 0.828355 1.146
threshold=3.1832201304944365 7.7703153745869455 2.321297033566406 7.5000000000000009 24.500000000000004 1.0000000180025095e-35 38.500000000000007 20.946428571428573 7066.5000000000009 2.5000000000000004 0.069047619047619066 3.7422296529669432 5643.5000000000009 3.5000000000000004 11.500000000000002 1.5000000000000002 3.9929401464817613 19.500000000000004 13.982558156555685 20.946428571428573 48992.500000000007 13.773268587704081
decision_type=2 2 2 2 2 2 2 2 2 2 2 2 2 2 2 2 2 2 2 2 2 2
left_child=2 3 -1 -2 -5 6 13 8 -7 -6 11 -11 -4 -3 15 -15 -16 -18 19 -17 -19 -22
right_child=1 5 12 4 9 7 -8 -9 -10 10 -12 -13 -14 14 16 18 17 20 -20 -21 21 -23
leaf_value=-0.41416677010027109 0.00013290175745964621 -0.16513427727350688 -0.013007381557955498 -0.14681296003015751 -0.12053253857582898 0.41035543013865805 0.57052677163891663 -0.0064972557232085681 0.10211105725283595 0.34352583818421001 -0.11649760941644971 0.032521312769023022 -0.16428571722018612 -0.20288755533105363 0.32929659214286439 0.094105388305392695 -0.14561742077827428 -0.012529726615078212 0.020302765530684018 0.54310507626329108 0.4181627914951811 -0.0044949485780998062
leaf_weight=4383 864 750 271 1706 300 53 73 136 66 48 50 230 1916 413 55 514 1597 1983 608 54 80 148
leaf_count=4383 864 750 271 1706 300 53 73 136 66 48 50 230 1916 413 55 514 1597 1983 608 54 80 148
internal_value=-0.00153993 -0.000493733 -0.00308479 -0.00112879 -0.00155473 -0.000179419 -0.000267517 0.00188461 0.00412097 -0.000237758 0.000914414 0.00169435 -0.00231843 -0.000319721 -0.000171249 0.000649936 -0.000513962 -0.000590219 0.00133065 0.00236387 -5.686e-05 0.00190772
internal_weight=16298 9728 6570 3198 2334 6530 6275 255 119 628 328 278 2187 6202 5452 1589 3863 3808 1176 568 2211 228
internal_count=16298 9728 6570 3198 2334 6530 6275 255 119 628 328 278 2187 6202 5452 1589 3863 3808 1176 568 2211 228
is_linear=0
shrinkage=0.035


Tree=101
num_leaves=23
num_cat=0
split_feature=9 9 11 7 7 25 12 22 22 8 15 22 11 3 25 8 6 12 10 11 12 8
split_gain=21.9625 2.11982 1.10308 1.02472 0.883052 1.04575 0.785819 0.990605 1.44555 0.795771 0.731253 0.69165 0.739658 1.18697 0.6499 0.707062 0.599258 0.829138 0.67361 0.567167 0.669531 0.872162
threshold=3.0003052311965184 8.1076388888888911 1.8093379942281738 8.1454742027739808 15.580316863587543 430.00000000000006 4.5552233512821294 43337.000000000007 47334.500000000007 8.3365828615828637 0.10912698412698414 10086.000000000002 4.5648561858357821 18.955902356631452 381.00000000000006 3.0718573973290817 7.9732713418271493 3.6296836190780013 1.2724180205607056 2.7107714277658164 2.4850025229458326 4.0036998727253499
decision_type=2 2 2 2 2 2 2 2 2 2 2 2 2 2 2 2 2 2 2 2 2 2
left_child=2 16 -1 6 11 -6 7 -3 -9 -10 14 -5 13 -13 -4 -16 19 18 -18 20 -2 -22
right_child=1 3 10 4 5 -7 -8 8 9 -11 -12 12 -14 -15 15 -17 17 -19 -20 -21 21 -23
leaf_value=-0.31199176999756451 -0.081739777670052804 -0.001624031087376447 -0.099411179028007418 0.4412077063626646 0.073803507826380427 -0.044861316329276792 -0.19682250843743532 0.35399298122356909 0.14274040980951738 -0.10309387590013491 -0.26231799071919326 -0.034296459370230799 -0.14049381021039581 0.21753654927359381 -0.044761831411742649 0.10125117099156511 0.069881886439613836 0.13709297664731646 -0.070689387610236298 -0.13969822984602517 -0.15065462147599409 0.016248043269072122
leaf_weight=5487 1459 127 272 54 2171 799 76 64 53 57 328 1805 976 57 175 46 49 81 514 1123 108 557
leaf_count=5487 1459 127 272 54 2171 799 76 64 53 57 328 1805 976 57 175 46 49 81 514 1123 108 557
internal_value=-0.00153534 -0.000523188 -0.00315627 -0.000119956 -0.000236834 0.000182352 0.00163089 0.00244771 0.0041257 0.00136956 -0.00188983 -0.000672938 -0.000754661 -0.000331817 -0.00096988 0.000371681 -0.00116427 -0.000156395 -0.000665494 -0.00135824 -0.00100118 -5.22396e-05
internal_weight=16438 10130 6308 6239 5862 2970 377 301 174 110 821 2892 2838 1862 493 221 3891 644 563 3247 2124 665
internal_count=16438 10130 6308 6239 5862 2970 377 301 174 110 821 2892 2838 1862 493 221 3891 644 563 3247 2124 665
is_linear=0
shrinkage=0.035


Tree=102
num_leaves=23
num_cat=0
split_feature=9 20 20 21 9 21 11 20 11 22 21 20 17 20 1 9 11 27 11 21 3 22
split_gain=20.7952 1.32014 2.18635 2.11142 1.63373 1.39223 1.97136 1.43798 1.38895 1.31989 1.24007 2.646 1.31553 1.27624 1.15762 1.04024 0.982397 1.13984 1.29022 0.936692 1.00209 0.976541
threshold=3.0003052311965184 10.500000000000002 22.500000000000004 2.5000000000000004 8.214889277389279 3.5000000000000004 4.8719989877125967 30.500000000000004 6.6813197685079597 3735.5000000000005 1.5000000000000002 2.5000000000000004 1.0000000180025095e-35 1.5000000000000002 19.556552062598733 13.773268587704081 1.7908550173932825 2.5000000000000004 1.9561793638745544 3.5000000000000004 5.7847660902793931 19263.000000000004
decision_type=2 2 2 2 2 2 2 2 2 2 2 2 2 2 2 2 2 2 2 2 2 2
left_child=9 10 4 -4 -3 6 7 -5 -7 -1 13 -12 -13 -2 15 -14 -11 18 -18 20 -6 -22
right_child=1 2 3 5 19 8 -8 -9 -10 16 11 12 14 -15 -16 -17 17 -19 -20 -21 21 -23
leaf_value=-0.0090727319374468429 0.63077244886009154 -0.18320481292947016 -0.084540873633163857 0.16349912487051263 0.17658265071285598 -0.043049868708563706 -0.030064421436890882 -0.21443141243912023 0.36514523628438267 -0.31875122119684685 -0.1222072545779925 0.013596186633922057 0.052380056740156167 -0.26010375819172238 -0.045899488624573798 0.55502467232408537 0.12913458153470772 -0.15156032002119224 -0.18370083718578339 -0.23772920254937577 0.044992917857108135 -0.088919837986801045
leaf_weight=236 128 1477 1222 460 83 615 216 49 80 5279 643 1365 404 802 95 132 46 658 72 675 600 1046
leaf_count=236 128 1477 1222 460 83 615 216 49 80 5279 643 1365 404 802 95 132 46 658 72 675 600 1046
internal_value=-0.00153728 -0.000550115 -0.000846049 -6.21467e-05 -0.00137442 0.000847368 0.00191781 0.00310506 -0.000250001 -0.00311642 -3.91801e-06 0.000378592 0.00101274 -0.00110428 0.00233333 0.0029695 -0.003217 -0.00197631 0.00105284 -0.000797635 -0.000351212 -0.000553302
internal_weight=16383 10092 6523 2642 3881 1420 725 509 695 6291 3569 2639 1996 930 631 536 6055 776 118 2404 1729 1646
internal_count=16383 10092 6523 2642 3881 1420 725 509 695 6291 3569 2639 1996 930 631 536 6055 776 118 2404 1729 1646
is_linear=0
shrinkage=0.035


Tree=103
num_leaves=23
num_cat=0
split_feature=11 15 16 0 22 22 0 27 12 24 10 20 20 11 23 10 11 22 11 12 4 11
split_gain=19.7271 2.23525 1.24804 1.3379 1.35964 1.15351 0.963723 1.13972 0.883822 1.06294 1.08356 0.967064 1.6397 1.0658 2.51877 0.989766 1.32858 0.821757 1.06196 1.10922 0.702253 0.75074
threshold=1.7908550173932825 0.10912698412698414 1.0000000180025095e-35 5.2614774216179452 13885.000000000002 3735.5000000000005 10.88417315867712 3.5000000000000004 4.5085896562869303 15110.000000000002 3.7606990231680517 10.500000000000002 19.500000000000004 3.9453686856787002 41450.000000000007 1.2724180205607036 2.1295624404935602 17236.500000000004 1.9057460827371875 1.8312649797841705 11.852133989485408 2.7107714277658164
decision_type=2 2 2 2 2 2 2 2 2 2 2 2 2 2 2 2 2 2 2 2 2 2
left_child=5 2 6 -4 -5 -1 8 -8 9 11 -11 13 -13 17 -15 16 -14 -2 19 -19 21 -17
right_child=1 -3 3 4 -6 -7 7 -9 -10 10 -12 12 15 14 -16 20 -18 18 -20 -21 -22 -23
leaf_value=-0.03791488298273589 0.033248508623876384 -0.25102982865431106 0.13128057424009029 0.62177388176481629 -0.022250125386701944 -0.28134076530576013 0.0035180292295343813 -0.055560229241213413 -0.25699525454766375 0.16706021484975514 -0.16366306772969674 -0.16684475028113591 -0.026791341622919334 -0.14044918777156182 0.41997542784161013 -0.0050397126200907817 0.11455516471291143 -0.073034825391872643 -0.068346536572271452 0.17327512926939886 0.062496184658631937 -0.11807335855773018
leaf_weight=260 175 400 56 49 262 5886 3548 864 669 114 46 1180 52 74 75 699 56 51 1092 56 178 454
leaf_count=260 175 400 56 49 262 5886 3548 864 669 114 46 1180 52 74 75 699 56 51 1092 56 178 454
internal_value=-0.00154828 -0.000597982 -0.00048975 0.00148656 0.000487341 -0.00311307 -0.000569664 -0.000187798 -0.000904543 -0.000712678 0.00201515 -0.000824573 -0.00123247 -0.000109948 0.00263636 -0.000421746 0.00269469 -0.000428935 -0.000767443 0.0024375 -0.000696857 -0.00102159
internal_weight=16296 10150 9750 367 311 6146 9383 4412 4971 4302 160 4142 2619 1523 149 1439 108 1374 1199 107 1331 1153
internal_count=16296 10150 9750 367 311 6146 9383 4412 4971 4302 160 4142 2619 1523 149 1439 108 1374 1199 107 1331 1153
is_linear=0
shrinkage=0.035


Tree=104
num_leaves=23
num_cat=0
split_feature=9 9 22 12 20 20 0 21 21 20 20 2 12 1 22 11 11 11 11 9 21 9
split_gain=20.9513 1.75573 1.41348 1.07464 1.10125 1.79017 1.08049 0.941441 0.851175 1.39824 1.36655 0.828457 1.27 1.33789 0.993831 0.951421 0.910391 1.60258 0.765761 1.34737 0.933393 0.741017
threshold=3.0003052311965184 15.030725974600367 3735.5000000000005 6.9008938940004301 10.500000000000002 20.500000000000004 12.996151141142256 2.5000000000000004 1.5000000000000002 2.5000000000000004 1.5000000000000002 12.035714285714286 3.5745092521292743 3.0003581617680068 32208.500000000004 4.6580355083470364 2.7345972240938861 3.1061795904859761 5.4617587062515272 15.96336015175301 3.5000000000000004 2.5357338073371021
decision_type=2 2 2 2 2 2 2 2 2 2 2 2 2 2 2 2 2 2 2 2 2 2
left_child=2 3 7 4 8 -6 -5 -1 10 -10 -2 12 13 -11 -15 -14 -16 -18 19 -3 -20 -4
right_child=1 18 21 6 5 -7 -8 -9 9 11 -12 -13 15 14 16 -17 17 -19 20 -21 -22 -23
leaf_value=-0.12013504816886751 0.52565573573848168 0.23851534857307344 -0.33274800166925556 -0.12455838774140826 -0.17525110861564078 -0.028145527432830313 0.29329617117863632 0.05279884253921327 -0.13384169178808941 0.044361783029350475 -0.25811578883737663 -0.071114360060244686 0.19922795876511615 -0.087736959141930554 -0.064630084710933552 -0.0013865044420462887 0.27418911239397115 0.0046886286887376323 -0.064454141920435942 0.044033000039697137 0.075431941114427165 -0.13178056883754496
leaf_weight=168 130 97 4995 63 2132 2219 50 74 422 189 494 192 224 293 149 99 53 99 1303 1042 760 1116
leaf_count=168 130 97 4995 63 2132 2219 50 74 422 189 494 192 224 293 149 99 53 99 1303 1042 760 1116
internal_value=-0.00152633 -0.000525962 -0.00309814 -0.000844049 -0.000903732 -0.00123416 0.0024322 -0.000382592 -0.00028161 0.000111593 -0.00138553 0.000690329 0.00106796 0.00027538 -0.000520034 0.00290244 0.000846404 0.00274204 0.00014515 0.000874999 -0.000250484 -0.00320242
internal_weight=16363 10010 6353 6808 6695 4351 113 242 2344 1720 624 1298 1106 783 594 323 301 152 3202 1139 2063 6111
internal_count=16363 10010 6353 6808 6695 4351 113 242 2344 1720 624 1298 1106 783 594 323 301 152 3202 1139 2063 6111
is_linear=0
shrinkage=0.035


Tree=105
num_leaves=23
num_cat=0
split_feature=9 22 9 20 20 12 21 21 20 21 20 20 9 23 9 22 21 12 6 8 21 20
split_gain=23.1769 1.45566 1.11469 0.824065 1.88917 2.92163 1.81259 1.32481 1.48872 1.17432 1.08472 1.01036 0.805721 1.50596 0.850416 0.778126 0.787028 0.951553 0.772475 0.895627 0.76123 1.53944
threshold=3.0003052311965184 3735.5000000000005 17.107946537883073 23.500000000000004 11.500000000000002 7.699841913030089 2.5000000000000004 3.5000000000000004 30.500000000000004 3.5000000000000004 18.500000000000004 27.500000000000004 11.148485071787837 60300.000000000007 3.4380168103750157 32208.500000000004 1.5000000000000002 3.7792168836356104 6.9747745027976142 3.5008585782075321 1.5000000000000002 2.5000000000000004
decision_type=2 2 2 2 2 2 2 2 2 2 2 2 2 2 2 2 2 2 2 2 2 2
left_child=1 -1 3 4 20 9 11 8 18 10 -6 15 13 14 -9 16 17 -5 19 -8 -2 -22
right_child=2 -3 -4 6 5 -7 7 12 -10 -11 -12 -13 -14 -15 -16 -17 -18 -19 -20 -21 21 -23
leaf_value=-0.011766843610344415 -0.15412231557759501 -0.26599958607240576 0.024472010318099775 0.10463780363926969 -0.13813006145836437 0.37228841305068722 0.60249155621858852 0.096452590226280818 -0.20630428292638245 -0.25222749169161812 -0.013021781114610047 -0.17278579306544015 -0.25461740636945529 0.31786666069646663 -0.093732536692421153 -0.10040124698960014 -0.19350644810584122 -0.0050206847623964117 0.22169630639918314 -0.0082434729610279846 -0.12936083764675657 0.022919446357655807
leaf_weight=238 759 6085 2600 64 1222 46 45 48 60 706 865 366 90 64 186 263 94 52 263 106 456 1608
leaf_count=238 759 6085 2600 64 1222 46 45 48 60 706 865 366 90 64 186 263 94 52 263 106 456 1608
internal_value=-0.0014504 -0.0031073 -0.000396068 -0.000616586 -0.00081957 -0.0014571 4.92372e-05 0.00118281 0.00241858 -0.00161115 -0.00117448 -0.00109479 -0.000293894 0.000542903 -0.000717574 0 0.00154651 0.00344215 0.00318258 0.000987179 -0.000170793 0.000170855
internal_weight=16286 6323 9963 7363 5662 2839 1701 862 474 2793 2087 839 388 298 234 473 210 116 414 151 2823 2064
internal_count=16286 6323 9963 7363 5662 2839 1701 862 474 2793 2087 839 388 298 234 473 210 116 414 151 2823 2064
is_linear=0
shrinkage=0.035


Tree=106
num_leaves=23
num_cat=0
split_feature=9 9 21 20 20 20 22 7 7 9 11 24 7 7 27 24 24 11 4 5 20 12
split_gain=20.3017 2.52632 1.85778 1.50957 2.18677 1.7192 1.19853 1.15762 1.18637 1.37304 1.25361 1.10834 1.34476 0.996496 1.22291 0.943021 1.60995 1.00177 0.841368 0.816297 1.15485 0.763185
threshold=2.6071448546910281 4.3603896103896114 2.5000000000000004 10.500000000000002 24.500000000000004 4.5000000000000009 47274.500000000007 32.642857142857146 5.5821741259895017 8.5037084278155728 2.3415410793018667 3555.0000000000005 3.1060629472273757 8.5703912678374952 3.5000000000000004 7576.0000000000009 4685.0000000000009 2.027286390693265 5.4734877778898161 4.3652723898902703 19.500000000000004 2.0353195344438961
decision_type=2 2 2 2 2 2 2 2 2 2 2 2 2 2 2 2 2 2 2 2 2 2
left_child=-1 2 -2 5 -5 -4 11 8 15 10 19 12 -6 14 -11 16 17 -3 -18 -10 -21 -7
right_child=1 7 3 4 6 21 -8 -9 9 13 -12 -13 -14 -15 -16 -17 18 -19 -20 20 -22 -23
leaf_value=-0.29407347329006983 -0.15192646823554071 0.078103439199800159 -0.047517754331545509 -0.17162939636772528 0.15981294898218093 0.083146175520796853 0.17890818023098812 0.70152452672279264 0.14430425140997588 0.0082241361972483183 -0.12398451738866292 -0.13815301842500535 -0.019351496407120972 -0.020675317802903621 0.27222508161423287 -0.057012598454984166 0.3227350570753888 -0.050288147192221411 0.053488831148844715 -0.29833985509631483 0.068466331875071423 0.010298146554791037
leaf_weight=5179 1107 70 240 634 52 150 49 57 80 265 1638 156 45 5537 73 230 78 208 54 192 133 91
leaf_count=5179 1107 70 240 634 52 150 49 57 80 265 1638 156 45 5537 73 230 78 208 54 192 133 91
internal_value=-0.00147372 -0.000629398 -0.00160399 -0.00074332 -0.00156589 0.000820987 0.000832247 -0.000341068 -0.000377263 -0.000496088 -0.00127832 -0.000108528 0.00267647 -0.000220239 0.00160204 0.00105814 0.00206626 0.000457596 0.00518613 0.000426828 -0.000318183 0.00290244
internal_weight=16318 11139 2524 1417 936 481 302 8615 8558 7918 2043 253 97 5875 338 640 410 278 132 405 325 241
internal_count=16318 11139 2524 1417 936 481 302 8615 8558 7918 2043 253 97 5875 338 640 410 278 132 405 325 241
is_linear=0
shrinkage=0.035


Tree=107
num_leaves=23
num_cat=0
split_feature=8 22 3 12 20 24 10 4 10 8 20 21 0 6 20 20 21 21 20 11 21 24
split_gain=20.9633 1.83265 1.54401 1.04339 0.617274 0.605573 1.11933 1.12894 0.870076 0.852731 0.988451 0.91927 0.820072 0.6012 0.598625 2.49974 2.03881 1.57255 1.075 1.03539 0.9536 0.769615
threshold=2.9845125473974528 3735.5000000000005 11.35416666666667 7.361597660230756 24.500000000000004 10740.000000000002 2.9113897843110066 7.9927388748624617 2.6240947944630517 3.2861431116147957 10.500000000000002 2.5000000000000004 12.996151141142256 6.9747745027976142 7.5000000000000009 4.5000000000000009 2.5000000000000004 3.5000000000000004 21.500000000000004 4.700362389583014 2.5000000000000004 7066.5000000000009
decision_type=2 2 2 2 2 2 2 2 2 2 2 2 2 2 2 2 2 2 2 2 2 2
left_child=1 4 3 5 -1 -2 7 9 -9 -7 11 -11 -8 -14 15 16 19 20 -16 -4 -17 -20
right_child=2 -3 14 -5 -6 6 12 8 -10 10 -12 -13 13 -15 18 17 -18 -19 21 -21 -22 -23
leaf_value=-0.11020105556835107 -0.070152617281623642 -0.26246828905575453 0.0026847506700994196 0.10776804835008025 0.095341990283235756 0.26790725757802475 -0.12446068097785463 0.044416745835294959 0.35332562296348491 -0.020973057656356126 -0.070316589723979972 0.12216993084555852 0.17794015528134699 -0.16664476698515795 -0.067624441810665278 0.33494295427397691 -0.20663785705858556 0.25428212129168165 0.00050676830070129741 0.7211826783625761 -0.11939073375959965 0.13838521569341655
leaf_weight=146 4676 5945 90 184 68 46 381 145 59 105 264 66 72 144 2019 100 363 171 797 68 100 343
leaf_count=146 4676 5945 90 184 68 46 381 145 59 105 264 66 72 144 2019 100 363 171 797 68 100 343
internal_value=-0.00147365 -0.0030855 -0.000496961 -0.000846674 1.59809e-05 -0.000929147 -0.000236598 0.000710144 0.00286364 -0.000187244 -0.00071591 0.00127273 -0.00134884 0.000300904 2.93384e-05 0.000831103 -0.000705324 0.00301596 -0.000192479 0.00251227 0.000768292 0.000657204
internal_weight=16352 6159 10193 6142 214 5958 1282 685 204 481 435 171 597 216 4051 892 521 371 3159 158 200 1140
internal_count=16352 6159 10193 6142 214 5958 1282 685 204 481 435 171 597 216 4051 892 521 371 3159 158 200 1140
is_linear=0
shrinkage=0.035


Tree=108
num_leaves=23
num_cat=0
split_feature=8 22 11 11 25 10 25 3 25 20 20 21 21 25 8 11 22 10 20 23 7 2
split_gain=20.9999 2.04332 1.49748 1.43339 2.87553 1.82687 1.34952 0.909057 0.96797 0.748399 3.57103 1.4224 1.0222 1.06707 0.918091 1.15327 0.88956 0.833491 0.826444 1.24389 0.687898 0.753006
threshold=2.9845125473974528 3735.5000000000005 1.7908550173932825 1.9561793638745544 600.00000000000011 0.96975008699700671 729.50000000000011 10.345238095238097 106.50000000000001 7.5000000000000009 4.5000000000000009 3.5000000000000004 2.5000000000000004 233.00000000000003 15.932296791281653 3.7390679452605036 33201.500000000007 7.1279421404046248 21.500000000000004 61700.000000000007 24.357142857142858 25.102403528914756
decision_type=2 2 2 2 2 2 2 2 2 2 2 2 2 2 2 2 2 2 2 2 2 2
left_child=1 -1 -2 4 -4 -5 -3 8 -7 10 12 14 13 -9 15 -12 17 20 -18 -20 21 -11
right_child=2 6 3 5 -6 7 -8 9 -10 16 11 -13 -14 -15 -16 -17 18 -19 19 -21 -22 -23
leaf_value=0.015288586034724006 -0.11102899432168256 -0.28745349576494006 -0.030813264212985973 0.0789241449903548 0.093424632900638307 0.66333431138392918 -0.078874415028372571 0.42799316952384003 -0.059204426016046342 0.015768570263816718 -0.0071008583970892719 0.2450816694853421 -0.16470589677534209 -0.059850642304208064 -0.13811701631175327 0.53615254764217568 -0.22956301301760887 -0.11330669654386206 -0.24646433481950653 0.11970461948298085 -0.25291953076216167 0.34554208928354108
leaf_weight=207 744 5398 180 51 135 54 525 92 4637 1656 50 180 403 73 127 46 633 655 99 197 107 134
leaf_count=207 744 5398 180 51 135 54 525 92 4637 1656 50 180 403 73 127 46 633 655 99 197 107 134
internal_value=-0.00141768 -0.0030379 -0.000446287 -0.000325206 0.00196875 -0.00040673 -0.00315756 -0.000446874 -0.000787054 -8.4026e-05 0.000767417 0.00327696 -0.000995638 0.00123529 0.00125877 0.00377723 -0.00032731 4.10554e-06 -0.00125161 0.000220929 0.000382754 0.000555709
internal_weight=16383 6130 10253 9509 315 9194 5923 9143 4691 4452 971 403 568 165 223 96 3481 2552 929 296 1897 1790
internal_count=16383 6130 10253 9509 315 9194 5923 9143 4691 4452 971 403 568 165 223 96 3481 2552 929 296 1897 1790
is_linear=0
shrinkage=0.035


Tree=109
num_leaves=23
num_cat=0
split_feature=9 11 21 22 15 9 10 9 7 25 11 7 4 25 5 22 2 9 25 8 12 25
split_gain=20.6981 2.61314 0.934529 1.26867 0.931323 0.975205 1.21772 0.883164 1.16799 2.06069 1.03075 0.978909 0.972878 0.703308 0.713999 0.680915 0.666799 0.66425 0.656897 0.642048 0.594652 0.541734
threshold=2.5357338073371021 1.7908550173932825 2.5000000000000004 13885.000000000002 0.10912698412698414 2.7077488266584928 1.9760470401187082 7.7703153745869455 5.5821741259895017 166.00000000000003 2.3415410793018667 7.8571614926341864 6.9904008156964954 248.50000000000003 6.9024962152003235 52360.000000000007 8.3968943056541043 3.2517607586512871 729.50000000000011 6.9285807463170945 2.1419566360129445 171.00000000000003
decision_type=2 2 2 2 2 2 2 2 2 2 2 2 2 2 2 2 2 2 2 2 2 2
left_child=18 2 20 -4 5 6 -3 8 9 -7 13 12 -9 19 -15 -13 -14 -5 -1 -10 -2 -11
right_child=1 4 3 17 -6 7 -8 11 10 21 -12 15 16 14 -16 -17 -18 -19 -20 -21 -22 -23
leaf_value=-0.29961126851885211 -0.18861124000202789 -0.13435934628561022 0.05165479340376429 -0.10966915240598277 -0.18203970325262492 0.16214010725538877 0.11507627328981075 -0.033960216755462048 -0.30052673633446597 -0.15624691943261224 -0.1466082314536844 -0.01313981500680295 0.10845230953068898 0.27224033716575097 -0.27715109331960275 -0.4951802671654032 -0.025204843990097772 -4.1635741185455103e-05 -0.047451942650322931 0.089516742040292419 -0.010205817021040155 -0.012546644969640235
leaf_weight=4826 673 58 91 479 151 93 45 156 100 88 1157 5816 223 69 53 111 68 216 177 48 78 1509
leaf_count=4826 673 58 91 479 151 93 45 156 100 88 1157 5816 223 69 53 111 68 216 177 48 78 1509
internal_value=-0.00140301 -0.000569638 -0.00191116 -0.00102212 -0.000355385 -0.000309564 0.00298148 -0.000348674 -0.000831839 -0.000196166 -0.00156913 -0.000109187 0.00145575 0.000318181 0.0022874 -0.000231289 0.00264865 -0.00155 -0.00327636 -0.00121242 -0.00280556 -0.000506867
internal_weight=16285 11282 1537 786 9745 9594 103 9491 3117 1690 1427 6374 447 270 122 5927 291 695 5003 148 751 1597
internal_count=16285 11282 1537 786 9745 9594 103 9491 3117 1690 1427 6374 447 270 122 5927 291 695 5003 148 751 1597
is_linear=0
shrinkage=0.035


Tree=110
num_leaves=23
num_cat=0
split_feature=11 12 3 25 24 20 20 10 20 7 11 22 11 12 27 2 7 25 12 20 20 20
split_gain=19.0915 1.71335 1.2708 1.10176 1.05828 1.05016 2.00054 1.57819 0.996437 0.963585 1.33905 1.06155 0.948597 0.909658 0.834511 0.831872 0.812979 0.812322 0.790186 0.770024 1.35253 1.34579
threshold=1.8093379942281738 1.6852221055136734 11.35416666666667 106.50000000000001 3555.0000000000005 21.500000000000004 11.500000000000002 1.7043362064926926 2.5000000000000004 2.7871348190300576 1.9561793638745544 17236.500000000004 2.3183836986983235 9.0672569537313361 3.5000000000000004 7.1165179051553791 2.8580972105691704 600.00000000000011 4.2173699789465635 8.5000000000000018 23.500000000000004 4.5000000000000009
decision_type=2 2 2 2 2 2 2 2 2 2 2 2 2 2 2 2 2 2 2 2 2 2
left_child=1 16 3 -2 -3 6 8 -7 -5 -10 17 12 -12 14 19 -16 -1 -11 -9 21 -21 -4
right_child=2 4 13 5 -6 7 -8 18 9 10 11 -13 -14 -15 15 -17 -18 -19 -20 20 -22 -23
leaf_value=-0.27176560766626084 0.42542645084456032 0.0035686259664556245 -0.00082999100425013136 -0.1289194292353848 -0.1247717809131403 0.076808973913451012 -0.16216453154246166 -0.0043471244294756616 -0.20335852618995756 0.0077512978276439706 0.081694891906647582 -0.026000826736910745 0.022487391163303821 -0.072801109180281931 0.079699925374899783 -0.06838071586696913 -0.097889969196272922 0.1627060257388232 -0.17521870416496485 -0.054177389316163185 0.13743274712725212 0.22356177347891379
leaf_weight=4752 71 324 381 614 588 246 1840 1175 197 48 58 1309 155 412 94 661 565 47 325 1451 639 382
leaf_count=4752 71 324 381 614 588 246 1840 1175 197 48 58 1309 155 412 94 661 565 47 325 1451 639 382
internal_value=-0.00136431 -0.00288803 -0.000422355 -0.00074138 -0.00143893 -0.000796063 -0.00109186 -6.19654e-05 -0.000421497 0 0.000276201 6.8754e-06 0.00227982 5.65209e-05 0.000239274 -0.000782896 -0.00313172 0.0042 -0.000500001 0.000516794 0.00015871 0.00146745
internal_weight=16334 6229 10105 6085 912 6014 4268 1746 2428 1814 1617 1522 213 4020 3608 755 5317 95 1500 2853 2090 763
internal_count=16334 6229 10105 6085 912 6014 4268 1746 2428 1814 1617 1522 213 4020 3608 755 5317 95 1500 2853 2090 763
is_linear=0
shrinkage=0.035


Tree=111
num_leaves=23
num_cat=0
split_feature=9 11 21 23 20 20 9 20 21 21 11 8 11 20 21 25 7 21 25 10 12 10
split_gain=19.9184 2.03068 1.35054 1.60582 0.968134 1.99638 1.89798 1.82837 1.91499 2.86771 1.47064 1.20627 1.14483 1.08622 2.06959 0.992777 0.921981 0.897576 1.10373 0.87692 1.0841 1.06894
threshold=2.4643052359085309 1.7908550173932825 2.5000000000000004 17650.000000000004 23.500000000000004 11.500000000000002 8.394759971659246 28.500000000000004 2.5000000000000004 3.5000000000000004 4.7786153679873475 9.2512755102040831 6.6813197685079597 2.5000000000000004 1.5000000000000002 210.50000000000003 16.577380952380956 2.5000000000000004 195.50000000000003 5.5032457955023473 7.9131780114970178 5.1640940349864071
decision_type=2 2 2 2 2 2 2 2 2 2 2 2 2 2 2 2 2 2 2 2 2 2
left_child=-1 2 -2 -4 5 13 -7 8 -6 10 15 -8 -11 17 -15 -10 -13 18 -3 21 -21 -18
right_child=1 4 3 -5 7 6 11 -9 9 12 -12 16 -14 14 -16 -17 19 -19 -20 20 -22 -23
leaf_value=-0.27405513459880765 -0.15464456786474151 0.68880162795331623 0.065288428978818064 -0.076660567273522037 -0.018825838174230173 -0.14091847416898357 0.066786789836860275 -0.081050693496988763 0.11293955416380874 -0.032066374538611588 0.025702482822870645 -0.13587706327164306 0.33559190371694098 -0.13669344074242845 0.032898886020612909 0.31708105994280811 0.0088927157504818475 -0.22175768451902278 -0.076522401863126949 -0.21798554119147701 0.06456980905144441 0.28676691161381174
leaf_weight=4786 815 99 89 770 765 1472 222 691 88 362 118 1113 50 715 2237 182 333 460 285 373 249 57
leaf_count=4786 815 99 89 770 765 1472 222 691 88 362 118 1113 50 715 2237 182 333 460 285 373 249 57
internal_value=-0.00136821 -0.000578789 -0.00170727 -0.000704862 -0.000384873 -0.000574148 -0.0011386 0.000246129 0.000914012 0.00210869 0.00424809 -0.000508929 2.5179e-05 -9.21644e-07 0.000311294 0.00566364 -0.000772301 -0.00110895 9.89709e-05 0 -0.000820575 0.00128481
internal_weight=16331 11545 1674 859 9871 7615 3819 2256 1565 800 388 2347 412 3796 2952 270 2125 844 384 1012 622 390
internal_count=16331 11545 1674 859 9871 7615 3819 2256 1565 800 388 2347 412 3796 2952 270 2125 844 384 1012 622 390
is_linear=0
shrinkage=0.035


Tree=112
num_leaves=23
num_cat=0
split_feature=9 11 21 22 8 9 12 12 15 11 25 5 9 10 9 25 12 11 12 12 23 12
split_gain=18.9562 2.53415 1.00704 2.16399 1.22646 1.0457 1.11953 0.898331 0.892485 1.01927 2.18814 1.05457 0.961904 0.801815 0.976658 0.929824 1.15127 0.791878 0.727391 0.902336 0.930423 1.43905
threshold=2.321297033566406 1.7908550173932825 2.5000000000000004 13885.000000000002 2.9288295239897173 3.2517607586512871 1.7286107827082533 1.9877268929755418 0.10912698412698414 1.9561793638745544 210.50000000000003 1.9999246801866812 7.7703153745869455 2.8371280825101945 16.93000806161103 430.00000000000006 4.7751561600650705 3.049899905658854 2.6940104486236018 4.2173699789465635 42000.000000000007 3.9108788711712292
decision_type=2 2 2 2 2 2 2 2 2 2 2 2 2 2 2 2 2 2 2 2 2 2
left_child=-1 2 7 4 -4 -5 -7 -2 9 10 -3 -12 17 18 -15 16 -16 -11 -14 20 -20 -22
right_child=1 8 3 5 -6 6 -8 -9 -10 12 11 -13 13 14 15 -17 -18 -19 19 -21 21 -23
leaf_value=-0.29307801916748916 -0.16179243523894465 -0.11328830346420021 0.09054917968812716 -0.098701619206278818 -0.05644373850302685 0.14022977938601969 -0.07449456940951707 -0.00064986944287675249 -0.13676563330815533 -0.035132391887969759 0.13363586894388457 0.036695989191815548 -0.22037595232675061 -0.053338258167904891 0.5451577275849 -0.063463302025437415 0.02671561188700626 -0.14847063958938603 0.0036633628248693866 -0.026484045215762142 0.12636194314280139 0.40386660040912098
leaf_weight=4390 861 131 60 676 49 76 148 137 222 2088 50 287 144 2801 89 607 1756 710 309 392 285 60
leaf_count=4390 861 131 60 676 49 76 148 137 222 2088 50 287 144 2801 89 607 1756 710 309 392 285 60
internal_value=-0.00135067 -0.000625095 -0.00176044 -0.00094576 0.0035614 -0.00152763 0.000473798 -0.00255783 -0.000393117 -0.000340128 0.00123573 0.00274269 -0.000422454 -0.000183469 -0.000371435 0.000132478 0.000529729 -0.000965217 0.000629706 0.000962416 0.00175797 0.003
internal_weight=16328 11938 2007 1009 109 900 224 998 9931 9709 468 337 9241 6443 5253 2452 1845 2798 1190 1046 654 345
internal_count=16328 11938 2007 1009 109 900 224 998 9931 9709 468 337 9241 6443 5253 2452 1845 2798 1190 1046 654 345
is_linear=0
shrinkage=0.035


Tree=113
num_leaves=23
num_cat=0
split_feature=9 9 21 20 20 7 25 11 24 8 22 10 20 7 10 11 22 3 10 20 16 3
split_gain=18.967 2.31122 2.00374 1.72868 2.66238 1.39886 1.46588 1.9212 1.59318 1.39887 1.34827 0.987062 1.0566 0.880046 0.861548 0.80702 0.786026 0.674733 0.722832 0.798326 0.673954 0.595825
threshold=2.321297033566406 4.0017607586512876 2.5000000000000004 24.500000000000004 10.500000000000002 5.5821741259895017 248.50000000000003 1.9561793638745544 3555.0000000000005 6.2169130934036625 44839.000000000007 2.8199966227605588 4.5000000000000009 15.44637328615657 2.8371280825101945 2.4048769312799494 13885.000000000002 4.9547980748721674 2.2677868380553665 4.5000000000000009 1.0000000180025095e-35 5.6225331621782955
decision_type=2 2 2 2 2 2 2 2 2 2 2 2 2 2 2 2 2 2 2 2 2 2
left_child=-1 2 20 4 11 6 15 8 -8 -7 16 12 -4 14 17 -3 -5 -11 -19 -20 -2 -21
right_child=1 5 3 10 -6 9 7 -9 -10 13 -12 -13 -14 -15 -16 -17 -18 18 19 21 -22 -23
leaf_value=-0.28240413194263503 -0.13260353604050906 -0.013229968037514778 -0.062670833637409787 0.088055028411121797 -0.14031629775014576 -0.19067243731961597 0.089131534832708567 -0.086490901846988127 -0.059887350799940148 -0.15211880546767234 0.10575648503931828 0.036512405750420439 0.028574154791550371 0.0072191357155581828 -0.075153246918209668 0.13961602425782282 -0.05034902219694793 -0.025310946137654691 -0.21497802627264043 0.15576690244539604 0.016888497495068718 0.026329698265582992
leaf_weight=4431 1416 67 267 58 768 335 53 374 49 96 82 66 292 3039 2984 223 208 827 100 59 56 585
leaf_count=4431 1416 67 267 58 768 335 53 374 49 96 82 66 292 3039 2984 223 208 827 100 59 56 585
internal_value=-0.00135402 -0.000629237 -0.0014335 -0.000613403 -0.00117167 -0.000332652 0.00108495 -8.00424e-05 0.00402336 -0.000470736 0.00155666 0.000499999 0 -0.000370696 -0.00067354 0.00302542 0.000245387 -2.51204e-05 0.000142131 0.000939252 -0.00238626 0.00140755
internal_weight=16435 12004 3213 1741 1393 8791 766 476 102 8025 348 625 559 7690 4651 290 266 1667 1571 744 1472 644
internal_count=16435 12004 3213 1741 1393 8791 766 476 102 8025 348 625 559 7690 4651 290 266 1667 1571 744 1472 644
is_linear=0
shrinkage=0.035


Tree=114
num_leaves=23
num_cat=0
split_feature=8 16 22 25 3 2 3 20 14 25 12 12 25 25 11 22 24 20 15 8 24 15
split_gain=18.8718 1.65214 1.58939 1.53255 1.25878 0.963032 1.3388 0.73037 0.965261 0.714251 0.834992 0.912012 0.740521 1.79523 0.73203 0.824962 0.669445 1.02126 1.37117 1.09968 0.777945 0.708254
threshold=2.6434676052501795 1.0000000180025095e-35 3735.5000000000005 729.50000000000011 10.345238095238097 22.797540755617458 2.1998623156901673 20.500000000000004 0.13392857142857145 106.50000000000001 4.2173699789465635 3.1148531105018393 191.00000000000003 195.50000000000003 2.7345972240938861 31488.000000000004 3555.0000000000005 5.5000000000000009 1.0000000180025095e-35 3.214714540186224 4472.0000000000009 0.072751322751322761
decision_type=2 2 2 2 2 2 2 2 2 2 2 2 2 2 2 2 2 2 2 2 2 2
left_child=2 4 -1 -4 9 6 -3 -5 -9 -2 11 16 -13 -14 15 -15 17 18 -11 -20 -18 -22
right_child=1 5 3 7 -6 -7 -8 8 -10 10 -12 12 13 14 -16 -17 20 -19 19 -21 21 -23
leaf_value=0.019854274241542007 0.54052433540348632 0.12108884113296432 -0.25991023230316584 -0.13209824747792231 -0.0053085291833343219 0.5823341990339459 0.00987987346672849 -0.059132279889497597 0.088799546899078138 -0.078980540907417657 -0.16875236877527061 -0.12841833781690154 0.28706379893751904 0.087996891200632768 -0.034059489655632394 0.0063128811905669366 -0.13460832152028918 -0.039957890857850717 0.014062767689673414 0.10749747658972536 -0.035618810534999781 -0.14746821072348873
leaf_weight=129 56 45 4939 179 4270 45 318 83 56 144 858 236 84 65 903 99 620 859 49 53 2050 155
leaf_count=129 56 45 4939 179 4270 45 318 83 56 144 858 236 84 65 903 99 620 859 49 53 2050 155
internal_value=-0.00133129 -0.000491938 -0.00302606 -0.00312087 -0.000578337 0.00166949 0.000970108 -0.000682663 0.00111805 -0.000895767 -0.000934467 -0.000764187 0 0.000375432 -6.53068e-06 0.00209172 -0.00103621 -0.000283785 0.00165936 0.00467757 -0.00132332 -0.000997738
internal_weight=16295 10909 5386 5257 10501 408 363 318 139 6231 6175 5317 1387 1151 1067 164 3930 1105 246 102 2825 2205
internal_count=16295 10909 5386 5257 10501 408 363 318 139 6231 6175 5317 1387 1151 1067 164 3930 1105 246 102 2825 2205
is_linear=0
shrinkage=0.035


Tree=115
num_leaves=23
num_cat=0
split_feature=8 9 16 9 21 20 20 7 9 5 24 26 15 20 7 12 15 10 7 0 12 12
split_gain=20.5154 1.79661 1.34571 1.27185 1.13507 0.985638 0.863716 0.762755 1.24444 1.19569 0.75105 1.00681 1.09856 0.932109 0.970347 0.682334 0.950189 0.677988 0.644343 1.08787 0.929403 1.06473
threshold=2.7140826393712847 2.2573163626507533 1.0000000180025095e-35 3.6675281567069598 2.5000000000000004 24.500000000000004 10.500000000000002 5.5821741259895017 7.7703153745869455 3.8288091991096409 1706.5000000000002 1.0000000180025095e-35 1.0000000180025095e-35 13.500000000000002 4.1439643496121894 1.6945345906557285 0.069047619047619066 2.4102953780654808 8.1454742027739808 10.88417315867712 4.2669690075239988 2.9980729411549816
decision_type=2 2 2 2 2 2 2 2 2 2 2 2 2 2 2 2 2 2 2 2 2 2
left_child=1 -1 -3 4 -2 6 -6 9 -9 -5 -11 12 13 14 -12 -7 -17 -15 20 -20 21 -10
right_child=3 2 -4 7 5 15 -8 8 18 10 11 -13 -14 17 -16 16 -18 -19 19 -21 -22 -23
leaf_value=-0.29342314826751831 -0.12159848615685986 -0.10217261315627486 0.040823991681507181 -0.054811260737398115 0.0047775847591710356 -0.051490957229387332 -0.13313774986365665 -0.097794534895343135 -0.034635763144791998 -0.19645797072167451 0.075956508053560787 0.16115616980831968 0.043977809445466622 -0.096578557373197635 0.043629051976230598 0.30420615537990531 -0.036216338495878499 0.04576754563157006 -0.066317733330152395 0.0038056016089914567 -0.14916338647514976 0.12452849567531502
leaf_weight=4251 757 1218 59 224 406 57 495 1492 125 66 60 83 95 181 245 48 47 69 1521 4422 111 307
leaf_count=4251 757 1218 59 224 406 57 495 1492 125 66 60 83 95 181 245 48 47 69 1521 4422 111 307
internal_value=-0.00126646 -0.00300027 -0.00180733 -0.000377312 -0.00122452 -0.000456523 -0.000911701 -0.00020442 -0.000321371 0.000687742 0.00133209 0.00166938 0.00114885 0.000499999 0.00180645 0.00207325 0.00385 -0.00102941 -0.000108382 -0.000216544 0.00103467 0.00178604
internal_weight=16339 5528 1277 10811 1810 1053 901 9001 7978 1023 799 733 650 555 305 152 95 250 6486 5943 543 432
internal_count=16339 5528 1277 10811 1810 1053 901 9001 7978 1023 799 733 650 555 305 152 95 250 6486 5943 543 432
is_linear=0
shrinkage=0.035


Tree=116
num_leaves=23
num_cat=0
split_feature=9 11 16 0 5 10 21 22 3 12 10 11 9 11 9 12 12 9 22 23 10 22
split_gain=19.5348 2.53968 1.06885 1.81646 1.08569 1.07773 0.89671 2.73086 0.873385 0.792256 0.965189 1.30311 0.895701 0.997129 0.825895 1.08854 1.02737 0.919758 0.856315 1.40052 0.845616 0.832683
threshold=2.2857338073371021 1.7908550173932825 1.0000000180025095e-35 5.0127769206881263 9.9933189851049971 4.9809159608975522 2.5000000000000004 5643.5000000000009 10.345238095238097 1.6501384241633306 1.2149857925879115 2.243478058400624 3.6675281567069598 2.5109198121977871 8.1076388888888911 4.0802083829452469 9.0672569537313361 12.933242316666913 47334.500000000007 42000.000000000007 3.1460006405269008 48992.500000000007
decision_type=2 2 2 2 2 2 2 2 2 2 2 2 2 2 2 2 2 2 2 2 2 2
left_child=-1 6 8 -4 -5 -6 -2 -8 9 -3 11 -11 -12 -14 -15 17 21 18 19 -16 -21 -17
right_child=1 2 3 4 5 -7 7 -9 -10 10 12 -13 13 14 15 16 -18 -19 -20 20 -22 -23
leaf_value=-0.27315330946792571 -0.13747540470143493 0.068725240975435128 0.11305116924242638 -0.098819796374224556 0.51507869055729716 0.021687730725872042 0.086224478404338056 -0.078581364370979248 -0.0011126742669090636 -0.076719996251623707 -0.094968612015593354 0.11918580108514758 0.010097086015549062 -0.10603141608533277 -0.065416405023820831 -0.15706768780535357 0.50312848249503372 0.22074023504128412 -0.073908103914361048 0.24853430868340778 0.020541909957729348 0.20151101932702639
leaf_weight=4312 1025 81 59 160 47 107 88 947 4259 107 980 77 1061 1342 295 712 61 49 274 95 114 98
leaf_count=4312 1025 81 59 160 47 107 88 947 4259 107 980 77 1061 1342 295 712 61 49 274 95 114 98
internal_value=-0.00127652 -0.000550154 -0.000316589 0.0015 0.000340125 0.0024434 -0.00166949 -0.000908655 -0.000389699 -0.000687442 -0.000743834 0.00168518 -0.000836808 -0.000601803 -0.000925288 -0.000396654 -0.00126256 0.000496393 0.000165389 0.00103831 0.00320561 -0.00161043
internal_weight=16350 12038 9978 373 314 154 2060 1035 9605 5346 5265 184 5081 4101 3040 1698 871 827 778 504 209 810
internal_count=16350 12038 9978 373 314 154 2060 1035 9605 5346 5265 184 5081 4101 3040 1698 871 827 778 504 209 810
is_linear=0
shrinkage=0.035


Tree=117
num_leaves=23
num_cat=0
split_feature=9 25 12 20 15 9 25 21 9 20 20 21 20 21 12 8 20 21 27 12 20 25
split_gain=17.9977 2.23756 1.77945 1.33684 1.23791 1.46604 1.22201 1.20166 1.38005 0.860712 1.0632 1.99286 1.36089 1.62673 1.26625 2.19061 1.22635 1.06843 1.41407 1.30756 1.23273 1.38636
threshold=2.4643052359085309 729.50000000000011 1.7711665843932054 17.500000000000004 0.10912698412698414 2.7173254579940811 180.50000000000003 2.5000000000000004 3.2517607586512871 30.500000000000004 23.500000000000004 2.5000000000000004 11.500000000000002 3.5000000000000004 7.699841913030089 16.872397719833153 18.500000000000004 3.5000000000000004 3.5000000000000004 6.6411069053247589 27.500000000000004 299.00000000000006
decision_type=2 2 2 2 2 2 2 2 2 2 2 2 2 2 2 2 2 2 2 2 2 2
left_child=1 6 7 -3 5 -4 -1 -2 -9 10 12 -12 -7 14 16 -16 -14 19 -19 20 21 -13
right_child=2 3 4 -5 -6 9 -8 8 -10 -11 11 17 13 -15 15 -17 -18 18 -20 -21 -22 -23
leaf_value=-0.056137790309576489 -0.13857582156815232 -0.091267061967895441 0.11030897324227124 0.068605364388232393 -0.16144197703480723 0.0028380235495989812 -0.26811100765703361 -0.057663502520851249 0.071536577800490067 -0.26881153134339608 -0.056388976625555587 0.12079440332221497 -0.099545829083075188 -0.19527739536820424 0.61875721992069066 0.014151269662348913 0.0057845775873670985 0.06967618878256128 -0.27116528329638456 -0.098769552752187656 0.062180495494091874 0.22077114628316466
leaf_weight=309 652 71 127 76 184 3727 4350 583 103 157 1002 153 1478 1048 49 175 1056 475 145 71 205 118
leaf_count=309 652 71 127 76 184 3727 4350 583 103 157 1002 153 1478 1048 49 175 1056 475 145 71 205 118
internal_value=-0.00122872 -0.00302713 -0.000475159 0.00110526 -0.000314743 -0.000259584 -0.00316231 -0.00167573 -0.000612881 -0.000310118 -0.000265737 0.000412143 -0.000463386 -0.000928497 -0.000472494 0.00200218 -0.000701655 0.00139761 0.000363999 0.00252355 0.00319439 0.00474275
internal_weight=16314 4806 11508 147 10170 9986 4659 1338 686 9859 9702 2169 7533 3806 2758 224 2534 1167 620 547 476 271
internal_count=16314 4806 11508 147 10170 9986 4659 1338 686 9859 9702 2169 7533 3806 2758 224 2534 1167 620 547 476 271
is_linear=0
shrinkage=0.035


Tree=118
num_leaves=23
num_cat=0
split_feature=15 11 25 21 23 9 20 12 23 20 21 20 21 24 17 21 12 7 21 9 11 10
split_gain=17.1894 2.39856 1.17318 0.9141 2.23625 0.830481 0.762064 1.61341 2.0337 1.19053 1.90283 1.80524 2.85512 1.84873 1.82529 1.0958 1.09191 1.0337 1.01656 1.00707 1.00451 0.995328
threshold=0.10263157894736843 1.7767208746144918 180.50000000000003 2.5000000000000004 7350.0000000000009 3.2878635146613098 23.500000000000004 2.1661401781727538 41450.000000000007 10.500000000000002 3.5000000000000004 4.5000000000000009 2.5000000000000004 3792.0000000000005 1.0000000180025095e-35 2.5000000000000004 8.0938199012078709 8.2857329212056161 2.5000000000000004 13.773268587704081 8.8860003052625043 5.9120538692049296
decision_type=2 2 2 2 2 2 2 2 2 2 2 2 2 2 2 2 2 2 2 2 2 2
left_child=1 3 -2 -1 -5 -6 9 8 -8 11 16 15 -13 -14 21 -3 -11 -16 -9 -19 -20 -15
right_child=2 6 -4 4 5 -7 7 18 -10 10 -12 12 13 14 17 -17 -18 19 20 -21 -22 -23
leaf_value=-0.13171417009487121 -0.061628149585942558 0.025321630684790479 -0.24024271074662959 0.060794214701568379 -0.089209086978781604 0.021838652457591694 -0.013601079399201835 -0.060634710653783168 0.21127060964712086 -0.039314336329895214 -0.19751980515936313 -0.044242236296537361 -0.0092904969645255901 0.027618620546736847 0.23001165505967891 -0.1119595859805773 0.15571549082594607 0.021044834528922869 0.034566815698597556 0.59454286464577721 0.64237755247334849 0.23461429366902931
leaf_weight=1056 370 699 4265 76 752 176 99 957 78 2698 1106 895 256 417 91 841 221 78 1028 62 45 59
leaf_count=1056 370 699 4265 76 752 176 99 957 78 2698 1106 895 256 417 91 841 221 78 1028 62 45 59
internal_value=-0.00125168 -0.000534203 -0.00305496 -0.00161864 -0.000829039 -0.00132422 -0.000299689 0.000265822 0.00342308 -0.000470249 -0.000877172 7.1987e-06 0.000745839 0.00206818 0.00298876 -0.000872169 -0.000399796 0.00554661 -8.60034e-06 0.00325862 0.000720778 0.00166632
internal_weight=16325 11690 4635 2060 1004 928 9630 2207 177 7423 4025 3398 1858 963 707 1540 2919 231 2030 140 1073 476
internal_count=16325 11690 4635 2060 1004 928 9630 2207 177 7423 4025 3398 1858 963 707 1540 2919 231 2030 140 1073 476
is_linear=0
shrinkage=0.035


Tree=119
num_leaves=23
num_cat=0
split_feature=9 9 16 7 24 25 21 24 20 25 9 9 9 25 9 21 20 20 25 10 20 25
split_gain=15.9382 1.9109 1.78028 1.38582 2.61019 1.30126 1.06109 1.02303 0.909874 0.77619 1.18754 1.75505 1.24757 0.86806 0.690518 0.639412 0.792228 1.33637 0.718423 0.556494 0.501546 0.927113
threshold=2.321297033566406 4.0017607586512876 1.0000000180025095e-35 4.8582227003737612 11523.000000000002 729.50000000000011 1.5000000000000002 11523.000000000002 26.500000000000004 106.50000000000001 15.96336015175301 18.866071428571434 19.831351334706785 142.00000000000003 1.8976505883434529 2.5000000000000004 10.500000000000002 24.500000000000004 878.00000000000011 1.7043362064926926 8.5000000000000018 233.00000000000003
decision_type=2 2 2 2 2 2 2 2 2 2 2 2 2 2 2 2 2 2 2 2 2 2
left_child=14 2 7 4 6 -4 -3 15 -9 10 -5 -12 -13 -11 -1 18 -17 -18 -2 -19 21 -15
right_child=1 3 5 9 -6 -7 -8 8 -10 13 11 12 -14 20 -16 16 17 19 -20 -21 -22 -23
leaf_value=-0.36080059210264964 -0.14181934261627813 0.1324762778978088 -0.0017385770946861288 0.28447208902124677 -0.12305044937375602 0.084899375082188519 0.037143112799225074 -0.023976649236786655 0.033667472146041308 -0.1429421256641876 -0.18626669799368351 0.88084031051479672 0.019859260909424359 0.081216753671193354 -0.11501345402355242 -0.0033527993476701696 -0.14333975061346793 0.024933700915330367 -0.042536374616395645 -0.12643131943513339 -0.040839394050159669 -0.040389748072560412
leaf_weight=3296 1000 97 90 53 123 56 119 286 61 499 185 70 223 925 1081 513 692 186 213 116 5237 1262
leaf_count=3296 1000 97 90 53 123 56 119 286 61 499 185 70 223 925 1081 513 692 186 213 116 5237 1262
internal_value=-0.00130876 -0.000647199 -0.00137912 -0.000377132 0.0017907 0.0022947 0.00410181 -0.00156315 0.000178976 -0.000467136 0.000809701 0.000195651 0.00190268 -0.000555374 -0.00311661 -0.00179174 -0.00127778 -0.00185335 -0.00240805 3.42011e-05 -0.000456523 -3.19426e-06
internal_weight=16383 12006 3213 8793 339 146 216 3067 347 8454 531 478 293 7923 4377 2720 1507 994 1213 302 7424 2187
internal_count=16383 12006 3213 8793 339 146 216 3067 347 8454 531 478 293 7923 4377 2720 1507 994 1213 302 7424 2187
is_linear=0
shrinkage=0.035


Tree=120
num_leaves=23
num_cat=0
split_feature=15 11 25 16 7 9 7 24 21 10 10 21 11 8 22 22 8 20 5 10 1 0
split_gain=17.5145 2.16284 1.23679 1.2272 1.16253 1.01447 1.77534 1.66371 1.49961 1.25428 0.945 0.900798 1.4918 1.27961 0.777356 1.09814 1.1257 0.951778 0.736342 0.834556 0.727334 0.689978
threshold=0.10263157894736843 1.4566109428538025 180.50000000000003 1.0000000180025095e-35 4.2943137120586199 4.3603896103896114 5.2914285714285727 8120.5000000000009 3.5000000000000004 2.1380899352993974 1.5735915849388864 2.5000000000000004 1.5424399110243752 2.9288295239897173 47274.500000000007 15527.500000000002 3.214714540186224 9.5000000000000018 8.1083281831690481 4.9809159608975522 18.049040346336252 25.102403528914756
decision_type=2 2 2 2 2 2 2 2 2 2 2 2 2 2 2 2 2 2 2 2 2 2
left_child=1 -1 -2 5 -5 11 7 8 9 10 -7 -3 13 -13 15 16 -14 -18 -6 -20 21 -8
right_child=2 3 -4 4 18 6 20 -9 -10 -11 -12 12 14 -15 -16 -17 17 -19 19 -21 -22 -23
leaf_value=-0.08794486052893738 -0.054639859494319834 -0.0988792608336653 -0.22613121121591848 0.074645658751891455 -0.074702142919639045 0.17000512323055375 -0.038258899195733213 -0.027690523905316341 -0.089901429428232052 0.15315436347371333 -0.0023689301051827462 0.14972290646995209 0.084303640511808858 -0.03727180514995386 0.01271494164422741 -0.10162897886479934 0.015698933728120128 -0.17270654973369867 0.47807586633881261 0.011514254873885701 0.014829870816512401 0.13247485225598368
leaf_weight=1183 353 835 4264 79 147 45 5922 138 45 71 70 46 74 54 166 528 53 110 53 117 1810 148
leaf_count=1183 353 835 4264 79 147 45 5922 138 45 71 70 46 74 54 166 528 53 110 53 117 1810 148
internal_value=-0.00121329 -0.000490342 -0.00303808 -0.000328167 0.00156234 -0.000404645 -0.000234917 0.00211497 0.00391525 0.00529581 0.002625 -0.00114297 -0.000425677 0.0035 -0.000882479 -0.00136364 0.000549586 -0.001 0.000521738 0.0021 -0.000348447 -0.000532923
internal_weight=16311 11694 4617 10511 396 10115 8249 369 231 186 115 1866 1031 100 931 765 237 163 317 170 7880 6070
internal_count=16311 11694 4617 10511 396 10115 8249 369 231 186 115 1866 1031 100 931 765 237 163 317 170 7880 6070
is_linear=0
shrinkage=0.035


Tree=121
num_leaves=23
num_cat=0
split_feature=8 9 20 22 12 16 0 2 22 12 9 25 12 21 11 3 21 20 20 20 21 8
split_gain=16.9572 2.22817 1.30657 1.97843 1.03657 0.833973 0.923263 0.928391 0.822228 0.76756 1.06936 2.16513 1.30705 0.932208 0.923122 0.960494 1.19314 0.879898 2.41622 0.909997 1.28376 1.51834
threshold=2.6434676052501795 1.8281713441864069 22.500000000000004 44839.000000000007 1.4175544765268404 1.0000000180025095e-35 4.0075510609739959 21.965076773329255 5643.5000000000009 6.1733661069009056 13.199527588272966 455.50000000000006 6.5492767057550667 3.5000000000000004 7.0211611074453542 15.888781740388525 2.5000000000000004 11.500000000000002 19.500000000000004 28.500000000000004 3.5000000000000004 3.3576964605203803
decision_type=2 2 2 2 2 2 2 2 2 2 2 2 2 2 2 2 2 2 2 2 2 2
left_child=1 -1 -3 8 -2 9 -7 -8 -4 17 11 -11 14 -14 15 -12 -17 -6 -19 20 -20 -22
right_child=4 2 3 -5 5 6 7 -9 -10 10 12 -13 13 -15 -16 16 -18 18 19 -21 21 -23
leaf_value=-0.36088374446181826 -0.12506513775005546 -0.11999230147511193 0.053695411493933823 0.040483357020412149 -0.0051920005414199649 0.10189713105404527 -0.021514748740154112 0.54363731954229266 -0.068860528819268088 0.39159697849056968 -0.052109568269477463 -0.090252128755047775 -0.091823705382394608 0.029385458386183883 -0.14593799307602787 1.1574681791450434 0.45866838399298482 -0.14397323679213422 0.017403235466419819 -0.10177910612699714 0.055981530744787754 -0.14636571324634837
leaf_weight=3192 291 1499 52 73 3256 55 306 51 608 46 51 51 992 733 69 56 53 2056 1752 593 103 441
leaf_count=3192 291 1499 52 73 3256 55 306 51 608 46 51 51 992 733 69 56 53 2056 1752 593 103 441
internal_value=-0.00117792 -0.00277795 -0.00190411 -0.000654472 -0.000383213 -0.000324445 0.00120024 0.000464088 -0.00128947 -0.00038798 0.000211089 0.00370588 1.96521e-05 -0.000303469 0.00248291 0.00392424 0.00571053 -0.000539972 -0.000834344 -0.000174154 0.000135375 -0.00133242
internal_weight=16379 5424 2232 733 10955 10664 412 357 660 10252 2051 97 1954 1725 229 160 109 8201 4945 2889 2296 544
internal_count=16379 5424 2232 733 10955 10664 412 357 660 10252 2051 97 1954 1725 229 160 109 8201 4945 2889 2296 544
is_linear=0
shrinkage=0.035


Tree=122
num_leaves=23
num_cat=0
split_feature=8 9 16 23 12 16 23 21 2 7 12 25 25 7 1 12 11 25 10 25 12 12
split_gain=17.3299 1.93444 1.19813 1.0323 0.87352 0.698048 0.912529 1.77066 0.897039 0.753255 0.86599 0.875674 2.05473 1.71451 1.04058 0.958665 0.968274 0.939423 0.93389 0.913382 0.859777 1.55906
threshold=2.5718369743430354 1.8281713441864069 1.0000000180025095e-35 4900.0000000000009 1.4123416706693164 1.0000000180025095e-35 46750.000000000007 2.5000000000000004 21.965076773329255 15.287460124205923 4.3226062937579153 191.00000000000003 195.50000000000003 8.8530636656576522 13.013525075797139 3.085010526822328 2.7586029271879813 600.00000000000011 2.4102953780654808 455.50000000000006 3.4870934248306749 3.9425126036632778
decision_type=2 2 2 2 2 2 2 2 2 2 2 2 2 2 2 2 2 2 2 2 2 2
left_child=1 -1 3 -3 -2 9 8 -8 -7 10 11 -6 13 -13 15 -14 18 -18 -17 -20 -15 -22
right_child=4 2 -4 -5 5 6 7 -9 -10 -11 -12 12 14 20 -16 16 17 -19 19 -21 21 -23
leaf_value=-0.34729981748837702 -0.12974306593417029 0.027007788324967089 0.048312109952241847 -0.10002502531688658 -0.074950899113599048 -0.042433805126941247 -0.064099367896215953 0.20917068131021962 0.41461179383089003 0.0097940914495388519 -0.092293744221471616 0.48637124066493709 -0.027933542086055103 -0.13335127296232863 -0.16917260037673948 0.0022463443305466221 0.036108943412226632 -0.11186481151623121 0.070838564826636238 0.13732940077101108 0.61377405065516055 -0.048711061093336519
leaf_weight=3179 297 99 75 1858 1065 241 61 77 45 2872 1389 46 3036 50 324 114 834 394 49 52 50 64
leaf_count=3179 297 99 75 1858 1065 241 61 77 45 2872 1389 46 3036 50 324 114 834 394 49 52 50 64
internal_value=-0.00114531 -0.00280886 -0.00193643 -0.00210856 -0.000359016 -0.000304886 0.00106876 0.00335315 -1.20283e-05 -0.0003634 -0.000548984 -0.000364213 -0.000166003 0.00317442 -0.000318844 -0.000174845 0.000560773 0.0001618 0.00270454 0.0050849 0.00126331 0.00297059
internal_weight=16271 5211 2032 1957 11060 10763 424 138 286 10339 7467 6078 5013 210 4803 4479 1443 1228 215 101 164 114
internal_count=16271 5211 2032 1957 11060 10763 424 138 286 10339 7467 6078 5013 210 4803 4479 1443 1228 215 101 164 114
is_linear=0
shrinkage=0.035


Tree=123
num_leaves=23
num_cat=0
split_feature=8 22 25 8 12 15 4 15 22 6 13 7 11 4 24 9 12 22 11 7 5 9
split_gain=16.7615 2.09102 1.87639 0.943643 0.965369 0.708315 0.694468 0.641925 0.580673 0.791299 0.551901 0.808254 0.638332 0.553072 0.543423 1.55731 1.11794 2.18366 1.899 1.87797 1.48579 0.983788
threshold=2.5718369743430354 3735.5000000000005 729.50000000000011 25.386904761904766 1.4123416706693164 0.18350168350168353 15.950345293025352 0.072751322751322761 28242.500000000004 2.1957070580768447 1.0000000180025095e-35 2.7871348190300576 1.9230162964014792 37.207737944866089 9795.0000000000018 3.4897302743485183 7.7940589212907598 46389.000000000007 5.5181060827125705 21.16836734693878 18.049040346336252 9.5007289286802958
decision_type=2 2 2 2 2 2 2 2 2 2 2 2 2 2 2 2 2 2 2 2 2 2
left_child=1 -1 5 4 -2 -3 -5 10 9 -9 13 -12 -13 14 -6 -16 17 18 20 21 -17 -19
right_child=3 2 -4 6 7 -7 -8 8 -10 -11 11 12 -14 -15 15 16 -18 19 -20 -21 -22 -23
leaf_value=0.056370539403720228 -0.11153724509287431 -0.11365769674522923 -0.0013441531829085935 0.67460843275184768 -0.028718759949198688 -0.34422154478149974 0.022719068567756039 0.035744345170894504 -0.11265764224719624 -0.085975406884427855 -0.081407118196393805 0.095881418074891353 0.014498764872104676 0.23198758043369591 0.22475713192717828 0.40591569227196622 -0.28282124084801646 0.0030392884280683375 -0.0078550290036765724 0.29833684264958565 -0.057063125401235072 -0.11177231452962259
leaf_weight=104 272 1950 276 89 6568 2882 300 98 229 155 143 68 140 62 81 176 166 1232 179 45 58 1055
leaf_count=104 272 1950 276 89 6568 2882 300 98 229 155 143 68 140 62 81 176 166 1232 179 45 58 1055
internal_value=-0.00114495 -0.00278216 -0.00288392 -0.000374832 -0.000437664 -0.00304414 0.00129695 -0.000381454 -0.00163142 -0.000379846 -0.000318502 0.00102247 0.00241549 -0.000369742 -0.000393362 0 -0.000139233 2.54537e-05 0.00236124 -0.000384896 0.00440795 -0.000537523
internal_weight=16328 5212 5108 11116 10727 4832 389 10455 482 253 9973 351 208 9622 9560 2992 2911 2745 413 2332 234 2287
internal_count=16328 5212 5108 11116 10727 4832 389 10455 482 253 9973 351 208 9622 9560 2992 2911 2745 413 2332 234 2287
is_linear=0
shrinkage=0.035


Tree=124
num_leaves=23
num_cat=0
split_feature=8 11 15 16 11 22 22 24 10 13 22 15 21 14 15 2 2 22 11 24 22 10
split_gain=17.7868 1.80739 1.43835 1.04872 0.982581 1.01161 1.7925 0.883599 0.880486 0.78525 0.756515 0.831492 0.816022 0.673203 0.661404 0.630669 0.984026 0.595133 0.539689 0.486192 1.13144 1.42274
threshold=2.4003779744695137 1.8093379942281738 0.18350168350168353 1.0000000180025095e-35 1.9561793638745544 17236.500000000004 24335.000000000004 3438.0000000000005 0.8997354108424388 1.0000000180025095e-35 17236.500000000004 0.04083333333333334 2.5000000000000004 1.0000000180025095e-35 0.069047619047619066 25.102403528914756 26.94184716045481 3735.5000000000005 1.9230162964014792 9795.0000000000018 31797.000000000004 1.7728105208558396
decision_type=2 2 2 2 2 2 2 2 2 2 2 2 2 2 2 2 2 2 2 2 2 2
left_child=2 7 3 17 5 -3 13 10 -6 18 12 -12 -2 -7 -14 19 -17 -1 -8 20 -10 -22
right_child=1 4 -4 -5 8 6 9 -9 15 -11 11 -13 14 -15 -16 16 -18 -19 -20 -21 21 -23
leaf_value=0.039182355588224006 -0.1390247130870696 -0.066159258137366894 -0.33731030036787063 0.047702779945517942 0.11076098572468748 0.13237906003424516 -0.022266772046070998 -0.082093964053959828 -0.010502364640575785 0.071874228806175722 0.0017372427501518995 0.14225560848868352 0.042161109029215216 0.026341781011529546 -0.15381323861847584 0.37843960715206015 0.0053381670919275901 -0.098634496461212862 0.03192089297179268 0.00010155362816112337 0.05611452689784651 -0.10882192924288848
leaf_weight=46 200 94 2880 65 50 73 158 1245 4055 56 171 47 61 49 63 106 567 1726 48 2790 180 1665
leaf_count=46 200 94 2880 65 50 73 158 1245 4055 56 171 47 61 49 63 106 567 1726 48 2790 180 1665
internal_value=-0.00110122 -0.000366388 -0.00291444 -0.00211292 -0.000178962 0.00135507 0.00216838 -0.00139063 -0.000259398 0.000432583 -0.000172761 0.00136547 -0.00126596 0.00559449 0.000841084 -0.000286935 0.000733038 -0.00227884 -0.000514219 -0.000368316 -0.000548265 -0.00126757
internal_weight=16395 11678 4717 1837 9891 478 384 1787 9413 262 542 218 324 122 124 9363 673 1772 206 8690 5900 1845
internal_count=16395 11678 4717 1837 9891 478 384 1787 9413 262 542 218 324 122 124 9363 673 1772 206 8690 5900 1845
is_linear=0
shrinkage=0.035


Tree=125
num_leaves=23
num_cat=0
split_feature=15 11 12 11 25 15 24 5 25 12 15 15 10 3 7 20 20 20 21 8 3 21
split_gain=17.1647 2.54277 1.239 1.0155 2.60861 2.01455 1.00537 0.946916 0.925712 0.869653 0.799774 1.08844 0.797063 0.74881 0.7486 0.676873 1.57381 1.33789 1.77928 0.948968 0.892168 0.958499
threshold=0.10912698412698414 1.7908550173932825 2.4549571206825376 1.9561793638745544 600.00000000000011 0.04083333333333334 3438.0000000000005 23.937493722930562 171.00000000000003 1.9877268929755418 1.0000000180025095e-35 0.054093567251461992 0.8997354108424388 13.938804010899039 3.1060629472273757 23.500000000000004 27.500000000000004 11.500000000000002 3.5000000000000004 7.5742775742775752 5.2852117926282993 1.5000000000000002
decision_type=2 2 2 2 2 2 2 2 2 2 2 2 2 2 2 2 2 2 2 2 2 2
left_child=1 2 6 4 -3 9 10 12 -2 -6 -1 14 -5 -9 -12 17 -17 -14 19 -19 21 -21
right_child=8 3 -4 7 5 -7 -8 13 -10 -11 11 -13 15 -15 -16 16 -18 18 -20 20 -22 -23
leaf_value=-0.097252301330414515 -0.040792877875867731 -0.021128921415321106 0.034386352314285773 0.10904876996415769 -0.066471236486947666 0.13099468927442326 -0.084776124087693708 -0.10474040231716178 -0.22161793973801489 0.16142774269891325 0.068883806108008663 -0.10139976229205264 -0.0027049156560275036 0.15250883783459371 -0.020522472241464071 0.037838486291376365 -0.073065002163859652 -0.10065745973974138 -0.19740084742489464 0.20372497509859341 -0.026726378942460317 -0.029008637120524854
leaf_weight=215 202 295 81 47 84 80 1636 110 3889 61 158 247 3318 668 79 1063 792 727 878 49 1586 77
leaf_count=215 202 295 81 47 84 80 1636 110 3889 61 158 247 3318 668 79 1063 792 727 878 49 1586 77
internal_value=-0.00110201 -0.000444355 -0.00146159 -0.000192074 0.0013 0.00410869 -0.00161539 -0.000277898 -0.00306421 0.0014 -0.00046733 0.000293455 -0.000385976 0.000880587 0.00199587 -0.000414068 0.000169354 -0.00057982 -0.00107676 -0.000578561 -0.000116192 0.00264504
internal_weight=16342 12251 2416 9835 520 225 2335 9315 4091 145 699 484 8537 778 237 8490 1855 6635 3317 2439 1712 126
internal_count=16342 12251 2416 9835 520 225 2335 9315 4091 145 699 484 8537 778 237 8490 1855 6635 3317 2439 1712 126
is_linear=0
shrinkage=0.035


Tree=126
num_leaves=23
num_cat=0
split_feature=9 11 20 9 9 20 20 21 20 21 21 17 20 9 10 20 9 23 12 1 20 21
split_gain=16.6919 2.09808 1.02061 0.972878 0.870799 0.799669 1.85044 1.76223 2.76594 2.02516 1.56344 1.56777 1.20602 1.19611 1.64371 1.05076 1.31179 0.913448 2.0543 0.830843 0.822423 1.49345
threshold=2.1887447115513892 1.7908550173932825 25.500000000000004 3.2878635146613098 1.468695794796534 10.500000000000002 19.500000000000004 1.5000000000000002 4.5000000000000009 2.5000000000000004 2.5000000000000004 1.0000000180025095e-35 7.5000000000000009 6.6089978218930954 2.8199966227605588 28.500000000000004 2.7077488266584928 42000.000000000007 3.2584896643638857 16.535714285714288 5.5000000000000009 3.5000000000000004
decision_type=2 2 2 2 2 2 2 2 2 2 2 2 2 2 2 2 2 2 2 2 2 2
left_child=4 2 3 -2 -1 7 19 -3 9 17 12 20 -10 14 -11 16 -8 -9 -19 -7 21 -12
right_child=1 5 -4 -5 -6 6 15 8 10 13 11 -13 -14 -15 -16 -17 -18 18 -20 -21 -22 -23
leaf_value=-0.38089830507600969 -0.082455438228218991 -0.13599332459066205 0.00025227095504662574 -0.016794629224967984 -0.10680583217400534 -0.11055759071822287 0.087136255701518617 0.036440401823758184 0.064606105946557357 -0.044803997391884218 -0.0032699695752211951 0.20128754812794747 -0.19776097745460952 -0.17274543974614295 0.10066364977695036 -0.089095649910259325 0.0060293331535532183 -0.036399435790471231 0.59309156899205473 -0.0121535245291064 0.024662577453227079 0.30329107580868586
leaf_weight=2512 1425 887 461 397 1555 2119 75 203 239 152 74 336 215 666 56 714 2751 55 64 780 502 90
leaf_count=2512 1425 887 461 397 1555 2119 75 203 239 152 74 336 215 666 56 714 2751 55 64 780 502 90
internal_value=-0.00109352 -0.000446846 -0.00140428 -0.00177586 -0.00303586 -0.000225434 -0.000458412 0.000193566 0.000649416 -0.000585763 0.00167454 0.0024434 0 -0.00146928 0.0007723 7.40471e-05 0.00038202 0.00174465 0.00412097 -0.00111364 0.00140313 0.00354142
internal_weight=16328 12261 2283 1822 4067 9978 6439 3539 2652 1196 1456 1002 454 874 208 3540 2826 322 119 2899 666 164
internal_count=16328 12261 2283 1822 4067 9978 6439 3539 2652 1196 1456 1002 454 874 208 3540 2826 322 119 2899 666 164
is_linear=0
shrinkage=0.035


Tree=127
num_leaves=23
num_cat=0
split_feature=8 9 20 20 21 7 21 20 18 21 24 12 21 9 24 20 18 7 22 20 21 21
split_gain=16.8234 2.24116 1.23155 1.91385 1.48244 1.47099 1.35297 2.26835 1.58986 2.19103 1.50408 1.17099 1.33423 1.72521 1.00834 0.988162 0.963764 1.18588 0.943327 0.93624 0.97486 0.924527
threshold=2.6434676052501795 1.573233841878634 22.500000000000004 10.500000000000002 3.5000000000000004 2.2865310915432127 1.5000000000000002 3.5000000000000004 1.0000000180025095e-35 3.5000000000000004 9349.5000000000018 7.7940589212907598 1.5000000000000002 20.895292207792213 15110.000000000002 23.500000000000004 1.0000000180025095e-35 25.789001428751192 44839.000000000007 30.500000000000004 2.5000000000000004 2.5000000000000004
decision_type=2 2 2 2 2 2 2 2 2 2 2 2 2 2 2 2 2 2 2 2 2 2
left_child=1 -1 3 6 11 -4 16 21 9 14 -11 -5 13 -13 -9 -3 17 -2 -17 20 -7 -8
right_child=2 15 5 4 -6 19 7 8 -10 10 -12 12 -14 -15 -16 18 -18 -19 -20 -21 -22 -23
leaf_value=-0.3405298711695241 -0.18073035963159645 -0.096052971361913167 0.104945524101984 -0.065227441704822059 -0.15883631317342542 -0.026843704180099397 0.071448658182721086 0.037253313114352399 -0.027099085214010075 0.043720619265296946 0.33856385234548531 0.74840820903202754 -0.097651291717620312 -0.03972017261862993 0.22434064217837291 -0.038161195371831595 0.51397462574682418 0.66983700757533238 0.043268995689103744 -0.1628460699830615 0.053170020985691464 -0.11838326951268144
leaf_weight=2736 796 1919 45 2859 1180 1215 245 978 454 268 114 61 128 48 49 635 132 60 81 166 1360 820
leaf_count=2736 796 1919 45 2859 1180 1215 245 978 454 268 114 61 128 48 49 635 132 60 81 166 1360 820
internal_value=-0.00108163 -0.0026862 -0.000294137 -0.000511102 -0.00102278 0.000337333 4.3738e-05 0.000426013 0.00116542 0.00174752 0.00400646 -0.00061061 0.00170661 0.00448246 0.000874999 -0.00193561 -0.00106798 -0.00150813 -0.000781554 0.000221776 0.00039341 -0.000850468
internal_weight=16349 5371 10978 8192 4276 2786 3916 2928 1863 1409 382 3096 237 109 1027 2635 988 856 716 2741 2575 1065
internal_count=16349 5371 10978 8192 4276 2786 3916 2928 1863 1409 382 3096 237 109 1027 2635 988 856 716 2741 2575 1065
is_linear=0
shrinkage=0.035


Tree=128
num_leaves=23
num_cat=0
split_feature=15 12 16 8 3 23 21 12 20 24 23 20 23 20 20 21 9 12 25 5 9 21
split_gain=15.8299 2.01648 1.18921 1.03169 0.991693 0.979888 0.973001 1.64311 1.60004 1.07322 1.04764 0.900022 0.836431 1.07556 1.22418 1.2736 1.53158 1.38741 1.15033 1.12102 1.10701 0.921546
threshold=0.10912698412698414 1.8312649797841705 1.0000000180025095e-35 1.3580155746509133 2.0000375036577513 19200.000000000004 3.5000000000000004 1.4006328871416598 8.5000000000000018 3792.0000000000005 27800.000000000004 18.500000000000004 17650.000000000004 2.5000000000000004 11.500000000000002 3.5000000000000004 19.646291208791215 8.0938199012078709 831.00000000000011 24.170466578992038 9.1171568627450998 2.5000000000000004
decision_type=2 2 2 2 2 2 2 2 2 2 2 2 2 2 2 2 2 2 2 2 2 2
left_child=1 2 6 -2 -4 -5 -1 -8 10 11 -9 -10 -3 -14 19 -16 18 -18 -17 21 -20 -15
right_child=3 12 4 5 -6 -7 7 8 9 -11 -12 -13 13 14 15 16 17 -19 20 -21 -22 -23
leaf_value=-0.080773338324879831 -0.36361132567859078 0.028175484710631228 0.089266244936030331 -0.033787491438522187 -0.087933303705206814 -0.13784331527518306 -0.16256081222792018 0.050824932998539393 -0.03523151967471877 -0.11800934917246554 0.064020856553543129 0.078622047725699959 -0.14387686255443305 -0.034567588294455831 -0.017257469492718221 -0.15227167460128185 0.28689426668350249 -0.42715300794551259 0.25592074788316155 0.56527628924416529 -0.17289291043778454 0.035585548429525722
leaf_weight=1749 2359 1869 49 451 50 1305 184 54 49 106 57 46 726 1085 3636 1041 66 83 48 45 76 1173
leaf_count=1749 2359 1869 49 451 50 1305 184 54 49 106 57 46 726 1085 3636 1041 66 83 48 45 76 1173
internal_value=-0.00109686 -0.000461139 -0.00138421 -0.0029733 0.00222115 -0.00228762 -0.00155556 -0.000146707 0.00135804 -0.000441748 0.00464655 0.0021 -0.000239065 -0.000396293 -0.000264261 -0.000575682 -0.00150986 0.00172727 -0.00194445 0.000397313 0.0011124 0.000273751
internal_weight=16307 12192 2344 4115 99 1756 2245 496 312 201 111 95 9848 7979 7253 4950 1314 149 1165 2303 124 2258
internal_count=16307 12192 2344 4115 99 1756 2245 496 312 201 111 95 9848 7979 7253 4950 1314 149 1165 2303 124 2258
is_linear=0
shrinkage=0.035


Tree=129
num_leaves=23
num_cat=0
split_feature=15 12 20 21 7 20 9 15 22 9 25 21 12 12 25 1 25 9 20 21 12 8
split_gain=15.3562 1.64495 1.22962 1.86018 1.48965 1.24419 1.20481 1.16343 1.54995 1.09221 1.05204 0.919543 1.43486 1.36239 1.20673 1.00111 0.989896 0.859173 0.845495 1.41015 1.81029 1.43186
threshold=0.10912698412698414 1.6407499002301473 23.500000000000004 2.5000000000000004 2.4286225945382873 30.500000000000004 1.573233841878634 1.0000000180025095e-35 3735.5000000000005 3.1832201304944365 878.00000000000011 3.5000000000000004 4.5552233512821294 7.0574484588945285 729.50000000000011 16.03274297468673 191.00000000000003 2.4643052359085309 11.500000000000002 1.5000000000000002 7.7940589212907598 10.500723437673113
decision_type=2 2 2 2 2 2 2 2 2 2 2 2 2 2 2 2 2 2 2 2 2 2
left_child=1 7 18 -4 -5 9 -2 -1 -9 -6 -10 12 14 -13 16 -15 -11 -12 -3 20 21 -20
right_child=6 2 3 4 5 -7 -8 8 10 11 17 13 -14 15 -16 -17 -18 -19 19 -21 -22 -23
leaf_value=-0.12948053776050067 -0.32378680964395934 -0.0071865333133497447 -0.039118821563362265 0.11094712940478522 -0.060421013623517469 -0.35708854273775364 -0.080120110046098952 0.040719293422195831 -0.04741016620666702 -0.01484277424896863 0.15063710461829688 -0.013676252045193588 0.025331310293674362 -0.085937057507697853 -0.11913457743165756 0.42503373121997351 0.26286803087166261 -0.034843033923206333 0.014878132162281234 -0.092951785596265366 0.23790792107625522 -0.14384369816966316
leaf_weight=512 2663 4013 1148 77 75 80 1436 70 1025 46 46 412 202 56 46 92 221 47 562 3060 98 333
leaf_count=512 2663 4013 1148 77 75 80 1436 70 1025 46 46 412 202 56 46 92 221 47 562 3060 98 333
internal_value=-0.00110092 -0.000476935 -0.00031123 0.000369918 0.00127515 0.000949392 -0.00295419 -0.00148827 -0.000859598 0.00125757 -0.00119368 0.00155555 0.002625 0.000526548 0.00409434 0.00336274 0.00499265 0.00221428 -0.000520816 -0.00087802 0.000252504 -0.000233334
internal_weight=16320 12221 10521 2455 1307 1230 4099 1700 1188 1150 1118 1075 515 560 313 148 267 93 8066 4053 993 895
internal_count=16320 12221 10521 2455 1307 1230 4099 1700 1188 1150 1118 1075 515 560 313 148 267 93 8066 4053 993 895
is_linear=0
shrinkage=0.035


Tree=130
num_leaves=23
num_cat=0
split_feature=9 9 20 21 25 22 22 25 10 22 22 12 8 12 12 10 12 20 20 22 0 20
split_gain=14.7175 2.60936 1.75289 1.50725 1.27834 1.22873 1.75223 1.11695 0.972245 0.787082 0.810764 2.50903 1.38922 1.11109 1.55135 0.954326 0.754335 0.719443 1.16959 0.946346 0.666797 0.615701
threshold=1.767583236713677 3.3277032680182415 23.500000000000004 2.5000000000000004 729.50000000000011 13885.000000000002 44839.000000000007 171.00000000000003 2.7602622373694117 10086.000000000002 6498.5000000000009 5.5748836418857568 20.302334447932463 7.9131780114970178 9.0672569537313361 10.28450624245937 1.2681783289106583 23.500000000000004 27.500000000000004 13885.000000000002 4.9132540468455685 11.500000000000002
decision_type=2 2 2 2 2 2 2 2 2 2 2 2 2 2 2 2 2 2 2 2 2 2
left_child=7 2 4 -4 8 -5 -7 16 -2 10 -3 12 -12 -13 -15 -16 -1 21 -19 -20 -21 -11
right_child=1 9 3 5 -6 6 -8 -9 -10 17 11 13 -14 14 15 -17 -18 18 19 20 -22 -23
leaf_value=-0.22792461175971526 -0.097460003115775823 -0.015975005205970005 -0.049347861254687764 0.079167200128463497 -0.015201728628741515 -0.010771929109985159 0.097179627573438662 -0.30047375954123956 0.018903931512236554 -0.010044018132631281 0.47921170233925381 -0.10889947117671663 1.0921699771242468 1.0458470275363427 -0.19526165749242633 0.56814010635224421 0.081247719840900054 0.032274441209179369 0.91700131349834579 0.069035795826377741 -0.068722561977266061 -0.073979030825936445
leaf_weight=54 2201 738 466 79 583 325 48 2951 92 3217 49 163 47 95 107 73 45 1041 56 82 712 3152
leaf_count=54 2201 738 466 79 583 325 48 2951 92 3217 49 163 47 95 107 73 45 1041 56 82 712 3152
internal_value=-0.00108989 -0.000585741 -0.0013626 -1.13768e-05 -0.00178705 0.00140153 0.000481481 -0.00328232 -0.0021597 -0.000274144 0.000528973 0.00156493 0.0065495 0.000371331 0.00175 -9.45954e-05 0.000201922 -0.000400182 0.000191982 -0.000757311 -0.00109074 -0.000578758
internal_weight=16376 13326 3794 918 2876 452 373 3050 2293 9532 1272 534 96 438 275 180 99 8260 1891 850 794 6369
internal_count=16376 13326 3794 918 2876 452 373 3050 2293 9532 1272 534 96 438 275 180 99 8260 1891 850 794 6369
is_linear=0
shrinkage=0.035


Tree=131
num_leaves=23
num_cat=0
split_feature=15 11 16 2 25 2 21 22 22 12 12 11 11 20 20 20 12 20 21 8 9 21
split_gain=14.9592 3.20413 1.34748 0.890692 1.16111 0.818535 0.766664 2.41077 0.776715 1.35055 2.58514 1.14606 0.854648 0.809427 0.765869 0.956578 1.49968 1.31492 1.60909 1.46007 1.41022 1.19059
threshold=0.19139194139194141 1.7767208746144918 1.0000000180025095e-35 25.102403528914756 430.00000000000006 26.94184716045481 2.5000000000000004 5643.5000000000009 31797.000000000004 1.545268504259087 1.4744292959105978 1.4566109428538025 1.5122423048568936 22.500000000000004 30.500000000000004 23.500000000000004 2.1661401781727538 11.500000000000002 1.5000000000000002 10.64892065177445 7.8936862244897972 1.5000000000000002
decision_type=2 2 2 2 2 2 2 2 2 2 2 2 2 2 2 2 2 2 2 2 2 2
left_child=1 2 6 14 5 -5 -1 -8 11 10 13 -9 -13 -10 15 17 -17 21 19 20 -19 -3
right_child=-2 3 -4 4 -6 -7 7 8 9 -11 -12 12 -14 -15 -16 16 -18 18 -20 -21 -22 -23
leaf_value=-0.089589083093029209 -0.25903580935835813 -0.11602244162087658 0.05393017752683317 0.40935361919606794 -0.24145478473775567 0.10512568239159036 0.065731166668453564 -0.12320666277932005 -0.10847280578900685 -0.058971479511343045 0.11099916337576896 0.11355888979280386 -0.038827230651394262 0.040567372071037014 -0.16081432857999992 0.059837377086541126 0.0032704927684799449 0.0046410920239566928 -0.10275900342620006 -0.077081003075098936 0.12147673074362698 0.015464799636930196
leaf_weight=1669 2917 905 131 82 147 451 88 631 144 295 52 55 271 45 145 217 1794 297 2762 389 186 2725
leaf_count=1669 2917 905 131 82 147 451 88 631 144 295 52 55 271 45 145 217 1794 297 2762 389 186 2725
internal_value=-0.00102484 -0.000530996 -0.00146367 -0.000216478 0.00099635 0.00176952 -0.00160753 -0.00102837 -0.00137383 -0.00026525 0.00162195 -0.00197193 -0.000222055 -0.000252578 -0.000306367 -0.000264009 0.000406249 -0.000452126 -0.00092237 0.000371151 0.00166393 1.44421e-05
internal_weight=16398 13481 3381 10100 680 533 3250 1581 1493 536 241 957 326 189 9420 9275 2011 7264 3634 872 483 3630
internal_count=16398 13481 3381 10100 680 533 3250 1581 1493 536 241 957 326 189 9420 9275 2011 7264 3634 872 483 3630
is_linear=0
shrinkage=0.035


Tree=132
num_leaves=23
num_cat=0
split_feature=15 11 8 21 22 8 16 12 22 12 8 27 21 8 11 15 4 10 10 12 8 12
split_gain=14.5792 2.45 1.43726 0.895958 1.5043 1.36552 1.07831 0.861675 0.837488 0.773584 1.58719 1.48247 1.06674 1.75823 1.13508 1.01145 0.874718 0.790891 1.07245 0.743479 1.1871 0.733844
threshold=0.10912698412698414 1.8093379942281738 1.3580155746509133 2.5000000000000004 5643.5000000000009 2.9845125473974528 1.0000000180025095e-35 1.9877268929755418 31797.000000000004 2.1213569332960112 3.4291250319489515 3.5000000000000004 2.5000000000000004 2.9845125473974528 2.0927097374804693 0.044466403162055343 7.9927388748624617 2.8371280825101945 2.6076766626994496 2.8562778013060233 12.792517006802724 7.0574484588945285
decision_type=2 2 2 2 2 2 2 2 2 2 2 2 2 2 2 2 2 2 2 2 2 2
left_child=1 3 -2 7 5 -5 -6 -1 -9 10 11 12 15 -14 -15 -3 21 18 -18 -20 -21 -11
right_child=2 9 -4 4 6 -7 -8 8 -10 16 -12 -13 13 14 -16 -17 17 -19 19 20 -22 -23
leaf_value=-0.091439506615607041 -0.31996955603081556 -0.043930126429007094 -0.086343717125353589 0.12321499703687525 -0.054899549492409938 -0.062577718293572601 0.064964513235664184 0.10671823963669096 -0.04123385541910328 -0.041331931562222646 -0.036119356038476859 -0.08445612746656303 0.0257605644933501 0.27914982206533479 0.027063593018608351 0.085065479538130637 0.0038088544856836682 -0.014508722694384421 -0.089234043054699078 0.24334043825670032 -0.013341062799598669 0.061251878172942691
leaf_weight=1057 2377 100 1725 47 1128 52 49 46 96 3215 274 127 79 57 53 86 866 4406 49 162 68 201
leaf_count=1057 2377 100 1725 47 1128 52 49 46 96 3215 274 127 79 57 53 86 866 4406 49 162 68 201
internal_value=-0.00106447 -0.000456149 -0.00286937 -0.00143952 -0.00076776 0.00323077 -0.00113113 -0.00213372 0.000309523 -0.00020394 0.00084699 0.00202268 0.00313158 0.00497938 0.00776087 0.00108115 -0.000297259 -2.2679e-05 0.000791304 0.00266197 0.0035 -0.000737651
internal_weight=16320 12218 4102 2475 1276 99 1177 1199 142 9743 776 502 375 189 110 186 8967 5551 1145 279 230 3416
internal_count=16320 12218 4102 2475 1276 99 1177 1199 142 9743 776 502 375 189 110 186 8967 5551 1145 279 230 3416
is_linear=0
shrinkage=0.035


Tree=133
num_leaves=23
num_cat=0
split_feature=9 9 16 9 15 27 1 21 22 7 3 12 7 23 24 9 7 24 24 9 12 20
split_gain=14.1204 1.89589 1.64936 1.44116 1.0344 2.43598 0.885504 0.880761 0.817961 2.50202 0.767027 0.699884 0.872491 0.732441 1.13635 0.690435 0.698656 1.1667 0.761422 1.25132 0.621611 0.602923
threshold=2.1887447115513892 3.7422296529669432 1.0000000180025095e-35 1.4355013588700889 1.0000000180025095e-35 3.5000000000000004 3.0003581617680068 2.5000000000000004 5643.5000000000009 2.6152686714927489 2.0850191483444518 2.2815164537545907 5.2914285714285727 41450.000000000007 5018.5000000000009 8.0222733457361439 8.1454742027739808 7066.5000000000009 12965.500000000002 8.8027167923669971 2.1661401781727538 7.5000000000000009
decision_type=2 2 2 2 2 2 2 2 2 2 2 2 2 2 2 2 2 2 2 2 2 2
left_child=3 2 7 -1 11 6 -6 -2 9 -9 -4 -3 13 14 -13 -14 17 -17 -19 -20 -11 -10
right_child=1 4 10 -5 5 -7 -8 8 21 20 -12 12 15 -15 -16 16 -18 18 19 -21 -22 -23
leaf_value=-0.308770621569737 -0.078864877302626382 -0.084109497698982946 0.07176930154513303 -0.094501471338656204 0.018046890591934671 0.17375006853948441 -0.044993176412912436 0.10916473818525076 0.0039911156265955939 0.018125949564294596 -0.012447412119953523 0.01076057554106245 -0.059641906020007407 -0.002017999374930786 0.16473525771821826 0.11214740874572052 -0.0096435290107619691 -0.10411038649375512 0.16413149618745354 -0.092175643094760867 -0.1641118426718082 -0.053718612085972096
leaf_weight=2410 1495 439 70 1564 72 46 139 47 386 87 73 110 1726 182 59 88 5850 159 77 69 76 1074
leaf_count=2410 1495 439 70 1564 72 46 139 47 386 87 73 110 1726 182 59 88 5850 159 77 69 76 1074
internal_value=-0.00103542 -0.000448253 -0.00116526 -0.00284908 -0.000182741 0.0019771 0.000226851 -0.00133596 -0.000762687 0.00122093 0.00241216 -0.000249202 -0.000174475 0.00151404 0.00313793 -0.000251945 -7.73056e-05 0.00133668 0.000225806 0.00206291 -0.000791667 -0.00106314
internal_weight=16298 12324 3308 3974 9016 257 211 3165 1670 210 143 8759 8320 351 169 7969 6243 393 305 146 163 1460
internal_count=16298 12324 3308 3974 9016 257 211 3165 1670 210 143 8759 8320 351 169 7969 6243 393 305 146 163 1460
is_linear=0
shrinkage=0.035


Tree=134
num_leaves=23
num_cat=0
split_feature=9 11 21 22 22 11 12 7 9 20 7 20 20 20 21 6 20 20 12 12 7 20
split_gain=13.7107 2.27156 1.29324 2.13535 1.64709 1.57549 1.50904 2.18727 1.50667 1.94384 1.36122 1.01845 1.04985 1.38418 1.43489 1.27814 1.19195 1.22379 1.18691 1.51394 1.14182 0.975963
threshold=1.6479371562859608 1.7767208746144918 2.5000000000000004 5643.5000000000009 31797.000000000004 1.5281246137553179 1.7286107827082533 2.9036069472282455 2.5000195216228165 18.500000000000004 2.9713886012667774 30.500000000000004 23.500000000000004 11.500000000000002 3.5000000000000004 2.725457178478087 7.5000000000000009 3.5000000000000004 2.1213569332960112 1.7994708216848749 3.5326678522170591 3.5000000000000004
decision_type=2 2 2 2 2 2 2 2 2 2 2 2 2 2 2 2 2 2 2 2 2 2
left_child=-1 2 -2 10 -5 6 7 8 9 -6 -4 12 13 15 -15 16 17 -3 19 -14 -17 -22
right_child=1 11 3 4 5 -7 -8 -9 -10 -11 -12 -13 18 14 -16 20 -18 -19 -20 -21 21 -23
leaf_value=-0.26296364981479625 -0.075993316765703034 0.010443061587978504 0.10500599183859832 -0.065457982848663998 -0.071862088987077147 -0.052105885253437567 -0.089707941260454727 0.090910201699017271 -0.077843250749294365 0.085535642013225027 -0.006470987146042992 -0.1780231820674805 -0.0089905976121752839 -0.027801267113920291 -0.1599879728653324 -0.088454348185110054 -0.074493363962111731 0.060534461050504709 0.0087194203955426371 0.21186537598289779 -0.065981720966716298 0.023232388714295962
leaf_weight=2857 1669 99 45 971 61 201 64 64 88 58 48 174 99 2848 1078 309 83 112 1909 115 1131 2225
leaf_count=2857 1669 99 45 971 61 201 64 64 88 58 48 174 99 2848 1078 309 83 112 1909 115 1131 2225
internal_value=-0.00101762 -0.000547786 -0.00135125 -0.000621496 -0.000953705 0.000575785 0.00205882 0.00322101 0.00128774 0.00383871 0.00435714 -0.000287573 -0.00023874 -0.000425856 -0.00089125 3.17852e-05 0.00223579 0.00362963 0.000447368 0.00289269 -0.000143053 4.06121e-05
internal_weight=16308 13451 3269 1600 1507 536 335 271 207 119 93 10182 10008 7885 3926 3959 294 211 2123 214 3665 3356
internal_count=16308 13451 3269 1600 1507 536 335 271 207 119 93 10182 10008 7885 3926 3959 294 211 2123 214 3665 3356
is_linear=0
shrinkage=0.035


Tree=135
num_leaves=23
num_cat=0
split_feature=9 9 20 24 7 24 8 16 21 8 7 20 21 20 20 25 25 7 11 25 5 5
split_gain=13.7121 2.24935 2.19874 2.09256 1.80306 2.13025 1.48377 1.48366 1.4095 1.39568 1.36804 0.936307 1.24715 0.999563 1.27048 1.09814 0.913795 0.852229 0.779088 0.705153 0.689627 0.801921
threshold=1.573233841878634 4.0017607586512876 23.500000000000004 11523.000000000002 4.8582227003737612 11523.000000000002 3.1434107462346659 1.0000000180025095e-35 2.5000000000000004 5.5187258641541606 1.4287269599275285 11.500000000000002 3.5000000000000004 8.5000000000000018 3.5000000000000004 294.00000000000006 878.00000000000011 32.642857142857146 2.4053511772118221 299.00000000000006 3.0003581617680068 2.1315147258478091
decision_type=2 2 2 2 2 2 2 2 2 2 2 2 2 2 2 2 2 2 2 2 2 2
left_child=-1 2 7 8 5 9 -5 11 -4 18 -10 12 -2 14 15 -14 -13 -6 -3 -16 21 -12
right_child=1 4 3 6 17 -7 -8 -9 10 -11 20 16 13 -15 19 -17 -18 -19 -20 -21 -22 -23
leaf_value=-0.26967267216696128 -0.050708224018142269 0.05242660420078378 -0.076312668834450773 0.14584763793087555 -0.018424547624820639 -0.077502104368713909 0.0058009349276281971 0.036956692873937318 0.071052063054330789 -0.039961614315741377 -0.0066610761763439231 -0.10743786921408693 0.03235708680019056 -0.068405397175292856 -0.0010351125117161973 -0.10877677622573506 -0.0048736885558720707 0.59816948544624848 0.1196048476010597 0.056336744414410604 -0.025813250322590461 0.046933371663856131
leaf_weight=2717 1194 86 487 48 8338 131 45 158 49 57 239 1670 74 107 64 147 203 65 76 116 135 136
leaf_count=2717 1194 86 487 48 8338 131 45 158 49 57 239 1670 74 107 64 147 203 65 76 116 135 136
internal_value=-0.00101208 -0.000557228 -0.00116045 0.000171328 -0.000219001 0.00221831 0.00507143 -0.00157116 -0.000269744 0.0043125 0.000906028 -0.00172067 -0.00110106 0.000320662 0.00115517 -0.000557523 -0.00226997 -0.000323859 0.00593114 0.00331081 0.000305824 0.00110526
internal_weight=16342 13625 4872 1139 8753 350 93 3733 1046 219 559 3575 1702 508 401 221 1873 8403 162 180 510 375
internal_count=16342 13625 4872 1139 8753 350 93 3733 1046 219 559 3575 1702 508 401 221 1873 8403 162 180 510 375
is_linear=0
shrinkage=0.035


Tree=136
num_leaves=23
num_cat=0
split_feature=15 11 9 20 21 22 8 23 11 7 9 11 14 20 20 11 25 22 25 8 24 11
split_gain=13.2883 1.93956 1.69424 0.866851 0.858317 1.18172 1.45715 1.09147 1.47825 1.53948 0.906723 0.677939 0.670148 1.21973 0.805307 0.752076 1.88839 0.931692 0.841116 0.625224 0.572451 0.894604
threshold=0.10912698412698414 1.8093379942281738 1.4355013588700889 30.500000000000004 2.5000000000000004 5643.5000000000009 3.1329770917418291 39000.000000000007 1.3985864135061359 2.6670878274509788 2.4444909400534773 1.4566109428538025 0.095454545454545472 8.5000000000000018 24.500000000000004 1.9057460827371875 600.00000000000011 24335.000000000004 499.50000000000006 3.5008585782075321 3792.0000000000005 1.5890669302247129
decision_type=2 2 2 2 2 2 2 2 2 2 2 2 2 2 2 2 2 2 2 2 2 2
left_child=1 4 -2 12 -1 6 -6 11 9 10 -9 -7 15 -14 -15 16 -3 -18 -17 -10 21 -13
right_child=2 3 -4 -5 5 7 -8 8 19 -11 -12 20 13 14 -16 18 17 -19 -20 -21 -22 -23
leaf_value=-0.072883386881797421 -0.27932137854543471 -0.026956949633908676 -0.068546505248742784 -0.21816685368255137 0.11265105763483756 -0.0895641737089381 -0.082010541847562304 0.056431610569757769 -0.11455197713327532 0.14857078941728113 -0.10771690174893991 0.073199785766040179 0.050499634871192252 -0.051687978989822664 0.025503088897403551 -0.005585430530493909 0.16061397404640379 0.028999437456981553 -0.046161136049031076 0.099358936918352347 -0.098011370846952883 -0.035718855714576433
leaf_weight=1212 2403 141 1722 149 54 475 45 51 148 46 63 73 48 75 52 7319 70 59 1857 79 116 133
leaf_count=1212 2403 141 1722 149 54 475 45 51 148 46 63 73 48 75 52 7319 70 59 1857 79 116 133
internal_value=-0.00101083 -0.000430726 -0.00272881 -0.000205883 -0.001302 -0.00064674 0.00289423 -0.000968462 0.000517856 0.00307576 0.000617646 -0.00171072 -0.000162166 0.00194444 0 -0.000204053 0.00159091 0.00459701 -0.000259613 -0.00123707 -0.000396025 0.000646919
internal_weight=16390 12265 4125 9770 2495 1283 99 1184 387 160 114 797 9621 175 127 9446 270 129 9176 227 322 206
internal_count=16390 12265 4125 9770 2495 1283 99 1184 387 160 114 797 9621 175 127 9446 270 129 9176 227 322 206
is_linear=0
shrinkage=0.035


Tree=137
num_leaves=23
num_cat=0
split_feature=9 9 25 9 5 10 7 25 25 3 10 0 9 11 22 12 9 9 15 12 9 15
split_gain=13.3758 2.45444 1.31977 1.26967 1.15444 1.13296 0.730683 0.686558 0.607165 0.58791 0.584891 1.04513 0.976151 0.899366 1.1483 0.77109 0.841945 0.958626 2.60312 0.89329 0.749425 1.61212
threshold=1.7201161577513366 3.3277032680182415 729.50000000000011 2.4284297052154198 2.7724371781759189 2.7945525240230924 33.619047619047628 171.00000000000003 200.00000000000003 1.9815188507814125 2.8371280825101945 12.996151141142256 21.113247863247867 2.6144148169647519 33201.500000000007 2.8838396594210747 5.8537154419604276 4.3603896103896114 1.0000000180025095e-35 2.4850025229458326 3.4380168103750157 0.037749287749287756
decision_type=2 2 2 2 2 2 2 2 2 2 2 2 2 2 2 2 2 2 2 2 2 2
left_child=7 2 5 4 -4 -2 10 9 -7 -1 15 12 13 14 -12 16 17 20 19 -19 21 -3
right_child=1 6 3 -5 -6 8 -8 -9 -10 -11 11 -13 -14 -15 -16 -17 -18 18 -20 -21 -22 -23
leaf_value=-0.1009311804420619 -0.058973798955509402 0.10099245177369373 0.14441291147019253 -0.014019483244372931 -0.020952151892469253 -0.015031426874603227 0.78129538494846418 -0.24009369239719708 0.037451076490353313 0.11456453672708675 0.1364757386426311 -0.0042244790240473932 0.14756640155161835 -0.068645452222692721 -0.088525955052391109 0.029729015305774611 -0.10238926842796596 -0.068710780889533099 0.11913021680169289 0.090426979303935062 -0.025181121359562297 -0.16659614839864703
leaf_weight=46 2998 105 57 686 55 54 47 2942 53 48 54 3451 49 2486 58 1354 853 121 53 226 544 55
leaf_count=46 2998 105 57 686 55 54 47 2942 53 48 54 3451 49 2486 58 1354 853 121 53 226 544 55
internal_value=-0.00100092 -0.000522225 -0.001261 0 0.00338034 -0.00158682 -0.000214936 -0.00309717 0.0018125 0 -0.000239431 -0.000443307 -0.000966064 -0.00106627 0.00188461 0.00013088 -0.000306831 0.000318755 0.00168518 0.000477272 -0.000439352 0.00159091
internal_weight=16395 13359 3903 798 112 3105 9456 3036 107 94 9409 6098 2647 2598 112 3311 1957 1104 400 347 704 160
internal_count=16395 13359 3903 798 112 3105 9456 3036 107 94 9409 6098 2647 2598 112 3311 1957 1104 400 347 704 160
is_linear=0
shrinkage=0.035


Tree=138
num_leaves=23
num_cat=0
split_feature=9 9 20 24 14 21 21 20 21 25 7 25 8 12 10 0 6 0 8 25 12 7
split_gain=14.3198 1.8891 1.92301 1.66489 1.32193 1.58614 1.32356 1.02172 1.26019 1.02652 0.866799 1.71152 1.03708 0.756828 0.952646 0.910477 0.733747 0.902081 0.727682 1.57264 0.904238 0.855251
threshold=1.7201161577513366 3.6675281567069598 23.500000000000004 11523.000000000002 0.13392857142857145 2.5000000000000004 3.5000000000000004 7.5000000000000009 3.5000000000000004 729.50000000000011 5.5821741259895017 166.00000000000003 6.3374234290357236 2.074295209952568 1.3417521125165692 2.6215405527133071 20.017857142857146 30.236721569975128 2.5718369743430354 637.50000000000011 2.1213569332960112 2.2753164800860506
decision_type=2 2 2 2 2 2 2 2 2 2 2 2 2 2 2 2 2 2 2 2 2 2
left_child=-1 2 7 4 -4 -6 -7 8 -2 -9 11 -3 -12 14 -11 -16 -14 -18 21 20 -20 -10
right_child=1 10 3 -5 5 6 -8 9 18 13 12 -13 16 -15 15 -17 17 -19 19 -21 -22 -23
leaf_value=-0.22614185106244258 -0.039542388155526444 0.16089804120767767 -0.024187148968035893 0.17558969269700492 -0.031259260742783575 0.062459354503402446 0.0055065187149184692 -0.094705667235769175 0.10563212301110914 -0.063917981933380164 -0.11690161409392791 0.0082510631598905117 -0.013096316488614911 -0.064343150549503264 -0.033519700201354433 0.060829942737977857 0.07385940161032406 -0.18853922089180442 0.061459895395561896 -0.06004477639170204 0.0056666079064389262 -0.11108430936851056
leaf_weight=3030 664 96 631 54 178 90 89 1762 64 120 392 927 6578 144 122 134 926 130 98 78 45 81
leaf_count=3030 664 96 631 54 178 90 89 1762 64 120 392 927 6578 144 122 134 926 130 98 78 45 81
internal_value=-0.000913007 -0.00041975 -0.00101893 0.000277459 -4.58216e-05 0.00162431 0.00391848 -0.00143187 -0.000490339 -0.00184718 -0.000129115 0.000823929 -0.000253207 -0.000433334 0.000358267 0.00159578 -0.000159904 0.000689443 0.00112264 0.00238495 0.00454054 -0.000700001
internal_weight=16433 13403 4354 1042 988 357 179 3312 1030 2282 9049 1023 8026 520 376 256 7634 1056 366 221 143 145
internal_count=16433 13403 4354 1042 988 357 179 3312 1030 2282 9049 1023 8026 520 376 256 7634 1056 366 221 143 145
is_linear=0
shrinkage=0.035


Tree=139
num_leaves=23
num_cat=0
split_feature=9 11 8 16 20 20 21 20 21 21 20 8 16 20 3 9 20 2 20 9 21 21
split_gain=12.1979 1.75136 1.31967 0.897542 0.725574 0.797844 1.42314 1.21315 1.33907 1.07705 1.26497 0.870335 0.85491 1.19224 0.786166 0.910162 0.767019 1.20585 0.765074 1.26566 1.19789 1.96313
threshold=2.0359184871715175 1.8093379942281738 1.3448453054809033 1.0000000180025095e-35 30.500000000000004 23.500000000000004 2.5000000000000004 11.500000000000002 3.5000000000000004 1.5000000000000002 2.5000000000000004 21.357801233228887 1.0000000180025095e-35 28.500000000000004 14.999072958688698 6.7817460317460325 18.500000000000004 17.017817371952514 8.5000000000000018 5.8214332303014045 2.5000000000000004 3.5000000000000004
decision_type=2 2 2 2 2 2 2 2 2 2 2 2 2 2 2 2 2 2 2 2 2 2
left_child=2 3 -1 -2 5 7 14 9 16 -3 -11 -10 13 -8 15 -7 17 -9 19 -12 -20 -22
right_child=1 4 -4 -5 -6 6 12 8 11 10 18 -13 -14 -15 -16 -17 -18 -19 20 -21 21 -23
leaf_value=-0.27431264925285714 -0.051350425997570427 -0.1101014838473707 -0.089509954178726925 0.039598876356356158 -0.18828160001748195 0.020461469447623122 0.087418042706065263 -0.097040973056894977 -0.16441032635642688 -0.077354001832081534 0.052452498550126778 -0.0018339983354766234 0.23729517235966235 -0.045913452430077065 0.057125743585474682 -0.11528758274928746 0.017627448420967945 0.086255500660168211 -0.16042216880812721 0.040399431289130143 0.24423850728912508 -0.051551815258774829
leaf_weight=2289 2618 968 1318 91 156 240 746 1286 824 628 328 231 54 299 259 485 1178 370 237 1210 232 278
leaf_count=2289 2618 968 1318 91 156 240 746 1286 824 628 328 231 54 299 259 485 1178 370 237 1210 232 278
internal_value=-0.00101592 -0.000504245 -0.00281202 -0.00129477 -0.000287998 -0.00024782 0.000355363 -0.000411898 -0.000848486 2.16152e-05 0.000362234 -0.0019151 0.00122373 0.000966666 -0.00059808 -0.00119863 -0.000442586 -0.00092926 0.000748907 0.0011954 -0.000148937 0.000781553
internal_weight=16325 12718 3607 2709 10009 9853 2083 7770 3889 3881 2913 1055 1099 1045 984 725 2834 1656 2285 1538 747 510
internal_count=16325 12718 3607 2709 10009 9853 2083 7770 3889 3881 2913 1055 1099 1045 984 725 2834 1656 2285 1538 747 510
is_linear=0
shrinkage=0.035


Tree=140
num_leaves=23
num_cat=0
split_feature=9 9 16 20 24 7 24 12 27 25 25 20 11 10 24 6 20 11 1 7 12 25
split_gain=13.0701 2.1305 2.14779 1.8012 1.83967 1.14785 1.55824 1.53278 1.07707 0.968057 0.834476 0.909305 0.824773 0.958488 0.794158 1.08964 0.671471 0.716371 0.859327 0.651068 1.07412 1.18414
threshold=1.573233841878634 3.6675281567069598 1.0000000180025095e-35 23.500000000000004 11523.000000000002 2.5496072271981869 3291.5000000000005 1.545268504259087 3.5000000000000004 299.00000000000006 637.50000000000011 12.500000000000002 2.1168255479813065 1.2408126607586332 8120.5000000000009 3.9816512481064232 3.5000000000000004 1.4566109428538025 1.9999246801866812 5.5821741259895017 2.4549571206825376 248.50000000000003
decision_type=2 2 2 2 2 2 2 2 2 2 2 2 2 2 2 2 2 2 2 2 2 2
left_child=-1 2 3 10 5 6 7 -5 9 -4 11 -2 13 -12 -8 -16 -15 -18 -19 20 -3 -22
right_child=1 19 8 4 -6 -7 14 -9 -10 -11 12 -13 -14 16 15 -17 17 18 -20 -21 21 -23
leaf_value=-0.22978502842248535 -0.03925276875856145 -0.018323045425027065 0.013624305902299377 -0.028522970212416721 0.33583690369225017 -0.054195685885922378 -0.079594134423350546 0.090322580480197867 -0.027735099248219257 0.088884668003542083 -0.063809804575563567 -0.12982243581065672 -0.11056076658616495 -0.10741117542757414 0.063857405583059329 -0.07453430273797472 -0.018099845317502212 0.048698886470361795 0.020767105185341906 -0.011831862197086589 0.12934306546380989 0.0060366633139313907
leaf_weight=2709 1174 414 75 82 48 383 323 90 50 69 295 1117 194 79 67 51 133 92 249 7963 252 381
leaf_count=2709 1174 414 75 82 48 383 323 90 50 69 295 1117 194 79 67 51 133 92 249 7963 252 381
internal_value=-0.000881713 -0.000436921 -0.00105245 -0.00121566 3.67008e-05 -0.000283218 0.000634303 0.0034209 0.0024799 0.00401678 -0.00161264 -0.00199085 -0.000758836 -0.0002585 -0.000439463 0.0019065 0.00057706 0.00110334 0.00196243 -0.000122297 0.000692014 0.00160188
internal_weight=16290 13581 4571 4377 1044 996 613 172 194 144 3333 2291 1042 848 441 118 553 474 341 9010 1047 633
internal_count=16290 13581 4571 4377 1044 996 613 172 194 144 3333 2291 1042 848 441 118 553 474 341 9010 1047 633
is_linear=0
shrinkage=0.035


Tree=141
num_leaves=23
num_cat=0
split_feature=9 9 16 20 25 24 20 25 8 15 25 12 8 7 25 8 5 8 9 12 7 12
split_gain=12.4127 2.55648 1.47745 1.28565 1.04143 0.852669 0.798486 0.797309 1.04789 0.762446 1.15119 0.894511 1.23017 0.710973 1.96631 1.10033 0.750187 0.698137 1.29917 0.673015 0.666745 1.64769
threshold=1.3584084897651272 3.6675281567069598 1.0000000180025095e-35 23.500000000000004 729.50000000000011 11523.000000000002 10.500000000000002 637.50000000000011 2.1881377551020411 1.0000000180025095e-35 195.50000000000003 2.0069950191163435 2.4285660485847633 5.5821741259895017 166.00000000000003 6.3374234290357236 3.8288091991096409 3.0003337402748032 3.2144105894105901 1.8733774739215947 2.5496072271981869 1.4123416706693164
decision_type=2 2 2 2 2 2 2 2 2 2 2 2 2 2 2 2 2 2 2 2 2 2
left_child=-1 2 3 6 -4 20 9 -8 -9 -2 11 12 -11 14 -3 -15 -16 -12 19 -19 21 -5
right_child=1 13 4 5 -6 -7 7 8 -10 10 17 -13 -14 15 16 -17 -18 18 -20 -21 -22 -23
leaf_value=-0.26185292779050362 -0.11037582114457338 0.14459385825322671 0.00052509462683707794 -0.078288673466121395 0.05978926790859513 0.14442796839854749 -0.1151733426312242 0.041894186885830957 -0.050611728940114814 0.0048681217681033071 -0.044807389808848838 -0.076339732543642749 0.062185886040718924 -0.11609531472020029 -0.037026633482571951 -0.011341562853877508 0.019338052011082414 -0.035496284252670936 -0.11997297942971823 0.047129101550482791 -0.048845716146198974 0.026543847916795808
leaf_weight=2347 286 88 153 325 52 52 1436 82 504 93 875 58 70 379 204 7600 744 47 79 80 393 397
leaf_count=2347 286 88 153 325 52 52 1436 82 504 93 875 58 70 379 204 7600 744 47 79 80 393 397
internal_value=-0.000937459 -0.000540424 -0.00117696 -0.00130427 0.00166667 -0.000274745 -0.0016314 -0.00210138 -0.00095347 -0.00101726 -0.00063466 0.00161062 0.00295833 -0.000186254 0.000669067 -0.000299851 0.000172612 -0.0011151 0.000646919 0.00286364 -0.000500001 0.000110728
internal_weight=16344 13997 4982 4777 205 1167 3610 2022 586 1588 1302 221 163 9015 1036 7979 948 1081 206 127 1115 722
internal_count=16344 13997 4982 4777 205 1167 3610 2022 586 1588 1302 221 163 9015 1036 7979 948 1081 206 127 1115 722
is_linear=0
shrinkage=0.035


Tree=142
num_leaves=23
num_cat=0
split_feature=9 9 16 25 21 15 27 0 1 15 2 25 2 1 11 22 12 22 7 0 9 24
split_gain=12.4304 2.25382 1.91581 1.08931 0.983887 0.806772 1.46942 0.714835 0.691822 0.639658 0.602155 1.10541 0.811108 0.776435 0.62648 0.949492 0.991022 0.761134 1.08834 0.753141 0.627982 0.601147
threshold=1.573233841878634 3.6675281567069598 1.0000000180025095e-35 729.50000000000011 2.5000000000000004 1.0000000180025095e-35 3.5000000000000004 3.1332775745784485 3.0003581617680068 0.33974358974358981 25.102403528914756 430.00000000000006 30.236721569975128 19.556552062598733 4.3805890404412047 17236.500000000004 4.9975351040341955 6498.5000000000009 12.146075006129591 12.996151141142256 18.488914571250383 6315.0000000000009
decision_type=2 2 2 2 2 2 2 2 2 2 2 2 2 2 2 2 2 2 2 2 2 2
left_child=9 2 4 7 -2 10 8 -4 -7 -1 14 12 13 -12 15 16 17 -3 -19 -16 -20 -17
right_child=1 5 3 -5 -6 6 -8 -9 -10 -11 11 -13 -14 -15 19 21 -18 18 20 -21 -22 -23
leaf_value=-0.12141861508395255 -0.066406415945092168 -0.33881929454799103 0.056580596677127198 0.058630181802535535 -0.023600415943955743 0.017086794393241744 0.11518865380274852 -0.059122969849025195 -0.039342600547520902 -0.31896549413735742 0.40655405266338895 -0.21154039210825429 0.0039981408301311364 0.19320817972636023 -0.076359681420966011 -0.043259957855668781 0.45108947024398627 0.43635678164759029 -0.16211114191515363 -0.01769631576673809 0.9094631460244017 0.0018138618408615294
leaf_weight=895 2112 84 86 47 2281 98 54 65 152 1836 98 143 252 172 1014 1375 124 47 120 2198 53 3059
leaf_count=895 2112 84 86 47 2281 98 54 65 152 1836 98 143 252 172 1014 1375 124 47 120 2198 53 3059
internal_value=-0.000910813 -0.000477052 -0.00110879 0.00218965 -0.00126376 -0.000153958 0.00159709 0.000538461 0.000343136 -0.00306506 -0.00021775 0.000783581 0.00154744 0.00286364 -0.000302823 -4.81825e-05 0.00151155 0.000351132 0.00147778 -0.000682158 3.9325e-05 -0.000204213
internal_weight=16365 13634 4591 198 4393 9043 304 151 250 2731 8739 665 522 270 8074 4862 428 304 220 3212 173 4434
internal_count=16365 13634 4591 198 4393 9043 304 151 250 2731 8739 665 522 270 8074 4862 428 304 220 3212 173 4434
is_linear=0
shrinkage=0.035


Tree=143
num_leaves=23
num_cat=0
split_feature=9 9 16 22 20 21 7 8 20 8 24 24 4 22 6 8 14 8 22 24 8 20
split_gain=13.059 2.02535 1.53297 1.58667 1.10624 1.48149 1.24573 1.2438 1.11113 1.01656 0.982751 1.19884 0.976807 1.03976 0.875141 0.729059 0.726999 0.628607 0.96712 1.13137 0.933954 0.685541
threshold=1.7201161577513366 3.6675281567069598 1.0000000180025095e-35 39092.000000000007 23.500000000000004 1.5000000000000002 2.5496072271981869 2.5718369743430354 10.500000000000002 1.0741758241758244 3555.0000000000005 8120.5000000000009 3.9805079009487661 28242.500000000004 2.3433232039117047 2.4285660485847633 0.13392857142857145 5.6641639042627494 34795.000000000007 1706.5000000000002 6.4293354925570769 2.5000000000000004
decision_type=2 2 2 2 2 2 2 2 2 2 2 2 2 2 2 2 2 2 2 2 2 2
left_child=9 2 4 -4 8 -6 7 10 14 -1 -7 -12 -11 -14 15 -2 -17 18 19 -3 -19 -22
right_child=1 17 3 -5 5 6 -8 -9 -10 12 11 -13 13 -15 -16 16 -18 20 -20 -21 21 -23
leaf_value=-0.29216896355601418 -0.036804664254137344 -0.059210380675775998 -3.976437578131761e-05 0.091152945389385676 -0.09683977954927768 0.0488529967657906 -0.013527512498932297 0.088563565464281305 -0.076064565720362826 -0.1245113414474376 -0.040365643305774267 0.027589177982474837 0.092830964208840225 -0.18497817470400216 -0.042899984231517668 0.0071712871720939044 0.048560559952673062 -0.14468603322164603 -0.01560642405909754 0.081187974475752211 -0.16942689450302789 -0.00025503250809331453
leaf_weight=1898 250 101 129 47 293 106 297 67 1772 933 166 71 61 81 812 260 52 478 468 353 560 7076
leaf_count=1898 250 101 129 47 293 106 297 67 1772 933 166 71 61 81 812 260 52 478 468 353 560 7076
internal_value=-0.000862574 -0.000393662 -0.00101676 0.00210773 -0.00115599 -0.000121891 0.000727527 0.00198193 -0.00147842 -0.00295937 0.00102586 -0.000173555 -0.00204167 0.000547618 -0.000708123 0.00032716 0.00146845 -9.3298e-05 0.00076645 0.00191394 -0.000193559 -9.66505e-05
internal_weight=16331 13358 4322 176 4146 1000 707 410 3146 2973 343 237 1075 142 1374 562 312 9036 922 454 8114 7636
internal_count=16331 13358 4322 176 4146 1000 707 410 3146 2973 343 237 1075 142 1374 562 312 9036 922 454 8114 7636
is_linear=0
shrinkage=0.035


Tree=144
num_leaves=23
num_cat=0
split_feature=9 4 16 0 22 8 9 6 24 9 21 11 25 11 25 12 22 12 12 12 9 12
split_gain=12.2625 1.78296 1.26262 1.68783 1.10291 0.722891 0.749972 0.988536 1.12121 0.557788 0.611671 0.544036 0.487916 0.796648 1.76461 0.875166 0.793147 1.3925 1.39533 1.41922 0.870609 0.867919
threshold=1.468695794796534 6.4916198579170841 1.0000000180025095e-35 4.9132540468455685 31960.500000000004 2.4999946200133345 2.5714480930513881 3.9816512481064232 3291.5000000000005 2.5000195216228165 2.5000000000000004 10.276399433309187 248.50000000000003 2.7586029271879813 807.00000000000011 2.7494588394252824 33201.500000000007 4.5085896562869303 3.6296836190780013 4.0045216894378699 9.3912408410482708 9.0672569537313361
decision_type=2 2 2 2 2 2 2 2 2 2 2 2 2 2 2 2 2 2 2 2 2 2
left_child=-1 2 5 4 -4 -2 7 8 -7 10 -10 -8 16 14 -14 -16 21 18 -18 20 -20 -3
right_child=1 12 3 -5 -6 6 11 -9 9 -11 -12 -13 13 -15 15 -17 17 -19 19 -21 -22 -23
leaf_value=-0.21204499762680945 -0.050074896488237861 0.05186286006770835 0.019208551498923483 -0.02087439563632678 0.10156067682246826 0.066771378663256123 -0.033444666054548711 -0.076542002385626376 0.014380554927498814 0.034336411337986095 -0.079039431640291008 0.23120907553107159 -0.035366857097438108 -0.041350772799102695 0.0041434355769811434 0.29365166550631416 -0.053490896417163432 -0.29019858419734623 0.057887295313582707 -0.015437044332984805 0.58114826859035384 -0.079988305910735094
leaf_weight=2506 2344 2263 88 168 63 69 4456 101 75 63 105 46 336 2293 52 59 427 224 56 118 65 354
leaf_count=2506 2344 2263 88 168 63 69 4456 101 75 63 105 46 336 2293 52 59 427 224 56 118 65 354
internal_value=-0.000913994 -0.000503616 -0.0008645 0.00125309 0.00390385 -0.000960766 -0.000711383 0.000686602 0.00168927 0.000451612 -0.000472974 -0.000844132 -6.27008e-05 -0.000414391 0.000913716 0.00464655 0.000207288 -0.000684358 9.9105e-05 0.0022377 0.00483333 0.000517924
internal_weight=16331 13825 7578 319 151 7259 4915 413 312 243 180 4502 6247 2740 447 111 3507 890 666 239 121 2617
internal_count=16331 13825 7578 319 151 7259 4915 413 312 243 180 4502 6247 2740 447 111 3507 890 666 239 121 2617
is_linear=0
shrinkage=0.035


Tree=145
num_leaves=23
num_cat=0
split_feature=9 11 15 25 21 25 12 8 11 7 21 8 9 25 10 20 7 15 11 8 22 25
split_gain=12.5532 2.21362 0.90057 0.777771 2.24556 1.28646 1.28209 0.846129 1.15257 0.749439 0.791844 0.691355 1.24073 1.06784 1.07669 1.39201 1.60719 1.11053 0.901613 1.20566 0.757626 1.21027
threshold=1.2974831614982973 1.7767208746144918 0.11324786324786326 195.50000000000003 2.5000000000000004 600.00000000000011 1.9371464890661367 1.8441627522734043 1.4566109428538025 1.1379640013532002 2.5000000000000004 3.4291250319489515 3.6675281567069598 299.00000000000006 2.4299715851758266 3.5000000000000004 2.6152686714927489 0.036375661375661381 2.0927097374804693 2.8575374472806065 33201.500000000007 248.50000000000003
decision_type=2 2 2 2 2 2 2 2 2 2 2 2 2 2 2 2 2 2 2 2 2 2
left_child=-1 3 11 4 -2 9 7 -6 -9 10 -5 13 -13 -3 15 -15 17 -17 19 -18 21 -14
right_child=1 2 -4 5 6 -7 -8 8 -10 -11 -12 12 20 14 -16 16 18 -19 -20 -21 -22 -23
leaf_value=-0.23269423268598727 -0.045865209138741148 -0.018743377445609284 -0.07721300308063006 -0.18388608654916372 -0.017175719071085192 -0.011824745766713633 -0.12888650146431305 0.03804199350877948 0.12897590214595692 -0.081771885062246891 0.041639070820786599 -0.070894443468054347 0.038115383518793941 -0.09837684567569574 -0.019728876298164836 -0.073940251169848439 0.03720312217846878 0.045157024020515801 0.0049801353992616152 0.12478888978005624 -0.026138925644826522 -0.029106312335341663
leaf_weight=2212 374 310 378 51 45 1019 57 93 57 2174 68 323 3200 61 102 66 45 82 45 105 3461 2074
leaf_count=2212 374 310 378 51 45 1019 57 93 57 2174 68 323 3200 61 102 66 45 82 45 105 3461 2074
internal_value=-0.000844122 -0.000459846 -0.000186654 -0.00116548 -5.54758e-06 -0.00137911 0.00249222 0.00385 0.00508064 -0.00183986 0.00073387 -0.000120104 -0.0002097 0.000848355 0.00184246 0.00266137 0.00354023 0.000617646 0.0056 0.0068871 -0.000128147 0.000133263
internal_weight=16402 14190 10252 3938 626 3312 252 195 150 2293 119 9874 9058 816 506 404 343 148 195 150 8735 5274
internal_count=16402 14190 10252 3938 626 3312 252 195 150 2293 119 9874 9058 816 506 404 343 148 195 150 8735 5274
is_linear=0
shrinkage=0.035


Tree=146
num_leaves=23
num_cat=0
split_feature=8 12 22 24 4 9 9 22 15 22 20 4 11 25 12 20 20 6 20 4 12 4
split_gain=12.2006 2.35749 0.878703 1.26644 0.873158 0.924908 1.01179 1.13019 0.857658 1.15597 1.0514 0.951993 1.5765 1.14321 1.46114 0.661577 1.09247 1.13648 0.974063 0.973545 1.24011 1.09557
threshold=1.3448453054809033 1.7711665843932054 31960.500000000004 4163.5000000000009 4.0075510609739959 3.1832201304944365 2.5714480930513881 54348.000000000007 1.0000000180025095e-35 5643.5000000000009 13.500000000000002 4.1419333031218928 1.5548576840284813 878.00000000000011 1.5310855611723027 22.500000000000004 11.500000000000002 4.8705795993534231 28.500000000000004 8.1342290082565736 9.0672569537313361 3.7221152636623969
decision_type=2 2 2 2 2 2 2 2 2 2 2 2 2 2 2 2 2 2 2 2 2 2
left_child=-1 2 3 8 5 6 7 -4 -2 10 -10 13 -13 -11 -15 16 19 -18 -17 21 -21 -3
right_child=1 15 4 -5 -6 -7 -8 -9 9 11 -12 12 -14 14 -16 18 17 -19 -20 20 -22 -23
leaf_value=-0.22446303600373663 -0.067478292761788863 0.021128056760991762 0.023386606452119374 -0.13367444643319162 -0.11834587192944837 0.15221533101637083 -0.087508555637555691 -0.15196073633520846 0.075016573025471225 -0.064706938592825308 -0.0023518588719231774 0.055386960769790786 -0.080172913307214197 0.06824103543621976 -0.033731408828305387 0.022717940455213498 -0.094171681672418156 -0.036049191114300654 -0.044733237588080697 0.069118043229719206 -0.19012740760253899 -0.036951671718453295
leaf_weight=2302 373 451 533 440 237 60 241 166 45 1198 68 73 89 63 93 1985 642 3043 748 1478 118 1897
leaf_count=2302 373 451 533 440 237 60 241 166 45 1198 68 73 89 63 93 1985 642 3043 748 1478 118 1897
internal_value=-0.000866651 -0.000477432 -0.00123887 -0.00162628 -0.000456523 0 -0.000277779 0.00037784 -0.00123294 -0.000865362 0.0024322 -0.00112985 0.00132036 -0.00143966 0.00128261 -0.00020493 -0.0003732 -0.000806234 0.000258217 2.74745e-05 0.000697376 -0.000420953
internal_weight=16343 14041 3679 2442 1237 1000 940 699 2002 1629 113 1516 162 1354 156 10362 7629 3685 2733 3944 1596 2348
internal_count=16343 14041 3679 2442 1237 1000 940 699 2002 1629 113 1516 162 1354 156 10362 7629 3685 2733 3944 1596 2348
is_linear=0
shrinkage=0.035


Tree=147
num_leaves=23
num_cat=0
split_feature=8 11 21 24 11 22 12 12 12 27 8 4 24 8 11 12 10 11 3 11 22 8
split_gain=12.3418 1.98588 0.855177 1.35895 2.49059 1.6737 1.52331 1.09581 1.10472 0.917314 1.30773 1.82205 0.688887 1.00609 1.00377 1.05175 1.29256 0.806748 0.804489 1.23609 0.77234 0.633942
threshold=1.0741758241758244 1.7908550173932825 2.5000000000000004 8120.5000000000009 1.5045717874984452 5643.5000000000009 1.8502109131881215 1.5535263557498735 1.4304881321759708 3.5000000000000004 1.8441627522734043 2.95813533133922 4163.5000000000009 1.5736338395007128 1.4566109428538025 1.4744292959105978 1.3417521125165692 1.5424399110243752 1.9815188507814125 1.1203483061798485 31960.500000000004 1.7164909823578556
decision_type=2 2 2 2 2 2 2 2 2 2 2 2 2 2 2 2 2 2 2 2 2 2
left_child=-1 2 9 5 7 6 -4 8 -5 21 11 -11 13 18 20 16 -16 -17 -7 -20 -15 -2
right_child=1 -3 3 4 -6 12 -8 -9 -10 10 -12 -13 -14 14 15 17 -18 -19 19 -21 -22 -23
leaf_value=-0.25852097051047501 -0.15252732974706207 -0.0088443086113108894 0.072390992969579696 0.060254132796614936 -0.08325693583776779 -0.016282444381072014 -0.040321814438496494 0.018539385333859366 0.089947078171695477 -0.018251149568834051 -0.05625759922327072 0.11325329585955649 -0.1077677160188802 -0.078820033018573751 0.13247271988460463 0.049460568238960431 -0.028504689597040965 -0.071932004760295098 0.10094395364516229 -0.03122305674771066 0.018040564065547077 -0.050393111195498448
leaf_weight=1924 489 10157 45 77 169 112 46 98 51 103 485 49 462 463 45 73 83 248 46 46 65 1047
leaf_count=1924 489 10157 45 77 169 112 46 98 51 103 485 49 462 463 45 73 83 248 46 46 65 1047
internal_value=-0.0008325 -0.000480089 -0.00111087 -0.000597002 0.001225 -0.00102444 0.00342708 0.00362121 0.00571053 -0.00160377 -0.000447041 0.00229618 -0.00129126 -0.000814503 -0.00129022 -3.08378e-05 0.00255263 -0.00113804 0.00135646 0.00371649 -0.00231801 -0.00206911
internal_weight=16383 14459 4302 2129 395 1734 91 226 128 2173 637 152 1643 1181 977 449 128 321 204 92 528 1536
internal_count=16383 14459 4302 2129 395 1734 91 226 128 2173 637 152 1643 1181 977 449 128 321 204 92 528 1536
is_linear=0
shrinkage=0.035


Tree=148
num_leaves=23
num_cat=0
split_feature=9 9 7 16 23 21 21 12 22 22 7 25 14 0 12 7 9 10 9 8 22 5
split_gain=11.7572 2.40493 1.62297 1.62027 1.31392 1.24609 1.23616 1.6094 0.938783 0.845767 3.4077 0.805162 0.783871 0.653879 0.594668 0.571979 0.489924 0.481447 0.60057 0.741278 0.571495 1.16039
threshold=1.3584084897651272 4.0017607586512876 5.2914285714285727 1.0000000180025095e-35 41450.000000000007 2.5000000000000004 3.5000000000000004 2.5065704709548395 48992.500000000007 5643.5000000000009 2.6152686714927489 729.50000000000011 0.26136363636363641 3.1332775745784485 2.2136814966598841 32.642857142857146 3.1432456131528803 0.97590007294853509 2.5357338073371021 2.5718369743430354 13885.000000000002 3.9929401464817613
decision_type=2 2 2 2 2 2 2 2 2 2 2 2 2 2 2 2 2 2 2 2 2 2
left_child=12 3 4 5 6 17 7 -3 -6 10 -7 13 -1 -5 16 -4 -12 -2 19 20 21 -19
right_child=1 2 15 11 8 9 -8 -9 -10 -11 14 -13 -14 -15 -16 -17 -18 18 -20 -21 -22 -23
leaf_value=-0.096110114976628608 -0.12267617803076789 0.047411547664141795 -0.014838509664581835 0.048376209894334193 -0.075979530349097518 0.11524116075152188 -0.035117330983877704 0.13244174524594154 0.074686205259375596 -0.021595264687240812 -0.0080660526311160784 0.047174349065754975 -0.24255859577573924 -0.079926957318811137 -0.1437661047605526 0.52681104886165242 0.034077727831606945 -0.06932019778380083 -0.061485329212185302 0.029478769478332136 -0.061629394151139355 0.071767799904050536
leaf_weight=281 428 90 8202 88 166 47 65 117 47 2406 57 54 2003 75 77 59 53 95 1004 90 790 70
leaf_count=281 428 90 8202 88 166 47 65 117 47 2406 57 54 2003 75 77 59 53 95 1004 90 790 70
internal_value=-0.000835819 -0.000455982 -9.63898e-05 -0.00104168 0.00185714 -0.00116986 0.00344946 0.00475472 -0.000128441 -0.000628545 0.00133264 0.00186036 -0.00316361 0.000458333 -0.000765626 -0.000214252 0.000760869 -0.00173731 -0.00148929 -0.000866667 -0.00116667 0.000617646
internal_weight=16364 14080 8746 5334 485 5117 272 207 213 2640 234 217 2284 163 187 8261 110 2477 2049 1045 955 165
internal_count=16364 14080 8746 5334 485 5117 272 207 213 2640 234 217 2284 163 187 8261 110 2477 2049 1045 955 165
is_linear=0
shrinkage=0.035


Tree=149
num_leaves=23
num_cat=0
split_feature=9 12 20 21 12 20 21 25 21 20 12 20 21 27 12 9 12 2 12 1 7 20
split_gain=11.7021 2.10517 0.776041 2.09275 1.87818 1.35892 1.35359 1.02362 0.912856 1.25242 0.963503 0.836321 0.832038 1.17479 0.942389 1.11853 0.806732 0.829725 1.65492 0.786461 0.869853 0.751829
threshold=1.2974831614982973 1.7994708216848749 23.500000000000004 2.5000000000000004 2.1213569332960112 11.500000000000002 3.5000000000000004 381.00000000000006 1.5000000000000002 2.5000000000000004 9.0672569537313361 29.500000000000004 3.5000000000000004 3.5000000000000004 5.6506244452749828 6.8489486472039536 8.0938199012078709 12.035714285714286 3.5116709012505347 3.0003581617680068 3.4294290803724485 10.500000000000002
decision_type=2 2 2 2 2 2 2 2 2 2 2 2 2 2 2 2 2 2 2 2 2 2
left_child=-1 21 5 -4 7 8 -7 -5 -3 -10 16 12 14 -14 15 -6 17 18 19 20 -11 -2
right_child=1 2 3 4 11 6 -8 -9 9 10 -12 -13 13 -15 -16 -17 -18 -19 -20 -21 -22 -23
leaf_value=-0.20606360212093727 -0.013188920830539942 -0.084277886265107252 -0.050506248368499276 0.46012857568677862 -0.0110300892953147 -0.019648619522425876 -0.12402976349291454 0.052156085167751109 -0.074286738107518083 -0.010504412131615719 -0.14943610354260886 -0.06565611814613613 0.050114893787199181 -0.30584621625445696 -0.016580684690567282 0.25111935565050969 0.31475343095482083 -0.014074835490660078 0.13345445182572022 -0.012347873152082023 0.038526996162220689 -0.047474338958181733
leaf_weight=2215 1310 999 1110 46 78 2888 1078 49 657 132 86 228 385 103 89 260 98 725 441 686 137 2527
leaf_count=2215 1310 999 1110 46 78 2888 1078 49 657 132 86 228 385 103 89 260 98 725 441 686 137 2527
internal_value=-0.000868357 -0.000495113 -0.000231518 0.000322779 0.00131496 -0.000398009 -0.000855831 0.00595 5.64792e-05 0.000369227 0.000757575 0.000890243 0.00136956 0.000333671 0.00249537 0.00333673 0.000906474 0.000747412 0.00124661 0.000401041 0.0019927 -0.00119521
internal_weight=16327 14112 10275 2348 1238 7927 3966 95 3961 2962 2305 1143 915 488 427 338 2219 2121 1396 955 269 3837
internal_count=16327 14112 10275 2348 1238 7927 3966 95 3961 2962 2305 1143 915 488 427 338 2219 2121 1396 955 269 3837
is_linear=0
shrinkage=0.035


Tree=150
num_leaves=23
num_cat=0
split_feature=9 11 8 20 20 24 6 24 22 12 12 21 20 5 12 9 12 8 9 20 8 7
split_gain=13.0118 1.36647 1.17756 1.01024 0.880338 2.01966 0.897222 0.738549 1.65081 1.50258 1.343 1.16252 1.52362 1.61714 1.10631 1.78769 1.97074 1.67372 1.00238 0.998553 1.10942 1.09293
threshold=1.7201161577513366 1.7767208746144918 1.2132111502410419 10.500000000000002 4.5000000000000009 4326.0000000000009 1.0879323844190749 9795.0000000000018 31797.000000000004 8.2438892791534588 7.361597660230756 2.5000000000000004 6.5000000000000009 11.946428571428573 4.2669690075239988 9.5007289286802958 3.6296836190780013 11.786796536796539 3.900083345798202 20.500000000000004 8.5609179663026485 12.715694393364142
decision_type=2 2 2 2 2 2 2 2 2 2 2 2 2 2 2 2 2 2 2 2 2 2
left_child=2 -2 -1 4 -4 6 -6 8 -3 10 11 12 13 -9 15 -10 -17 -18 -13 20 -14 -21
right_child=1 7 3 -5 5 -7 -8 9 14 -11 -12 18 19 -15 -16 16 17 -19 -20 21 -22 -23
leaf_value=-0.22685681884935557 -0.024433158544828366 -0.00049919086742036042 -0.10919682061269861 -0.12273620278671983 0.019970085423640583 -0.094173805512838243 0.13751931848302792 0.044659533047571642 -0.055198455668528247 -0.29734507078810851 0.26525345510028225 0.1293899736451847 -0.003764678455015429 0.61867505865757233 -0.26185091066420851 -0.33353421382974563 0.50413774990963012 -0.034532443699681462 0.037933971921479723 -0.037151544248620431 -0.28537864936596152 0.20555009668904456
leaf_weight=2035 3193 5075 131 599 45 95 67 208 1536 149 114 91 229 50 364 61 78 46 1327 337 386 110
leaf_count=2035 3193 5075 131 599 45 95 67 208 1536 149 114 91 229 50 364 61 78 46 1327 337 386 110
internal_value=-0.000818904 -0.000350813 -0.00291216 -0.00182803 -0.000234695 0.00112264 0.00427778 -0.000150109 -0.000344383 0.000307384 0.000493699 0.000327925 -0.000409435 0.00195627 -0.00117225 -0.000782735 0.00239474 0.00491085 0.00102565 -0.00100703 -0.00191936 0.000216813
internal_weight=16326 13354 2972 937 338 207 112 10161 7160 3001 2852 2738 1320 258 2085 1721 185 124 1418 1062 615 447
internal_count=16326 13354 2972 937 338 207 112 10161 7160 3001 2852 2738 1320 258 2085 1721 185 124 1418 1062 615 447
is_linear=0
shrinkage=0.035


Tree=151
num_leaves=23
num_cat=0
split_feature=15 9 7 25 16 25 21 24 25 21 7 25 11 24 23 7 7 11 21 15 22 12
split_gain=12.5115 1.61659 1.72234 1.68067 1.66747 1.18183 0.928996 0.957817 0.851588 0.883819 0.807341 0.727659 0.710825 0.704009 1.12264 0.664414 0.656936 0.651528 0.636179 0.605976 0.951167 2.22663
threshold=0.2752525252525253 4.3603896103896114 5.5821741259895017 248.50000000000003 1.0000000180025095e-35 729.50000000000011 2.5000000000000004 11523.000000000002 421.00000000000006 1.5000000000000002 4.8582227003737612 878.00000000000011 2.0927097374804693 5252.0000000000009 51350.000000000007 2.0008168058289266 6.0003021807474264 1.648284963642286 4.5000000000000009 0.06458333333333334 15527.500000000002 1.2477056372847419
decision_type=2 2 2 2 2 2 2 2 2 2 2 2 2 2 2 2 2 2 2 2 2 2
left_child=1 4 3 13 6 15 11 -8 -5 10 -10 19 17 -3 -15 -6 -4 -13 -18 -1 21 -21
right_child=-2 2 16 8 5 -7 7 -9 9 -11 -12 12 -14 14 -16 -17 18 -19 -20 20 -22 -23
leaf_value=-0.078848601676176355 -0.18391683018962812 0.0503092472636942 -0.15661186830746407 -0.14744207949182406 0.055393965166744469 0.050667863185523326 -0.01995978490097744 0.030864345330163797 0.085890177049296704 -0.018557873412705282 0.043049636307309083 -0.049549342222390096 -0.076868785435314849 0.59817217500795172 0.089503350811506815 -0.02502315180618379 -0.0078248201485113314 0.058656025656323281 -0.19786535383622736 0.1008581933478936 -0.069176780372652735 -0.016705886587312493
leaf_weight=852 2204 138 252 139 49 56 2564 203 46 113 90 85 67 48 87 109 7490 82 199 49 1091 340
leaf_count=852 2204 138 252 139 49 56 2564 203 46 113 90 85 67 48 87 109 7490 82 199 49 1091 340
internal_value=-0.000795514 -0.000411475 -0.000108575 0.0015976 -0.000877522 0.00209361 -0.00100187 -0.000545455 6.23401e-05 0.00132283 0.00320213 -0.00148522 0.000307531 0.00367626 0.0055 0.00036503 -0.000253713 0.00158721 -0.000192878 -0.00167287 -0.00121381 0.000230964
internal_weight=16353 14149 8602 661 5547 214 5333 2767 388 249 136 2566 234 273 135 158 7941 167 7689 2332 1480 389
internal_count=16353 14149 8602 661 5547 214 5333 2767 388 249 136 2566 234 273 135 158 7941 167 7689 2332 1480 389
is_linear=0
shrinkage=0.035


Tree=152
num_leaves=23
num_cat=0
split_feature=9 11 21 25 24 11 14 9 8 12 25 21 8 11 11 12 15 11 25 15 9 20
split_gain=13.0237 1.63873 0.916857 1.70499 1.27582 2.16833 1.02338 1.98766 0.880144 1.15817 1.04669 0.813811 1.00795 0.79949 1.00165 0.704929 0.670637 0.937878 2.18535 1.1789 0.705801 0.653962
threshold=1.2974831614982973 1.8093379942281738 2.5000000000000004 191.00000000000003 8120.5000000000009 1.5045717874984452 0.13392857142857145 3.1832201304944365 1.4977360561426372 1.0788981249502503 600.00000000000011 3.5000000000000004 1.9217965324295445 1.3985864135061359 1.5424399110243752 2.1419566360129445 0.11324786324786326 1.9561793638745544 600.00000000000011 0.069047619047619066 3.1832201304944365 24.500000000000004
decision_type=2 2 2 2 2 2 2 2 2 2 2 2 2 2 2 2 2 2 2 2 2 2
left_child=-1 2 15 11 8 6 7 -6 9 -5 21 12 -4 -12 -15 -2 17 18 -3 20 -20 -10
right_child=1 16 3 4 5 -7 -8 -9 10 -11 13 -13 -14 14 -16 -17 -18 -19 19 -21 -22 -23
leaf_value=-0.17897104526339175 -0.057016217546269898 -0.013988186174300336 -0.019988752853705955 -0.18332922088364997 -0.045355023415260515 -0.071829285049142502 0.081187795571914134 0.17503913410189323 -0.11167336866782772 0.058213445616151056 -0.046233254336623918 -0.015337174945246893 0.084146335221220211 0.094842810673650704 -0.013684751593412588 0.069878954603697988 -0.069324076327053286 -0.0066882366579385476 -0.0379868908185532 0.13260860608453598 0.10166847569951373 -0.011616044611673496
leaf_weight=2227 1959 251 48 50 130 178 54 51 597 97 166 99 112 83 159 77 361 9315 63 61 76 160
leaf_count=2227 1959 251 48 50 130 178 54 51 597 97 166 99 112 83 159 77 361 9315 63 61 76 160
internal_value=-0.000747696 -0.000354156 -0.000952175 -0.000402967 -0.000809249 0.000854066 0.0030625 0.00158064 -0.00134738 0.00110526 -0.00167521 0.00220076 0.00371212 -0.000194916 0.00103441 -0.00147648 -0.000114687 -5.76715e-05 0.00148903 0.00418293 0.00209028 -0.00244357
internal_weight=16374 14147 4020 1984 1725 413 235 181 1312 147 1165 259 160 408 242 2036 10127 9766 451 200 139 757
internal_count=16374 14147 4020 1984 1725 413 235 181 1312 147 1165 259 160 408 242 2036 10127 9766 451 200 139 757
is_linear=0
shrinkage=0.035


Tree=153
num_leaves=23
num_cat=0
split_feature=8 11 21 26 24 11 7 8 8 8 20 20 7 27 9 11 9 9 24 10 20 9
split_gain=12.2814 1.9293 0.982853 3.05118 1.59611 2.08103 1.37992 1.54729 0.850325 0.855806 0.753801 0.723549 0.896178 0.679137 2.46331 0.659379 0.641528 1.00055 0.860019 0.720433 0.745909 0.605493
threshold=1.0741758241758244 1.7767208746144918 2.5000000000000004 1.0000000180025095e-35 8120.5000000000009 1.4373357526806561 2.7871348190300576 2.3333571197290919 2.9288295239897173 1.8441627522734043 17.500000000000004 23.500000000000004 1.2859231411862992 3.5000000000000004 1.7201161577513366 1.472755189182829 1.6793160786581842 2.5000195216228165 4326.0000000000009 0.9277948416122116 21.500000000000004 2.1670105919466116
decision_type=2 2 2 2 2 2 2 2 2 2 2 2 2 2 2 2 2 2 2 2 2 2
left_child=-1 2 13 4 11 6 7 -6 9 -5 -11 -4 -13 16 -15 -14 -2 18 19 -18 -21 -3
right_child=1 21 3 8 5 -7 -8 -9 -10 10 -12 12 15 14 -16 -17 17 -19 -20 20 -22 -23
leaf_value=-0.23012609999047356 -0.14066075301301992 -0.095596093662432283 -0.069978586774293527 0.019300521484340461 0.065639459409401441 -0.042116142784782012 0.15112617923774799 -0.11850285081813737 -0.0092724220254192698 0.09105322613098267 0.031700349558391697 0.071641817123633753 -0.10170241764877601 0.086764672996955672 -0.038801754817095774 0.035167947329622778 -0.046356583851948144 -0.065545298404692781 -0.067838950835460779 0.011072082312248278 0.090714479911072912 -0.0038551871374001116
leaf_weight=1931 443 145 1053 50 88 218 47 51 77 56 58 52 210 46 588 106 64 593 184 139 70 10054
leaf_count=1931 443 145 1053 50 88 218 47 51 77 56 58 52 210 46 588 106 64 593 184 139 70 10054
internal_value=-0.000736956 -0.000383379 -0.00101548 -0.000457992 -0.000956285 0.000949877 0.0036466 0.00160417 0.00318699 0.00457692 0.00620588 -0.00151192 -0.000121985 -0.00154644 -0.000542254 -0.000883178 -0.00195794 -0.00144313 -0.000166667 0.00103237 0.00206075 -0.000121424
internal_weight=16323 14392 4193 2066 1825 404 186 139 241 164 114 1421 368 2127 634 316 1493 1050 457 273 209 10199
internal_count=16323 14392 4193 2066 1825 404 186 139 241 164 114 1421 368 2127 634 316 1493 1050 457 273 209 10199
is_linear=0
shrinkage=0.035


Tree=154
num_leaves=23
num_cat=0
split_feature=9 11 20 21 25 20 10 22 6 6 25 24 9 22 9 11 20 20 25 11 10 24
split_gain=11.1565 1.37181 0.739042 1.31685 1.24311 1.47586 1.36933 1.0117 1.44402 1.01128 0.900144 0.8631 1.66436 1.21549 0.906623 1.30619 0.727259 1.21048 1.32914 1.07047 1.05339 1.40107
threshold=1.1086040571081874 1.7767208746144918 23.500000000000004 1.5000000000000002 600.00000000000011 13.500000000000002 1.3417521125165692 10086.000000000002 4.8705795993534231 4.8705795993534231 171.00000000000003 8120.5000000000009 2.5357338073371021 15527.500000000002 3.0003052311965184 1.4373357526806561 19.500000000000004 11.500000000000002 106.50000000000001 7.4105664942184228 1.2724180205607036 7066.5000000000009
decision_type=2 2 2 2 2 2 2 2 2 2 2 2 2 2 2 2 2 2 2 2 2 2
left_child=-1 2 4 -4 5 7 -6 8 -2 -8 -7 13 -13 14 15 -5 17 -3 19 -19 -18 -22
right_child=1 16 3 11 6 10 9 -9 -10 -11 -12 12 -14 -15 -16 -17 20 18 -20 -21 21 -23
leaf_value=-0.20626740107718206 -0.027593920912952038 -0.0033475461167429151 -0.086645106091599894 0.014267349484425386 -0.037587323771951543 0.011200190913119286 0.0053577551687459118 -0.051287217625862566 0.076371574695402553 0.048397572443838736 -0.11428957480959562 0.053322243434648982 -0.0023339462502095822 -0.033227687575604431 -0.053292714678862228 0.13595501458708784 0.073900624061159909 -0.11538540163930769 -0.088275606209108695 0.40600299879216045 -0.017603741785665115 0.027105216066255561
leaf_weight=1866 191 3976 289 89 360 107 236 1113 85 119 939 61 94 439 49 59 145 74 2513 61 1961 1513
leaf_count=1866 191 3976 289 89 360 107 236 1113 85 119 939 61 94 439 49 59 145 74 2513 61 1961 1513
internal_value=-0.000786773 -0.000456417 -0.000987604 -0.00017742 -0.00125911 -0.00163525 0 -0.000863702 0.000983985 0.00155555 -0.00263416 0.000545225 0.00284375 -5.46105e-06 0.00221782 0.0035915 -0.000234974 -0.000453538 -0.00103298 0.00225 0.000160319 3.11863e-05
internal_weight=16339 14473 4230 1080 3150 2435 715 1389 276 355 1046 791 155 636 197 148 10243 6624 2648 135 3619 3474
internal_count=16339 14473 4230 1080 3150 2435 715 1389 276 355 1046 791 155 636 197 148 10243 6624 2648 135 3619 3474
is_linear=0
shrinkage=0.035


Tree=155
num_leaves=23
num_cat=0
split_feature=9 9 16 20 24 21 24 20 15 15 20 20 21 7 8 21 21 14 8 11 10 15
split_gain=12.2178 1.34341 1.48956 0.868516 1.10533 0.989223 1.2168 0.954849 0.804852 0.747187 0.797898 0.744638 1.38453 0.950578 1.3051 0.767524 1.1495 1.0382 0.738186 1.15989 0.684178 0.627747
threshold=1.3584084897651272 3.6675281567069598 1.0000000180025095e-35 8.5000000000000018 11523.000000000002 3.5000000000000004 3291.5000000000005 21.500000000000004 0.33974358974358981 1.0000000180025095e-35 2.5000000000000004 23.500000000000004 1.5000000000000002 2.5496072271981869 2.5521158104217121 3.5000000000000004 2.5000000000000004 0.20714285714285716 3.3576964605203803 2.027286390693265 1.7182493859684629 0.069047619047619066
decision_type=2 2 2 2 2 2 2 2 2 2 2 2 2 2 2 2 2 2 2 2 2 2
left_child=8 2 3 5 11 6 9 -6 -1 -2 -11 -5 -13 14 15 16 -14 -18 19 -7 -4 -12
right_child=1 -3 20 4 7 18 -8 -9 -10 10 21 12 13 -15 -16 -17 17 -19 -20 -21 -22 -23
leaf_value=-0.080336021392510421 -0.091627689894630243 -0.0029124648682516143 0.046969577243399896 -0.059866915453950315 -0.040366602887413922 0.016535836187985486 -0.0583323950032466 0.1295868672925547 -0.22378585078938251 -0.069312127276345434 0.070648519885054523 -0.11691976494615047 -0.012428965620845661 -0.037269832718462979 0.062226116645836022 -0.053031606390874078 0.020886819925014226 0.10629565529010276 -0.031789743814976471 0.047413501970890143 -0.0028565213670981669 0.014891821855339141
leaf_weight=480 61 9080 121 2241 80 287 625 62 1803 45 50 312 131 277 64 174 92 48 62 45 88 99
leaf_count=480 61 9080 121 2241 80 287 625 62 1803 45 50 312 131 277 64 174 92 48 62 45 88 99
internal_value=-0.000699058 -0.000311162 -0.0007741 -0.000904413 -0.00119076 -0.000106725 -0.000771187 0.00173809 -0.00307168 0.00121154 0.00230402 -0.00132297 -0.000548958 0.000216813 0.00113035 0.000388888 0.00157246 0.00374138 0.00132456 0.00200445 0.00206075 0.00354545
internal_weight=16327 14044 4964 4755 3481 1274 880 142 2283 255 194 3339 1098 786 509 445 271 140 394 332 209 149
internal_count=16327 14044 4964 4755 3481 1274 880 142 2283 255 194 3339 1098 786 509 445 271 140 394 332 209 149
is_linear=0
shrinkage=0.035


Tree=156
num_leaves=23
num_cat=0
split_feature=9 9 16 7 21 15 22 20 20 25 21 21 9 10 15 11 3 0 20 10 25 22
split_gain=11.5938 1.65171 1.23094 1.08449 1.64206 0.848871 0.771298 0.701209 1.0374 1.09119 1.00114 0.948739 1.01674 0.661284 0.656035 1.52141 0.751961 1.31935 0.75878 1.18952 1.31688 0.96449
threshold=1.3584084897651272 4.3603896103896114 1.0000000180025095e-35 4.2943137120586199 3.5000000000000004 0.36700336700336705 44839.000000000007 10.500000000000002 21.500000000000004 600.00000000000011 1.5000000000000002 3.5000000000000004 3.6675281567069598 1.7182493859684629 1.0000000180025095e-35 2.7766005098282114 10.345238095238097 7.3463985739894344 7.5000000000000009 3.8297084310253569 210.50000000000003 33201.500000000007
decision_type=2 2 2 2 2 2 2 2 2 2 2 2 2 2 2 2 2 2 2 2 2 2
left_child=5 2 7 4 -3 -1 13 11 9 -9 -10 -2 -13 -4 16 -16 -5 18 21 20 -20 -18
right_child=1 3 6 14 -6 -7 -8 8 10 -11 -12 12 -14 -15 15 -17 17 -19 19 -21 -22 -23
leaf_value=-0.072188394311298212 -0.024340566086232196 0.11733663565356428 0.021829579651003975 -0.029436845601983813 -0.12229988587061276 -0.22482410585489404 0.062653642983223776 -0.095639846358607936 -0.070119089010040422 -0.0078828742867751347 -0.00020864741723165343 0.0049874319466187188 0.051820430705238535 -0.04179227816787405 0.092851998152742143 -0.22438835024987136 -0.0065351512663997819 -0.00077518465038680674 -0.094119542129506725 -0.08742175841487175 0.1361096033237707 0.24626377426085611
leaf_weight=591 1201 57 97 4040 50 1706 45 1350 445 537 1149 472 50 66 55 49 45 3918 48 155 124 69
leaf_count=591 1201 57 97 4040 50 1706 45 1350 445 537 1149 472 50 66 55 49 45 3918 48 155 124 69
internal_value=-0.000725558 -0.000346083 -0.000825089 -4.2659e-05 0.003375 -0.00302867 0.00175822 -0.000933289 -0.00122088 -0.0017796 -0.000545029 -0.000340279 0.000883301 0.000458333 -8.96811e-05 0.00260092 -0.000126607 0.000189275 0.00199327 0.00103313 0.00302542 0.00444118
internal_weight=16319 14022 5412 8610 107 2297 208 5204 3481 1887 1594 1723 522 163 8503 104 8399 4359 441 327 172 114
internal_count=16319 14022 5412 8610 107 2297 208 5204 3481 1887 1594 1723 522 163 8503 104 8399 4359 441 327 172 114
is_linear=0
shrinkage=0.035


Tree=157
num_leaves=23
num_cat=0
split_feature=8 12 25 21 20 21 20 21 7 11 20 21 21 20 7 25 8 12 25 10 7 7
split_gain=11.3183 1.29839 0.905211 0.791477 0.751494 1.98416 2.19185 1.61071 2.57048 1.45844 1.29262 1.61307 1.41807 2.40383 1.30893 2.78593 1.65048 1.29602 1.92158 1.34944 1.18707 1.24475
threshold=1.2857920513923358 1.3934924502533408 195.50000000000003 2.5000000000000004 23.500000000000004 2.5000000000000004 29.500000000000004 3.5000000000000004 2.3333638470330818 6.9219986903744779 8.5000000000000018 3.5000000000000004 3.5000000000000004 3.5000000000000004 4.7277820077321424 324.00000000000006 2.7140826393712847 2.3253832818284836 600.00000000000011 1.3417521125165692 2.714197881277439 4.2943137120586199
decision_type=2 2 2 2 2 2 2 2 2 2 2 2 2 2 2 2 2 2 2 2 2 2
left_child=-1 2 3 -2 10 -6 7 8 -7 -9 12 17 -3 14 15 16 -14 18 -12 -20 -21 -22
right_child=1 4 -4 -5 5 6 -8 9 -10 -11 11 -13 13 -15 -16 -17 -18 -19 19 20 21 -23
leaf_value=-0.16062313055298966 -0.0092542374222937991 -0.014100792300719176 -0.053047622665541888 0.097283166747451313 -0.03382826812214286 0.17288414979896044 -0.052556882839101857 0.00041278594345340962 0.088296750168884261 0.36454252038798884 -0.071280876933392814 -0.088788841717550429 0.0069562275932662692 0.060974943079487615 -0.14898622995234373 -0.089471740316652601 0.11822869125223741 0.0026234460109683605 -0.040633212407792968 -0.034373133266440981 0.10502667438657866 -0.043844225569318267
leaf_weight=2237 157 2383 1418 60 1395 50 293 579 516 45 992 1598 45 526 428 111 51 3053 157 96 129 45
leaf_count=2237 157 2383 1418 60 1395 50 293 579 516 45 992 1598 45 526 428 111 51 3053 157 96 129 45
internal_value=-0.000720356 -0.00035218 -0.00128049 0.000756756 -0.000228816 0.00026344 0.00115726 0.00183054 0.00318126 0.000562002 -0.000378055 -0.000688478 0.000148914 0.00115266 -0.000273438 0.00194811 0.00620297 -0.000341636 -0.00121419 0.000712962 0.00222727 0.00393017
internal_weight=16364 14127 1635 217 12492 2878 1483 1190 566 624 9614 6070 3544 1161 635 207 96 4472 1419 427 270 174
internal_count=16364 14127 1635 217 12492 2878 1483 1190 566 624 9614 6070 3544 1161 635 207 96 4472 1419 427 270 174
is_linear=0
shrinkage=0.035


Tree=158
num_leaves=23
num_cat=0
split_feature=9 9 7 20 20 12 0 9 1 7 8 6 18 10 11 9 14 8 23 6 12 22
split_gain=10.6135 1.22136 1.6266 1.20151 1.90667 1.1046 1.01283 0.935191 0.705701 0.679624 0.900131 0.955895 0.865219 0.84872 1.49065 0.827249 0.793616 0.897996 0.813277 0.771406 0.708958 1.19121
threshold=1.3584084897651272 8.214889277389279 8.5703912678374952 10.500000000000002 19.500000000000004 4.6422838801156487 7.4843476256431627 0.800572271527216 6.3943572294959923 8.2857329212056161 2.3572293111853639 3.0003581617680068 1.0000000180025095e-35 1.3801311186847107 1.6103213060362875 3.7422296529669432 1.0000000180025095e-35 3.0003337402748032 41450.000000000007 1.7636207972359379 1.4406509170854196 15527.500000000002
decision_type=2 2 2 2 2 2 2 2 2 2 2 2 2 2 2 2 2 2 2 2 2 2
left_child=7 3 5 9 -5 6 8 -1 -3 10 20 12 16 -13 -15 -16 18 19 -12 -18 21 -2
right_child=1 2 -4 4 -6 -7 -8 -9 -10 -11 11 13 -14 14 15 -17 17 -19 -20 -21 -22 -23
leaf_value=-0.27461882395950016 0.073462081772196222 0.12257287189805807 -0.0077567676492468112 -0.068884055203152772 -0.0077279716127988439 -0.20700174284370546 0.055093660844336562 -0.064618823959500124 0.089096786581895848 -0.096162643332725811 -0.01072530995715607 -0.072043922238355637 -0.0520395839955137 0.06413097764633828 -0.090243522472471402 0.020770728634028443 -0.036126716694463462 0.058420863759530262 0.07476083259740092 0.050878021544789057 -0.082593681088465085 -0.027068878743202747
leaf_weight=1552 83 51 5696 2249 2879 89 190 772 120 130 190 172 102 68 218 758 55 81 116 97 328 356
leaf_count=1552 83 51 5696 2249 2879 89 190 772 120 130 190 172 102 68 218 758 55 81 116 97 328 356
internal_value=-0.000709758 -0.000344938 2.21907e-05 -0.000633258 -0.000949835 0.00203846 0.0029071 -0.00289888 0.00485227 -3.67895e-05 8.12088e-05 0.000503759 0.00159288 -6.01974e-05 0.000303622 -3.92465e-05 0.00216176 0.00370588 0.000889067 0.00185032 -0.000915804 0
internal_weight=16352 14028 6146 7882 5128 450 361 2324 171 2754 2624 1857 641 1216 1044 976 539 233 306 152 767 439
internal_count=16352 14028 6146 7882 5128 450 361 2324 171 2754 2624 1857 641 1216 1044 976 539 233 306 152 767 439
is_linear=0
shrinkage=0.035


Tree=159
num_leaves=23
num_cat=0
split_feature=9 7 24 14 4 27 9 21 8 12 25 9 13 5 5 16 12 9 23 12 23 7
split_gain=10.1128 1.41091 1.44186 1.00392 0.996485 0.904337 1.27542 1.88162 1.10114 1.02145 0.899147 0.988906 0.999061 1.25391 1.1709 0.637446 0.558596 1.20156 0.710993 1.65434 1.76364 1.99814
threshold=0.96796171728274449 2.7871348190300576 3291.5000000000005 0.21825396825396828 1.9999246801866812 3.5000000000000004 2.4444909400534773 3.5000000000000004 1.5012755102040818 1.382130239410553 637.50000000000011 2.6787756300286603 1.0000000180025095e-35 3.9929401464817613 1.7812034987177283 1.0000000180025095e-35 7.2069740981565173 14.150589420573777 42000.000000000007 4.6422838801156487 51350.000000000007 8.5719387755102066
decision_type=2 2 2 2 2 2 2 2 2 2 2 2 2 2 2 2 2 2 2 2 2 2
left_child=-1 2 3 5 -5 6 9 -8 -7 -2 15 12 -12 14 -14 -4 18 -18 -3 20 21 -20
right_child=1 16 10 4 -6 8 7 -9 -10 -11 11 -13 13 -15 -16 -17 17 -19 19 -21 -22 -23
leaf_value=-0.2424689020193912 0.079059172526158641 -0.022462579779109072 -0.058158667332125984 -0.013297094589742701 0.12577939848325739 0.0899593378258257 -0.031084814992180732 0.1341072163482411 -0.10385173425506583 0.0094117367624703269 -0.024870383325118012 -0.043787235492425761 0.050017488968983025 0.08510726682773441 -0.033511728583177754 0.021174686529492667 0.195893475609489 0.013867032284065805 0.42860136081566763 -0.16789060276933346 0.0039665100745783872 0.10863649603187683
leaf_weight=1689 48 5500 2431 46 55 47 247 60 334 50 201 143 58 67 96 85 72 1333 48 989 2377 353
leaf_count=1689 48 5500 2431 46 55 47 247 60 334 50 201 143 58 67 96 85 72 1333 48 989 2377 353
internal_value=-0.000731542 -0.000433767 -0.000998113 0.000227578 0.00343396 -0.000181417 0.000939024 -0.000134616 -0.00141451 0.00431553 -0.00135645 -6.14043e-05 0.000762294 0.00238495 0.000462263 -0.00163963 -0.000221926 0.000421985 -0.000321614 4.45379e-05 0.000486704 0.00262069
internal_weight=16329 14640 3968 887 101 786 405 307 381 98 3081 565 422 221 154 2516 10672 1405 9267 3767 2778 401
internal_count=16329 14640 3968 887 101 786 405 307 381 98 3081 565 422 221 154 2516 10672 1405 9267 3767 2778 401
is_linear=0
shrinkage=0.035


Tree=160
num_leaves=23
num_cat=0
split_feature=9 22 20 20 9 8 21 20 21 21 22 8 10 21 11 14 12 25 20 20 11 12
split_gain=10.6799 1.14573 0.873782 1.65175 1.54895 1.88876 1.27079 1.22271 1.07267 1.03532 1.15427 1.8057 1.07194 0.988164 2.0169 1.58891 1.04075 1.20978 0.964874 2.15981 0.847706 0.898491
threshold=1.3584084897651272 54348.000000000007 23.500000000000004 11.500000000000002 8.214889277389279 9.8586007145034475 2.5000000000000004 30.500000000000004 2.5000000000000004 3.5000000000000004 47274.500000000007 7.0714378891742369 4.8411990004028951 3.5000000000000004 7.1226137438551307 0.20714285714285716 5.6506244452749828 637.50000000000011 4.5000000000000009 8.5000000000000018 1.6256866681058642 1.598196735146461
decision_type=2 2 2 2 2 2 2 2 2 2 2 2 2 2 2 2 2 2 2 2 2 2
left_child=-1 2 3 9 8 -6 -4 13 20 -2 18 -12 -13 15 -15 16 17 -8 -11 -20 -5 -22
right_child=1 -3 6 4 5 -7 7 -9 -10 10 11 12 -14 14 -16 -17 -18 -19 19 -21 21 -23
leaf_value=-0.14824357099705759 -0.011624581828855082 -0.16237276716784343 -0.030134119579864276 -0.053155744163174805 0.083885236011732797 -0.047208783225263493 0.097444603623701193 -0.16751674198577851 -0.081903313192466409 -0.030262161036497318 0.20865175800093819 -0.094052748002030354 0.28533860599334759 -0.0049709647214692025 0.48136341121750814 0.10689476430234693 -0.054575627003348275 -0.008385898716199101 0.087116238920212682 -0.040572634057960411 0.050477943760727194 -0.026113509659312042
leaf_weight=2320 3660 179 1568 607 410 1990 488 111 1453 655 72 90 71 749 50 51 123 126 379 288 83 833
leaf_count=2320 3660 179 1568 607 410 1990 488 111 1453 655 72 90 71 749 50 51 123 126 379 288 83 833
internal_value=-0.000729693 -0.000364184 -0.000326216 -0.000480937 -0.000911263 -0.000240126 0.000170131 0.000836464 -0.00144532 -3.35257e-05 0.000717948 0.00297059 0.000716867 0.00109485 0.000200248 0.00197289 0.0015 0.00209774 0.00029804 0.00123958 -0.000774215 -7.98054e-05
internal_weight=16356 14036 13857 10591 5376 2400 3266 1698 2976 5215 1555 233 161 1587 799 788 737 614 1322 667 1523 916
internal_count=16356 14036 13857 10591 5376 2400 3266 1698 2976 5215 1555 233 161 1587 799 788 737 614 1322 667 1523 916
is_linear=0
shrinkage=0.035


Tree=161
num_leaves=23
num_cat=0
split_feature=15 8 25 25 9 20 20 25 2 4 4 23 8 22 9 8 5 9 22 6 8 1
split_gain=11.126 1.56465 1.015 1.21198 0.834615 0.758443 1.10621 1.34585 1.3922 0.884394 1.00197 0.991321 1.09262 1.41742 1.79769 0.879432 0.851431 0.76908 0.855894 1.05791 1.23207 0.704839
threshold=0.37797619047619052 2.7140826393712847 637.50000000000011 180.50000000000003 2.7173254579940811 11.500000000000002 18.500000000000004 729.50000000000011 19.556552062598733 3.7221152636623969 8.1342290082565736 41450.000000000007 19.503725362710224 43337.000000000007 9.3912408410482708 22.132139545833123 22.797540755617458 17.107946537883073 44839.000000000007 7.9732713418271493 3.214714540186224 17.961864802538603
decision_type=2 2 2 2 2 2 2 2 2 2 2 2 2 2 2 2 2 2 2 2 2 2
left_child=1 2 3 -1 -4 9 7 8 -7 -3 -11 -12 13 -13 -15 -8 -17 18 19 20 -9 -10
right_child=-2 5 4 -5 -6 6 15 17 21 10 11 12 -14 14 -16 16 -18 -19 -20 -21 -22 -23
leaf_value=0.0074606301419050235 -0.20933788776360818 0.026804209868277674 0.010202751462639385 -0.054178364748181537 -0.10272522421488424 -0.09909631079293664 -0.0050209825172583345 0.064101808085187784 0.15010085017286232 -0.02139746534361453 -0.0015254594481681621 0.27088858392707327 -0.24096847094654902 0.27193927824820457 -0.0058839611476772047 -0.018154394901544704 0.46662122801367195 -0.61490291876018544 -0.0044813264654102302 0.44905123827574134 -0.13052834270255942 -0.029858148944969184
leaf_weight=488 1727 559 593 2597 119 1652 3880 54 111 2013 963 142 70 89 317 131 160 51 202 45 53 275
leaf_count=488 1727 559 593 2597 119 1652 3880 54 111 2013 963 142 70 89 317 131 160 51 202 45 53 275
internal_value=-0.000664949 -0.000348103 -0.000959233 -0.00123463 0.000209902 -0.000130617 -0.000364331 -0.000955066 -0.00132428 0.000237373 3.01464e-05 0.000692937 0.0017809 0.00232278 0.0011837 -1.34108e-05 0.00182095 0.000853658 0.00147214 0.00341083 0.0011875 0.000528132
internal_weight=16291 14564 3797 3085 712 10767 6614 2443 2038 4153 3594 1581 618 548 406 4171 291 405 354 152 107 386
internal_count=16291 14564 3797 3085 712 10767 6614 2443 2038 4153 3594 1581 618 548 406 4171 291 405 354 152 107 386
is_linear=0
shrinkage=0.035


Tree=162
num_leaves=23
num_cat=0
split_feature=8 9 7 22 24 24 14 4 8 11 9 21 6 12 8 24 12 22 8 9 10 24
split_gain=10.234 1.23228 1.309 0.772164 0.676203 1.14675 1.09543 1.19397 1.08557 0.815189 0.8763 1.27981 1.00757 0.937123 1.41525 1.81416 1.60062 1.52669 1.31675 0.706346 0.778896 0.62853
threshold=1.0741758241758244 8.0222733457361439 6.7166477702191996 54348.000000000007 5252.0000000000009 4163.5000000000009 0.21825396825396828 3.9805079009487661 2.0600386347942297 2.8749263295371774 4.0017607586512876 3.5000000000000004 6.287505481957413 1.4006328871416598 3.2861431116147957 3291.5000000000005 1.6736558453468735 24335.000000000004 2.9096191506905797 6.3321020750349257 2.2990681342044432 8120.5000000000009
decision_type=2 2 2 2 2 2 2 2 2 2 2 2 2 2 2 2 2 2 2 2 2 2
left_child=-1 3 -3 4 5 6 9 -8 -6 10 11 -2 19 -13 15 18 17 -17 -15 20 -12 -10
right_child=1 2 -4 -5 8 -7 7 -9 21 -11 12 13 -14 14 -16 16 -18 -19 -20 -21 -22 -23
leaf_value=-0.17397536047824921 -0.031804656769887606 0.26119772591452511 -0.0019737186365592334 -0.11500053708696373 0.036062251217713719 -0.083384087927329389 0.0022120839814257017 0.079630506542596194 0.037557125029469618 -0.1093116415943006 0.060397318209397775 -0.068100057707350517 -0.14885783939649205 0.038203327389388884 -0.068707789025050092 -0.02030442783705309 -0.068879880043123592 0.062544209502273435 0.076180390539346485 -0.047847147408321203 0.08890386301723617 -0.013900487073476887
leaf_weight=1897 2217 86 6187 337 131 983 253 71 345 262 183 180 94 109 159 97 157 69 81 50 86 2303
leaf_count=1897 2217 86 6187 337 131 983 253 71 345 262 183 180 94 109 159 97 157 69 81 50 86 2303
internal_value=-0.000662221 -0.000342853 2.34143e-05 -0.000626163 -0.000551692 -0.000793316 -0.000526762 0.00139362 -0.000105604 -0.000699254 -0.00054904 -0.000756019 0.000937798 0.000379812 0.000997784 0.0019054 0.000234755 0.00264035 0.00457692 0.00190123 0.00263139 -0.000267811
internal_weight=16337 14440 6273 8167 7830 5051 4068 324 2779 3744 3482 3069 413 852 672 513 323 166 190 319 269 2648
internal_count=16337 14440 6273 8167 7830 5051 4068 324 2779 3744 3482 3069 413 852 672 513 323 166 190 319 269 2648
is_linear=0
shrinkage=0.035


Tree=163
num_leaves=23
num_cat=0
split_feature=15 10 20 20 21 20 20 25 5 24 3 22 9 8 10 15 24 22 24 5 3 20
split_gain=10.2595 1.28073 0.896742 2.05536 1.77501 2.34118 1.89269 1.14055 1.42001 0.876176 0.863838 0.842447 0.841069 1.06075 2.21686 1.18144 0.827522 0.827055 0.83999 1.14434 1.64952 0.869223
threshold=0.37797619047619052 0.70711369680452518 10.500000000000002 18.500000000000004 3.5000000000000004 3.5000000000000004 8.5000000000000018 729.50000000000011 4.9547980748721674 10081.000000000002 6.9966807769941894 5643.5000000000009 1.7201161577513366 2.0714541544120011 1.7043362064926926 0.14550264550264552 8120.5000000000009 47274.500000000007 9795.0000000000018 7.9927388748624617 14.999072958688698 3.5000000000000004
decision_type=2 2 2 2 2 2 2 2 2 2 2 2 2 2 2 2 2 2 2 2 2 2
left_child=1 -1 4 7 17 9 -7 8 -4 11 -11 -6 -5 14 16 -15 -14 18 21 -20 -21 -3
right_child=-2 2 3 12 5 6 -8 -9 -10 10 -12 -13 13 15 -16 -17 -18 -19 19 20 -22 -23
leaf_value=-0.074974671228305645 -0.19910816778398863 -0.086647141784381626 -0.085771708919138948 -0.064424841096256652 0.050067496913869046 0.10175133455609943 -0.012928362245777531 0.004940580357166189 -0.068765693662083141 0.21372880880418346 -0.094296867212798313 -0.08393833783346269 -0.015777703763467883 6.7670793886728865e-05 0.071577096828693024 -0.11309376523725112 0.063646556033621723 -0.060493361628794901 -0.14966962087370406 0.25112419873846187 -0.19652465469677804 0.0015188577635735789
leaf_weight=496 1719 756 945 440 48 582 224 536 2155 55 78 510 245 4672 47 135 52 573 104 93 64 1777
leaf_count=496 1719 756 945 440 48 582 224 536 2155 55 78 510 245 4672 47 135 52 573 104 93 64 1777
internal_value=-0.000661119 -0.000357868 -0.000294482 -0.000497401 8.6978e-05 0.00109055 0.0023693 -0.00114488 -0.00140338 -0.000382185 0.00207971 -0.00101332 -7.25527e-05 5.02319e-05 0.00191547 -8.14638e-05 0.000672185 -0.000354983 -9.87861e-05 0.00176316 0.00362963 -0.000300631
internal_weight=16306 14587 14091 9227 4864 1497 806 3636 3100 691 133 558 5591 5151 344 4807 297 3367 2794 261 157 2533
internal_count=16306 14587 14091 9227 4864 1497 806 3636 3100 691 133 558 5591 5151 344 4807 297 3367 2794 261 157 2533
is_linear=0
shrinkage=0.035


Tree=164
num_leaves=23
num_cat=0
split_feature=9 15 5 7 5 2 22 20 20 20 21 9 12 5 15 7 7 20 8 9 25 10
split_gain=9.80695 1.50649 0.684673 0.763912 0.848307 0.585152 0.655535 0.568353 1.39176 1.32778 1.31785 1.18843 1.17998 1.75399 1.10423 1.52348 1.26158 1.06058 1.33185 1.16474 1.10028 1.82522
threshold=0.800572271527216 0.11324786324786326 23.023809523809529 20.578879296849021 35.433215501771933 17.017817371952514 25082.000000000004 23.500000000000004 28.500000000000004 11.500000000000002 3.5000000000000004 2.6575598480056795 7.699841913030089 8.9846950015344529 0.036375661375661381 2.1291913216982263 2.4891456834186765 18.500000000000004 2.0714541544120011 3.1832201304944365 455.50000000000006 2.9680841985233175
decision_type=2 2 2 2 2 2 2 2 2 2 2 2 2 2 2 2 2 2 2 2 2 2
left_child=-1 2 7 -4 5 -5 -7 9 11 -2 12 14 17 -14 -9 -16 -17 19 -19 -11 -21 -22
right_child=1 -3 3 4 -6 6 -8 8 -10 10 -12 -13 13 -15 15 16 -18 18 -20 20 21 -23
leaf_value=-0.23094747900443732 -0.0012278197148922747 -0.034748337218491555 -0.06987902137753621 -0.091159785631598905 -0.12852675883882725 0.1723686186654487 0.43488601748909489 -0.0212411452923221 -0.047694998076756701 -0.07487611395537476 -0.10218670965165805 0.0094379845866126126 0.26871901811796667 -0.093884265623002214 -0.012681594348228442 0.07361202196019033 0.034062868411799965 0.069441793915037589 -0.0043860961983420996 -0.092266854507749532 0.095041086173095896 -0.087511963726251918
leaf_weight=1564 4406 2548 350 62 87 252 45 66 770 422 1108 1630 93 87 64 51 45 50 1239 978 162 252
leaf_count=1564 4406 2548 350 62 87 252 45 66 770 422 1108 1630 93 87 64 51 45 50 1239 978 162 252
internal_value=-0.000689031 -0.000408002 -0.00024452 0.000738451 0.00169956 0.00246154 0.00310596 -0.000314842 0.000131698 -0.000450126 -0.000880574 0.000656367 -0.000519466 0.00217567 0.00301515 0.00456061 0.00724257 -0.000684686 7.03237e-05 -0.00122952 -0.000719042 0.000760142
internal_weight=16331 14767 12219 796 446 359 297 11423 2626 8797 4391 1856 3283 180 226 160 96 3103 1289 1814 1392 414
internal_count=16331 14767 12219 796 446 359 297 11423 2626 8797 4391 1856 3283 180 226 160 96 3103 1289 1814 1392 414
is_linear=0
shrinkage=0.035


Tree=165
num_leaves=23
num_cat=0
split_feature=15 9 25 16 11 2 9 5 7 11 20 20 21 24 24 14 23 6 24 20 9 5
split_gain=10.0201 1.19514 1.28008 2.03036 1.28774 0.864016 0.846458 0.920562 0.762522 0.770191 0.674794 1.99496 1.20461 1.12136 1.15811 0.959278 1.42606 0.921288 0.977386 1.90759 2.45528 0.824662
threshold=0.37797619047619052 3.6675281567069598 729.50000000000011 1.0000000180025095e-35 2.0927097374804693 4.7402130974095096 2.4444909400534773 2.3583631963791354 2.6670878274509788 1.3985864135061359 11.500000000000002 21.500000000000004 1.5000000000000002 8654.0000000000018 3555.0000000000005 1.0000000180025095e-35 4900.0000000000009 1.5118731681349336 4163.5000000000009 5.5000000000000009 1.767583236713677 1.2492789922318854
decision_type=2 2 2 2 2 2 2 2 2 2 2 2 2 2 2 2 2 2 2 2 2 2
left_child=1 2 10 4 5 6 7 -4 -8 -10 15 -12 -13 14 21 -1 -17 -18 19 -19 -21 -14
right_child=-2 -3 3 -5 -6 -7 8 -9 9 -11 11 12 13 -15 -16 16 17 18 -20 20 -22 -23
leaf_value=-0.044747010163186059 -0.17862896443710979 -0.0043259424345586731 0.10338298085883323 0.051356234087964067 -0.049831871739005849 0.063371503009201885 -0.043783436499020133 -0.013113155237035603 -0.077033765912552121 0.041444496445416049 -0.076568704529701048 -0.092514921526861804 -0.040144537276098458 0.031253798895797491 -0.031853415968467427 0.066218033718311101 -0.044044858416267769 -0.039044562718229051 -0.044357077844658865 0.13476464320429107 0.019904251464887373 0.057237915549100085
leaf_weight=477 1717 9005 54 48 222 96 205 55 49 215 1507 391 118 151 563 78 435 186 293 85 184 185
leaf_count=477 1717 9005 54 48 222 96 205 55 49 215 1507 391 118 151 563 78 435 186 293 85 184 185
internal_value=-0.000648371 -0.000349114 -0.000750983 0.000409377 0 0.00077835 0.000222126 0.00294737 -0.000398735 0.000793679 -0.00099034 -0.00131849 -0.000354212 0.000267122 -0.000204938 -0.000427712 6.63499e-05 -0.000229799 0.000497343 0.00152174 0.00339781 0.0015
internal_weight=16319 14602 5597 944 896 674 578 109 469 264 4653 2915 1408 1017 866 1738 1261 1183 748 455 269 303
internal_count=16319 14602 5597 944 896 674 578 109 469 264 4653 2915 1408 1017 866 1738 1261 1183 748 455 269 303
is_linear=0
shrinkage=0.035


Tree=166
num_leaves=23
num_cat=0
split_feature=9 20 20 21 20 21 17 9 8 2 13 20 0 7 24 22 15 16 27 21 27 9
split_gain=9.98259 1.02405 1.93127 1.68838 1.32482 1.55534 1.35779 1.27558 2.17348 1.33263 1.14365 0.980401 0.949696 0.954922 0.879727 0.817488 0.805383 0.769161 0.734318 0.722325 0.731313 1.06612
threshold=0.800572271527216 23.500000000000004 11.500000000000002 2.5000000000000004 3.5000000000000004 2.5000000000000004 1.0000000180025095e-35 8.214889277389279 10.500723437673113 11.454014904367032 0.41428571428571431 30.500000000000004 13.508154244475653 8.5719387755102066 9349.5000000000018 47274.500000000007 0.14550264550264552 1.0000000180025095e-35 3.5000000000000004 2.5000000000000004 3.5000000000000004 1.8619363398611124
decision_type=2 2 2 2 2 2 2 2 2 2 2 2 2 2 2 2 2 2 2 2 2 2
left_child=-1 2 4 16 17 15 -7 19 12 -10 11 -5 13 14 -9 -6 -3 -2 -8 20 -4 -22
right_child=1 3 7 10 5 6 18 8 9 -11 -12 -13 -14 -15 -16 -17 -18 -19 -20 -21 21 -23
leaf_value=-0.21661230348398322 -0.058521801855058314 -0.017090096635600942 -0.04886505251257605 0.032440843217956546 -0.0032778107507744525 0.011461799292425245 0.1367659870862559 0.2111659052941019 -0.21159028033548755 -0.01294084469140809 0.082770970167449526 -0.10631661160992126 0.25180733801892868 -0.011838438174498329 0.01920006525596428 -0.11870950018695414 -0.086011401904635396 0.16218299910108505 0.013733768068447129 -0.071234549780218107 0.083789037945486505 -0.014670202437699099
leaf_weight=1548 1717 1414 1192 1636 1542 1442 367 79 396 1457 51 113 45 265 132 322 257 62 122 1632 62 434
leaf_count=1548 1717 1414 1192 1636 1542 1442 367 79 396 1457 51 113 45 265 132 322 257 62 122 1632 62 434
internal_value=-0.000649215 -0.000366523 -0.000528742 0.000155062 -6.21087e-05 0.000303947 0.00100155 -0.000982015 -0.000351619 -0.000919269 0.000901661 0.00073033 0.00162357 0.0010842 0.00281944 -0.000410113 -0.000639022 -0.000851458 0.00259312 -0.00142632 -0.000895157 0.000202594
internal_weight=16287 14739 11268 3471 5574 3795 1931 5694 2374 1853 1800 1749 521 476 211 1864 1671 1779 489 3320 1688 496
internal_count=16287 14739 11268 3471 5574 3795 1931 5694 2374 1853 1800 1749 521 476 211 1864 1671 1779 489 3320 1688 496
is_linear=0
shrinkage=0.035


Tree=167
num_leaves=23
num_cat=0
split_feature=15 8 25 9 20 20 25 21 14 20 22 21 20 25 21 10 20 20 20 21 25 8
split_gain=9.26692 1.36147 1.24854 1.24948 0.913081 1.23898 1.19332 0.790465 0.784965 0.914591 0.987725 2.70753 0.634725 0.610446 0.565324 0.549844 0.520875 0.573344 0.794681 1.08437 1.07946 0.919165
threshold=0.46547619047619054 2.7146941172001777 729.50000000000011 2.4444909400534773 11.500000000000002 19.500000000000004 180.50000000000003 2.5000000000000004 0.087121212121212141 5.5000000000000009 28242.500000000004 1.5000000000000002 20.500000000000004 637.50000000000011 2.5000000000000004 1.8067872564369152 30.500000000000004 23.500000000000004 11.500000000000002 3.5000000000000004 831.00000000000011 21.357801233228887
decision_type=2 2 2 2 2 2 2 2 2 2 2 2 2 2 2 2 2 2 2 2 2 2
left_child=1 2 4 12 6 -6 7 -1 13 -10 11 -11 -4 -8 -7 -5 17 18 -3 -20 21 -21
right_child=-2 16 3 15 5 14 8 -9 9 10 -12 -13 -14 -15 -16 -17 -18 -19 19 20 -22 -23
leaf_value=-0.00037194363470398106 -0.20903087286204383 0.0032626559724638444 0.036094434218026855 -0.053013252841561165 -0.065562147320192374 -0.051304220683606488 -0.090135344053625222 0.064281792083334593 -0.043253293925399797 0.1094239690966498 -0.023840471821985895 -0.0073063615312634316 0.076552712003221585 0.004168238813784397 -0.0023291597063411023 0.042922310557905567 -0.13386007882085196 0.015363846924650927 -0.0084824997187229901 -0.11398311884388677 0.049540917725663616 0.0016916164736735116
leaf_weight=82 1404 4215 76 151 957 786 273 85 386 81 210 160 54 87 745 82 164 2204 3014 805 90 245
leaf_count=82 1404 4215 76 151 957 786 273 85 386 81 210 160 54 87 745 82 164 2204 3014 805 90 245
internal_value=-0.000586365 -0.000329245 -0.00086256 0.00106522 -0.00104991 -0.00145026 -0.000304238 0.00240116 -0.00070466 -9.14498e-05 0.000951754 0.00247561 0.00375926 -0.00206164 -0.000811199 -0.000411766 -0.000117949 -8.53667e-05 -0.000219012 -0.000562997 -0.00148253 -0.00180806
internal_weight=16356 14952 4215 363 3852 2488 1364 167 1197 837 451 241 130 360 1531 233 10737 10573 8369 4154 1140 1050
internal_count=16356 14952 4215 363 3852 2488 1364 167 1197 837 451 241 130 360 1531 233 10737 10573 8369 4154 1140 1050
is_linear=0
shrinkage=0.035


Tree=168
num_leaves=23
num_cat=0
split_feature=9 9 24 13 20 20 20 16 24 10 21 9 6 10 20 20 8 12 1 20 21 12
split_gain=9.42886 1.33863 0.831935 1.40825 1.76459 1.2567 1.93267 0.783854 0.934655 0.747941 0.663046 0.643548 0.940482 0.621073 0.716389 1.27147 1.29923 1.28371 0.868396 0.816904 1.22618 1.42506
threshold=0.800572271527216 1.7201161577513366 4163.5000000000009 0.41428571428571431 20.500000000000004 11.500000000000002 6.5000000000000009 1.0000000180025095e-35 10740.000000000002 0.96975008699700671 3.5000000000000004 2.6575598480056795 6.0607142857142859 0.75592894601845484 29.500000000000004 23.500000000000004 2.0714541544120011 1.2816428831398505 1.6618358403799978 11.500000000000002 3.5000000000000004 8.2438892791534588
decision_type=2 2 2 2 2 2 2 2 2 2 2 2 2 2 2 2 2 2 2 2 2 2
left_child=-1 2 3 5 -5 6 -2 13 10 -8 11 -9 -13 -3 15 19 18 -18 -17 -15 21 -21
right_child=1 7 -4 4 -6 -7 9 8 -10 -11 -12 12 -14 14 -16 16 17 -19 -20 20 -22 -23
leaf_value=-0.20171479231187228 -0.0464643890620648 -0.082054308679149493 -0.062631514070283598 -0.017177219285490989 0.063927562954034858 -0.098358205716389757 0.029235657362244268 0.064414084797674964 0.16120704295677657 0.11591122436011317 -0.01670957673384699 -0.036197654832468749 0.23469643681408325 -0.00081629012104611411 -0.065986146628872158 0.028314038410184837 0.10070289383362012 0.0046194421181202545 0.046161735888394395 -0.015270431530795717 -0.073321935747688596 0.1551672284794032
leaf_weight=1577 130 321 778 92 53 305 45 66 66 46 144 138 96 4742 519 96 54 2182 95 3403 1256 184
leaf_count=1577 130 321 778 92 53 305 45 66 66 46 144 138 96 4742 519 96 54 2182 95 3403 1256 184
internal_value=-0.000598457 -0.000322693 -0.00133356 -0.000393492 0.00256667 -0.00125895 0.000681415 -0.000211305 0.00112136 0.00452083 0.0004755 0.00143443 0.000453974 -0.000265965 -0.000225033 -0.000168054 0.000543996 0.00029518 0.00328571 -0.000350366 -0.000669968 -0.000333241
internal_weight=16388 14811 1449 671 145 526 221 13362 510 91 444 300 234 12852 12531 12012 2427 2236 191 9585 4843 3587
internal_count=16388 14811 1449 671 145 526 221 13362 510 91 444 300 234 12852 12531 12012 2427 2236 191 9585 4843 3587
is_linear=0
shrinkage=0.035


Tree=169
num_leaves=23
num_cat=0
split_feature=15 11 16 6 20 20 20 23 22 12 6 25 12 20 21 17 22 21 2 27 10 6
split_gain=9.21896 1.36694 0.983148 0.615084 0.598937 1.2812 1.01678 0.817461 0.853033 0.812505 1.55847 0.877298 1.62636 0.651046 1.44979 1.43754 1.30529 0.843948 0.963026 0.779583 0.781259 0.931152
threshold=0.44722222222222224 1.3886467771585438 1.0000000180025095e-35 38.500000000000007 20.500000000000004 27.500000000000004 11.500000000000002 41450.000000000007 13885.000000000002 7.4762343795530004 6.9747745027976142 729.50000000000011 1.6121853464089975 3.5000000000000004 2.5000000000000004 1.0000000180025095e-35 15527.500000000002 2.5000000000000004 9.9933189851049971 3.5000000000000004 1.9518001458970664 20.017857142857146
decision_type=2 2 2 2 2 2 2 2 2 2 2 2 2 2 2 2 2 2 2 2 2 2
left_child=1 2 -1 4 6 -6 13 8 -7 11 -11 -8 -13 16 -15 -16 -3 18 -18 20 -17 -22
right_child=-2 3 -4 -5 5 7 9 -9 -10 10 -12 12 -14 14 15 19 17 -19 -20 -21 21 -23
leaf_value=-0.031303928389591902 -0.19465477458095676 0.028122983563997912 0.055241334471710014 0.44807190708493422 0.020603444207055861 0.0070456694133465975 -0.064324531607727775 0.011743668824151845 -0.077264914028790113 0.21802682659658984 -0.084468328092146008 0.11353992723178277 -0.018022353945729055 -0.024439214607751541 0.00901668596953842 0.16654388612310644 -0.042427557759666223 -0.12445984414580355 0.39471896702461901 0.006653860956826854 0.048026848059250539 0.54181686654796879
leaf_weight=2593 1492 322 90 71 2734 224 2698 496 488 90 279 56 476 1564 1208 55 395 708 90 96 183 45
leaf_count=2593 1492 322 90 71 2734 224 2698 496 488 90 279 56 476 1564 1208 55 395 708 90 96 183 45
internal_value=-0.000599284 -0.000335829 -0.00105208 -0.000177523 -0.00019833 0.000153407 -0.000368199 -0.000787717 -0.00154742 -0.000809934 0.000711229 -0.000989954 0.00028026 -2.32293e-05 0.000259505 0.00100691 -0.000621711 -0.00116277 -8.2595e-10 0.00288021 0.00379167 0.0026588
internal_weight=16453 14961 2683 12278 12207 3942 8265 1208 712 3599 369 3230 532 4666 3151 1587 1515 1193 485 379 283 228
internal_count=16453 14961 2683 12278 12207 3942 8265 1208 712 3599 369 3230 532 4666 3151 1587 1515 1193 485 379 283 228
is_linear=0
shrinkage=0.035


Tree=170
num_leaves=23
num_cat=0
split_feature=9 9 20 20 25 7 8 24 24 22 13 9 10 10 8 7 5 10 7 13 9 20
split_gain=9.17112 1.23355 1.16125 1.62714 1.38166 1.02964 0.982336 1.28203 0.84495 0.9927 1.95862 1.01798 1.08205 0.886009 0.840885 0.832514 0.766989 0.617042 0.848904 0.648523 0.774165 0.54752
threshold=0.800572271527216 4.3603896103896114 10.500000000000002 21.500000000000004 729.50000000000011 3.1060629472273757 5.6641639042627494 11523.000000000002 8120.5000000000009 17834.500000000004 0.41428571428571431 1.7201161577513366 1.0690449676497 1.6183471874253754 6.3374234290357236 4.2943137120586199 2.6455605090471361 1.3417521125165692 3.8561343066402523 1.0000000180025095e-35 2.6575598480056795 3.5000000000000004
decision_type=2 2 2 2 2 2 2 2 2 2 2 2 2 2 2 2 2 2 2 2 2 2
left_child=-1 2 -2 4 -4 8 7 15 9 10 11 -5 -13 16 -8 -3 -10 -6 19 -19 -21 -16
right_child=1 6 3 5 17 -7 14 -9 13 -11 -12 12 -14 -15 21 -17 -18 18 -20 20 -22 -23
leaf_value=-0.18784185747062324 -0.00024879377227507411 0.096853410794277034 -0.059980620672312371 -0.082424047924185118 -0.037773080877394664 -0.049523958344309227 -0.13338505541743584 -0.23528010069855743 0.0019346989433412034 -0.042502534125479878 0.080339440573813592 0.0592232635394059 -0.0083359305552882634 -0.012512689512897341 -0.064396766431359304 0.061927904437586417 0.079229105983345247 0.051154707545694449 -0.074945119303001156 0.10717509984500055 -0.076242229349135424 0.002078747157356349
leaf_weight=1549 2067 53 1862 113 105 328 388 75 103 592 58 126 359 107 910 410 99 99 56 52 57 6848
leaf_count=1549 2067 53 1862 113 105 328 388 75 103 592 58 126 359 107 910 410 99 99 56 52 57 6848
internal_value=-0.000579959 -0.000311122 -0.000688915 -0.00102851 -0.00166861 -0.00025926 -3.98788e-05 0.00139871 0.000107554 -0.00028771 0.000630105 0 0.000714285 0.00173885 -0.000137837 0.00210897 0.0030942 0.000243315 0.00118401 0.00225117 0.00018421 -5.54562e-05
internal_weight=16416 14867 6183 4116 2231 1885 8684 538 1557 1248 656 598 485 309 8146 463 202 369 264 208 109 7758
internal_count=16416 14867 6183 4116 2231 1885 8684 538 1557 1248 656 598 485 309 8146 463 202 369 264 208 109 7758
is_linear=0
shrinkage=0.035


Tree=171
num_leaves=23
num_cat=0
split_feature=15 16 11 27 22 22 10 11 20 20 22 21 21 11 10 25 25 10 9 22 20 10
split_gain=9.227 1.27068 1.20562 0.835473 0.831392 1.61562 1.03966 0.747784 0.67612 1.36063 0.685596 0.617775 0.843735 1.0259 0.829148 0.885881 1.12251 0.666891 0.645034 0.570887 0.702236 0.731102
threshold=0.46547619047619054 1.0000000180025095e-35 1.3886467771585438 3.5000000000000004 48992.500000000007 44839.000000000007 1.6761634196950528 2.7586029271879813 28.500000000000004 23.500000000000004 13885.000000000002 2.5000000000000004 3.5000000000000004 6.453310749635139 4.1158221258101024 637.50000000000011 299.00000000000006 2.9113897843110066 7.834438775510205 47334.500000000007 6.5000000000000009 4.6496287614225347
decision_type=2 2 2 2 2 2 2 2 2 2 2 2 2 2 2 2 2 2 2 2 2 2
left_child=1 2 -1 4 5 6 -3 -8 9 19 -10 -11 14 17 15 16 -13 18 -14 -4 21 -21
right_child=-2 3 8 -5 -6 -7 7 -9 10 11 -12 12 13 -15 -16 -17 -18 -19 -20 20 -22 -23
leaf_value=-0.030020248946814754 -0.18126739245915144 0.051259472911128763 -0.0084256769491071054 -0.036064294051029649 -0.065853897432900391 0.15403536841397508 -0.058424661979769643 0.042281777233842244 0.031888125099341851 0.00078666007992117678 -0.073440911576153331 0.10643726175724691 -0.010285801380138385 0.27687209719493155 -0.0019706537381119294 -0.0016016764216168003 0.29296737042372473 -0.20847528169724697 0.13478727461119416 -0.12119786059288842 -0.11944596457652513 0.24095898901183166
leaf_weight=2648 1399 87 7782 126 63 78 64 153 168 900 682 196 183 50 101 74 84 150 77 264 890 118
leaf_count=2648 1399 87 7782 126 63 78 64 153 168 900 682 196 183 50 101 74 84 150 77 264 890 118
internal_value=-0.00056156 -0.000305194 -0.000370652 0.00130035 0.00202222 0.00264987 0.00137055 0 -0.000216139 -0.000139692 -0.00116667 0.000730768 0.00136956 0.00026344 0.00243478 0.00322702 0.00411403 -0.000295182 0.000726414 -0.000316426 -0.00100587 0.00020801
internal_weight=16337 14938 14367 571 445 382 304 217 11719 10869 850 1815 915 460 455 354 280 410 260 9054 1272 382
internal_count=16337 14938 14367 571 445 382 304 217 11719 10869 850 1815 915 460 455 354 280 410 260 9054 1272 382
is_linear=0
shrinkage=0.035


Tree=172
num_leaves=23
num_cat=0
split_feature=9 11 10 20 7 21 11 21 25 21 27 9 20 9 12 25 20 10 20 20 21 11
split_gain=9.66041 0.746894 0.867174 1.12189 1.57083 1.44789 1.13266 0.824233 2.65769 1.6512 0.753802 1.61378 1.15118 0.856427 0.736677 0.72185 0.683604 0.739502 0.674228 1.18547 1.0736 0.865526
threshold=0.800572271527216 1.8093379942281738 2.1878726133505215 7.5000000000000009 8.005698005698008 3.5000000000000004 1.9561793638745544 2.5000000000000004 180.50000000000003 3.5000000000000004 3.5000000000000004 1.8619363398611124 17.500000000000004 4.1810376178695234 1.7043530352289771 878.00000000000011 24.500000000000004 1.2535663410560194 19.500000000000004 10.500000000000002 3.5000000000000004 1.648284963642286
decision_type=2 2 2 2 2 2 2 2 2 2 2 2 2 2 2 2 2 2 2 2 2 2
left_child=-1 7 3 4 5 6 -3 10 9 -9 15 12 -12 -13 -11 -2 -5 -18 19 20 -10 -22
right_child=1 2 -4 16 -6 -7 -8 8 18 14 11 13 -14 -15 -16 -17 17 -19 -20 -21 21 -23
leaf_value=-0.17492303372308113 -0.052082146080221083 0.056807471043308626 -0.011779020028225527 -0.0092598507313318233 0.26403016152376985 0.038126104910944481 -0.10847605709776167 0.081424285216130807 -0.074586470665404067 0.036240903299330468 0.1061822000736339 -0.065767746144648628 -0.068453702298294547 0.056307290125704325 -0.055380524929092081 0.0078914840622786482 0.074906627423507427 0.026303775434417136 0.0020784704516367413 -0.063904111450006199 0.032602983998318819 -0.084489650330640362
leaf_weight=1567 1532 64 8307 1148 64 61 125 165 335 46 77 515 45 47 58 122 46 317 806 551 315 74
leaf_count=1567 1532 64 8307 1148 64 61 125 165 335 46 77 515 45 47 58 122 46 317 806 551 315 74
internal_value=-0.000600416 -0.000322261 -0.000150884 0.000535518 0.00242476 0.00102941 -0.000432991 -0.000688366 -0.0002155 0.0030146 -0.00115472 -0.000147316 0.00338976 -0.000969137 -0.000288992 -0.00155907 0.000124669 0.00144565 -0.000647652 -0.00114844 -0.000187244 0.00103046
internal_weight=16387 14820 10132 1825 314 250 189 4688 2350 269 2338 684 122 562 104 1654 1511 363 2081 1275 724 389
internal_count=16387 14820 10132 1825 314 250 189 4688 2350 269 2338 684 122 562 104 1654 1511 363 2081 1275 724 389
is_linear=0
shrinkage=0.035


Tree=173
num_leaves=23
num_cat=0
split_feature=15 11 25 10 22 20 20 6 21 27 21 24 24 11 12 21 21 9 24 10 6 20
split_gain=9.0432 0.944014 0.651314 0.839138 0.644817 0.686034 1.14343 1.68247 0.965462 1.00789 0.964316 0.815874 0.936909 0.801357 0.994352 0.792295 1.49709 2.4105 1.46919 3.4945 1.23342 1.09679
threshold=0.44722222222222224 1.8232322463624386 600.00000000000011 1.3417521125165692 13885.000000000002 3.5000000000000004 7.5000000000000009 2.1957070580768447 3.5000000000000004 3.5000000000000004 2.5000000000000004 9795.0000000000018 11523.000000000002 6.9219986903744779 3.9108788711712292 3.5000000000000004 2.5000000000000004 6.8489486472039536 15110.000000000002 3.8057231972200163 5.9272486772486781 19.500000000000004
decision_type=2 2 2 2 2 2 2 2 2 2 2 2 2 2 2 2 2 2 2 2 2 2
left_child=1 2 -1 -4 -3 10 7 -7 -9 13 11 -6 -13 14 -10 16 20 -18 -19 -20 21 -8
right_child=-2 4 3 -5 5 6 15 8 9 -11 -12 12 -14 -15 -16 -17 17 18 19 -21 -22 -23
leaf_value=-0.027486730103012828 -0.16880072754277328 0.014883947750210033 -0.020803181388800409 0.012054627314160134 -0.075516976913133901 0.045041188896980215 -0.061913889838164385 -0.0063839293945459393 0.022638727263040313 -0.072014532878220239 -0.15756357889879424 0.58934246972457294 -0.013760272292453347 -0.012589033782107881 0.44879335157467359 -0.047292788366626475 -0.030597003903792847 0.07635141952561024 0.30237565632615271 -0.024024482538244935 -0.1241474556893806 0.027379175063459004
leaf_weight=3802 1473 1904 474 586 331 74 1012 748 78 52 572 69 65 47 70 1613 421 980 50 53 1166 738
leaf_count=3802 1473 1904 474 586 331 74 1012 748 78 52 572 69 65 47 70 1613 421 980 50 53 1166 738
internal_value=-0.000626595 -0.000366198 -0.000767311 0 -0.000169985 -0.000306853 -0.000180738 0.000866852 0.000454999 0.00233333 -0.00114875 0 0.00229137 0.0035 0.00473529 -0.000369825 -0.0001226 0.000767726 0.00164706 0.00557407 -0.000588327 0
internal_weight=16378 14905 4862 1060 10043 8139 7102 1069 995 247 1037 465 134 195 148 6033 4420 1504 1083 103 2916 1750
internal_count=16378 14905 4862 1060 10043 8139 7102 1069 995 247 1037 465 134 195 148 6033 4420 1504 1083 103 2916 1750
is_linear=0
shrinkage=0.035


Tree=174
num_leaves=23
num_cat=0
split_feature=9 11 10 27 7 25 25 11 9 27 25 20 12 24 9 10 11 11 11 11 20 9
split_gain=9.62657 1.1768 0.876798 0.897091 0.736083 0.637459 1.15385 1.01197 0.633045 1.64293 1.17719 0.823439 0.625305 0.610745 3.0296 0.656726 0.720667 0.605452 0.735528 0.665755 1.73592 1.05465
threshold=0.67928571428571438 1.8093379942281738 1.7043362064926926 3.5000000000000004 15.287460124205923 106.50000000000001 171.00000000000003 4.9213595905786294 15.684722134426346 3.5000000000000004 248.50000000000003 6.5000000000000009 6.1733661069009056 15110.000000000002 9.1920540382740779 3.7606990231680517 3.4073288819675329 2.4933077588217967 2.8749263295371774 2.0545874192874614 20.500000000000004 3.3277032680182415
decision_type=2 2 2 2 2 2 2 2 2 2 2 2 2 2 2 2 2 2 2 2 2 2
left_child=-1 -2 3 17 5 -4 -7 12 9 10 -6 -12 13 -8 -15 16 -16 19 -19 21 -21 -3
right_child=1 2 4 -5 8 6 7 -9 -10 -11 11 -13 -14 14 15 -17 -18 18 -20 20 -22 -23
leaf_value=-0.16289270207877621 -0.018698701051700187 0.055870257262212362 0.15762023999664593 -0.03660992524164533 0.24479415627328865 -0.069833453223536013 -0.0099873714193979852 -0.10144058757370567 0.0071113370480752501 -0.22497585515550736 -0.41755490582920451 0.21708518166292162 0.27384269031220898 0.15148954163936773 -0.10997333802354189 -0.1406791234589268 0.179842993347793 -0.071120150276162433 0.098799201459889144 0.049921794129390663 0.2511546652254884 -0.047009930777366114
leaf_weight=1427 4822 143 66 184 82 609 4535 718 2713 59 49 84 76 87 75 135 84 89 91 80 52 76
leaf_count=1427 4822 143 66 184 82 609 4535 718 2713 59 49 84 76 87 75 135 84 89 91 80 52 76
internal_value=-0.00053782 -0.000273167 -5.61839e-05 0.00111805 -0.000148183 -0.000361503 -0.000400697 -0.000241908 0.000301804 0.00189426 0.00334091 0.00106522 -6.09374e-05 -0.00011451 0.00121503 -0.000456523 0.000981707 0.00185448 9.45938e-05 0.00269382 0.00467518 0.00134375
internal_weight=16336 14909 10087 715 9372 6385 6319 5710 2987 274 215 133 4992 4916 381 294 159 531 180 351 132 219
internal_count=16336 14909 10087 715 9372 6385 6319 5710 2987 274 215 133 4992 4916 381 294 159 531 180 351 132 219
is_linear=0
shrinkage=0.035


Tree=175
num_leaves=23
num_cat=0
split_feature=15 24 12 12 9 22 25 25 9 20 8 10 20 20 9 7 10 5 9 10 2 8
split_gain=9.29276 1.08113 1.81339 1.48278 1.04012 2.39015 1.36643 0.949045 1.444 1.58043 0.908902 1.43674 0.897129 0.800866 0.908637 1.78576 0.758943 0.750209 0.729141 0.727293 0.664605 0.663722
threshold=0.46547619047619054 9795.0000000000018 7.7940589212907598 7.2951295619352834 9.1171568627450998 47274.500000000007 831.00000000000011 421.00000000000006 3.8223362132145544 21.500000000000004 9.0705825922444401 3.0557452648642953 7.5000000000000009 24.500000000000004 13.371490800498107 12.299319727891158 5.8291229140406875 4.9547980748721674 20.539744396851962 2.6367367999823101 15.950345293025352 18.866071428571434
decision_type=2 2 2 2 2 2 2 2 2 2 2 2 2 2 2 2 2 2 2 2 2 2
left_child=1 18 3 4 5 -3 12 8 9 17 11 -9 16 14 15 19 -6 -7 -1 -14 -15 -16
right_child=-2 2 -4 -5 6 7 -8 10 -10 -11 -12 -13 13 20 21 -17 -18 -19 -20 -21 -22 -23
leaf_value=-0.019014173727539403 -0.15719145750601904 0.19707500928439178 -0.21482110101530055 0.28695502246627874 0.031977988090989271 -0.041339856021865282 -0.19430666963728441 0.14401376958522075 -0.027294842746801284 0.13539114621374426 0.50574186278019784 -0.13447935803556132 0.11228940821524891 -0.0066819834019238942 -0.26102754196486699 0.43777873961258795 0.32897791008134702 0.10739193527208948 0.020419078833031738 -0.17983341161706642 0.1769134386870122 0.21090148877930295
leaf_weight=10436 1410 86 179 111 223 107 280 114 758 76 46 85 47 174 298 55 99 68 1288 168 89 85
leaf_count=10436 1410 86 179 111 223 107 280 114 758 76 46 85 47 174 298 55 99 68 1288 168 89 85
internal_value=-0.000590318 -0.000331015 0.000240881 0.00045427 0.00028973 0.00100186 -0.000328629 0.000586576 8.97428e-05 0.00237891 0.00252 0.00130392 0.000160498 -0.000383823 -0.00105319 0.000445454 0.00174465 0.000388888 -0.000486104 -0.000954546 0.00120149 -0.00214691
internal_weight=16282 14872 3148 2969 2858 1340 1518 1254 1009 251 245 199 1238 916 653 270 322 175 11724 215 263 383
internal_count=16282 14872 3148 2969 2858 1340 1518 1254 1009 251 245 199 1238 916 653 270 322 175 11724 215 263 383
is_linear=0
shrinkage=0.035


Tree=176
num_leaves=23
num_cat=0
split_feature=15 11 20 20 21 25 9 20 8 20 22 9 8 15 21 25 12 11 22 17 2 24
split_gain=9.78541 1.00066 0.718849 1.78885 1.57575 1.58158 1.66653 1.11292 1.09107 0.950274 0.919087 0.762661 1.09872 0.936051 1.1961 0.711678 0.711864 0.7072 0.84118 0.825357 0.642588 0.641219
threshold=0.46547619047619054 1.0184264068919864 23.500000000000004 11.500000000000002 3.5000000000000004 831.00000000000011 9.1171568627450998 27.500000000000004 3.1434107462346659 20.500000000000004 47334.500000000007 2.7077488266584928 4.432092945874003 0.14550264550264552 2.5000000000000004 729.50000000000011 1.2574789693537125 1.1521774734857078 54348.000000000007 1.0000000180025095e-35 1.7504361779741962 9795.0000000000018
decision_type=2 2 2 2 2 2 2 2 2 2 2 2 2 2 2 2 2 2 2 2 2 2
left_child=1 -1 3 17 8 -6 -7 11 9 -5 -10 13 -13 20 -15 16 -11 19 21 -3 -4 -19
right_child=-2 2 7 4 5 6 -8 -9 10 15 -12 12 -14 14 -16 -17 -18 18 -20 -21 -22 -23
leaf_value=-0.042837032682525145 -0.15168975649330835 0.046392148259456041 0.040640295805264161 -0.049115280766249027 -0.10766625848481635 0.080295174472750946 -0.27251850759233348 -0.018785029950403192 0.010976727424138794 0.025971578337304135 -0.13184737159977383 -0.022442634079195792 0.046014281187752561 -0.080413029202378875 0.081359970300913714 0.048035570201775762 -0.047042973423799803 -0.0077240336706344767 -0.11234769467384347 -0.05546605437199606 0.059779948970766508 0.033756117155683621
leaf_weight=1046 1421 144 70 920 1304 51 46 1440 2306 73 472 298 1097 109 80 59 209 3724 95 64 136 1183
leaf_count=1046 1421 144 70 920 1304 51 46 1440 2306 73 472 298 1097 109 80 59 209 3724 95 64 136 1183
internal_value=-0.000556936 -0.000290906 -0.00021048 -0.000349837 -0.000793848 -0.00180726 0.00233333 0.00024343 -0.000436203 -0.00128831 -4.15028e-05 0.00082869 0.000424999 0.0021875 0.000288659 0.000242774 -0.00045122 0.000110737 2.30669e-05 0.00208685 0.00379858 9.12044e-05
internal_weight=16347 14926 13880 10650 5440 1401 97 3230 4039 1261 2778 1790 1395 395 189 341 282 5210 5002 208 206 4907
internal_count=16347 14926 13880 10650 5440 1401 97 3230 4039 1261 2778 1790 1395 395 189 341 282 5210 5002 208 206 4907
is_linear=0
shrinkage=0.035


Tree=177
num_leaves=23
num_cat=0
split_feature=15 11 20 20 21 3 21 14 20 22 7 20 25 25 11 11 14 11 9 5 22 21
split_gain=9.33358 1.10877 0.656059 1.02515 1.37338 1.45451 1.09844 1.59404 1.04861 1.03388 0.829807 0.842397 1.74108 1.13408 0.962156 0.919139 1.80531 0.806009 0.803523 0.782684 0.767641 0.745697
threshold=0.45643939393939398 1.0074697699090742 30.500000000000004 23.500000000000004 2.5000000000000004 2.4629120879120885 3.5000000000000004 0.20714285714285716 11.500000000000002 31960.500000000004 2.714197881277439 17.500000000000004 455.50000000000006 106.50000000000001 7.5843125818846806 3.5025085394935593 1.0000000180025095e-35 1.1521774734857078 6.8489486472039536 2.6775931759182741 54348.000000000007 3.5000000000000004
decision_type=2 2 2 2 2 2 2 2 2 2 2 2 2 2 2 2 2 2 2 2 2 2
left_child=1 -1 3 8 -5 6 7 9 17 -6 -10 12 13 14 -12 16 -14 -3 -7 -8 -19 -13
right_child=-2 2 -4 4 5 18 19 -9 10 -11 11 21 15 -15 -16 -17 -18 20 -20 -21 -22 -23
leaf_value=-0.046535326705440139 -0.14638061501604255 0.046425459660349166 -0.076757465484754178 -0.017952805168572498 -0.011470547322465472 -0.016543871276721075 -0.027976275335516679 0.083448823394235899 -0.04745960450791515 0.08684756277939655 -0.24682775213309688 0.011278260113028685 0.079774455719458348 -0.097563708266859922 0.46428713564949797 -0.062731227653997149 -0.057652881853256198 -0.00068367596733844938 0.07626904415350852 0.042234337494614756 -0.10841552536025895 -0.087754215359687457
leaf_weight=949 1486 214 219 1469 82 315 97 56 1213 54 61 1512 239 1484 46 280 102 4970 856 88 93 513
leaf_count=949 1486 214 219 1469 82 315 97 56 1213 54 61 1512 239 1484 46 280 102 4970 856 88 93 513
internal_value=-0.000553284 -0.000287894 -0.000207475 -0.000175395 0.000391462 0.00112009 0.00300523 0.00485025 -0.000336564 0.00245745 -0.000676903 -0.000438945 -0.000910916 -0.00152632 0.0018125 0.000637379 0.00186127 1.19265e-05 0.000488094 0.000921052 -7.45865e-05 6.89647e-05
internal_weight=16398 14912 13963 13744 3017 1548 377 192 10727 136 5450 4237 2212 1591 107 621 341 5277 1171 185 5063 2025
internal_count=16398 14912 13963 13744 3017 1548 377 192 10727 136 5450 4237 2212 1591 107 621 341 5277 1171 185 5063 2025
is_linear=0
shrinkage=0.035


Tree=178
num_leaves=23
num_cat=0
split_feature=15 10 24 7 24 12 21 20 5 7 7 11 23 5 8 2 4 10 20 20 20 23
split_gain=9.54 0.894749 0.7156 0.958175 0.861317 1.39371 1.35826 1.39895 1.75297 1.31084 1.50133 2.35234 1.41279 1.40989 1.13915 0.836424 0.875123 0.787922 0.754672 0.747555 1.39264 0.741937
threshold=0.46547619047619054 0.69006555934235314 3291.5000000000005 29.464285714285719 9795.0000000000018 8.2438892791534588 2.5000000000000004 6.5000000000000009 9.9933189851049971 21.335122296615079 8.005698005698008 2.9510661139308985 56450.000000000007 15.022525042907136 3.2829132324537063 1.7928571428571431 4.8493515340940085 3.4572215654164968 11.500000000000002 23.500000000000004 11.500000000000002 33050.000000000007
decision_type=2 2 2 2 2 2 2 2 2 2 2 2 2 2 2 2 2 2 2 2 2 2
left_child=1 -1 3 15 21 6 7 8 -6 10 11 14 13 -12 -8 16 -3 -9 -16 20 -13 -4
right_child=-2 2 4 -5 5 -7 9 17 -10 -11 12 19 -14 -15 18 -17 -18 -19 -20 -21 -22 -23
leaf_value=-0.074494777339181861 -0.15747551450462469 0.015368744844804341 -0.0036515553493307769 0.69101964958433093 0.00089668210106884729 -0.25473006732603509 0.14772090225236112 -0.0025706087682540531 0.40183661222118594 0.29659566024304895 0.25783493150680326 0.34000427968120556 -0.053555013932145894 -0.0033308842638964369 0.082068548567705055 -0.0016584362049701926 0.106882284511776 -0.17303084350977435 -0.056016208374916464 0.30034682382534883 -0.009033346653207092 -0.026892416967382031
leaf_weight=465 1399 336 4177 72 226 147 58 749 69 77 101 60 751 101 126 2099 95 425 156 53 68 4534
leaf_count=465 1399 336 4177 72 226 147 58 749 69 77 101 60 751 101 126 2099 95 425 156 53 68 4534
internal_value=-0.000466482 -0.000206021 -0.000155852 0.000366512 -0.00027186 0.000218473 0.000387602 -0.000365672 0.00175 0.00111118 0.000854293 0.00235551 7.30606e-06 0.00258696 0.00055797 0.000241617 0.00163761 -0.000917304 -0.000329269 0.00553226 0.00360526 -0.000452158
internal_weight=16344 14945 14480 2602 11878 3167 3020 1469 295 1551 1474 521 953 202 340 2530 431 1174 282 181 128 8711
internal_count=16344 14945 14480 2602 11878 3167 3020 1469 295 1551 1474 521 953 202 340 2530 431 1174 282 181 128 8711
is_linear=0
shrinkage=0.035


Tree=179
num_leaves=23
num_cat=0
split_feature=9 22 22 20 20 2 21 22 1 22 24 5 7 12 11 12 12 20 12 11 9 13
split_gain=8.88987 1.00198 0.810876 0.724803 1.34813 1.0027 0.945967 0.978111 1.79627 1.42733 0.961968 1.05391 0.839786 1.19419 0.819587 0.798755 1.92193 0.882671 1.1992 1.56524 0.768988 0.98935
threshold=0.89642857142857157 54348.000000000007 54348.000000000007 11.500000000000002 18.500000000000004 19.556552062598733 3.5000000000000004 47274.500000000007 9.9933189851049971 17236.500000000004 3438.0000000000005 17.961864802538603 25.583240427793623 6.4635219713292207 5.5181060827125705 1.6501384241633306 1.4304881321759708 3.5000000000000004 3.8369063831567458 5.1221345731620493 1.7201161577513366 0.41428571428571431
decision_type=2 2 2 2 2 2 2 2 2 2 2 2 2 2 2 2 2 2 2 2 2 2
left_child=1 -1 3 6 5 -5 12 9 -9 10 -8 -12 14 -14 -2 16 -11 -17 -19 -20 21 -6
right_child=2 -3 -4 4 20 -7 7 8 -10 15 11 -13 13 -15 -16 17 -18 18 19 -21 -22 -23
leaf_value=-0.13640063623851964 -0.0011028783444372739 0.060075966185748148 -0.056708896087855079 -0.053090939293729843 -0.084880259196364272 0.040631175707951703 0.012975172296291285 0.20519418889959098 -0.015991430522001346 -0.02458268285016851 0.14033836780079928 0.021123964029108575 0.91781409241524092 -0.034525153019971153 -0.19475560240292739 -0.14881725091176487 0.053654052591206675 -0.073715852209480209 0.15882382593662558 -0.023135589145628882 0.0029058390637066523 0.031989664275763052
leaf_weight=1571 3305 63 465 2810 261 438 303 123 117 108 87 70 46 81 379 305 67 214 77 123 5246 98
leaf_count=1571 3305 63 465 2810 261 438 303 123 117 108 87 70 46 81 379 305 67 214 77 123 5246 98
internal_value=-0.000477449 -0.00292343 -0.000203898 -0.000155333 -0.00035087 -0.000917769 0.000161737 0.000877735 0.00292857 0.000491905 0.00206989 0.00427778 -0.000133911 0.00259848 -0.000236244 -0.000307565 0.00175 -0.000841161 0.000175417 0.00213415 -1.87174e-05 -0.00157692
internal_weight=16357 1634 14723 14258 8853 3248 5405 1594 240 1354 460 157 3811 127 3684 894 175 719 414 200 5605 359
internal_count=16357 1634 14723 14258 8853 3248 5405 1594 240 1354 460 157 3811 127 3684 894 175 719 414 200 5605 359
is_linear=0
shrinkage=0.035


end of trees

feature_importances:
day_of_month=697
sig_roll_mean_28=489
month=360
sig_roll_std_28=324
sig_roll_std_14=266
shelf_life_days=232
sig_roll_mean_14=229
unit_cost_rp=222
sig_roll_mean_7=183
sig_roll_std_7=155
margin_rp=116
sig_lag_28=80
sig_lag_14=77
sig_lag_21=69
sig_zero_rate_28=67
sig_lag_7=64
promo_flag=63
unit_price_rp=55
sig_lag_1=43
sig_lag_2=42
sig_lag_3=42
promised_lead_time_days=38
sig_zero_rate_14=16
is_weekend=14
sig_zero_rate_7=8
is_holiday=6
is_perishable=3

parameters:
[boosting: gbdt]
[objective: quantile]
[metric: quantile]
[tree_learner: serial]
[device_type: cpu]
[data_sample_strategy: bagging]
[data: ]
[valid: ]
[num_iterations: 180]
[learning_rate: 0.035]
[num_leaves: 23]
[num_threads: 8]
[seed: 20260723]
[deterministic: 0]
[force_col_wise: 0]
[force_row_wise: 0]
[histogram_pool_size: -1]
[max_depth: -1]
[min_data_in_leaf: 45]
[min_sum_hessian_in_leaf: 0.001]
[bagging_fraction: 0.85]
[pos_bagging_fraction: 1]
[neg_bagging_fraction: 1]
[bagging_freq: 1]
[bagging_seed: 320]
[bagging_by_query: 0]
[feature_fraction: 0.85]
[feature_fraction_bynode: 1]
[feature_fraction_seed: 6711]
[extra_trees: 0]
[extra_seed: 20591]
[early_stopping_round: 0]
[early_stopping_min_delta: 0]
[first_metric_only: 0]
[max_delta_step: 0]
[lambda_l1: 0.5]
[lambda_l2: 5]
[linear_lambda: 0]
[min_gain_to_split: 0]
[drop_rate: 0.1]
[max_drop: 50]
[skip_drop: 0.5]
[xgboost_dart_mode: 0]
[uniform_drop: 0]
[drop_seed: 9722]
[top_rate: 0.2]
[other_rate: 0.1]
[min_data_per_group: 100]
[max_cat_threshold: 32]
[cat_l2: 10]
[cat_smooth: 10]
[max_cat_to_onehot: 4]
[top_k: 20]
[monotone_constraints: ]
[monotone_constraints_method: basic]
[monotone_penalty: 0]
[feature_contri: ]
[forcedsplits_filename: ]
[refit_decay_rate: 0.9]
[cegb_tradeoff: 1]
[cegb_penalty_split: 0]
[cegb_penalty_feature_lazy: ]
[cegb_penalty_feature_coupled: ]
[path_smooth: 0]
[interaction_constraints: ]
[verbosity: -1]
[saved_feature_importance_type: 0]
[use_quantized_grad: 0]
[num_grad_quant_bins: 4]
[quant_train_renew_leaf: 0]
[stochastic_rounding: 1]
[linear_tree: 0]
[max_bin: 255]
[max_bin_by_feature: ]
[min_data_in_bin: 3]
[bin_construct_sample_cnt: 200000]
[data_random_seed: 4442]
[is_enable_sparse: 1]
[enable_bundle: 1]
[use_missing: 1]
[zero_as_missing: 0]
[feature_pre_filter: 1]
[pre_partition: 0]
[two_round: 0]
[header: 0]
[label_column: ]
[weight_column: ]
[group_column: ]
[ignore_column: ]
[categorical_feature: ]
[forcedbins_filename: ]
[precise_float_parser: 0]
[parser_config_file: ]
[objective_seed: 5935]
[num_class: 1]
[is_unbalance: 0]
[scale_pos_weight: 1]
[sigmoid: 1]
[boost_from_average: 1]
[reg_sqrt: 0]
[alpha: 0.9]
[fair_c: 1]
[poisson_max_delta_step: 0.7]
[tweedie_variance_power: 1.5]
[lambdarank_truncation_level: 30]
[lambdarank_norm: 1]
[label_gain: ]
[lambdarank_position_bias_regularization: 0]
[eval_at: ]
[multi_error_top_k: 1]
[auc_mu_weights: ]
[num_machines: 1]
[local_listen_port: 12400]
[time_out: 120]
[machine_list_filename: ]
[machines: ]
[gpu_platform_id: -1]
[gpu_device_id: -1]
[gpu_device_id_list: ]
[gpu_use_dp: 0]
[num_gpu: 1]

end of parameters

pandas_categorical:[]
