tree
version=v4
num_class=1
num_tree_per_iteration=1
label_index=0
max_feature_idx=30
objective=regression
feature_names=lag_1 lag_2 lag_3 lag_7 lag_14 lag_21 lag_28 roll_mean_7 roll_mean_14 roll_mean_28 roll_std_7 roll_std_14 roll_std_28 zero_rate_7 zero_rate_14 zero_rate_28 ewm_7 ewm_28 past_stockout_rate_28 promo_flag is_weekend is_holiday is_payday_week day_of_month month unit_cost_rp unit_price_rp margin_rp shelf_life_days is_perishable promised_lead_time_days
feature_infos=[0:73] [0:73] [0:73] [0:73] [0:72] [0:72] [0:72] [0:40.571428571428569] [0:35] [0:32.399999999999999] [0:26.870057685088806] [0:26.870057685088806] [0:26.870057685088806] [0:1] [0:1] [0:1] [0:40.523080270746263] [0:35.379310344827587] [0:1] [0:1] [0:1] [0:1] none [1:31] [1:5] [3633:54611] [4700:64300] [1067:16070] [92:917] [0:1] [2:4]
tree_sizes=2062 2155 2151 2163 2154 2181 2157 2163 2160 2154 2185 2160 2152 2174 2162 2161 2170 2162 2164 2165 2176 2176 2174 2173 2179 2183 2162 2179 2166 2191 2179 2168 2169 2177 2160 2179 2158 2184 2170 2158 2167 2172 2169 2185 2171 2196 2158 2160 2173 2150 2202 2166 2196 2169 2168 2159 2167 2184 2168 2183 2181 2168 2180 2172 2180 2175 2169 2154 2184 2174 2151 2172 2177 2173 2202 2176 2171 2164 2187 2180 2164 2158 2167 2185 2165 2173 2173 2195 2153 2151 2173 2181 2192 2164 2183 2159 2180 2192 2157 2178 2187 2159 2158 2187 2162 2178 2163 2178 2164 2191 2150 2162 2163 2181 2175 2163 2176 2178 2154 2162 2158 2201 2147 2183 2180 2164 2157 2158 2142 2188 2180 2159 2171 2184 2161 2170 2165 2177 2180 2160 2160 2145 2170 2162 2181 2161 2163 2175 2173 2153 2129 2148 2167 2183 2162 2161 2158 2157 2148 2187 2170 2145 2145 2182 2168 2192 2155 2137 2171 2154 2176 2168 2183 2172 2161

Tree=0
num_leaves=23
num_cat=0
split_feature=9 9 21 17 7 21 9 9 16 17 9 18 12 11 12 17 23 21 0 17 5 9
split_gain=731005 133146 56133.2 35943 10531.2 10406.6 7608.24 7125.94 5699.98 5025.54 3066.86 2858.16 2439.65 1556.38 1320.21 1271.01 1097.63 1011.49 968.773 877.434 785.093 746.38
threshold=11.150375939849626 4.7238095238095248 1.0000000180025095e-35 18.627895074541762 16.214285714285719 1.0000000180025095e-35 8.2207792207792227 1.7875939849624063 22.883130524773957 15.674727332128816 7.9330357142857153 0.35504201680672276 5.9462428666941829 3.7825510317367033 7.3141885740903945 0.9445497486131359 24.500000000000004 1.0000000180025095e-35 25.500000000000004 13.093589226599747 11.500000000000002 10.017857142857144
decision_type=2 2 2 2 2 2 2 2 2 2 2 2 2 2 2 2 2 2 2 2 2 2
left_child=1 7 3 9 -4 6 12 15 16 14 -7 21 -3 17 19 -1 -5 -9 -10 -2 -11 -8
right_child=2 5 4 8 -6 10 11 13 18 20 -12 -13 -14 -15 -16 -17 -18 -19 -20 -21 -22 -23
leaf_value=7.7634158266567042 8.1501734097725258 7.9849345008642967 8.513745797274705 8.3996430300457678 8.9142675794379844 8.1260019804519317 8.0588131245112642 7.8424538860569735 8.4900204648317548 8.2609698109172029 8.2996206245524462 8.2701843324255453 8.1758255859386431 8.0160949767964613 8.2901235198510879 7.8065222185737939 8.4947925992144686 7.9058432745349334 8.6020514115799092 8.2238791195354342 8.3449183663383497 8.1091615795902126
leaf_weight=1900 424 2472 143 1095 288 344 1185 4355 421 274 200 92 80 69 214 2110 293 377 378 456 681 522
leaf_count=1900 424 2472 143 1095 288 344 1185 4355 421 274 200 92 80 69 214 2110 293 377 378 456 681 522
internal_value=8.03063 7.9018 8.40873 8.36924 8.7885 8.04815 8.03003 7.82053 8.46807 8.26294 8.19174 8.08507 7.9912 7.84977 8.21011 7.78579 8.42134 7.84736 8.54627 8.18927 8.32218 8.07441
internal_weight=18373 13706 4667 4236 431 4895 4351 8811 2187 2049 544 1799 2552 4801 1094 4010 1388 4732 799 880 955 1707
internal_count=18373 13706 4667 4236 431 4895 4351 8811 2187 2049 544 1799 2552 4801 1094 4010 1388 4732 799 880 955 1707
is_linear=0
shrinkage=1


Tree=1
num_leaves=23
num_cat=0
split_feature=9 9 21 9 21 20 7 9 9 16 16 9 18 12 20 20 9 20 20 9 15 27
split_gain=673530 126763 50858.6 31851.2 10413.5 9796.22 7822.58 7329.76 6470.98 4390.15 3297.5 3264.08 2472.86 2293.26 2138.33 1737.05 1512.8 1277.76 1203.79 984.399 939.826 858.408
threshold=11.150375939849626 4.7238095238095248 1.0000000180025095e-35 17.75961538461539 1.0000000180025095e-35 1.0000000180025095e-35 16.214285714285719 8.0178571428571441 1.2928571428571431 15.166530922291825 20.523867528458183 7.5100000000000007 0.35504201680672276 6.7739678333285047 1.0000000180025095e-35 1.0000000180025095e-35 2.6091269841269846 1.0000000180025095e-35 1.0000000180025095e-35 21.017857142857146 0.28285714285714292 12965.500000000002
decision_type=2 2 2 2 2 2 2 2 2 2 2 2 2 2 2 2 2 2 2 2 2 2
left_child=1 8 3 9 7 10 -4 13 -1 15 -5 -6 17 18 -11 21 -10 -9 -3 -7 -18 -2
right_child=2 4 6 5 11 19 -8 12 16 14 -12 -13 -14 -15 -16 -17 20 -19 -20 -21 -22 -23
leaf_value=-0.24782097734510902 0.15844907642174691 -0.059960234983625411 0.47490997086710007 0.30126136854313956 0.081238432312508421 0.46258567191396882 0.84060368962304299 0.02377753636826976 -0.19647477164264629 0.24451928617285962 0.41221190089986032 0.25407478335070705 0.22021310608468805 0.17873006587270007 0.37420853655709913 0.242885993736873 -0.16277641542430576 0.088300337700045944 -0.0050108562233047793 0.58844728486368592 -0.02239632778509117 0.049800707546287577
leaf_weight=2721 629 1705 129 643 295 306 286 1295 3741 655 938 252 97 53 242 322 2314 529 686 354 62 111
leaf_count=2721 629 1705 129 643 295 306 286 1295 3741 655 938 252 97 53 242 322 2314 529 686 354 62 111
internal_value=-0.000489111 -0.123297 0.36514 0.327862 0.019243 0.418122 0.733979 0.00112454 -0.202486 0.223798 0.368191 0.162475 0.0522118 -0.0390478 0.281408 0.174032 -0.182131 0.0426904 -0.0442454 0.534036 -0.159175 0.142619
internal_weight=18365 13750 4615 4200 4912 2241 415 4365 8838 1959 1581 547 1921 2444 897 1062 6117 1824 2391 660 2376 740
internal_count=18365 13750 4615 4200 4912 2241 415 4365 8838 1959 1581 547 1921 2444 897 1062 6117 1824 2391 660 2376 740
is_linear=0
shrinkage=0.035


Tree=2
num_leaves=23
num_cat=0
split_feature=9 9 9 19 19 9 17 9 20 20 18 8 19 19 12 27 28 12 19 17 20 23
split_gain=635038 111536 40133.4 23606.4 10533 7665.24 6706.67 6017.66 4314.6 2897.15 2849.03 2811.44 2270.48 2262.2 1717.87 1464.18 1508.36 1391.15 1134.24 988.289 896.555 890.074
threshold=11.017857142857144 4.7238095238095248 18.396428571428576 1.0000000180025095e-35 1.0000000180025095e-35 8.0178571428571441 14.990617752054131 1.341666666666667 1.0000000180025095e-35 1.0000000180025095e-35 0.25462962962962971 22.178571428571434 1.0000000180025095e-35 1.0000000180025095e-35 6.9570678813847389 12965.500000000002 224.50000000000003 3.1198825002030541 1.0000000180025095e-35 19.672574051149649 1.0000000180025095e-35 26.500000000000004
decision_type=2 2 2 2 2 2 2 2 2 2 2 2 2 2 2 2 2 2 2 2 2 2
left_child=1 7 4 8 6 13 15 -1 11 -8 12 -4 20 14 -3 16 -2 18 -9 -10 -7 -11
right_child=2 5 3 -5 -6 10 9 17 19 21 -12 -13 -14 -15 -16 -17 -18 -19 -20 -21 -22 -23
leaf_value=-0.23782527112756588 0.12285579408250201 -0.031825478361019198 0.35080634449666837 1.0244670915868548 0.61867864795650052 0.031100484574448601 0.25578086831374991 -0.18021733813395549 0.38143727691844109 0.34037432586714844 0.20447396975007878 0.45611730310308318 0.26802160375072798 0.1586818187607725 0.16589673404801977 0.079956742550440246 0.22571959065335265 -0.05824582084765037 -0.097265396694553669 0.55029112125395452 0.086029203467898913 0.52620687254139642
leaf_weight=2753 293 2699 827 85 91 1299 1039 5623 107 340 164 708 54 77 50 192 537 130 230 468 508 56
leaf_count=2753 293 2699 827 85 91 1299 1039 5623 107 340 164 708 54 77 50 192 537 130 230 468 508 56
internal_value=0.0018213 -0.119904 0.350283 0.460165 0.254902 0.0146638 0.240192 -0.194595 0.435056 0.289304 0.0665566 0.400714 0.053878 -0.0225662 -0.0279282 0.170144 0.190381 -0.174519 -0.177046 0.522459 0.046747 0.372931
internal_weight=18330 13587 4743 2195 2548 4851 2457 8736 2110 1435 2025 1535 1861 2826 2749 1022 830 5983 5853 575 1807 396
internal_count=18330 13587 4743 2195 2548 4851 2457 8736 2110 1435 2025 1535 1861 2826 2749 1022 830 5983 5853 575 1807 396
is_linear=0
shrinkage=0.035


Tree=3
num_leaves=23
num_cat=0
split_feature=9 9 21 16 7 21 20 17 17 17 12 20 9 17 20 12 21 20 17 23 9 27
split_gain=588047 105409 47966.7 29771.7 9169.58 8878.21 7559.73 6232.91 6021.95 5768.89 3238.02 3028.02 2849.57 2255.28 1547.99 1333.41 1102.57 1089.38 1070.91 1042.28 1026.36 980.914
threshold=11.017857142857144 4.7238095238095248 1.0000000180025095e-35 18.319508486983334 16.214285714285719 1.0000000180025095e-35 1.0000000180025095e-35 8.3063177701367028 15.674727332128816 1.8144992269314486 7.6903533256409311 1.0000000180025095e-35 7.7238095238095248 22.111633769687717 1.0000000180025095e-35 3.2472006650253724 1.0000000180025095e-35 1.0000000180025095e-35 19.672574051149649 21.500000000000004 8.9330357142857171 12965.500000000002
decision_type=2 2 2 2 2 2 2 2 2 2 2 2 2 2 2 2 2 2 2 2 2 2
left_child=1 9 3 8 -4 7 13 17 14 -1 20 -10 -7 19 21 16 -11 -3 -8 -5 -9 -2
right_child=2 5 4 6 -6 12 18 10 11 15 -12 -13 -14 -15 -16 -17 -18 -19 -20 -21 -22 -23
leaf_value=-0.22062866917544177 0.14216342568281795 -0.0575993175166662 0.43776069508179244 0.26197819221383967 0.80718664387930639 0.080393733086303862 0.38277692784934214 7.5179197617617413e-05 0.22891109653969183 -0.17068673091750475 0.21219490413864456 0.3626728935497206 0.24705634365955448 0.39626283828410569 0.21851919965170649 -0.041120702723980461 -0.10638059491647109 -0.0043427019739592527 0.53575606667707054 0.36304221439478773 0.051970429119495003 0.036650505257274611
leaf_weight=3868 671 1588 147 463 284 314 140 788 776 4453 124 317 214 751 317 112 388 670 460 262 1143 134
leaf_count=3868 671 1588 147 463 284 314 140 788 776 4453 124 317 214 751 317 112 388 670 460 262 1143 134
internal_value=5.31631e-05 -0.11633 0.33655 0.300517 0.687693 0.0148976 0.395873 -0.00175017 0.210446 -0.188317 0.042296 0.269196 0.149659 0.350539 0.152258 -0.162883 -0.165651 -0.0418491 0.503548 0.300761 0.030857 0.124956
internal_weight=18384 13662 4722 4291 431 4841 2076 4313 2215 8821 2055 1093 528 1476 1122 4953 4841 2258 600 725 1931 805
internal_count=18384 13662 4722 4291 431 4841 2076 4313 2215 8821 2055 1093 528 1476 1122 4953 4841 2258 600 725 1931 805
is_linear=0
shrinkage=0.035


Tree=4
num_leaves=23
num_cat=0
split_feature=9 9 21 9 20 7 21 17 17 16 9 15 16 20 18 9 20 20 20 23 0 21
split_gain=545161 99944.4 49472.6 25873 8373.69 8132.6 7497.85 5908.5 5582.51 3788.16 2892.84 2817.06 2544.88 1479.4 1468.01 1211.54 1148.1 1081.86 1049.2 1030.3 913.583 727.441
threshold=11.150375939849626 4.9115384615384627 1.0000000180025095e-35 17.75961538461539 1.0000000180025095e-35 15.309523809523812 1.0000000180025095e-35 8.7898085339988956 1.5194023103068706 15.359144387986992 7.9330357142857153 0.31909090909090915 20.523867528458183 1.0000000180025095e-35 0.51000000000000012 2.6091269841269846 1.0000000180025095e-35 1.0000000180025095e-35 1.0000000180025095e-35 21.500000000000004 35.500000000000007 1.0000000180025095e-35
decision_type=2 2 2 2 2 2 2 2 2 2 2 2 2 2 2 2 2 2 2 2 2 2
left_child=1 8 3 9 12 -4 7 16 -1 13 -8 18 -5 -2 15 -10 -3 -11 -9 -14 -6 -17
right_child=2 6 5 4 20 -7 10 11 14 17 -12 -13 19 -15 -16 21 -18 -19 -20 -21 -22 -23
leaf_value=-0.21951289357385742 0.12603943724026237 -0.047846058812066411 0.40661726243362944 0.26712997731557087 0.45726634375196773 0.78141043555342937 0.075906991814865793 0.022535477299150002 -0.17607028253219717 0.22516416453862226 0.24502486482335659 0.23568857206031682 0.33262859904366582 0.21642392518253561 0.02945858600566972 -0.14781444861139689 0.0038142846542478402 0.32277252197542716 0.083635125950009381 0.43004957536322963 0.65827506115359657 -0.074292311160941024
leaf_weight=3033 777 1757 116 633 610 313 335 1194 3298 611 199 91 644 335 48 2227 750 237 483 293 57 196
leaf_count=3033 777 1757 116 633 610 313 335 1194 3298 611 199 91 644 335 48 2227 750 237 483 293 57 196
internal_value=0.000901476 -0.110668 0.328939 0.291668 0.373132 0.68596 0.0176358 0.00211918 -0.180739 0.19797 0.140651 0.0510407 0.326663 0.154131 -0.160179 -0.161797 -0.0324074 0.254196 0.0403398 0.365232 0.47924 -0.14204
internal_weight=18237 13611 4626 4197 2237 429 4809 4275 8802 1960 534 1768 1570 1112 5769 5721 2507 848 1677 937 667 2423
internal_count=18237 13611 4626 4197 2237 429 4809 4275 8802 1960 534 1768 1570 1112 5769 5721 2507 848 1677 937 667 2423
is_linear=0
shrinkage=0.035


Tree=5
num_leaves=23
num_cat=0
split_feature=17 17 21 19 25 21 17 17 17 20 8 17 19 20 17 19 20 20 17 21 20 17
split_gain=511522 94700 45691.5 30196.3 19655.9 9721.55 6378.62 5049.83 4503.53 4373.75 3830.38 2623 2235.27 1996.71 1934.93 1790.56 1622.15 1494.62 1252.07 1218.75 1061.05 941.464
threshold=12.447090918857104 5.1545164496883595 1.0000000180025095e-35 1.0000000180025095e-35 16785.000000000004 1.0000000180025095e-35 8.7898085339988956 1.8144992269314486 19.469525581372832 1.0000000180025095e-35 15.222527472527473 7.9232581895434739 1.0000000180025095e-35 1.0000000180025095e-35 18.784156354234863 1.0000000180025095e-35 1.0000000180025095e-35 1.0000000180025095e-35 23.117857467758697 1.0000000180025095e-35 1.0000000180025095e-35 0.82775467347869591
decision_type=2 2 2 2 2 2 2 2 2 2 2 2 2 2 2 2 2 2 2 2 2 2
left_child=1 7 3 4 9 6 15 21 -4 18 17 -7 16 -12 -5 20 -8 -6 -2 -9 -3 -1
right_child=2 5 8 14 10 11 12 19 -10 -11 13 -13 -14 -15 -16 -17 -18 -19 -20 -21 -22 -23
leaf_value=-0.22620326498824889 0.28561945148970874 -0.056704309329090812 0.54252996832705469 0.51019703874333966 0.12077030546044216 0.082401137103954455 0.018702793703185953 -0.15679294352166956 0.82388846644602332 0.45372029541090869 0.21232403663095978 0.23727651973962785 0.2690545514115581 0.31320726672893295 0.88059045165192862 0.13137976939566434 0.090728888381750167 0.21693907744798113 0.37024290024012824 -0.091645145976220269 -0.0070058900893810285 -0.18822512304237413
leaf_weight=1737 696 1819 203 56 713 308 1299 4502 185 483 927 245 49 375 97 70 541 293 483 410 743 2090
leaf_count=1737 696 1819 203 56 713 308 1299 4502 185 483 927 245 49 375 97 70 541 293 483 410 743 2090
internal_value=0.000150333 -0.105537 0.323534 0.288678 0.269354 0.0147279 -0.00227745 -0.175335 0.685503 0.361337 0.202472 0.152559 0.0467214 0.242481 0.765568 -0.0374727 0.040078 0.149731 0.321719 -0.151457 -0.0423399 -0.20574
internal_weight=18324 13813 4511 4123 3970 5074 4521 8739 388 1662 2308 553 1889 1302 153 2632 1840 1006 1179 4912 2562 3827
internal_count=18324 13813 4511 4123 3970 5074 4521 8739 388 1662 2308 553 1889 1302 153 2632 1840 1006 1179 4912 2562 3827
is_linear=0
shrinkage=0.035


Tree=6
num_leaves=23
num_cat=0
split_feature=9 9 21 19 25 21 16 9 20 9 9 9 20 9 15 18 15 19 19 19 17 23
split_gain=483110 85572.2 40650.8 28868.4 21972.6 7191.05 6969.56 5045.54 4796.95 4692.66 4665.51 3485.47 2141.74 2094.01 2038.2 1957.22 1858.57 1676.21 1595.55 1126.71 1117.76 911.557
threshold=11.017857142857144 4.7238095238095248 1.0000000180025095e-35 1.0000000180025095e-35 16785.000000000004 1.0000000180025095e-35 18.941775076142076 14.654761904761907 1.0000000180025095e-35 8.0178571428571441 1.7875939849624063 15.982142857142859 1.0000000180025095e-35 7.5100000000000007 0.35147058823529415 0.32738095238095244 0.036375661375661381 1.0000000180025095e-35 1.0000000180025095e-35 1.0000000180025095e-35 22.31271273901385 25.500000000000004
decision_type=2 2 2 2 2 2 2 2 2 2 2 2 2 2 2 2 2 2 2 2 2 2
left_child=1 10 3 4 8 9 -4 16 20 14 -1 -5 21 -7 17 18 -6 -3 -11 -12 -2 -9
right_child=2 5 6 11 7 13 -8 12 -10 15 19 -13 -14 -15 -16 -17 -18 -19 -20 -21 -22 -23
leaf_value=-0.19779850347639361 0.26794474671021429 -0.043314740735296856 0.46358026908534883 0.38816430868655444 0.088814972056730598 0.071493322538832837 0.77475702370228794 0.18100879240049658 0.44662233581160665 0.0257241525863625 -0.14957323183197127 0.82512144150733957 0.29850765657026618 0.2149278074085261 0.16184286467439962 0.190931676527299 0.18571693194859296 0.13320191263426645 0.22658775949478152 -0.059598673465467683 0.34700794020583009 0.27093541019504858
leaf_weight=4057 570 2354 207 45 643 289 218 819 490 1723 4590 120 414 226 59 95 406 63 45 187 611 199
leaf_count=4057 570 2354 207 45 643 289 218 819 490 1723 4590 120 414 226 59 95 406 63 45 187 611 199
internal_value=0.00036414 -0.105115 0.304629 0.271862 0.253164 0.0129378 0.630389 0.186423 0.351395 -0.00179613 -0.169954 0.720976 0.229319 0.135932 -0.0333449 0.0401011 0.127039 -0.0384411 0.0314711 -0.146121 0.310154 0.199843
internal_weight=18430 13688 4742 4317 4152 4854 425 2481 1671 4339 8834 165 1432 515 2476 1863 1049 2417 1768 4777 1181 1018
internal_count=18430 13688 4742 4317 4152 4854 425 2481 1671 4339 8834 165 1432 515 2476 1863 1049 2417 1768 4777 1181 1018
is_linear=0
shrinkage=0.035


Tree=7
num_leaves=23
num_cat=0
split_feature=16 9 16 19 9 9 12 4 19 12 20 20 19 12 27 23 12 9 15 9 20 23
split_gain=450332 77524.7 32375.3 23070.1 5799.25 5415.06 4642.3 4306.41 2595.47 1971.12 1578.11 1411.73 1341.03 1280.01 1217.08 1164.85 1141.88 1073.95 911.642 837.872 763.262 834.561
threshold=11.540362887965493 4.7238095238095248 18.557480184753775 1.0000000180025095e-35 9.0178571428571441 14.654761904761907 1.416213345714316 19.500000000000004 1.0000000180025095e-35 7.6211119814500874 1.0000000180025095e-35 1.0000000180025095e-35 1.0000000180025095e-35 5.9462428666941829 4472.0000000000009 1.5000000000000002 3.4429400075820156 20.822478991596643 0.15192307692307697 0.78759398496240618 1.0000000180025095e-35 12.500000000000002
decision_type=2 2 2 2 2 2 2 2 2 2 2 2 2 2 2 2 2 2 2 2 2 2
left_child=1 6 5 7 8 10 19 17 13 -6 18 -7 16 14 -3 -16 -8 -4 -2 -1 21 -9
right_child=2 4 3 -5 9 11 12 20 -10 -11 -12 -13 -14 -15 15 -17 -18 -19 -20 -21 -22 -23
leaf_value=-0.21080424788439817 0.11003444600799243 -0.067694662594074972 0.27058361288189292 0.85044338594491675 0.064048998008553834 0.23251359459285356 -0.14640620928448128 0.44372297370272096 0.16287904925423097 0.25878883814329612 0.2197233495194891 0.3215740633704891 -0.049198946135238487 0.095658623543294047 0.088815636514513588 -0.016640365026126539 -0.013545974597506141 0.3546990080912425 0.20346086684000844 -0.17538223540740897 0.46672832388260649 0.33893689059215421
leaf_weight=1809 724 566 585 125 1236 914 4662 253 96 63 336 360 197 114 130 2594 82 442 165 2081 389 417
leaf_count=1809 724 566 585 125 1236 914 4662 253 96 63 336 360 197 114 130 2594 82 442 165 2081 389 417
internal_value=0.000187679 -0.101771 0.29504 0.392709 0.0114571 0.208009 -0.163276 0.363304 -0.0119951 0.0744631 0.15428 0.258852 -0.140402 -0.0171637 -0.0212176 -0.0114477 -0.14413 0.308345 0.128435 -0.192109 0.414885 0.381525
internal_weight=18340 13630 4710 2211 4799 2499 8831 2086 3500 1299 1225 1274 4941 3404 3290 2724 4744 1027 889 3890 1059 670
internal_count=18340 13630 4710 2211 4799 2499 8831 2086 3500 1299 1225 1274 4941 3404 3290 2724 4744 1027 889 3890 1059 670
is_linear=0
shrinkage=0.035


Tree=8
num_leaves=23
num_cat=0
split_feature=16 17 21 19 25 7 21 12 17 17 17 28 17 19 12 7 12 5 12 19 21 5
split_gain=415139 71713.3 35647.7 24102.8 18612 8381.04 6335.9 4570.54 4354.06 4208.09 3487.43 2171.02 1938.45 1861.42 1842.45 1602.42 1394.94 1115.83 1085.45 1001.19 822.462 800.253
threshold=11.540362887965493 5.5152781763787866 1.0000000180025095e-35 1.0000000180025095e-35 16785.000000000004 15.309523809523812 1.0000000180025095e-35 1.416213345714316 13.093589226599747 8.8794687742522971 15.927257303271483 106.50000000000001 8.4032078031836832 1.0000000180025095e-35 8.6145854956968133 20.928571428571434 2.8736625598591972 11.500000000000002 4.3548496579967431 1.0000000180025095e-35 1.0000000180025095e-35 7.5000000000000009
decision_type=2 2 2 2 2 2 2 2 2 2 2 2 2 2 2 2 2 2 2 2 2 2
left_child=1 7 3 4 15 -4 9 -1 -6 13 -5 -10 -8 18 21 -2 19 -13 -3 20 -9 -11
right_child=2 6 5 10 8 -7 12 16 11 14 -12 17 -14 -15 -16 -17 -18 -19 -20 -21 -22 -23
leaf_value=-0.18541474408561809 0.28254863253882229 -0.045723811577701452 0.32953997963177628 0.32552995220422754 0.076312870107025033 0.68811676500669505 0.079755063146117272 -0.14655979768918148 0.25623231391199608 0.008603280264584498 0.74139419574372101 0.13008575741268044 0.22744291286090179 0.138360643660984 0.23381746167853731 0.36047531710121267 -0.056840777616735484 0.19638079168949071 0.016949332703719563 -0.053865948298284158 -0.091469592834742916 0.057991659299721658
leaf_weight=3864 767 2053 129 45 477 301 343 4176 543 778 132 556 162 73 54 878 280 896 402 173 397 833
leaf_count=3864 767 2053 129 45 477 301 343 4176 543 778 132 556 162 73 54 878 280 896 402 173 397 833
internal_value=0.000111902 -0.0981536 0.282569 0.251573 0.233777 0.585608 0.0124484 -0.156578 0.172454 -0.00171343 0.64761 0.195184 0.128932 -0.0301516 0.0414153 0.325118 -0.134243 0.171541 -0.0354405 -0.138741 -0.141886 0.0342518
internal_weight=18312 13588 4724 4294 4117 430 4698 8890 2472 4193 177 1995 505 2528 1665 1645 5026 1452 2455 4746 4573 1611
internal_count=18312 13588 4724 4294 4117 430 4698 8890 2472 4193 177 1995 505 2528 1665 1645 5026 1452 2455 4746 4573 1611
is_linear=0
shrinkage=0.035


Tree=9
num_leaves=23
num_cat=0
split_feature=9 9 21 9 19 7 21 20 16 9 12 19 17 20 9 9 9 19 15 20 23 18
split_gain=387678 57197 36838 27260.4 19128.2 8812.29 5549.83 5289.17 4399.28 3885.42 3298.25 2562.15 2266.21 1511.92 1490.83 1469.85 1407.24 1157.47 1147.11 1138.9 948.925 940.399
threshold=10.017857142857144 4.7238095238095248 1.0000000180025095e-35 17.109126984126988 1.0000000180025095e-35 16.214285714285719 1.0000000180025095e-35 1.0000000180025095e-35 14.337383661735844 1.2928571428571431 5.9025933675351343 1.0000000180025095e-35 22.111633769687717 1.0000000180025095e-35 7.7238095238095248 21.017857142857146 7.3603896103896114 1.0000000180025095e-35 0.31909090909090915 1.0000000180025095e-35 24.500000000000004 0.51000000000000012
decision_type=2 2 2 2 2 2 2 2 2 2 2 2 2 2 2 2 2 2 2 2 2 2
left_child=1 9 3 8 7 -4 10 12 13 -1 11 16 20 -2 -8 -9 -3 21 -12 -10 -5 -11
right_child=2 6 5 4 -6 -7 14 15 19 17 18 -13 -14 -15 -16 -17 -18 -19 -20 -21 -22 -23
leaf_value=-0.18750569237244727 0.071935356016073843 -0.046850922689664974 0.34273907982674928 0.1879370544456882 0.75081208806288868 0.67026547934327807 0.068810225966507974 0.30590540633589591 0.1697832842834216 -0.14086044549396987 0.048938372983678209 0.14728472613139984 0.29704807776944692 0.15298101200830663 0.19959570600921234 0.42418286687788181 -0.00187290238358328 -0.058380970176714612 0.19729056239486317 0.26360123091194049 0.27249477180379655 0.017581545445322994
leaf_weight=2714 969 1760 183 743 109 289 317 366 659 5815 179 104 708 407 164 333 1650 234 99 244 258 45
leaf_count=2714 969 1760 183 743 109 289 317 366 659 5815 179 104 708 407 164 333 1650 234 99 244 258 45
internal_value=0.00068807 -0.101406 0.254058 0.224561 0.303958 0.54824 0.00367203 0.28221 0.136392 -0.152358 -0.0105819 -0.0198174 0.247417 0.0963872 0.115033 0.36489 -0.0251271 -0.13656 0.104383 0.196465 0.210995 -0.139627
internal_weight=18349 13081 5268 4796 2517 472 4273 2408 2279 8808 3792 3514 1709 1376 481 699 3410 6094 278 903 1001 5860
internal_count=18349 13081 5268 4796 2517 472 4273 2408 2279 8808 3792 3514 1709 1376 481 699 3410 6094 278 903 1001 5860
is_linear=0
shrinkage=0.035


Tree=10
num_leaves=23
num_cat=0
split_feature=17 17 21 19 26 21 17 17 17 20 28 26 19 17 20 19 20 28 12 27 20 17
split_gain=353714 66784.2 33135.2 22147.3 13037.7 6542.85 4319.98 4217.18 3891.87 3454.93 3200.82 2293.07 2133.69 1931.93 1924.81 1789.28 1476.76 1429.99 1304.9 1208.72 985.458 884.375
threshold=12.447090918857104 5.5152781763787866 1.0000000180025095e-35 1.0000000180025095e-35 21250.000000000004 1.0000000180025095e-35 8.8794687742522971 1.9308032704765135 19.469525581372832 1.0000000180025095e-35 106.50000000000001 21250.000000000004 1.0000000180025095e-35 7.9232581895434739 1.0000000180025095e-35 1.0000000180025095e-35 1.0000000180025095e-35 224.50000000000003 3.0591609320965141 12965.500000000002 1.0000000180025095e-35 0.9445497486131359
decision_type=2 2 2 2 2 2 2 2 2 2 2 2 2 2 2 2 2 2 2 2 2 2
left_child=1 7 3 4 9 6 15 21 -4 -2 -6 -5 16 -7 17 20 -8 -12 -9 -19 -3 -1
right_child=2 5 8 11 10 13 12 18 -10 -11 14 -13 -14 -15 -16 -17 -18 19 -20 -21 -22 -23
leaf_value=-0.18948367985104214 0.2631157914945203 -0.048333349037870225 0.44219927603314668 0.85414944322903963 0.24449352925608117 0.068031297755910228 0.014653632239680652 -0.12645161975596658 0.69400329868392197 0.38027862329051459 0.015376133769750597 0.49594742976346068 0.25290606555185824 0.20203767277565918 0.20411130775472727 0.12670834716409446 0.084399327589738976 0.14441347857473794 -0.040684485582557196 0.0079326171495030517 0.00049167392878896661 -0.15489120103724238
leaf_weight=1901 1165 1724 198 55 524 298 1282 4573 197 477 142 98 52 244 488 83 521 1037 235 87 715 2247
leaf_count=1901 1165 1724 198 55 524 298 1282 4573 197 477 142 98 52 244 488 83 521 1037 235 87 715 2247
internal_value=-0.000817559 -0.0880441 0.269849 0.239589 0.222848 0.0155592 0.00129105 -0.144926 0.574932 0.298213 0.167982 0.647779 0.0417763 0.129686 0.144485 -0.0285038 0.0349949 0.120774 -0.12231 0.133947 -0.0340413 -0.170958
internal_weight=18343 13875 4468 4073 3920 4919 4377 8956 395 1642 2278 153 1855 542 1754 2522 1803 1266 4808 1124 2439 4148
internal_count=18343 13875 4468 4073 3920 4919 4377 8956 395 1642 2278 153 1855 542 1754 2522 1803 1266 4808 1124 2439 4148
is_linear=0
shrinkage=0.035


Tree=11
num_leaves=23
num_cat=0
split_feature=9 9 21 19 25 17 21 9 17 20 12 20 19 9 9 15 9 9 17 28 20 12
split_gain=338488 51774.4 31642.7 21942.2 18949.8 7117.97 5191.16 5159.89 3131.7 3000.72 2960.35 2647.41 2400.63 2391.85 1873.39 1745.41 1361.11 998.418 894.335 834.254 780.192 746.1
threshold=10.292857142857146 4.3273809523809534 1.0000000180025095e-35 1.0000000180025095e-35 16785.000000000004 16.49909162903074 1.0000000180025095e-35 13.547008547008549 1.1779329988146436 1.0000000180025095e-35 6.2538347914254722 1.0000000180025095e-35 1.0000000180025095e-35 15.982142857142859 7.6483516483516496 0.15894736842105264 6.6801948051948061 2.50925925925926 22.31271273901385 106.50000000000001 1.0000000180025095e-35 8.7406411414880409
decision_type=2 2 2 2 2 2 2 2 2 2 2 2 2 2 2 2 2 2 2 2 2 2
left_child=1 8 3 4 9 -4 10 15 -1 18 12 19 14 -5 -3 -6 -8 -10 -2 -9 -16 -12
right_child=2 6 5 13 7 -7 16 11 17 -11 21 -13 -14 -15 20 -17 -18 -19 -20 -21 -22 -23
leaf_value=-0.17816939390238937 0.22389135259603105 -0.043757849455098898 0.32231044223026051 0.35892984052499138 0.066650552754121684 0.6262265609442178 0.046971460797623099 0.19876745083712435 -0.1416592322945727 0.37103848325286121 0.065478225743025545 0.24902907406033423 0.13602064626353483 0.69501252032508543 -0.0098474676711315483 0.20175049942205936 0.16226929200707746 -0.1123009959612746 0.29420358518730133 0.13179154308863802 0.043985088832534047 0.20688564917098173
leaf_weight=2331 565 2205 168 58 961 290 250 356 3834 476 145 513 115 116 1095 131 260 2518 594 860 466 68
leaf_count=2331 565 2205 168 58 961 290 250 356 3834 476 145 513 115 116 1095 131 260 2518 594 860 466 68
internal_value=0.000127444 -0.0928324 0.242743 0.214834 0.199285 0.519469 0.00205215 0.143894 -0.143117 0.294116 -0.0111053 0.181538 -0.0181369 0.596238 -0.0230231 0.0837192 0.106789 -0.130122 0.261051 0.152148 0.00630093 0.114412
internal_weight=18375 13287 5088 4630 4456 458 4604 2821 8683 1635 4094 1729 3881 174 3766 1092 510 6352 1159 1216 1561 213
internal_count=18375 13287 5088 4630 4456 458 4604 2821 8683 1635 4094 1729 3881 174 3766 1092 510 6352 1159 1216 1561 213
is_linear=0
shrinkage=0.035


Tree=12
num_leaves=23
num_cat=0
split_feature=9 9 16 21 21 20 17 21 12 12 20 23 17 9 7 9 17 9 9 12 15 15
split_gain=312729 45950.7 32081.8 20726.2 7824.16 4960.98 4911.05 4542.13 3392.49 2688.88 2368.05 1608.24 1371.94 1321.5 1216.44 1185.91 1172.06 893.852 892.609 836.585 672.343 654.269
threshold=10.017857142857144 4.9115384615384627 17.993196288468379 1.0000000180025095e-35 1.0000000180025095e-35 1.0000000180025095e-35 13.093589226599747 1.0000000180025095e-35 1.416213345714316 6.2538347914254722 1.0000000180025095e-35 21.500000000000004 23.117857467758697 7.575187969924813 20.732142857142861 6.6801948051948061 21.920858840994246 13.896428571428574 3.5147058823529416 7.5514110765909832 0.04083333333333334 0.31909090909090915
decision_type=2 2 2 2 2 2 2 2 2 2 2 2 2 2 2 2 2 2 2 2 2 2
left_child=1 8 4 5 6 11 19 9 -1 13 -8 12 -4 -3 -5 -9 -7 -6 -10 -2 -15 -11
right_child=2 7 3 14 17 16 10 15 18 21 -12 -13 -14 20 -16 -17 -18 -19 -20 -21 -22 -23
leaf_value=-0.16095126788113157 0.060399743086627079 -0.034627688450065613 0.18754942344876527 0.46852744162082677 0.25415012486597416 0.30862840603864927 0.14016711284703243 0.044210630254977845 -0.1227520076266278 0.050300045419585424 0.23383769059896473 0.30704477131236696 0.27529258466836715 -0.0055095393769764743 0.69953426194043811 0.15416858403570952 0.42499238316048971 0.42437709764537651 -0.079105154986986351 0.19198275935248688 0.046646253669248308 0.18109591206269607
leaf_weight=3822 916 2037 621 100 112 298 1135 231 4268 101 495 482 416 1153 157 260 324 112 709 60 405 93
leaf_count=3822 916 2037 621 100 112 298 1135 231 4268 101 495 482 416 1153 157 260 324 112 709 60 405 93
internal_value=0.00123131 -0.0902278 0.229907 0.324094 0.149662 0.287158 0.132083 0.00383612 -0.13596 -0.00918572 0.169252 0.251227 0.223917 -0.0161013 0.620372 0.103439 0.372176 0.346748 -0.116623 0.069444 0.00814294 0.116064
internal_weight=18307 13079 5228 2398 2830 2141 2606 4280 8799 3789 1630 1519 1037 3595 257 491 622 224 4977 976 1558 194
internal_count=18307 13079 5228 2398 2830 2141 2606 4280 8799 3789 1630 1519 1037 3595 257 491 622 224 4977 976 1558 194
is_linear=0
shrinkage=0.035


Tree=13
num_leaves=23
num_cat=0
split_feature=17 9 21 19 25 21 9 9 17 23 20 27 20 25 19 9 20 19 9 20 21 17
split_gain=290388 56745.3 28701.8 20946.7 10965.5 5556.2 3754.56 3207.26 2883.09 2573.51 2215.87 2158.61 1849.07 1826.22 1535.5 1208.72 1118.32 1081.31 951.308 909.105 896.752 776.066
threshold=12.447090918857104 5.0540935672514626 1.0000000180025095e-35 1.0000000180025095e-35 16785.000000000004 1.0000000180025095e-35 8.8224789915966415 1.7875939849624063 19.469525581372832 24.500000000000004 1.0000000180025095e-35 4472.0000000000009 1.0000000180025095e-35 16785.000000000004 1.0000000180025095e-35 15.259615384615387 1.0000000180025095e-35 1.0000000180025095e-35 8.0178571428571441 1.0000000180025095e-35 1.0000000180025095e-35 23.897325347691226
decision_type=2 2 2 2 2 2 2 2 2 2 2 2 2 2 2 2 2 2 2 2 2 2
left_child=1 7 3 4 10 6 14 -1 -4 12 21 -7 15 -5 19 -6 -8 20 -13 -3 -9 -2
right_child=2 5 8 13 9 11 16 17 -10 -11 -12 18 -14 -15 -16 -17 -18 -19 -20 -21 -22 -23
leaf_value=-0.15480026500075872 0.21840770708567381 -0.038287105656164812 0.41417881967797882 0.80283173099893046 0.070716383901500354 -0.029197598720590277 0.027702373740121335 -0.12009295699121868 0.63714952638052935 0.22525892555330171 0.33749859581222214 0.098722279127649373 0.18785169236093902 0.47289654806406811 0.12330183394761249 0.13949047051816563 0.093310431669622274 -0.031566927995062576 0.20248921297603484 0.0060517374814409233 -0.062013583205324116 0.28799347572746531
leaf_weight=4025 785 1926 195 56 586 97 1071 4297 193 471 475 241 530 94 83 724 453 201 226 799 372 379
leaf_count=4025 785 1926 195 56 586 97 1071 4297 193 471 475 241 530 94 83 724 453 201 226 799 372 379
internal_value=0.000729379 -0.078859 0.245113 0.217361 0.201376 0.0168257 0.00331166 -0.131508 0.531829 0.151666 0.270782 0.119653 0.132259 0.61811 -0.020683 0.109125 0.0474568 -0.112114 0.150589 -0.0252928 -0.115541 0.242215
internal_weight=18279 13791 4488 4100 3950 4896 4332 8895 388 2311 1639 564 1840 150 2808 1310 1524 4870 467 2725 4669 1164
internal_count=18279 13791 4488 4100 3950 4896 4332 8895 388 2311 1639 564 1840 150 2808 1310 1524 4870 467 2725 4669 1164
is_linear=0
shrinkage=0.035


Tree=14
num_leaves=23
num_cat=0
split_feature=9 9 16 21 19 21 9 21 20 17 20 15 19 15 9 9 25 9 21 15 9 25
split_gain=275721 38933.3 27733.7 17489.8 13352.7 6953.16 4902.45 3965.6 3079.13 2608.04 2492.75 2356.16 2153.46 1675.33 1562.67 1306.45 1266.14 1026.55 922.55 879.676 838.404 791.594
threshold=10.017857142857144 4.3273809523809534 18.557480184753775 1.0000000180025095e-35 1.0000000180025095e-35 1.0000000180025095e-35 13.081168831168833 1.0000000180025095e-35 1.0000000180025095e-35 1.1779329988146436 1.0000000180025095e-35 0.3585714285714286 1.0000000180025095e-35 0.13961038961038963 7.0178571428571432 13.896428571428574 16785.000000000004 6.6801948051948061 1.0000000180025095e-35 0.088932806324110686 23.446428571428573 16785.000000000004
decision_type=2 2 2 2 2 2 2 2 2 2 2 2 2 2 2 2 2 2 2 2 2 2
left_child=1 9 5 4 8 6 13 11 16 -1 -8 12 14 -2 -3 -7 -4 -9 -11 -16 -10 -6
right_child=2 7 3 -5 21 15 10 17 20 18 -12 -13 -14 -15 19 -17 -18 -19 -20 -21 -22 -23
leaf_value=-0.16058789494312078 0.055349667182278052 -0.047546264583624868 0.24381202749860265 0.59734257602666185 0.77279696836309919 0.21678766177857625 0.13971044020287487 0.041295732154175646 0.28505613792189 -0.12073630760420023 0.23761088420326512 0.16648040757599203 0.12510488699828312 0.16253035315002004 -0.012979601777465622 0.39793119769464153 0.16502125918104624 0.144042141830833 -0.07106494058903895 0.043215827140968076 0.40129517243798318 0.46455893521125508
leaf_weight=2321 985 1603 932 229 54 114 1111 245 376 5789 472 83 122 217 1726 136 415 239 527 420 160 60
leaf_count=2321 985 1603 932 229 54 114 1111 245 376 5789 472 83 122 217 1726 136 415 239 527 420 160 60
internal_value=0.00081647 -0.0852759 0.21466 0.308496 0.273956 0.145437 0.1291 -0.00100755 0.250335 -0.128548 0.169568 -0.0126248 -0.0166794 0.0753069 -0.0214585 0.321269 0.22025 0.0930219 -0.116654 -0.0018984 0.323175 0.637049
internal_weight=18336 13075 5261 2226 1997 3035 2785 4438 1883 8637 1583 3954 3871 1202 3749 250 1347 484 6316 2146 536 114
internal_count=18336 13075 5261 2226 1997 3035 2785 4438 1883 8637 1583 3954 3871 1202 3749 250 1347 484 6316 2146 536 114
is_linear=0
shrinkage=0.035


Tree=15
num_leaves=23
num_cat=0
split_feature=16 9 21 19 9 17 21 25 12 20 9 20 9 17 23 14 19 19 17 17 27 18
split_gain=258705 43942.7 23068 16011.6 12381.9 5203.77 3788.47 2980.23 2891.97 2859.11 2694.04 2367.48 1642.27 1456.99 1255.39 1175.23 1067.45 963.805 935.581 883.215 816.503 813.307
threshold=11.540362887965493 4.9115384615384627 1.0000000180025095e-35 1.0000000180025095e-35 18.267857142857146 19.302153898461807 1.0000000180025095e-35 16785.000000000004 1.416213345714316 1.0000000180025095e-35 8.2207792207792227 1.0000000180025095e-35 6.6801948051948061 13.093589226599747 24.500000000000004 0.10555555555555557 1.0000000180025095e-35 1.0000000180025095e-35 22.31271273901385 13.67317292544565 12965.500000000002 0.14907407407407411
decision_type=2 2 2 2 2 2 2 2 2 2 2 2 2 2 2 2 2 2 2 2 2 2
left_child=1 8 3 4 11 19 10 -5 -1 14 16 13 -8 -2 18 -12 21 -10 -6 -4 -13 -3
right_child=2 6 5 7 9 -7 12 -9 17 -11 15 20 -14 -15 -16 -17 -18 -19 -20 -21 -22 -23
leaf_value=-0.14544457542019862 0.038685219382340597 -0.040929910306276074 0.22168181663000727 0.72726438377842761 0.16188056155128769 0.60306804844781992 0.028440248277649044 0.38615021947527034 -0.10802191304936698 0.31674193636277187 0.018757819651082593 0.19498959849742473 0.15298876986724455 0.12032557160320555 0.28192409637844201 0.096495038678524631 0.10792498105309077 -0.030073331302040623 0.23341710128695581 0.39364895293268981 0.047098248972699555 0.004951169608494916
leaf_weight=3901 354 1802 79 61 531 194 239 117 4796 559 1433 582 287 1190 329 282 67 208 513 169 54 639
leaf_count=3901 354 1802 79 61 531 194 239 117 4796 559 1433 582 287 1190 329 282 67 208 513 169 54 639
internal_value=0.00043678 -0.0768573 0.223315 0.198059 0.183512 0.463449 0.00911838 0.519821 -0.122689 0.248082 -0.00195444 0.125843 0.097231 0.101804 0.219068 0.0317938 -0.0250562 -0.104819 0.197994 0.344402 0.182925 -0.0289265
internal_weight=18386 13654 4732 4290 4112 442 4749 178 8905 1932 4223 2180 526 1544 1373 1715 2508 5004 1044 248 636 2441
internal_count=18386 13654 4732 4290 4112 442 4749 178 8905 1932 4223 2180 526 1544 1373 1715 2508 5004 1044 248 636 2441
is_linear=0
shrinkage=0.035


Tree=16
num_leaves=23
num_cat=0
split_feature=16 9 21 19 25 17 21 17 9 17 2 20 20 27 19 13 29 17 18 23 15 17
split_gain=241339 41220.6 20075.9 15859.9 12022.5 4619.63 3228.57 2623.61 2602.15 2380.2 2290.88 2266.14 1889.93 1332.42 1186.51 988.338 912.044 888.228 838.888 810.548 786.38 780.338
threshold=11.540362887965493 4.9115384615384627 1.0000000180025095e-35 1.0000000180025095e-35 16785.000000000004 19.469525581372832 1.0000000180025095e-35 2.2820689342744669 8.3779761904761916 13.093589226599747 13.500000000000002 1.0000000180025095e-35 1.0000000180025095e-35 4472.0000000000009 1.0000000180025095e-35 0.18333333333333338 1.0000000180025095e-35 0.77026682299610683 0.42582417582417587 24.500000000000004 0.13961038961038963 13.67317292544565
decision_type=2 2 2 2 2 2 2 2 2 2 2 2 2 2 2 2 2 2 2 2 2 2
left_child=1 7 3 4 11 21 8 17 14 -6 -5 19 16 -8 20 -10 -11 -1 -9 -2 -3 -4
right_child=2 6 5 10 9 -7 13 18 15 12 -12 -13 -14 -15 -16 -17 -18 -19 -20 -21 -22 -23
leaf_value=-0.15682303376327913 0.20333866761699429 -0.036919639350315302 0.21673815991556231 0.27290756357728313 0.058476881248211231 0.57745646099667802 -0.019932216549309614 -0.098539783970505848 0.024829815234140861 0.1045068072688753 0.60678331308364875 0.31679244902856168 0.19975831590084869 0.1204029287073716 0.11015466869436205 0.11875611036357252 0.16965888420607037 -0.12436501998754534 0.028997959953440886 0.27978689006343488 0.010974675835906406 0.37758516513510965
leaf_weight=1681 892 1987 81 48 485 185 102 3747 1494 1013 120 491 578 405 75 147 385 3368 62 275 529 176
leaf_count=1681 892 1987 81 48 485 185 102 3747 1494 1013 120 491 578 405 75 147 385 3368 62 275 529 176
internal_value=0.000803007 -0.0741066 0.21604 0.192447 0.178379 0.440121 0.00920472 -0.11866 -0.000833196 0.12884 0.522136 0.251292 0.145911 0.0922167 -0.0226641 0.0335895 0.123002 -0.135319 -0.0964239 0.222485 -0.0268409 0.332061
internal_weight=18326 13597 4729 4287 4119 442 4739 8858 4232 2461 168 1658 1976 507 2591 1641 1398 5049 3809 1167 2516 257
internal_count=18326 13597 4729 4287 4119 442 4739 8858 4232 2461 168 1658 1976 507 2591 1641 1398 5049 3809 1167 2516 257
is_linear=0
shrinkage=0.035


Tree=17
num_leaves=23
num_cat=0
split_feature=9 9 21 19 9 7 21 20 25 9 12 12 15 20 19 9 15 23 7 20 21 9
split_gain=223886 34998.1 19908 16599 11696.1 4304.36 3580.71 2757.81 2336.24 2279.57 2227.08 2222.52 1552.08 1298.07 1265.99 1248.01 1029.84 943.36 941.722 860.842 848.949 701.439
threshold=10.538690476190478 4.3273809523809534 1.0000000180025095e-35 1.0000000180025095e-35 18.267857142857146 19.357142857142858 1.0000000180025095e-35 1.0000000180025095e-35 16785.000000000004 13.081168831168833 4.5290508227526098 1.1426091000668415 0.16333333333333336 1.0000000180025095e-35 1.0000000180025095e-35 7.7238095238095248 0.43167701863354041 25.500000000000004 7.1714285714285726 1.0000000180025095e-35 1.0000000180025095e-35 23.696428571428573
decision_type=2 2 2 2 2 2 2 2 2 2 2 2 2 2 2 2 2 2 2 2 2 2
left_child=1 11 3 4 9 -4 10 17 -5 12 14 -1 -2 -11 18 -8 19 -6 -3 -12 -13 -9
right_child=2 6 5 8 7 -7 15 21 -10 13 16 20 -14 -15 -16 -17 -18 -19 -20 -21 -22 -23
leaf_value=-0.14313083309719854 0.048938239043345683 -0.044354881498625008 0.32290926260979513 0.69916659422218808 0.18336621478968654 0.56246924804953435 0.046398672852946556 0.26239035061367849 0.38597810394274518 0.1168785866006844 0.0065236040642080101 -0.10816881107611566 0.18038450127854372 0.18959475988113181 0.098594766256299995 0.15955969478610238 0.18704136390445963 0.26162775692419427 -0.0056577490206284791 0.079412891295622526 -0.06036604982205869 0.36765212055547108
leaf_weight=2627 779 1639 259 59 1104 177 326 413 118 1077 639 5536 125 449 98 190 49 273 1455 284 521 158
leaf_count=2627 779 1639 259 59 1104 177 326 413 118 1077 639 5536 125 449 98 190 49 273 1455 284 521 158
internal_value=0.000270199 -0.0744335 0.200176 0.178164 0.16431 0.425476 0.00272185 0.228236 0.50681 0.112694 -0.00808832 -0.115994 0.0680254 0.138835 -0.022216 0.0892315 0.0381645 0.199785 -0.0262011 0.029277 -0.104113 0.294486
internal_weight=18355 13364 4991 4555 4378 436 4680 1948 177 2430 4164 8684 904 1526 3192 516 972 1377 3094 923 6057 571
internal_count=18355 13364 4991 4555 4378 436 4680 1948 177 2430 4164 8684 904 1526 3192 516 972 1377 3094 923 6057 571
is_linear=0
shrinkage=0.035


Tree=18
num_leaves=23
num_cat=0
split_feature=9 9 21 19 26 7 21 12 6 20 9 26 27 15 27 16 23 20 20 19 23 23
split_gain=206922 35134.3 18544.6 15174.4 11116.8 3928.56 3330.54 2243.89 2205.52 2193 2126.92 1711.85 1378.94 1260.46 1184.22 1105.2 1043.17 952.509 838.881 740.826 678.503 634.162
threshold=10.904761904761907 4.3273809523809534 1.0000000180025095e-35 1.0000000180025095e-35 21250.000000000004 16.214285714285719 1.0000000180025095e-35 4.5290508227526098 15.500000000000002 1.0000000180025095e-35 1.2928571428571431 21250.000000000004 4472.0000000000009 0.44722222222222224 12965.500000000002 7.2381916199471021 22.500000000000004 1.0000000180025095e-35 1.0000000180025095e-35 1.0000000180025095e-35 24.500000000000004 7.5000000000000009
decision_type=2 2 2 2 2 2 2 2 2 2 2 2 2 2 2 2 2 2 2 2 2 2
left_child=1 10 3 4 9 -4 7 15 14 20 -1 -5 21 17 18 -3 -7 -9 -6 -12 -2 -8
right_child=2 6 5 11 8 16 12 13 -10 -11 19 -13 -14 -15 -16 -17 -18 -19 -20 -21 -22 -23
leaf_value=-0.13767400616693587 0.18834156221481935 -0.038413705003833787 0.25680388727053338 0.66445651762187485 0.086345176877046029 0.43306806945984588 -0.10236031544013102 0.0074848740460449681 0.15836266525653134 0.29960782841606975 -0.10214936639642511 0.3821901919427565 0.11346645670826548 0.20363061739200797 0.012833033595083249 0.0023847030032510788 0.64751509265160911 0.079274641699851212 0.15269553167785965 -0.036643407270192399 0.25900872338023306 0.060228819671952941
leaf_weight=2681 877 1722 152 59 1039 222 56 732 967 476 5707 113 443 49 211 1535 66 324 317 228 271 52
leaf_count=2681 877 1722 152 59 1039 222 56 732 967 476 5707 113 443 49 211 1535 66 324 317 228 271 52
internal_value=0.000890515 -0.0689984 0.198983 0.176584 0.162823 0.414906 0.00569343 -0.00458078 0.116607 0.234346 -0.11157 0.495148 0.0863706 0.0384043 0.0904067 -0.0192062 0.492483 0.0297976 0.102373 -0.0996688 0.206089 -0.0247207
internal_weight=18299 13529 4770 4330 4158 440 4913 4362 2534 1624 8616 172 551 1105 1567 3257 288 1056 1356 5935 1148 108
internal_count=18299 13529 4770 4330 4158 440 4913 4362 2534 1624 8616 172 551 1105 1567 3257 288 1056 1356 5935 1148 108
is_linear=0
shrinkage=0.035


Tree=19
num_leaves=23
num_cat=0
split_feature=17 8 19 21 25 21 20 17 17 28 17 19 23 20 17 17 5 19 13 12 23 7
split_gain=189118 34918.3 17266.8 15336.6 8155.18 4083.79 2536.34 2411.59 2127.2 1952.93 1481.88 1461.03 1258.9 1253.81 1204.66 1164.72 1041.91 942.135 811.204 754.516 728.296 718.271
threshold=12.447090918857104 4.3875000000000011 1.0000000180025095e-35 1.0000000180025095e-35 16785.000000000004 1.0000000180025095e-35 1.0000000180025095e-35 7.517511609379075 0.9445497486131359 106.50000000000001 16.49909162903074 1.0000000180025095e-35 24.500000000000004 1.0000000180025095e-35 19.13959933092303 8.5104566429824242 11.500000000000002 1.0000000180025095e-35 0.15476190476190479 3.4429400075820156 24.500000000000004 22.071428571428573
decision_type=2 2 2 2 2 2 2 2 2 2 2 2 2 2 2 2 2 2 2 2 2 2
left_child=1 8 3 4 6 7 21 -3 -1 -6 -5 13 16 20 -4 -7 -11 19 -15 -10 -9 -2
right_child=2 5 14 10 9 15 -8 11 17 12 -12 -13 -14 18 -16 -17 -18 -19 -20 -21 -22 -23
leaf_value=-0.13970315328928021 0.16585742252480715 -0.034878314532158575 0.37410920011535498 0.2573193219201822 0.17971410368466476 0.056574230903552236 0.29344459087661318 -0.013809549554305555 -0.10139413810820948 0.054834966452818087 0.44475780835024259 0.15396760832878853 0.16313681942285346 0.039606455364824239 0.63883370586028965 0.15954853500077212 0.11545767297291136 -0.030577614726480885 0.17550552557838167 -0.0071580472367350021 0.038309841863500581 0.22750069079168803
leaf_weight=1889 638 1747 66 97 539 379 477 1501 6431 663 271 88 344 723 98 213 769 256 54 107 415 499
leaf_count=1889 638 1747 66 97 539 379 477 1501 6431 663 271 88 344 723 98 213 769 256 54 107 415 499
internal_value=0.000176429 -0.0638569 0.198159 0.184235 0.163585 0.00863455 0.224078 -0.0027033 -0.106584 0.121011 0.39951 0.0175288 0.102731 0.0127868 0.546622 0.0946794 0.0876907 -0.0972776 0.0501353 -0.0998612 -0.0024412 0.193804
internal_weight=18264 13803 4461 4297 3929 5120 1614 4528 8683 2315 368 2781 1776 2693 164 592 1432 6794 777 6538 1916 1137
internal_count=18264 13803 4461 4297 3929 5120 1614 4528 8683 2315 368 2781 1776 2693 164 592 1432 6794 777 6538 1916 1137
is_linear=0
shrinkage=0.035


Tree=20
num_leaves=23
num_cat=0
split_feature=9 9 16 19 9 20 0 17 15 9 18 27 28 19 20 15 20 20 28 19 25 25
split_gain=183464 25763.9 18782.8 11096.7 3871.56 2496.31 2218.65 1635.13 1585.31 1517.33 1187.97 1144.56 988.332 917.841 913.015 800.615 739.42 634.648 597.537 580.165 548.031 450.476
threshold=10.017857142857144 3.7207792207792214 18.319508486983334 1.0000000180025095e-35 14.654761904761907 1.0000000180025095e-35 10.500000000000002 0.9445497486131359 0.10620300751879701 23.696428571428573 1.0000000180025095e-35 12965.500000000002 224.50000000000003 1.0000000180025095e-35 1.0000000180025095e-35 0.25462962962962971 1.0000000180025095e-35 1.0000000180025095e-35 277.00000000000006 1.0000000180025095e-35 16785.000000000004 43337.000000000007
decision_type=2 2 2 2 2 2 2 2 2 2 2 2 2 2 2 2 2 2 2 2 2 2
left_child=1 7 4 5 8 9 10 -1 13 21 11 18 -5 16 -6 -8 -2 -12 -3 -9 -7 -4
right_child=2 6 3 12 14 20 15 19 -10 -11 17 -13 -14 -15 -16 -17 -18 -19 -20 -21 -22 -23
leaf_value=-0.13504235131153164 0.043405993895072478 -0.027846878872238592 0.19179370992896147 0.67172880423219905 0.1439211205476407 0.32163301481218781 0.034527579996714047 -0.099803675527688041 0.14846257430304272 0.2686897872987169 -0.0065890569685071506 0.024964527098385442 0.36992509996774153 0.21396874729394913 0.21399245082903914 0.14302612060847647 0.10306710294144013 0.04123882414140715 -0.068751507437272041 -0.042023269479430206 0.22763932220758717 0.097110498600681758
leaf_weight=1927 967 1223 1077 74 887 412 750 6137 359 400 1209 360 46 45 355 90 350 467 690 232 176 83
leaf_count=1927 967 1223 1077 74 887 412 750 6137 359 400 1209 360 46 45 355 90 350 467 690 232 176 83
internal_value=0.000854222 -0.0691839 0.175952 0.251759 0.117595 0.232364 -0.00452854 -0.10648 0.0831812 0.207617 -0.0155287 -0.0319869 0.575602 0.0654813 0.164741 0.0469507 0.0596043 0.0068103 -0.0427507 -0.0977363 0.295685 0.18548
internal_weight=18316 13085 5231 2268 2963 2148 4789 8296 1721 1560 3949 2273 120 1362 1242 840 1317 1676 1913 6369 588 1160
internal_count=18316 13085 5231 2268 2963 2148 4789 8296 1721 1560 3949 2273 120 1362 1242 840 1317 1676 1913 6369 588 1160
is_linear=0
shrinkage=0.035


Tree=21
num_leaves=23
num_cat=0
split_feature=9 9 16 19 21 21 9 21 20 18 9 20 23 15 9 9 15 16 9 9 20 21
split_gain=168969 20727.1 20508.1 12376 9153.39 4331.84 3103.03 2656.68 2107.71 1603.69 1520.71 1199.57 1183.09 1143.09 989.954 969.828 814.516 752.574 751.811 726.838 650.06 629.17
threshold=9.5386904761904781 3.7207792207792214 17.993196288468379 1.0000000180025095e-35 1.0000000180025095e-35 1.0000000180025095e-35 13.081168831168833 1.0000000180025095e-35 1.0000000180025095e-35 0.075498575498575513 0.93796992481203023 1.0000000180025095e-35 21.500000000000004 0.21980676328502416 13.896428571428574 6.2546296296296306 0.44722222222222224 22.883130524773957 6.6801948051948061 23.446428571428573 1.0000000180025095e-35 1.0000000180025095e-35
decision_type=2 2 2 2 2 2 2 2 2 2 2 2 2 2 2 2 2 2 2 2 2 2
left_child=1 10 5 4 8 6 13 9 12 15 -1 -8 17 20 -7 -3 -11 -4 -9 -10 -2 -12
right_child=2 7 3 -5 -6 14 11 18 19 16 21 -13 -14 -15 -16 -17 -18 -19 -20 -21 -22 -23
leaf_value=-0.12988707706600214 0.028806773940483706 -0.063271365533883128 0.11986551095129409 0.57333972449908754 0.41743325981474577 0.17030447324823128 0.10483369691058655 0.028709495747365241 0.22069694050536837 0.0072159430478752106 -0.097370622658524128 0.17728430145213664 0.21722707084699799 0.15576216932319106 0.32233209692798886 -0.018494754149278966 0.14143626693196612 0.18554953370205587 0.11571241467750887 0.32182380388541654 0.082402526062226505 -0.056641641429371462
leaf_weight=1941 965 910 604 125 252 148 977 284 416 1261 5800 419 464 120 108 1705 53 390 215 160 391 534
leaf_count=1941 965 910 604 125 252 148 977 284 416 1261 5800 419 464 120 108 1705 53 390 215 160 391 534
internal_value=0.000542263 -0.0697949 0.161772 0.238453 0.218923 0.102376 0.0897565 -0.00865652 0.193357 -0.0183435 -0.102483 0.127147 0.169655 0.0540711 0.239454 -0.0341744 0.0131586 0.146454 0.0670065 0.251346 0.0445198 -0.093987
internal_weight=18242 12703 5539 2411 2286 3128 2872 4428 2034 3929 8275 1396 1458 1476 256 2615 1314 994 499 576 1356 6334
internal_count=18242 12703 5539 2411 2286 3128 2872 4428 2034 3929 8275 1396 1458 1476 256 2615 1314 994 499 576 1356 6334
is_linear=0
shrinkage=0.035


Tree=22
num_leaves=23
num_cat=0
split_feature=9 9 21 19 25 7 21 17 9 12 19 20 20 27 25 24 9 24 19 12 16 20
split_gain=155914 23397.7 16933.8 11760.2 9483.26 3471.17 2313.58 2029.13 1955.18 1921.44 1579.19 1475.21 1404.38 1271.12 1258.88 1001.22 975.48 807.391 655.783 644.857 639.645 602.863
threshold=10.433035714285717 4.5166666666666675 1.0000000180025095e-35 1.0000000180025095e-35 16785.000000000004 16.214285714285719 1.0000000180025095e-35 13.093589226599747 2.0363756613756618 5.9025933675351343 1.0000000180025095e-35 1.0000000180025095e-35 1.0000000180025095e-35 4472.0000000000009 16785.000000000004 3.5000000000000004 7.0178571428571432 1.5000000000000002 1.0000000180025095e-35 7.4510778846629195 22.883130524773957 1.0000000180025095e-35
decision_type=2 2 2 2 2 2 2 2 2 2 2 2 2 2 2 2 2 2 2 2 2 2
left_child=1 8 3 4 11 -4 9 19 -1 10 16 20 -9 17 -5 -7 -3 -8 -10 -6 -2 -18
right_child=2 6 5 14 7 15 13 12 18 -11 -12 -13 -14 -15 -16 -17 21 -19 -20 -21 -22 -23
leaf_value=-0.11169789160757372 0.15486403696267528 -0.039122911816490927 0.23069864093759579 0.5729713522426545 0.035781999956907742 0.53504062613239511 -0.13467944870944379 0.093701801918990288 -0.08094685562720845 0.078309829115380078 0.1148128231453289 0.25512737010114855 0.15949954515533757 0.097548917522785744 0.33066834874451162 0.36162729696045787 -0.014519193967064154 0.055582705924753111 -0.0064946281326234727 0.15707420331631175 0.21449463457961515 0.026869267213353417
leaf_weight=4689 709 1539 169 57 709 123 49 1435 3893 293 108 477 574 419 119 167 1459 51 152 54 420 606
leaf_count=4689 709 1539 169 57 709 123 49 1435 3893 293 108 477 574 419 119 167 1459 51 152 54 420 606
internal_value=9.49635e-05 -0.0627757 0.166271 0.145529 0.133905 0.368236 0.00182901 0.0944001 -0.0962233 -0.00720688 -0.014058 0.201576 0.112859 0.0709937 0.422898 0.44306 -0.0180783 -0.0394529 -0.0781649 0.0453558 0.177911 -0.00232922
internal_weight=18271 13258 5013 4554 4378 459 4524 2772 8734 4005 3712 1606 2009 519 176 290 3604 100 4045 763 1129 2065
internal_count=18271 13258 5013 4554 4378 459 4524 2772 8734 4005 3712 1606 2009 519 176 290 3604 100 4045 763 1129 2065
is_linear=0
shrinkage=0.035


Tree=23
num_leaves=23
num_cat=0
split_feature=16 9 21 19 25 7 21 28 9 9 19 12 20 9 23 27 7 9 20 20 19 18
split_gain=145952 24735.1 14559.6 9302.05 7801.94 3659.22 2560.12 1942.3 1886.8 1811.53 1796.26 1799.54 1536.7 1414.8 1178.42 928.121 821.896 756.627 754.769 655.078 581.932 531.89
threshold=11.540362887965493 4.9115384615384627 1.0000000180025095e-35 1.0000000180025095e-35 16785.000000000004 20.732142857142861 1.0000000180025095e-35 106.50000000000001 2.0363756613756618 15.982142857142859 1.0000000180025095e-35 8.7406411414880409 1.0000000180025095e-35 8.2207792207792227 24.500000000000004 4472.0000000000009 15.309523809523812 23.869747899159666 1.0000000180025095e-35 1.0000000180025095e-35 1.0000000180025095e-35 0.44949494949494956
decision_type=2 2 2 2 2 2 2 2 2 2 2 2 2 2 2 2 2 2 2 2 2 2
left_child=1 8 3 4 12 16 10 -6 -1 -5 11 13 17 19 18 -8 -4 -2 -9 -3 21 -10
right_child=2 6 5 9 7 -7 15 14 20 -11 -12 -13 -14 -15 -16 -17 -18 -19 -20 -21 -22 -23
leaf_value=-0.10752016239860522 0.15319721713243695 -0.037274381496581209 0.20271366708630686 0.20421754058511535 0.15611443619814783 0.50007522382851577 -0.012972026755862417 0.049714677810522453 -0.079010871681674671 0.47562277573786804 0.13412874126369539 0.19094158165622505 0.24975207657357393 0.016303005034422714 0.133337241272692 0.10314844247212181 0.33636285582239311 0.22182814833333783 0.10444810689085055 0.0028766009215791628 -0.008734054728070411 0.02562480796542433
leaf_weight=4727 868 1730 144 56 530 150 104 1098 3898 117 110 51 480 1635 403 413 159 306 439 696 159 58
leaf_count=4727 868 1730 144 56 530 150 104 1098 3898 117 110 51 480 1635 403 413 159 306 439 696 159 58
internal_value=0.000626333 -0.0577834 0.167518 0.147284 0.136376 0.355709 0.00673208 0.0966406 -0.0923477 0.396072 -0.00230189 -0.00611426 0.195235 -0.00882504 0.0800241 0.0798556 0.277225 0.171965 0.065647 -0.025766 -0.0748052 -0.077442
internal_weight=18331 13581 4750 4297 4124 453 4739 2470 8842 173 4222 4112 1654 4061 1940 517 303 1174 1537 2426 4115 3956
internal_count=18331 13581 4750 4297 4124 453 4739 2470 8842 173 4222 4112 1654 4061 1940 517 303 1174 1537 2426 4115 3956
is_linear=0
shrinkage=0.035


Tree=24
num_leaves=23
num_cat=0
split_feature=9 9 21 9 19 7 19 21 16 12 19 20 9 9 20 27 23 23 20 21 27 20
split_gain=138879 19565 15213.2 11519.9 6092.17 3889.35 3691.92 2289.42 1839.53 1720.72 1543.39 1470.88 1284.56 1200.94 959.767 919.064 880.81 766.913 719.652 677.431 658.768 586.035
threshold=10.017857142857144 3.7207792207792214 1.0000000180025095e-35 18.585714285714293 1.0000000180025095e-35 21.071428571428573 1.0000000180025095e-35 1.0000000180025095e-35 14.337383661735844 8.3767751937499018 1.0000000180025095e-35 1.0000000180025095e-35 0.93796992481203023 6.5400641025641031 1.0000000180025095e-35 12965.500000000002 24.500000000000004 24.500000000000004 1.0000000180025095e-35 1.0000000180025095e-35 4472.0000000000009 1.0000000180025095e-35
decision_type=2 2 2 2 2 2 2 2 2 2 2 2 2 2 2 2 2 2 2 2 2 2
left_child=1 12 3 6 11 15 8 9 18 10 13 16 -1 -3 -10 -4 -5 21 -2 -14 -9 -15
right_child=2 7 5 4 -6 -7 -8 20 14 -11 -12 -13 19 17 -16 -17 -18 -19 -20 -21 -22 -23
leaf_value=-0.11732117463544538 0.035724003142882862 -0.04301642849915896 0.29141485672728679 0.1467827457045483 0.48868782484395945 0.49394433095266949 0.30113638869885889 -0.011333546636578366 0.090743195502513585 0.14175981153188083 0.10470137747693954 0.23627356296049168 -0.087984536717265874 -0.02695544838867377 0.1572621240158999 0.10611598012722372 0.21875603627320078 0.032246213135047268 0.0921449431128359 -0.046197474980641244 0.083277095942607807 0.01447227575318065
leaf_weight=1961 966 1585 283 984 83 147 93 112 972 82 122 544 5795 1369 388 46 304 549 392 539 429 597
leaf_count=1961 966 1585 283 984 83 147 93 112 972 82 122 544 5795 1369 388 46 304 549 392 539 429 597
internal_value=0.000916361 -0.0596809 0.153896 0.134615 0.200799 0.3419 0.089244 -0.00378501 0.0814477 -0.0123401 -0.0155013 0.186452 -0.0923048 -0.0192055 0.11024 0.267536 0.164564 -0.00413693 0.0523016 -0.0844706 0.0637339 -0.0143617
internal_weight=18342 13140 5202 4726 1915 476 2811 4845 2718 4304 4222 1832 8295 4100 1360 329 1288 2515 1358 6334 541 1966
internal_count=18342 13140 5202 4726 1915 476 2811 4845 2718 4304 4222 1832 8295 4100 1360 329 1288 2515 1358 6334 541 1966
is_linear=0
shrinkage=0.035


Tree=25
num_leaves=23
num_cat=0
split_feature=17 9 9 21 19 21 19 20 12 21 9 17 9 19 9 27 7 15 20 21 24 17
split_gain=125876 16448.1 15940.8 10234.3 7242.54 2802.88 2376.35 2114.11 1897.17 1893.67 1654.09 1256.13 1131.79 1112.44 869.559 850.509 791.225 745.225 698.517 618.79 546.689 464.212
threshold=10.053804683859294 16.792857142857148 5.0540935672514626 1.0000000180025095e-35 1.0000000180025095e-35 1.0000000180025095e-35 1.0000000180025095e-35 1.0000000180025095e-35 7.1671194159447351 1.0000000180025095e-35 2.0363756613756618 22.111633769687717 11.896428571428574 1.0000000180025095e-35 23.696428571428573 4472.0000000000009 22.357142857142858 0.31698564593301443 1.0000000180025095e-35 1.0000000180025095e-35 3.5000000000000004 0.77026682299610683
decision_type=2 2 2 2 2 2 2 2 2 2 2 2 2 2 2 2 2 2 2 2 2 2
left_child=2 5 10 4 7 6 8 11 12 13 21 -3 -2 18 -9 -11 -5 -10 -4 -12 -7 -1
right_child=1 3 9 16 -6 20 -8 14 17 15 19 -13 -14 -15 -16 -17 -18 -19 -20 -21 -22 -23
leaf_value=-0.11560499306323599 0.016823753474516669 0.11443931604266087 -0.023685233676778127 0.33144718695512931 0.45338812343138568 0.26168261952351268 0.25888872571289545 0.18933538253738369 0.090977540597001902 -0.025899299767541489 -0.073963935044571272 0.17640830577946381 0.070884625051251579 0.10200727077763318 0.29143605295079766 0.089669293746282103 0.49318062627582626 0.18475452996383343 0.012221606832070688 -0.024515649682283404 0.13615230317475896 -0.091686029090405768
leaf_weight=1696 965 1035 2274 179 106 97 72 558 427 96 3870 721 938 101 155 367 101 146 932 345 115 3015
leaf_count=1696 965 1035 2274 179 106 97 72 558 427 96 3870 721 938 101 155 367 101 146 932 345 115 3015
internal_value=0.000420808 0.138338 -0.0606043 0.197206 0.174694 0.0771909 0.0667324 0.16183 0.0606272 -0.000248499 -0.0860798 0.140322 0.0435958 -0.00956499 0.21343 0.0656488 0.397477 0.116294 -0.0132387 -0.0699546 0.198375 -0.100414
internal_weight=18311 5615 12696 2855 2575 2760 2548 2469 2476 3770 8926 1756 1903 3307 713 463 280 573 3206 4215 212 4711
internal_count=18311 5615 12696 2855 2575 2760 2548 2469 2476 3770 8926 1756 1903 3307 713 463 280 573 3206 4215 212 4711
is_linear=0
shrinkage=0.035


Tree=26
num_leaves=23
num_cat=0
split_feature=9 9 19 21 9 20 9 21 9 9 12 15 9 9 19 9 20 20 11 9 15 15
split_gain=119081 16920.3 14683.2 11361.1 7557.06 2741.05 2388.65 1953.27 1753.98 1696.55 1696.31 1201.23 1200.95 1140.4 1097.51 994.243 956.047 650.299 542.162 523.4 492.82 471.022
threshold=10.017857142857144 3.7207792207792214 1.0000000180025095e-35 1.0000000180025095e-35 18.585714285714293 1.0000000180025095e-35 15.982142857142859 1.0000000180025095e-35 16.933035714285719 13.081168831168833 6.2538347914254722 0.16333333333333336 23.446428571428573 1.2928571428571431 1.0000000180025095e-35 7.0178571428571432 1.0000000180025095e-35 1.0000000180025095e-35 5.929531161962978 6.6801948051948061 1.0000000180025095e-35 0.44722222222222224
decision_type=2 2 2 2 2 2 2 2 2 2 2 2 2 2 2 2 2 2 2 2 2 2
left_child=1 13 3 4 9 8 -4 10 -5 11 14 -2 18 -1 15 -3 -11 -14 -6 -9 -20 -12
right_child=2 7 6 5 12 -7 -8 19 -10 16 21 -13 17 -15 -16 -17 -18 -19 20 -21 -22 -23
leaf_value=-0.10469586633210926 0.029357123358079974 -0.037419525927234014 0.23052056234143675 0.15868355555876212 0.17988219026906027 0.51276787091131248 0.51819754226495041 0.025504885104138161 0.31630796408118428 0.080598687147216228 0.051253015827732513 0.13084524589021898 0.182103123016295 -0.076794599332068683 0.086180689843641911 -0.0023282617896382687 0.14086485404257901 0.27575034990179831 0.11435080454254058 0.096259018872700206 0.18829539598008113 0.1720195022486804
leaf_weight=2740 1037 1943 65 165 444 61 134 269 236 1119 157 162 401 5630 119 2013 476 159 695 250 149 52
leaf_count=2740 1037 1943 65 165 444 61 134 269 236 1119 157 162 401 5630 119 2013 476 159 695 250 149 52
internal_value=0.000423504 -0.0559535 0.140392 0.128596 0.111878 0.293542 0.432272 -0.00357587 0.254246 0.0753279 -0.0113691 0.0435704 0.166777 -0.0859875 -0.0163983 -0.0195933 0.098979 0.210928 0.146825 0.0602135 0.128458 0.0846991
internal_weight=18476 13173 5303 5104 4642 462 199 4803 401 2794 4284 1199 1848 8370 4075 3956 1595 560 1288 519 844 209
internal_count=18476 13173 5303 5104 4642 462 199 4803 401 2794 4284 1199 1848 8370 4075 3956 1595 560 1288 519 844 209
is_linear=0
shrinkage=0.035


Tree=27
num_leaves=23
num_cat=0
split_feature=9 9 21 19 9 7 15 9 19 20 21 20 20 20 24 19 27 18 9 25 12 12
split_gain=110404 20369.2 11989.5 8540.54 5074.87 2433.7 2063.22 1731.83 1660.95 1572.56 1478.97 1462.65 1160.59 1038.33 817.081 803.317 792.09 695.269 599.299 584.956 574.994 546.293
threshold=11.267857142857144 5.3452380952380958 1.0000000180025095e-35 1.0000000180025095e-35 18.585714285714293 21.214285714285719 0.31909090909090915 2.2554347826086958 1.0000000180025095e-35 1.0000000180025095e-35 1.0000000180025095e-35 1.0000000180025095e-35 1.0000000180025095e-35 1.0000000180025095e-35 3.5000000000000004 1.0000000180025095e-35 4472.0000000000009 0.27888888888888896 8.3779761904761916 33201.500000000007 7.9860576205095848 4.3548496579967431
decision_type=2 2 2 2 2 2 2 2 2 2 2 2 2 2 2 2 2 2 2 2 2 2
left_child=1 7 3 4 12 -4 8 -1 10 -6 13 20 19 18 -7 17 -12 -9 -3 -2 -5 -15
right_child=2 6 5 11 9 14 -8 15 -10 -11 16 -13 -14 21 -16 -17 -18 -19 -20 -21 -22 -23
leaf_value=-0.091849625214394298 0.083585268525479955 -0.029779486624185336 0.25995931918712428 0.19298707609307278 0.14257554544626144 0.58152157061180831 0.14563694614083023 -0.067492789458736824 0.12590790340771388 0.21656593584332315 -0.033295656865053445 0.53898823156952858 0.12491559170134987 0.0071417762760973193 0.34405049653972192 0.017195675623304443 0.077081245223060257 0.0029482534961598754 0.002976529149984405 0.037445149439006779 0.38429113419032568 0.059407926456802818
leaf_weight=5396 987 1645 269 68 1313 54 129 3340 133 524 94 51 623 804 85 154 435 180 1166 532 46 349
leaf_count=5396 987 1645 269 68 1313 54 129 3340 133 524 94 51 623 804 85 154 435 180 1166 532 46 349
internal_value=0.000798167 -0.0484316 0.150208 0.132066 0.121491 0.330601 0.0102353 -0.0791786 0.00630258 0.164221 0.00262215 0.375913 0.0845396 -0.0047342 0.453415 -0.0604645 0.0573071 -0.0638867 -0.0162049 0.0676129 0.28323 0.0231655
internal_weight=18377 13825 4552 4144 3979 408 4755 9070 4626 1837 4493 165 2142 3964 139 3674 529 3520 2811 1519 114 1153
internal_count=18377 13825 4552 4144 3979 408 4755 9070 4626 1837 4493 165 2142 3964 139 3674 529 3520 2811 1519 114 1153
is_linear=0
shrinkage=0.035


Tree=28
num_leaves=23
num_cat=0
split_feature=17 9 19 9 9 23 12 9 16 19 27 13 19 20 20 14 5 23 15 20 23 9
split_gain=104020 20986.9 11345.7 5726.82 2056.83 1564.8 1464.43 1358.99 1040.8 873.683 826.107 821.81 752.014 652.108 624.985 558.571 578.509 604.624 531.758 507.205 475.592 397.431
threshold=13.093589226599747 5.3452380952380958 1.0000000180025095e-35 18.585714285714293 8.9330357142857171 24.500000000000004 1.416213345714316 23.446428571428573 23.594564066543953 1.0000000180025095e-35 12965.500000000002 0.2678571428571429 1.0000000180025095e-35 1.0000000180025095e-35 1.0000000180025095e-35 0.34523809523809529 12.500000000000002 12.500000000000002 0.13961038961038963 1.0000000180025095e-35 24.500000000000004 2.9309523809523812
decision_type=2 2 2 2 2 2 2 2 2 2 2 2 2 2 2 2 2 2 2 2 2 2
left_child=1 6 3 5 9 10 -1 14 -4 18 15 13 21 -6 -5 16 -2 -18 -3 -7 -9 -8
right_child=2 4 8 7 11 19 12 20 -10 -11 -12 -13 -14 -15 -16 -17 17 -19 -20 -21 -22 -23
leaf_value=-0.093397204232016917 0.06169567003218325 -0.014542610064296111 0.32580408952832224 0.14614611041954564 0.021176037900919476 0.13228830440425926 -0.074754744091387451 0.2060485680778695 0.55458572083344204 0.097438718250766401 -0.028923063486193619 0.11798377194806287 0.0016456188478516144 0.070702573429593588 0.20267818733958823 0.18348243067470885 0.13716189175428889 0.074443959415754241 0.022593868222850345 0.22669219311450919 0.29496117992893517 -0.053628089260252677
leaf_weight=3822 753 2540 95 1025 1206 285 3205 476 68 95 73 156 201 446 384 73 388 416 575 115 133 1779
leaf_count=3822 753 2540 95 1025 1206 285 3205 476 68 95 73 156 201 446 384 73 388 416 575 115 133 1779
internal_value=0.00118658 -0.0449259 0.152031 0.14032 0.0124261 0.0994797 -0.0768692 0.18252 0.435016 -0.00439429 0.0843685 0.0422291 -0.0646043 0.0347306 0.162228 0.089526 0.0845364 0.105393 -0.00765673 0.161936 0.227739 -0.0672786
internal_weight=18309 14025 4284 4121 5018 2103 9007 2018 163 3210 1703 1808 5185 1652 1409 1630 1557 804 3115 400 609 4984
internal_count=18309 14025 4284 4121 5018 2103 9007 2018 163 3210 1703 1808 5185 1652 1409 1630 1557 804 3115 400 609 4984
is_linear=0
shrinkage=0.035


Tree=29
num_leaves=23
num_cat=0
split_feature=17 17 21 19 25 21 23 7 25 12 28 19 20 20 12 27 12 23 21 20 28 23
split_gain=95777.6 15086.9 10585.8 6861.95 5943.82 2124.5 1939.42 1864.95 1342.98 1257.22 1152.04 1147.42 1111.14 995.914 857.321 770.065 643.517 630.777 620.833 571.11 534.752 491.079
threshold=11.51218571200925 5.1545164496883595 1.0000000180025095e-35 1.0000000180025095e-35 16785.000000000004 1.0000000180025095e-35 24.500000000000004 18.619047619047624 16785.000000000004 1.416213345714316 106.50000000000001 1.0000000180025095e-35 1.0000000180025095e-35 1.0000000180025095e-35 4.3548496579967431 4472.0000000000009 5.3016793752347384 24.500000000000004 1.0000000180025095e-35 1.0000000180025095e-35 224.50000000000003 24.500000000000004
decision_type=2 2 2 2 2 2 2 2 2 2 2 2 2 2 2 2 2 2 2 2 2 2
left_child=1 9 3 4 12 11 10 -4 -5 -1 -6 13 21 17 -15 -7 -8 -3 -11 20 -12 -2
right_child=2 5 7 8 6 15 16 -9 -10 18 19 -13 -14 14 -16 -17 -18 -19 -20 -21 -22 -23
leaf_value=-0.090227017156371478 0.12703749671091991 -0.0293928187406855 0.21890161383269133 0.49231929569913635 0.11214121877292321 -0.019407500335419516 0.072041114591143499 0.38445360271341922 0.24887294881045821 -0.067114958354139692 -0.015520752123997523 0.09881667174759412 0.20690895823104977 -0.00045583610587977786 0.066538791418804422 0.086507621172906238 0.15973826941667763 0.0093505956502119309 -0.022537172904127416 0.079166695332110751 0.044931826548776331 0.18450471855327488
leaf_weight=3859 898 2201 193 52 421 101 158 200 105 4459 217 119 487 854 317 447 384 668 427 483 960 275
leaf_count=3859 898 2201 193 52 421 101 158 200 105 4459 217 119 487 854 317 447 384 668 427 483 960 275
internal_value=-2.54065e-06 -0.0480202 0.133556 0.117875 0.109254 0.00250081 0.0761996 0.306967 0.342319 -0.0752011 0.0605641 -0.00605798 0.161087 -0.00926976 0.0178711 0.0669561 0.135098 -0.0203654 -0.0632498 0.0471753 0.0337531 0.141251
internal_weight=18285 13452 4833 4440 4283 4707 2623 393 157 8745 2081 4159 1660 4040 1171 548 542 2869 4886 1660 1177 1173
internal_count=18285 13452 4833 4440 4283 4707 2623 393 157 8745 2081 4159 1660 4040 1171 548 542 2869 4886 1660 1177 1173
is_linear=0
shrinkage=0.035


Tree=30
num_leaves=23
num_cat=0
split_feature=17 16 8 21 19 21 19 16 21 12 23 5 17 23 23 26 27 17 12 20 27 19
split_gain=89165.2 11128.7 10702.4 6663.4 4199.22 3112.93 2291.75 1680.95 1504.19 1137.25 1068.34 1046.61 926.054 892.405 822.073 753.596 574.707 531.695 515.085 514.562 507.537 469.081
threshold=10.053804683859294 18.319508486983334 3.6547619047619051 1.0000000180025095e-35 1.0000000180025095e-35 1.0000000180025095e-35 1.0000000180025095e-35 14.337383661735844 1.0000000180025095e-35 7.3141885740903945 24.500000000000004 21.500000000000004 0.9445497486131359 24.500000000000004 24.500000000000004 21250.000000000004 4472.0000000000009 21.445547522483025 3.0591609320965141 1.0000000180025095e-35 12965.500000000002 1.0000000180025095e-35
decision_type=2 2 2 2 2 2 2 2 2 2 2 2 2 2 2 2 2 2 2 2 2 2
left_child=2 5 12 4 10 6 7 9 13 19 11 -3 -1 18 -9 -6 -10 -12 -4 -2 -7 -14
right_child=1 3 8 -5 15 20 -8 14 16 -11 17 -13 21 -15 -16 -17 -18 -19 -20 -21 -22 -23
leaf_value=-0.09672375255218589 0.012594263002717552 0.10335827980687524 -0.042338711928060754 0.35549363950662544 0.47092726798956858 0.21671548620735606 0.25124596586916598 0.075592562242721512 -0.017029837041541384 0.10187240495649409 0.14803750345132205 0.16519452358582098 -0.070251364273732964 0.015860923575686879 0.14438903813309184 0.23372382697649302 0.066567790473445937 0.23380884852066502 -0.01287728059637473 0.058348852569536085 0.086044463844450775 -0.017864853917961606
leaf_weight=1888 1058 916 1175 226 52 205 75 1003 130 284 231 580 6034 873 280 51 413 216 1918 419 56 222
leaf_count=1888 1058 916 1175 226 52 205 75 1003 130 284 231 580 6034 873 280 51 413 216 1918 419 56 222
internal_value=0.00053356 0.116053 -0.0510921 0.175931 0.15527 0.0755977 0.0656543 0.0606713 -0.00781358 0.0382807 0.142963 0.127814 -0.0750321 -0.0153102 0.0911224 0.369897 0.0465489 0.191651 -0.0241253 0.0257389 0.190889 -0.0684109
internal_weight=18305 5652 12653 2272 2046 3380 3119 3044 4509 1761 1943 1496 8144 3966 1283 103 543 447 3093 1477 261 6256
internal_count=18305 5652 12653 2272 2046 3380 3119 3044 4509 1761 1943 1496 8144 3966 1283 103 543 447 3093 1477 261 6256
is_linear=0
shrinkage=0.035


Tree=31
num_leaves=23
num_cat=0
split_feature=9 16 9 19 21 21 9 21 18 15 4 17 20 17 24 20 6 9 12 21 25 15
split_gain=85004.1 10785.5 10607.5 5946.84 4847.41 2915.02 1913.25 1514.82 1295.7 1160.07 1139.39 866.066 835.734 733.839 589.623 553.169 529.954 523.456 517.818 490.16 487.724 465.701
threshold=9.5386904761904781 18.557480184753775 3.6112637362637368 1.0000000180025095e-35 1.0000000180025095e-35 1.0000000180025095e-35 14.654761904761907 1.0000000180025095e-35 0.069047619047619066 0.093073593073593086 15.500000000000002 1.0294396996824078 1.0000000180025095e-35 23.117857467758697 3.5000000000000004 1.0000000180025095e-35 17.500000000000004 6.0363756613756623 5.7218947212803135 1.0000000180025095e-35 43337.000000000007 0.13961038961038963
decision_type=2 2 2 2 2 2 2 2 2 2 2 2 2 2 2 2 2 2 2 2 2 2
left_child=2 5 11 4 10 6 9 8 17 -2 21 -1 -8 -12 -7 -9 -5 -4 -10 -13 -16 -3
right_child=1 3 7 16 -6 14 12 15 18 -11 13 19 -14 -15 20 -17 -18 -19 -20 -21 -22 -23
leaf_value=-0.092253859366810506 0.02836019203926976 0.080792642091490674 -0.051333384231877201 0.30230327017756337 0.30959715179161845 0.24382872642409739 0.07942106385605413 0.036740024395460369 0.0040707843810069439 0.094626622809573444 0.13296381728781853 -0.068634724263097122 0.14435877935364538 0.18843309048256454 0.19157039301053569 0.14715190700842787 0.51739183401688937 -0.017087604166361417 0.061789105462156775 -0.032502506309281684 0.065253431834708692 0.17600003044074403
leaf_weight=2043 1490 462 815 69 234 118 834 445 1315 412 758 5691 362 590 80 60 51 1675 218 517 82 75
leaf_count=2043 1490 462 815 69 234 118 834 445 1315 412 758 5691 362 590 80 60 51 1675 218 517 82 75
internal_value=0.00119312 0.114615 -0.0486855 0.174163 0.159813 0.0749418 0.064945 -0.00562492 -0.0128179 0.0429341 0.14044 -0.0722966 0.0996099 0.157861 0.182409 0.0512066 0.410895 -0.028384 0.0124642 -0.065657 0.131605 0.095623
internal_weight=18396 5617 12779 2239 2119 3378 3098 4528 4023 1902 1885 8251 1196 1348 280 505 120 2490 1533 6208 162 537
internal_count=18396 5617 12779 2239 2119 3378 3098 4528 4023 1902 1885 8251 1196 1348 280 505 120 2490 1533 6208 162 537
is_linear=0
shrinkage=0.035


Tree=32
num_leaves=23
num_cat=0
split_feature=17 9 19 21 25 19 9 20 9 21 20 20 28 9 21 20 9 20 3 21 17 18
split_gain=79811.3 15236 9339.31 6807.22 3535.85 1688.33 1537.38 1424.76 1283.66 1164.22 977.143 923.527 866.55 839.686 646.337 632.897 576.548 543.965 525.616 502.353 436.115 433.826
threshold=13.093589226599747 5.3452380952380958 1.0000000180025095e-35 1.0000000180025095e-35 16785.000000000004 1.0000000180025095e-35 9.0178571428571441 1.0000000180025095e-35 2.0178571428571432 1.0000000180025095e-35 1.0000000180025095e-35 1.0000000180025095e-35 224.50000000000003 22.654761904761909 1.0000000180025095e-35 1.0000000180025095e-35 24.732142857142861 1.0000000180025095e-35 10.500000000000002 1.0000000180025095e-35 22.31271273901385 0.10912698412698414
decision_type=2 2 2 2 2 2 2 2 2 2 2 2 2 2 2 2 2 2 2 2 2 2
left_child=1 8 3 4 11 6 14 13 -1 17 18 20 -4 -5 15 -3 -13 -8 -6 -10 -2 -19
right_child=2 5 12 7 10 -7 9 -9 19 -11 -12 16 -14 -15 -16 -17 -18 21 -20 -21 -22 -23
leaf_value=-0.079677073527362446 0.10456195627248573 -0.025413645616128324 0.4770062678853671 0.19337431886746137 0.024421442272765114 0.1275319806787108 0.0096373890673008191 0.44059659400203255 -0.0565514361056682 0.11752228231164023 0.11578241336097522 0.16653069894491299 0.2713493479970025 0.34699654433666405 0.033005989516284646 0.011373895371814217 0.2753287312647571 0.036542812717123153 0.074001746357951217 -0.013067323457306396 0.15085898041721982 0.12190822261482634
leaf_weight=4596 568 1951 85 241 346 139 1125 52 4026 172 612 403 77 66 394 806 87 344 1181 359 581 91
leaf_count=4596 568 1951 85 241 346 139 1125 52 4026 172 612 403 77 66 394 806 87 344 1181 359 581 91
internal_value=0.00109263 -0.0394091 0.132914 0.122368 0.10824 0.0094062 0.00591302 0.267461 -0.0666976 0.0323551 0.0782699 0.146986 0.390411 0.231488 -0.008644 -0.0146515 0.188469 0.0226082 0.0628952 -0.0530143 0.12854 0.055623
internal_weight=18302 14003 4299 4137 3778 5022 4883 359 8981 1732 2139 1639 162 307 3151 2757 490 1560 1527 4385 1149 435
internal_count=18302 14003 4299 4137 3778 5022 4883 359 8981 1732 2139 1639 162 307 3151 2757 490 1560 1527 4385 1149 435
is_linear=0
shrinkage=0.035


Tree=33
num_leaves=23
num_cat=0
split_feature=9 17 19 21 25 20 19 15 21 20 23 23 20 9 9 27 20 9 20 23 17 9
split_gain=73048.9 13054.9 8135.1 6491.7 3764.6 1668.21 1645.04 1490.18 1343.17 1161.51 1057.02 1021.48 987.317 911.181 850.932 695.924 685.268 648.511 627.383 551.034 497.978 488.778
threshold=11.436507936507939 4.6274130279882719 1.0000000180025095e-35 1.0000000180025095e-35 16785.000000000004 1.0000000180025095e-35 1.0000000180025095e-35 0.31909090909090915 1.0000000180025095e-35 1.0000000180025095e-35 24.500000000000004 24.500000000000004 1.0000000180025095e-35 2.0363756613756618 22.654761904761909 12965.500000000002 1.0000000180025095e-35 8.0178571428571441 1.0000000180025095e-35 24.500000000000004 7.2628180003816087 25.222527472527478
decision_type=2 2 2 2 2 2 2 2 2 2 2 2 2 2 2 2 2 2 2 2 2 2
left_child=1 13 3 4 12 14 7 8 11 -4 15 17 19 -1 -5 18 -10 -3 -6 -2 -13 -14
right_child=2 6 9 5 10 -7 -8 -9 16 -11 -12 20 21 -15 -16 -17 -18 -19 -20 -21 -22 -23
leaf_value=-0.07663069898390866 0.10716938789744695 -0.030914131977592442 0.27954760503970971 0.18062279594843345 0.048912850103928401 0.42807092672089736 0.1182762841629052 0.10068371758423746 0.033733069962743202 0.51797133067868795 0.11517870953641761 -0.0088899076519814973 0.16562226416414985 -0.053451689208397157 0.33311745009439836 -0.028936189453997611 0.15721769825451906 -0.00040199622307625154 0.096192137585578125 0.16728859918144273 0.044156433246249759 0.27806887554418713
leaf_weight=4748 876 2047 113 277 1192 55 144 170 492 48 509 353 402 3831 63 104 58 1463 497 268 549 67
leaf_count=4748 876 2047 113 277 1192 55 144 170 492 48 509 353 402 3831 63 104 58 1463 497 268 549 67
internal_value=1.01892e-05 -0.0396884 0.122942 0.113514 0.0996142 0.248267 0.00363274 0.000300535 -0.003233 0.364196 0.0706122 -0.00968154 0.140648 -0.0663192 0.213348 0.0576658 0.0480857 -0.01822 0.0630783 0.121935 0.0234428 0.184487
internal_weight=18326 13855 4471 4310 3915 395 5276 5132 4962 161 2302 4412 1613 8579 340 1793 550 3510 1689 1144 902 469
internal_count=18326 13855 4471 4310 3915 395 5276 5132 4962 161 2302 4412 1613 8579 340 1793 550 3510 1689 1144 902 469
is_linear=0
shrinkage=0.035


Tree=34
num_leaves=23
num_cat=0
split_feature=9 0 9 19 21 21 8 4 28 18 17 21 17 25 14 23 23 23 12 23 21 14
split_gain=69034.5 8989.75 8746.58 5150.24 3324.43 2656.95 1600.12 1419.76 1414.43 1302.7 869.227 805.199 754.577 730.071 728.574 708.443 680.58 694.236 615.729 593.909 498.711 496.356
threshold=9.5386904761904781 17.500000000000004 3.5147058823529416 1.0000000180025095e-35 1.0000000180025095e-35 1.0000000180025095e-35 15.222527472527473 15.500000000000002 200.00000000000003 0.069047619047619066 15.412596143717666 1.0000000180025095e-35 0.77026682299610683 43337.000000000007 0.44949494949494956 23.500000000000004 24.500000000000004 4.5000000000000009 10.811210523186796 24.500000000000004 1.0000000180025095e-35 0.20714285714285716
decision_type=2 2 2 2 2 2 2 2 2 2 2 2 2 2 2 2 2 2 2 2 2 2
left_child=2 5 12 4 7 6 15 18 -5 11 -6 -4 -1 -7 -11 21 17 -9 -3 -8 -14 -2
right_child=1 3 9 8 10 13 19 16 -10 14 -12 -13 20 -15 -16 -17 -18 -19 -20 -21 -22 -23
leaf_value=-0.086669503886701124 0.01444047246840393 0.069884610299170022 -0.026110894296332367 0.45887394483799093 0.099342814248614034 0.23405020535895321 0.076079137850763909 0.19296222711331856 0.21784062064066531 0.013747971937057693 0.28348439492511024 0.029842116347850407 -0.062816809588486691 0.10214515751227737 0.11412515251441523 0.070830762145725604 0.18837942888407033 0.11314989204243953 0.17167560753765806 0.1464894296206615 -0.027651300922104605 0.088139997269778017
leaf_weight=1648 1208 620 2543 76 45 127 981 176 75 1611 226 355 5950 107 89 484 362 782 82 179 553 119
leaf_count=1648 1208 620 2543 76 45 127 981 176 75 1611 226 355 5950 107 89 484 362 782 82 179 553 119
internal_value=0.00156447 0.103364 -0.0435637 0.153904 0.140244 0.0646386 0.0554839 0.12422 0.350087 -0.00495121 0.255324 -0.0192111 -0.0653265 0.177207 0.0193325 0.034756 0.14577 0.128757 0.0829295 0.0875413 -0.0598526 0.0213687
internal_weight=18398 5649 12749 2444 2293 3205 2971 2022 151 4598 271 2898 8151 234 1700 1811 1320 958 702 1160 6503 1327
internal_count=18398 5649 12749 2444 2293 3205 2971 2022 151 4598 271 2898 8151 234 1700 1811 1320 958 702 1160 6503 1327
is_linear=0
shrinkage=0.035


Tree=35
num_leaves=23
num_cat=0
split_feature=17 9 9 21 19 19 21 12 20 19 24 21 23 17 9 17 1 9 23 20 13 5
split_gain=63602.9 9237.59 7361.08 5185.98 2952.21 1927.23 1724.95 1345.1 1277.22 1167.69 1046.92 985.717 878.166 738.889 717.401 699.97 615.301 554.222 530.862 526.664 525.517 495.253
threshold=9.6916504648696655 16.792857142857148 3.5147058823529416 1.0000000180025095e-35 1.0000000180025095e-35 1.0000000180025095e-35 1.0000000180025095e-35 7.1671194159447351 1.0000000180025095e-35 1.0000000180025095e-35 3.5000000000000004 1.0000000180025095e-35 24.500000000000004 23.437350110870689 6.6801948051948061 0.77026682299610683 24.500000000000004 25.222527472527478 24.500000000000004 1.0000000180025095e-35 0.53571428571428581 11.500000000000002
decision_type=2 2 2 2 2 2 2 2 2 2 2 2 2 2 2 2 2 2 2 2 2 2
left_child=2 5 15 4 8 6 7 12 13 11 16 14 21 18 -4 -1 -5 -10 -3 -16 -9 -2
right_child=1 3 9 10 -6 -7 -8 20 17 -11 -12 -13 -14 -15 19 -17 -18 -19 -20 -21 -22 -23
leaf_value=-0.083373496708968403 8.4581591831280823e-05 0.071847288695609857 -0.032138540717078827 0.26056892507102181 0.30434759601476519 0.21311492133057783 0.14055911221952225 0.075025685175050857 0.14417589228989169 0.094035099152037338 0.21555514285428048 0.036148440183676134 0.070953059305305904 0.1366607892928543 -0.013552158711982327 -0.057786146373378464 0.47758657857775694 0.25073683247715239 0.12640733027341586 0.02574110168210942 0.19193451551957566 0.039241763894287365
leaf_weight=1690 1026 958 1805 64 105 85 224 548 632 131 166 493 434 506 1366 6473 49 75 300 596 50 640
leaf_count=1690 1026 958 1805 64 105 85 224 548 632 131 166 493 434 506 1366 6473 49 75 300 596 50 640
internal_value=0.000957713 0.0960978 -0.0434865 0.141162 0.125161 0.0531426 0.048127 0.0402006 0.116941 -0.00692781 0.284028 -0.0101432 0.0268796 0.100402 -0.0162461 -0.0631335 0.371071 0.157186 0.0853212 -0.00157199 0.0863401 0.0152098
internal_weight=18416 5862 12554 2855 2576 3007 2922 2698 2471 4391 279 4260 2100 1764 3767 8163 113 707 1258 1962 598 1666
internal_count=18416 5862 12554 2855 2576 3007 2922 2698 2471 4391 279 4260 2100 1764 3767 8163 113 707 1258 1962 598 1666
is_linear=0
shrinkage=0.035


Tree=36
num_leaves=23
num_cat=0
split_feature=9 9 21 9 20 15 21 21 17 23 18 7 20 21 17 17 15 17 11 9 23 24
split_gain=59377.4 9057.41 6173.79 6077.15 1845.31 1669.23 981.464 927.344 844.92 806.228 795.012 741.911 740.78 688.841 688.621 586.153 564.74 470.906 468.87 412.904 409.789 389.161
threshold=8.9330357142857171 16.792857142857148 1.0000000180025095e-35 3.3138461538461539 1.0000000180025095e-35 0.10620300751879701 1.0000000180025095e-35 1.0000000180025095e-35 22.111633769687717 24.500000000000004 0.078461538461538485 20.732142857142861 1.0000000180025095e-35 1.0000000180025095e-35 23.117857467758697 0.70505445730874639 0.31698564593301443 7.0819701431013824 5.98716576070463 12.053571428571431 23.500000000000004 3.5000000000000004
decision_type=2 2 2 2 2 2 2 2 2 2 2 2 2 2 2 2 2 2 2 2 2 2
left_child=3 5 4 15 9 7 10 12 18 14 -5 -4 20 16 -3 -1 -7 -12 -6 -14 -2 -9
right_child=1 2 11 6 8 13 -8 21 -10 -11 17 -13 19 -15 -16 -17 -18 -19 -20 -21 -22 -23
leaf_value=-0.081014401348423359 0.007124433994311675 0.068147882327494511 0.21672083387151361 -0.027358576509130005 0.17712627550290946 0.070853530629434405 0.036388046573327996 0.15681903099116196 0.2150853804603115 0.1426657247090829 -0.014219253187672051 0.3545620654257281 0.035213639289937558 0.21789633387983856 0.12093321944068557 -0.057054084079100911 0.1643685369295817 0.028132880180789199 0.10087128277769143 0.090700245065485241 0.04713007245651063 0.05961026591050813
leaf_weight=1622 1212 941 131 2649 190 467 479 97 281 418 662 142 369 54 472 6178 97 616 274 310 420 122
leaf_count=1622 1212 941 131 2649 190 467 479 97 281 418 662 142 369 54 472 6178 97 616 274 310 420 122
internal_value=0.00077008 0.0909104 0.136095 -0.0435349 0.118863 0.049861 -0.0106538 0.0371182 0.165643 0.0994203 -0.0164352 0.293569 0.0304377 0.101283 0.0861569 -0.0620876 0.0882706 0.00621105 0.133689 0.0610497 0.0175432 0.105284
internal_weight=18203 5997 2849 12206 2576 3148 4406 2530 745 1831 3927 273 2311 618 1413 7800 564 1278 464 679 1632 219
internal_count=18203 5997 2849 12206 2576 3148 4406 2530 745 1831 3927 273 2311 618 1413 7800 564 1278 464 679 1632 219
is_linear=0
shrinkage=0.035


Tree=37
num_leaves=23
num_cat=0
split_feature=9 9 21 19 9 20 14 19 21 9 23 25 20 9 20 15 20 20 23 12 19 23
split_gain=55706.4 10298.1 6105.94 4133.76 2485.27 2126.76 1314.24 1119.72 991.545 988.762 982.852 833.268 829.431 797.499 730.775 715.779 562.724 514.642 444.884 437.335 424.462 386.174
threshold=11.896428571428574 5.3452380952380958 1.0000000180025095e-35 1.0000000180025095e-35 21.017857142857146 1.0000000180025095e-35 0.45804195804195807 1.0000000180025095e-35 1.0000000180025095e-35 2.6091269841269846 24.500000000000004 16785.000000000004 1.0000000180025095e-35 20.360389610389614 1.0000000180025095e-35 0.17752100840336138 1.0000000180025095e-35 1.0000000180025095e-35 24.500000000000004 4.3548496579967431 1.0000000180025095e-35 25.500000000000004
decision_type=2 2 2 2 2 2 2 2 2 2 2 2 2 2 2 2 2 2 2 2 2 2
left_child=1 9 3 4 10 13 7 8 12 -1 15 -5 18 -4 21 16 -2 -10 -3 -14 -11 -6
right_child=2 6 5 11 14 -7 -8 -9 17 20 -12 -13 19 -15 -16 -17 -18 -19 -20 -21 -22 -23
leaf_value=-0.063476163987531975 0.040236436570781804 -0.021528487599913982 0.15003434205706295 0.39302697187867663 0.099630131293051719 0.4344742819666863 0.14411252605534783 0.10273068125211243 0.033711532146141983 -0.040651937424247261 0.10994302382558963 0.19392510410092023 0.0048526865304481456 0.26581691405040525 0.1775857714376245 0.13458215408428159 0.082070677355256916 0.14203656188182293 0.010929043668349065 0.048602170053544426 0.030288238025723252 0.16725528560553132
leaf_weight=6406 1352 2286 209 53 633 57 79 133 466 2511 600 87 823 145 334 139 568 57 664 421 104 140
leaf_count=6406 1352 2286 209 53 633 57 79 133 466 2511 600 87 823 145 334 139 568 57 664 421 104 140
internal_value=0.000171231 -0.0338331 0.109969 0.0962201 0.089007 0.237866 0.00684364 0.00445799 0.00157755 -0.0560519 0.0704111 0.280374 -0.00410459 0.20055 0.133141 0.0586445 0.0528025 0.0467839 -0.0142107 0.0198079 -0.0377715 0.112897
internal_weight=18267 13950 4317 3906 3766 411 4929 4850 4717 9021 2659 140 4194 354 1107 2059 1920 523 2950 1244 2615 773
internal_count=18267 13950 4317 3906 3766 411 4929 4850 4717 9021 2659 140 4194 354 1107 2059 1920 523 2950 1244 2615 773
is_linear=0
shrinkage=0.035


Tree=38
num_leaves=23
num_cat=0
split_feature=9 9 19 21 9 20 21 0 16 23 15 20 12 28 20 9 20 27 23 15 23 23
split_gain=51737.4 8981.54 6603.32 4428.68 2572.68 1519.49 1380.8 1187.78 1096.99 1081.24 833.815 682.351 643.875 621.464 613.93 609.262 589.047 487.08 416.036 392.474 392.107 384.948
threshold=11.436507936507939 3.7207792207792214 1.0000000180025095e-35 1.0000000180025095e-35 21.017857142857146 1.0000000180025095e-35 1.0000000180025095e-35 13.500000000000002 23.594564066543953 24.500000000000004 0.17752100840336138 1.0000000180025095e-35 1.416213345714316 421.00000000000006 1.0000000180025095e-35 15.259615384615387 1.0000000180025095e-35 4472.0000000000009 3.5000000000000004 0.10912698412698414 25.500000000000004 24.500000000000004
decision_type=2 2 2 2 2 2 2 2 2 2 2 2 2 2 2 2 2 2 2 2 2 2
left_child=1 12 3 4 9 13 7 11 -4 10 15 21 -1 -5 20 -2 17 -8 -17 -13 -6 -3
right_child=2 6 8 5 14 -7 16 -9 -10 -11 -12 19 -14 -15 -16 18 -18 -19 -20 -21 -22 -23
leaf_value=-0.066619485281479027 0.021349475462669344 -0.025208112463988266 0.22405338435537289 0.21407811961246329 0.097748444048546837 0.3718074527236282 -0.029467928739580908 0.048279844289650507 0.43113878175904846 0.10541648282148147 0.13198915338430267 0.0019580642750591146 -0.046888815087539004 0.11278210615102627 0.17163101409189405 0.11301898286342189 0.14754350674897435 0.054584351208285288 0.053576476579852518 0.051286762518099389 0.16649199466779829 0.004162096762814111
leaf_weight=3887 726 2492 103 199 649 56 101 465 66 639 151 994 4424 153 310 167 65 432 1177 242 135 697
leaf_count=3887 726 2492 103 199 649 56 101 465 66 639 151 994 4424 153 310 167 65 432 1177 242 135 697
internal_value=0.000478537 -0.0332187 0.10303 0.0944581 0.0829185 0.20389 0.00152975 -0.0046246 0.315093 0.0652432 0.0534663 -0.0102362 -0.0561533 0.172294 0.128603 0.0474256 0.0515055 0.0384986 0.0613671 0.0117981 0.110588 -0.0187869
internal_weight=18330 13799 4531 4362 3954 408 5488 4890 169 2860 2221 4425 8311 352 1094 2070 598 533 1344 1236 784 3189
internal_count=18330 13799 4531 4362 3954 408 5488 4890 169 2860 2221 4425 8311 352 1094 2070 598 533 1344 1236 784 3189
is_linear=0
shrinkage=0.035


Tree=39
num_leaves=23
num_cat=0
split_feature=16 9 16 19 21 21 18 6 23 11 23 27 19 23 23 9 5 9 9 5 4 19
split_gain=48401.4 6479.29 6188.63 4610.62 2983.24 1564.17 972.495 958.669 787.586 779.216 746.166 737.724 693.206 638.104 630.077 588.994 524.068 514.841 514.569 501.318 485.669 484.056
threshold=10.308005446695809 3.7207792207792214 18.319508486983334 1.0000000180025095e-35 1.0000000180025095e-35 1.0000000180025095e-35 1.0000000180025095e-35 15.500000000000002 24.500000000000004 6.3561426548403821 24.500000000000004 12965.500000000002 1.0000000180025095e-35 3.5000000000000004 22.500000000000004 0.78759398496240618 20.500000000000004 16.180194805194809 23.017857142857146 14.500000000000002 13.500000000000002 1.0000000180025095e-35
decision_type=2 2 2 2 2 2 2 2 2 2 2 2 2 2 2 2 2 2 2 2 2 2
left_child=1 15 5 4 10 8 11 -5 12 21 13 -3 19 20 17 -1 -6 -7 -15 -2 -4 -8
right_child=2 6 3 7 16 14 9 -9 -10 -11 -12 -13 -14 18 -16 -17 -18 -19 -20 -21 -22 -23
leaf_value=-0.072781544582335114 0.021268123072788039 -0.026982834343732939 0.063117126248776911 0.18685727015674097 0.19050956947894038 0.070372266553906784 0.0043472925797374863 0.42661383032847788 0.084089761906643024 0.082180082991649903 0.14800216949063882 0.018439466324267888 0.14494700532151414 0.066599379780632836 0.23792614546087057 -0.049936385187925057 0.32302106353268029 0.20418131668418649 0.11452424683549778 0.056830672487865691 0.18448181174022538 0.1088368370756507
leaf_weight=1806 1308 2127 65 46 153 160 1851 71 596 183 421 547 68 828 58 6468 75 45 442 780 150 51
leaf_count=1806 1308 2127 65 46 153 160 1851 71 596 183 421 547 68 828 58 6468 75 45 442 780 150 51
internal_value=-7.50704e-05 -0.0362591 0.0894241 0.133318 0.120981 0.0564805 -0.00370813 0.344015 0.0484979 0.0141858 0.106123 -0.0176675 0.0384791 0.0937819 0.137481 -0.0549659 0.24017 0.10399 0.0836762 0.0346654 0.150138 0.00743625
internal_weight=18299 13033 5266 2251 2134 3015 4759 117 2752 2085 1906 2674 2156 1485 263 8274 228 205 1270 2088 215 1902
internal_count=18299 13033 5266 2251 2134 3015 4759 117 2752 2085 1906 2674 2156 1485 263 8274 228 205 1270 2088 215 1902
is_linear=0
shrinkage=0.035


Tree=40
num_leaves=23
num_cat=0
split_feature=17 12 21 19 17 19 11 25 7 23 12 23 23 23 5 8 21 24 13 21 17 25
split_gain=45617.6 8797.75 6493.04 3799.15 1994.53 1543.9 1134.7 1042.19 1038.99 989.739 871.738 706.062 615.675 491.007 649.88 458.392 452.336 403.233 396.003 387.852 330.494 326.285
threshold=13.093589226599747 2.7385139848415903 1.0000000180025095e-35 1.0000000180025095e-35 22.111633769687717 1.0000000180025095e-35 6.6682254805256287 16785.000000000004 20.732142857142861 24.500000000000004 1.936491673103709 24.500000000000004 24.500000000000004 3.5000000000000004 7.5000000000000009 9.2321428571428594 1.0000000180025095e-35 3.5000000000000004 1.0000000180025095e-35 1.0000000180025095e-35 0.70505445730874639 16785.000000000004
decision_type=2 2 2 2 2 2 2 2 2 2 2 2 2 2 2 2 2 2 2 2 2 2
left_child=1 10 3 4 9 6 11 -5 -4 13 20 15 -6 14 -2 -3 -12 -10 -8 -13 -1 -15
right_child=2 5 8 7 12 -7 18 -9 17 -11 16 19 -14 21 -16 -17 -18 -19 -20 -21 -22 -23
leaf_value=-0.071052427709236185 -0.010360273444093765 -0.015821591699113995 0.18666912594463975 0.38001571755111224 0.10819754746015324 0.11920680896297799 0.019242801402102817 0.17150848354030518 0.40385040220542584 0.10330487560072635 -0.037879124554308419 0.020816222705369446 0.18264131544157863 0.070206183048363152 0.12869817834099134 0.01174305015073656 0.007226182774782988 0.23878944270529373 0.10710915207168495 0.11525305895690334 -0.052264633076090333 0.036995207176208897
leaf_weight=1557 51 2336 221 55 854 144 105 92 59 619 2168 942 177 511 190 1075 309 81 164 52 5137 1348
leaf_count=1557 51 2336 221 55 854 144 105 92 59 619 2168 942 177 511 190 1075 309 81 164 52 5137 1348
internal_value=0.000536593 -0.0299982 0.100775 0.0873869 0.080296 0.00828872 0.004744 0.259571 0.242089 0.0643517 -0.0501077 0.000440824 0.121815 0.0526434 0.0995873 -0.00712481 -0.0322421 0.319999 0.0738528 0.0263262 -0.056687 0.0462974
internal_weight=18247 13989 4258 3897 3750 4818 4674 147 361 2719 9171 4405 1031 2100 241 3411 2477 140 269 994 6694 1859
internal_count=18247 13989 4258 3897 3750 4818 4674 147 361 2719 9171 4405 1031 2100 241 3411 2477 140 269 994 6694 1859
is_linear=0
shrinkage=0.035


Tree=41
num_leaves=23
num_cat=0
split_feature=9 19 9 21 25 20 16 0 20 25 20 20 23 17 21 15 21 4 11 7 28 23
split_gain=41332.2 6167.79 5973.86 4599.81 3377.25 1976.75 1589.96 1014.92 1000 711.38 676.622 629.07 594.695 529.706 526.959 505.134 485.396 474.709 415.319 410.584 397.497 384.748
threshold=10.292857142857146 1.0000000180025095e-35 3.7207792207792214 1.0000000180025095e-35 16785.000000000004 1.0000000180025095e-35 23.594564066543953 10.500000000000002 1.0000000180025095e-35 43337.000000000007 1.0000000180025095e-35 1.0000000180025095e-35 25.500000000000004 0.9445497486131359 1.0000000180025095e-35 0.24500000000000002 1.0000000180025095e-35 11.500000000000002 2.7586029271879728 18.732142857142861 191.00000000000003 2.5000000000000004
decision_type=2 2 2 2 2 2 2 2 2 2 2 2 2 2 2 2 2 2 2 2 2 2
left_child=2 3 13 4 10 9 17 11 12 -5 -2 14 18 -1 -4 -9 -15 -3 -6 -14 -10 -20
right_child=1 6 7 5 8 -7 -8 15 20 -11 -12 -13 19 16 -16 -17 -18 -19 21 -21 -22 -23
leaf_value=-0.066611218433598435 0.091402781369292849 0.10846295244526119 -0.022994207119674544 0.17715722862992397 -0.067064183577895176 0.36231710808242074 0.42592129298666526 0.021158684643160803 0.12648805895659293 0.060971148132548204 0.14241546651449577 0.014064091762806782 0.049799867810166272 -0.048119851659497379 0.021494610633671207 0.097092860452234753 -0.012981848069414525 0.26133298937012167 0.083597732275133826 0.141336799779883 0.063231754274708285 0.018866756441054264
leaf_weight=1868 1186 59 2572 294 59 63 62 809 157 92 474 1055 324 5864 369 120 531 63 118 73 643 1443
leaf_count=1868 1186 59 2572 294 59 63 62 809 157 92 474 1055 324 5864 369 120 531 63 118 73 643 1443
internal_value=0.000828049 0.0852867 -0.031916 0.0776597 0.0667929 0.184046 0.281926 -0.00139541 0.0433215 0.150644 0.106363 -0.00906627 0.0300459 -0.0500933 -0.0173794 0.0314532 -0.0452174 0.194723 0.0204981 0.0682237 0.0763761 0.0240224
internal_weight=18298 5110 13188 4926 4477 449 184 4925 2817 386 1660 3996 2017 8263 2941 929 6395 122 1620 397 800 1561
internal_count=18298 5110 13188 4926 4477 449 184 4925 2817 386 1660 3996 2017 8263 2941 929 6395 122 1620 397 800 1561
is_linear=0
shrinkage=0.035


Tree=42
num_leaves=23
num_cat=0
split_feature=17 9 19 21 25 20 19 21 23 20 20 20 17 9 15 24 23 12 5 15 9 25
split_gain=38412.9 7701.64 5095.94 3317.64 1677.19 1282.17 1127.63 915.316 866.842 801.73 785.112 767.486 690.953 475.476 517.05 610.708 464.186 458.7 429.548 431.151 422.735 387.85
threshold=13.093589226599747 5.3452380952380958 1.0000000180025095e-35 1.0000000180025095e-35 16785.000000000004 1.0000000180025095e-35 1.0000000180025095e-35 1.0000000180025095e-35 24.500000000000004 1.0000000180025095e-35 1.0000000180025095e-35 1.0000000180025095e-35 2.6133926185602165 6.7550000000000008 0.13961038961038963 3.5000000000000004 24.500000000000004 4.3548496579967431 12.500000000000002 1.0000000180025095e-35 23.869747899159666 32208.500000000004
decision_type=2 2 2 2 2 2 2 2 2 2 2 2 2 2 2 2 2 2 2 2 2 2
left_child=1 12 3 4 10 20 7 11 18 21 -2 16 -1 -9 15 -15 -3 -13 19 -6 -5 -4
right_child=2 6 9 5 8 -7 -8 13 -10 -11 -12 17 -14 14 -16 -17 -18 -19 -20 -21 -22 -23
leaf_value=-0.054001127998327042 0.084906566246512508 -0.018213084505744052 0.26612937375596946 0.13045223036120962 -0.0013954701493987267 0.34192695048906036 0.1035696623272573 0.0038471821572658464 0.098113304816276559 0.40131028216332204 0.13963206846985324 0.00603743550033836 -0.033332973756394137 0.11087535268439194 0.17448342546820642 0.0096201292870359296 0.013870953118429881 0.05004004421717384 0.057632312059493762 0.052717801857739693 0.25311786512095558 0.11459342433282964
leaf_weight=5961 1148 2350 68 249 420 54 139 203 429 51 476 825 3029 122 47 175 717 445 959 310 46 47
leaf_count=5961 1148 2350 68 249 420 54 139 203 429 51 476 825 3029 122 47 175 717 445 959 310 46 47
internal_value=0.000300061 -0.0276748 0.0923151 0.084359 0.0745302 0.187154 0.00703208 0.0041779 0.0537773 0.280086 0.101337 -0.00121957 -0.0470618 0.046628 0.0714067 0.0524182 -0.0106964 0.0216052 0.0422495 0.0217626 0.153538 0.211698
internal_weight=18270 14013 4257 4091 3742 349 5023 4884 2118 166 1624 4337 8990 547 344 297 3067 1270 1689 730 295 115
internal_count=18270 14013 4257 4091 3742 349 5023 4884 2118 166 1624 4337 8990 547 344 297 3067 1270 1689 730 295 115
is_linear=0
shrinkage=0.035


Tree=43
num_leaves=23
num_cat=0
split_feature=9 12 21 25 19 7 6 12 19 21 21 15 9 27 9 12 24 15 27 24 25 27
split_gain=36852.8 5036.27 4676.73 3375.84 2517.75 1401.75 981.939 936.713 902.847 804.644 571.509 566.222 558.652 550.28 504.279 448.251 410.431 388.52 353.773 352.623 342.707 382.913
threshold=10.292857142857146 2.7385139848415903 1.0000000180025095e-35 16785.000000000004 1.0000000180025095e-35 20.732142857142861 15.500000000000002 6.2538347914254722 1.0000000180025095e-35 1.0000000180025095e-35 1.0000000180025095e-35 0.036375661375661381 2.2554347826086958 9349.5000000000018 23.446428571428573 2.7999432957360493 3.5000000000000004 0.069047619047619066 4472.0000000000009 3.5000000000000004 31797.000000000004 12965.500000000002
decision_type=2 2 2 2 2 2 2 2 2 2 2 2 2 2 2 2 2 2 2 2 2 2
left_child=1 9 3 4 14 16 11 8 10 12 18 15 -1 -11 17 -5 -4 -2 -3 -12 -20 -22
right_child=2 7 5 6 -6 -7 -8 -9 -10 13 19 -13 -14 -15 -16 -17 -18 -19 20 -21 21 -23
leaf_value=-0.055466023278293308 0.078110948617188203 -0.03832428476533601 0.18906440454858839 -0.0789315921937426 0.32546994835682791 0.2808067280059196 0.075111424558036904 0.069908151187769635 0.091177655769992746 -0.022355657143229981 0.079490129706819138 0.062731673888353989 -0.036815458613192353 0.065135785301940322 0.13226169031387305 0.024097174311905212 0.10085013017803431 0.13687517342431271 0.017289609180368152 0.0077751257600770758 -0.020635402961156485 0.011729858890949444
leaf_weight=4927 968 442 136 49 60 141 1017 233 119 796 140 532 3374 94 471 1299 170 172 656 204 1571 621
leaf_count=4927 968 442 136 49 60 141 1017 233 119 796 140 532 3374 94 471 1299 170 172 656 204 1571 621
internal_value=0.000452257 -0.0302799 0.0811547 0.070422 0.11002 0.188805 0.0474255 0.00257247 -0.00169077 -0.044523 -0.00485778 0.0322797 -0.0479142 -0.0127832 0.101003 0.0200613 0.142522 0.0875514 -0.00936678 0.0377323 -0.00480725 -0.0114524
internal_weight=18192 13177 5015 4568 1671 447 2897 3986 3753 9191 3634 1880 8301 890 1611 1348 306 1140 3290 344 2848 2192
internal_count=18192 13177 5015 4568 1671 447 2897 3986 3753 9191 3634 1880 8301 890 1611 1348 306 1140 3290 344 2848 2192
is_linear=0
shrinkage=0.035


Tree=44
num_leaves=23
num_cat=0
split_feature=16 12 7 21 21 19 20 19 13 8 12 16 28 21 20 23 28 27 10 12 5 21
split_gain=34876.4 4635.17 4227.45 2413.84 1453 1250.27 1097.61 930.984 815.665 738.486 713.558 695.392 607.826 565.225 520.966 492.722 471.562 462.093 436.818 380.759 365.644 346.73
threshold=10.308005446695809 2.7385139848415903 20.214285714285719 1.0000000180025095e-35 1.0000000180025095e-35 1.0000000180025095e-35 1.0000000180025095e-35 1.0000000180025095e-35 0.53571428571428581 2.577380952380953 7.4510778846629195 14.548311193152143 224.50000000000003 1.0000000180025095e-35 1.0000000180025095e-35 24.500000000000004 224.50000000000003 12965.500000000002 6.8243262357121131 6.6304073468237332 12.500000000000002 1.0000000180025095e-35
decision_type=2 2 2 2 2 2 2 2 2 2 2 2 2 2 2 2 2 2 2 2 2 2
left_child=1 9 4 5 6 12 11 8 13 -1 -8 -2 14 -3 -4 -13 -5 20 -14 -10 -6 -11
right_child=2 7 3 16 17 -7 10 -9 19 21 -12 15 18 -15 -16 -17 -18 -19 -20 -21 -22 -23
leaf_value=-0.050289355175690796 0.014612882543291357 -0.0082134707787122705 0.096155779000661384 0.28975869713475311 0.090363363118810686 0.23650074662268164 0.06046882412518307 0.10228647131723487 0.031638587182387712 -0.033341468433918588 0.12854716577997002 0.040194836093769032 0.10136114441289715 0.040461600134758476 0.15447639098734717 0.090604120307379299 0.1420441724494344 0.027575395807885289 0.028240677171609486 0.15113329854119442 0.18109626013692764 0.0033580391718069551
leaf_weight=6257 1074 3254 683 115 113 85 691 106 84 2540 268 997 185 316 293 317 56 52 225 53 153 358
leaf_count=6257 1074 3254 683 115 113 85 691 106 84 2540 268 997 185 316 293 317 56 52 225 53 153 358
internal_value=0.000918893 -0.0300115 0.0764596 0.123114 0.0554134 0.107926 0.0484686 0.00240724 -0.00057798 -0.0435095 0.0800801 0.0356256 0.099206 -0.00384952 0.11438 0.0526666 0.246893 0.126572 0.0620999 0.0816836 0.144995 -0.0288038
internal_weight=18275 12968 5307 1642 3665 1471 3347 3813 3707 9155 959 2388 1386 3570 976 1314 171 318 410 137 266 2898
internal_count=18275 12968 5307 1642 3665 1471 3347 3813 3707 9155 959 2388 1386 3570 976 1314 171 318 410 137 266 2898
is_linear=0
shrinkage=0.035


Tree=45
num_leaves=23
num_cat=0
split_feature=9 9 9 19 19 21 21 17 19 20 14 23 20 23 15 15 21 20 17 23 20 5
split_gain=31397 5160.34 3228.43 2716.62 2114.43 1433.08 1301.58 1101.37 774.855 767.887 700.962 681.648 656.524 574.603 559.574 461.074 454.16 465.567 427.147 343.404 343.06 334.659
threshold=8.9330357142857171 20.232142857142861 3.3138461538461539 1.0000000180025095e-35 1.0000000180025095e-35 1.0000000180025095e-35 1.0000000180025095e-35 15.412596143717666 1.0000000180025095e-35 1.0000000180025095e-35 0.45804195804195807 24.500000000000004 1.0000000180025095e-35 24.500000000000004 0.072751322751322761 0.21240601503759401 1.0000000180025095e-35 1.0000000180025095e-35 0.70505445730874639 3.5000000000000004 1.0000000180025095e-35 22.500000000000004
decision_type=2 2 2 2 2 2 2 2 2 2 2 2 2 2 2 2 2 2 2 2 2 2
left_child=2 4 18 6 5 7 11 12 10 -7 16 19 -2 15 -14 20 17 -4 -1 -3 -9 -8
right_child=1 3 8 -5 -6 9 21 13 -10 -11 -12 -13 14 -15 -16 -17 -18 -19 -20 -21 -22 -23
leaf_value=-0.061034672676898369 0.0071894028875961833 0.14093430388506181 -0.023809079647849639 0.34309961727368793 0.17925785251621471 0.084410649624524048 0.15763969031802846 0.028062222764943339 0.073547686145640917 0.22653524091033717 0.095967939692114798 0.14681857138529933 0.033368707385461598 0.096290396719239932 0.11802757568821751 0.11602368498221041 0.020485172064538967 0.0032808069702045454 -0.04060630516342166 0.076775502987283681 0.067916288050168347 0.28849082860681752
leaf_weight=1609 1550 122 2690 61 139 334 107 894 135 53 70 293 536 361 114 104 465 1089 6220 918 382 49
leaf_count=1609 1550 122 2690 61 139 334 107 894 135 53 70 293 536 361 114 104 465 1089 6220 918 382 49
internal_value=0.000774863 0.0662406 -0.03132 0.121209 0.0470489 0.0425968 0.11099 0.0361842 -0.00749528 0.106561 -0.0101177 0.0990653 0.0196428 0.0569604 0.0490309 0.0463488 -0.0119824 -0.0160039 -0.0448432 0.0849569 0.0402256 0.206532
internal_weight=18295 6017 12278 1550 4467 4328 1489 3941 4449 387 4314 1333 2200 1741 650 1380 4244 3779 7829 1040 1276 156
internal_count=18295 6017 12278 1550 4467 4328 1489 3941 4449 387 4314 1333 2200 1741 650 1380 4244 3779 7829 1040 1276 156
is_linear=0
shrinkage=0.035


Tree=46
num_leaves=23
num_cat=0
split_feature=0 17 4 21 20 28 12 9 14 9 7 21 23 23 20 14 12 16 17 4 23 8
split_gain=29742.4 4223.31 3951.49 2503.44 1201.16 958.637 945.815 787.695 661.423 616.165 581.784 524.395 485.43 563.267 484.896 418.532 410.186 395.602 364.233 350.742 330.624 318.685
threshold=10.500000000000002 6.3976408404892942 15.500000000000002 1.0000000180025095e-35 1.0000000180025095e-35 421.00000000000006 7.8754767187594972 2.2554347826086958 0.27922077922077926 25.222527472527478 21.500000000000004 1.0000000180025095e-35 26.500000000000004 3.5000000000000004 1.0000000180025095e-35 0.27922077922077926 2.7667957505056484 22.002048953941671 17.395464689350362 35.500000000000007 24.500000000000004 8.8901098901098923
decision_type=2 2 2 2 2 2 2 2 2 2 2 2 2 2 2 2 2 2 2 2 2 2
left_child=1 7 6 4 12 10 11 -1 14 19 -5 16 13 -4 21 -8 -2 -14 20 -6 -18 -3
right_child=2 8 3 5 9 -7 15 -9 -10 -11 -12 -13 17 -15 -16 -17 18 -19 -20 -21 -22 -23
leaf_value=-0.04848851277997953 -0.041489686043976966 -0.016313063664346775 0.13518758230260575 0.17016260776838121 0.11857451129686253 0.11198806201010163 0.065818958854992476 -0.02833441627781641 0.076998733591753993 0.21695888906717303 0.31556621703378701 0.084650296324827873 0.071695922190036912 0.051537268565387963 0.025014190557451872 0.1432675894531128 0.010653025936494271 0.17143046761064659 0.057145142666156924 0.023040417141549419 0.048345360822110835 0.0093373340830044983
leaf_weight=5397 101 1421 107 94 676 119 419 4308 147 79 89 201 125 1071 848 112 1068 93 442 54 387 1011
leaf_count=5397 101 1421 107 94 676 119 419 4308 147 79 89 201 125 1071 848 112 1068 93 442 54 387 1011
internal_value=0.000351 -0.0277734 0.0708366 0.102549 0.0892099 0.196843 0.0415742 -0.0395632 0.00561851 0.123302 0.247483 0.0313072 0.0690709 0.0596894 0.0023018 0.0833714 0.0257342 0.117211 0.0294222 0.111736 0.0208216 -0.00564555
internal_weight=18369 13132 5237 2507 2205 302 2730 9705 3427 809 183 2199 1396 1178 3280 531 1998 218 1897 730 1455 2432
internal_count=18369 13132 5237 2507 2205 302 2730 9705 3427 809 183 2199 1396 1178 3280 531 1998 218 1897 730 1455 2432
is_linear=0
shrinkage=0.035


Tree=47
num_leaves=23
num_cat=0
split_feature=9 9 19 9 21 15 20 15 23 19 9 28 23 11 23 23 5 5 21 9 17 15
split_gain=28375.6 4540 3391.29 2928.62 2293.93 1056.71 1046 706.095 523.805 510.469 505.78 484.513 483.426 444.004 431.699 431.259 419.78 394.764 379.996 376.245 360.88 324.105
threshold=9.0178571428571441 15.788690476190478 1.0000000180025095e-35 3.2613636363636371 1.0000000180025095e-35 0.036375661375661381 1.0000000180025095e-35 0.17519181585677754 21.500000000000004 1.0000000180025095e-35 25.222527472527478 224.50000000000003 24.500000000000004 6.9301856055572211 3.5000000000000004 22.500000000000004 5.5000000000000009 18.500000000000004 1.0000000180025095e-35 6.5400641025641031 0.61802265792321553 0.21980676328502416
decision_type=2 2 2 2 2 2 2 2 2 2 2 2 2 2 2 2 2 2 2 2 2 2
left_child=3 5 4 20 6 16 8 9 14 18 13 -4 21 -8 -3 17 -2 -6 19 -5 -1 -7
right_child=1 2 11 7 15 12 10 -9 -10 -11 -12 -13 -14 -15 -16 -17 -18 -19 -20 -21 -22 -23
leaf_value=-0.057814581339513088 -0.017865158736541941 0.094176269312612901 0.32869819884116841 -0.029751251335732819 0.10158762853200498 0.033978992752123308 0.12291387889690245 0.029461707159281973 0.085994654525218442 0.058138859677242076 0.19200500585481353 0.16360245877456284 0.10297243922544247 0.063974244377776379 0.038010727743367091 0.26375142427407866 0.023699263224230396 0.2030436077468025 0.016405808538731113 -0.0064506805242972145 -0.038480365763492334 0.089552803111700413
leaf_weight=1489 373 199 73 1718 128 635 389 569 660 118 82 57 239 298 1078 63 1403 98 433 1685 6370 162
leaf_count=1489 373 199 73 1718 128 635 389 569 660 118 82 57 239 298 1078 63 1403 98 433 1685 6370 162
internal_value=0.000888039 0.0637651 0.0927787 -0.0292728 0.0848602 0.0314085 0.0745733 -0.00681983 0.0605556 -0.012076 0.10924 0.26518 0.0594257 0.0980199 0.04711 0.178213 0.0149343 0.1491 -0.0143133 -0.0182455 -0.0421802 0.0457848
internal_weight=18319 5937 3125 12382 2995 2812 2706 4523 1937 3954 769 130 1036 687 1277 289 1776 226 3836 3403 7859 797
internal_count=18319 5937 3125 12382 2995 2812 2706 4523 1937 3954 769 130 1036 687 1277 289 1776 226 3836 3403 7859 797
is_linear=0
shrinkage=0.035


Tree=48
num_leaves=23
num_cat=0
split_feature=17 12 19 9 23 6 12 25 19 20 20 12 23 23 25 23 19 2 20 16 5 20
split_gain=27770.5 5079.32 4366.38 2063.42 1151.96 843.448 837.504 731.011 691.305 597.577 570.411 530.494 481.52 476.42 464.098 445.78 362.084 334.618 323.925 311.649 276.794 260.887
threshold=13.093589226599747 2.7385139848415903 1.0000000180025095e-35 23.446428571428573 24.500000000000004 13.500000000000002 7.6903533256409311 33201.500000000007 1.0000000180025095e-35 1.0000000180025095e-35 1.0000000180025095e-35 1.770944207546751 29.500000000000004 3.5000000000000004 48992.500000000007 24.500000000000004 1.0000000180025095e-35 12.500000000000002 1.0000000180025095e-35 7.9717165938460548 22.500000000000004 1.0000000180025095e-35
decision_type=2 2 2 2 2 2 2 2 2 2 2 2 2 2 2 2 2 2 2 2 2 2
left_child=1 11 3 4 7 -4 8 13 9 19 -6 -1 -11 17 -9 -5 21 -2 -15 -3 -17 -13
right_child=2 6 5 15 10 -7 -8 14 -10 12 -12 16 -14 18 -16 20 -18 -19 -20 -21 -22 -23
leaf_value=-0.044083738829866451 0.019128799361159219 -0.017125170909703637 0.1536598732879004 0.11140470287831333 0.078830400945650442 0.33025139794899872 0.10619149973154955 -0.038143095518492799 0.080352364038445159 0.017319808898850857 0.14918291331975539 -0.034635978872285852 0.11914140686144432 0.043703919326818996 0.033271808520516664 0.11943954232743839 0.03474479470369609 0.12449278324215515 0.075427198807150667 0.0044794464189699228 0.23691640593788843 -0.011581982940300554
leaf_weight=6043 48 1586 78 503 524 86 96 148 137 1223 208 2333 55 1401 407 67 110 200 574 1678 72 822
leaf_count=6043 48 1586 78 503 524 86 96 148 137 1223 208 2333 55 1401 407 67 110 200 574 1678 72 822
internal_value=0.000930342 -0.0228764 0.0785517 0.0713447 0.0606235 0.253397 0.00646399 0.0501543 0.00430295 0.00191939 0.0997215 -0.0379252 0.0221627 0.0591146 0.0140261 0.129012 -0.0264714 0.10495 0.0530998 -0.00602317 0.186526 -0.0286629
internal_weight=18399 14083 4316 4152 3510 164 4775 2778 4679 4542 732 9308 1278 2223 555 642 3265 248 1975 3264 139 3155
internal_count=18399 14083 4316 4152 3510 164 4775 2778 4679 4542 732 9308 1278 2223 555 642 3265 248 1975 3264 139 3155
is_linear=0
shrinkage=0.035


Tree=49
num_leaves=23
num_cat=0
split_feature=9 7 12 21 21 20 20 12 5 18 9 2 5 23 27 23 25 15 23 23 15 7
split_gain=25531.8 3432.85 2759.57 1896.05 1264.92 1126.64 747.537 618.196 598.36 575.034 554.296 529.8 526.181 518.546 431.492 417.207 399.091 391.735 339.097 371.114 338.549 331.043
threshold=9.4654761904761919 20.214285714285719 2.7385139848415903 1.0000000180025095e-35 1.0000000180025095e-35 1.0000000180025095e-35 1.0000000180025095e-35 7.4510778846629195 11.500000000000002 0.069047619047619066 2.465476190476191 24.500000000000004 24.500000000000004 28.500000000000004 12965.500000000002 24.500000000000004 43337.000000000007 0.44722222222222224 21.500000000000004 3.5000000000000004 0.23303167420814483 26.071428571428573
decision_type=2 2 2 2 2 2 2 2 2 2 2 2 2 2 2 2 2 2 2 2 2 2
left_child=2 4 10 6 5 8 18 -7 20 14 -1 -5 -8 16 -4 -9 -6 -11 19 -3 -2 -14
right_child=1 3 9 11 13 7 12 15 -10 17 -12 -13 21 -15 -16 -17 -18 -19 -20 -21 -22 -23
leaf_value=-0.042468860185745444 0.0046272863567962006 0.11166521012275057 -0.021770254669623408 0.27402701234578025 0.12149738561067927 0.054216641129958304 0.097766694293064643 0.088051705800033936 0.042887023270393218 0.01120162443593887 -0.024311030813260005 0.13180847396732226 0.13861637589905193 0.21705919177532199 0.019633408718771162 0.19631343004321963 0.037324697244792683 0.089329850625426296 0.10775727962158937 0.049383647076554661 0.077835094878921304 0.26367998271055942
leaf_weight=6013 1171 149 1473 93 185 813 259 196 1397 1588 3181 74 114 45 385 61 119 78 301 600 78 48
leaf_count=6013 1171 149 1473 93 185 813 259 196 1397 1588 3181 74 114 45 385 61 119 78 301 600 78 48
internal_value=0.00147519 0.0629774 -0.0261162 0.105732 0.0456363 0.0395381 0.0924225 0.069804 0.0271839 0.000214412 -0.036205 0.216773 0.132197 0.109042 -0.0131519 0.117071 0.089742 0.0151263 0.0759074 0.062455 0.00950518 0.182562
internal_weight=18421 5703 12718 1638 4065 3716 1471 1070 2646 3524 9194 167 421 349 1858 257 304 1666 1050 749 1249 162
internal_count=18421 5703 12718 1638 4065 3716 1471 1070 2646 3524 9194 167 421 349 1858 257 304 1666 1050 749 1249 162
is_linear=0
shrinkage=0.035


Tree=50
num_leaves=23
num_cat=0
split_feature=9 12 21 19 14 5 20 19 18 28 25 12 20 25 21 9 20 23 25 19 23 20
split_gain=23077.9 5077.74 3712.86 1838.72 1352.32 1050.18 986.307 969.883 698.15 598.25 553.368 479.62 476.023 474.515 468.561 374.659 370.398 335.784 329.001 320.508 296.69 285.356
threshold=13.081168831168833 2.7385139848415903 1.0000000180025095e-35 1.0000000180025095e-35 0.43650793650793657 17.500000000000004 1.0000000180025095e-35 1.0000000180025095e-35 1.0000000180025095e-35 421.00000000000006 33201.500000000007 1.770944207546751 1.0000000180025095e-35 16785.000000000004 1.0000000180025095e-35 23.696428571428573 1.0000000180025095e-35 24.500000000000004 48992.500000000007 1.0000000180025095e-35 24.500000000000004 1.0000000180025095e-35
decision_type=2 2 2 2 2 2 2 2 2 2 2 2 2 2 2 2 2 2 2 2 2 2
left_child=1 11 3 5 7 10 9 8 20 -4 17 -1 -7 -5 16 -14 -10 -2 -12 21 -3 -13
right_child=2 4 6 13 -6 12 -8 -9 14 -11 18 19 15 -15 -16 -17 -18 -19 -20 -21 -22 -23
leaf_value=-0.041198215799737405 0.040076847104245132 -0.01901201346788849 0.19512960451585495 0.28004443703395016 0.11449192315012113 0.063917197112306437 0.31813244649919414 0.090028450739271237 0.00066871623509609805 0.092813593287544002 -0.071663629264768325 -0.032658841529857353 0.087285502471224699 0.12678097926387016 0.060345052366047633 0.15566115868836641 0.030375427425020113 0.083374771164612976 0.015665897297646569 0.034464829720895401 0.01301523727987464 -0.0086528501127768002
leaf_weight=5986 1090 1742 179 48 137 1104 54 154 1744 141 61 2358 511 80 239 135 725 281 260 105 440 825
leaf_count=5986 1090 1742 179 48 137 1104 54 154 1744 141 61 2358 511 80 239 135 725 281 260 105 440 825
internal_value=0.000693119 -0.0197852 0.0756819 0.0645009 0.00796144 0.0594537 0.180104 0.00495398 0.00218195 0.152222 0.0395807 -0.0352839 0.0784906 0.192754 0.0140445 0.102687 0.00944266 0.0492346 -0.00172036 -0.0244651 -0.0125307 -0.0264656
internal_weight=18399 14455 3944 3570 5181 3442 374 5044 4890 320 1692 9274 1750 128 2708 646 2469 1371 321 3288 2182 3183
internal_count=18399 14455 3944 3570 5181 3442 374 5044 4890 320 1692 9274 1750 128 2708 646 2469 1371 321 3288 2182 3183
is_linear=0
shrinkage=0.035


Tree=51
num_leaves=23
num_cat=0
split_feature=0 9 4 19 21 15 3 9 6 28 21 19 7 23 19 28 21 27 9 24 23 18
split_gain=21766.6 3454.1 3179.03 2331.24 1518.35 895.459 659.602 587.542 529.98 492.83 441.798 383.082 362.316 331.605 331.133 324.897 323.293 328.525 322.097 315.084 285.236 267.253
threshold=11.500000000000002 5.3452380952380958 15.500000000000002 1.0000000180025095e-35 1.0000000180025095e-35 0.15587044534412958 22.500000000000004 21.017857142857146 13.500000000000002 421.00000000000006 1.0000000180025095e-35 1.0000000180025095e-35 17.642857142857149 24.500000000000004 1.0000000180025095e-35 200.00000000000003 1.0000000180025095e-35 4472.0000000000009 15.788690476190478 3.5000000000000004 3.5000000000000004 0.036375661375661381
decision_type=2 2 2 2 2 2 2 2 2 2 2 2 2 2 2 2 2 2 2 2 2 2
left_child=1 10 5 4 7 18 9 21 11 -6 14 16 -7 20 -1 -5 -3 -18 -2 -19 -9 -4
right_child=2 8 3 15 6 12 -8 13 -10 -11 -12 -13 -14 -15 -16 -17 17 19 -20 -21 -22 -23
leaf_value=-0.038384090805102786 0.015535385109157661 -0.0065069337741071858 0.043610529206486455 0.31141794431540704 0.17192120352961512 0.065911734723286305 0.27096353311091664 0.14604238645794493 0.034750363945862756 0.058713831267837031 -0.0089206672583668559 0.077288114469800454 0.15482919744877932 0.13581553538640342 -0.00018061920180029815 0.15279423851592869 -0.032647254986011169 0.072454000095046822 0.043887431385681373 -0.0011691478908281117 0.073884684548625013 0.079006057132747637
leaf_weight=7945 1242 3438 724 58 129 234 55 79 558 85 752 69 78 205 289 46 83 182 820 114 632 439
leaf_count=7945 1242 3438 724 58 129 234 55 79 558 85 752 69 78 205 289 46 83 182 820 114 632 439
internal_value=0.000686249 -0.0222238 0.0644021 0.0923374 0.084754 0.0354081 0.162827 0.0742774 0.00301185 0.129403 -0.0347008 -0.00157986 0.0902878 0.0954271 -0.0370463 0.251645 -0.00310938 0.0273485 0.0268976 0.0444926 0.0828905 0.0572674
internal_weight=18256 13430 4826 2452 2348 2374 269 2079 4444 214 8986 3886 312 916 8234 104 3817 379 2062 296 711 1163
internal_count=18256 13430 4826 2452 2348 2374 269 2079 4444 214 8986 3886 312 916 8234 104 3817 379 2062 296 711 1163
is_linear=0
shrinkage=0.035


Tree=52
num_leaves=23
num_cat=0
split_feature=9 25 19 21 9 23 21 14 25 25 12 21 9 4 21 20 12 20 11 24 17 21
split_gain=20601.4 3348.54 1857.08 1845.28 1844.49 956.349 625.862 622.198 604.04 581.346 553.062 530.371 508.006 463.203 425.729 457.951 396.967 330.071 326.712 291.101 272.637 300.855
threshold=8.9330357142857171 16785.000000000004 1.0000000180025095e-35 1.0000000180025095e-35 3.0178571428571432 24.500000000000004 1.0000000180025095e-35 0.44949494949494956 6498.5000000000009 33201.500000000007 10.628901353495987 1.0000000180025095e-35 24.125000000000004 11.500000000000002 1.0000000180025095e-35 1.0000000180025095e-35 5.3016793752347384 1.0000000180025095e-35 6.0467500650134625 1.5000000000000002 0.70505445730874639 1.0000000180025095e-35
decision_type=2 2 2 2 2 2 2 2 2 2 2 2 2 2 2 2 2 2 2 2 2 2
left_child=4 3 5 10 20 9 16 14 -5 11 12 17 18 -4 15 -6 -7 -3 -2 -11 -1 -22
right_child=1 2 13 8 7 6 -8 -9 -10 19 -12 -13 -14 -15 -16 -17 -18 -19 -20 -21 21 -23
leaf_value=-0.049531628657439986 0.079790081595108378 0.018361177293177624 0.086913415467957181 0.1038321417476982 -0.021527039761100666 0.026546061747913952 0.17704264632311831 0.084789504844257069 0.24946113238597048 -0.026297525028436842 0.12742575178178181 0.093527085319961942 0.11348611905515708 0.21916335683512064 0.019602172092706937 0.0034197748234689974 0.076547444174385276 0.054335346115862264 0.041823426301311709 0.013436248277927051 -0.035619228749766134 -0.0070085614991687228
leaf_weight=1630 563 1051 77 67 3087 349 52 80 110 273 264 173 285 71 503 1269 462 447 595 1199 5157 498
leaf_count=1630 563 1051 77 67 3087 349 52 80 110 273 264 173 285 71 503 1269 462 447 595 1199 5157 498
internal_value=0.000495129 0.0533639 0.0357311 0.0920353 -0.0256289 0.0311113 0.0636767 -0.00909937 0.198799 0.022077 0.0804064 0.0361765 0.0713818 0.155561 -0.0107344 -0.0142599 0.0553462 0.0292525 0.0605609 0.00599122 -0.0368191 -0.0331112
internal_weight=18262 6038 4154 1884 12224 4006 863 4939 177 3143 1707 1671 1443 148 4859 4356 811 1498 1158 1472 7285 5655
internal_count=18262 6038 4154 1884 12224 4006 863 4939 177 3143 1707 1671 1443 148 4859 4356 811 1498 1158 1472 7285 5655
is_linear=0
shrinkage=0.035


Tree=53
num_leaves=23
num_cat=0
split_feature=17 9 19 21 23 20 17 21 19 23 23 24 9 17 6 24 20 15 12 9 1 20
split_gain=18864.9 3729.4 3586.55 2029.09 1251.64 962.153 934.565 780.967 662.836 569.076 538.259 730.4 464.183 458.277 400.78 365.507 359.229 358.104 279.002 256.654 300.696 255.922
threshold=13.093589226599747 6.4907407407407414 1.0000000180025095e-35 1.0000000180025095e-35 24.500000000000004 1.0000000180025095e-35 23.117857467758697 1.0000000180025095e-35 1.0000000180025095e-35 24.500000000000004 4.5000000000000009 1.5000000000000002 2.6091269841269846 21.679410147873728 16.500000000000004 3.5000000000000004 1.0000000180025095e-35 0.10620300751879701 1.8124714830210225 22.654761904761909 19.500000000000004 1.0000000180025095e-35
decision_type=2 2 2 2 2 2 2 2 2 2 2 2 2 2 2 2 2 2 2 2 2 2
left_child=1 8 3 4 6 19 10 9 12 16 11 -2 -1 -6 -4 -9 -3 -17 -10 20 -5 -12
right_child=2 7 14 5 13 -7 -8 15 18 -11 21 -13 -14 -15 -16 17 -18 -19 -20 -21 -22 -23
leaf_value=-0.037698690513797165 -0.042074154084691638 -0.010996002355946501 0.1607623783020346 0.12625957596382792 0.072880049628473831 0.27808026418089871 0.077043890322632105 0.099670385010297013 -0.0091797129611574848 0.03067632184586911 0.013697575829709582 0.087617095618120019 -0.021771197911171554 0.13501103837997327 0.29988342721002287 0.0055184395716371222 0.016569154749908565 0.11156299712210895 0.052965929588923856 0.17788764286041261 0.045743323519987909 0.041523507895632694
leaf_weight=6238 60 1932 81 138 587 49 660 148 212 801 1355 328 3552 208 67 182 821 45 145 60 110 580
leaf_count=6238 60 1932 81 138 587 49 660 148 212 801 1355 328 3552 208 67 182 821 45 145 60 110 580
internal_value=0.000552789 -0.0190197 0.0648286 0.0585828 0.0509036 0.137976 0.0403718 0.00991971 -0.0302263 0.00480809 0.029802 0.0672371 -0.0319357 0.0898998 0.231599 0.0576175 -0.00275404 0.0285672 0.0163961 0.111544 0.0922257 0.0221327
internal_weight=18359 14076 4283 4135 3778 357 2983 3929 10147 3554 2323 388 9790 795 148 375 2753 227 357 308 248 1935
internal_count=18359 14076 4283 4135 3778 357 2983 3929 10147 3554 2323 388 9790 795 148 375 2753 227 357 308 248 1935
is_linear=0
shrinkage=0.035


Tree=54
num_leaves=23
num_cat=0
split_feature=9 17 19 21 20 20 23 15 23 12 20 9 5 4 14 21 3 19 21 23 6 3
split_gain=17338.5 3770.97 2625.35 1726.35 1164.19 1134.27 1024.19 960.726 756.936 541.028 540.082 531.586 485.073 438.038 432.492 407.706 329.319 317.998 294.942 328.384 288.663 279.7
threshold=13.081168831168833 6.7825771296989936 1.0000000180025095e-35 1.0000000180025095e-35 1.0000000180025095e-35 1.0000000180025095e-35 24.500000000000004 0.24500000000000002 4.5000000000000009 1.936491673103709 1.0000000180025095e-35 23.446428571428573 7.5000000000000009 18.500000000000004 0.20714285714285716 1.0000000180025095e-35 18.500000000000004 1.0000000180025095e-35 1.0000000180025095e-35 24.500000000000004 16.500000000000004 22.500000000000004
decision_type=2 2 2 2 2 2 2 2 2 2 2 2 2 2 2 2 2 2 2 2 2 2
left_child=1 9 3 6 21 20 8 10 12 -1 18 14 -2 -8 -10 -12 -15 -11 19 -3 -4 -5
right_child=2 7 5 4 -6 -7 13 -9 11 17 15 -13 -14 16 -16 -17 -18 -19 -20 -21 -22 -23
leaf_value=-0.035015733234881108 -8.459417546788852e-05 -0.013353250085294251 0.069017927283879191 0.085687771359927792 0.28540563686026471 0.34960617084056145 0.06076494436257552 0.06869714706391096 0.022249690355188805 -0.019831934408965416 0.021078525309893608 0.071416039624147956 0.10022003729463826 0.078650369430484077 0.1094803602901632 0.12278693242482477 0.15121055681879322 0.036703414269099677 0.029678376020431472 0.016501331228820224 0.19455049763218718 0.1774018263264463
leaf_weight=6714 70 2005 56 257 49 45 369 310 1810 3209 1069 373 361 173 68 46 178 122 301 577 47 53
leaf_count=6714 70 2005 56 257 49 45 369 310 1810 3209 1069 373 361 173 68 46 178 122 301 577 47 53
internal_value=0.000256293 -0.0175438 0.0655577 0.0596743 0.13238 0.208118 0.0518138 0.00983953 0.0417118 -0.0292885 0.00519131 0.0334244 0.084075 0.0888723 0.0256998 0.0258196 0.117103 -0.0177041 -0.00281152 -0.00665588 0.132817 0.10399
internal_weight=18262 14353 3909 3761 359 148 3402 4308 2682 10045 3998 2251 431 720 1878 1115 351 3331 2883 2582 103 310
internal_count=18262 14353 3909 3761 359 148 3402 4308 2682 10045 3998 2251 431 720 1878 1115 351 3331 2883 2582 103 310
is_linear=0
shrinkage=0.035


Tree=55
num_leaves=23
num_cat=0
split_feature=9 19 17 21 17 23 18 23 28 17 3 23 3 0 19 23 25 13 24 23 23 14
split_gain=16195.3 3419.81 2904.3 1697.72 1139.4 830.618 653.893 604.057 582.231 571.963 478.952 670.985 474.34 446.633 419.806 361.865 336.333 326.659 315.143 312.769 305.667 284.997
threshold=11.267857142857144 1.0000000180025095e-35 6.7825771296989936 1.0000000180025095e-35 23.117857467758697 28.500000000000004 0.14907407407407411 24.500000000000004 233.00000000000003 2.5849178840663378 13.500000000000002 4.5000000000000009 21.500000000000004 25.500000000000004 1.0000000180025095e-35 24.500000000000004 43337.000000000007 0.53571428571428581 1.5000000000000002 24.500000000000004 23.500000000000004 0.080128205128205135
decision_type=2 2 2 2 2 2 2 2 2 2 2 2 2 2 2 2 2 2 2 2 2 2
left_child=2 3 9 4 7 12 15 10 13 -1 21 -12 16 -3 -11 18 -5 19 -4 -8 -6 -2
right_child=1 8 6 5 20 -7 17 -9 -10 14 11 -13 -14 -15 -16 -17 -18 -19 -20 -21 -22 -23
leaf_value=-0.03497709860563452 -0.0057608796866396835 0.14653990598249381 -0.030778537141511523 0.092579355974284114 0.070662534605166027 0.23762915985859359 0.017117983525951747 0.062494598081186299 0.10420285723049988 -0.020212060352017072 0.088226187301534573 0.027429020908683668 0.17399838616546148 0.31798865018596112 0.037319722563645623 0.024877489007442775 -0.001487169730680762 0.10222708318113204 0.00092212252161038666 0.075904971926297624 0.12814718206497758 0.050127233895300723
leaf_weight=5952 644 46 484 207 641 60 598 760 56 3978 262 1409 73 66 157 585 59 78 1786 133 149 130
leaf_count=5952 644 46 484 207 641 60 598 760 56 3978 262 1409 73 66 157 585 59 78 1786 133 149 130
internal_value=0.000626157 0.0577347 -0.0183329 0.0516515 0.0446576 0.120215 0.00834367 0.0352688 0.210648 -0.0280239 0.0266885 0.0372068 0.0962312 0.256993 -0.017981 0.00044704 0.0720079 0.0360158 -0.00588206 0.0282806 0.0822644 0.00386504
internal_weight=18313 4562 13751 4394 3995 399 3664 3205 168 10087 2445 1671 339 112 4135 2855 266 809 2270 731 790 774
internal_count=18313 4562 13751 4394 3995 399 3664 3205 168 10087 2445 1671 339 112 4135 2855 266 809 2270 731 790 774
is_linear=0
shrinkage=0.035


Tree=56
num_leaves=23
num_cat=0
split_feature=17 19 9 6 20 23 6 23 15 23 4 17 4 19 18 20 23 0 23 23 19 18
split_gain=15905 3165.41 2785.14 1499.3 714.72 617.954 606.412 576.247 565.896 534.616 537.629 505.807 452.406 410.564 388.361 317.895 315.609 299.757 282.921 272.454 262.263 246.119
threshold=13.093589226599747 1.0000000180025095e-35 6.4907407407407414 17.500000000000004 1.0000000180025095e-35 24.500000000000004 13.500000000000002 30.500000000000004 0.069047619047619066 3.5000000000000004 22.500000000000004 2.707735992000869 8.5000000000000018 1.0000000180025095e-35 1.0000000180025095e-35 1.0000000180025095e-35 4.5000000000000009 14.500000000000002 24.500000000000004 26.500000000000004 1.0000000180025095e-35 0.10620300751879701
decision_type=2 2 2 2 2 2 2 2 2 2 2 2 2 2 2 2 2 2 2 2 2 2
left_child=2 3 11 8 6 13 -3 9 12 -5 18 -1 -2 14 -4 -7 -14 -18 -11 -10 -13 -17
right_child=1 4 5 7 -6 15 -8 -9 19 10 -12 20 16 -15 -16 21 17 -19 -20 -21 -22 -23
leaf_value=-0.033178457605290909 -0.012849847981399539 0.056044439597378919 -0.014347499409238445 0.13682411481953799 0.31982641971111297 0.020145607866967719 0.22406032247408747 0.1933188811563096 0.05372480066891059 0.038148239550116821 0.092912605256182765 -0.018882405173129856 0.078501497702332348 0.072822593136900871 0.010948908050402887 0.04069332273401452 0.0022660546532604028 0.039247034116716234 0.079348360232764592 0.12780846193060441 0.028369687803710502 0.1166333082456361
leaf_weight=6260 329 54 1501 150 50 604 57 48 568 699 624 3776 159 88 1463 164 416 761 300 68 145 80
leaf_count=6260 329 54 1501 150 50 604 57 48 568 699 624 3776 159 88 1463 164 416 761 300 68 145 80
internal_value=0.000598668 0.0596195 -0.0173672 0.0535031 0.209782 0.00777217 0.148413 0.0772307 0.0345908 0.0735432 0.0672817 -0.026998 0.0237228 0.000405026 -0.00185815 0.0341086 0.0327565 0.0262561 0.0508716 0.0626082 -0.0170966 0.067504
internal_weight=18364 4283 14081 4122 161 3900 111 1821 2301 1773 1623 10181 1665 3052 2964 848 1336 1177 999 636 3921 244
internal_count=18364 4283 14081 4122 161 3900 111 1821 2301 1773 1623 10181 1665 3052 2964 848 1336 1177 999 636 3921 244
is_linear=0
shrinkage=0.035


Tree=57
num_leaves=23
num_cat=0
split_feature=17 9 19 17 21 21 28 4 21 21 15 27 19 27 6 24 15 3 25 25 9 19
split_gain=14731.1 2570.81 2522.73 1286.81 783.154 731.551 688.381 461.596 412.304 400.46 374.748 358.476 376.033 348.924 327.99 397.273 319.03 323.528 258.118 252.389 243.647 235.029
threshold=12.447090918857104 5.3452380952380958 1.0000000180025095e-35 23.117857467758697 1.0000000180025095e-35 1.0000000180025095e-35 200.00000000000003 14.500000000000002 1.0000000180025095e-35 1.0000000180025095e-35 0.069047619047619066 4472.0000000000009 1.0000000180025095e-35 4472.0000000000009 14.500000000000002 3.5000000000000004 0.13961038961038963 10.500000000000002 52360.000000000007 31488.000000000004 1.0741758241758244 1.0000000180025095e-35
decision_type=2 2 2 2 2 2 2 2 2 2 2 2 2 2 2 2 2 2 2 2 2 2
left_child=1 8 3 4 7 11 -4 16 20 -5 -9 -3 19 -7 -6 -16 17 -2 -15 -13 -1 -22
right_child=2 5 6 9 14 13 -8 10 -10 -11 -12 12 -14 18 15 -17 -18 -19 -20 -21 21 -23
leaf_value=-0.041305022845502366 -0.018064236702856454 -0.034197407685217791 0.25866076064221138 0.079501635377503446 0.036889603808522228 -0.020468976335004739 0.10816378970740624 0.039049264160981784 -0.0039064193742558038 0.16228065512381323 0.081020861687733148 0.024400673268584149 0.064374312246630414 0.063245533141639346 0.17071805836893619 0.068424295783852757 0.058653506154638782 0.02352080227316811 -0.011814359371098418 -0.0037142377122508191 -0.028512418260282398 0.0080930070595608816
leaf_weight=2025 309 374 82 796 93 92 88 1434 773 81 324 438 108 402 95 110 213 846 63 3335 6033 220
leaf_count=2025 309 374 82 796 93 92 88 1434 773 81 324 438 108 402 95 110 213 846 63 3335 6033 220
internal_value=0.000397118 -0.0174207 0.0556057 0.0502307 0.0404262 0.00324569 0.186173 0.0351368 -0.0284058 0.0880436 0.0470024 -0.00170542 0.0014612 0.0407777 0.094359 0.118848 0.01976 0.0123505 0.0530214 -0.000417828 -0.0306877 -0.0272163
internal_weight=18334 13863 4471 4301 3424 4812 170 3126 9051 877 1758 4255 3881 557 298 205 1368 1155 465 3773 8278 6253
internal_count=18334 13863 4471 4301 3424 4812 170 3126 9051 877 1758 4255 3881 557 298 205 1368 1155 465 3773 8278 6253
is_linear=0
shrinkage=0.035


Tree=58
num_leaves=23
num_cat=0
split_feature=9 21 25 12 20 20 19 28 19 15 9 10 12 23 23 23 6 15 23 23 17 7
split_gain=13610.7 2392.61 1718.63 1493.67 1153.43 852.245 809.319 628.941 622.657 535.538 458.583 448.324 377.189 370.939 353.06 347.364 346.627 326.842 302.184 416.977 286.47 313.847
threshold=9.4654761904761919 1.0000000180025095e-35 16785.000000000004 1.936491673103709 1.0000000180025095e-35 1.0000000180025095e-35 1.0000000180025095e-35 233.00000000000003 1.0000000180025095e-35 0.53137254901960795 6.5400641025641031 8.6175346157400856 2.7667957505056484 3.5000000000000004 24.500000000000004 24.500000000000004 22.500000000000004 0.036375661375661381 24.500000000000004 3.5000000000000004 21.445547522483025 19.785714285714288
decision_type=2 2 2 2 2 2 2 2 2 2 2 2 2 2 2 2 2 2 2 2 2 2
left_child=3 2 6 -1 7 12 13 11 9 10 -5 -3 -4 -2 -15 -12 17 -7 19 -14 21 -16
right_child=1 4 5 8 -6 16 -8 -9 -10 -11 15 -13 18 14 20 -17 -18 -19 -20 -21 -22 -23
leaf_value=-0.030958411406303822 0.11664247073587919 0.1030253879569604 -0.07160783426629172 -0.018511708706585535 0.24964505820457514 0.028149689603622238 0.19725746755841478 0.048012570644418405 0.052782516574604074 0.10175004760040639 -0.0052249176150651081 0.22343758418159396 0.052039701157611695 0.046770677981369441 0.08743285032143186 0.027470557133238541 0.10593651479968685 0.074752553422743673 0.038079196527713723 0.0020224439684485883 0.11838647869856209 -0.00510977443785885
leaf_weight=6718 142 191 58 3288 67 593 53 205 202 48 1902 52 229 1117 119 498 123 272 541 1613 181 69
leaf_count=6718 142 191 58 3288 67 593 53 205 202 48 1902 52 229 1117 119 498 123 272 541 1613 181 69
internal_value=0.000473201 0.0457501 0.0384197 -0.019659 0.117382 0.0241408 0.0673784 0.0950255 -0.00685707 -0.00900453 -0.0100308 0.132848 0.0129792 0.0625484 0.0569937 0.00159512 0.0514953 0.0431695 0.0151909 0.00837418 0.0868541 0.0541246
internal_weight=18281 5625 5110 12656 515 3429 1681 448 5938 5736 5688 243 2441 1628 1486 2400 988 865 2383 1842 369 188
internal_count=18281 5625 5110 12656 515 3429 1681 448 5938 5736 5688 243 2441 1628 1486 2400 988 865 2383 1842 369 188
is_linear=0
shrinkage=0.035


Tree=59
num_leaves=23
num_cat=0
split_feature=17 9 12 20 21 21 20 21 11 21 15 23 12 4 0 11 20 28 11 23 23 23
split_gain=12452.5 2382.54 1281.54 1140.31 1089.95 834.185 729.931 593.543 469.612 463.884 457.043 423.729 389.627 307.812 301.582 337.367 291.704 258.249 285.642 226.446 235.955 218.888
threshold=9.497074018851217 20.232142857142861 1.936491673103709 1.0000000180025095e-35 1.0000000180025095e-35 1.0000000180025095e-35 1.0000000180025095e-35 1.0000000180025095e-35 7.4708223290533793 1.0000000180025095e-35 0.046536796536796543 24.500000000000004 9.5805920426615412 6.5000000000000009 17.500000000000004 6.6682254805256287 1.0000000180025095e-35 224.50000000000003 6.9301856055572211 24.500000000000004 3.5000000000000004 3.5000000000000004
decision_type=2 2 2 2 2 2 2 2 2 2 2 2 2 2 2 2 2 2 2 2 2 2
left_child=2 3 -1 9 6 10 21 11 -6 12 14 16 13 -2 -5 -16 -4 -8 -19 20 -15 -3
right_child=1 4 7 5 8 -7 17 -9 -10 -11 -12 -13 -14 19 15 -17 -18 18 -20 -21 -22 -23
leaf_value=-0.030077457976950817 -0.011812492057049012 0.09692384652917585 -0.023295391808705157 0.021128382062473534 0.23798552063496217 0.1957035859889136 0.12349600802410736 0.024615696332625541 0.10728021447360517 0.057780916434239778 0.083235648155634612 0.0074769987735212292 0.05961975777346263 0.046177082883401055 0.093406271612578654 0.0023509135226408642 -0.0021227591664547026 0.10986242869198323 -0.0097093728192004496 0.036191148999434923 0.0044384465701868018 0.045077869565122664
leaf_weight=6723 621 115 2674 553 64 47 312 626 100 315 370 1118 202 184 174 70 1139 45 46 516 1384 859
leaf_count=6723 621 115 2674 553 64 47 312 626 100 315 370 1118 202 184 174 70 1139 45 46 516 1384 859
internal_value=0.000362022 0.0417749 -0.0198021 0.0286873 0.0792236 0.0575436 0.0685668 -0.00735169 0.163923 0.0177369 0.0511532 -0.0114344 0.0133 0.00973097 0.0358113 0.0679259 -0.0169865 0.108201 0.0518796 0.0161719 0.00947868 0.0516809
internal_weight=18257 5977 12280 4436 1541 1214 1377 5557 164 3222 1167 4931 2907 2705 797 244 3813 403 91 2084 1568 974
internal_count=18257 5977 12280 4436 1541 1214 1377 5557 164 3222 1167 4931 2907 2705 797 244 3813 403 91 2084 1568 974
is_linear=0
shrinkage=0.035


Tree=60
num_leaves=23
num_cat=0
split_feature=12 19 9 1 14 21 28 27 23 6 27 23 23 16 20 21 21 24 5 21 20 24
split_gain=11973.4 2881.53 1700.37 1426.39 898.989 868.004 669.226 665.138 564.937 516.893 451.736 429.427 499.243 422.74 414.374 380.585 304.903 326.773 273.34 264.76 259.083 249.273
threshold=4.3960660521492914 1.0000000180025095e-35 19.017857142857146 5.5000000000000009 0.43650793650793657 1.0000000180025095e-35 233.00000000000003 11523.000000000002 25.500000000000004 14.500000000000002 9349.5000000000018 3.5000000000000004 16.500000000000004 16.130116488954609 1.0000000180025095e-35 1.0000000180025095e-35 1.0000000180025095e-35 3.5000000000000004 12.500000000000002 1.0000000180025095e-35 1.0000000180025095e-35 3.5000000000000004
decision_type=2 2 2 2 2 2 2 2 2 2 2 2 2 2 2 2 2 2 2 2 2 2
left_child=3 2 4 10 7 11 9 8 18 -3 -1 -4 -13 16 -10 -12 -5 -18 20 -20 -2 -7
right_child=1 6 5 13 -6 21 -8 -9 14 -11 15 12 -14 -15 -16 -17 17 -19 19 -21 -22 -23
leaf_value=-0.027466325466120128 0.00045996179962813486 0.13474513804210972 0.11233632290399857 -0.0038856694624593534 0.11848847839406089 0.18949120053648952 0.081253824493479593 -0.018081611525316482 0.039986936608887365 0.29119828255374491 -0.010040132985717718 0.027043495721253714 0.067961848547741649 0.069715111794585199 0.11095004765316845 0.059685490550125175 0.067131745442604349 -0.0039696302604154228 0.026917200717874262 0.086373011547928827 0.034962786093084772 0.097655198194843265
leaf_weight=8567 1049 70 153 2729 114 70 81 469 393 62 918 647 872 105 137 102 157 153 932 99 353 123
leaf_count=8567 1049 70 153 2729 114 70 81 469 393 62 918 647 872 105 137 102 157 153 932 99 353 123
internal_value=0.000647382 0.0431572 0.0380863 -0.0181398 0.023794 0.0651154 0.168069 0.0204756 0.0266047 0.216304 -0.0248459 0.0566601 0.0506906 0.00231054 0.0592284 -0.00279336 -0.000123285 0.0324782 0.019384 0.0330325 0.009253 0.134996
internal_weight=18355 5624 5411 12731 3546 1865 213 3432 2963 132 9587 1672 1519 3144 530 1020 3039 310 2433 1031 1402 193
internal_count=18355 5624 5411 12731 3546 1865 213 3432 2963 132 9587 1672 1519 3144 530 1020 3039 310 2433 1031 1402 193
is_linear=0
shrinkage=0.035


Tree=61
num_leaves=23
num_cat=0
split_feature=9 19 4 9 23 28 14 18 5 21 19 21 3 23 23 23 23 17 21 4 8 12
split_gain=11033.4 2472.47 1400.63 1264.6 1061.02 743.148 592.088 492.605 492.054 435.36 365.258 333.421 311.32 308.709 308.526 267.697 263.99 239.788 261.641 238.182 231.276 213.846
threshold=9.5386904761904781 1.0000000180025095e-35 15.500000000000002 3.2613636363636371 26.500000000000004 210.50000000000003 0.27922077922077926 0.10620300751879701 9.5000000000000018 1.0000000180025095e-35 1.0000000180025095e-35 1.0000000180025095e-35 20.500000000000004 30.500000000000004 10.500000000000002 3.5000000000000004 23.500000000000004 0.61802265792321553 1.0000000180025095e-35 25.500000000000004 25.198051948051951 2.7999432957360493
decision_type=2 2 2 2 2 2 2 2 2 2 2 2 2 2 2 2 2 2 2 2 2 2
left_child=3 2 6 17 5 9 16 11 -3 15 -9 -5 -11 -6 -7 -4 21 -1 -19 -17 -21 -2
right_child=1 8 4 7 13 14 -8 10 -10 12 -12 -13 -14 -15 -16 19 -18 18 -20 20 -22 -23
leaf_value=-0.038879147259041721 -0.046326624278592167 0.08140475862576993 0.11341687690457329 -0.014811902538941641 0.094042816238345206 0.055276937885611159 0.092135611457439773 0.0099398071421624955 0.20374701719817062 0.074208683750971602 0.10626438860073686 0.01895377943367773 0.19315661871975121 0.18814301394304989 0.013904166099605911 0.037952935212273366 0.037079673157777736 -0.025207525935583331 0.00032941506313229052 0.051220098054082161 0.11591749884188177 0.012399958534489615
leaf_weight=1460 74 74 95 2998 318 304 127 1475 125 76 45 402 50 54 799 602 569 5838 535 199 114 1999
leaf_count=1460 74 74 95 2998 318 304 127 1475 125 76 45 402 50 54 799 602 569 5838 535 199 114 1999
internal_value=0.000653405 0.0416858 0.0371068 -0.0173048 0.0554855 0.0461848 0.0197018 -0.00338869 0.161449 0.0660335 0.0131421 -0.0107925 0.127115 0.110063 0.0255208 0.0578076 0.0160459 -0.0260357 -0.0230624 0.0514299 0.0762911 0.0101887
internal_weight=18332 5579 5380 12753 2611 2239 2769 4920 199 1136 1520 3400 126 372 1103 1010 2642 7833 6373 915 313 2073
internal_count=18332 5579 5380 12753 2611 2239 2769 4920 199 1136 1520 3400 126 372 1103 1010 2642 7833 6373 915 313 2073
is_linear=0
shrinkage=0.035


Tree=62
num_leaves=23
num_cat=0
split_feature=17 19 4 16 28 5 14 23 23 23 23 4 2 23 17 23 27 25 20 23 24 3
split_gain=10431.3 2388.88 1532.07 1129.93 780.215 651.287 528.957 470.786 437.092 385.025 381.059 324.245 317.015 436.14 288.957 278.694 272.969 317.527 272.632 248.784 229.144 207.856
threshold=10.053804683859294 1.0000000180025095e-35 15.500000000000002 5.1324719110110477 200.00000000000003 10.500000000000002 0.43650793650793657 26.500000000000004 24.500000000000004 3.5000000000000004 24.500000000000004 25.500000000000004 5.5000000000000009 3.5000000000000004 0.70505445730874639 23.500000000000004 4472.0000000000009 31488.000000000004 1.0000000180025095e-35 4.5000000000000009 3.5000000000000004 13.500000000000002
decision_type=2 2 2 2 2 2 2 2 2 2 2 2 2 2 2 2 2 2 2 2 2 2
left_child=3 2 6 14 8 -3 12 19 9 -4 16 -11 -2 20 -1 -15 -5 -18 -16 -6 -14 -21
right_child=1 5 4 10 7 -7 -8 -9 -10 11 -12 -13 13 15 18 -17 17 -19 -20 21 -22 -23
leaf_value=-0.037100845037672504 -0.021648906701320813 0.070172854505765908 0.12326221029654795 -0.03238006386903157 0.074880855552283895 0.20915783866465096 0.11825146017803088 0.08883354314998991 0.10936305333448838 0.038878224466099044 0.020741362651803753 0.08306820191436011 0.10184941066135358 0.0078610621677875307 -0.024759239161479978 0.036737945831607541 0.0432462374485061 -0.0054523216883373814 -0.0097964189239929701 -0.0025514908248829679 0.029683657779445406 0.031539618059395431
leaf_weight=1585 251 73 110 418 113 120 58 169 321 629 808 313 106 1763 5364 531 172 2227 2085 318 118 688
leaf_count=1585 251 73 110 418 113 120 58 169 321 629 808 313 106 1763 5364 531 172 2227 2085 318 118 688
internal_value=0.000800422 0.0401833 0.0358327 -0.016881 0.0548782 0.159776 0.0178342 0.0350683 0.0732543 0.0617546 -0.000366815 0.0539408 0.0155152 0.0192623 -0.0235017 0.0146183 -0.0064535 -0.00187084 -0.0205828 0.0265736 0.0653881 0.0207867
internal_weight=18340 5681 5488 12659 2661 193 2827 1288 1373 1052 3625 942 2769 2518 9034 2294 2817 2399 7449 1119 224 1006
internal_count=18340 5681 5488 12659 2661 193 2827 1288 1373 1052 3625 942 2769 2518 9034 2294 2817 2399 7449 1119 224 1006
is_linear=0
shrinkage=0.035


Tree=63
num_leaves=23
num_cat=0
split_feature=0 9 19 4 28 23 21 28 24 21 19 14 6 9 18 11 13 5 6 21 4 7
split_gain=9627.39 1548.43 1421.48 1190.49 911.164 652.842 465.497 446.386 420.398 379.463 366.199 295.688 289.479 273.001 272.907 247.079 309.363 235.359 225.43 214.789 208.755 198.005
threshold=11.500000000000002 6.1801948051948061 1.0000000180025095e-35 15.500000000000002 200.00000000000003 30.500000000000004 1.0000000180025095e-35 200.00000000000003 3.5000000000000004 1.0000000180025095e-35 1.0000000180025095e-35 0.34523809523809529 5.5000000000000009 1.1818783068783072 0.13961038961038963 5.5975366939783759 1.0000000180025095e-35 40.500000000000007 20.500000000000004 1.0000000180025095e-35 6.5000000000000009 20.642857142857149
decision_type=2 2 2 2 2 2 2 2 2 2 2 2 2 2 2 2 2 2 2 2 2 2
left_child=1 10 3 11 -4 7 14 9 -8 17 13 18 -6 -1 20 -9 -17 21 -2 -15 -3 -5
right_child=2 6 4 5 12 -7 8 15 -10 -11 -12 -13 -14 19 -16 16 -18 -19 -20 -21 -22 -23
leaf_value=-0.033470785537940757 0.01312820962744864 -0.017192664773347625 0.20960542945989544 0.036755553832717641 0.0043766542606716681 0.17590424200519922 0.097775733623343214 0.05680870976950058 0.0098857506852356846 0.12499792328901646 0.014023461816611994 0.07669816187159581 0.10591052117478103 -0.021662620847705361 0.020322163438574747 0.010144951384595079 0.080808324483171531 0.1347300760925941 0.047065429274418244 -0.0011119839037206762 0.00319466468360572 0.068793402869666842
leaf_weight=2358 1843 938 93 412 57 51 115 402 154 127 333 105 85 6466 717 504 85 48 273 692 1764 643
leaf_count=2358 1843 938 93 412 57 51 115 402 154 127 333 105 85 6466 717 504 85 48 273 692 1764 643
internal_value=0.000407021 -0.0146104 0.043378 0.0388864 0.126582 0.0566871 0.00472548 0.0535527 0.048622 0.0676908 -0.0218513 0.0205826 0.0668082 -0.0231153 0.00120072 0.0357356 0.0209664 0.0605423 0.0176156 -0.0196805 -0.00389502 0.0565308
internal_weight=18265 13537 4728 4493 235 2272 3688 2221 269 1230 9849 2221 142 9516 3419 991 589 1103 2116 7158 2702 1055
internal_count=18265 13537 4728 4493 235 2272 3688 2221 269 1230 9849 2221 142 9516 3419 991 589 1103 2116 7158 2702 1055
is_linear=0
shrinkage=0.035


Tree=64
num_leaves=23
num_cat=0
split_feature=17 17 21 20 19 15 10 20 21 9 15 5 20 20 27 21 18 5 23 17 11 11
split_gain=9529.79 2101.37 2060.01 925.212 1455.79 754 571.834 424.621 409.92 384.827 356.943 376.551 349.12 334.155 277.929 276.268 275.518 243.767 236.098 229.74 222.677 218.506
threshold=15.412596143717666 6.7825771296989936 1.0000000180025095e-35 1.0000000180025095e-35 1.0000000180025095e-35 0.069047619047619066 7.5985573069350503 1.0000000180025095e-35 1.0000000180025095e-35 23.446428571428573 0.10620300751879701 10.500000000000002 1.0000000180025095e-35 1.0000000180025095e-35 9349.5000000000018 1.0000000180025095e-35 0.17752100840336138 24.500000000000004 24.500000000000004 2.6436893172675031 7.4708223290533793 5.4998751220397599
decision_type=2 2 2 2 2 2 2 2 2 2 2 2 2 2 2 2 2 2 2 2 2 2
left_child=1 8 3 10 9 12 20 15 13 21 11 -2 -3 -1 -10 -7 -17 -11 -9 -15 -4 -5
right_child=2 5 6 4 -6 7 -8 18 14 17 -12 -13 -14 19 -16 16 -18 -19 -20 -21 -22 -23
leaf_value=-0.027517579806847672 -0.0048075368592842317 -0.008923799902522251 0.12771438879111122 0.077705824663674983 0.25098662737967836 0.0097704580307065563 0.2114357872095276 0.04374040859052912 -0.0070836455725141701 0.050870814298590035 0.069959898016783359 0.033150854249844465 0.016871452677746861 -0.020985070838187625 0.045618880037348597 0.012120599821209908 0.11706399817847543 0.14228829185017083 0.11006095534107753 0.00023888922586319438 0.050441718793090652 0.036552750328908014
leaf_weight=6480 393 2349 150 237 48 909 89 313 853 67 252 1677 879 1581 138 63 58 102 85 1028 80 527
leaf_count=6480 393 2349 150 237 48 909 89 313 853 67 252 1677 879 1581 138 63 58 102 85 1028 80 527
internal_value=0.000557957 -0.0119464 0.0513827 0.0430333 0.0715119 0.00749241 0.135782 0.0286213 -0.0209263 0.0609711 0.0308664 0.0259416 -0.00187899 -0.0232557 0.000429952 0.016584 0.0652122 0.10865 0.0591376 -0.0126312 0.102556 0.0497638
internal_weight=18358 14736 3622 3303 981 4656 319 1428 10080 933 2322 2070 3228 9089 991 1030 121 169 398 2609 230 764
internal_count=18358 14736 3622 3303 981 4656 319 1428 10080 933 2322 2070 3228 9089 991 1030 121 169 398 2609 230 764
is_linear=0
shrinkage=0.035


Tree=65
num_leaves=23
num_cat=0
split_feature=17 17 21 20 20 14 23 20 21 28 12 17 21 7 9 20 11 23 19 7 6 5
split_gain=8583.29 1842.75 1401.59 865.668 857.512 717.329 523.285 471.882 373.515 366.233 342.602 336.961 328.663 320.382 308.505 295.166 280.481 248.697 240.903 238.036 239.489 218.493
threshold=15.412596143717666 6.7825771296989936 1.0000000180025095e-35 1.0000000180025095e-35 1.0000000180025095e-35 0.17424242424242428 3.5000000000000004 1.0000000180025095e-35 1.0000000180025095e-35 421.00000000000006 11.525606589132243 21.920858840994246 1.0000000180025095e-35 22.357142857142858 10.904761904761907 1.0000000180025095e-35 6.8408115963461036 24.500000000000004 1.0000000180025095e-35 15.309523809523812 20.500000000000004 15.500000000000002
decision_type=2 2 2 2 2 2 2 2 2 2 2 2 2 2 2 2 2 2 2 2 2 2
left_child=1 8 4 9 10 7 -6 18 15 13 17 16 -9 -4 -7 -1 -8 -2 -3 -18 -21 -11
right_child=2 5 3 -5 6 14 11 12 -10 21 -12 -13 -14 -15 -16 -17 19 -19 -20 20 -22 -23
leaf_value=-0.026358985970914975 0.019505699126129764 -0.0071469385086958314 0.080091659644679375 0.25459776798486711 0.16416554132881372 0.030471999645461705 0.066253239688054827 0.016411117751515727 0.00041748783808333924 0.08186447695738848 0.075067691484752397 0.091698954067046243 0.1001163316994417 0.18492205435738845 0.097281055414195489 -0.012476751954961686 0.064375217146947092 0.048521490400320201 0.046811712572971981 0.025517467814855851 -0.058588266707416903 -0.014958551078696144
leaf_weight=6449 1668 2904 110 45 64 321 326 1124 980 57 187 306 56 63 115 2674 78 465 100 99 64 50
leaf_count=6449 1668 2904 110 45 64 321 326 1124 980 57 187 306 56 63 115 2674 78 465 100 99 64 50
internal_value=9.7863e-05 -0.0117258 0.0486497 0.117585 0.041596 0.00657733 0.0698328 0.00209538 -0.0200964 0.0914232 0.0300586 0.0620018 0.020804 0.122487 0.0490365 -0.022301 0.0452827 0.0259381 -0.00527009 0.0160747 -0.00816234 0.0378159
internal_weight=18305 14723 3582 325 3257 4620 937 4184 10103 280 2320 873 1180 173 436 9123 567 2133 3004 241 163 107
internal_count=18305 14723 3582 325 3257 4620 937 4184 10103 280 2320 873 1180 173 436 9123 567 2133 3004 241 163 107
is_linear=0
shrinkage=0.035


Tree=66
num_leaves=23
num_cat=0
split_feature=17 19 17 21 23 6 14 28 15 23 5 23 12 21 3 3 3 19 23 17 1 23
split_gain=8229.2 1932.22 1844.53 759.833 528.352 515.16 382.506 381.036 377.031 349.503 359.797 327.708 323.811 317.747 305.541 297.759 274.472 269.59 248.899 247.087 241.885 234.013
threshold=15.412596143717666 1.0000000180025095e-35 6.7825771296989936 1.0000000180025095e-35 24.500000000000004 17.500000000000004 0.13392857142857145 224.50000000000003 1.0000000180025095e-35 22.500000000000004 20.500000000000004 3.5000000000000004 1.770944207546751 1.0000000180025095e-35 16.500000000000004 5.5000000000000009 25.500000000000004 1.0000000180025095e-35 3.5000000000000004 23.897325347691226 19.500000000000004 23.500000000000004
decision_type=2 2 2 2 2 2 2 2 2 2 2 2 2 2 2 2 2 2 2 2 2 2
left_child=2 3 12 5 6 8 15 -3 14 10 20 -7 -1 -6 -2 -4 -16 -14 -17 -13 -5 -10
right_child=1 7 4 9 13 11 -8 -9 21 -11 -12 19 17 -15 16 18 -18 -19 -20 -21 -22 -23
leaf_value=-0.024962271614476391 -0.0087278749719766052 0.21876657826731799 -0.026295261394006543 0.090684562739597199 0.024411529914634692 0.10599381274002237 0.024633073194903168 0.09387447138968856 0.034934410848855818 0.17164825151764579 0.1332143293064745 0.037460760312357823 -0.01392208783825895 0.10807947209725779 0.042151382546754483 0.032738979389496346 -0.0084318467339761158 0.03373584450712884 -0.0030069154608759908 0.072079096040425381 0.0061594303270192967 0.092789365240748517
leaf_weight=5962 494 84 610 68 928 124 667 65 412 57 80 1017 4021 55 456 264 181 146 2106 349 99 109
leaf_count=5962 494 84 610 68 928 124 667 65 412 57 80 1017 4021 55 456 264 181 146 2106 349 99 109
internal_value=0.000205134 0.0476536 -0.0113634 0.0421549 0.00692972 0.0369179 0.000773145 0.169214 0.0233276 0.0947523 0.073884 0.0518456 -0.0197263 0.0296338 0.0118603 -0.00459377 0.0277975 -0.0122097 0.00102808 0.0465488 0.0423143 0.0478387
internal_weight=18354 3595 14759 3446 4630 3142 3647 149 1652 304 247 1490 10129 983 1131 2980 637 4167 2370 1366 167 521
internal_count=18354 3595 14759 3446 4630 3142 3647 149 1652 304 247 1490 10129 983 1131 2980 637 4167 2370 1366 167 521
is_linear=0
shrinkage=0.035


Tree=67
num_leaves=23
num_cat=0
split_feature=9 19 4 12 21 8 19 0 15 15 5 27 18 5 4 21 4 24 24 0 17 1
split_gain=7243.83 2043.99 1353.45 738.478 587.996 541.638 482.893 459.594 399.332 374.524 351.195 286.351 340.789 278.98 252.86 185.375 180.766 173.495 168.582 164.906 151.545 143.216
threshold=9.0178571428571441 1.0000000180025095e-35 15.500000000000002 1.936491673103709 1.0000000180025095e-35 22.321428571428573 1.0000000180025095e-35 14.500000000000002 0.13961038961038963 1.0000000180025095e-35 20.500000000000004 12965.500000000002 0.27888888888888896 41.500000000000007 11.500000000000002 1.0000000180025095e-35 6.5000000000000009 3.5000000000000004 4.5000000000000009 24.500000000000004 0.37141789703888234 27.500000000000004
decision_type=2 2 2 2 2 2 2 2 2 2 2 2 2 2 2 2 2 2 2 2 2 2
left_child=3 2 8 20 7 9 11 -4 15 14 -6 12 -5 21 -3 16 -2 -17 -19 -10 -1 -9
right_child=1 5 4 6 10 -7 -8 13 19 -11 -12 -13 -14 -15 -16 17 -18 18 -20 -21 -22 -23
leaf_value=-0.036035261368926839 -0.010795106014907909 0.0018503183312714101 0.014598712837214579 -0.013289910237796585 0.066281953738221239 0.24013858450361747 0.049327819178207839 0.051150716413234626 0.035446776696242834 0.1765646960092872 0.15417244926831405 0.019880641608225075 0.015225447930493956 0.12715556172686712 0.10615423235703599 0.076098702591791592 0.010308451650140122 -0.02190601051465656 0.059966355543948857 0.10512989336587489 -0.020825679606332838 0.021553065954475654
leaf_weight=947 675 51 636 4481 212 47 183 1409 357 52 81 420 575 52 61 84 1843 73 46 45 5776 248
leaf_count=947 675 51 636 4481 212 47 183 1409 357 52 81 420 575 52 61 84 1843 73 46 45 5776 248
internal_value=0.000111943 0.0317582 0.0277641 -0.0151567 0.0462033 0.137563 -0.00582846 0.0401865 0.0121339 0.101828 0.0928172 -0.00771821 -0.0100317 0.0496283 0.0609171 0.00727504 0.0046341 0.03905 0.0107429 0.0444858 -0.0229959 0.0468096
internal_weight=18354 5972 5761 12382 2638 211 5659 2345 3123 164 293 5476 5056 1709 112 2721 2518 203 119 402 6723 1657
internal_count=18354 5972 5761 12382 2638 211 5659 2345 3123 164 293 5476 5056 1709 112 2721 2518 203 119 402 6723 1657
is_linear=0
shrinkage=0.035


Tree=68
num_leaves=23
num_cat=0
split_feature=9 21 12 20 19 14 23 19 5 23 5 12 9 21 20 23 18 23 7 18 26 24
split_gain=7141.88 1788.45 1477.84 820.899 886.908 776.503 737.325 570.237 440.776 409.26 393.764 356.601 323.136 320.911 331.219 261.08 259.888 219.003 213.618 211.988 199.727 185.629
threshold=13.081168831168833 1.0000000180025095e-35 2.9626198523700884 1.0000000180025095e-35 1.0000000180025095e-35 0.43650793650793657 22.500000000000004 1.0000000180025095e-35 16.500000000000004 24.500000000000004 20.500000000000004 11.525606589132243 25.222527472527478 1.0000000180025095e-35 1.0000000180025095e-35 24.500000000000004 1.0000000180025095e-35 4.5000000000000009 2.3095238095238098 0.17519181585677754 41450.000000000007 3.5000000000000004
decision_type=2 2 2 2 2 2 2 2 2 2 2 2 2 2 2 2 2 2 2 2 2 2
left_child=2 3 13 8 12 7 10 9 19 16 -3 21 15 14 -1 17 -4 -5 -16 -2 -9 -10
right_child=1 6 5 4 -6 -7 -8 20 11 -11 -12 -13 -14 -15 18 -17 -18 -19 -20 -21 -22 -23
leaf_value=-0.02505440595913859 0.002834222034145119 0.058792051951775254 -0.016254100868705726 0.081150989179663818 0.20408235605294797 0.083703529917076233 0.2087432371849085 0.012537247586296872 0.047860133338506416 0.020674518995390294 0.15338531196715291 0.11302796723047893 0.11996468885025631 0.0010803378109332787 -0.018336925768465084 0.083456628670581651 0.0031243281577079669 0.028677491562841193 0.0023909481083815238 0.04250285233686945 0.099900535986441941 0.019939582621764061
leaf_weight=6155 1058 204 1470 114 46 145 80 51 576 958 76 70 79 916 1498 190 1988 637 1020 191 92 617
leaf_count=6155 1058 204 1470 114 46 145 80 51 576 958 76 70 79 916 1498 190 1988 637 1020 191 92 617
internal_value=0.000781498 0.0424859 -0.0107185 0.034891 0.060595 0.00534339 0.116411 0.00275832 0.0238775 0.000488928 0.0867693 0.0384237 0.0531429 -0.0185983 -0.0206781 0.0469101 -0.00511999 0.03715 -0.00994537 0.00905968 0.0703374 0.0335782
internal_weight=18231 3938 14293 3578 1066 4704 360 4559 2512 4416 280 1263 1020 9589 8673 941 3458 751 2518 1249 143 1193
internal_count=18231 3938 14293 3578 1066 4704 360 4559 2512 4416 280 1263 1020 9589 8673 941 3458 751 2518 1249 143 1193
is_linear=0
shrinkage=0.035


Tree=69
num_leaves=23
num_cat=0
split_feature=9 21 25 20 12 20 20 15 6 15 23 13 23 23 27 18 23 23 7 9 12 23
split_gain=6645.78 1500.94 1063.79 898.528 612.582 488.888 479.808 416.677 410.751 339.702 316.15 280.792 269.511 318.126 261.117 266.03 258.903 352.36 288.002 250.738 248.542 207.756
threshold=9.0178571428571441 1.0000000180025095e-35 16785.000000000004 1.0000000180025095e-35 1.936491673103709 1.0000000180025095e-35 1.0000000180025095e-35 0.53137254901960795 14.500000000000002 1.0000000180025095e-35 24.500000000000004 0.15476190476190479 24.500000000000004 5.5000000000000009 12965.500000000002 1.0000000180025095e-35 19.500000000000004 1.5000000000000002 19.171428571428574 24.732142857142861 11.950072206766988 22.500000000000004
decision_type=2 2 2 2 2 2 2 2 2 2 2 2 2 2 2 2 2 2 2 2 2 2
left_child=4 2 5 8 -1 20 16 10 -3 19 14 12 13 -8 15 -6 17 -4 -18 -7 -2 -10
right_child=1 3 6 -5 7 9 11 -9 21 -11 -12 -13 -14 -15 -16 -17 18 -19 -20 -21 -22 -23
leaf_value=-0.021356296652660818 0.030664573862492401 0.025353457959809207 0.06594767093052005 0.19336146498235263 -0.021645834551636843 0.046426957223626525 0.064226318231950977 0.092910381841759856 0.07563728614058346 0.13893946874886753 0.010150801709627877 0.10037781136563501 0.063989312493799383 0.0083298179699458526 0.019412951414556203 -0.0038753320089342626 0.013356064430361164 -0.0069370788821138752 0.074300526043154166 0.11407507078317199 0.089207482538138982 0.15789103210800223
leaf_weight=6767 1126 193 81 77 2152 321 151 47 240 88 1099 69 209 638 321 1989 977 1464 101 87 94 49
leaf_count=6767 1126 193 81 77 2152 321 151 47 240 88 1099 69 209 638 321 1989 977 1464 101 87 94 49
internal_value=0.00035629 0.0306888 0.0249878 0.0850805 -0.0142697 0.047725 0.0143591 -0.00570391 0.0659389 0.0770189 -0.00662322 0.0340947 0.029017 0.0193865 -0.0107654 -0.0131295 0.00627471 -0.00290424 0.0193989 0.0621007 0.0355352 0.092091
internal_weight=18340 5965 5406 559 12375 1716 3690 5608 482 496 5561 1067 998 789 4462 4141 2623 1545 1078 408 1220 289
internal_count=18340 5965 5406 559 12375 1716 3690 5608 482 496 5561 1067 998 789 4462 4141 2623 1545 1078 408 1220 289
is_linear=0
shrinkage=0.035


Tree=70
num_leaves=23
num_cat=0
split_feature=9 19 12 14 28 21 5 21 28 25 23 26 21 23 14 6 9 24 27 23 3 23
split_gain=6129.07 1530.18 1229.16 720.779 701.724 538.81 516.24 475.501 402.284 384.693 342.872 316.514 295.451 275.392 270.696 264.457 242.216 239.55 229.814 225.24 224.595 217.122
threshold=12.21825396825397 1.0000000180025095e-35 2.7999432957360493 0.44949494949494956 200.00000000000003 1.0000000180025095e-35 15.500000000000002 1.0000000180025095e-35 421.00000000000006 33201.500000000007 23.500000000000004 62950.000000000007 1.0000000180025095e-35 24.500000000000004 0.20714285714285716 14.500000000000002 12.934873949579833 3.5000000000000004 9349.5000000000018 4.5000000000000009 16.500000000000004 3.5000000000000004
decision_type=2 2 2 2 2 2 2 2 2 2 2 2 2 2 2 2 2 2 2 2 2 2
left_child=2 4 12 7 5 9 -7 10 15 14 21 13 -1 19 -2 -3 -11 -8 -14 20 -6 -4
right_child=1 8 3 -5 11 6 17 -9 -10 16 -12 -13 18 -15 -16 -17 -18 -19 -20 -21 -22 -23
leaf_value=-0.019330412387758213 0.044446681761271721 0.10348988448028211 0.018492389578490941 0.085541444983304918 0.012827657865697242 0.013836815461516381 0.1963303208185567 0.03829813969950021 0.056115246731145638 0.037181312058819464 0.015507778119541836 -0.054986689655082445 -0.0043891394394449893 0.04673339393318212 0.12874472901076078 0.23289703169630638 -0.064037273860762287 0.089011745661203026 0.052104719690602236 0.01005439340165044 0.077547211473023431 -0.010519629069444925
leaf_weight=8454 1567 49 352 126 136 55 58 404 53 47 1100 62 803 446 45 58 61 71 94 1398 128 2747
leaf_count=8454 1567 49 352 126 136 55 58 404 53 47 1100 62 803 446 45 58 61 71 94 1398 128 2747
internal_value=0.00115067 0.0380492 -0.00995341 0.00458233 0.0337637 0.0492657 0.105814 0.00227198 0.142731 0.042917 -0.00123148 0.0200719 -0.0173048 0.0224127 0.0472016 0.181058 -0.0201374 0.142919 0.00176767 0.0157551 0.04513 -0.00719418
internal_weight=18314 4234 14080 4729 4074 1904 184 4603 160 1720 4199 2170 9351 2108 1612 107 108 129 897 1662 264 3099
internal_count=18314 4234 14080 4729 4074 1904 184 4603 160 1720 4199 2170 9351 2108 1612 107 108 129 897 1662 264 3099
is_linear=0
shrinkage=0.035


Tree=71
num_leaves=23
num_cat=0
split_feature=9 19 6 20 12 19 21 15 9 20 24 12 24 5 6 6 15 21 4 25 6 21
split_gain=5407.74 1548.17 1040.88 759.477 568.657 527.609 498.504 468.792 389.121 372.521 359.041 325.509 306.072 256.134 247.004 246.84 222.962 186.983 185.251 184.376 190.514 174.027
threshold=9.0178571428571441 1.0000000180025095e-35 17.500000000000004 1.0000000180025095e-35 1.936491673103709 1.0000000180025095e-35 1.0000000180025095e-35 0.31698564593301443 22.654761904761909 1.0000000180025095e-35 3.5000000000000004 2.7667957505056484 3.5000000000000004 11.500000000000002 27.500000000000004 7.5000000000000009 0.4188596491228071 1.0000000180025095e-35 24.500000000000004 16785.000000000004 7.5000000000000009 1.0000000180025095e-35
decision_type=2 2 2 2 2 2 2 2 2 2 2 2 2 2 2 2 2 2 2 2 2 2
left_child=4 2 7 15 -1 9 8 11 -4 21 -8 -2 13 -13 -12 -3 17 -11 -10 20 -15 -6
right_child=1 3 6 -5 5 -7 10 -9 18 16 14 12 -14 19 -16 -17 -18 -19 -20 -21 -22 -23
leaf_value=-0.019776066267864916 -0.051845574132942912 0.0059891443717170444 0.02626069268909301 0.21993140076451442 -0.015165915057259798 0.051576125968736952 0.14214862922493082 0.097017610995213943 0.043240212082845279 0.0028662129996603935 0.018088631490522093 0.010415478387673116 0.00065659709512956902 0.10184654318769411 0.11056825129157406 0.10533027688538037 0.077372503836723908 0.066531046188231246 0.085647044106936243 0.02501562449169293 0.037687797587894395 0.0067565457698724731
leaf_weight=6729 91 48 1142 63 3442 192 99 76 313 1384 96 1189 1402 84 54 85 50 54 239 750 192 505
leaf_count=6729 91 48 1142 63 3442 192 99 76 313 1384 96 1189 1402 84 54 85 50 54 239 750 192 505
internal_value=0.000266456 0.0277497 0.0243711 0.123321 -0.0129124 -0.00469124 0.0451698 0.0136413 0.0381426 -0.00672777 0.0912163 0.0117993 0.0134748 0.0215605 0.053987 0.0711206 0.00816945 0.00549134 0.0622366 0.0343459 0.0587414 -0.0123516
internal_weight=18279 5923 5727 196 12356 5627 1943 3784 1694 5435 249 3708 3617 2215 150 133 1488 1438 552 1026 276 3947
internal_count=18279 5923 5727 196 12356 5627 1943 3784 1694 5435 249 3708 3617 2215 150 133 1488 1438 552 1026 276 3947
is_linear=0
shrinkage=0.035


Tree=72
num_leaves=23
num_cat=0
split_feature=17 19 23 21 6 17 20 23 24 6 21 15 3 14 20 23 19 24 21 16 9 17
split_gain=5235.66 1387.87 865.849 739.299 598.659 565.843 453.456 384.621 720.794 331.341 309.803 265.006 307.153 255.453 237.438 211.941 209.896 188.902 186.345 161.018 156.542 156.023
threshold=9.6916504648696655 1.0000000180025095e-35 24.500000000000004 1.0000000180025095e-35 6.5000000000000009 23.117857467758697 1.0000000180025095e-35 3.5000000000000004 1.5000000000000002 16.500000000000004 1.0000000180025095e-35 0.13961038961038963 18.500000000000004 0.42261904761904767 1.0000000180025095e-35 27.500000000000004 1.0000000180025095e-35 3.5000000000000004 1.0000000180025095e-35 17.321436148790472 1.7875939849624063 19.672574051149649
decision_type=2 2 2 2 2 2 2 2 2 2 2 2 2 2 2 2 2 2 2 2 2 2
left_child=4 2 5 11 10 7 9 8 -2 19 14 12 -4 18 -1 -14 -6 -10 -9 -3 -16 -19
right_child=1 6 3 -5 16 -7 -8 13 17 -11 -12 -13 15 -15 20 -17 -18 21 -20 -21 -22 -23
leaf_value=-0.021180776380073464 -0.056075689746066935 0.077992551826216561 0.02403048850870913 0.16153156188905279 0.0032347865683394869 0.04546137005791747 0.19367829485147292 0.0032279346021463909 0.084412760462543771 0.14605569899082185 0.0032349279628525601 0.09484457189524953 0.098038915967119167 0.068636874463636338 -0.019366825441851809 0.037472606584631717 0.072020173491910103 0.013647181497703137 0.031429255422902501 -0.008565835229776525 -0.0020944701901777483 0.086782214045524608
leaf_weight=6862 73 49 663 66 1912 728 61 2908 200 51 947 110 140 77 1056 161 51 137 314 49 1641 45
leaf_count=6862 73 49 663 66 1912 728 61 2908 200 51 947 110 140 77 1056 161 51 137 314 49 1641 45
internal_value=0.000286413 0.0276466 0.0242807 0.051471 -0.012515 0.0173112 0.115016 0.0117943 0.041794 0.0774556 -0.0158293 0.0439741 0.0376919 0.00759447 -0.0177205 0.0668418 0.00520921 0.0610249 0.00602616 0.0362286 -0.00888719 0.0336605
internal_weight=18301 5832 5622 1140 12469 4482 210 3754 455 149 10506 1074 964 3299 9559 301 1963 382 3222 98 2697 182
internal_count=18301 5832 5622 1140 12469 4482 210 3754 455 149 10506 1074 964 3299 9559 301 1963 382 3222 98 2697 182
is_linear=0
shrinkage=0.035


Tree=73
num_leaves=23
num_cat=0
split_feature=17 21 20 20 19 9 25 23 10 23 1 12 21 23 15 12 7 23 23 12 28 20
split_gain=5106.71 1325 901.362 893.453 836.337 586.091 536.557 418.414 402.185 360.629 334.235 329.499 329.299 301.368 299.559 295.019 281.882 254.726 219.005 217.444 172.874 156.622
threshold=9.497074018851217 1.0000000180025095e-35 1.0000000180025095e-35 1.0000000180025095e-35 1.0000000180025095e-35 2.9309523809523812 16785.000000000004 24.500000000000004 7.6966288229389894 3.5000000000000004 21.500000000000004 10.099936517262854 1.0000000180025095e-35 1.5000000000000002 0.13188405797101452 11.950072206766988 15.071428571428573 10.500000000000002 24.500000000000004 7.8754767187594972 191.00000000000003 1.0000000180025095e-35
decision_type=2 2 2 2 2 2 2 2 2 2 2 2 2 2 2 2 2 2 2 2 2 2
left_child=5 3 8 6 7 -1 15 9 10 -5 16 20 14 -8 21 -2 -3 -10 -15 -9 -11 -7
right_child=1 2 -4 4 -6 12 13 19 17 11 -12 -13 -14 18 -16 -17 -18 -19 -20 -21 -22 -23
leaf_value=-0.018648271621353976 0.026956634794970832 0.027710865298993418 0.19693471200344431 0.088716947446050853 0.16648955230911575 -0.015166702987280742 0.066757713360353743 0.052397266570663098 0.17915063530206682 0.045397327528311993 -0.016466464185370851 0.075170519051975332 0.021214332297768826 -0.0033611944501634643 0.012099310032593834 0.091140206003004751 0.099037057238659187 0.059745213563243554 0.02129903407948874 0.11863138099949735 0.0089814202799381512 0.00049801473405648256
leaf_weight=7182 1113 153 66 110 61 2696 86 197 47 196 86 128 592 2045 868 92 127 52 557 97 807 1097
leaf_count=7182 1113 153 66 110 61 2696 86 197 47 196 86 128 592 2045 868 92 127 52 557 97 807 1097
internal_value=0.00065607 0.027105 0.0796808 0.0219478 0.0439699 -0.0121526 0.0128701 0.038565 0.0610831 0.0294305 0.0429994 0.0232839 -0.00325909 0.00414206 -0.00639065 0.0322278 0.0612937 0.122489 0.00194174 0.0759269 0.0163048 -0.0106369
internal_weight=18455 6020 531 5489 1596 12435 3893 1535 465 1241 366 1131 5253 2688 4661 1205 280 99 2602 294 1003 3793
internal_count=18455 6020 531 5489 1596 12435 3893 1535 465 1241 366 1131 5253 2688 4661 1205 280 99 2602 294 1003 3793
is_linear=0
shrinkage=0.035


Tree=74
num_leaves=23
num_cat=0
split_feature=9 19 12 6 14 28 19 15 23 23 8 18 21 17 21 20 4 10 3 0 3 20
split_gain=4854.09 1341.72 934.586 626.719 577.815 512.336 412.63 348.905 335.356 329.432 347.328 252.786 300.126 242.158 269.506 260.693 224.053 346.812 219.09 217.743 208.696 195.278
threshold=13.081168831168833 1.0000000180025095e-35 3.0591609320965141 17.500000000000004 0.43650793650793657 224.50000000000003 1.0000000180025095e-35 0.036375661375661381 3.5000000000000004 24.500000000000004 22.178571428571434 1.0000000180025095e-35 1.0000000180025095e-35 0.65760959197623325 1.0000000180025095e-35 1.0000000180025095e-35 23.500000000000004 10.177004891982147 16.500000000000004 26.500000000000004 5.5000000000000009 1.0000000180025095e-35
decision_type=2 2 2 2 2 2 2 2 2 2 2 2 2 2 2 2 2 2 2 2 2 2
left_child=2 3 13 7 6 -3 11 18 -5 16 21 20 -13 -1 15 -15 19 -18 -2 -10 -4 -11
right_child=1 5 4 8 -6 -7 -8 -9 9 10 -12 12 -14 14 -16 -17 17 -19 -20 -21 -22 -23
leaf_value=-0.027339128983301035 -0.0050718103911240632 0.19868778621616923 -0.029788370402601363 0.097847641530221921 0.074995867570178773 0.063319355930117047 0.060764270104922774 0.041996305019120286 0.028573732467112246 0.029027784847550926 0.11782930923503687 0.0034355507633104208 0.043537790517489551 -0.018351872677574245 0.0070636741337143641 -0.0039446176222759713 0.037977793341376437 0.12918865682437056 0.02186701530012549 -0.019358700356361544 -0.0022999317313849598 0.084113073121876492
leaf_weight=1521 714 76 467 140 134 72 139 525 628 247 117 2316 249 5338 805 2170 355 57 757 138 1204 119
leaf_count=1521 714 76 467 140 134 72 139 525 628 247 117 2316 249 5338 805 2170 355 57 757 138 1204 119
internal_value=0.00100731 0.0353651 -0.0084505 0.0312172 0.00473721 0.137169 0.00249814 0.0176282 0.0461773 0.0415311 0.0658918 0.000512682 0.00741246 -0.0144983 -0.0121318 -0.0141955 0.0312917 0.0520365 0.00880659 0.0198461 -0.0100586 0.0478774
internal_weight=18288 3945 14343 3797 4509 148 4375 1996 1801 1661 483 4236 2565 9834 8313 7508 1178 412 1471 766 1671 366
internal_count=18288 3945 14343 3797 4509 148 4375 1996 1801 1661 483 4236 2565 9834 8313 7508 1178 412 1471 766 1671 366
is_linear=0
shrinkage=0.035


Tree=75
num_leaves=23
num_cat=0
split_feature=17 19 5 14 19 23 20 21 17 20 17 24 8 23 23 4 7 21 2 21 8 27
split_gain=4667.33 1410.75 734.496 539.45 468.058 441.196 394.122 378.138 351.684 353.545 347.121 290.319 245.859 238.73 236.703 267.456 218.448 211.919 189.009 212.136 233.396 172.694
threshold=9.6916504648696655 1.0000000180025095e-35 19.500000000000004 0.43650793650793657 1.0000000180025095e-35 24.500000000000004 1.0000000180025095e-35 1.0000000180025095e-35 1.9609350472543461 1.0000000180025095e-35 23.437350110870689 2.5000000000000004 16.750000000000004 29.500000000000004 3.5000000000000004 12.500000000000002 28.785714285714288 1.0000000180025095e-35 16.500000000000004 1.0000000180025095e-35 19.607142857142861 6315.0000000000009
decision_type=2 2 2 2 2 2 2 2 2 2 2 2 2 2 2 2 2 2 2 2 2 2
left_child=4 2 3 5 8 12 -3 -7 -1 17 11 -4 -2 -11 15 -14 -12 -10 19 20 -16 -6
right_child=1 6 10 -5 21 7 -8 -9 9 13 16 -13 14 -15 18 -17 -18 -19 -20 -21 -22 -23
leaf_value=-0.020984163928104097 0.0002957495462311425 0.078621451604667297 0.061211325142638023 0.11088287556360307 0.0068044958753275013 0.030020108361168481 0.18759805121528569 0.12838589787339935 -0.015422626333390565 0.00095572365793637336 0.080545395120164398 0.02149906623934917 0.0047914479758877021 0.055049177929060535 0.047204701083121449 0.11568247621151387 0.014091668772557178 0.0049914790100107596 0.0054126169796637445 0.10042781602794475 -0.018909223434770958 0.052815915147259994
leaf_weight=4132 2054 146 313 66 263 760 62 47 5085 2098 368 821 47 100 181 59 76 706 753 50 97 159
leaf_count=4132 2054 146 313 66 263 760 62 47 5085 2098 368 821 47 100 181 59 76 706 753 50 97 159
internal_value=0.000644758 0.0263049 0.022969 0.0151435 -0.0114296 0.0134433 0.114828 0.0365258 -0.0126949 -0.00839501 0.0432475 0.0326962 0.00764307 0.00354405 0.0202877 0.0691021 0.069493 -0.0129287 0.0151889 0.0371618 0.0241478 0.024597
internal_weight=18443 5900 5692 4114 12543 4048 208 807 12121 7989 1578 1134 3241 2198 1187 106 444 5791 1081 328 278 422
internal_count=18443 5900 5692 4114 12543 4048 208 807 12121 7989 1578 1134 3241 2198 1187 106 444 5791 1081 328 278 422
is_linear=0
shrinkage=0.035


Tree=76
num_leaves=23
num_cat=0
split_feature=5 19 12 6 3 24 4 23 0 23 10 23 23 28 23 20 23 3 20 23 10 9
split_gain=4312.96 1206.06 985.784 567.099 520.665 435.337 298.628 258.829 253.202 237.268 248.14 211.747 209.241 230.731 209.18 206.741 194.477 214.528 168.325 166.543 159.218 216.747
threshold=10.500000000000002 1.0000000180025095e-35 8.3767751937499018 17.500000000000004 5.5000000000000009 3.5000000000000004 21.500000000000004 24.500000000000004 17.500000000000004 24.500000000000004 10.177004891982147 3.5000000000000004 23.500000000000004 200.00000000000003 3.5000000000000004 1.0000000180025095e-35 6.5000000000000009 19.500000000000004 1.0000000180025095e-35 3.5000000000000004 6.2910556132157662 12.21825396825397
decision_type=2 2 2 2 2 2 2 2 2 2 2 2 2 2 2 2 2 2 2 2 2 2
left_child=2 3 4 5 15 12 8 11 -5 10 16 -6 14 -14 -2 -1 -8 -18 -11 -10 21 -13
right_child=1 -3 -4 6 7 -7 9 -9 19 18 -12 20 13 -15 -16 -17 17 -19 -20 -21 -22 -23
leaf_value=-0.017607167511515157 0.062104157778973643 0.13312750120382133 0.044300676995776146 0.0092434788244913843 0.028401512518822909 0.0011297081760811558 0.090260134563870636 0.020308781428983177 0.092939177168462478 0.065002026897247725 0.1019432830280728 -0.0079481947456575448 0.088556172338219885 0.03155371698097631 0.014632366356269166 -0.0060373317326075423 0.059061567145340811 0.0066297612678289063 0.14289476173845206 0.037153777442638862 -0.036195991620228726 0.022540789048801711
leaf_weight=7322 128 132 410 422 228 1175 68 680 74 110 85 2158 133 267 846 2567 153 248 61 553 198 324
leaf_count=7322 128 132 410 422 228 1175 68 680 74 110 85 2158 133 267 846 2567 153 248 61 553 198 324
internal_value=0.000778677 0.0307247 -0.00883445 0.0274436 -0.0104681 0.0168044 0.0426308 0.000947747 0.0304136 0.0599544 0.0479883 -0.00360067 0.0301435 0.0514095 0.0211742 -0.0146102 0.0372005 0.027159 0.0961579 0.0444486 -0.00637758 -0.00392381
internal_weight=18342 4455 13887 4323 13477 2549 1774 3588 1049 725 554 2908 1374 400 974 9889 469 401 171 627 2680 2482
internal_count=18342 4455 13887 4323 13477 2549 1774 3588 1049 725 554 2908 1374 400 974 9889 469 401 171 627 2680 2482
is_linear=0
shrinkage=0.035


Tree=77
num_leaves=23
num_cat=0
split_feature=0 21 3 28 4 24 23 24 1 21 18 23 11 17 23 18 4 1 18 17 10 10
split_gain=3773.54 761.368 702.308 627.887 498.77 471.615 377.647 353.562 339.037 310.825 306.742 268.426 285.735 296.993 225.695 191.408 182.887 176.06 174.37 147.927 263.794 213.697
threshold=11.500000000000002 1.0000000180025095e-35 8.5000000000000018 233.00000000000003 14.500000000000002 3.5000000000000004 3.5000000000000004 4.5000000000000009 22.500000000000004 1.0000000180025095e-35 1.0000000180025095e-35 16.500000000000004 4.2742520713255532 23.897325347691226 24.500000000000004 0.10620300751879701 8.5000000000000018 10.500000000000002 0.13961038961038963 24.993869748168905 7.023769168568486 6.362090102803525
decision_type=2 2 2 2 2 2 2 2 2 2 2 2 2 2 2 2 2 2 2 2 2 2
left_child=2 4 9 5 10 8 -6 -7 -3 18 16 17 -13 -14 -4 -5 -2 -8 -1 20 21 -19
right_child=1 3 14 15 6 7 11 -9 -10 -11 -12 12 13 -15 -16 -17 -18 19 -20 -21 -22 -23
leaf_value=-0.017511231748940405 -0.027842438038572021 0.091689865533262499 0.0039734203457024346 0.039294843351416711 0.077135651337078587 0.021586899215240131 0.06701871685355025 0.12968702616075339 0.22444242372901907 0.0044455600965490442 0.020861021355132701 0.078969767526925916 0.021786615817269327 0.06741728141799469 0.035073754768715402 -0.037218406177484079 0.0052502037361672922 0.007605444223592335 -0.0068974893695286947 0.039568723339463277 -0.023464484695320163 0.075433122902931526
leaf_weight=7800 316 65 1713 175 209 108 63 54 49 1122 1112 179 867 218 339 47 559 298 2525 145 293 66
leaf_count=7800 316 65 1713 175 209 108 63 54 49 1122 1112 179 867 218 339 47 559 298 2525 145 293 66
internal_value=-0.000144974 0.0264115 -0.00964077 0.0672351 0.0216346 0.10207 0.0325799 0.0605291 0.15593 -0.0130209 0.00869752 0.0280273 0.0382958 0.0312381 0.00919261 0.022556 -0.00677137 0.0128682 -0.0149219 0.00820396 0.00100874 0.0208068
internal_weight=18322 4823 13499 498 4325 276 2338 162 114 11447 1987 2129 1264 1085 2052 222 875 865 10325 802 657 364
internal_count=18322 4823 13499 498 4325 276 2338 162 114 11447 1987 2129 1264 1085 2052 222 875 865 10325 802 657 364
is_linear=0
shrinkage=0.035


Tree=78
num_leaves=23
num_cat=0
split_feature=17 21 5 20 28 7 21 17 11 20 15 21 27 20 23 12 10 23 23 18 11 24
split_gain=4077.11 1107.2 978.318 666.085 524.958 471.55 344.883 335.933 359.436 270.413 259.016 248.296 290.968 251.173 237.8 217.282 211.819 204.411 185.209 184.936 196.238 174.711
threshold=15.927257303271483 1.0000000180025095e-35 6.5000000000000009 1.0000000180025095e-35 421.00000000000006 22.357142857142858 1.0000000180025095e-35 23.897325347691226 5.4533483182454345 1.0000000180025095e-35 0.069047619047619066 1.0000000180025095e-35 9349.5000000000018 1.0000000180025095e-35 24.500000000000004 7.4510778846629195 5.6505368762452859 3.5000000000000004 24.500000000000004 0.26491228070175443 3.4105524672504517 3.5000000000000004
decision_type=2 2 2 2 2 2 2 2 2 2 2 2 2 2 2 2 2 2 2 2 2 2
left_child=2 3 11 10 5 -3 9 8 15 -4 14 13 -13 -1 17 -5 18 -2 -11 -15 -21 -8
right_child=1 4 6 7 -6 -7 21 -9 -10 16 -12 12 -14 19 -16 -17 -18 -19 -20 20 -22 -23
leaf_value=-0.01722687338262319 0.03866081622020319 0.08043143003910512 -0.0016875779885878585 0.056015050469095863 0.039982864427084271 0.19889828568014006 0.06962400360844069 0.093663603022858033 0.024301850280177194 0.0041379870760676054 0.045142386142469085 -0.0043386291345488288 0.044077458877202491 -0.0076268613677410221 0.036729733396867685 0.13753037583398617 0.054833567010442161 0.00089472370505485038 0.040890083401187514 0.0006927462396616081 0.066834738125786358 0.01868088837204358
leaf_weight=7270 200 106 2309 182 124 79 150 203 480 733 368 870 179 2593 400 54 169 1232 214 154 81 190
leaf_count=7270 200 106 2309 182 124 79 150 203 480 733 368 870 179 2593 400 54 169 1232 214 154 81 190
internal_value=0.00102222 0.0354126 -0.00689156 0.0290416 0.0981788 0.135015 0.00852301 0.0540152 0.0421782 0.00514934 0.0185027 -0.012101 0.00407633 -0.0137845 0.0130336 0.0772058 0.019255 0.00629766 0.0126326 -0.0049141 0.024481 0.0418898
internal_weight=18340 3428 14912 3119 309 185 3765 919 716 3425 2200 11147 1049 10098 1832 236 1116 1432 947 2828 235 340
internal_count=18340 3428 14912 3119 309 185 3765 919 716 3425 2200 11147 1049 10098 1832 236 1116 1432 947 2828 235 340
is_linear=0
shrinkage=0.035


Tree=79
num_leaves=23
num_cat=0
split_feature=17 19 25 16 8 1 15 21 3 20 1 1 27 16 23 2 19 23 10 20 19 25
split_gain=3571.44 997.801 573.542 491.298 358.387 418.88 298.055 271.13 271.668 260.337 252.692 310.58 240.211 388.794 232.189 231.675 231.224 221.145 217.859 153.343 150.994 160.002
threshold=10.053804683859294 1.0000000180025095e-35 16785.000000000004 5.1324719110110477 22.577380952380956 20.500000000000004 0.31909090909090915 1.0000000180025095e-35 5.5000000000000009 1.0000000180025095e-35 17.500000000000004 15.500000000000002 4472.0000000000009 5.1347389570579303 24.500000000000004 13.500000000000002 1.0000000180025095e-35 3.5000000000000004 6.4733887497014964 1.0000000180025095e-35 1.0000000180025095e-35 31797.000000000004
decision_type=2 2 2 2 2 2 2 2 2 2 2 2 2 2 2 2 2 2 2 2 2 2
left_child=3 2 9 16 5 15 7 8 -4 -2 11 -11 -5 -14 20 -3 19 -10 -8 -1 21 -15
right_child=1 4 6 12 -6 -7 18 -9 17 10 -12 -13 13 14 -16 -17 -18 -19 -20 -21 -22 -23
leaf_value=-0.01763821277216995 0.028643672604247983 0.047458405435762629 -0.019607270743361098 -0.020921661317731422 0.18255044452334737 -0.0094767158272965214 0.11799482410540804 0.042093947573647469 0.0434165709855358 0.053281239055148852 0.075618737192947955 -0.044818997132624022 0.086757781773805623 0.015155172943878739 0.021192037759911877 0.15749078591385762 0.015274280741956497 0.0087293220149603848 0.021646633057946892 -0.0072852410022352845 0.047986594035238445 -0.0080544219346351739
leaf_weight=6347 1307 50 378 496 46 53 51 311 243 121 342 53 65 448 683 54 321 2552 66 2444 67 1841
leaf_count=6347 1307 50 378 496 46 53 51 311 243 121 342 53 65 448 683 54 321 2552 66 2444 67 1841
internal_value=0.000898651 0.0241023 0.0211911 -0.00937657 0.0994235 0.0700773 0.0130553 0.0111487 0.00804865 0.0371727 0.0582603 0.0228851 0.00156471 0.00519139 0.00330141 0.109355 -0.0136997 0.0118235 0.0669026 -0.0147677 -0.00191154 -0.00348111
internal_weight=18339 5627 5424 12712 203 157 3601 3484 3173 1823 516 174 3600 3104 3039 104 9112 2795 117 8791 2356 2289
internal_count=18339 5627 5424 12712 203 157 3601 3484 3173 1823 516 174 3600 3104 3039 104 9112 2795 117 8791 2356 2289
is_linear=0
shrinkage=0.035


Tree=80
num_leaves=23
num_cat=0
split_feature=5 19 12 21 21 23 5 20 23 23 23 4 17 12 17 18 27 24 28 24 18 5
split_gain=3187.08 1374.52 734.692 521.752 454.279 432.085 385.027 313.618 313.36 287.002 386.334 321.099 260.038 247.69 230.42 204.921 202.567 234.452 199.078 293.639 186.387 181.836
threshold=10.500000000000002 1.0000000180025095e-35 8.3767751937499018 1.0000000180025095e-35 1.0000000180025095e-35 28.500000000000004 43.500000000000007 1.0000000180025095e-35 12.500000000000002 3.5000000000000004 24.500000000000004 18.500000000000004 2.6766701055146305 5.4993385684594962 12.447090918857104 0.048809523809523817 9349.5000000000018 3.5000000000000004 195.50000000000003 1.5000000000000002 0.036375661375661381 22.500000000000004
decision_type=2 2 2 2 2 2 2 2 2 2 2 2 2 2 2 2 2 2 2 2 2 2
left_child=2 3 4 6 7 -5 9 -1 -3 14 21 20 -9 16 -2 -14 18 -18 -6 -20 -12 -11
right_child=1 8 -4 5 13 -7 -8 12 -10 10 11 -13 15 -15 -16 -17 17 -19 19 -21 -22 -23
leaf_value=-0.014836050177470682 0.008928360042100153 0.20716521395626022 0.037674546987205453 0.042546227739182541 0.025722698159760027 0.13734610917863171 0.11149049821654682 -0.012348343672272251 0.087262772825407856 0.0013762777954937999 0.00076252596896625446 0.059333545478963148 -0.0022722404961738551 0.086264749898337864 0.064308449165052128 0.022198924276108221 0.066102041581078727 0 -0.078350221123816316 -0.002281428287792197 0.040563710668112769 0.023946040175301112
leaf_weight=8813 145 46 416 367 262 68 49 1648 89 1923 357 348 1112 46 260 666 133 126 64 637 238 562
leaf_count=8813 145 46 416 367 262 68 49 1648 89 1923 357 348 1112 46 260 666 133 126 64 637 238 562
internal_value=0.00038268 0.0261441 -0.00785993 0.0226102 -0.00927705 0.0587976 0.0184802 -0.011344 0.134183 0.0171429 0.0138009 0.0328194 -0.00234754 0.0106262 0.0448744 0.00692086 0.00742476 0.0345855 -2.97708e-06 -0.00975686 0.0169175 0.00652545
internal_weight=18375 4452 13923 4317 13507 435 3882 12239 135 3833 3428 943 3426 1268 405 1778 1222 259 963 701 595 2485
internal_count=18375 4452 13923 4317 13507 435 3882 12239 135 3833 3428 943 3426 1268 405 1778 1222 259 963 701 595 2485
is_linear=0
shrinkage=0.035


Tree=81
num_leaves=23
num_cat=0
split_feature=5 21 28 1 5 23 21 23 23 24 11 12 10 21 27 10 17 12 20 10 20 12
split_gain=3179.71 867.371 709.238 660.116 450.807 399.494 409.23 337.868 320.076 309.63 265.754 232.835 232.772 219.414 257.82 240.707 219.086 217.916 207.789 200.957 199.887 204.216
threshold=12.500000000000002 1.0000000180025095e-35 421.00000000000006 6.5000000000000009 43.500000000000007 24.500000000000004 1.0000000180025095e-35 3.5000000000000004 24.500000000000004 3.5000000000000004 8.2583623131287993 9.5805920426615412 5.7445626465380313 1.0000000180025095e-35 9795.0000000000018 9.0290532488236455 21.445547522483025 5.3523763349234565 1.0000000180025095e-35 2.3603873774083328 1.0000000180025095e-35 10.099936517262854
decision_type=2 2 2 2 2 2 2 2 2 2 2 2 2 2 2 2 2 2 2 2 2 2
left_child=3 4 9 13 7 11 -7 -2 20 12 -11 -5 -3 15 -15 18 -10 -4 -1 -16 -9 -22
right_child=1 2 17 5 -6 6 -8 8 16 10 -12 -13 -14 14 19 -17 -18 -19 -20 -21 21 -23
leaf_value=-0.016833838631492955 0.053215260010695577 0.096761246272004567 0.072925742060566956 -0.0030372111867972376 0.11828356995909536 0.019389530736798576 0.11244618822303085 0.0029672162664832638 0.025528406850561507 0.13031753603684701 0.022909626676486088 0.034744907046241738 0.22490325287557567 -0.002008634208541563 0.0010061945442883474 0.063566120663285264 0.067282448806843476 -0.012157104052987297 -0.0054663856491664019 0.09721528746065547 0.019084266632486201 0.080350074561436974
leaf_weight=6693 373 47 55 3005 56 794 58 1401 606 54 60 209 47 874 48 45 209 92 2807 56 693 70
leaf_count=6693 373 47 55 3005 56 794 58 1401 606 54 60 209 47 874 48 45 209 92 2807 56 693 70
internal_value=0.000560988 0.0292255 0.0809812 -0.00683884 0.0237184 0.00513074 0.0263639 0.0219595 0.0179575 0.121863 0.0772719 -0.000524727 0.169132 -0.0114657 0.00429082 -0.0130834 0.0366022 0.0209132 -0.0134815 0.0550547 0.0108594 0.0252143
internal_weight=18352 3763 355 14589 3408 4066 852 3352 2979 208 114 3214 94 10523 978 9545 815 147 9500 104 2164 763
internal_count=18352 3763 355 14589 3408 4066 852 3352 2979 208 114 3214 94 10523 978 9545 815 147 9500 104 2164 763
is_linear=0
shrinkage=0.035


Tree=82
num_leaves=23
num_cat=0
split_feature=9 21 20 19 20 25 18 19 4 5 7 9 15 15 8 12 28 9 11 9 20 7
split_gain=2611.13 1185.52 722.229 600.182 579.183 356.411 330.861 309.222 304.06 273.074 242.276 215.504 301.175 199.271 213.546 187.509 232.131 179.902 248.169 205.913 177.933 177.1
threshold=7.5100000000000007 1.0000000180025095e-35 1.0000000180025095e-35 1.0000000180025095e-35 1.0000000180025095e-35 16785.000000000004 0.36939571150097467 1.0000000180025095e-35 14.500000000000002 14.500000000000002 8.309523809523812 0.71714285714285719 0.54006410256410264 0.037749287749287756 16.321428571428573 8.8549077307076711 430.00000000000006 25.222527472527478 5.4533483182454345 18.396428571428576 1.0000000180025095e-35 15.585714285714287
decision_type=2 2 2 2 2 2 2 2 2 2 2 2 2 2 2 2 2 2 2 2 2 2
left_child=7 2 5 6 9 -2 8 11 -4 10 -3 -1 20 -7 -15 16 -11 18 19 -10 -13 -6
right_child=1 4 3 -5 21 13 -8 -9 17 15 -12 12 -14 14 -16 -17 -18 -19 -20 -21 -22 -23
leaf_value=-0.022650498861995945 0.02138532915522736 0.079487366826521078 0.0089941366980839463 0.13299720764379291 0.076661463722440551 -0.0059377439445807041 0.10940793486271889 0.020775099064930941 0.036174104371624681 0.12170757793536612 0.0090399164391924205 -0.012398037984214433 0.06802018071479736 0.0059377287493111077 0.052359828325906695 0.017462456080942386 0.037090510394222835 0.089762586372142489 0.017348582961549015 0.094940807676400285 -0.0013112721924054944 0.18619815654776717
leaf_weight=1644 1216 74 871 63 46 2468 53 384 242 116 256 6548 57 859 137 57 69 72 524 109 2438 49
leaf_count=1644 1216 74 871 63 46 2468 53 384 242 116 256 6548 57 859 137 57 69 72 524 109 2438 49
internal_value=0.000817732 0.0170914 0.0125772 0.0305419 0.0614023 0.00512492 0.0267374 -0.00988621 0.0240243 0.0472494 0.0258401 -0.0109988 -0.00886721 -0.000600677 0.0125702 0.0752591 0.0920464 0.03771 0.0329212 0.0555499 -0.00939443 0.139819
internal_weight=18352 7281 6614 1934 667 4680 1871 11071 1818 572 330 10687 9043 3464 996 242 185 947 875 351 8986 95
internal_count=18352 7281 6614 1934 667 4680 1871 11071 1818 572 330 10687 9043 3464 996 242 185 947 875 351 8986 95
is_linear=0
shrinkage=0.035


Tree=83
num_leaves=23
num_cat=0
split_feature=5 19 7 21 15 19 10 20 9 15 20 21 23 18 2 23 3 8 23 4 19 11
split_gain=2716.28 983.032 592.712 390.117 388.366 599.432 304.136 301.205 276.032 271.242 267.392 228.582 212.114 208.9 201.347 191.778 199.125 261.185 187.887 215.688 187.434 165.508
threshold=12.500000000000002 1.0000000180025095e-35 6.3095238095238102 1.0000000180025095e-35 0.04083333333333334 1.0000000180025095e-35 7.6966288229389894 1.0000000180025095e-35 25.222527472527478 0.15894736842105264 1.0000000180025095e-35 1.0000000180025095e-35 4.5000000000000009 0.60357142857142865 20.500000000000004 24.500000000000004 16.500000000000004 16.035714285714288 24.500000000000004 18.500000000000004 1.0000000180025095e-35 5.0676737765736188
decision_type=2 2 2 2 2 2 2 2 2 2 2 2 2 2 2 2 2 2 2 2 2 2
left_child=2 3 13 8 6 11 15 -5 9 12 -10 -6 -2 20 -8 16 -4 -18 -14 -20 -1 -13
right_child=1 -3 4 7 5 -7 14 -9 10 -11 -12 21 18 -15 -16 -17 17 -19 19 -21 -22 -23
leaf_value=-0.012323602381840399 0.03723770951701845 0.12325772305433122 -0.0084840780260130467 0.042564362190707139 0.010780401370225746 0.13839379435367882 -0.077207707665376671 0.1288400028480424 0.030530293875649067 0.057293302071773265 0.11225873283557085 0.019165899646386767 0.0038848878625881893 0.06031579669145868 -0.0021645038082060641 0.017766209604735544 -0.012149846566841009 0.05439619306178875 0.0096231818633847124 0.049663071241569677 0.013977032839080325 0.11113395775258542
leaf_weight=9766 410 121 2020 296 1288 45 103 58 171 186 68 52 1733 45 75 583 135 146 425 269 339 45
leaf_count=9766 410 121 2020 296 1288 45 103 58 171 186 68 52 1733 45 75 583 135 146 425 269 339 45
internal_value=0.000398017 0.0270121 -0.00640026 0.0236209 0.00417899 0.0192059 -0.00285294 0.0583462 0.0197635 0.016831 0.0556792 0.0148368 0.0140759 -0.0110837 -0.0466071 -7.03981e-05 -0.00462594 0.022711 0.0100874 0.0254122 -0.0114331 0.0653594
internal_weight=18379 3737 14642 3616 4492 1430 3062 354 3262 3023 239 1385 2837 10150 178 2884 2301 281 2427 694 10105 97
internal_count=18379 3737 14642 3616 4492 1430 3062 354 3262 3023 239 1385 2837 10150 178 2884 2301 281 2427 694 10105 97
is_linear=0
shrinkage=0.035


Tree=84
num_leaves=23
num_cat=0
split_feature=17 19 5 28 5 14 23 20 23 24 2 24 7 19 11 14 17 20 4 10 2 12
split_gain=2693.62 968.019 673.161 411.386 372.709 323.409 317.053 289.157 260.207 245.605 239.749 237.238 257.21 230.213 196.153 208.179 176.059 202.248 169.534 239.115 158.744 145.5
threshold=16.135767932260162 1.0000000180025095e-35 6.5000000000000009 224.50000000000003 43.500000000000007 0.48076923076923084 24.500000000000004 1.0000000180025095e-35 3.5000000000000004 3.5000000000000004 14.500000000000002 3.5000000000000004 24.773809523809529 1.0000000180025095e-35 4.2173112626072866 0.34523809523809529 0.65760959197623325 1.0000000180025095e-35 25.500000000000004 10.177004891982147 22.500000000000004 6.2538347914254722
decision_type=2 2 2 2 2 2 2 2 2 2 2 2 2 2 2 2 2 2 2 2 2 2
left_child=2 4 13 -3 6 9 8 21 10 -4 -2 -12 -13 16 -10 18 -1 -18 -16 -20 -9 -8
right_child=1 3 5 -5 -6 -7 7 20 14 -11 11 12 -14 -15 15 -17 17 -19 19 -21 -22 -23
leaf_value=-0.022655275858795051 -0.011207124099913819 0.16945932321068721 0.013511574077124193 0.04517217557000764 0.11353822017725754 0.080618043920733573 0.055492714856599658 0.10720111608473679 0.046690143019688997 -0.0044314274986699334 0.10433128559216859 -0.013987631216846609 0.085466222786589691 0.015779898656213792 0.0029143368837396422 0.074926070624299485 -0.012673019214284738 -0.00090306826812779301 0.016300704565864257 0.089853396938468971 0.032576716750336347 0.014375704628502226
leaf_weight=1470 62 77 2005 63 52 66 167 113 192 1741 100 69 52 391 1603 54 6868 2423 354 60 59 290
leaf_count=1470 62 77 2005 63 52 66 167 113 192 1741 100 69 52 391 1603 54 6868 2423 354 60 59 290
internal_value=0.00026477 0.0285259 -0.00610042 0.117137 0.024501 0.0065876 0.022861 0.0450674 0.0172903 0.00517288 0.0486906 0.0654481 0.0303094 -0.01044 0.0132572 0.0100442 -0.0114012 -0.00960755 0.00811755 0.0279473 0.0833454 0.0298768
internal_weight=18331 3367 14964 140 3227 3812 3175 629 2546 3746 283 221 121 11152 2263 2071 10761 9291 2017 414 172 457
internal_count=18331 3367 14964 140 3227 3812 3175 629 2546 3746 283 221 121 11152 2263 2071 10761 9291 2017 414 172 457
is_linear=0
shrinkage=0.035


Tree=85
num_leaves=23
num_cat=0
split_feature=4 19 9 15 10 20 21 0 13 23 23 21 23 19 9 10 4 4 28 17 21 23
split_gain=2447.66 935.443 679.342 473.689 385.255 330.822 538.047 316.663 265.755 245.423 235.857 252.145 186.056 180.23 171.573 219 160.346 160.253 160.071 152.533 173.623 141.452
threshold=14.500000000000002 1.0000000180025095e-35 6.4907407407407414 0.15587044534412958 8.898902686953571 1.0000000180025095e-35 1.0000000180025095e-35 24.500000000000004 1.0000000180025095e-35 1.5000000000000002 23.500000000000004 1.0000000180025095e-35 26.500000000000004 1.0000000180025095e-35 21.017857142857146 6.7383034817936638 24.500000000000004 22.500000000000004 421.00000000000006 0.37141789703888234 1.0000000180025095e-35 24.500000000000004
decision_type=2 2 2 2 2 2 2 2 2 2 2 2 2 2 2 2 2 2 2 2 2 2
left_child=2 5 13 10 -3 9 8 -5 14 -2 -4 -12 16 19 15 -7 -11 -17 -18 -1 -21 -16
right_child=1 4 3 7 -6 6 -8 -9 -10 12 11 -13 -14 -15 21 17 18 -19 -20 20 -22 -23
leaf_value=-0.024863355895509302 0.076053866466689046 0.17749756553433313 -0.0027135486296243124 0.027931284443079282 0.041119297544161479 0.028774492929021355 0.14523383395939038 0.12108515077215784 0.097027406690355686 0.0031552214995637174 0.011712232969083056 0.084091420167436204 0.040706808299384341 0.013987614702396189 0.036936525992720008 0.0071200163818376013 0.040915316887380489 -0.072018811935186389 -0.004138282713685053 -0.011601947632134733 0.0050516129603309298 0.097981614867846178
leaf_weight=937 77 66 3518 433 46 449 53 46 73 1248 1008 58 272 349 244 81 316 45 136 7982 844 58
leaf_count=937 77 66 3518 433 46 449 53 46 73 1248 1008 58 272 349 244 81 316 45 136 7982 844 58
internal_value=0.000519419 0.0284978 -0.00532042 0.00513944 0.125786 0.024722 0.0411773 0.0380718 0.0346237 0.0165779 0.00165666 0.0160409 0.0140602 -0.0105593 0.0288889 0.0173707 0.00967965 -0.0226803 0.0274241 -0.0114453 -0.0100055 0.0501223
internal_weight=18339 3164 15175 5063 112 3052 1003 479 950 2049 4584 1066 1972 10112 877 575 1700 126 452 9763 8826 302
internal_count=18339 3164 15175 5063 112 3052 1003 479 950 2049 4584 1066 1972 10112 877 575 1700 126 452 9763 8826 302
is_linear=0
shrinkage=0.035


Tree=86
num_leaves=23
num_cat=0
split_feature=5 21 12 6 3 23 17 2 24 6 5 20 21 3 23 4 16 19 6 28 23 27
split_gain=2359.74 870.571 467.098 367.795 352.364 352.293 329.753 275.257 247.997 248.57 244.201 251.128 238.408 225.288 215.087 209.436 205.03 242.878 203.505 199.176 196.04 187.332
threshold=12.500000000000002 1.0000000180025095e-35 9.5805920426615412 14.500000000000002 5.5000000000000009 24.500000000000004 23.437350110870689 1.0000000180025095e-35 3.5000000000000004 23.500000000000004 22.500000000000004 1.0000000180025095e-35 1.0000000180025095e-35 18.500000000000004 22.500000000000004 17.500000000000004 20.992558974888048 1.0000000180025095e-35 23.500000000000004 277.00000000000006 15.500000000000002 4472.0000000000009
decision_type=2 2 2 2 2 2 2 2 2 2 2 2 2 2 2 2 2 2 2 2 2 2
left_child=2 6 4 -3 12 16 7 -2 -9 -10 20 15 -1 -4 -5 -12 17 -6 -17 21 -8 -14
right_child=1 3 13 14 5 -7 10 8 9 -11 11 -13 19 -15 -16 18 -18 -19 -20 -21 -22 -23
leaf_value=-0.012439245505269684 0.07234676690906594 0.022175654847270403 0.012714524488745398 0.078320729893060215 -0.0038728925113350049 0.021406417702419238 -0.013611007773954619 0.022145493748458138 -0.0061103321030867323 0.034158026547816571 0.098336328257703123 0.10227750264418622 0.0023283573846427097 0.077780823689970108 0.16065285849278091 0.042991987397617185 -0.055515307672321802 0.052320255823241381 -0.038360365396873521 -0.0076524346038987232 0.047043584108699202 0.049815700300626063
leaf_weight=9005 92 112 168 192 3266 852 128 1442 1059 223 49 121 222 105 56 116 86 92 50 564 124 185
leaf_count=9005 92 112 168 192 3266 852 128 1442 1059 223 49 121 222 105 56 116 86 92 50 564 124 185
internal_value=0.000211722 0.0248939 -0.00618076 0.0763248 -0.00705474 0.00132126 0.0193456 0.0143092 0.0122137 0.00098612 0.0431116 0.0624834 -0.0106623 0.0387518 0.0997886 0.0381926 -0.0036663 -0.00225265 0.0179808 0.00577796 0.0165014 0.0242986
internal_weight=18309 3764 14545 360 14272 4296 3404 2816 2724 1282 588 336 9976 273 248 215 3444 3358 166 971 252 407
internal_count=18309 3764 14545 360 14272 4296 3404 2816 2724 1282 588 336 9976 273 248 215 3444 3358 166 971 252 407
is_linear=0
shrinkage=0.035


Tree=87
num_leaves=23
num_cat=0
split_feature=4 20 7 21 14 28 21 11 23 23 13 11 28 15 10 20 17 21 20 11 23 24
split_gain=2084.77 628.083 552.035 472.747 460.365 351.435 310.186 308.637 301.795 299.637 274.401 275.091 293.256 188.721 185.313 182.187 180.525 196.248 180.625 199.346 155.967 331.09
threshold=14.500000000000002 1.0000000180025095e-35 6.154761904761906 1.0000000180025095e-35 0.27922077922077926 200.00000000000003 1.0000000180025095e-35 10.44591832506215 5.5000000000000009 24.500000000000004 0.2678571428571429 4.7245556889676985 200.00000000000003 0.13961038961038963 5.3807416730763942 1.0000000180025095e-35 0.37141789703888234 1.0000000180025095e-35 1.0000000180025095e-35 4.0714767685599309 3.5000000000000004 1.5000000000000002
decision_type=2 2 2 2 2 2 2 2 2 2 2 2 2 2 2 2 2 2 2 2 2 2
left_child=2 5 16 8 9 6 -2 -6 -3 20 11 -10 14 15 -13 -11 -1 18 -18 -20 21 -4
right_child=1 3 4 -5 7 -7 -8 -9 10 13 -12 12 -14 -15 -16 -17 17 -19 19 -21 -22 -23
leaf_value=-0.023490143146735962 0.022232429640937492 0.088798982893901049 -0.041665416225941498 0.15040535214874481 0.026841343916071358 0.0014209686256582211 0.078151223641774348 0.11663935132324697 0.064772061467226041 0.0048298947825731221 0.11155722197490159 -0.00098318128035136394 -0.0083600004400407324 0.063171077870001854 0.056465364908878456 0.041843580733623237 -0.012685892045562093 0.007984523773031613 -0.0032806182545172457 0.048987315914002807 -0.0045626398553396509 0.02953322418596797
leaf_weight=984 929 147 94 49 181 1076 137 61 197 648 49 96 287 105 231 214 5874 876 2287 88 3405 416
leaf_count=984 929 147 94 49 181 1076 137 61 197 648 49 96 287 105 231 214 5874 876 2287 88 3405 416
internal_value=0.000868816 0.0265373 -0.00452579 0.0485842 0.00482739 0.0155723 0.0297666 0.0514502 0.0428937 0.00246245 0.0345589 0.0292302 0.0173674 0.0198575 0.0397862 0.0142274 -0.00926845 -0.0077209 -0.00939468 -0.00123775 -0.00184949 0.0160992
internal_weight=18431 3198 15233 1056 5124 2142 1066 242 1007 4882 860 811 614 967 327 862 10109 9125 8249 2375 3915 510
internal_count=18431 3198 15233 1056 5124 2142 1066 242 1007 4882 860 811 614 967 327 862 10109 9125 8249 2375 3915 510
is_linear=0
shrinkage=0.035


Tree=88
num_leaves=23
num_cat=0
split_feature=17 19 12 19 14 23 23 4 24 10 11 25 23 17 5 10 24 4 5 4 1 21
split_gain=2203.97 675.078 457.813 391.033 331.096 327.977 263.16 229.775 223.394 205.429 199.997 224.593 192.895 181.996 177.506 172.703 243.506 238.555 175.308 170.95 183.408 160.656
threshold=15.927257303271483 1.0000000180025095e-35 2.9995017637994459 1.0000000180025095e-35 0.44949494949494956 25.500000000000004 3.5000000000000004 9.5000000000000018 3.5000000000000004 3.4503277967117736 4.2173112626072866 43337.000000000007 12.500000000000002 10.053804683859294 6.5000000000000009 8.3423759240904243 3.5000000000000004 20.500000000000004 16.500000000000004 12.500000000000002 19.500000000000004 1.0000000180025095e-35
decision_type=2 2 2 2 2 2 2 2 2 2 2 2 2 2 2 2 2 2 2 2 2 2
left_child=2 5 21 4 8 6 7 -2 14 -7 19 -12 -3 -6 -4 16 18 -18 -11 -8 -21 -1
right_child=1 12 3 -5 13 9 10 -9 -10 15 11 -13 -14 -15 -16 -17 17 -19 -20 20 -22 -23
leaf_value=-0.011331429147512498 -0.012145548688677643 0.14777112490031868 -0.0037585077104126232 0.05670790197651672 0.017866309417438681 -0.0054734253860646634 -0.010207092758371599 0.063112086734944603 -0.0087797965506254058 0.049413732707930307 0.014419381881997826 -0.020195372341406677 0.05784701780404574 0.10769915722029391 0.013949560851342632 0.0068326082341827275 -0.00076135984971188015 0.082508894969587757 0.11576512107061167 0.091747515780254488 0.013887887143064291 0.0038884061028959193
leaf_weight=8807 60 59 1214 156 64 77 49 241 2084 99 1971 255 76 48 1603 77 107 64 127 98 62 936
leaf_count=8807 60 59 1214 156 64 77 49 241 2084 99 1971 255 76 48 1603 77 107 64 127 98 62 936
internal_value=0.000413333 0.025725 -0.00540068 0.00301441 0.0012852 0.0224732 0.0174416 0.0481 -0.000100229 0.0470446 0.0135538 0.0104099 0.101146 0.0594729 0.00631884 0.0555807 0.0647895 0.0317633 0.0884741 0.0459313 0.0630181 -0.00986624
internal_weight=18334 3422 14912 5169 5013 3287 2736 301 4901 551 2435 2226 135 112 2817 474 397 171 226 209 160 9743
internal_count=18334 3422 14912 5169 5013 3287 2736 301 4901 551 2435 2226 135 112 2817 474 397 171 226 209 160 9743
is_linear=0
shrinkage=0.035


Tree=89
num_leaves=23
num_cat=0
split_feature=5 19 12 24 6 3 23 10 18 12 23 0 12 23 19 18 7 28 10 5 11 2
split_gain=1878.68 890.8 482.309 407.366 282.672 277 266.474 347.958 260.548 258.676 199.027 164.58 179.938 163.665 164.36 156.723 208.092 154.491 144.272 136.469 187.442 160.744
threshold=10.500000000000002 1.0000000180025095e-35 8.3767751937499018 3.5000000000000004 17.500000000000004 22.500000000000004 12.500000000000002 7.4992063072097919 0.075498575498575513 1.416213345714316 28.500000000000004 27.500000000000004 4.0312929245664417 24.500000000000004 1.0000000180025095e-35 0.10620300751879701 16.928571428571434 106.50000000000001 3.0783421635988568 22.500000000000004 5.929531161962978 22.500000000000004
decision_type=2 2 2 2 2 2 2 2 2 2 2 2 2 2 2 2 2 2 2 2 2 2
left_child=2 3 9 5 -5 8 -3 -8 10 -1 11 12 -2 17 -15 -4 -17 -11 -10 21 -21 -7
right_child=1 6 15 4 -6 19 7 -9 18 13 -12 -13 -14 14 -16 16 -18 -19 -20 20 -22 -23
leaf_value=-0.014379536508178199 -0.011975664482875306 0.16809391255270351 -0.027357839755348716 -0.005097119917017159 0.020493189089989757 0.052286684988718482 0.12843783899173142 -0.0028539057385246714 -0.0015252932938544649 0.046098498532605919 0.050853618843602427 -0.037099340366006928 0.020447448701451088 0.0032637266440386408 0.057167714304911597 0.013507909166407499 0.066090278317111256 -0.0065066540457029498 0.05538984138786774 0.12560776666854509 0.04753893073590007 -0.0054117328046296518
leaf_weight=3915 270 50 46 1172 955 195 45 48 64 64 156 82 884 1919 67 199 174 7578 334 59 123 82
leaf_count=3915 270 50 46 1172 955 195 45 48 64 64 156 82 884 1919 67 199 174 7578 334 59 123 82
internal_value=0.000700291 0.0203032 -0.0056482 0.0174203 0.00640556 0.0277924 0.104836 0.0638075 0.0214477 -0.00679779 0.0141924 0.00936489 0.0128274 -0.00370717 0.00523003 0.0311097 0.038633 -0.00603396 0.0462889 0.0519998 0.0756224 0.0353511
internal_weight=18481 4519 13962 4376 2127 2249 143 93 1790 13543 1392 1236 1154 9628 1986 419 373 7642 398 459 182 277
internal_count=18481 4519 13962 4376 2127 2249 143 93 1790 13543 1392 1236 1154 9628 1986 419 373 7642 398 459 182 277
is_linear=0
shrinkage=0.035


Tree=90
num_leaves=23
num_cat=0
split_feature=5 19 1 6 21 14 15 12 20 17 10 23 16 2 1 20 12 23 23 3 0 0
split_gain=1601.72 740.748 437.974 258.946 251.449 229.66 202.377 201.407 232.206 197.179 197.048 195.68 218.202 187.568 184.448 182.495 181.923 167.041 173.646 214.318 164.108 170.545
threshold=12.500000000000002 1.0000000180025095e-35 6.5000000000000009 17.500000000000004 1.0000000180025095e-35 0.20714285714285716 0.31909090909090915 6.1971042030510768 1.0000000180025095e-35 12.225855976925034 8.7396179946983512 18.500000000000004 15.166530922291825 12.500000000000002 18.500000000000004 1.0000000180025095e-35 6.4646985523282181 3.5000000000000004 21.500000000000004 21.500000000000004 17.500000000000004 24.500000000000004
decision_type=2 2 2 2 2 2 2 2 2 2 2 2 2 2 2 2 2 2 2 2 2 2
left_child=2 3 15 17 6 20 11 8 13 -8 -3 -4 16 -6 -14 -1 -13 -2 -19 -20 -5 -22
right_child=1 10 4 5 7 -7 9 -9 -10 -11 -12 12 14 -15 -16 -17 -18 18 19 -21 21 -23
leaf_value=-0.011732601532553809 0.034897520846573007 0.14174854331699513 -0.0065885159133120099 0.0089602160401375721 0.022513330553140906 0.096336464745671327 -0.0089212408065213831 0.094454133173933752 0.084003433068677538 0.07114195955118964 0.041901401177048686 0.0080926676162213964 0.074640297839127553 -0.044589706616984179 0.009391007281394791 -0.001347538674693959 -0.043883847729381427 -0.0037924580334530527 0.011422858129710263 0.071260232579273483 0.045038462547823788 0.016220986245924753
leaf_weight=7621 264 70 2151 512 220 54 59 49 54 93 45 1119 104 61 108 2854 84 1045 616 79 620 439
leaf_count=7621 264 70 2151 512 220 54 59 49 54 93 45 1119 104 61 108 2854 84 1045 616 79 620 439
internal_value=0.000134013 0.0205391 -0.00511093 0.0176774 0.00457704 0.028049 0.00176835 0.0313543 0.0208199 0.0406589 0.106198 5.11431e-05 0.0101443 0.00736042 0.042463 -0.00890677 0.00428228 0.00920971 0.00521339 0.0187099 0.0253925 0.0332412
internal_weight=18321 3744 14577 3629 4102 1625 3718 384 335 152 115 3566 1415 281 212 10475 1203 2004 1740 695 1571 1059
internal_count=18321 3744 14577 3629 4102 1625 3718 384 335 152 115 3566 1415 281 212 10475 1203 2004 1740 695 1571 1059
is_linear=0
shrinkage=0.035


Tree=91
num_leaves=23
num_cat=0
split_feature=5 19 12 9 24 23 20 17 0 18 10 15 20 3 17 18 4 23 21 1 21 23
split_gain=1828.93 951.96 449.79 398.855 319.657 278.852 254.036 238.068 236.934 213.915 238.304 181.845 179.325 173.374 168.915 161.545 161.303 157.622 176.421 168.338 147.006 149.439
threshold=10.500000000000002 1.0000000180025095e-35 8.3767751937499018 24.410714285714288 3.5000000000000004 30.500000000000004 1.0000000180025095e-35 2.5849178840663378 24.500000000000004 0.037749287749287756 3.0783421635988568 0.31909090909090915 1.0000000180025095e-35 18.500000000000004 15.207341245001272 0.17752100840336138 15.500000000000002 4.5000000000000009 1.0000000180025095e-35 28.500000000000004 1.0000000180025095e-35 3.5000000000000004
decision_type=2 2 2 2 2 2 2 2 2 2 2 2 2 2 2 2 2 2 2 2 2 2
left_child=2 3 6 4 5 9 -1 -8 -3 17 -11 13 -12 -4 -14 16 -6 -2 19 -19 21 -9
right_child=1 8 11 -5 15 -7 7 20 -10 10 12 -13 14 -15 -16 -17 -18 18 -20 -21 -22 -23
leaf_value=-0.0096124904788696432 0.042779067945001387 0.055993540019474257 -0.0079443102826674775 0.04958537123693775 -0.011999774857737022 0.099639960160119501 -0.0084441876237315357 0.045075745506013641 0.15127105933698742 -0.010802935042446204 0.033150148020794426 0.064246243861653202 0.047692343245497815 0.04590268392671621 0.12708808924895942 0.030465627863268792 0.010228220618300284 0.0084309541319402079 0.050294507636972102 -0.04357913714174818 0.054837329740060822 0.0049092979208797032
leaf_weight=9890 191 72 175 415 810 52 1631 117 72 96 321 126 97 119 56 222 780 1075 110 77 80 1691
leaf_count=9890 191 72 175 415 810 52 1631 117 72 96 321 126 97 119 56 222 780 1075 110 77 80 1691
internal_value=0.000660427 0.0201759 -0.00561754 0.0171369 0.0136088 0.0229725 -0.00673988 0.0013307 0.107227 0.0207524 0.0388702 0.0298311 0.0489748 0.0141955 0.0799651 0.00284262 -0.00108662 0.013524 0.00893118 0.00476615 0.00978425 0.00763536
internal_weight=18275 4446 13829 4302 3887 2075 13409 3519 144 2023 570 420 474 294 153 1812 1590 1453 1262 1152 1888 1808
internal_count=18275 4446 13829 4302 3887 2075 13409 3519 144 2023 570 420 474 294 153 1812 1590 1453 1262 1152 1888 1808
is_linear=0
shrinkage=0.035


Tree=92
num_leaves=23
num_cat=0
split_feature=5 19 12 20 23 23 21 27 2 20 15 8 4 24 7 9 2 9 8 9 12 3
split_gain=1503.23 952.153 500.974 370.369 293.967 261.039 238.214 214.498 206.765 205.434 190.55 220.31 188.404 182.944 165.502 155.221 135.416 157.384 176.985 131.335 131.083 162.445
threshold=10.500000000000002 1.0000000180025095e-35 8.3767751937499018 1.0000000180025095e-35 24.500000000000004 10.500000000000002 1.0000000180025095e-35 9349.5000000000018 18.500000000000004 1.0000000180025095e-35 0.15894736842105264 23.464285714285719 14.500000000000002 2.5000000000000004 28.071428571428573 1.8937969924812033 23.500000000000004 17.654761904761909 19.607142857142861 15.259615384615387 5.7218947212803135 5.5000000000000009
decision_type=2 2 2 2 2 2 2 2 2 2 2 2 2 2 2 2 2 2 2 2 2 2
left_child=2 3 6 10 5 12 9 -8 -3 20 11 16 -5 -9 -13 -11 19 -18 -19 -2 21 -1
right_child=1 8 -4 4 -6 -7 7 13 -10 15 -12 14 -14 -15 -16 -17 17 18 -20 -21 -22 -23
leaf_value=-0.012723873724835834 -0.0045640794050049935 0.058491518303933676 0.03227829147221218 0.011433680654466401 0.059296036720154786 0.0068406632033139007 0.00027815396636687482 0.08532014251275756 0.14768086146103923 -0.011372101859142843 0.043762248630329521 0.039870746971593811 0.06244715419928331 0.018154980762723531 -0.0099289062660221656 0.0043298389067063479 -0.063552889601906415 0.038931039104686135 -0.021753265498855125 0.013216179473361914 -0.030098539783960106 -0.0012586755336370537
leaf_weight=6374 930 77 413 146 318 637 1002 63 69 1151 167 342 236 204 104 2311 69 74 226 1111 415 1991
leaf_count=6374 930 77 413 146 318 637 1002 63 69 1151 167 342 236 204 104 2311 69 74 226 1111 415 1991
internal_value=0.000227328 0.0177881 -0.00545868 0.0147726 0.0300843 0.020706 -0.00662502 0.00777964 0.104253 -0.0081222 0.0079564 0.00578377 0.0433947 0.0353443 0.0282381 -0.000894359 0.00157121 -0.0177871 -0.00633427 0.00511454 -0.010968 -0.00999945
internal_weight=18430 4506 13924 4360 1337 1019 13511 1269 146 12242 3023 2856 382 267 446 3462 2410 369 300 2041 8780 8365
internal_count=18430 4506 13924 4360 1337 1019 13511 1269 146 12242 3023 2856 382 267 446 3462 2410 369 300 2041 8780 8365
is_linear=0
shrinkage=0.035


Tree=93
num_leaves=23
num_cat=0
split_feature=4 23 18 23 19 2 9 6 18 0 4 5 11 20 17 4 23 23 10 5 23 2
split_gain=1384.3 471.324 446.426 434.12 362.314 320.819 307.279 279.926 234.458 231.076 224.509 217.987 206.058 189.098 204.137 233.377 187.474 175.477 167.2 161.878 160.326 149.498
threshold=14.500000000000002 3.5000000000000004 0.15587044534412958 26.500000000000004 1.0000000180025095e-35 1.5000000000000002 4.3273809523809534 5.5000000000000009 0.64495798319327746 19.500000000000004 18.500000000000004 10.500000000000002 8.1321502772555885 1.0000000180025095e-35 21.920858840994246 24.500000000000004 20.500000000000004 3.5000000000000004 6.362090102803525 8.5000000000000018 30.500000000000004 25.500000000000004
decision_type=2 2 2 2 2 2 2 2 2 2 2 2 2 2 2 2 2 2 2 2 2 2
left_child=2 9 7 5 8 -3 -6 18 11 -2 -5 -4 17 -7 15 -15 -16 -9 19 -1 -19 -12
right_child=1 3 4 10 6 13 -8 12 -10 -11 21 -13 -14 14 16 -17 -18 20 -20 -21 -22 -23
leaf_value=-0.010821570652425576 0.025585501043263965 0.087228680437625356 0.00071149022289585971 0.020924527935826324 0.014571950680886708 0.0026677021489298685 0.13479774562716484 0.028578085862263722 0.067667765645437861 0.095889198650561641 0.086028414173148229 0.032388787941045001 -0.035044965052746992 0.023407160871793491 0.032199370844830433 -0.030797644942518205 0.1074921753909439 -0.00057180674315787086 -0.051063388652801821 0.010810980525936086 0.046386252723472278 0.018636238744757217
leaf_weight=8247 103 62 2502 204 58 1644 45 307 68 142 188 293 173 449 181 119 51 2777 117 442 87 56
leaf_count=8247 103 62 2502 204 58 1644 45 307 68 142 188 293 173 449 181 119 51 2777 117 442 87 56
internal_value=0.000378491 0.0212773 -0.00404874 0.0173297 0.00811283 0.011594 0.0710687 -0.00702112 0.00572187 0.0675058 0.048893 0.00409038 0.0015938 0.00949393 0.0233964 0.0118507 0.0507432 0.00365023 -0.0102936 -0.00971355 0.000926897 0.0713164
internal_weight=18315 3199 15116 2954 2966 2506 103 12150 2863 245 448 2795 3344 2444 800 568 232 3171 8806 8689 2864 244
internal_count=18315 3199 15116 2954 2966 2506 103 12150 2863 245 448 2795 3344 2444 800 568 232 3171 8806 8689 2864 244
is_linear=0
shrinkage=0.035


Tree=94
num_leaves=23
num_cat=0
split_feature=4 20 21 17 18 19 10 27 9 15 11 17 21 10 1 21 9 0 10 0 2 6
split_gain=1171.95 447.487 395.207 336.546 383.102 310.772 245.698 226.865 210.205 252.636 299.111 404.302 182.291 263.949 238.628 178.389 192.407 157.932 146.69 145.097 178.025 158.612
threshold=13.500000000000002 1.0000000180025095e-35 1.0000000180025095e-35 2.5849178840663378 1.0000000180025095e-35 1.0000000180025095e-35 5.3807416730763942 10740.000000000002 25.222527472527478 0.036375661375661381 7.0105885379439945 19.672574051149649 1.0000000180025095e-35 8.4768587913194064 21.500000000000004 1.0000000180025095e-35 14.282857142857145 21.500000000000004 4.5408201482824149 32.500000000000007 14.500000000000002 21.500000000000004
decision_type=2 2 2 2 2 2 2 2 2 2 2 2 2 2 2 2 2 2 2 2 2 2
left_child=3 12 8 -1 6 15 7 -5 9 10 11 -3 19 14 17 16 -6 -14 -13 20 21 -2
right_child=1 2 -4 4 5 -7 -8 -9 -10 -11 -12 18 13 -15 -16 -17 -18 -19 -20 -21 -22 -23
leaf_value=-0.010578394231471709 -0.013197275320564521 0.009774966130543572 0.12339906837302643 -0.009066608158325714 0.001048390645158735 0.057135062872389848 -0.032517086220408331 0.0082000427702244721 0.086256847854238011 0.056201743342228376 -0.015980471516518619 0.028944462900275761 0.021365738755664214 0.10466926507927754 -0.027207050507748 0.031161527722053089 0.027224913658766253 0.09368430971812744 0.10055431347685281 -0.033458155290646989 0.01523925019596644 0.042220541716743477
leaf_weight=5925 576 359 56 3148 3052 149 398 1318 75 260 238 61 148 49 88 320 383 47 103 105 1309 66
leaf_count=5925 576 359 56 3148 3052 149 398 1318 75 260 238 61 148 49 88 320 383 47 103 105 1309 66
internal_value=0.000217387 0.0182815 0.0361594 -0.00413836 0.000215063 0.00837733 -0.00633451 -0.00396351 0.0311458 0.0266798 0.0162696 0.0309911 0.00959212 0.0334716 0.0194802 0.00636455 0.00400747 0.0407902 0.0756669 0.00565576 0.00784991 -0.00719082
internal_weight=18233 3540 1152 14693 8768 3904 4864 4466 1096 1021 761 523 2388 332 283 3755 3435 195 164 2056 1951 642
internal_count=18233 3540 1152 14693 8768 3904 4864 4466 1096 1021 761 523 2388 332 283 3755 3435 195 164 2056 1951 642
is_linear=0
shrinkage=0.035


Tree=95
num_leaves=23
num_cat=0
split_feature=5 19 12 20 3 5 21 23 23 23 3 18 7 3 8 23 20 16 8 10 6 4
split_gain=1188.73 701.556 407.612 328.24 397.732 283.896 241.961 270.025 232.001 231.494 188.091 185.132 237.05 183.007 183.827 154.29 148.764 183.569 154.952 148.252 147.127 185.605
threshold=10.500000000000002 1.0000000180025095e-35 8.3767751937499018 1.0000000180025095e-35 15.500000000000002 43.500000000000007 1.0000000180025095e-35 28.500000000000004 3.5000000000000004 24.500000000000004 7.5000000000000009 0.097619047619047633 16.928571428571434 21.500000000000004 10.654761904761907 24.500000000000004 1.0000000180025095e-35 20.014215070577379 16.445054945054945 3.545621041711676 5.5000000000000009 28.500000000000004
decision_type=2 2 2 2 2 2 2 2 2 2 2 2 2 2 2 2 2 2 2 2 2 2
left_child=2 5 9 4 -3 6 8 13 -2 16 -11 -4 -13 14 -8 -10 17 -1 -18 -17 -21 -22
right_child=1 3 11 -5 -6 -7 7 -9 15 10 -12 12 -14 -15 -16 19 18 -19 -20 20 21 -23
leaf_value=-0.010543139434860762 0.03368266845726562 0.11214631907176228 -0.035431002868339417 0.16097000856725677 -0.02293252029860357 0.089926688501547128 0.067324753067424081 0.10003539537638427 0.0015991415814584197 -0.0010614583974975817 0.024456129911496042 0.0094448695126222448 0.065236455384330608 0.073777957155484047 -0.0020346446903651491 -0.0036166967253114042 -0.0029446264626539578 -0.065326009305733221 0.053434373635004785 0.064505674038680461 0.01233518964920215 0.076836303074754059
leaf_weight=7744 414 51 45 48 48 53 53 65 2546 2297 413 195 179 68 239 269 2802 71 56 104 504 57
leaf_count=7744 414 51 45 48 48 53 53 65 2546 2297 413 195 179 68 239 269 2802 71 56 104 504 57
internal_value=-9.52681e-05 0.0154744 -0.00519805 0.0894486 0.0485314 0.0128838 0.0118315 0.0367771 0.00906067 -0.0062674 0.00285882 0.0285871 0.0367018 0.0240936 0.0114171 0.00608236 -0.00858655 -0.0110845 -0.00174243 0.018211 0.0270277 0.0195406
internal_weight=18321 4519 13802 147 99 4372 4319 425 3894 13383 2710 419 374 360 292 3480 10673 7815 2858 934 665 561
internal_count=18321 4519 13802 147 99 4372 4319 425 3894 13383 2710 419 374 360 292 3480 10673 7815 2858 934 665 561
is_linear=0
shrinkage=0.035


Tree=96
num_leaves=23
num_cat=0
split_feature=17 19 6 23 10 1 18 24 4 23 23 21 3 17 11 8 11 10 17 7 18 6
split_gain=1117.6 532.344 359.416 302.906 260.898 254.742 234.227 214.834 204.696 224.307 194.243 193.99 176.363 157.443 137.99 147.655 137.457 136.035 133.435 244.715 124.756 120.218
threshold=15.927257303271483 1.0000000180025095e-35 6.5000000000000009 24.500000000000004 8.898902686953571 33.500000000000007 0.042572463768115944 3.5000000000000004 6.5000000000000009 3.5000000000000004 24.500000000000004 1.0000000180025095e-35 1.0000000180025095e-35 6.3976408404892942 6.0467500650134625 22.964285714285719 6.5685313694822431 3.5923198500080598 25.715947365920382 28.500000000000004 0.15587044534412958 26.500000000000004
decision_type=2 2 2 2 2 2 2 2 2 2 2 2 2 2 2 2 2 2 2 2 2 2
left_child=2 3 10 6 -3 14 8 11 -2 -10 20 -4 -9 -12 17 -16 -11 -5 -18 -20 -1 -8
right_child=1 4 7 5 -6 -7 21 12 9 16 13 -13 -14 -15 15 -17 18 -19 19 -21 -22 -23
leaf_value=-0.011066014720881295 -0.041870013471823515 0.12311720668706438 0.010651833127766604 0.00055360173694340585 0.026308387011727868 0.10919070766866208 0.022804531485336534 0.036480203349143273 0.039519493934968113 0.013949651159073231 -0.0016925635804035802 0.049661309460951451 -0.0058738229284106712 0.023196822937450626 -0.0093394515457202419 0.052196483473208821 -0.012354801646643437 0.052429548059118612 0.0697573409393792 -0.022478388890624049 -0.00074817326658418873 0.077530825184150179
leaf_weight=7371 109 81 1621 78 63 50 647 125 216 664 1875 169 1626 368 168 61 789 311 67 65 1788 50
leaf_count=7371 109 81 1621 78 63 50 647 125 216 664 1875 169 1626 368 168 61 789 311 67 65 1788 50
internal_value=0.000360683 0.0183982 -0.00376996 0.0154218 0.0831849 0.0363795 0.00998565 0.00596184 0.00361085 0.00648143 -0.00679508 0.0144727 -0.00274503 0.00242567 0.0296315 0.00774249 0.00185795 0.0422111 -0.00686898 0.0250477 -0.00905521 0.0272796
internal_weight=18362 3419 14943 3275 144 668 2607 3541 1910 1801 11402 1790 1751 2243 618 229 1585 389 921 132 9159 697
internal_count=18362 3419 14943 3275 144 668 2607 3541 1910 1801 11402 1790 1751 2243 618 229 1585 389 921 132 9159 697
is_linear=0
shrinkage=0.035


Tree=97
num_leaves=23
num_cat=0
split_feature=5 21 5 20 21 12 20 18 16 2 6 6 10 3 23 19 12 8 20 23 6 24
split_gain=1139.53 484.33 286.302 282.575 264.889 237.325 217.632 213.001 201.891 194.088 177.877 199.648 170.407 208.08 159.206 151.688 142.601 141.074 134.461 132.457 131.623 163.332
threshold=12.500000000000002 1.0000000180025095e-35 43.500000000000007 1.0000000180025095e-35 1.0000000180025095e-35 6.2538347914254722 1.0000000180025095e-35 0.072751322751322761 15.559478589564653 1.0000000180025095e-35 14.500000000000002 24.500000000000004 7.6966288229389894 15.500000000000002 3.5000000000000004 1.0000000180025095e-35 1.8242922814182847 21.441558441558445 1.0000000180025095e-35 16.500000000000004 23.500000000000004 3.5000000000000004
decision_type=2 2 2 2 2 2 2 2 2 2 2 2 2 2 2 2 2 2 2 2 2 2
left_child=4 2 9 10 7 6 -6 12 15 -2 -3 -12 13 -1 17 -9 -8 -11 -15 -10 21 -16
right_child=1 3 -4 -5 5 -7 16 8 19 14 11 -13 -14 18 20 -17 -18 -19 -20 -21 -22 -23
leaf_value=-0.0094788145398982861 0.060678898128632891 0.00076038653297083722 0.094741936128299967 0.12709701960369693 0.0017029021062917055 0.07897965911665332 0.011825589666292928 -0.0032713305368242767 0.0083112504910926796 0.019259003334774233 0.085997476851710913 0.014372111200656304 -0.047437767133182214 0.0056871358179347992 0.012094746133707611 0.033689614295800953 0.078873409737561712 0.071137935024665006 0.058176571982117696 0.051080236119298461 0.022106481694860482 -0.0068360141357158262
leaf_weight=8462 92 93 47 54 1141 54 82 3817 238 268 125 80 135 229 1241 136 74 83 77 140 594 1006
leaf_count=8462 92 93 47 54 1141 54 82 3817 238 268 125 80 135 229 1241 136 74 83 77 140 594 1006
internal_value=-6.93407e-05 0.0173117 0.0131298 0.0560982 -0.00446402 0.0102682 0.00710165 -0.00597259 0.000389986 0.0118142 0.0412898 0.0591371 -0.00906821 -0.00844875 0.0103076 -0.00195434 0.0452008 0.0324027 0.0196745 0.0246574 0.00751955 0.00361516
internal_weight=18268 3683 3331 352 14585 1351 1297 13234 4331 3284 298 205 8903 8768 3192 3953 156 351 306 378 2841 2247
internal_count=18268 3683 3331 352 14585 1351 1297 13234 4331 3284 298 205 8903 8768 3192 3953 156 351 306 378 2841 2247
is_linear=0
shrinkage=0.035


Tree=98
num_leaves=23
num_cat=0
split_feature=17 21 21 20 23 20 18 12 15 10 1 23 11 17 7 18 5 0 17 7 7 23
split_gain=1082.97 453.128 361.076 360.608 290.624 273.321 245.88 238.51 323.38 211.371 187.432 185.55 182.997 278.926 172.603 156.262 185.245 193.001 175.621 218.542 165.927 155.031
threshold=16.135767932260162 1.0000000180025095e-35 1.0000000180025095e-35 1.0000000180025095e-35 22.500000000000004 1.0000000180025095e-35 0.27888888888888896 4.3548496579967431 0.31909090909090915 2.8284271247461921 20.500000000000004 28.500000000000004 4.7653741939947629 23.897325347691226 15.585714285714287 0.078461538461538485 8.5000000000000018 17.500000000000004 22.111633769687717 27.071428571428573 22.500000000000004 10.500000000000002
decision_type=2 2 2 2 2 2 2 2 2 2 2 2 2 2 2 2 2 2 2 2 2 2
left_child=2 3 5 15 10 -1 11 -7 14 -8 -3 -4 -5 -14 -9 16 17 -2 20 -20 -18 -12
right_child=1 4 6 12 -6 7 9 8 -10 -11 21 -13 13 -15 -16 -17 18 -19 19 -21 -22 -23
leaf_value=-0.0081614459766516552 0.0032868240545080472 0.077476137795734534 0.003978890962359545 0.067969513181243335 0.126726014194428 -0.0011529633821505175 0.018245341507578967 0.020496878927914783 0.10748719807267189 0.11718422297872604 0.046402400352526463 0.042372130241479414 0.013210618879092306 0.063447309811330913 -0.041478004901379838 0.02487158655589964 0.0015926239833418737 -0.072762033758814668 0.033969255811008903 -0.014485715546046093 -0.04554841237585517 -0.023949626705176395
leaf_weight=9629 83 96 1135 153 59 3231 62 575 45 45 79 174 550 177 56 463 878 74 420 152 97 66
leaf_count=9629 83 96 1135 153 59 3231 62 575 45 45 79 174 550 177 56 463 878 74 420 152 97 66
internal_value=0.000796089 0.0187777 -0.00323285 0.0146707 0.0595096 -0.00499416 0.0135501 0.00280775 0.0216335 0.0633853 0.0407417 0.00923748 0.0335068 0.0258153 0.0146864 0.00695394 0.00201671 -0.0335893 0.0057381 0.0210488 -0.00328791 0.0145325
internal_weight=18299 3347 14952 3047 300 13536 1416 3907 676 107 241 1309 880 727 631 2167 1704 157 1547 572 975 145
internal_count=18299 3347 14952 3047 300 13536 1416 3907 676 107 241 1309 880 727 631 2167 1704 157 1547 572 975 145
is_linear=0
shrinkage=0.035


Tree=99
num_leaves=23
num_cat=0
split_feature=0 21 23 20 17 28 23 10 21 15 6 20 0 19 19 16 4 23 11 18 24 2
split_gain=1025.65 462.525 505.892 364.702 338.39 261.468 257.944 306.904 234.139 219.58 214.659 206.385 228.527 184.958 183.961 176.706 160.537 160.076 172.11 145.392 173.217 141.777
threshold=14.500000000000002 1.0000000180025095e-35 22.500000000000004 1.0000000180025095e-35 6.5537404230082457 191.00000000000003 10.500000000000002 7.5985573069350503 1.0000000180025095e-35 0.072751322751322761 19.500000000000004 1.0000000180025095e-35 28.500000000000004 1.0000000180025095e-35 1.0000000180025095e-35 23.594564066543953 25.500000000000004 3.5000000000000004 4.9385786743190367 0.04083333333333334 1.5000000000000002 25.500000000000004
decision_type=2 2 2 2 2 2 2 2 2 2 2 2 2 2 2 2 2 2 2 2 2 2
left_child=3 5 6 13 -5 16 7 10 9 -6 -3 12 15 -1 -13 19 17 -2 -19 20 -7 -17
right_child=1 2 -4 4 8 11 -8 -9 -10 -11 -12 14 -14 -15 -16 21 -18 18 -20 -21 -22 -23
leaf_value=-0.0073990108152791594 0.063718797276291927 -0.019767335429166755 0.13672321509972618 -0.0013956391007838038 0.009435163757834833 -0.060505575103541979 -0.0013277451637877179 0.1349721490792638 0.083181337585429796 0.046387836303395352 0.069911574838632681 0.017003059089870678 -0.041721015721000732 0.019653645473918121 0.085860876435270683 0.068808056978118981 0.056219737924040905 0.049758499516174205 0.0052863979949926343 0.013408201153098724 -0.0050352319186454378 0.0041746733200852763
leaf_weight=10471 89 55 69 2681 1021 73 141 46 64 241 69 656 145 314 47 81 201 130 520 496 616 83
leaf_count=10471 89 55 69 2681 1021 73 141 46 64 241 69 656 145 314 47 81 201 130 520 496 616 83
internal_value=0.000788475 0.017764 0.0540121 -0.00325115 0.00575778 0.0132886 0.0337331 0.06212 0.0201851 0.0166609 0.0307745 0.00663905 -0.000723545 -0.00660102 0.0222052 0.00380802 0.0286943 0.0208566 0.0145195 -0.000948576 -0.0113311 0.0372921
internal_weight=18309 3517 380 14792 4007 3137 311 170 1326 1262 124 2197 1494 10785 703 1349 940 739 650 1185 689 164
internal_count=18309 3517 380 14792 4007 3137 311 170 1326 1262 124 2197 1494 10785 703 1349 940 739 650 1185 689 164
is_linear=0
shrinkage=0.035


Tree=100
num_leaves=23
num_cat=0
split_feature=4 19 18 2 29 6 24 21 11 18 24 9 12 15 7 15 23 23 12 19 11 11
split_gain=988.498 602.77 362.561 299.535 274.948 274.114 176.33 222.482 169.164 162.472 162.113 261.152 205.309 161.254 182.884 145.179 150.864 180.731 141.774 140.44 136.233 186.147
threshold=14.500000000000002 1.0000000180025095e-35 0.64495798319327746 1.0000000180025095e-35 1.0000000180025095e-35 6.5000000000000009 3.5000000000000004 1.0000000180025095e-35 7.5825131384327635 0.15587044534412958 3.5000000000000004 24.410714285714288 10.811210523186796 0.17752100840336138 21.071428571428573 0.036375661375661381 7.5000000000000009 24.500000000000004 1.0495457906063796 1.0000000180025095e-35 5.4533483182454345 4.9738325567492909
decision_type=2 2 2 2 2 2 2 2 2 2 2 2 2 2 2 2 2 2 2 2 2 2
left_child=2 3 5 -2 10 9 7 -7 -3 -1 20 -12 -13 14 -8 16 -6 -18 -11 -20 21 -5
right_child=1 8 -4 4 15 6 13 -9 -10 18 11 12 -14 -15 -16 -17 17 -19 19 -21 -22 -23
leaf_value=-0.0083967663807003427 0.08299680503610618 0.13428011548324406 0.076106957054318636 0.017216330566864918 0.05628370536776011 0.0085472268887767499 -0.003936126152621254 0.05150951231218464 0.042554538026452066 -0.024727735611864116 -0.012078242743148693 0.073200057880996275 -0.014999075544377171 0.025369749854782273 -0.053407569745156383 0.07899229432949248 0.0065038292267115463 0.045654160500117918 0.0029557021845246505 0.049722998968166558 0.0029642881475738254 0.069004772796330077
leaf_weight=9270 73 61 65 437 152 1641 1432 158 51 215 804 81 49 208 93 63 501 200 2006 77 555 103
leaf_count=9270 73 61 65 437 152 1641 1432 158 51 215 804 81 49 208 93 63 501 200 2006 77 555 103
internal_value=0.000338547 0.0182308 -0.00335798 0.0151746 0.0133497 -0.00372628 0.00480022 0.0124625 0.0962653 -0.0063321 0.00612271 -0.00456448 0.0405019 -0.00315673 -0.00712919 0.0292188 0.0250834 0.0179427 0.00198919 0.00480781 0.0152338 0.0276691
internal_weight=18295 3130 15165 3018 2945 15100 3532 1799 112 11568 2029 934 130 1733 1525 916 853 701 2298 2083 1095 540
internal_count=18295 3130 15165 3018 2945 15100 3532 1799 112 11568 2029 934 130 1733 1525 916 853 701 2298 2083 1095 540
is_linear=0
shrinkage=0.035


Tree=101
num_leaves=23
num_cat=0
split_feature=17 21 10 13 11 21 18 11 5 20 12 13 23 4 24 27 28 23 25 10 4 25
split_gain=874.892 484.863 339.914 302.184 293.979 287.079 271.27 256.103 264.6 211.253 255.2 252.946 205.147 198.383 197.716 245.856 209.831 296.144 208.048 190.967 189.266 157.757
threshold=15.927257303271483 1.0000000180025095e-35 7.6966288229389894 0.2678571428571429 4.9738325567492909 1.0000000180025095e-35 0.27888888888888896 4.7653741939947629 42.500000000000007 1.0000000180025095e-35 4.3548496579967431 0.15476190476190479 3.5000000000000004 24.500000000000004 3.5000000000000004 9349.5000000000018 195.50000000000003 7.5000000000000009 47274.500000000007 2.7945525240230937 19.500000000000004 43337.000000000007
decision_type=2 2 2 2 2 2 2 2 2 2 2 2 2 2 2 2 2 2 2 2 2 2
left_child=5 3 4 7 -3 9 14 -2 12 -1 -11 -12 -9 20 15 16 -7 -18 -17 -8 -6 -14
right_child=1 2 -4 -5 13 6 19 8 -10 10 11 -13 21 -15 -16 18 17 -19 -20 -21 -22 -23
leaf_value=-0.0081120047882906401 0.031296479389531236 0.098753859233569191 0.11532510265252657 0.074188931399308475 0.019527894074786199 0.044401266356606198 0.019165953356358741 0.037629911665159929 0.077600721653706087 -0.0024870530873350684 0.011005149316271222 0.067408057864444954 0.003462697626597345 0.06315299519896507 -0.0064106001679137617 0.10943750916812264 -0.07219096822225872 0.0090687664936889307 0.025601070906932109 0.11500097124278547 -0.06850762476815897 -0.025897815507940125
leaf_weight=9652 548 56 85 87 68 133 58 190 55 3266 540 115 2025 50 672 56 63 281 102 45 46 247
leaf_count=9652 548 56 85 87 68 133 58 190 55 3266 540 115 2025 50 672 56 63 281 102 45 46 247
internal_value=-0.000102677 0.0157546 0.0575591 0.0116192 0.0330958 -0.00376661 0.0112347 0.0097195 0.00496209 -0.00532984 0.00151595 0.0213701 0.0031783 0.00831398 0.00678703 0.020722 0.00790883 -0.00658401 0.0578681 0.0645834 -0.0172341 0.000213231
internal_weight=18440 3457 305 3152 220 14983 1410 3065 2517 13573 3921 655 2462 164 1307 635 477 344 158 103 114 2272
internal_count=18440 3457 305 3152 220 14983 1410 3065 2517 13573 3921 655 2462 164 1307 635 477 344 158 103 114 2272
is_linear=0
shrinkage=0.035


Tree=102
num_leaves=23
num_cat=0
split_feature=4 19 19 21 24 5 13 17 23 5 18 15 18 24 12 5 3 23 17 9 16 23
split_gain=914.055 327.583 318.258 308.382 269.487 273.901 240.847 220.108 216.683 198.873 209.317 190.269 177.458 177.41 165.921 207.315 155.365 149.201 141.335 127.643 149.289 127.471
threshold=13.500000000000002 1.0000000180025095e-35 1.0000000180025095e-35 1.0000000180025095e-35 3.5000000000000004 40.500000000000007 0.2678571428571429 23.117857467758697 13.500000000000002 6.5000000000000009 0.64495798319327746 0.19615384615384621 0.075498575498575513 4.5000000000000009 6.6304073468237332 15.500000000000002 29.500000000000004 3.5000000000000004 4.3133985873897336 23.869747899159666 26.16757770621086 3.5000000000000004
decision_type=2 2 2 2 2 2 2 2 2 2 2 2 2 2 2 2 2 2 2 2 2 2
left_child=1 9 4 12 7 6 13 11 -4 10 -1 14 -3 21 -2 -16 -9 -11 -14 -15 -21 -6
right_child=2 3 8 -5 5 -7 -8 16 -10 17 -12 -13 18 19 15 -17 -18 -19 -20 20 -22 -23
leaf_value=-0.0068920260095045619 0.023183659045601976 -0.00065458900265434833 0.12692481765236993 0.10700776772014799 0.033560221554038844 0.082890896244565609 0.054868617417911693 0.035578155394502549 0.029258469376961391 0.023289619801962865 0.051015645631335003 0.074144624913452389 0.013542133480696841 0.003895527230210472 -0.033620235488514408 0.015008921924745665 0.095073135809103662 0.0005228822005866017 0.0799976921081543 0.089689969458431024 0.0055844573224665692 -0.018536863749759293
leaf_weight=10918 997 304 47 45 58 47 91 246 70 396 72 66 89 593 161 299 70 2940 70 45 56 684
leaf_count=10918 997 304 47 45 58 47 91 246 70 396 72 66 89 593 161 299 70 2940 70 45 56 684
internal_value=0.00057692 -0.00323243 0.0165717 0.0242464 0.0145557 0.00389157 0.001186 0.0236384 0.0722293 -0.00421617 -0.00648803 0.0179932 0.0151079 -0.00238232 0.0151927 -0.00215214 0.0500875 0.00326146 0.044453 0.0102857 0.0456854 -0.0142438
internal_weight=18364 14834 3530 508 3413 1574 1527 1839 117 14326 10990 1523 463 1436 1457 460 316 3336 159 694 101 742
internal_count=18364 14834 3530 508 3413 1574 1527 1839 117 14326 10990 1523 463 1436 1457 460 316 3336 159 694 101 742
is_linear=0
shrinkage=0.035


Tree=103
num_leaves=23
num_cat=0
split_feature=4 19 20 23 23 21 18 0 4 7 8 2 12 19 18 9 12 2 24 2 13 24
split_gain=799.668 481.423 410.672 325.243 395.202 317.432 240.137 213.424 181.72 163.097 159.754 157.983 155.454 149.145 136.03 127.824 176.309 127.183 126.593 122.139 118.353 150.951
threshold=6.5000000000000009 1.0000000180025095e-35 1.0000000180025095e-35 24.500000000000004 3.5000000000000004 1.0000000180025095e-35 0.18350168350168353 16.500000000000004 18.500000000000004 17.171428571428574 21.321428571428573 20.500000000000004 1.0007117441325406 1.0000000180025095e-35 0.036375661375661381 23.696428571428573 8.7406411414880409 17.500000000000004 3.5000000000000004 24.500000000000004 1.0000000180025095e-35 4.5000000000000009
decision_type=2 2 2 2 2 2 2 2 2 2 2 2 2 2 2 2 2 2 2 2 2 2
left_child=6 3 7 4 10 8 -1 -3 14 -10 11 -2 -8 -14 -5 18 -17 -16 19 -6 21 -20
right_child=1 2 -4 5 15 -7 12 -9 9 -11 -12 -13 13 -15 17 16 -18 -19 20 -21 -22 -23
leaf_value=-0.0074750535999244692 0.032015519525527704 0.079903711264881994 0.13657158470945435 0.00031005038983463043 0.0066926918237042061 0.085235053413016834 -0.024024048244776698 -0.0054930013013964009 0.0061268694394949726 0.053861379999172544 0.068870832854802291 -0.022154676887070443 0.0072492964051404409 0.060990978657747767 0.016818551390443661 0.045620343079685835 -0.001177852806285955 0.068240092265457949 -0.023208261619589072 -0.024365941955635472 0.011519212369826943 -0.0016410168335419812
leaf_weight=9455 347 54 59 638 2161 88 185 89 133 266 112 77 1686 61 349 173 219 68 732 162 323 869
leaf_count=9455 347 54 59 638 2161 88 185 89 133 266 112 77 1686 61 349 173 219 68 732 162 323 869
internal_value=0.000523536 0.00990484 0.0625051 0.00827507 0.00405725 0.02236 -0.00517706 0.0282465 0.0182636 0.0382659 0.0323672 0.0219937 0.00605028 0.00930449 0.0105374 0.000751164 0.0197458 0.0259545 -0.00101909 0.00447155 -0.00765186 -0.0115543
internal_weight=18306 6919 202 6717 5175 1542 11387 143 1454 399 536 424 1932 1747 1055 4639 392 417 4247 2323 1924 1601
internal_count=18306 6919 202 6717 5175 1542 11387 143 1454 399 536 424 1932 1747 1055 4639 392 417 4247 2323 1924 1601
is_linear=0
shrinkage=0.035


Tree=104
num_leaves=23
num_cat=0
split_feature=5 19 17 0 7 24 17 21 12 21 6 23 3 0 28 4 6 0 2 24 10 3
split_gain=898.536 585.311 274.83 322.055 302.222 259.253 255.255 268.977 294.785 200.932 206.394 188.485 179.462 144.697 170.703 141.02 139.928 169.416 192.881 164.088 155.412 142.248
threshold=10.500000000000002 1.0000000180025095e-35 24.615616320499853 27.500000000000004 28.928571428571434 3.5000000000000004 25.27350730294237 1.0000000180025095e-35 5.666374873069338 1.0000000180025095e-35 14.500000000000002 24.500000000000004 8.5000000000000018 23.500000000000004 106.50000000000001 19.500000000000004 23.500000000000004 17.500000000000004 16.500000000000004 4.5000000000000009 5.4902511001644694 21.500000000000004
decision_type=2 2 2 2 2 2 2 2 2 2 2 2 2 2 2 2 2 2 2 2 2 2
left_child=6 2 3 5 -4 9 7 11 -9 -2 -11 13 -13 14 -1 -12 19 20 -19 -7 -18 -20
right_child=1 -3 4 -5 -6 16 -8 8 -10 10 15 12 -14 -15 -16 -17 17 18 21 -21 -22 -23
leaf_value=0.050570399004538531 0.016897842896513009 0.08186490096583568 0.058541365918549519 -0.027531656200261215 -0.0087997829219979094 -0.014835431683388012 0.0450434446106701 0.006865105225485061 0.082893034783615302 0.0073881737997426719 0.038701431864105608 -0.0012134739456625796 0.025801083794513166 -0.053746969852404784 -0.0081668726543384536 0.12938873694612171 -0.054090304983636511 0.10069491691345518 0.052345108462579774 0.0086755287936278475 0.026565394730432269 -0.023987872595036472
leaf_weight=56 1785 146 281 272 112 697 124 1225 61 63 46 2275 342 80 9721 48 47 50 63 749 62 49
leaf_count=56 1785 146 281 272 112 697 124 1225 61 63 46 2275 342 80 9721 48 47 50 63 749 62 49
internal_value=0.000437283 0.0140773 0.0116925 0.00886777 0.0394366 0.0116123 -0.00395639 -0.00441543 0.010792 0.0203561 0.0578319 -0.00598834 0.00235269 -0.00820469 -0.00780298 0.0893826 0.001682 0.0245273 0.0467206 -0.00265722 -0.00890627 0.0192019
internal_weight=18354 4470 4324 3931 393 3659 13884 13760 1286 1942 157 12474 2617 9857 9777 94 1717 271 162 1446 109 112
internal_count=18354 4470 4324 3931 393 3659 13884 13760 1286 1942 157 12474 2617 9857 9777 94 1717 271 162 1446 109 112
is_linear=0
shrinkage=0.035


Tree=105
num_leaves=23
num_cat=0
split_feature=3 19 23 23 23 23 21 1 19 8 15 4 0 4 0 1 5 20 2 1 10 18
split_gain=742.053 725.484 397.494 602.86 394.939 476.282 320.63 228.324 203.91 171.897 147.019 158.623 145.898 190.193 179.61 148.553 141.377 131 174.107 212.846 140.65 121.455
threshold=7.5000000000000009 1.0000000180025095e-35 12.500000000000002 19.500000000000004 24.500000000000004 3.5000000000000004 1.0000000180025095e-35 22.500000000000004 1.0000000180025095e-35 14.792857142857146 0.15894736842105264 18.500000000000004 26.500000000000004 22.500000000000004 15.500000000000002 29.500000000000004 21.500000000000004 1.0000000180025095e-35 29.500000000000004 19.500000000000004 5.014265364224074 0.18019480519480521
decision_type=2 2 2 2 2 2 2 2 2 2 2 2 2 2 2 2 2 2 2 2 2 2
left_child=7 4 -3 -4 5 -2 10 8 9 21 11 -6 14 -14 17 -16 -15 18 19 -7 -21 -1
right_child=1 2 3 -5 6 12 -8 -9 -10 -11 -12 -13 13 16 15 -17 -18 -19 -20 20 -22 -23
leaf_value=-0.0074922030809479326 0.034193504730670683 0.1420387145235307 -0.045203995449889088 0.10467868281052856 0.0077836153074350234 -0.007411387792886596 0.091702922281195851 0.050511127064211507 0.018288590165358956 -0.047370398963215737 0.059656329056740093 0.035824117031697113 -0.047279766936476036 -0.024041269198269325 0.014159583339488227 -0.02850690550162216 0.041665395353346665 0.0075066978969297047 0.052848852779026394 -0.092934932885381086 -0.021382106827191449 0.0025019149719303704
leaf_weight=9273 535 67 57 66 824 1719 77 85 422 119 101 352 175 84 1361 103 68 825 49 55 88 1769
leaf_count=9273 535 67 57 66 824 1719 77 85 422 119 101 352 175 84 1361 103 68 825 49 55 88 1769
internal_value=0.000288868 0.009659 0.0761863 0.0360316 0.00762838 0.00312351 0.0243838 -0.00501653 -0.00544714 -0.00635395 0.0199691 0.0163076 -0.000578151 -0.022917 0.00118211 0.0110591 0.00563313 -0.00410707 -0.0091365 -0.0109142 -0.0512306 -0.00588909
internal_weight=18274 6606 190 123 6416 5062 1354 11668 11583 11161 1277 1176 4527 327 4200 1464 152 2736 1911 1862 143 11042
internal_count=18274 6606 190 123 6416 5062 1354 11668 11583 11161 1277 1176 4527 327 4200 1464 152 2736 1911 1862 143 11042
is_linear=0
shrinkage=0.035


Tree=106
num_leaves=23
num_cat=0
split_feature=5 21 28 7 5 18 16 1 15 28 18 27 12 18 6 12 17 24 23 21 12 17
split_gain=739.992 709.05 335.328 277.382 242.572 240.826 274.237 264.498 198.79 198.574 191.321 179.907 166.159 159.027 154.81 153.432 151.755 149.902 147.597 117.486 146.67 115.212
threshold=12.500000000000002 1.0000000180025095e-35 421.00000000000006 22.619047619047624 43.500000000000007 0.048809523809523817 15.559478589564653 21.500000000000004 0.31909090909090915 106.50000000000001 0.18350168350168353 10740.000000000002 4.1922771579283094 0.64495798319327746 16.500000000000004 5.3523763349234565 21.006767743978696 3.5000000000000004 16.500000000000004 1.0000000180025095e-35 4.4894787364670661 12.447090918857104
decision_type=2 2 2 2 2 2 2 2 2 2 2 2 2 2 2 2 2 2 2 2 2 2
left_child=5 4 3 16 10 7 13 9 18 -1 17 -11 -13 19 21 -4 -3 -2 -8 -7 -21 -12
right_child=1 2 15 -5 -6 6 8 -9 -10 11 14 12 -14 -15 -16 -17 -18 -19 -20 20 -22 -23
leaf_value=0.050601466464747988 0.013074116603230705 0.080551353012866325 0.065380167894742713 0.14443266781965894 0.082201368335973149 -0.00217998614381412 0.0028665404750910753 -0.060510678239888309 0.091255960446697759 -0.0088813198423239766 0.0027748815001799698 0.0101884310040173 -0.018475857150648839 0.059912956873023955 0.094133492289483561 -0.0076062026223167782 0.0025703915029764175 -0.0022239833039740327 0.046569270738612188 0.0070945009300459518 0.05866058648120976 0.063230382705043109
leaf_weight=70 1636 96 50 70 50 4634 250 106 50 7253 119 1211 306 49 45 95 45 1498 149 402 77 53
leaf_count=70 1636 96 50 70 50 4634 250 106 50 7253 119 1211 306 49 45 95 45 1498 149 402 77 53
internal_value=0.000352681 0.0141914 0.0608503 0.0885725 0.0092201 -0.00322139 0.00245935 -0.00678573 0.028539 -0.00610569 0.0080051 -0.00658889 0.00435325 0.000162081 0.0394285 0.0187853 0.056724 0.00576441 0.0196043 -0.000465089 0.0159404 0.0227624
internal_weight=18314 3757 356 211 3401 14557 5611 8946 449 8840 3351 8770 1517 5162 217 145 141 3134 399 5113 479 172
internal_count=18314 3757 356 211 3401 14557 5611 8946 449 8840 3351 8770 1517 5162 217 145 141 3134 399 5113 479 172
is_linear=0
shrinkage=0.035


Tree=107
num_leaves=23
num_cat=0
split_feature=17 21 20 10 1 20 20 17 15 23 23 23 0 5 12 10 12 21 18 12 15 0
split_gain=692.661 432.53 393.16 291.109 474.182 255.555 247.146 229.629 253.076 195.301 174.672 326.699 273.154 198.509 172.498 187.273 156.813 151.853 307.931 216.397 146.166 137.049
threshold=15.927257303271483 1.0000000180025095e-35 1.0000000180025095e-35 7.6966288229389894 21.500000000000004 1.0000000180025095e-35 1.0000000180025095e-35 2.6766701055146305 0.31909090909090915 23.500000000000004 16.500000000000004 8.5000000000000018 17.500000000000004 17.500000000000004 7.3141885740903945 4.5408201482824149 6.6304073468237332 1.0000000180025095e-35 0.27888888888888896 2.149043093962562 0.31698564593301443 32.500000000000007
decision_type=2 2 2 2 2 2 2 2 2 2 2 2 2 2 2 2 2 2 2 2 2 2
left_child=6 5 3 4 -3 20 17 -8 9 -9 11 12 -7 -12 16 -16 -15 -1 -19 -20 21 -2
right_child=1 2 -4 -5 -6 10 7 8 -10 -11 13 -13 -14 14 15 -17 -18 18 19 -21 -22 -23
leaf_value=-0.0071036794014665691 0.0049050043825036018 0.056672680397502714 0.14331497516994385 0.094865068587902446 -0.051418509011467307 -0.0097007424902656805 -0.0054056203509661614 0.0032474477791816459 0.075236694723669742 0.026134136966055262 0.083165255126398094 -0.017423019760367482 0.066694515796727499 0.023661922047026458 -0.0081465697521343836 0.072481554997326059 -0.048169789285451743 0.00061800256641467383 0.0096853692111643873 0.11222253740230508 0.061005221674977635 -0.031883584612497184
leaf_weight=9550 2042 117 46 69 79 87 1682 1712 69 620 104 242 155 120 46 130 48 1136 50 49 49 127
leaf_count=9550 2042 117 46 69 79 87 1682 1712 69 620 104 242 155 120 46 130 48 1136 50 49 49 127
internal_value=0.000449971 0.0145412 0.0536123 0.0356108 0.0128229 0.0105993 -0.00283281 0.00449497 0.0114348 0.00938263 0.0259306 0.0111251 0.0395188 0.0415878 0.0279564 0.0516687 0.00223839 -0.00560939 0.00591359 0.0635597 0.00410535 0.00267452
internal_weight=18329 3461 311 265 196 3150 14868 4083 2401 2332 932 484 242 448 344 176 168 10785 1235 99 2218 2169
internal_count=18329 3461 311 265 196 3150 14868 4083 2401 2332 932 484 242 448 344 176 168 10785 1235 99 2218 2169
is_linear=0
shrinkage=0.035


Tree=108
num_leaves=23
num_cat=0
split_feature=5 21 19 20 23 5 18 3 13 12 6 4 8 18 10 17 27 20 3 10 7 23
split_gain=634.868 414.292 317.877 265.148 208.443 192.228 187.581 182.51 155.883 180.846 145.251 145.95 191.029 132.558 195.912 152.659 149.819 109.621 137.241 150.041 117.34 101.537
threshold=12.500000000000002 1.0000000180025095e-35 1.0000000180025095e-35 1.0000000180025095e-35 24.500000000000004 43.500000000000007 0.73863636363636376 7.5000000000000009 0.2678571428571429 7.6211119814500874 14.500000000000002 24.500000000000004 19.732142857142861 0.072751322751322761 5.014265364224074 3.7197685397564153 9795.0000000000018 1.0000000180025095e-35 9.5000000000000018 6.362090102803525 16.357142857142858 3.5000000000000004
decision_type=2 2 2 2 2 2 2 2 2 2 2 2 2 2 2 2 2 2 2 2 2 2
left_child=2 5 4 10 6 8 17 -6 21 -10 -3 12 -12 14 16 -15 -4 -1 -19 20 -20 -2
right_child=1 3 13 -5 7 -7 -8 -9 9 -11 11 -13 -14 15 -16 -17 -18 18 19 -21 -22 -23
leaf_value=-0.0085257573167461295 0.024207343173417613 -0.00066549670174717915 0.0086262880447523105 0.11834847770117481 -8.2965562336192777e-05 0.073739736077841372 0.061503106519114233 0.02164175829295556 0.0019509869664474284 0.073837047821531707 0.069597167892333792 0.098186915641650566 -0.0079770031957887115 0.018404692035138736 -0.053120934928953652 0.085733276695514532 0.071258048114677272 -0.004105036727082967 0.015100205004731212 -0.035131216835644519 0.066400340581026229 0.0042061400213977826
leaf_weight=8218 346 95 225 53 2286 51 45 592 81 88 73 55 75 97 45 73 55 2491 393 58 60 2803
leaf_count=8218 346 95 225 53 2286 51 45 592 81 88 73 55 75 97 45 73 55 2491 393 58 60 2803
internal_value=0.000262664 0.0131647 -0.00301835 0.0490991 -0.00398771 0.00934845 -0.0061356 0.00440949 0.00824398 0.0405295 0.0349755 0.051354 0.0311955 0.0244059 0.0109196 0.0490399 0.0220247 -0.00643571 -0.000703703 0.0157222 0.0225839 0.00644424
internal_weight=18358 3720 14638 351 14143 3369 11265 2878 3318 169 298 203 148 495 325 170 280 11220 3002 511 453 3149
internal_count=18358 3720 14638 351 14143 3369 11265 2878 3318 169 298 203 148 495 325 170 280 11220 3002 511 453 3149
is_linear=0
shrinkage=0.035


Tree=109
num_leaves=23
num_cat=0
split_feature=17 19 18 17 10 11 19 28 21 16 5 17 14 2 23 12 9 21 18 23 24 4
split_gain=671.216 502.274 253.699 241.081 235.451 221.172 216.838 205.8 183.637 220.696 162.182 134.575 120.643 110.548 138.981 166.951 100.825 112.644 164.567 125.751 116.497 100.234
threshold=19.672574051149649 1.0000000180025095e-35 0.051315789473684217 2.8792251238486344 8.898902686953571 5.5975366939783759 1.0000000180025095e-35 106.50000000000001 1.0000000180025095e-35 20.74918588421858 22.500000000000004 23.658473901040121 0.27922077922077926 22.500000000000004 10.500000000000002 6.6304073468237332 16.180194805194809 1.0000000180025095e-35 0.27888888888888896 10.500000000000002 3.5000000000000004 6.5000000000000009
decision_type=2 2 2 2 2 2 2 2 2 2 2 2 2 2 2 2 2 2 2 2 2 2
left_child=2 5 8 -4 -3 10 7 -5 9 21 13 -7 -10 14 -2 -16 17 20 19 -19 -9 -1
right_child=1 4 3 6 -6 11 -8 16 12 -11 -12 -13 -14 -15 15 -17 -18 18 -20 -21 -22 -23
leaf_value=-0.0088997708751573854 0.0024918176842620597 0.14835478906877914 -0.0045872876142444147 0.060434761708994728 0.035291334708344266 -0.001008514773248389 0.058262741806640948 0.0087394895898365368 0.015551877331333399 -0.069841583218863787 0.064877641518280141 0.020673781191008288 -0.016013475315393631 -0.0080473357987674802 0.093122907638348448 0.011462021468848478 0.028671414016539026 -0.011523306993547623 0.082274909895719395 0.038611725556718955 -0.0053730513931187582 -0.00085183182849486359
leaf_weight=6347 95 47 2605 84 48 808 103 1687 746 63 155 612 180 105 69 56 229 122 47 114 1237 2711
leaf_count=6347 95 47 2605 84 48 808 103 1687 746 63 155 612 180 105 69 56 229 122 47 114 1237 2711
internal_value=0.000327172 0.0194627 -0.00202265 0.00352413 0.0960239 0.0153835 0.00935948 0.00784293 -0.00546281 -0.00697229 0.0358138 0.00836372 0.00934422 0.0211265 0.0349976 0.0585214 0.00646618 0.00483298 0.0257279 0.0129205 0.00276422 -0.00649481
internal_weight=18270 1995 16275 6228 95 1900 3623 3520 10047 9121 480 1420 926 325 220 125 3436 3207 283 236 2924 9058
internal_count=18270 1995 16275 6228 95 1900 3623 3520 10047 9121 480 1420 926 325 220 125 3436 3207 283 236 2924 9058
is_linear=0
shrinkage=0.035


Tree=110
num_leaves=23
num_cat=0
split_feature=4 20 21 21 13 27 23 23 28 23 28 24 30 23 18 4 7 17 18 27 24 24
split_gain=661.034 265.285 286.137 253.859 228.001 209.387 191.815 184.015 177.539 163.82 154.486 259.329 166.797 152.412 143.392 142.973 202.361 132.306 151.269 128.069 116.448 116.311
threshold=13.500000000000002 1.0000000180025095e-35 1.0000000180025095e-35 1.0000000180025095e-35 0.2678571428571429 9349.5000000000018 1.5000000000000002 8.5000000000000018 233.00000000000003 24.500000000000004 233.00000000000003 1.5000000000000002 2.5000000000000004 3.5000000000000004 0.58957219251336912 28.500000000000004 22.071428571428573 3.459294841271026 0.17752100840336138 5252.0000000000009 1.5000000000000002 3.5000000000000004
decision_type=2 2 2 2 2 2 2 2 2 2 2 2 2 2 2 2 2 2 2 2 2 2
left_child=3 6 4 9 8 10 -2 -7 13 14 12 -12 -5 -3 -1 -8 -17 -11 -19 -14 -15 -9
right_child=1 2 -4 5 -6 7 15 21 -10 17 11 -13 19 20 -16 16 -18 18 -20 -21 -22 -23
leaf_value=-0.0062351022353172997 0.057584464664642634 0.086772912628948692 0.09986658486333462 0.078975643530347445 0.090417800995831688 0.078129301396775194 0.002601206756681971 0.045506850365257145 0.0029448295914296287 -0.0031219469719669891 -0.07938439045372335 0.00041260341165441628 0 0.072130296174131456 0.037646787713342553 0.0050793881449231349 0.068631174181058421 0.0059937558371146301 0.036509409682211814 0.046969176240963868 0.020092166137451007 -0.0061289815885717412
leaf_weight=10516 86 53 60 48 55 91 2051 97 444 1588 50 532 276 56 87 158 97 1017 244 91 486 109
leaf_count=10516 86 53 60 48 55 91 2051 97 444 1588 50 532 276 56 87 158 97 1017 244 91 486 109
internal_value=0.000835748 0.0143933 0.0281485 -0.00242706 0.0237628 0.012347 0.00770508 0.0378921 0.0198015 -0.00385359 0.0045687 -0.00703079 0.0207676 0.0322217 -0.00585582 0.00571675 0.0301762 0.00358907 0.0120331 0.0121484 0.026111 0.0186042
internal_weight=18292 3546 1154 14746 1094 1294 2392 297 1039 13452 997 582 415 595 10603 2306 255 2849 1261 367 542 206
internal_count=18292 3546 1154 14746 1094 1294 2392 297 1039 13452 997 582 415 595 10603 2306 255 2849 1261 367 542 206
is_linear=0
shrinkage=0.035


Tree=111
num_leaves=23
num_cat=0
split_feature=5 21 23 21 24 6 12 12 15 1 10 5 8 23 3 27 24 28 17 17 6 8
split_gain=522.349 496.513 282.493 250.883 232.967 194.93 193.383 177.678 165.935 153.808 148.822 143.073 139.977 133.229 275.067 180.779 233.952 326.608 194.022 190.315 132.698 130.636
threshold=20.500000000000004 1.0000000180025095e-35 24.500000000000004 1.0000000180025095e-35 2.5000000000000004 20.500000000000004 9.0561884876150689 5.3016793752347384 0.078461538461538485 25.500000000000004 3.545621041711676 40.500000000000007 23.464285714285719 3.5000000000000004 7.5000000000000009 9349.5000000000018 1.5000000000000002 195.50000000000003 6.0067705607222104 5.6198026404307768 4.5000000000000009 14.035714285714286
decision_type=2 2 2 2 2 2 2 2 2 2 2 2 2 2 2 2 2 2 2 2 2 2
left_child=2 4 6 7 12 -3 9 -4 10 13 -9 -6 -2 14 15 16 17 -1 -17 -19 -5 -10
right_child=1 5 3 20 11 -7 -8 8 21 -11 -12 -13 -14 -15 -16 18 -18 19 -20 -21 -22 -23
leaf_value=0.022459140342955548 0.02594298884142867 0.034556298296825563 0.0010497776573826039 0.01335049496161648 0.0020765302052737204 0.13639949116019251 0.017641577183402011 -0.031343326742450398 0.029158139601751266 -0.034200813886143759 0.020782794989423078 0.055436539885898438 0.078781608118260488 -0.005571326997760773 0.033979339430907148 0.06526606122072301 0.0017258342284584467 -0.016686430715165939 -0.0025532037850992742 -0.090582469843443397 0.068773758850707592 0.099002021046785224
leaf_weight=77 284 46 2731 103 937 54 485 79 111 209 330 61 78 11184 321 87 716 74 116 108 113 47
leaf_count=77 284 46 2731 103 937 54 485 79 111 209 330 61 78 11184 321 87 716 74 116 108 113 47
internal_value=0.000120832 0.0201698 -0.00161655 0.00720636 0.014435 0.0935947 -0.00393737 0.00477355 0.0225128 -0.00475706 0.0104152 0.00561556 0.038294 -0.0042572 0.00552176 -0.00232885 -0.00862303 -0.0367894 0.0272983 -0.0618799 0.0433242 0.0524414
internal_weight=18351 1460 16891 3514 1360 100 13377 3298 567 12892 409 998 362 12683 1499 1178 975 259 203 182 216 158
internal_count=18351 1460 16891 3514 1360 100 13377 3298 567 12892 409 998 362 12683 1499 1178 975 259 203 182 216 158
is_linear=0
shrinkage=0.035


Tree=112
num_leaves=23
num_cat=0
split_feature=19 5 16 23 23 20 12 1 9 28 11 15 3 17 15 25 0 23 28 23 3 7
split_gain=523.137 402.478 349.158 256.568 189.546 266.606 175.779 154.533 326.627 123.203 121.68 118.54 181.272 105.047 104.227 103.691 100.298 93.4314 91.497 97.4261 121.211 88.9407
threshold=1.0000000180025095e-35 6.5000000000000009 23.594564066543953 3.5000000000000004 24.500000000000004 1.0000000180025095e-35 11.175458514441038 18.500000000000004 12.21825396825397 166.00000000000003 8.1321502772555885 0.069047619047619066 20.500000000000004 0.37141789703888234 0.30602006688963218 43337.000000000007 13.500000000000002 2.5000000000000004 106.50000000000001 24.500000000000004 12.500000000000002 19.785714285714288
decision_type=2 2 2 2 2 2 2 2 2 2 2 2 2 2 2 2 2 2 2 2 2 2
left_child=1 6 7 17 -5 9 13 8 15 21 -11 12 -7 -1 -8 -2 -13 -3 -15 -20 -21 -6
right_child=2 3 -4 4 5 11 14 -9 -10 10 -12 16 -14 18 -16 -17 -18 -19 19 20 -22 -23
leaf_value=-0.016421772799497421 0.0077829463546135857 0.017599357045768354 0.10518892992287875 0.00017491904819167225 0.007701438109204174 0.0091996578288716137 0.010197076880221451 -0.030794953837624341 0.11268370505335615 0.0030578285247587615 -0.046390131416758809 0.099339906008293247 0.067414883151650437 0.033181048167869452 0.075541037984192372 0.044455465073560317 0.027530562886089651 0.046347374044442904 -0.0060796981629271749 0.0010874051545855714 0.055243154024042625 0.052861257195841567
leaf_weight=920 324 440 66 4229 120 226 81 56 46 792 61 58 89 75 45 131 48 208 8210 1973 47 96
leaf_count=920 324 440 66 4229 120 226 81 56 46 792 61 58 89 75 45 131 48 208 8210 1973 47 96
internal_value=0.000418972 -0.000692567 0.0318126 0.00634667 0.00396615 0.0146784 -0.00464361 0.0222285 0.0284356 0.00530215 -0.000707645 0.0381036 0.0264988 -0.00511325 0.0356603 0.0187479 0.069685 0.0271381 -0.00409449 -0.00438556 0.0024894 0.0285935
internal_weight=18341 17718 623 6367 5719 1490 11351 557 501 1069 853 421 315 11225 126 455 106 648 10305 10230 2020 216
internal_count=18341 17718 623 6367 5719 1490 11351 557 501 1069 853 421 315 11225 126 455 106 648 10305 10230 2020 216
is_linear=0
shrinkage=0.035


Tree=113
num_leaves=23
num_cat=0
split_feature=5 19 21 18 1 21 28 18 12 18 24 17 21 11 8 0 20 4 20 3 0 7
split_gain=396.398 281.416 502.022 261.878 254.086 241.502 357.031 205.283 182.244 179.385 175.65 159.951 197.558 146.242 165.341 156.837 140.736 134.523 130.714 144.839 128.003 126.343
threshold=17.500000000000004 1.0000000180025095e-35 1.0000000180025095e-35 0.075498575498575513 11.500000000000002 1.0000000180025095e-35 200.00000000000003 0.18350168350168353 4.7820207144331563 0.15587044534412958 3.5000000000000004 6.9322270393897867 1.0000000180025095e-35 8.037002338770753 15.222527472527473 28.500000000000004 1.0000000180025095e-35 17.500000000000004 1.0000000180025095e-35 20.500000000000004 20.500000000000004 7.6190476190476195
decision_type=2 2 2 2 2 2 2 2 2 2 2 2 2 2 2 2 2 2 2 2 2 2
left_child=1 9 3 4 -3 7 -7 10 -5 13 -2 -11 16 14 -1 17 -13 -16 19 20 -19 -18
right_child=5 2 -4 8 -6 6 -8 -9 -10 11 -12 12 -14 -15 15 -17 21 18 -20 -21 -22 -23
leaf_value=-0.0052692291191751084 0.018479821378649869 0.0098739844164121224 0.12822621225118638 0.020790624220644534 -0.061839674677795331 0.091544171149726031 -0.0068848213195046304 0.059202529153600345 0.097994314123663995 -0.0012998462065155624 -0.0028862030150966335 0.0034499164137383929 0.074704955872434836 -0.026388639057736085 0.0010409600304879978 -0.048026499143387712 0.071620230427881085 -0.016088818879565227 0.064736383078183912 0.051875627218559393 0.041529010719438993 0.018068041902352876
leaf_weight=11330 924 265 45 123 73 107 74 95 52 1952 952 745 60 367 491 49 70 155 89 95 62 218
leaf_count=11330 924 265 45 123 73 107 74 95 52 1952 952 745 60 367 491 49 70 155 89 95 62 218
internal_value=-0.000171954 -0.00204457 0.0222658 0.0117893 -0.00623912 0.0139244 0.0521051 0.0102864 0.0459132 -0.00291747 0.00764921 0.00470005 0.0153884 -0.00475535 -0.00409643 0.0099592 0.011583 0.013414 0.0283215 0.0170214 0.000859156 0.032144
internal_weight=18393 16241 558 513 338 2152 181 1971 175 15683 1876 3045 1093 12638 12271 941 1033 892 401 312 217 288
internal_count=18393 16241 558 513 338 2152 181 1971 175 15683 1876 3045 1093 12638 12271 941 1033 892 401 312 217 288
is_linear=0
shrinkage=0.035


Tree=114
num_leaves=23
num_cat=0
split_feature=17 21 7 19 21 11 14 20 17 3 16 9 23 6 3 17 3 25 16 3 15 23
split_gain=571.118 472.256 251.61 249.293 386.477 223.822 272.031 236.031 215.955 215.603 149.635 176.232 155.927 147.228 141.393 135.517 134.873 145.272 130.063 121.076 116.737 178.218
threshold=17.395464689350362 1.0000000180025095e-35 22.357142857142858 1.0000000180025095e-35 1.0000000180025095e-35 6.6682254805256287 0.27922077922077926 1.0000000180025095e-35 20.834000889734202 20.500000000000004 16.906663888038217 16.180194805194809 24.500000000000004 23.500000000000004 18.500000000000004 6.3277230051569004 18.500000000000004 25082.000000000004 14.73416153992097 12.500000000000002 1.0000000180025095e-35 20.500000000000004
decision_type=2 2 2 2 2 2 2 2 2 2 2 2 2 2 2 2 2 2 2 2 2 2
left_child=3 5 -3 10 -5 7 13 -2 16 -4 11 12 -1 20 19 -14 -9 -18 -13 -12 -7 -22
right_child=1 2 9 4 -6 6 -8 8 -10 -11 14 18 15 -15 -16 -17 17 -19 -20 -21 21 -23
leaf_value=-0.0050926788157472326 0.011159158531205448 0.028827507583589495 0.048278962790500375 0.011539177824616279 0.11434754710644485 -0.015714667591246092 0.067217727809304934 0.055771267294215096 0.075084076314030787 0.15306373117563246 -0.011861685567302631 0.05761695024424366 -0.0015831593915841067 0.018296462625784222 0.016283044528837005 0.013994155767566551 -0.033252253410748292 0.040427554324269296 0.0065104386920507773 -0.071950890962034469 -0.0052675537700238445 0.063812438915712671
leaf_weight=11362 907 153 59 454 45 800 66 73 156 47 75 93 1946 300 55 1048 74 51 168 95 179 56
leaf_count=11362 907 153 59 454 45 800 66 73 156 47 75 93 1946 300 55 1048 74 51 168 95 179 56
internal_value=0.000383253 0.0145549 0.0592383 -0.00231782 0.0218876 0.010098 0.000445164 0.0207645 0.0448279 0.0996997 -0.0031399 -0.00269687 -0.00321993 -0.00308139 -0.031161 0.00387783 0.0196413 -0.00265758 0.0255273 -0.0466373 -0.00935286 0.0121076
internal_weight=18262 2921 259 15341 499 2662 1401 1261 354 106 14842 14617 14356 1335 225 2994 198 125 261 170 1035 235
internal_count=18262 2921 259 15341 499 2662 1401 1261 354 106 14842 14617 14356 1335 225 2994 198 125 261 170 1035 235
is_linear=0
shrinkage=0.035


Tree=115
num_leaves=23
num_cat=0
split_feature=19 21 20 12 20 4 15 23 15 27 11 23 7 26 27 0 28 26 27 4 28 23
split_gain=481.824 1267.16 280.126 272.09 264.378 368.288 262.978 253.022 241.691 215.731 200.222 201.27 189.461 185.753 207.176 178.925 169.508 162.138 236.313 234.196 139.594 112.449
threshold=1.0000000180025095e-35 1.0000000180025095e-35 1.0000000180025095e-35 4.3548496579967431 1.0000000180025095e-35 9.5000000000000018 0.29814814814814822 1.5000000000000002 1.0000000180025095e-35 4472.0000000000009 4.7653741939947629 24.500000000000004 17.928571428571434 39000.000000000007 9795.0000000000018 22.500000000000004 200.00000000000003 17650.000000000004 1706.5000000000002 4.5000000000000009 191.00000000000003 19.500000000000004
decision_type=2 2 2 2 2 2 2 2 2 2 2 2 2 2 2 2 2 2 2 2 2 2
left_child=2 4 7 -4 8 -6 10 9 12 17 -5 20 -2 -11 16 -13 -15 18 -1 -19 -12 -22
right_child=1 -3 3 6 5 -7 -8 -9 -10 13 11 15 -14 14 -16 -17 -18 19 -20 -21 21 -23
leaf_value=-0.023089103061156198 -0.0063924318488820329 0.19408274383760798 0.0004611601487249789 0.037067824070770791 0.014485747738764054 0.12378618012394822 0.087915664876345556 -0.0048801878760009135 0.019335212695071699 0.089374567763002566 0.024738441071477279 0.070120497695475001 -0.08991884320693197 0.046620291683077818 0.057380914830847375 0.0015599292389043933 -0.032845355157624004 0.0018039759589980047 0.075570150919384876 -0.090717086669802674 0.00057351230649816754 -0.032732709560796255
leaf_weight=56 93 48 3363 375 118 52 59 12256 252 64 216 102 48 45 113 84 91 100 54 45 527 157
leaf_count=56 93 48 3363 375 118 52 59 12256 252 64 216 102 48 45 113 84 91 100 54 45 527 157
internal_value=-4.16815e-05 0.0303871 -0.00110093 0.0060279 0.0148144 0.0506003 0.018291 -0.00381803 -0.00106283 0.0189126 0.0151771 0.00746685 -0.0370524 0.0381546 0.0234205 0.0401007 -0.00570666 -0.0049182 0.0263713 -0.0288596 0.000518901 -0.007228
internal_weight=18318 611 17707 4883 563 170 1520 12824 393 568 1461 1086 141 313 249 186 136 255 110 145 900 684
internal_count=18318 611 17707 4883 563 170 1520 12824 393 568 1461 1086 141 313 249 186 136 255 110 145 900 684
is_linear=0
shrinkage=0.035


Tree=116
num_leaves=23
num_cat=0
split_feature=17 25 19 19 21 20 20 21 23 23 1 12 16 1 1 12 16 25 7 17 5 24
split_gain=503.844 345.893 577.576 239.83 426.753 175.657 157.581 160.928 156.403 129.512 143.292 124.013 137.799 115.997 155.084 107.173 130.877 106.479 105.683 92.729 88.2862 108.056
threshold=19.672574051149649 32208.500000000004 1.0000000180025095e-35 1.0000000180025095e-35 1.0000000180025095e-35 1.0000000180025095e-35 1.0000000180025095e-35 1.0000000180025095e-35 23.500000000000004 7.5000000000000009 18.500000000000004 7.3141885740903945 16.488244084869116 31.500000000000004 26.500000000000004 11.175458514441038 20.992558974888048 52360.000000000007 11.928571428571431 8.9676409019068455 33.500000000000007 2.5000000000000004
decision_type=2 2 2 2 2 2 2 2 2 2 2 2 2 2 2 2 2 2 2 2 2 2
left_child=3 2 5 6 8 -2 15 11 18 -3 -11 -8 -13 14 20 16 17 -1 -5 -19 21 -7
right_child=1 9 -4 4 -6 13 7 -9 -10 10 -12 12 -14 -15 -16 -17 -18 19 -20 -21 -22 -23
leaf_value=-0.0037111833288147019 0.010007281394545887 0.0064251704456714485 0.11365926536625323 0.0071014624505981129 0.11660464920246831 0.050031149879602409 8.4512235004894376e-05 0.034490131861871567 0.043694525414433048 -0.011669634621517332 -0.098805206124396902 0.042552862992425541 -0.012521698120252106 0.077882973699118299 -0.031225107174739242 0.043982431404969914 -0.056155761717284321 -0.013470857995771029 -0.044025334853805227 -0.0629380297760712 0.077174755827420297 0.0090456747903706544
leaf_weight=10451 1304 60 74 303 47 139 3922 186 125 46 46 171 78 63 45 50 56 837 54 45 49 183
leaf_count=10451 1304 60 74 303 47 139 3922 186 125 46 46 171 78 63 45 50 56 837 54 45 49 183
internal_value=0.000225876 0.0167437 0.0209215 -0.00181029 0.0212565 0.0167558 -0.00259037 0.003069 0.0108214 -0.0332266 -0.0582651 0.00162401 0.0253248 0.0347981 0.0273842 -0.0047479 -0.00498258 -0.00470352 -0.00108493 -0.016355 0.0348604 0.0272862
internal_weight=18334 2009 1857 16325 529 1783 15796 4357 482 152 92 4171 249 479 416 11439 11389 11333 357 882 371 322
internal_count=18334 2009 1857 16325 529 1783 15796 4357 482 152 92 4171 249 479 416 11439 11389 11333 357 882 371 322
is_linear=0
shrinkage=0.035


Tree=117
num_leaves=23
num_cat=0
split_feature=19 21 5 18 24 10 17 24 8 10 23 5 2 17 0 18 3 1 11 1 7 18
split_gain=409.482 1146.17 333.335 324.152 317.26 238.751 228.049 206.797 146.581 143.598 150.382 142.218 204.164 190.81 119.676 117.632 117.043 112.064 111.584 159.993 158.831 164.853
threshold=1.0000000180025095e-35 1.0000000180025095e-35 6.5000000000000009 0.072751322751322761 3.5000000000000004 7.023769168568486 3.7197685397564153 4.5000000000000009 22.445054945054945 11.671087196584889 26.500000000000004 20.500000000000004 23.500000000000004 15.207341245001272 26.500000000000004 0.15587044534412958 12.500000000000002 8.5000000000000018 5.2374913184537126 11.500000000000002 10.585714285714287 1.0000000180025095e-35
decision_type=2 2 2 2 2 2 2 2 2 2 2 2 2 2 2 2 2 2 2 2 2 2
left_child=2 3 15 5 11 16 -5 9 14 10 -6 12 -4 -13 -9 18 17 -2 19 20 -1 -22
right_child=1 -3 4 6 7 -7 -8 8 -10 -11 -12 13 -14 -15 -16 -17 -18 -19 -20 -21 21 -23
leaf_value=-0.005612848478033141 0.0073752567756151704 0.1793668649811298 0.012765622962267735 0.0069569177472537085 -0.019336044667773233 -0.071987795453485964 0.08204547671601177 0.0047643708701433224 0.0343302248224805 0.029803575542755426 0.01265960414686236 -0.024418812503940183 -0.021468677581327724 0.034987698203154997 -0.044652302281724086 0.0027684330252639609 0.053265619069197266 -0.047823553239577453 -0.027472472895481968 0.01792094523352571 -0.074921383723423524 0.0049337370436299934
leaf_weight=8208 225 51 2434 91 1177 52 108 1260 199 91 208 71 229 566 58 2380 48 51 282 345 77 50
leaf_count=8208 225 51 2434 91 1177 52 108 1260 199 91 208 71 229 566 58 2380 48 51 282 345 77 50
internal_value=0.00043605 0.0281403 -0.000554088 0.0132663 0.00590203 -0.00589117 0.0488064 -0.00234418 0.00671301 -0.011656 -0.0144901 0.0133786 0.00978043 0.0282004 0.00241597 -0.00413877 0.00559656 -0.00343171 -0.00597555 -0.00525972 -0.00623148 -0.0443538
internal_weight=18261 626 17635 575 6293 376 199 2993 1517 1476 1385 3300 2663 637 1318 11342 324 276 8962 8680 8335 127
internal_count=18261 626 17635 575 6293 376 199 2993 1517 1476 1385 3300 2663 637 1318 11342 324 276 8962 8680 8335 127
is_linear=0
shrinkage=0.035


Tree=118
num_leaves=23
num_cat=0
split_feature=19 21 28 15 10 12 4 23 23 14 17 21 25 28 1 17 28 9 17 10 2 1
split_gain=357.07 1010.47 255.633 165.458 284.92 240.062 204.808 154.571 143.411 164.731 141.965 161.453 239.225 179.109 158.74 131.065 126.678 160.757 408.328 121.418 122.15 117.642
threshold=1.0000000180025095e-35 1.0000000180025095e-35 166.00000000000003 1.0000000180025095e-35 7.4113810351669391 4.2590252227544854 10.500000000000002 1.5000000000000002 24.500000000000004 0.07417582417582419 1.5795951734065627 1.0000000180025095e-35 52360.000000000007 233.00000000000003 21.500000000000004 23.117857467758697 191.00000000000003 8.4316770186335415 2.5849178840663378 8.4768587913194064 16.500000000000004 23.500000000000004
decision_type=2 2 2 2 2 2 2 2 2 2 2 2 2 2 2 2 2 2 2 2 2 2
left_child=2 3 7 4 6 -5 -2 -1 9 15 -4 -12 13 16 -15 21 -13 18 -18 20 -19 -9
right_child=1 -3 10 5 -6 -7 -8 8 -10 -11 11 12 -14 14 -16 -17 17 19 -20 -21 -22 -23
leaf_value=0.066616619551768078 -0.017970761539790721 0.16160192348307276 -0.0087287030529134037 0.010673253411024979 -0.084777462102042941 0.07952449343361763 0.066056940656348651 -0.00090260645970253019 0.02799817437612134 0.052834341251923725 -0.0016549886072417049 0.002499411119296488 -0.047005056027275852 0.010737061286309954 -0.046178643102898743 0.020330293052035112 0.0089043115595212347 0.035328044158116148 0.1540267635777593 0.0744707971379161 -0.028762008254726731 -0.040629865167863377
leaf_weight=56 103 56 3112 303 47 74 48 884 405 76 11572 108 74 657 61 329 47 88 45 45 55 97
leaf_count=56 103 56 3112 303 47 74 48 884 405 76 11572 108 74 657 61 329 47 88 45 45 55 97
internal_value=0.000328395 0.0260955 -0.000595744 0.0115889 -0.0140308 0.0250976 0.00988895 0.0117082 0.00980094 0.00438946 -0.0020326 -0.000394327 0.0119087 0.0160601 0.00559149 0.0013754 0.0350703 0.0473077 0.0843491 0.0273748 0.0104209 -0.00503465
internal_weight=18342 631 17711 575 198 377 151 1847 1791 1386 15864 12752 1180 1106 718 1310 388 280 92 188 143 981
internal_count=18342 631 17711 575 198 377 151 1847 1791 1386 15864 12752 1180 1106 718 1310 388 280 92 188 143 981
is_linear=0
shrinkage=0.035


Tree=119
num_leaves=23
num_cat=0
split_feature=21 19 20 17 3 16 12 13 11 28 23 17 1 18 11 6 28 15 8 4 4 11
split_gain=429.041 1055.59 291.752 355.869 255.048 189.995 203.654 206.341 218.99 160.792 287.806 156.045 148.903 143.326 162.833 139.349 136.592 142.194 138.174 136.953 121.665 189.585
threshold=1.0000000180025095e-35 1.0000000180025095e-35 1.0000000180025095e-35 23.897325347691226 22.500000000000004 23.594564066543953 4.3548496579967431 0.15476190476190479 4.7653741939947629 233.00000000000003 7.5000000000000009 17.395464689350362 21.500000000000004 0.10620300751879701 3.9167153765188791 13.500000000000002 421.00000000000006 1.0000000180025095e-35 3.077380952380953 10.500000000000002 24.500000000000004 5.4998751220397599
decision_type=2 2 2 2 2 2 2 2 2 2 2 2 2 2 2 2 2 2 2 2 2 2
left_child=2 4 -1 5 9 6 -4 8 11 10 -2 -8 16 20 -15 -9 17 -11 -18 -20 21 -12
right_child=1 -3 3 -5 -6 -7 7 15 -10 12 13 -13 -14 14 -16 -17 18 -19 19 -21 -22 -23
leaf_value=-0.0042663286197998796 0.081188483918932366 0.16137801980661851 0.00026927518746169154 0.052135636344610256 0.075861168856388092 -0.05324763319641352 0.020337110420320711 0.029665164103431719 0.0010679188704349784 -0.055504358424381783 0.0060859944445425598 0.07540381305562012 -0.053773651393751308 -0.00015482420437648651 0.078175852507977803 0.10255900527875617 -0.0066743086556996312 -0.0018927634689656987 0.048342521441803184 0.00078008135217566825 0.054506498610973363 -0.064417033584581493
leaf_weight=11770 83 55 3326 191 68 65 258 108 783 72 341 82 55 56 71 46 217 290 183 124 45 49
leaf_count=11770 83 55 3326 191 68 65 258 108 783 72 341 82 55 56 71 46 217 290 183 124 45 49
internal_value=0.000430055 0.0171037 -0.00128711 0.00592284 0.0118238 0.00397445 0.00484319 0.016695 0.0113345 0.00883738 0.0222255 0.034569 -0.000389843 0.0128474 0.0448062 0.0540891 0.00318757 -0.0132144 0.0145696 0.0295081 0.003074 -0.00343105
internal_weight=18338 1709 16629 4859 1654 4668 4603 1277 1123 1586 645 340 941 562 127 154 886 362 524 307 435 390
internal_count=18338 1709 16629 4859 1654 4668 4603 1277 1123 1586 645 340 941 562 127 154 886 362 524 307 435 390
is_linear=0
shrinkage=0.035


Tree=120
num_leaves=23
num_cat=0
split_feature=4 19 10 23 30 23 4 30 21 15 12 17 21 27 23 28 25 6 4 11 8 10
split_gain=417.029 261.591 282.534 195.201 151.029 168.233 167.601 235.614 142.599 130.797 131.058 116.085 124.015 155.655 221.724 264.043 158.77 132.676 157.327 111.4 104.833 100.55
threshold=10.500000000000002 1.0000000180025095e-35 8.898902686953571 25.500000000000004 3.5000000000000004 3.5000000000000004 25.500000000000004 2.5000000000000004 1.0000000180025095e-35 1.0000000180025095e-35 7.9860576205095848 0.33055415904451352 1.0000000180025095e-35 9349.5000000000018 7.5000000000000009 277.00000000000006 52360.000000000007 3.5000000000000004 5.5000000000000009 4.2173112626072866 25.321428571428573 2.6903708365381998
decision_type=2 2 2 2 2 2 2 2 2 2 2 2 2 2 2 2 2 2 2 2 2 2
left_child=11 3 -3 4 5 -2 -7 -8 21 10 -9 -1 -13 14 15 -14 17 -15 -19 -16 -12 -5
right_child=1 2 -4 8 -6 6 7 9 -10 -11 20 12 13 16 19 -17 -18 18 -20 -21 -22 -23
leaf_value=-0.015257831458941893 0.034052573737389381 0.089142208701414719 -0.012206409270012823 -0.018865071585891135 -0.010141707158298556 0.0011756577542826809 0.058709720131009821 0.018329999043727702 0.073733960837125787 0.045436482980350655 -0.062662344259668643 -0.0031569568830164133 0.011414297034057816 -0.0061615460842847827 0.0054443388506466147 -0.081661489376177399 -0.018973865173834689 0.097760475018823706 0.027058345393130658 0.054980697584811791 0.0055100836604833605 0.023040397358595002
leaf_weight=871 266 94 49 74 713 2246 155 110 59 70 62 11637 69 45 669 73 55 72 90 56 45 674
leaf_count=871 266 94 49 74 713 2246 155 110 59 70 62 11637 69 45 669 73 55 72 90 56 45 674
internal_value=0.000148917 0.00923589 0.055057 0.0077076 0.00425702 0.00774958 0.0050818 0.0246563 0.0232427 0.00551477 -0.00801767 -0.00292858 -0.00208036 0.00896601 0.00173838 -0.0374656 0.0323374 0.0461793 0.0605725 0.00964494 -0.0348694 0.0187737
internal_weight=18254 4617 143 4474 3667 2954 2688 442 807 287 217 13637 12766 1129 867 142 262 207 162 725 107 748
internal_count=18254 4617 143 4474 3667 2954 2688 442 807 287 217 13637 12766 1129 867 142 262 207 162 725 107 748
is_linear=0
shrinkage=0.035


Tree=121
num_leaves=23
num_cat=0
split_feature=20 19 21 12 11 21 10 1 8 11 10 17 13 11 12 18 8 12 2 0 5 24
split_gain=300.941 321.242 254.656 228.05 166.602 165.937 259.498 281.258 217.872 174.874 140.471 117.776 142.79 151.513 126.639 115.858 107.452 100.935 135.759 105.186 106.238 145.322
threshold=1.0000000180025095e-35 1.0000000180025095e-35 1.0000000180025095e-35 3.1546346168345836 3.7825510317367033 1.0000000180025095e-35 6.362090102803525 21.500000000000004 12.654761904761907 4.5987337005257949 11.213297463664835 1.9609350472543461 0.53571428571428581 7.9277298357317409 7.8754767187594972 0.31909090909090915 10.585714285714287 11.525606589132243 25.500000000000004 31.500000000000004 7.5000000000000009 3.5000000000000004
decision_type=2 2 2 2 2 2 2 2 2 2 2 2 2 2 2 2 2 2 2 2 2 2
left_child=5 2 10 -3 -4 17 7 8 15 -10 11 -2 13 14 -13 16 -7 19 -19 20 -1 -22
right_child=1 3 4 -5 -6 6 -8 -9 9 -11 -12 12 -14 -15 -16 -17 -18 18 -20 -21 21 -23
leaf_value=-0.0066067770247812763 -0.0071958636353896509 0.012070591135953483 0.018275812310116043 0.093070799127807122 0.083900183701935485 0.00074413239491793017 0.047789022434229236 -0.0727175832976555 0.098427743621024438 0.01772525951197302 0.047551026186821138 0.0054817932034665132 0.054801966311254856 -0.019690734198336821 0.037197704279418195 0.049004675355129722 -0.049432861967520288 0.040156375044767843 -0.01831131927276913 -0.034730548347153008 0.0074286046731819096 -0.00696350758737965
leaf_weight=7969 1081 86 133 84 73 1045 172 53 46 103 83 3041 67 276 158 53 50 133 71 137 1846 1599
leaf_count=7969 1081 86 133 84 73 1045 172 53 46 103 83 3041 67 276 158 53 50 133 71 137 1846 1599
internal_value=-0.000145513 0.00709233 0.00542241 0.0537099 0.0430511 -0.00291887 0.00793385 0.00268548 0.00604758 0.0451405 0.00372759 0.0028865 0.00597432 0.00495048 0.00710932 0.000784738 -0.00174543 -0.00432831 0.0197723 -0.00476383 -0.00438756 0.000743009
internal_weight=18359 5082 4912 170 206 13277 1522 1350 1297 149 4706 4623 3542 3475 3199 1148 1095 11755 204 11551 11414 3445
internal_count=18359 5082 4912 170 206 13277 1522 1350 1297 149 4706 4623 3542 3475 3199 1148 1095 11755 204 11551 11414 3445
is_linear=0
shrinkage=0.035


Tree=122
num_leaves=23
num_cat=0
split_feature=5 24 20 0 8 1 23 10 28 11 9 12 0 11 5 3 23 11 11 17 7 2
split_gain=286.593 168.377 160.732 157.217 177.795 153.152 165.011 142.247 174.074 142.367 166.641 145.755 137.94 129.798 143.845 145.748 120.297 119.004 131.223 123.352 201.916 163.677
threshold=17.500000000000004 3.5000000000000004 1.0000000180025095e-35 34.500000000000007 25.671428571428574 33.500000000000007 3.5000000000000004 9.7149847326277712 106.50000000000001 7.9277298357317409 15.788690476190478 5.7218947212803135 18.500000000000004 4.1437096508237259 41.500000000000007 12.500000000000002 29.500000000000004 8.9767709789085739 11.850719827907513 23.897325347691226 26.642857142857149 11.500000000000002
decision_type=2 2 2 2 2 2 2 2 2 2 2 2 2 2 2 2 2 2 2 2 2 2
left_child=2 5 3 4 -1 6 12 8 -4 10 16 -12 -2 -3 15 -15 -10 19 -19 21 -21 -17
right_child=1 13 7 -5 -6 -7 -8 -9 9 -11 11 -13 -14 14 -16 17 -18 18 -20 20 -22 -23
leaf_value=-0.0035252139815652151 0.011914267651736737 0.043293184167757806 0.062279993845302556 -0.061513059225521596 0.056869656272853418 0.073076754382986955 0.013239445822787608 0.053214327716268606 0.001055619438722073 -0.040836954224854706 0.089010923333904327 0.011506184982434029 0.091289042601305437 0.026255541162875793 0.055408888963877037 0.02568563558133867 0.030667600880525163 0.029293677898123861 -0.028801247953053784 0.051967440942923229 -0.039154566841601741 -0.033056492800792085
leaf_weight=11712 49 84 56 52 55 64 856 67 3782 85 46 77 61 160 48 63 171 155 63 67 46 428
leaf_count=11712 49 84 56 52 55 64 856 67 3782 85 46 77 61 160 48 63 171 155 63 67 46 428
internal_value=0.000205328 0.0122119 -0.00139546 -0.00350127 -0.0032174 0.0223791 0.0186433 0.00440741 0.00356571 0.00269752 0.00365859 0.0429732 0.0581387 0.00273759 -0.000746112 -0.00377548 0.00237813 -0.00976549 0.012157 -0.0177415 0.0146379 -0.0253011
internal_weight=18247 2144 16103 11819 11767 1030 966 4284 4217 4161 4076 123 110 1114 1030 982 3953 822 218 604 113 491
internal_count=18247 2144 16103 11819 11767 1030 966 4284 4217 4161 4076 123 110 1114 1030 982 3953 822 218 604 113 491
is_linear=0
shrinkage=0.035


Tree=123
num_leaves=23
num_cat=0
split_feature=19 21 20 9 4 24 23 10 23 24 8 18 0 9 24 2 15 8 1 6 15 10
split_gain=363.011 777.673 260.388 247.453 246.548 195.278 167.814 200.535 168.219 154.168 187.095 122.731 108.238 116.207 105.478 107.897 101.551 128.258 99.5751 297.387 96.178 96.8141
threshold=1.0000000180025095e-35 1.0000000180025095e-35 1.0000000180025095e-35 11.267857142857144 6.5000000000000009 3.5000000000000004 30.500000000000004 4.1633319989322777 3.5000000000000004 4.5000000000000009 26.321428571428573 0.15587044534412958 24.500000000000004 21.017857142857146 2.5000000000000004 18.500000000000004 0.04083333333333334 8.0857142857142872 18.500000000000004 27.500000000000004 0.10620300751879701 4.2761798705987895
decision_type=2 2 2 2 2 2 2 2 2 2 2 2 2 2 2 2 2 2 2 2 2 2
left_child=4 2 16 -4 11 6 8 -8 -6 10 20 -1 13 -10 -14 -16 -2 -18 19 -11 -7 -22
right_child=1 -3 3 -5 5 9 7 -9 12 18 -12 -13 14 -15 15 -17 17 -19 -20 -21 21 -23
leaf_value=-0.0053260036691074918 -0.021048345737667246 0.15021621787267037 0.021579608123659371 0.11464212261355269 0.035022506754579762 -0.01751933363875938 0.0014749509256540075 0.098553747218429008 0.0067469414035864241 0.0073431577196000101 0.038765882627795574 0.0037394981443021513 0.0058253440217665552 0.030401829877382821 0.0027992985739062229 -0.057777873283395405 0.00071270560953192992 0.063831497194617989 -0.0080551139692780337 0.085844169978259346 -0.015820610620301323 0.023847180374867074
leaf_weight=8742 171 52 119 47 279 1097 49 52 2735 1005 87 2307 176 277 58 86 190 45 417 58 139 153
leaf_count=8742 171 52 119 47 279 1097 49 52 2735 1005 87 2307 176 277 58 86 190 45 417 58 139 153
internal_value=0.000703785 0.0268333 0.0143818 0.0506126 -0.000222829 0.00508869 0.0104288 0.0539124 0.0091349 -0.00161758 -0.00961017 -0.00343073 0.00691276 0.00897495 -0.0122832 -0.0339861 -0.000824711 0.0139502 0.00634715 0.0120246 -0.0127809 0.00495686
internal_weight=18341 624 572 166 17717 6668 3712 101 3611 2956 1476 11049 3332 3012 320 144 406 235 1480 1063 1389 292
internal_count=18341 624 572 166 17717 6668 3712 101 3611 2956 1476 11049 3332 3012 320 144 406 235 1480 1063 1389 292
is_linear=0
shrinkage=0.035


Tree=124
num_leaves=23
num_cat=0
split_feature=4 23 23 1 28 24 24 10 1 17 28 27 25 12 9 23 9 9 15 15 9 24
split_gain=319.885 274.514 299.691 207.465 147.106 147.079 217.599 151.223 136.139 167.793 124.426 128.914 241.728 171.721 145.457 151.022 134.785 128.978 124.097 123.858 124.966 120.928
threshold=6.5000000000000009 3.5000000000000004 24.500000000000004 33.500000000000007 430.00000000000006 3.5000000000000004 4.5000000000000009 11.671087196584889 27.500000000000004 21.445547522483025 106.50000000000001 9795.0000000000018 46389.000000000007 10.811210523186796 10.154761904761907 6.5000000000000009 13.896428571428574 13.547008547008549 0.13961038961038963 1.0000000180025095e-35 15.982142857142859 2.5000000000000004
decision_type=2 2 2 2 2 2 2 2 2 2 2 2 2 2 2 2 2 2 2 2 2 2
left_child=10 4 5 8 -2 -3 7 19 9 18 -1 13 17 14 -12 -16 -14 -13 -4 -7 -21 -6
right_child=1 2 3 -5 21 6 -8 -9 -10 -11 11 12 16 -15 15 -17 -18 -19 -20 20 -22 -23
leaf_value=0.043442177669401623 0.042338536296002531 0.0053012339055618215 0.0085224117701407937 0.084071486973627055 0.047136268942502516 -0.031445250107900724 0.0038157828691823678 0.031374386109306783 -0.028552886449238837 0.049358678651601082 -0.0048348961505336272 0.095805256652335344 0.0039007500097709333 0.040733890915759893 -0.065725530513211824 -0.011776261703106599 -0.052528616094754808 0.021083142339027951 0.040680546050891282 -0.01554725388599369 0.033938262252645061 -0.013262805720078694
leaf_weight=64 368 2567 1151 50 52 612 1111 66 80 170 9499 46 1290 94 92 196 49 74 165 327 72 136
leaf_count=64 368 2567 1151 50 52 612 1111 66 80 170 9499 46 1290 94 92 196 49 74 165 327 72 136
internal_value=0.00019581 0.00612657 0.00405315 0.0170495 0.029606 -0.000373297 -0.00703564 -0.0182117 0.0146377 0.0170626 -0.00340622 -0.00369119 0.00600004 -0.00512625 -0.00558908 -0.0298973 0.00163499 0.0525531 0.0127064 -0.0216045 -0.00626471 0.00414099
internal_weight=18331 6927 6371 1616 556 4755 2188 1077 1566 1486 11404 11340 1459 9881 9787 288 1339 120 1316 1011 399 188
internal_count=18331 6927 6371 1616 556 4755 2188 1077 1566 1486 11404 11340 1459 9881 9787 288 1339 120 1316 1011 399 188
is_linear=0
shrinkage=0.035


Tree=125
num_leaves=23
num_cat=0
split_feature=9 19 11 12 18 11 23 6 7 5 27 8 17 12 23 10 2 8 12 16 17 15
split_gain=373.283 255.289 347.814 201.575 197.211 169.797 223.025 138.297 120.542 118.394 113.916 315.433 135.514 112.943 109.828 115.455 111.386 175.016 115.802 105.717 98.2005 168.848
threshold=14.823757763975157 1.0000000180025095e-35 6.8408115963461036 8.8549077307076711 0.18019480519480521 4.2173112626072866 16.500000000000004 13.500000000000002 16.464285714285719 6.5000000000000009 12965.500000000002 11.171428571428573 7.8342628944791395 6.1971042030510768 3.5000000000000004 10.489221959750724 19.500000000000004 25.321428571428573 5.0919456021202079 11.231755895592842 0.61802265792321553 0.53708791208791218
decision_type=2 2 2 2 2 2 2 2 2 2 2 2 2 2 2 2 2 2 2 2 2 2
left_child=4 5 -3 -4 10 6 -2 8 20 -9 -1 12 -12 -14 15 -7 17 18 -16 -13 -6 -22
right_child=1 2 3 -5 7 14 -8 9 -10 -11 11 19 13 -15 16 -17 -18 -19 -20 -21 21 -23
leaf_value=-0.0048069952127428612 0.0065672851849983387 0.13011759947181917 -0.034980347438478006 0.062172116692419413 -0.021872231427734423 0.015546099060119252 0.062209306715623199 -0.0021105190704542179 0.054100985190520687 0.064954569141173535 0.068131427913904197 0.0023689067922532557 0.014806134661765528 -0.036494907469896136 0.041763755611609672 0.074805031446740042 -0.0035110705575691938 0.061432092990490461 0.0044969151158445351 -0.047084867409007122 0.0039574920136941135 0.058552999455326556
leaf_weight=11236 200 46 46 49 164 204 156 49 55 85 51 79 883 51 107 47 1280 74 1210 149 2013 67
leaf_count=11236 200 46 46 49 164 204 156 49 55 85 51 79 883 51 107 47 1280 74 1210 149 2013 67
internal_value=0.000472446 0.0108931 0.056228 0.015558 -0.00192328 0.00885507 0.0315221 0.00717848 0.00510815 0.0411111 -0.00370568 0.00645929 0.0150702 0.0118069 0.00603833 0.0279551 0.00392384 0.0107661 0.00768441 -0.0301913 0.00378196 0.00586069
internal_weight=18301 3419 141 95 14882 3278 356 2433 2299 134 12449 1213 985 934 2922 251 2671 1391 1317 228 2244 2080
internal_count=18301 3419 141 95 14882 3278 356 2433 2299 134 12449 1213 985 934 2922 251 2671 1391 1317 228 2244 2080
is_linear=0
shrinkage=0.035


Tree=126
num_leaves=23
num_cat=0
split_feature=21 19 3 20 12 2 18 23 2 8 8 25 20 23 12 28 30 1 9 7 4 7
split_gain=297.985 958.973 264.769 247.511 227.848 195.232 184.206 174.054 177.5 168.477 190.57 167.583 156.704 136.9 132.476 124.521 163.542 142.345 93.6925 129.954 174.68 161.539
threshold=1.0000000180025095e-35 1.0000000180025095e-35 22.500000000000004 1.0000000180025095e-35 9.3711676427800832 24.500000000000004 0.35504201680672276 3.5000000000000004 16.500000000000004 21.107142857142861 25.464285714285719 25082.000000000004 1.0000000180025095e-35 24.500000000000004 7.4510778846629195 233.00000000000003 2.5000000000000004 18.500000000000004 27.767857142857146 27.642857142857149 19.500000000000004 24.071428571428573
decision_type=2 2 2 2 2 2 2 2 2 2 2 2 2 2 2 2 2 2 2 2 2 2
left_child=3 2 5 18 7 6 12 8 -5 11 -11 -6 15 -9 -15 16 -2 -17 19 21 -21 -1
right_child=1 -3 -4 4 9 -7 -8 13 -10 10 -12 -13 -14 14 -16 17 -18 -19 -20 20 -22 -23
leaf_value=-0.0043760206164380139 0.061834102190302644 0.15934155217578844 0.073218523414903577 0.016914472344327039 0.11588455154008613 -0.050891486339271076 0.068532312295903439 -0.0014598503719601952 0.088609521169960515 -0.030527088749363572 0.056867506165514919 0.02342237463322553 0.036108361801425751 0.0093642191940719322 0.054700639216356324 -0.0030690301984070503 0.0067498538961109928 -0.064247157038748268 0.042464717345769121 0.0051093396600335834 -0.071320347609803283 0.023366786793171796
leaf_weight=11311 73 49 71 312 49 65 56 3359 45 61 52 50 184 834 83 708 449 45 48 65 76 258
leaf_count=11311 73 49 71 312 49 65 56 3359 45 61 52 50 184 834 83 708 449 45 48 65 76 258
internal_value=0.000219608 0.0141546 0.00936689 -0.00120998 0.00544213 0.00626465 0.00888774 0.00379186 0.0270991 0.0405076 0.0102471 0.0727259 0.00636024 0.0018125 0.0137611 0.00192923 0.015 -0.00714786 -0.00395369 -0.0041635 -0.0369986 -0.00374599
internal_weight=18303 1700 1651 16603 4845 1580 1515 4633 357 212 113 99 1459 4276 917 1275 522 753 11758 11710 141 11569
internal_count=18303 1700 1651 16603 4845 1580 1515 4633 357 212 113 99 1459 4276 917 1275 522 753 11758 11710 141 11569
is_linear=0
shrinkage=0.035


Tree=127
num_leaves=23
num_cat=0
split_feature=20 4 10 11 13 27 5 1 23 28 27 24 1 28 6 24 12 11 11 3 9 11
split_gain=266.367 241.93 205.748 172.006 156.174 204.639 156.813 158.063 151.201 222.341 199.524 199.715 161.041 130.217 129.829 123.895 192.493 137.379 133.981 120.575 111.47 109.143
threshold=1.0000000180025095e-35 28.500000000000004 5.0473944244719506 4.7653741939947629 1.0000000180025095e-35 9795.0000000000018 24.500000000000004 11.500000000000002 1.5000000000000002 166.00000000000003 9349.5000000000018 1.5000000000000002 5.5000000000000009 191.00000000000003 17.500000000000004 3.5000000000000004 5.7824309666592448 4.7245556889676985 5.98716576070463 7.5000000000000009 8.8224789915966415 7.2407576159368991
decision_type=2 2 2 2 2 2 2 2 2 2 2 2 2 2 2 2 2 2 2 2 2 2
left_child=1 8 15 -4 5 6 7 -5 9 -1 11 -11 -12 -8 -3 16 -2 19 -18 -17 -6 -9
right_child=2 14 3 4 20 -7 13 21 -10 10 12 -13 -14 -15 -16 17 18 -19 -20 -21 -22 -23
leaf_value=0.077142886157895718 0.0051604341765784023 -0.00036957914876465753 0.066004837481693057 0.053361389573825448 0.0014291739550341541 -0.029095074691894381 0.077985053869736629 0.014613512568232238 -0.0042126054439110966 -0.052773508743636996 0.086415797088737215 0.0066806008058519642 0.010171643007132742 0.013640467434500656 0.051291261330585591 -0.0064417348287996506 0.06635603923117743 -0.03317148500874352 0.008237581214181295 0.018482416262215175 0.060818442513059456 -0.026417728115506231
leaf_weight=56 2444 96 91 64 55 138 77 160 12389 83 54 319 85 79 149 1037 107 177 90 303 133 148
leaf_count=56 2444 96 91 64 55 138 77 160 12389 83 54 319 85 79 149 1037 107 177 90 303 133 148
internal_value=-0.000103197 -0.00272415 0.00668497 0.0213857 0.0162543 0.00812031 0.0180616 0.00544099 -0.00338068 0.0137461 0.00650536 -0.00604927 0.0418853 0.0469446 0.0313761 0.00331802 0.00789393 -0.00463661 0.0407522 -0.000745133 0.0440217 -0.00515394
internal_weight=18334 13231 5103 945 854 666 528 372 12986 597 541 402 139 156 245 4158 2641 1517 197 1340 188 308
internal_count=18334 13231 5103 945 854 666 528 372 12986 597 541 402 139 156 245 4158 2641 1517 197 1340 188 308
is_linear=0
shrinkage=0.035


Tree=128
num_leaves=23
num_cat=0
split_feature=5 1 24 12 5 23 23 18 8 9 12 20 11 1 17 23 24 27 12 28 17 12
split_gain=258.695 258.498 318.633 242.237 195.021 192.33 169.412 135.526 126.19 182.462 127.769 119.245 130.551 115.969 105.804 99.1412 321.863 249.889 152.299 147.129 163.551 97.9908
threshold=20.500000000000004 33.500000000000007 2.5000000000000004 8.3767751937499018 42.500000000000007 24.500000000000004 10.500000000000002 0.73863636363636376 16.750000000000004 23.696428571428573 9.1870264461090851 1.0000000180025095e-35 1.869359648250037 34.500000000000007 20.834000889734202 3.5000000000000004 1.5000000000000002 9349.5000000000018 7.7780895624470077 195.50000000000003 4.7902619960053885 7.5514110765909832
decision_type=2 2 2 2 2 2 2 2 2 2 2 2 2 2 2 2 2 2 2 2 2 2
left_child=5 2 6 -3 8 7 -2 13 21 -10 -11 14 -13 15 -7 16 17 19 -18 -1 -21 -4
right_child=1 3 4 -5 -6 11 -8 -9 9 10 -12 12 -14 -15 -16 -17 18 -19 -20 20 -22 -23
leaf_value=0 0.089650206149197553 0.12250499437749386 0.001383477819070001 0.017966942161321643 0.062258304560132198 0.00034034889323697178 0.025951624541776259 0.053568171454746481 -0.023846989272878854 0.031064588753562314 -0.018552023214333267 0.0018912926871219981 0.028164751095444421 -0.040784158050847313 0.034145812325398713 -0.0044019050692091204 0.010546837021964963 0.031645943729579448 0.068868209693323953 -0.010320047473343199 -0.080650600957451399 0.05175108648513755
leaf_weight=77 60 45 131 65 52 2445 289 46 479 162 98 420 518 97 114 11637 1160 70 53 63 121 70
leaf_count=77 60 45 131 65 52 2445 289 46 479 162 98 420 518 97 114 11637 1160 70 53 63 121 70
internal_value=-0.000223264 0.013929 0.00955627 0.0643516 -0.000596095 -0.00144887 0.0380637 -0.00336709 -0.00440268 -0.0111089 0.0122997 0.00584913 0.0164915 -0.00358574 0.00191681 -0.00329531 0.00502101 -0.0253091 0.0133817 -0.040958 -0.0575727 0.0198397
internal_weight=18272 1451 1341 110 992 16821 349 13324 940 739 260 3497 938 13278 2559 13181 1544 331 1213 261 184 201
internal_count=18272 1451 1341 110 992 16821 349 13324 940 739 260 3497 938 13278 2559 13181 1544 331 1213 261 184 201
is_linear=0
shrinkage=0.035


Tree=129
num_leaves=23
num_cat=0
split_feature=19 21 18 9 17 1 24 4 24 30 8 18 9 12 7 3 24 12 1 8 20 18
split_gain=277.768 927.366 416.777 255.513 222.608 196.881 158.445 213.056 173.74 149.335 148.999 133.9 132.078 106.884 126.582 103.534 190.593 99.9504 121.05 198.79 95.9115 176.561
threshold=1.0000000180025095e-35 1.0000000180025095e-35 0.075498575498575513 11.267857142857144 25.715947365920382 11.500000000000002 3.5000000000000004 5.5000000000000009 4.5000000000000009 2.5000000000000004 24.750000000000004 0.13961038961038963 23.446428571428573 8.1242010902862258 8.309523809523812 27.500000000000004 3.5000000000000004 4.2232663240183497 11.500000000000002 10.21825396825397 1.0000000180025095e-35 0.10263157894736843
decision_type=2 2 2 2 2 2 2 2 2 2 2 2 2 2 2 2 2 2 2 2 2 2
left_child=4 2 5 -4 6 -2 7 11 10 -6 13 17 -10 14 -8 16 -11 18 19 -1 -9 -22
right_child=1 -3 3 -5 9 -7 8 20 12 15 -12 -13 -14 -15 -16 -17 -18 -19 -20 -21 21 -23
leaf_value=-0.0042903285899826013 0.0042338021759019285 0.15229186532927341 0.025074435142534122 0.11869235086292029 0.055577180865876104 -0.049991095284354102 -0.0079955252331122481 0.003714009785469501 -0.0014935888833822871 -0.011964669807786672 -0.058667755527076898 0.0070144029230781255 0.044852916124192156 0.0075653654366535789 -0.024290548549467793 -0.030503087999118918 0.067625784285818086 -0.026472150371416595 0.037603545427232626 -0.074478125884383919 0.0079980958316493624 0.039349779494297195
leaf_weight=4875 251 56 142 45 130 116 2044 2753 3440 80 76 1323 72 354 821 57 61 258 78 45 928 286
leaf_count=4875 251 56 142 45 130 116 2044 2753 3440 80 76 1323 72 354 821 57 61 258 78 45 928 286
internal_value=-0.0003898 0.0227322 0.00835955 0.0501982 -0.00119471 -0.0132999 -0.00173912 0.000946553 -0.0059002 0.0271487 -0.0116668 -0.00291413 -0.000476042 -0.0104624 -0.0127053 0.00748824 0.023485 -0.00542089 -0.00430534 -0.0050108 0.00734926 0.0155295
internal_weight=18291 610 554 187 17681 367 17353 10546 6807 328 3295 6579 3512 3219 2865 198 141 5256 4998 4920 3967 1214
internal_count=18291 610 554 187 17681 367 17353 10546 6807 328 3295 6579 3512 3219 2865 198 141 5256 4998 4920 3967 1214
is_linear=0
shrinkage=0.035


Tree=130
num_leaves=23
num_cat=0
split_feature=5 19 12 9 21 12 15 17 0 24 21 4 3 18 2 18 6 2 10 1 10 0
split_gain=347.269 318.564 162.526 120.27 127.802 199.76 116.828 138.009 164.298 127.203 171.952 164.043 125.198 136.835 172.692 108.974 96.6858 96.7918 96.0028 95.0886 94.3847 90.7813
threshold=10.500000000000002 1.0000000180025095e-35 7.6903533256409311 0.53708791208791218 1.0000000180025095e-35 5.666374873069338 0.15894736842105264 23.897325347691226 28.500000000000004 3.5000000000000004 1.0000000180025095e-35 19.500000000000004 3.5000000000000004 0.037749287749287756 16.500000000000004 0.60357142857142865 23.500000000000004 13.500000000000002 4.8989794855663504 13.500000000000002 2.1380899352993992 7.5000000000000009
decision_type=2 2 2 2 2 2 2 2 2 2 2 2 2 2 2 2 2 2 2 2 2 2
left_child=3 6 -3 -1 15 -6 7 8 9 10 12 -12 -2 -14 21 -5 20 -18 -19 -8 -11 -15
right_child=1 2 -4 4 5 -7 19 -9 -10 16 11 -13 13 14 -16 -17 17 18 -20 -21 -22 -23
leaf_value=-0.011615484351509362 -0.043699102703895841 0.089479757558554418 0.011522133986155193 -0.0022022275022040593 0.0066875174828851811 0.069500165437207093 0.010083480031278574 0.023117995074685867 -0.027055172383785249 0.034254742292687303 0.015602294626028352 0.092499311003284387 0.0047625566606348457 0.050517601756186324 0.06288024374745757 0.036457039598892967 0.059305159563706682 -0.022885227487478631 0.025222844371984483 0.054838585482077859 -0.0074701505087380968 0.00064605313444546632
leaf_weight=1387 49 85 55 11285 1090 61 128 513 195 65 84 56 1217 53 119 85 50 78 126 108 1281 199
leaf_count=1387 49 85 55 11285 1090 61 128 513 195 65 84 56 1217 53 119 85 50 78 126 108 1281 199
internal_value=0.000870163 0.00936225 0.0604276 -0.00185481 -0.000767976 0.0103178 0.00763576 0.0062248 0.00376483 0.00558703 0.0120203 0.0486108 0.00874181 0.010503 0.0289733 -0.00189578 -0.00156217 0.0180174 0.00663741 0.0313501 -0.00532293 0.0119818
internal_weight=18369 4461 140 13908 12521 1151 4321 4085 3572 3377 1777 140 1637 1588 371 11370 1600 254 204 236 1346 252
internal_count=18369 4461 140 13908 12521 1151 4321 4085 3572 3377 1777 140 1637 1588 371 11370 1600 254 204 236 1346 252
is_linear=0
shrinkage=0.035


Tree=131
num_leaves=23
num_cat=0
split_feature=9 21 8 23 11 5 23 11 5 15 8 16 0 8 12 9 6 23 16 19 3 6
split_gain=297.193 240.196 234.346 178.84 178.539 161.157 151.973 125.021 122.421 119.182 152.623 126.566 119.413 218.406 117.14 167.597 141.805 200.071 126.111 113.282 112.732 129.613
threshold=15.788690476190478 1.0000000180025095e-35 14.436507936507939 22.500000000000004 5.98716576070463 40.500000000000007 24.500000000000004 4.2173112626072866 20.500000000000004 1.0000000180025095e-35 16.321428571428573 16.681522044813612 26.500000000000004 25.198051948051951 6.2538347914254722 21.017857142857146 16.500000000000004 14.500000000000002 16.130116488954609 1.0000000180025095e-35 14.500000000000002 19.500000000000004
decision_type=2 2 2 2 2 2 2 2 2 2 2 2 2 2 2 2 2 2 2 2 2 2
left_child=6 2 -2 4 -3 7 -1 -4 -6 12 -11 -12 14 -14 15 18 17 -16 -9 -8 -20 -22
right_child=1 3 5 -5 8 -7 19 9 -10 10 11 -13 13 -15 16 -17 -18 -19 20 -21 21 -23
leaf_value=-0.0036561858228280147 0.073498236015439034 -0.016149277317855093 0.026009155391101262 0.08788851655812728 0.023124158149748521 0.05802489994228751 0.0037056364049136595 0.039528404513355528 0.090401058937781151 -0.031863333517685534 0.078414004660010625 0.018109077587879448 -0.038068260503716249 0.019556386688984614 0.0053658336080610759 0.050967308721574379 0.0042081842016072901 -0.045706756368541678 -0.033670578073350749 0.039900473753413698 0.023316981846250463 -0.028226450898706224
leaf_weight=12073 58 85 274 67 109 64 3031 96 47 59 46 309 253 113 170 116 686 201 109 105 191 81
leaf_count=12073 58 85 274 67 109 64 3031 96 47 59 46 309 253 113 170 116 686 201 109 105 191 81
internal_value=0.000149838 0.00995596 0.00671325 0.0390704 0.023917 0.00517754 -0.00187229 0.00381547 0.0456802 0.00125752 0.0182485 0.0269524 -0.00225955 -0.0202061 0.00175976 0.0141532 -0.00521066 -0.0224975 0.00472837 0.00498468 -0.00439324 0.00767203
internal_weight=18343 3134 2826 308 241 2768 15209 2704 156 2430 414 355 2016 366 1650 593 1057 371 477 3136 381 272
internal_count=18343 3134 2826 308 241 2768 15209 2704 156 2430 414 355 2016 366 1650 593 1057 371 477 3136 381 272
is_linear=0
shrinkage=0.035


Tree=132
num_leaves=23
num_cat=0
split_feature=5 17 12 6 24 23 10 23 23 2 19 17 27 28 9 25 9 3 16 1 17 0
split_gain=270.942 188.582 299.286 157.169 194.997 153.083 154.283 142.968 166.371 191.874 152.597 141.216 140.194 137.938 325.873 199.191 113.956 124.673 109.819 106.824 144.104 120.417
threshold=20.500000000000004 23.437350110870689 8.3767751937499018 24.500000000000004 2.5000000000000004 10.500000000000002 7.8041502999853831 24.500000000000004 3.5000000000000004 7.5000000000000009 1.0000000180025095e-35 21.445547522483025 9349.5000000000018 195.50000000000003 4.9115384615384627 24335.000000000004 20.232142857142861 21.500000000000004 5.4919122045062077 34.500000000000007 25.715947365920382 28.500000000000004
decision_type=2 2 2 2 2 2 2 2 2 2 2 2 2 2 2 2 2 2 2 2 2 2
left_child=7 3 5 4 -2 -3 -7 8 9 12 -9 -6 13 -1 -15 -16 -5 -18 -14 20 21 -10
right_child=1 2 -4 16 11 6 -8 10 19 -11 -12 -13 18 14 15 -17 17 -19 -20 -21 -22 -23
leaf_value=0.018026815844067911 0.027112608503549785 0.11454019076377153 0.0080305548947522294 -0.0027595905847847464 -0.0012784630848175808 0.013711306461347985 0.092334182426333428 0.0038496942203416263 -0.0038491653466970191 0.028159832770319519 0.043576490498163055 -0.041210931751069498 0.058408220459718309 1.0748526047288786e-05 -0.01900348813598329 -0.099573688442078881 0.089750441232275588 0.018891738114801992 0.0030588293409362292 -0.041707658059895042 0.032826433981267313 -0.038552849645981747
leaf_weight=236 224 55 243 65 455 86 45 3349 11505 419 118 138 78 554 85 68 57 68 96 87 125 119
leaf_count=236 224 55 243 65 455 86 45 3349 11505 419 118 138 78 554 85 68 57 68 96 87 125 119
internal_value=0.000185829 0.0147529 0.0340574 0.00638388 -0.000331471 0.0668683 0.0432495 -0.0010594 -0.00270249 0.00811348 0.00526765 -0.0108675 0.000486276 -0.00486416 -0.0126028 -0.0569411 0.0346177 0.0535471 0.0289068 -0.00411043 -0.00381292 -0.00422237
internal_weight=18275 1436 429 1007 817 186 131 16839 13372 1536 3467 593 1117 943 707 153 190 125 174 11836 11749 11624
internal_count=18275 1436 429 1007 817 186 131 16839 13372 1536 3467 593 1117 943 707 153 190 125 174 11836 11749 11624
is_linear=0
shrinkage=0.035


Tree=133
num_leaves=23
num_cat=0
split_feature=20 17 4 4 8 19 15 8 2 7 7 8 5 25 21 18 11 30 0 8 26 24
split_gain=248.928 246.762 155.405 150.007 149.656 126.335 133.298 115.127 128.243 95.6485 100.678 131.636 110.826 92.5123 113.983 127.85 144.953 94.7794 90.7961 90.2019 82.8401 242.683
threshold=1.0000000180025095e-35 24.209426764974598 5.5000000000000009 34.500000000000007 26.321428571428573 1.0000000180025095e-35 0.25462962962962971 26.321428571428573 26.500000000000004 27.642857142857149 24.500000000000004 25.035714285714288 19.500000000000004 52360.000000000007 1.0000000180025095e-35 0.27888888888888896 2.3916062008157239 2.5000000000000004 28.500000000000004 8.2321428571428594 42000.000000000007 2.5000000000000004
decision_type=2 2 2 2 2 2 2 2 2 2 2 2 2 2 2 2 2 2 2 2 2 2
left_child=7 2 -2 5 -3 6 -4 9 -9 10 13 12 -12 14 18 17 -17 -16 -1 -15 -19 -22
right_child=1 4 3 -5 -6 -7 -8 8 -10 -11 11 -13 -14 19 15 16 -18 20 -20 -21 21 -23
leaf_value=-0.0028882678026842918 -0.00012364635197562146 0.069933007157079008 0.010905692670584355 -0.04305265536788723 0.0016906035316105073 0.061902715003851701 0.067902773558856169 0.054083051410734016 -0.0043012217983127909 -0.03888421223481877 0.005783484707860386 -0.024306535602857671 0.063213170673070335 -0.0093023783102276596 0.026797636723079325 0.00019127559955590051 0.084648829950019724 -0.0064486330428041869 -0.033037575155106046 -0.042508249364889651 0.077791327042657829 0.0003153199956467121
leaf_weight=10441 2758 114 1924 53 60 61 47 88 89 84 80 55 84 805 191 47 49 708 119 111 56 266
leaf_count=10441 2758 114 1924 53 60 61 47 88 89 84 80 55 84 805 191 47 49 708 119 111 56 266
internal_value=0.000187948 0.00682633 0.00532486 0.0125235 0.0472034 0.0140838 0.0124421 -0.00232157 0.0253182 -0.00270599 -0.00245625 0.0207999 0.0363022 -0.00286371 -0.00203239 0.00765406 0.0455295 0.00448832 -0.00324515 -0.0135542 0.000224973 0.0148264
internal_weight=18290 5017 4843 2085 174 2032 1971 13273 177 13096 13012 219 164 12793 11877 1317 96 1221 10560 916 1030 322
internal_count=18290 5017 4843 2085 174 2032 1971 13273 177 13096 13012 219 164 12793 11877 1317 96 1221 10560 916 1030 322
is_linear=0
shrinkage=0.035


Tree=134
num_leaves=23
num_cat=0
split_feature=19 21 18 10 12 5 2 3 23 7 1 1 10 7 17 12 12 12 23 8 10 10
split_gain=266.091 767.572 276.504 501.436 195.237 179.791 176.227 122.748 121.254 120.434 105.342 98.3032 89.1961 93.0567 154.968 102.967 90.2769 84.3733 114.384 109.574 100.767 99.4681
threshold=1.0000000180025095e-35 1.0000000180025095e-35 0.072751322751322761 7.6966288229389894 6.7739678333285047 12.500000000000002 1.0000000180025095e-35 13.500000000000002 23.500000000000004 6.3095238095238102 28.500000000000004 9.5000000000000018 2.9840847683606309 28.928571428571434 23.658473901040121 10.099936517262854 4.7820207144331563 9.1870264461090851 14.500000000000002 23.892857142857146 6.8243262357121131 5.0803074522634812
decision_type=2 2 2 2 2 2 2 2 2 2 2 2 2 2 2 2 2 2 2 2 2 2
left_child=5 2 3 7 -4 8 -7 11 10 -10 -1 -2 16 14 -14 -15 -8 19 -19 -16 21 -21
right_child=1 -3 4 -5 -6 6 12 -9 9 -11 -12 -13 13 15 17 -17 -18 18 -20 20 -22 -23
leaf_value=-0.0037773347997997527 0.0089206492212221388 0.14284970879807313 0.022642529205449166 -0.10713062906321491 0.10395187092372218 0.051457872060127564 0.0054209222678210968 0.058066494787613367 -0.00061963277616554216 0.014098264100944932 -0.049942279844010465 -0.043572384502809001 0.0050738483791209262 0.010073307986286554 0.080401109295198697 -0.05167735793901717 -0.027987253857707541 -0.030786811037650033 0.028020378920193923 0.032825222855640789 0.05109427691132834 -0.031268630735576154
leaf_weight=10703 244 54 150 48 45 99 204 47 2366 950 56 48 2546 61 59 63 184 57 112 58 99 51
leaf_count=10703 244 54 150 48 45 99 204 47 2366 950 56 48 2546 61 59 63 184 57 112 58 99 51
internal_value=0.000349252 0.022502 0.0101842 -0.00696189 0.0436234 -0.000453335 0.00652798 0.0085214 -0.00223842 0.0036065 -0.00404233 -0.000237693 0.00517821 0.00716014 0.00841125 -0.0219513 -0.0105321 0.0275817 0.0077707 0.0396835 0.0264354 0.00262672
internal_weight=18304 636 582 387 195 17668 3593 339 14075 3316 10759 292 3494 3106 2982 124 388 436 169 267 208 109
internal_count=18304 636 582 387 195 17668 3593 339 14075 3316 10759 292 3494 3106 2982 124 388 436 169 267 208 109
is_linear=0
shrinkage=0.035


Tree=135
num_leaves=23
num_cat=0
split_feature=20 19 10 23 27 25 27 21 11 5 17 0 18 8 25 4 27 23 2 4 7 11
split_gain=196.004 213.178 158.574 151.886 206.526 302.658 141.858 123.843 192.601 114.798 112.589 110.778 107.133 105.833 105.399 208.628 102.932 91.4648 90.709 90.6028 133.692 152.707
threshold=1.0000000180025095e-35 1.0000000180025095e-35 3.6384193323605882 1.5000000000000002 4472.0000000000009 31488.000000000004 9349.5000000000018 1.0000000180025095e-35 3.7825510317367033 33.500000000000007 26.140035527987497 32.500000000000007 0.26201372997711675 7.7417582417582427 13885.000000000002 4.5000000000000009 1706.5000000000002 24.500000000000004 19.500000000000004 18.500000000000004 17.171428571428574 6.7515157884575556
decision_type=2 2 2 2 2 2 2 2 2 2 2 2 2 2 2 2 2 2 2 2 2 2
left_child=3 7 -3 4 14 -6 -7 9 -9 12 11 17 -2 -8 16 -16 -1 -5 -12 -19 -21 -22
right_child=1 2 -4 10 5 6 13 8 -10 -11 18 -13 -14 -15 15 -17 -18 19 -20 20 21 -23
leaf_value=-0.016015514958028994 0.0006595010877923443 0.013680548245018279 0.081166297141250912 -0.0050467426191421819 0.10508485450302804 -0.0083710406720638279 0.067875710915728124 0.0063303683810659716 0.076930541118813894 0.040706305560972739 0.060854135589843456 -0.040264188582354261 0.020735753132132606 0.0074631514706804116 0.0007607177410412718 -0.086173950248956702 0.04743215931786432 2.0062299945164316e-05 0.0079731400964676222 -0.010648055314303979 0.060355221848909027 -0.0078095412927289172
leaf_weight=58 4233 103 72 9603 54 135 76 143 67 92 50 96 348 67 103 45 58 2481 154 102 121 57
leaf_count=58 4233 103 72 9603 54 135 76 143 67 92 50 96 348 67 103 45 58 2481 154 102 121 57
internal_value=-0.000253918 0.00560367 0.0430267 -0.00249087 0.0146981 0.0328808 0.0171849 0.00421626 0.0302018 0.00301372 -0.00330669 -0.00373383 0.00220937 0.0408972 -0.00828919 -0.0275101 0.0162128 -0.00343261 0.0221637 0.00217411 0.0208639 0.0388146
internal_weight=18318 5058 175 13260 596 332 278 4883 210 4673 12664 12460 4581 143 264 148 116 12364 204 2761 280 178
internal_count=18318 5058 175 13260 596 332 278 4883 210 4673 12664 12460 4581 143 264 148 116 12364 204 2761 280 178
is_linear=0
shrinkage=0.035


Tree=136
num_leaves=23
num_cat=0
split_feature=21 19 3 12 6 11 1 23 23 24 8 1 14 10 3 5 0 9 18 28 28 15
split_gain=212.182 459.866 293.157 195.622 145.137 142.108 135.968 135.659 134.262 265.335 192.054 189.182 139.468 171.961 137.666 131.869 121.084 114.671 112.925 118.402 115.923 104.294
threshold=1.0000000180025095e-35 1.0000000180025095e-35 21.500000000000004 11.525606589132243 27.500000000000004 7.9277298357317409 28.500000000000004 24.500000000000004 3.5000000000000004 1.5000000000000002 21.321428571428573 20.500000000000004 1.0000000180025095e-35 3.359421718944243 20.500000000000004 15.500000000000002 24.500000000000004 2.2554347826086958 0.35504201680672276 195.50000000000003 191.00000000000003 0.23669467787114848
decision_type=2 2 2 2 2 2 2 2 2 2 2 2 2 2 2 2 2 2 2 2 2 2
left_child=3 2 4 7 16 -4 15 8 9 -1 14 -10 13 -13 17 21 18 -11 19 20 -2 -5
right_child=1 -3 5 6 -6 -7 -8 -9 11 10 -12 12 -14 -15 -16 -17 -18 -19 -20 -21 -22 -23
leaf_value=-0.028897123115078489 0.010922286742848092 0.10949954576381858 0.10758282115938618 -0.013584272291288894 0.063317689055204393 0.021682096127187835 -0.018680317950402869 0.004356957988343505 -0.0033842735325928614 -0.0041922896308447958 0.05681474018909715 0.026282717451453212 0.019723582151548371 -0.031827323078511001 -0.04628239440145316 0.074346853264297061 -0.038172923922538758 0.019019787738028208 0.052914288704251425 -0.0024934819265200856 0.063884295105017377 0.0526482946654925
leaf_weight=217 264 52 46 62 45 51 53 3605 10517 397 105 65 87 638 49 85 79 740 53 1089 59 47
leaf_count=217 264 52 46 62 45 51 53 3605 10517 397 105 65 87 638 49 85 79 740 53 1089 59 47
internal_value=4.90637e-05 0.0116693 0.00832681 -0.00116476 0.00460772 0.0658669 0.0294358 -0.00163496 -0.00332295 0.00646705 0.0125134 -0.00463246 -0.0211014 -0.026282 0.00835449 0.0428079 0.00268646 0.0109168 0.00502405 0.00303375 0.0214762 0.0158778
internal_weight=18405 1738 1686 16667 1589 97 247 16420 12815 1508 1291 11307 790 703 1186 194 1544 1137 1465 1412 323 109
internal_count=18405 1738 1686 16667 1589 97 247 16420 12815 1508 1291 11307 790 703 1186 194 1544 1137 1465 1412 323 109
is_linear=0
shrinkage=0.035


Tree=137
num_leaves=23
num_cat=0
split_feature=19 21 15 2 10 3 24 24 11 23 18 11 15 11 16 9 12 25 11 9 21 18
split_gain=161.281 568.841 167.878 216.97 194.359 143.846 165.696 140.594 267.496 149.65 124.936 182.786 119.353 103.333 115.472 105.201 96.1666 87.0635 85.1387 83.2219 84.9398 111.108
threshold=1.0000000180025095e-35 1.0000000180025095e-35 1.0000000180025095e-35 10.500000000000002 7.6966288229389894 15.500000000000002 3.5000000000000004 4.5000000000000009 8.8119860915005948 25.500000000000004 0.06458333333333334 8.8119860915005948 0.21980676328502416 5.3003213669933853 13.674716397104163 14.074175824175827 10.811210523186796 10086.000000000002 4.2510502903904355 3.0178571428571432 1.0000000180025095e-35 0.27888888888888896
decision_type=2 2 2 2 2 2 2 2 2 2 2 2 2 2 2 2 2 2 2 2 2 2
left_child=5 2 4 -4 -2 10 12 8 9 -8 11 -1 13 15 -15 -7 17 -10 -9 -12 -21 -22
right_child=1 -3 3 -5 -6 6 7 18 16 -11 19 -13 -14 14 -16 -17 -18 -19 -20 20 21 -23
leaf_value=-0.003859566572525377 0.00071456090676327876 0.12097853322024064 0.009114157097497539 0.083357418598443797 -0.07824289512254444 -0.00083323531426653704 -0.038099069764035515 0.044853878433573739 0.062934169881656524 0.012955309078732337 -0.0021573799420311697 -0.049685954991210673 0.054838589805488794 0.042779024150008449 0.00041329116871960441 0.031721078393766186 -0.026415813228487971 0.011226544674824587 0.0045612609078240158 0.0044098548109357356 0.013947854181424831 0.072382982971519239
leaf_weight=9155 150 54 330 52 46 165 377 68 56 83 2721 103 79 82 848 444 45 127 564 2606 223 45
leaf_count=9155 150 54 330 52 46 165 377 68 56 83 2721 103 79 82 848 444 45 127 564 2606 223 45
internal_value=0.000116847 0.0174218 0.00676241 0.0202122 -0.0192146 -0.000501627 0.00656656 -0.00262188 -0.0135334 -0.0288092 -0.00190267 -0.00439784 0.0140585 0.011783 0.00437627 0.0229375 0.0171678 0.0283957 0.00924206 0.00222319 0.00637318 0.0249698
internal_weight=18423 632 578 382 196 17791 2938 1320 688 460 14853 9258 1618 1539 930 609 228 183 632 5595 2874 268
internal_count=18423 632 578 382 196 17791 2938 1320 688 460 14853 9258 1618 1539 930 609 228 183 632 5595 2874 268
is_linear=0
shrinkage=0.035


Tree=138
num_leaves=23
num_cat=0
split_feature=21 3 5 18 20 18 1 30 2 3 24 7 25 9 15 11 24 6 9 1 27 23
split_gain=184.319 288.359 146.909 133.102 130.004 173.251 120.19 203.384 145.132 106.143 100.558 171.504 107.498 100.197 134.003 158.762 131.83 114.037 95.1449 91.9354 90.355 112.953
threshold=1.0000000180025095e-35 20.500000000000004 43.500000000000007 0.31909090909090915 1.0000000180025095e-35 0.26201372997711675 28.500000000000004 2.5000000000000004 18.500000000000004 17.500000000000004 3.5000000000000004 6.5857142857142863 33201.500000000007 18.396428571428576 0.06458333333333334 5.7181991286165514 1.5000000000000002 26.500000000000004 25.222527472527478 11.500000000000002 9349.5000000000018 9.5000000000000018
decision_type=2 2 2 2 2 2 2 2 2 2 2 2 2 2 2 2 2 2 2 2 2 2
left_child=2 3 4 9 6 18 13 -8 -9 10 11 20 -12 -1 15 17 -17 -15 -6 -14 21 -2
right_child=1 -3 -4 -5 5 -7 7 8 -10 -11 12 -13 19 14 -16 16 -18 -19 -20 -21 -22 -23
leaf_value=-0.0040075735894664248 -0.025097776287620499 0.065063229455845431 0.054281013186595506 0.052786333307724552 0.00074379983952109572 0.026411646700803631 0.022291320507531055 0.005256612159438053 -0.060464359171971502 -0.03842085662172802 0.0092821095880975778 0.041129454872407545 -0.0075962441991845328 0.03260825511368199 0.043825389247626891 -0.053614099986278099 -0.0013375180957627675 -0.023490320256117872 0.040510098334898555 -0.053449496086892291 0.039818378311355374 0.012100863925714789
leaf_weight=10419 157 107 53 69 4390 363 75 54 153 62 433 223 270 265 104 60 663 49 70 63 69 256
leaf_count=10419 157 107 53 69 4390 363 75 54 153 62 433 223 270 265 104 60 663 49 70 63 69 256
internal_value=-0.000197636 0.0107323 -0.00131887 0.00690142 -0.00151297 0.00332679 -0.00348616 -0.0258708 -0.0435176 0.00465988 0.00661151 0.0161043 -0.00215041 -0.00292764 0.00689297 0.00297972 -0.00603829 0.0235682 0.00141652 -0.0169853 0.00418695 -0.00212922
internal_weight=18427 1709 16718 1602 16665 4823 11842 282 207 1533 1471 705 766 11560 1141 1037 723 314 4460 333 482 413
internal_count=18427 1709 16718 1602 16665 4823 11842 282 207 1533 1471 705 766 11560 1141 1037 723 314 4460 333 482 413
is_linear=0
shrinkage=0.035


Tree=139
num_leaves=23
num_cat=0
split_feature=23 17 12 23 17 24 25 5 17 27 17 10 7 24 8 12 15 10 11 2 12 24
split_gain=205.486 242.539 167.895 148.202 263.939 157.095 138.588 130.507 116.8 207.93 114.283 106.271 122.247 91.11 89.5285 86.0667 156.305 84.9208 78.7376 77.0108 110.29 109.592
threshold=24.500000000000004 21.445547522483025 7.4510778846629195 3.5000000000000004 19.887405490912275 1.5000000000000002 10086.000000000002 25.500000000000004 5.9233799239674481 4472.0000000000009 4.995342421038262 2.1491969707422416 21.500000000000004 3.5000000000000004 1.9642857142857146 5.0119895687908169 0.078461538461538485 7.1280799525204417 4.2742520713255532 33.500000000000007 11.950072206766988 2.5000000000000004
decision_type=2 2 2 2 2 2 2 2 2 2 2 2 2 2 2 2 2 2 2 2 2 2
left_child=3 11 -3 4 5 8 -6 14 9 10 -1 -2 13 15 -7 -13 -17 18 -15 20 -5 -21
right_child=1 2 -4 19 6 7 -8 -9 -10 -11 -12 12 -14 17 -16 16 -18 -19 -20 21 -22 -23
leaf_value=-0.00072241255237410465 -0.00071185705135029553 0.078771245913256141 0.01790586790517916 -0.0029654153624986777 0.01279792781056064 -0.003400432243375016 0.077140547125600284 -0.044482045822121487 -0.053451419812894765 0.035502845449170671 -0.064740060101098881 0.011454884484017101 -0.042662105227261791 0.0092682386104973175 0.017255264529988011 0.017579487538620556 0.066971874472139217 0.046832656883908551 -0.015376273820176723 0.008987885434311671 0.02837820483591046 -0.047182988069179629
leaf_weight=70 1831 87 153 12438 77 362 91 49 82 87 63 609 45 416 859 265 111 46 250 66 134 106
leaf_count=70 1831 87 153 12438 77 362 91 49 82 87 63 609 45 416 859 265 111 46 250 66 134 106
internal_value=0.000268203 0.00749252 0.0411983 -0.00163436 0.00793007 0.00339128 0.0489735 0.00880279 -0.0190815 -0.00528997 -0.0324203 0.00516919 0.0113451 0.0129086 0.0111281 0.0197813 0.0328942 0.00330466 -2.26732e-06 -0.00294421 -0.0026188 -0.0258852
internal_weight=18297 3813 240 14484 1740 1572 168 1270 302 220 133 3573 1742 1697 1221 985 376 712 666 12744 12572 172
internal_count=18297 3813 240 14484 1740 1572 168 1270 302 220 133 3573 1742 1697 1221 985 376 712 666 12744 12572 172
is_linear=0
shrinkage=0.035


Tree=140
num_leaves=23
num_cat=0
split_feature=20 19 1 23 4 24 23 12 15 23 7 27 16 12 9 25 10 27 16 11 12 11
split_gain=192.678 260.797 312.209 167.028 131.497 141.702 189.437 130.426 143.178 114.637 154.685 125.452 119.735 95.3121 105.962 94.4631 253.598 97.2587 94.3833 88.1979 88.4793 86.4949
threshold=1.0000000180025095e-35 1.0000000180025095e-35 13.500000000000002 30.500000000000004 28.500000000000004 4.5000000000000009 12.500000000000002 4.3548496579967431 0.072751322751322761 1.5000000000000002 19.464285714285719 4472.0000000000009 5.1324719110110477 3.6837621743449112 2.8224789915966393 34795.000000000007 3.1471831698777746 10081.000000000002 18.941775076142076 4.8493797043007012 10.628901353495987 7.0757285183883374
decision_type=2 2 2 2 2 2 2 2 2 2 2 2 2 2 2 2 2 2 2 2 2 2
left_child=4 3 -3 7 9 6 -6 13 21 10 11 12 -1 14 -2 16 -13 -17 -8 -10 -21 -9
right_child=1 2 -4 -5 5 -7 18 8 19 -11 -12 15 -14 -15 -16 17 -18 -19 -20 20 -22 -23
leaf_value=0.0045161490329184836 -0.0033079132270802058 0.017356288912240416 0.12124173310311404 0.049683570747423654 -0.052609268996864564 0.064829735989669263 -0.010015075416838538 0.012205477825529653 0.059044707986978022 -0.0030931641381809921 0.063482332062835878 0.10126497196516505 -0.047669946750005091 -0.017697402595972869 0.010316229831353593 -0.017721828477784852 -0.0013565456087066645 0.029135271010860598 0.045460567921761758 0.0092020317611648996 0.0549486199685413 -0.008868985230168493
leaf_weight=157 1844 125 46 94 45 66 56 783 96 12319 60 49 76 336 1119 103 64 104 98 225 64 337
leaf_count=157 1844 125 46 94 45 66 56 783 96 12319 60 49 76 336 1119 103 64 104 98 225 64 337
internal_value=0.00037687 0.00617437 0.048052 0.00466125 -0.00185014 0.0223202 0.00689243 0.00372592 0.0122458 -0.00235522 0.0123514 0.00625331 -0.0130763 -0.000168191 0.00184017 0.0203661 0.0454001 0.00586928 0.025497 0.0305293 0.0201545 0.00583753
internal_weight=18266 5069 171 4898 13197 265 199 4804 1505 12932 613 553 233 3299 2963 320 113 207 154 385 289 1120
internal_count=18266 5069 171 4898 13197 265 199 4804 1505 12932 613 553 233 3299 2963 320 113 207 154 385 289 1120
is_linear=0
shrinkage=0.035


Tree=141
num_leaves=23
num_cat=0
split_feature=19 16 17 13 20 23 10 4 17 0 17 23 0 5 4 4 25 0 24 11 8 0
split_gain=233.331 271.576 174.284 164.237 144.381 139.299 136.092 138.533 108.13 99.1151 144.921 98.127 124.419 123.721 117.992 94.35 91.3235 91.1017 77.6721 136.846 109.311 120.653
threshold=1.0000000180025095e-35 23.594564066543953 7.1845229666214268 0.53571428571428581 1.0000000180025095e-35 24.500000000000004 9.9319109795711054 28.500000000000004 4.4482720074074047 16.500000000000004 8.0145359263496321 1.5000000000000002 28.500000000000004 21.500000000000004 40.500000000000007 20.500000000000004 52360.000000000007 13.500000000000002 3.5000000000000004 7.1546880017720165 16.162337662337666 14.500000000000002
decision_type=2 2 2 2 2 2 2 2 2 2 2 2 2 2 2 2 2 2 2 2 2 2
left_child=2 4 -1 5 9 11 7 16 -6 10 -2 -4 14 -14 -13 -15 18 -5 19 20 21 -7
right_child=1 -3 3 17 8 6 -8 -9 -10 -11 -12 12 13 15 -16 -17 -18 -19 -20 -21 -22 -23
leaf_value=-0.0030385962227753283 -0.0015697957600423252 0.087445588326216614 0.024451692421078402 0.072806703945192008 0.013833990340984505 0.025012854020420926 -0.040999701404944064 0.059895394743903534 0.071665755998539304 -0.033122640906367455 0.05662526632856691 0.00068691547741980905 -0.0405227876671726 -0.030846143515323696 0.049645353175211154 0.029818659072572536 -0.027917698307046251 0.0098137052060436394 0.0033695374426770462 -0.030657032520704286 0.043414021828688504 -0.012463312090581491
leaf_weight=10073 251 64 204 60 91 392 51 74 71 75 61 5435 173 48 56 72 62 54 526 55 249 139
leaf_count=10073 251 64 204 60 91 392 51 74 71 75 61 5435 173 48 56 72 62 54 526 55 249 139
internal_value=0.000722633 0.0218633 -1.35484e-05 0.00396673 0.0134662 0.00331771 0.0126594 0.0146296 0.0406716 0.00165966 0.0104666 0.000891244 3.68495e-05 -0.0219861 0.00123411 0.00514953 0.0120619 0.044781 0.0139915 0.0206019 0.0244109 0.0151453
internal_weight=18336 613 17723 7650 549 7536 1548 1497 162 387 312 5988 5784 293 5491 120 1423 114 1361 835 780 531
internal_count=18336 613 17723 7650 549 7536 1548 1497 162 387 312 5988 5784 293 5491 120 1423 114 1361 835 780 531
is_linear=0
shrinkage=0.035


Tree=142
num_leaves=23
num_cat=0
split_feature=5 21 15 7 23 1 17 3 15 12 9 7 8 5 7 1 24 17 15 16 9 12
split_gain=201.806 195.378 194.586 150.726 119.583 117.12 144.366 122.985 142.157 126.748 262.603 199.76 149.061 110.312 108.118 107.117 106.519 105.454 297.739 136.005 131.277 104.544
threshold=16.500000000000004 1.0000000180025095e-35 0.15894736842105264 22.357142857142858 9.5000000000000018 25.500000000000004 26.140035527987497 5.5000000000000009 0.31909090909090915 6.6304073468237332 14.823757763975157 18.171428571428574 19.732142857142861 43.500000000000007 13.928571428571431 20.500000000000004 3.5000000000000004 15.207341245001272 1.0000000180025095e-35 15.166530922291825 20.360389610389614 7.8754767187594972
decision_type=2 2 2 2 2 2 2 2 2 2 2 2 2 2 2 2 2 2 2 2 2 2
left_child=5 2 13 4 -3 6 7 -1 9 10 14 15 -13 16 -9 -12 17 -2 19 -19 -21 -22
right_child=1 3 -4 -5 -6 -7 -8 8 -10 -11 11 12 -14 -15 -16 -17 -18 18 -20 20 21 -23
leaf_value=-0.0032738858998172969 -0.015479887355274211 0.049729449140698948 0.051110634512611129 0.080238348633239545 -0.013623285486388047 -0.024636094627203422 0.045835027776796509 0.0030401698189530617 0.041768179937549263 -0.01065968114234387 0.056539677474115584 -0.02096445782688644 0.039111882940207315 0.054992982838668075 -0.022690840494384225 -0.0011736006282416045 -0.0050934129860747534 0.061230839203704486 0.072418260380812005 -0.012257710298500866 0.030656420820431924 -0.0062167495135342921
leaf_weight=10180 154 68 109 74 69 251 76 3822 110 770 240 127 77 46 206 46 1029 50 95 327 256 144
leaf_count=10180 154 68 109 74 69 251 76 3822 110 770 240 127 77 46 206 46 1029 50 95 327 256 144
internal_value=0.000281592 0.00968541 0.00655456 0.0414859 0.0183424 -0.00115132 -0.000765892 -0.001009 0.00325815 0.00241507 0.00465658 0.0287166 0.00202089 0.00411882 0.0016934 0.0473363 0.00284083 0.0108013 0.0155245 0.00812745 0.00405802 0.017426
internal_weight=18326 2421 2210 211 137 15905 15654 15578 5398 5288 4518 490 204 2101 4028 286 2055 1026 872 777 727 400
internal_count=18326 2421 2210 211 137 15905 15654 15578 5398 5288 4518 490 204 2101 4028 286 2055 1026 872 777 727 400
is_linear=0
shrinkage=0.035


Tree=143
num_leaves=23
num_cat=0
split_feature=21 19 6 9 0 17 7 3 23 23 17 18 17 1 3 7 8 7 18 24 4 2
split_gain=212.214 467.333 192.471 158.57 129.679 217.839 147.775 173.057 142.052 120.818 134.729 132.793 189.783 113.346 101.949 175.042 95.187 91.4221 90.1969 104.814 153.283 141.9
threshold=1.0000000180025095e-35 1.0000000180025095e-35 27.500000000000004 26.803571428571434 26.500000000000004 24.993869748168905 28.500000000000004 5.5000000000000009 13.500000000000002 3.5000000000000004 23.897325347691226 0.075498575498575513 15.927257303271483 27.500000000000004 19.500000000000004 15.928571428571431 17.366071428571434 26.642857142857149 0.35504201680672276 3.5000000000000004 22.500000000000004 16.500000000000004
decision_type=2 2 2 2 2 2 2 2 2 2 2 2 2 2 2 2 2 2 2 2 2 2
left_child=3 2 18 4 6 13 7 -1 -7 -9 11 -11 -13 -6 15 -14 -16 -5 19 21 -21 -2
right_child=1 -3 -4 17 5 8 -8 9 -10 10 -12 12 14 -15 16 -17 -18 -19 -20 20 -22 -23
leaf_value=-0.0037831379100643483 0.018498272597450224 0.10774083653542524 0.062283910309726548 0.074539392749564018 -0.022781111090584196 0.059825021424641217 -0.046709498526301067 0.019416601178617224 -0.014106735322570457 -0.00228544771676524 0.028014246218783019 0.0033253087153871414 0.048636056754666458 -0.073396446656435743 0.017483279887819666 -0.013618866006008297 0.077030294980439895 0.0090373523347079768 0.047675525131324933 -0.0096142260647246406 0.047715815144681165 -0.029807744144151608
leaf_weight=9309 667 55 72 47 294 55 81 539 64 4125 233 1402 99 65 59 114 85 57 55 720 57 79
leaf_count=9309 667 55 72 47 294 55 81 539 64 4125 233 1402 99 65 59 114 85 57 55 720 57 79
internal_value=-2.73065e-06 0.0117374 0.00821084 -0.00121075 -0.00148889 -0.0193596 -0.000949578 -0.000701763 0.0209567 0.00360479 0.00219395 0.00114561 0.0091853 -0.0328758 0.0317864 0.0156881 0.0541554 0.0408611 0.00554364 0.00385966 -0.00510797 0.0131951
internal_weight=18333 1705 1650 16628 16524 478 16046 15965 119 6656 6117 5884 1759 359 357 213 144 104 1578 1523 777 746
internal_count=18333 1705 1650 16628 16524 478 16046 15965 119 6656 6117 5884 1759 359 357 213 144 104 1578 1523 777 746
is_linear=0
shrinkage=0.035


Tree=144
num_leaves=23
num_cat=0
split_feature=21 7 2 20 18 12 18 5 23 23 2 16 12 28 11 17 17 15 23 11 2 8
split_gain=163.908 336.087 425.398 141.04 165.726 170.541 123.132 117.032 89.3262 101.177 100.896 87.1464 124.814 97.4424 90.6506 81.978 72.7788 69.5875 80.0382 75.329 70.1626 79.4125
threshold=1.0000000180025095e-35 21.500000000000004 24.500000000000004 1.0000000180025095e-35 0.36602870813397131 7.1671194159447351 0.35504201680672276 40.500000000000007 24.500000000000004 3.5000000000000004 16.500000000000004 27.960914941866768 11.525606589132243 191.00000000000003 11.850719827907513 3.1107604679719798 26.140035527987497 0.31909090909090915 28.500000000000004 3.6524867338101799 17.500000000000004 15.077380952380954
decision_type=2 2 2 2 2 2 2 2 2 2 2 2 2 2 2 2 2 2 2 2 2 2
left_child=3 6 -3 11 7 -6 17 8 9 10 -5 12 14 -13 16 -10 -1 18 20 -20 21 -2
right_child=1 2 -4 4 5 -7 -8 -9 15 -11 -12 13 -14 -15 -16 -17 -18 -19 19 -21 -22 -23
leaf_value=-0.0027882602946341555 0.0033926131436852721 0.13017084701193707 0.0038197384784753258 0.0098999556614137608 0.0082569595789250914 0.077208673713336659 0.055871578041400957 0.055849519148468973 -0.00027675076945737567 -0.0017709519728670701 0.063087318035272455 0.0031332075758837168 0.029135082931993808 -0.05579747477039413 -0.047230278062634169 0.021201906457452173 0.032022801914529227 -0.012461811853111536 0.011427318990769748 0.060474940670861142 -0.02449778097875727 0.035051651126747838
leaf_weight=11427 921 58 69 302 109 71 54 46 366 3352 47 59 147 74 51 526 69 249 109 58 91 104
leaf_count=11427 921 58 69 302 109 71 54 46 366 3352 47 59 147 74 51 526 69 249 109 58 91 104
internal_value=0.000421248 0.0107145 0.0644009 -0.000639859 0.00440304 0.0369008 0.00621569 0.00309994 0.00250767 0.000101117 0.0179021 -0.0026971 -0.00236811 -0.0303621 -0.00278312 0.012417 -0.00256397 0.00427797 0.00757612 0.0298264 0.00411276 0.0067764
internal_weight=18359 1713 127 16646 4819 180 1586 4639 4593 3701 349 11827 11694 133 11547 892 11496 1532 1283 167 1116 1025
internal_count=18359 1713 127 16646 4819 180 1586 4639 4593 3701 349 11827 11694 133 11547 892 11496 1532 1283 167 1116 1025
is_linear=0
shrinkage=0.035


Tree=145
num_leaves=23
num_cat=0
split_feature=20 17 11 11 25 21 11 16 6 12 8 9 6 23 10 9 21 10 23 0 4 16
split_gain=137.761 200.802 119.294 116.741 94.1511 92.7455 165.496 116.148 98.9005 309.734 101.834 102.093 110.656 115.784 101.098 87.2101 74.2761 156.107 134.012 81.6287 242.369 74.429
threshold=1.0000000180025095e-35 23.897325347691226 7.3652734332985075 10.853165735605968 52360.000000000007 1.0000000180025095e-35 3.7825510317367033 23.594564066543953 25.500000000000004 7.3141885740903945 21.441558441558445 16.372685185185187 20.500000000000004 13.500000000000002 5.1593650402978346 8.7171428571428589 1.0000000180025095e-35 7.3029674334022099 10.500000000000002 32.500000000000007 17.500000000000004 22.526121110918016
decision_type=2 2 2 2 2 2 2 2 2 2 2 2 2 2 2 2 2 2 2 2 2 2
left_child=4 5 -3 -4 16 7 -7 8 10 -10 11 -2 13 -13 -14 -6 19 21 -19 -1 -21 -18
right_child=1 2 3 -5 15 6 -8 -9 9 -11 -12 12 14 -15 -16 -17 17 18 -20 20 -22 -23
leaf_value=-0.001765653694741716 0.0013271448694957865 0.07744262187394188 -0.011711880594099824 0.050725437963070968 -0.0098055323082368272 0.0041188808393975099 0.069639198791865309 -0.040840836571653688 -0.015904117732881064 0.084147005578319375 -0.034318756125766139 0.0006222454303254684 0.027206147304990075 0.053242680666098996 -0.037983970463035574 -0.053692001335633302 0.0045568083629268846 0.076447874308712249 0.0026201767226060237 0.031278865500441143 -0.063953629716892141 -0.037040412291884421
leaf_weight=10861 4017 62 71 67 862 145 66 70 78 66 87 79 50 145 57 55 1232 64 55 48 83 50
leaf_count=10861 4017 62 71 67 862 145 66 70 78 66 87 79 50 145 57 55 1232 64 55 48 83 50
internal_value=-7.14122e-05 0.00484053 0.0387843 0.0191932 -0.00194119 0.00340164 0.025832 0.0023532 0.00306116 0.0311201 0.00211215 0.00288371 0.0214211 0.0351798 -0.00751043 -0.0127336 -0.0011364 0.0064361 0.0439485 -0.00210564 -0.0290635 0.00278326
internal_weight=18370 5060 200 138 13310 4860 211 4649 4579 144 4435 4348 331 224 107 917 12393 1401 119 10992 131 1282
internal_count=18370 5060 200 138 13310 4860 211 4649 4579 144 4435 4348 331 224 107 917 12393 1401 119 10992 131 1282
is_linear=0
shrinkage=0.035


Tree=146
num_leaves=23
num_cat=0
split_feature=24 24 5 9 5 16 12 1 21 28 12 9 1 28 1 17 23 18 7 27 23 18
split_gain=131.228 209.304 196.461 143.635 171.525 147.89 132.267 141.132 118.084 142.423 187.655 116.382 111.623 106.651 106.176 103.027 98.7687 94.8841 130.034 116.921 93.7468 88.857
threshold=3.5000000000000004 4.5000000000000009 6.5000000000000009 17.514705882352946 18.500000000000004 16.906663888038217 9.1870264461090851 26.500000000000004 1.0000000180025095e-35 233.00000000000003 5.1281849016836691 23.869747899159666 22.500000000000004 106.50000000000001 17.500000000000004 21.445547522483025 17.500000000000004 0.051315789473684217 10.464285714285717 15110.000000000002 3.5000000000000004 0.036375661375661381
decision_type=2 2 2 2 2 2 2 2 2 2 2 2 2 2 2 2 2 2 2 2 2 2
left_child=2 -2 13 5 14 -3 7 11 20 12 -11 15 -10 -1 -5 -6 -16 18 19 -15 -4 -22
right_child=1 3 8 4 6 -7 -8 -9 9 10 -12 -13 -14 17 16 -17 -18 -19 -20 -21 21 -23
leaf_value=0.036817518412540468 -0.0096186501814214571 0.00037115509411455514 0.025456242158703391 0.072434552738422101 0.031737544146373371 -0.051812243979862511 -0.032529030599175619 -0.037080504166067771 0.028626756646583991 0.033708941540581752 -0.050203922643605625 0.073902974499762061 0.093918388040834355 -0.0031964062624434842 -0.0027982988628710427 -0.019362897853318017 0.057959637405281823 0.004597742821417743 -0.028736493766010118 0.042037793730556133 0.0013655971208916223 0.014784886208654252
leaf_weight=87 3554 3052 315 84 129 63 89 48 92 89 45 45 52 4826 81 71 49 2429 239 66 2001 864
leaf_count=87 3554 3052 315 84 129 63 89 48 92 89 45 45 52 4826 81 71 49 2429 239 66 2001 864
internal_value=0.000101723 -0.00355325 0.00249494 0.00225596 0.017923 -0.000759972 0.00366513 0.0150793 0.0094115 0.0311169 0.00461111 0.0259056 0.0546822 -0.000634572 0.0426294 0.0134817 0.0212716 -0.00109193 -0.00379067 -0.00254026 0.00746262 0.00543727
internal_weight=18370 7265 11105 3711 596 3115 382 293 3458 278 134 245 144 7647 214 200 130 7560 5131 4892 3180 2865
internal_count=18370 7265 11105 3711 596 3115 382 293 3458 278 134 245 144 7647 214 200 130 7560 5131 4892 3180 2865
is_linear=0
shrinkage=0.035


Tree=147
num_leaves=23
num_cat=0
split_feature=23 1 23 7 24 28 27 25 26 5 8 24 2 8 7 2 11 0 4 1 0 0
split_gain=141.448 168.671 90.729 165.554 124.963 169.362 160.789 133.907 119.47 112.359 125.936 89.3197 154.183 126.474 108.824 105.676 98.3 94.8332 97.849 90.8504 114.562 149.478
threshold=24.500000000000004 33.500000000000007 3.5000000000000004 24.357142857142858 1.5000000000000002 195.50000000000003 9349.5000000000018 34795.000000000007 21250.000000000004 23.500000000000004 10.345238095238097 3.5000000000000004 33.500000000000007 25.671428571428574 25.642857142857149 27.500000000000004 12.987736994497928 24.500000000000004 9.5000000000000018 25.500000000000004 26.500000000000004 14.500000000000002
decision_type=2 2 2 2 2 2 2 2 2 2 2 2 2 2 2 2 2 2 2 2 2 2
left_child=2 -2 3 4 5 -1 7 8 -7 10 -6 16 13 14 15 19 17 18 -4 20 21 -13
right_child=1 -3 11 -5 9 6 -8 -9 -10 -11 -12 12 -14 -15 -16 -17 -18 -19 -20 -21 -22 -23
leaf_value=0.030048715864223516 0.005203639261939807 0.065919575441563349 -0.002000623953380882 0.049074797197742374 0.0056190464386659473 -0.055666593446371128 0.015188938067543012 -0.090719174076963616 0.0085969172958284615 -0.028035337150629079 0.034563414450380463 -0.0070850524115023891 -0.054019938856823213 0.030667218721638891 -0.047483022450046111 0.038165144497778886 0.033066553966383694 -0.020932406271773358 0.0076388880974642285 -0.040396750125513282 -0.045937449268531057 0.01175059583319216
leaf_weight=72 3797 52 5674 98 1024 69 70 53 65 93 221 3967 76 112 72 62 103 265 1664 88 79 588
leaf_count=72 3797 52 5674 98 1024 69 70 53 65 93 221 3967 76 112 72 62 103 265 1664 88 79 588
internal_value=0.000151453 0.00611291 -0.00142973 0.00599392 0.00331162 -0.0158423 -0.0290938 -0.0457253 -0.0251802 0.00807585 0.0108887 -0.00246071 -0.00607913 -0.00528865 -0.00615223 -0.00547762 -8.75763e-05 -0.000560461 0.000186608 -0.00609411 -0.00539609 -0.00463952
internal_weight=18364 3849 14515 1765 1667 329 257 187 134 1338 1245 12750 5044 4968 4856 4784 7706 7603 7338 4722 4634 4555
internal_count=18364 3849 14515 1765 1667 329 257 187 134 1338 1245 12750 5044 4968 4856 4784 7706 7603 7338 4722 4634 4555
is_linear=0
shrinkage=0.035


Tree=148
num_leaves=23
num_cat=0
split_feature=21 19 3 18 18 5 1 6 28 23 16 8 12 10 3 23 23 0 18 8 5 17
split_gain=182.799 397.364 190.379 146.328 135.18 126.169 120.143 126.486 113.25 212.62 102.7 115.945 112.683 99.5468 96.6395 123.538 128.048 145.867 111.377 106.064 142.967 93.7942
threshold=1.0000000180025095e-35 1.0000000180025095e-35 22.500000000000004 0.27888888888888896 0.56038647342995185 43.500000000000007 20.500000000000004 20.500000000000004 195.50000000000003 7.5000000000000009 27.960914941866768 25.198051948051951 9.5805920426615412 2.992052966172396 5.5000000000000009 3.5000000000000004 24.500000000000004 26.500000000000004 0.18350168350168353 21.441558441558445 24.500000000000004 21.445547522483025
decision_type=2 2 2 2 2 2 2 2 2 2 2 2 2 2 2 2 2 2 2 2 2 2
left_child=4 2 3 6 5 10 8 -8 9 -2 14 -12 -13 -5 -1 19 17 -17 21 20 -16 -18
right_child=1 -3 -4 13 -6 -7 7 -9 -10 -11 11 12 -14 -15 15 16 18 -19 -20 -21 -22 -23
leaf_value=-0.0031550422473034375 0.087714529851520506 0.10148054384722793 0.063108178933931378 0.011595183279779224 0.036238063168365607 0.048940480417541926 -0.053681507006789864 0.011086519245917982 0.00038129719126046445 0.010992151637144976 -0.072893229217827329 0.027394423479908857 -0.036911011880094359 0.079907620314222119 0.019224389737485015 -0.00064807641513374013 0.002668675421085323 -0.031026418994522038 0.036353556114961126 0.059236996129933578 -0.033522377676547394 0.02890568909139286
leaf_weight=9197 49 53 69 58 116 57 84 60 1033 261 45 54 72 47 458 4720 1222 197 165 62 68 189
leaf_count=9197 49 53 69 58 116 57 84 60 1033 261 45 54 72 47 458 4720 1222 197 165 62 68 189
internal_value=0.00050445 0.0113705 0.00818875 0.00560735 -0.000618043 -0.000889014 0.00270392 -0.0271109 0.00600244 0.0243746 -0.00107757 -0.0276735 -0.00922425 0.0445745 -0.000788693 0.00228238 0.000882237 -0.00189902 0.00954919 0.0175761 0.012121 0.00628508
internal_weight=18336 1714 1661 1592 16622 16506 1487 144 1343 310 16449 171 126 105 16278 7081 6493 4917 1576 588 526 1411
internal_count=18336 1714 1661 1592 16622 16506 1487 144 1343 310 16449 171 126 105 16278 7081 6493 4917 1576 588 526 1411
is_linear=0
shrinkage=0.035


Tree=149
num_leaves=23
num_cat=0
split_feature=12 2 25 20 1 1 0 19 12 28 6 4 23 6 5 23 4 18 5 23 27 18
split_gain=161.014 322.237 192.299 146.447 170.425 124.215 122.511 105.203 114.402 87.9987 107.831 84.1811 177.229 121.005 85.3862 82.4363 97.6242 94.2516 84.025 94.9184 79.7831 73.9636
threshold=11.950072206766988 25.500000000000004 25082.000000000004 1.0000000180025095e-35 30.500000000000004 25.500000000000004 19.500000000000004 1.0000000180025095e-35 3.3148894491233718 106.50000000000001 15.500000000000002 28.500000000000004 12.500000000000002 17.500000000000004 20.500000000000004 4.5000000000000009 17.500000000000004 0.11324786324786326 9.5000000000000018 24.500000000000004 8654.0000000000018 0.19615384615384621
decision_type=2 2 2 2 2 2 2 2 2 2 2 2 2 2 2 2 2 2 2 2 2 2
left_child=3 2 -2 11 5 7 -7 9 -9 10 -5 21 -13 -14 -15 16 20 -17 -19 -20 -11 -1
right_child=1 -3 -4 4 -6 6 -8 8 -10 15 -12 12 13 14 -16 17 -18 18 19 -21 -22 -23
leaf_value=-0.0039054428395562273 0.087031442065324108 -0.035596038894436792 0.00048734342249540189 0.069169942788102415 0.051310197382848324 0.0057478288312753046 -0.071419129112629959 0.005773412692017461 0.066030961185693751 0.00053136042100180626 0.004749213361646981 -0.033163724921643732 -0.0037481932525765408 0.07600799716822805 0.015300803455439481 -0.0021438514247068031 0.055705078933101441 0.0056155302996936524 0.014715459292418647 0.073119300167058032 0.030891193834383018 0.0037614456494852893
leaf_weight=11080 93 59 47 50 89 46 48 90 65 350 79 60 68 75 50 2997 60 787 117 46 148 1784
leaf_count=11080 93 59 47 50 89 46 48 90 65 350 79 60 68 75 50 2997 60 787 117 46 148 1784
internal_value=-0.000153422 0.0307661 0.0591167 -0.000502948 0.00460807 0.00370166 -0.0350967 0.00450266 0.0324259 0.00353096 0.0314984 -0.00244263 0.0173466 0.0335786 0.0533822 0.0026922 0.0152235 0.000899172 0.0104784 0.0329873 0.00980613 -0.00283978
internal_weight=18288 199 140 18089 4972 4883 94 4789 155 4634 129 13117 253 193 125 4505 558 3947 950 163 498 12864
internal_count=18288 199 140 18089 4972 4883 94 4789 155 4634 129 13117 253 193 125 4505 558 3947 950 163 498 12864
is_linear=0
shrinkage=0.035


Tree=150
num_leaves=23
num_cat=0
split_feature=28 8 5 16 2 3 11 7 10 0 17 2 11 14 2 8 17 4 10 7 16 2
split_gain=178.89 164.95 165.77 149.912 189.059 155.862 232.064 155.956 136.768 125.121 119.931 209.96 110.729 148.746 100.893 96.404 106.995 91.5439 90.2079 112.245 109.929 101.343
threshold=166.00000000000003 5.5192307692307701 21.500000000000004 25.135272263618017 16.500000000000004 17.500000000000004 5.3935755968683807 23.357142857142858 9.347776550095217 30.500000000000004 22.888282845706296 19.500000000000004 12.365318358672292 0.20714285714285716 29.500000000000004 22.964285714285719 22.563562282925975 16.500000000000004 7.4113810351669391 26.071428571428573 23.594564066543953 20.500000000000004
decision_type=2 2 2 2 2 2 2 2 2 2 2 2 2 2 2 2 2 2 2 2 2 2
left_child=1 -1 9 4 -4 -6 -7 -8 -5 10 -3 -12 15 -14 -13 16 -2 -18 19 21 -20 -17
right_child=12 2 3 8 5 6 7 -9 -10 -11 11 14 13 -15 -16 18 17 -19 20 -21 -22 -23
leaf_value=0.068267635920181369 -0.001166296441890326 -0.00032616426801518458 0.055065272128824332 0.10100201062858105 0.043034828806059883 0.040690302793883672 -0.071171486375550208 0.0057218579678711577 0.018539609645916656 -0.048628432231448727 0.078540233479731769 -0.015721422443787259 -0.052520904675851361 0.017453672185278778 0.042438686839304872 0.0063012231681495905 -0.0036861066164840996 -0.061067331356599051 -0.047497084447741512 -0.016071323943236529 0.013964592556377841 0.061338579074656674
leaf_weight=53 15740 1116 98 51 66 54 81 50 50 52 64 100 108 52 51 65 71 63 45 48 119 116
leaf_count=53 15740 1116 98 51 66 54 81 50 50 52 64 100 108 52 51 65 71 63 45 48 119 116
internal_value=-0.000127372 0.010066 0.0081925 0.0265223 0.0151324 -0.0011615 -0.0177385 -0.0425628 0.0631443 0.00214167 0.00431285 0.0279322 -0.00130146 -0.0298334 0.00454049 -0.00101066 -0.00143781 -0.032016 0.0160001 0.0299627 -0.00370263 0.0423686
internal_weight=18313 1886 1833 450 349 251 185 131 101 1383 1331 215 16427 160 151 16267 15874 134 393 229 164 181
internal_count=18313 1886 1833 450 349 251 185 131 101 1383 1331 215 16427 160 151 16267 15874 134 393 229 164 181
is_linear=0
shrinkage=0.035


Tree=151
num_leaves=23
num_cat=0
split_feature=5 17 12 2 5 23 23 0 12 17 0 11 17 20 12 5 8 11 4 15 9 4
split_gain=183.858 118.814 134.841 116.842 185.763 106.416 150.537 107.227 103.005 106.509 127.863 101.308 96.4619 93.2981 87.7926 89.4702 86.1687 100.913 149.7 93.9283 181.856 113.136
threshold=20.500000000000004 19.887405490912275 8.3767751937499018 20.500000000000004 21.500000000000004 28.500000000000004 10.500000000000002 24.500000000000004 8.7406411414880409 22.563562282925975 18.500000000000004 5.8179804557675601 0.33055415904451352 1.0000000180025095e-35 7.3687365237320117 27.500000000000004 26.321428571428573 7.4708223290533793 25.500000000000004 0.13961038961038963 10.792857142857146 3.5000000000000004
decision_type=2 2 2 2 2 2 2 2 2 2 2 2 2 2 2 2 2 2 2 2 2 2
left_child=12 3 5 4 -2 6 -3 11 -4 -10 -11 -8 -1 16 -6 -16 17 -14 19 -19 -21 -22
right_child=1 2 8 -5 14 -7 7 -9 9 10 -12 -13 13 -15 15 -17 -18 18 -20 20 21 -23
leaf_value=-0.012228055315227897 0.053035326383330611 0.054761654147428694 -0.039512712294072438 -0.031191506797569945 -0.016715839582744783 0.075571852747473078 0.061605144495144488 -0.018780841672202887 0.048791035894967923 -0.045678145982194371 0.01310945944774188 0.0089896018528961581 -0.0014927943932873749 0.0039381949022555948 0.044028052112185648 -0.012409916473552586 0.031628318242728715 -0.030151672651076749 0.022865690915326104 -0.04205455041919532 0.06344390888570571 -0.00052531759899396172
leaf_weight=901 83 140 52 117 227 56 60 96 68 52 216 155 10846 4270 71 59 87 438 108 84 46 99
leaf_count=901 83 140 52 117 227 56 60 96 68 52 216 155 10846 4270 71 59 87 438 108 84 46 99
internal_value=-8.70858e-05 0.0118409 0.0197047 -0.000826392 0.00746838 0.0315061 0.0252275 0.0112209 0.0040345 0.0113058 0.00101112 0.024819 -0.00111742 -0.000486169 -0.00366347 0.0187733 -0.00210226 -0.00236978 -0.0145323 -0.0207389 -0.00240106 0.02109
internal_weight=18331 1452 895 557 440 507 451 311 388 336 268 215 16879 15978 357 130 11708 11621 775 667 229 145
internal_count=18331 1452 895 557 440 507 451 311 388 336 268 215 16879 15978 357 130 11708 11621 775 667 229 145
is_linear=0
shrinkage=0.035


Tree=152
num_leaves=23
num_cat=0
split_feature=21 19 6 6 6 2 10 28 12 2 10 20 9 19 18 0 4 13 11 9 11 2
split_gain=149.09 489.142 123.539 165.342 143.809 122.656 178.267 128.431 102.474 148.611 113.165 99.6548 144.678 101.716 121.746 88.0296 92.1393 166.309 113.577 146.06 119.842 82.3295
threshold=1.0000000180025095e-35 1.0000000180025095e-35 28.500000000000004 24.500000000000004 20.500000000000004 16.500000000000004 4.9809159608975477 233.00000000000003 11.950072206766988 25.500000000000004 6.8243262357121131 1.0000000180025095e-35 25.222527472527478 1.0000000180025095e-35 0.072751322751322761 24.500000000000004 12.500000000000002 0.2678571428571429 4.7245556889676985 13.547008547008549 5.0170040532502771 26.500000000000004
decision_type=2 2 2 2 2 2 2 2 2 2 2 2 2 2 2 2 2 2 2 2 2 2
left_child=8 2 3 4 5 6 -2 -8 11 10 -10 -1 13 15 -15 16 -13 18 19 -18 -20 -17
right_child=1 -3 -4 -5 -6 -7 7 -9 9 -11 -12 12 -14 14 -16 21 17 -19 20 -21 -22 -23
leaf_value=-0.0028501613218322392 0.0040739189644905726 0.11093220318814644 0.055065517519270225 -0.058003479568660268 0.056076865350638619 -0.025356381213158564 0.091762084773942557 0.0098982539608214928 0.001972354035134669 -0.019446357869063364 0.069197084303772041 -0.00018782386544382234 0.050730744034729221 0.0056582290371694505 0.067079000254161664 -0.035942430092005491 0.0044154868832316681 0.067300744391977793 -0.046268123151226484 0.051960319478667395 0.0042330774353746591 0.015739971693288887
leaf_weight=11658 1227 52 57 45 64 148 46 47 49 61 81 3526 72 108 59 134 194 58 61 131 444 48
leaf_count=11658 1227 52 57 45 64 148 46 47 49 61 81 3526 72 108 59 134 194 58 61 131 444 48
internal_value=0.000204567 0.0101082 0.00656029 0.00462753 0.0066613 0.00431203 0.00773483 0.0531844 -0.000797923 0.0243571 0.0449997 -0.00109759 0.00312312 0.00234734 0.0287787 0.0013529 0.00235041 0.0123933 0.00815538 0.0241297 -0.00222656 -0.0221619
internal_weight=18370 1686 1634 1577 1532 1468 1320 93 16684 191 130 16493 4835 4763 167 4596 4414 888 830 325 505 182
internal_count=18370 1686 1634 1577 1532 1468 1320 93 16684 191 130 16493 4835 4763 167 4596 4414 888 830 325 505 182
is_linear=0
shrinkage=0.035


Tree=153
num_leaves=23
num_cat=0
split_feature=21 19 3 11 0 6 16 27 1 18 19 12 11 19 4 7 7 6 11 12 12 24
split_gain=149.474 516.819 114.014 135.677 122.484 124.075 284.491 121.872 93.3805 80.2316 111.396 114.452 110.585 186.992 185.692 144.261 200.537 145.918 120.466 119.959 111.404 92.7023
threshold=1.0000000180025095e-35 1.0000000180025095e-35 21.500000000000004 7.9277298357317409 23.500000000000004 14.500000000000002 14.337383661735844 15110.000000000002 10.500000000000002 0.075498575498575513 1.0000000180025095e-35 6.3228497512904047 6.5685313694822431 1.0000000180025095e-35 17.500000000000004 17.309523809523814 18.309523809523814 20.500000000000004 5.0170040532502771 5.2507242171631843 6.1294171733357308 3.5000000000000004
decision_type=2 2 2 2 2 2 2 2 2 2 2 2 2 2 2 2 2 2 2 2 2 2
left_child=9 2 4 -4 5 6 7 -2 -7 12 21 -12 14 -14 -1 17 -17 19 20 -16 -18 -11
right_child=1 -3 3 -5 -6 8 -8 -9 -10 10 11 -13 13 -15 15 16 18 -19 -20 -21 -22 -23
leaf_value=-0.0027030013811682138 0.0037371810999429792 0.11358285610555885 0.082567660235891169 0.00059015283843985317 -0.031788685805753836 -0.0066593092493712914 -0.075923251170251116 0.05710338039063341 0.047784392040222883 0.0061382408654819713 0.012190898304236019 0.07476949273645879 -0.0090931281269279463 -0.069776926559650093 0.0014760350969594879 0.075195867054792781 0.018054231714870018 0.045287839661267676 0.030109668092393297 -0.050299246442895809 -0.034444968304286401 -0.0036347016642462892
leaf_weight=9554 1181 52 46 49 104 51 49 50 135 2645 139 45 1183 61 143 78 105 50 282 83 85 2150
leaf_count=9554 1181 52 46 49 104 51 49 50 135 2645 139 45 1183 61 143 78 105 50 282 83 85 2150
internal_value=0.000100699 0.00991701 0.00633855 0.0426032 0.0040048 0.00665535 0.00270282 0.00614117 0.0329811 -0.000916082 0.00279796 0.0291612 -0.00250897 -0.0123502 -0.00132247 0.0145446 0.0248399 -0.00598594 0.0157807 -0.0181402 -0.0056235 0.00175335
internal_weight=18320 1717 1665 95 1570 1466 1280 1231 186 16603 4979 184 11624 1244 10380 826 550 276 472 226 190 4795
internal_count=18320 1717 1665 95 1570 1466 1280 1231 186 16603 4979 184 11624 1244 10380 826 550 276 472 226 190 4795
is_linear=0
shrinkage=0.035


Tree=154
num_leaves=23
num_cat=0
split_feature=19 21 18 10 12 3 23 21 23 27 26 26 15 27 12 18 1 27 24 28 18 10
split_gain=147.768 511.469 185.51 355.441 174.163 139.555 114.439 108.333 94.799 118.777 201.236 112.476 220.526 156.334 86.3264 78.8835 78.2823 77.8167 117.945 76.0149 76.0094 70.9211
threshold=1.0000000180025095e-35 1.0000000180025095e-35 0.075498575498575513 7.023769168568486 6.7739678333285047 12.500000000000002 24.500000000000004 1.0000000180025095e-35 1.5000000000000002 4472.0000000000009 37400.000000000007 17650.000000000004 1.0000000180025095e-35 1706.5000000000002 4.8890836053984321 0.64495798319327746 7.5000000000000009 9795.0000000000018 3.5000000000000004 166.00000000000003 0.13961038961038963 1.9518001458970693
decision_type=2 2 2 2 2 2 2 2 2 2 2 2 2 2 2 2 2 2 2 2 2 2
left_child=6 2 3 5 -4 16 8 19 9 11 -11 13 -13 -1 -9 -10 21 -12 -19 -8 -21 -2
right_child=1 -3 4 -5 -6 -7 7 14 15 10 17 12 -14 -15 -16 -17 -18 18 -20 20 -22 -23
leaf_value=-0.020928452351725985 -0.0056330393186301937 0.11975558464242905 0.014594586860565913 -0.083840992359384428 0.091478828330338005 0.060717244812963062 0.018133748804965103 0.015233924867634899 -0.0028154408275033087 0.087261784936894085 -0.0037687566301074669 -0.0856367036819458 0.0036369656755899393 0.05763024535437581 0.066550095751881602 0.032474780125992725 -0.038142677135449853 0.061616941443298372 -0.0078072663315765147 -0.0015120781455481859 0.011059152097369799 0.03592197329168105
leaf_weight=56 162 49 142 57 45 46 377 164 13299 50 147 45 103 59 51 73 54 69 48 2380 777 67
leaf_count=56 162 49 142 57 45 46 377 164 13299 50 147 45 103 59 51 73 54 69 48 2380 777 67
internal_value=4.3203e-05 0.0167422 0.00694296 -0.00692152 0.0350877 0.00740816 -0.00054726 0.00487623 -0.00200738 0.0118171 0.026191 -0.00544717 -0.0253042 0.0199517 0.028722 -0.00260941 -0.00209984 0.0131525 0.0338391 0.00338204 0.00158901 0.00695797
internal_weight=18320 622 573 386 187 329 17698 3749 13949 577 314 263 148 115 215 13372 283 264 117 3534 3157 229
internal_count=18320 622 573 386 187 329 17698 3749 13949 577 314 263 148 115 215 13372 283 264 117 3534 3157 229
is_linear=0
shrinkage=0.035


Tree=155
num_leaves=23
num_cat=0
split_feature=4 23 28 24 2 24 21 6 2 16 7 3 14 1 17 11 23 18 24 0 2 17
split_gain=140.691 137.659 201.992 123.313 185.355 150.786 138.973 273.05 138.598 114.407 138.79 106.628 106.553 172.263 194.976 131.909 143.758 101.534 100.53 92.9967 89.9651 88.7311
threshold=6.5000000000000009 3.5000000000000004 430.00000000000006 3.5000000000000004 33.500000000000007 4.5000000000000009 1.0000000180025095e-35 20.500000000000004 16.500000000000004 24.307558782365273 25.214285714285719 17.500000000000004 1.0000000180025095e-35 26.500000000000004 20.546060575125654 7.9277298357317409 18.500000000000004 0.56038647342995185 2.5000000000000004 16.500000000000004 27.500000000000004 22.888282845706296
decision_type=2 2 2 2 2 2 2 2 2 2 2 2 2 2 2 2 2 2 2 2 2 2
left_child=17 2 -2 6 5 20 9 8 -8 11 -11 -3 13 14 19 16 -16 -1 -4 -13 -5 -7
right_child=1 3 18 4 -6 21 7 -9 -10 10 -12 12 -14 -15 15 -17 -18 -19 -20 -21 -22 -23
leaf_value=-0.0024031421486965165 0.035888102646073408 0.0029505718117529209 0.029252315816454225 -0.011494112069868872 -0.049452696807682522 0.0041313105138825286 0.02825703233550932 0.098376939429034457 -0.031918944666783015 -0.055453151387372633 0.0023233747278360553 0.01901052057550803 0.062350788481173022 -0.046764619166277492 0.022152924917551671 0.0029257844601569202 0.086935116361070541 0.029822923534911529 -0.024714489315393506 -0.014373066254376779 0.027727769570131053 0.033390275729577465
leaf_weight=11280 367 2249 56 1265 95 1249 180 53 58 77 132 216 57 48 81 74 96 116 133 185 71 137
leaf_count=11280 367 2249 56 1265 95 1249 180 53 58 77 132 216 57 48 81 74 96 116 133 185 71 137
internal_value=0.000324045 0.00427577 0.0208987 0.00279595 -0.00265004 -0.00092249 0.00717421 0.0301436 0.0131653 0.00504616 -0.0196792 0.00680089 0.0181226 0.0140796 0.0189074 0.0427802 0.0588082 -0.00206064 -0.00829231 0.00357868 -0.00930105 0.00714564
internal_weight=18275 6879 556 6323 2817 2722 3506 291 238 3215 209 3006 757 700 652 251 177 11396 189 401 1336 1386
internal_count=18275 6879 556 6323 2817 2722 3506 291 238 3215 209 3006 757 700 652 251 177 11396 189 401 1336 1386
is_linear=0
shrinkage=0.035


Tree=156
num_leaves=23
num_cat=0
split_feature=23 17 12 0 17 4 7 19 7 7 10 7 2 9 6 10 18 10 13 11 24 18
split_gain=163.662 148.005 196.606 171.141 131.48 97.6869 103.628 88.7488 87.4609 162.309 123.039 80.2135 74.9368 72.6982 69.1551 165.424 132.581 118.393 168.496 111.959 98.084 98.0766
threshold=24.500000000000004 21.445547522483025 7.6903533256409311 26.500000000000004 25.715947365920382 18.500000000000004 17.171428571428574 1.0000000180025095e-35 25.642857142857149 22.214285714285719 9.7149847326277712 12.928571428571431 18.500000000000004 19.334627329192553 6.5000000000000009 8.0297067490781 0.56038647342995185 4.0000000000000044 1.0000000180025095e-35 5.4533483182454345 3.5000000000000004 0.10620300751879701
decision_type=2 2 2 2 2 2 2 2 2 2 2 2 2 2 2 2 2 2 2 2 2 2
left_child=4 3 -3 5 14 7 11 13 9 -6 -10 -7 -8 -2 15 16 -1 20 -19 -20 -16 -21
right_child=1 2 -4 -5 8 6 12 -9 10 -11 -12 -13 -14 -15 17 -17 -18 18 19 21 -22 -23
leaf_value=-0.003857292577669241 0.0035303987580661963 0.069699312120347343 0.0054462823528667976 -0.052312383520693409 0.0043787979618891294 0.039709754718362168 0.080330963879823691 0.035797298490024602 -0.027020217769367753 0.081531855141314183 0.028851038372906097 -0.014123374467958361 0.021245770714048186 -0.033303100838944485 0.0154889845998839 -0.0405851775020361 0.047075290684070861 -0.0073266841175931765 -0.011409623550236907 -0.01508510663912728 -0.00086682600165216529 0.035615857546784785
leaf_weight=9466 3129 97 140 59 71 48 51 98 81 60 105 89 61 62 986 145 58 2275 126 53 817 266
leaf_count=9466 3129 97 140 59 71 48 51 98 81 60 105 89 61 62 986 145 58 2275 126 53 817 266
internal_value=-0.000225572 0.0061999 0.032713 0.00440515 -0.00192626 0.00542841 0.0263593 0.00380088 0.0201855 0.0415431 0.00435799 0.00534873 0.0505834 0.00275828 -0.00242833 -0.00409907 -0.00352074 0.00114002 -0.00346423 0.0161051 0.00808604 0.0270354
internal_weight=18343 3834 237 3597 14509 3538 249 3289 317 131 186 137 112 3191 14192 9669 9524 4523 2720 445 1803 319
internal_count=18343 3834 237 3597 14509 3538 249 3289 317 131 186 137 112 3191 14192 9669 9524 4523 2720 445 1803 319
is_linear=0
shrinkage=0.035


Tree=157
num_leaves=23
num_cat=0
split_feature=19 21 18 10 6 30 8 28 23 1 10 17 3 10 8 17 30 8 23 15 11 0
split_gain=185.157 385.688 175.584 231.484 147.124 138.25 136.031 93.9694 93.7723 105.552 193.308 127.918 96.8942 105.041 97.1131 92.9349 94.4563 91.4471 90.8595 83.7494 89.728 72.3267
threshold=1.0000000180025095e-35 1.0000000180025095e-35 0.072751322751322761 7.6966288229389894 3.5000000000000004 3.5000000000000004 11.296703296703299 233.00000000000003 24.500000000000004 28.500000000000004 9.7149847326277712 22.111633769687717 4.5000000000000009 9.9319109795711054 23.741758241758244 22.888282845706296 3.5000000000000004 23.321428571428573 10.500000000000002 0.10912698412698414 7.4708223290533793 22.500000000000004
decision_type=2 2 2 2 2 2 2 2 2 2 2 2 2 2 2 2 2 2 2 2 2 2
left_child=8 2 3 5 -4 6 -2 -6 9 15 11 -11 -10 14 19 17 21 -1 -12 20 -14 -17
right_child=1 -3 4 -5 7 -7 -8 -9 12 10 18 -13 13 -15 -16 16 -18 -19 -20 -21 -22 -23
leaf_value=-0.0017496861868931761 0.0046393437858359143 0.1017491712973964 0.003713151330205923 -0.072129626627660023 0.098444926063442309 -0.040290958762375852 0.065916865898761903 0.027386043919250373 -0.0011651862917252767 -0.0071447204934495896 0.047401837659999731 -0.063545535105522577 0.0083465115326511793 -0.039444162813471816 0.051202312530822143 0.0307002592302031 -0.017161880764220143 -0.040019378648562864 -0.013808804612217502 0.0283649789012019 -0.034664623744545445 0.0041291616945641077
leaf_weight=13064 222 57 91 48 48 58 51 51 1869 84 51 122 1416 46 68 265 108 72 59 250 57 241
leaf_count=13064 222 57 91 48 48 58 51 51 1869 84 51 122 1416 46 68 265 108 72 59 250 57 241
internal_value=0.00015042 0.0187827 0.00962707 -0.00416465 0.036629 0.00656591 0.0171294 0.0650836 -0.000509996 -0.00181601 -0.0216602 -0.0413444 0.00443797 0.0101359 0.0115253 -0.00135097 0.0118991 -0.00197593 0.0152456 0.0098057 0.00655865 0.0182433
internal_weight=18398 626 569 379 190 331 273 99 17772 14066 316 206 3706 1837 1791 13750 614 13136 110 1723 1473 506
internal_count=18398 626 569 379 190 331 273 99 17772 14066 316 206 3706 1837 1791 13750 614 13136 110 1723 1473 506
is_linear=0
shrinkage=0.035


Tree=158
num_leaves=23
num_cat=0
split_feature=8 23 10 6 16 20 10 4 10 10 28 0 9 1 12 2 0 28 24 11 1 12
split_gain=120.965 118.207 91.3834 96.2182 105.025 87.9976 142.895 117.809 86.2746 161.823 109.332 87.5376 92.1001 112.389 203.152 131.296 85.8978 93.885 83.8819 160.104 140.525 116.467
threshold=23.741758241758244 21.500000000000004 10.177004891982147 15.500000000000002 22.526121110918016 1.0000000180025095e-35 11.213297463664835 32.500000000000007 5.0473944244719506 6.4733887497014964 191.00000000000003 24.500000000000004 10.154761904761907 15.500000000000002 7.0270398105059986 16.500000000000004 15.500000000000002 248.50000000000003 3.5000000000000004 4.7245556889676985 19.500000000000004 5.7824309666592448
decision_type=2 2 2 2 2 2 2 2 2 2 2 2 2 2 2 2 2 2 2 2 2 2
left_child=5 2 3 -2 -5 -1 7 8 18 10 -10 12 -11 14 -14 -15 17 -12 20 -20 21 -7
right_child=1 -3 -4 4 -6 6 -8 -9 9 11 16 -13 13 15 -16 -17 -18 -19 19 -21 -22 -23
leaf_value=-0.0019443547776638896 0.02989913908832045 0.041606585132063965 0.027489439395722005 0.031478803436340838 -0.022622112822156246 0.0022031567301151163 0.060229143895622762 -0.04537579228154949 0.072473541081828241 -0.032349963370371951 0.067220840510491237 -0.030682475807756109 -0.0036588590360078659 0.030850142853127586 0.089604357114029046 -0.039779341672406057 -0.0032099453183925819 0.013696084254636216 -0.00097679950983348661 -0.037833560856381135 0.052048558684235274 0.036383233156719416
leaf_weight=12817 78 149 169 49 235 2353 49 56 63 50 68 88 56 58 52 61 103 99 1341 157 72 124
leaf_count=12817 78 149 169 49 235 2353 49 56 63 50 68 88 56 58 52 61 103 99 1341 157 72 124
internal_value=0.000134416 0.0145661 0.00662843 -0.0033047 -0.0128441 -0.00042403 0.00358796 0.00294417 0.00356529 0.0148865 0.0323389 -0.00121037 0.00846855 0.0180383 0.0430687 -0.00535788 0.0217631 0.0369129 0.0015924 -0.00496428 0.00545467 0.00399113
internal_weight=18347 680 531 362 284 17667 4850 4801 4745 698 333 365 277 227 108 119 270 167 4047 1498 2549 2477
internal_count=18347 680 531 362 284 17667 4850 4801 4745 698 333 365 277 227 108 119 270 167 4047 1498 2549 2477
is_linear=0
shrinkage=0.035


Tree=159
num_leaves=23
num_cat=0
split_feature=9 20 19 9 23 10 25 8 3 11 23 27 25 25 6 5 26 23 24 11 6 12
split_gain=102.204 106.683 159.367 266.486 81.2216 103.304 78.0949 113.537 74.9842 71.6068 65.6841 218.092 215.629 131.971 266.907 113.697 94.9584 92.4987 153.032 126.124 112.708 106.761
threshold=0.34807692307692312 1.0000000180025095e-35 1.0000000180025095e-35 11.896428571428574 29.500000000000004 11.213297463664835 52360.000000000007 8.2321428571428594 34.500000000000007 3.6524867338101799 1.5000000000000002 4472.0000000000009 31488.000000000004 13885.000000000002 4.5000000000000009 8.5000000000000018 60300.000000000007 10.500000000000002 1.5000000000000002 8.9767709789085739 16.500000000000004 7.8754767187594972
decision_type=2 2 2 2 2 2 2 2 2 2 2 2 2 2 2 2 2 2 2 2 2 2
left_child=-1 6 4 -4 5 8 10 9 -3 -8 11 13 -13 15 -15 -2 -14 18 -12 20 21 -20
right_child=1 2 3 -5 -6 -7 7 -9 -10 -11 17 12 16 14 -16 -17 -18 -19 19 -21 -22 -23
leaf_value=-0.011204970215330833 0.051632823687741317 0.0027164288581081612 0.0091830343403661047 0.10650437227524819 0.025665905805913235 0.041881111785769469 -0.0088308322721022577 -0.043086477628765774 -0.039158116782277402 0.032897564746715409 -0.020030901510985886 0.090831770400206249 -0.00010653203175891015 0.00011697826854814994 -0.09842226323187353 -0.017605819112524908 0.050065225501928261 0.0013066955406056205 -0.0018274540941285785 0.027055643745018947 -0.021414353971250678 0.04993182838261128
leaf_weight=923 54 4295 116 45 197 77 742 112 48 49 708 58 142 102 45 53 63 7834 2046 169 371 45
leaf_count=923 54 4295 116 45 197 77 742 112 48 49 708 58 142 102 45 53 63 7834 2046 169 371 45
internal_value=0.000110891 0.000716213 0.00516682 0.0388787 0.00394667 0.00294678 -0.000972415 -0.0108604 0.0022051 -0.0060335 -0.000202796 0.0119306 0.0339969 -0.0110652 -0.0321783 0.0179259 0.0160537 -0.000770887 -0.00564523 -0.00173677 -0.0037711 -0.000588749
internal_weight=18294 17371 4778 161 4617 4420 12593 903 4343 791 11690 517 263 254 147 107 205 11173 3339 2631 2462 2091
internal_count=18294 17371 4778 161 4617 4420 12593 903 4343 791 11690 517 263 254 147 107 205 11173 3339 2631 2462 2091
is_linear=0
shrinkage=0.035


Tree=160
num_leaves=23
num_cat=0
split_feature=24 8 18 11 24 9 6 3 3 10 5 17 7 28 4 2 27 2 15 17 8 11
split_gain=93.6815 150.818 147.777 170.129 142.23 125.591 146.613 154.921 155.686 103.852 99.9604 104.003 95.3028 94.4954 147.472 94.5202 91.5068 99.999 88.2516 153.321 147.604 100.199
threshold=3.5000000000000004 22.577380952380956 0.075498575498575513 6.6682254805256287 4.5000000000000009 22.053571428571434 28.500000000000004 19.500000000000004 29.500000000000004 6.9282032302755026 20.500000000000004 20.546060575125654 15.732142857142859 248.50000000000003 20.500000000000004 22.500000000000004 10740.000000000002 19.500000000000004 0.069047619047619066 25.715947365920382 17.654761904761909 4.7245556889676985
decision_type=2 2 2 2 2 2 2 2 2 2 2 2 2 2 2 2 2 2 2 2 2 2
left_child=1 2 3 10 18 -3 7 9 -9 -7 16 12 -12 14 -4 -15 -1 -18 19 21 -20 -2
right_child=4 5 13 -5 -6 6 -8 8 -10 -11 11 -13 -14 15 -16 -17 17 -19 20 -21 -22 -23
leaf_value=-0.0026133711954964833 -0.0081791993796325475 0.065226329265414038 0.012607499296516061 -0.023942437401984144 0.0016313394993776457 0.0017971990257501604 0.061502364194020637 -0.037350183371313371 0.028600388160963178 0.072974801922545712 0.039241997053225841 0.053453303979088866 -0.014913862231316874 0.0041710833992761173 0.06714756537744633 -0.043758759014308458 0.010232078319896374 -0.038967729778784627 -0.0055446056232997974 0.03235644315771851 0.03783961425913443 -0.026826763685358697
leaf_weight=6089 742 66 1082 382 3695 51 59 127 61 46 58 79 103 1609 60 47 1124 48 1948 76 96 686
leaf_count=6089 742 66 1082 382 3695 51 59 127 61 46 58 79 103 1609 60 47 1124 48 1948 76 96 686
internal_value=-7.48568e-05 0.00194569 0.00113909 -0.00131253 -0.00317048 0.0226493 0.0136129 0.00274917 -0.0156741 0.0376457 -0.000142557 0.0218434 0.00508463 0.0080425 0.0157685 0.00267259 -0.000886204 0.00804522 -0.00817143 -0.0145966 -0.00341109 -0.0172119
internal_weight=18334 11091 10681 7883 7243 410 344 285 188 97 7501 240 161 2798 1142 1656 7261 1172 3548 1504 2044 1428
internal_count=18334 11091 10681 7883 7243 410 344 285 188 97 7501 240 161 2798 1142 1656 7261 1172 3548 1504 2044 1428
is_linear=0
shrinkage=0.035


Tree=161
num_leaves=23
num_cat=0
split_feature=20 19 12 10 7 3 12 6 18 24 11 3 18 24 12 16 6 18 5 4 11 0
split_gain=125.636 195.632 150.002 94.8218 98.6547 106.789 143.848 115.792 135.02 97.7955 150.755 90.336 130.22 110.058 125.107 109.468 226.908 89.6512 88.6114 81.6888 115.433 103.901
threshold=1.0000000180025095e-35 1.0000000180025095e-35 4.3960660521492914 5.0473944244719506 7.9285714285714297 16.500000000000004 8.1242010902862258 18.500000000000004 1.0000000180025095e-35 3.5000000000000004 4.7245556889676985 21.500000000000004 0.075498575498575513 2.5000000000000004 6.9570678813847389 20.992558974888048 20.500000000000004 0.36602870813397131 21.500000000000004 28.500000000000004 6.0467500650134625 37.500000000000007
decision_type=2 2 2 2 2 2 2 2 2 2 2 2 2 2 2 2 2 2 2 2 2 2
left_child=19 3 -3 9 -5 6 7 8 -6 17 -11 13 15 -7 -15 16 -13 -2 -17 21 -21 -1
right_child=1 2 -4 4 5 11 -8 -9 -10 10 -12 12 -14 14 -16 18 -18 -19 -20 20 -22 -23
leaf_value=-0.0014718534910028007 0.0046119062599236588 0.01463603328784731 0.079521933806907044 0.049469333657973701 -0.042863110794987481 -0.0053479458212300586 -0.047459519463768113 0.053921018250870936 0.02153351072436915 -0.0013939509059858856 -0.035046248951812277 0.01607566016892048 0.05095582547038794 0.019430213584690482 0.088098313321359464 -0.018153308890269778 -0.076202614930768825 0.047978510855386659 0.036549475884028515 0.065386728318590742 0.0063038044703901345 -0.041494121456751604
leaf_weight=12902 2480 118 68 83 66 49 74 46 86 1289 182 68 65 69 65 52 55 55 97 46 208 75
leaf_count=12902 2480 118 68 83 66 49 74 46 86 1289 182 68 65 69 65 52 55 55 97 46 208 75
internal_value=0.000462528 0.00514688 0.0399101 0.00377909 0.0141849 0.0101781 -0.0074569 0.00820808 -0.00679128 0.001487 -0.00567407 0.0194191 0.0083672 0.0389145 0.0548361 -0.00248313 -0.0264151 0.00565228 0.0173754 -0.00133135 0.0181272 -0.0017204
internal_weight=18298 5067 186 4881 875 792 272 198 152 4006 1471 520 337 183 134 272 123 2535 149 13231 254 12977
internal_count=18298 5067 186 4881 875 792 272 198 152 4006 1471 520 337 183 134 272 123 2535 149 13231 254 12977
is_linear=0
shrinkage=0.035


Tree=162
num_leaves=23
num_cat=0
split_feature=19 21 18 10 12 30 2 23 27 25 4 27 25 4 27 28 8 25 3 23 11 12
split_gain=150.171 388.222 163.235 274.78 147.052 92.364 134.637 86.5562 139.326 122.708 204.605 153.323 121.016 222.948 100.906 125.3 66.9365 136.21 90.4192 62.503 144.754 139.64
threshold=1.0000000180025095e-35 1.0000000180025095e-35 0.072751322751322761 7.6966288229389894 6.6304073468237332 3.5000000000000004 11.500000000000002 1.5000000000000002 4472.0000000000009 13885.000000000002 4.5000000000000009 1706.5000000000002 33201.500000000007 7.5000000000000009 10081.000000000002 200.00000000000003 25.671428571428574 25082.000000000004 34.500000000000007 24.500000000000004 7.7041803793972621 5.3016793752347384
decision_type=2 2 2 2 2 2 2 2 2 2 2 2 2 2 2 2 2 2 2 2 2 2
left_child=7 2 3 5 -4 6 -2 8 9 11 -11 -1 13 -10 15 -14 19 18 -18 -9 21 -21
right_child=1 -3 4 -5 -6 -7 -8 16 12 10 -12 -13 14 -15 -16 -17 17 -19 -20 20 -22 -23
leaf_value=-0.018340210486356107 0.002968657961009502 0.10287431004746209 0.014884806706513456 -0.080433058063141438 0.085074406465625071 -0.030908685838803653 0.065656343193438202 -0.0027334210840728609 0.11213477374762298 0.0015735774791432084 -0.082688091224375773 0.061800299600551008 0.033591580742038794 0.010693081952058354 0.036262592456726868 -0.037417029269600818 0.037492820346270939 -0.037368893754482276 -0.013705396096775077 0.00039379338533199952 -0.032592515997226824 0.018014817187340989
leaf_weight=56 224 53 143 47 46 62 47 13173 45 104 48 52 45 60 105 73 184 45 51 2844 134 679
leaf_count=56 224 53 143 47 46 62 47 13173 45 104 48 52 45 60 105 73 184 45 51 2844 134 679
internal_value=-0.000270586 0.0165614 0.00766515 -0.0055635 0.0338105 0.00598542 0.0148966 -0.000867649 0.012276 -0.00675315 -0.0267099 0.0211183 0.0272875 0.0574481 0.0120611 -0.00993048 -0.00132382 0.0154919 0.0262548 -0.00160914 0.00243411 0.00381563
internal_weight=18320 622 569 380 189 333 271 17698 588 260 152 108 328 105 223 118 17110 280 235 16830 3657 3523
internal_count=18320 622 569 380 189 333 271 17698 588 260 152 108 328 105 223 118 17110 280 235 16830 3657 3523
is_linear=0
shrinkage=0.035


Tree=163
num_leaves=23
num_cat=0
split_feature=21 19 23 18 1 28 5 10 12 10 14 23 13 7 7 16 10 2 12 2 7 1
split_gain=103.679 285.001 98.6435 94.9578 80.8152 89.9411 80.7519 75.1318 99.4974 99.7955 96.2936 91.272 96.7981 82.2426 109.333 94.7359 252.834 131.962 110.26 129.595 95.6376 73.8202
threshold=1.0000000180025095e-35 1.0000000180025095e-35 28.500000000000004 0.35504201680672276 19.500000000000004 166.00000000000003 43.500000000000007 13.17012095572098 11.950072206766988 11.671087196584889 0.13392857142857145 16.500000000000004 0.2678571428571429 28.500000000000004 24.619047619047624 21.253036195215213 8.2245276489100636 25.500000000000004 6.2538347914254722 19.500000000000004 22.928571428571434 26.500000000000004
decision_type=2 2 2 2 2 2 2 2 2 2 2 2 2 2 2 2 2 2 2 2 2 2
left_child=6 2 3 4 5 -2 7 8 9 13 -10 12 -9 14 15 -1 17 18 -17 -20 -19 -16
right_child=1 -3 -4 -5 -6 -7 -8 11 10 -11 -12 -13 -14 -15 21 16 -18 20 19 -21 -22 -23
leaf_value=-0.00063553497177149389 0.037784067427509289 0.083417275130748744 0.028118658207977813 0.046297143105545946 -0.020639883387797073 0.0012026718405924956 0.041731201347979641 -0.057407100062242693 0.00269092728554363 0.033779379116216056 0.066546452328000438 0.01840461442321539 0.004227591945976019 -0.036803920404651233 0.03412720918189735 0.010950705346712558 -0.058065482763573539 0.057005533741147668 0.0022236606349115787 -0.053976780205226414 -0.0071441932362862511 -0.0024666112084788358
leaf_weight=15243 84 55 205 53 185 1123 50 89 66 97 48 45 45 73 177 132 125 62 87 111 47 105
leaf_count=15243 84 55 205 53 185 1123 50 89 66 97 48 45 45 73 177 132 125 62 87 111 47 105
internal_value=0.000241013 0.00844766 0.00569364 0.00241417 0.000571094 0.00390833 -0.000603033 -0.000744536 -0.000493352 -0.000727567 0.0313909 -0.0229873 -0.0371755 -0.000946134 -0.000770967 -0.00116037 -0.0151839 -0.00241804 -0.013497 -0.0297499 0.030091 0.0206353
internal_weight=18307 1705 1650 1445 1392 1207 16602 16552 16373 16259 114 179 134 16162 16089 15807 564 439 330 198 109 282
internal_count=18307 1705 1650 1445 1392 1207 16602 16552 16373 16259 114 179 134 16162 16089 15807 564 439 330 198 109 282
is_linear=0
shrinkage=0.035


Tree=164
num_leaves=23
num_cat=0
split_feature=21 19 3 7 25 2 17 18 10 18 19 28 11 5 4 1 6 1 10 11 12 8
split_gain=134.283 494.242 260.558 136.19 99.2432 89.0456 88.5272 80.1618 72.4807 71.8472 131.619 113.504 100.497 203.739 98.0228 83.9243 87.1439 89.4714 88.6946 98.0882 86.1085 75.4792
threshold=1.0000000180025095e-35 1.0000000180025095e-35 22.500000000000004 23.619047619047624 52360.000000000007 3.5000000000000004 1.607188759543335 0.27888888888888896 7.2044959507769768 0.075498575498575513 1.0000000180025095e-35 200.00000000000003 6.5685313694822431 12.500000000000002 17.500000000000004 9.5000000000000018 5.5000000000000009 24.500000000000004 5.3807416730763942 5.3935755968683807 6.2538347914254722 25.892857142857146
decision_type=2 2 2 2 2 2 2 2 2 2 2 2 2 2 2 2 2 2 2 2 2 2
left_child=9 2 3 4 6 -6 -2 8 -8 12 -11 -12 14 -14 -1 -16 -17 18 -18 -20 -21 -15
right_child=1 -3 -4 -5 5 -7 7 -9 -10 10 11 -13 13 21 15 16 17 -19 19 20 -22 -23
leaf_value=-0.0022981941806879545 -0.01108857633246897 0.10981262456930789 0.070500711980339595 -0.050762150064110757 0.0049699673254155752 -0.053083211013087724 0.011456834811493722 0.047132457097711633 -0.023970903985594452 0.0014263186142353861 0.070033836392836002 0.011874473539899793 -0.046643622951505787 -0.010518686946329283 -0.026084971687212116 0.047250945545513845 0.0057637390142901701 -0.015248368528860435 0.067547578358486918 -0.019028917006734345 0.042503024616965167 0.013041160873734187
leaf_weight=9536 255 53 68 51 61 61 1033 68 71 4881 57 133 172 864 66 80 355 138 68 49 53 201
leaf_count=9536 255 53 68 51 61 61 1033 68 71 4881 57 133 172 864 66 80 355 138 68 49 53 201
internal_value=4.8991e-05 0.00934274 0.00582124 0.0028504 0.00478447 -0.0248659 0.0074096 0.0114792 0.00906484 -0.000912935 0.00255807 0.0307604 -0.00243462 -0.0118439 -0.00130263 0.010353 0.0137658 0.00937577 0.0159642 0.0363919 0.0132721 -0.00601566
internal_weight=18374 1721 1668 1600 1549 122 1427 1172 1104 16653 5071 190 11582 1237 10345 809 743 663 525 170 102 1065
internal_count=18374 1721 1668 1600 1549 122 1427 1172 1104 16653 5071 190 11582 1237 10345 809 743 663 525 170 102 1065
is_linear=0
shrinkage=0.035


Tree=165
num_leaves=23
num_cat=0
split_feature=8 2 21 7 2 2 16 12 17 4 3 8 16 20 1 3 10 25 17 27 7 16
split_gain=118.102 130.848 113.79 98.4091 85.8829 158.905 105.058 103.117 83.159 73.4035 72.5574 73.3426 122.601 72.2398 102.655 111.348 92.7565 74.5496 116.588 111.598 94.6598 143.494
threshold=23.741758241758244 34.500000000000007 1.0000000180025095e-35 32.785714285714292 27.500000000000004 23.500000000000004 23.594564066543953 8.2617160666857394 0.37141789703888234 20.500000000000004 22.500000000000004 20.535714285714288 19.369817720742258 1.0000000180025095e-35 26.500000000000004 13.500000000000002 9.1677473824260698 52360.000000000007 9.0503086589314545 9795.0000000000018 20.928571428571434 19.563129104520041
decision_type=2 2 2 2 2 2 2 2 2 2 2 2 2 2 2 2 2 2 2 2 2 2
left_child=1 4 3 -2 5 6 8 -6 -1 -8 11 12 -7 14 17 -16 -15 19 -19 20 21 -10
right_child=2 -3 -4 -5 7 10 9 -9 13 -11 -12 -13 -14 16 15 -17 -18 18 -20 -21 -22 -23
leaf_value=-0.0099600344371674771 0.01349863112469714 -0.040834849248931285 0.051547920335084207 -0.036058557712369502 0.038613621841916107 -0.023445226654255143 0.051789859330463345 -0.01074951779695205 -0.0012058370636612431 -0.0031582997456192975 -0.052931758306105622 -0.039569653986081324 0.033591252238800134 0.0037275269447094132 0.01070951314918973 -0.053533814391837679 0.037376227089387849 -0.006747094623058475 -0.059888596988446952 0.0078018331308500081 0.023997232191222538 -0.034283392740890567
leaf_weight=944 539 91 85 49 144 115 77 76 8065 45 75 89 70 4287 49 86 98 872 49 2036 172 159
leaf_count=944 539 91 85 49 144 115 77 76 8065 45 75 89 70 4287 49 86 98 872 49 2036 172 159
internal_value=0.000467139 -8.40718e-05 0.0148015 0.00907014 0.000138334 -0.000140234 0.000343667 0.0216232 0.000103094 0.0320579 -0.0233494 -0.0143858 -0.0014557 0.000705619 -0.000752152 -0.0305412 0.00452524 -0.000383097 -0.00990139 0.000459899 -0.00132199 -0.00186792
internal_weight=18272 17599 673 588 17508 17288 16939 220 16817 122 349 274 185 15873 11488 135 4385 11353 921 10432 8396 8224
internal_count=18272 17599 673 588 17508 17288 16939 220 16817 122 349 274 185 15873 11488 135 4385 11353 921 10432 8396 8224
is_linear=0
shrinkage=0.035


Tree=166
num_leaves=23
num_cat=0
split_feature=23 1 17 0 10 4 11 6 10 8 3 8 24 1 0 11 10 24 21 11 10 1
split_gain=94.0735 186.854 99.1163 134.277 84.9913 123.565 120.469 97.6217 115.624 86.6123 90.1453 77.2565 105.155 176.961 97.9477 116.354 76.4681 213.068 99.1926 109.302 75.7645 74.29
threshold=24.500000000000004 33.500000000000007 25.715947365920382 37.500000000000007 9.7149847326277712 14.500000000000002 9.524116295425598 13.500000000000002 12.058389325802446 24.750000000000004 23.500000000000004 22.821428571428573 4.5000000000000009 22.500000000000004 21.500000000000004 5.1504827470318419 8.2245276489100636 3.5000000000000004 1.0000000180025095e-35 3.6524867338101799 7.1280799525204417 34.500000000000007
decision_type=2 2 2 2 2 2 2 2 2 2 2 2 2 2 2 2 2 2 2 2 2 2
left_child=2 16 3 4 9 6 -6 -7 -9 11 -11 14 13 -13 -1 -16 18 -18 20 -20 -2 -4
right_child=1 -3 21 -5 5 7 -8 8 -10 10 -12 12 -14 -15 15 -17 17 -19 19 -21 -22 -23
leaf_value=-0.0014760679898430278 0.0025640164111963397 0.066659899376080203 0.026481396817036124 -0.048817861991481408 0.032813234434043083 -0.0053937800321727999 -0.033564340671790496 0.022833480788094385 0.085687839030288177 -0.0005516631985214395 -0.058285962032044634 -0.028730926972748056 0.055538427386094227 0.038874902111979637 0.0090367085738359276 -0.027986393852122864 -0.063479725286364558 0.028908034749329094 0.012042313370190256 0.071023993911898953 0.037270091337596123 -0.014671668090774895
leaf_weight=12817 3379 54 250 69 46 67 93 119 51 66 63 94 61 86 143 352 65 50 141 50 74 64
leaf_count=12817 3379 54 250 69 46 67 93 119 51 66 63 94 61 86 143 352 65 50 141 50 74 64
internal_value=-5.67029e-05 0.00482838 -0.001349 -0.00178517 -0.0015358 0.0147656 -0.0110995 0.0299236 0.0436993 -0.0019903 -0.0300008 -0.00171143 0.0177187 0.00365273 -0.00207103 -0.0172724 0.00384812 -0.0236345 0.00475143 0.0289898 0.00336566 0.0179402
internal_weight=18254 3813 14441 14127 14058 376 139 237 170 13682 129 13553 241 180 13312 495 3759 115 3644 191 3453 314
internal_count=18254 3813 14441 14127 14058 376 139 237 170 13682 129 13553 241 180 13312 495 3759 115 3644 191 3453 314
is_linear=0
shrinkage=0.035


Tree=167
num_leaves=23
num_cat=0
split_feature=21 19 3 16 28 0 2 2 12 1 12 2 15 5 30 10 0 3 7 3 3 24
split_gain=88.6765 311.299 92.4752 123.009 186.933 113.265 94.2048 123.161 81.8507 80.7775 107.688 96.197 99.4716 119.784 83.5503 228.307 112.219 124.912 72.1578 67.0426 89.7192 66.2641
threshold=1.0000000180025095e-35 1.0000000180025095e-35 22.500000000000004 14.337383661735844 421.00000000000006 18.500000000000004 24.500000000000004 19.500000000000004 6.1294171733357308 26.500000000000004 11.525606589132243 25.500000000000004 0.21240601503759401 16.500000000000004 2.5000000000000004 7.1280799525204417 26.500000000000004 21.500000000000004 25.357142857142858 16.500000000000004 12.500000000000002 3.5000000000000004
decision_type=2 2 2 2 2 2 2 2 2 2 2 2 2 2 2 2 2 2 2 2 2 2
left_child=9 2 3 8 6 -6 7 -5 21 10 -1 12 13 -12 15 -11 17 19 -19 20 -16 -2
right_child=1 -3 -4 4 5 -7 -8 -9 -10 14 11 -13 -14 -15 16 -17 -18 18 -20 -21 -22 -23
leaf_value=-0.00082506244544197996 0.013762652406947084 0.088619419937022034 0.043466024075945228 -0.0066162474369499047 -0.088636039936639099 -0.019137005604019292 -0.03200989518244312 0.065151636143233271 0.050519037215182423 -0.04001180602796376 -0.022600602930784228 -0.013936801190520156 0.079630672955045528 0.052468263603577564 0.0191737471798719 0.044269332136648402 -0.052591088127810513 -0.066813764493302286 -0.0077675691171100857 0.032607274965236063 -0.044263542391651992 -0.0022830724849801625
leaf_weight=15916 613 51 67 66 49 71 48 46 47 65 45 53 46 50 54 85 107 53 49 71 46 638
leaf_count=15916 613 51 67 66 49 71 48 46 47 65 45 53 46 50 54 85 107 53 49 71 46 638
internal_value=-0.000171174 0.00743958 0.00465124 0.00286007 -0.0179625 -0.0500661 0.0067967 0.0242349 0.00741696 -0.000949939 -0.000504329 0.0250807 0.0398417 0.0173822 -0.0143308 0.00752202 -0.022988 -0.0105852 -0.0403004 0.00768161 -0.0105589 0.00558902
internal_weight=18336 1696 1645 1578 280 120 160 112 1298 16640 16110 194 141 95 530 150 380 273 102 171 100 1251
internal_count=18336 1696 1645 1578 280 120 160 112 1298 16640 16110 194 141 95 530 150 380 273 102 171 100 1251
is_linear=0
shrinkage=0.035


Tree=168
num_leaves=23
num_cat=0
split_feature=23 17 23 28 21 8 24 28 24 12 6 3 12 24 7 3 12 7 4 12 10 30
split_gain=100.764 125.68 124.001 134.682 178.019 120.211 103.374 191.03 102.556 99.8477 95.3245 87.2885 85.5855 81.7723 94.7949 84.6234 91.2171 83.3907 88.4511 79.6602 129.536 87.3383
threshold=24.500000000000004 21.445547522483025 3.5000000000000004 277.00000000000006 1.0000000180025095e-35 21.107142857142861 1.5000000000000002 421.00000000000006 1.5000000000000002 10.099936517262854 23.500000000000004 24.500000000000004 8.3767751937499018 3.5000000000000004 25.464285714285719 29.500000000000004 6.9570678813847389 22.785714285714288 23.500000000000004 6.6304073468237332 7.3029674334022099 3.5000000000000004
decision_type=2 2 2 2 2 2 2 2 2 2 2 2 2 2 2 2 2 2 2 2 2 2
left_child=2 11 3 4 5 8 7 -5 -1 10 -3 12 -2 15 17 19 -17 -15 -19 20 -4 -21
right_child=1 9 13 6 -6 -7 -8 -9 -10 -11 -12 -13 -14 14 -16 16 -18 18 -20 21 -22 -23
leaf_value=-0.028468282877859713 0.0029581965205633899 0.014985268651851749 -0.0002834723046358112 -0.070421111321365346 0.058747916417070542 0.045013950158876083 0.0040083541006549284 0.0014870506167062559 0.010894454230760662 -0.004301663182908669 0.068216734858958628 -0.040431104660711509 0.033062733775742044 -0.0059187426897086455 -0.030085569897560963 -0.0091918538077051977 0.047582601542638332 -0.0013728409136335056 0.052581600862885679 -0.0054403900507810146 0.033043980527898836 -0.034171211586293319
leaf_weight=90 3409 83 6617 66 106 104 732 123 547 75 87 50 115 4692 189 53 86 91 57 692 141 156
leaf_count=90 3409 83 6617 66 106 104 732 123 547 75 87 50 115 4692 189 53 86 91 57 692 141 156
internal_value=-5.70634e-05 0.00499768 -0.001387 0.00728505 0.0173172 0.0110131 -0.00196587 -0.0247013 0.00512734 0.029002 0.043498 0.00330905 0.00399102 -0.00259101 -0.006064 -0.000331208 0.0262458 -0.00509227 0.0203318 -0.000836125 0.000433205 -0.0109156
internal_weight=18361 3819 14542 1768 847 741 921 189 637 245 170 3574 3524 12774 5029 7745 139 4840 148 7606 6758 848
internal_count=18361 3819 14542 1768 847 741 921 189 637 245 170 3574 3524 12774 5029 7745 139 4840 148 7606 6758 848
is_linear=0
shrinkage=0.035


Tree=169
num_leaves=23
num_cat=0
split_feature=1 12 2 15 21 19 0 3 3 6 3 23 25 27 10 9 27 11 27 0 27 10
split_gain=85.1983 141.507 190.662 139.751 86.9539 307.096 119.537 97.0992 132.078 93.1408 92.3932 122.881 77.7141 169.805 443.887 107.121 189.855 119.793 72.9657 277.758 133.029 131.231
threshold=44.500000000000007 11.950072206766988 25.500000000000004 0.17752100840336138 1.0000000180025095e-35 1.0000000180025095e-35 28.500000000000004 22.500000000000004 17.500000000000004 19.500000000000004 20.500000000000004 20.500000000000004 33201.500000000007 4472.0000000000009 2.5035663410559779 11.267857142857144 15110.000000000002 4.0116588331271013 3555.0000000000005 3.5000000000000004 1706.5000000000002 4.0590873945002111
decision_type=2 2 2 2 2 2 2 2 2 2 2 2 2 2 2 2 2 2 2 2 2 2
left_child=1 4 3 -3 6 7 -1 8 12 -10 11 -8 13 18 -15 16 17 -14 20 -20 -6 -22
right_child=-2 2 -4 -5 5 -7 10 -9 9 -11 -12 -13 15 14 -16 -17 -18 -19 19 -21 21 -23
leaf_value=-0.00018336967907112744 -0.043549668373145528 0.016674358879239595 -0.023868944475711404 0.087970323477433457 -0.012435621742818816 0.088279710188508054 -0.061409185221418743 0.044122367162962223 -0.069349258157610907 -0.0035016400780942709 -0.0023293381620734391 -0.0019426006995337576 -0.012242224105007825 0.12872090616281712 0.013279189098133071 -0.043705809189848704 0.064409639170428495 0.03714697136729956 0.0076616865107886657 -0.080369518989076225 0.042583139542105568 -0.01719114909528709
leaf_weight=16117 49 74 54 63 163 51 105 69 45 58 174 71 422 46 214 68 48 65 187 52 179 56
leaf_count=16117 49 74 54 63 163 51 105 69 45 58 174 71 422 46 214 68 48 65 187 52 179 56
internal_value=0.000345563 0.000475342 0.0300561 0.0515265 0.000155601 0.0076256 -0.000627027 0.00489915 0.00306799 -0.0343108 -0.0207172 -0.0382329 0.00575175 0.012262 0.0358129 -0.00392509 0.00145661 -0.00530415 0.00241812 -0.0126743 0.0115694 0.0282047
internal_weight=18430 18381 191 137 18190 1723 16467 1672 1603 103 350 176 1500 897 260 603 535 487 637 239 398 235
internal_count=18430 18381 191 137 18190 1723 16467 1672 1603 103 350 176 1500 897 260 603 535 487 637 239 398 235
is_linear=0
shrinkage=0.035


Tree=170
num_leaves=23
num_cat=0
split_feature=21 19 2 7 0 12 4 15 9 11 11 25 14 23 23 23 9 6 11 7 8 25
split_gain=82.8 159.26 135.854 215.37 71.9834 98.7481 94.2345 122.64 69.9532 119.102 108.784 100.479 130.038 117.278 92.7738 140.497 145.911 86.1278 84.8494 80.4766 69.5524 133.856
threshold=1.0000000180025095e-35 1.0000000180025095e-35 24.500000000000004 22.357142857142858 28.500000000000004 10.383741574891866 10.500000000000002 0.31909090909090915 8.0178571428571441 4.2510502903904355 4.9738325567492909 31488.000000000004 1.0000000180025095e-35 11.500000000000002 17.500000000000004 27.500000000000004 15.259615384615387 15.500000000000002 4.8493797043007012 17.642857142857149 14.792857142857146 43337.000000000007
decision_type=2 2 2 2 2 2 2 2 2 2 2 2 2 2 2 2 2 2 2 2 2 2
left_child=4 2 3 -2 6 -6 20 8 -8 14 18 -12 13 -13 -10 16 -16 -15 -11 -18 -1 -22
right_child=1 -3 -4 -5 5 -7 7 -9 9 10 11 12 -14 17 15 -17 19 -19 -20 -21 21 -23
leaf_value=-0.0011326589463702907 0.0055853214441942724 0.065119858073691528 -0.035338981645776243 0.07876687906974672 -0.023933983328795077 0.016549339047051036 -0.012650734612796373 0.058064042425786076 0.0032966859245227294 -0.0054757935825552129 0.0099107956671386464 0.01602381375708407 0.013276125130554041 -0.042152780531950804 0.022259327096946759 -0.0062772392742496373 0.10661070490702988 -0.0031066862740772197 -0.041073260361382979 0.039862764570575498 -0.0054118349239666106 -0.054948382711366699
leaf_weight=12000 1543 52 89 46 321 91 284 47 342 422 1578 88 247 201 233 111 45 107 98 60 324 80
leaf_count=12000 1543 52 89 46 321 91 284 47 342 422 1578 88 247 201 233 111 45 107 98 60 324 80
internal_value=0.000255978 0.00753352 0.0055504 0.00795526 -0.000499854 -0.0148591 -0.000130643 0.00463815 0.00390042 0.00525221 0.00178057 0.00516315 -0.00644772 -0.018806 0.0171735 0.0275521 0.0386424 -0.0289103 -0.0125452 0.0721738 -0.00161848 -0.0158157
internal_weight=18409 1730 1678 1589 16679 412 16267 3863 3816 3532 2741 2221 643 396 791 449 338 308 520 105 12404 404
internal_count=18409 1730 1678 1589 16679 412 16267 3863 3816 3532 2741 2221 643 396 791 449 338 308 520 105 12404 404
is_linear=0
shrinkage=0.035


Tree=171
num_leaves=23
num_cat=0
split_feature=20 19 9 8 0 6 0 25 27 0 11 27 21 8 23 8 5 9 1 25 2 16
split_gain=114.231 167.909 177.75 91.7414 99.8033 99.1227 103.108 88.4892 98.8216 151.978 94.8574 129.635 218.602 190.681 84.581 84.4067 77.1143 76.5904 77.1357 134.191 112.917 109.503
threshold=1.0000000180025095e-35 1.0000000180025095e-35 11.896428571428574 25.198051948051951 26.500000000000004 25.500000000000004 18.500000000000004 52360.000000000007 9795.0000000000018 26.500000000000004 11.373890447014984 11523.000000000002 1.0000000180025095e-35 11.171428571428573 19.500000000000004 8.2321428571428594 23.500000000000004 21.732142857142861 17.500000000000004 31797.000000000004 15.500000000000002 16.292483450641267
decision_type=2 2 2 2 2 2 2 2 2 2 2 2 2 2 2 2 2 2 2 2 2 2
left_child=7 3 14 4 5 17 -7 8 -1 10 11 12 -10 -13 -3 -9 -6 18 21 -20 -21 -2
right_child=1 2 -4 -5 16 6 -8 15 9 -11 -12 13 -14 -15 -16 -17 -18 -19 19 20 -22 -23
leaf_value=-0.0027675265805330571 0.0025545391767094663 -0.010337121869987725 0.092141612029920994 0.033489054149040624 -0.0038164669565911242 -0.0053677801770659599 0.052122958359544315 -0.0083582596561535185 0.013839134551043247 -0.041045167176880462 -0.039019620183257851 0.0071182025484813191 0.078458021433196135 -0.03153181121172384 0.045758312887929642 -0.03996471090234506 -0.056579247355522194 -0.032132985490032392 0.039171385833993551 0.024703003428876401 -0.045632020105695122 -0.027143659970157229
leaf_weight=10131 4029 72 47 112 80 60 94 817 643 78 48 1184 67 175 53 115 56 74 170 51 51 153
leaf_count=10131 4029 72 47 112 80 60 94 817 643 78 48 1184 67 175 53 115 56 74 170 51 51 153
internal_value=-0.000384385 0.00406235 0.0375672 0.00285299 0.00210322 0.00297729 0.0301495 -0.0020978 -0.00130743 0.00541467 0.00722739 0.00840022 0.0204675 0.00203102 0.0141579 -0.0124693 -0.0269024 0.00201705 0.00262375 0.0205161 -0.01079 0.00143272
internal_weight=18360 5102 172 4930 4818 4682 154 13258 12326 2195 2117 2069 710 1359 125 932 136 4528 4454 272 102 4182
internal_count=18360 5102 172 4930 4818 4682 154 13258 12326 2195 2117 2069 710 1359 125 932 136 4528 4454 272 102 4182
is_linear=0
shrinkage=0.035


Tree=172
num_leaves=23
num_cat=0
split_feature=20 1 19 1 21 1 4 3 28 12 6 3 30 4 25 4 15 9 12 12 16 4
split_gain=93.8737 165.351 154.398 158.726 89.7976 95.6141 94.3138 79.8773 77.1325 79.5124 70.4371 65.7515 65.3814 68.2966 65.1489 61.502 70.8186 55.6383 55.4788 67.4989 56.2768 55.2809
threshold=1.0000000180025095e-35 27.500000000000004 1.0000000180025095e-35 12.500000000000002 1.0000000180025095e-35 15.500000000000002 32.500000000000007 12.500000000000002 106.50000000000001 6.9570678813847389 13.500000000000002 34.500000000000007 2.5000000000000004 16.500000000000004 52360.000000000007 5.5000000000000009 0.25462962962962971 8.7171428571428589 3.1546346168345836 9.3711676427800832 1.8379794438096699 28.500000000000004
decision_type=2 2 2 2 2 2 2 2 2 2 2 2 2 2 2 2 2 2 2 2 2 2
left_child=1 14 4 -4 6 -6 8 -3 9 -2 -9 15 -12 -14 21 18 -17 -16 20 -20 -10 -1
right_child=2 7 3 -5 5 -7 -8 10 11 -11 12 -13 13 -15 17 16 -18 -19 19 -21 -22 -23
leaf_value=-0.00074788260030158758 -0.0012136073259339816 0.012264338440046861 0.012372815015612906 0.082693998831308499 0.0071135873242014367 0.056703786934415502 -0.033123075748029654 -0.057097950237195785 -0.0048710248660242808 0.050773633473610975 0.0054848926051734668 -0.035548351877208423 0.0027148409240510107 -0.045689968395919552 -0.0077320988125257383 0.0056826451291855738 0.045118531824956683 -0.043060419821985448 -0.018929765432162769 0.022212801818213054 0.0062774671721366141 0.016957741252231328
leaf_weight=11794 64 60 127 54 138 70 89 87 1098 75 80 53 48 122 874 1705 53 54 349 52 1110 215
leaf_count=11794 64 60 127 54 138 70 89 87 1098 75 80 53 48 122 874 1705 53 54 349 52 1110 215
internal_value=-0.000266555 -0.00180516 0.00380073 0.0351057 0.00259538 0.0248241 0.00157127 -0.0239138 0.00228794 0.0275045 -0.0304913 0.0014608 -0.0202256 -0.0322357 -0.00111638 0.0019541 0.00700607 -0.0100263 -0.00145022 -0.0133436 0.000727129 -0.000422512
internal_weight=18371 13334 5037 181 4856 208 4648 397 4559 139 337 4420 250 170 12937 4367 1758 928 2609 401 2208 12009
internal_count=18371 13334 5037 181 4856 208 4648 397 4559 139 337 4420 250 170 12937 4367 1758 928 2609 401 2208 12009
is_linear=0
shrinkage=0.035


Tree=173
num_leaves=23
num_cat=0
split_feature=24 4 18 10 1 24 30 1 1 6 8 8 0 9 7 8 0 11 3 9 12 7
split_gain=119.189 122.604 95.0093 152.76 144.147 94.9789 92.4038 165.342 167.833 129.384 112.058 167.998 110.92 93.0318 92.2736 103.878 126.248 91.984 144.229 126.241 105.664 137.934
threshold=3.5000000000000004 5.5000000000000009 0.12771739130434787 4.2314018840996299 11.500000000000002 4.5000000000000009 3.5000000000000004 31.500000000000004 27.500000000000004 17.500000000000004 22.577380952380956 20.535714285714288 22.500000000000004 22.654761904761909 21.585714285714293 19.732142857142861 15.500000000000002 8.9767709789085739 18.500000000000004 21.215838509316772 7.8754767187594972 19.785714285714288
decision_type=2 2 2 2 2 2 2 2 2 2 2 2 2 2 2 2 2 2 2 2 2 2
left_child=1 2 3 4 -1 17 7 8 10 -9 11 -3 -10 -12 15 16 -8 18 19 -2 21 -20
right_child=5 6 -4 -5 -6 -7 14 9 12 -11 13 -13 -14 -15 -16 -17 -18 -19 20 -21 -22 -23
leaf_value=-0.0022406016003080932 -0.0077304818265316461 0.010044366680626422 0.0073747972258431625 -0.031003151558987748 0.036725555568495223 0.00061513184123074792 0.0046095118466609472 0.0036615284342391822 0.00048920357668841329 0.079437397047622163 0.072274592835782928 -0.024180252267477508 -0.073209003936592507 0.019854800411569024 -0.03679885165046224 0.042025980696729991 -0.030036012681723553 0.010389897778075488 -0.01772641465344494 0.042752063442622466 -0.0078051631159008778 -0.079213025135231083
leaf_weight=5066 2838 2686 1500 217 114 3708 595 46 49 68 52 183 45 184 83 64 159 319 96 57 141 87
leaf_count=5066 2838 2686 1500 217 114 3708 595 46 49 68 52 183 45 184 83 64 159 319 96 57 141 87
internal_value=0.000194637 0.00247263 -0.000399577 -0.00256839 -0.00134508 -0.00329532 0.00717259 0.00987337 0.00834556 0.0504468 0.00976631 0.00781698 -0.0365306 0.0327374 -0.00273864 0.000898656 -0.00282306 -0.00739368 -0.00917483 -0.00665849 -0.0311627 -0.0483801
internal_weight=18357 11111 6897 5397 5180 7246 4214 3313 3199 114 3105 2869 94 236 901 818 754 3538 3219 2895 324 183
internal_count=18357 11111 6897 5397 5180 7246 4214 3313 3199 114 3105 2869 94 236 901 818 754 3538 3219 2895 324 183
is_linear=0
shrinkage=0.035


Tree=174
num_leaves=23
num_cat=0
split_feature=8 12 11 18 8 11 11 12 17 6 10 16 12 10 2 2 2 12 5 3 7 17
split_gain=139.13 134.02 147.89 74.7446 174.916 139.713 91.3938 82.9956 121.114 121.909 152.059 117.056 104.1 129.378 123.315 192.784 121.609 121.406 227.186 156.303 129.708 105.312
threshold=22.964285714285719 7.3687365237320117 7.3652734332985075 0.15587044534412958 19.321428571428573 10.185639503365582 9.71248741578599 6.5440610665624979 19.672574051149649 19.500000000000004 4.0000000000000044 20.74918588421858 7.3687365237320117 4.5039665058384211 25.500000000000004 20.500000000000004 17.500000000000004 7.9860576205095848 14.500000000000002 15.500000000000002 20.642857142857149 17.576683375436847
decision_type=2 2 2 2 2 2 2 2 2 2 2 2 2 2 2 2 2 2 2 2 2 2
left_child=3 2 -2 5 -5 6 7 8 11 10 -10 -1 14 16 15 -9 21 18 -15 -20 -19 -14
right_child=1 -3 -4 4 -6 -7 -8 12 9 -11 -12 -13 13 17 -16 -17 -18 20 19 -21 -22 -23
leaf_value=-0.0011287901415520537 0.056474462415155198 0.0051949430907331706 -0.00099835729540398953 0.0030064180968435231 0.061936172081364531 -0.039035305842207595 0.04534887775778771 -0.016613331259053347 0.082829642653645535 -0.0028250027416506784 0.016510946573872195 -0.053761153092178021 -0.039730165135115389 -0.02969674768443737 0.024693268796459573 -0.073709189547926837 -0.055087651773963291 0.0096003164550946922 0.096732688625343163 0.022439412044699899 -0.038274534849838046 0.026384979348577975
leaf_weight=12447 149 634 84 3155 58 117 46 357 57 175 148 47 45 58 56 88 87 199 51 105 100 67
leaf_count=12447 149 634 84 3155 58 117 46 357 57 175 148 47 45 58 56 88 87 199 51 105 100 67
internal_value=3.37567e-05 0.0136786 0.0360954 -0.000646402 0.00417022 -0.00173473 -0.00141101 -0.00158097 -0.000753021 0.0185795 0.0365672 -0.00134961 -0.0103148 -0.00165027 -0.0224559 -0.0286366 -0.0252689 0.00763342 0.0274633 0.0490861 -0.00671994 -0.00059222
internal_weight=18330 867 233 17463 3213 14250 14133 14087 12874 380 205 12494 1213 712 501 445 199 513 214 156 299 112
internal_count=18330 867 233 17463 3213 14250 14133 14087 12874 380 205 12494 1213 712 501 445 199 513 214 156 299 112
is_linear=0
shrinkage=0.035


end of trees

feature_importances:
day_of_month=359
roll_mean_28=304
is_holiday=296
is_weekend=265
ewm_28=245
promo_flag=238
roll_std_28=217
past_stockout_rate_28=126
zero_rate_28=123
month=123
lag_21=121
roll_std_14=117
lag_14=113
roll_std_7=113
roll_mean_7=109
shelf_life_days=100
lag_7=94
unit_cost_rp=91
lag_2=90
lag_28=89
roll_mean_14=89
margin_rp=89
lag_1=86
lag_3=81
ewm_7=81
zero_rate_14=37
zero_rate_7=24
unit_price_rp=14
promised_lead_time_days=14
is_perishable=2

parameters:
[boosting: gbdt]
[objective: regression]
[metric: l2]
[tree_learner: serial]
[device_type: cpu]
[data_sample_strategy: bagging]
[data: ]
[valid: ]
[num_iterations: 175]
[learning_rate: 0.035]
[num_leaves: 23]
[num_threads: 8]
[seed: 20260723]
[deterministic: 0]
[force_col_wise: 0]
[force_row_wise: 0]
[histogram_pool_size: -1]
[max_depth: -1]
[min_data_in_leaf: 45]
[min_sum_hessian_in_leaf: 0.001]
[bagging_fraction: 0.85]
[pos_bagging_fraction: 1]
[neg_bagging_fraction: 1]
[bagging_freq: 1]
[bagging_seed: 320]
[bagging_by_query: 0]
[feature_fraction: 0.85]
[feature_fraction_bynode: 1]
[feature_fraction_seed: 6711]
[extra_trees: 0]
[extra_seed: 20591]
[early_stopping_round: 0]
[early_stopping_min_delta: 0]
[first_metric_only: 0]
[max_delta_step: 0]
[lambda_l1: 0.5]
[lambda_l2: 5]
[linear_lambda: 0]
[min_gain_to_split: 0]
[drop_rate: 0.1]
[max_drop: 50]
[skip_drop: 0.5]
[xgboost_dart_mode: 0]
[uniform_drop: 0]
[drop_seed: 9722]
[top_rate: 0.2]
[other_rate: 0.1]
[min_data_per_group: 100]
[max_cat_threshold: 32]
[cat_l2: 10]
[cat_smooth: 10]
[max_cat_to_onehot: 4]
[top_k: 20]
[monotone_constraints: ]
[monotone_constraints_method: basic]
[monotone_penalty: 0]
[feature_contri: ]
[forcedsplits_filename: ]
[refit_decay_rate: 0.9]
[cegb_tradeoff: 1]
[cegb_penalty_split: 0]
[cegb_penalty_feature_lazy: ]
[cegb_penalty_feature_coupled: ]
[path_smooth: 0]
[interaction_constraints: ]
[verbosity: -1]
[saved_feature_importance_type: 0]
[use_quantized_grad: 0]
[num_grad_quant_bins: 4]
[quant_train_renew_leaf: 0]
[stochastic_rounding: 1]
[linear_tree: 0]
[max_bin: 255]
[max_bin_by_feature: ]
[min_data_in_bin: 3]
[bin_construct_sample_cnt: 200000]
[data_random_seed: 4442]
[is_enable_sparse: 1]
[enable_bundle: 1]
[use_missing: 1]
[zero_as_missing: 0]
[feature_pre_filter: 1]
[pre_partition: 0]
[two_round: 0]
[header: 0]
[label_column: ]
[weight_column: ]
[group_column: ]
[ignore_column: ]
[categorical_feature: ]
[forcedbins_filename: ]
[precise_float_parser: 0]
[parser_config_file: ]
[objective_seed: 5935]
[num_class: 1]
[is_unbalance: 0]
[scale_pos_weight: 1]
[sigmoid: 1]
[boost_from_average: 1]
[reg_sqrt: 0]
[alpha: 0.9]
[fair_c: 1]
[poisson_max_delta_step: 0.7]
[tweedie_variance_power: 1.5]
[lambdarank_truncation_level: 30]
[lambdarank_norm: 1]
[label_gain: ]
[lambdarank_position_bias_regularization: 0]
[eval_at: ]
[multi_error_top_k: 1]
[auc_mu_weights: ]
[num_machines: 1]
[local_listen_port: 12400]
[time_out: 120]
[machine_list_filename: ]
[machines: ]
[gpu_platform_id: -1]
[gpu_device_id: -1]
[gpu_device_id_list: ]
[gpu_use_dp: 0]
[num_gpu: 1]

end of parameters

pandas_categorical:[]
